season,team,position,depth_chart_position,jersey_number,status,full_name,first_name,last_name,birth_date,height,weight,college,gsis_id,espn_id,sportradar_id,yahoo_id,rotowire_id,pff_id,pfr_id,fantasy_data_id,sleeper_id,years_exp,headshot_url,esb_id,gsis_it_id,smart_id,entry_year,rookie_year,draft_club
1986,KC,OL,G,0,ACT,Mark Adickes,Mark,Adickes,1961-04-22,76,278,,00-0000083,,,,,,,,,,"https://static.www.nfl.com/image/private/f_auto,q_auto/league/w7ehw8m3v4otr7rniuyr",ADI553722,,32004144-4955-3722-7ced-c702c7ee51f3,,,
1986,DAL,DB,DB,36,ACT,Vince Albritton,Vince,Albritton,1962-07-23,74,205,,00-0000123,,,,,,,,,,"https://static.www.nfl.com/image/private/f_auto,q_auto/league/g6nr4dntwoqmiaxmzjpp",ALB761365,,3200414c-4276-1365-64b0-e529b164763c,,,
1986,NYG,SPEC,K,0,ACT,Raul Allegre,Raul,Allegre,1959-06-15,69,165,,00-0000179,,,,,,,,,,"https://static.www.nfl.com/image/private/f_auto,q_auto/league/tju3yges90ubourcleuo",ALL038630,,3200414c-4c03-8630-71a2-3875071b0f3e,,,
1986,RAI,RB,RB,0,ACT,Marcus Allen,Marcus,Allen,1960-03-26,74,205,,00-0000220,,,,,,,,,,"https://static.www.nfl.com/image/private/f_auto,q_auto/league/wy664ewj5sglsncnjakr",ALL598765,,3200414c-4c59-8765-9d33-196f8c26460c,,,
1986,KC,OL,OT,0,ACT,John Alt,John,Alt,1962-05-30,80,285,,00-0000252,,,,,,,,,,"https://static.www.nfl.com/image/private/f_auto,q_auto/league/qmumhvwglh2mfnbvv4ax",ALT276861,,3200414c-5427-6861-29b6-c67d96e9eb3d,,,
1986,NO,SPEC,K,0,ACT,Morten Andersen,Morten,Andersen,1960-08-19,74,190,,00-0000282,,,,,,,,,,"https://static.www.nfl.com/image/private/f_auto,q_auto/league/nk87h6cjuij14iofd5ix",AND020258,,3200414e-4402-0258-af5e-f904d4733d82,,,
1986,MIN,RB,RB,46,ACT,Alfred Anderson,Alfred,Anderson,1961-08-04,73,214,,00-0000284,,,,,,,,,,"https://static.www.nfl.com/image/private/f_auto,q_auto/league/hcvdjbauj5b86kyzcvgc",AND040516,,3200414e-4404-0516-98da-db32e7261c6c,,,
1986,SEA,DB,DB,0,ACT,Eddie Anderson,Eddie,Anderson,1963-07-22,73,191,,00-0000305,,,,,,,,,,"https://static.www.nfl.com/image/private/f_auto,q_auto/league/taowb92byxcvxqsp0jpp",AND212709,,3200414e-4421-2709-d3bc-36dfacabaa74,,,
1986,SD,RB,RB,0,ACT,Gary Anderson,Gary,Anderson,1961-04-18,72,180,,00-0000311,,,,,,,,,,"https://static.www.nfl.com/image/private/f_auto,q_auto/league/emszawiplqkjhy0rwgmi",AND278547,,3200414e-4427-8547-d9e6-92438f447234,,,
1986,PIT,SPEC,K,0,ACT,Gary Anderson,Gary,Anderson,1959-07-16,71,156,,00-0000313,,,,,,,,,,"https://static.www.nfl.com/image/private/f_auto,q_auto/league/fofzz3dwrg1vr2drmoak",AND273108,,3200414e-4427-3108-1809-a396fee76085,,,
1986,CHI,RB,RB,0,ACT,Neal Anderson,Charles,Anderson,1964-08-14,71,210,,00-0000334,,,,,,,,,,"https://static.www.nfl.com/image/private/f_auto,q_auto/league/mhldnge8bkykicj40ypz",AND131677,,3200414e-4413-1677-c41d-af0ba0435f08,,,
1986,NYG,RB,RB,0,ACT,Ottis Anderson,Ottis,Anderson,1957-01-19,74,220,,00-0000335,,,,,,,,,,"https://static.www.nfl.com/image/private/f_auto,q_auto/league/pwluez9civsa4xcuqskm",AND395031,,3200414e-4439-5031-7953-cd25409c072e,,,
1986,STL,RB,RB,0,TRT,Ottis Anderson,Ottis,Anderson,1957-01-19,74,220,,00-0000335,,,,,,,,,,"https://static.www.nfl.com/image/private/f_auto,q_auto/league/pwluez9civsa4xcuqskm",AND395031,,3200414e-4439-5031-7953-cd25409c072e,,,
1986,ATL,QB,QB,0,ACT,David Archer,David,Archer,1962-02-15,74,200,,00-0000406,,,,,,,,,,"https://static.www.nfl.com/image/private/f_auto,q_auto/league/evvc9571w3sqipjkkxl0",ARC415290,,32004152-4341-5290-36ca-56ca45fb9f75,,,
1986,NYG,OL,G,67,ACT,Billy Ard,William,Ard,1959-03-12,75,250,,00-0000410,,,,,,,,,,"https://static.www.nfl.com/image/private/f_auto,q_auto/league/xaqniielzq1gcdxpcwzh",ARD276861,,32004152-4427-6861-ec83-f084792fea69,,,
1986,DET,SPEC,P,0,ACT,Jim Arnold,James,Arnold,1961-01-31,74,216,,00-0000447,,,,,,,,,,"https://static.www.nfl.com/image/private/f_auto,q_auto/league/x9o6ovudmtr8yioupxgv",ARN484505,,32004152-4e48-4505-f303-b808632ddd52,,,
1986,CLE,OL,C,0,ACT,Mike Baab,Michael,Baab,1959-12-06,76,270,,00-0000561,,,,,,,,,,"https://static.www.nfl.com/image/private/f_auto,q_auto/league/vkbjwpponyvajqinzxyr",BAA276861,,32004241-4127-6861-91a0-37071a842bac,,,
1986,CLE,SPEC,K,0,ACT,Matt Bahr,Matthew,Bahr,1956-07-06,70,165,,00-0000581,,,,,,,,,,"https://static.www.nfl.com/image/private/f_auto,q_auto/league/pukxu8ic9up4to0zdbtv",BAH692150,,32004241-4869-2150-32d7-0e550f8925dc,,,
1986,SEA,OL,G,0,ACT,Edwin Bailey,Edwin,Bailey,1959-05-15,76,265,,00-0000591,,,,,,,,,,"https://static.www.nfl.com/image/private/f_auto,q_auto/league/hepj17eqasihwxvsm2xo",BAI242249,,32004241-4924-2249-5570-c09135d26002,,,
1986,DAL,OL,G,62,ACT,Brian Baldinger,Brian,Baldinger,1960-01-07,76,255,,00-0000653,,,,,,,,,,"https://static.www.nfl.com/image/private/f_auto,q_auto/league/kzoj9v8hbfxpaiplffem",BAL123048,,32004241-4c12-3048-1d7a-3f26650566c7,,,
1986,KC,DL,DE,0,ACT,Gary Baldinger,Gary,Baldinger,1963-10-04,75,260,,00-0000654,,,,,,,,,,"https://static.www.nfl.com/image/private/f_auto,q_auto/league/yvuqvargdzzei0ureczm",BAL153810,,32004241-4c15-3810-650a-42964515399d,,,
1986,KC,OL,OT,0,ACT,Rich Baldinger,Richard,Baldinger,1959-12-31,76,285,,00-0000655,,,,,,,,,,"https://static.www.nfl.com/image/private/f_auto,q_auto/league/kjm87eydnrxfsitux5kl",BAL184572,,32004241-4c18-4572-b68e-e3ff04cf74f2,,,
1986,NYG,LB,OLB,58,ACT,Carl Banks,Carl,Banks,1962-08-29,76,232,,00-0000698,,,,,,,,,,"https://static.www.nfl.com/image/private/f_auto,q_auto/league/ej5o44tmydrv1ncbenuc",BAN415290,,32004241-4e41-5290-cf4a-bdc9e8db12fa,,,
1986,CLE,LB,OLB,0,ACT,Chip Banks,William,Banks,1959-09-18,76,233,,00-0000699,,,,,,,,,,"https://static.www.nfl.com/image/private/f_auto,q_auto/league/q9u9hmkmgffyfr7plx5c",BAN656214,,32004241-4e65-6214-f5ff-f63cb322a6a8,,,
1986,CIN,LB,LB,0,ACT,Leo Barker,Leonardo,Barker,1959-11-07,74,221,,00-0000756,,,,,,,,,,"https://static.www.nfl.com/image/private/f_auto,q_auto/league/suaeogykesifnd1ww0ya",BAR177960,,32004241-5217-7960-e8d0-f46655335c4a,,,
1986,DAL,DB,DB,40,ACT,Bill Bates,William,Bates,1961-06-06,73,199,,00-0000868,,,,,,,,,,"https://static.www.nfl.com/image/private/f_auto,q_auto/league/ndyfdkwheeqpurjhinx1",BAT207644,,32004241-5420-7644-fe72-844f3f885736,,,
1986,NE,TE,TE,0,ACT,Greg Baty,Gregory,Baty,1964-08-28,77,241,,00-0000893,,,,,,,,,,"https://static.www.nfl.com/image/private/f_auto,q_auto/league/wk7j3hpjkh9x0ybtxrac",BAT778665,,32004241-5477-8665-766d-f0292fd0472c,,,
1986,NYG,TE,TE,89,ACT,Mark Bavaro,Mark,Bavaro,1963-04-28,76,245,,00-0000907,,,,,,,,,,"https://static.www.nfl.com/image/private/f_auto,q_auto/league/hqggmwh4wshvxe1ozkmm",BAV553722,,32004241-5655-3722-eba0-b4b591bbff8c,,,
1986,BUF,DB,S,0,ACT,Martin Bayless,Martin,Bayless,1962-10-11,74,195,,00-0000915,,,,,,,,,,"https://static.www.nfl.com/image/private/f_auto,q_auto/league/j1btpnt1rq0p05whbfsr",BAY083058,,32004241-5908-3058-40a1-45dad3333982,,,
1986,IND,TE,TE,0,ACT,Pat Beach,Patrick,Beach,1959-12-28,76,243,,00-0000925,,,,,,,,,,"https://static.www.nfl.com/image/private/f_auto,q_auto/league/bjo4n1vhfcha2oitpso9",BEA055372,,32004245-4105-5372-bf97-d56cec00dd00,,,
1986,STL,LB,LB,0,ACT,Anthony Bell,Anthony,Bell,1964-07-02,75,231,,00-0001016,,,,,,,,,,"https://static.www.nfl.com/image/private/f_auto,q_auto/league/bu6taxp1zcyyjyp8991j",BEL195420,,32004245-4c19-5420-cb28-67af85f11913,,,
1986,IND,RB,RB,0,ACT,Albert Bentley,Albert,Bentley,1960-08-15,71,207,,00-0001135,,,,,,,,,,"https://static.www.nfl.com/image/private/f_auto,q_auto/league/k0plny2kjljydum221md",BEN685212,,32004245-4e68-5212-c756-d536c543373f,,,
1986,BUF,LB,ILB,0,ACT,Ray Bentley,Ray,Bentley,1960-11-25,74,230,,00-0001137,,,,,,,,,,"https://static.www.nfl.com/image/private/f_auto,q_auto/league/oanuxgab6moydulpuhhq",BEN705976,,32004245-4e70-5976-f4b2-a586d0d02bff,,,
1986,IND,SPEC,K,0,ACT,Dean Biasucci,Dean,Biasucci,1962-07-25,72,188,,00-0001229,,,,,,,,,,"https://static.www.nfl.com/image/private/f_auto,q_auto/league/rt2r54lzvt8e9yxag8tu",BIA622935,,32004249-4162-2935-eece-70c9873185cd,,,
1986,IND,LB,OLB,0,ACT,Duane Bickett,Duane,Bickett,1962-12-01,77,232,,00-0001230,,,,,,,,,,"https://static.www.nfl.com/image/private/f_auto,q_auto/league/llvvldbixu52liueesfp",BIC415291,,32004249-4341-5291-fb3f-bf808d83f4b7,,,
1986,CIN,DB,DB,0,ACT,Lewis Billups,Lewis,Billups,1963-10-10,71,190,,00-0001246,,,,,,,,,,"https://static.www.nfl.com/image/private/f_auto,q_auto/league/gzartn7zsddqjflqnmm0",BIL711924,,32004249-4c71-1924-1d00-38393de74c87,,,
1986,NYJ,OL,C,0,ACT,Guy Bingham,Guy,Bingham,1958-02-25,75,255,,00-0001251,,,,,,,,,,"https://static.www.nfl.com/image/private/f_auto,q_auto/league/wfhh0jbzlxy0qtu8akzr",BIN622932,,32004249-4e62-2932-ac57-5aafc8d56e95,,,
1986,CIN,OL,OT,0,ACT,Brian Blados,Brian,Blados,1962-01-11,77,308,,00-0001323,,,,,,,,,,"https://static.www.nfl.com/image/private/f_auto,q_auto/league/fpsykcqitbaagzzixomb",BLA432575,,3200424c-4143-2575-aed7-dd1eda9186a3,,,
1986,MIN,QB,QB,0,ACT,Steve Bono,Steven,Bono,1962-05-11,76,211,,00-0001471,,,,,,,,,,"https://static.www.nfl.com/image/private/f_auto,q_auto/league/krkjgs7ldvznzpqytyc6",BON702801,,3200424f-4e70-2801-37bd-bc0ce0fa7dec,,,
1986,CHI,OL,G,0,ACT,Mark Bortz,Mark,Bortz,1961-02-12,78,267,,00-0001516,,,,,,,,,,"https://static.www.nfl.com/image/private/f_auto,q_auto/league/fmuizhkksinhpngmcvhj",BOR719836,,3200424f-5271-9836-4ddd-10b459ae724c,,,
1986,STL,TE,TE,0,ACT,Cap Boso,Casper,Boso,1962-09-10,76,224,,00-0001522,,,,,,,,,,"https://static.www.nfl.com/image/private/f_auto,q_auto/league/sbl5q8rudhwmoxbnme7z",BOS341999,,3200424f-5334-1999-3ffa-a2c90513fe5a,,,
1986,WAS,OL,C,0,ACT,Jeff Bostic,Jeff,Bostic,1958-09-18,74,245,,00-0001527,,,,,,,,,,"https://static.www.nfl.com/image/private/f_auto,q_auto/league/qg5trgem5okfnvemcuiu",BOS439713,,3200424f-5343-9713-3a75-34585072c2bf,,,
1986,WAS,DB,DB,0,ACT,Todd Bowles,Todd,Bowles,1963-11-18,74,203,,00-0001576,,,,,,,,,,"https://static.www.nfl.com/image/private/f_auto,q_auto/league/gphdfguinobizo6tvftr",BOW373761,,3200424f-5737-3761-bd34-cc84ae46ebee,,,
1986,IND,TE,TE,0,ACT,Mark Boyer,Mark,Boyer,1962-09-16,76,233,,00-0001612,,,,,,,,,,"https://static.www.nfl.com/image/private/f_auto,q_auto/league/xfkxxmojob6rqgwvklyz",BOY479175,,3200424f-5947-9175-be0d-36546915a334,,,
1986,CIN,LB,LB,0,ACT,Ed Brady,Edward,Brady,1962-06-17,74,228,,00-0001657,,,,,,,,,,"https://static.www.nfl.com/image/private/f_auto,q_auto/league/hbfzpnyv75clj09m88ff",BRA332224,,32004252-4133-2224-a41d-4e1d21b79877,,,
1986,CIN,SPEC,K,0,ACT,Jim Breech,James,Breech,1956-04-11,66,161,,00-0001720,,,,,,,,,,"https://static.www.nfl.com/image/private/f_auto,q_auto/league/k26e5izxjzhmdmi7obsh",BRE109285,,32004252-4510-9285-81fa-9ab96d65cd8e,,,
1986,CLE,WR,WR,0,ACT,Brian Brennan,Brian,Brennan,1962-02-15,69,178,,00-0001727,,,,,,,,,,"https://static.www.nfl.com/image/private/f_auto,q_auto/league/cswhjukxpkwsgnaaztrn",BRE305998,,32004252-4530-5998-8115-d3c81a326b97,,,
1986,NO,TE,TE,0,ACT,Hoby Brenner,Hoby,Brenner,1959-06-02,76,240,,00-0001732,,,,,,,,,,"https://static.www.nfl.com/image/private/f_auto,q_auto/league/al5yibs8cwjsohaetspw",BRE480854,,32004252-4548-0854-5051-62641258fc0c,,,
1986,PIT,QB,QB,0,ACT,Bubby Brister,Walter,Brister,1962-08-15,75,184,,00-0001785,,,,,,,,,,"https://static.www.nfl.com/image/private/f_auto,q_auto/league/lzu8o971sntflaerjakm",BRI521505,,32004252-4952-1505-9c45-3cbdc53f1154,,,
1986,NO,OL,OT,0,ACT,Stan Brock,Stanley,Brock,1958-06-08,78,285,,00-0001803,,,,,,,,,,"https://static.www.nfl.com/image/private/f_auto,q_auto/league/mjoacc0ltpkygck4vuts",BRO051612,,32004252-4f05-1612-323f-add3ebee96c3,,,
1986,IND,WR,WR,0,ACT,Bill Brooks,William,Brooks,1964-04-06,72,187,,00-0001826,,,,,,,,,,"https://static.www.nfl.com/image/private/f_auto,q_auto/league/ukecrbmiopviabjt2rqz",BRO178296,,32004252-4f17-8296-e9bf-08a22ec81727,,,
1986,CIN,RB,RB,0,ACT,James Brooks,James,Brooks,1958-12-28,70,177,,00-0001837,,,,,,,,,,"https://static.www.nfl.com/image/private/f_auto,q_auto/league/dilcjdwlx0vwiky758zf",BRO126684,,32004252-4f12-6684-e723-cb7bce7b324b,,,
1986,IND,DL,NT,0,ACT,Willie Broughton,Willie,Broughton,1964-09-09,77,245,,00-0001865,,,,,,,,,,"https://static.www.nfl.com/image/private/f_auto,q_auto/league/ptysndt5y8jgzp6y0d5y",BRO215832,,32004252-4f21-5832-1099-492bdace5311,,,
1986,CIN,WR,WR,0,ACT,Eddie Brown,Eddie,Brown,1962-12-18,72,185,,00-0001923,,,,,,,,,,"https://static.www.nfl.com/image/private/f_auto,q_auto/league/fhjtz0eze4ptsyzoih8d",BRO412896,,32004252-4f41-2896-225c-3ce864ad6f3b,,,
1986,DET,OL,OT,0,ACT,Lomas Brown,Lomas,Brown,1963-03-30,76,282,,00-0001990,,,,,,,,,,"https://static.www.nfl.com/image/private/f_auto,q_auto/league/ogeu3kkjwnpbqrhjg7bw",BRO548964,,32004252-4f54-8964-90de-014b8453cf6e,,,
1986,MIA,LB,OLB,51,ACT,Mark Brown,Mark,Brown,1961-07-18,74,226,,00-0001994,,,,,,,,,,"https://static.www.nfl.com/image/private/f_auto,q_auto/league/z30jugkufjbigdd3zqpo",BRO558348,,32004252-4f55-8348-d3df-6b0620316e9d,,,
1986,STL,OL,G,0,ACT,Ray Brown,Leonard,Brown,1962-12-12,77,257,,00-0002020,,,,,,,,,,"https://static.www.nfl.com/image/private/f_auto,q_auto/league/xdwhokzijbzg4qjhj9jp",BRO547288,,32004252-4f54-7288-9772-605cbfa0da34,,,
1986,GB,DL,DE,0,ACT,Robert Brown,Robert,Brown,1960-05-21,74,238,,00-0002032,,,,,,,,,,"https://static.www.nfl.com/image/private/f_auto,q_auto/league/bgk204bwximpryjf2zzi",BRO633420,,32004252-4f63-3420-4e85-ad0a0d93b2d8,,,
1986,MIN,DB,DB,0,ACT,Joey Browner,Joey,Browner,1960-05-15,74,202,,00-0002084,,,,,,,,,,"https://static.www.nfl.com/image/private/f_auto,q_auto/league/nswcxujuocym5nvop4qe",BRO792948,,32004252-4f79-2948-3c27-f15f2646bc97,,,
1986,ATL,DL,DT,0,ACT,Rick Bryan,Rick,Bryan,1962-03-20,76,260,,00-0002129,,,,,,,,,,"https://static.www.nfl.com/image/private/f_auto,q_auto/league/kjcvnxxkbjynlmsul9ai",BRY075506,,32004252-5907-5506-4b10-3283f2d91e8c,,,
1986,SEA,DL,DE,0,ACT,Jeff Bryant,Jeffrey,Bryant,1960-05-22,77,270,,00-0002140,,,,,,,,,,"https://static.www.nfl.com/image/private/f_auto,q_auto/league/k18scbkux9l24peloi04",BRY453036,,32004252-5945-3036-ff3c-140cb98a0124,,,
1986,CHI,SPEC,P,0,ACT,Maury Buford,Maury,Buford,1960-02-18,73,191,,00-0002196,,,,,,,,,,"https://static.www.nfl.com/image/private/f_auto,q_auto/league/nrdaun8l5sjys5dqvdgo",BUF711924,,32004255-4671-1924-7e78-f97f6c2682ad,,,
1986,BUF,WR,WR,0,ACT,Chris Burkett,Christopher,Burkett,1962-08-21,76,202,,00-0002258,,,,,,,,,,"https://static.www.nfl.com/image/private/f_auto,q_auto/league/lw9pu8shduge0g6z8zde",BUR247175,,32004255-5224-7175-7d76-37dfff32fcb1,,,
1986,KC,DB,DB,0,ACT,Lloyd Burruss,Lloyd,Burruss,1957-10-31,72,200,,00-0002344,,,,,,,,,,"https://static.www.nfl.com/image/private/f_auto,q_auto/league/lb83flufl5p79n8wy9ss",BUR692090,,32004255-5269-2090-dcfe-85f69285d859,,,
1986,NYG,DL,NT,64,ACT,Jim Burt,James,Burt,1959-06-07,73,255,,00-0002348,,,,,,,,,,"https://static.www.nfl.com/image/private/f_auto,q_auto/league/r07jruq0bvntofk8dlqt",BUR731638,,32004255-5273-1638-3873-c2b023fb8fec,,,
1986,BUF,OL,C,0,ACT,Leonard Burton,Leonard,Burton,1964-06-18,75,252,,00-0002359,,,,,,,,,,"https://static.www.nfl.com/image/private/f_auto,q_auto/league/vwvgp8uyb1q6asxoutol",BUR781073,,32004255-5278-1073-ee8e-d8e14552558a,,,
1986,SEA,OL,C,0,ACT,Blair Bush,Blair,Bush,1956-11-25,75,252,,00-0002371,,,,,,,,,,"https://static.www.nfl.com/image/private/f_auto,q_auto/league/rlzuovayivyvxakwny4o",BUS195428,,32004255-5319-5428-5178-f53ab41dbd19,,,
1986,CIN,DB,DB,0,ACT,Barney Bussey,Barney,Bussey,1962-05-20,72,195,,00-0002386,,,,,,,,,,"https://static.www.nfl.com/image/private/f_auto,q_auto/league/c2uwtpqnaqjn0tge1ab0",BUS683998,,32004255-5368-3998-d125-a53a2b96fbbc,,,
1986,DET,LB,LB,0,ACT,Paul Butcher,Paul,Butcher,1963-11-08,72,219,,00-0002394,,,,,,,,,,"https://static.www.nfl.com/image/private/f_auto,q_auto/league/yv4w2pdp8igxt1pk86vk",BUT025955,,32004255-5402-5955-c0e3-e0dcc44266d9,,,
1986,ATL,DB,DB,0,ACT,Bobby Butler,Robert,Butler,1959-05-28,71,170,,00-0002401,,,,,,,,,,"https://static.www.nfl.com/image/private/f_auto,q_auto/league/joq8gkc6hcubcsylx4im",BUT571010,,32004255-5457-1010-209c-ca407f4c6857,,,
1986,CHI,SPEC,K,0,ACT,Kevin Butler,Kevin,Butler,1962-07-24,72,204,,00-0002422,,,,,,,,,,"https://static.www.nfl.com/image/private/f_auto,q_auto/league/d9plpnlmfydnx2sxbdu8",BUT441235,,32004255-5444-1235-8cbe-dfa5183fdd99,,,
1986,PHI,RB,RB,0,ACT,Keith Byars,Keith,Byars,1963-10-14,73,230,,00-0002451,,,,,,,,,,"https://static.www.nfl.com/image/private/f_auto,q_auto/league/c8a1esk5k8h2ydb1uerp",BYA276861,,32004259-4127-6861-70b0-d5384d2d21b5,,,
1986,CLE,RB,RB,0,ACT,Earnest Byner,Earnest,Byner,1962-09-15,70,215,,00-0002458,,,,,,,,,,"https://static.www.nfl.com/image/private/f_auto,q_auto/league/yb7xgclmqv5l26cqogzg",BYN276861,,32004259-4e27-6861-4144-5ce935c1e51f,,,
1986,SD,DB,DB,0,ACT,Gill Byrd,Gill,Byrd,1961-02-20,71,195,,00-0002468,,,,,,,,,,"https://static.www.nfl.com/image/private/f_auto,q_auto/league/eekkcasfzfnoiv37pvw6",BYR415290,,32004259-5241-5290-3559-a305e3b4d269,,,
1986,IND,OL,OT,0,ACT,Kevin Call,Kevin,Call,1961-11-13,79,289,,00-0002536,,,,,,,,,,"https://static.www.nfl.com/image/private/f_auto,q_auto/league/knsvg1hjgjhkb97hh24v",CAL498348,,32004341-4c49-8348-59f1-f7efdd30a5c8,,,
1986,NE,SPEC,P,0,ACT,Rich Camarillo,Richard,Camarillo,1959-11-29,71,191,,00-0002549,,,,,,,,,,"https://static.www.nfl.com/image/private/f_auto,q_auto/league/xm3xnm9ggd9ilbmlwf8z",CAM019315,,32004341-4d01-9315-4b88-05478b17315d,,,
1986,GB,OL,C,0,ACT,Mark Cannon,Mark,Cannon,1962-06-14,75,258,,00-0002607,,,,,,,,,,"https://static.www.nfl.com/image/private/f_auto,q_auto/league/wjytbdc6yo8ma0o4xb4u",CAN646002,,32004341-4e64-6002-b183-aa3adca6b917,,,
1986,GB,DL,DE,0,ACT,Alphonso Carreker,Alphonso,Carreker,1962-05-25,78,260,,00-0002684,,,,,,,,,,"https://static.www.nfl.com/image/private/f_auto,q_auto/league/rlrwyz3zwrdmfgx4x6ha",CAR448188,,32004341-5244-8188-95cb-c692ce6c956e,,,
1986,MIN,WR,WR,0,ACT,Anthony Carter,Anthony,Carter,1960-09-17,71,162,,00-0002712,,,,,,,,,,"https://static.www.nfl.com/image/private/f_auto,q_auto/league/i29qbx0wpfyv6szk04nv",CAR612963,,32004341-5261-2963-7e3e-5ed86fc0e44a,,,
1986,STL,DB,DB,0,ACT,Carl Carter,Carl,Carter,1964-03-07,71,180,,00-0002718,,,,,,,,,,"https://static.www.nfl.com/image/private/f_auto,q_auto/league/grqt2mmcopdh6u1sd12q",CAR626145,,32004341-5262-6145-9d1d-b3a8d25d093a,,,
1986,NYG,RB,RB,44,ACT,Maurice Carthon,Maurice,Carthon,1961-04-24,73,225,,00-0002772,,,,,,,,,,"https://static.www.nfl.com/image/private/f_auto,q_auto/league/etsohfirab6nhwde5egv",CAR797511,,32004341-5279-7511-2cfe-8313b9625fb4,,,
1986,ATL,DB,DB,0,ACT,Scott Case,Jeffrey,Case,1962-05-17,73,178,,00-0002786,,,,,,,,,,"https://static.www.nfl.com/image/private/f_auto,q_auto/league/pwwkffu7vpeklkrtz0i3",CAS100676,,32004341-5310-0676-66af-92677454fdd0,,,
1986,ATL,DL,NT,0,ACT,Tony Casillas,Tony,Casillas,1963-10-26,75,280,,00-0002794,,,,,,,,,,"https://static.www.nfl.com/image/private/f_auto,q_auto/league/jwubkzf9506bsqgfygx7",CAS327197,,32004341-5332-7197-c2de-3df0db74bdd8,,,
1986,PHI,QB,QB,0,ACT,Matt Cavanaugh,Matthew,Cavanaugh,1956-10-27,74,212,,00-0002828,,,,,,,,,,"https://static.www.nfl.com/image/private/f_auto,q_auto/league/bl3tbkdqwye0kvjp7dwm",CAV237308,,32004341-5623-7308-8f31-6a55dccc6d20,,,
1986,DET,WR,WR,0,ACT,Jeff Chadwick,Jeffrey,Chadwick,1960-12-16,75,190,,00-0002856,,,,,,,,,,"https://static.www.nfl.com/image/private/f_auto,q_auto/league/ie0xdcrsm2lmoczh0bwy",CHA020258,,32004348-4102-0258-17cd-86640863e909,,,
1986,KC,DB,DB,0,ACT,Deron Cherry,Deron,Cherry,1959-09-12,71,185,,00-0002927,,,,,,,,,,"https://static.www.nfl.com/image/private/f_auto,q_auto/league/bdil0rprnmeawgnybzkp",CHE326293,,32004348-4532-6293-b1fa-ec3930412e10,,,
1986,HOU,DL,DE,0,ACT,Ray Childress,Raymond,Childress,1962-10-20,78,267,,00-0002947,,,,,,,,,,"https://static.www.nfl.com/image/private/f_auto,q_auto/league/ji7ln4en83id86vjl4ho",CHI387604,,32004348-4938-7604-5789-6b9bef397e4a,,,
1986,STL,OL,C,0,ACT,Gene Chilton,Gene,Chilton,1964-03-27,75,271,,00-0002952,,,,,,,,,,"https://static.www.nfl.com/image/private/f_auto,q_auto/league/hwvsvrggb4uk8j0ekd6h",CHI609092,,32004348-4960-9092-9444-fe961a2ad731,,,
1986,CLE,DL,DE,0,ACT,Sam Clancy,Samuel,Clancy,1958-05-29,79,250,,00-0003010,,,,,,,,,,"https://static.www.nfl.com/image/private/f_auto,q_auto/league/jdvoxua6m2vfd2zc2a76",CLA077256,,3200434c-4107-7256-68a5-15873c171174,,,
1986,WAS,WR,WR,0,ACT,Gary Clark,Gary,Clark,1962-05-01,69,173,,00-0003038,,,,,,,,,,"https://static.www.nfl.com/image/private/f_auto,q_auto/league/xrwtecojststjlvqazke",CLA309024,,3200434c-4130-9024-416f-66137e2275a2,,,
1986,PHI,DL,DT,0,ACT,Ken Clarke,Kenneth,Clarke,1956-08-28,74,255,,00-0003079,,,,,,,,,,"https://static.www.nfl.com/image/private/f_auto,q_auto/league/nfijye5dqqknvvee2mty",CLA637362,,3200434c-4163-7362-ff09-200ea80be5cd,,,
1986,NE,DB,DB,0,ACT,Raymond Clayborn,Raymond,Clayborn,1955-01-02,72,186,,00-0003094,,,,,,,,,,"https://static.www.nfl.com/image/private/f_auto,q_auto/league/ofbl6y9im1gojwmtoptv",CLA772560,,3200434c-4177-2560-2161-063befb14937,,,
1986,MIA,WR,WR,83,ACT,Mark Clayton,Mark,Clayton,1961-04-08,69,172,,00-0003097,,,,,,,,,,"https://static.www.nfl.com/image/private/f_auto,q_auto/league/nddirf764pyqjmwq1iaz",CLA801531,,3200434c-4180-1531-c93e-7df590d86b9b,,,
1986,NYJ,LB,LB,0,ACT,Kyle Clifton,Ronald,Clifton,1962-08-23,76,230,,00-0003125,,,,,,,,,,"https://static.www.nfl.com/image/private/f_auto,q_auto/league/sdyx7iqra6kdny91fv2r",CLI083058,,3200434c-4908-3058-22c8-e34d0a7bd3b9,,,
1986,DET,LB,OLB,0,ACT,Mike Cofer,Michael,Cofer,1960-04-07,77,245,,00-0003178,,,,,,,,,,"https://static.www.nfl.com/image/private/f_auto,q_auto/league/rmpximr1o3z5ibnpm3na",COF255564,,3200434f-4625-5564-1302-6fd28938cde7,,,
1986,WAS,LB,LB,0,ACT,Monte Coleman,Monte,Coleman,1957-11-04,74,235,,00-0003233,,,,,,,,,,"https://static.www.nfl.com/image/private/f_auto,q_auto/league/fo8jzoctj0ur1ed7mtm8",COL307620,,3200434f-4c30-7620-1484-e6d1db6e52dc,,,
1986,SF,OL,OT,69,ACT,Bruce Collie,Bruce,Collie,1962-06-27,78,275,,00-0003252,,,,,,,,,,"https://static.www.nfl.com/image/private/f_auto,q_auto/league/s27air7wck8bxxcrxwe4",COL399906,,3200434f-4c39-9906-d549-70266bc46a71,,,
1986,NYG,DB,DB,25,ACT,Mark Collins,Mark,Collins,1964-01-16,70,190,,00-0003301,,,,,,,,,,"https://static.www.nfl.com/image/private/f_auto,q_auto/league/vm88y022lz13osbj4hnm",COL646002,,3200434f-4c64-6002-79f6-3a32da8f7db4,,,
1986,DEN,LB,LB,0,ACT,Darren Comeaux,Darren,Comeaux,1960-04-15,73,227,,00-0003343,,,,,,,,,,"https://static.www.nfl.com/image/private/f_auto,q_auto/league/qf8fkbtp5s8n1eenbgfw",COM237308,,3200434f-4d23-7308-b785-068e26898b73,,,
1986,IND,LB,OLB,0,ACT,Johnie Cooks,Johnie,Cooks,1958-11-23,76,243,,00-0003431,,,,,,,,,,"https://static.www.nfl.com/image/private/f_auto,q_auto/league/pwc9fuqm8a83sszq7rs9",COO309040,,3200434f-4f30-9040-8986-6b57e7f6c603,,,
1986,KC,LB,OLB,0,ACT,Louis Cooper,Alexander,Cooper,1963-08-05,74,235,,00-0003457,,,,,,,,,,"https://static.www.nfl.com/image/private/f_auto,q_auto/league/hr2oayzvrlobssc7lpuv",COO482875,,3200434f-4f48-2875-1f99-1c314fa61afa,,,
1986,CHI,OL,OT,0,ACT,Jim Covert,James,Covert,1960-03-22,76,271,,00-0003550,,,,,,,,,,"https://static.www.nfl.com/image/private/f_auto,q_auto/league/fy0ilymeyfasvdmxara0",COV276861,,3200434f-5627-6861-d474-d6282925d2bb,,,
1986,ATL,TE,TE,0,ACT,Arthur Cox,Arthur,Cox,1961-02-05,75,245,,00-0003571,,,,,,,,,,"https://static.www.nfl.com/image/private/f_auto,q_auto/league/wzkblifc6jtifa5eghkq",COX138430,,3200434f-5813-8430-d512-7935d2a12354,,,
1986,SF,RB,RB,33,ACT,Roger Craig,Roger,Craig,1960-07-10,72,222,,00-0003602,,,,,,,,,,"https://static.www.nfl.com/image/private/f_auto,q_auto/league/ewrcp7dcq0xaoaecjsqk",CRA303870,,32004352-4130-3870-e9b3-99b623a9e8bd,,,
1986,PHI,QB,QB,0,ACT,Randall Cunningham,Randall,Cunningham,1963-03-27,76,195,,00-0003761,,,,,,,,,,"https://static.www.nfl.com/image/private/f_auto,q_auto/league/gwa0zs48uxqe3xto4ofx",CUN664464,,32004355-4e66-4464-bcec-7070eac124f6,,,
1986,SD,OL,C,0,ACT,Ken Dallafior,Kenneth,Dallafior,1959-08-26,76,269,,00-0003834,,,,,,,,,,"https://static.www.nfl.com/image/private/f_auto,q_auto/league/jecowalizoagkaqzluvm",DAL346075,,32004441-4c34-6075-2615-2e7b52a559c8,,,
1986,IND,DB,DB,0,ACT,Eugene Daniel,Eugene,Daniel,1961-05-04,71,181,,00-0003855,,,,,,,,,,"https://static.www.nfl.com/image/private/f_auto,q_auto/league/rt4r7jp7123nfbtsjym8",DAN249174,,32004441-4e24-9174-b49d-e611e69842bd,,,
1986,GB,RB,RB,0,ACT,Kenneth Davis,Kenneth,Davis,1962-04-16,70,209,,00-0004009,,,,,,,,,,"https://static.www.nfl.com/image/private/f_auto,q_auto/league/ga3qrnxzjex6jfhfpnvf",DAV508776,,32004441-5650-8776-3c73-e5ec0b0a48ae,,,
1986,STL,OL,G,0,ACT,Doug Dawson,Douglas,Dawson,1961-12-27,75,267,,00-0004086,,,,,,,,,,"https://static.www.nfl.com/image/private/f_auto,q_auto/league/acypo1jsuepdl4viva6f",DAW467199,,32004441-5746-7199-ddf5-3c0885684bc7,,,
1986,TB,QB,QB,17,ACT,Steve DeBerg,Steven,DeBerg,1954-01-19,75,205,,00-0004116,,,,,,,,,,"https://static.www.nfl.com/image/private/f_auto,q_auto/league/v07li1l2otq0hlqdeymd",DEB207645,,32004445-4220-7645-fc89-f371e46a2eb0,,,
1986,GB,SPEC,K,0,ACT,Al Del Greco,Albert,Del Greco,1962-03-02,70,190,,00-0004147,,,,,,,,,,"https://static.www.nfl.com/image/private/f_auto,q_auto/league/u7rxuqu2qo0yc6i0syyo",DEL351395,,32004445-4c35-1395-c429-b9182e7e7bf5,,,
1986,MIA,OL,OT,0,ACT,Jeff Dellenbach,Jeffrey,Dellenbach,1963-02-14,78,280,,00-0004168,,,,,,,,,,"https://static.www.nfl.com/image/private/f_auto,q_auto/league/vyxcc2ivinhnoiwsqxu6",DEL447230,,32004445-4c44-7230-291e-928740b57fb4,,,
1986,NO,LB,LB,0,ACT,Jack Del Rio,Jack,Del Rio,1963-04-04,76,235,,00-0004176,,,,,,,,,,"https://static.www.nfl.com/image/private/f_auto,q_auto/league/e1tfza2dzzmpf7k5lalh",DEL702790,,32004445-4c70-2790-8407-2a94a5618117,,,
1986,GB,LB,LB,0,ACT,Burnell Dent,Burnell,Dent,1963-03-16,73,236,,00-0004203,,,,,,,,,,"https://static.www.nfl.com/image/private/f_auto,q_auto/league/xxehhcb1y4tvxbdxg6qw",DEN670845,,32004445-4e67-0845-84a3-420ebda800bb,,,
1986,CHI,DL,DE,0,ACT,Richard Dent,Richard,Dent,1960-12-13,77,240,,00-0004205,,,,,,,,,,"https://static.www.nfl.com/image/private/f_auto,q_auto/league/jfxk36oifu0wmpdxmxaw",DEN702790,,32004445-4e70-2790-b3e8-2fa66ae41f10,,,
1986,DAL,LB,LB,55,ACT,Steve DeOssie,Steven,DeOssie,1962-11-22,74,250,,00-0004209,,,,,,,,,,"https://static.www.nfl.com/image/private/f_auto,q_auto/league/jq2etnqy8q2pb9zm2xmp",DEO415291,,32004445-4f41-5291-aae7-3b055bce4837,,,
1986,RAM,RB,RB,0,ACT,Eric Dickerson,Eric,Dickerson,1960-09-02,75,220,,00-0004266,,,,,,,,,,"https://static.www.nfl.com/image/private/f_auto,q_auto/league/jhnq2bvn8ryvxiwlfhk8",DIC276860,,32004449-4327-6860-95d0-831eb297e1eb,,,
1986,ATL,WR,WR,0,ACT,Floyd Dixon,Floyd,Dixon,1964-04-09,69,170,,00-0004352,,,,,,,,,,"https://static.www.nfl.com/image/private/f_auto,q_auto/league/veowtx65vqoqye3cna4h",DIX191673,,32004449-5819-1673-abab-0868420975d2,,,
1986,MIN,LB,OLB,0,ACT,Chris Doleman,Christopher,Doleman,1961-10-16,77,250,,00-0004396,,,,,,,,,,"https://static.www.nfl.com/image/private/f_auto,q_auto/league/gqiibamun09e1tg065p9",DOL237308,,3200444f-4c23-7308-406c-f7cc4c25ec14,,,
1986,NO,OL,OT,72,ACT,Jim Dombrowski,James,Dombrowski,1963-10-19,77,289,,00-0004400,,,,,,,,,,"https://static.www.nfl.com/image/private/f_auto,q_auto/league/s9olta8ecwtghh8tkds5",DOM237308,,3200444f-4d23-7308-fab0-3b0b62581c61,,,
1986,HOU,DB,DB,0,ACT,Jeff Donaldson,Jeffrey,Donaldson,1962-04-19,72,180,,00-0004413,,,,,,,,,,"https://static.www.nfl.com/image/private/f_auto,q_auto/league/ydmnmero5fc4dk7p3eik",DON223615,,3200444f-4e22-3615-6819-727f499456fb,,,
1986,IND,OL,C,0,ACT,Ray Donaldson,Raymond,Donaldson,1958-05-18,75,260,,00-0004414,,,,,,,,,,"https://static.www.nfl.com/image/private/f_auto,q_auto/league/kkpyquofxdch66dpynyy",DON255560,,3200444f-4e25-5560-a17c-ab26537f3f75,,,
1986,ATL,SPEC,P,0,ACT,Rick Donnelly,Richard,Donnelly,1962-05-17,72,195,,00-0004423,,,,,,,,,,"https://static.www.nfl.com/image/private/f_auto,q_auto/league/ocrdab6sbb2wziqcepfe",DON606955,,3200444f-4e60-6955-bd57-14290481619f,,,
1986,NYG,DL,DE,77,ACT,Eric Dorsey,Eric,Dorsey,1964-08-05,77,280,,00-0004446,,,,,,,,,,"https://static.www.nfl.com/image/private/f_auto,q_auto/league/jjtwjrw8yg6wde2tb24p",DOR571021,,3200444f-5257-1021-4a4a-ac1ce934862d,,,
1986,CHI,DB,DB,0,ACT,Maurice Douglass,Maurice,Douglass,1964-02-12,71,200,,00-0004477,,,,,,,,,,"https://static.www.nfl.com/image/private/f_auto,q_auto/league/rbxwjvtkqqjeej85ffl9",DOU692140,,3200444f-5569-2140-ee39-786458358d22,,,
1986,BUF,DB,S,0,ACT,Dwight Drane,Dwight,Drane,1962-05-06,74,200,,00-0004521,,,,,,,,,,"https://static.www.nfl.com/image/private/f_auto,q_auto/league/ddpd10pmfrx9sjmgxcki",DRA461435,,32004452-4146-1435-2783-ad99bc737120,,,
1986,HOU,TE,TE,0,ACT,Chris Dressel,Christopher,Dressel,1961-02-07,76,230,,00-0004531,,,,,,,,,,"https://static.www.nfl.com/image/private/f_auto,q_auto/league/yeaqgecblizp0nljeug8",DRE276861,,32004452-4527-6861-b58e-679be02b0a6d,,,
1986,HOU,WR,WR,0,ACT,Willie Drewrey,Willie,Drewrey,1963-04-28,67,158,,00-0004534,,,,,,,,,,"https://static.www.nfl.com/image/private/f_auto,q_auto/league/h5ywwatti4devmgnsfiv",DRE553722,,32004452-4555-3722-60e3-1c38a4a0f53f,,,
1986,ATL,OL,G,0,ACT,Jamie Dukes,Jamie,Dukes,1964-06-14,73,280,,00-0004597,,,,,,,,,,"https://static.www.nfl.com/image/private/f_auto,q_auto/league/naenxnzjkoufo1sj1ub0",DUK276861,,32004455-4b27-6861-4fff-dc67675b2bbd,,,
1986,MIA,WR,WR,85,ACT,Mark Duper,Mark,Duper,1959-01-25,69,185,,00-0004646,,,,,,,,,,"https://static.www.nfl.com/image/private/f_auto,q_auto/league/capbbsyre3yh8uj3nt8l",DUP207644,,32004455-5020-7644-63e1-3d4a16d11d70,,,
1986,KC,OL,OT,0,ACT,Irv Eatman,Irvin,Eatman,1961-01-01,79,280,,00-0004716,,,,,,,,,,"https://static.www.nfl.com/image/private/f_auto,q_auto/league/bafhxaozvhl4r9yoatts",EAT138430,,32004541-5413-8430-9214-fe093b66bd60,,,
1986,SEA,RB,RB,0,ACT,Bobby Joe Edmonds,Bobby,Edmonds,1964-09-26,71,183,,00-0004739,,,,,,,,,,"https://static.www.nfl.com/image/private/f_auto,q_auto/league/idctoo2tbzvtp7tcjokd",EDM166116,,32004544-4d16-6116-43c8-4186e6cae6b8,,,
1986,PIT,DB,DB,0,TRC,Donnie Elder,Donald,Elder,1962-12-13,69,175,,00-0004815,,,,,,,,,,"https://static.www.nfl.com/image/private/f_auto,q_auto/league/hewma9grl5ptsn251284",ELD415291,,3200454c-4441-5291-b2a9-3aeffdc279a0,,,
1986,DET,DB,DB,0,ACT,Donnie Elder,Donald,Elder,1962-12-13,69,175,,00-0004815,,,,,,,,,,"https://static.www.nfl.com/image/private/f_auto,q_auto/league/hewma9grl5ptsn251284",ELD415291,,3200454c-4441-5291-b2a9-3aeffdc279a0,,,
1986,RAM,WR,WR,0,ACT,Henry Ellard,Henry,Ellard,1961-07-21,71,170,,00-0004830,,,,,,,,,,"https://static.www.nfl.com/image/private/f_auto,q_auto/league/xvtbquqavblewrdgj4fn",ELL021297,,3200454c-4c02-1297-f648-4f2b5a61e34d,,,
1986,DEN,QB,QB,7,ACT,John Elway,John,Elway,1960-06-28,75,202,,00-0004884,,,,,,,,,,"https://static.www.nfl.com/image/private/f_auto,q_auto/league/qt8ysjlaemnfczfe9ffl",ELW276861,,3200454c-5727-6861-b2e7-376d564dfa2e,,,
1986,CIN,QB,QB,0,ACT,Boomer Esiason,Norman,Esiason,1961-04-17,77,220,,00-0004937,,,,,,,,,,"https://static.www.nfl.com/image/private/f_auto,q_auto/league/afg59qxfnusj3ebuqwyv",ESI415291,,32004553-4941-5291-d7e5-a90da4c94750,,,
1986,RAM,QB,QB,0,ACT,Jim Everett,James,Everett,1963-01-03,77,212,,00-0005015,,,,,,,,,,"https://static.www.nfl.com/image/private/f_auto,q_auto/league/rxrnntjfowvwavdlfhrq",EVE237308,,32004556-4523-7308-47b4-935f61476696,,,
1986,HOU,LB,LB,0,ACT,Eric Fairs,Eric,Fairs,1964-02-17,75,235,,00-0005048,,,,,,,,,,"https://static.www.nfl.com/image/private/f_auto,q_auto/league/gcaj4alyc7eaepra8vnn",FAI604056,,32004641-4960-4056-24ab-8cfa1e1a98b2,,,
1986,TB,OL,G,62,ACT,Sean Farrell,Sean,Farrell,1960-05-25,75,260,,00-0005080,,,,,,,,,,"https://static.www.nfl.com/image/private/f_auto,q_auto/league/utap8rmm8nrhhvl1tpik",FAR629225,,32004641-5262-9225-1e7f-763e2c32dc2a,,,
1986,CLE,OL,OT,0,ACT,Paul Farren,Paul,Farren,1960-12-24,77,251,,00-0005081,,,,,,,,,,"https://static.www.nfl.com/image/private/f_auto,q_auto/league/adkybvrfp83uwmo47sqq",FAR654394,,32004641-5265-4394-32df-cffccfc0aa66,,,
1986,MIN,OL,C,0,ACT,Grant Feasel,Grant,Feasel,1960-06-28,79,255,,00-0005116,,,,,,,,,,"https://static.www.nfl.com/image/private/f_auto,q_auto/league/utexahzajngbuzxqhhoo",FEA484505,,32004645-4148-4505-b168-f6d62ce97cd2,,,
1986,CLE,OL,G,0,ACT,Dan Fike,Dan,Fike,1961-06-16,79,280,,00-0005211,,,,,,,,,,"https://static.www.nfl.com/image/private/f_auto,q_auto/league/ghtfgbp5lzt5yjsby29q",FIK415291,,32004649-4b41-5291-a3f9-600a3a03c42d,,,
1986,DEN,LB,LB,0,ACT,Simon Fletcher,Simon,Fletcher,1962-02-18,77,240,,00-0005323,,,,,,,,,,"https://static.www.nfl.com/image/private/f_auto,q_auto/league/of5wdyxeuonyrlkcdlne",FLE711924,,3200464c-4571-1924-51a9-e2eb0bf98808,,,
1986,CHI,QB,QB,0,ACT,Doug Flutie,Douglas,Flutie,1962-10-23,70,176,,00-0005363,,,,,,,,,,"https://static.www.nfl.com/image/private/f_auto,q_auto/league/unmsud4qh5emea93d31q",FLU553722,,3200464c-5555-3722-43d5-c43775306395,,,
1986,MIA,OL,G,61,ACT,Roy Foster,Roy,Foster,1960-05-24,76,275,,00-0005467,,,,,,,,,,"https://static.www.nfl.com/image/private/f_auto,q_auto/league/hmkvjpebrixer0dovz95",FOS711924,,3200464f-5371-1924-80e9-bef9b211cfdc,,,
1986,ATL,OL,G,0,ACT,Bill Fralic,William,Fralic,1962-10-31,77,285,,00-0005498,,,,,,,,,,"https://static.www.nfl.com/image/private/f_auto,q_auto/league/iqgrys771nrh2ioixxt6",FRA039549,,32004652-4103-9549-a158-ab3d6a0a11d3,,,
1986,PHI,DB,DB,0,ACT,William Frizzell,William,Frizzell,1962-09-08,75,198,,00-0005606,,,,,,,,,,"https://static.www.nfl.com/image/private/f_auto,q_auto/league/lpb3aaf6frfm98bazxji",FRI791020,,32004652-4979-1020-63be-94b3f16a7ca2,,,
1986,NE,WR,WR,0,ACT,Irving Fryar,Irving,Fryar,1962-09-28,72,198,,00-0005616,,,,,,,,,,"https://static.www.nfl.com/image/private/f_auto,q_auto/league/f1cetjfdapgnqaeonxzy",FRY369148,,32004652-5936-9148-ba45-62efe4663112,,,
1986,CIN,DB,DB,0,ACT,David Fulcher,David,Fulcher,1964-09-28,75,228,,00-0005623,,,,,,,,,,"https://static.www.nfl.com/image/private/f_auto,q_auto/league/ph6mtedgygqfprfrq7gc",FUL041529,,32004655-4c04-1529-a69c-586a1b61b572,,,
1986,HOU,DL,DE,0,ACT,William Fuller,William,Fuller,1962-03-08,75,258,,00-0005639,,,,,,,,,,"https://static.www.nfl.com/image/private/f_auto,q_auto/league/mccltbvra1wfn9rcnpwn",FUL498348,,32004655-4c49-8348-4979-8555a3c8c681,,,
1986,SF,QB,QB,0,ACT,Bob Gagliano,Robert,Gagliano,1958-09-05,75,195,,00-0005676,,,,,,,,,,"https://static.www.nfl.com/image/private/f_auto,q_auto/league/ggbwrkjsbtezz4mmnnwt",GAG355962,,32004741-4735-5962-8794-8363576185a1,,,
1986,ATL,DL,DE,0,ACT,Mike Gann,Michael,Gann,1963-10-19,77,256,,00-0005737,,,,,,,,,,"https://static.www.nfl.com/image/private/f_auto,q_auto/league/hzupcod0tprkq39xteqv",GAN177981,,32004741-4e17-7981-c52f-417c9cd67492,,,
1986,BUF,LB,OLB,0,ACT,Hal Garner,Harold,Garner,1962-01-18,76,219,,00-0005781,,,,,,,,,,"https://static.www.nfl.com/image/private/f_auto,q_auto/league/xlxauizdcgkys58prlzu",GAR297749,,32004741-5229-7749-4646-1c1ac997a3f7,,,
1986,CHI,DB,DB,0,ACT,Shaun Gayle,Shaun,Gayle,1962-03-08,71,195,,00-0005847,,,,,,,,,,"https://static.www.nfl.com/image/private/f_auto,q_auto/league/fzizgglrdy7othzmiydu",GAY664464,,32004741-5966-4464-8918-31a056a6159f,,,
1986,NO,DL,DE,0,ACT,Jumpy Geathers,James,Geathers,1960-06-26,79,263,,00-0005857,,,,,,,,,,"https://static.www.nfl.com/image/private/f_auto,q_auto/league/dqcwsinkbhoiwb9cllza",GEA415291,,32004745-4141-5291-a11f-bc67500623a5,,,
1986,BUF,QB,QB,0,ACT,Stan Gelbaugh,Stanley,Gelbaugh,1962-12-04,75,207,,00-0005869,,,,,,,,,,"https://static.www.nfl.com/image/private/f_auto,q_auto/league/vrwq2e2pfzkmjrllvi1w",GEL553722,,32004745-4c55-3722-524b-6d7b1bc0fc19,,,
1986,CHI,RB,RB,0,ACT,Dennis Gentry,Dennis,Gentry,1959-02-10,68,173,,00-0005876,,,,,,,,,,"https://static.www.nfl.com/image/private/f_auto,q_auto/league/z9pqxye61dmw2ppvnlvi",GEN474616,,32004745-4e47-4616-9afe-fe8d97358127,,,
1986,SEA,QB,QB,0,ACT,Gale Gilbert,Gale,Gilbert,1961-12-20,75,215,,00-0005953,,,,,,,,,,"https://static.www.nfl.com/image/private/f_auto,q_auto/league/qxjcyumzw5h3hody2l7i",GIL067344,,32004749-4c06-7344-d5da-c0c17739db3d,,,
1986,HOU,WR,WR,0,ACT,Ernest Givins,Ernest,Givins,1964-09-03,69,168,,00-0006015,,,,,,,,,,"https://static.www.nfl.com/image/private/f_auto,q_auto/league/zkvwfhaul3crsorbnrdq",GIV415291,,32004749-5641-5291-f77a-27a6a6bbbbfd,,,
1986,IND,DB,DB,0,ACT,Nesby Glasgow,Nesby,Glasgow,1957-04-15,70,180,,00-0006026,,,,,,,,,,"https://static.www.nfl.com/image/private/f_auto,q_auto/league/khvj2xrqxrimb274mfe7",GLA377530,,3200474c-4137-7530-e44c-f9f55f161b28,,,
1986,NYJ,DB,DB,0,ACT,Kerry Glenn,Kerry,Glenn,1962-01-03,69,175,,00-0006036,,,,,,,,,,"https://static.www.nfl.com/image/private/f_auto,q_auto/league/ciobrpvgurqijwohll9i",GLE276860,,3200474c-4527-6860-6263-7b35901a16e1,,,
1986,SD,DB,DB,0,ACT,Vencie Glenn,Vencie,Glenn,1964-10-26,72,183,,00-0006044,,,,,,,,,,"https://static.www.nfl.com/image/private/f_auto,q_auto/league/ewqvr7lnyeazue3tgkuc",GLE415290,,3200474c-4541-5290-50bf-1cde53b0ba6e,,,
1986,NE,DB,DB,0,TRD,Vencie Glenn,Vencie,Glenn,1964-10-26,72,183,,00-0006044,,,,,,,,,,"https://static.www.nfl.com/image/private/f_auto,q_auto/league/ewqvr7lnyeazue3tgkuc",GLE415290,,3200474c-4541-5290-50bf-1cde53b0ba6e,,,
1986,DET,OL,C,53,ACT,Kevin Glover,Kevin,Glover,1963-06-17,74,267,,00-0006050,,,,,,,,,,"https://static.www.nfl.com/image/private/f_auto,q_auto/league/waev3hnfyvybz1kdmfhf",GLO553720,,3200474c-4f55-3720-ed06-3d9fe51b5ca7,,,
1986,HOU,DL,NT,0,ACT,Mike Golic,Michael,Golic,1962-12-12,77,265,,00-0006090,,,,,,,,,,"https://static.www.nfl.com/image/private/f_auto,q_auto/league/yrelqfgl5p2uxoqybza9",GOL528542,,3200474f-4c52-8542-e3ab-b347a2cd61d3,,,
1986,CLE,SPEC,P,0,ACT,Jeff Gossett,Jeffery,Gossett,1957-01-25,74,197,,00-0006170,,,,,,,,,,"https://static.www.nfl.com/image/private/f_auto,q_auto/league/ix62f7desiynujqojhfo",GOS692150,,3200474f-5369-2150-b089-84b48b43afac,,,
1986,WAS,DL,DT,0,ACT,Darryl Grant,Darryl,Grant,1959-11-22,73,265,,00-0006233,,,,,,,,,,"https://static.www.nfl.com/image/private/f_auto,q_auto/league/pg4l1jw0yqrsa1j3xghy",GRA400932,,32004752-4140-0932-f415-b0f14b811d28,,,
1986,RAM,DB,DB,0,ACT,Jerry Gray,Jerry,Gray,1962-12-16,72,183,,00-0006274,,,,,,,,,,"https://static.www.nfl.com/image/private/f_auto,q_auto/league/qstfl0elyrer3hv5h8xv",GRA687312,,32004752-4168-7312-b3fc-567883051387,,,
1986,NO,RB,RB,0,ACT,Mel Gray,Melvin,Gray,1961-03-16,69,175,,00-0006282,,,,,,,,,,"https://static.www.nfl.com/image/private/f_auto,q_auto/league/rfuw3dh4aah4l4eeuubp",GRA749361,,32004752-4174-9361-3510-1507808da593,,,
1986,WAS,DB,CB,0,ACT,Darrell Green,Darrell,Green,1960-02-15,68,170,,00-0006316,,,,,,,,,,"https://static.www.nfl.com/image/private/f_auto,q_auto/league/cwcts1c4ok7r03ssniua",GRE152736,,32004752-4515-2736-107e-fa289c286924,,,
1986,MIA,LB,LB,0,ACT,Hugh Green,Hugh,Green,1959-07-27,74,225,,00-0006329,,,,,,,,,,"https://static.www.nfl.com/image/private/f_auto,q_auto/league/fyef9khhxvk5uxcepoik",GRE229104,,32004752-4522-9104-1a8f-5c32f4578bcc,,,
1986,SEA,DL,DE,0,ACT,Jacob Green,Jacob,Green,1957-01-21,75,255,,00-0006330,,,,,,,,,,"https://static.www.nfl.com/image/private/f_auto,q_auto/league/bkddmmnp7xnlgbtsod89",GRE248196,,32004752-4524-8196-8656-9af5eedc2f8d,,,
1986,STL,WR,WR,0,ACT,Roy Green,Roy,Green,1957-06-30,72,195,,00-0006349,,,,,,,,,,"https://static.www.nfl.com/image/private/f_auto,q_auto/league/wbzkqqfjj5t8l9yyrquc",GRE343656,,32004752-4534-3656-2e3c-efec8fc12fd9,,,
1986,ATL,DL,DE,0,ACT,Tim Green,Timothy,Green,1963-12-16,74,249,,00-0006352,,,,,,,,,,"https://static.www.nfl.com/image/private/f_auto,q_auto/league/vmi25lzpcma2r8n0j472",GRE362748,,32004752-4536-2748-f410-8986d95af248,,,
1986,RAM,LB,LB,0,ACT,Kevin Greene,Kevin,Greene,1962-07-31,75,238,,00-0006373,,,,,,,,,,"https://static.www.nfl.com/image/private/f_auto,q_auto/league/nwdcpjkal7ye5lew1wts",GRE486846,,32004752-4548-6846-4bac-0fb747d5fc9d,,,
1986,SF,DB,DB,29,ACT,Don Griffin,Donald,Griffin,1964-03-17,72,176,,00-0006434,,,,,,,,,,"https://static.www.nfl.com/image/private/f_auto,q_auto/league/jgrcitqotxwjicmxkx2c",GRI094380,,32004752-4909-4380-307e-711d0d379cca,,,
1986,HOU,DB,DB,0,ACT,Larry Griffin,Larry,Griffin,1963-01-11,72,197,,00-0006443,,,,,,,,,,"https://static.www.nfl.com/image/private/f_auto,q_auto/league/fblrc2oczxo1b1mwhwf5",GRI207636,,32004752-4920-7636-5282-a86726b3d7f3,,,
1986,KC,DL,DE,0,ACT,Leonard Griffin,Leonard,Griffin,1962-09-22,76,252,,00-0006444,,,,,,,,,,"https://static.www.nfl.com/image/private/f_auto,q_auto/league/d0jqxm7eccrrtb6d5ipo",GRI226512,,32004752-4922-6512-4b07-2ee81511edd3,,,
1986,TB,OL,C,60,ACT,Randy Grimes,Randall,Grimes,1960-07-20,76,280,,00-0006473,,,,,,,,,,"https://static.www.nfl.com/image/private/f_auto,q_auto/league/tqvmaqugsnqs0lk52nhj",GRI717288,,32004752-4971-7288-cc3f-a3bc7a2861e9,,,
1986,WAS,OL,G,0,ACT,Russ Grimm,Russell,Grimm,1959-05-02,75,273,,00-0006475,,,,,,,,,,"https://static.www.nfl.com/image/private/f_auto,q_auto/league/acaogvxemlbz4nqwlctq",GRI773916,,32004752-4977-3916-d0b8-fa4b19d613df,,,
1986,HOU,LB,LB,0,ACT,John Grimsley,John,Grimsley,1962-02-25,74,225,,00-0006479,,,,,,,,,,"https://static.www.nfl.com/image/private/f_auto,q_auto/league/dlnpbf6j6pbdkgtqrpw9",GRI811668,,32004752-4981-1668-a7f0-c5bef3266a1c,,,
1986,KC,LB,LB,0,ACT,Dino Hackett,Barry,Hackett,1964-06-28,75,220,,00-0006582,,,,,,,,,,"https://static.www.nfl.com/image/private/f_auto,q_auto/league/f8g5ayfjko8kaztliqlj",HAC474616,,32004841-4347-4616-1a7f-54b1185692cb,,,
1986,NYJ,OL,OT,0,ACT,Mike Haight,Michael,Haight,1962-10-06,76,270,,00-0006612,,,,,,,,,,"https://static.www.nfl.com/image/private/f_auto,q_auto/league/qkoxzadl1pbcuqg8msou",HAI083058,,32004841-4908-3058-8667-e10bbbe20561,,,
1986,SF,LB,LB,94,ACT,Charles Haley,Charles,Haley,1964-01-06,77,230,,00-0006633,,,,,,,,,,"https://static.www.nfl.com/image/private/f_auto,q_auto/league/y4qk3ik6rv3uyf4agg1y",HAL084750,,32004841-4c08-4750-b963-5cd83f3b5a36,,,
1986,GB,OL,G,0,ACT,Ron Hallstrom,Ronald,Hallstrom,1959-06-11,78,286,,00-0006694,,,,,,,,,,"https://static.www.nfl.com/image/private/f_auto,q_auto/league/jsl0cottmophjdjvjstg",HAL711900,,32004841-4c71-1900-9abb-ec705f2a8eb7,,,
1986,WAS,DL,DT,0,ACT,Dean Hamel,Dean,Hamel,1961-07-07,75,275,,00-0006704,,,,,,,,,,"https://static.www.nfl.com/image/private/f_auto,q_auto/league/apqz0l2b6rlciy9zmm6p",HAM151014,,32004841-4d15-1014-dd1b-770171e0fdd0,,,
1986,NYJ,DB,DB,0,ACT,Harry Hamilton,Harry,Hamilton,1962-11-29,72,190,,00-0006715,,,,,,,,,,"https://static.www.nfl.com/image/private/f_auto,q_auto/league/nryevyfuzuq1n8mwvvsl",HAM226521,,32004841-4d22-6521-a213-a2c517a50064,,,
1986,IND,DL,DE,0,ACT,Jon Hand,Jon,Hand,1963-11-13,79,280,,00-0006765,,,,,,,,,,"https://static.www.nfl.com/image/private/f_auto,q_auto/league/uhgjvpsfx6fee5hbd996",HAN092285,,32004841-4e09-2285-f4f1-04ea4c5794ff,,,
1986,NO,SPEC,P,0,ACT,Brian Hansen,Brian,Hansen,1960-10-26,76,207,,00-0006791,,,,,,,,,,"https://static.www.nfl.com/image/private/f_auto,q_auto/league/la6gqkslk3l3bxl6fpp6",HAN498339,,32004841-4e49-8339-29bd-560704f88968,,,
1986,BUF,RB,RB,0,ACT,Ronnie Harmon,Ronnie,Harmon,1964-05-07,71,192,,00-0006874,,,,,,,,,,"https://static.www.nfl.com/image/private/f_auto,q_auto/league/g8atj0voydgllzuzdch0",HAR215150,,32004841-5221-5150-bf9d-cec4bb6ee355,,,
1986,CLE,DB,DB,0,ACT,Mark Harper,Mark,Harper,1961-11-05,69,174,,00-0006889,,,,,,,,,,"https://static.www.nfl.com/image/private/f_auto,q_auto/league/wzbyzra3mjiadlk6hqo4",HAR275392,,32004841-5227-5392-4ece-e50b010179f8,,,
1986,TB,WR,WR,84,ACT,Leonard Harris,Leonard,Harris,1960-11-27,68,185,,00-0006971,,,,,,,,,,"https://static.www.nfl.com/image/private/f_auto,q_auto/league/suhkbosy1siiulkdy2oz",HAR460421,,32004841-5246-0421-3418-f5f10ebf3efc,,,
1986,GB,LB,OLB,0,ACT,Tim Harris,Timothy,Harris,1964-09-10,78,236,,00-0007002,,,,,,,,,,"https://static.www.nfl.com/image/private/f_auto,q_auto/league/bxdv0z5vqrwj8ouumxcv",HAR546481,,32004841-5254-6481-cae3-c344f36ee0c3,,,
1986,KC,WR,WR,0,ACT,Emile Harry,Emile,Harry,1963-04-05,71,168,,00-0007040,,,,,,,,,,"https://static.www.nfl.com/image/private/f_auto,q_auto/league/e4at938xcnarolzathar",HAR654056,,32004841-5265-4056-7790-54c079220b3c,,,
1986,RAM,SPEC,P,0,ACT,Dale Hatcher,Roger,Hatcher,1963-04-05,74,200,,00-0007098,,,,,,,,,,"https://static.www.nfl.com/image/private/f_auto,q_auto/league/a29pj7wsjnqhtbndj5c9",HAT103822,,32004841-5410-3822-7ca9-4b8d23c1f762,,,
1986,KC,TE,TE,0,ACT,Jonathan Hayes,Jonathan,Hayes,1962-08-11,77,234,,00-0007151,,,,,,,,,,"https://static.www.nfl.com/image/private/f_auto,q_auto/league/wfoubbw1xvgdtwa6jsbr",HAY237300,,32004841-5923-7300-82a8-b99b01a2d3a7,,,
1986,NO,QB,QB,0,ACT,Bobby Hebert,Bobby,Hebert,1960-08-19,76,208,,00-0007190,,,,,,,,,,"https://static.www.nfl.com/image/private/f_auto,q_auto/league/ivn7okbglfqcc8lbyhkz",HEB207645,,32004845-4220-7645-e802-714be131bfee,,,
1986,NYJ,RB,RB,0,ACT,Johnny Hector,Johnny,Hector,1960-11-26,71,200,,00-0007197,,,,,,,,,,"https://static.www.nfl.com/image/private/f_auto,q_auto/league/e2rixyggdahfcjqjdmav",HEC622932,,32004845-4362-2932-cfde-6553b2bc2973,,,
1986,TB,OL,OT,73,ACT,Ron Heller,Ronald,Heller,1962-08-25,78,265,,00-0007224,,,,,,,,,,"https://static.www.nfl.com/image/private/f_auto,q_auto/league/o03gy6z6sr8ixgca7dar",HEL305635,,32004845-4c30-5635-9e3a-deec1aeae3c4,,,
1986,BUF,OL,OT,0,ACT,Dale Hellestrae,Dale,Hellestrae,1962-07-11,77,261,,00-0007226,,,,,,,,,,"https://static.www.nfl.com/image/private/f_auto,q_auto/league/qhffmovcgpewczjvhbeb",HEL415289,,32004845-4c41-5289-13b9-5c61df61cc1e,,,
1986,DAL,DB,DB,0,ACT,Manny Hendrix,Manuel,Hendrix,1964-10-20,70,170,,00-0007268,,,,,,,,,,"https://static.www.nfl.com/image/private/f_auto,q_auto/league/xsurhrr35frbx6b86oaf",HEN360433,,32004845-4e36-0433-7b94-2f050625e2e7,,,
1986,SD,QB,QB,0,ACT,Mark Herrmann,Mark,Herrmann,1959-01-08,76,184,,00-0007340,,,,,,,,,,"https://static.www.nfl.com/image/private/f_auto,q_auto/league/e9dkru9lgdil7s65rqpi",HER604056,,32004845-5260-4056-d102-ca6eb801767a,,,
1986,RAI,WR,WR,0,ACT,Jessie Hester,Jessie,Hester,1963-01-21,71,170,,00-0007353,,,,,,,,,,"https://static.www.nfl.com/image/private/f_auto,q_auto/league/gq1tmzhuosz6woghskel",HES415290,,32004845-5341-5290-f900-3701d9285a5a,,,
1986,CHI,OL,C,0,ACT,Jay Hilgenberg,Jay,Hilgenberg,1959-03-21,75,250,,00-0007411,,,,,,,,,,"https://static.www.nfl.com/image/private/f_auto,q_auto/league/ibg5hudh2cvgkechcszk",HIL014831,,32004849-4c01-4831-aa40-8a123bf39645,,,
1986,NO,OL,G,0,ACT,Joel Hilgenberg,Joel,Hilgenberg,1962-07-10,75,250,,00-0007412,,,,,,,,,,"https://static.www.nfl.com/image/private/f_auto,q_auto/league/vqvn3g4fg2v5sqhiuwz0",HIL029662,,32004849-4c02-9662-bbf6-daa90e54d8bb,,,
1986,RAI,QB,QB,0,ACT,Rusty Hilger,Russell,Hilger,1962-05-09,76,200,,00-0007413,,,,,,,,,,"https://static.www.nfl.com/image/private/f_auto,q_auto/league/woyb5rnrjm9klblhks1k",HIL059324,,32004849-4c05-9324-44c8-03fb8ef9bddb,,,
1986,HOU,WR,WR,0,ACT,Drew Hill,Andrew,Hill,1956-10-05,69,170,,00-0007431,,,,,,,,,,"https://static.www.nfl.com/image/private/f_auto,q_auto/league/socupvhqhg0lvquxfn8p",HIL074155,,32004849-4c07-4155-db49-2e0cdbd5e249,,,
1986,NO,RB,RB,0,ACT,Dalton Hilliard,Dalton,Hilliard,1964-01-21,68,196,,00-0007467,,,,,,,,,,"https://static.www.nfl.com/image/private/f_auto,q_auto/league/tnuburatvvej9fh2d10f",HIL711888,,32004849-4c71-1888-ddac-e9ce546922e8,,,
1986,PIT,LB,OLB,0,ACT,Bryan Hinkle,Bryan,Hinkle,1959-06-04,73,214,,00-0007492,,,,,,,,,,"https://static.www.nfl.com/image/private/f_auto,q_auto/league/ut7jromnovuzsqqmcvhf",HIN262284,,32004849-4e26-2284-ee9e-75c1c8097ec0,,,
1986,IND,OL,OT,0,ACT,Chris Hinton,Christopher,Hinton,1961-07-31,76,265,,00-0007497,,,,,,,,,,"https://static.www.nfl.com/image/private/f_auto,q_auto/league/z41g8zujb6oznylfhmoo",HIN655710,,32004849-4e65-5710-ffe4-4ab655a12cbf,,,
1986,PHI,DB,DB,0,ACT,Terry Hoage,Terrell,Hoage,1962-04-11,75,197,,00-0007519,,,,,,,,,,"https://static.www.nfl.com/image/private/f_auto,q_auto/league/fvmzmo1z2kq7ii4zcn58",HOA138430,,3200484f-4113-8430-ada5-6e8680fc96d2,,,
1986,CIN,TE,TE,0,ACT,Rodney Holman,Rodney,Holman,1960-04-20,75,230,,00-0007637,,,,,,,,,,"https://static.www.nfl.com/image/private/f_auto,q_auto/league/mf3znenttcbuaujz0kye",HOL446256,,3200484f-4c44-6256-95bc-6842d50064e2,,,
1986,TB,DL,DE,90,ACT,Ron Holmes,Ronald,Holmes,1963-08-26,76,255,,00-0007663,,,,,,,,,,"https://static.www.nfl.com/image/private/f_auto,q_auto/league/a9pyb9w14mphmvymreff",HOL644592,,3200484f-4c64-4592-dc89-2430581cd528,,,
1986,SD,TE,TE,0,ACT,Pete Holohan,Peter,Holohan,1959-07-25,76,249,,00-0007666,,,,,,,,,,"https://static.www.nfl.com/image/private/f_auto,q_auto/league/w1rijkq9trkk6khrmstx",HOL681780,,3200484f-4c68-1780-d796-cab0606fb9d5,,,
1986,MIN,DB,DB,0,ACT,Issiac Holt,Issiac,Holt,1962-10-04,74,197,,00-0007673,,,,,,,,,,"https://static.www.nfl.com/image/private/f_auto,q_auto/league/ynugmbzdpgeso2nimy0i",HOL731364,,3200484f-4c73-1364-a065-31a5c568a655,,,
1986,PHI,DB,DB,0,ACT,Wes Hopkins,Wesley,Hopkins,1961-09-26,73,205,,00-0007732,,,,,,,,,,"https://static.www.nfl.com/image/private/f_auto,q_auto/league/eodot5ctp5ztbymwtojb",HOP484505,,3200484f-5048-4505-14d8-746afda1eb39,,,
1986,MIN,SPEC,P,0,TRC,Mike Horan,Michael,Horan,1959-02-01,71,190,,00-0007737,,,,,,,,,,"https://static.www.nfl.com/image/private/f_auto,q_auto/league/zksqwk19daesc04hoylk",HOR029663,,3200484f-5202-9663-f176-e3cef0e93f6c,,,
1986,DEN,SPEC,P,0,ACT,Mike Horan,Michael,Horan,1959-02-01,71,190,,00-0007737,,,,,,,,,,"https://static.www.nfl.com/image/private/f_auto,q_auto/league/zksqwk19daesc04hoylk",HOR029663,,3200484f-5202-9663-f176-e3cef0e93f6c,,,
1986,CIN,DB,DB,0,ACT,Ray Horton,Raymond,Horton,1960-04-12,70,189,,00-0007758,,,,,,,,,,"https://static.www.nfl.com/image/private/f_auto,q_auto/league/dw7cwregwlcaapcbw31i",HOR682249,,3200484f-5268-2249-30e2-ab1c63d58c71,,,
1986,NYG,QB,QB,15,ACT,Jeff Hostetler,William,Hostetler,1961-04-22,75,212,,00-0007765,,,,,,,,,,"https://static.www.nfl.com/image/private/f_auto,q_auto/league/apjisc45plyskzivcfqe",HOS467201,,3200484f-5346-7201-995b-d7abb384cd0e,,,
1986,MIN,LB,OLB,0,ACT,David Howard,David,Howard,1961-12-08,73,225,,00-0007797,,,,,,,,,,"https://static.www.nfl.com/image/private/f_auto,q_auto/league/snsblaa79ppygm8raqho",HOW124584,,3200484f-5712-4584-b1e5-36094389f1ba,,,
1986,NYG,DL,NT,74,ACT,Erik Howard,Erik,Howard,1964-11-12,76,268,,00-0007802,,,,,,,,,,"https://static.www.nfl.com/image/private/f_auto,q_auto/league/f5wvx6aoejzy3bxcj4qk",HOW145348,,3200484f-5714-5348-75bc-59e39dca002b,,,
1986,BUF,OL,C,0,ACT,Kent Hull,James,Hull,1961-01-13,77,247,,00-0007901,,,,,,,,,,"https://static.www.nfl.com/image/private/f_auto,q_auto/league/hqodjmmximcpmtly35dx",HUL103822,,32004855-4c10-3822-7917-7cd87aed9ce6,,,
1986,SEA,DB,DB,0,ACT,Patrick Hunter,Patrick,Hunter,1964-10-24,71,185,,00-0007959,,,,,,,,,,"https://static.www.nfl.com/image/private/f_auto,q_auto/league/hvxobmpsa4wslaztz9xf",HUN769804,,32004855-4e76-9804-f415-a42ead2eed5f,,,
1986,PIT,OL,OT,0,ACT,Tunch Ilkin,Tunch,Ilkin,1957-09-23,75,253,,00-0008006,,,,,,,,,,"https://static.www.nfl.com/image/private/f_auto,q_auto/league/spdfodji2exibctx1enq",ILK415291,,3200494c-4b41-5291-7963-51a88379f390,,,
1986,MIN,OL,OT,0,ACT,Tim Irwin,Timothy,Irwin,1958-12-13,79,275,,00-0008053,,,,,,,,,,"https://static.www.nfl.com/image/private/f_auto,q_auto/league/wawhjnkdalrwmcczkgas",IRW622935,,32004952-5762-2935-ac65-3bae2837c060,,,
1986,DEN,WR,WR,0,ACT,Mark Jackson,Mark,Jackson,1963-07-23,69,174,,00-0008163,,,,,,,,,,"https://static.www.nfl.com/image/private/f_auto,q_auto/league/pk49rq24atcof9zpw01q",JAC388204,,32004a41-4338-8204-ed4c-7ae9e8c5adb4,,,
1986,NO,LB,OLB,0,ACT,Rickey Jackson,Rickey,Jackson,1958-03-20,74,230,,00-0008179,,,,,,,,,,"https://static.www.nfl.com/image/private/f_auto,q_auto/league/aajr9wcjvgd7vddezkyl",JAC478484,,32004a41-4347-8484-e570-89601b9da994,,,
1986,CHI,DB,DB,0,ACT,Vestee Jackson,Vestee,Jackson,1963-08-14,72,186,,00-0008204,,,,,,,,,,"https://static.www.nfl.com/image/private/f_auto,q_auto/league/kznkiny9kxytk0zigqrv",JAC613904,,32004a41-4361-3904-951a-4331871ac238,,,
1986,WAS,OL,OT,0,ACT,Joe Jacoby,Joseph,Jacoby,1959-07-06,79,295,,00-0008223,,,,,,,,,,"https://static.www.nfl.com/image/private/f_auto,q_auto/league/xxi8cnhfhdspgt5jcv51",JAC803492,,32004a41-4380-3492-94f2-27dbacaab11d,,,
1986,DAL,LB,LB,53,ACT,Garth Jax,James,Jax,1963-09-16,74,225,,00-0008291,,,,,,,,,,"https://static.www.nfl.com/image/private/f_auto,q_auto/league/a7cf3bhvcmkn5hqedx1y",JAX415291,,32004a41-5841-5291-d82c-f755dcf811b5,,,
1986,DAL,DL,DE,77,ACT,Jim Jeffcoat,James,Jeffcoat,1961-04-01,77,264,,00-0008297,,,,,,,,,,"https://static.www.nfl.com/image/private/f_auto,q_auto/league/nq7risxb7zvss8sowqzc",JEF051911,,32004a45-4605-1911-d544-53c5f2662246,,,
1986,CIN,RB,RB,0,ACT,Stanford Jennings,Stanford,Jennings,1962-03-12,73,205,,00-0008377,,,,,,,,,,"https://static.www.nfl.com/image/private/f_auto,q_auto/league/di6kd7qwajq8pkk6siys",JEN622920,,32004a45-4e62-2920-8337-bb633d893b5e,,,
1986,MIA,WR,WR,11,ACT,Jim Jensen,James,Jensen,1958-11-14,76,212,,00-0008385,,,,,,,,,,"https://static.www.nfl.com/image/private/f_auto,q_auto/league/zn439kcpcl5b2xyanq0a",JEN700785,,32004a45-4e70-0785-b4a9-ae7b3e2037f5,,,
1986,GB,DL,DE,0,ACT,Ezra Johnson,Ezra,Johnson,1955-10-02,76,240,,00-0008503,,,,,,,,,,"https://static.www.nfl.com/image/private/f_auto,q_auto/league/ty6aqagxbvs0wixkbnup",JOH242850,,32004a4f-4824-2850-2dd6-2dfe91183e01,,,
1986,HOU,SPEC,P,0,ACT,Lee Johnson,Leland,Johnson,1961-11-27,74,204,,00-0008566,,,,,,,,,,"https://static.www.nfl.com/image/private/f_auto,q_auto/league/qqwycnjlplkderuuqdpw",JOH399531,,32004a4f-4839-9531-2a88-ad766c1ea932,,,
1986,CLE,LB,LB,0,ACT,Mike Johnson,Michael,Johnson,1962-11-26,73,228,,00-0008589,,,,,,,,,,"https://static.www.nfl.com/image/private/f_auto,q_auto/league/ftk3gga2gnl59wodwlnn",JOH505503,,32004a4f-4850-5503-c881-6100d67a31f5,,,
1986,SEA,SPEC,K,0,ACT,Norm Johnson,Norman,Johnson,1960-05-31,74,193,,00-0008593,,,,,,,,,,"https://static.www.nfl.com/image/private/f_auto,q_auto/league/wdhcut1fjkdtpzvsxyqm",JOH553698,,32004a4f-4855-3698-f890-86772850dca4,,,
1986,NYG,LB,LB,52,ACT,Pepper Johnson,Thomas,Johnson,1964-07-29,75,248,,00-0008599,,,,,,,,,,"https://static.www.nfl.com/image/private/f_auto,q_auto/league/ukk1ab1sgvwwdw4i2yib",JOH679980,,32004a4f-4867-9980-6ebc-0558d0b44d3e,,,
1986,HOU,DB,DB,0,ACT,Richard Johnson,Richard,Johnson,1963-09-16,73,195,,00-0008606,,,,,,,,,,"https://static.www.nfl.com/image/private/f_auto,q_auto/league/x55j38novsis3dblztn8",JOH616839,,32004a4f-4861-6839-208a-66c0c2ae8267,,,
1986,DEN,WR,WR,0,ACT,Vance Johnson,Vance,Johnson,1963-03-13,71,174,,00-0008648,,,,,,,,,,"https://static.www.nfl.com/image/private/f_auto,q_auto/league/iry5euay1egcjgascqxi",JOH718836,,32004a4f-4871-8836-9cf3-d034813fb306,,,
1986,NO,LB,LB,0,ACT,Vaughan Johnson,Vaughan,Johnson,1962-03-24,75,235,,00-0008650,,,,,,,,,,"https://static.www.nfl.com/image/private/f_auto,q_auto/league/ifn0ceyehqsoylix7wv8",JOH723693,,32004a4f-4872-3693-649a-10f3d47c680b,,,
1986,MIN,WR,WR,0,ACT,Hassan Jones,Hassan,Jones,1964-07-02,72,198,,00-0008759,,,,,,,,,,"https://static.www.nfl.com/image/private/f_auto,q_auto/league/jejwg7rtjb8tmqupxoo7",JON378708,,32004a4f-4e37-8708-fa34-46c6b8e0333f,,,
1986,DET,RB,RB,0,ACT,James Jones,James,Jones,1961-03-21,74,229,,00-0008765,,,,,,,,,,"https://static.www.nfl.com/image/private/f_auto,q_auto/league/s2dqldxm3j4maeitldei",JON448470,,32004a4f-4e44-8470-97f8-358e8f1a0b11,,,
1986,TB,DB,DB,22,ACT,Rod Jones,Roderick,Jones,1964-03-31,72,175,,00-0008857,,,,,,,,,,"https://static.www.nfl.com/image/private/f_auto,q_auto/league/wplqig5fphmqbh1ecybr",JON697620,,32004a4f-4e69-7620-241c-35f0963d283e,,,
1986,RAI,DL,DE,0,ACT,Sean Jones,Dwight,Jones,1962-12-19,79,265,,00-0008865,,,,,,,,,,"https://static.www.nfl.com/image/private/f_auto,q_auto/league/pzrfhrlxxlxvym6zssl2",JON245828,,32004a4f-4e24-5828-f5c0-175e95b4ceb8,,,
1986,NO,RB,RB,0,ACT,Buford Jordan,Paul,Jordan,1962-06-26,72,222,,00-0008906,,,,,,,,,,"https://static.www.nfl.com/image/private/f_auto,q_auto/league/qbyygrepuudeomdbdnqm",JOR505568,,32004a4f-5250-5568-ce94-b817610e6f4c,,,
1986,MIN,TE,TE,0,ACT,Steve Jordan,Steven,Jordan,1961-01-10,75,230,,00-0008927,,,,,,,,,,"https://static.www.nfl.com/image/private/f_auto,q_auto/league/jo7cgflsgjgssdclwycm",JOR613904,,32004a4f-5261-3904-62cc-04f9d280b11d,,,
1986,PHI,LB,OLB,0,ACT,Seth Joyner,Seth,Joyner,1964-11-18,74,230,,00-0008953,,,,,,,,,,"https://static.www.nfl.com/image/private/f_auto,q_auto/league/i9hywjkrax4kwjid5nzi",JOY593270,,32004a4f-5959-3270-69ac-75c58591cf89,,,
1986,STL,LB,LB,0,ACT,E.J. Junior,Ester,Junior,1959-12-08,75,235,,00-0008959,,,,,,,,,,"https://static.www.nfl.com/image/private/f_auto,q_auto/league/gytb3lurrrsuoeugtweo",JUN166116,,32004a55-4e16-6116-feca-c4eb459001bf,,,
1986,RAI,LB,LB,89,ACT,Trey Junkin,Abner,Junkin,1961-01-23,74,221,,00-0008961,,,,,,,,,,"https://static.www.nfl.com/image/private/f_auto,q_auto/league/coo5knlaa6axzkrzq2rs",JUN498348,,32004a55-4e49-8348-c78d-09386823c18a,,,
1986,CIN,TE,TE,0,ACT,Eric Kattus,John,Kattus,1963-03-04,77,235,,00-0009033,,,,,,,,,,"https://static.www.nfl.com/image/private/f_auto,q_auto/league/w3akmik7btfmdcgns5uk",KAT711924,,32004b41-5471-1924-15e2-714592b1dd9e,,,
1986,SEA,OL,C,0,ACT,Kani Kauahi,Daniel,Kauahi,1959-09-06,74,260,,00-0009035,,,,,,,,,,"https://static.www.nfl.com/image/private/f_auto,q_auto/league/pqwsutodojvssl9rl4br",KAU118654,,32004b41-5511-8654-9d17-62d9bc16ad16,,,
1986,DEN,TE,TE,0,ACT,Clarence Kay,Clarence,Kay,1961-07-30,74,225,,00-0009045,,,,,,,,,,"https://static.www.nfl.com/image/private/f_auto,q_auto/league/hacf490w7zwvcgfooafn",KAY207645,,32004b41-5920-7645-f0c6-5da60aa3e3be,,,
1986,BUF,QB,QB,0,ACT,Jim Kelly,James,Kelly,1960-02-14,75,215,,00-0009111,,,,,,,,,,"https://static.www.nfl.com/image/private/f_auto,q_auto/league/ezhzfqgz0wubbwdmyxlt",KEL581385,,32004b45-4c58-1385-b67a-09f3fc8ad2f6,,,
1986,CIN,LB,LB,0,ACT,Joe Kelly,Joseph,Kelly,1964-12-11,74,227,,00-0009113,,,,,,,,,,"https://static.www.nfl.com/image/private/f_auto,q_auto/league/s0ouignpyda0jywoustu",KEL664440,,32004b45-4c66-4440-e733-4b32a51180e2,,,
1986,BUF,DB,DB,0,ACT,Mark Kelso,Mark,Kelso,1963-07-23,71,186,,00-0009127,,,,,,,,,,"https://static.www.nfl.com/image/private/f_auto,q_auto/league/vbmisp0cadshhd9dg1zj",KEL813939,,32004b45-4c81-3939-3b3b-d4c173b8db59,,,
1986,SF,QB,QB,9,ACT,Jeff Kemp,Jeffrey,Kemp,1959-07-11,72,201,,00-0009131,,,,,,,,,,"https://static.www.nfl.com/image/private/f_auto,q_auto/league/xg0jissqub74w1kdp8kz",KEM184574,,32004b45-4d18-4574-6f51-05064e312465,,,
1986,ATL,OL,OT,0,ACT,Mike Kenn,Michael,Kenn,1956-02-09,79,257,,00-0009142,,,,,,,,,,"https://static.www.nfl.com/image/private/f_auto,q_auto/league/sq5lyi1fhy0qvm0h65ci",KEN166115,,32004b45-4e16-6115-cf39-139193de1f91,,,
1986,STL,OL,G,0,ACT,Derek Kennard,Derek,Kennard,1962-09-09,75,285,,00-0009143,,,,,,,,,,"https://static.www.nfl.com/image/private/f_auto,q_auto/league/imm5u9hlpb7nzvvbyo3q",KEN199338,,32004b45-4e19-9338-f794-e98a09b4c477,,,
1986,DAL,OL,G,68,ACT,Crawford Ker,Crawford,Ker,1962-05-05,75,293,,00-0009170,,,,,,,,,,"https://static.www.nfl.com/image/private/f_auto,q_auto/league/xnjk8vb0ayawfcfbxqom",KER043714,,32004b45-5204-3714-97ff-f31383c90269,,,
1986,BUF,SPEC,P,0,ACT,John Kidd,Max,Kidd,1961-08-22,75,201,,00-0009204,,,,,,,,,,"https://static.www.nfl.com/image/private/f_auto,q_auto/league/ljpt6pzsnyns5an1efyl",KID415290,,32004b49-4441-5290-3591-77f061622866,,,
1986,IND,QB,QB,0,ACT,Blair Kiel,Blair,Kiel,1961-11-29,72,200,,00-0009209,,,,,,,,,,"https://static.www.nfl.com/image/private/f_auto,q_auto/league/eignwoh0c1ywbbkd20pz",KIE138430,,32004b49-4513-8430-c65f-beacb116760c,,,
1986,WAS,DL,DE,0,ACT,Markus Koch,Markus,Koch,1963-02-13,77,262,,00-0009390,,,,,,,,,,"https://static.www.nfl.com/image/private/f_auto,q_auto/league/e42qewajqbb5aqadid7p",KOC311466,,32004b4f-4331-1466-52cc-feab5403e422,,,
1986,CLE,QB,QB,0,ACT,Bernie Kosar,Bernie,Kosar,1963-11-25,77,210,,00-0009427,,,,,,,,,,"https://static.www.nfl.com/image/private/f_auto,q_auto/league/j5kwb9rb36prfdwyr71q",KOS075507,,32004b4f-5307-5507-6678-23c0b216ded5,,,
1986,CIN,OL,G,0,ACT,Bruce Kozerski,Bruce,Kozerski,1962-04-02,76,275,,00-0009442,,,,,,,,,,"https://static.www.nfl.com/image/private/f_auto,q_auto/league/fy5r923gvwu38exqdas6",KOZ237308,,32004b4f-5a23-7308-a678-b3a248c2de25,,,
1986,DEN,DL,NT,0,ACT,Greg Kragen,Greg,Kragen,1962-03-04,75,245,,00-0009447,,,,,,,,,,"https://static.www.nfl.com/image/private/f_auto,q_auto/league/xowq0vgownawcha1hvsy",KRA151014,,32004b52-4115-1014-b799-6a3dbeb9b7da,,,
1986,SEA,QB,QB,0,ACT,Dave Krieg,David,Krieg,1958-10-20,73,185,,00-0009475,,,,,,,,,,"https://static.www.nfl.com/image/private/f_auto,q_auto/league/srx5ku7mit9cvbapch11",KRI069215,,32004b52-4906-9215-3bd1-0d591dba0fb9,,,
1986,CIN,DL,NT,0,ACT,Tim Krumrie,Timothy,Krumrie,1960-05-20,74,247,,00-0009488,,,,,,,,,,"https://static.www.nfl.com/image/private/f_auto,q_auto/league/lqdan6qqpgvfsfkiga7d",KRU575019,,32004b52-5557-5019-7d31-99400926bd50,,,
1986,DEN,QB,QB,0,ACT,Gary Kubiak,Gary,Kubiak,1961-08-15,72,192,,00-0009490,,,,,,,,,,"https://static.www.nfl.com/image/private/f_auto,q_auto/league/e9tkipvmkvz3zoopendk",KUB415290,,32004b55-4241-5290-65f8-1c0e22a82bf6,,,
1986,SD,OL,OT,0,ACT,Jim Lachey,James,Lachey,1963-06-04,78,288,,00-0009541,,,,,,,,,,"https://static.www.nfl.com/image/private/f_auto,q_auto/league/sultgie6itwvvsylyzt1",LAC355962,,32004c41-4335-5962-6899-aa04a35f14da,,,
1986,NYG,SPEC,P,5,ACT,Sean Landeta,Sean,Landeta,1962-01-06,72,200,,00-0009584,,,,,,,,,,"https://static.www.nfl.com/image/private/f_auto,q_auto/league/ck6so8zwqjsmxhdabvog",LAN106026,,32004c41-4e10-6026-9cbb-d48fb01c2306,,,
1986,CLE,WR,WR,0,ACT,Reggie Langhorne,Reginald,Langhorne,1963-04-07,74,195,,00-0009621,,,,,,,,,,"https://static.www.nfl.com/image/private/f_auto,q_auto/league/owmuh5oalwuk6vxkuqhd",LAN583143,,32004c41-4e58-3143-4cd6-fa1789711f39,,,
1986,DEN,OL,OT,0,ACT,Ken Lanier,Kenneth,Lanier,1959-07-08,75,269,,00-0009625,,,,,,,,,,"https://static.www.nfl.com/image/private/f_auto,q_auto/league/nv964zgsf5hymt3imhbc",LAN618485,,32004c41-4e61-8485-38f9-ce8fdb812de7,,,
1986,MIA,DB,DB,44,ACT,Paul Lankford,Paul,Lankford,1958-06-15,73,178,,00-0009628,,,,,,,,,,"https://static.www.nfl.com/image/private/f_auto,q_auto/league/fy859cq1trw1pr7a695r",LAN671498,,32004c41-4e67-1498-c52f-21a7c393176c,,,
1986,NYJ,SPEC,K,0,ACT,Pat Leahy,Patrick,Leahy,1951-03-19,72,189,,00-0009716,,,,,,,,,,"https://static.www.nfl.com/image/private/f_auto,q_auto/league/jfnzyh66eospcquio1nq",LEA363377,,32004c45-4136-3377-2de6-ed68209b7976,,,
1986,MIN,DB,DB,0,ACT,Carl Lee,Carl,Lee,1961-02-06,71,176,,00-0009744,,,,,,,,,,"https://static.www.nfl.com/image/private/f_auto,q_auto/league/z66lpo71etqg7r5akzlv",LEE109285,,32004c45-4510-9285-4d05-181997dcb459,,,
1986,GB,DB,DB,0,ACT,Mark Lee,Mark,Lee,1958-03-20,71,187,,00-0009767,,,,,,,,,,"https://static.www.nfl.com/image/private/f_auto,q_auto/league/m3pjsljxoils1jcb7p9c",LEE458997,,32004c45-4545-8997-519d-7c77c877e515,,,
1986,MIA,OL,G,72,ACT,Ronnie Lee,Ronald,Lee,1956-12-24,75,236,,00-0009774,,,,,,,,,,"https://static.www.nfl.com/image/private/f_auto,q_auto/league/tgxku51zpyeweb0avx5q",LEE633853,,32004c45-4563-3853-50fd-3d2e58cc0a70,,,
1986,KC,DB,DB,0,ACT,Albert Lewis,Albert,Lewis,1960-10-06,74,193,,00-0009836,,,,,,,,,,"https://static.www.nfl.com/image/private/f_auto,q_auto/league/ugdxehxjdhtlt4ppp20t",LEW034606,,32004c45-5703-4606-f605-ff2d8ae35795,,,
1986,RAI,OL,C,0,ACT,Bill Lewis,William,Lewis,1963-07-12,78,275,,00-0009839,,,,,,,,,,"https://static.www.nfl.com/image/private/f_auto,q_auto/league/nvybpgzyk2s8c1hbq2nr",LEW761332,,32004c45-5776-1332-540d-bb0353b0df61,,,
1986,MIN,WR,WR,0,ACT,Leo Lewis,Leo,Lewis,1956-09-17,68,170,,00-0009879,,,,,,,,,,"https://static.www.nfl.com/image/private/f_auto,q_auto/league/gxq8rmwgwn30plqfwqbs",LEW484484,,32004c45-5748-4484-e61b-38a59fa6da8f,,,
1986,NE,OL,C,0,ACT,Adam Lingner,Adam,Lingner,1960-11-02,76,240,,00-0009956,,,,,,,,,,"https://static.www.nfl.com/image/private/f_auto,q_auto/league/orjwxc4cufpthycu9ws6",LIN601440,,32004c49-4e60-1440-f3a5-96af7c74f718,,,
1986,KC,OL,C,0,TRD,Adam Lingner,Adam,Lingner,1960-11-02,76,240,,00-0009956,,,,,,,,,,"https://static.www.nfl.com/image/private/f_auto,q_auto/league/orjwxc4cufpthycu9ws6",LIN601440,,32004c49-4e60-1440-f3a5-96af7c74f718,,,
1986,NE,DB,DB,0,ACT,Ronnie Lippett,Ronnie,Lippett,1960-12-10,71,180,,00-0009962,,,,,,,,,,"https://static.www.nfl.com/image/private/f_auto,q_auto/league/esykyd2tk0utu6rqs0gj",LIP237308,,32004c49-5023-7308-de75-2a09b2e9945d,,,
1986,PIT,WR,WR,0,ACT,Louis Lipps,Louis,Lipps,1962-08-09,70,190,,00-0009963,,,,,,,,,,"https://static.www.nfl.com/image/private/f_auto,q_auto/league/o0yofq2gib2uh6wlaa7g",LIP355962,,32004c49-5035-5962-eaa9-825335ad00bf,,,
1986,PHI,TE,TE,0,ACT,Dave Little,David,Little,1961-04-18,74,240,,00-0009967,,,,,,,,,,"https://static.www.nfl.com/image/private/f_auto,q_auto/league/y8hkwgqn6ctm4iu71t0d",LIT237308,,32004c49-5423-7308-275a-69fbca8641a1,,,
1986,PIT,LB,LB,0,ACT,David Little,David,Little,1959-01-03,73,220,,00-0009968,,,,,,,,,,"https://static.www.nfl.com/image/private/f_auto,q_auto/league/iibhnkaq1ylqadp5am9d",LIT244058,,32004c49-5424-4058-476a-85fbe1a9e59a,,,
1986,DAL,LB,LB,56,ACT,Eugene Lockhart,Eugene,Lockhart,1961-03-08,74,228,,00-0010010,,,,,,,,,,"https://static.www.nfl.com/image/private/f_auto,q_auto/league/ogailktpor6x0uafshm9",LOC581406,,32004c4f-4358-1406-5754-fdd30b0a9d08,,,
1986,GB,WR,WR,0,ACT,James Lofton,James,Lofton,1956-07-05,75,187,,00-0010023,,,,,,,,,,"https://static.www.nfl.com/image/private/f_auto,q_auto/league/ligcazckfbdlmcd2ekqv",LOF276861,,32004c4f-4627-6861-d09a-c92889cac8cf,,,
1986,DET,QB,QB,0,ACT,Chuck Long,Charles,Long,1963-02-18,76,211,,00-0010054,,,,,,,,,,"https://static.www.nfl.com/image/private/f_auto,q_auto/league/v0dburnmc8qsown5ylbc",LON202032,,32004c4f-4e20-2032-8f78-01f6acbaa737,,,
1986,PIT,OL,G,0,ACT,Terry Long,Terry,Long,1959-07-21,71,272,,00-0010068,,,,,,,,,,"https://static.www.nfl.com/image/private/f_auto,q_auto/league/yugthm2etp7o9dpuzhvm",LON561200,,32004c4f-4e56-1200-b33e-df956c33f69f,,,
1986,SF,DB,FS,42,ACT,Ronnie Lott,Ronald,Lott,1959-05-08,72,199,,00-0010088,,,,,,,,,,"https://static.www.nfl.com/image/private/f_auto,q_auto/league/atxlkaso6zkduzfqa3h7",LOT519110,,32004c4f-5451-9110-88f3-31d71093cc4e,,,
1986,RAM,OL,G,0,ACT,Duval Love,Duval,Love,1963-06-24,75,263,,00-0010096,,,,,,,,,,"https://static.www.nfl.com/image/private/f_auto,q_auto/league/pphhzcqhvikrrtoccqn7",LOV063891,,32004c4f-5606-3891-6a7c-f3426b8842c8,,,
1986,MIN,OL,C,0,ACT,Kirk Lowdermilk,Robert,Lowdermilk,1963-04-10,75,265,,00-0010111,,,,,,,,,,"https://static.www.nfl.com/image/private/f_auto,q_auto/league/xpj8vfpogjxut5gnqqss",LOW069215,,32004c4f-5706-9215-df6e-1bd177888f24,,,
1986,KC,SPEC,K,0,ACT,Nick Lowery,Dominic,Lowery,1956-05-27,76,190,,00-0010124,,,,,,,,,,"https://static.www.nfl.com/image/private/f_auto,q_auto/league/p0rgqmy96igavbuv7ajn",LOW553720,,32004c4f-5755-3720-b2dc-99cb3cfbe58c,,,
1986,KC,OL,OT,0,ACT,Dave Lutz,David,Lutz,1959-12-20,78,282,,00-0010171,,,,,,,,,,"https://static.www.nfl.com/image/private/f_auto,q_auto/league/zepiccvc5pprbnw1v5ki",LUT553722,,32004c55-5455-3722-6de0-3af0f91fe506,,,
1986,HOU,LB,OLB,0,ACT,Robert Lyles,Robert,Lyles,1961-03-21,73,210,,00-0010180,,,,,,,,,,"https://static.www.nfl.com/image/private/f_auto,q_auto/league/kzsjxxhlu8zqc7kifcnt",LYL692150,,32004c59-4c69-2150-ad71-f0067102ede7,,,
1986,KC,DL,NT,0,ACT,Bill Maas,William,Maas,1962-03-02,77,265,,00-0010210,,,,,,,,,,"https://static.www.nfl.com/image/private/f_auto,q_auto/league/ms3ksa2f9b7gcyrdid2u",MAA553722,,32004d41-4155-3722-de41-2bf79f9baf6d,,,
1986,STL,DB,DB,0,ACT,Cedric Mack,Cedric,Mack,1960-09-14,72,190,,00-0010227,,,,,,,,,,"https://static.www.nfl.com/image/private/f_auto,q_auto/league/ect15lvxl6zdupdgglkg",MAC284141,,32004d41-4328-4141-9f82-3afc4b2f9e77,,,
1986,CLE,RB,RB,0,ACT,Kevin Mack,James,Mack,1962-08-09,72,212,,00-0010233,,,,,,,,,,"https://static.www.nfl.com/image/private/f_auto,q_auto/league/tcalwygw0rof0cmuodig",MAC305998,,32004d41-4330-5998-7a59-4643a4ecbf03,,,
1986,HOU,OL,G,0,ACT,Don Maggs,Donald,Maggs,1961-11-01,77,265,,00-0010271,,,,,,,,,,"https://static.www.nfl.com/image/private/f_auto,q_auto/league/sch67zcamxfxf1ushuuo",MAG383346,,32004d41-4738-3346-e5ac-632b5f241b51,,,
1986,WAS,DL,DE,0,ACT,Dexter Manley,Dexter,Manley,1959-07-02,75,253,,00-0010337,,,,,,,,,,"https://static.www.nfl.com/image/private/f_auto,q_auto/league/rlpgt481dne3ce7kjv3v",MAN351384,,32004d41-4e35-1384-4cc4-785399825378,,,
1986,WAS,DL,DE,0,ACT,Charles Mann,Charles,Mann,1961-04-12,78,250,,00-0010339,,,,,,,,,,"https://static.www.nfl.com/image/private/f_auto,q_auto/league/arknhemkjjfvmajksneb",MAN399300,,32004d41-4e39-9300-b408-0d1c44f2482a,,,
1986,MIA,QB,QB,13,ACT,Dan Marino,Daniel,Marino,1961-09-15,76,214,,00-0010379,,,,,,,,,,"https://static.www.nfl.com/image/private/f_auto,q_auto/league/jk97vzadmthvdyu8mbr2",MAR149079,,32004d41-5214-9079-a444-ee027ebabf98,,,
1986,NE,DB,DB,0,ACT,Fred Marion,Fred,Marion,1959-01-02,74,196,,00-0010383,,,,,,,,,,"https://static.www.nfl.com/image/private/f_auto,q_auto/league/ahb3qbglhisatq7d61ob",MAR170376,,32004d41-5217-0376-2697-1b879d86203b,,,
1986,NYG,DL,DE,70,ACT,Leonard Marshall,Leonard,Marshall,1961-10-22,75,285,,00-0010422,,,,,,,,,,"https://static.www.nfl.com/image/private/f_auto,q_auto/league/ezlri0rde4c8l6vs6jld",MAR440138,,32004d41-5244-0138-7f5b-74d4640aeac9,,,
1986,CHI,LB,OLB,0,ACT,Wilber Marshall,Wilber,Marshall,1962-04-18,73,230,,00-0010431,,,,,,,,,,"https://static.www.nfl.com/image/private/f_auto,q_auto/league/igbdcw41ighuhynivr2w",MAR475633,,32004d41-5247-5633-39e1-a5bb6a6be38c,,,
1986,MIN,LB,OLB,0,ACT,Chris Martin,Christopher,Martin,1960-12-19,74,220,,00-0010440,,,,,,,,,,"https://static.www.nfl.com/image/private/f_auto,q_auto/league/dtwwqjxqfx32untjxqyh",MAR539524,,32004d41-5253-9524-8a7f-a3b20cd40e03,,,
1986,NO,WR,WR,0,ACT,Eric Martin,Eric,Martin,1961-11-08,73,195,,00-0010452,,,,,,,,,,"https://static.www.nfl.com/image/private/f_auto,q_auto/league/fhpdnjqrck3wusybqz9f",MAR589217,,32004d41-5258-9217-8723-0a84659a9b4e,,,
1986,BUF,LB,ILB,0,ACT,Eugene Marve,Eugene,Marve,1960-08-14,74,230,,00-0010488,,,,,,,,,,"https://static.www.nfl.com/image/private/f_auto,q_auto/league/rcygt2abgk6ipfin0g9t",MAR809286,,32004d41-5280-9286-bb7d-0ace0ea484b5,,,
1986,NE,OL,C,0,ACT,Trevor Matich,Trevor,Matich,1961-10-09,76,270,,00-0010541,,,,,,,,,,"https://static.www.nfl.com/image/private/f_auto,q_auto/league/ehdlxdl1nochu52joglr",MAT297749,,32004d41-5429-7749-366a-d5fce20305d3,,,
1986,SEA,OL,OT,0,ACT,Ron Mattes,Ronald,Mattes,1963-08-08,78,285,,00-0010545,,,,,,,,,,"https://static.www.nfl.com/image/private/f_auto,q_auto/league/ba9oj6vryitucfwxf3zg",MAT470130,,32004d41-5447-0130-b345-673534350b8a,,,
1986,ATL,WR,WR,0,ACT,Aubrey Matthews,Aubrey,Matthews,1962-09-15,67,165,,00-0010547,,,,,,,,,,"https://static.www.nfl.com/image/private/f_auto,q_auto/league/zpeazokvh0kjclrrtiyg",MAT517143,,32004d41-5451-7143-7c1a-29d4379cf650,,,
1986,HOU,OL,OT,74,ACT,Bruce Matthews,Bruce,Matthews,1961-08-08,77,276,,00-0010550,,,,,,,,,,"https://static.www.nfl.com/image/private/f_auto,q_auto/league/lwpxlqinrbtgchvk8uvb",MAT532814,,32004d41-5453-2814-2d51-b1549622bb0d,,,
1986,CLE,LB,OLB,0,ACT,Clay Matthews,William,Matthews,1956-03-15,74,230,,00-0010552,,,,,,,,,,"https://static.www.nfl.com/image/private/f_auto,q_auto/league/fwbsdl9tsqqopjndwj7k",MAT611169,,32004d41-5461-1169-f1aa-50dd6f136862,,,
1986,NO,DB,DB,0,ACT,Brett Maxie,Brett,Maxie,1962-01-13,74,190,,00-0010579,,,,,,,,,,"https://static.www.nfl.com/image/private/f_auto,q_auto/league/qodhajo5ufs4g5ari9jx",MAX207644,,32004d41-5820-7644-1476-8531a9e753f0,,,
1986,WAS,OL,OT,0,ACT,Mark May,Mark,May,1959-11-02,78,288,,00-0010591,,,,,,,,,,"https://static.www.nfl.com/image/private/f_auto,q_auto/league/fnoicpwkorkzfrpim3xb",MAY125845,,32004d41-5912-5845-9e85-d078e42c6e9c,,,
1986,NO,RB,RB,0,ACT,Rueben Mayes,Rueben,Mayes,1963-06-06,71,201,,00-0010602,,,,,,,,,,"https://static.www.nfl.com/image/private/f_auto,q_auto/league/yjucannq4cl62mc8iucj",MAY453042,,32004d41-5945-3042-40b6-52ee72eb8cfe,,,
1986,RAM,LB,LB,0,ACT,Mike McDonald,Michael,McDonald,1958-06-22,73,235,,00-0010802,,,,,,,,,,"https://static.www.nfl.com/image/private/f_auto,q_auto/league/cmcrwrasbpihqnp8pstk",MCD474600,,32004d43-4447-4600-3667-417992fe230a,,,
1986,NYJ,OL,OT,0,ACT,Reggie McElroy,Reginald,McElroy,1960-03-04,78,270,,00-0010829,,,,,,,,,,"https://static.www.nfl.com/image/private/f_auto,q_auto/league/s9pv0sktr4jep6vtaddm",MCE184574,,32004d43-4518-4574-a959-aa69c8fcd0f5,,,
1986,RAI,DB,DB,0,ACT,Vann McElroy,Vann,McElroy,1960-01-13,74,190,,00-0010830,,,,,,,,,,"https://static.www.nfl.com/image/private/f_auto,q_auto/league/jet5q8wozkbt5ufeine3",MCE276861,,32004d43-4527-6861-a674-2519e153e90f,,,
1986,SD,RB,RB,0,ACT,Buford McGee,Buford,McGee,1960-08-16,72,206,,00-0010849,,,,,,,,,,"https://static.www.nfl.com/image/private/f_auto,q_auto/league/lyfvklpazdfgl1atc7tr",MCG095832,,32004d43-4709-5832-b981-23e0c80ee227,,,
1986,CIN,WR,WR,0,ACT,Tim McGee,Timothy,McGee,1964-08-07,70,175,,00-0010857,,,,,,,,,,"https://static.www.nfl.com/image/private/f_auto,q_auto/league/c8y1wp9cdnrewinh80ha",MCG223608,,32004d43-4722-3608-7a97-04aa08bffa12,,,
1986,SF,OL,G,62,ACT,Guy McIntyre,Guy,McIntyre,1961-02-17,75,271,,00-0010915,,,,,,,,,,"https://static.www.nfl.com/image/private/f_auto,q_auto/league/rzkspecprorzxosqbphy",MCI609092,,32004d43-4960-9092-953b-686469fdf450,,,
1986,WAS,OL,G,0,ACT,Raleigh McKenzie,Raleigh,McKenzie,1963-02-08,74,262,,00-0010945,,,,,,,,,,"https://static.www.nfl.com/image/private/f_auto,q_auto/league/hpso2q9kwxf07tzijhha",MCK266967,,32004d43-4b26-6967-3972-3925a20f2c98,,,
1986,RAI,LB,LB,0,ACT,Reggie McKenzie,Reginald,McKenzie,1963-02-08,73,240,,00-0010947,,,,,,,,,,"https://static.www.nfl.com/image/private/f_auto,q_auto/league/mfu64anvzimcc9zpteee",MCK326293,,32004d43-4b32-6293-dee1-ff6e6ec20c85,,,
1986,SD,OL,G,0,ACT,Dennis McKnight,Dennis,McKnight,1959-09-12,75,273,,00-0010973,,,,,,,,,,"https://static.www.nfl.com/image/private/f_auto,q_auto/league/wz3fpnl4goojqmak4w0n",MCK711912,,32004d43-4b71-1912-79eb-6cad4770bd25,,,
1986,SF,DB,DB,22,ACT,Tim McKyer,Timothy,McKyer,1963-09-05,72,174,,00-0010979,,,,,,,,,,"https://static.www.nfl.com/image/private/f_auto,q_auto/league/lduqviq0yzv70gksjmte",MCK800901,,32004d43-4b80-0901-851e-8c14bdc6d282,,,
1986,CHI,QB,QB,9,ACT,Jim McMahon,James,McMahon,1959-08-21,73,187,,00-0010997,,,,,,,,,,"https://static.www.nfl.com/image/private/f_auto,q_auto/league/lebvefpsnyrrseabqo3i",MCM166115,,32004d43-4d16-6115-ff3f-11cf4f57112c,,,
1986,CHI,DL,DT,0,ACT,Steve McMichael,Steve,McMichael,1957-10-17,74,245,,00-0011001,,,,,,,,,,"https://static.www.nfl.com/image/private/f_auto,q_auto/league/yjvs2gdbdgetv4c7jkpb",MCM299007,,32004d43-4d29-9007-c3e4-e0873e5aacd7,,,
1986,HOU,DB,DB,0,ACT,Audray McMillian,Audray,McMillian,1962-08-13,71,190,,00-0011011,,,,,,,,,,"https://static.www.nfl.com/image/private/f_auto,q_auto/league/k98f8nsulfi3qbsg1qte",MCM598014,,32004d43-4d59-8014-f30a-e343c033af4c,,,
1986,NYJ,RB,RB,0,ACT,Freeman McNeil,Freeman,McNeil,1959-04-22,71,216,,00-0011035,,,,,,,,,,"https://static.www.nfl.com/image/private/f_auto,q_auto/league/heaedw8ihtywzevb8wvg",MCN519105,,32004d43-4e51-9105-a7e9-71db3a6b17f5,,,
1986,DET,DB,DB,0,ACT,Bruce McNorton,Bruce,McNorton,1959-02-28,71,175,,00-0011042,,,,,,,,,,"https://static.www.nfl.com/image/private/f_auto,q_auto/league/rkxcnqwjpvdo9qdymnui",MCN761354,,32004d43-4e76-1354-b5d5-4880d6d4abc9,,,
1986,HOU,LB,OLB,0,ACT,Johnny Meads,Johnny,Meads,1961-06-25,74,220,,00-0011078,,,,,,,,,,"https://static.www.nfl.com/image/private/f_auto,q_auto/league/gnks2p7bui8tgjznj9lo",MEA575019,,32004d45-4157-5019-56d5-426bde66dd7a,,,
1986,DEN,LB,LB,0,ACT,Karl Mecklenburg,Karl,Mecklenburg,1960-09-01,75,250,,00-0011082,,,,,,,,,,"https://static.www.nfl.com/image/private/f_auto,q_auto/league/bxjjfz7jx7bfvm1kclln",MEC553722,,32004d45-4355-3722-2b30-22f7aa9cd2b3,,,
1986,RAM,DL,DE,0,ACT,Greg Meisner,Gregory,Meisner,1959-04-23,75,253,,00-0011102,,,,,,,,,,"https://static.www.nfl.com/image/private/f_auto,q_auto/league/p0y4xhzgzwp5v6scfthd",MEI593270,,32004d45-4959-3270-f779-1b351a8a0e9d,,,
1986,PIT,LB,OLB,0,ACT,Mike Merriweather,Michael,Merriweather,1960-11-26,74,215,,00-0011140,,,,,,,,,,"https://static.www.nfl.com/image/private/f_auto,q_auto/league/cleutjc8fxbr3dkqflrx",MER622923,,32004d45-5262-2923-dd10-e3b0ad2950bb,,,
1986,BUF,TE,TE,0,ACT,Pete Metzelaars,Peter,Metzelaars,1960-05-24,79,240,,00-0011156,,,,,,,,,,"https://static.www.nfl.com/image/private/f_auto,q_auto/league/tfg14ohm2su1yr5hr3sd",MET593270,,32004d45-5459-3270-408f-58a4d1d2cb56,,,
1986,NYJ,DB,DB,0,ACT,Rich Miano,Richard,Miano,1962-09-03,73,200,,00-0011169,,,,,,,,,,"https://static.www.nfl.com/image/private/f_auto,q_auto/league/o2bj1878vp7cz5xczcea",MIA622935,,32004d49-4162-2935-ec30-4692d15ad1e8,,,
1986,ATL,TE,TE,0,ACT,Ron Middleton,Ronald,Middleton,1965-07-17,74,252,,00-0011197,,,,,,,,,,"https://static.www.nfl.com/image/private/f_auto,q_auto/league/bq85urwxvzlnaitqexrz",MID581406,,32004d49-4458-1406-bf11-516dea964ae6,,,
1986,SEA,OL,G,0,ACT,Bryan Millard,Bryan,Millard,1960-12-02,77,282,,00-0011227,,,,,,,,,,"https://static.www.nfl.com/image/private/f_auto,q_auto/league/vhtocxj8j9oujj74lcm5",MIL090453,,32004d49-4c09-0453-1865-3feb55aac4ff,,,
1986,MIN,DL,DT,0,ACT,Keith Millard,Keith,Millard,1962-03-18,78,260,,00-0011228,,,,,,,,,,"https://static.www.nfl.com/image/private/f_auto,q_auto/league/tz1wawl4twdl78vnbvwh",MIL098676,,32004d49-4c09-8676-ca73-15d986b6e94b,,,
1986,RAI,LB,LB,0,ACT,Matt Millen,Matthew,Millen,1958-03-12,74,250,,00-0011231,,,,,,,,,,"https://static.www.nfl.com/image/private/f_auto,q_auto/league/smc0ujeksjw9cgflh5ja",MIL115122,,32004d49-4c11-5122-c3b2-3915a702ee88,,,
1986,ATL,OL,OT,0,ACT,Brett Miller,Brett,Miller,1958-10-02,79,290,,00-0011239,,,,,,,,,,"https://static.www.nfl.com/image/private/f_auto,q_auto/league/fvvhx6792y1oupqlgnkn",MIL148014,,32004d49-4c14-8014-f4f6-c51e3774ad8c,,,
1986,NO,LB,LB,0,ACT,Sam Mills,Samuel,Mills,1959-06-03,69,225,,00-0011335,,,,,,,,,,"https://static.www.nfl.com/image/private/f_auto,q_auto/league/x5ayzdjsqp1zyn2pvvl1",MIL723624,,32004d49-4c72-3624-6226-d25ebbe10183,,,
1986,CLE,DB,DB,0,ACT,Frank Minnifield,Frank,Minnifield,1960-01-01,69,180,,00-0011360,,,,,,,,,,"https://static.www.nfl.com/image/private/f_auto,q_auto/league/f5dysbkskyyorvtv0jph",MIN439713,,32004d49-4e43-9713-29fd-9f5398f3b411,,,
1986,STL,RB,RB,0,ACT,Stump Mitchell,Lyvonia,Mitchell,1959-03-15,69,188,,00-0011437,,,,,,,,,,"https://static.www.nfl.com/image/private/f_auto,q_auto/league/cxnaemm0sfhqixlmhemy",MIT471408,,32004d49-5447-1408-89e5-e30908b87220,,,
1986,SEA,DL,DE,0,ACT,Alonzo Mitz,Alonzo,Mitz,1963-06-05,75,275,,00-0011444,,,,,,,,,,"https://static.www.nfl.com/image/private/f_auto,q_auto/league/logtml1rzx4wgb1tzvvc",MIT808128,,32004d49-5480-8128-ea10-4e2c036847ce,,,
1986,SD,SPEC,P,0,ACT,Ralf Mojsiejenko,Ralf,Mojsiejenko,1963-01-28,75,198,,00-0011465,,,,,,,,,,"https://static.www.nfl.com/image/private/f_auto,q_auto/league/vvsxvnmbvmqoudakscmi",MOJ553722,,32004d4f-4a55-3722-7014-ececa035a9e3,,,
1986,WAS,WR,WR,0,ACT,Art Monk,James,Monk,1957-12-05,75,209,,00-0011483,,,,,,,,,,"https://static.www.nfl.com/image/private/f_auto,q_auto/league/lhnetc7kndqwtytjysi3",MON230710,,32004d4f-4e23-0710-1d31-caef8f192a86,,,
1986,SF,QB,QB,16,ACT,Joe Montana,Joseph,Montana,1956-06-11,74,200,,00-0011493,,,,,,,,,,"https://static.www.nfl.com/image/private/f_auto,q_auto/league/ueq3x4ldeixk2h5wq3n7",MON392207,,32004d4f-4e39-2207-dc8d-f68a92cca5ac,,,
1986,HOU,QB,QB,0,ACT,Warren Moon,Harold,Moon,1956-11-18,75,210,,00-0011524,,,,,,,,,,"https://static.www.nfl.com/image/private/f_auto,q_auto/league/nmnwarb1fy1d8xrefvfc",MOO057675,,32004d4f-4f05-7675-86d2-2829a12c6d4a,,,
1986,GB,OL,C,0,ACT,Rich Moran,Richard,Moran,1962-03-19,75,272,,00-0011633,,,,,,,,,,"https://static.www.nfl.com/image/private/f_auto,q_auto/league/yy31xwfa1cxikzb2cwgy",MOR076275,,32004d4f-5207-6275-171e-89d7cb4ce4a3,,,
1986,NYG,RB,RB,20,ACT,Joe Morris,Joseph,Morris,1960-09-15,67,190,,00-0011685,,,,,,,,,,"https://static.www.nfl.com/image/private/f_auto,q_auto/league/eghc9nhfbt6o7yin73ra",MOR449175,,32004d4f-5244-9175-dbe7-5793d6cc2ab7,,,
1986,CHI,LB,LB,0,ACT,Jim Morrissey,James,Morrissey,1962-12-24,75,215,,00-0011717,,,,,,,,,,"https://static.www.nfl.com/image/private/f_auto,q_auto/league/ily5o53lilhglyynqbcl",MOR678000,,32004d4f-5267-8000-d922-663e6a29ee96,,,
1986,RAI,OL,C,0,ACT,Don Mosebar,Donald,Mosebar,1961-09-11,78,270,,00-0011732,,,,,,,,,,"https://static.www.nfl.com/image/private/f_auto,q_auto/league/wgtczp0rbfjdfpwojear",MOS059326,,32004d4f-5305-9326-84d1-a67fdf066dcf,,,
1986,NYG,TE,TE,84,ACT,Zeke Mowatt,Ezekiel,Mowatt,1961-03-05,75,238,,00-0011774,,,,,,,,,,"https://static.www.nfl.com/image/private/f_auto,q_auto/league/pzp8bdjpisphve4iju2z",MOW415291,,32004d4f-5741-5291-1545-ee92f4ebcdda,,,
1986,MIN,TE,TE,0,ACT,Mike Mularkey,Michael,Mularkey,1961-11-19,76,245,,00-0011799,,,,,,,,,,"https://static.www.nfl.com/image/private/f_auto,q_auto/league/b4ejsrdahvduzsivc5gt",MUL039551,,32004d55-4c03-9551-97dd-4711fcb801ca,,,
1986,HOU,OL,G,0,ACT,Mike Munchak,Michael,Munchak,1960-03-05,75,263,,00-0011819,,,,,,,,,,"https://static.www.nfl.com/image/private/f_auto,q_auto/league/omegshmowbqrxvq7uk8f",MUN075507,,32004d55-4e07-5507-7a53-9966e6dd9829,,,
1986,CIN,OL,OT,0,ACT,Anthony Munoz,Michael,Munoz,1958-08-19,78,278,,00-0011825,,,,,,,,,,"https://static.www.nfl.com/image/private/f_auto,q_auto/league/gxq4pfj2dmx0xp66te4j",MUN604056,,32004d55-4e60-4056-a42d-5876dafe64d5,,,
1986,TB,LB,LB,59,ACT,Kevin Murphy,Kevin,Murphy,1963-09-08,74,230,,00-0011844,,,,,,,,,,"https://static.www.nfl.com/image/private/f_auto,q_auto/league/gfrqbkwbosfrhptdirdc",MUR303870,,32004d55-5230-3870-46e4-744ce7e4cce6,,,
1986,DET,SPEC,K,0,ACT,Eddie Murray,Edward,Murray,1956-08-29,70,175,,00-0011859,,,,,,,,,,"https://static.www.nfl.com/image/private/f_auto,q_auto/league/bxywc4m8gikzzzbancry",MUR607740,,32004d55-5260-7740-9f22-1de17e7a4532,,,
1986,SEA,DL,NT,0,ACT,Joe Nash,Joseph,Nash,1960-10-11,75,250,,00-0011929,,,,,,,,,,"https://static.www.nfl.com/image/private/f_auto,q_auto/league/hzqvc7bmt9mmqfa26zhb",NAS138430,,32004e41-5313-8430-f89a-5eca8e73e15d,,,
1986,MIN,RB,RB,0,ACT,Darrin Nelson,Darrin,Nelson,1959-01-02,69,180,,00-0011997,,,,,,,,,,"https://static.www.nfl.com/image/private/f_auto,q_auto/league/hncynvsmnndttnutlszs",NEL249174,,32004e45-4c24-9174-8c97-cb8940b031fb,,,
1986,GB,OL,G,0,ACT,Tom Neville,Thomas,Neville,1961-09-04,77,280,,00-0012041,,,,,,,,,,"https://static.www.nfl.com/image/private/f_auto,q_auto/league/kozqjqrbckll7lmso7nw",NEV498348,,32004e45-5649-8348-4974-4c0323ca9ad5,,,
1986,RAM,OL,G,0,ACT,Tom Newberry,Thomas,Newberry,1962-12-20,74,279,,00-0012044,,,,,,,,,,"https://static.www.nfl.com/image/private/f_auto,q_auto/league/tzblg269yfjvrmrgmchs",NEW160758,,32004e45-5716-0758-d43e-a14f2435f44a,,,
1986,PIT,SPEC,P,0,ACT,Harry Newsome,Harry,Newsome,1963-01-25,72,192,,00-0012067,,,,,,,,,,"https://static.www.nfl.com/image/private/f_auto,q_auto/league/ebidfuwu9gynbems1nuw",NEW562653,,32004e45-5756-2653-ae27-5e563c487404,,,
1986,RAM,DB,DB,0,ACT,Vince Newsome,Vincent,Newsome,1961-01-22,73,179,,00-0012071,,,,,,,,,,"https://static.www.nfl.com/image/private/f_auto,q_auto/league/tuyyfqlzoj6pcg2wmsxe",NEW643032,,32004e45-5764-3032-4075-736544a54ffb,,,
1986,DAL,OL,G,67,ACT,Nate Newton,Nathaniel,Newton,1961-12-20,75,306,,00-0012081,,,,,,,,,,"https://static.www.nfl.com/image/private/f_auto,q_auto/league/dbgczukxafswgg8sjeq1",NEW723411,,32004e45-5772-3411-9b63-585fcd967c30,,,
1986,MIN,DL,DT,0,ACT,Tim Newton,Timothy,Newton,1963-03-23,72,302,,00-0012082,,,,,,,,,,"https://static.www.nfl.com/image/private/f_auto,q_auto/league/ovyihmxifbvwstlknha5",NEW803790,,32004e45-5780-3790-d81d-460bd87bdc1b,,,
1986,GB,LB,OLB,0,ACT,Brian Noble,Brian,Noble,1962-09-06,75,237,,00-0012136,,,,,,,,,,"https://static.www.nfl.com/image/private/f_auto,q_auto/league/dgl0e3borcmoagnxyn6n",NOB249174,,32004e4f-4224-9174-f1dc-eecffe111963,,,
1986,STL,LB,LB,0,ACT,Niko Noga,Falaniko,Noga,1962-03-01,73,230,,00-0012147,,,,,,,,,,"https://static.www.nfl.com/image/private/f_auto,q_auto/league/f3i8m7bobses6l7yupqx",NOG415290,,32004e4f-4741-5290-4a98-9d87f9b2daef,,,
1986,BUF,SPEC,K,0,ACT,Scott Norwood,Scott,Norwood,1960-07-17,72,207,,00-0012203,,,,,,,,,,"https://static.www.nfl.com/image/private/f_auto,q_auto/league/x5kgx3yynfnemjrii0rm",NOR812520,,32004e4f-5281-2520-f188-8491d141c44e,,,
1986,STL,TE,TE,0,ACT,Jay Novacek,Jay,Novacek,1962-10-24,76,217,,00-0012208,,,,,,,,,,"https://static.www.nfl.com/image/private/f_auto,q_auto/league/shhxhfbwqiknznsqqfr0",NOV103822,,32004e4f-5610-3822-a001-c9393fdf6109,,,
1986,STL,LB,OLB,0,ACT,Freddie Joe Nunn,Fred,Nunn,1962-04-09,76,228,,00-0012225,,,,,,,,,,"https://static.www.nfl.com/image/private/f_auto,q_auto/league/b1sat7s5w99mhn6pqoqk",NUN498348,,32004e55-4e49-8348-3bc0-d23684d90d22,,,
1986,NYJ,QB,QB,7,ACT,Ken O'Brien,Kenneth,O'Brien,1960-11-27,76,210,,00-0012246,,,,,,,,,,"https://static.www.nfl.com/image/private/f_auto,q_auto/league/uvy0opr8dz2irype6l8l",OBR553720,,32004f42-5255-3720-ed24-753edec64aa6,,,
1986,SD,LB,LB,0,ACT,Leslie O'Neal,Leslie,O'Neal,1964-05-07,76,251,,00-0012274,,,,,,,,,,"https://static.www.nfl.com/image/private/f_auto,q_auto/league/f9xhblgx81wtbevy7hgq",ONE177981,,32004f4e-4517-7981-5c65-807d135b7553,,,
1986,NYG,OL,C,65,ACT,Bart Oates,Bart,Oates,1958-12-16,75,267,,00-0012288,,,,,,,,,,"https://static.www.nfl.com/image/private/f_auto,q_auto/league/tkogealjhzswalqyrpqx",OAT166116,,32004f41-5416-6116-e07e-93c9d481f158,,,
1986,IND,LB,LB,0,ACT,Cliff Odom,Clifton,Odom,1958-08-15,74,225,,00-0012306,,,,,,,,,,"https://static.www.nfl.com/image/private/f_auto,q_auto/league/zo3nufo8hzcsetle8u17",ODO063891,,32004f44-4f06-3891-a3a1-4dbf7d6de760,,,
1986,MIA,LB,LB,56,ACT,John Offerdahl,John,Offerdahl,1964-08-17,75,232,,00-0012314,,,,,,,,,,"https://static.www.nfl.com/image/private/f_auto,q_auto/league/uz1ulv1b4sykv3ykmrxa",OFF276861,,32004f46-4627-6861-2f15-5e3214f40cc5,,,
1986,WAS,RB,RB,0,ACT,Terry Orr,Terrance,Orr,1961-09-27,75,227,,00-0012409,,,,,,,,,,"https://static.www.nfl.com/image/private/f_auto,q_auto/league/goucnv3bivkpbntwewrn",ORR553722,,32004f52-5255-3722-48ca-03a65a46745e,,,
1986,KC,WR,WR,0,ACT,Stephone Paige,Stephone,Paige,1961-10-15,74,180,,00-0012505,,,,,,,,,,"https://static.www.nfl.com/image/private/f_auto,q_auto/league/usrm2skbgazookufetfd",PAI415290,,32005041-4941-5290-768d-d6a2129de6c3,,,
1986,NYJ,RB,RB,0,ACT,Tony Paige,Anthony,Paige,1962-10-14,70,225,,00-0012506,,,,,,,,,,"https://static.www.nfl.com/image/private/f_auto,q_auto/league/ffe7gawlhgdztxidgkfk",PAI138430,,32005041-4913-8430-8d0b-858cef1afa33,,,
1986,RAM,OL,OT,0,ACT,Irvin Pankey,Irvin,Pankey,1958-02-15,76,267,,00-0012531,,,,,,,,,,"https://static.www.nfl.com/image/private/f_auto,q_auto/league/bmpcq4qzwzvlmxzq3ntt",PAN664464,,32005041-4e66-4464-5d7f-e5b983df2bc1,,,
1986,SF,OL,OT,77,ACT,Bubba Paris,William,Paris,1960-10-06,78,293,,00-0012542,,,,,,,,,,"https://static.www.nfl.com/image/private/f_auto,q_auto/league/sta0vnjbyzyhek1zigsx",PAR081696,,32005041-5208-1696-f9b3-10a1bf118168,,,
1986,NYG,DB,DB,34,ACT,Elvis Patterson,Elvis,Patterson,1960-10-21,71,190,,00-0012648,,,,,,,,,,"https://static.www.nfl.com/image/private/f_auto,q_auto/league/smihdmtkipp7xglm9gi7",PAT441235,,32005041-5444-1235-4af7-e6d821b46a45,,,
1986,KC,DB,DB,0,ACT,J.C. Pearson,Jayice,Pearson,1963-08-17,71,183,,00-0012711,,,,,,,,,,"https://static.www.nfl.com/image/private/f_auto,q_auto/league/waoba09qkp42pg9p8bp4",PEA484498,,32005045-4148-4498-9334-c81d7a9fd114,,,
1986,DAL,QB,QB,16,ACT,Steve Pelluer,Steven,Pelluer,1962-07-29,76,204,,00-0012748,,,,,,,,,,"https://static.www.nfl.com/image/private/f_auto,q_auto/league/u8z9jeni8iiwf18kzzju",PEL726754,,32005045-4c72-6754-301c-a557f5f44baa,,,
1986,CHI,DL,DT,72,ACT,William Perry,William,Perry,1962-12-16,74,325,,00-0012831,,,,,,,,,,"https://static.www.nfl.com/image/private/f_auto,q_auto/league/aeeanzxuwwmquk1kfhgt",PER762750,,32005045-5276-2750-d2d1-cbd74f492b2f,,,
1986,MIN,DL,DT,0,ACT,Joe Phillips,Joseph,Phillips,1963-07-15,77,280,,00-0012925,,,,,,,,,,"https://static.www.nfl.com/image/private/f_auto,q_auto/league/jt1345wj2y7itf7hpz1l",PHI387840,,32005048-4938-7840-c028-6f85ebd6e08c,,,
1986,RAI,DL,NT,0,ACT,Bill Pickel,William,Pickel,1959-11-05,77,255,,00-0012950,,,,,,,,,,"https://static.www.nfl.com/image/private/f_auto,q_auto/league/c0s3n6smd8qc0xslx4lz",PIC498348,,32005049-4349-8348-44a2-52c501ebc487,,,
1986,HOU,RB,RB,0,ACT,Allen Pinkett,Allen,Pinkett,1964-01-25,69,181,,00-0012997,,,,,,,,,,"https://static.www.nfl.com/image/private/f_auto,q_auto/league/gi93mlbdgethtwyg8z7p",PIN553722,,32005049-4e55-3722-bde3-7315b3165207,,,
1986,ATL,DL,DE,0,ACT,Mike Pitts,Michael,Pitts,1960-09-25,77,260,,00-0013017,,,,,,,,,,"https://static.www.nfl.com/image/private/f_auto,q_auto/league/stbintfokq8c3anisb5r",PIT553720,,32005049-5455-3720-7e2c-486cdaaf1cd6,,,
1986,SD,LB,LB,0,ACT,Gary Plummer,Gary,Plummer,1960-01-26,74,230,,00-0013041,,,,,,,,,,"https://static.www.nfl.com/image/private/f_auto,q_auto/league/kwlmagykiovpep3xwy01",PLU226521,,3200504c-5522-6521-3a59-6e13277e1be9,,,
1986,MIA,WR,WR,0,ACT,James Pruitt,James,Pruitt,1964-01-29,75,199,,00-0013278,,,,,,,,,,"https://static.www.nfl.com/image/private/f_auto,q_auto/league/rmfxavdwb6vaqb42ov8i",PRU474616,,32005052-5547-4616-72b5-2175fca4b0e6,,,
1986,ATL,LB,LB,0,ACT,John Rade,John,Rade,1960-08-31,73,214,,00-0013356,,,,,,,,,,"https://static.www.nfl.com/image/private/f_auto,q_auto/league/cbmlgmemozdandcnt9gx",RAD118654,,32005241-4411-8654-25b2-5657f4ca0d42,,,
1986,KC,LB,LB,0,ACT,Scott Radecic,Jude,Radecic,1962-06-14,75,240,,00-0013358,,,,,,,,,,"https://static.www.nfl.com/image/private/f_auto,q_auto/league/lzx1s7k0pogvv4rtsylb",RAD177981,,32005241-4417-7981-c77f-90686e14b667,,,
1986,TB,LB,LB,54,ACT,Ervin Randle,Ervin,Randle,1962-10-12,73,250,,00-0013404,,,,,,,,,,"https://static.www.nfl.com/image/private/f_auto,q_auto/league/vhfk91dywiuzbpetznss",RAN276860,,32005241-4e27-6860-a0c3-72d0c592c65c,,,
1986,SF,RB,RB,44,ACT,Tom Rathman,Thomas,Rathman,1962-10-07,73,232,,00-0013432,,,,,,,,,,"https://static.www.nfl.com/image/private/f_auto,q_auto/league/x8me6wyueazg2asoz2us",RAT332232,,32005241-5433-2232-2975-8dc69fe4ace7,,,
1986,NYG,LB,LB,55,ACT,Gary Reasons,Gary,Reasons,1962-02-18,76,235,,00-0013474,,,,,,,,,,"https://static.www.nfl.com/image/private/f_auto,q_auto/league/hkja8cms3ljonb2l6kfo",REA553720,,32005245-4155-3720-ce10-50a7a3ac1877,,,
1986,BUF,WR,WR,0,ACT,Andre Reed,Andre,Reed,1964-01-29,74,180,,00-0013499,,,,,,,,,,"https://static.www.nfl.com/image/private/f_auto,q_auto/league/dvoxixlob0avjbmgmazk",REE121548,,32005245-4512-1548-cc8d-3d5d15882853,,,
1986,BUF,QB,QB,0,ACT,Frank Reich,Frank,Reich,1961-12-04,76,208,,00-0013558,,,,,,,,,,"https://static.www.nfl.com/image/private/f_auto,q_auto/league/nkpm0bxnw4rcborbzelx",REI026793,,32005245-4902-6793-850e-df01d2010403,,,
1986,PHI,LB,LB,0,ACT,Mike Reichenbach,Jon,Reichenbach,1961-09-14,74,235,,00-0013559,,,,,,,,,,"https://static.www.nfl.com/image/private/f_auto,q_auto/league/qpgmdmfudfwcba2prsnx",REI080379,,32005245-4908-0379-272e-e8e419849dab,,,
1986,CIN,OL,G,0,ACT,Bruce Reimers,Bruce,Reimers,1960-09-28,79,280,,00-0013577,,,,,,,,,,"https://static.www.nfl.com/image/private/f_auto,q_auto/league/xlzgt3aymth8zqor6v0y",REI589446,,32005245-4958-9446-6664-6f6e32a067da,,,
1986,NE,LB,LB,0,ACT,Johnny Rembert,John,Rembert,1961-01-19,75,234,,00-0013583,,,,,,,,,,"https://static.www.nfl.com/image/private/f_auto,q_auto/league/ld7wwu0h11vhhcyxzake",REM166116,,32005245-4d16-6116-75a9-a52dbb554d39,,,
1986,MIA,SPEC,K,7,ACT,Fuad Reveiz,Fuad,Reveiz,1963-02-24,71,222,,00-0013607,,,,,,,,,,"https://static.www.nfl.com/image/private/f_auto,q_auto/league/my9qszxymoryeklcvfvw",REV415291,,32005245-5641-5291-512a-8688888b05f7,,,
1986,NE,LB,LB,0,ACT,Ed Reynolds,Edward,Reynolds,1961-09-23,77,230,,00-0013613,,,,,,,,,,"https://static.www.nfl.com/image/private/f_auto,q_auto/league/q0kvkadmq3wph6nf9ch1",REY195428,,32005245-5919-5428-55a1-da70e1a860a4,,,
1986,MIN,RB,RB,0,ACT,Allen Rice,Allen,Rice,1962-04-05,70,200,,00-0013635,,,,,,,,,,"https://static.www.nfl.com/image/private/f_auto,q_auto/league/orunbqyzq19qttbuur3l",RIC042960,,32005249-4304-2960-162d-2dad052dab6c,,,
1986,SF,WR,WR,80,ACT,Jerry Rice,Jerry,Rice,1962-10-13,74,200,,00-0013639,,,,,,,,,,"https://static.www.nfl.com/image/private/f_auto,q_auto/league/g1vjcnbryx3nmg0ppsnl",RIC128880,,32005249-4312-8880-7059-4b61cd069146,,,
1986,PIT,OL,G,0,ACT,John Rienstra,John,Rienstra,1963-03-22,77,273,,00-0013729,,,,,,,,,,"https://static.www.nfl.com/image/private/f_auto,q_auto/league/fjkpszxpfpss9vifcxkc",RIE332232,,32005249-4533-2232-26e5-8701292b258b,,,
1986,ATL,RB,RB,0,ACT,Gerald Riggs,Gerald,Riggs,1960-11-06,73,230,,00-0013738,,,,,,,,,,"https://static.www.nfl.com/image/private/f_auto,q_auto/league/b95dwlkkxg4a63p4xz7d",RIG415288,,32005249-4741-5288-ed2e-3dbccb0990b9,,,
1986,BUF,OL,G,0,ACT,Jim Ritcher,James,Ritcher,1958-05-21,75,251,,00-0013771,,,,,,,,,,"https://static.www.nfl.com/image/private/f_auto,q_auto/league/x2pyqwhyca536cavt87n",RIT276861,,32005249-5427-6861-2258-96db088d841d,,,
1986,CHI,LB,LB,0,ACT,Ron Rivera,Ronald,Rivera,1962-01-07,75,235,,00-0013781,,,,,,,,,,"https://static.www.nfl.com/image/private/f_auto,q_auto/league/ypuhbfkoifoszczar5qi",RIV276861,,32005249-5627-6861-e553-cfad10e10c77,,,
1986,DEN,DB,DB,0,ACT,Randy Robbins,Randy,Robbins,1962-09-14,74,182,,00-0013801,,,,,,,,,,"https://static.www.nfl.com/image/private/f_auto,q_auto/league/tuoe55nblgg3ey2q9uig",ROB063196,,3200524f-4206-3196-3239-1fc95b83b491,,,
1986,STL,OL,OT,0,ACT,Tootie Robbins,James,Robbins,1958-06-02,77,278,,00-0013802,,,,,,,,,,"https://static.www.nfl.com/image/private/f_auto,q_auto/league/pfa1qw7rivuu9fx1cquo",ROB036112,,3200524f-4203-6112-43bd-dd89d714ed8f,,,
1986,SF,DL,DE,91,ACT,Larry Roberts,Larry,Roberts,1963-06-02,75,264,,00-0013821,,,,,,,,,,"https://static.www.nfl.com/image/private/f_auto,q_auto/league/ksmusgrygraxhuugunnk",ROB225700,,3200524f-4222-5700-4548-53a24ce245a7,,,
1986,NYG,OL,OT,66,ACT,William Roberts,William,Roberts,1962-08-05,77,275,,00-0013827,,,,,,,,,,"https://static.www.nfl.com/image/private/f_auto,q_auto/league/lmcgsxv1iehtz0fnetyx",ROB293396,,3200524f-4229-3396-b56a-5e8ce116b3b8,,,
1986,SEA,DB,FS,0,ACT,Eugene Robinson,Eugene,Robinson,1963-05-28,73,180,,00-0013860,,,,,,,,,,"https://static.www.nfl.com/image/private/f_auto,q_auto/league/x4ysa9nxd923gw6lfwgr",ROB424316,,3200524f-4242-4316-1e95-d1d6ed128cec,,,
1986,KC,DB,DB,0,ACT,Mark Robinson,Mark,Robinson,1962-09-13,71,206,,00-0013889,,,,,,,,,,"https://static.www.nfl.com/image/private/f_auto,q_auto/league/q8k9sbjnz3dbbjkbrcpj",ROB631960,,3200524f-4263-1960-2782-185b0e060b5f,,,
1986,MIA,SPEC,P,4,ACT,Reggie Roby,Reginald,Roby,1961-07-30,75,243,,00-0013916,,,,,,,,,,"https://static.www.nfl.com/image/private/f_auto,q_auto/league/ptg4t5wyvmgpo2vc5agc",ROB821548,,3200524f-4282-1548-de4b-fed734194ce6,,,
1986,BUF,TE,TE,0,ACT,Butch Rolle,Donald,Rolle,1964-08-19,75,242,,00-0013992,,,,,,,,,,"https://static.www.nfl.com/image/private/f_auto,q_auto/league/yshs7yimhn93jojnpaij",ROL519110,,3200524f-4c51-9110-da05-7cb2088d5275,,,
1986,KC,DB,DB,0,ACT,Kevin Ross,Kevin,Ross,1962-01-16,69,180,,00-0014062,,,,,,,,,,"https://static.www.nfl.com/image/private/f_auto,q_auto/league/zmuzdqgjloiz8pgapbik",ROS616980,,3200524f-5361-6980-89d4-da4d261d2514,,,
1986,NYG,RB,RB,22,ACT,Lee Rouson,Cecil,Rouson,1962-10-18,73,210,,00-0014094,,,,,,,,,,"https://static.www.nfl.com/image/private/f_auto,q_auto/league/mtgckivyt6irzfzq8wwe",ROU581406,,3200524f-5558-1406-b3a2-eb3ae77fdcf0,,,
1986,HOU,RB,RB,0,ACT,Mike Rozier,Michael,Rozier,1961-03-01,70,198,,00-0014120,,,,,,,,,,"https://static.www.nfl.com/image/private/f_auto,q_auto/league/z3q6xg9zozdh94w9epli",ROZ166116,,3200524f-5a16-6116-802c-5fbb53382af6,,,
1986,STL,OL,C,0,ACT,Mike Ruether,Michael,Ruether,1962-09-20,76,270,,00-0014149,,,,,,,,,,"https://static.www.nfl.com/image/private/f_auto,q_auto/league/vovx450w15ts12aakwd7",RUE207645,,32005255-4520-7645-59a2-25d9ffbe2afc,,,
1986,GB,OL,OT,75,ACT,Ken Ruettgers,Kenneth,Ruettgers,1962-08-20,78,267,,00-0014150,,,,,,,,,,"https://static.www.nfl.com/image/private/f_auto,q_auto/league/t7mjosrmpijj3uzf5tp3",RUE415290,,32005255-4541-5290-fd09-8776c364c39f,,,
1986,NYG,QB,QB,17,ACT,Jeff Rutledge,Jeffrey,Rutledge,1957-01-22,73,195,,00-0014208,,,,,,,,,,"https://static.www.nfl.com/image/private/f_auto,q_auto/league/fzvky5tblnydphnxfgsd",RUT738296,,32005255-5473-8296-6e1b-10928307ea4f,,,
1986,NYJ,QB,QB,10,ACT,Pat Ryan,Patrick,Ryan,1955-09-16,75,210,,00-0014225,,,,,,,,,,"https://static.www.nfl.com/image/private/f_auto,q_auto/league/ew5hmxj34sp3hdqpj8zw",RYA692150,,32005259-4169-2150-8262-b562101e8515,,,
1986,DET,OL,G,0,ACT,Harvey Salem,Harvey,Salem,1961-01-15,78,274,,00-0014266,,,,,,,,,,"https://static.www.nfl.com/image/private/f_auto,q_auto/league/cw9r706cgbquuuyika4y",SAL387604,,32005341-4c38-7604-99f1-d7611acd246f,,,
1986,HOU,OL,OT,0,TRC,Harvey Salem,Harvey,Salem,1961-01-15,78,274,,00-0014266,,,,,,,,,,"https://static.www.nfl.com/image/private/f_auto,q_auto/league/cw9r706cgbquuuyika4y",SAL387604,,32005341-4c38-7604-99f1-d7611acd246f,,,
1986,SEA,QB,QB,0,ACT,Sean Salisbury,Richard,Salisbury,1963-03-09,77,215,,00-0014270,,,,,,,,,,"https://static.www.nfl.com/image/private/f_auto,q_auto/league/i7r8vxt673kc8dunc5lt",SAL498348,,32005341-4c49-8348-1334-b55823809ad7,,,
1986,DET,OL,OT,0,ACT,Eric Sanders,Eric,Sanders,1958-10-22,78,255,,00-0014326,,,,,,,,,,"https://static.www.nfl.com/image/private/f_auto,q_auto/league/hwwtycwukfevtggou4ih",SAN300407,,32005341-4e30-0407-3d0c-37520305cac2,,,
1986,ATL,OL,OT,0,TRD,Eric Sanders,Eric,Sanders,1958-10-22,78,255,,00-0014326,,,,,,,,,,"https://static.www.nfl.com/image/private/f_auto,q_auto/league/hwwtycwukfevtggou4ih",SAN300407,,32005341-4e30-0407-3d0c-37520305cac2,,,
1986,WAS,WR,WR,0,ACT,Ricky Sanders,Ricky Wayne,Sanders,1962-08-30,71,180,,00-0014333,,,,,,,,,,"https://static.www.nfl.com/image/private/f_auto,q_auto/league/b0ovvzsbhlhtqgrnqej6",SAN459446,,32005341-4e45-9446-d196-0c99d4c8af9e,,,
1986,CHI,RB,RB,0,ACT,Thomas Sanders,Thomas,Sanders,1962-01-04,71,203,,00-0014337,,,,,,,,,,"https://static.www.nfl.com/image/private/f_auto,q_auto/league/nddta0dpqlvnyqottng9",SAN494788,,32005341-4e49-4788-76cd-673e0afef720,,,
1986,DAL,SPEC,P,4,ACT,Mike Saxon,Michael,Saxon,1962-07-10,75,183,,00-0014404,,,,,,,,,,"https://static.www.nfl.com/image/private/f_auto,q_auto/league/ldkathhx9ncboyirerp1",SAX415290,,32005341-5841-5290-4174-9a3804fb01fa,,,
1986,PHI,OL,G,0,ACT,Adam Schreiber,Adam,Schreiber,1962-02-20,76,284,,00-0014486,,,,,,,,,,"https://static.www.nfl.com/image/private/f_auto,q_auto/league/lw67jkldom891bzxus9t",SCH498318,,32005343-4849-8318-3d09-c58e236c847d,,,
1986,WAS,QB,QB,0,ACT,Jay Schroeder,Jay,Schroeder,1961-06-28,76,215,,00-0014490,,,,,,,,,,"https://static.www.nfl.com/image/private/f_auto,q_auto/league/s7029osiaxseohwol3la",SCH519984,,32005343-4851-9984-93d2-439234350fe6,,,
1986,RAI,DB,CB,0,ACT,Sam Seale,Samuel,Seale,1962-10-06,69,175,,00-0014607,,,,,,,,,,"https://static.www.nfl.com/image/private/f_auto,q_auto/league/s5dmba2etzvrydzvvaby",SEA305998,,32005345-4130-5998-7534-d0d94608ca78,,,
1986,DEN,RB,RB,0,ACT,Steve Sewell,Steven,Sewell,1963-04-02,75,210,,00-0014688,,,,,,,,,,"https://static.www.nfl.com/image/private/f_auto,q_auto/league/qxmxmdal8oxjvcbahplc",SEW553722,,32005345-5755-3722-69fd-2efcc92fefe1,,,
1986,STL,OL,OT,0,ACT,Luis Sharpe,Luis,Sharpe,1960-06-16,77,260,,00-0014720,,,,,,,,,,"https://static.www.nfl.com/image/private/f_auto,q_auto/league/ljq3kd1phepixk38qkli",SHA447237,,32005348-4144-7237-b025-dcab3bbc1a8c,,,
1986,DAL,WR,WR,86,ACT,Mike Sherrard,Michael,Sherrard,1963-06-21,73,185,,00-0014800,,,,,,,,,,"https://static.www.nfl.com/image/private/f_auto,q_auto/league/pqaplm8zrwkvqatbj5ku",SHE759853,,32005348-4575-9853-6934-7879d4e63f1e,,,
1986,NYJ,TE,TE,0,ACT,Mickey Shuler,Mickey,Shuler,1956-08-21,75,236,,00-0014844,,,,,,,,,,"https://static.www.nfl.com/image/private/f_auto,q_auto/league/ii1j0fdjy5l4rjpnfwpp",SHU332232,,32005348-5533-2232-1fc1-4b189e27c700,,,
1986,STL,RB,RB,0,ACT,Vai Sikahema,Vai,Sikahema,1962-08-29,69,191,,00-0014872,,,,,,,,,,"https://static.www.nfl.com/image/private/f_auto,q_auto/league/y7lwo59fjqtax5bamfzs",SIK138430,,32005349-4b13-8430-fa44-ea45b92b6418,,,
1986,PHI,DL,DE,0,ACT,Clyde Simmons,Clyde,Simmons,1964-08-04,77,247,,00-0014894,,,,,,,,,,"https://static.www.nfl.com/image/private/f_auto,q_auto/league/q9nlwhwgzhq1ukf08lgm",SIM131830,,32005349-4d13-1830-fbb0-2e7f6985865a,,,
1986,NYG,QB,QB,11,ACT,Phil Simms,Phillip,Simms,1954-11-03,75,216,,00-0014922,,,,,,,,,,"https://static.www.nfl.com/image/private/f_auto,q_auto/league/lhzj6vxddl0epe3sj0h8",SIM342758,,32005349-4d34-2758-f408-34c93a91e732,,,
1986,SEA,OL,OT,0,ACT,Curt Singer,Curt,Singer,1961-11-04,77,264,,00-0014984,,,,,,,,,,"https://static.www.nfl.com/image/private/f_auto,q_auto/league/pvoltqq1ehiubcxkclzn",SIN051911,,32005349-4e05-1911-fa78-1c5970e4de30,,,
1986,CHI,LB,MLB,0,ACT,Mike Singletary,Michael,Singletary,1958-10-09,72,230,,00-0014988,,,,,,,,,,"https://static.www.nfl.com/image/private/f_auto,q_auto/league/ge7hvicgirmq04dvzm8u",SIN207644,,32005349-4e20-7644-a69b-c186d4a42e0d,,,
1986,PHI,DL,DT,0,ACT,Reggie Singletary,Reggie,Singletary,1964-01-17,75,255,,00-0014989,,,,,,,,,,"https://static.www.nfl.com/image/private/f_auto,q_auto/league/l6qnawqkom44vf4wwbg9",SIN259555,,32005349-4e25-9555-ed6f-c83c727453c5,,,
1986,SEA,WR,WR,0,ACT,Paul Skansi,Paul,Skansi,1960-01-11,71,190,,00-0015011,,,,,,,,,,"https://static.www.nfl.com/image/private/f_auto,q_auto/league/a8lddhfuhndz9rgubmnj",SKA415290,,3200534b-4141-5290-93cb-d7de1680d108,,,
1986,CIN,DL,DE,0,ACT,Jim Skow,James,Skow,1963-06-29,75,250,,00-0015024,,,,,,,,,,"https://static.www.nfl.com/image/private/f_auto,q_auto/league/wgefsbjzibfri929b2t0",SKO726754,,3200534b-4f72-6754-9050-21fda0ec61f7,,,
1986,RAM,OL,OT,0,ACT,Jackie Slater,Jackie,Slater,1954-05-27,76,280,,00-0015035,,,,,,,,,,"https://static.www.nfl.com/image/private/f_auto,q_auto/league/m92iuko3ddgrhcwhnldy",SLA363377,,3200534c-4136-3377-13fe-7f321cb0819c,,,
1986,CLE,WR,WR,0,ACT,Webster Slaughter,Webster,Slaughter,1964-10-19,73,170,,00-0015042,,,,,,,,,,"https://static.www.nfl.com/image/private/f_auto,q_auto/league/pvtykqojznih7slz5cag",SLA726754,,3200534c-4172-6754-4578-59a46eac5c5e,,,
1986,BUF,DL,NT,0,ACT,Fred Smerlas,Frederic,Smerlas,1957-04-08,75,270,,00-0015072,,,,,,,,,,"https://static.www.nfl.com/image/private/f_auto,q_auto/league/lfz95g1nqs3op24aaxij",SME664464,,3200534d-4566-4464-a7bd-1b1a8cdcb33f,,,
1986,SD,LB,OLB,0,ACT,Billy Ray Smith Jr.,Billy,Smith,1961-08-10,75,231,,00-0015102,,,,,,,,,,"https://static.www.nfl.com/image/private/f_auto,q_auto/league/lwlz9qdpdsfcwgadyaag",SMI069600,,3200534d-4906-9600-a98f-a6a263440a9b,,,
1986,BUF,DL,DE,78,ACT,Bruce Smith,Bruce,Smith,1963-06-18,76,275,,00-0015111,,,,,,,,,,"https://static.www.nfl.com/image/private/f_auto,q_auto/league/z1isuze9urlmeriqctgo",SMI088160,,3200534d-4908-8160-d71f-32a05d10ad92,,,
1986,DEN,DB,DB,0,ACT,Dennis Smith,Dennis,Smith,1959-02-03,75,200,,00-0015146,,,,,,,,,,"https://static.www.nfl.com/image/private/f_auto,q_auto/league/pmntutaiaumrq4o3vdbx",SMI194880,,3200534d-4919-4880-8b02-a2311477a619,,,
1986,STL,OL,OT,0,ACT,Lance Smith,Lance,Smith,1963-01-01,75,262,,00-0015243,,,,,,,,,,"https://static.www.nfl.com/image/private/f_auto,q_auto/league/nn9aqnuwxqpdb9sfgkls",SMI464000,,3200534d-4946-4000-7d43-9350aff17c8b,,,
1986,STL,DB,DB,0,ACT,Leonard Smith,Leonard,Smith,1960-09-02,71,190,,00-0015249,,,,,,,,,,"https://static.www.nfl.com/image/private/f_auto,q_auto/league/tcotahbkwz2zdmres0r6",SMI491840,,3200534d-4949-1840-ad2d-cf7e5fbb7abf,,,
1986,MIA,DL,NT,0,ACT,Brian Sochia,Brian,Sochia,1961-07-02,75,252,,00-0015380,,,,,,,,,,"https://static.www.nfl.com/image/private/f_auto,q_auto/league/twdsphh4epitoulfkvqa",SOC415291,,3200534f-4341-5291-efee-94ac0b54a599,,,
1986,MIN,LB,LB,0,ACT,Jesse Solomon,Jesse,Solomon,1963-11-04,72,249,,00-0015391,,,,,,,,,,"https://static.www.nfl.com/image/private/f_auto,q_auto/league/wvqre0sgeehtdouei9um",SOL276861,,3200534f-4c27-6861-5002-33219fc27044,,,
1986,IND,OL,G,0,ACT,Ron Solt,Ronald,Solt,1962-05-19,75,265,,00-0015396,,,,,,,,,,"https://static.www.nfl.com/image/private/f_auto,q_auto/league/l9hzfuvkfuih0zyupenx",SOL553722,,3200534f-4c55-3722-988c-36cb29791acf,,,
1986,GB,WR,WR,0,ACT,Walter Stanley,Walter,Stanley,1962-11-05,69,180,,00-0015557,,,,,,,,,,"https://static.www.nfl.com/image/private/f_auto,q_auto/league/rjv604y1l7b0vtrs5clv",STA462944,,32005354-4146-2944-6707-7f3fb376d94a,,,
1986,IND,SPEC,P,0,ACT,Rohn Stark,Rohn,Stark,1959-05-04,75,195,,00-0015572,,,,,,,,,,"https://static.www.nfl.com/image/private/f_auto,q_auto/league/qfft9qxvqwqfkzv9cq0g",STA558256,,32005354-4155-8256-92a7-1883fdbfe0d3,,,
1986,HOU,OL,OT,0,ACT,Dean Steinkuhler,Dean,Steinkuhler,1961-01-27,75,275,,00-0015621,,,,,,,,,,"https://static.www.nfl.com/image/private/f_auto,q_auto/league/x7a5etgiol99bvcxhmnk",STE264264,,32005354-4526-4264-a419-06e4aed34bac,,,
1986,STL,QB,QB,0,ACT,Cliff Stoudt,Clifford,Stoudt,1955-03-27,76,215,,00-0015777,,,,,,,,,,"https://static.www.nfl.com/image/private/f_auto,q_auto/league/lhkeihzoy2tletzrlfn9",STO672632,,32005354-4f67-2632-d451-0507ae7113fb,,,
1986,PHI,DL,DE,0,ACT,Thomas Strauthers,Thomas,Strauthers,1961-04-06,76,255,,00-0015806,,,,,,,,,,"https://static.www.nfl.com/image/private/f_auto,q_auto/league/dw8qo72ib9dtd5olfwts",STR267463,,32005354-5226-7463-c9be-1bfa6121f231,,,
1986,NYJ,OL,OT,0,ACT,Jim Sweeney,James,Sweeney,1962-08-08,76,260,,00-0015962,,,,,,,,,,"https://static.www.nfl.com/image/private/f_auto,q_auto/league/bd0e5sz40gmh7ctwerkp",SWE177981,,32005357-4517-7981-14be-abfd2c246fbb,,,
1986,NO,LB,LB,0,ACT,Pat Swilling,Patrick,Swilling,1964-10-25,75,243,,00-0015974,,,,,,,,,,"https://static.www.nfl.com/image/private/f_auto,q_auto/league/iwr4sdfcniiv3in5opjr",SWI355962,,32005357-4935-5962-f3d6-976550921735,,,
1986,BUF,LB,OLB,0,ACT,Darryl Talley,Darryl,Talley,1960-07-10,76,231,,00-0016029,,,,,,,,,,"https://static.www.nfl.com/image/private/f_auto,q_auto/league/y8mr0c7ltwaqy5m4vstp",TAL533943,,32005441-4c53-3943-b77f-ef7a1b507bbb,,,
1986,HOU,WR,WR,0,TRD,Steve Tasker,Steven,Tasker,1962-04-10,69,185,,00-0016055,,,,,,,,,,"https://static.www.nfl.com/image/private/f_auto,q_auto/league/eommdtyypsuowoksvxuz",TAS415290,,32005441-5341-5290-a3ed-8c591fcb94af,,,
1986,BUF,WR,WR,0,ACT,Steve Tasker,Steven,Tasker,1962-04-10,69,185,,00-0016055,,,,,,,,,,"https://static.www.nfl.com/image/private/f_auto,q_auto/league/eommdtyypsuowoksvxuz",TAS415290,,32005441-5341-5290-a3ed-8c591fcb94af,,,
1986,NYG,LB,OLB,56,ACT,Lawrence Taylor,Lawrence,Taylor,1959-02-04,75,237,,00-0016128,,,,,,,,,,"https://static.www.nfl.com/image/private/f_auto,q_auto/league/iecfuykbns6xh1znmd9c",TAY508500,,32005441-5950-8500-bfae-ca45a296ec9c,,,
1986,TB,OL,OT,72,ACT,Rob Taylor,Robert,Taylor,1960-11-14,78,281,,00-0016140,,,,,,,,,,"https://static.www.nfl.com/image/private/f_auto,q_auto/league/hoankjp8onxdmuef2be5",TAY627150,,32005441-5962-7150-391a-e6b63b568521,,,
1986,SEA,DB,DB,0,ACT,Terry Taylor,Terry,Taylor,1961-07-18,70,175,,00-0016145,,,,,,,,,,"https://static.www.nfl.com/image/private/f_auto,q_auto/league/bjtj2522ihcrvium88uh",TAY728850,,32005441-5972-8850-bc34-5f7d7a3e68b6,,,
1986,CHI,OL,G,0,ACT,Tom Thayer,Thomas,Thayer,1961-08-16,76,261,,00-0016203,,,,,,,,,,"https://static.www.nfl.com/image/private/f_auto,q_auto/league/jrbmuymi9j5ka3qz4s8v",THA726754,,32005448-4172-6754-adaf-d94ddf8881e9,,,
1986,IND,DL,DE,0,ACT,Donnell Thompson,Lawrence,Thompson,1958-10-27,76,254,,00-0016375,,,,,,,,,,"https://static.www.nfl.com/image/private/f_auto,q_auto/league/ez39x1ckfmzr8kiyz2fh",THO618324,,32005448-4f61-8324-9407-ef3a51f04c5a,,,
1986,MIA,DB,CB,0,ACT,Reyna Thompson,Reyna,Thompson,1963-08-28,72,194,,00-0016401,,,,,,,,,,"https://static.www.nfl.com/image/private/f_auto,q_auto/league/zuv5hjnwvcrwpjr4aern",THO648634,,32005448-4f64-8634-db1e-3f6ac0efc28d,,,
1986,NO,TE,TE,0,ACT,John Tice,John,Tice,1960-06-22,77,242,,00-0016456,,,,,,,,,,"https://static.www.nfl.com/image/private/f_auto,q_auto/league/hf3jxidiucv3jkhczacc",TIC276861,,32005449-4327-6861-fdaf-5bf1a25a7959,,,
1986,SEA,TE,TE,0,ACT,Mike Tice,Michael,Tice,1959-02-02,79,250,,00-0016457,,,,,,,,,,"https://static.www.nfl.com/image/private/f_auto,q_auto/league/bwznyn9jyntlfwagub5o",TIC553722,,32005449-4355-3722-4599-b756f5505ee6,,,
1986,NE,LB,OLB,0,ACT,Andre Tippett,Andre,Tippett,1959-12-27,75,231,,00-0016495,,,,,,,,,,"https://static.www.nfl.com/image/private/f_auto,q_auto/league/zcovthmmsi7sahgvxnq8",TIP103822,,32005449-5010-3822-5523-7f4f50799f3e,,,
1986,CHI,QB,QB,0,ACT,Mike Tomczak,Michael,Tomczak,1962-10-23,73,195,,00-0016538,,,,,,,,,,"https://static.www.nfl.com/image/private/f_auto,q_auto/league/bjdgcglvb0wufq0kujfl",TOM553720,,3200544f-4d55-3720-23d5-b3d0159f32bd,,,
1986,NYJ,WR,WR,0,ACT,Al Toon,Albert,Toon,1963-04-30,76,200,,00-0016552,,,,,,,,,,"https://static.www.nfl.com/image/private/f_auto,q_auto/league/lwxs1mder7ymofdetjra",TOO498348,,3200544f-4f49-8348-87d6-90e53933cf3f,,,
1986,MIA,OL,OT,0,ACT,Tom Toth,Thomas,Toth,1962-05-23,77,275,,00-0016562,,,,,,,,,,"https://static.www.nfl.com/image/private/f_auto,q_auto/league/idaiejjucdzhxx6vqadg",TOT207645,,3200544f-5420-7645-160a-c153ececc285,,,
1986,NYJ,WR,WR,0,ACT,Jo-Jo Townsell,Joseph,Townsell,1960-11-04,69,180,,00-0016574,,,,,,,,,,"https://static.www.nfl.com/image/private/f_auto,q_auto/league/bc75bvsvguvmihcqkf9z",TOW511128,,3200544f-5751-1128-a070-fd90eae54695,,,
1986,RAI,DL,DE,0,ACT,Greg Townsend,Gregory,Townsend,1961-11-03,75,240,,00-0016578,,,,,,,,,,"https://static.www.nfl.com/image/private/f_auto,q_auto/league/hwnynib0tdt4x60kb2ox",TOW702801,,3200544f-5770-2801-aafc-f34bf193a3a0,,,
1986,IND,QB,QB,0,ACT,Jack Trudeau,Jack,Trudeau,1962-09-09,75,211,,00-0016628,,,,,,,,,,"https://static.www.nfl.com/image/private/f_auto,q_auto/league/cpmngogfqqenwtzc6ojk",TRU276861,,32005452-5527-6861-7742-87355496367c,,,
1986,DAL,OL,OT,71,ACT,Mark Tuinei,Mark,Tuinei,1960-03-31,77,270,,00-0016673,,,,,,,,,,"https://static.www.nfl.com/image/private/f_auto,q_auto/league/oozrmjs8rmzu1dyxqrsh",TUI498348,,32005455-4949-8348-1d81-80d78dfcb075,,,
1986,PIT,OL,C,0,ACT,Dan Turk,Daniel,Turk,1962-06-25,76,259,,00-0016686,,,,,,,,,,"https://static.www.nfl.com/image/private/f_auto,q_auto/league/ji5zil7xpgr9elbtciuk",TUR036112,,32005455-5203-6112-a969-0f17d8488c8c,,,
1986,MIA,DL,DE,95,ACT,T.J. Turner,Thomas,Turner,1963-05-16,76,265,,00-0016741,,,,,,,,,,"https://static.www.nfl.com/image/private/f_auto,q_auto/league/kpclz17hroze359hfm4q",TUR704184,,32005455-5270-4184-5642-de79fb4f585b,,,
1986,CHI,OL,OT,0,ACT,Keith Van Horne,Keith,Van Horne,1957-11-06,78,265,,00-0016823,,,,,,,,,,"https://static.www.nfl.com/image/private/f_auto,q_auto/league/o16iqsh39frrswucv4dm",VAN606096,,32005641-4e60-6096-61dc-ef674257f726,,,
1986,GB,OL,OT,0,ACT,Alan Veingrad,Alan,Veingrad,1963-07-24,77,277,,00-0016868,,,,,,,,,,"https://static.www.nfl.com/image/private/f_auto,q_auto/league/r4hjhacocykbrs7elusj",VEI415291,,32005645-4941-5291-2ec9-14029d5d77b4,,,
1986,WAS,WR,WR,0,ACT,Clarence Verdin,Clarence,Verdin,1963-06-14,68,160,,00-0016880,,,,,,,,,,"https://static.www.nfl.com/image/private/f_auto,q_auto/league/dweh63atieg63v9dnxbz",VER092287,,32005645-5209-2287-aad7-93abf09f37cc,,,
1986,NE,DL,DE,0,ACT,Garin Veris,Garin,Veris,1963-02-27,76,255,,00-0016884,,,,,,,,,,"https://static.www.nfl.com/image/private/f_auto,q_auto/league/p70foidsraadvtrunxya",VER553722,,32005645-5255-3722-37a8-368f7eecb7d0,,,
1986,DAL,RB,RB,34,ACT,Herschel Walker,Herschel,Walker,1962-03-03,73,224,,00-0017035,,,,,,,,,,"https://static.www.nfl.com/image/private/f_auto,q_auto/league/fmo3jgdy7ll2jwhih9ml",WAL191664,,32005741-4c19-1664-b438-5937b638057d,,,
1986,SF,OL,OT,74,ACT,Steve Wallace,Barron,Wallace,1964-12-27,76,276,,00-0017094,,,,,,,,,,"https://static.www.nfl.com/image/private/f_auto,q_auto/league/wwoczrmj3ql3nemlbo5c",WAL407286,,32005741-4c40-7286-40ad-2f381e5015e6,,,
1986,DAL,DB,DB,24,ACT,Everson Walls,Everson,Walls,1959-12-28,73,194,,00-0017104,,,,,,,,,,"https://static.www.nfl.com/image/private/f_auto,q_auto/league/hgtm9082ywudgwu3p1qa",WAL543048,,32005741-4c54-3048-1b3e-20e865897d30,,,
1986,CIN,OL,OT,0,ACT,Joe Walter,Joseph,Walter,1963-06-18,79,290,,00-0017124,,,,,,,,,,"https://static.www.nfl.com/image/private/f_auto,q_auto/league/mfrqltjlsrr83kkyrysw",WAL646866,,32005741-4c64-6866-f097-d6e42d381e7f,,,
1986,SF,LB,LB,99,ACT,Michael Walter,Michael,Walter,1960-11-30,75,230,,00-0017128,,,,,,,,,,"https://static.www.nfl.com/image/private/f_auto,q_auto/league/wa2xxjwn6jbsyft5elcx",WAL654852,,32005741-4c65-4852-659b-53ef28a3b13c,,,
1986,WAS,DB,DB,0,ACT,Alvin Walton,Alvin,Walton,1964-03-14,72,180,,00-0017141,,,,,,,,,,"https://static.www.nfl.com/image/private/f_auto,q_auto/league/vwekvafpmoczggxaajnt",WAL750684,,32005741-4c75-0684-59e9-02e0b36139fc,,,
1986,WAS,TE,TE,0,ACT,Don Warren,Donald,Warren,1956-05-05,76,242,,00-0017212,,,,,,,,,,"https://static.www.nfl.com/image/private/f_auto,q_auto/league/wcabs11zkwaq9eaxzbj3",WAR611996,,32005741-5261-1996-a79a-298855f7dd81,,,
1986,NO,DL,DE,0,ACT,Frank Warren,Frank,Warren,1959-09-14,76,275,,00-0017213,,,,,,,,,,"https://static.www.nfl.com/image/private/f_auto,q_auto/league/zo6jgr1fnrl4praq7rcj",WAR633853,,32005741-5263-3853-518e-71814edcd73b,,,
1986,NYG,DL,DE,73,ACT,John Washington,John,Washington,1963-02-20,76,275,,00-0017252,,,,,,,,,,"https://static.www.nfl.com/image/private/f_auto,q_auto/league/sautcapx09xktgaarxfx",WAS447237,,32005741-5344-7237-69fd-efff56fc0ee8,,,
1986,STL,DB,DB,0,ACT,Lionel Washington,Lionel,Washington,1960-10-21,72,184,,00-0017256,,,,,,,,,,"https://static.www.nfl.com/image/private/f_auto,q_auto/league/qt1y6himlxnfozdekhvl",WAS511128,,32005741-5351-1128-3896-f6a5bbe17ac4,,,
1986,PHI,DB,DB,0,ACT,Andre Waters,Andre,Waters,1962-03-10,71,182,,00-0017285,,,,,,,,,,"https://static.www.nfl.com/image/private/f_auto,q_auto/league/mcdpuuwjyzax8us1lpgg",WAT043714,,32005741-5404-3714-9692-92226f38f486,,,
1986,NO,DB,DB,0,ACT,Dave Waymer,David,Waymer,1958-07-01,73,195,,00-0017339,,,,,,,,,,"https://static.www.nfl.com/image/private/f_auto,q_auto/league/cru3vme0xcqkhu8wycqj",WAY415290,,32005741-5941-5290-34d1-43634d461319,,,
1986,CLE,WR,WR,0,ACT,Clarence Weathers,Clarence,Weathers,1962-01-10,69,170,,00-0017343,,,,,,,,,,"https://static.www.nfl.com/image/private/f_auto,q_auto/league/jzb6xucn8dwwjcbbohg6",WEA276857,,32005745-4127-6857-c7e5-369b7aa42039,,,
1986,GB,TE,TE,0,ACT,Ed West,Edward,West,1961-08-02,73,242,,00-0017452,,,,,,,,,,"https://static.www.nfl.com/image/private/f_auto,q_auto/league/tiztplomwmzyqvdjnici",WES221488,,32005745-5322-1488-af89-7a6e7c97bbf8,,,
1986,ATL,TE,TE,0,ACT,Ken Whisenhunt,Kenneth,Whisenhunt,1962-02-28,75,233,,00-0017502,,,,,,,,,,"https://static.www.nfl.com/image/private/f_auto,q_auto/league/bpgtarl2g4hlomlotoql",WHI018664,,32005748-4901-8664-b8c8-68fc9dcc0db1,,,
1986,CIN,LB,LB,0,ACT,Leon White,Thomas,White,1963-10-04,75,225,,00-0017549,,,,,,,,,,"https://static.www.nfl.com/image/private/f_auto,q_auto/league/zykdhkrrkpkaptvxelwh",WHI541256,,32005748-4954-1256-69c7-d6d2b9e3c62b,,,
1986,PHI,DL,DE,0,ACT,Reggie White,Reginald,White,1961-12-19,77,285,,00-0017567,,,,,,,,,,"https://static.www.nfl.com/image/private/f_auto,q_auto/league/lfytkhrgngqi3bk0mlra",WHI419940,,32005748-4941-9940-3686-dbf50bb2db25,,,
1986,WAS,DB,DB,0,ACT,Barry Wilburn,Barry,Wilburn,1963-12-09,75,186,,00-0017652,,,,,,,,,,"https://static.www.nfl.com/image/private/f_auto,q_auto/league/uwycsejo1dwpvpppbdyx",WIL006462,,32005749-4c00-6462-3f64-c1cf5390e137,,,
1986,RAM,LB,OLB,0,ACT,Mike Wilcher,Michael,Wilcher,1960-03-20,75,235,,00-0017657,,,,,,,,,,"https://static.www.nfl.com/image/private/f_auto,q_auto/league/siipisfww5hhfqpmphvf",WIL016155,,32005749-4c01-6155-a1a0-7431e9f7314c,,,
1986,BUF,RB,FB,0,ACT,Gary Wilkins,Gary,Wilkins,1963-11-23,73,235,,00-0017692,,,,,,,,,,"https://static.www.nfl.com/image/private/f_auto,q_auto/league/qbu9q67rl5thh0ighggj",WIL087237,,32005749-4c08-7237-6e18-c70f8553bc07,,,
1986,NO,DL,DE,0,ACT,Jim Wilks,Jimmy,Wilks,1958-03-12,77,252,,00-0017703,,,,,,,,,,"https://static.www.nfl.com/image/private/f_auto,q_auto/league/fmuzzeate790yodr7njx",WIL106623,,32005749-4c10-6623-4548-ee15fbcc0fba,,,
1986,NE,DL,DE,0,ACT,Brent Williams,Brent,Williams,1964-10-23,76,278,,00-0017731,,,,,,,,,,"https://static.www.nfl.com/image/private/f_auto,q_auto/league/p76hgoppr4ku802pcdpz",WIL158319,,32005749-4c15-8319-3463-a40f9f1ef78e,,,
1986,DET,DL,NT,0,ACT,Eric Williams,Eric,Williams,1962-02-24,76,260,,00-0017790,,,,,,,,,,"https://static.www.nfl.com/image/private/f_auto,q_auto/league/pwblpirfinmskgpcbjty",WIL268173,,32005749-4c26-8173-8e96-df8adebbfb87,,,
1986,PIT,DL,DE,0,ACT,Gerald Williams,Gerald,Williams,1963-09-08,75,270,,00-0017800,,,,,,,,,,"https://static.www.nfl.com/image/private/f_auto,q_auto/league/brrb0htx6t6pb9fzbb32",WIL297252,,32005749-4c29-7252-180c-b49cfeef428f,,,
1986,HOU,TE,TE,0,ACT,Jamie Williams,Jamie,Williams,1960-02-25,76,230,,00-0017823,,,,,,,,,,"https://static.www.nfl.com/image/private/f_auto,q_auto/league/tfr9dcfdjybqjz5xhae5",WIL345717,,32005749-4c34-5717-db91-0aa9af8f8a8e,,,
1986,SEA,RB,RB,0,ACT,John L. Williams,John,Williams,1964-11-23,71,225,,00-0017842,,,,,,,,,,"https://static.www.nfl.com/image/private/f_auto,q_auto/league/koedkzci6zjotha0kykk",WIL381258,,32005749-4c38-1258-8e39-e7e683983cc2,,,
1986,CLE,OL,G,0,ACT,Larry Williams,Lawrence,Williams,1963-07-03,77,269,,00-0017865,,,,,,,,,,"https://static.www.nfl.com/image/private/f_auto,q_auto/league/m6mvwbdyhlp9m71rkkr0",WIL420030,,32005749-4c42-0030-c6d0-406ed8ff2567,,,
1986,SD,DL,DE,0,ACT,Lee Williams,Lee,Williams,1962-10-15,78,270,,00-0017867,,,,,,,,,,"https://static.www.nfl.com/image/private/f_auto,q_auto/league/tryzqtfno5aluxcxdquf",WIL423261,,32005749-4c42-3261-c7cd-fa8606a77695,,,
1986,NYG,DB,DB,23,ACT,Perry Williams,Perry,Williams,1961-05-12,74,195,,00-0017902,,,,,,,,,,"https://static.www.nfl.com/image/private/f_auto,q_auto/league/h46iqx0upklmzegh3q9a",WIL468120,,32005749-4c46-8120-fd66-843959189b9c,,,
1986,PIT,DL,DE,0,ACT,Keith Willis,Keith,Willis,1959-07-29,73,251,,00-0017978,,,,,,,,,,"https://static.www.nfl.com/image/private/f_auto,q_auto/league/d2vh2dkjfiqulz410acn",WIL604197,,32005749-4c60-4197-e938-0693864961ea,,,
1986,MIN,QB,QB,0,ACT,Wade Wilson,Charles,Wilson,1959-02-01,75,210,,00-0018073,,,,,,,,,,"https://static.www.nfl.com/image/private/f_auto,q_auto/league/jqkevkzjckstueaaha3z",WIL662355,,32005749-4c66-2355-664a-d30870613cfa,,,
1986,RAI,DL,DE,0,ACT,Mike Wise,Michael,Wise,1964-06-05,78,275,,00-0018125,,,,,,,,,,"https://static.www.nfl.com/image/private/f_auto,q_auto/league/tjoyhiejosfjbntz5d7u",WIS083058,,32005749-5308-3058-937a-6578e2a90c56,,,
1986,PIT,OL,G,0,ACT,Craig Wolfley,Craig,Wolfley,1958-05-19,73,265,,00-0018158,,,,,,,,,,"https://static.www.nfl.com/image/private/f_auto,q_auto/league/y6ewtrfuvuvdtugzla3j",WOL447237,,3200574f-4c44-7237-56e3-b718e20961c3,,,
1986,STL,RB,RB,0,ACT,Ron Wolfley,Ronald,Wolfley,1962-10-14,72,222,,00-0018159,,,,,,,,,,"https://static.www.nfl.com/image/private/f_auto,q_auto/league/sr3r7nwaw5u5r6prqkr0",WOL511128,,3200574f-4c51-1128-9da1-0ebfeb195c40,,,
1986,BUF,OL,G,0,ACT,Will Wolford,William,Wolford,1964-05-18,77,276,,00-0018162,,,,,,,,,,"https://static.www.nfl.com/image/private/f_auto,q_auto/league/zxgn2en4ncdoiqflibaz",WOL638910,,3200574f-4c63-8910-4940-92c6079e632c,,,
1986,RAM,DL,NT,0,ACT,Alvin Wright,Alvin,Wright,1961-02-05,74,265,,00-0018271,,,,,,,,,,"https://static.www.nfl.com/image/private/f_auto,q_auto/league/dteyim1ghl4nehzileba",WRI100676,,32005752-4910-0676-4da4-c200fa620608,,,
1986,CLE,DB,DB,0,ACT,Felix Wright,Felix,Wright,1959-06-22,74,190,,00-0018296,,,,,,,,,,"https://static.www.nfl.com/image/private/f_auto,q_auto/league/pzr7hjbfmu1u5htvjog2",WRI251690,,32005752-4925-1690-d632-bcd4d3e566ff,,,
1986,STL,DB,DB,0,ACT,Lonnie Young,Lonnie,Young,1963-07-18,73,182,,00-0018425,,,,,,,,,,"https://static.www.nfl.com/image/private/f_auto,q_auto/league/m4vszkenxbhgam3zrupi",YOU378846,,3200594f-5537-8846-2459-d5b5a3f2fe3a,,,
1986,RAM,WR,WR,0,ACT,Mike Young,Michael,Young,1962-02-21,73,187,,00-0018428,,,,,,,,,,"https://static.www.nfl.com/image/private/f_auto,q_auto/league/g7htzltcb2avfcpubhki",YOU407988,,3200594f-5540-7988-c73c-9467a3ee435a,,,
1986,TB,QB,QB,8,ACT,Steve Young,Jon,Young,1961-10-11,74,200,,00-0018441,,,,,,,,,,"https://static.www.nfl.com/image/private/f_auto,q_auto/league/kfrm5wzrogcovwymoez8",YOU299670,,3200594f-5529-9670-502d-7c3ad0654ed5,,,
1986,CIN,LB,LB,0,ACT,Carl Zander,Carl,Zander,1963-04-12,74,235,,00-0018472,,,,,,,,,,"https://static.www.nfl.com/image/private/f_auto,q_auto/league/hrwae9vma03ct8ozcefe",ZAN166116,,32005a41-4e16-6116-8232-300d1d1bcc8f,,,
1986,HOU,SPEC,K,0,ACT,Tony Zendejas,Anthony,Zendejas,1960-05-15,68,165,,00-0018495,,,,,,,,,,"https://static.www.nfl.com/image/private/f_auto,q_auto/league/jjxlxoyebzsnrsrpt1aj",ZEN103822,,32005a45-4e10-3822-6d21-2f6701590a4d,,,
1986,MIN,OL,OT,0,ACT,Gary Zimmerman,Gary,Zimmerman,1961-12-13,78,264,,00-0018511,,,,,,,,,,"https://static.www.nfl.com/image/private/f_auto,q_auto/league/wpj7nnaagkxfzvddt2xo",ZIM369148,,32005a49-4d36-9148-f9dc-4dbffa073693,,,
1986,ATL,DB,DB,0,ACT,Jim Britt,James,Britt,1960-09-12,72,185,,,,,,,,,,,,"https://static.www.nfl.com/image/private/f_auto,q_auto/league/bw2ftfkurl0ahsbbuqyh",,,,,,
1986,DEN,SPEC,K,0,ACT,Rich Karlis,Richard,Karlis,1959-05-23,72,180,,,,,,,,,,,,"https://static.www.nfl.com/image/private/f_auto,q_auto/league/scvvgldutxv1dyrxmva6",,,,,,
1986,DEN,SPEC,P,0,ACT,Chris Norman,Christopher,Norman,1962-05-25,74,198,,,,,,,,,,,,"https://static.www.nfl.com/image/private/f_auto,q_auto/league/xmklt6zj8uj7ow5bhhyy",,,,,,
1986,ATL,DB,DB,0,ACT,Wendell Cason,Wendell,Cason,1963-01-22,71,183,,,,,,,,,,,,"https://static.www.nfl.com/image/private/f_auto,q_auto/league/p9rlgrrtv172gfkefsun",,,,,,
1986,ATL,DB,DB,0,ACT,Bret Clark,Bret,Clark,1961-02-24,75,195,,,,,,,,,,,,"https://static.www.nfl.com/image/private/f_auto,q_auto/league/ginbpo6yt0yjcjaoqh2f",,,,,,
1986,ATL,DB,DB,0,ACT,David Croudip,David,Croudip,1958-01-25,68,183,,,,,,,,,,,,"https://static.www.nfl.com/image/private/f_auto,q_auto/league/vdqz7d3kqdgyoy4hgmae",,,,,,
1986,ATL,DB,DB,0,ACT,Herman Edwards,Herman,Edwards,1954-04-27,72,194,,,,,,,,,,,,"https://static.www.nfl.com/image/private/f_auto,q_auto/league/ibrkwyhfrh7rzzmvwroq",,,,,,
1986,ATL,DB,DB,0,TRC,Kenny Johnson,Kenneth,Johnson,1958-01-07,70,176,,,,,,,,,,,,"https://static.www.nfl.com/image/private/f_auto,q_auto/league/podfkoyt9zkhqzwfojhd",,,,,,
1986,ATL,DB,DB,0,ACT,Robert Moore,Robert,Moore,1964-08-15,71,185,,,,,,,,,,,,"https://static.www.nfl.com/image/private/f_auto,q_auto/league/uu8rwiut9tz4qpeeimch",,,,,,
1986,ATL,DB,DB,0,ACT,Jimmy Turner,James,Turner,1959-06-15,72,187,,,,,,,,,,,,"https://static.www.nfl.com/image/private/f_auto,q_auto/league/geocqs8yekhirmz8224l",,,,,,
1986,ATL,DB,DB,0,ACT,Dennis Woodberry,Dennis,Woodberry,1961-04-22,70,183,,,,,,,,,,,,"https://static.www.nfl.com/image/private/f_auto,q_auto/league/ls47uv09e3jfbpmie9ok",,,,,,
1986,ATL,DL,DT,0,ACT,Dan Benish,Daniel,Benish,1960-11-21,77,259,,,,,,,,,,,,"https://static.www.nfl.com/image/private/f_auto,q_auto/league/vnqo2hr7681favk6gjuf",,,,,,
1986,DET,DB,DB,0,ACT,John Bostic,Jonathan,Bostic,1962-10-06,70,176,,,,,,,,,,,,"https://static.www.nfl.com/image/private/f_auto,q_auto/league/vuqbeexptndfaex5w5he",,,,,,
1986,PIT,RB,RB,0,ACT,Dan Reeder,Daniel,Reeder,1961-03-18,71,235,,,,,,,,,,,,"https://static.www.nfl.com/image/private/f_auto,q_auto/league/nskkeere3eacxgwrjjvv",,,,,,
1986,ATL,DL,DE,0,ACT,Joe Costello,Joseph,Costello,1960-06-01,75,255,,,,,,,,,,,,"https://static.www.nfl.com/image/private/f_auto,q_auto/league/sbfzxt44rszzqrnbnfin",,,,,,
1986,DET,DB,DB,0,ACT,William Graham,William,Graham,1959-09-27,71,188,,,,,,,,,,,,"https://static.www.nfl.com/image/private/f_auto,q_auto/league/nkveuqrdt5hhnkdgdm39",,,,,,
1986,DET,DB,DB,0,ACT,James Griffin,James,Griffin,1961-09-07,74,197,,,,,,,,,,,,"https://static.www.nfl.com/image/private/f_auto,q_auto/league/biomqlhyjlpp0imr6pog",,,,,,
1986,ATL,DL,DE,0,ACT,Dennis Harrison,Dennis,Harrison,1956-07-31,80,275,,,,,,,,,,,,"https://static.www.nfl.com/image/private/f_auto,q_auto/league/ymhxg8rxxoazf0fjpy5f",,,,,,
1986,DET,DB,DB,0,ACT,Demetrious Johnson,Demetrious,Johnson,1961-07-21,71,186,,,,,,,,,,,,"https://static.www.nfl.com/image/private/f_auto,q_auto/league/lnf52wxvdqefk5qkabyq",,,,,,
1986,ATL,LB,LB,0,ACT,Aaron Brown,Aaron,Brown,1956-01-13,74,235,,,,,,,,,,,,"https://static.www.nfl.com/image/private/f_auto,q_auto/league/lbp0khsb7ogdjcqevjma",,,,,,
1986,ATL,LB,LB,0,ACT,Buddy Curry,George,Curry,1958-06-04,76,221,,,,,,,,,,,,"https://static.www.nfl.com/image/private/f_auto,q_auto/league/lp62onmpqksx4hkr3t8z",,,,,,
1986,ATL,LB,LB,0,ACT,Ray Phillips,Raymond,Phillips,1964-07-24,75,240,,,,,,,,,,,,"https://static.www.nfl.com/image/private/f_auto,q_auto/league/bavwhfjsdcatgovyuolt",,,,,,
1986,ATL,LB,LB,0,ACT,Andrew Provence,Andrew,Provence,1961-03-08,75,265,,,,,,,,,,,,"https://static.www.nfl.com/image/private/f_auto,q_auto/league/rcootaqrud7cpciso6i8",,,,,,
1986,DET,DL,DE,0,ACT,Keith Ferguson,Keith,Ferguson,1959-04-03,77,241,,,,,,,,,,,,"https://static.www.nfl.com/image/private/f_auto,q_auto/league/dyguwyewr03x0wcd52a6",,,,,,
1986,ATL,LB,LB,0,TRC,Johnny Taylor,John,Taylor,1961-06-21,76,234,,,,,,,,,,,,"https://static.www.nfl.com/image/private/f_auto,q_auto/league/lwsjblobjjokjf0lnndz",,,,,,
1986,ATL,LB,OLB,0,ACT,Reggie Wilkes,Reginald,Wilkes,1956-05-27,76,230,,,,,,,,,,,,"https://static.www.nfl.com/image/private/f_auto,q_auto/league/scxvqgr7w3lp1s6u0qkf",,,,,,
1986,ATL,LB,OLB,0,ACT,Joel Williams,Joel,Williams,1956-12-13,73,215,,,,,,,,,,,,"https://static.www.nfl.com/image/private/f_auto,q_auto/league/dnmfkj5ll1jnibylh8na",,,,,,
1986,RAI,DB,CB,0,ACT,Mike Haynes,Michael,Haynes,1953-07-01,74,189,,,,,,,,,,,,"https://static.www.nfl.com/image/private/f_auto,q_auto/league/ettsvjeegh7sxuajvy1m",,,,,,
1986,MIN,OL,G,0,ACT,Jim Hough,James,Hough,1956-08-04,74,267,,,,,,,,,,,,"https://static.www.nfl.com/image/private/f_auto,q_auto/league/vlcemuej9nszwqiaglkv",,,,,,
1986,ATL,OL,G,0,ACT,Billy Hinson,William,Hinson,1963-01-08,73,278,,,,,,,,,,,,"https://static.www.nfl.com/image/private/f_auto,q_auto/league/yikcmttse3axddg2ksqv",,,,,,
1986,ATL,OL,OT,0,ACT,Glen Howe,Bobby,Howe,1961-10-18,79,265,,,,,,,,,,,,"https://static.www.nfl.com/image/private/f_auto,q_auto/league/z2me5kucisjmbwxhfolo",,,,,,
1986,DET,LB,LB,0,ACT,James Johnson,James,Johnson,1962-06-21,74,236,,,,,,,,,,,,"https://static.www.nfl.com/image/private/f_auto,q_auto/league/vllazyoqvezfwn0xxkcj",,,,,,
1986,DET,LB,LB,0,ACT,Angelo King,Angelo,King,1958-02-10,73,220,,,,,,,,,,,,"https://static.www.nfl.com/image/private/f_auto,q_auto/league/outgl0aby5wd8k5y2urn",,,,,,
1986,ATL,OL,C,0,ACT,Joseph Pellegrini,Joseph,Pellegrini,1957-04-08,76,258,,,,,,,,,,,,"https://static.www.nfl.com/image/private/f_auto,q_auto/league/i5qs8nncyahid0qbna15",,,,,,
1986,ATL,OL,C,0,ACT,Wayne Radloff,Wayne,Radloff,1961-05-17,77,263,,,,,,,,,,,,"https://static.www.nfl.com/image/private/f_auto,q_auto/league/cubswl1srjz5bsqs4cuh",,,,,,
1986,DET,LB,OLB,0,ACT,Jimmy Williams,James,Williams,1960-11-15,75,230,,,,,,,,,,,,"https://static.www.nfl.com/image/private/f_auto,q_auto/league/wd1akbgxq9iiplnaqmci",,,,,,
1986,ATL,OL,G,0,ACT,John Scully,John,Scully,1958-08-02,78,255,,,,,,,,,,,,"https://static.www.nfl.com/image/private/f_auto,q_auto/league/ewvea4n9ia9j9mo7ryu2",,,,,,
1986,ATL,OL,C,0,ACT,Jeff Van Note,Jeffrey,Van Note,1946-02-07,74,247,,,,,,,,,,,,"https://static.www.nfl.com/image/private/f_auto,q_auto/league/tos5d0w8swgxegbtbela",,,,,,
1986,MIN,QB,QB,0,ACT,Tommy Kramer,Thomas,Kramer,1955-03-07,74,200,,,,,,,,,,,,"https://static.www.nfl.com/image/private/f_auto,q_auto/league/a6ritwqkenxrqsrtuvfj",,,,,,
1986,ATL,QB,QB,0,ACT,Scott Campbell,Robert,Campbell,1962-04-15,72,201,,,,,,,,,,,,"https://static.www.nfl.com/image/private/f_auto,q_auto/league/ltcpr2wxnwcqgq60fm5p",,,,,,
1986,ATL,QB,QB,0,ACT,Turk Schonert,Turk,Schonert,1957-01-15,73,185,,,,,,,,,,,,"https://static.www.nfl.com/image/private/f_auto,q_auto/league/oc4pdlwogbmau0yi80fq",,,,,,
1986,ATL,RB,RB,0,ACT,William Andrews,William,Andrews,1955-12-25,72,206,,,,,,,,,,,,"https://static.www.nfl.com/image/private/f_auto,q_auto/league/giqzoqdifmvfrgskpcck",,,,,,
1986,ATL,RB,RB,0,ACT,Cliff Austin,Clifford,Austin,1960-03-02,72,190,,,,,,,,,,,,"https://static.www.nfl.com/image/private/f_auto,q_auto/league/besikxbcnvhdnbb7zyhe",,,,,,
1986,ATL,RB,RB,0,TRC,Tony Baker,Tony,Baker,1964-06-11,70,175,,,,,,,,,,,,"https://static.www.nfl.com/image/private/f_auto,q_auto/league/dghj1ci7pm57ign1pilv",,,,,,
1986,MIN,RB,RB,0,TRD,Wayne Wilson,Wayne,Wilson,1957-09-04,75,208,,,,,,,,,,,,"https://static.www.nfl.com/image/private/f_auto,q_auto/league/qwc0jsq0iawmb7r4zh15",,,,,,
1986,ATL,RB,RB,0,ACT,Sylvester Stamps,Sylvester,Stamps,1961-02-24,67,166,,,,,,,,,,,,"https://static.www.nfl.com/image/private/f_auto,q_auto/league/rq4vimgmh0kseo5rse25",,,,,,
1986,ATL,RB,RB,0,TRT,Tim Tyrrell,Timothy,Tyrrell,1961-02-19,73,201,,,,,,,,,,,,"https://static.www.nfl.com/image/private/f_auto,q_auto/league/mhnd7aaaro5n4l4byzyw",,,,,,
1986,ATL,RB,RB,0,ACT,Keith Williams,Keith,Williams,1964-09-30,70,173,,,,,,,,,,,,"https://static.www.nfl.com/image/private/f_auto,q_auto/league/plddw6atuiffrrytnbaw",,,,,,
1986,DET,QB,QB,0,ACT,Joe Ferguson,Joe,Ferguson,1950-04-23,73,195,,,,,,,,,,,,"https://static.www.nfl.com/image/private/f_auto,q_auto/league/i76emcealpcn4gpsawpp",,,,,,
1986,ATL,SPEC,K,0,ACT,Ali Haji-Sheikh,Ali,Haji-Sheikh,1961-01-11,72,172,,,,,,,,,,,,"https://static.www.nfl.com/image/private/f_auto,q_auto/league/zquhcwq63dom3pblyou7",,,,,,
1986,ATL,SPEC,K,0,ACT,Mick Luckhurst,Michael,Luckhurst,1958-03-31,73,180,,,,,,,,,,,,"https://static.www.nfl.com/image/private/f_auto,q_auto/league/e6euwcf2vx0xpymjytym",,,,,,
1986,DET,RB,RB,0,ACT,Herman Hunter,Herman,Hunter,1961-02-14,73,190,,,,,,,,,,,,"https://static.www.nfl.com/image/private/f_auto,q_auto/league/rmf2nhg8tfq1wjfpereh",,,,,,
1986,DET,RB,RB,0,ACT,Garry James,Garry,James,1963-09-04,70,204,,,,,,,,,,,,"https://static.www.nfl.com/image/private/f_auto,q_auto/league/uyfhmr9wvmhietzzwboo",,,,,,
1986,RAI,OL,G,0,ACT,Curt Marsh,Curtiss,Marsh,1959-08-25,77,273,,,,,,,,,,,,"https://static.www.nfl.com/image/private/f_auto,q_auto/league/v6d99efvk80fxgjm39p9",,,,,,
1986,ATL,WR,WR,0,ACT,Anthony Allen,Anthony,Allen,1959-06-29,71,180,,,,,,,,,,,,"https://static.www.nfl.com/image/private/f_auto,q_auto/league/f91dx3q31sgsto9kfhbs",,,,,,
1986,ATL,WR,WR,0,ACT,Stacey Bailey,Stacey,Bailey,1960-02-10,72,162,,,,,,,,,,,,"https://static.www.nfl.com/image/private/f_auto,q_auto/league/aqwut79wcte6eb3xpiwr",,,,,,
1986,ATL,WR,WR,0,ACT,Charlie Brown,Charles,Brown,1958-10-29,70,179,,,,,,,,,,,,"https://static.www.nfl.com/image/private/f_auto,q_auto/league/vvwahlufdsozrn26w7ka",,,,,,
1986,CIN,DB,DB,0,TRC,Jimmy Turner,James,Turner,1959-06-15,72,187,,,,,,,,,,,,"https://static.www.nfl.com/image/private/f_auto,q_auto/league/geocqs8yekhirmz8224l",,,,,,
1986,ATL,WR,WR,0,ACT,Billy Johnson,William,Johnson,1952-01-27,69,170,,,,,,,,,,,,"https://static.www.nfl.com/image/private/f_auto,q_auto/league/th3wsugu08xgopwdevbl",,,,,,
1986,ATL,WR,WR,0,ACT,Joey Jones,Joseph,Jones,1962-10-29,68,165,,,,,,,,,,,,"https://static.www.nfl.com/image/private/f_auto,q_auto/league/tp5tjeox0vcfofpzgrg6",,,,,,
1986,DET,TE,TE,0,ACT,Jimmie Giles,Jimmie,Giles,1954-11-08,75,225,,,,,,,,,,,,"https://static.www.nfl.com/image/private/f_auto,q_auto/league/u8xh5oxykc5bnchgrmpq",,,,,,
1986,DET,TE,TE,0,ACT,David Lewis,David,Lewis,1961-06-08,75,240,,,,,,,,,,,,"https://static.www.nfl.com/image/private/f_auto,q_auto/league/umh88oieumscujay0xtb",,,,,,
1986,BUF,DB,CB,0,ACT,Rodney Bellinger,Rodney,Bellinger,1962-06-04,68,186,,,,,,,,,,,,"https://static.www.nfl.com/image/private/f_auto,q_auto/league/xjf0655ygomccno7npfv",,,,,,
1986,BUF,DB,CB,0,ACT,Derrick Burroughs,Derrick,Burroughs,1962-05-18,73,185,,,,,,,,,,,,"https://static.www.nfl.com/image/private/f_auto,q_auto/league/waxhb5y5xczcjssqaxfv",,,,,,
1986,NE,DB,DB,0,ACT,Gene Profit,Eugene,Profit,1964-11-11,70,165,,,,,,,,,,,,"https://static.www.nfl.com/image/private/f_auto,q_auto/league/bbluoryqceto9hjpre09",,,,,,
1986,BUF,DB,FS,0,ACT,Steve Freeman,Steven,Freeman,1953-05-08,71,185,,,,,,,,,,,,"https://static.www.nfl.com/image/private/f_auto,q_auto/league/ebkdzdisfio4mr1vxxxv",,,,,,
1986,BUF,DB,CB,0,TRC,Rod Hill,Rodrick,Hill,1959-03-14,72,185,,,,,,,,,,,,"https://static.www.nfl.com/image/private/f_auto,q_auto/league/el0qdmpq0xayanfj3kyc",,,,,,
1986,DET,WR,WR,0,ACT,Leonard Thompson,Leonard,Thompson,1952-07-28,71,192,,,,,,,,,,,,"https://static.www.nfl.com/image/private/f_auto,q_auto/league/n90airs9gbylsyvxvgvm",,,,,,
1986,BUF,DB,DB,0,ACT,Ron Pitts,Ronald,Pitts,1962-10-14,70,175,,,,,,,,,,,,"https://static.www.nfl.com/image/private/f_auto,q_auto/league/x6sicp4ommndlm6kxxnb",,,,,,
1986,BUF,DB,CB,0,ACT,Charles Romes,Charles,Romes,1954-12-16,73,191,,,,,,,,,,,,"https://static.www.nfl.com/image/private/f_auto,q_auto/league/o0v72b0bfpohmp3dsh91",,,,,,
1986,BUF,DB,DB,0,ACT,Kevin Williams,Kevin,Williams,1961-11-28,69,169,,,,,,,,,,,,"https://static.www.nfl.com/image/private/f_auto,q_auto/league/zyuuqthuaxgqfcsuppcv",,,,,,
1986,BUF,DL,NT,0,TRC,Jerry Boyarsky,Gerard,Boyarsky,1959-05-15,75,290,,,,,,,,,,,,"https://static.www.nfl.com/image/private/f_auto,q_auto/league/qfsjcs8wbmyvajw0ce11",,,,,,
1986,BUF,DL,DE,0,ACT,Mike Hamby,Michael,Hamby,1962-11-12,76,270,,,,,,,,,,,,"https://static.www.nfl.com/image/private/f_auto,q_auto/league/bzlxwdkaftsf3xbxlezg",,,,,,
1986,BUF,DL,DE,0,ACT,Sean McNanie,Sean,McNanie,1961-09-09,77,252,,,,,,,,,,,,"https://static.www.nfl.com/image/private/f_auto,q_auto/league/eculcjykolteqycrrc7e",,,,,,
1986,BUF,DL,DE,0,ACT,Kurt Ploeger,Kurt,Ploeger,1962-12-01,77,259,,,,,,,,,,,,"https://static.www.nfl.com/image/private/f_auto,q_auto/league/jyrn4muuut16gtbgw56x",,,,,,
1986,BUF,DL,DE,0,ACT,Dean Prater,Troy,Prater,1958-09-29,76,245,,,,,,,,,,,,"https://static.www.nfl.com/image/private/f_auto,q_auto/league/ktm8ukpdpuc0bzyifn4f",,,,,,
1986,GB,DB,DB,0,ACT,John Simmons,John,Simmons,1958-12-01,71,192,,,,,,,,,,,,"https://static.www.nfl.com/image/private/f_auto,q_auto/league/dd6qulu3w5ww9am3kbhs",,,,,,
1986,GB,DB,DB,0,ACT,Ken Stills,Kenneth,Stills,1963-09-06,70,185,,,,,,,,,,,,"https://static.www.nfl.com/image/private/f_auto,q_auto/league/j87ncyfnuxpi2jgrvzlk",,,,,,
1986,BUF,DL,DT,0,ACT,Don Smith,Donald,Smith,1957-05-09,77,248,,,,,,,,,,,,"https://static.www.nfl.com/image/private/f_auto,q_auto/league/g0cb16y46yg1g7fm5p2d",,,,,,
1986,GB,DB,DB,0,ACT,Elbert Watts,Elbert,Watts,1963-03-20,73,205,,,,,,,,,,,,"https://static.www.nfl.com/image/private/f_auto,q_auto/league/ysii7nxswdqdkvlb5ul0",,,,,,
1986,BUF,LB,ILB,0,ACT,George Cumby,George,Cumby,1956-07-05,72,215,,,,,,,,,,,,"https://static.www.nfl.com/image/private/f_auto,q_auto/league/pcprcs7fk5gx161jl1sj",,,,,,
1986,BUF,LB,OLB,0,ACT,Guy Frazier,Guy,Frazier,1959-07-20,74,215,,,,,,,,,,,,"https://static.www.nfl.com/image/private/f_auto,q_auto/league/cxwy6usk5rmtf8bpdlks",,,,,,
1986,BUF,LB,ILB,0,ACT,Tony Furjanic,Anthony,Furjanic,1964-02-26,73,228,,,,,,,,,,,,"https://static.www.nfl.com/image/private/f_auto,q_auto/league/z6bcauhunrrwjzrswti8",,,,,,
1986,GB,DL,NT,0,ACT,Donnie Humphrey,Donnie,Humphrey,1961-04-20,75,282,,,,,,,,,,,,"https://static.www.nfl.com/image/private/f_auto,q_auto/league/gvabcionynk8gb7i895r",,,,,,
1986,NE,OL,C,0,ACT,Pete Brock,Peter,Brock,1954-07-14,77,253,,,,,,,,,,,,"https://static.www.nfl.com/image/private/f_auto,q_auto/league/bsyo8decj8opg7aw03di",,,,,,
1986,BUF,LB,OLB,0,ACT,Lucius Sanford,Lucius,Sanford,1956-02-14,74,216,,,,,,,,,,,,"https://static.www.nfl.com/image/private/f_auto,q_auto/league/ndntsnwpwf5xm8woxcql",,,,,,
1986,GB,DL,NT,0,ACT,Charles Martin,Charles,Martin,1959-08-31,76,270,,,,,,,,,,,,"https://static.www.nfl.com/image/private/f_auto,q_auto/league/t8k9vvsmel5c7ihmcqca",,,,,,
1986,GB,DL,DE,0,TRC,Kurt Ploeger,Kurt,Ploeger,1962-12-01,77,259,,,,,,,,,,,,"https://static.www.nfl.com/image/private/f_auto,q_auto/league/jyrn4muuut16gtbgw56x",,,,,,
1986,BUF,OL,G,0,ACT,Mark Catano,Mark,Catano,1962-01-26,75,265,,,,,,,,,,,,"https://static.www.nfl.com/image/private/f_auto,q_auto/league/anadxycueoxo983wco65",,,,,,
1986,BUF,OL,OT,0,ACT,Justin Cross,Justin,Cross,1959-04-29,78,263,,,,,,,,,,,,"https://static.www.nfl.com/image/private/f_auto,q_auto/league/wvjsitnwv7zp9cbevrid",,,,,,
1986,BUF,OL,OT,0,ACT,Joe Devlin,Joseph,Devlin,1954-02-23,77,258,,,,,,,,,,,,"https://static.www.nfl.com/image/private/f_auto,q_auto/league/jhttkbctfivhqld2re94",,,,,,
1986,GB,LB,LB,0,ACT,John Dorsey,John,Dorsey,1960-08-31,74,235,,,,,,,,,,,,"https://static.www.nfl.com/image/private/f_auto,q_auto/league/yiotrfnssgz3f9gsafrs",,,,,,
1986,NE,OL,G,0,ACT,Ron Wooten,Ronald,Wooten,1959-06-28,76,280,,,,,,,,,,,,"https://static.www.nfl.com/image/private/f_auto,q_auto/league/okmiq1mas2e5lugcbk4p",,,,,,
1986,BUF,OL,OT,0,ACT,Ken Jones,Kenneth,Jones,1952-12-01,77,252,,,,,,,,,,,,"https://static.www.nfl.com/image/private/f_auto,q_auto/league/rnqtjnwaqjetld5rbeez",,,,,,
1986,NE,QB,QB,0,ACT,Steve Grogan,Steven,Grogan,1953-07-24,76,210,,,,,,,,,,,,"https://static.www.nfl.com/image/private/f_auto,q_auto/league/lgtwr9h2e8bey2lyqkco",,,,,,
1986,BUF,OL,G,0,ACT,Mark Traynowicz,Mark,Traynowicz,1962-11-20,77,267,,,,,,,,,,,,"https://static.www.nfl.com/image/private/f_auto,q_auto/league/xgqnuzdm6du1swhnziz7",,,,,,
1986,BUF,OL,OT,0,ACT,Tim Vogler,Timothy,Vogler,1956-10-02,75,245,,,,,,,,,,,,"https://static.www.nfl.com/image/private/f_auto,q_auto/league/cwk8rofmcpmgoiaknokk",,,,,,
1986,GB,LB,LB,0,ACT,Miles Turpin,Miles,Turpin,1964-05-15,76,230,,,,,,,,,,,,"https://static.www.nfl.com/image/private/f_auto,q_auto/league/xn3af1slrcssd95slsi1",,,,,,
1986,GB,LB,LB,0,ACT,Mike Weddington,Michael,Weddington,1960-10-09,76,240,,,,,,,,,,,,"https://static.www.nfl.com/image/private/f_auto,q_auto/league/qsdyeh2zjgkprh8ydve2",,,,,,
1986,NE,RB,RB,0,ACT,Mosi Tatupu,Mosiula,Tatupu,1955-04-26,72,227,,,,,,,,,,,,"https://static.www.nfl.com/image/private/f_auto,q_auto/league/jge79vwu3wvwpixwpriy",,,,,,
1986,GB,OL,C,0,ACT,Bill Cherry,William,Cherry,1961-01-05,76,275,,,,,,,,,,,,"https://static.www.nfl.com/image/private/f_auto,q_auto/league/k6zi2otzazcfc978mu6f",,,,,,
1986,BUF,RB,RB,0,ACT,Greg Bell,Gregory,Bell,1962-08-01,70,210,,,,,,,,,,,,"https://static.www.nfl.com/image/private/f_auto,q_auto/league/i19vbfsodayvdrqt5b1p",,,,,,
1986,BUF,RB,FB,0,ACT,Carl Byrum,Carl,Byrum,1963-06-29,72,232,,,,,,,,,,,,"https://static.www.nfl.com/image/private/f_auto,q_auto/league/m5pbzltfflh3zofvbjap",,,,,,
1986,GB,OL,G,0,ACT,Ruben Mendoza,Ruben,Mendoza,1963-05-10,76,290,,,,,,,,,,,,"https://static.www.nfl.com/image/private/f_auto,q_auto/league/tvirqle3q6qbknfxf6vc",,,,,,
1986,BUF,RB,RB,0,ACT,Bruce King,Bruce,King,1963-01-07,73,219,,,,,,,,,,,,"https://static.www.nfl.com/image/private/f_auto,q_auto/league/yalszcys492fnoyas4oe",,,,,,
1986,BUF,RB,FB,0,ACT,Ricky Moore,Ricky,Moore,1963-04-07,71,234,,,,,,,,,,,,"https://static.www.nfl.com/image/private/f_auto,q_auto/league/obje9y0g0ikit3yzabfk",,,,,,
1986,BUF,RB,RB,0,ACT,Robb Riddick,Robbert,Riddick,1957-04-26,72,195,,,,,,,,,,,,"https://static.www.nfl.com/image/private/f_auto,q_auto/league/wgfixue76ddiwzvw3jwr",,,,,,
1986,GB,OL,C,0,ACT,Karl Swanke,Karl,Swanke,1957-12-29,78,257,,,,,,,,,,,,"https://static.www.nfl.com/image/private/f_auto,q_auto/league/pyqdqgwtrwkfe5ndzk6w",,,,,,
1986,NE,WR,WR,0,ACT,Stanley Morgan,Stanley,Morgan,1955-02-17,71,181,,,,,,,,,,,,"https://static.www.nfl.com/image/private/f_auto,q_auto/league/n3oxs232reufr0sdqptv",,,,,,
1986,GB,QB,QB,0,ACT,Vince Ferragamo,Vincent,Ferragamo,1954-04-24,75,212,,,,,,,,,,,,"https://static.www.nfl.com/image/private/f_auto,q_auto/league/tc2qspexlyzkc3dqreog",,,,,,
1986,BUF,TE,TE,0,ACT,Don Kern,Donald,Kern,1962-08-25,76,228,,,,,,,,,,,,"https://static.www.nfl.com/image/private/f_auto,q_auto/league/xygjh3gyoqsi8qtx4hxd",,,,,,
1986,GB,QB,QB,0,ACT,Joe Shield,Joseph,Shield,1962-06-26,73,185,,,,,,,,,,,,"https://static.www.nfl.com/image/private/f_auto,q_auto/league/ueiq4pf1agruyopqxfdt",,,,,,
1986,GB,QB,QB,0,ACT,Randy Wright,Randall,Wright,1961-01-12,74,194,,,,,,,,,,,,"https://static.www.nfl.com/image/private/f_auto,q_auto/league/i683zerheglgdirtjx0q",,,,,,
1986,BUF,WR,WR,0,ACT,Walter Broughton,Walter,Broughton,1962-10-20,70,173,,,,,,,,,,,,"https://static.www.nfl.com/image/private/f_auto,q_auto/league/r6hasvsbcp2wl7xraflr",,,,,,
1986,GB,RB,RB,0,ACT,Jessie Clark,Jessie,Clark,1960-01-03,72,226,,,,,,,,,,,,"https://static.www.nfl.com/image/private/f_auto,q_auto/league/z1twtanvv7xjt7qu5gp8",,,,,,
1986,BUF,WR,WR,0,ACT,Jerry Butler,Jerry,Butler,1957-10-12,72,178,,,,,,,,,,,,"https://static.www.nfl.com/image/private/f_auto,q_auto/league/trgwnwiqurohks4hsoyo",,,,,,
1986,GB,RB,RB,0,ACT,Gary Ellerson,Gary,Ellerson,1963-07-17,71,220,,,,,,,,,,,,"https://static.www.nfl.com/image/private/f_auto,q_auto/league/rx1fis1s59rcklnay3gr",,,,,,
1986,BUF,WR,WR,0,ACT,Eric Richardson,Eric,Richardson,1962-04-18,73,183,,,,,,,,,,,,"https://static.www.nfl.com/image/private/f_auto,q_auto/league/mbiwhd4w14h6q6yk4xww",,,,,,
1986,GB,RB,RB,0,ACT,Eddie Lee Ivery,Eddie,Ivery,1957-07-30,72,210,,,,,,,,,,,,"https://static.www.nfl.com/image/private/f_auto,q_auto/league/fwx0ce258pvztzgnzrtl",,,,,,
1986,BUF,WR,WR,0,ACT,Jimmy Teal,Jimmy,Teal,1962-08-18,70,170,,,,,,,,,,,,"https://static.www.nfl.com/image/private/f_auto,q_auto/league/qwn5mw8wuzxqkju3mpwi",,,,,,
1986,CHI,DB,DB,0,ACT,Todd Bell,Todd,Bell,1958-11-28,73,207,,,,,,,,,,,,"https://static.www.nfl.com/image/private/f_auto,q_auto/league/zzrdtstwymldpbspdlki",,,,,,
1986,GB,SPEC,P,0,ACT,Bill Renner,William,Renner,1959-05-23,72,198,,,,,,,,,,,,"https://static.www.nfl.com/image/private/f_auto,q_auto/league/mfq2yrn6hl9jwso7ad6z",,,,,,
1986,CHI,DB,DB,0,ACT,Dave Duerson,David,Duerson,1960-11-28,73,202,,,,,,,,,,,,"https://static.www.nfl.com/image/private/f_auto,q_auto/league/fuilnprtjkg9vmnwrldy",,,,,,
1986,CHI,DB,DB,0,ACT,Gary Fencik,John,Fencik,1954-06-11,73,190,,,,,,,,,,,,"https://static.www.nfl.com/image/private/f_auto,q_auto/league/kdeua5gbqcldvpcmoad0",,,,,,
1986,GB,TE,TE,0,ACT,Dan Ross,Daniel,Ross,1957-02-09,76,238,,,,,,,,,,,,"https://static.www.nfl.com/image/private/f_auto,q_auto/league/sdgxg6dxxyj9hanhifcc",,,,,,
1986,NO,DL,DE,0,TRC,Milford Hodge,Milford,Hodge,1961-03-11,75,278,,,,,,,,,,,,"https://static.www.nfl.com/image/private/f_auto,q_auto/league/fbqtduswrz4mggytpzyv",,,,,,
1986,CHI,DB,DB,0,ACT,Reggie Phillips,Reginald,Phillips,1960-12-12,70,170,,,,,,,,,,,,"https://static.www.nfl.com/image/private/f_auto,q_auto/league/zrgtbiq3o8sfocj218he",,,,,,
1986,CHI,DB,DB,0,ACT,Mike Richardson,Michael,Richardson,1961-05-23,72,197,,,,,,,,,,,,"https://static.www.nfl.com/image/private/f_auto,q_auto/league/h7jpwpjtsagwu49li7zk",,,,,,
1986,RAM,WR,WR,0,TRC,Mark Pattison,Mark,Pattison,1961-12-13,74,190,,,,,,,,,,,,"https://static.www.nfl.com/image/private/f_auto,q_auto/league/o1r3g39op8lzkuup7hdx",,,,,,
1986,CHI,DL,DE,0,ACT,Dan Hampton,Daniel,Hampton,1957-09-19,77,255,,,,,,,,,,,,"https://static.www.nfl.com/image/private/f_auto,q_auto/league/m0aik3u45uipbvgyzcli",,,,,,
1986,CHI,DL,DE,0,ACT,Mike Hartenstine,Michael,Hartenstine,1953-07-27,75,240,,,,,,,,,,,,"https://static.www.nfl.com/image/private/f_auto,q_auto/league/k7ftg4wt6hl8oxustsfu",,,,,,
1986,HOU,DB,DB,0,ACT,Patrick Allen,Lloyd,Allen,1961-08-26,70,173,,,,,,,,,,,,"https://static.www.nfl.com/image/private/f_auto,q_auto/league/wmlj88l6ys6nlju9ttrz",,,,,,
1986,HOU,DB,DB,0,ACT,Keith Bostic,William,Bostic,1961-01-17,73,209,,,,,,,,,,,,"https://static.www.nfl.com/image/private/f_auto,q_auto/league/rrtywu13e5f26xfhsneu",,,,,,
1986,CHI,DL,DE,0,ACT,Henry Waechter,Henry,Waechter,1959-02-13,77,270,,,,,,,,,,,,"https://static.www.nfl.com/image/private/f_auto,q_auto/league/k1as0htkddxeeocbsaxq",,,,,,
1986,CHI,LB,LB,0,ACT,Brian Cabral,Kealiihaaheo,Cabral,1956-06-23,73,233,,,,,,,,,,,,"https://static.www.nfl.com/image/private/f_auto,q_auto/league/ktif7phjn8j04vt3a0wh",,,,,,
1986,CHI,LB,LB,0,ACT,Al Harris,Alfred,Harris,1956-12-31,77,250,,,,,,,,,,,,"https://static.www.nfl.com/image/private/f_auto,q_auto/league/kwrpdo4lnsb7js6igujj",,,,,,
1986,SD,DB,DB,0,ACT,John Hendy,John,Hendy,1962-10-09,71,196,,,,,,,,,,,,"https://static.www.nfl.com/image/private/f_auto,q_auto/league/aq08yjllszygpfzmyggz",,,,,,
1986,HOU,DB,DB,0,ACT,Kenny Johnson,Kenneth,Johnson,1958-01-07,70,176,,,,,,,,,,,,"https://static.www.nfl.com/image/private/f_auto,q_auto/league/podfkoyt9zkhqzwfojhd",,,,,,
1986,CHI,LB,LB,0,ACT,Dan Rains,Daniel,Rains,1956-04-26,73,224,,,,,,,,,,,,"https://static.www.nfl.com/image/private/f_auto,q_auto/league/f5c3kodjg5lpwvpwbtgi",,,,,,
1986,HOU,DB,DB,0,ACT,Allen Lyday,Allen,Lyday,1960-09-16,70,186,,,,,,,,,,,,"https://static.www.nfl.com/image/private/f_auto,q_auto/league/mqse0pbsoac7m7btz5ix",,,,,,
1986,NO,OL,OT,0,ACT,Bill Contz,Julius,Contz,1961-05-12,77,260,,,,,,,,,,,,"https://static.www.nfl.com/image/private/f_auto,q_auto/league/ni1xgyjw9qcfffqimb6i",,,,,,
1986,CHI,LB,OLB,0,ACT,Otis Wilson,Otis,Wilson,1957-09-15,74,222,,,,,,,,,,,,"https://static.www.nfl.com/image/private/f_auto,q_auto/league/khvppdt7mrvnyzq6a6vs",,,,,,
1986,CHI,OL,G,0,ACT,Kurt Becker,Kurt,Becker,1958-12-22,77,251,,,,,,,,,,,,"https://static.www.nfl.com/image/private/f_auto,q_auto/league/nq9lzsbh72uxs6vw2rqb",,,,,,
1986,CHI,OL,OT,0,ACT,Paul Blair,Paul,Blair,1963-03-08,76,290,,,,,,,,,,,,"https://static.www.nfl.com/image/private/f_auto,q_auto/league/pawlzvfhjtvm3ntutymy",,,,,,
1986,SD,DL,DE,0,ACT,Dee Hardison,William,Hardison,1956-05-02,76,269,,,,,,,,,,,,"https://static.www.nfl.com/image/private/f_auto,q_auto/league/rkqigdbrbqj5aikgkzaj",,,,,,
1986,NO,OL,C,0,ACT,Steve Korte,Steven,Korte,1960-01-15,75,270,,,,,,,,,,,,"https://static.www.nfl.com/image/private/f_auto,q_auto/league/ykcjr1muytkmf7aqp0uf",,,,,,
1986,HOU,DL,DT,0,ACT,Lynn Madsen,Lynn,Madsen,1960-08-08,76,260,,,,,,,,,,,,"https://static.www.nfl.com/image/private/f_auto,q_auto/league/pkbta8qsbrn61wocgskr",,,,,,
1986,CHI,OL,G,0,ACT,Stefan Humphries,Stefan,Humphries,1962-01-20,75,265,,,,,,,,,,,,"https://static.www.nfl.com/image/private/f_auto,q_auto/league/pb1j9tujd54emtdp6odu",,,,,,
1986,CHI,OL,C,0,ACT,Larry Rubens,Larry,Rubens,1959-01-25,73,253,,,,,,,,,,,,"https://static.www.nfl.com/image/private/f_auto,q_auto/league/bnk4swxno5elm0l3lqcy",,,,,,
1986,HOU,DL,DE,0,ACT,Malcolm Taylor,Malcolm,Taylor,1960-06-20,78,288,,,,,,,,,,,,"https://static.www.nfl.com/image/private/f_auto,q_auto/league/zxttcwaoyovmnrs31w8g",,,,,,
1986,HOU,LB,LB,0,ACT,Robert Abraham,Robert,Abraham,1960-07-13,73,212,,,,,,,,,,,,"https://static.www.nfl.com/image/private/f_auto,q_auto/league/f4vaohzliud8xj2ymxch",,,,,,
1986,HOU,LB,LB,0,ACT,Frank Bush,Frank,Bush,1963-01-10,73,218,,,,,,,,,,,,"https://static.www.nfl.com/image/private/f_auto,q_auto/league/ok0j7hfaliqu1bapukaq",,,,,,
1986,CHI,QB,QB,0,ACT,Steve Fuller,Stephen,Fuller,1957-01-05,76,198,,,,,,,,,,,,"https://static.www.nfl.com/image/private/f_auto,q_auto/league/pwpriz9wpd0epedysmbl",,,,,,
1986,SD,LB,LB,0,ACT,Mike Douglass,Michael,Douglass,1955-03-15,72,220,,,,,,,,,,,,"https://static.www.nfl.com/image/private/f_auto,q_auto/league/agaskncjwymqqolssivo",,,,,,
1986,SD,LB,LB,0,ACT,Mark Fellows,Charles,Fellows,1963-02-26,73,233,,,,,,,,,,,,"https://static.www.nfl.com/image/private/f_auto,q_auto/league/du790ktlkpzioatwo2ql",,,,,,
1986,NO,RB,RB,0,ACT,Dana McLemore,Dana,McLemore,1960-07-01,70,183,,,,,,,,,,,,"https://static.www.nfl.com/image/private/f_auto,q_auto/league/qqo8bmobqyqgtxxkbqkw",,,,,,
1986,NO,RB,RB,0,ACT,John Williams,John,Williams,1960-10-26,71,213,,,,,,,,,,,,"https://static.www.nfl.com/image/private/f_auto,q_auto/league/saukj5ilpts1kty5rfnl",,,,,,
1986,CHI,RB,RB,0,ACT,Walter Payton,Walter,Payton,1954-07-25,70,200,,,,,,,,,,,,"https://static.www.nfl.com/image/private/f_auto,q_auto/league/yjatyzmf5yhgs0v9qcze",,,,,,
1986,HOU,OL,G,0,ACT,Kent Hill,Kent,Hill,1957-03-07,77,260,,,,,,,,,,,,"https://static.www.nfl.com/image/private/f_auto,q_auto/league/jpgb3wdvjh00on4ioi4o",,,,,,
1986,CHI,RB,RB,0,ACT,Matt Suhey,Matthew,Suhey,1958-07-07,71,217,,,,,,,,,,,,"https://static.www.nfl.com/image/private/f_auto,q_auto/league/ttcwdlgssxl8vgosj06j",,,,,,
1986,CHI,RB,RB,0,ACT,Calvin Thomas,Calvin,Thomas,1960-01-07,71,220,,,,,,,,,,,,"https://static.www.nfl.com/image/private/f_auto,q_auto/league/bw6sirik6acjjdmqtjbb",,,,,,
1986,HOU,OL,G,0,ACT,Eric Moran,Eric,Moran,1960-06-10,77,285,,,,,,,,,,,,"https://static.www.nfl.com/image/private/f_auto,q_auto/league/m5ray2m4wql68ylz85hk",,,,,,
1986,NO,WR,WR,0,ACT,Kelvin Edwards,Kelvin,Edwards,1964-07-19,74,192,,,,,,,,,,,,"https://static.www.nfl.com/image/private/f_auto,q_auto/league/xk9e6pvvu1juxh6bmpye",,,,,,
1986,CHI,TE,TE,0,ACT,Emery Moorehead,Emery,Moorehead,1954-03-22,74,210,,,,,,,,,,,,"https://static.www.nfl.com/image/private/f_auto,q_auto/league/bsloik0nr27udtkhpuok",,,,,,
1986,CHI,TE,TE,0,ACT,Tim Wrightman,Timothy,Wrightman,1960-03-27,75,237,,,,,,,,,,,,"https://static.www.nfl.com/image/private/f_auto,q_auto/league/ypqpj71kmwfklilempj0",,,,,,
1986,CHI,WR,WR,0,ACT,Lew Barnes,Lew,Barnes,1962-12-27,68,163,,,,,,,,,,,,"https://static.www.nfl.com/image/private/f_auto,q_auto/league/pfbsvgdjephll8dtmk7k",,,,,,
1986,CHI,WR,WR,0,ACT,Willie Gault,Willie,Gault,1960-09-05,72,178,,,,,,,,,,,,"https://static.www.nfl.com/image/private/f_auto,q_auto/league/dpvqbhippy603k1skdtv",,,,,,
1986,CHI,WR,WR,0,TRD,Ken Margerum,Kenneth,Margerum,1958-10-05,72,170,,,,,,,,,,,,"https://static.www.nfl.com/image/private/f_auto,q_auto/league/cmq81a4v73ky1abp7vdc",,,,,,
1986,CHI,WR,WR,0,ACT,Keith Ortego,Bryant,Ortego,1963-08-30,72,180,,,,,,,,,,,,"https://static.www.nfl.com/image/private/f_auto,q_auto/league/jqtgbnp67yi87isqiyd5",,,,,,
1986,CHI,WR,WR,0,ACT,Clay Pickering,Clay,Pickering,1961-06-02,77,215,,,,,,,,,,,,"https://static.www.nfl.com/image/private/f_auto,q_auto/league/ftrqvht7bejbbybhg1to",,,,,,
1986,HOU,QB,QB,0,ACT,John Witkowski,John,Witkowski,1962-06-18,73,200,,,,,,,,,,,,"https://static.www.nfl.com/image/private/f_auto,q_auto/league/kms4wif6ieei9jbddlxg",,,,,,
1986,CIN,DB,DB,0,ACT,Louis Breeden,Louis,Breeden,1953-10-26,71,185,,,,,,,,,,,,"https://static.www.nfl.com/image/private/f_auto,q_auto/league/jwuxrsmu6du8yxsleo7m",,,,,,
1986,HOU,RB,RB,0,ACT,Stan Edwards,Stanley,Edwards,1960-05-20,72,208,,,,,,,,,,,,"https://static.www.nfl.com/image/private/f_auto,q_auto/league/z92vjnq8hpvsjdaczf12",,,,,,
1986,HOU,RB,RB,0,TRD,Larry Moriarty,Larry,Moriarty,1958-04-24,73,228,,,,,,,,,,,,"https://static.www.nfl.com/image/private/f_auto,q_auto/league/cx8hdvbvxn5m912qkrty",,,,,,
1986,HOU,RB,RB,0,ACT,Hubie Oliver,Hubert,Oliver,1957-11-12,70,215,,,,,,,,,,,,"https://static.www.nfl.com/image/private/f_auto,q_auto/league/eloicwknjqw878vllqhl",,,,,,
1986,CIN,DB,DB,0,ACT,Robert Jackson,Robert,Jackson,1958-10-10,70,184,,,,,,,,,,,,"https://static.www.nfl.com/image/private/f_auto,q_auto/league/jldmqnyyipofgpfmyw3g",,,,,,
1986,CIN,DB,DB,0,ACT,Bobby Kemp,Bobby,Kemp,1959-05-29,72,192,,,,,,,,,,,,"https://static.www.nfl.com/image/private/f_auto,q_auto/league/u1nevu7zy1e9s8scgxhu",,,,,,
1986,CIN,DB,DB,0,TRC,John Simmons,John,Simmons,1958-12-01,71,192,,,,,,,,,,,,"https://static.www.nfl.com/image/private/f_auto,q_auto/league/dd6qulu3w5ww9am3kbhs",,,,,,
1986,DAL,OL,OT,75,ACT,Phil Pozderac,Philip,Pozderac,1959-12-19,81,260,,,,,,,,,,,,"https://static.www.nfl.com/image/private/f_auto,q_auto/league/l9zjvun6o3bleti5f54c",,,,,,
1986,CIN,DL,DE,0,ACT,Ross Browner,Ross,Browner,1954-03-22,75,262,,,,,,,,,,,,"https://static.www.nfl.com/image/private/f_auto,q_auto/league/wgcgfiqmja0bwnppf4qa",,,,,,
1986,CIN,DL,DE,0,ACT,Eddie Edwards,Eddie,Edwards,1954-04-25,77,256,,,,,,,,,,,,"https://static.www.nfl.com/image/private/f_auto,q_auto/league/vr6q3m8jvwxfxcmicrsn",,,,,,
1986,CIN,DL,DE,0,ACT,Mike Hammerstein,Michael,Hammerstein,1963-03-29,76,270,,,,,,,,,,,,"https://static.www.nfl.com/image/private/f_auto,q_auto/league/jxqol1ldt1dkheqwkcco",,,,,,
1986,HOU,TE,TE,0,ACT,Jeff Parks,Jeffrey,Parks,1964-09-14,76,238,,,,,,,,,,,,"https://static.www.nfl.com/image/private/f_auto,q_auto/league/qig1picuwc3wh5ktlnj5",,,,,,
1986,NYG,LB,ILB,53,ACT,Harry Carson,Harold,Carson,1953-11-26,74,228,,,,,,,,,,,,"https://static.www.nfl.com/image/private/f_auto,q_auto/league/pwg5h5pd6vfhmqqqizvz",,,,,,
1986,HOU,WR,WR,0,ACT,Mike Akiu,Karl,Akiu,1962-02-12,69,182,,,,,,,,,,,,"https://static.www.nfl.com/image/private/f_auto,q_auto/league/urotipypiqo3qhualsvp",,,,,,
1986,NYG,LB,LB,57,ACT,Byron Hunt,Byron,Hunt,1958-12-17,77,230,,,,,,,,,,,,"https://static.www.nfl.com/image/private/f_auto,q_auto/league/wbpwr2wd0jbdp8niwsop",,,,,,
1986,CIN,LB,LB,0,ACT,Kiki DeAyala,Julian,DeAyala,1961-10-23,73,225,,,,,,,,,,,,"https://static.www.nfl.com/image/private/f_auto,q_auto/league/dyn0kbsjzamv6x9klucw",,,,,,
1986,NYG,LB,LB,51,ACT,Robbie Jones,Robert,Jones,1959-12-25,74,230,,,,,,,,,,,,"https://static.www.nfl.com/image/private/f_auto,q_auto/league/vverenzaaoxqvqdgdfg3",,,,,,
1986,CIN,LB,OLB,0,ACT,Emanuel King,Emanuel,King,1963-08-15,76,245,,,,,,,,,,,,"https://static.www.nfl.com/image/private/f_auto,q_auto/league/dnurznp1wmtztqcengby",,,,,,
1986,CIN,LB,LB,0,ACT,Ron Simpkins,Ronald,Simpkins,1958-04-02,73,235,,,,,,,,,,,,"https://static.www.nfl.com/image/private/f_auto,q_auto/league/pk5bwkpwbgjjyzyq3ulu",,,,,,
1986,IND,DB,DB,0,ACT,Pat Ballage,Patrick,Ballage,1964-04-08,73,202,,,,,,,,,,,,"https://static.www.nfl.com/image/private/f_auto,q_auto/league/hoftn8famr8lbjyn6k78",,,,,,
1986,CIN,LB,OLB,0,ACT,Reggie Williams,Reginald,Williams,1954-09-19,73,228,,,,,,,,,,,,"https://static.www.nfl.com/image/private/f_auto,q_auto/league/f4gfjrom1favz8hpo0nl",,,,,,
1986,IND,DB,DB,0,ACT,Leonard Coleman,Leonard,Coleman,1962-01-30,74,208,,,,,,,,,,,,"https://static.www.nfl.com/image/private/f_auto,q_auto/league/ohbvooctzrfgk8e9b8sk",,,,,,
1986,NYG,OL,OT,68,ACT,Damian Johnson,Damian,Johnson,1962-12-18,77,290,,,,,,,,,,,,"https://static.www.nfl.com/image/private/f_auto,q_auto/league/g0i0xn5ztsjzonhfjcda",,,,,,
1986,CIN,OL,OT,0,ACT,David Douglas,David,Douglas,1963-03-20,76,280,,,,,,,,,,,,"https://static.www.nfl.com/image/private/f_auto,q_auto/league/vvpljdcrzjlyqzkur3ag",,,,,,
1986,IND,DB,DB,0,ACT,Preston Davis,Preston,Davis,1962-03-10,71,180,,,,,,,,,,,,"https://static.www.nfl.com/image/private/f_auto,q_auto/league/oihl4ujwpgjp3f42cf0k",,,,,,
1986,CIN,OL,G,0,ACT,Max Montoya,Max,Montoya,1956-05-12,77,275,,,,,,,,,,,,"https://static.www.nfl.com/image/private/f_auto,q_auto/league/lmgdawhwtxqc6zipaiye",,,,,,
1986,IND,DB,DB,0,ACT,Dwight Hicks,Dwight,Hicks,1956-04-05,73,190,,,,,,,,,,,,"https://static.www.nfl.com/image/private/f_auto,q_auto/league/avzrm7dzy3vngayswkss",,,,,,
1986,IND,DB,DB,0,ACT,John Holt,John,Holt,1959-05-14,71,180,,,,,,,,,,,,"https://static.www.nfl.com/image/private/f_auto,q_auto/league/gyl0krupsemphzonor93",,,,,,
1986,CIN,OL,C,0,ACT,Dave Rimington,David,Rimington,1960-05-22,75,292,,,,,,,,,,,,"https://static.www.nfl.com/image/private/f_auto,q_auto/league/iopor3qp2uhpuqe9ol8f",,,,,,
1986,IND,DB,DB,0,TRC,Mike Lush,Michael,Lush,1958-04-18,74,211,,,,,,,,,,,,"https://static.www.nfl.com/image/private/f_auto,q_auto/league/hmet8glaskgb0eags7a9",,,,,,
1986,CIN,QB,QB,0,ACT,Ken Anderson,Kenneth,Anderson,1949-02-15,74,212,,,,,,,,,,,,"https://static.www.nfl.com/image/private/f_auto,q_auto/league/qlilbvrc2y7gvr35lr9c",,,,,,
1986,IND,DB,DB,0,ACT,Tommy Sims,Thomas,Sims,1964-09-29,72,190,,,,,,,,,,,,"https://static.www.nfl.com/image/private/f_auto,q_auto/league/rbo30wmtoyqgwpb6t2y7",,,,,,
1986,CIN,QB,QB,0,ACT,Doug Gaynor,Ralph,Gaynor,1963-07-05,74,205,,,,,,,,,,,,"https://static.www.nfl.com/image/private/f_auto,q_auto/league/bqjn93ez7cdmgydx4h22",,,,,,
1986,DEN,DB,DB,0,ACT,Mark Haynes,Mark,Haynes,1958-11-06,71,185,,,,,,,,,,,,"https://static.www.nfl.com/image/private/f_auto,q_auto/league/wuytgmd5un2jxb1v7oxx",,,,,,
1986,IND,DL,DT,0,ACT,John Haines,John,Haines,1961-12-16,78,266,,,,,,,,,,,,"https://static.www.nfl.com/image/private/f_auto,q_auto/league/vfywu4wofujrd1etqkf5",,,,,,
1986,CIN,RB,RB,0,ACT,Bill Johnson,William,Johnson,1960-10-31,74,230,,,,,,,,,,,,"https://static.www.nfl.com/image/private/f_auto,q_auto/league/twhsgi72ypmosqles3t3",,,,,,
1986,CIN,RB,RB,0,ACT,Larry Kinnebrew,Lawrence,Kinnebrew,1959-06-11,73,266,,,,,,,,,,,,"https://static.www.nfl.com/image/private/f_auto,q_auto/league/wu9kxqbvmfm35cz0tniz",,,,,,
1986,CIN,RB,RB,0,ACT,Stanley Wilson,Stanley,Wilson,1961-08-23,70,209,,,,,,,,,,,,"https://static.www.nfl.com/image/private/f_auto,q_auto/league/bczhxbjdwmafyyclnui3",,,,,,
1986,IND,LB,LB,0,ACT,Dave Ahrens,David,Ahrens,1958-12-05,75,228,,,,,,,,,,,,"https://static.www.nfl.com/image/private/f_auto,q_auto/league/bphxkrqjkwi87hl47ign",,,,,,
1986,CIN,SPEC,P,0,ACT,Jeff Hayes,Jeffrey,Hayes,1959-08-19,71,175,,,,,,,,,,,,"https://static.www.nfl.com/image/private/f_auto,q_auto/league/k0f0zkih0o8y2uilw9il",,,,,,
1986,SEA,LB,OLB,0,ACT,Bruce Scholtz,Bruce,Scholtz,1958-09-26,78,240,,,,,,,,,,,,"https://static.www.nfl.com/image/private/f_auto,q_auto/league/uc3s4qzbabylveaa7jtf",,,,,,
1986,IND,LB,LB,0,ACT,Lamonte Hunley,Kenneth,Hunley,1963-01-31,74,240,,,,,,,,,,,,"https://static.www.nfl.com/image/private/f_auto,q_auto/league/rt5lykypp7favdfy2kiq",,,,,,
1986,IND,LB,LB,0,ACT,Barry Krauss,Richard,Krauss,1957-03-17,75,232,,,,,,,,,,,,"https://static.www.nfl.com/image/private/f_auto,q_auto/league/vvg6wjboszaytgpxfa37",,,,,,
1986,CIN,WR,WR,0,ACT,Cris Collinsworth,Anthony,Collinsworth,1959-01-27,77,192,,,,,,,,,,,,"https://static.www.nfl.com/image/private/f_auto,q_auto/league/fim4z7r60ne7auyeivr4",,,,,,
1986,CIN,WR,WR,0,ACT,Steve Kreider,Steven,Kreider,1958-05-12,75,192,,,,,,,,,,,,"https://static.www.nfl.com/image/private/f_auto,q_auto/league/jfkzfz4plvdpczvmj85n",,,,,,
1986,CIN,WR,WR,0,ACT,Mike Martin,Michael,Martin,1960-11-18,70,186,,,,,,,,,,,,"https://static.www.nfl.com/image/private/f_auto,q_auto/league/ktbo1rhgujjckydtkhc4",,,,,,
1986,IND,LB,LB,0,ACT,Glen Redd,Glen,Redd,1958-06-17,73,229,,,,,,,,,,,,"https://static.www.nfl.com/image/private/f_auto,q_auto/league/p6ktbrf5cpvbw8qew0vm",,,,,,
1986,CLE,DB,DB,0,ACT,Hanford Dixon,Hanford,Dixon,1958-12-25,71,182,,,,,,,,,,,,"https://static.www.nfl.com/image/private/f_auto,q_auto/league/xidozxfcl6t7dndup4vc",,,,,,
1986,CLE,DB,DB,0,ACT,Ray Ellis,Kerwin,Ellis,1959-04-27,73,192,,,,,,,,,,,,"https://static.www.nfl.com/image/private/f_auto,q_auto/league/tbggppiguvwlg0bya08w",,,,,,
1986,CLE,DB,DB,0,ACT,Al Gross,Alfred,Gross,1961-01-04,75,186,,,,,,,,,,,,"https://static.www.nfl.com/image/private/f_auto,q_auto/league/xx4fayrcje32qyqxolkc",,,,,,
1986,IND,OL,OT,0,ACT,Roger Caron,Roger,Caron,1962-06-03,77,282,,,,,,,,,,,,"https://static.www.nfl.com/image/private/f_auto,q_auto/league/pmqer8hexcmoc5rgquas",,,,,,
1986,CLE,DB,DB,0,ACT,D.D. Hoggard,William,Hoggard,1961-05-20,72,188,,,,,,,,,,,,"https://static.www.nfl.com/image/private/f_auto,q_auto/league/s3ri7dejt8azxauvoyb3",,,,,,
1986,NYJ,DB,DB,0,ACT,Carl Howard,Carl,Howard,1961-09-20,74,188,,,,,,,,,,,,"https://static.www.nfl.com/image/private/f_auto,q_auto/league/ruoqjiesady4nvvmpcsk",,,,,,
1986,CLE,DB,DB,0,ACT,Chris Rockins,Christopher,Rockins,1962-05-18,72,195,,,,,,,,,,,,"https://static.www.nfl.com/image/private/f_auto,q_auto/league/dvgy1ltvbghiwtdh8ct6",,,,,,
1986,NYJ,DB,DB,0,ACT,Johnny Lynn,Johnny,Lynn,1956-12-19,72,196,,,,,,,,,,,,"https://static.www.nfl.com/image/private/f_auto,q_auto/league/m2vwlefajflazieb4rdb",,,,,,
1986,CLE,DL,DE,0,ACT,Reggie Camp,Reginald,Camp,1961-02-28,76,264,,,,,,,,,,,,"https://static.www.nfl.com/image/private/f_auto,q_auto/league/dfgozsdbcqgbjb6cqdjx",,,,,,
1986,IND,QB,QB,0,ACT,Gary Hogeboom,Gary,Hogeboom,1958-08-21,76,200,,,,,,,,,,,,"https://static.www.nfl.com/image/private/f_auto,q_auto/league/w9inwhfdml5yn7rxn8au",,,,,,
1986,CLE,DL,NT,0,ACT,Bob Golic,Robert,Golic,1957-10-26,74,248,,,,,,,,,,,,"https://static.www.nfl.com/image/private/f_auto,q_auto/league/ot4eli9ohqljvdmzgfod",,,,,,
1986,CLE,DL,DE,0,ACT,Carl Hairston,Carl,Hairston,1952-12-15,75,260,,,,,,,,,,,,"https://static.www.nfl.com/image/private/f_auto,q_auto/league/cf39ss7rswxfi78tx2nd",,,,,,
1986,CLE,DL,DE,0,ACT,Ralph Malone,Ralph,Malone,1964-01-12,77,225,,,,,,,,,,,,"https://static.www.nfl.com/image/private/f_auto,q_auto/league/ucrveq6w1euk5p9tmebr",,,,,,
1986,CLE,DL,NT,0,ACT,Dave Puzzuoli,Phillip,Puzzuoli,1961-01-12,75,260,,,,,,,,,,,,"https://static.www.nfl.com/image/private/f_auto,q_auto/league/qfps4ctx032y3t1lu94u",,,,,,
1986,IND,RB,RB,0,ACT,Owen Gill,Owen,Gill,1962-02-19,73,230,,,,,,,,,,,,"https://static.www.nfl.com/image/private/f_auto,q_auto/league/xd8dezxuneneoncr8gvt",,,,,,
1986,CLE,LB,LB,0,ACT,Anthony Griggs,Anthony,Griggs,1960-02-12,75,220,,,,,,,,,,,,"https://static.www.nfl.com/image/private/f_auto,q_auto/league/ewbhsxhzl92xiyydyxog",,,,,,
1986,CLE,LB,LB,0,ACT,Eddie Johnson,Eddie,Johnson,1959-02-03,73,210,,,,,,,,,,,,"https://static.www.nfl.com/image/private/f_auto,q_auto/league/g0h1tiixqse1vqudfgn9",,,,,,
1986,IND,RB,RB,0,ACT,George Wonsley,George,Wonsley,1960-11-23,70,205,,,,,,,,,,,,"https://static.www.nfl.com/image/private/f_auto,q_auto/league/qyiq2yis2ulqdmhggmc8",,,,,,
1986,NYJ,DL,DT,0,ACT,Ben Rudolph,Benjamin,Rudolph,1957-08-29,77,271,,,,,,,,,,,,"https://static.www.nfl.com/image/private/f_auto,q_auto/league/xz1ceidhh5dkjcl4sxwu",,,,,,
1986,CLE,LB,LB,0,ACT,Scott Nicolas,Scott,Nicolas,1960-08-07,75,226,,,,,,,,,,,,"https://static.www.nfl.com/image/private/f_auto,q_auto/league/civok0refg7kuxjcnnok",,,,,,
1986,CLE,LB,LB,0,ACT,Brad Van Pelt,Bradley,Van Pelt,1951-04-05,77,235,,,,,,,,,,,,"https://static.www.nfl.com/image/private/f_auto,q_auto/league/mfnxwgcg8jpfws6ufyl4",,,,,,
1986,NYJ,LB,LB,0,ACT,Troy Benson,Troy,Benson,1963-07-30,74,227,,,,,,,,,,,,"https://static.www.nfl.com/image/private/f_auto,q_auto/league/dtzzzk9kqcpmiwbifcgh",,,,,,
1986,CLE,OL,OT,0,ACT,Rickey Bolden,Rickey,Bolden,1961-09-08,78,250,,,,,,,,,,,,"https://static.www.nfl.com/image/private/f_auto,q_auto/league/jgna8etnq34e2lkkqjma",,,,,,
1986,CLE,OL,OT,0,TRC,Bill Contz,Julius,Contz,1961-05-12,77,260,,,,,,,,,,,,"https://static.www.nfl.com/image/private/f_auto,q_auto/league/ni1xgyjw9qcfffqimb6i",,,,,,
1986,CLE,OL,C,0,ACT,Mark Dennard,Mark,Dennard,1955-11-02,73,253,,,,,,,,,,,,"https://static.www.nfl.com/image/private/f_auto,q_auto/league/ml35mkop28l3xiov8khe",,,,,,
1986,NYJ,LB,OLB,0,ACT,Charles Jackson,Charles,Jackson,1955-03-22,74,225,,,,,,,,,,,,"https://static.www.nfl.com/image/private/f_auto,q_auto/league/lkkphj8vc4m6uaxyrbr5",,,,,,
1986,IND,WR,WR,0,ACT,Wayne Capers,Wayne,Capers,1961-05-17,74,198,,,,,,,,,,,,"https://static.www.nfl.com/image/private/f_auto,q_auto/league/ucnitles8qhycu1thxvr",,,,,,
1986,CLE,OL,OT,0,ACT,Bob Gruber,Robert,Gruber,1958-06-07,77,250,,,,,,,,,,,,"https://static.www.nfl.com/image/private/f_auto,q_auto/league/zrfzkg2ai3ph0apci2kz",,,,,,
1986,CLE,OL,C,0,ACT,George Lilja,George,Lilja,1958-03-03,76,250,,,,,,,,,,,,"https://static.www.nfl.com/image/private/f_auto,q_auto/league/zlknuypoqmom8fspl0rl",,,,,,
1986,CLE,OL,OT,0,ACT,Cody Risien,Cody,Risien,1957-03-22,79,255,,,,,,,,,,,,"https://static.www.nfl.com/image/private/f_auto,q_auto/league/zcq0pfjhetxgrvuj8smb",,,,,,
1986,IND,WR,WR,0,ACT,Oliver Williams,Oliver,Williams,1960-10-17,75,191,,,,,,,,,,,,"https://static.www.nfl.com/image/private/f_auto,q_auto/league/nvpd66bhwxwmvsrkxkwg",,,,,,
1986,CLE,OL,G,0,ACT,Jeff Wiska,Jeffrey,Wiska,1959-10-17,75,265,,,,,,,,,,,,"https://static.www.nfl.com/image/private/f_auto,q_auto/league/m6yhiijmxczfyksczetc",,,,,,
1986,SF,DL,DE,76,ACT,Dwaine Board,Dwaine,Board,1956-11-29,77,241,,,,,,,,,,,,"https://static.www.nfl.com/image/private/f_auto,q_auto/league/tcuqiltxnpkr2kaonvgn",,,,,,
1986,CLE,QB,QB,0,ACT,Mike Pagel,Michael,Pagel,1960-09-13,74,201,,,,,,,,,,,,"https://static.www.nfl.com/image/private/f_auto,q_auto/league/sjcjnlxuxwllgtthxkwm",,,,,,
1986,CLE,RB,RB,0,ACT,Tony Baker,Tony,Baker,1964-06-11,70,175,,,,,,,,,,,,"https://static.www.nfl.com/image/private/f_auto,q_auto/league/dghj1ci7pm57ign1pilv",,,,,,
1986,KC,DB,DB,0,ACT,Greg Hill,Gregory,Hill,1961-02-12,73,194,,,,,,,,,,,,"https://static.www.nfl.com/image/private/f_auto,q_auto/league/z4kebx4zxktlz4bmpftm",,,,,,
1986,CLE,RB,RB,0,ACT,Johnny Davis,Johnny,Davis,1956-07-17,73,230,,,,,,,,,,,,"https://static.www.nfl.com/image/private/f_auto,q_auto/league/z3qo9oxsoqs1iee29o4n",,,,,,
1986,CLE,RB,RB,0,ACT,Curtis Dickey,Curtis,Dickey,1956-11-27,73,213,,,,,,,,,,,,"https://static.www.nfl.com/image/private/f_auto,q_auto/league/e9wmuxaybikgvjnjgtik",,,,,,
1986,CLE,RB,RB,0,ACT,Major Everett,Major,Everett,1960-01-04,70,207,,,,,,,,,,,,"https://static.www.nfl.com/image/private/f_auto,q_auto/league/nzlmigcw9bw7gmoapy0z",,,,,,
1986,CLE,RB,RB,0,ACT,Herman Fontenot,Herman,Fontenot,1963-09-12,72,206,,,,,,,,,,,,"https://static.www.nfl.com/image/private/f_auto,q_auto/league/ri3ez7s1rhvc3udg8tgy",,,,,,
1986,SF,DL,DE,0,TRC,Jim Stuckey,James,Stuckey,1958-06-21,76,251,,,,,,,,,,,,"https://static.www.nfl.com/image/private/f_auto,q_auto/league/zrrqkqyx5cdin2ceu88u",,,,,,
1986,NYJ,QB,QB,0,ACT,Richard Todd,Carl,Todd,1953-11-19,74,207,,,,,,,,,,,,"https://static.www.nfl.com/image/private/f_auto,q_auto/league/t4h6eqguru0fe5prcbo7",,,,,,
1986,KC,DL,DE,0,ACT,Eric Holle,Eric,Holle,1960-09-05,77,250,,,,,,,,,,,,"https://static.www.nfl.com/image/private/f_auto,q_auto/league/kau23czf6e1lrrtl4414",,,,,,
1986,CLE,SPEC,K,0,ACT,Mark Moseley,Mark,Moseley,1948-03-12,71,202,,,,,,,,,,,,"https://static.www.nfl.com/image/private/f_auto,q_auto/league/e0nazvgxlhpugswjaxjf",,,,,,
1986,CLE,TE,TE,0,ACT,Harry Holt,Harry,Holt,1957-12-29,76,230,,,,,,,,,,,,"https://static.www.nfl.com/image/private/f_auto,q_auto/league/vy7f81psbidvrgzmeh40",,,,,,
1986,CLE,TE,TE,0,ACT,Ozzie Newsome,Ozzie,Newsome,1956-03-15,74,232,,,,,,,,,,,,"https://static.www.nfl.com/image/private/f_auto,q_auto/league/eh5h2ezne6jcjwyhcugw",,,,,,
1986,CLE,TE,TE,0,ACT,Travis Tucker,Travis,Tucker,1963-09-19,75,227,,,,,,,,,,,,"https://static.www.nfl.com/image/private/f_auto,q_auto/league/xxmsn8audvhwztiygfvn",,,,,,
1986,KC,LB,OLB,0,ACT,Tim Cofield,Tim,Cofield,1963-05-18,74,235,,,,,,,,,,,,"https://static.www.nfl.com/image/private/f_auto,q_auto/league/l3p3vqt1pbykxlzap6ax",,,,,,
1986,CLE,WR,WR,0,ACT,Terry Greer,Terry,Greer,1957-09-27,73,197,,,,,,,,,,,,"https://static.www.nfl.com/image/private/f_auto,q_auto/league/bmvjrgurwwzzb0lpvoob",,,,,,
1986,NYJ,SPEC,P,0,ACT,Dave Jennings,David,Jennings,1952-06-08,76,215,,,,,,,,,,,,"https://static.www.nfl.com/image/private/f_auto,q_auto/league/cyz1jmnzrjkhirfdnakm",,,,,,
1986,CLE,WR,WR,0,ACT,Gerald McNeil,Gerald,McNeil,1962-03-27,67,140,,,,,,,,,,,,"https://static.www.nfl.com/image/private/f_auto,q_auto/league/xfoarznekdqou2jo6sbi",,,,,,
1986,KC,LB,LB,0,ACT,Whitney Paul,Whitney,Paul,1953-10-08,75,220,,,,,,,,,,,,"https://static.www.nfl.com/image/private/f_auto,q_auto/league/v7ghu44zer7ofjcv6gvc",,,,,,
1986,KC,LB,LB,0,ACT,Aaron Pearson,Aaron,Pearson,1964-08-22,72,236,,,,,,,,,,,,"https://static.www.nfl.com/image/private/f_auto,q_auto/league/fjlkcfijksfi4frfzcuz",,,,,,
1986,NO,QB,QB,0,ACT,Babe Laufenberg,Hugh,Laufenberg,1959-12-05,74,195,,,,,,,,,,,,"https://static.www.nfl.com/image/private/f_auto,q_auto/league/vqjkbtphevpzecmse0za",,,,,,
1986,KC,LB,LB,0,ACT,Gary Spani,Gary,Spani,1956-01-09,74,229,,,,,,,,,,,,"https://static.www.nfl.com/image/private/f_auto,q_auto/league/mv3txpiilojhq04wmymq",,,,,,
1986,DAL,DB,DB,26,ACT,Michael Downs,Michael,Downs,1959-06-09,75,198,,,,,,,,,,,,"https://static.www.nfl.com/image/private/f_auto,q_auto/league/hmwe8mhvm9pkzdwebcgs",,,,,,
1986,DAL,DB,DB,27,ACT,Ron Fellows,Ronald,Fellows,1958-11-07,72,178,,,,,,,,,,,,"https://static.www.nfl.com/image/private/f_auto,q_auto/league/cszsqo7g4itxzj0eu15e",,,,,,
1986,DAL,DB,DB,44,ACT,Cornell Gowdy,Cornell,Gowdy,1963-10-02,73,192,,,,,,,,,,,,"https://static.www.nfl.com/image/private/f_auto,q_auto/league/sbufxur7lw5qcbbzaxav",,,,,,
1986,KC,OL,C,0,ACT,Tom Baugh,Thomas,Baugh,1963-12-01,75,274,,,,,,,,,,,,"https://static.www.nfl.com/image/private/f_auto,q_auto/league/qw4gnl8r6vrgxhstyss0",,,,,,
1986,DAL,DB,DB,23,ACT,Johnny Holloway,John,Holloway,1963-11-08,71,181,,,,,,,,,,,,"https://static.www.nfl.com/image/private/f_auto,q_auto/league/utfy2uxhs5cdnz942g0c",,,,,,
1986,DAL,DB,DB,22,ACT,Victor Scott,Victor,Scott,1962-06-01,72,188,,,,,,,,,,,,"https://static.www.nfl.com/image/private/f_auto,q_auto/league/lm0taj0z4xqgpthmoaka",,,,,,
1986,DET,OL,OT,0,ACT,Steve Baack,Steven,Baack,1960-11-16,76,252,,,,,,,,,,,,"https://static.www.nfl.com/image/private/f_auto,q_auto/league/umewvpkxgk3q57vg9df6",,,,,,
1986,DAL,DL,DE,66,TRC,Jesse Baker,Jesse,Baker,1957-07-10,77,265,,,,,,,,,,,,"https://static.www.nfl.com/image/private/f_auto,q_auto/league/sog3czbmyrfeo0pubt44",,,,,,
1986,DAL,DL,DE,0,ACT,Kevin Brooks,Kevin,Brooks,1963-02-09,78,270,,,,,,,,,,,,"https://static.www.nfl.com/image/private/f_auto,q_auto/league/dpqesjxxcarstdkyuwlf",,,,,,
1986,DAL,DL,DT,78,ACT,John Dutton,John,Dutton,1951-02-06,78,260,,,,,,,,,,,,"https://static.www.nfl.com/image/private/f_auto,q_auto/league/hb3vpzem5trph2f73pyt",,,,,,
1986,KC,OL,OT,0,ACT,Matt Moran,Matthew,Moran,1962-05-14,76,270,,,,,,,,,,,,"https://static.www.nfl.com/image/private/f_auto,q_auto/league/yl5upk8rd6gjrjrgrikl",,,,,,
1986,DAL,DL,DE,72,ACT,Too Tall Jones,Edward,Jones,1951-02-23,81,260,,,,,,,,,,,,"https://static.www.nfl.com/image/private/f_auto,q_auto/league/efris3chbjw1odaigct2",,,,,,
1986,DAL,DL,DE,0,ACT,Bob Otto,Robert,Otto,1962-12-16,78,251,,,,,,,,,,,,"https://static.www.nfl.com/image/private/f_auto,q_auto/league/zgx80tz6wo2363amnoek",,,,,,
1986,DAL,DL,DE,0,TRC,Kurt Ploeger,Kurt,Ploeger,1962-12-01,77,259,,,,,,,,,,,,"https://static.www.nfl.com/image/private/f_auto,q_auto/league/jyrn4muuut16gtbgw56x",,,,,,
1986,DAL,DL,DT,0,ACT,Don Smerek,Donald,Smerek,1957-12-20,79,255,,,,,,,,,,,,"https://static.www.nfl.com/image/private/f_auto,q_auto/league/lawe6d1toez1jtjth2op",,,,,,
1986,DAL,DL,DT,54,ACT,Randy White,Randy,White,1953-01-15,76,268,,,,,,,,,,,,"https://static.www.nfl.com/image/private/f_auto,q_auto/league/npald08ao6ahrj8diwhn",,,,,,
1986,KC,RB,RB,0,ACT,Herman Heard,Herman,Heard,1961-11-24,70,184,,,,,,,,,,,,"https://static.www.nfl.com/image/private/f_auto,q_auto/league/v5fqgdow9irnfqjhdjrs",,,,,,
1986,DAL,LB,OLB,58,ACT,Mike Hegman,Michael,Hegman,1953-01-17,73,221,,,,,,,,,,,,"https://static.www.nfl.com/image/private/f_auto,q_auto/league/ila9eon0bw71hwafjdev",,,,,,
1986,KC,RB,RB,0,ACT,Larry Moriarty,Larry,Moriarty,1958-04-24,73,228,,,,,,,,,,,,"https://static.www.nfl.com/image/private/f_auto,q_auto/league/cx8hdvbvxn5m912qkrty",,,,,,
1986,KC,RB,RB,0,ACT,Mike Pruitt,Michael,Pruitt,1954-04-03,72,222,,,,,,,,,,,,"https://static.www.nfl.com/image/private/f_auto,q_auto/league/cjqm31bc0e6bmrijauft",,,,,,
1986,DAL,LB,LB,59,ACT,Jesse Penn,Jesse,Penn,1962-09-06,75,217,,,,,,,,,,,,"https://static.www.nfl.com/image/private/f_auto,q_auto/league/xnodo6whpgfupckd16t0",,,,,,
1986,DAL,LB,OLB,50,ACT,Jeff Rohrer,Jeffrey,Rohrer,1958-12-25,75,225,,,,,,,,,,,,"https://static.www.nfl.com/image/private/f_auto,q_auto/league/tye5o68l4p8ws59xroy5",,,,,,
1986,KC,SPEC,P,0,ACT,Lewis Colbert,Lewis,Colbert,1963-08-23,71,179,,,,,,,,,,,,"https://static.www.nfl.com/image/private/f_auto,q_auto/league/evuihbbokdvurva4iwik",,,,,,
1986,DAL,OL,OT,61,ACT,Jim Cooper,James,Cooper,1955-09-28,77,262,,,,,,,,,,,,"https://static.www.nfl.com/image/private/f_auto,q_auto/league/ybg9qzjzdzyoxyuyinam",,,,,,
1986,KC,TE,TE,0,ACT,Walt Arnold,Walter,Arnold,1958-08-31,75,225,,,,,,,,,,,,"https://static.www.nfl.com/image/private/f_auto,q_auto/league/igfwjyq3r76sivzxhozz",,,,,,
1986,KC,TE,TE,0,ACT,Paul Coffman,Paul,Coffman,1956-03-29,75,218,,,,,,,,,,,,"https://static.www.nfl.com/image/private/f_auto,q_auto/league/r9lstv5d64jpp5eliama",,,,,,
1986,DET,RB,RB,0,ACT,Scott Williams,Edmund,Williams,1962-07-21,74,234,,,,,,,,,,,,"https://static.www.nfl.com/image/private/f_auto,q_auto/league/ptsjsqigmumdivrcoly0",,,,,,
1986,DAL,OL,C,64,ACT,Tom Rafferty,Thomas,Rafferty,1954-08-02,75,250,,,,,,,,,,,,"https://static.www.nfl.com/image/private/f_auto,q_auto/league/gmkinpapyyazbrqcq0jc",,,,,,
1986,DAL,OL,OT,70,ACT,Howard Richards,Howard,Richards,1959-08-07,78,248,,,,,,,,,,,,"https://static.www.nfl.com/image/private/f_auto,q_auto/league/bnb5bxp51qagpuqrwuol",,,,,,
1986,DAL,OL,G,63,ACT,Glen Titensor,Glen,Titensor,1958-02-21,76,251,,,,,,,,,,,,"https://static.www.nfl.com/image/private/f_auto,q_auto/league/winnn44i04ozgtmbu9tl",,,,,,
1986,KC,WR,WR,0,ACT,Henry Marshall,Henry,Marshall,1954-08-09,74,205,,,,,,,,,,,,"https://static.www.nfl.com/image/private/f_auto,q_auto/league/p05podyhqo7lae0prtmz",,,,,,
1986,DAL,QB,QB,10,ACT,Reggie Collier,Reginald,Collier,1961-05-14,75,207,,,,,,,,,,,,"https://static.www.nfl.com/image/private/f_auto,q_auto/league/gav4wb55ymhmy0qdezux",,,,,,
1986,DAL,QB,QB,0,ACT,Paul McDonald,Paul,McDonald,1958-02-23,74,185,,,,,,,,,,,,"https://static.www.nfl.com/image/private/f_auto,q_auto/league/blqpdzbxui2hijbeqex5",,,,,,
1986,MIA,DB,DB,42,ACT,Lyle Blackwood,Lyle,Blackwood,1951-05-02,73,190,,,,,,,,,,,,"https://static.www.nfl.com/image/private/f_auto,q_auto/league/kzk48x4ekp3pcqzwrjqk",,,,,,
1986,DAL,QB,QB,11,ACT,Danny White,Wilford,White,1952-02-09,74,193,,,,,,,,,,,,"https://static.www.nfl.com/image/private/f_auto,q_auto/league/z0qceljtywyvmj2z0jis",,,,,,
1986,DAL,RB,RB,42,ACT,Darryl Clack,Darryl,Clack,1963-10-29,70,207,,,,,,,,,,,,"https://static.www.nfl.com/image/private/f_auto,q_auto/league/cj1hebxwmfdrp6yztqr7",,,,,,
1986,DAL,RB,RB,33,ACT,Tony Dorsett,Anthony,Dorsett,1954-04-07,71,192,,,,,,,,,,,,"https://static.www.nfl.com/image/private/f_auto,q_auto/league/b6vvjgq2tpxrzhvwjt1y",,,,,,
1986,DAL,RB,RB,46,ACT,Todd Fowler,Steven,Fowler,1962-06-09,75,218,,,,,,,,,,,,"https://static.www.nfl.com/image/private/f_auto,q_auto/league/pvnsyt8szond6hsxc4t5",,,,,,
1986,DAL,RB,RB,29,ACT,Robert Lavette,Robert,Lavette,1963-09-08,71,199,,,,,,,,,,,,"https://static.www.nfl.com/image/private/f_auto,q_auto/league/ym9qosfc0s3wjpnip2lk",,,,,,
1986,DAL,RB,RB,30,ACT,Timmy Newsome,Timothy,Newsome,1958-05-17,73,228,,,,,,,,,,,,"https://static.www.nfl.com/image/private/f_auto,q_auto/league/u2dussdwpbg0qzzefiae",,,,,,
1986,MIA,DB,DB,0,ACT,Donovan Rose,Donovan,Rose,1957-03-09,73,180,,,,,,,,,,,,"https://static.www.nfl.com/image/private/f_auto,q_auto/league/fp0r5yh3u8exzgcpccjk",,,,,,
1986,MIA,DB,DB,0,ACT,Mike Smith,Michael,Smith,1962-10-24,72,171,,,,,,,,,,,,"https://static.www.nfl.com/image/private/f_auto,q_auto/league/ewd9ljxbwchrgqxqkiue",,,,,,
1986,DAL,SPEC,K,1,ACT,Rafael Septien,Jose,Septien,1953-12-12,70,176,,,,,,,,,,,,"https://static.www.nfl.com/image/private/f_auto,q_auto/league/x3uyerf2vorrozuz0tqm",,,,,,
1986,DAL,TE,TE,85,ACT,Thornton Chandler,Thornton,Chandler,1963-11-27,77,238,,,,,,,,,,,,"https://static.www.nfl.com/image/private/f_auto,q_auto/league/x03nno0hvbxr9e1vow3t",,,,,,
1986,DAL,TE,TE,84,ACT,Doug Cosbie,Douglas,Cosbie,1956-03-27,78,236,,,,,,,,,,,,"https://static.www.nfl.com/image/private/f_auto,q_auto/league/c662iu41klw5muhmirua",,,,,,
1986,DAL,WR,WR,87,ACT,Gordon Banks,Gordon,Banks,1958-03-12,70,175,,,,,,,,,,,,"https://static.www.nfl.com/image/private/f_auto,q_auto/league/hrxmving8qeykepxf9uo",,,,,,
1986,DAL,WR,WR,80,ACT,Tony Hill,Leroy,Hill,1956-06-23,74,199,,,,,,,,,,,,"https://static.www.nfl.com/image/private/f_auto,q_auto/league/td7brllgcoorejhmltnj",,,,,,
1986,DAL,WR,WR,81,ACT,Karl Powe,Karl,Powe,1962-01-17,74,175,,,,,,,,,,,,"https://static.www.nfl.com/image/private/f_auto,q_auto/league/yuu0ejjhyzfrpgcbbglg",,,,,,
1986,DAL,WR,WR,0,ACT,Mike Renfro,Michael,Renfro,1955-06-19,72,184,,,,,,,,,,,,"https://static.www.nfl.com/image/private/f_auto,q_auto/league/jsxmedvi9vlqhdvtcjmp",,,,,,
1986,MIA,DL,DE,0,ACT,Fred Robinson,Fred,Robinson,1961-10-22,76,240,,,,,,,,,,,,"https://static.www.nfl.com/image/private/f_auto,q_auto/league/qelczsjtnozqosydml2n",,,,,,
1986,DEN,DB,DB,0,ACT,Steve Foley,Stephen,Foley,1953-11-11,74,189,,,,,,,,,,,,"https://static.www.nfl.com/image/private/f_auto,q_auto/league/yaxvbmwzotxtz2g2theg",,,,,,
1986,DEN,DB,DB,0,ACT,Mike Harden,Michael,Harden,1958-02-16,73,188,,,,,,,,,,,,"https://static.www.nfl.com/image/private/f_auto,q_auto/league/glkgy46lxw0jlbnpzpg2",,,,,,
1986,NE,LB,LB,0,ACT,Ed Williams,Edward,Williams,1961-09-08,76,244,,,,,,,,,,,,"https://static.www.nfl.com/image/private/f_auto,q_auto/league/sgftcdu0qnf4fybfkf7i",,,,,,
1986,DEN,DB,DB,0,TRT,Daniel Hunter,Daniel,Hunter,1962-09-01,71,175,,,,,,,,,,,,"https://static.www.nfl.com/image/private/f_auto,q_auto/league/pqacnsocsgaii7ogsmjc",,,,,,
1986,DEN,DB,DB,0,ACT,Tony Lilly,Robert,Lilly,1962-02-16,72,199,,,,,,,,,,,,"https://static.www.nfl.com/image/private/f_auto,q_auto/league/qvr8nl86supa6wtb2xjl",,,,,,
1986,MIA,LB,LB,0,ACT,David Frye,David,Frye,1961-06-21,74,200,,,,,,,,,,,,"https://static.www.nfl.com/image/private/f_auto,q_auto/league/nxjhhba7ybruoqf3liwe",,,,,,
1986,PHI,WR,WR,0,ACT,Bobby Duckworth,Bobby,Duckworth,1958-11-27,75,198,,,,,,,,,,,,"https://static.www.nfl.com/image/private/f_auto,q_auto/league/gi3fqtjcna8ak8jxjxqt",,,,,,
1986,DEN,DB,CB,0,ACT,Steve Wilson,Steven,Wilson,1957-08-24,70,195,,,,,,,,,,,,"https://static.www.nfl.com/image/private/f_auto,q_auto/league/momdj8pea8j9bksiorxu",,,,,,
1986,DEN,DB,DB,0,ACT,Louis Wright,Louis,Wright,1953-01-31,74,200,,,,,,,,,,,,"https://static.www.nfl.com/image/private/f_auto,q_auto/league/etvdhxbzk7ztcm8kmfip",,,,,,
1986,DEN,DL,NT,0,ACT,Rubin Carter,Rubin,Carter,1952-12-12,72,256,,,,,,,,,,,,"https://static.www.nfl.com/image/private/f_auto,q_auto/league/g2cwkiiydnuptcknj18c",,,,,,
1986,DEN,DL,NT,0,ACT,Tony Colorito,Anthony,Colorito,1964-09-08,77,260,,,,,,,,,,,,"https://static.www.nfl.com/image/private/f_auto,q_auto/league/ebge0cadsylk0otfpe8r",,,,,,
1986,DEN,DL,DE,0,ACT,Freddie Gilbert,Freddie,Gilbert,1962-04-08,76,275,,,,,,,,,,,,"https://static.www.nfl.com/image/private/f_auto,q_auto/league/vu0c90nrbqqsed8stdsj",,,,,,
1986,DEN,DL,DE,0,ACT,Rulon Jones,Rulon,Jones,1958-03-25,78,260,,,,,,,,,,,,"https://static.www.nfl.com/image/private/f_auto,q_auto/league/brtvc9lzil9qrfz5ofjw",,,,,,
1986,MIA,LB,LB,0,ACT,Johnny Taylor,John,Taylor,1961-06-21,76,234,,,,,,,,,,,,"https://static.www.nfl.com/image/private/f_auto,q_auto/league/lwsjblobjjokjf0lnndz",,,,,,
1986,DEN,DL,NT,0,ACT,Andre Townsend,Andre,Townsend,1962-10-08,75,253,,,,,,,,,,,,"https://static.www.nfl.com/image/private/f_auto,q_auto/league/q3pbjkgeplnnw2hzd6d2",,,,,,
1986,PIT,DB,DB,0,ACT,Lupe Sanchez,Guadalupe,Sanchez,1961-10-28,70,187,,,,,,,,,,,,"https://static.www.nfl.com/image/private/f_auto,q_auto/league/iwxock5bwzrgzawbosbo",,,,,,
1986,DEN,LB,LB,0,ACT,Rick Dennison,Rick,Dennison,1958-06-22,75,215,,,,,,,,,,,,"https://static.www.nfl.com/image/private/f_auto,q_auto/league/w82leiovirznikkquhfq",,,,,,
1986,MIA,OL,OT,74,ACT,Cleveland Green,Cleveland,Green,1957-09-11,75,265,,,,,,,,,,,,"https://static.www.nfl.com/image/private/f_auto,q_auto/league/vta6xgnyj5zh4dxucei8",,,,,,
1986,DEN,LB,LB,0,ACT,Ricky Hunley,Ricky,Hunley,1961-11-11,74,237,,,,,,,,,,,,"https://static.www.nfl.com/image/private/f_auto,q_auto/league/msbmqvmk4madwvuy2hyy",,,,,,
1986,DEN,LB,OLB,0,ACT,Tom Jackson,Thomas,Jackson,1951-04-04,71,220,,,,,,,,,,,,"https://static.www.nfl.com/image/private/f_auto,q_auto/league/p5jr2ksnffg6maea4c0u",,,,,,
1986,PIT,DB,DB,0,ACT,Rick Woods,Rick,Woods,1959-11-16,72,196,,,,,,,,,,,,"https://static.www.nfl.com/image/private/f_auto,q_auto/league/cuaegoqqmazwchwkhwh3",,,,,,
1986,DEN,LB,OLB,0,ACT,Jim Ryan,James,Ryan,1957-05-18,73,212,,,,,,,,,,,,"https://static.www.nfl.com/image/private/f_auto,q_auto/league/rwlxzpwsrerwtxybvxjz",,,,,,
1986,DEN,LB,LB,0,ACT,Ken Woodard,Kenneth,Woodard,1960-01-22,73,218,,,,,,,,,,,,"https://static.www.nfl.com/image/private/f_auto,q_auto/league/wji31bhbpdk05y561xv7",,,,,,
1986,DEN,OL,G,0,ACT,Keith Bishop,Keith,Bishop,1957-03-10,75,260,,,,,,,,,,,,"https://static.www.nfl.com/image/private/f_auto,q_auto/league/o3ixbfmy2hayt6kkcrg3",,,,,,
1986,DEN,OL,C,0,ACT,Billy Bryan,William,Bryan,1955-06-21,74,246,,,,,,,,,,,,"https://static.www.nfl.com/image/private/f_auto,q_auto/league/j8zhqfifwv9jqmucve1y",,,,,,
1986,DEN,OL,G,0,ACT,Mark Cooper,Mark,Cooper,1960-02-14,77,270,,,,,,,,,,,,"https://static.www.nfl.com/image/private/f_auto,q_auto/league/kevp0yweedqh2xyckh9e",,,,,,
1986,DEN,OL,G,0,ACT,Mike Freeman,Michael,Freeman,1961-10-13,75,249,,,,,,,,,,,,"https://static.www.nfl.com/image/private/f_auto,q_auto/league/avxa1bz8h1virnvg4x5j",,,,,,
1986,DEN,OL,G,0,ACT,Winford Hood,Winford,Hood,1962-03-29,75,262,,,,,,,,,,,,"https://static.www.nfl.com/image/private/f_auto,q_auto/league/mgwkjnaqcbclhicltvsa",,,,,,
1986,DEN,OL,G,0,ACT,Paul Howard,Paul,Howard,1950-09-12,75,260,,,,,,,,,,,,"https://static.www.nfl.com/image/private/f_auto,q_auto/league/kfl2pymluqex1vlrtnnx",,,,,,
1986,MIA,RB,RB,0,ACT,Craig Ellis,Craig,Ellis,1961-01-26,71,180,,,,,,,,,,,,"https://static.www.nfl.com/image/private/f_auto,q_auto/league/vf92lr3mtwxgnuqt6lry",,,,,,
1986,DEN,OL,OT,0,ACT,Dan Remsberg,Daniel,Remsberg,1962-04-07,78,275,,,,,,,,,,,,"https://static.www.nfl.com/image/private/f_auto,q_auto/league/fys31miyofd9ucizyrae",,,,,,
1986,DEN,OL,OT,0,ACT,Dave Studdard,David,Studdard,1955-11-22,76,260,,,,,,,,,,,,"https://static.www.nfl.com/image/private/f_auto,q_auto/league/t5h9rguzhtbpwpbf0df5",,,,,,
1986,STL,WR,WR,0,ACT,Troy Johnson,Troy,Johnson,1962-10-20,73,175,,,,,,,,,,,,"https://static.www.nfl.com/image/private/f_auto,q_auto/league/rfubwezgdpwzarv8ejyd",,,,,,
1986,PIT,LB,LB,0,ACT,Larry Station,Lawrence,Station,1963-12-05,71,227,,,,,,,,,,,,"https://static.www.nfl.com/image/private/f_auto,q_auto/league/yurgiu7l7gatv1s1vku7",,,,,,
1986,DEN,QB,QB,0,ACT,Scott Stankavage,Leo,Stankavage,1962-07-05,73,194,,,,,,,,,,,,"https://static.www.nfl.com/image/private/f_auto,q_auto/league/yjhnwbgwksygkicwdv0m",,,,,,
1986,DEN,RB,RB,0,ACT,Ken Bell,Kenneth,Bell,1964-11-16,70,190,,,,,,,,,,,,"https://static.www.nfl.com/image/private/f_auto,q_auto/league/uakaqaijqcnngggjpvom",,,,,,
1986,DEN,RB,RB,0,ACT,Tony Boddie,Dominec,Boddie,1960-11-11,71,195,,,,,,,,,,,,"https://static.www.nfl.com/image/private/f_auto,q_auto/league/owjiu03jul6sf4xlnlc7",,,,,,
1986,DEN,RB,RB,0,ACT,Gene Lang,Gene,Lang,1962-03-15,70,196,,,,,,,,,,,,"https://static.www.nfl.com/image/private/f_auto,q_auto/league/vox8eyj8btauhose5iuh",,,,,,
1986,TB,DB,DB,20,ACT,Ricky Easmon,Charles,Easmon,1963-07-03,70,158,,,,,,,,,,,,"https://static.www.nfl.com/image/private/f_auto,q_auto/league/imhagyk1lpdakfav8lxs",,,,,,
1986,DEN,RB,RB,0,ACT,Gerald Willhite,Gerald,Willhite,1959-05-30,70,200,,,,,,,,,,,,"https://static.www.nfl.com/image/private/f_auto,q_auto/league/zjmqmpkrs9akb6ziwt7u",,,,,,
1986,DEN,RB,RB,0,ACT,Sammy Winder,Sammy,Winder,1959-07-15,71,203,,,,,,,,,,,,"https://static.www.nfl.com/image/private/f_auto,q_auto/league/v39r535soc9s4rskfhf7",,,,,,
1986,MIN,DB,DB,0,ACT,Rufus Bess,Rufus,Bess,1956-09-13,69,180,,,,,,,,,,,,"https://static.www.nfl.com/image/private/f_auto,q_auto/league/kzyqnqqlqjtrw9zeo8pw",,,,,,
1986,PIT,OL,OT,0,ACT,Pete Rostosky,Peter,Rostosky,1961-07-29,76,259,,,,,,,,,,,,"https://static.www.nfl.com/image/private/f_auto,q_auto/league/r1vfgs2l2dpohkyexhm2",,,,,,
1986,MIN,DB,DB,0,ACT,David Evans,David,Evans,1959-05-01,72,170,,,,,,,,,,,,"https://static.www.nfl.com/image/private/f_auto,q_auto/league/fxuwhslf6nqyft4atw80",,,,,,
1986,DEN,SPEC,P,0,ACT,Jack Weil,Jack,Weil,1962-03-16,71,175,,,,,,,,,,,,"https://static.www.nfl.com/image/private/f_auto,q_auto/league/ds4x57n9bi7key8virkr",,,,,,
1986,DEN,TE,TE,0,ACT,Joey Hackett,Joseph,Hackett,1958-09-29,77,230,,,,,,,,,,,,"https://static.www.nfl.com/image/private/f_auto,q_auto/league/ha7xzpuajmx77qjcettw",,,,,,
1986,GB,WR,WR,0,ACT,Phil Epps,Phillip,Epps,1958-11-11,70,165,,,,,,,,,,,,"https://static.www.nfl.com/image/private/f_auto,q_auto/league/ubw9ykq2dj0rt4mj5bkk",,,,,,
1986,DEN,TE,TE,0,ACT,Bobby Micho,Robert,Micho,1962-03-07,75,227,,,,,,,,,,,,"https://static.www.nfl.com/image/private/f_auto,q_auto/league/qfbiqsmzdeeljyxazrwh",,,,,,
1986,DEN,TE,TE,0,ACT,Orson Mobley,Orson,Mobley,1963-03-04,77,256,,,,,,,,,,,,"https://static.www.nfl.com/image/private/f_auto,q_auto/league/mslyqvog8euuzb4iocjy",,,,,,
1986,MIN,DB,DB,0,ACT,Kyle Morrell,Kyle,Morrell,1963-10-09,73,190,,,,,,,,,,,,"https://static.www.nfl.com/image/private/f_auto,q_auto/league/mhtrz0lmasoh6fsnqpuk",,,,,,
1986,MIN,DB,DB,0,ACT,Willie Teal,Willie,Teal,1957-12-20,70,195,,,,,,,,,,,,"https://static.www.nfl.com/image/private/f_auto,q_auto/league/nerd3tzqtxe2ochftarr",,,,,,
1986,DEN,WR,WR,0,ACT,Clint Sampson,Clinton,Sampson,1961-01-04,71,183,,,,,,,,,,,,"https://static.www.nfl.com/image/private/f_auto,q_auto/league/bty0fmd1ihylbxsrt1po",,,,,,
1986,DEN,WR,WR,0,ACT,Steve Watson,Stephen,Watson,1957-05-28,76,195,,,,,,,,,,,,"https://static.www.nfl.com/image/private/f_auto,q_auto/league/dvxzjkjazsztwuvsmg8z",,,,,,
1986,MIN,DL,DE,0,ACT,Doug Martin,Douglas,Martin,1957-05-22,75,255,,,,,,,,,,,,"https://static.www.nfl.com/image/private/f_auto,q_auto/league/ewmzwnsutwfjjjgcvzqx",,,,,,
1986,TB,LB,LB,58,ACT,Jeff Davis,Jeffrey,Davis,1960-01-26,72,225,,,,,,,,,,,,"https://static.www.nfl.com/image/private/f_auto,q_auto/league/zibthakzlzm2lbf9pyor",,,,,,
1986,DET,DB,DB,0,ACT,Duane Galloway,Duane,Galloway,1961-11-07,68,181,,,,,,,,,,,,"https://static.www.nfl.com/image/private/f_auto,q_auto/league/cjh6qycaah3bfrxhnuba",,,,,,
1986,PIT,RB,RB,0,ACT,Warren Seitz,Warren,Seitz,1962-09-29,76,223,,,,,,,,,,,,"https://static.www.nfl.com/image/private/f_auto,q_auto/league/pjpdbb7yozcrggcrajth",,,,,,
1986,TB,LB,LB,56,ACT,Jackie Walker,Jackie,Walker,1962-11-03,77,245,,,,,,,,,,,,"https://static.www.nfl.com/image/private/f_auto,q_auto/league/rpu5t8g6nvj3fs2mkh66",,,,,,
1986,DET,DB,DB,0,ACT,Rod Hill,Rodrick,Hill,1959-03-14,72,185,,,,,,,,,,,,"https://static.www.nfl.com/image/private/f_auto,q_auto/league/el0qdmpq0xayanfj3kyc",,,,,,
1986,MIN,DL,DT,0,ACT,Mike Stensrud,Michael,Stensrud,1956-02-19,77,290,,,,,,,,,,,,"https://static.www.nfl.com/image/private/f_auto,q_auto/league/xkn2xckwkpnpeqk2vvqz",,,,,,
1986,MIN,LB,LB,0,ACT,Walker Lee Ashley,Walker,Ashley,1960-07-28,72,234,,,,,,,,,,,,"https://static.www.nfl.com/image/private/f_auto,q_auto/league/f1q9whfc9buzorqeraql",,,,,,
1986,DET,DB,DB,0,ACT,Devon Mitchell,Devon,Mitchell,1962-12-30,73,194,,,,,,,,,,,,"https://static.www.nfl.com/image/private/f_auto,q_auto/league/xzklpmevvtlye0vrtie7",,,,,,
1986,DET,DB,DB,0,ACT,Bobby Watkins,Bobby,Watkins,1960-05-31,70,184,,,,,,,,,,,,"https://static.www.nfl.com/image/private/f_auto,q_auto/league/hszkqv0ohdqbqkjyymcu",,,,,,
1986,DET,DL,DT,0,ACT,Leon Evans,Leon,Evans,1961-10-12,77,282,,,,,,,,,,,,"https://static.www.nfl.com/image/private/f_auto,q_auto/league/wnpv91aehmbzni2u9pab",,,,,,
1986,MIN,LB,LB,0,ACT,Jeff Schuh,Jeffrey,Schuh,1958-05-22,74,228,,,,,,,,,,,,"https://static.www.nfl.com/image/private/f_auto,q_auto/league/k9477iicgddyjth4gc7y",,,,,,
1986,DET,DL,DE,0,ACT,Bill Gay,William,Gay,1955-05-28,77,225,,,,,,,,,,,,"https://static.www.nfl.com/image/private/f_auto,q_auto/league/rmf9fbxmiuztvzbyesto",,,,,,
1986,DET,DL,DT,0,ACT,Curtis Green,Curtis,Green,1957-06-03,75,256,,,,,,,,,,,,"https://static.www.nfl.com/image/private/f_auto,q_auto/league/m1nemxaz2fcznt8re6a7",,,,,,
1986,MIN,OL,G,0,ACT,Brent Boyd,Brent,Boyd,1957-03-23,75,268,,,,,,,,,,,,"https://static.www.nfl.com/image/private/f_auto,q_auto/league/fhuqyn9zt5spavrvlrxg",,,,,,
1986,HOU,DL,NT,0,ACT,Doug Smith,Arthur,Smith,1959-06-13,76,285,,,,,,,,,,,,"https://static.www.nfl.com/image/private/f_auto,q_auto/league/ddewqqxtkytpeppkdm2s",,,,,,
1986,NYJ,TE,TE,0,ACT,Rocky Klever,Victor,Klever,1959-07-10,75,225,,,,,,,,,,,,"https://static.www.nfl.com/image/private/f_auto,q_auto/league/q5f3ghqdrrgokbownl2z",,,,,,
1986,DET,LB,LB,0,ACT,August Curley,August,Curley,1960-01-24,75,226,,,,,,,,,,,,"https://static.www.nfl.com/image/private/f_auto,q_auto/league/yrygovdfs1ww0z5qokxz",,,,,,
1986,DET,LB,LB,0,ACT,James Harrell,James,Harrell,1957-07-19,73,215,,,,,,,,,,,,"https://static.www.nfl.com/image/private/f_auto,q_auto/league/iih7kqgejse7eaos65ve",,,,,,
1986,RAI,DB,DB,0,ACT,Stacey Toran,Stacey,Toran,1961-11-10,74,200,,,,,,,,,,,,"https://static.www.nfl.com/image/private/f_auto,q_auto/league/pspylpadozj5o622ekie",,,,,,
1986,MIN,OL,G,0,ACT,Mark MacDonald,Mark,MacDonald,1961-04-30,76,267,,,,,,,,,,,,"https://static.www.nfl.com/image/private/f_auto,q_auto/league/cdiprmgendooijvtqrmu",,,,,,
1986,DET,LB,LB,0,ACT,Vernon Maxwell,Vernon,Maxwell,1961-10-25,74,225,,,,,,,,,,,,"https://static.www.nfl.com/image/private/f_auto,q_auto/league/p2uwz9cqatgnatylktop",,,,,,
1986,DET,LB,LB,0,ACT,Shelton Robinson,Shelton,Robinson,1960-09-14,74,233,,,,,,,,,,,,"https://static.www.nfl.com/image/private/f_auto,q_auto/league/mnbjdvu00ykuct3z3bi1",,,,,,
1986,MIN,OL,G,0,ACT,Terry Tausch,Terry,Tausch,1959-02-05,77,275,,,,,,,,,,,,"https://static.www.nfl.com/image/private/f_auto,q_auto/league/qczzn5mozafpmttwvexu",,,,,,
1986,HOU,LB,LB,0,ACT,Avon Riley,Avon,Riley,1958-02-10,75,213,,,,,,,,,,,,"https://static.www.nfl.com/image/private/f_auto,q_auto/league/vqlm0fybc3dpdv5wh9q3",,,,,,
1986,DET,OL,C,0,ACT,Scott Barrows,Scott,Barrows,1963-03-31,74,278,,,,,,,,,,,,"https://static.www.nfl.com/image/private/f_auto,q_auto/league/i3iarfoohlaqtcimhybu",,,,,,
1986,RAI,DL,DE,0,ACT,Mitch Willis,Otis,Willis,1962-03-16,80,265,,,,,,,,,,,,"https://static.www.nfl.com/image/private/f_auto,q_auto/league/ybb531eorwokrnxsojaf",,,,,,
1986,DET,OL,G,0,ACT,Chris Dieterich,Christian,Dieterich,1958-07-27,75,262,,,,,,,,,,,,"https://static.www.nfl.com/image/private/f_auto,q_auto/league/y0vngeyennmr4f8rtzjk",,,,,,
1986,DET,OL,G,0,ACT,Keith Dorney,Keith,Dorney,1957-12-03,77,265,,,,,,,,,,,,"https://static.www.nfl.com/image/private/f_auto,q_auto/league/opr67nyiqpxbdmarvuyk",,,,,,
1986,MIN,RB,RB,0,ACT,Ted Brown,Thomas,Brown,1957-02-15,70,206,,,,,,,,,,,,"https://static.www.nfl.com/image/private/f_auto,q_auto/league/dcw07qpdqg9ddiqdsdfd",,,,,,
1986,DET,OL,G,0,ACT,Steve Kenney,Steven,Kenney,1955-12-26,76,266,,,,,,,,,,,,"https://static.www.nfl.com/image/private/f_auto,q_auto/league/lvvko8isdtlqjvrktm7z",,,,,,
1986,DET,OL,C,0,ACT,Steve Mott,Walter,Mott,1961-03-24,75,259,,,,,,,,,,,,"https://static.www.nfl.com/image/private/f_auto,q_auto/league/ch5r1yhhvj7dlys57e4g",,,,,,
1986,RAI,LB,OLB,0,ACT,Rod Martin,Roderick,Martin,1954-04-07,74,205,,,,,,,,,,,,"https://static.www.nfl.com/image/private/f_auto,q_auto/league/le2n1nfmd1ca6mx4i4ix",,,,,,
1986,MIN,SPEC,P,0,ACT,Greg Coleman,Gregory,Coleman,1954-09-09,72,185,,,,,,,,,,,,"https://static.www.nfl.com/image/private/f_auto,q_auto/league/jao2nismff9lybqoqoqt",,,,,,
1986,DET,OL,OT,0,ACT,Rich Strenger,Richard,Strenger,1960-03-10,79,280,,,,,,,,,,,,"https://static.www.nfl.com/image/private/f_auto,q_auto/league/epkmcuyzsikf82x9xeu0",,,,,,
1986,DET,OL,C,0,ACT,Tom Turnure,Thomas,Turnure,1957-07-09,76,250,,,,,,,,,,,,"https://static.www.nfl.com/image/private/f_auto,q_auto/league/vkiged7oen67fsm0gi5g",,,,,,
1986,MIN,TE,TE,0,ACT,Carl Hilton,Carl,Hilton,1964-02-28,75,229,,,,,,,,,,,,"https://static.www.nfl.com/image/private/f_auto,q_auto/league/dkcoxs654lxywbtetumy",,,,,,
1986,DET,QB,QB,0,ACT,Eric Hipple,Eric,Hipple,1957-09-16,74,196,,,,,,,,,,,,"https://static.www.nfl.com/image/private/f_auto,q_auto/league/bmbixu0mxxrxmdsc3grb",,,,,,
1986,RAI,OL,OT,0,ACT,Shelby Jordan,Shelby,Jordan,1952-01-23,79,260,,,,,,,,,,,,"https://static.www.nfl.com/image/private/f_auto,q_auto/league/lrhawr1pwehycamewkep",,,,,,
1986,RAI,OL,OT,0,ACT,Henry Lawrence,Henry,Lawrence,1951-09-26,76,272,,,,,,,,,,,,"https://static.www.nfl.com/image/private/f_auto,q_auto/league/o1b9fkrnijsscpngvzxu",,,,,,
1986,MIN,WR,WR,0,ACT,Jim Gustafson,James,Gustafson,1961-03-16,73,185,,,,,,,,,,,,"https://static.www.nfl.com/image/private/f_auto,q_auto/league/ltgunmcqkxwicmoehblr",,,,,,
1986,WAS,DB,DB,0,ACT,Vernon Dean,Vernon,Dean,1959-05-05,71,178,,,,,,,,,,,,"https://static.www.nfl.com/image/private/f_auto,q_auto/league/cr6htckxk7q2ccec1p0e",,,,,,
1986,DET,RB,RB,0,ACT,Alvin Moore,Alvin,Moore,1959-05-03,72,197,,,,,,,,,,,,"https://static.www.nfl.com/image/private/f_auto,q_auto/league/ajpl7vgdfbom1ytxejmu",,,,,,
1986,DET,RB,RB,0,ACT,Oscar Smith,Oscar,Smith,1963-04-05,69,203,,,,,,,,,,,,"https://static.www.nfl.com/image/private/f_auto,q_auto/league/sjzz8kuzbbgmolhxs7yf",,,,,,
1986,HOU,RB,RB,0,ACT,Ray Wallace,Raymond,Wallace,1963-12-03,72,217,,,,,,,,,,,,"https://static.www.nfl.com/image/private/f_auto,q_auto/league/qwucleedkkxraznmebl0",,,,,,
1986,HOU,RB,RB,0,ACT,Butch Woolfolk,Harold,Woolfolk,1960-03-01,73,207,,,,,,,,,,,,"https://static.www.nfl.com/image/private/f_auto,q_auto/league/ighcwwwvcf3kwrcmysy2",,,,,,
1986,DET,SPEC,P,0,ACT,Mike Black,Peter,Black,1961-01-18,73,205,,,,,,,,,,,,"https://static.www.nfl.com/image/private/f_auto,q_auto/league/t18azkp5epoinaf4zgun",,,,,,
1986,RAI,QB,QB,0,ACT,Marc Wilson,Marc,Wilson,1957-02-15,78,205,,,,,,,,,,,,"https://static.www.nfl.com/image/private/f_auto,q_auto/league/ockryga7mbp25q7qpooc",,,,,,
1986,NE,DB,DB,0,ACT,Roland James,Roland,James,1958-02-18,74,191,,,,,,,,,,,,"https://static.www.nfl.com/image/private/f_auto,q_auto/league/um8rkvvvexhllos1aas7",,,,,,
1986,RAI,RB,RB,0,ACT,Earl Cooper,Marion,Cooper,1957-09-17,74,227,,,,,,,,,,,,"https://static.www.nfl.com/image/private/f_auto,q_auto/league/jop1r0vhfgvlqcv3yp3p",,,,,,
1986,DET,TE,TE,0,ACT,Rob Rubick,Robin,Rubick,1960-09-27,75,225,,,,,,,,,,,,"https://static.www.nfl.com/image/private/f_auto,q_auto/league/fiowvfc4tmjwpvjpto6d",,,,,,
1986,DET,WR,WR,0,ACT,Carl Bland,Carl,Bland,1961-08-17,71,182,,,,,,,,,,,,"https://static.www.nfl.com/image/private/f_auto,q_auto/league/xihk7g5lwolevgfari8n",,,,,,
1986,RAI,RB,RB,0,ACT,Napoleon McCallum,Napoleon,McCallum,1963-10-06,74,215,,,,,,,,,,,,"https://static.www.nfl.com/image/private/f_auto,q_auto/league/ztwoa18syptfxegyu5gq",,,,,,
1986,DET,WR,WR,0,ACT,Tim Kearse,Timothy,Kearse,1959-10-24,70,193,,,,,,,,,,,,"https://static.www.nfl.com/image/private/f_auto,q_auto/league/mm9mrfgc8nss2hymveaz",,,,,,
1986,DET,WR,WR,0,ACT,Pete Mandley,William,Mandley,1961-07-29,70,191,,,,,,,,,,,,"https://static.www.nfl.com/image/private/f_auto,q_auto/league/ucu1vfjijevonp4zqdbz",,,,,,
1986,NE,DL,NT,0,ACT,Mike Ruth,Michael,Ruth,1964-06-25,74,266,,,,,,,,,,,,"https://static.www.nfl.com/image/private/f_auto,q_auto/league/atflghzolfmajg9cs3z7",,,,,,
1986,GB,DB,DB,0,ACT,Ed Berry,Edward,Berry,1963-09-28,70,178,,,,,,,,,,,,"https://static.www.nfl.com/image/private/f_auto,q_auto/league/oxslank7av2cwyygzewr",,,,,,
1986,GB,DB,DB,0,ACT,Mossy Cade,Tomories,Cade,1961-12-26,73,197,,,,,,,,,,,,"https://static.www.nfl.com/image/private/f_auto,q_auto/league/o5kejcoqteoil4yz228i",,,,,,
1986,GB,DB,DB,0,TRD,Tom Flynn,Thomas,Flynn,1962-03-24,72,195,,,,,,,,,,,,"https://static.www.nfl.com/image/private/f_auto,q_auto/league/g4gc1fcbh0zpnvgkxvcr",,,,,,
1986,GB,DB,DB,0,ACT,George Greene,George,Greene,1962-02-15,72,184,,,,,,,,,,,,"https://static.www.nfl.com/image/private/f_auto,q_auto/league/bd1hu8miwkphjerb7es0",,,,,,
1986,GB,DB,DB,0,ACT,David Greenwood,David,Greenwood,1960-03-25,75,210,,,,,,,,,,,,"https://static.www.nfl.com/image/private/f_auto,q_auto/league/sneksdrpkdlqdkummnem",,,,,,
1986,GB,DB,DB,0,ACT,Gary Hayes,Gary,Hayes,1957-08-19,70,180,,,,,,,,,,,,"https://static.www.nfl.com/image/private/f_auto,q_auto/league/diuf3cky3liargtl7b1h",,,,,,
1986,NE,LB,OLB,0,ACT,Don Blackmon,Donald,Blackmon,1958-03-14,75,235,,,,,,,,,,,,"https://static.www.nfl.com/image/private/f_auto,q_auto/league/elx4u4narknlqpbvl895",,,,,,
1986,GB,DB,DB,0,ACT,Tim Lewis,Timothy,Lewis,1961-12-18,71,194,,,,,,,,,,,,"https://static.www.nfl.com/image/private/f_auto,q_auto/league/guj5zdpbaag9mdljfibd",,,,,,
1986,NE,LB,LB,0,ACT,Larry McGrew,Lawrence,McGrew,1957-07-23,77,233,,,,,,,,,,,,"https://static.www.nfl.com/image/private/f_auto,q_auto/league/khu7paqazenopvlquedw",,,,,,
1986,NE,LB,LB,0,ACT,Steve Nelson,Steven,Nelson,1951-04-26,74,230,,,,,,,,,,,,"https://static.www.nfl.com/image/private/f_auto,q_auto/league/tert4y4jynhz9gzibsby",,,,,,
1986,GB,DB,DB,0,TRC,John Sullivan,John,Sullivan,1961-11-15,73,197,,,,,,,,,,,,"https://static.www.nfl.com/image/private/f_auto,q_auto/league/xmeud3bol6p6i2kmrb9p",,,,,,
1986,MIA,DL,DE,0,TRD,Mack Moore,Mack,Moore,1959-03-04,76,258,,,,,,,,,,,,"https://static.www.nfl.com/image/private/f_auto,q_auto/league/hcmiobpi8vu1qakjenxr",,,,,,
1986,GB,DL,NT,0,ACT,Jerry Boyarsky,Gerard,Boyarsky,1959-05-15,75,290,,,,,,,,,,,,"https://static.www.nfl.com/image/private/f_auto,q_auto/league/qfsjcs8wbmyvajw0ce11",,,,,,
1986,NE,LB,LB,0,ACT,Clayton Weishuhn,Clayton,Weishuhn,1959-10-09,74,220,,,,,,,,,,,,"https://static.www.nfl.com/image/private/f_auto,q_auto/league/fkwuz4lyx61hcoewkumu",,,,,,
1986,IND,DL,NT,0,ACT,Harvey Armstrong,Harvey,Armstrong,1959-12-29,75,255,,,,,,,,,,,,"https://static.www.nfl.com/image/private/f_auto,q_auto/league/tct78p4lncnmdn2hexhz",,,,,,
1986,NE,OL,G,0,ACT,Bill Bain,William,Bain,1952-08-09,76,279,,,,,,,,,,,,"https://static.www.nfl.com/image/private/f_auto,q_auto/league/aqsimfiy5z4xld3rh3yv",,,,,,
1986,RAM,DL,NT,0,ACT,Charles DeJurnett,Charles,DeJurnett,1952-06-17,76,263,,,,,,,,,,,,"https://static.www.nfl.com/image/private/f_auto,q_auto/league/iu2kszd5kcd7v4zvszkc",,,,,,
1986,GB,DL,DE,0,ACT,Matt Koart,Matthew,Koart,1963-11-28,77,257,,,,,,,,,,,,"https://static.www.nfl.com/image/private/f_auto,q_auto/league/gclqw2dt5iyf5cqk6doy",,,,,,
1986,NE,OL,OT,0,ACT,Darryl Haley,Darryl,Haley,1961-02-16,76,279,,,,,,,,,,,,"https://static.www.nfl.com/image/private/f_auto,q_auto/league/ssbhnizs4nac9yvbxjx1",,,,,,
1986,NE,OL,OT,0,ACT,Brian Holloway,Brian,Holloway,1959-07-25,79,273,,,,,,,,,,,,"https://static.www.nfl.com/image/private/f_auto,q_auto/league/rem22j2mpkokelbe94ua",,,,,,
1986,GB,DL,DE,0,ACT,Ben Thomas,Benjamin,Thomas,1961-07-02,76,280,,,,,,,,,,,,"https://static.www.nfl.com/image/private/f_auto,q_auto/league/s9fvpyrjq82kzdsfynkr",,,,,,
1986,GB,LB,LB,0,ACT,John Anderson,Roger,Anderson,1956-02-14,75,221,,,,,,,,,,,,"https://static.www.nfl.com/image/private/f_auto,q_auto/league/gucx4nx412bv6iuj5gwp",,,,,,
1986,NE,OL,OT,0,ACT,Steve Moore,Stephen,Moore,1960-10-01,76,285,,,,,,,,,,,,"https://static.www.nfl.com/image/private/f_auto,q_auto/league/jcgjlbcvr1fyxd21yolt",,,,,,
1986,NE,OL,C,0,ACT,Guy Morriss,Guy,Morriss,1951-05-13,76,255,,,,,,,,,,,,"https://static.www.nfl.com/image/private/f_auto,q_auto/league/fl8rfyqp5vw2p6zwlzgf",,,,,,
1986,RAM,LB,LB,0,ACT,Carl Ekern,Carl,Ekern,1954-05-27,75,220,,,,,,,,,,,,"https://static.www.nfl.com/image/private/f_auto,q_auto/league/bbomvcnxlx10rbbwjisx",,,,,,
1986,GB,LB,OLB,0,ACT,Bobby Leopold,Leroy,Leopold,1957-10-18,73,215,,,,,,,,,,,,"https://static.www.nfl.com/image/private/f_auto,q_auto/league/kgejqfrgw2o3xqehlgrj",,,,,,
1986,RAM,LB,LB,0,ACT,Mark Jerue,Mark,Jerue,1960-01-15,75,229,,,,,,,,,,,,"https://static.www.nfl.com/image/private/f_auto,q_auto/league/kkw4bghuuj4gjcjlrexw",,,,,,
1986,GB,LB,LB,0,TRT,Jeff Schuh,Jeffrey,Schuh,1958-05-22,74,228,,,,,,,,,,,,"https://static.www.nfl.com/image/private/f_auto,q_auto/league/k9477iicgddyjth4gc7y",,,,,,
1986,GB,LB,LB,0,ACT,Randy Scott,Randolph,Scott,1959-01-31,73,220,,,,,,,,,,,,"https://static.www.nfl.com/image/private/f_auto,q_auto/league/ev8qitwlvcvmci1uxqss",,,,,,
1986,NE,RB,RB,0,ACT,Reggie Dupard,Jon,Dupard,1963-10-30,71,206,,,,,,,,,,,,"https://static.www.nfl.com/image/private/f_auto,q_auto/league/cnx1oreepcar2zoyopn5",,,,,,
1986,NE,RB,RB,0,ACT,Craig James,Jesse,James,1961-01-02,72,215,,,,,,,,,,,,"https://static.www.nfl.com/image/private/f_auto,q_auto/league/fareq05djtkfjiqlkscr",,,,,,
1986,WAS,TE,TE,0,ACT,Todd Frain,Todd,Frain,1962-01-31,74,235,,,,,,,,,,,,"https://static.www.nfl.com/image/private/f_auto,q_auto/league/fytry8unwlpcgetfyagx",,,,,,
1986,NE,RB,RB,0,ACT,Robert Weathers,Robert,Weathers,1960-09-13,74,220,,,,,,,,,,,,"https://static.www.nfl.com/image/private/f_auto,q_auto/league/szvxibcyh2q7nspvezpd",,,,,,
1986,GB,OL,OT,0,ACT,Greg Feasel,Gregory,Feasel,1958-11-07,79,260,,,,,,,,,,,,"https://static.www.nfl.com/image/private/f_auto,q_auto/league/hthb4rn9qubxumq3sukk",,,,,,
1986,NE,SPEC,K,0,ACT,Tony Franklin,Anthony,Franklin,1956-11-18,68,182,,,,,,,,,,,,"https://static.www.nfl.com/image/private/f_auto,q_auto/league/kdny8zuuw6bziazg2zs5",,,,,,
1986,WAS,WR,WR,0,ACT,Derek Holloway,Derek,Holloway,1961-01-17,67,166,,,,,,,,,,,,"https://static.www.nfl.com/image/private/f_auto,q_auto/league/ghcvaquoelpzpvyusucc",,,,,,
1986,NE,TE,TE,0,ACT,Greg Hawthorne,Gregory,Hawthorne,1956-09-05,74,225,,,,,,,,,,,,"https://static.www.nfl.com/image/private/f_auto,q_auto/league/gn9ea43dgpn3x734ed0f",,,,,,
1986,NE,TE,TE,0,ACT,Willie Scott,Willie,Scott,1959-02-13,76,245,,,,,,,,,,,,"https://static.www.nfl.com/image/private/f_auto,q_auto/league/dhhrvco2a358mvbarmzz",,,,,,
1986,RAM,OL,C,0,ACT,Tony Slaton,Tony,Slaton,1961-04-12,75,269,,,,,,,,,,,,"https://static.www.nfl.com/image/private/f_auto,q_auto/league/d0zoei54ce76njkclezc",,,,,,
1986,NE,WR,WR,0,ACT,Cedric Jones,Cedric,Jones,1960-06-01,73,184,,,,,,,,,,,,"https://static.www.nfl.com/image/private/f_auto,q_auto/league/hrgdgm2q8eifzcvsixix",,,,,,
1986,RAM,QB,QB,0,ACT,Steve Bartkowski,Steven,Bartkowski,1952-11-12,76,213,,,,,,,,,,,,"https://static.www.nfl.com/image/private/f_auto,q_auto/league/vezswr0hfnk222ok87ju",,,,,,
1986,NE,WR,WR,0,ACT,Stephen Starring,Stephen,Starring,1961-07-30,70,172,,,,,,,,,,,,"https://static.www.nfl.com/image/private/f_auto,q_auto/league/g46ytqxteq70xgxq465y",,,,,,
1986,GB,QB,QB,0,ACT,Chuck Fusina,Charles,Fusina,1957-05-31,73,197,,,,,,,,,,,,"https://static.www.nfl.com/image/private/f_auto,q_auto/league/orae1kznn5sm43irzrnp",,,,,,
1986,NO,DB,DB,0,TRD,Russell Gary,Russell,Gary,1959-07-31,71,195,,,,,,,,,,,,"https://static.www.nfl.com/image/private/f_auto,q_auto/league/glsulpno8qhipvi17wv0",,,,,,
1986,NO,DB,DB,0,ACT,Antonio Gibson,Antonio,Gibson,1962-07-05,75,206,,,,,,,,,,,,"https://static.www.nfl.com/image/private/f_auto,q_auto/league/be1get4pxw5trszzu6gu",,,,,,
1986,GB,RB,RB,0,ACT,Paul Ott Carruth,Paul,Carruth,1961-07-22,73,220,,,,,,,,,,,,"https://static.www.nfl.com/image/private/f_auto,q_auto/league/m7oymdfsegtgthsjnnvi",,,,,,
1986,NO,DB,DB,0,ACT,Bobby Johnson,Bobby,Johnson,1960-09-01,72,191,,,,,,,,,,,,"https://static.www.nfl.com/image/private/f_auto,q_auto/league/days2nshb3qjaaxhibt2",,,,,,
1986,RAM,RB,RB,0,ACT,Tim Tyrrell,Timothy,Tyrrell,1961-02-19,73,201,,,,,,,,,,,,"https://static.www.nfl.com/image/private/f_auto,q_auto/league/mhnd7aaaro5n4l4byzyw",,,,,,
1986,NO,DB,DB,0,ACT,Johnnie Poe,Johnnie,Poe,1959-08-29,73,182,,,,,,,,,,,,"https://static.www.nfl.com/image/private/f_auto,q_auto/league/clxytizah1bzhamtu2tn",,,,,,
1986,GB,RB,RB,0,ACT,Gerry Ellis,Gerry,Ellis,1957-11-12,71,221,,,,,,,,,,,,"https://static.www.nfl.com/image/private/f_auto,q_auto/league/h9ltxvlkbzbval2kkrbn",,,,,,
1986,NO,DB,DB,0,ACT,Frank Wattelet,Frank,Wattelet,1958-10-25,72,185,,,,,,,,,,,,"https://static.www.nfl.com/image/private/f_auto,q_auto/league/s8prythag7gr6sjwkmb5",,,,,,
1986,GB,SPEC,P,0,ACT,Don Bracken,Donald,Bracken,1962-02-16,73,214,,,,,,,,,,,,"https://static.www.nfl.com/image/private/f_auto,q_auto/league/uoevwfjigvsmbp7ij6cq",,,,,,
1986,NO,DL,DT,0,ACT,Sheldon Andrus,Sheldon,Andrus,1962-10-05,74,267,,,,,,,,,,,,"https://static.www.nfl.com/image/private/f_auto,q_auto/league/nqlameyowoqv67bf4vlf",,,,,,
1986,NO,DL,DT,0,ACT,Bruce Clark,Bruce,Clark,1958-03-31,75,250,,,,,,,,,,,,"https://static.www.nfl.com/image/private/f_auto,q_auto/league/ejuiuxexvqbxgqdpzccp",,,,,,
1986,GB,TE,TE,0,ACT,Mark Lewis,Mark,Lewis,1961-05-05,74,235,,,,,,,,,,,,"https://static.www.nfl.com/image/private/f_auto,q_auto/league/ehuziparwc2dpgddaqzb",,,,,,
1986,GB,TE,TE,0,ACT,Mike Moffitt,Michael,Moffitt,1963-07-28,76,215,,,,,,,,,,,,"https://static.www.nfl.com/image/private/f_auto,q_auto/league/penk7yo15i5hhdpvqtnt",,,,,,
1986,RAM,WR,WR,0,ACT,Ron Brown,Ronald,Brown,1961-03-31,71,181,,,,,,,,,,,,"https://static.www.nfl.com/image/private/f_auto,q_auto/league/tfk7vbcmipbbcv9gvg4f",,,,,,
1986,RAM,WR,WR,0,TRD,Bobby Duckworth,Bobby,Duckworth,1958-11-27,75,198,,,,,,,,,,,,"https://static.www.nfl.com/image/private/f_auto,q_auto/league/gi3fqtjcna8ak8jxjxqt",,,,,,
1986,IND,WR,WR,0,ACT,Walter Murray,Walter,Murray,1962-12-13,76,200,,,,,,,,,,,,"https://static.www.nfl.com/image/private/f_auto,q_auto/league/weioojbgt9swkwdetn7n",,,,,,
1986,GB,WR,WR,0,ACT,Nolan Franz,Nolan,Franz,1959-09-11,74,185,,,,,,,,,,,,"https://static.www.nfl.com/image/private/f_auto,q_auto/league/g1ltsjlyrycahwrxlbhv",,,,,,
1986,NYJ,OL,G,0,ACT,Ted Banker,Theodore,Banker,1961-02-17,74,260,,,,,,,,,,,,"https://static.www.nfl.com/image/private/f_auto,q_auto/league/xcsvl3i808ywbz9qijsj",,,,,,
1986,GB,WR,WR,0,TRD,Phil McConkey,Philip,McConkey,1957-02-24,70,170,,,,,,,,,,,,"https://static.www.nfl.com/image/private/f_auto,q_auto/league/ha7ib4vdf1qtsdyvkpk9",,,,,,
1986,KC,DB,DB,0,ACT,Sherman Cocroft,Sherman,Cocroft,1961-08-29,73,188,,,,,,,,,,,,"https://static.www.nfl.com/image/private/f_auto,q_auto/league/pl7k11if03lnh9xzi7hj",,,,,,
1986,NO,LB,OLB,0,ACT,James Haynes,James,Haynes,1960-08-09,74,230,,,,,,,,,,,,"https://static.www.nfl.com/image/private/f_auto,q_auto/league/lovimsgmz9sui9x0cnva",,,,,,
1986,NYJ,OL,OT,0,ACT,Gordon King,Gordon,King,1956-02-03,78,275,,,,,,,,,,,,"https://static.www.nfl.com/image/private/f_auto,q_auto/league/mx9zu6lffuepv7ymy6ja",,,,,,
1986,HOU,DB,DB,0,ACT,Steve Brown,Steven,Brown,1960-05-20,71,178,,,,,,,,,,,,"https://static.www.nfl.com/image/private/f_auto,q_auto/league/bz7covdm7rapdxk9xllk",,,,,,
1986,SD,DB,DB,0,ACT,Wayne Davis,Wayne,Davis,1963-06-17,71,175,,,,,,,,,,,,"https://static.www.nfl.com/image/private/f_auto,q_auto/league/xqfbvb4rwcendx014rp8",,,,,,
1986,HOU,DB,DB,0,ACT,Bo Eason,James,Eason,1961-03-10,74,200,,,,,,,,,,,,"https://static.www.nfl.com/image/private/f_auto,q_auto/league/pmr6ca2kxppop8zvhe0f",,,,,,
1986,SF,DL,DE,72,ACT,Jeff Stover,Jeffrey,Stover,1958-05-22,77,275,,,,,,,,,,,,"https://static.www.nfl.com/image/private/f_auto,q_auto/league/koyh66zzkjujfnbr4svf",,,,,,
1986,NO,LB,LB,0,ACT,Alvin Toles,Alvin,Toles,1963-03-23,73,211,,,,,,,,,,,,"https://static.www.nfl.com/image/private/f_auto,q_auto/league/vmytb0ddog15ootgfmnm",,,,,,
1986,SD,DB,DB,0,ACT,David Martin,David,Martin,1959-03-15,69,187,,,,,,,,,,,,"https://static.www.nfl.com/image/private/f_auto,q_auto/league/n4cbze1zg8yvpcu7kbdv",,,,,,
1986,NO,OL,G,0,ACT,Chuck Commiskey,Charles,Commiskey,1958-03-02,76,280,,,,,,,,,,,,"https://static.www.nfl.com/image/private/f_auto,q_auto/league/hbdyuxi3r6anmn8h9wv4",,,,,,
1986,SD,DB,DB,0,ACT,Ken Taylor,Kenneth,Taylor,1963-09-02,73,185,,,,,,,,,,,,"https://static.www.nfl.com/image/private/f_auto,q_auto/league/s7rvn150tk8dwgdnrkuc",,,,,,
1986,HOU,DL,DE,0,ACT,Jesse Baker,Jesse,Baker,1957-07-10,77,265,,,,,,,,,,,,"https://static.www.nfl.com/image/private/f_auto,q_auto/league/sog3czbmyrfeo0pubt44",,,,,,
1986,HOU,DL,DE,0,ACT,Richard Byrd,Richard,Byrd,1962-03-20,75,255,,,,,,,,,,,,"https://static.www.nfl.com/image/private/f_auto,q_auto/league/wejskt5pppgp25gpd9tc",,,,,,
1986,NO,OL,OT,0,ACT,Daren Gilbert,Daren,Gilbert,1963-10-03,78,285,,,,,,,,,,,,"https://static.www.nfl.com/image/private/f_auto,q_auto/league/oeru0kwydraas0imhifd",,,,,,
1986,PIT,WR,WR,0,ACT,Calvin Sweeney,Calvin,Sweeney,1955-01-12,74,190,,,,,,,,,,,,"https://static.www.nfl.com/image/private/f_auto,q_auto/league/fcmhixvtrnmee4iz40vy",,,,,,
1986,SD,DL,DE,0,ACT,Mack Moore,Mack,Moore,1959-03-04,76,258,,,,,,,,,,,,"https://static.www.nfl.com/image/private/f_auto,q_auto/league/hcmiobpi8vu1qakjenxr",,,,,,
1986,NO,OL,G,0,ACT,Pat Saindon,Patrick,Saindon,1961-03-03,75,260,,,,,,,,,,,,"https://static.www.nfl.com/image/private/f_auto,q_auto/league/btq5uyyq8w7iot9sdc9u",,,,,,
1986,HOU,DL,NT,0,ACT,Karl Morgan,Michael,Morgan,1961-02-23,73,255,,,,,,,,,,,,"https://static.www.nfl.com/image/private/f_auto,q_auto/league/yv1t2cqux3pyg2etzjlc",,,,,,
1986,NYJ,TE,TE,0,ACT,Billy Griggs,William,Griggs,1962-08-04,75,230,,,,,,,,,,,,"https://static.www.nfl.com/image/private/f_auto,q_auto/league/bzlpuzagevn5hribc8ba",,,,,,
1986,SD,DL,NT,0,ACT,Lester Williams,Lester,Williams,1959-01-19,75,272,,,,,,,,,,,,"https://static.www.nfl.com/image/private/f_auto,q_auto/league/qh8zic9snx9gkfkwutwj",,,,,,
1986,NO,QB,QB,0,ACT,Dave Wilson,David,Wilson,1959-04-27,75,210,,,,,,,,,,,,"https://static.www.nfl.com/image/private/f_auto,q_auto/league/lxppdhwvuubfppm4uuzd",,,,,,
1986,SD,LB,LB,0,ACT,Ty Allert,Ty,Allert,1963-07-23,74,233,,,,,,,,,,,,"https://static.www.nfl.com/image/private/f_auto,q_auto/league/emc3hixu4tifilo3jwmf",,,,,,
1986,HOU,LB,LB,0,ACT,Kirk Dodge,Kirk,Dodge,1962-06-04,73,231,,,,,,,,,,,,"https://static.www.nfl.com/image/private/f_auto,q_auto/league/ukq1vlvtrkukxpetojhw",,,,,,
1986,SF,OL,OT,0,ACT,Keith Fahnhorst,Keith,Fahnhorst,1952-02-06,78,273,,,,,,,,,,,,"https://static.www.nfl.com/image/private/f_auto,q_auto/league/tjpnvgomx04j6yscyeyv",,,,,,
1986,RAI,DB,DB,0,ACT,Fulton Walker,Fulton,Walker,1958-04-30,70,193,,,,,,,,,,,,"https://static.www.nfl.com/image/private/f_auto,q_auto/league/bhgc9rfkczzqwmivbbh9",,,,,,
1986,SD,LB,LB,0,ACT,Andy Hawkins,Anthony,Hawkins,1958-03-31,74,230,,,,,,,,,,,,"https://static.www.nfl.com/image/private/f_auto,q_auto/league/mkxdhzrpwfhntlg6rkbx",,,,,,
1986,SD,LB,OLB,0,ACT,Woodrow Lowe,Woodrow,Lowe,1954-06-09,72,227,,,,,,,,,,,,"https://static.www.nfl.com/image/private/f_auto,q_auto/league/cmo6nx9bc3ypxezswoao",,,,,,
1986,KC,OL,C,0,ACT,Rick Donnalley,William,Donnalley,1958-12-11,74,247,,,,,,,,,,,,"https://static.www.nfl.com/image/private/f_auto,q_auto/league/za0uzp1gumscwci4vjat",,,,,,
1986,TB,RB,RB,46,ACT,Nathan Wonsley,Nathan,Wonsley,1963-12-07,70,190,,,,,,,,,,,,"https://static.www.nfl.com/image/private/f_auto,q_auto/league/xrylb0trgovtbv8ie5os",,,,,,
1986,KC,OL,OT,0,ACT,Brian Jozwiak,Brian,Jozwiak,1963-06-20,77,309,,,,,,,,,,,,"https://static.www.nfl.com/image/private/f_auto,q_auto/league/hi5gnloxhg6otppcaa6d",,,,,,
1986,SD,LB,OLB,0,TRD,Fred Robinson,Fred,Robinson,1961-10-22,76,240,,,,,,,,,,,,"https://static.www.nfl.com/image/private/f_auto,q_auto/league/qelczsjtnozqosydml2n",,,,,,
1986,SF,QB,QB,15,ACT,Mike Moroski,Michael,Moroski,1957-09-04,76,200,,,,,,,,,,,,"https://static.www.nfl.com/image/private/f_auto,q_auto/league/ilrc9rsovxara03fog9o",,,,,,
1986,SD,LB,LB,0,ACT,Angelo Snipes,Angelo,Snipes,1963-01-11,72,215,,,,,,,,,,,,"https://static.www.nfl.com/image/private/f_auto,q_auto/league/hvqjape5nwhcjzxptbg8",,,,,,
1986,HOU,OL,C,0,ACT,Jay Pennison,Jay,Pennison,1961-09-09,73,255,,,,,,,,,,,,"https://static.www.nfl.com/image/private/f_auto,q_auto/league/fzntehrzjxhs5hruwslg",,,,,,
1986,HOU,OL,C,0,ACT,Jim Romano,James,Romano,1959-09-07,75,260,,,,,,,,,,,,"https://static.www.nfl.com/image/private/f_auto,q_auto/league/b6ubyuz6y1ghtk0iuc23",,,,,,
1986,NO,WR,WR,0,ACT,Mike Jones,Michael,Jones,1960-04-14,71,175,,,,,,,,,,,,"https://static.www.nfl.com/image/private/f_auto,q_auto/league/dcetcv8jbxqkzjbbtcj7",,,,,,
1986,SD,OL,OT,0,ACT,James FitzPatrick,James,FitzPatrick,1964-02-01,80,295,,,,,,,,,,,,"https://static.www.nfl.com/image/private/f_auto,q_auto/league/mc53lk31cg3dmzmfctfi",,,,,,
1986,HOU,OL,G,0,ACT,Doug Williams,Douglas,Williams,1962-10-01,77,290,,,,,,,,,,,,"https://static.www.nfl.com/image/private/f_auto,q_auto/league/ynjdzja2ykykplqyjhdx",,,,,,
1986,HOU,QB,QB,0,ACT,Oliver Luck,Oliver,Luck,1960-04-05,74,196,,,,,,,,,,,,"https://static.www.nfl.com/image/private/f_auto,q_auto/league/sgzxt8fimu3heizcx4mc",,,,,,
1986,NYG,DB,DB,48,ACT,Kenny Hill,Kenneth,Hill,1958-07-25,72,190,,,,,,,,,,,,"https://static.www.nfl.com/image/private/f_auto,q_auto/league/kdylbzj8ghwlbqutbize",,,,,,
1986,NYG,DB,DB,43,ACT,Terry Kinard,Alfred,Kinard,1959-11-24,73,190,,,,,,,,,,,,"https://static.www.nfl.com/image/private/f_auto,q_auto/league/xfndf06pcqwa7vhsj5ki",,,,,,
1986,HOU,RB,RB,0,ACT,Chuck Banks,Charles,Banks,1964-01-04,74,225,,,,,,,,,,,,"https://static.www.nfl.com/image/private/f_auto,q_auto/league/cjupu9r0bjc5wtkipdtq",,,,,,
1986,SD,OL,OT,0,ACT,Jeff Walker,Jeffrey,Walker,1963-01-22,76,295,,,,,,,,,,,,"https://static.www.nfl.com/image/private/f_auto,q_auto/league/zlefsqypapma6half3w5",,,,,,
1986,NYG,DB,DB,27,ACT,Herb Welch,Herbert,Welch,1961-01-12,71,180,,,,,,,,,,,,"https://static.www.nfl.com/image/private/f_auto,q_auto/league/pnseserczaytu2griqka",,,,,,
1986,SD,QB,QB,0,ACT,Dan Fouts,Daniel,Fouts,1951-06-10,75,193,,,,,,,,,,,,"https://static.www.nfl.com/image/private/f_auto,q_auto/league/jubsyezxh2cl5gzo4dow",,,,,,
1986,PHI,LB,OLB,0,ACT,Alonzo Johnson,Alonzo,Johnson,1963-04-04,75,217,,,,,,,,,,,,"https://static.www.nfl.com/image/private/f_auto,q_auto/league/gyzumyz7dmnlr1dpqhnl",,,,,,
1986,SD,QB,QB,0,ACT,Bruce Mathison,Bruce,Mathison,1959-04-25,75,210,,,,,,,,,,,,"https://static.www.nfl.com/image/private/f_auto,q_auto/league/mfh4naoydptvc7d80oy9",,,,,,
1986,PHI,LB,LB,0,ACT,Rich Kraynak,Richard,Kraynak,1961-01-20,73,221,,,,,,,,,,,,"https://static.www.nfl.com/image/private/f_auto,q_auto/league/xf9wefwuwv4gs6afyjok",,,,,,
1986,PHI,LB,LB,0,ACT,Byron Lee,Byron,Lee,1964-09-08,74,230,,,,,,,,,,,,"https://static.www.nfl.com/image/private/f_auto,q_auto/league/mpd3qjc53kznjezcdcjc",,,,,,
1986,NYG,DL,DE,75,ACT,George Martin,George,Martin,1953-02-16,76,245,,,,,,,,,,,,"https://static.www.nfl.com/image/private/f_auto,q_auto/league/zekzxk5hqy8gvdsdymr4",,,,,,
1986,NYG,DL,DT,78,ACT,Jerome Sally,Jerome,Sally,1959-02-24,75,260,,,,,,,,,,,,"https://static.www.nfl.com/image/private/f_auto,q_auto/league/mddp8sbamss6inv9gk5r",,,,,,
1986,SD,RB,RB,0,ACT,Tim Spencer,Timothy,Spencer,1960-12-10,73,220,,,,,,,,,,,,"https://static.www.nfl.com/image/private/f_auto,q_auto/league/qfqn1xpxa3oafwxpxish",,,,,,
1986,SD,SPEC,K,0,ACT,Rolf Benirschke,Rolf,Benirschke,1955-02-07,72,171,,,,,,,,,,,,"https://static.www.nfl.com/image/private/f_auto,q_auto/league/wqmhwxnmubydmh2oiapf",,,,,,
1986,PHI,OL,OT,0,ACT,Joe Conwell,Joseph,Conwell,1961-02-24,77,275,,,,,,,,,,,,"https://static.www.nfl.com/image/private/f_auto,q_auto/league/mmelj5b5jsov9tgadr92",,,,,,
1986,NYG,LB,LB,54,ACT,Andy Headen,Andrew,Headen,1960-07-08,77,230,,,,,,,,,,,,"https://static.www.nfl.com/image/private/f_auto,q_auto/league/b3xbajywhaalublid15g",,,,,,
1986,SD,TE,TE,0,ACT,Eric Sievers,Eric,Sievers,1957-11-09,76,236,,,,,,,,,,,,"https://static.www.nfl.com/image/private/f_auto,q_auto/league/wy2fwgtut1e5scsyb5ib",,,,,,
1986,SD,TE,TE,0,ACT,Kellen Winslow,Kellen,Winslow,1957-11-05,77,251,,,,,,,,,,,,"https://static.www.nfl.com/image/private/f_auto,q_auto/league/dcashdpfhfh8bp4cbjg6",,,,,,
1986,SD,WR,WR,0,ACT,Wes Chandler,Wesley,Chandler,1956-08-22,72,186,,,,,,,,,,,,"https://static.www.nfl.com/image/private/f_auto,q_auto/league/iyfdyzhifflqyiuywv25",,,,,,
1986,HOU,WR,WR,0,ACT,Tim Smith,Timothy,Smith,1957-03-20,74,201,,,,,,,,,,,,"https://static.www.nfl.com/image/private/f_auto,q_auto/league/tylng4tkmttp7zmo4oi9",,,,,,
1986,SD,WR,WR,0,ACT,Charlie Joiner,Charles,Joiner,1947-10-14,71,188,,,,,,,,,,,,"https://static.www.nfl.com/image/private/f_auto,q_auto/league/rvnwuud1omemquowcor7",,,,,,
1986,SD,WR,WR,0,ACT,Timmie Ware,Timothy,Ware,1962-04-02,70,176,,,,,,,,,,,,"https://static.www.nfl.com/image/private/f_auto,q_auto/league/udbgrhv08a44omggafjl",,,,,,
1986,IND,DB,DB,0,ACT,Dextor Clinkscale,Frederick,Clinkscale,1958-04-13,71,192,,,,,,,,,,,,"https://static.www.nfl.com/image/private/f_auto,q_auto/league/q34lahdlxtliookl4anf",,,,,,
1986,NYG,OL,G,61,ACT,Chris Godfrey,Christopher,Godfrey,1958-05-17,75,242,,,,,,,,,,,,"https://static.www.nfl.com/image/private/f_auto,q_auto/league/r8kmzamccnh4rzau4dgc",,,,,,
1986,SEA,DB,DB,0,ACT,Kenny Easley,Kenneth,Easley,1959-01-15,75,206,,,,,,,,,,,,"https://static.www.nfl.com/image/private/f_auto,q_auto/league/acj2ycvkxytlvzjdjucv",,,,,,
1986,IND,DB,DB,0,ACT,Kenny Daniel,Kenneth,Daniel,1960-06-01,70,180,,,,,,,,,,,,"https://static.www.nfl.com/image/private/f_auto,q_auto/league/s5orszi1fyxltksxi1o0",,,,,,
1986,NYG,OL,OT,63,ACT,Karl Nelson,Karl,Nelson,1960-06-14,78,285,,,,,,,,,,,,"https://static.www.nfl.com/image/private/f_auto,q_auto/league/axyytlz8ugkvvo8mtp4u",,,,,,
1986,SEA,DB,DB,0,ACT,Kerry Justin,Kerry,Justin,1955-05-03,71,175,,,,,,,,,,,,"https://static.www.nfl.com/image/private/f_auto,q_auto/league/a4aa9bivllpzgvkrw2dj",,,,,,
1986,SEA,DB,DB,0,ACT,Paul Moyer,Paul,Moyer,1961-07-26,73,201,,,,,,,,,,,,"https://static.www.nfl.com/image/private/f_auto,q_auto/league/ukp8ypitlciquw9mf0n3",,,,,,
1986,MIA,DL,NT,0,TRT,Jerome Foster,Jerome,Foster,1960-07-25,74,268,,,,,,,,,,,,"https://static.www.nfl.com/image/private/f_auto,q_auto/league/wzxln0omlgewzkcpyds4",,,,,,
1986,IND,DB,DB,0,ACT,Victor Jackson,Victor,Jackson,1959-08-06,72,205,,,,,,,,,,,,"https://static.www.nfl.com/image/private/f_auto,q_auto/league/ycittlt30wolibxsz1xc",,,,,,
1986,RAM,DB,DB,0,ACT,Tim Fox,Timothy,Fox,1953-11-01,71,186,,,,,,,,,,,,"https://static.www.nfl.com/image/private/f_auto,q_auto/league/jdmydp4lk5lxjlstj601",,,,,,
1986,IND,DB,DB,0,ACT,Tate Randle,Ernest,Randle,1959-08-15,72,197,,,,,,,,,,,,"https://static.www.nfl.com/image/private/f_auto,q_auto/league/nsuksixyvbdibvl6rz22",,,,,,
1986,PHI,RB,RB,0,ACT,Anthony Toney,Anthony,Toney,1962-09-23,72,227,,,,,,,,,,,,"https://static.www.nfl.com/image/private/f_auto,q_auto/league/fvmquf3j9kabputxnu6i",,,,,,
1986,PHI,RB,RB,0,ACT,Mike Waters,Robert,Waters,1962-03-15,74,225,,,,,,,,,,,,"https://static.www.nfl.com/image/private/f_auto,q_auto/league/p449280etpduzbusygmw",,,,,,
1986,MIA,LB,LB,0,ACT,Jay Brophy,James,Brophy,1960-07-27,75,227,,,,,,,,,,,,"https://static.www.nfl.com/image/private/f_auto,q_auto/league/aprectfvo7t0od2p8czi",,,,,,
1986,PHI,SPEC,P,0,ACT,John Teltschik,John,Teltschik,1964-03-08,74,207,,,,,,,,,,,,"https://static.www.nfl.com/image/private/f_auto,q_auto/league/o6atn1ge0nd3s93tpns6",,,,,,
1986,SEA,LB,LB,0,ACT,Keith Butler,John,Butler,1956-05-16,76,225,,,,,,,,,,,,"https://static.www.nfl.com/image/private/f_auto,q_auto/league/nixuqklh5wao7vxnogc6",,,,,,
1986,IND,DL,NT,0,ACT,Scott Kellar,Scott,Kellar,1963-12-31,75,270,,,,,,,,,,,,"https://static.www.nfl.com/image/private/f_auto,q_auto/league/tcebdxyzsudkjwaocihr",,,,,,
1986,SEA,LB,LB,0,ACT,Michael Jackson,Michael,Jackson,1957-07-15,73,220,,,,,,,,,,,,"https://static.www.nfl.com/image/private/f_auto,q_auto/league/oeobxp6vgnqkpscy63nz",,,,,,
1986,NYG,SPEC,K,12,ACT,Bob Thomas,Robert,Thomas,1952-08-07,70,178,,,,,,,,,,,,"https://static.www.nfl.com/image/private/f_auto,q_auto/league/qdbpyijzkbiomplsh1jv",,,,,,
1986,SEA,LB,LB,0,ACT,Sam Merriman,Samuel,Merriman,1961-05-05,75,225,,,,,,,,,,,,"https://static.www.nfl.com/image/private/f_auto,q_auto/league/ztkwpn0nsvxlkju5aarz",,,,,,
1986,MIA,LB,LB,0,ACT,Alex Moyer,Alexander,Moyer,1963-10-25,73,221,,,,,,,,,,,,"https://static.www.nfl.com/image/private/f_auto,q_auto/league/hygrzweviddixayviuwp",,,,,,
1986,NYG,WR,WR,88,ACT,Bobby Johnson,Bobby,Johnson,1961-12-14,71,170,,,,,,,,,,,,"https://static.www.nfl.com/image/private/f_auto,q_auto/league/yhzw8wjszubwgvrdjjvc",,,,,,
1986,NYG,WR,WR,0,ACT,Lionel Manuel,Lionel,Manuel,1962-04-13,71,175,,,,,,,,,,,,"https://static.www.nfl.com/image/private/f_auto,q_auto/league/iztlfhpbhcrebhljegvt",,,,,,
1986,IND,LB,LB,0,ACT,Jeff Leiding,Jeffrey,Leiding,1961-10-28,75,240,,,,,,,,,,,,"https://static.www.nfl.com/image/private/f_auto,q_auto/league/ho7xyke2ldcmivtflcs3",,,,,,
1986,IND,LB,LB,0,ACT,Orlando Lowry,Orlando,Lowry,1961-08-14,76,230,,,,,,,,,,,,"https://static.www.nfl.com/image/private/f_auto,q_auto/league/ehuxovclijo4ij598kbb",,,,,,
1986,NYG,WR,WR,0,ACT,Stacy Robinson,Stacy,Robinson,1962-02-19,71,186,,,,,,,,,,,,"https://static.www.nfl.com/image/private/f_auto,q_auto/league/oy02wmrcvdsk87cxrnkr",,,,,,
1986,NYG,WR,WR,0,ACT,Vince Warren,Vincent,Warren,1963-02-18,72,180,,,,,,,,,,,,"https://static.www.nfl.com/image/private/f_auto,q_auto/league/fsc71sswbnjxy99tsjdq",,,,,,
1986,IND,OL,OT,0,ACT,Karl Baldischwiler,John,Baldischwiler,1956-01-19,77,265,,,,,,,,,,,,"https://static.www.nfl.com/image/private/f_auto,q_auto/league/c8dwbqoqf7j3ujosrrtg",,,,,,
1986,IND,OL,OT,0,ACT,Bob Brotzki,Robert,Brotzki,1962-12-24,77,269,,,,,,,,,,,,"https://static.www.nfl.com/image/private/f_auto,q_auto/league/sj3jucmfxqfircucodmb",,,,,,
1986,MIA,OL,OT,68,ACT,Greg Koch,Gregory,Koch,1955-06-14,76,265,,,,,,,,,,,,"https://static.www.nfl.com/image/private/f_auto,q_auto/league/m0xgqn19ijscefcr7grp",,,,,,
1986,MIA,OL,G,0,ACT,Larry Lee,Larry,Lee,1959-09-10,74,274,,,,,,,,,,,,"https://static.www.nfl.com/image/private/f_auto,q_auto/league/kolec30vliiy0aohka9p",,,,,,
1986,NYJ,DB,DB,0,ACT,Jerry Holmes,Jerry,Holmes,1957-12-22,74,175,,,,,,,,,,,,"https://static.www.nfl.com/image/private/f_auto,q_auto/league/ga3kpvmuvtkhegnwh2ap",,,,,,
1986,SEA,OL,OT,0,ACT,Mike Wilson,William,Wilson,1955-05-28,77,271,,,,,,,,,,,,"https://static.www.nfl.com/image/private/f_auto,q_auto/league/ty6rcbabfq9bxlkceuxq",,,,,,
1986,IND,OL,G,0,ACT,Mark Kirchner,Mark,Kirchner,1959-10-19,75,261,,,,,,,,,,,,"https://static.www.nfl.com/image/private/f_auto,q_auto/league/aprjnyberbyeze4ulmtn",,,,,,
1986,MIA,OL,OT,0,ACT,Chris Ward,Christopher,Ward,1955-12-16,75,267,,,,,,,,,,,,"https://static.www.nfl.com/image/private/f_auto,q_auto/league/t7txpwa2cmpqdhnciwz0",,,,,,
1986,IND,OL,G,0,ACT,Ben Utt,Benjamin,Utt,1959-06-13,77,255,,,,,,,,,,,,"https://static.www.nfl.com/image/private/f_auto,q_auto/league/zhaywyuzyvawelzjqxzh",,,,,,
1986,NYJ,DB,DB,0,ACT,Davlin Mullen,Davlin,Mullen,1960-02-17,73,175,,,,,,,,,,,,"https://static.www.nfl.com/image/private/f_auto,q_auto/league/jptldt5vqr3mtbn8zus9",,,,,,
1986,NYJ,DL,NT,0,ACT,Tom Baldwin,Thomas,Baldwin,1961-05-13,76,270,,,,,,,,,,,,"https://static.www.nfl.com/image/private/f_auto,q_auto/league/j9pq5sou777w5vevzme3",,,,,,
1986,IND,QB,QB,0,ACT,Ed Luther,Edward,Luther,1957-01-02,75,206,,,,,,,,,,,,"https://static.www.nfl.com/image/private/f_auto,q_auto/league/p8bumbsjftk9d56tszhc",,,,,,
1986,NYJ,DL,NT,0,ACT,Jerome Foster,Jerome,Foster,1960-07-25,74,268,,,,,,,,,,,,"https://static.www.nfl.com/image/private/f_auto,q_auto/league/wzxln0omlgewzkcpyds4",,,,,,
1986,NYJ,DL,DE,0,ACT,Elvis Franks,Elvis,Franks,1957-07-09,76,252,,,,,,,,,,,,"https://static.www.nfl.com/image/private/f_auto,q_auto/league/o51oqf6lps8q7ogyalas",,,,,,
1986,NYJ,DL,DE,99,ACT,Mark Gastineau,Marcus,Gastineau,1956-11-20,77,253,,,,,,,,,,,,"https://static.www.nfl.com/image/private/f_auto,q_auto/league/nxairn7j3zdh7a0fohzi",,,,,,
1986,IND,RB,RB,0,ACT,Randy McMillan,Lewis,McMillan,1958-12-17,72,219,,,,,,,,,,,,"https://static.www.nfl.com/image/private/f_auto,q_auto/league/jkzlpkc2kzffnayh1vfw",,,,,,
1986,IND,RB,RB,0,TRD,Hubie Oliver,Hubert,Oliver,1957-11-12,70,215,,,,,,,,,,,,"https://static.www.nfl.com/image/private/f_auto,q_auto/league/eloicwknjqw878vllqhl",,,,,,
1986,NYJ,DL,DT,0,ACT,Derland Moore,Derland,Moore,1951-10-07,76,250,,,,,,,,,,,,"https://static.www.nfl.com/image/private/f_auto,q_auto/league/tlu2umdhgsjyw1or4qgz",,,,,,
1986,MIA,TE,TE,84,ACT,Bruce Hardy,Bruce,Hardy,1956-06-01,77,235,,,,,,,,,,,,"https://static.www.nfl.com/image/private/f_auto,q_auto/league/oyizimpyuouhekqebzcd",,,,,,
1986,NYJ,DL,DE,0,ACT,Jim Stuckey,James,Stuckey,1958-06-21,76,251,,,,,,,,,,,,"https://static.www.nfl.com/image/private/f_auto,q_auto/league/zrrqkqyx5cdin2ceu88u",,,,,,
1986,NYJ,LB,LB,0,ACT,Rogers Alexander,Rogers,Alexander,1964-08-11,75,219,,,,,,,,,,,,"https://static.www.nfl.com/image/private/f_auto,q_auto/league/lgoopztc7nn1j7867frn",,,,,,
1986,SEA,WR,WR,0,ACT,Steve Largent,Stephen,Largent,1954-09-28,71,184,,,,,,,,,,,,"https://static.www.nfl.com/image/private/f_auto,q_auto/league/uwi8mvpiavmova7skp7q",,,,,,
1986,IND,TE,TE,0,ACT,Greg LaFleur,Gregory,LaFleur,1958-09-16,76,236,,,,,,,,,,,,"https://static.www.nfl.com/image/private/f_auto,q_auto/league/eqejnhk2jztwr8f1yup8",,,,,,
1986,IND,TE,TE,0,ACT,Tim Sherwin,Timothy,Sherwin,1958-05-04,78,237,,,,,,,,,,,,"https://static.www.nfl.com/image/private/f_auto,q_auto/league/bvlq1hohxmehwgral0qe",,,,,,
1986,IND,WR,WR,0,ACT,Matt Bouza,Matthew,Bouza,1958-04-08,75,211,,,,,,,,,,,,"https://static.www.nfl.com/image/private/f_auto,q_auto/league/mk5g65a3rk6ljjjrboil",,,,,,
1986,TB,DB,DB,21,ACT,Vito McKeever,Juan,McKeever,1961-10-08,72,180,,,,,,,,,,,,"https://static.www.nfl.com/image/private/f_auto,q_auto/league/dgllvct7o9ozjubyauk1",,,,,,
1986,NYJ,LB,LB,0,ACT,Kevin McArthur,Kevin,McArthur,1962-05-11,74,230,,,,,,,,,,,,"https://static.www.nfl.com/image/private/f_auto,q_auto/league/qvijn2tskncakpylgp76",,,,,,
1986,IND,WR,WR,0,ACT,James Harbour,James,Harbour,1962-11-10,73,192,,,,,,,,,,,,"https://static.www.nfl.com/image/private/f_auto,q_auto/league/heaiigbxtvfr596uljd5",,,,,,
1986,IND,WR,WR,0,ACT,Robbie Martin,Robbie,Martin,1958-12-03,68,179,,,,,,,,,,,,"https://static.www.nfl.com/image/private/f_auto,q_auto/league/ft21inijzzk4apnrtwnd",,,,,,
1986,MIN,DB,DB,0,ACT,John Harris,John,Harris,1956-06-13,74,200,,,,,,,,,,,,"https://static.www.nfl.com/image/private/f_auto,q_auto/league/zxdy79wathkz1sfpxxh1",,,,,,
1986,NYJ,OL,G,0,TRT,Bill Bain,William,Bain,1952-08-09,76,279,,,,,,,,,,,,"https://static.www.nfl.com/image/private/f_auto,q_auto/league/aqsimfiy5z4xld3rh3yv",,,,,,
1986,PIT,QB,QB,0,TRC,Scott Campbell,Robert,Campbell,1962-04-15,72,201,,,,,,,,,,,,"https://static.www.nfl.com/image/private/f_auto,q_auto/league/ltcpr2wxnwcqgq60fm5p",,,,,,
1986,MIN,DB,DB,0,ACT,Mike Lush,Michael,Lush,1958-04-18,74,211,,,,,,,,,,,,"https://static.www.nfl.com/image/private/f_auto,q_auto/league/hmet8glaskgb0eags7a9",,,,,,
1986,PIT,RB,RB,0,ACT,Walter Abercrombie,Walter,Abercrombie,1959-09-26,72,201,,,,,,,,,,,,"https://static.www.nfl.com/image/private/f_auto,q_auto/league/pydzhyktsi8fx5mxiybr",,,,,,
1986,KC,DB,DB,0,ACT,Stan David,Stanley,David,1962-02-17,75,210,,,,,,,,,,,,"https://static.www.nfl.com/image/private/f_auto,q_auto/league/dzxzzrmezize1kpxqqci",,,,,,
1986,MIN,DL,DT,0,ACT,Neil Elshire,Neil,Elshire,1958-03-08,78,260,,,,,,,,,,,,"https://static.www.nfl.com/image/private/f_auto,q_auto/league/xjzdpugdwer5gyyowomi",,,,,,
1986,SF,DL,DT,0,ACT,Pete Kugler,Peter,Kugler,1959-08-09,76,255,,,,,,,,,,,,"https://static.www.nfl.com/image/private/f_auto,q_auto/league/yi9y2yu0lyperorcyiek",,,,,,
1986,NYJ,OL,G,0,ACT,Ron Sams,Ronald,Sams,1961-04-12,75,261,,,,,,,,,,,,"https://static.www.nfl.com/image/private/f_auto,q_auto/league/tkskpqp3qhvdukwnk8ln",,,,,,
1986,SF,DL,DE,0,ACT,Doug Rogers,Douglas,Rogers,1960-06-23,77,266,,,,,,,,,,,,"https://static.www.nfl.com/image/private/f_auto,q_auto/league/oujtc9qixkrum6sswegp",,,,,,
1986,MIN,DL,DE,0,ACT,Mark Mullaney,Mark,Mullaney,1953-04-30,78,242,,,,,,,,,,,,"https://static.www.nfl.com/image/private/f_auto,q_auto/league/gf4dzlvvteduciiau15v",,,,,,
1986,PIT,RB,RB,0,ACT,Chuck Sanders,Charles,Sanders,1964-04-24,73,233,,,,,,,,,,,,"https://static.www.nfl.com/image/private/f_auto,q_auto/league/xkmq4y1ov27qjtififjm",,,,,,
1986,SF,DL,DE,78,ACT,Manu Tuiasosopo,Manu'ula,Tuiasosopo,1957-08-30,75,255,,,,,,,,,,,,"https://static.www.nfl.com/image/private/f_auto,q_auto/league/uhg9qlh1qthle7qt5ce5",,,,,,
1986,NYJ,RB,RB,0,ACT,Marion Barber,Marion,Barber,1959-12-06,75,224,,,,,,,,,,,,"https://static.www.nfl.com/image/private/f_auto,q_auto/league/nn7h2i4kz9eag0dvxv09",,,,,,
1986,KC,DL,NT,0,ACT,Pete Koch,Peter,Koch,1962-01-23,78,275,,,,,,,,,,,,"https://static.www.nfl.com/image/private/f_auto,q_auto/league/znxgate4asqdrzlrmvlg",,,,,,
1986,KC,DL,DT,0,ACT,Kit Lathrop,Kit,Lathrop,1956-05-10,77,255,,,,,,,,,,,,"https://static.www.nfl.com/image/private/f_auto,q_auto/league/iwwnuy4euktqzfjqzqbv",,,,,,
1986,NYJ,RB,RB,0,ACT,Michael Harper,Michael,Harper,1961-05-11,70,180,,,,,,,,,,,,"https://static.www.nfl.com/image/private/f_auto,q_auto/league/j6thokipywsyhquarvjl",,,,,,
1986,KC,DL,DE,0,ACT,Art Still,Arthur,Still,1955-12-05,79,250,,,,,,,,,,,,"https://static.www.nfl.com/image/private/f_auto,q_auto/league/arrfxd85a8kzdjefudax",,,,,,
1986,SD,DL,NT,0,ACT,Chuck Ehin,Charles,Ehin,1961-07-01,76,255,,,,,,,,,,,,"https://static.www.nfl.com/image/private/f_auto,q_auto/league/v8xrmmxc1e6puzqpnz7j",,,,,,
1986,SF,LB,OLB,53,ACT,Milt McColl,Milton,McColl,1959-08-28,78,220,,,,,,,,,,,,"https://static.www.nfl.com/image/private/f_auto,q_auto/league/hwbizpfru41lipjq7vyy",,,,,,
1986,SF,LB,LB,0,ACT,Todd Shell,Todd,Shell,1962-06-24,76,225,,,,,,,,,,,,"https://static.www.nfl.com/image/private/f_auto,q_auto/league/gjgeghj27imfyfzk62np",,,,,,
1986,KC,LB,LB,0,ACT,Ken McAlister,Kenneth,McAlister,1960-04-15,77,210,,,,,,,,,,,,"https://static.www.nfl.com/image/private/f_auto,q_auto/league/ytscrhrkxicxbqbcxg9g",,,,,,
1986,RAI,DB,DB,0,ACT,Lester Hayes,Lester,Hayes,1955-01-22,72,200,,,,,,,,,,,,"https://static.www.nfl.com/image/private/f_auto,q_auto/league/yxegnulyldao8qxgtida",,,,,,
1986,TB,OL,G,66,ACT,George Yarno,George,Yarno,1957-08-12,74,260,,,,,,,,,,,,"https://static.www.nfl.com/image/private/f_auto,q_auto/league/r7780a5fggoljpyin8vz",,,,,,
1986,SD,DL,DE,0,ACT,Earl Wilson,Earl,Wilson,1958-09-13,76,267,,,,,,,,,,,,"https://static.www.nfl.com/image/private/f_auto,q_auto/league/jf3jqn7mv8qavhunhb20",,,,,,
1986,NYJ,WR,WR,0,ACT,Bobby Humphery,Robert,Humphery,1961-08-23,70,170,,,,,,,,,,,,"https://static.www.nfl.com/image/private/f_auto,q_auto/league/habw1vaak3axpdzytdxh",,,,,,
1986,NYJ,WR,WR,0,ACT,Kurt Sohn,Kurt,Sohn,1957-06-26,71,180,,,,,,,,,,,,"https://static.www.nfl.com/image/private/f_auto,q_auto/league/jxnsxgw1xl3n76sipvp8",,,,,,
1986,TB,RB,RB,34,ACT,Mack Boatner,Mack,Boatner,1958-10-04,72,220,,,,,,,,,,,,"https://static.www.nfl.com/image/private/f_auto,q_auto/league/axgbb0rvfumzebqcmd2u",,,,,,
1986,STL,DL,DE,0,ACT,Stafford Mays,Stafford,Mays,1958-03-13,74,242,,,,,,,,,,,,"https://static.www.nfl.com/image/private/f_auto,q_auto/league/rpnwu7puaengeyxh0wgv",,,,,,
1986,NYJ,WR,WR,0,ACT,Wesley Walker,Wesley,Walker,1955-05-26,72,179,,,,,,,,,,,,"https://static.www.nfl.com/image/private/f_auto,q_auto/league/kk7qtibzfcvylhllcrjs",,,,,,
1986,KC,OL,G,0,ACT,Brad Budde,Brad,Budde,1958-05-09,76,262,,,,,,,,,,,,"https://static.www.nfl.com/image/private/f_auto,q_auto/league/yszrhpc4iik9oolfpqj9",,,,,,
1986,RAI,DL,DE,0,ACT,Howie Long,Howard,Long,1960-01-06,77,265,,,,,,,,,,,,"https://static.www.nfl.com/image/private/f_auto,q_auto/league/l2tzxwytpvg4zllxme4y",,,,,,
1986,NO,RB,RB,0,ACT,Wayne Wilson,Wayne,Wilson,1957-09-04,75,208,,,,,,,,,,,,"https://static.www.nfl.com/image/private/f_auto,q_auto/league/qwc0jsq0iawmb7r4zh15",,,,,,
1986,TB,SPEC,P,5,ACT,Frank Garcia,Frank,Garcia,1957-06-05,72,190,,,,,,,,,,,,"https://static.www.nfl.com/image/private/f_auto,q_auto/league/lskchxaikxpjnurhrlf2",,,,,,
1986,TB,SPEC,K,1,ACT,Donald Igwebuike,Donald,Igwebuike,1960-12-27,69,170,,,,,,,,,,,,"https://static.www.nfl.com/image/private/f_auto,q_auto/league/g4qmz4dsmxu6dyp66zfg",,,,,,
1986,TB,TE,TE,82,ACT,Jerry Bell,Gerald,Bell,1959-03-07,77,230,,,,,,,,,,,,"https://static.www.nfl.com/image/private/f_auto,q_auto/league/kclerudd80h0gwovsdkh",,,,,,
1986,SF,RB,RB,23,ACT,Tony Cherry,Anthony,Cherry,1963-02-08,67,187,,,,,,,,,,,,"https://static.www.nfl.com/image/private/f_auto,q_auto/league/trg7quqitxgpqje43fln",,,,,,
1986,KC,OL,OT,0,ACT,Jim Rourke,James,Rourke,1957-02-10,77,264,,,,,,,,,,,,"https://static.www.nfl.com/image/private/f_auto,q_auto/league/jkcizjrozqr4or1jqelo",,,,,,
1986,KC,QB,QB,0,ACT,Todd Blackledge,Todd,Blackledge,1961-02-25,75,225,,,,,,,,,,,,"https://static.www.nfl.com/image/private/f_auto,q_auto/league/gy3cxtfxetgbeiorhyga",,,,,,
1986,KC,QB,QB,0,ACT,Bill Kenney,William,Kenney,1955-01-20,76,211,,,,,,,,,,,,"https://static.www.nfl.com/image/private/f_auto,q_auto/league/p4hyyptwqvmfmor75d7m",,,,,,
1986,KC,QB,QB,0,ACT,Frank Seurer,Frank,Seurer,1962-08-16,73,195,,,,,,,,,,,,"https://static.www.nfl.com/image/private/f_auto,q_auto/league/mu1zsjfcosqvw5t603eg",,,,,,
1986,KC,RB,RB,0,ACT,Boyce Green,Boyce,Green,1960-06-24,71,215,,,,,,,,,,,,"https://static.www.nfl.com/image/private/f_auto,q_auto/league/mkhcvuo0lto0imshljbw",,,,,,
1986,TB,WR,WR,0,ACT,Willie Gillespie,Willie,Gillespie,1961-10-24,69,170,,,,,,,,,,,,"https://static.www.nfl.com/image/private/f_auto,q_auto/league/adl6hff8m69t7oske6vr",,,,,,
1986,KC,RB,RB,0,TRD,Bruce King,Bruce,King,1963-01-07,73,219,,,,,,,,,,,,"https://static.www.nfl.com/image/private/f_auto,q_auto/league/yalszcys492fnoyas4oe",,,,,,
1986,SF,RB,RB,0,ACT,Wendell Tyler,Wendell,Tyler,1955-05-20,70,198,,,,,,,,,,,,"https://static.www.nfl.com/image/private/f_auto,q_auto/league/wbmygxckjzlmkjjpxt1h",,,,,,
1986,PHI,DL,DE,0,ACT,Jeff Tupper,Jeffrey,Tupper,1962-12-26,77,263,,,,,,,,,,,,"https://static.www.nfl.com/image/private/f_auto,q_auto/league/w6dybwii0ws6fy1c8hqq",,,,,,
1986,KC,RB,RB,0,ACT,Chris Smith,Christopher,Smith,1963-06-01,73,222,,,,,,,,,,,,"https://static.www.nfl.com/image/private/f_auto,q_auto/league/scuk45wbxcq12c8u4hxb",,,,,,
1986,KC,RB,RB,0,ACT,Jeff Smith,Jeff,Smith,1962-03-22,69,201,,,,,,,,,,,,"https://static.www.nfl.com/image/private/f_auto,q_auto/league/b45wzvtdlbtdrsqu34pp",,,,,,
1986,PHI,LB,LB,0,ACT,Dwayne Jiles,Dwayne,Jiles,1961-11-23,76,242,,,,,,,,,,,,"https://static.www.nfl.com/image/private/f_auto,q_auto/league/jsaj5z8ynuvfysi0rc7v",,,,,,
1986,SF,TE,TE,86,ACT,John Frank,John,Frank,1962-04-17,75,225,,,,,,,,,,,,"https://static.www.nfl.com/image/private/f_auto,q_auto/league/slig7hpqqmrcafjuruxw",,,,,,
1986,SF,WR,WR,0,ACT,Derrick Crawford,Derrick,Crawford,1960-09-03,70,185,,,,,,,,,,,,"https://static.www.nfl.com/image/private/f_auto,q_auto/league/a7sresdxoflk6uwiuo4f",,,,,,
1986,MIN,WR,WR,0,ACT,Buster Rhymes,George,Rhymes,1962-01-27,74,217,,,,,,,,,,,,"https://static.www.nfl.com/image/private/f_auto,q_auto/league/gck3nijrmu4hoqi6sahb",,,,,,
1986,NE,DB,DB,0,ACT,Jim Bowman,James,Bowman,1963-10-26,74,210,,,,,,,,,,,,"https://static.www.nfl.com/image/private/f_auto,q_auto/league/opi4cbthqmldlltguzpr",,,,,,
1986,KC,WR,WR,0,ACT,Carlos Carson,Carlos,Carson,1958-12-28,71,172,,,,,,,,,,,,"https://static.www.nfl.com/image/private/f_auto,q_auto/league/lvwrky7vpnqv1fwuitds",,,,,,
1986,KC,WR,WR,0,ACT,Anthony Hancock,Anthony,Hancock,1960-06-10,72,200,,,,,,,,,,,,"https://static.www.nfl.com/image/private/f_auto,q_auto/league/xlrnb6axu72qiw2e3wqw",,,,,,
1986,PHI,OL,G,0,ACT,Ron Baker,Ronald,Baker,1954-11-19,76,247,,,,,,,,,,,,"https://static.www.nfl.com/image/private/f_auto,q_auto/league/wzsl0wb0dlb4hq8cgjnd",,,,,,
1986,PHI,OL,OT,0,ACT,Mike Black,Michael,Black,1964-08-24,76,290,,,,,,,,,,,,"https://static.www.nfl.com/image/private/f_auto,q_auto/league/gytoqlondor7brn6rgm1",,,,,,
1986,MIA,OL,C,57,ACT,Dwight Stephenson,Dwight,Stephenson,1957-11-20,74,255,,,,,,,,,,,,"https://static.www.nfl.com/image/private/f_auto,q_auto/league/stkoqlkkn6wirfbrfzcv",,,,,,
1986,MIA,DB,DB,0,ACT,Glenn Blackwood,Glenn,Blackwood,1957-02-23,72,183,,,,,,,,,,,,"https://static.www.nfl.com/image/private/f_auto,q_auto/league/yxo7tqzdoabs3p4jiplp",,,,,,
1986,PHI,OL,C,0,ACT,Gerry Feehery,Gerald,Feehery,1960-03-09,74,268,,,,,,,,,,,,"https://static.www.nfl.com/image/private/f_auto,q_auto/league/nosx3buetgtpxiceaowr",,,,,,
1986,MIA,DB,DB,43,ACT,Bud Brown,Charles,Brown,1961-04-19,72,187,,,,,,,,,,,,"https://static.www.nfl.com/image/private/f_auto,q_auto/league/xbsqujk5tcevlqcd9g2q",,,,,,
1986,MIA,DB,DB,0,ACT,Donald Brown,Donald,Brown,1963-11-28,71,193,,,,,,,,,,,,"https://static.www.nfl.com/image/private/f_auto,q_auto/league/zkxxwmb8znyc7crcul3n",,,,,,
1986,MIA,DB,DB,49,ACT,William Judson,William,Judson,1959-03-26,73,181,,,,,,,,,,,,"https://static.www.nfl.com/image/private/f_auto,q_auto/league/qvvqeo6ykjernul8qb1t",,,,,,
1986,MIA,DB,DB,0,ACT,Mike Kozlowski,Michael,Kozlowski,1956-02-24,72,196,,,,,,,,,,,,"https://static.www.nfl.com/image/private/f_auto,q_auto/league/fz6si8xa2xso4ozofihe",,,,,,
1986,PHI,OL,OT,0,ACT,Leonard Mitchell,Leonard,Mitchell,1958-10-12,79,272,,,,,,,,,,,,"https://static.www.nfl.com/image/private/f_auto,q_auto/league/kkrm9amud5mslk15kur9",,,,,,
1986,MIA,DB,DB,0,ACT,Don McNeal,Donald,McNeal,1958-05-06,71,190,,,,,,,,,,,,"https://static.www.nfl.com/image/private/f_auto,q_auto/league/ncf4e9fqbr5jotd8kdyu",,,,,,
1986,STL,DL,NT,0,ACT,David Galloway,David,Galloway,1959-02-16,75,277,,,,,,,,,,,,"https://static.www.nfl.com/image/private/f_auto,q_auto/league/ed43vbfsgzxaueanz5ux",,,,,,
1986,STL,DL,DT,0,ACT,Van Hughes,Curtis,Hughes,1960-11-14,75,280,,,,,,,,,,,,"https://static.www.nfl.com/image/private/f_auto,q_auto/league/r12agqb8ivbf7rj9xkbz",,,,,,
1986,NYJ,DL,NT,0,ACT,Joe Klecko,Joseph,Klecko,1953-10-15,75,256,,,,,,,,,,,,"https://static.www.nfl.com/image/private/f_auto,q_auto/league/js0y8susc4eshbwbuhbl",,,,,,
1986,MIA,DL,NT,73,ACT,Bob Baumhower,Robert,Baumhower,1955-08-04,77,261,,,,,,,,,,,,"https://static.www.nfl.com/image/private/f_auto,q_auto/league/amtgj4sikpb8q2acurhz",,,,,,
1986,MIA,DL,DE,0,ACT,Doug Betters,Douglas,Betters,1956-06-11,79,250,,,,,,,,,,,,"https://static.www.nfl.com/image/private/f_auto,q_auto/league/pbgzvluaovmixaughcbk",,,,,,
1986,MIA,DL,NT,0,ACT,Mike Charles,Michael,Charles,1962-09-23,76,283,,,,,,,,,,,,"https://static.www.nfl.com/image/private/f_auto,q_auto/league/bi5cvjeznrrtv6hbg07z",,,,,,
1986,RAM,DB,DB,0,ACT,Nolan Cromwell,Nolan,Cromwell,1955-01-30,73,200,,,,,,,,,,,,"https://static.www.nfl.com/image/private/f_auto,q_auto/league/ay0enkhpn1xqzybzpw9b",,,,,,
1986,MIA,DL,DT,99,ACT,George Little,George,Little,1963-06-27,76,278,,,,,,,,,,,,"https://static.www.nfl.com/image/private/f_auto,q_auto/league/dztxutnusvu7sxle9gk9",,,,,,
1986,PHI,RB,RB,0,ACT,Michael Haddix,Michael,Haddix,1961-12-27,74,225,,,,,,,,,,,,"https://static.www.nfl.com/image/private/f_auto,q_auto/league/xq5ocihsf6ac343nbmkc",,,,,,
1986,PHI,RB,RB,0,ACT,Junior Tautalatasi,Taivale,Tautalatasi,1962-03-24,70,198,,,,,,,,,,,,"https://static.www.nfl.com/image/private/f_auto,q_auto/league/jrr05v2a1ai7y6jfcwzh",,,,,,
1986,RAM,DB,DB,0,ACT,LeRoy Irvin,LeRoy,Irvin,1957-09-15,71,184,,,,,,,,,,,,"https://static.www.nfl.com/image/private/f_auto,q_auto/league/gzhas1ulupo9kg3uronh",,,,,,
1986,RAM,DB,DB,0,ACT,Johnnie Johnson,Johnnie,Johnson,1956-10-08,73,185,,,,,,,,,,,,"https://static.www.nfl.com/image/private/f_auto,q_auto/league/leitspb10cqqdcxdzcvp",,,,,,
1986,WAS,OL,G,0,ACT,R.C. Thielemann,Ray,Thielemann,1955-08-12,76,247,,,,,,,,,,,,"https://static.www.nfl.com/image/private/f_auto,q_auto/league/skwbccybytgpwas5ypz6",,,,,,
1986,RAM,DB,DB,0,ACT,Mickey Sutton,William,Sutton,1960-08-28,68,165,,,,,,,,,,,,"https://static.www.nfl.com/image/private/f_auto,q_auto/league/wzpnhlgazrs32zmzbndm",,,,,,
1986,MIA,LB,OLB,0,ACT,Bob Brudzinski,Robert,Brudzinski,1955-01-01,76,230,,,,,,,,,,,,"https://static.www.nfl.com/image/private/f_auto,q_auto/league/a0odbidptg333oegzehl",,,,,,
1986,PHI,TE,TE,0,ACT,John Spagnola,John,Spagnola,1957-08-01,76,240,,,,,,,,,,,,"https://static.www.nfl.com/image/private/f_auto,q_auto/league/jy8z3zwacqnj1pfzaaj0",,,,,,
1986,RAM,DL,DE,0,ACT,Gary Jeter,Gary,Jeter,1955-01-24,76,250,,,,,,,,,,,,"https://static.www.nfl.com/image/private/f_auto,q_auto/league/i5txyjprureulz6gpasv",,,,,,
1986,MIA,LB,LB,0,ACT,Andy Hendel,Andrew,Hendel,1961-03-04,73,230,,,,,,,,,,,,"https://static.www.nfl.com/image/private/f_auto,q_auto/league/jfzgtg5gjqakvyvhtuiu",,,,,,
1986,MIA,LB,LB,0,ACT,Larry Kolic,Lawrence,Kolic,1963-08-31,73,242,,,,,,,,,,,,"https://static.www.nfl.com/image/private/f_auto,q_auto/league/zjkarj4yk8fzv3lgwb7c",,,,,,
1986,RAM,DL,DE,0,ACT,Doug Reed,Douglass,Reed,1960-07-16,75,250,,,,,,,,,,,,"https://static.www.nfl.com/image/private/f_auto,q_auto/league/yond95dnmx6caydikdya",,,,,,
1986,PHI,WR,WR,0,ACT,Mike Quick,Michael,Quick,1959-05-14,74,190,,,,,,,,,,,,"https://static.www.nfl.com/image/private/f_auto,q_auto/league/pvgxk0hkyqmhu9txqmbk",,,,,,
1986,MIA,LB,LB,50,ACT,Jackie Shipp,Jackie,Shipp,1962-03-17,74,235,,,,,,,,,,,,"https://static.www.nfl.com/image/private/f_auto,q_auto/league/w7mtt8vjl1msdgtexmis",,,,,,
1986,MIA,LB,LB,0,ACT,Jack Squirek,Jack,Squirek,1959-02-16,76,230,,,,,,,,,,,,"https://static.www.nfl.com/image/private/f_auto,q_auto/league/r71sxfi8omuztkpyj2rq",,,,,,
1986,PIT,DB,DB,0,ACT,Dave Edwards,David,Edwards,1962-03-31,72,195,,,,,,,,,,,,"https://static.www.nfl.com/image/private/f_auto,q_auto/league/zfrh7oj3dzrwkbehtyoc",,,,,,
1986,STL,RB,RB,0,ACT,Earl Ferrell,Earl,Ferrell,1958-03-27,72,215,,,,,,,,,,,,"https://static.www.nfl.com/image/private/f_auto,q_auto/league/fbu6kwdblqjlrnxa3xmn",,,,,,
1986,NE,QB,QB,0,ACT,Tom Ramsey,Thomas,Ramsey,1961-07-09,73,189,,,,,,,,,,,,"https://static.www.nfl.com/image/private/f_auto,q_auto/league/tfibsn8uzg2p40jzb9fg",,,,,,
1986,MIA,OL,OT,0,ACT,Jon Giesler,Jon,Giesler,1956-12-23,77,255,,,,,,,,,,,,"https://static.www.nfl.com/image/private/f_auto,q_auto/league/gur24noivuvsga6epad9",,,,,,
1986,PIT,DB,DB,0,ACT,Donnie Shell,Donnie,Shell,1952-08-26,71,190,,,,,,,,,,,,"https://static.www.nfl.com/image/private/f_auto,q_auto/league/rycwahqk4mmbjqrux4cx",,,,,,
1986,RAM,LB,LB,0,ACT,Cliff Thrift,Clifford,Thrift,1956-05-03,73,232,,,,,,,,,,,,"https://static.www.nfl.com/image/private/f_auto,q_auto/league/vwmmfcrgwuypsndbd5u0",,,,,,
1986,PIT,DB,DB,0,ACT,John Swain,John,Swain,1959-09-04,73,195,,,,,,,,,,,,"https://static.www.nfl.com/image/private/f_auto,q_auto/league/uwr6tkyvar4szskzih3s",,,,,,
1986,STL,SPEC,P,0,ACT,Greg Cater,Gregory,Cater,1957-04-17,72,191,,,,,,,,,,,,"https://static.www.nfl.com/image/private/f_auto,q_auto/league/gbkzph9knjjmczwxar5a",,,,,,
1986,SD,DB,DB,0,ACT,Danny Walters,Daniel,Walters,1960-11-04,73,180,,,,,,,,,,,,"https://static.www.nfl.com/image/private/f_auto,q_auto/league/bu1vbrn51f8zkcuatmo6",,,,,,
1986,PIT,DL,DE,0,ACT,Keith Gary,Keith,Gary,1959-09-14,75,255,,,,,,,,,,,,"https://static.www.nfl.com/image/private/f_auto,q_auto/league/xuxl1wooleeurd7rrffk",,,,,,
1986,NYJ,DB,DB,0,ACT,Lester Lyles,Lester,Lyles,1962-12-27,75,209,,,,,,,,,,,,"https://static.www.nfl.com/image/private/f_auto,q_auto/league/rq4zewihksnvoqel40at",,,,,,
1986,PIT,DL,DE,0,ACT,Darryl Sims,Darryl,Sims,1961-07-23,75,269,,,,,,,,,,,,"https://static.www.nfl.com/image/private/f_auto,q_auto/league/ze0vnwumsqrwhbuxwrew",,,,,,
1986,MIA,QB,QB,10,ACT,Don Strock,Donald,Strock,1950-11-27,77,220,,,,,,,,,,,,"https://static.www.nfl.com/image/private/f_auto,q_auto/league/n9pjpwjn4d3xda0llwzi",,,,,,
1986,MIA,RB,RB,34,ACT,Woody Bennett,Woodrow,Bennett,1955-03-24,74,217,,,,,,,,,,,,"https://static.www.nfl.com/image/private/f_auto,q_auto/league/hdj9zjuwj3lvnkyxkmjn",,,,,,
1986,MIA,RB,RB,0,ACT,Joe Carter,Joseph,Carter,1962-06-23,71,198,,,,,,,,,,,,"https://static.www.nfl.com/image/private/f_auto,q_auto/league/hdwntnhbk51du9rxiq8n",,,,,,
1986,MIA,RB,RB,30,ACT,Ron Davenport,Ronald,Davenport,1962-12-22,74,230,,,,,,,,,,,,"https://static.www.nfl.com/image/private/f_auto,q_auto/league/nrse7coondwzj17okbkd",,,,,,
1986,PIT,LB,LB,0,ACT,Anthony Henton,Oscar,Henton,1963-07-27,73,218,,,,,,,,,,,,"https://static.www.nfl.com/image/private/f_auto,q_auto/league/ubuj0skty6dd3aubrnjk",,,,,,
1986,MIA,RB,RB,27,ACT,Lorenzo Hampton,Lorenzo,Hampton,1962-03-12,71,205,,,,,,,,,,,,"https://static.www.nfl.com/image/private/f_auto,q_auto/league/jesrm51wuedyt69vmjv2",,,,,,
1986,MIA,RB,RB,0,ACT,Tony Nathan,Tony,Nathan,1956-12-14,72,201,,,,,,,,,,,,"https://static.www.nfl.com/image/private/f_auto,q_auto/league/zxs41bvgv51zokfcucrc",,,,,,
1986,SD,LB,LB,0,ACT,Thomas Benson,Thomas,Benson,1961-09-06,74,235,,,,,,,,,,,,"https://static.www.nfl.com/image/private/f_auto,q_auto/league/xi7c14bydorqom3wwuja",,,,,,
1986,STL,WR,WR,0,ACT,J.T. Smith,John,Smith,1955-10-29,74,185,,,,,,,,,,,,"https://static.www.nfl.com/image/private/f_auto,q_auto/league/xgkniyfyfqqk3ggehriy",,,,,,
1986,RAM,RB,RB,0,ACT,Barry Redden,Barry,Redden,1960-07-21,70,205,,,,,,,,,,,,"https://static.www.nfl.com/image/private/f_auto,q_auto/league/vhjzix2e1okqhigctwlo",,,,,,
1986,MIA,TE,TE,0,ACT,Dan Johnson,Daniel,Johnson,1960-05-17,75,240,,,,,,,,,,,,"https://static.www.nfl.com/image/private/f_auto,q_auto/league/vgiowxn58mbtxhifsju3",,,,,,
1986,PIT,OL,C,0,ACT,Emil Boures,Emil,Boures,1960-01-29,73,259,,,,,,,,,,,,"https://static.www.nfl.com/image/private/f_auto,q_auto/league/vpb7besojropzsxkiz2z",,,,,,
1986,TB,DB,DB,31,ACT,Craig Curry,Craig,Curry,1961-07-20,72,187,,,,,,,,,,,,"https://static.www.nfl.com/image/private/f_auto,q_auto/league/klujnycpvtgxj9ht8uv8",,,,,,
1986,RAM,SPEC,K,0,ACT,Mike Lansford,Michael,Lansford,1958-07-20,72,183,,,,,,,,,,,,"https://static.www.nfl.com/image/private/f_auto,q_auto/league/toh8h6q7g5vmj5mcio4b",,,,,,
1986,MIA,WR,WR,89,ACT,Nat Moore,Nathaniel,Moore,1951-09-19,69,184,,,,,,,,,,,,"https://static.www.nfl.com/image/private/f_auto,q_auto/league/l7jir7npzrkt89xzozpg",,,,,,
1986,PIT,OL,G,0,ACT,Randy Rasmussen,Randy,Rasmussen,1960-09-27,74,253,,,,,,,,,,,,"https://static.www.nfl.com/image/private/f_auto,q_auto/league/go0suomhs9xnbhizqiou",,,,,,
1986,RAM,TE,TE,0,ACT,Damone Johnson,Damone,Johnson,1962-03-02,76,230,,,,,,,,,,,,"https://static.www.nfl.com/image/private/f_auto,q_auto/league/j6olraiayab1kunusvt2",,,,,,
1986,TB,DB,DB,44,ACT,Ivory Sully,Ivory,Sully,1957-06-20,72,201,,,,,,,,,,,,"https://static.www.nfl.com/image/private/f_auto,q_auto/league/qzdk92spd8wjnlygvczo",,,,,,
1986,TB,DB,DB,41,ACT,Craig Swoope,Craig,Swoope,1964-02-03,73,200,,,,,,,,,,,,"https://static.www.nfl.com/image/private/f_auto,q_auto/league/vsmb4w06ck1d5hok4dga",,,,,,
1986,MIN,DB,DB,0,ACT,Neal Guggemos,Neal,Guggemos,1964-06-14,72,187,,,,,,,,,,,,"https://static.www.nfl.com/image/private/f_auto,q_auto/league/dszmsahydlolgdembcum",,,,,,
1986,NYJ,LB,LB,0,ACT,Matt Monger,Matthew,Monger,1961-11-15,73,235,,,,,,,,,,,,"https://static.www.nfl.com/image/private/f_auto,q_auto/league/uy2frleu2bxo31ii4lfj",,,,,,
1986,NO,DL,DE,0,ACT,Joe Kohlbrand,Joseph,Kohlbrand,1963-03-18,76,242,,,,,,,,,,,,"https://static.www.nfl.com/image/private/f_auto,q_auto/league/pzdxt9a0prisatezdcis",,,,,,
1986,NO,DL,DE,0,ACT,Casey Merrill,Richard,Merrill,1957-07-16,76,254,,,,,,,,,,,,"https://static.www.nfl.com/image/private/f_auto,q_auto/league/btz9hops7fxztsbch21h",,,,,,
1986,SF,DB,DB,0,ACT,Eric Wright,Eric,Wright,1959-04-18,73,180,,,,,,,,,,,,"https://static.www.nfl.com/image/private/f_auto,q_auto/league/pso9hibzg2awe7busttp",,,,,,
1986,RAM,WR,WR,0,ACT,Chuck Scott,Charles,Scott,1963-05-24,74,202,,,,,,,,,,,,"https://static.www.nfl.com/image/private/f_auto,q_auto/league/qdgde0gfedzi7tj62oxp",,,,,,
1986,PIT,RB,RB,0,ACT,Rich Erenberg,Richard,Erenberg,1962-04-17,70,200,,,,,,,,,,,,"https://static.www.nfl.com/image/private/f_auto,q_auto/league/dqi4ijzza2jqotiuvos2",,,,,,
1986,SD,DB,DB,0,TRD,Donald Brown,Donald,Brown,1963-11-28,71,193,,,,,,,,,,,,"https://static.www.nfl.com/image/private/f_auto,q_auto/league/zkxxwmb8znyc7crcul3n",,,,,,
1986,MIN,DL,DE,0,ACT,Leroy Howell,Leroy,Howell,1962-11-04,76,235,,,,,,,,,,,,"https://static.www.nfl.com/image/private/f_auto,q_auto/league/ugfzkvlcrqwnic06yxep",,,,,,
1986,PIT,RB,RB,0,ACT,Frank Pollard,Frank,Pollard,1957-06-15,70,210,,,,,,,,,,,,"https://static.www.nfl.com/image/private/f_auto,q_auto/league/osvclb4mi0mzcrenduhh",,,,,,
1986,TB,LB,OLB,57,ACT,Keith Browner,Keith,Browner,1962-01-24,78,230,,,,,,,,,,,,"https://static.www.nfl.com/image/private/f_auto,q_auto/league/gltu0urdpqtk3illinrh",,,,,,
1986,NO,LB,LB,0,TRC,Glen Redd,Glen,Redd,1958-06-17,73,229,,,,,,,,,,,,"https://static.www.nfl.com/image/private/f_auto,q_auto/league/p6ktbrf5cpvbw8qew0vm",,,,,,
1986,SEA,OL,OT,0,ACT,Bob Cryder,Robert,Cryder,1956-09-07,76,275,,,,,,,,,,,,"https://static.www.nfl.com/image/private/f_auto,q_auto/league/fiu2h92orzdegixijksr",,,,,,
1986,SD,DB,DB,0,ACT,Daniel Hunter,Daniel,Hunter,1962-09-01,71,175,,,,,,,,,,,,"https://static.www.nfl.com/image/private/f_auto,q_auto/league/pqacnsocsgaii7ogsmjc",,,,,,
1986,MIN,DL,DE,0,ACT,Gerald Robinson,Gerald,Robinson,1963-05-04,75,253,,,,,,,,,,,,"https://static.www.nfl.com/image/private/f_auto,q_auto/league/enbl5v7e9qqcaofuqrcz",,,,,,
1986,PIT,TE,TE,0,ACT,Preston Gothard,Sherrill,Gothard,1962-02-23,76,235,,,,,,,,,,,,"https://static.www.nfl.com/image/private/f_auto,q_auto/league/zxepzj7x8nffp7i4ppa4",,,,,,
1986,PIT,WR,WR,0,ACT,Jessie Britt,Jessie,Britt,1963-03-03,76,198,,,,,,,,,,,,"https://static.www.nfl.com/image/private/f_auto,q_auto/league/mfy3akbsgghvezqt65gr",,,,,,
1986,WAS,DL,DT,0,ACT,Dave Butz,David,Butz,1950-06-23,79,280,,,,,,,,,,,,"https://static.www.nfl.com/image/private/f_auto,q_auto/league/fvcm2xjyodb6lrzjda5l",,,,,,
1986,PIT,WR,WR,0,ACT,John Stallworth,Johnny,Stallworth,1952-07-15,74,191,,,,,,,,,,,,"https://static.www.nfl.com/image/private/f_auto,q_auto/league/qyhrxpoq3sklq4qnugy3",,,,,,
1986,SF,LB,LB,49,ACT,Jeff Fuller,Jeffery,Fuller,1962-08-08,74,216,,,,,,,,,,,,"https://static.www.nfl.com/image/private/f_auto,q_auto/league/e1mpugk0sgihqgengslp",,,,,,
1986,PIT,WR,WR,0,ACT,Weegie Thompson,Willis,Thompson,1961-03-21,78,210,,,,,,,,,,,,"https://static.www.nfl.com/image/private/f_auto,q_auto/league/qhnqqxlv0xjnlraz0azn",,,,,,
1986,RAI,DB,DB,0,ACT,Stefon Adams,Stefon,Adams,1963-08-11,70,185,,,,,,,,,,,,"https://static.www.nfl.com/image/private/f_auto,q_auto/league/apznak2gjksszw48mxhq",,,,,,
1986,MIN,LB,LB,55,ACT,Scott Studwell,John,Studwell,1954-08-27,74,225,,,,,,,,,,,,"https://static.www.nfl.com/image/private/f_auto,q_auto/league/yrptjl3sjwyometkh3ry",,,,,,
1986,NO,OL,G,0,ACT,Ralph Williams,Ralph,Williams,1958-03-27,75,280,,,,,,,,,,,,"https://static.www.nfl.com/image/private/f_auto,q_auto/league/n7tpqao52pszefipeswz",,,,,,
1986,RAI,SPEC,K,0,ACT,Chris Bahr,Christopher,Bahr,1953-02-03,70,170,,,,,,,,,,,,"https://static.www.nfl.com/image/private/f_auto,q_auto/league/mtqqli2jm0my416zh4rr",,,,,,
1986,SF,OL,G,68,ACT,John Ayers,John,Ayers,1953-04-14,77,247,,,,,,,,,,,,"https://static.www.nfl.com/image/private/f_auto,q_auto/league/anm39l1uyticqvjac8s7",,,,,,
1986,MIN,OL,G,0,ACT,Dave Huffman,David,Huffman,1957-04-04,78,255,,,,,,,,,,,,"https://static.www.nfl.com/image/private/f_auto,q_auto/league/lljlf8m63jrewngjep3a",,,,,,
1986,TB,RB,RB,0,ACT,Dennis Bligen,Dennis,Bligen,1962-03-03,71,215,,,,,,,,,,,,"https://static.www.nfl.com/image/private/f_auto,q_auto/league/vp8thav8q0tugd1ocdsw",,,,,,
1986,RAI,WR,WR,0,ACT,Rod Barksdale,Rodney,Barksdale,1962-09-08,73,185,,,,,,,,,,,,"https://static.www.nfl.com/image/private/f_auto,q_auto/league/n63j2lpyjlc31oiqfobu",,,,,,
1986,NE,DL,NT,0,ACT,Toby Williams,Tobias,Williams,1959-11-19,75,254,,,,,,,,,,,,"https://static.www.nfl.com/image/private/f_auto,q_auto/league/mahr3z7g6icdtendkbxw",,,,,,
1986,MIN,OL,G,0,ACT,Curtis Rouse,Curtis,Rouse,1960-07-13,75,304,,,,,,,,,,,,"https://static.www.nfl.com/image/private/f_auto,q_auto/league/v1elbwkwrbpxecvivgkn",,,,,,
1986,MIN,OL,C,0,ACT,Dennis Swilley,Dennis,Swilley,1955-06-28,75,241,,,,,,,,,,,,"https://static.www.nfl.com/image/private/f_auto,q_auto/league/ynp8wokbfgnjazfulaj2",,,,,,
1986,PHI,DB,DB,0,ACT,Evan Cooper,Evan,Cooper,1962-06-25,71,180,,,,,,,,,,,,"https://static.www.nfl.com/image/private/f_auto,q_auto/league/pr2cyc6o4tuxrmbyg8zz",,,,,,
1986,PHI,DB,DB,0,ACT,Elbert Foules,Elbert,Foules,1961-07-04,71,185,,,,,,,,,,,,"https://static.www.nfl.com/image/private/f_auto,q_auto/league/nnbfrskdgyi7ypjd97al",,,,,,
1986,SD,LB,LB,0,ACT,Derrie Nelson,Derald,Nelson,1958-02-08,74,236,,,,,,,,,,,,"https://static.www.nfl.com/image/private/f_auto,q_auto/league/k1olayd7jpxpbbcqnol2",,,,,,
1986,PHI,DB,DB,0,ACT,Russell Gary,Russell,Gary,1959-07-31,71,195,,,,,,,,,,,,"https://static.www.nfl.com/image/private/f_auto,q_auto/league/glsulpno8qhipvi17wv0",,,,,,
1986,PHI,RB,RB,0,TRC,Earnest Jackson,Earnest,Jackson,1959-12-18,69,208,,,,,,,,,,,,"https://static.www.nfl.com/image/private/f_auto,q_auto/league/khkwbowglxejdt9zhrr1",,,,,,
1986,RAI,LB,LB,0,ACT,Jeff Barnes,Jeffrey,Barnes,1955-03-01,74,215,,,,,,,,,,,,"https://static.www.nfl.com/image/private/f_auto,q_auto/league/g7ynrior0ce6kvqneu3n",,,,,,
1986,TB,TE,TE,88,TRT,Jimmie Giles,Jimmie,Giles,1954-11-08,75,225,,,,,,,,,,,,"https://static.www.nfl.com/image/private/f_auto,q_auto/league/u8xh5oxykc5bnchgrmpq",,,,,,
1986,RAI,LB,LB,0,ACT,Jamie Kimmel,James,Kimmel,1962-03-28,75,240,,,,,,,,,,,,"https://static.www.nfl.com/image/private/f_auto,q_auto/league/o8se5z9zn1op8fi9rorx",,,,,,
1986,RAI,LB,LB,0,ACT,Linden King,Linden,King,1955-06-28,76,217,,,,,,,,,,,,"https://static.www.nfl.com/image/private/f_auto,q_auto/league/riaec3wopxjjqbwpyahl",,,,,,
1986,TB,WR,WR,87,ACT,Gerald Carter,Gerald,Carter,1957-06-19,73,185,,,,,,,,,,,,"https://static.www.nfl.com/image/private/f_auto,q_auto/league/q4db1hbxogakgrydotcz",,,,,,
1986,TB,WR,WR,81,ACT,Phil Freeman,Phillip,Freeman,1962-12-09,71,185,,,,,,,,,,,,"https://static.www.nfl.com/image/private/f_auto,q_auto/league/vswibuqhkokwda0h9yzc",,,,,,
1986,SD,OL,OT,0,ACT,Gary Kowalski,Gary,Kowalski,1960-07-02,78,250,,,,,,,,,,,,"https://static.www.nfl.com/image/private/f_auto,q_auto/league/lwqf7kpqg9nhdhbfrwfw",,,,,,
1986,MIN,SPEC,K,0,ACT,Chuck Nelson,Charles,Nelson,1960-02-23,71,175,,,,,,,,,,,,"https://static.www.nfl.com/image/private/f_auto,q_auto/league/c8sn5ohyc43uwqtrtkj5",,,,,,
1986,RAI,OL,OT,0,ACT,Bruce Davis,Bruce,Davis,1956-06-21,78,280,,,,,,,,,,,,"https://static.www.nfl.com/image/private/f_auto,q_auto/league/lwgxmx3zj5gbs8tjpjp8",,,,,,
1986,RAI,OL,G,0,ACT,Charley Hannah,Charles,Hannah,1955-07-26,77,250,,,,,,,,,,,,"https://static.www.nfl.com/image/private/f_auto,q_auto/league/zerjhs64kerhyqstj13f",,,,,,
1986,TB,WR,WR,80,ACT,David Williams,David,Williams,1963-06-10,75,190,,,,,,,,,,,,"https://static.www.nfl.com/image/private/f_auto,q_auto/league/jh3coxcsvnqk9vfxod9j",,,,,,
1986,SF,SPEC,K,14,ACT,Ray Wersching,Raimund,Wersching,1950-08-21,71,210,,,,,,,,,,,,"https://static.www.nfl.com/image/private/f_auto,q_auto/league/monbaa7te6wjl1c0zkjk",,,,,,
1986,WAS,DB,DB,0,ACT,Ken Coffey,Kenneth,Coffey,1960-11-07,72,193,,,,,,,,,,,,"https://static.www.nfl.com/image/private/f_auto,q_auto/league/a9vuce1acwin8yq73sy8",,,,,,
1986,SF,TE,TE,81,ACT,Russ Francis,Russell,Francis,1953-04-03,78,240,,,,,,,,,,,,"https://static.www.nfl.com/image/private/f_auto,q_auto/league/mery59a5g4kfrlcm9rax",,,,,,
1986,RAI,OL,G,0,ACT,Mickey Marvin,Phillip,Marvin,1955-10-05,76,270,,,,,,,,,,,,"https://static.www.nfl.com/image/private/f_auto,q_auto/league/uredgsu7v4inf9w4hgdv",,,,,,
1986,SF,WR,WR,87,ACT,Dwight Clark,Dwight,Clark,1957-01-08,76,212,,,,,,,,,,,,"https://static.www.nfl.com/image/private/f_auto,q_auto/league/zzqgj9w7by4f8bn2bisg",,,,,,
1986,SD,RB,RB,0,ACT,Curtis Adams,Curtis,Adams,1962-04-30,71,198,,,,,,,,,,,,"https://static.www.nfl.com/image/private/f_auto,q_auto/league/m4vkaojzdmqtiwzddb9q",,,,,,
1986,RAI,OL,G,0,ACT,Chris Riehm,Christopher,Riehm,1961-04-14,78,275,,,,,,,,,,,,"https://static.www.nfl.com/image/private/f_auto,q_auto/league/std2wu9fadsc72tcjfid",,,,,,
1986,NE,DB,DB,0,ACT,Ernest Gibson,Ernest,Gibson,1961-10-03,70,189,,,,,,,,,,,,"https://static.www.nfl.com/image/private/f_auto,q_auto/league/xq72hxh6m20imtl6udf7",,,,,,
1986,WAS,DL,DE,0,ACT,Tom Beasley,Thomas,Beasley,1954-08-11,77,253,,,,,,,,,,,,"https://static.www.nfl.com/image/private/f_auto,q_auto/league/sncp1ceehiee4en7ywfe",,,,,,
1986,RAM,OL,G,0,ACT,Dennis Harrah,Dennis,Harrah,1953-03-09,77,257,,,,,,,,,,,,"https://static.www.nfl.com/image/private/f_auto,q_auto/league/xtcwndawrx82ywiaz7wj",,,,,,
1986,RAM,OL,G,0,TRC,Kent Hill,Kent,Hill,1957-03-07,77,260,,,,,,,,,,,,"https://static.www.nfl.com/image/private/f_auto,q_auto/league/jpgb3wdvjh00on4ioi4o",,,,,,
1986,RAI,RB,RB,0,ACT,Frank Hawkins,Frank,Hawkins,1959-07-03,69,210,,,,,,,,,,,,"https://static.www.nfl.com/image/private/f_auto,q_auto/league/haqw9l7ckh7lvqsxobp9",,,,,,
1986,NE,DB,DB,0,ACT,Rod McSwain,Rodney,McSwain,1962-01-28,73,198,,,,,,,,,,,,"https://static.www.nfl.com/image/private/f_auto,q_auto/league/ntaf5kfgmalcwylp5o8f",,,,,,
1986,STL,DB,DB,0,ACT,Dennis Thurman,Dennis,Thurman,1956-04-13,71,176,,,,,,,,,,,,"https://static.www.nfl.com/image/private/f_auto,q_auto/league/g6isswae4kdc6v7xawhb",,,,,,
1986,NE,DL,DE,0,ACT,Milford Hodge,Milford,Hodge,1961-03-11,75,278,,,,,,,,,,,,"https://static.www.nfl.com/image/private/f_auto,q_auto/league/fbqtduswrz4mggytpzyv",,,,,,
1986,NE,DL,NT,0,ACT,Dennis Owens,Dennis,Owens,1960-02-24,73,257,,,,,,,,,,,,"https://static.www.nfl.com/image/private/f_auto,q_auto/league/ww5lkzdubdlouqoqylnx",,,,,,
1986,RAM,OL,C,0,ACT,Doug Smith,Carl,Smith,1956-11-25,75,253,,,,,,,,,,,,"https://static.www.nfl.com/image/private/f_auto,q_auto/league/miuu0h5m724kzi8d2s9c",,,,,,
1986,NE,DL,DE,0,ACT,Kenneth Sims,Kenneth,Sims,1959-10-31,77,279,,,,,,,,,,,,"https://static.www.nfl.com/image/private/f_auto,q_auto/league/mgck4hy5hgftcuvliuhh",,,,,,
1986,NE,DL,DE,0,TRC,Ben Thomas,Benjamin,Thomas,1961-07-02,76,280,,,,,,,,,,,,"https://static.www.nfl.com/image/private/f_auto,q_auto/league/s9fvpyrjq82kzdsfynkr",,,,,,
1986,RAI,TE,TE,0,ACT,Andy Parker,Andrew,Parker,1961-09-08,77,235,,,,,,,,,,,,"https://static.www.nfl.com/image/private/f_auto,q_auto/league/r7guom5y83wt3lsgw1jc",,,,,,
1986,RAM,RB,RB,0,ACT,Rob Carpenter,Robert,Carpenter,1955-04-20,73,224,,,,,,,,,,,,"https://static.www.nfl.com/image/private/f_auto,q_auto/league/wqovk0zypgc7aecpff4q",,,,,,
1986,STL,WR,WR,0,ACT,Don Holmes,Donald,Holmes,1961-04-01,70,180,,,,,,,,,,,,"https://static.www.nfl.com/image/private/f_auto,q_auto/league/bmu0abmgepiylv7pirbz",,,,,,
1986,NE,LB,LB,0,ACT,Mel Black,Melvin,Black,1962-02-02,74,228,,,,,,,,,,,,"https://static.www.nfl.com/image/private/f_auto,q_auto/league/ixswmxgs3iwggijow7pg",,,,,,
1986,RAI,WR,WR,0,ACT,Mark Pattison,Mark,Pattison,1961-12-13,74,190,,,,,,,,,,,,"https://static.www.nfl.com/image/private/f_auto,q_auto/league/o1r3g39op8lzkuup7hdx",,,,,,
1986,NE,LB,LB,0,ACT,Steve Doig,Stephen,Doig,1960-03-28,74,240,,,,,,,,,,,,"https://static.www.nfl.com/image/private/f_auto,q_auto/league/gxoyi4dio092wftpnjfz",,,,,,
1986,STL,LB,LB,0,ACT,Rick DiBernardo,Richard,DiBernardo,1964-06-12,75,225,,,,,,,,,,,,"https://static.www.nfl.com/image/private/f_auto,q_auto/league/qhuef6prqjys3ufdrc9f",,,,,,
1986,RAM,DB,DB,0,TRT,Herman Edwards,Herman,Edwards,1954-04-27,72,194,,,,,,,,,,,,"https://static.www.nfl.com/image/private/f_auto,q_auto/league/ibrkwyhfrh7rzzmvwroq",,,,,,
1986,PHI,RB,RB,0,ACT,Charles Crawford,Charles,Crawford,1964-03-08,74,235,,,,,,,,,,,,"https://static.www.nfl.com/image/private/f_auto,q_auto/league/mgz2mg8c3fmrhuwkczhz",,,,,,
1986,RAM,TE,TE,0,ACT,David Hill,David,Hill,1954-01-01,74,220,,,,,,,,,,,,"https://static.www.nfl.com/image/private/f_auto,q_auto/league/cuasnlb47l6i9wqkyp4h",,,,,,
1986,SEA,DL,DE,0,ACT,Randy Edwards,Richard,Edwards,1961-03-09,76,255,,,,,,,,,,,,"https://static.www.nfl.com/image/private/f_auto,q_auto/league/rvo703durlqly2fu5lmx",,,,,,
1986,STL,OL,G,0,ACT,Joe Bostic,Joe,Bostic,1957-04-20,75,265,,,,,,,,,,,,"https://static.www.nfl.com/image/private/f_auto,q_auto/league/yb00dd3oj0xxjwjgrgf2",,,,,,
1986,NYG,RB,RB,30,ACT,Tony Galbreath,Anthony,Galbreath,1954-01-29,72,220,,,,,,,,,,,,"https://static.www.nfl.com/image/private/f_auto,q_auto/league/gujudr4qtmjewh62evwq",,,,,,
1986,PHI,SPEC,K,0,ACT,Paul McFadden,Paul,McFadden,1961-09-24,71,160,,,,,,,,,,,,"https://static.www.nfl.com/image/private/f_auto,q_auto/league/fi64dcsafphgmgk4bamp",,,,,,
1986,STL,OL,C,0,ACT,Randy Clark,Randall,Clark,1957-07-27,75,254,,,,,,,,,,,,"https://static.www.nfl.com/image/private/f_auto,q_auto/league/sqnzgaeoim7brvdxx2sz",,,,,,
1986,NE,OL,G,0,ACT,Paul Fairchild,Paul,Fairchild,1961-09-14,76,267,,,,,,,,,,,,"https://static.www.nfl.com/image/private/f_auto,q_auto/league/twxbtvwqa4bq1bpq7vs7",,,,,,
1986,NYG,SPEC,K,0,ACT,Joe Cooper,Joseph,Cooper,1960-10-30,70,175,,,,,,,,,,,,"https://static.www.nfl.com/image/private/f_auto,q_auto/league/dlkdg2okjtvycx1ekst4",,,,,,
1986,WAS,RB,RB,0,ACT,Reggie Branch,Reginald,Branch,1962-10-22,71,227,,,,,,,,,,,,"https://static.www.nfl.com/image/private/f_auto,q_auto/league/xb1tu98t8ztmtvx6ekxc",,,,,,
1986,RAM,DL,NT,0,ACT,Shawn Miller,Shawn,Miller,1961-03-14,76,255,,,,,,,,,,,,"https://static.www.nfl.com/image/private/f_auto,q_auto/league/pdycpw7dvjmgwrw6fldq",,,,,,
1986,PHI,WR,WR,0,ACT,Kenny Jackson,Kenneth,Jackson,1962-02-15,72,180,,,,,,,,,,,,"https://static.www.nfl.com/image/private/f_auto,q_auto/league/zcvlahw64aza0kpjjsk5",,,,,,
1986,WAS,RB,RB,0,ACT,Keith Griffin,Keith,Griffin,1961-10-26,68,185,,,,,,,,,,,,"https://static.www.nfl.com/image/private/f_auto,q_auto/league/vq2ypwneeo1fja6w9fm6",,,,,,
1986,RAM,LB,LB,0,ACT,Steve Busick,Steven,Busick,1958-12-10,76,227,,,,,,,,,,,,"https://static.www.nfl.com/image/private/f_auto,q_auto/league/esjklosxvsbmdf4ud9fy",,,,,,
1986,PHI,WR,WR,0,ACT,Phil Smith,Phillip,Smith,1960-04-28,75,190,,,,,,,,,,,,"https://static.www.nfl.com/image/private/f_auto,q_auto/league/ka4kklyzzeuclqooci5l",,,,,,
1986,NE,QB,QB,0,ACT,Tony Eason,Charles,Eason,1959-10-08,76,212,,,,,,,,,,,,"https://static.www.nfl.com/image/private/f_auto,q_auto/league/myvko8qvzooxmjisnkbo",,,,,,
1986,WAS,SPEC,K,0,ACT,Jess Atkinson,Jesse,Atkinson,1961-12-11,69,165,,,,,,,,,,,,"https://static.www.nfl.com/image/private/f_auto,q_auto/league/u91kiwccc4u30xjzckag",,,,,,
1986,NYG,WR,WR,87,ACT,Solomon Miller,Solomon,Miller,1964-12-06,73,185,,,,,,,,,,,,"https://static.www.nfl.com/image/private/f_auto,q_auto/league/iqndtbk4mc6h1ayjmpyf",,,,,,
1986,NE,RB,RB,0,ACT,Tony Collins,Anthony,Collins,1959-05-27,71,203,,,,,,,,,,,,"https://static.www.nfl.com/image/private/f_auto,q_auto/league/hx74hjqlfrm4qnbcufys",,,,,,
1986,RAM,LB,OLB,0,ACT,Mel Owens,Mel,Owens,1958-12-07,74,224,,,,,,,,,,,,"https://static.www.nfl.com/image/private/f_auto,q_auto/league/fehnx0dqdsjq1efecskg",,,,,,
1986,NYJ,DB,DB,0,ACT,Robert Ducksworth,Robert,Ducksworth,1963-01-05,71,200,,,,,,,,,,,,"https://static.www.nfl.com/image/private/f_auto,q_auto/league/kzq6kvp9snnhr643bnnk",,,,,,
1986,WAS,TE,TE,0,ACT,Clint Didier,Clint,Didier,1959-04-04,77,240,,,,,,,,,,,,"https://static.www.nfl.com/image/private/f_auto,q_auto/league/ybov960jqtvrec2zxnfw",,,,,,
1986,NYJ,RB,RB,0,TRC,Dennis Bligen,Dennis,Bligen,1962-03-03,71,215,,,,,,,,,,,,"https://static.www.nfl.com/image/private/f_auto,q_auto/league/vp8thav8q0tugd1ocdsw",,,,,,
1986,NYJ,RB,RB,0,ACT,Nuu Faaola,Sinatausilinuu,Faaola,1964-01-15,71,215,,,,,,,,,,,,"https://static.www.nfl.com/image/private/f_auto,q_auto/league/rwy9edpt5ptbm7bev6kz",,,,,,
1986,PIT,DL,NT,0,ACT,Gary Dunn,Gary,Dunn,1953-08-24,75,240,,,,,,,,,,,,"https://static.www.nfl.com/image/private/f_auto,q_auto/league/t5uj7ee9dfugqxntktiz",,,,,,
1986,STL,SPEC,K,0,ACT,Eric Schubert,Eric,Schubert,1962-05-28,68,201,,,,,,,,,,,,"https://static.www.nfl.com/image/private/f_auto,q_auto/league/ll46ookjzmhjruphl911",,,,,,
1986,PIT,DL,DE,0,ACT,Ed Nelson,Edmund,Nelson,1960-04-30,75,247,,,,,,,,,,,,"https://static.www.nfl.com/image/private/f_auto,q_auto/league/fgorbcry6qyqrvbefpxc",,,,,,
1986,WAS,WR,WR,0,ACT,James Noble,James,Noble,1963-08-14,72,193,,,,,,,,,,,,"https://static.www.nfl.com/image/private/f_auto,q_auto/league/wzcrb5ysaxjn59as3tpa",,,,,,
1986,STL,TE,TE,0,ACT,Doug Marsh,Douglas,Marsh,1958-06-18,75,236,,,,,,,,,,,,"https://static.www.nfl.com/image/private/f_auto,q_auto/league/wrxxqaixxlspjflqxxri",,,,,,
1986,SF,LB,OLB,58,ACT,Keena Turner,Keena,Turner,1958-10-22,74,219,,,,,,,,,,,,"https://static.www.nfl.com/image/private/f_auto,q_auto/league/g47vahmsz18abi6fdrju",,,,,,
1986,WAS,WR,WR,0,ACT,Eric Yarber,Eric,Yarber,1963-09-22,68,156,,,,,,,,,,,,"https://static.www.nfl.com/image/private/f_auto,q_auto/league/suyxqiofwcsgwwzxqbfa",,,,,,
1986,RAM,QB,QB,0,ACT,Steve Dils,Stephen,Dils,1955-12-08,73,190,,,,,,,,,,,,"https://static.www.nfl.com/image/private/f_auto,q_auto/league/ih0z25eoj7ommwssthmv",,,,,,
1986,NE,WR,WR,0,ACT,Derwin Williams,Derwin,Williams,1961-05-06,72,173,,,,,,,,,,,,"https://static.www.nfl.com/image/private/f_auto,q_auto/league/qnw0qqbcpwsmbx7hndlc",,,,,,
1986,SF,OL,G,51,ACT,Randy Cross,Randall,Cross,1954-04-25,75,265,,,,,,,,,,,,"https://static.www.nfl.com/image/private/f_auto,q_auto/league/yj8f9wfdh1iwht2fitio",,,,,,
1986,SF,OL,G,0,ACT,Michael Durrette,Michael,Durrette,1957-08-11,76,280,,,,,,,,,,,,"https://static.www.nfl.com/image/private/f_auto,q_auto/league/jmxmfcq7qx1hl5fb3q7z",,,,,,
1986,NO,DB,DB,0,ACT,Van Jakes,Van,Jakes,1961-05-10,72,185,,,,,,,,,,,,"https://static.www.nfl.com/image/private/f_auto,q_auto/league/qg2gyxdbss71dpfizxdv",,,,,,
1986,SEA,TE,TE,0,ACT,Jim Laughton,James,Laughton,1960-01-18,77,225,,,,,,,,,,,,"https://static.www.nfl.com/image/private/f_auto,q_auto/league/qnzahor2x8rebku3a23x",,,,,,
1986,PIT,LB,LB,0,ACT,Dennis Winston,Dennis,Winston,1955-10-25,72,228,,,,,,,,,,,,"https://static.www.nfl.com/image/private/f_auto,q_auto/league/z3eupshfjqccknzpzwww",,,,,,
1986,RAM,RB,RB,0,ACT,Charles White,Charles,White,1958-01-22,70,190,,,,,,,,,,,,"https://static.www.nfl.com/image/private/f_auto,q_auto/league/nqtmdvvvyr0xu7t2rypf",,,,,,
1986,NO,DB,DB,0,ACT,Willie Tullis,Willie,Tullis,1958-04-05,72,190,,,,,,,,,,,,"https://static.www.nfl.com/image/private/f_auto,q_auto/league/k4bw1foogv8la9oypiih",,,,,,
1986,SEA,WR,WR,0,ACT,Byron Franklin,Byron,Franklin,1958-09-04,73,179,,,,,,,,,,,,"https://static.www.nfl.com/image/private/f_auto,q_auto/league/syjusuxvtlkhyaask1ql",,,,,,
1986,WAS,LB,LB,0,TRC,Angelo Snipes,Angelo,Snipes,1963-01-11,72,215,,,,,,,,,,,,"https://static.www.nfl.com/image/private/f_auto,q_auto/league/hvqjape5nwhcjzxptbg8",,,,,,
1986,RAM,TE,TE,0,ACT,Tony Hunter,Tony,Hunter,1960-05-22,76,237,,,,,,,,,,,,"https://static.www.nfl.com/image/private/f_auto,q_auto/league/ecy3kpkpmnmbmsdfp6sp",,,,,,
1986,NYJ,LB,OLB,0,ACT,Rusty Guilbeau,David,Guilbeau,1958-11-20,76,250,,,,,,,,,,,,"https://static.www.nfl.com/image/private/f_auto,q_auto/league/uhfnueqzjar8jl66xdsq",,,,,,
1986,NO,DL,DE,0,ACT,Jon Dumbauld,Jonathan,Dumbauld,1963-02-14,76,259,,,,,,,,,,,,"https://static.www.nfl.com/image/private/f_auto,q_auto/league/tracu9zdinrtbd8bkbya",,,,,,
1986,NO,DL,NT,0,ACT,Tony Elliott,Anthony,Elliott,1959-04-23,74,247,,,,,,,,,,,,"https://static.www.nfl.com/image/private/f_auto,q_auto/league/gysgtn8wdeyd1feakp3z",,,,,,
1986,NYJ,LB,LB,0,ACT,Lance Mehl,Lance,Mehl,1958-02-14,75,235,,,,,,,,,,,,"https://static.www.nfl.com/image/private/f_auto,q_auto/league/va2aui35g9imn9nqogbt",,,,,,
1986,PIT,OL,C,0,ACT,Mike Webster,Michael,Webster,1952-03-18,73,255,,,,,,,,,,,,"https://static.www.nfl.com/image/private/f_auto,q_auto/league/dug8igmlid9ute5fqpj9",,,,,,
1986,NYJ,OL,G,0,ACT,Dan Alexander,Daniel,Alexander,1955-06-17,76,260,,,,,,,,,,,,"https://static.www.nfl.com/image/private/f_auto,q_auto/league/sxnp09rqnagdaoaoejeu",,,,,,
1986,SF,DB,DB,27,ACT,Carlton Williamson,Carlton,Williamson,1958-06-12,72,204,,,,,,,,,,,,"https://static.www.nfl.com/image/private/f_auto,q_auto/league/rlqmg1nlp9ux9fw4umaq",,,,,,
1986,TB,DL,DT,0,ACT,Kevin Kellin,Kevin,Kellin,1959-11-16,78,260,,,,,,,,,,,,"https://static.www.nfl.com/image/private/f_auto,q_auto/league/n5w2lslgsealq11q23ek",,,,,,
1986,PIT,QB,QB,0,ACT,Mark Malone,Mark,Malone,1958-11-22,76,223,,,,,,,,,,,,"https://static.www.nfl.com/image/private/f_auto,q_auto/league/ey0kryydkdjgkhv1qnaq",,,,,,
1986,NYJ,OL,C,0,ACT,Joe Fields,Joseph,Fields,1953-11-14,74,250,,,,,,,,,,,,"https://static.www.nfl.com/image/private/f_auto,q_auto/league/o14fm4kupqriubvpdh0q",,,,,,
1986,SF,DL,DE,96,TRT,Dennis Harrison,Dennis,Harrison,1956-07-31,80,275,,,,,,,,,,,,"https://static.www.nfl.com/image/private/f_auto,q_auto/league/ymhxg8rxxoazf0fjpy5f",,,,,,
1986,SF,DL,DT,0,ACT,John Harty,John,Harty,1958-12-17,76,260,,,,,,,,,,,,"https://static.www.nfl.com/image/private/f_auto,q_auto/league/eqzgz5reuqvnelnssiq7",,,,,,
1986,SD,DB,DB,0,ACT,Jeffery Dale,Jeffery,Dale,1962-10-06,75,214,,,,,,,,,,,,"https://static.www.nfl.com/image/private/f_auto,q_auto/league/wigazscfhklm24nfusjj",,,,,,
1986,TB,LB,LB,52,ACT,Scot Brantley,Scot,Brantley,1958-02-24,73,230,,,,,,,,,,,,"https://static.www.nfl.com/image/private/f_auto,q_auto/league/icn2svzeywrw8nh6iamj",,,,,,
1986,PIT,DB,DB,0,ACT,Harvey Clayton,Harvey,Clayton,1961-04-04,69,170,,,,,,,,,,,,"https://static.www.nfl.com/image/private/f_auto,q_auto/league/zm68ikz2n6kcsed7hw7s",,,,,,
1986,WAS,RB,RB,0,ACT,George Rogers,George,Rogers,1958-12-08,74,220,,,,,,,,,,,,"https://static.www.nfl.com/image/private/f_auto,q_auto/league/z3rsy4cg7zwa8gnlk0e7",,,,,,
1986,SF,WR,WR,0,ACT,Ken Margerum,Kenneth,Margerum,1958-10-05,72,170,,,,,,,,,,,,"https://static.www.nfl.com/image/private/f_auto,q_auto/league/cmq81a4v73ky1abp7vdc",,,,,,
1986,NYJ,DB,DB,0,ACT,Russell Carter,Russell,Carter,1962-02-10,74,195,,,,,,,,,,,,"https://static.www.nfl.com/image/private/f_auto,q_auto/league/zxsntkttd9g2kcqeu6zs",,,,,,
1986,SD,DB,DB,0,ACT,John Sullivan,John,Sullivan,1961-11-15,73,197,,,,,,,,,,,,"https://static.www.nfl.com/image/private/f_auto,q_auto/league/xmeud3bol6p6i2kmrb9p",,,,,,
1986,PHI,LB,LB,0,ACT,Jody Schulz,Jody,Schulz,1960-08-17,75,235,,,,,,,,,,,,"https://static.www.nfl.com/image/private/f_auto,q_auto/league/xaubadnbfyzmaezykb6n",,,,,,
1986,STL,DB,DB,0,TRD,Bobby Johnson,Bobby,Johnson,1960-09-01,72,191,,,,,,,,,,,,"https://static.www.nfl.com/image/private/f_auto,q_auto/league/days2nshb3qjaaxhibt2",,,,,,
1986,NO,OL,G,0,ACT,Brad Edelman,Bradley,Edelman,1960-09-03,78,255,,,,,,,,,,,,"https://static.www.nfl.com/image/private/f_auto,q_auto/league/qxin2fqhtvumxlwbta4z",,,,,,
1986,TB,OL,OT,77,ACT,J.D. Maarleveld,John,Maarleveld,1961-10-24,78,300,,,,,,,,,,,,"https://static.www.nfl.com/image/private/f_auto,q_auto/league/r4ehczosoe4d005zhkdc",,,,,,
1986,TB,OL,G,68,ACT,Rick Mallory,Ricke,Mallory,1960-10-21,74,265,,,,,,,,,,,,"https://static.www.nfl.com/image/private/f_auto,q_auto/league/ftwow18s2wysfhnnm8ms",,,,,,
1986,TB,OL,OT,74,ACT,Marvin Powell,Marvin,Powell,1955-08-30,77,264,,,,,,,,,,,,"https://static.www.nfl.com/image/private/f_auto,q_auto/league/gbduli1cut1rn5prsxyd",,,,,,
1986,SD,DL,NT,0,ACT,Terry Unrein,Terrance,Unrein,1962-10-24,77,277,,,,,,,,,,,,"https://static.www.nfl.com/image/private/f_auto,q_auto/league/pierngjw2zkoq8rqsmgs",,,,,,
1986,PHI,OL,G,0,ACT,Nick Haden,Nicholas,Haden,1962-11-07,74,270,,,,,,,,,,,,"https://static.www.nfl.com/image/private/f_auto,q_auto/league/cmaffy3bshyi5qnfrfx5",,,,,,
1986,SD,WR,WR,0,ACT,Trumaine Johnson,Trumaine,Johnson,1960-11-16,73,196,,,,,,,,,,,,"https://static.www.nfl.com/image/private/f_auto,q_auto/league/o2twkcsxehbplwaq6d0y",,,,,,
1986,PHI,OL,C,0,ACT,Bob Landsee,Robert,Landsee,1964-03-21,76,270,,,,,,,,,,,,"https://static.www.nfl.com/image/private/f_auto,q_auto/league/vfyzh8auc8j96ss5b9tv",,,,,,
1986,SD,DL,DT,0,ACT,Blaise Winter,Blaise,Winter,1962-01-31,75,262,,,,,,,,,,,,"https://static.www.nfl.com/image/private/f_auto,q_auto/league/tbcslgocma670rlmfa3o",,,,,,
1986,NYG,OL,OT,60,ACT,Brad Benson,Bradley,Benson,1955-11-25,75,258,,,,,,,,,,,,"https://static.www.nfl.com/image/private/f_auto,q_auto/league/mshphphrj1tnkzxmg9tp",,,,,,
1986,SEA,DB,CB,0,ACT,Dave Brown,David,Brown,1953-01-16,73,190,,,,,,,,,,,,"https://static.www.nfl.com/image/private/f_auto,q_auto/league/yc4frxbcsmlhmk5lych7",,,,,,
1986,WAS,LB,LB,0,ACT,Joe Krakoski,Joseph,Krakoski,1962-11-11,73,224,,,,,,,,,,,,"https://static.www.nfl.com/image/private/f_auto,q_auto/league/fcx40hbvbz0ze0nbkdxh",,,,,,
1986,TB,RB,RB,0,ACT,Pat Franklin,Patrick,Franklin,1963-08-16,73,232,,,,,,,,,,,,"https://static.www.nfl.com/image/private/f_auto,q_auto/league/u8l6studkoocqkxr6l18",,,,,,
1986,RAI,DL,DE,0,TRD,Elvis Franks,Elvis,Franks,1957-07-09,76,252,,,,,,,,,,,,"https://static.www.nfl.com/image/private/f_auto,q_auto/league/o51oqf6lps8q7ogyalas",,,,,,
1986,TB,RB,RB,20,ACT,Ron Springs,Ronald,Springs,1956-11-04,72,213,,,,,,,,,,,,"https://static.www.nfl.com/image/private/f_auto,q_auto/league/vr3hkcgggerkqi56uz6s",,,,,,
1986,TB,RB,RB,32,ACT,James Wilder,James,Wilder,1958-05-12,75,225,,,,,,,,,,,,"https://static.www.nfl.com/image/private/f_auto,q_auto/league/afnn71ljk6s12c7eu0dp",,,,,,
1986,SF,OL,C,56,ACT,Fred Quillan,Frederick,Quillan,1956-01-27,77,240,,,,,,,,,,,,"https://static.www.nfl.com/image/private/f_auto,q_auto/league/sptbot43srrlro1gssxx",,,,,,
1986,TB,DB,DB,23,ACT,Jeremiah Castille,Jeremiah,Castille,1961-01-15,70,180,,,,,,,,,,,,"https://static.www.nfl.com/image/private/f_auto,q_auto/league/mmdwouyuts5nnsu29bso",,,,,,
1986,STL,LB,LB,0,ACT,Ron Monaco,Ronnie,Monaco,1963-05-03,73,225,,,,,,,,,,,,"https://static.www.nfl.com/image/private/f_auto,q_auto/league/rdrobawowj8bm92zti73",,,,,,
1986,NYJ,LB,OLB,0,ACT,Bob Crable,Robert,Crable,1959-09-22,75,228,,,,,,,,,,,,"https://static.www.nfl.com/image/private/f_auto,q_auto/league/alg9mx8tud0lqi7mds9n",,,,,,
1986,TB,TE,TE,0,ACT,K.D. Dunn,Keldrick,Dunn,1963-04-28,75,227,,,,,,,,,,,,"https://static.www.nfl.com/image/private/f_auto,q_auto/league/l26b2zq2jcu7rjbozmm3",,,,,,
1986,NO,WR,WR,0,ACT,Eugene Goodlow,Eugene,Goodlow,1958-12-19,74,185,,,,,,,,,,,,"https://static.www.nfl.com/image/private/f_auto,q_auto/league/gqkcimrlqccf515muzcd",,,,,,
1986,NO,WR,WR,0,ACT,Herbert Harris,Herbert,Harris,1961-05-04,73,195,,,,,,,,,,,,"https://static.www.nfl.com/image/private/f_auto,q_auto/league/infanjh9vditeafh8m6o",,,,,,
1986,SD,OL,G,0,ACT,Curt DiGiacomo,Curt,DiGiacomo,1963-10-24,76,266,,,,,,,,,,,,"https://static.www.nfl.com/image/private/f_auto,q_auto/league/sbbp81wngjltl6ycbthi",,,,,,
1986,SF,RB,RB,0,TRT,Dana McLemore,Dana,McLemore,1960-07-01,70,183,,,,,,,,,,,,"https://static.www.nfl.com/image/private/f_auto,q_auto/league/qqo8bmobqyqgtxxkbqkw",,,,,,
1986,PHI,DL,DT,0,ACT,Byron Darby,Byron,Darby,1960-06-04,76,250,,,,,,,,,,,,"https://static.www.nfl.com/image/private/f_auto,q_auto/league/vb2ra9cqqgjoyhe5vter",,,,,,
1986,NYG,DB,DB,0,ACT,Tom Flynn,Thomas,Flynn,1962-03-24,72,195,,,,,,,,,,,,"https://static.www.nfl.com/image/private/f_auto,q_auto/league/g4gc1fcbh0zpnvgkxvcr",,,,,,
1986,SD,OL,G,0,ACT,Jim Leonard,James,Leonard,1957-10-19,75,258,,,,,,,,,,,,"https://static.www.nfl.com/image/private/f_auto,q_auto/league/yqdym0rhnjfniwhdqjtt",,,,,,
1986,SD,OL,C,0,ACT,Don Macek,Donald,Macek,1954-07-21,75,253,,,,,,,,,,,,"https://static.www.nfl.com/image/private/f_auto,q_auto/league/pmsjfghtsem0ybjmvdod",,,,,,
1986,NYG,DB,DB,46,ACT,Greg Lasker,Gregory,Lasker,1964-09-28,72,200,,,,,,,,,,,,"https://static.www.nfl.com/image/private/f_auto,q_auto/league/co2oliguxpeckfnbiiuy",,,,,,
1986,SEA,LB,LB,0,ACT,Fredd Young,Frederick,Young,1961-11-14,73,220,,,,,,,,,,,,"https://static.www.nfl.com/image/private/f_auto,q_auto/league/wngfqiudgxfpoxaqtgfy",,,,,,
1986,SD,QB,QB,0,ACT,Tom Flick,Thomas,Flick,1958-08-30,74,185,,,,,,,,,,,,"https://static.www.nfl.com/image/private/f_auto,q_auto/league/hf9sir6osopx21hr4e9m",,,,,,
1986,NYG,WR,WR,0,ACT,Phil McConkey,Philip,McConkey,1957-02-24,70,170,,,,,,,,,,,,"https://static.www.nfl.com/image/private/f_auto,q_auto/league/ha7ib4vdf1qtsdyvkpk9",,,,,,
1986,TB,DL,NT,71,ACT,Bob Nelson,Robert,Nelson,1959-03-03,76,260,,,,,,,,,,,,"https://static.www.nfl.com/image/private/f_auto,q_auto/league/n9qoazf0koj9qpbersur",,,,,,
1986,STL,QB,QB,0,ACT,Neil Lomax,Neil,Lomax,1959-02-17,75,215,,,,,,,,,,,,"https://static.www.nfl.com/image/private/f_auto,q_auto/league/hicme3xr4rub1jc6ixsr",,,,,,
1986,SEA,OL,C,0,ACT,Will Grant,Wilfred,Grant,1954-03-07,75,248,,,,,,,,,,,,"https://static.www.nfl.com/image/private/f_auto,q_auto/league/yih3kckwcwbygy3ijvwg",,,,,,
1986,WAS,DB,DB,0,ACT,Curtis Jordan,Curtis,Jordan,1954-01-25,74,200,,,,,,,,,,,,"https://static.www.nfl.com/image/private/f_auto,q_auto/league/vydzo5rlogpkm4yd50cz",,,,,,
1986,SD,RB,RB,0,ACT,Lionel James,Lionel,James,1962-05-25,66,171,,,,,,,,,,,,"https://static.www.nfl.com/image/private/f_auto,q_auto/league/w2kxtok6rlyjzrytiqga",,,,,,
1986,SF,LB,LB,57,ACT,Tom Cousineau,Thomas,Cousineau,1957-05-06,75,225,,,,,,,,,,,,"https://static.www.nfl.com/image/private/f_auto,q_auto/league/dqijqjbgktjpexwz5evf",,,,,,
1986,PIT,DB,DB,0,ACT,Eric Williams,Eric,Williams,1960-02-21,73,183,,,,,,,,,,,,"https://static.www.nfl.com/image/private/f_auto,q_auto/league/yz7fsrbuhumjehpaacjb",,,,,,
1986,WAS,TE,TE,0,ACT,Anthony Jones,Anthony,Jones,1960-05-16,75,248,,,,,,,,,,,,"https://static.www.nfl.com/image/private/f_auto,q_auto/league/zekkothcamncoozinxbp",,,,,,
1986,SF,LB,LB,54,ACT,Ron Ferrari,Ronald,Ferrari,1959-07-30,72,212,,,,,,,,,,,,"https://static.www.nfl.com/image/private/f_auto,q_auto/league/i09l5lajzdbmab3dqnn8",,,,,,
1986,PHI,OL,C,0,ACT,Matt Darwin,Matthew,Darwin,1963-03-11,76,260,,,,,,,,,,,,"https://static.www.nfl.com/image/private/f_auto,q_auto/league/h3t73upncytorlc2txmj",,,,,,
1986,RAI,RB,RB,0,ACT,Derrick Jensen,Derrick,Jensen,1956-04-27,73,221,,,,,,,,,,,,"https://static.www.nfl.com/image/private/f_auto,q_auto/league/philxveag0opseezb4nc",,,,,,
1986,PHI,OL,OT,0,ACT,Jim Gilmore,James,Gilmore,1962-12-19,77,262,,,,,,,,,,,,"https://static.www.nfl.com/image/private/f_auto,q_auto/league/h00ootgm041zvq7rr12g",,,,,,
1986,TB,OL,OT,0,ACT,Greg Robinson,Gregory,Robinson,1962-12-25,77,284,,,,,,,,,,,,"https://static.www.nfl.com/image/private/f_auto,q_auto/league/xr6shunio9kikotck6fd",,,,,,
1986,SEA,RB,RB,0,ACT,Eric Lane,Eric,Lane,1959-01-06,72,195,,,,,,,,,,,,"https://static.www.nfl.com/image/private/f_auto,q_auto/league/sec35yn1ave7gnarxnpj",,,,,,
1986,NYJ,DL,DE,0,ACT,Barry Bennett,Barry,Bennett,1955-12-10,76,257,,,,,,,,,,,,"https://static.www.nfl.com/image/private/f_auto,q_auto/league/bi0r7ofp1erbjhx6sxjx",,,,,,
1986,STL,DL,NT,0,ACT,Mark Duda,Mark,Duda,1961-02-04,75,263,,,,,,,,,,,,"https://static.www.nfl.com/image/private/f_auto,q_auto/league/k4boond6cuch7mv75p3v",,,,,,
1986,STL,WR,WR,0,ACT,Chas Fox,Charles,Fox,1963-10-03,71,180,,,,,,,,,,,,"https://static.www.nfl.com/image/private/f_auto,q_auto/league/jpshgzrqlsirmpfnvgiq",,,,,,
1986,SEA,SPEC,P,0,ACT,Vince Gamache,Vincent,Gamache,1961-11-18,71,174,,,,,,,,,,,,"https://static.www.nfl.com/image/private/f_auto,q_auto/league/xvb1wsjfiep4oi5wrzxl",,,,,,
1986,TB,RB,RB,0,ACT,Greg Allen,Gregory,Allen,1963-06-04,71,200,,,,,,,,,,,,"https://static.www.nfl.com/image/private/f_auto,q_auto/league/fldrhifyz7p3ve36drzi",,,,,,
1986,NYG,OL,C,59,ACT,Brian Johnston,Joseph,Johnston,1962-11-26,75,275,,,,,,,,,,,,"https://static.www.nfl.com/image/private/f_auto,q_auto/league/mrb48mnq5e6lss9fqxih",,,,,,
1986,SEA,DB,DB,0,ACT,Gregg Johnson,Greggory,Johnson,1958-10-20,73,188,,,,,,,,,,,,"https://static.www.nfl.com/image/private/f_auto,q_auto/league/yd8xkand7uxortvdhafu",,,,,,
1986,PHI,QB,QB,0,ACT,Kyle Mackey,Kyle,Mackey,1962-03-02,75,220,,,,,,,,,,,,"https://static.www.nfl.com/image/private/f_auto,q_auto/league/fxqckdmlnhhnjnlymmwo",,,,,,
1986,RAI,WR,WR,0,ACT,Dokie Williams,Darryl,Williams,1960-08-25,71,180,,,,,,,,,,,,"https://static.www.nfl.com/image/private/f_auto,q_auto/league/zd5ryslofca9fhhhubiu",,,,,,
1986,PIT,OL,OT,0,ACT,Mark Behning,Mark,Behning,1961-09-26,78,290,,,,,,,,,,,,"https://static.www.nfl.com/image/private/f_auto,q_auto/league/samwpdopbu0rgqygwmrw",,,,,,
1986,STL,WR,WR,0,ACT,Eric Swanson,Eric,Swanson,1963-08-25,71,186,,,,,,,,,,,,"https://static.www.nfl.com/image/private/f_auto,q_auto/league/o4furg1zqv06mixyyeys",,,,,,
1986,STL,WR,WR,0,ACT,Pat Tilley,Patrick,Tilley,1953-02-15,70,178,,,,,,,,,,,,"https://static.www.nfl.com/image/private/f_auto,q_auto/league/ykkbelxkambo4i1ekbbn",,,,,,
1986,PIT,RB,RB,0,ACT,Earnest Jackson,Earnest,Jackson,1959-12-18,69,208,,,,,,,,,,,,"https://static.www.nfl.com/image/private/f_auto,q_auto/league/khkwbowglxejdt9zhrr1",,,,,,
1986,SEA,WR,WR,0,ACT,Daryl Turner,Daryl,Turner,1961-12-15,75,198,,,,,,,,,,,,"https://static.www.nfl.com/image/private/f_auto,q_auto/league/phkjufelcynyqjmhllmb",,,,,,
1986,WAS,OL,OT,0,ACT,Dan McQuaid,Daniel,McQuaid,1960-10-04,79,278,,,,,,,,,,,,"https://static.www.nfl.com/image/private/f_auto,q_auto/league/y2zyh9pdgapquyeudfrm",,,,,,
1986,SEA,DL,NT,0,ACT,Reggie Kinlaw,Reginald,Kinlaw,1957-01-09,74,245,,,,,,,,,,,,"https://static.www.nfl.com/image/private/f_auto,q_auto/league/xlr6nppk3k2pexlsrrm3",,,,,,
1986,WAS,OL,G,0,ACT,Ron Tilton,Ronald,Tilton,1963-08-09,76,250,,,,,,,,,,,,"https://static.www.nfl.com/image/private/f_auto,q_auto/league/jkkyyramxdjaspddbeym",,,,,,
1986,PHI,DL,DE,0,ACT,Greg Brown,Gregory,Brown,1957-01-05,77,235,,,,,,,,,,,,"https://static.www.nfl.com/image/private/f_auto,q_auto/league/b4ihhkdg06l0j2hbfaff",,,,,,
1986,RAM,DL,DT,0,ACT,Reggie Doss,Reginald,Doss,1956-12-07,76,256,,,,,,,,,,,,"https://static.www.nfl.com/image/private/f_auto,q_auto/league/svvp7ixgbecrpmwm1phr",,,,,,
1986,WAS,RB,RB,0,ACT,Rick Badanjek,Richard,Badanjek,1962-03-25,68,217,,,,,,,,,,,,"https://static.www.nfl.com/image/private/f_auto,q_auto/league/wrb3khgk4si6dhegkwo2",,,,,,
1986,SEA,LB,LB,0,ACT,John Kaiser,John,Kaiser,1962-06-06,75,221,,,,,,,,,,,,"https://static.www.nfl.com/image/private/f_auto,q_auto/league/q7iftqko79etcrj2ndzn",,,,,,
1986,WAS,RB,RB,0,ACT,Kelvin Bryant,Kelvin,Bryant,1960-09-26,74,195,,,,,,,,,,,,"https://static.www.nfl.com/image/private/f_auto,q_auto/league/ownq9qhw9fzzvnusqcgj",,,,,,
1986,PHI,WR,WR,0,ACT,Ron Johnson,Ronald,Johnson,1958-09-21,75,190,,,,,,,,,,,,"https://static.www.nfl.com/image/private/f_auto,q_auto/league/vrarp6dsnagw5qydsvii",,,,,,
1986,TB,DL,NT,67,TRC,Karl Morgan,Michael,Morgan,1961-02-23,73,255,,,,,,,,,,,,"https://static.www.nfl.com/image/private/f_auto,q_auto/league/yv1t2cqux3pyg2etzjlc",,,,,,
1986,WAS,RB,RB,0,ACT,Ken Jenkins,Kenneth,Jenkins,1959-05-08,68,183,,,,,,,,,,,,"https://static.www.nfl.com/image/private/f_auto,q_auto/league/qjqrj8nwpmf60blpkptj",,,,,,
1986,WAS,DL,DE,0,ACT,Steve Hamilton,Steven,Hamilton,1961-09-28,76,253,,,,,,,,,,,,"https://static.www.nfl.com/image/private/f_auto,q_auto/league/xypynmbptlkjhtxfihvi",,,,,,
1986,RAI,DB,DB,0,ACT,James Davis,James,Davis,1957-06-12,72,205,,,,,,,,,,,,"https://static.www.nfl.com/image/private/f_auto,q_auto/league/hp7tvcpubhqs1khoire3",,,,,,
1986,PHI,OL,OT,0,ACT,Tom Jelesky,Thomas,Jelesky,1960-10-04,78,275,,,,,,,,,,,,"https://static.www.nfl.com/image/private/f_auto,q_auto/league/avv6w1a7eguwlxtn1run",,,,,,
1986,SEA,OL,G,0,ACT,Jon Borchardt,Jon,Borchardt,1957-08-13,77,255,,,,,,,,,,,,"https://static.www.nfl.com/image/private/f_auto,q_auto/league/vmmvjos1rstt6in22z1i",,,,,,
1986,RAM,LB,LB,0,ACT,Jim Laughlin,James,Laughlin,1958-07-05,72,212,,,,,,,,,,,,"https://static.www.nfl.com/image/private/f_auto,q_auto/league/ep6ycdyd86udex2jxd5t",,,,,,
1986,WAS,SPEC,K,0,ACT,Max Zendejas,Maximiano,Zendejas,1963-09-02,71,184,,,,,,,,,,,,"https://static.www.nfl.com/image/private/f_auto,q_auto/league/hgteztogcg3du5cb5s6p",,,,,,
1986,SF,WR,WR,85,ACT,Mike Wilson,Michael,Wilson,1958-12-19,75,210,,,,,,,,,,,,"https://static.www.nfl.com/image/private/f_auto,q_auto/league/ex5j6z4wwcl9qs2bpb0r",,,,,,
1986,RAI,QB,QB,0,ACT,Jim Plunkett,James,Plunkett,1947-12-05,75,220,,,,,,,,,,,,"https://static.www.nfl.com/image/private/f_auto,q_auto/league/gnumm8kvsrqnvcs9ql6u",,,,,,
1986,SF,LB,LB,0,ACT,Riki Ellison,Riki,Ellison,1960-08-15,74,220,,,,,,,,,,,,"https://static.www.nfl.com/image/private/f_auto,q_auto/league/bnjhurgbrszu8rtekbyc",,,,,,
1986,STL,SPEC,P,0,ACT,Evan Arapostathis,Evan,Arapostathis,1963-10-30,69,160,,,,,,,,,,,,"https://static.www.nfl.com/image/private/f_auto,q_auto/league/nqisrmajry0efoaufhte",,,,,,
1986,STL,SPEC,K,0,ACT,John Lee,Min,Lee,1964-05-19,71,182,,,,,,,,,,,,"https://static.www.nfl.com/image/private/f_auto,q_auto/league/wejiwinrcntijdbbb93c",,,,,,
1986,STL,LB,OLB,0,ACT,Charles Baker,Charles,Baker,1957-09-26,74,217,,,,,,,,,,,,"https://static.www.nfl.com/image/private/f_auto,q_auto/league/fcwioz8vbuetynx896pq",,,,,,
1986,STL,TE,TE,0,TRC,Greg LaFleur,Gregory,LaFleur,1958-09-16,76,236,,,,,,,,,,,,"https://static.www.nfl.com/image/private/f_auto,q_auto/league/eqejnhk2jztwr8f1yup8",,,,,,
1986,PIT,RB,RB,0,ACT,David Hughes,David,Hughes,1959-06-01,72,220,,,,,,,,,,,,"https://static.www.nfl.com/image/private/f_auto,q_auto/league/qtwrqk9oswiiuh1u68tk",,,,,,
1986,PHI,LB,OLB,0,ACT,Garry Cobb,Garry,Cobb,1957-03-16,74,227,,,,,,,,,,,,"https://static.www.nfl.com/image/private/f_auto,q_auto/league/indv09nrbnxdmguenm1b",,,,,,
1986,PIT,OL,OT,0,ACT,Ray Pinney,Raymond,Pinney,1954-06-29,76,240,,,,,,,,,,,,"https://static.www.nfl.com/image/private/f_auto,q_auto/league/kvqwmc9nojyvptaic9uh",,,,,,
1986,SEA,RB,RB,0,ACT,Curt Warner,Curtis,Warner,1961-03-18,71,205,,,,,,,,,,,,"https://static.www.nfl.com/image/private/f_auto,q_auto/league/ixigsctdlqxfp14edflm",,,,,,
1986,RAI,SPEC,P,0,ACT,Ray Guy,William,Guy,1949-12-22,75,195,,,,,,,,,,,,"https://static.www.nfl.com/image/private/f_auto,q_auto/league/ho8elpqtloeudnzwlhdl",,,,,,
1986,RAI,DB,DB,0,ACT,Odis McKinney,Odis,McKinney,1957-05-19,74,187,,,,,,,,,,,,"https://static.www.nfl.com/image/private/f_auto,q_auto/league/p7eos0putwsj4ti10p0a",,,,,,
1986,WAS,LB,LB,0,ACT,Mel Kaufman,Melvin,Kaufman,1958-02-24,74,214,,,,,,,,,,,,"https://static.www.nfl.com/image/private/f_auto,q_auto/league/vyxsbi4zitmwwxjj7myb",,,,,,
1986,NYJ,DL,DE,0,ACT,Marty Lyons,Martin,Lyons,1957-01-05,77,269,,,,,,,,,,,,"https://static.www.nfl.com/image/private/f_auto,q_auto/league/hprxq5lkptsmwc9gvree",,,,,,
1986,RAM,RB,RB,0,ACT,Mike Guman,Michael,Guman,1958-04-21,74,210,,,,,,,,,,,,"https://static.www.nfl.com/image/private/f_auto,q_auto/league/ila865odwfkcjcphawdu",,,,,,
1986,PHI,QB,QB,0,ACT,Ron Jaworski,Ronald,Jaworski,1951-03-23,74,196,,,,,,,,,,,,"https://static.www.nfl.com/image/private/f_auto,q_auto/league/aamsifwf5pezavdmdtcr",,,,,,
1986,SEA,WR,WR,0,ACT,Ray Butler,Raymond,Butler,1956-06-28,75,200,,,,,,,,,,,,"https://static.www.nfl.com/image/private/f_auto,q_auto/league/wzze65dbj1wp2w7c750h",,,,,,
1986,TB,DL,NT,76,ACT,David Logan,David,Logan,1956-10-25,74,250,,,,,,,,,,,,"https://static.www.nfl.com/image/private/f_auto,q_auto/league/poj5yyd3pntfiuel2jpb",,,,,,
1986,WAS,LB,LB,0,ACT,Neal Olkewicz,Neal,Olkewicz,1957-01-30,72,218,,,,,,,,,,,,"https://static.www.nfl.com/image/private/f_auto,q_auto/league/fsj1icdu1g3paonphq2m",,,,,,
1986,STL,DB,DB,0,ACT,Wayne Smith,Wayne,Smith,1957-05-09,72,175,,,,,,,,,,,,"https://static.www.nfl.com/image/private/f_auto,q_auto/league/npiq2liipmirrhrvtwgi",,,,,,
1986,STL,QB,QB,0,ACT,Kent Austin,Richard,Austin,1963-06-25,73,195,,,,,,,,,,,,"https://static.www.nfl.com/image/private/f_auto,q_auto/league/vjy37txtjrrhn6h9cnwm",,,,,,
1986,RAI,RB,RB,0,ACT,Vance Mueller,Vance,Mueller,1964-05-05,72,210,,,,,,,,,,,,"https://static.www.nfl.com/image/private/f_auto,q_auto/league/ha3epaupphmnyckixcef",,,,,,
1986,SEA,WR,WR,0,ACT,Byron Walker,Byron,Walker,1960-07-28,76,190,,,,,,,,,,,,"https://static.www.nfl.com/image/private/f_auto,q_auto/league/r13d9t4u5sjrfmxycw5w",,,,,,
1986,SF,DB,DB,46,ACT,Tom Holmoe,Thomas,Holmoe,1960-03-07,74,180,,,,,,,,,,,,"https://static.www.nfl.com/image/private/f_auto,q_auto/league/kcijj4s0kcfhf7nk6ldq",,,,,,
1986,RAM,TE,TE,0,ACT,Norwood Vann,Norwood,Vann,1962-02-18,73,225,,,,,,,,,,,,"https://static.www.nfl.com/image/private/f_auto,q_auto/league/x2lvjkc3d9cjc47dpftz",,,,,,
1986,TB,TE,TE,86,ACT,Calvin Magee,Calvin,Magee,1963-04-23,75,235,,,,,,,,,,,,"https://static.www.nfl.com/image/private/f_auto,q_auto/league/gik9qxiyuvm2htkh8uuc",,,,,,
1986,TB,DL,DE,78,ACT,John Cannon,John,Cannon,1960-07-30,77,250,,,,,,,,,,,,"https://static.www.nfl.com/image/private/f_auto,q_auto/league/xjvtwdv9z0fqa1diceqy",,,,,,
1986,SF,DB,DB,20,ACT,Tory Nixon,Torran,Nixon,1962-02-24,71,186,,,,,,,,,,,,"https://static.www.nfl.com/image/private/f_auto,q_auto/league/iqdvytsnzbyzsfcie87l",,,,,,
1986,RAM,WR,WR,0,ACT,Kevin House,Kevin,House,1957-12-20,73,175,,,,,,,,,,,,"https://static.www.nfl.com/image/private/f_auto,q_auto/league/ytqmyq3n1nlhglmn9rlw",,,,,,
1986,SF,RB,RB,0,ACT,Bill Ring,William,Ring,1956-12-13,70,208,,,,,,,,,,,,"https://static.www.nfl.com/image/private/f_auto,q_auto/league/c7kn1jj6lpu6tbrpcqwq",,,,,,
1986,SD,DB,DB,0,ACT,Kevin Wyatt,Kevin,Wyatt,1964-03-14,70,190,,,,,,,,,,,,"https://static.www.nfl.com/image/private/f_auto,q_auto/league/rwqznhu2i9alaa47b24r",,,,,,
1986,SF,SPEC,P,4,ACT,Max Runager,Max,Runager,1956-03-24,73,189,,,,,,,,,,,,"https://static.www.nfl.com/image/private/f_auto,q_auto/league/dcwffqpvrylp9q9yabjo",,,,,,
1986,WAS,RB,RB,0,ACT,Dwight Garner,Dwight,Garner,1964-10-25,68,183,,,,,,,,,,,,"https://static.www.nfl.com/image/private/f_auto,q_auto/league/odsartebv4glhe55prbv",,,,,,
1986,TB,DL,DE,0,ACT,Tyrone Keys,Tyrone,Keys,1959-10-24,79,260,,,,,,,,,,,,"https://static.www.nfl.com/image/private/f_auto,q_auto/league/ehz5oygmi633kr39gg7e",,,,,,
1986,SF,DL,NT,95,ACT,Michael Carter,Michael,Carter,1960-10-29,74,281,,,,,,,,,,,,"https://static.www.nfl.com/image/private/f_auto,q_auto/league/baxz7o3zqbx5gx1d6kux",,,,,,
1986,TB,WR,WR,89,TRD,Kevin House,Kevin,House,1957-12-20,73,175,,,,,,,,,,,,"https://static.www.nfl.com/image/private/f_auto,q_auto/league/ytqmyq3n1nlhglmn9rlw",,,,,,
1986,WAS,LB,LB,0,ACT,Shawn Burks,Shawn,Burks,1963-02-10,73,230,,,,,,,,,,,,"https://static.www.nfl.com/image/private/f_auto,q_auto/league/o23avd9tanhiprzrvs8i",,,,,,
1986,PIT,LB,LB,0,ACT,Robin Cole,Robin,Cole,1955-09-11,74,220,,,,,,,,,,,,"https://static.www.nfl.com/image/private/f_auto,q_auto/league/xyazrxs5lh2xjqrwavfq",,,,,,
1986,PIT,DB,DB,0,ACT,Chris Sheffield,Christopher,Sheffield,1963-01-09,73,185,,,,,,,,,,,,"https://static.www.nfl.com/image/private/f_auto,q_auto/league/cjykwqvvomaigvdl9zh7",,,,,,
1986,SEA,OL,C,0,ACT,Glenn Hyde,Glenn,Hyde,1951-03-14,75,250,,,,,,,,,,,,"https://static.www.nfl.com/image/private/f_auto,q_auto/league/ektyj6fzsyyqbbvdw595",,,,,,
1986,TB,LB,OLB,51,ACT,Chris Washington,Christopher,Washington,1962-03-06,76,220,,,,,,,,,,,,"https://static.www.nfl.com/image/private/f_auto,q_auto/league/qtzshjnjdiubry6hba9r",,,,,,
1986,WAS,LB,OLB,0,ACT,Rich Milot,Richard,Milot,1957-05-28,76,220,,,,,,,,,,,,"https://static.www.nfl.com/image/private/f_auto,q_auto/league/iugjaruggxvx1zxdatgz",,,,,,
1986,SEA,TE,TE,0,ACT,Gordon Hudson,Gordon,Hudson,1962-06-22,76,241,,,,,,,,,,,,"https://static.www.nfl.com/image/private/f_auto,q_auto/league/l8paa0fptxlydi4oclic",,,,,,
1986,TB,RB,RB,0,ACT,Bobby Howard,Bobby,Howard,1964-06-01,72,210,,,,,,,,,,,,"https://static.www.nfl.com/image/private/f_auto,q_auto/league/kk2aaogzapukdkbevuek",,,,,,
1986,TB,WR,WR,0,ACT,Vince Heflin,Vincent,Heflin,1959-07-07,72,185,,,,,,,,,,,,"https://static.www.nfl.com/image/private/f_auto,q_auto/league/x2mtwrz0clw4irwm9vd5",,,,,,
1986,RAI,LB,OLB,0,ACT,Jerry Robinson,Jerry,Robinson,1956-12-18,74,218,,,,,,,,,,,,"https://static.www.nfl.com/image/private/f_auto,q_auto/league/samlivayga2xdqulvxd3",,,,,,
1986,PHI,DB,DB,0,ACT,Brenard Wilson,Brenard,Wilson,1955-08-15,72,175,,,,,,,,,,,,"https://static.www.nfl.com/image/private/f_auto,q_auto/league/hce21857wrelh3i2nftd",,,,,,
1986,PHI,OL,G,0,ACT,Ken Reeves,Kenneth,Reeves,1961-10-04,77,270,,,,,,,,,,,,"https://static.www.nfl.com/image/private/f_auto,q_auto/league/ursyjubavjadqfeorjx9",,,,,,
1986,STL,WR,WR,0,ACT,Scott Holman,Scott,Holman,1962-09-27,74,195,,,,,,,,,,,,"https://static.www.nfl.com/image/private/f_auto,q_auto/league/tsbaecbgzlxvcgph3gfk",,,,,,
1986,TB,DB,DB,36,ACT,Bobby Futrell,Bobby,Futrell,1962-08-04,71,190,,,,,,,,,,,,"https://static.www.nfl.com/image/private/f_auto,q_auto/league/uispncfpxl2yv2tgckoh",,,,,,
1986,TB,DB,DB,0,ACT,Kevin Walker,Kevin,Walker,1963-10-20,71,180,,,,,,,,,,,,"https://static.www.nfl.com/image/private/f_auto,q_auto/league/nmggk0zrl0oq540f1e1f",,,,,,
1986,SF,RB,RB,32,ACT,Carl Monroe,Carl,Monroe,1960-02-20,68,166,,,,,,,,,,,,"https://static.www.nfl.com/image/private/f_auto,q_auto/league/vkd8i4yrx9l0si81ufu2",,,,,,
1986,PHI,WR,WR,0,ACT,Gregg Garrity,Gregg,Garrity,1960-11-24,70,171,,,,,,,,,,,,"https://static.www.nfl.com/image/private/f_auto,q_auto/league/i0shlm17zhyucjdgu5id",,,,,,
1986,STL,DL,DE,0,ACT,Gary Dulin,Gary,Dulin,1957-01-20,76,275,,,,,,,,,,,,"https://static.www.nfl.com/image/private/f_auto,q_auto/league/mzuk9dwmbffkghlfjj8v",,,,,,
1986,RAI,WR,WR,0,ACT,Tim Moffett,Timothy,Moffett,1962-02-08,74,180,,,,,,,,,,,,"https://static.www.nfl.com/image/private/f_auto,q_auto/league/sm6sgeme6tlqjsnatfgu",,,,,,
1986,PIT,LB,LB,0,ACT,Gregg Carr,Gregg,Carr,1962-03-31,74,219,,,,,,,,,,,,"https://static.www.nfl.com/image/private/f_auto,q_auto/league/ermt0rkzfj407tjhkrkf",,,,,,
1986,PHI,DB,DB,0,ACT,Roynell Young,Roynell,Young,1957-12-01,73,181,,,,,,,,,,,,"https://static.www.nfl.com/image/private/f_auto,q_auto/league/hvktkgzkeehawtdrpiqk",,,,,,
1986,SF,LB,LB,55,ACT,Jim Fahnhorst,James,Fahnhorst,1958-11-08,76,230,,,,,,,,,,,,"https://static.www.nfl.com/image/private/f_auto,q_auto/league/rkrokv6fas66t8b3zvzl",,,,,,
1986,SF,RB,RB,24,ACT,Derrick Harmon,Derrick,Harmon,1963-04-26,70,202,,,,,,,,,,,,"https://static.www.nfl.com/image/private/f_auto,q_auto/league/xmpohbszzi9qh0fpp1ht",,,,,,
1986,WAS,DB,DB,0,ACT,Tim Morrison,Timothy,Morrison,1963-04-03,73,195,,,,,,,,,,,,"https://static.www.nfl.com/image/private/f_auto,q_auto/league/cuocrt6vshl55vnog4xg",,,,,,
1986,WAS,LB,OLB,0,ACT,Calvin Daniels,Calvin,Daniels,1958-12-26,75,236,,,,,,,,,,,,"https://static.www.nfl.com/image/private/f_auto,q_auto/league/y7d7szheolm06nrqhghu",,,,,,
1986,STL,DL,DE,0,ACT,Bob Clasby,Robert,Clasby,1960-09-28,77,260,,,,,,,,,,,,"https://static.www.nfl.com/image/private/f_auto,q_auto/league/nhttov5aizljhqx99hen",,,,,,
1986,WAS,LB,LB,0,ACT,Jeff Paine,Jeffrey,Paine,1961-08-19,74,224,,,,,,,,,,,,"https://static.www.nfl.com/image/private/f_auto,q_auto/league/fmzxbhrflqsjdk76rxg2",,,,,,
1986,WAS,SPEC,K,0,TRC,Mark Moseley,Mark,Moseley,1948-03-12,71,202,,,,,,,,,,,,"https://static.www.nfl.com/image/private/f_auto,q_auto/league/e0nazvgxlhpugswjaxjf",,,,,,
1986,TB,TE,TE,0,ACT,Jeff Spek,Jeffrey,Spek,1960-10-01,75,238,,,,,,,,,,,,"https://static.www.nfl.com/image/private/f_auto,q_auto/league/lae0npsoec2inuoshh1j",,,,,,
1986,SEA,LB,OLB,0,ACT,Greg Gaines,Gregory,Gaines,1958-10-16,75,202,,,,,,,,,,,,"https://static.www.nfl.com/image/private/f_auto,q_auto/league/s8qpssedprajbttcjg2c",,,,,,
1986,RAM,TE,TE,0,ACT,Darren Long,Darren,Long,1959-07-12,75,240,,,,,,,,,,,,"https://static.www.nfl.com/image/private/f_auto,q_auto/league/nwktm7sovq8qs6p7dzbn",,,,,,
1986,WAS,QB,QB,0,ACT,Doug Williams,Douglas,Williams,1955-08-09,76,220,,,,,,,,,,,,"https://static.www.nfl.com/image/private/f_auto,q_auto/league/bfbjfeajryl0w71u5rwk",,,,,,
1986,RAI,TE,TE,0,ACT,Todd Christensen,Todd,Christensen,1956-08-03,75,225,,,,,,,,,,,,"https://static.www.nfl.com/image/private/f_auto,q_auto/league/ab7yhfyi0nbqfby476hm",,,,,,
1986,STL,DL,DE,0,ACT,Al Baker,James,Baker,1956-12-09,78,260,,,,,,,,,,,,"https://static.www.nfl.com/image/private/f_auto,q_auto/league/i0zkqgm5fbl8bxywu4gg",,,,,,
1986,WAS,SPEC,P,0,ACT,Steve Cox,Stephen,Cox,1958-05-11,76,195,,,,,,,,,,,,"https://static.www.nfl.com/image/private/f_auto,q_auto/league/srar2tgv7vh0brzln91b",,,,,,
1986,SD,OL,G,0,ACT,Sam Claphan,Samuel,Claphan,1956-10-10,78,267,,,,,,,,,,,,"https://static.www.nfl.com/image/private/f_auto,q_auto/league/e9otfsmhxollmhveqcxh",,,,,,
1986,SF,RB,RB,28,ACT,Joe Cribbs,Joe,Cribbs,1958-01-05,71,190,,,,,,,,,,,,"https://static.www.nfl.com/image/private/f_auto,q_auto/league/fqgkdlewofifm2sabike",,,,,,
1986,RAI,RB,RB,0,ACT,Steve Strachan,Stephen,Strachan,1963-03-22,73,215,,,,,,,,,,,,"https://static.www.nfl.com/image/private/f_auto,q_auto/league/zdzgnkadoto80vpq4kgo",,,,,,
1986,STL,TE,TE,0,ACT,Robert Stallings,Robert,Stallings,1964-01-23,78,250,,,,,,,,,,,,"https://static.www.nfl.com/image/private/f_auto,q_auto/league/r9jlutferp3c7srne3bn",,,,,,
1986,STL,RB,RB,0,ACT,Broderick Sargent,Broderick,Sargent,1962-09-16,70,215,,,,,,,,,,,,"https://static.www.nfl.com/image/private/f_auto,q_auto/league/u05xm3rsm3xkjyqr648m",,,,,,
1986,SEA,RB,RB,0,ACT,Randall Morris,Randall,Morris,1961-04-22,72,200,,,,,,,,,,,,"https://static.www.nfl.com/image/private/f_auto,q_auto/league/gswk4uibf1hi0eavljpd",,,,,,
