season,team,position,depth_chart_position,jersey_number,status,full_name,first_name,last_name,birth_date,height,weight,college,gsis_id,espn_id,sportradar_id,yahoo_id,rotowire_id,pff_id,pfr_id,fantasy_data_id,sleeper_id,years_exp,headshot_url,esb_id,gsis_it_id,smart_id,entry_year,rookie_year,draft_club
1965,BAL,DB,DB,0,ACT,Bobby Boyd,Robert,Boyd,1937-12-03,71,195,,,,,,,,,,,,"https://static.www.nfl.com/image/private/f_auto,q_auto/league/s1mnhvo1opjdvdv8uv7t",,,,,,
1965,BAL,DB,DB,0,ACT,Wendell Harris,Wendell,Harris,1940-10-02,71,185,,,,,,,,,,,,"https://static.www.nfl.com/image/private/f_auto,q_auto/league/strlfgnxhdj890fzadyn",,,,,,
1965,BAL,DB,DB,0,ACT,Alvin Haymond,Alvin,Haymond,1942-08-31,72,194,,,,,,,,,,,,"https://static.www.nfl.com/image/private/f_auto,q_auto/league/r4ird5r8gh0aljppmsdy",,,,,,
1965,BAL,DB,DB,0,ACT,Jerry Logan,Jerry,Logan,1941-08-27,73,185,,,,,,,,,,,,"https://static.www.nfl.com/image/private/f_auto,q_auto/league/ue5oxrnkisqaanutn8mj",,,,,,
1965,BAL,DB,DB,0,ACT,Jim Welch,James,Welch,1938-03-17,72,196,,,,,,,,,,,,"https://static.www.nfl.com/image/private/f_auto,q_auto/league/wpry5v1qpe2qqia86m2i",,,,,,
1965,BAL,DL,DE,0,ACT,Ordell Braase,Ordell,Braase,1932-03-13,76,245,,,,,,,,,,,,"https://static.www.nfl.com/image/private/f_auto,q_auto/league/wbpekjvxsmyosngfgikk",,,,,,
1965,BAL,DL,DE,0,ACT,Roy Hilton,Roy,Hilton,1943-03-23,78,240,,,,,,,,,,,,"https://static.www.nfl.com/image/private/f_auto,q_auto/league/eqk0nzbnxeskeprlpfwb",,,,,,
1965,BAL,DL,DE,0,ACT,Lou Michaels,Louis,Michaels,1935-09-28,74,250,,,,,,,,,,,,"https://static.www.nfl.com/image/private/f_auto,q_auto/league/fxi8an4a1kiyps7qvbkd",,,,,,
1965,BAL,DL,DT,0,ACT,Fred Miller,Frederick,Miller,1940-08-08,75,250,,,,,,,,,,,,"https://static.www.nfl.com/image/private/f_auto,q_auto/league/p9hzejfndu7a0pkl1bsh",,,,,,
1965,BAL,DL,DT,0,ACT,Guy Reese,Guy,Reese,1939-09-22,77,258,,,,,,,,,,,,"https://static.www.nfl.com/image/private/f_auto,q_auto/league/epzzl53urcrjoxqs67rc",,,,,,
1965,BAL,DL,DT,0,ACT,Billy Ray Smith,Billy,Smith,1935-01-27,76,250,,,,,,,,,,,,"https://static.www.nfl.com/image/private/f_auto,q_auto/league/sf9rxrdvsnyk1klm9qae",,,,,,
1965,BAL,LB,LB,0,ACT,Jackie Burkett,Walter,Burkett,1936-12-16,76,230,,,,,,,,,,,,"https://static.www.nfl.com/image/private/f_auto,q_auto/league/p185lmeosrrldyqy7nsm",,,,,,
1965,BAL,LB,LB,0,ACT,Mike Curtis,James,Curtis,1943-03-27,75,232,,,,,,,,,,,,"https://static.www.nfl.com/image/private/f_auto,q_auto/league/ikse0njgggzfpgreqxbk",,,,,,
1965,BAL,LB,LB,0,ACT,Ted Davis,Richard,Davis,1942-07-27,73,232,,,,,,,,,,,,"https://static.www.nfl.com/image/private/f_auto,q_auto/league/moui03gmerwoiwwrmd8j",,,,,,
1965,BAL,LB,LB,0,ACT,Dennis Gaubatz,Dennis,Gaubatz,1940-02-11,74,232,,,,,,,,,,,,"https://static.www.nfl.com/image/private/f_auto,q_auto/league/uzfyzkl7uen3hafoltcn",,,,,,
1965,BAL,LB,LB,0,ACT,Monte Lee,Monte,Lee,1938-07-11,76,225,,,,,,,,,,,,"https://static.www.nfl.com/image/private/f_auto,q_auto/league/h8z841fa9rlofim76dum",,,,,,
1965,BAL,LB,LB,0,ACT,Don Shinnick,Donald,Shinnick,1935-05-15,72,228,,,,,,,,,,,,"https://static.www.nfl.com/image/private/f_auto,q_auto/league/n7k8fpx8pfi1ymoqwgbg",,,,,,
1965,BAL,LB,LB,0,ACT,Steve Stonebreaker,Thornton,Stonebreaker,1937-10-28,75,235,,,,,,,,,,,,"https://static.www.nfl.com/image/private/f_auto,q_auto/league/xsn3ronh34vlkgs4bqfv",,,,,,
1965,BAL,LB,LB,0,ACT,Mike Strofolino,Michael,Strofolino,1944-02-06,74,230,,,,,,,,,,,,"https://static.www.nfl.com/image/private/f_auto,q_auto/league/exbtgt9svrdkq0exi8dk",,,,,,
1965,BAL,OL,OT,0,ACT,Tom Gilburg,Thomas,Gilburg,1938-11-27,77,245,,,,,,,,,,,,"https://static.www.nfl.com/image/private/f_auto,q_auto/league/suelrjbr9aqsjyk4v08i",,,,,,
1965,BAL,OL,C,0,ACT,Buzz Nutter,Madison,Nutter,1931-02-16,76,230,,,,,,,,,,,,"https://static.www.nfl.com/image/private/f_auto,q_auto/league/q6yk44jlyfnmwzoijfkg",,,,,,
1965,BAL,OL,G,0,ACT,Jim Parker,James,Parker,1934-04-03,75,275,,,,,,,,,,,,"https://static.www.nfl.com/image/private/f_auto,q_auto/league/npocgu8pu2ktwudqqfbw",,,,,,
1965,BAL,OL,OT,0,ACT,George Preas,George,Preas,1933-06-25,74,244,,,,,,,,,,,,"https://static.www.nfl.com/image/private/f_auto,q_auto/league/jc8wdvaj7sbxfvyl7xtg",,,,,,
1965,BAL,OL,G,0,ACT,Glenn Ressler,Glenn,Ressler,1943-05-21,75,250,,,,,,,,,,,,"https://static.www.nfl.com/image/private/f_auto,q_auto/league/gpakqpsr3wvprito8gt7",,,,,,
1965,BAL,OL,G,0,ACT,Alex Sandusky,Alexander,Sandusky,1932-08-17,73,242,,,,,,,,,,,,"https://static.www.nfl.com/image/private/f_auto,q_auto/league/yuld73wfruozbsefffcb",,,,,,
1965,BAL,OL,OT,0,ACT,Dan Sullivan,Daniel,Sullivan,1939-09-01,75,250,,,,,,,,,,,,"https://static.www.nfl.com/image/private/f_auto,q_auto/league/n4e6oeasdrz27up6fmyw",,,,,,
1965,BAL,OL,C,0,ACT,Dick Szymanski,Richard,Szymanski,1932-10-07,75,235,,,,,,,,,,,,"https://static.www.nfl.com/image/private/f_auto,q_auto/league/slxjtnlxejn70yon9slp",,,,,,
1965,BAL,OL,OT,0,ACT,Bob Vogel,Robert,Vogel,1941-09-23,77,250,,,,,,,,,,,,"https://static.www.nfl.com/image/private/f_auto,q_auto/league/k0xjjghv5nh0vhl3r1v3",,,,,,
1965,BAL,QB,QB,0,ACT,Ed Brown,Charles,Brown,1928-10-26,74,200,,,,,,,,,,,,"https://static.www.nfl.com/image/private/f_auto,q_auto/league/qnyjyfapvhqlm0hnyvvj",,,,,,
1965,BAL,QB,QB,0,ACT,Gary Cuozzo,Gary,Cuozzo,1941-04-26,72,195,,,,,,,,,,,,"https://static.www.nfl.com/image/private/f_auto,q_auto/league/hu8wt06hlwmyw8igvxpt",,,,,,
1965,BAL,QB,QB,0,ACT,Johnny Unitas,John,Unitas,1933-05-07,73,196,,,,,,,,,,,,"https://static.www.nfl.com/image/private/f_auto,q_auto/league/ryyhrju5pbye3y5jm52g",,,,,,
1965,BAL,RB,HB,0,TRT,Bobby Felts,Bobby,Felts,1942-06-26,74,202,,,,,,,,,,,,"https://static.www.nfl.com/image/private/f_auto,q_auto/league/fdkmuohu5ofspkfiimqc",,,,,,
1965,BAL,RB,HB,0,ACT,Alex Hawkins,Chilton,Hawkins,1937-07-02,72,186,,,,,,,,,,,,"https://static.www.nfl.com/image/private/f_auto,q_auto/league/v3hzainyfav8minki5at",,,,,,
1965,BAL,RB,RB,0,ACT,Jerry Hill,Gerald,Hill,1939-10-12,71,210,,,,,,,,,,,,"https://static.www.nfl.com/image/private/f_auto,q_auto/league/pbtxivx6rmxxbk4ob8lh",,,,,,
1965,BAL,RB,RB,0,ACT,Tony Lorick,William,Lorick,1941-05-25,73,217,,,,,,,,,,,,"https://static.www.nfl.com/image/private/f_auto,q_auto/league/xfgnqwfwkaqqaeiqoi0c",,,,,,
1965,BAL,RB,RB,0,ACT,Lenny Lyles,Leonard,Lyles,1936-01-26,74,202,,,,,,,,,,,,"https://static.www.nfl.com/image/private/f_auto,q_auto/league/qgrfrpporw1hnjgzs61s",,,,,,
1965,BAL,RB,RB,0,ACT,Tom Matte,Thomas,Matte,1939-06-14,72,214,,,,,,,,,,,,"https://static.www.nfl.com/image/private/f_auto,q_auto/league/fqpldsh0xge0d9tk8pfc",,,,,,
1965,BAL,RB,HB,0,ACT,Lenny Moore,Leonard,Moore,1933-11-25,73,190,,,,,,,,,,,,"https://static.www.nfl.com/image/private/f_auto,q_auto/league/hte207g1rx94itr0k4fn",,,,,,
1965,BAL,TE,TE,0,ACT,John Mackey,John,Mackey,1941-09-24,74,224,,,,,,,,,,,,"https://static.www.nfl.com/image/private/f_auto,q_auto/league/svjr8mrjiy2wpuxtcjc2",,,,,,
1965,BAL,TE,TE,0,ACT,Butch Wilson,George,Wilson,1941-09-18,74,228,,,,,,,,,,,,"https://static.www.nfl.com/image/private/f_auto,q_auto/league/jxhwlfj2hxaepc87cewr",,,,,,
1965,BAL,WR,WR,0,ACT,Raymond Berry,Raymond,Berry,1933-02-27,74,187,,,,,,,,,,,,"https://static.www.nfl.com/image/private/f_auto,q_auto/league/rnjuiejf98ndt24oiost",,,,,,
1965,BAL,WR,WR,0,ACT,Jimmy Orr,James,Orr,1935-10-04,71,175,,,,,,,,,,,,"https://static.www.nfl.com/image/private/f_auto,q_auto/league/v4tihahfqtiskv3gbcni",,,,,,
1965,BAL,WR,WR,0,ACT,Neal Petties,Neal,Petties,1940-09-16,74,198,,,,,,,,,,,,"https://static.www.nfl.com/image/private/f_auto,q_auto/league/aynleiru3eanoy7jkjls",,,,,,
1965,BAL,WR,WR,0,ACT,Willie Richardson,Willie,Richardson,1939-11-17,73,198,,,,,,,,,,,,"https://static.www.nfl.com/image/private/f_auto,q_auto/league/ovhylkk559gyfco8ux09",,,,,,
1965,BOS,DB,DB,0,ACT,Jay Cunningham,Jay,Cunningham,1943-10-09,70,185,,,,,,,,,,,,"https://static.www.nfl.com/image/private/f_auto,q_auto/league/sefgsbp2pmj8i26m9dkb",,,,,,
1965,BOS,DB,DB,0,ACT,Dick Felt,Richard,Felt,1933-03-04,73,185,,,,,,,,,,,,"https://static.www.nfl.com/image/private/f_auto,q_auto/league/uvkrjn98qjg3zkukv9ji",,,,,,
1965,BOS,DB,DB,0,ACT,White Graves,White,Graves,1942-03-20,72,190,,,,,,,,,,,,"https://static.www.nfl.com/image/private/f_auto,q_auto/league/huofgdcwwtr0w3h1okkf",,,,,,
1965,BOS,DB,DB,0,ACT,Ron Hall,Ronald,Hall,1937-04-30,72,190,,,,,,,,,,,,"https://static.www.nfl.com/image/private/f_auto,q_auto/league/tu9mjdykajqrelqvzyfb",,,,,,
1965,BOS,DB,DB,0,ACT,Tom Hennessey,Thomas,Hennessey,1942-02-15,72,180,,,,,,,,,,,,"https://static.www.nfl.com/image/private/f_auto,q_auto/league/ijvb5ycy8nfddgwdtpin",,,,,,
1965,BOS,DB,DB,0,ACT,Ross O'Hanley,Ross,O'Hanley,1939-02-16,72,180,,,,,,,,,,,,"https://static.www.nfl.com/image/private/f_auto,q_auto/league/v3ddncqbnj7opodkbcv1",,,,,,
1965,BOS,DB,DB,0,ACT,Chuck Shonta,Charles,Shonta,1937-08-29,72,200,,,,,,,,,,,,"https://static.www.nfl.com/image/private/f_auto,q_auto/league/yxeplpgclp41xb9qsnjo",,,,,,
1965,BOS,DB,DB,0,ACT,Don Webb,Donald,Webb,1939-05-22,70,182,,,,,,,,,,,,"https://static.www.nfl.com/image/private/f_auto,q_auto/league/peclcrv85kuow1m0qtjv",,,,,,
1965,BOS,DL,DT,0,ACT,Houston Antwine,Houston,Antwine,1939-04-11,72,270,,,,,,,,,,,,"https://static.www.nfl.com/image/private/f_auto,q_auto/league/tgzzek0kmmcbjfs7wbqr",,,,,,
1965,BOS,DL,DE,0,ACT,Bob Dee,Robert,Dee,1933-05-18,75,240,,,,,,,,,,,,"https://static.www.nfl.com/image/private/f_auto,q_auto/league/so7nuoruktuus1cn7mic",,,,,,
1965,BOS,DL,DE,0,ACT,Larry Eisenhauer,Lawrence,Eisenhauer,1940-02-22,77,250,,,,,,,,,,,,"https://static.www.nfl.com/image/private/f_auto,q_auto/league/vdvgur4leldgbqyb7aow",,,,,,
1965,BOS,DL,DT,0,ACT,Jim Hunt,Jimmie,Hunt,1938-10-05,71,250,,,,,,,,,,,,"https://static.www.nfl.com/image/private/f_auto,q_auto/league/igvwl2wjdvjwa3qbtrgw",,,,,,
1965,BOS,DL,DT,0,ACT,George Pyne,George,Pyne,1941-07-12,76,285,,,,,,,,,,,,"https://static.www.nfl.com/image/private/f_auto,q_auto/league/agm8kzbcbwc4bedqdodc",,,,,,
1965,BOS,LB,LB,0,ACT,Tommy Addison,Tommy,Addison,1936-04-12,74,230,,,,,,,,,,,,"https://static.www.nfl.com/image/private/f_auto,q_auto/league/iuutje1knvjwhzgulndj",,,,,,
1965,BOS,LB,LB,0,ACT,Nick Buoniconti,Nicholas,Buoniconti,1940-12-15,71,220,,,,,,,,,,,,"https://static.www.nfl.com/image/private/f_auto,q_auto/league/rkymiemvrjkqxatdqvrs",,,,,,
1965,BOS,LB,LB,0,TRT,Mike Dukes,Michael,Dukes,1936-03-16,75,235,,,,,,,,,,,,"https://static.www.nfl.com/image/private/f_auto,q_auto/league/luac24vxhbfywzkmfwxf",,,,,,
1965,BOS,LB,LB,0,ACT,Lonnie Farmer,Lonnie,Farmer,1940-03-28,72,220,,,,,,,,,,,,"https://static.www.nfl.com/image/private/f_auto,q_auto/league/qhdey3affxypeujieiq2",,,,,,
1965,BOS,LB,LB,0,ACT,Ed Meixler,Edward,Meixler,1943-10-11,75,245,,,,,,,,,,,,"https://static.www.nfl.com/image/private/f_auto,q_auto/league/tcq7swsg1tscr6bkgq9s",,,,,,
1965,BOS,LB,LB,0,ACT,Jack Rudolph,John,Rudolph,1938-03-21,75,225,,,,,,,,,,,,"https://static.www.nfl.com/image/private/f_auto,q_auto/league/qsowx4rhzwtwl3gfwgsk",,,,,,
1965,BOS,OL,G,0,ACT,Justin Canale,Justin,Canale,1943-04-11,74,250,,,,,,,,,,,,"https://static.www.nfl.com/image/private/f_auto,q_auto/league/kmt67vfpcyi2za7ba8v4",,,,,,
1965,BOS,OL,OT,0,ACT,Charley Long,Charles,Long,1938-04-06,76,260,,,,,,,,,,,,"https://static.www.nfl.com/image/private/f_auto,q_auto/league/qa2hmvjzp3tb0m5tjrs5",,,,,,
1965,BOS,OL,C,0,ACT,Jon Morris,Jon,Morris,1942-04-05,76,254,,,,,,,,,,,,"https://static.www.nfl.com/image/private/f_auto,q_auto/league/lhjpwbi4j91pqxa9f7hg",,,,,,
1965,BOS,OL,G,0,ACT,Billy Neighbors,William,Neighbors,1940-02-04,72,250,,,,,,,,,,,,"https://static.www.nfl.com/image/private/f_auto,q_auto/league/feilmgt6b8csttchvns5",,,,,,
1965,BOS,OL,OT,0,ACT,Tom Neville,Thomas,Neville,1943-08-12,76,260,,,,,,,,,,,,"https://static.www.nfl.com/image/private/f_auto,q_auto/league/eji7gywhax2rjwwdfv4p",,,,,,
1965,BOS,OL,OT,0,ACT,Don Oakes,Donald,Oakes,1938-07-22,76,255,,,,,,,,,,,,"https://static.www.nfl.com/image/private/f_auto,q_auto/league/eu0kuhyj3ikei2fpsyff",,,,,,
1965,BOS,OL,G,0,ACT,Len St. Jean,Leonard,St. Jean,1941-10-27,71,250,,,,,,,,,,,,"https://static.www.nfl.com/image/private/f_auto,q_auto/league/e6xev8soqn7dokbkdxle",,,,,,
1965,BOS,OL,OT,0,ACT,Bob Yates,Robert,Yates,1938-11-20,73,240,,,,,,,,,,,,"https://static.www.nfl.com/image/private/f_auto,q_auto/league/emuqbyovmoz1jx7fqrwv",,,,,,
1965,BOS,QB,QB,0,ACT,Babe Parilli,Vito,Parilli,1929-05-07,73,196,,,,,,,,,,,,"https://static.www.nfl.com/image/private/f_auto,q_auto/league/dbaqc1zix2qt8hebbbxt",,,,,,
1965,BOS,QB,QB,0,ACT,Eddie Wilson,Edward,Wilson,1940-08-14,72,190,,,,,,,,,,,,"https://static.www.nfl.com/image/private/f_auto,q_auto/league/fu2oj1kpzlvfmo9ucion",,,,,,
1965,BOS,QB,QB,0,ACT,Tom Yewcic,Thomas,Yewcic,1932-05-09,71,185,,,,,,,,,,,,"https://static.www.nfl.com/image/private/f_auto,q_auto/league/s7rxe3nardnwovuxyyee",,,,,,
1965,BOS,RB,HB,0,ACT,Joe Bellino,Joseph,Bellino,1938-03-13,69,185,,,,,,,,,,,,"https://static.www.nfl.com/image/private/f_auto,q_auto/league/yjhmw9oagdw9nnykcopw",,,,,,
1965,BOS,RB,HB,0,ACT,Ron Burton,Ronald,Burton,1936-07-25,70,190,,,,,,,,,,,,"https://static.www.nfl.com/image/private/f_auto,q_auto/league/hzdthittrkkuwbi2avqk",,,,,,
1965,BOS,RB,HB,0,ACT,J.D. Garrett,John,Garrett,1941-11-28,71,195,,,,,,,,,,,,"https://static.www.nfl.com/image/private/f_auto,q_auto/league/slwboezplslz34k6osxy",,,,,,
1965,BOS,RB,HB,0,ACT,Larry Garron,Lawrence,Garron,1937-05-23,72,195,,,,,,,,,,,,"https://static.www.nfl.com/image/private/f_auto,q_auto/league/oszbdtqmpqodnmc57rgl",,,,,,
1965,BOS,RB,HB,0,ACT,Ellis Johnson,Ellis,Johnson,1943-07-09,72,195,,,,,,,,,,,,"https://static.www.nfl.com/image/private/f_auto,q_auto/league/v8fpkdljfjesissrzp8j",,,,,,
1965,BOS,RB,RB,0,ACT,Jim Nance,James,Nance,1942-12-30,73,235,,,,,,,,,,,,"https://static.www.nfl.com/image/private/f_auto,q_auto/league/e5ha3uvznymbnxiy3aku",,,,,,
1965,BOS,TE,TE,0,ACT,Bill Dawson,William,Dawson,1942-12-04,75,240,,,,,,,,,,,,"https://static.www.nfl.com/image/private/f_auto,q_auto/league/fhcdmggduckw8xhcbf9s",,,,,,
1965,BOS,TE,TE,0,ACT,Tony Romeo,Anthony,Romeo,1938-03-07,74,230,,,,,,,,,,,,"https://static.www.nfl.com/image/private/f_auto,q_auto/league/zokllv2udt07xysu5m6m",,,,,,
1965,BOS,TE,TE,0,ACT,Jim Whalen,James,Whalen,1943-05-20,74,210,,,,,,,,,,,,"https://static.www.nfl.com/image/private/f_auto,q_auto/league/tihyrawc6rdmzjo98waw",,,,,,
1965,BOS,WR,WR,0,ACT,Gino Cappelletti,Gino,Cappelletti,1934-03-26,72,190,,,,,,,,,,,,"https://static.www.nfl.com/image/private/f_auto,q_auto/league/p6swavvvyo3whbvvmhjy",,,,,,
1965,BOS,WR,WR,0,ACT,Jim Colclough,James,Colclough,1936-03-31,73,185,,,,,,,,,,,,"https://static.www.nfl.com/image/private/f_auto,q_auto/league/m0h72ohkbcayaxlzgtl7",,,,,,
1965,BOS,WR,WR,0,ACT,Art Graham,Arthur,Graham,1941-07-31,73,205,,,,,,,,,,,,"https://static.www.nfl.com/image/private/f_auto,q_auto/league/juztqr4uebuq8skq7or8",,,,,,
1965,BUF,DB,DB,0,ACT,Butch Byrd,George,Byrd,1941-09-20,72,211,,,,,,,,,,,,"https://static.www.nfl.com/image/private/f_auto,q_auto/league/ootrhpq9jmsmowownziz",,,,,,
1965,BUF,DB,DB,0,ACT,Hagood Clarke,Hagood,Clarke,1942-06-14,72,205,,,,,,,,,,,,"https://static.www.nfl.com/image/private/f_auto,q_auto/league/vgrhihf6n8ggpdkrwdxf",,,,,,
1965,BUF,DB,DB,0,ACT,Booker Edgerson,Booker,Edgerson,1939-07-05,70,183,,,,,,,,,,,,"https://static.www.nfl.com/image/private/f_auto,q_auto/league/mfb0rksudwtxkbbfyugf",,,,,,
1965,BUF,DB,DB,0,ACT,Floyd Hudlow,Floyd,Hudlow,1943-11-09,71,195,,,,,,,,,,,,"https://static.www.nfl.com/image/private/f_auto,q_auto/league/cysyhzfecgl57suww0w2",,,,,,
1965,BUF,DB,DB,0,ACT,Tom Janik,Thomas,Janik,1940-09-06,75,190,,,,,,,,,,,,"https://static.www.nfl.com/image/private/f_auto,q_auto/league/grq4d1wwbq8zhfsuvsle",,,,,,
1965,BUF,DB,DB,0,ACT,George Saimes,George,Saimes,1941-09-01,71,186,,,,,,,,,,,,"https://static.www.nfl.com/image/private/f_auto,q_auto/league/wpt6j8lvspzfbcl5m43f",,,,,,
1965,BUF,DB,DB,0,ACT,Gene Sykes,Eugene,Sykes,1941-09-26,73,201,,,,,,,,,,,,"https://static.www.nfl.com/image/private/f_auto,q_auto/league/awxytwvsa0m8div6fjd7",,,,,,
1965,BUF,DB,DB,0,ACT,Charley Warner,Charles,Warner,1940-04-14,72,176,,,,,,,,,,,,"https://static.www.nfl.com/image/private/f_auto,q_auto/league/sslpdgfzc9pfjrguedwu",,,,,,
1965,BUF,DL,DE,0,ACT,Tom Day,Thomas,Day,1935-08-20,74,262,,,,,,,,,,,,"https://static.www.nfl.com/image/private/f_auto,q_auto/league/ogfgkjs7pttpzko044c6",,,,,,
1965,BUF,DL,DT,0,ACT,Jim Dunaway,James,Dunaway,1941-09-03,76,277,,,,,,,,,,,,"https://static.www.nfl.com/image/private/f_auto,q_auto/league/yczxwqdlk0p4qlsmcsob",,,,,,
1965,BUF,DL,DT,0,ACT,Tom Keating,Thomas,Keating,1942-09-02,74,247,,,,,,,,,,,,"https://static.www.nfl.com/image/private/f_auto,q_auto/league/tpdwm81668ttowsadq1i",,,,,,
1965,BUF,DL,DE,0,ACT,Ron McDole,Roland,McDole,1939-09-09,76,265,,,,,,,,,,,,"https://static.www.nfl.com/image/private/f_auto,q_auto/league/zzpix0eauxnmznc6wmrm",,,,,,
1965,BUF,DL,DT,0,ACT,Dudley Meredith,Cecil,Meredith,1935-01-16,76,290,,,,,,,,,,,,"https://static.www.nfl.com/image/private/f_auto,q_auto/league/wjotejthbtg99fksgogv",,,,,,
1965,BUF,DL,DT,0,ACT,Henry Schmidt,Henry,Schmidt,1935-09-28,76,254,,,,,,,,,,,,"https://static.www.nfl.com/image/private/f_auto,q_auto/league/a0a7ueatopky8zdjfxso",,,,,,
1965,BUF,DL,DT,0,ACT,Tom Sestak,Thomas,Sestak,1936-03-09,76,260,,,,,,,,,,,,"https://static.www.nfl.com/image/private/f_auto,q_auto/league/f8y7dhlb9fwoihjr0juj",,,,,,
1965,BUF,K,K,0,ACT,Pete Gogolak,Peter,Gogolak,1942-04-18,73,190,,,,,,,,,,,,"https://static.www.nfl.com/image/private/f_auto,q_auto/league/gzt8pkdhkow0jeiowdim",,,,,,
1965,BUF,LB,LB,0,ACT,Harry Jacobs,Harry,Jacobs,1937-02-04,73,226,,,,,,,,,,,,"https://static.www.nfl.com/image/private/f_auto,q_auto/league/qmvnmnfq6prhrcqokufg",,,,,,
1965,BUF,LB,LB,0,ACT,Bill Laskey,William,Laskey,1943-02-10,75,235,,,,,,,,,,,,"https://static.www.nfl.com/image/private/f_auto,q_auto/league/ir2mqzzpmgjssqygmex6",,,,,,
1965,BUF,LB,LB,0,ACT,Paul Maguire,Paul,Maguire,1938-08-22,72,228,,,,,,,,,,,,"https://static.www.nfl.com/image/private/f_auto,q_auto/league/eaolkockyxjxrec9xpyl",,,,,,
1965,BUF,LB,LB,0,ACT,Marty Schottenheimer,Martin,Schottenheimer,1943-09-23,75,224,,,,,,,,,,,,"https://static.www.nfl.com/image/private/f_auto,q_auto/league/e9ptgqw2jwcg1mylgdvw",,,,,,
1965,BUF,LB,LB,0,ACT,Mike Stratton,David,Stratton,1941-04-10,75,224,,,,,,,,,,,,"https://static.www.nfl.com/image/private/f_auto,q_auto/league/xtjtuudvmj9risqdfcgf",,,,,,
1965,BUF,LB,LB,0,ACT,Jack Tracey,John,Tracey,1933-06-27,75,228,,,,,,,,,,,,"https://static.www.nfl.com/image/private/f_auto,q_auto/league/nx7yaxgezvblmtd2rlce",,,,,,
1965,BUF,OL,OT,0,ACT,Stew Barber,Stewart,Barber,1939-06-14,74,250,,,,,,,,,,,,"https://static.www.nfl.com/image/private/f_auto,q_auto/league/lmkujufxzkmdshxs6g2j",,,,,,
1965,BUF,OL,C,0,ACT,Dave Behrman,David,Behrman,1941-11-09,77,260,,,,,,,,,,,,"https://static.www.nfl.com/image/private/f_auto,q_auto/league/jeqka0g5dmly6nbniqvh",,,,,,
1965,BUF,OL,C,0,ACT,Al Bemiller,Albert,Bemiller,1938-04-18,75,243,,,,,,,,,,,,"https://static.www.nfl.com/image/private/f_auto,q_auto/league/xqazj3sh0jy7kkpl3khf",,,,,,
1965,BUF,OL,G,0,ACT,George Flint,George,Flint,1939-02-26,76,240,,,,,,,,,,,,"https://static.www.nfl.com/image/private/f_auto,q_auto/league/seovh2lngqgjlkccdksg",,,,,,
1965,BUF,OL,OT,0,ACT,Dick Hudson,Richard,Hudson,1940-07-30,75,272,,,,,,,,,,,,"https://static.www.nfl.com/image/private/f_auto,q_auto/league/cciyq9qdbmqg2lgg625l",,,,,,
1965,BUF,OL,G,0,ACT,Joe O'Donnell,Joseph,O'Donnell,1941-08-31,74,262,,,,,,,,,,,,"https://static.www.nfl.com/image/private/f_auto,q_auto/league/oenrnqwpmdpse7mygfu3",,,,,,
1965,BUF,OL,G,0,ACT,Billy Shaw,William,Shaw,1938-12-15,74,258,,,,,,,,,,,,"https://static.www.nfl.com/image/private/f_auto,q_auto/league/rkgvoe9qvyk7dwh8m2tu",,,,,,
1965,BUF,QB,QB,0,ACT,Jack Kemp,John,Kemp,1935-07-13,73,205,,,,,,,,,,,,"https://static.www.nfl.com/image/private/f_auto,q_auto/league/vgphldgsasna2a2qrukl",,,,,,
1965,BUF,QB,QB,0,ACT,Daryle Lamonica,Daryle,Lamonica,1941-07-17,75,215,,,,,,,,,,,,"https://static.www.nfl.com/image/private/f_auto,q_auto/league/hwx2mzehcjxjxtpwzba1",,,,,,
1965,BUF,RB,RB,0,ACT,Joe Auer,Joseph,Auer,1941-10-11,73,200,,,,,,,,,,,,"https://static.www.nfl.com/image/private/f_auto,q_auto/league/hw9is7qcsmwx38tmh1ot",,,,,,
1965,BUF,RB,HB,0,ACT,Wray Carlton,Linwood,Carlton,1937-06-18,74,225,,,,,,,,,,,,"https://static.www.nfl.com/image/private/f_auto,q_auto/league/mcycbacno1an6birfhfg",,,,,,
1965,BUF,RB,RB,0,ACT,Billy Joe,William,Joe,1940-10-14,74,235,,,,,,,,,,,,"https://static.www.nfl.com/image/private/f_auto,q_auto/league/ft6mnvcbgs1bhnrchuqi",,,,,,
1965,BUF,RB,HB,0,ACT,Bobby Smith,Robert,Smith,1942-05-18,72,203,,,,,,,,,,,,"https://static.www.nfl.com/image/private/f_auto,q_auto/league/ykryqcggmn0v3wmkk4uk",,,,,,
1965,BUF,RB,FB,0,ACT,Donnie Stone,Edward,Stone,1937-01-05,73,205,,,,,,,,,,,,"https://static.www.nfl.com/image/private/f_auto,q_auto/league/elc94833cbgy5orsqkzm",,,,,,
1965,BUF,TE,TE,0,ACT,Paul Costa,Sebastian,Costa,1941-12-07,78,268,,,,,,,,,,,,"https://static.www.nfl.com/image/private/f_auto,q_auto/league/pb3xfp4wiehivrhmpy2k",,,,,,
1965,BUF,TE,TE,0,ACT,Ernie Warlick,Ernest,Warlick,1932-07-21,75,235,,,,,,,,,,,,"https://static.www.nfl.com/image/private/f_auto,q_auto/league/xgde9uo0gfdu7aopbazj",,,,,,
1965,BUF,WR,WR,0,ACT,Glenn Bass,Alden,Bass,1939-04-12,74,205,,,,,,,,,,,,"https://static.www.nfl.com/image/private/f_auto,q_auto/league/b2o0augxyn81g3qjfypa",,,,,,
1965,BUF,WR,WR,0,ACT,Elbert Dubenion,Elbert,Dubenion,1933-02-16,71,187,,,,,,,,,,,,"https://static.www.nfl.com/image/private/f_auto,q_auto/league/iyon5n96hdy3x9ytcyda",,,,,,
1965,BUF,WR,WR,0,ACT,Charley Ferguson,Charles,Ferguson,1939-11-13,77,217,,,,,,,,,,,,"https://static.www.nfl.com/image/private/f_auto,q_auto/league/iwvkx9uosrqnneftqhke",,,,,,
1965,BUF,WR,WR,0,ACT,Bill Groman,William,Groman,1936-07-17,72,194,,,,,,,,,,,,"https://static.www.nfl.com/image/private/f_auto,q_auto/league/psbuadwqiq04uzoduncd",,,,,,
1965,BUF,WR,WR,0,ACT,Pete Mills,Sullivan,Mills,1942-05-29,70,180,,,,,,,,,,,,"https://static.www.nfl.com/image/private/f_auto,q_auto/league/sgoj03gwl0immvglkadl",,,,,,
1965,BUF,WR,WR,0,ACT,Bo Roberson,Irvin,Roberson,1935-07-23,73,195,,,,,,,,,,,,"https://static.www.nfl.com/image/private/f_auto,q_auto/league/abhuyntvrmbxsyfvuezj",,,,,,
1965,BUF,WR,WR,0,ACT,Ed Rutkowski,Edward,Rutkowski,1941-03-21,73,198,,,,,,,,,,,,"https://static.www.nfl.com/image/private/f_auto,q_auto/league/c367az8edvzlfpsovvpm",,,,,,
1965,CHI,DB,DB,0,ACT,J.C. Caroline,James,Caroline,1933-01-17,72,185,,,,,,,,,,,,"https://static.www.nfl.com/image/private/f_auto,q_auto/league/is6pfmkyd3iukoudgced",,,,,,
1965,CHI,DB,DB,0,ACT,Larry Glueck,Lawrence,Glueck,1941-10-05,72,190,,,,,,,,,,,,"https://static.www.nfl.com/image/private/f_auto,q_auto/league/uleuc9n8ishbjdxn08ib",,,,,,
1965,CHI,DB,DB,0,ACT,Bennie McRae,Benjamin,McRae,1939-12-08,72,180,,,,,,,,,,,,"https://static.www.nfl.com/image/private/f_auto,q_auto/league/g5lzigsvlprvhe2448y4",,,,,,
1965,CHI,DB,DB,0,ACT,Richie Petitbon,Richard,Petitbon,1938-04-18,75,208,,,,,,,,,,,,"https://static.www.nfl.com/image/private/f_auto,q_auto/league/syn2uhb4nw0v7ihnttra",,,,,,
1965,CHI,DB,DB,0,ACT,Ron Smith,Ronald,Smith,1943-05-03,73,195,,,,,,,,,,,,"https://static.www.nfl.com/image/private/f_auto,q_auto/league/xlmwyxbvykux139pcg9d",,,,,,
1965,CHI,DB,DB,0,ACT,Rosey Taylor,Roosevelt,Taylor,1937-07-04,71,186,,,,,,,,,,,,"https://static.www.nfl.com/image/private/f_auto,q_auto/league/acvaarxstnfnpzgannrs",,,,,,
1965,CHI,DB,DB,0,ACT,Dave Whitsell,David,Whitsell,1936-06-14,72,190,,,,,,,,,,,,"https://static.www.nfl.com/image/private/f_auto,q_auto/league/wmkzzssr3nyll6fzk79u",,,,,,
1965,CHI,DL,DE,0,ACT,Doug Atkins,Douglas,Atkins,1930-05-08,80,275,,,,,,,,,,,,"https://static.www.nfl.com/image/private/f_auto,q_auto/league/qsguxvinyuskecsljeqg",,,,,,
1965,CHI,DL,DT,0,ACT,Dick Evey,Richard,Evey,1941-02-12,76,245,,,,,,,,,,,,"https://static.www.nfl.com/image/private/f_auto,q_auto/league/sarioqelzyw2d1jpklae",,,,,,
1965,CHI,DL,DT,0,ACT,John Johnson,John,Johnson,1941-07-05,77,260,,,,,,,,,,,,"https://static.www.nfl.com/image/private/f_auto,q_auto/league/pt9jvbcqafpswzhyuqps",,,,,,
1965,CHI,DL,DT,0,ACT,Stan Jones,Stanley,Jones,1931-11-24,73,250,,,,,,,,,,,,"https://static.www.nfl.com/image/private/f_auto,q_auto/league/zsdzstr4mxivalcumbwi",,,,,,
1965,CHI,DL,DT,0,ACT,Bob Kilcullen,Robert,Kilcullen,1934-05-13,75,245,,,,,,,,,,,,"https://static.www.nfl.com/image/private/f_auto,q_auto/league/ewcsomim6ittarkuq2jf",,,,,,
1965,CHI,DL,DT,0,ACT,Earl Leggett,Earl,Leggett,1933-03-05,75,265,,,,,,,,,,,,"https://static.www.nfl.com/image/private/f_auto,q_auto/league/luaxb1k7nksfanj7waue",,,,,,
1965,CHI,DL,DT,0,ACT,Dennis Murphy,Alvin,Murphy,1943-03-09,74,250,,,,,,,,,,,,"https://static.www.nfl.com/image/private/f_auto,q_auto/league/jwh1edwa0lfteqbyb28n",,,,,,
1965,CHI,DL,DE,0,ACT,Ed O'Bradovich,Edward,O'Bradovich,1940-05-21,75,255,,,,,,,,,,,,"https://static.www.nfl.com/image/private/f_auto,q_auto/league/ezaln0wemj4bu1pebd1j",,,,,,
1965,CHI,LB,MLB,0,ACT,Dick Butkus,Richard,Butkus,1942-12-09,75,245,,,,,,,,,,,,"https://static.www.nfl.com/image/private/f_auto,q_auto/league/abdhqppmppbpdmhn0dty",,,,,,
1965,CHI,LB,LB,0,ACT,Joe Fortunato,Joseph,Fortunato,1930-03-28,73,225,,,,,,,,,,,,"https://static.www.nfl.com/image/private/f_auto,q_auto/league/oechue3vmkc6dg8cvvoe",,,,,,
1965,CHI,LB,LB,0,ACT,Bill George,William,George,1929-10-27,74,235,,,,,,,,,,,,"https://static.www.nfl.com/image/private/f_auto,q_auto/league/b1aezdqllvhx71dcurkc",,,,,,
1965,CHI,LB,LB,0,ACT,Larry Morris,Lawrence,Morris,1933-12-10,74,220,,,,,,,,,,,,"https://static.www.nfl.com/image/private/f_auto,q_auto/league/k5tgyun7ciptugps3lzg",,,,,,
1965,CHI,LB,LB,0,ACT,Jim Purnell,James,Purnell,1941-12-12,75,238,,,,,,,,,,,,"https://static.www.nfl.com/image/private/f_auto,q_auto/league/cn3bln7xhcqrnspsq7gr",,,,,,
1965,CHI,LB,LB,0,ACT,Mike Reilly,Charles,Reilly,1942-03-27,75,235,,,,,,,,,,,,"https://static.www.nfl.com/image/private/f_auto,q_auto/league/a718amfbq2doer41mxaz",,,,,,
1965,CHI,OL,G,0,ACT,Jim Cadile,James,Cadile,1940-07-16,76,240,,,,,,,,,,,,"https://static.www.nfl.com/image/private/f_auto,q_auto/league/zvnxlh9urxdxp964rwew",,,,,,
1965,CHI,OL,C,0,ACT,Roger LeClerc,Roger,LeClerc,1936-10-01,75,235,,,,,,,,,,,,"https://static.www.nfl.com/image/private/f_auto,q_auto/league/lz0fk3vpx8ft2o6kegxp",,,,,,
1965,CHI,OL,OT,0,ACT,Herman Lee,Willie,Lee,1931-08-29,76,247,,,,,,,,,,,,"https://static.www.nfl.com/image/private/f_auto,q_auto/league/anbb6ddu1i6rfhsaje4f",,,,,,
1965,CHI,OL,OT,0,ACT,Dick Leeuwenburg,Richard,Leeuwenburg,1942-03-26,77,242,,,,,,,,,,,,"https://static.www.nfl.com/image/private/f_auto,q_auto/league/n8kilmvmwkxkweqytsac",,,,,,
1965,CHI,OL,C,0,ACT,Mike Pyle,Michael,Pyle,1939-07-18,75,250,,,,,,,,,,,,"https://static.www.nfl.com/image/private/f_auto,q_auto/league/c6ezwankiiryrcqjjwas",,,,,,
1965,CHI,OL,G,0,ACT,Mike Rabold,Michael,Rabold,1937-03-12,74,250,,,,,,,,,,,,"https://static.www.nfl.com/image/private/f_auto,q_auto/league/hnmj4ch4ui4lri9ayfw3",,,,,,
1965,CHI,OL,G,0,ACT,George Seals,George,Seals,1942-10-02,75,260,,,,,,,,,,,,"https://static.www.nfl.com/image/private/f_auto,q_auto/league/hsre4nbmw2rbuyvxjgjk",,,,,,
1965,CHI,OL,OT,0,ACT,Bob Wetoska,Robert,Wetoska,1937-08-22,75,240,,,,,,,,,,,,"https://static.www.nfl.com/image/private/f_auto,q_auto/league/z1miq0jmuj7pok7zhkeh",,,,,,
1965,CHI,P,P,0,ACT,Bobby Joe Green,Bobby,Green,1936-05-07,71,175,,,,,,,,,,,,"https://static.www.nfl.com/image/private/f_auto,q_auto/league/umdzfhqyqntkbbx5inix",,,,,,
1965,CHI,QB,QB,0,ACT,Rudy Bukich,Rudolph,Bukich,1932-03-15,73,205,,,,,,,,,,,,"https://static.www.nfl.com/image/private/f_auto,q_auto/league/oth1cc8hsx8sy4cd78lc",,,,,,
1965,CHI,QB,QB,0,ACT,Billy Wade,William,Wade,1930-10-04,74,202,,,,,,,,,,,,"https://static.www.nfl.com/image/private/f_auto,q_auto/league/ibudvsmnbn0fr3nscwxl",,,,,,
1965,CHI,RB,HB,0,ACT,Jon Arnett,Jon,Arnett,1934-04-20,71,200,,,,,,,,,,,,"https://static.www.nfl.com/image/private/f_auto,q_auto/league/hcibpkopv6inzoyreeck",,,,,,
1965,CHI,RB,HB,0,ACT,Charlie Bivins,Charles,Bivins,1937-10-16,73,212,,,,,,,,,,,,"https://static.www.nfl.com/image/private/f_auto,q_auto/league/oims0l41xs1wvso586lr",,,,,,
1965,CHI,RB,RB,0,ACT,Ronnie Bull,Ronald,Bull,1940-02-02,72,200,,,,,,,,,,,,"https://static.www.nfl.com/image/private/f_auto,q_auto/league/xsu4bvpvasxh6pazsdvj",,,,,,
1965,CHI,RB,RB,0,ACT,Ralph Kurek,Ralph,Kurek,1943-02-23,74,210,,,,,,,,,,,,"https://static.www.nfl.com/image/private/f_auto,q_auto/league/tegxzblmix2t6akpzwun",,,,,,
1965,CHI,RB,RB,0,ACT,Andy Livingston,Andrew,Livingston,1944-10-21,73,235,,,,,,,,,,,,"https://static.www.nfl.com/image/private/f_auto,q_auto/league/fsbu15xadd2rasisxgl8",,,,,,
1965,CHI,RB,FB,0,ACT,Joe Marconi,Joseph,Marconi,1934-02-06,74,225,,,,,,,,,,,,"https://static.www.nfl.com/image/private/f_auto,q_auto/league/h1ylqwyo5tuxiqmjfiif",,,,,,
1965,CHI,RB,RB,0,ACT,Gale Sayers,Gale,Sayers,1943-05-30,72,200,,,,,,,,,,,,"https://static.www.nfl.com/image/private/f_auto,q_auto/league/knt6fksmz05xswwgdncm",,,,,,
1965,CHI,TE,TE,0,ACT,Mike Ditka,Michael,Ditka,1939-10-18,75,228,,,,,,,,,,,,"https://static.www.nfl.com/image/private/f_auto,q_auto/league/doliffqmycbagbdanxh3",,,,,,
1965,CHI,TE,TE,0,ACT,Billy Martin,Jake,Martin,1942-10-27,76,235,,,,,,,,,,,,"https://static.www.nfl.com/image/private/f_auto,q_auto/league/gbphubnz487dbj5ykyfp",,,,,,
1965,CHI,WR,WR,0,ACT,Dick Gordon,Richard,Gordon,1944-01-01,71,190,,,,,,,,,,,,"https://static.www.nfl.com/image/private/f_auto,q_auto/league/z1lz0gwdw20vqpdvoln6",,,,,,
1965,CHI,WR,WR,0,ACT,Jim Jones,James,Jones,1941-03-03,75,195,,,,,,,,,,,,"https://static.www.nfl.com/image/private/f_auto,q_auto/league/mzxwbns26khybyta634c",,,,,,
1965,CHI,WR,WR,0,ACT,Johnny Morris,John,Morris,1935-09-26,70,180,,,,,,,,,,,,"https://static.www.nfl.com/image/private/f_auto,q_auto/league/psufww3ao0hwtqfe1gim",,,,,,
1965,CLE,DB,DB,0,ACT,Erich Barnes,Erich,Barnes,1935-07-04,74,212,,,,,,,,,,,,"https://static.www.nfl.com/image/private/f_auto,q_auto/league/zgrpqrw3l3fa0nmrbpy5",,,,,,
1965,CLE,DB,DB,0,ACT,Walter Beach,Walter,Beach,1935-01-31,72,190,,,,,,,,,,,,"https://static.www.nfl.com/image/private/f_auto,q_auto/league/wrdankg7e9fyxbvrf4pk",,,,,,
1965,CLE,DB,DB,0,ACT,Larry Benz,Larry,Benz,1941-01-28,71,185,,,,,,,,,,,,"https://static.www.nfl.com/image/private/f_auto,q_auto/league/qt9mxpugfyoe0j46ddep",,,,,,
1965,CLE,DB,DB,0,ACT,Ross Fichtner,Ross,Fichtner,1938-10-26,72,185,,,,,,,,,,,,"https://static.www.nfl.com/image/private/f_auto,q_auto/league/h7fmykci5s8gmgzformh",,,,,,
1965,CLE,DB,DB,0,ACT,Bobby Franklin,Bobby,Franklin,1936-10-05,71,182,,,,,,,,,,,,"https://static.www.nfl.com/image/private/f_auto,q_auto/league/jbhfjuxx50c0vldxtpml",,,,,,
1965,CLE,DB,DB,0,ACT,Mike Howell,Michael,Howell,1943-07-05,73,195,,,,,,,,,,,,"https://static.www.nfl.com/image/private/f_auto,q_auto/league/kfsmqix4txenamulmopi",,,,,,
1965,CLE,DB,DB,0,ACT,Bernie Parrish,Bernard,Parrish,1936-04-29,71,195,,,,,,,,,,,,"https://static.www.nfl.com/image/private/f_auto,q_auto/league/jvrkbbgnyeixbl47w7ne",,,,,,
1965,CLE,DL,DE,0,ACT,Jim Garcia,James,Garcia,1944-03-07,76,250,,,,,,,,,,,,"https://static.www.nfl.com/image/private/f_auto,q_auto/league/fr66a8jpxzr5rof9lqft",,,,,,
1965,CLE,DL,DE,0,ACT,Bill Glass,William,Glass,1935-08-16,77,255,,,,,,,,,,,,"https://static.www.nfl.com/image/private/f_auto,q_auto/league/bo7qgrdjnlxi67gotdjd",,,,,,
1965,CLE,DL,DT,0,ACT,Walter Johnson,Walter,Johnson,1942-11-13,76,265,,,,,,,,,,,,"https://static.www.nfl.com/image/private/f_auto,q_auto/league/xnjd4fuchmsw6n2zhfnx",,,,,,
1965,CLE,DL,DT,0,ACT,Jim Kanicki,James,Kanicki,1941-12-17,76,270,,,,,,,,,,,,"https://static.www.nfl.com/image/private/f_auto,q_auto/league/xxfp3ugueajnrwvv2h4u",,,,,,
1965,CLE,DL,DT,0,ACT,Dick Modzelewski,Richard,Modzelewski,1931-02-16,72,245,,,,,,,,,,,,"https://static.www.nfl.com/image/private/f_auto,q_auto/league/cacruku1gzxesqbtyncc",,,,,,
1965,CLE,DL,DE,0,ACT,Paul Wiggin,Paul,Wiggin,1934-11-18,75,245,,,,,,,,,,,,"https://static.www.nfl.com/image/private/f_auto,q_auto/league/bcym32acmmjoulxc5nnc",,,,,,
1965,CLE,LB,LB,0,ACT,Vince Costello,Vincent,Costello,1932-08-04,72,228,,,,,,,,,,,,"https://static.www.nfl.com/image/private/f_auto,q_auto/league/pay741dakzocdzwdejth",,,,,,
1965,CLE,LB,LB,0,ACT,Galen Fiss,Galen,Fiss,1931-07-10,72,227,,,,,,,,,,,,"https://static.www.nfl.com/image/private/f_auto,q_auto/league/gsnydhss6olfav53klgw",,,,,,
1965,CLE,LB,LB,0,ACT,Jim Houston,James,Houston,1937-11-03,75,240,,,,,,,,,,,,"https://static.www.nfl.com/image/private/f_auto,q_auto/league/pc8dqncxdwi860amtvy6",,,,,,
1965,CLE,LB,LB,0,ACT,Dale Lindsey,Phillip,Lindsey,1943-01-18,74,223,,,,,,,,,,,,"https://static.www.nfl.com/image/private/f_auto,q_auto/league/rnprqu0pkd0wtsfpbjop",,,,,,
1965,CLE,LB,LB,0,ACT,Stan Sczurek,Stanley,Sczurek,1937-03-07,71,230,,,,,,,,,,,,"https://static.www.nfl.com/image/private/f_auto,q_auto/league/nlwjdg4byocec5cbibzw",,,,,,
1965,CLE,LB,LB,0,ACT,Sid Williams,Sidney,Williams,1942-03-24,74,235,,,,,,,,,,,,"https://static.www.nfl.com/image/private/f_auto,q_auto/league/ts3nefsnurvbbdu1anuv",,,,,,
1965,CLE,OL,OT,0,ACT,John Brown,John,Brown,1939-06-09,74,248,,,,,,,,,,,,"https://static.www.nfl.com/image/private/f_auto,q_auto/league/xw9i4w5pb0jdnstf36pg",,,,,,
1965,CLE,OL,OT,0,ACT,Monte Clark,Monte,Clark,1937-01-24,78,265,,,,,,,,,,,,"https://static.www.nfl.com/image/private/f_auto,q_auto/league/wl9a0rsrbv6vdcsh4sjn",,,,,,
1965,CLE,OL,OT,0,ACT,Lou Groza,Louis,Groza,1924-01-25,75,240,,,,,,,,,,,,"https://static.www.nfl.com/image/private/f_auto,q_auto/league/i5qjaiawyxff7aq0yxzo",,,,,,
1965,CLE,OL,G,0,ACT,Gene Hickerson,Robert,Hickerson,1935-02-15,75,252,,,,,,,,,,,,"https://static.www.nfl.com/image/private/f_auto,q_auto/league/l0mc4u7zzii9q5qeehgw",,,,,,
1965,CLE,OL,G,0,ACT,Dale Memmelaar,Dale,Memmelaar,1937-01-15,74,248,,,,,,,,,,,,"https://static.www.nfl.com/image/private/f_auto,q_auto/league/wwd0wmhrqtu1jyp65ola",,,,,,
1965,CLE,OL,C,0,ACT,John Morrow,John,Morrow,1933-04-27,75,248,,,,,,,,,,,,"https://static.www.nfl.com/image/private/f_auto,q_auto/league/rhmvmztzkeriaec9ssgo",,,,,,
1965,CLE,OL,OT,0,ACT,Dick Schafrath,Richard,Schafrath,1937-03-21,75,248,,,,,,,,,,,,"https://static.www.nfl.com/image/private/f_auto,q_auto/league/clfphsmkawxffpazqvhf",,,,,,
1965,CLE,OL,G,0,ACT,John Wooten,John,Wooten,1936-12-05,74,250,,,,,,,,,,,,"https://static.www.nfl.com/image/private/f_auto,q_auto/league/conr45zkycbrdoddbkv0",,,,,,
1965,CLE,QB,QB,0,ACT,Jim Ninowski,James,Ninowski,1936-03-26,73,205,,,,,,,,,,,,"https://static.www.nfl.com/image/private/f_auto,q_auto/league/qls0jikodx6e1de2oqcm",,,,,,
1965,CLE,QB,QB,0,ACT,Frank Ryan,Frank,Ryan,1936-07-12,75,205,,,,,,,,,,,,"https://static.www.nfl.com/image/private/f_auto,q_auto/league/qyragjfoansn6q1wijhq",,,,,,
1965,CLE,RB,FB,0,ACT,Jim Brown,James,Brown,1936-02-17,74,232,,,,,,,,,,,,"https://static.www.nfl.com/image/private/f_auto,q_auto/league/putro8sfykabuanlfcu1",,,,,,
1965,CLE,RB,HB,0,ACT,Jamie Caleb,Jamie,Caleb,1936-10-29,73,210,,,,,,,,,,,,"https://static.www.nfl.com/image/private/f_auto,q_auto/league/lmav3lmjgbpn3uiayqa9",,,,,,
1965,CLE,RB,HB,0,ACT,Ernie Green,Ernest,Green,1938-10-15,74,205,,,,,,,,,,,,"https://static.www.nfl.com/image/private/f_auto,q_auto/league/e5aglq4pv1yvcqc3y8st",,,,,,
1965,CLE,RB,RB,0,ACT,Leroy Kelly,Leroy,Kelly,1942-05-20,72,202,,,,,,,,,,,,"https://static.www.nfl.com/image/private/f_auto,q_auto/league/vazgeyqy3obwg2gqgmbj",,,,,,
1965,CLE,RB,FB,0,ACT,Charlie Scales,Charles,Scales,1938-01-11,71,210,,,,,,,,,,,,"https://static.www.nfl.com/image/private/f_auto,q_auto/league/xqbuncmh5ho3wpdihbeh",,,,,,
1965,CLE,TE,TE,0,ACT,Johnny Brewer,Johnny,Brewer,1937-03-08,76,230,,,,,,,,,,,,"https://static.www.nfl.com/image/private/f_auto,q_auto/league/ynrpwkzb4t9x7x1jyr39",,,,,,
1965,CLE,TE,TE,0,ACT,Ralph Smith,Ralph,Smith,1938-12-01,74,215,,,,,,,,,,,,"https://static.www.nfl.com/image/private/f_auto,q_auto/league/xgiixjwoqb4bx4k3aomm",,,,,,
1965,CLE,WR,WR,0,ACT,Gary Collins,Gary,Collins,1940-08-20,77,215,,,,,,,,,,,,"https://static.www.nfl.com/image/private/f_auto,q_auto/league/x8cij3yfyooglx0be6wv",,,,,,
1965,CLE,WR,WR,0,ACT,Tom Hutchinson,Thomas,Hutchinson,1941-06-15,73,190,,,,,,,,,,,,"https://static.www.nfl.com/image/private/f_auto,q_auto/league/jtfwwxlhokm7pvryagds",,,,,,
1965,CLE,WR,WR,0,ACT,Clifton McNeil,Clifton,McNeil,1940-05-25,74,187,,,,,,,,,,,,"https://static.www.nfl.com/image/private/f_auto,q_auto/league/mokkeedxl8wkqkqkixnn",,,,,,
1965,CLE,WR,WR,0,ACT,Walter Roberts,Walter,Roberts,1942-02-15,69,163,,,,,,,,,,,,"https://static.www.nfl.com/image/private/f_auto,q_auto/league/ptliqmymy6b1ahlkfw4y",,,,,,
1965,CLE,WR,WR,0,ACT,Paul Warfield,Paul,Warfield,1942-11-28,72,188,,,,,,,,,,,,"https://static.www.nfl.com/image/private/f_auto,q_auto/league/lvgy4ffhozaherng6nky",,,,,,
1965,DAL,DB,DB,0,ACT,Don Bishop,Donald,Bishop,1934-07-01,74,209,,,,,,,,,,,,"https://static.www.nfl.com/image/private/f_auto,q_auto/league/gdsytagmlz0f1nkqcs5v",,,,,,
1965,DAL,DB,DB,0,ACT,Mike Gaechter,Michael,Gaechter,1940-01-09,72,190,,,,,,,,,,,,"https://static.www.nfl.com/image/private/f_auto,q_auto/league/fu3vfpcgxpc8okrwzx3h",,,,,,
1965,DAL,DB,DB,0,ACT,Cornell Green,Cornell,Green,1940-02-10,75,208,,,,,,,,,,,,"https://static.www.nfl.com/image/private/f_auto,q_auto/league/cz4p0r2xsmamzpyhtsao",,,,,,
1965,DAL,DB,DB,0,ACT,Warren Livingston,Warren,Livingston,1938-07-05,70,192,,,,,,,,,,,,"https://static.www.nfl.com/image/private/f_auto,q_auto/league/m1sbugd8fcsbjq7mqn5b",,,,,,
1965,DAL,DB,DB,0,ACT,Obert Logan,Obert,Logan,1941-12-06,70,182,,,,,,,,,,,,"https://static.www.nfl.com/image/private/f_auto,q_auto/league/lep3abxpou6hra5qe42i",,,,,,
1965,DAL,DB,DB,0,ACT,Mel Renfro,Melvin,Renfro,1941-12-30,72,190,,,,,,,,,,,,"https://static.www.nfl.com/image/private/f_auto,q_auto/league/iuei9varlvapbjlb0rg6",,,,,,
1965,DAL,DL,DE,0,ACT,George Andrie,George,Andrie,1940-04-20,78,250,,,,,,,,,,,,"https://static.www.nfl.com/image/private/f_auto,q_auto/league/i5vvvkhdbuesdyubat64",,,,,,
1965,DAL,DL,DT,0,ACT,Jim Colvin,James,Colvin,1937-11-30,75,252,,,,,,,,,,,,"https://static.www.nfl.com/image/private/f_auto,q_auto/league/jnga4dazltkxp8yo8b8t",,,,,,
1965,DAL,DL,DT,0,ACT,Bob Lilly,Robert,Lilly,1939-07-26,77,260,,,,,,,,,,,,"https://static.www.nfl.com/image/private/f_auto,q_auto/league/oexuhjy7i4uiaewlkn4p",,,,,,
1965,DAL,DL,DE,0,ACT,Garry Porterfield,Garry,Porterfield,1943-08-04,75,231,,,,,,,,,,,,"https://static.www.nfl.com/image/private/f_auto,q_auto/league/l1lwomca6h6nzpn6rnsh",,,,,,
1965,DAL,DL,DT,0,ACT,Jethro Pugh,Jethro,Pugh,1944-07-03,78,260,,,,,,,,,,,,"https://static.www.nfl.com/image/private/f_auto,q_auto/league/xsao4dstuttu4s24b79r",,,,,,
1965,DAL,DL,DE,0,ACT,Larry Stephens,Lawrence,Stephens,1938-09-24,75,250,,,,,,,,,,,,"https://static.www.nfl.com/image/private/f_auto,q_auto/league/crrbmtxxiulgbisglxy5",,,,,,
1965,DAL,DL,DE,0,ACT,Maury Youmans,Maurice,Youmans,1936-10-18,76,251,,,,,,,,,,,,"https://static.www.nfl.com/image/private/f_auto,q_auto/league/y4hdb5dnjopv3znb2xec",,,,,,
1965,DAL,K,K,0,ACT,Danny Villanueva,Daniel,Villanueva,1937-11-05,71,200,,,,,,,,,,,,"https://static.www.nfl.com/image/private/f_auto,q_auto/league/trkenchjpfnfqcymbach",,,,,,
1965,DAL,LB,LB,0,ACT,Dave Edwards,David,Edwards,1939-12-14,73,225,,,,,,,,,,,,"https://static.www.nfl.com/image/private/f_auto,q_auto/league/sfcc2p34h3nvcdlxmidf",,,,,,
1965,DAL,LB,LB,0,ACT,Harold Hays,Leo,Hays,1939-09-24,74,225,,,,,,,,,,,,"https://static.www.nfl.com/image/private/f_auto,q_auto/league/pjoivjnfmr9ur4xcrsiq",,,,,,
1965,DAL,LB,LB,0,ACT,Chuck Howley,Charles,Howley,1936-06-28,75,225,,,,,,,,,,,,"https://static.www.nfl.com/image/private/f_auto,q_auto/league/rqhgl1rcuyfg5vaq2h1p",,,,,,
1965,DAL,LB,LB,0,ACT,Lee Roy Jordan,Lee,Jordan,1941-04-27,73,221,,,,,,,,,,,,"https://static.www.nfl.com/image/private/f_auto,q_auto/league/kynb2immlunoxruncigc",,,,,,
1965,DAL,LB,LB,0,ACT,Jerry Tubbs,Gerald,Tubbs,1935-01-23,74,222,,,,,,,,,,,,"https://static.www.nfl.com/image/private/f_auto,q_auto/league/ujjchoynh6zxjsyaelwy",,,,,,
1965,DAL,LB,LB,0,ACT,Russell Wayt,Russell,Wayt,1942-10-06,76,235,,,,,,,,,,,,"https://static.www.nfl.com/image/private/f_auto,q_auto/league/alkjmuscbqudqbpvd8mp",,,,,,
1965,DAL,OL,OT,0,ACT,Jim Boeke,James,Boeke,1938-09-11,77,255,,,,,,,,,,,,"https://static.www.nfl.com/image/private/f_auto,q_auto/league/t1r9ofov3hvhq9oovlw4",,,,,,
1965,DAL,OL,C,0,ACT,Mike Connelly,Michael,Connelly,1935-10-16,76,247,,,,,,,,,,,,"https://static.www.nfl.com/image/private/f_auto,q_auto/league/oxitcbrxsaf6exij4mhv",,,,,,
1965,DAL,OL,G,0,ACT,Leon Donohue,Leon,Donohue,1939-03-25,76,245,,,,,,,,,,,,"https://static.www.nfl.com/image/private/f_auto,q_auto/league/seqlobeourmru0xhjkpr",,,,,,
1965,DAL,OL,OT,0,ACT,Mitch Johnson,Mitchell,Johnson,1942-03-01,76,251,,,,,,,,,,,,"https://static.www.nfl.com/image/private/f_auto,q_auto/league/sbbr0kjwcszzivzprljd",,,,,,
1965,DAL,OL,G,0,ACT,Jake Kupp,Jacob,Kupp,1941-03-12,75,248,,,,,,,,,,,,"https://static.www.nfl.com/image/private/f_auto,q_auto/league/voiuk7nvs7vu8xcem4wn",,,,,,
1965,DAL,OL,C,0,ACT,Dave Manders,David,Manders,1941-02-20,74,250,,,,,,,,,,,,"https://static.www.nfl.com/image/private/f_auto,q_auto/league/bbbrt2quhxvheutmrnuh",,,,,,
1965,DAL,OL,OT,0,ACT,Ralph Neely,Ralph,Neely,1943-09-12,78,265,,,,,,,,,,,,"https://static.www.nfl.com/image/private/f_auto,q_auto/league/mdc7attsdxt8xwndowj0",,,,,,
1965,DAL,OL,OT,0,ACT,Don Talbert,Don,Talbert,1939-03-01,77,255,,,,,,,,,,,,"https://static.www.nfl.com/image/private/f_auto,q_auto/league/awpxadqir1j4trfzla1d",,,,,,
1965,DAL,P,P,0,ACT,Colin Ridgway,Colin,Ridgway,1937-02-19,77,211,,,,,,,,,,,,"https://static.www.nfl.com/image/private/f_auto,q_auto/league/tdzuymlxzxjgiwtvvgwg",,,,,,
1965,DAL,QB,QB,0,ACT,Don Meredith,Joseph,Meredith,1938-04-10,75,210,,,,,,,,,,,,"https://static.www.nfl.com/image/private/f_auto,q_auto/league/magfdsfggvivh5kzif6m",,,,,,
1965,DAL,QB,QB,0,ACT,Craig Morton,Larry,Morton,1943-02-05,76,214,,,,,,,,,,,,"https://static.www.nfl.com/image/private/f_auto,q_auto/league/l6oeiikjiactlghgkf6o",,,,,,
1965,DAL,QB,QB,0,ACT,Jerry Rhome,Gerald,Rhome,1942-03-06,72,190,,,,,,,,,,,,"https://static.www.nfl.com/image/private/f_auto,q_auto/league/jts9us7jrb2hghzafgy4",,,,,,
1965,DAL,RB,RB,0,ACT,Perry Lee Dunn,Perry,Dunn,1941-01-20,74,210,,,,,,,,,,,,"https://static.www.nfl.com/image/private/f_auto,q_auto/league/p9415hjr73cwmdsvrxkp",,,,,,
1965,DAL,RB,FB,0,ACT,Don Perkins,Donald,Perkins,1938-03-04,70,204,,,,,,,,,,,,"https://static.www.nfl.com/image/private/f_auto,q_auto/league/q2h6kh2mlkocmfifcwb1",,,,,,
1965,DAL,RB,RB,0,ACT,Dan Reeves,Daniel,Reeves,1944-01-19,73,200,,,,,,,,,,,,"https://static.www.nfl.com/image/private/f_auto,q_auto/league/ywvnrjbvlxyhojixevyf",,,,,,
1965,DAL,RB,HB,0,ACT,J.D. Smith,J.,Smith,1932-07-19,73,212,,,,,,,,,,,,"https://static.www.nfl.com/image/private/f_auto,q_auto/league/t11hj6ejdflsldmrttq3",,,,,,
1965,DAL,RB,FB,0,TRT,Jim Stiger,James,Stiger,1941-01-07,70,214,,,,,,,,,,,,"https://static.www.nfl.com/image/private/f_auto,q_auto/league/eow8tvfkqlxsaivmw9dg",,,,,,
1965,DAL,RB,RB,0,ACT,A.D. Whitfield,A.,Whitfield,1943-09-02,70,200,,,,,,,,,,,,"https://static.www.nfl.com/image/private/f_auto,q_auto/league/usz7jgvpshus5fnivqh6",,,,,,
1965,DAL,TE,TE,0,ACT,Frank Clarke,Frank,Clarke,1934-02-07,73,215,,,,,,,,,,,,"https://static.www.nfl.com/image/private/f_auto,q_auto/league/fyixvmayd4asqkngqa1t",,,,,,
1965,DAL,TE,TE,0,ACT,Pettis Norman,Pettis,Norman,1939-01-04,75,222,,,,,,,,,,,,"https://static.www.nfl.com/image/private/f_auto,q_auto/league/p12a07hnfnlbukagvqw9",,,,,,
1965,DAL,WR,WR,0,ACT,Buddy Dial,Gilbert,Dial,1937-01-17,73,185,,,,,,,,,,,,"https://static.www.nfl.com/image/private/f_auto,q_auto/league/kqrcalg4amhno55sw8pl",,,,,,
1965,DAL,WR,WR,0,ACT,Pete Gent,George,Gent,1942-08-23,76,205,,,,,,,,,,,,"https://static.www.nfl.com/image/private/f_auto,q_auto/league/xbxov9ikfm0duucvs1gp",,,,,,
1965,DAL,WR,WR,0,ACT,Bob Hayes,Robert,Hayes,1942-12-20,71,185,,,,,,,,,,,,"https://static.www.nfl.com/image/private/f_auto,q_auto/league/o95jzm34aduoh9libdlk",,,,,,
1965,DEN,DB,DB,0,ACT,Willie Brown,William,Brown,1940-12-02,73,195,,,,,,,,,,,,"https://static.www.nfl.com/image/private/f_auto,q_auto/league/wj0n82c2oeuw4qflc76q",,,,,,
1965,DEN,DB,DB,0,ACT,Gerry Bussell,Gerald,Bussell,1943-09-07,72,190,,,,,,,,,,,,"https://static.www.nfl.com/image/private/f_auto,q_auto/league/bkcqxrr2hzsgpjgpzzfm",,,,,,
1965,DEN,DB,DB,0,TRT,Miller Farr,Miller,Farr,1943-04-08,73,190,,,,,,,,,,,,"https://static.www.nfl.com/image/private/f_auto,q_auto/league/qrwirdeisxslxkxqukqt",,,,,,
1965,DEN,DB,DB,0,ACT,Goose Gonsoulin,Austin,Gonsoulin,1938-06-07,75,210,,,,,,,,,,,,"https://static.www.nfl.com/image/private/f_auto,q_auto/league/r0hydwgiq28lu43m9gny",,,,,,
1965,DEN,DB,DB,0,ACT,John Griffin,John,Griffin,1939-11-02,73,190,,,,,,,,,,,,"https://static.www.nfl.com/image/private/f_auto,q_auto/league/ey5clvzciluozolu1ns9",,,,,,
1965,DEN,DB,DB,0,ACT,John McGeever,John,McGeever,1939-02-14,73,195,,,,,,,,,,,,"https://static.www.nfl.com/image/private/f_auto,q_auto/league/ngncbsvyfos9ahayvpoo",,,,,,
1965,DEN,DB,DB,0,ACT,Jim McMillin,James,McMillin,1939-09-18,72,190,,,,,,,,,,,,"https://static.www.nfl.com/image/private/f_auto,q_auto/league/uaq4rxk7x6aesyk47cx3",,,,,,
1965,DEN,DB,DB,0,ACT,Nemiah Wilson,Nemiah,Wilson,1943-04-06,72,165,,,,,,,,,,,,"https://static.www.nfl.com/image/private/f_auto,q_auto/league/ijdlbvccrzk270tmm8jn",,,,,,
1965,DEN,DL,DE,0,ACT,Ed Cooke,Edward,Cooke,1935-05-03,76,250,,,,,,,,,,,,"https://static.www.nfl.com/image/private/f_auto,q_auto/league/pocgskwieqmcsi2ppbbd",,,,,,
1965,DEN,DL,DT,0,ACT,Ray Jacobs,Hershel,Jacobs,1938-11-21,75,285,,,,,,,,,,,,"https://static.www.nfl.com/image/private/f_auto,q_auto/league/w5olckglzmfd8x5fdhpr",,,,,,
1965,DEN,DL,DT,0,ACT,Chuck Janerette,Charles,Janerette,1938-12-01,75,265,,,,,,,,,,,,"https://static.www.nfl.com/image/private/f_auto,q_auto/league/knpz6dptff7gixzxmusj",,,,,,
1965,DEN,DL,DE,0,ACT,Max Leetzow,Max,Leetzow,1943-09-17,76,240,,,,,,,,,,,,"https://static.www.nfl.com/image/private/f_auto,q_auto/league/qujhkwbvor4kdowy5yuj",,,,,,
1965,DEN,DL,DE,0,ACT,Leroy Moore,Leroy,Moore,1935-09-16,74,240,,,,,,,,,,,,"https://static.www.nfl.com/image/private/f_auto,q_auto/league/xegqyquwbajalwflk2z5",,,,,,
1965,DEN,DL,DT,0,ACT,Tom Nomina,Thomas,Nomina,1941-12-27,75,260,,,,,,,,,,,,"https://static.www.nfl.com/image/private/f_auto,q_auto/league/bei9sbwpvosrpgblz9qx",,,,,,
1965,DEN,DL,DT,0,ACT,Jim Thompson,James,Thompson,1940-12-04,75,255,,,,,,,,,,,,"https://static.www.nfl.com/image/private/f_auto,q_auto/league/fnd7rrr0bahotmmfhklc",,,,,,
1965,DEN,K,K,0,ACT,Gary Kroner,Gary,Kroner,1940-11-06,73,200,,,,,,,,,,,,"https://static.www.nfl.com/image/private/f_auto,q_auto/league/jtjl1uagogww7xz36wxg",,,,,,
1965,DEN,LB,LB,0,ACT,John Bramlett,John,Bramlett,1941-07-07,73,220,,,,,,,,,,,,"https://static.www.nfl.com/image/private/f_auto,q_auto/league/h79aklpkinmsldbhiwdi",,,,,,
1965,DEN,LB,LB,0,ACT,Ed Cummings,Edward,Cummings,1941-06-29,75,232,,,,,,,,,,,,"https://static.www.nfl.com/image/private/f_auto,q_auto/league/zlcfg87ljioe319lu0iv",,,,,,
1965,DEN,LB,LB,0,ACT,Tom Erlandson,Thomas,Erlandson,1940-03-24,75,235,,,,,,,,,,,,"https://static.www.nfl.com/image/private/f_auto,q_auto/league/rounb3xiribbmef3iy2t",,,,,,
1965,DEN,LB,LB,0,ACT,Jerry Hopkins,Jerrell,Hopkins,1941-01-24,74,235,,,,,,,,,,,,"https://static.www.nfl.com/image/private/f_auto,q_auto/league/a6cchiibr9shorw7ruea",,,,,,
1965,DEN,LB,LB,0,ACT,Gene Jeter,Eugene,Jeter,1942-02-09,75,235,,,,,,,,,,,,"https://static.www.nfl.com/image/private/f_auto,q_auto/league/rdyldq2l8mc9a6ij8tlk",,,,,,
1965,DEN,LB,LB,0,ACT,Jim Thibert,James,Thibert,1940-06-14,75,230,,,,,,,,,,,,"https://static.www.nfl.com/image/private/f_auto,q_auto/league/p5dksftgjpbmqvgdw4sj",,,,,,
1965,DEN,OL,OT,0,ACT,Lee Bernet,Lee,Bernet,1944-01-24,74,250,,,,,,,,,,,,"https://static.www.nfl.com/image/private/f_auto,q_auto/league/zw8objkswhflsek3wdkp",,,,,,
1965,DEN,OL,OT,0,ACT,Bob Breitenstein,Robert,Breitenstein,1943-04-08,75,265,,,,,,,,,,,,"https://static.www.nfl.com/image/private/f_auto,q_auto/league/nvnsti0ytsslanl3bppt",,,,,,
1965,DEN,OL,OT,0,ACT,Eldon Danenhauer,Eldon,Danenhauer,1935-10-04,77,245,,,,,,,,,,,,"https://static.www.nfl.com/image/private/f_auto,q_auto/league/zdbixwgrhxzjxqdloqrw",,,,,,
1965,DEN,OL,G,0,ACT,John Hohman,John,Hohman,1942-10-23,73,245,,,,,,,,,,,,"https://static.www.nfl.com/image/private/f_auto,q_auto/league/gquujyoqkeeagy7my5vc",,,,,,
1965,DEN,OL,C,0,ACT,Ray Kubala,Raymond,Kubala,1942-10-26,77,265,,,,,,,,,,,,"https://static.www.nfl.com/image/private/f_auto,q_auto/league/viiqu9sltr5ezssfguof",,,,,,
1965,DEN,OL,G,0,ACT,Bob McCullough,Robert,McCullough,1940-11-18,74,245,,,,,,,,,,,,"https://static.www.nfl.com/image/private/f_auto,q_auto/league/dq76mfvgy7dqjrjodfvi",,,,,,
1965,DEN,OL,G,0,ACT,Charlie Parker,Charles,Parker,1941-06-19,73,245,,,,,,,,,,,,"https://static.www.nfl.com/image/private/f_auto,q_auto/league/oqa3spqmmxajz7besuaz",,,,,,
1965,DEN,OL,OT,0,ACT,Jerry Sturm,Jerry,Sturm,1936-12-31,75,260,,,,,,,,,,,,"https://static.www.nfl.com/image/private/f_auto,q_auto/league/fs9ryvy8oeuuia9dxnj3",,,,,,
1965,DEN,QB,QB,0,ACT,Jacky Lee,Jack,Lee,1939-07-11,73,189,,,,,,,,,,,,"https://static.www.nfl.com/image/private/f_auto,q_auto/league/fodmytvf56rnqq1bocnl",,,,,,
1965,DEN,QB,QB,0,ACT,John McCormick,John,McCormick,1937-05-26,73,208,,,,,,,,,,,,"https://static.www.nfl.com/image/private/f_auto,q_auto/league/hrug0vaou3ghrihku0bf",,,,,,
1965,DEN,QB,QB,0,ACT,Mickey Slaughter,Milton,Slaughter,1941-08-22,74,204,,,,,,,,,,,,"https://static.www.nfl.com/image/private/f_auto,q_auto/league/rlzqe9czboyveejqpjtx",,,,,,
1965,DEN,RB,HB,0,ACT,Paul Carmichael,Paul,Carmichael,1944-08-28,72,200,,,,,,,,,,,,"https://static.www.nfl.com/image/private/f_auto,q_auto/league/vo24fxolu1lsft1ria0p",,,,,,
1965,DEN,RB,RB,0,ACT,Hewritt Dixon,Hewritt,Dixon,1940-01-08,73,230,,,,,,,,,,,,"https://static.www.nfl.com/image/private/f_auto,q_auto/league/nlxapg7tyt2zsz2rpdgh",,,,,,
1965,DEN,RB,FB,0,ACT,Cookie Gilchrist,Carlton,Gilchrist,1935-05-25,75,251,,,,,,,,,,,,"https://static.www.nfl.com/image/private/f_auto,q_auto/league/radbkdn2xajslkqttsoc",,,,,,
1965,DEN,RB,RB,0,ACT,Wendell Hayes,Wendell,Hayes,1940-08-05,73,220,,,,,,,,,,,,"https://static.www.nfl.com/image/private/f_auto,q_auto/league/zagc9ynhbfddt0v2nupa",,,,,,
1965,DEN,RB,HB,0,ACT,Abner Haynes,Abner,Haynes,1937-09-19,72,190,,,,,,,,,,,,"https://static.www.nfl.com/image/private/f_auto,q_auto/league/wsd6cybcicezv3acqutc",,,,,,
1965,DEN,RB,FB,0,ACT,Darrell Lester,Marcus,Lester,1940-11-06,74,228,,,,,,,,,,,,"https://static.www.nfl.com/image/private/f_auto,q_auto/league/fgkb863p581fpqj2gmdu",,,,,,
1965,DEN,RB,HB,0,ACT,Charley Mitchell,Charles,Mitchell,1940-05-25,71,185,,,,,,,,,,,,"https://static.www.nfl.com/image/private/f_auto,q_auto/league/cgb09mt5suvtqyorww7w",,,,,,
1965,DEN,WR,WR,0,ACT,Odell Barry,Odell,Barry,1941-10-10,70,180,,,,,,,,,,,,"https://static.www.nfl.com/image/private/f_auto,q_auto/league/s4f0iptgdrs73cqlmgpn",,,,,,
1965,DEN,WR,WR,0,ACT,Al Denson,Alfred,Denson,1942-01-02,74,208,,,,,,,,,,,,"https://static.www.nfl.com/image/private/f_auto,q_auto/league/siig5gjafpxocfu4lnw4",,,,,,
1965,DEN,WR,WR,0,ACT,Bob Scarpitto,Robert,Scarpitto,1939-01-07,71,192,,,,,,,,,,,,"https://static.www.nfl.com/image/private/f_auto,q_auto/league/xzyc177vpeydxkwnz7bz",,,,,,
1965,DEN,WR,WR,0,ACT,Lionel Taylor,Lionel,Taylor,1935-08-15,74,215,,,,,,,,,,,,"https://static.www.nfl.com/image/private/f_auto,q_auto/league/zow7akutmhrrfwdrpsna",,,,,,
1965,DET,DB,DB,0,ACT,Jimmy Hill,James,Hill,1928-08-26,74,190,,,,,,,,,,,,"https://static.www.nfl.com/image/private/f_auto,q_auto/league/qsooefp3arouvfrklwgq",,,,,,
1965,DET,DB,DB,0,ACT,Jim Kearney,James,Kearney,1943-01-21,74,206,,,,,,,,,,,,"https://static.www.nfl.com/image/private/f_auto,q_auto/league/dhew3ndx8jdoh66sl54l",,,,,,
1965,DET,DB,DB,0,ACT,Night Train Lane,Richard,Lane,1927-04-16,73,194,,,,,,,,,,,,"https://static.www.nfl.com/image/private/f_auto,q_auto/league/slazf2uydm3am5hfyztv",,,,,,
1965,DET,DB,CB,0,ACT,Dick LeBeau,Charles,LeBeau,1937-09-09,73,185,,,,,,,,,,,,"https://static.www.nfl.com/image/private/f_auto,q_auto/league/tjf5yf3rcodsvuvjrhf6",,,,,,
1965,DET,DB,DB,0,ACT,Bruce Maher,Bruce,Maher,1937-07-25,71,190,,,,,,,,,,,,"https://static.www.nfl.com/image/private/f_auto,q_auto/league/nugu83dzbbb4nqks6vbu",,,,,,
1965,DET,DB,DB,0,ACT,Wayne Rasmussen,Wayne,Rasmussen,1942-06-07,74,175,,,,,,,,,,,,"https://static.www.nfl.com/image/private/f_auto,q_auto/league/muzv79tu4dqkqi7odbvm",,,,,,
1965,DET,DB,DB,0,ACT,Bobby Smith,Robert,Smith,1938-07-05,71,197,,,,,,,,,,,,"https://static.www.nfl.com/image/private/f_auto,q_auto/league/vxe1vhggbs0i6icbgduk",,,,,,
1965,DET,DB,DB,0,ACT,Bobby Thompson,Robert,Thompson,1939-03-30,71,188,,,,,,,,,,,,"https://static.www.nfl.com/image/private/f_auto,q_auto/league/l2yomj8mxwbe7pgs2b3d",,,,,,
1965,DET,DB,DB,0,ACT,Tom Vaughn,Thomas,Vaughn,1943-02-28,71,190,,,,,,,,,,,,"https://static.www.nfl.com/image/private/f_auto,q_auto/league/b62haqhbvobon1bworo3",,,,,,
1965,DET,DL,DT,0,ACT,Roger Brown,Roger,Brown,1937-05-01,77,300,,,,,,,,,,,,"https://static.www.nfl.com/image/private/f_auto,q_auto/league/luuybkh1w6enmakbq7pa",,,,,,
1965,DET,DL,DE,0,ACT,Larry Hand,Lawrence,Hand,1940-07-10,76,250,,,,,,,,,,,,"https://static.www.nfl.com/image/private/f_auto,q_auto/league/vfbs3uhlqkbnenxpmtx2",,,,,,
1965,DET,DL,DT,0,ACT,Alex Karras,Alexander,Karras,1935-07-15,74,255,,,,,,,,,,,,"https://static.www.nfl.com/image/private/f_auto,q_auto/league/atlyjjglm8whgi8tiq9y",,,,,,
1965,DET,DL,DE,0,ACT,Darris McCord,Darris,McCord,1933-01-04,76,250,,,,,,,,,,,,"https://static.www.nfl.com/image/private/f_auto,q_auto/league/golkln2kdv63zribdc9l",,,,,,
1965,DET,DL,DT,0,ACT,Jerry Rush,Gerald,Rush,1942-08-07,76,265,,,,,,,,,,,,"https://static.www.nfl.com/image/private/f_auto,q_auto/league/hpwxycyzszftqricdpod",,,,,,
1965,DET,DL,DE,0,ACT,Sam Williams,Samuel,Williams,1931-03-09,77,245,,,,,,,,,,,,"https://static.www.nfl.com/image/private/f_auto,q_auto/league/tgcdwnroxtirhu7ewwl7",,,,,,
1965,DET,LB,LB,0,ACT,Ernie Clark,Ernest,Clark,1937-08-11,73,220,,,,,,,,,,,,"https://static.www.nfl.com/image/private/f_auto,q_auto/league/txt6dh9ql1dpylugezm2",,,,,,
1965,DET,LB,LB,0,ACT,Wally Hilgenberg,Walter,Hilgenberg,1942-09-19,75,229,,,,,,,,,,,,"https://static.www.nfl.com/image/private/f_auto,q_auto/league/sddoc6etc5r9uietg9jh",,,,,,
1965,DET,LB,LB,0,ACT,Mike Lucci,Michael,Lucci,1939-12-29,74,230,,,,,,,,,,,,"https://static.www.nfl.com/image/private/f_auto,q_auto/league/yh8sxqqj2sxzgitmg0bf",,,,,,
1965,DET,LB,LB,0,ACT,Joe Schmidt,Joseph,Schmidt,1932-01-19,73,220,,,,,,,,,,,,"https://static.www.nfl.com/image/private/f_auto,q_auto/league/ncpdhjvxeosbsgbmtnau",,,,,,
1965,DET,LB,LB,0,ACT,Wayne Walker,Wayne,Walker,1936-09-30,74,225,,,,,,,,,,,,"https://static.www.nfl.com/image/private/f_auto,q_auto/league/nsqn1sgfkobjzmatfnva",,,,,,
1965,DET,OL,C,0,ACT,Ed Flanagan,Edward,Flanagan,1944-02-23,75,245,,,,,,,,,,,,"https://static.www.nfl.com/image/private/f_auto,q_auto/league/yebfgbjlf14qenkw2k55",,,,,,
1965,DET,OL,G,0,ACT,John Gonzaga,John,Gonzaga,1933-03-06,75,250,,,,,,,,,,,,"https://static.www.nfl.com/image/private/f_auto,q_auto/league/hjhohxmqmkhslhocblwh",,,,,,
1965,DET,OL,G,0,ACT,John Gordy,John,Gordy,1935-06-17,75,250,,,,,,,,,,,,"https://static.www.nfl.com/image/private/f_auto,q_auto/league/toap8rlalu7wjhjuvvq6",,,,,,
1965,DET,OL,G,0,ACT,Ted Karras,Theodore,Karras,1934-01-31,73,243,,,,,,,,,,,,"https://static.www.nfl.com/image/private/f_auto,q_auto/league/gt4diusfb4pjtfb3t6zq",,,,,,
1965,DET,OL,OT,0,ACT,Daryl Sanders,Daryl,Sanders,1941-04-24,77,250,,,,,,,,,,,,"https://static.www.nfl.com/image/private/f_auto,q_auto/league/gbew3lrtrjioxnxy6wcr",,,,,,
1965,DET,OL,OT,0,ACT,Roger Shoals,Roger,Shoals,1938-12-13,76,260,,,,,,,,,,,,"https://static.www.nfl.com/image/private/f_auto,q_auto/league/ldcnoxbnz2oryatrmqea",,,,,,
1965,DET,OL,OT,0,ACT,Jim Simon,James,Simon,1940-03-22,76,240,,,,,,,,,,,,"https://static.www.nfl.com/image/private/f_auto,q_auto/league/tswkq6fxpujplrvkme4p",,,,,,
1965,DET,OL,C,0,ACT,Bob Whitlow,Robert,Whitlow,1936-02-15,74,236,,,,,,,,,,,,"https://static.www.nfl.com/image/private/f_auto,q_auto/league/lymauijkqjnem6049qa0",,,,,,
1965,DET,QB,QB,0,ACT,George Izo,George,Izo,1937-09-20,76,218,,,,,,,,,,,,"https://static.www.nfl.com/image/private/f_auto,q_auto/league/jey8i2tx3b0zwq9yayk6",,,,,,
1965,DET,QB,QB,0,ACT,Tom Myers,Thomas,Myers,1943-08-13,73,188,,,,,,,,,,,,"https://static.www.nfl.com/image/private/f_auto,q_auto/league/ves0xjadut79vhfegize",,,,,,
1965,DET,QB,QB,0,ACT,Milt Plum,Milton,Plum,1935-01-20,73,205,,,,,,,,,,,,"https://static.www.nfl.com/image/private/f_auto,q_auto/league/ohqlori9wh8crjisqclb",,,,,,
1965,DET,RB,HB,0,ACT,Bobby Felts,Bobby,Felts,1942-06-26,74,202,,,,,,,,,,,,"https://static.www.nfl.com/image/private/f_auto,q_auto/league/fdkmuohu5ofspkfiimqc",,,,,,
1965,DET,RB,FB,0,ACT,Joe Don Looney,Joe,Looney,1942-10-10,73,230,,,,,,,,,,,,"https://static.www.nfl.com/image/private/f_auto,q_auto/league/jpp6sujjegkh2vhbgy3y",,,,,,
1965,DET,RB,HB,0,ACT,Amos Marsh,Amos,Marsh,1939-05-07,72,220,,,,,,,,,,,,"https://static.www.nfl.com/image/private/f_auto,q_auto/league/o3z4edrbyxwewlwissat",,,,,,
1965,DET,RB,FB,0,ACT,Tom Nowatzke,Thomas,Nowatzke,1942-09-30,75,230,,,,,,,,,,,,"https://static.www.nfl.com/image/private/f_auto,q_auto/league/hwxpziueun2alfee5tpx",,,,,,
1965,DET,RB,FB,0,ACT,Nick Pietrosante,Nicholas,Pietrosante,1937-09-10,74,225,,,,,,,,,,,,"https://static.www.nfl.com/image/private/f_auto,q_auto/league/pxycj5sfhwn41izku7wy",,,,,,
1965,DET,RB,HB,0,ACT,Tom Watkins,Thomas,Watkins,1937-10-23,72,195,,,,,,,,,,,,"https://static.www.nfl.com/image/private/f_auto,q_auto/league/wwmrg3ny1ouibxrrjtxk",,,,,,
1965,DET,TE,TE,0,ACT,Jim Gibbons,James,Gibbons,1936-09-26,74,220,,,,,,,,,,,,"https://static.www.nfl.com/image/private/f_auto,q_auto/league/gymfdtgfdzqnbxu9i4vs",,,,,,
1965,DET,TE,TE,0,ACT,Ron Kramer,Ronald,Kramer,1935-06-24,75,240,,,,,,,,,,,,"https://static.www.nfl.com/image/private/f_auto,q_auto/league/rplz3sr4prliwcgslfbb",,,,,,
1965,DET,WR,WR,0,ACT,Terry Barr,Terry,Barr,1935-08-10,72,189,,,,,,,,,,,,"https://static.www.nfl.com/image/private/f_auto,q_auto/league/x8egtd5zgkms2ku9frf1",,,,,,
1965,DET,WR,WR,0,ACT,Gail Cogdill,Gail,Cogdill,1937-04-07,75,200,,,,,,,,,,,,"https://static.www.nfl.com/image/private/f_auto,q_auto/league/zxr1sxslkge1dsggvq0s",,,,,,
1965,DET,WR,WR,0,ACT,John Henderson,John,Henderson,1943-03-21,75,195,,,,,,,,,,,,"https://static.www.nfl.com/image/private/f_auto,q_auto/league/cznn2ngsmsoubon5sdg7",,,,,,
1965,DET,WR,WR,0,ACT,Pat Studstill,Patrick,Studstill,1938-06-04,72,180,,,,,,,,,,,,"https://static.www.nfl.com/image/private/f_auto,q_auto/league/qhpkhqk9dekmbc1lm0nt",,,,,,
1965,GB,DB,CB,0,ACT,Herb Adderley,Herbert,Adderley,1939-06-08,72,205,,,,,,,,,,,,"https://static.www.nfl.com/image/private/f_auto,q_auto/league/kjbrtceqe7vnnnie4xu8",,,,,,
1965,GB,DB,DB,0,ACT,Tom Brown,Thomas,Brown,1940-12-12,73,192,,,,,,,,,,,,"https://static.www.nfl.com/image/private/f_auto,q_auto/league/varpczsf6mwrzyejzgsa",,,,,,
1965,GB,DB,DB,0,ACT,Hank Gremminger,Charles,Gremminger,1933-09-01,73,200,,,,,,,,,,,,"https://static.www.nfl.com/image/private/f_auto,q_auto/league/iefw1ylwembg4pin0s9r",,,,,,
1965,GB,DB,DB,0,ACT,Doug Hart,Douglas,Hart,1939-06-03,72,190,,,,,,,,,,,,"https://static.www.nfl.com/image/private/f_auto,q_auto/league/xlnhei8bb2welwghj6wz",,,,,,
1965,GB,DB,DB,0,ACT,Bob Jeter,Robert,Jeter,1937-05-09,73,200,,,,,,,,,,,,"https://static.www.nfl.com/image/private/f_auto,q_auto/league/fofqbq7oopxym0hxer7z",,,,,,
1965,GB,DB,DB,0,ACT,Willie Wood,William,Wood,1936-12-23,70,190,,,,,,,,,,,,"https://static.www.nfl.com/image/private/f_auto,q_auto/league/ulue5pwtmac1y8ul3x0q",,,,,,
1965,GB,DL,DE,0,ACT,Lionel Aldridge,Lionel,Aldridge,1941-02-14,75,254,,,,,,,,,,,,"https://static.www.nfl.com/image/private/f_auto,q_auto/league/fuxhvolevxazpgunnkkd",,,,,,
1965,GB,DL,DE,0,ACT,Willie Davis,William,Davis,1934-07-24,75,245,,,,,,,,,,,,"https://static.www.nfl.com/image/private/f_auto,q_auto/league/udvrmskeahek5sjpqq1u",,,,,,
1965,GB,DL,DT,0,ACT,Henry Jordan,Henry,Jordan,1935-01-26,74,250,,,,,,,,,,,,"https://static.www.nfl.com/image/private/f_auto,q_auto/league/k3t4ouxrowhke0pkhpac",,,,,,
1965,GB,DL,DT,0,ACT,Ron Kostelnik,Ronald,Kostelnik,1940-01-14,76,260,,,,,,,,,,,,"https://static.www.nfl.com/image/private/f_auto,q_auto/league/cmatevgnzz4ejraqekwp",,,,,,
1965,GB,DL,DT,0,ACT,Bud Marshall,Richard,Marshall,1941-09-12,76,270,,,,,,,,,,,,"https://static.www.nfl.com/image/private/f_auto,q_auto/league/bchtrtmvs9xzxrbalte7",,,,,,
1965,GB,DL,DE,0,ACT,Lloyd Voss,Lloyd,Voss,1942-02-13,76,256,,,,,,,,,,,,"https://static.www.nfl.com/image/private/f_auto,q_auto/league/i9orrk9egkxrm3cmi2l9",,,,,,
1965,GB,K,K,0,ACT,Don Chandler,Donald,Chandler,1934-09-05,74,215,,,,,,,,,,,,"https://static.www.nfl.com/image/private/f_auto,q_auto/league/c4obdvw1ude6auaix3j8",,,,,,
1965,GB,LB,LB,0,ACT,Lee Roy Caffey,Lee,Caffey,1941-06-03,76,240,,,,,,,,,,,,"https://static.www.nfl.com/image/private/f_auto,q_auto/league/bltq1azaovgw655pufia",,,,,,
1965,GB,LB,LB,0,ACT,Tommy Crutcher,Tommy,Crutcher,1941-08-10,76,230,,,,,,,,,,,,"https://static.www.nfl.com/image/private/f_auto,q_auto/league/aiqeuwfnnt2ita6sytc3",,,,,,
1965,GB,LB,LB,0,ACT,Bill Curry,William,Curry,1942-10-21,75,235,,,,,,,,,,,,"https://static.www.nfl.com/image/private/f_auto,q_auto/league/ckebttchwzkuzvrtytl6",,,,,,
1965,GB,LB,LB,0,ACT,Ray Nitschke,Raymond,Nitschke,1936-12-29,75,235,,,,,,,,,,,,"https://static.www.nfl.com/image/private/f_auto,q_auto/league/g4a3ds2su6ddaaqbbmtu",,,,,,
1965,GB,LB,LB,0,ACT,Dave Robinson,Richard,Robinson,1941-05-03,75,245,,,,,,,,,,,,"https://static.www.nfl.com/image/private/f_auto,q_auto/league/g74lkcvdos6bfbd3fiaj",,,,,,
1965,GB,OL,C,0,ACT,Ken Bowman,Kenneth,Bowman,1942-12-15,75,230,,,,,,,,,,,,"https://static.www.nfl.com/image/private/f_auto,q_auto/league/yt2elubprsyqvvd7byat",,,,,,
1965,GB,OL,G,0,ACT,Forrest Gregg,Alvis,Gregg,1933-10-18,76,250,,,,,,,,,,,,"https://static.www.nfl.com/image/private/f_auto,q_auto/league/rzuofqlearoppgqdqtku",,,,,,
1965,GB,OL,G,0,ACT,Dan Grimm,Daniel,Grimm,1941-02-07,75,245,,,,,,,,,,,,"https://static.www.nfl.com/image/private/f_auto,q_auto/league/spfwf4980lii0poippbd",,,,,,
1965,GB,OL,G,0,ACT,Jerry Kramer,Gerald,Kramer,1936-01-23,75,245,,,,,,,,,,,,"https://static.www.nfl.com/image/private/f_auto,q_auto/league/fn6bbten6djxmdxwtcn0",,,,,,
1965,GB,OL,OT,0,ACT,Bob Skoronski,Robert,Skoronski,1934-03-05,75,250,,,,,,,,,,,,"https://static.www.nfl.com/image/private/f_auto,q_auto/league/wq9fvlydoalooylxeirp",,,,,,
1965,GB,OL,G,0,ACT,Fuzzy Thurston,Frederick,Thurston,1933-12-29,73,250,,,,,,,,,,,,"https://static.www.nfl.com/image/private/f_auto,q_auto/league/hnuemfzs1ozli34wm4yd",,,,,,
1965,GB,OL,OT,0,ACT,Steve Wright,Stephen,Wright,1942-07-17,78,250,,,,,,,,,,,,"https://static.www.nfl.com/image/private/f_auto,q_auto/league/vcbzxz6pp8phacv9koam",,,,,,
1965,GB,QB,QB,0,ACT,Zeke Bratkowski,Edmund,Bratkowski,1931-10-20,74,210,,,,,,,,,,,,"https://static.www.nfl.com/image/private/f_auto,q_auto/league/kentod4dlvnxdwmhcepl",,,,,,
1965,GB,QB,QB,0,ACT,Dennis Claridge,Dennis,Claridge,1941-08-18,74,220,,,,,,,,,,,,"https://static.www.nfl.com/image/private/f_auto,q_auto/league/d7eyyxykwkbecmlszkyc",,,,,,
1965,GB,QB,QB,0,ACT,Bart Starr,Bryan,Starr,1934-01-09,73,195,,,,,,,,,,,,"https://static.www.nfl.com/image/private/f_auto,q_auto/league/hstldooxal3emktovptz",,,,,,
1965,GB,RB,RB,0,ACT,Junior Coffey,Junior,Coffey,1942-03-21,74,215,,,,,,,,,,,,"https://static.www.nfl.com/image/private/f_auto,q_auto/league/yjv0bhfvg7qvgsxokpuf",,,,,,
1965,GB,RB,HB,0,ACT,Paul Hornung,Paul,Hornung,1935-12-23,74,215,,,,,,,,,,,,"https://static.www.nfl.com/image/private/f_auto,q_auto/league/ij6poqqwvlthrj04dkir",,,,,,
1965,GB,RB,FB,0,ACT,Allen Jacobs,Allen,Jacobs,1941-05-19,73,215,,,,,,,,,,,,"https://static.www.nfl.com/image/private/f_auto,q_auto/league/ibtqxyzpfcvbuf6qnxrt",,,,,,
1965,GB,RB,HB,0,ACT,Tom Moore,Thomas,Moore,1938-07-17,74,215,,,,,,,,,,,,"https://static.www.nfl.com/image/private/f_auto,q_auto/league/dqcoold7yju9o1zvcwgg",,,,,,
1965,GB,RB,RB,0,ACT,Elijah Pitts,Elijah,Pitts,1938-02-03,73,210,,,,,,,,,,,,"https://static.www.nfl.com/image/private/f_auto,q_auto/league/to7evruhsjloyzxqexxh",,,,,,
1965,GB,RB,FB,0,ACT,Jim Taylor,James,Taylor,1935-09-20,72,215,,,,,,,,,,,,"https://static.www.nfl.com/image/private/f_auto,q_auto/league/iegpmghocdl2shgkb4qf",,,,,,
1965,GB,TE,TE,0,ACT,Bill Anderson,Walter,Anderson,1936-07-16,75,216,,,,,,,,,,,,"https://static.www.nfl.com/image/private/f_auto,q_auto/league/cuipzx51dshyaw0ethhp",,,,,,
1965,GB,TE,TE,0,ACT,Marv Fleming,Marvin,Fleming,1942-01-02,76,232,,,,,,,,,,,,"https://static.www.nfl.com/image/private/f_auto,q_auto/league/cyijeeyp8ytuuhhgqsgs",,,,,,
1965,GB,WR,WR,0,ACT,Carroll Dale,Carroll,Dale,1938-04-24,74,200,,,,,,,,,,,,"https://static.www.nfl.com/image/private/f_auto,q_auto/league/cawoax9jlkga6c0erbje",,,,,,
1965,GB,WR,WR,0,ACT,Boyd Dowler,Boyd,Dowler,1937-10-18,77,225,,,,,,,,,,,,"https://static.www.nfl.com/image/private/f_auto,q_auto/league/htaqmrv7tx8spw72oims",,,,,,
1965,GB,WR,WR,0,ACT,Bob Long,Robert,Long,1942-06-16,75,205,,,,,,,,,,,,"https://static.www.nfl.com/image/private/f_auto,q_auto/league/j4l8h6phwnk6mkinifsw",,,,,,
1965,GB,WR,WR,0,ACT,Max McGee,William,McGee,1932-07-16,75,205,,,,,,,,,,,,"https://static.www.nfl.com/image/private/f_auto,q_auto/league/pf3jygfdosbyveh9ym8o",,,,,,
1965,HOU,DB,DB,0,ACT,Tony Banfield,James,Banfield,1937-12-18,73,185,,,,,,,,,,,,"https://static.www.nfl.com/image/private/f_auto,q_auto/league/qbpii6fab5wideed6kva",,,,,,
1965,HOU,DB,DB,0,ACT,Fred Glick,Frederick,Glick,1937-02-25,73,190,,,,,,,,,,,,"https://static.www.nfl.com/image/private/f_auto,q_auto/league/m5xsbkhhoszwztc8q0s6",,,,,,
1965,HOU,DB,DB,0,ACT,W.K. Hicks,Wilmer,Hicks,1942-07-14,73,195,,,,,,,,,,,,"https://static.www.nfl.com/image/private/f_auto,q_auto/league/sbfg51g6bge2mx5qpfi4",,,,,,
1965,HOU,DB,DB,0,ACT,Bobby Jancik,Robert,Jancik,1940-02-09,71,178,,,,,,,,,,,,"https://static.www.nfl.com/image/private/f_auto,q_auto/league/nqao5846jzgqosvkfsg8",,,,,,
1965,HOU,DB,DB,0,ACT,Pete Jaquess,Lindel,Jaquess,1940-12-25,72,185,,,,,,,,,,,,"https://static.www.nfl.com/image/private/f_auto,q_auto/league/nqzsy3f78bednvmbosct",,,,,,
1965,HOU,DB,DB,0,ACT,Jim Norton,James,Norton,1938-10-20,75,190,,,,,,,,,,,,"https://static.www.nfl.com/image/private/f_auto,q_auto/league/pflegifg7ybbioiet3zi",,,,,,
1965,HOU,DL,DT,0,ACT,Scott Appleton,Gordon,Appleton,1942-02-20,75,260,,,,,,,,,,,,"https://static.www.nfl.com/image/private/f_auto,q_auto/league/qt3komz4ju3ufg7gzloe",,,,,,
1965,HOU,DL,DE,0,ACT,Gary Cutsinger,Gary,Cutsinger,1940-02-04,77,245,,,,,,,,,,,,"https://static.www.nfl.com/image/private/f_auto,q_auto/league/uarkwyaugylsvv7qbjvj",,,,,,
1965,HOU,DL,DE,0,ACT,Bob Evans,Robert,Evans,1942-02-09,75,250,,,,,,,,,,,,"https://static.www.nfl.com/image/private/f_auto,q_auto/league/ze58esh7r3jyfj2dvxgk",,,,,,
1965,HOU,DL,DE,0,ACT,Don Floyd,Donald,Floyd,1938-07-10,75,245,,,,,,,,,,,,"https://static.www.nfl.com/image/private/f_auto,q_auto/league/wt6u8scz2jps7p3bpayi",,,,,,
1965,HOU,DL,DT,0,ACT,Jim Hayes,James,Hayes,1940-11-26,76,265,,,,,,,,,,,,"https://static.www.nfl.com/image/private/f_auto,q_auto/league/cvkklodmnakqqadem746",,,,,,
1965,HOU,DL,DT,0,ACT,Ed Husmann,Edward,Husmann,1931-08-06,74,245,,,,,,,,,,,,"https://static.www.nfl.com/image/private/f_auto,q_auto/league/h5wiqbdnsmapy5ymo543",,,,,,
1965,HOU,DL,DE,0,ACT,George Kinney,George,Kinney,1942-11-13,76,250,,,,,,,,,,,,"https://static.www.nfl.com/image/private/f_auto,q_auto/league/zko0wojlvxpnsuog4hih",,,,,,
1965,HOU,DL,DT,0,ACT,Bud McFadin,Lewis,McFadin,1928-08-21,75,260,,,,,,,,,,,,"https://static.www.nfl.com/image/private/f_auto,q_auto/league/sjy4ilv3ax6cmoqkoxvl",,,,,,
1965,HOU,DL,DT,0,ACT,Art Strahan,Arthur,Strahan,1943-07-17,77,260,,,,,,,,,,,,"https://static.www.nfl.com/image/private/f_auto,q_auto/league/jimka2ksigbvomllbcyo",,,,,,
1965,HOU,LB,LB,0,ACT,Johnny Baker,John,Baker,1941-03-15,75,230,,,,,,,,,,,,"https://static.www.nfl.com/image/private/f_auto,q_auto/league/g1aj7lxuhqpzhoohfmjl",,,,,,
1965,HOU,LB,LB,0,ACT,Danny Brabham,Daniel,Brabham,1941-02-25,76,235,,,,,,,,,,,,"https://static.www.nfl.com/image/private/f_auto,q_auto/league/wnbpriyltyu8v8gl7qpq",,,,,,
1965,HOU,LB,LB,0,ACT,Tom Goode,Thomas,Goode,1938-12-01,75,245,,,,,,,,,,,,"https://static.www.nfl.com/image/private/f_auto,q_auto/league/xaggigjxt5uweqyef59a",,,,,,
1965,HOU,LB,LB,0,ACT,Bobby Maples,Bobby,Maples,1942-12-28,75,250,,,,,,,,,,,,"https://static.www.nfl.com/image/private/f_auto,q_auto/league/az1usqjqu7cd0cu37xxz",,,,,,
1965,HOU,LB,LB,0,ACT,Larry Onesti,Lawrence,Onesti,1938-11-12,72,195,,,,,,,,,,,,"https://static.www.nfl.com/image/private/f_auto,q_auto/league/uehe6v1qu7amn2qi6aew",,,,,,
1965,HOU,LB,LB,0,ACT,Charlie Rieves,Charles,Rieves,1939-01-06,73,218,,,,,,,,,,,,"https://static.www.nfl.com/image/private/f_auto,q_auto/league/xut9lcrztqq763ekf3kg",,,,,,
1965,HOU,OL,G,0,ACT,Sonny Bishop,Erwin,Bishop,1939-10-01,74,245,,,,,,,,,,,,"https://static.www.nfl.com/image/private/f_auto,q_auto/league/sjophrklxgxnaqz9lfr6",,,,,,
1965,HOU,OL,OT,0,ACT,Norm Evans,Norman,Evans,1942-09-28,77,250,,,,,,,,,,,,"https://static.www.nfl.com/image/private/f_auto,q_auto/league/ykbhgvv5x97wmvw2zlq0",,,,,,
1965,HOU,OL,C,0,ACT,Wayne Frazier,William,Frazier,1939-03-05,75,245,,,,,,,,,,,,"https://static.www.nfl.com/image/private/f_auto,q_auto/league/ksuobzwi0mvakenhv3jx",,,,,,
1965,HOU,OL,C,0,ACT,John Frongillo,John,Frongillo,1939-10-12,75,255,,,,,,,,,,,,"https://static.www.nfl.com/image/private/f_auto,q_auto/league/ca4186j8e2pgpravtjfv",,,,,,
1965,HOU,OL,OT,0,ACT,Rich Michael,Richard,Michael,1938-11-15,75,242,,,,,,,,,,,,"https://static.www.nfl.com/image/private/f_auto,q_auto/league/qof8xinpquhwvul3remu",,,,,,
1965,HOU,OL,OT,0,ACT,Walt Suggs,William,Suggs,1939-05-15,77,260,,,,,,,,,,,,"https://static.www.nfl.com/image/private/f_auto,q_auto/league/esvqx9ysz2vgybjnawpp",,,,,,
1965,HOU,OL,G,0,ACT,Bob Talamini,Robert,Talamini,1939-01-08,73,255,,,,,,,,,,,,"https://static.www.nfl.com/image/private/f_auto,q_auto/league/w2yeu5eihrz38ius8vy1",,,,,,
1965,HOU,OL,OT,0,ACT,Maxie Williams,Maxie,Williams,1940-06-28,76,250,,,,,,,,,,,,"https://static.www.nfl.com/image/private/f_auto,q_auto/league/uvqd7o1xf9dt8nceqble",,,,,,
1965,HOU,OL,G,0,ACT,John Wittenborn,John,Wittenborn,1936-03-01,74,240,,,,,,,,,,,,"https://static.www.nfl.com/image/private/f_auto,q_auto/league/ecxvybv3p7wytgftzean",,,,,,
1965,HOU,QB,QB,0,ACT,George Blanda,George,Blanda,1927-09-17,74,215,,,,,,,,,,,,"https://static.www.nfl.com/image/private/f_auto,q_auto/league/aofp1gfh2uwiundjxs4h",,,,,,
1965,HOU,QB,QB,0,ACT,Don Trull,Donald,Trull,1941-10-20,73,195,,,,,,,,,,,,"https://static.www.nfl.com/image/private/f_auto,q_auto/league/webnsxafccs5bhwnitfq",,,,,,
1965,HOU,RB,RB,0,ACT,Ode Burrell,Ode,Burrell,1939-09-15,72,190,,,,,,,,,,,,"https://static.www.nfl.com/image/private/f_auto,q_auto/league/osdqi7aikbzi5yb4jkdb",,,,,,
1965,HOU,RB,HB,0,ACT,B.W. Cheeks,Billy,Cheeks,1941-08-01,73,229,,,,,,,,,,,,"https://static.www.nfl.com/image/private/f_auto,q_auto/league/ptvzuprcwul0k7syctju",,,,,,
1965,HOU,RB,RB,0,ACT,Doug Cline,Charles,Cline,1938-03-22,74,230,,,,,,,,,,,,"https://static.www.nfl.com/image/private/f_auto,q_auto/league/kruxdgdbdbzvmoboaolu",,,,,,
1965,HOU,RB,FB,0,ACT,Dalton Hoffman,Johnie,Hoffman,1941-12-23,72,207,,,,,,,,,,,,"https://static.www.nfl.com/image/private/f_auto,q_auto/league/cggqxtdj25llkzqdasaz",,,,,,
1965,HOU,RB,FB,0,ACT,Harry Hooligan,Henry,Hooligan,1938-09-13,74,225,,,,,,,,,,,,"https://static.www.nfl.com/image/private/f_auto,q_auto/league/zusem701yabxavlzgntq",,,,,,
1965,HOU,RB,FB,0,ACT,Bobby Jackson,Robert,Jackson,1940-03-16,75,238,,,,,,,,,,,,"https://static.www.nfl.com/image/private/f_auto,q_auto/league/w2zrzsmhltdqm1sujz1f",,,,,,
1965,HOU,RB,FB,0,ACT,Keith Kinderman,Keith,Kinderman,1940-04-16,72,221,,,,,,,,,,,,"https://static.www.nfl.com/image/private/f_auto,q_auto/league/fqgl84v4mbdurqnxrzwb",,,,,,
1965,HOU,RB,FB,0,ACT,Jack Spikes,Jack,Spikes,1937-02-05,74,210,,,,,,,,,,,,"https://static.www.nfl.com/image/private/f_auto,q_auto/league/yrpsvgasw1zr4shnaxkz",,,,,,
1965,HOU,RB,FB,0,ACT,Charley Tolar,Charles,Tolar,1937-09-05,65,200,,,,,,,,,,,,"https://static.www.nfl.com/image/private/f_auto,q_auto/league/bu0zubtsickojkske4n7",,,,,,
1965,HOU,TE,TE,0,ACT,Willie Frazier,Willie,Frazier,1942-06-19,76,225,,,,,,,,,,,,"https://static.www.nfl.com/image/private/f_auto,q_auto/league/tanxmsfmpcylain48tie",,,,,,
1965,HOU,TE,TE,0,ACT,Bob McLeod,Robert,McLeod,1938-11-10,76,240,,,,,,,,,,,,"https://static.www.nfl.com/image/private/f_auto,q_auto/league/dpwezzrjoy9v1pu8esas",,,,,,
1965,HOU,WR,WR,0,ACT,Dick Compton,Richard,Compton,1940-04-16,74,190,,,,,,,,,,,,"https://static.www.nfl.com/image/private/f_auto,q_auto/league/fh4wa2u4xfqyw5qqh4kj",,,,,,
1965,HOU,WR,WR,0,ACT,Charley Frazier,Charles,Frazier,1939-08-12,72,190,,,,,,,,,,,,"https://static.www.nfl.com/image/private/f_auto,q_auto/league/ivlkupvpmffjfhyqn2gx",,,,,,
1965,HOU,WR,WR,0,ACT,Charley Hennigan,Charles,Hennigan,1935-03-19,73,187,,,,,,,,,,,,"https://static.www.nfl.com/image/private/f_auto,q_auto/league/do3yqskrgxaydlug1t9l",,,,,,
1965,HOU,WR,WR,0,ACT,Sammy Weir,Samuel,Weir,1941-03-18,69,170,,,,,,,,,,,,"https://static.www.nfl.com/image/private/f_auto,q_auto/league/n8vedsrhj3j0rnjnnqwm",,,,,,
1965,KC,DB,DB,0,ACT,Solomon Brannan,Solomon,Brannan,1941-09-05,73,188,,,,,,,,,,,,"https://static.www.nfl.com/image/private/f_auto,q_auto/league/covxz5mrubjpk735rxm4",,,,,,
1965,KC,DB,DB,0,ACT,Bobby Hunt,Robert,Hunt,1940-08-15,73,185,,,,,,,,,,,,"https://static.www.nfl.com/image/private/f_auto,q_auto/league/bpaiepfinfkq86tbi4oy",,,,,,
1965,KC,DB,DB,0,ACT,Willie Mitchell,William,Mitchell,1940-08-28,72,185,,,,,,,,,,,,"https://static.www.nfl.com/image/private/f_auto,q_auto/league/o2mzfaphds5fthqbphwr",,,,,,
1965,KC,DB,DB,0,ACT,Bobby Ply,Robert,Ply,1940-08-13,73,190,,,,,,,,,,,,"https://static.www.nfl.com/image/private/f_auto,q_auto/league/mnvhnfq1nod37eq993zz",,,,,,
1965,KC,DB,DB,0,ACT,Fred Williamson,Frederick,Williamson,1937-03-05,75,219,,,,,,,,,,,,"https://static.www.nfl.com/image/private/f_auto,q_auto/league/sthvjaole9dpve0yixo9",,,,,,
1965,KC,DL,DE,0,ACT,Mel Branch,Melvin,Branch,1937-02-15,74,230,,,,,,,,,,,,"https://static.www.nfl.com/image/private/f_auto,q_auto/league/myquorpzefaubgkmvwfc",,,,,,
1965,KC,DL,DT,0,ACT,Buck Buchanan,Junious,Buchanan,1940-09-10,79,270,,,,,,,,,,,,"https://static.www.nfl.com/image/private/f_auto,q_auto/league/rgsjpli56ff1vbjsdcr7",,,,,,
1965,KC,DL,DT,0,ACT,Al Dotson,Alphonse,Dotson,1943-02-25,76,260,,,,,,,,,,,,"https://static.www.nfl.com/image/private/f_auto,q_auto/league/el6z6ovlyczcrg28vcz1",,,,,,
1965,KC,DL,DT,0,ACT,Curt Farrier,Curtis,Farrier,1941-06-25,78,264,,,,,,,,,,,,"https://static.www.nfl.com/image/private/f_auto,q_auto/league/ffsaubxmrrzeuvjxc2iz",,,,,,
1965,KC,DL,DE,0,ACT,Chuck Hurston,Charles,Hurston,1942-11-09,78,240,,,,,,,,,,,,"https://static.www.nfl.com/image/private/f_auto,q_auto/league/xioeycuxwkzwore0pccz",,,,,,
1965,KC,DL,DT,0,ACT,Ed Lothamer,Edward,Lothamer,1942-05-20,77,270,,,,,,,,,,,,"https://static.www.nfl.com/image/private/f_auto,q_auto/league/onfjygb2fgcaisolk9tv",,,,,,
1965,KC,DL,DE,0,ACT,Jerry Mays,Gerald,Mays,1939-11-24,76,252,,,,,,,,,,,,"https://static.www.nfl.com/image/private/f_auto,q_auto/league/u4jvrlvha0fjkmdd0cj7",,,,,,
1965,KC,DL,DT,0,ACT,Hatch Rosdahl,Harrison,Rosdahl,1941-08-24,76,250,,,,,,,,,,,,"https://static.www.nfl.com/image/private/f_auto,q_auto/league/h7hnquiesoh8j7qt1ire",,,,,,
1965,KC,LB,LB,0,ACT,Bobby Bell,Robert,Bell,1940-06-17,76,228,,,,,,,,,,,,"https://static.www.nfl.com/image/private/f_auto,q_auto/league/w0b7zeus969ljhh1hqoo",,,,,,
1965,KC,LB,LB,0,ACT,Ronnie Caveness,Ronald,Caveness,1943-03-06,73,225,,,,,,,,,,,,"https://static.www.nfl.com/image/private/f_auto,q_auto/league/cxncvjccjst4xzaj7ztl",,,,,,
1965,KC,LB,LB,0,ACT,Walt Corey,Walter,Corey,1938-05-09,74,240,,,,,,,,,,,,"https://static.www.nfl.com/image/private/f_auto,q_auto/league/q0r6zxukwyf3eprlbr03",,,,,,
1965,KC,LB,LB,0,ACT,Jim Fraser,James,Fraser,1936-05-29,75,236,,,,,,,,,,,,"https://static.www.nfl.com/image/private/f_auto,q_auto/league/gz0bspn4a3qtmfdijid5",,,,,,
1965,KC,LB,LB,0,ACT,Sherrill Headrick,Sherrill,Headrick,1937-03-13,74,240,,,,,,,,,,,,"https://static.www.nfl.com/image/private/f_auto,q_auto/league/dasnflhirm29raoei2f9",,,,,,
1965,KC,LB,LB,0,ACT,E.J. Holub,Emil,Holub,1938-01-05,76,236,,,,,,,,,,,,"https://static.www.nfl.com/image/private/f_auto,q_auto/league/n8cmmmm4ujilbiqwlofb",,,,,,
1965,KC,LB,LB,0,ACT,Smokey Stover,Stewart,Stover,1938-08-24,72,227,,,,,,,,,,,,"https://static.www.nfl.com/image/private/f_auto,q_auto/league/tnlaptfxodd80bspqovj",,,,,,
1965,KC,OL,G,0,ACT,Denny Biodrowski,Dennis,Biodrowski,1940-06-27,73,250,,,,,,,,,,,,"https://static.www.nfl.com/image/private/f_auto,q_auto/league/bslasbiff07pzwiav8fa",,,,,,
1965,KC,OL,G,0,ACT,Ed Budde,Edward,Budde,1940-11-02,77,265,,,,,,,,,,,,"https://static.www.nfl.com/image/private/f_auto,q_auto/league/e8wrgnyukemaarae0ahr",,,,,,
1965,KC,OL,OT,0,ACT,Jerry Cornelison,Jerry,Cornelison,1936-09-13,76,250,,,,,,,,,,,,"https://static.www.nfl.com/image/private/f_auto,q_auto/league/iepe20dthkkq7faxbled",,,,,,
1965,KC,OL,C,0,ACT,Jon Gilliam,Jon,Gilliam,1938-10-22,74,240,,,,,,,,,,,,"https://static.www.nfl.com/image/private/f_auto,q_auto/league/wrlqcxrceswh4wi90hrv",,,,,,
1965,KC,OL,OT,0,ACT,Dave Hill,David,Hill,1941-02-01,77,260,,,,,,,,,,,,"https://static.www.nfl.com/image/private/f_auto,q_auto/league/zkyeesabna75b7ukjgt4",,,,,,
1965,KC,OL,G,0,ACT,Curt Merz,Curtis,Merz,1938-04-17,76,267,,,,,,,,,,,,"https://static.www.nfl.com/image/private/f_auto,q_auto/league/tticvhfk35ohzlznkhfo",,,,,,
1965,KC,OL,G,0,ACT,Al Reynolds,Allan,Reynolds,1938-02-15,75,250,,,,,,,,,,,,"https://static.www.nfl.com/image/private/f_auto,q_auto/league/evtxvenc7vcpadgvr3bx",,,,,,
1965,KC,OL,OT,0,ACT,Jim Tyrer,James,Tyrer,1939-02-25,78,280,,,,,,,,,,,,"https://static.www.nfl.com/image/private/f_auto,q_auto/league/j9a9utdik24nyew1h8di",,,,,,
1965,KC,P,P,0,ACT,Jerrel Wilson,Jerrel,Wilson,1941-10-04,74,222,,,,,,,,,,,,"https://static.www.nfl.com/image/private/f_auto,q_auto/league/yqjs0f5vuy4obxbb8hd6",,,,,,
1965,KC,QB,QB,0,ACT,Pete Beathard,Peter,Beathard,1942-03-07,73,200,,,,,,,,,,,,"https://static.www.nfl.com/image/private/f_auto,q_auto/league/mmbuixascoqfgpsal6qk",,,,,,
1965,KC,QB,QB,0,ACT,Len Dawson,Leonard,Dawson,1935-06-20,72,190,,,,,,,,,,,,"https://static.www.nfl.com/image/private/f_auto,q_auto/league/wjhfcfla4n2g59oax8od",,,,,,
1965,KC,RB,HB,0,ACT,Bert Coan,Elroy,Coan,1940-07-02,77,220,,,,,,,,,,,,"https://static.www.nfl.com/image/private/f_auto,q_auto/league/p8lxy6en1eci88buq8us",,,,,,
1965,KC,RB,FB,0,ACT,Mack Lee Hill,Mack,Hill,1940-08-17,71,225,,,,,,,,,,,,"https://static.www.nfl.com/image/private/f_auto,q_auto/league/rjaxh4wqb7yobhvf6i3i",,,,,,
1965,KC,RB,FB,0,ACT,Curtis McClinton,Curtis,McClinton,1939-06-25,75,227,,,,,,,,,,,,"https://static.www.nfl.com/image/private/f_auto,q_auto/league/xdjo6oin3o8fg1vcufh5",,,,,,
1965,KC,RB,HB,0,ACT,Johnny Robinson,Johnny,Robinson,1938-09-09,73,205,,,,,,,,,,,,"https://static.www.nfl.com/image/private/f_auto,q_auto/league/w9dspwk9h0m9w1lzmjxv",,,,,,
1965,KC,TE,TE,0,ACT,Fred Arbanas,Frederick,Arbanas,1939-01-14,75,240,,,,,,,,,,,,"https://static.www.nfl.com/image/private/f_auto,q_auto/league/duhfwlzzpag2tndd09so",,,,,,
1965,KC,TE,TE,0,ACT,Reg Carolan,Reginald,Carolan,1939-10-25,78,236,,,,,,,,,,,,"https://static.www.nfl.com/image/private/f_auto,q_auto/league/psrdpwgkkx6fcuh5ilak",,,,,,
1965,KC,WR,WR,0,ACT,Tommy Brooker,William,Brooker,1939-10-31,74,235,,,,,,,,,,,,"https://static.www.nfl.com/image/private/f_auto,q_auto/league/mexhiykhcmzmd3p5nwop",,,,,,
1965,KC,WR,WR,0,ACT,Chris Burford,Christopher,Burford,1938-01-31,75,220,,,,,,,,,,,,"https://static.www.nfl.com/image/private/f_auto,q_auto/league/hx8kqk3yky1yc3bqbuld",,,,,,
1965,KC,WR,WR,0,ACT,Frank Jackson,Frank,Jackson,1939-04-14,73,185,,,,,,,,,,,,"https://static.www.nfl.com/image/private/f_auto,q_auto/league/aqbig6prfmvuj8vvzdgh",,,,,,
1965,KC,WR,WR,0,ACT,Frank Pitts,Frank,Pitts,1943-11-12,75,199,,,,,,,,,,,,"https://static.www.nfl.com/image/private/f_auto,q_auto/league/dme3ntxummmigygn13xy",,,,,,
1965,KC,WR,WR,0,ACT,Otis Taylor,Otis,Taylor,1942-08-11,75,215,,,,,,,,,,,,"https://static.www.nfl.com/image/private/f_auto,q_auto/league/s5h1i5gzvj8it36plklj",,,,,,
1965,LA,DB,DB,0,ACT,Chuck Lamson,Charles,Lamson,1939-03-14,72,190,,,,,,,,,,,,"https://static.www.nfl.com/image/private/f_auto,q_auto/league/uwvdyvvej5pdoly12n0c",,,,,,
1965,LA,DB,DB,0,ACT,Aaron Martin,Aaron,Martin,1942-02-10,72,190,,,,,,,,,,,,"https://static.www.nfl.com/image/private/f_auto,q_auto/league/ggqwzfmismozylpxrtr0",,,,,,
1965,LA,DB,DB,0,ACT,Danny McIlhany,Joseph,McIlhany,1943-01-12,73,195,,,,,,,,,,,,"https://static.www.nfl.com/image/private/f_auto,q_auto/league/xvpxnnfat8lp6d1y1tx2",,,,,,
1965,LA,DB,DB,0,ACT,Ed Meador,Edward,Meador,1937-08-10,71,199,,,,,,,,,,,,"https://static.www.nfl.com/image/private/f_auto,q_auto/league/rubav9m9sk9c07jr1m5b",,,,,,
1965,LA,DB,DB,0,ACT,Jerry Richardson,Jerry,Richardson,1941-11-13,75,190,,,,,,,,,,,,"https://static.www.nfl.com/image/private/f_auto,q_auto/league/oln7eitvugvtnw69xlm8",,,,,,
1965,LA,DB,DB,0,TRT,Bobby Smith,Robert,Smith,1938-07-05,71,197,,,,,,,,,,,,"https://static.www.nfl.com/image/private/f_auto,q_auto/league/vxe1vhggbs0i6icbgduk",,,,,,
1965,LA,DB,DB,0,ACT,Clancy Williams,Clarence,Williams,1942-09-24,75,194,,,,,,,,,,,,"https://static.www.nfl.com/image/private/f_auto,q_auto/league/kvzeufrot1ya2dtwyagv",,,,,,
1965,LA,DL,DT,0,ACT,Rosey Grier,Roosevelt,Grier,1932-07-14,77,290,,,,,,,,,,,,"https://static.www.nfl.com/image/private/f_auto,q_auto/league/hkaibpzfzpfywdjs7ovq",,,,,,
1965,LA,DL,DE,0,ACT,Deacon Jones,David,Jones,1938-12-09,77,272,,,,,,,,,,,,"https://static.www.nfl.com/image/private/f_auto,q_auto/league/cfh2fb47ajwczu6rwtpx",,,,,,
1965,LA,DL,DE,0,ACT,Lamar Lundy,Lamar,Lundy,1935-04-17,79,260,,,,,,,,,,,,"https://static.www.nfl.com/image/private/f_auto,q_auto/league/ba1qyaiogve5wa80uuqc",,,,,,
1965,LA,DL,DT,0,ACT,Frank Molden,William,Molden,1942-07-28,77,276,,,,,,,,,,,,"https://static.www.nfl.com/image/private/f_auto,q_auto/league/lwbxlrc1wmeee73tcbd8",,,,,,
1965,LA,DL,DT,0,ACT,Merlin Olsen,Merlin,Olsen,1940-09-15,77,270,,,,,,,,,,,,"https://static.www.nfl.com/image/private/f_auto,q_auto/league/bx9kvq0i5ezla38ap9hl",,,,,,
1965,LA,DL,DE,0,ACT,Tim Powell,Tim,Powell,1942-09-02,76,248,,,,,,,,,,,,"https://static.www.nfl.com/image/private/f_auto,q_auto/league/nzhs0n7oohxbbuelo8e7",,,,,,
1965,LA,K,K,0,ACT,Bruce Gossett,Daniel,Gossett,1941-11-09,73,204,,,,,,,,,,,,"https://static.www.nfl.com/image/private/f_auto,q_auto/league/uxqmu2sssdeitlyfztkc",,,,,,
1965,LA,LB,LB,0,ACT,Fred Brown,Fred,Brown,1943-05-04,76,240,,,,,,,,,,,,"https://static.www.nfl.com/image/private/f_auto,q_auto/league/zsecev6m2pq5xkx1q9tm",,,,,,
1965,LA,LB,LB,0,ACT,Mac Byrd,McArthur,Byrd,1942-04-28,72,215,,,,,,,,,,,,"https://static.www.nfl.com/image/private/f_auto,q_auto/league/wujzl1c0tqkirafu7fmn",,,,,,
1965,LA,LB,LB,0,ACT,Dan Currie,Daniel,Currie,1935-06-27,75,235,,,,,,,,,,,,"https://static.www.nfl.com/image/private/f_auto,q_auto/league/bicxcabfsc2ortqbw6gs",,,,,,
1965,LA,LB,LB,0,ACT,Tony Guillory,Anthony,Guillory,1940-11-10,76,236,,,,,,,,,,,,"https://static.www.nfl.com/image/private/f_auto,q_auto/league/atgb5yabjcy0xaefcpnp",,,,,,
1965,LA,LB,LB,0,ACT,Cliff Livingston,Clifford,Livingston,1930-07-02,75,218,,,,,,,,,,,,"https://static.www.nfl.com/image/private/f_auto,q_auto/league/hywshahxfbchvcep8sjj",,,,,,
1965,LA,LB,LB,0,TRT,Mike Strofolino,Michael,Strofolino,1944-02-06,74,230,,,,,,,,,,,,"https://static.www.nfl.com/image/private/f_auto,q_auto/league/exbtgt9svrdkq0exi8dk",,,,,,
1965,LA,LB,LB,0,ACT,Doug Woodlief,Douglas,Woodlief,1943-09-04,75,225,,,,,,,,,,,,"https://static.www.nfl.com/image/private/f_auto,q_auto/league/yg5iyaocsxhlqxlhl8f7",,,,,,
1965,LA,OL,OT,0,ACT,Joe Carollo,Joseph,Carollo,1940-03-25,74,265,,,,,,,,,,,,"https://static.www.nfl.com/image/private/f_auto,q_auto/league/athuuvkzgoif1pqwlkrn",,,,,,
1965,LA,OL,G,0,ACT,Don Chuy,Donald,Chuy,1941-07-20,72,260,,,,,,,,,,,,"https://static.www.nfl.com/image/private/f_auto,q_auto/league/sxxb0g9ggmagttnp3mdx",,,,,,
1965,LA,OL,OT,0,ACT,Charley Cowan,Charles,Cowan,1938-06-19,77,265,,,,,,,,,,,,"https://static.www.nfl.com/image/private/f_auto,q_auto/league/smbtbeas3vmqlt62d03m",,,,,,
1965,LA,OL,C,0,ACT,Ken Iman,Kenneth,Iman,1939-02-08,73,240,,,,,,,,,,,,"https://static.www.nfl.com/image/private/f_auto,q_auto/league/shwjqh0naajeavztxcrm",,,,,,
1965,LA,OL,C,0,ACT,Frank Marchlewski,Frank,Marchlewski,1943-10-14,74,240,,,,,,,,,,,,"https://static.www.nfl.com/image/private/f_auto,q_auto/league/lafyxa9evlrvw0iwyfu6",,,,,,
1965,LA,OL,G,0,ACT,Roger Pillath,Roger,Pillath,1941-12-21,76,242,,,,,,,,,,,,"https://static.www.nfl.com/image/private/f_auto,q_auto/league/gpmrqzdhy6g3wow35s1s",,,,,,
1965,LA,OL,G,0,ACT,Joe Scibelli,Joseph,Scibelli,1939-04-19,72,255,,,,,,,,,,,,"https://static.www.nfl.com/image/private/f_auto,q_auto/league/csvi3yoc8b0byuvmz6bq",,,,,,
1965,LA,OL,OT,0,ACT,Frank Varrichione,Frank,Varrichione,1932-01-14,73,234,,,,,,,,,,,,"https://static.www.nfl.com/image/private/f_auto,q_auto/league/ym3pfqpbc25qm2kzbfm1",,,,,,
1965,LA,OL,C,0,ACT,Joe Wendryhoski,Joseph,Wendryhoski,1938-03-01,74,245,,,,,,,,,,,,"https://static.www.nfl.com/image/private/f_auto,q_auto/league/lgrniwr4sv54s6li6fvn",,,,,,
1965,LA,P,P,0,ACT,Jon Kilgore,Jon,Kilgore,1943-12-03,73,205,,,,,,,,,,,,"https://static.www.nfl.com/image/private/f_auto,q_auto/league/fnwdeex82eudo9zv79o0",,,,,,
1965,LA,QB,QB,0,ACT,Terry Baker,Terry,Baker,1941-05-05,75,200,,,,,,,,,,,,"https://static.www.nfl.com/image/private/f_auto,q_auto/league/tlxqr8wtsnljp0eg9k9n",,,,,,
1965,LA,QB,QB,0,ACT,Roman Gabriel,Roman,Gabriel,1940-08-05,77,220,,,,,,,,,,,,"https://static.www.nfl.com/image/private/f_auto,q_auto/league/covm0ylw2noyhqzejuwe",,,,,,
1965,LA,QB,QB,0,ACT,Billy Lothridge,Billy,Lothridge,1942-01-01,74,194,,,,,,,,,,,,"https://static.www.nfl.com/image/private/f_auto,q_auto/league/enm26dmp863iz6mozcey",,,,,,
1965,LA,QB,QB,0,ACT,Bill Munson,William,Munson,1941-08-11,74,210,,,,,,,,,,,,"https://static.www.nfl.com/image/private/f_auto,q_auto/league/cougml4dr9a5i5tlts1g",,,,,,
1965,LA,QB,QB,0,ACT,Ron Smith,Ronald,Smith,1942-06-27,77,220,,,,,,,,,,,,"https://static.www.nfl.com/image/private/f_auto,q_auto/league/pk5yffwrd7fkyndvj3me",,,,,,
1965,LA,RB,FB,0,ACT,Dick Bass,Richard,Bass,1937-03-15,70,200,,,,,,,,,,,,"https://static.www.nfl.com/image/private/f_auto,q_auto/league/otrqh2k8ovtcmmzt7gv3",,,,,,
1965,LA,RB,RB,0,ACT,Les Josephson,Lester,Josephson,1942-07-29,73,207,,,,,,,,,,,,"https://static.www.nfl.com/image/private/f_auto,q_auto/league/mg4hnx4vrfveyeh4zdki",,,,,,
1965,LA,RB,FB,0,ACT,Jim Stiger,James,Stiger,1941-01-07,70,214,,,,,,,,,,,,"https://static.www.nfl.com/image/private/f_auto,q_auto/league/eow8tvfkqlxsaivmw9dg",,,,,,
1965,LA,RB,FB,0,ACT,Ben Wilson,Benjamin,Wilson,1939-03-09,72,225,,,,,,,,,,,,"https://static.www.nfl.com/image/private/f_auto,q_auto/league/hdxs9mqkh9gy0xloiqcl",,,,,,
1965,LA,TE,TE,0,ACT,Marlin McKeever,Marlin,McKeever,1940-01-01,73,235,,,,,,,,,,,,"https://static.www.nfl.com/image/private/f_auto,q_auto/league/e2yatjea1zraodlikxsm",,,,,,
1965,LA,TE,TE,0,ACT,Billy Truax,William,Truax,1943-07-15,77,240,,,,,,,,,,,,"https://static.www.nfl.com/image/private/f_auto,q_auto/league/zq3k6yzt4qoe5x8ezigd",,,,,,
1965,LA,WR,WR,0,ACT,Willie Brown,Willie,Brown,1942-03-21,72,188,,,,,,,,,,,,"https://static.www.nfl.com/image/private/f_auto,q_auto/league/rjzb3hcpzrvwoxo9fwxz",,,,,,
1965,LA,WR,WR,0,ACT,Steve Heckard,Robert,Heckard,1943-04-12,73,195,,,,,,,,,,,,"https://static.www.nfl.com/image/private/f_auto,q_auto/league/rawr1evcwidfsqcomtx4",,,,,,
1965,LA,WR,WR,0,ACT,Tommy McDonald,Thomas,McDonald,1934-07-26,69,175,,,,,,,,,,,,"https://static.www.nfl.com/image/private/f_auto,q_auto/league/npgauvcjnh8dvxadcrpy",,,,,,
1965,LA,WR,WR,0,ACT,Jack Snow,Jack,Snow,1943-01-25,74,190,,,,,,,,,,,,"https://static.www.nfl.com/image/private/f_auto,q_auto/league/jckdtrznfgtvjclg3dvy",,,,,,
1965,MIN,DB,DB,0,ACT,Lee Calland,Arthur,Calland,1941-09-14,72,190,,,,,,,,,,,,"https://static.www.nfl.com/image/private/f_auto,q_auto/league/peusb8scczqtsvjmwbkr",,,,,,
1965,MIN,DB,DB,0,ACT,Gary Hill,Gary,Hill,1943-06-28,72,200,,,,,,,,,,,,"https://static.www.nfl.com/image/private/f_auto,q_auto/league/zdabpzdutkkzdv2xwacy",,,,,,
1965,MIN,DB,DB,0,ACT,Jeff Jordan,Jefferson,Jordan,1943-11-23,75,190,,,,,,,,,,,,"https://static.www.nfl.com/image/private/f_auto,q_auto/league/ng8b0cqnozin1ewvsiby",,,,,,
1965,MIN,DB,DB,0,ACT,Karl Kassulke,Karl,Kassulke,1941-03-20,72,195,,,,,,,,,,,,"https://static.www.nfl.com/image/private/f_auto,q_auto/league/h25nk4ld5gtryh2ooghi",,,,,,
1965,MIN,DB,DB,0,ACT,Earsell Mackbee,James,Mackbee,1941-01-15,73,195,,,,,,,,,,,,"https://static.www.nfl.com/image/private/f_auto,q_auto/league/roou8utrz7zdt10thpzt",,,,,,
1965,MIN,DB,DB,0,ACT,George Rose,George,Rose,1942-01-01,71,200,,,,,,,,,,,,"https://static.www.nfl.com/image/private/f_auto,q_auto/league/pymn31swnjhozuogj4vs",,,,,,
1965,MIN,DB,DB,0,ACT,Ed Sharockman,Edward,Sharockman,1939-11-04,72,200,,,,,,,,,,,,"https://static.www.nfl.com/image/private/f_auto,q_auto/league/mhvfl9mpbno74srm468z",,,,,,
1965,MIN,DB,DB,0,ACT,Larry Vargo,Lawrence,Vargo,1939-04-05,75,215,,,,,,,,,,,,"https://static.www.nfl.com/image/private/f_auto,q_auto/league/yhxobtsscxwetzgsgfz6",,,,,,
1965,MIN,DL,DT,0,ACT,Paul Dickson,Paul,Dickson,1937-02-26,77,250,,,,,,,,,,,,"https://static.www.nfl.com/image/private/f_auto,q_auto/league/hu0kv01j0h32jgfij3tz",,,,,,
1965,MIN,DL,DE,81,ACT,Carl Eller,Carl,Eller,1942-02-25,78,247,,,,,,,,,,,,"https://static.www.nfl.com/image/private/f_auto,q_auto/league/na8f3ix0kqx5cf3rfq5q",,,,,,
1965,MIN,DL,DT,0,ACT,Gary Larsen,Gary,Larsen,1940-03-13,77,261,,,,,,,,,,,,"https://static.www.nfl.com/image/private/f_auto,q_auto/league/ovtoy9vaenybacdjp9m4",,,,,,
1965,MIN,DL,DE,0,ACT,Jim Marshall,James,Marshall,1937-12-30,76,248,,,,,,,,,,,,"https://static.www.nfl.com/image/private/f_auto,q_auto/league/veib7fd7zwbpkpp4xlf5",,,,,,
1965,MIN,DL,DT,0,ACT,Jim Prestel,James,Prestel,1937-06-28,77,275,,,,,,,,,,,,"https://static.www.nfl.com/image/private/f_auto,q_auto/league/xfv3db4rmkfti1pqynri",,,,,,
1965,MIN,K,K,0,ACT,Fred Cox,Frederick,Cox,1938-12-11,71,200,,,,,,,,,,,,"https://static.www.nfl.com/image/private/f_auto,q_auto/league/mxt3crmvnuyd2b7hjmii",,,,,,
1965,MIN,LB,LB,0,ACT,Rip Hawkins,Ross,Hawkins,1939-04-21,75,235,,,,,,,,,,,,"https://static.www.nfl.com/image/private/f_auto,q_auto/league/bvyf4fc76w2yaz28bpwv",,,,,,
1965,MIN,LB,LB,0,ACT,Bill Jobko,William,Jobko,1935-10-07,74,235,,,,,,,,,,,,"https://static.www.nfl.com/image/private/f_auto,q_auto/league/w08auxud2wtlxnmcb4jo",,,,,,
1965,MIN,LB,LB,0,ACT,John Kirby,John,Kirby,1942-05-30,75,230,,,,,,,,,,,,"https://static.www.nfl.com/image/private/f_auto,q_auto/league/ccgyevlykjlr2qy4iw8t",,,,,,
1965,MIN,LB,LB,0,ACT,Lonnie Warwick,Lonnie,Warwick,1942-02-26,75,238,,,,,,,,,,,,"https://static.www.nfl.com/image/private/f_auto,q_auto/league/mwsuexblhmjlqn10ydhh",,,,,,
1965,MIN,LB,LB,0,ACT,Roy Winston,Roy,Winston,1940-09-15,71,222,,,,,,,,,,,,"https://static.www.nfl.com/image/private/f_auto,q_auto/league/e2d3xjgeuzkcwqwxnbzf",,,,,,
1965,MIN,OL,OT,0,ACT,Grady Alderman,Grady,Alderman,1938-12-10,74,247,,,,,,,,,,,,"https://static.www.nfl.com/image/private/f_auto,q_auto/league/mu1jwgbg9crsb3aqidor",,,,,,
1965,MIN,OL,G,0,ACT,Larry Bowie,Lawrence,Bowie,1939-10-13,74,245,,,,,,,,,,,,"https://static.www.nfl.com/image/private/f_auto,q_auto/league/dteqthddmuajsgwkhuxi",,,,,,
1965,MIN,OL,G,0,ACT,Ken Byers,Kenneth,Byers,1940-04-06,73,240,,,,,,,,,,,,"https://static.www.nfl.com/image/private/f_auto,q_auto/league/uphbgmwkqiylvwam57kw",,,,,,
1965,MIN,OL,OT,0,ACT,Errol Linden,Errol,Linden,1937-10-21,77,260,,,,,,,,,,,,"https://static.www.nfl.com/image/private/f_auto,q_auto/league/lu0d8juydxpwgkz1epmf",,,,,,
1965,MIN,OL,G,0,ACT,Milt Sunde,Milton,Sunde,1942-02-01,74,250,,,,,,,,,,,,"https://static.www.nfl.com/image/private/f_auto,q_auto/league/vwnabx0wosgozijlxdh1",,,,,,
1965,MIN,OL,OT,0,ACT,Archie Sutton,Archie,Sutton,1941-11-02,76,262,,,,,,,,,,,,"https://static.www.nfl.com/image/private/f_auto,q_auto/league/f5ypmk2pgpgu2wxvhquu",,,,,,
1965,MIN,OL,C,0,ACT,Mick Tingelhoff,Henry,Tingelhoff,1940-05-22,74,237,,,,,,,,,,,,"https://static.www.nfl.com/image/private/f_auto,q_auto/league/qz4gg5fqdafjpvkpaytr",,,,,,
1965,MIN,P,P,0,ACT,Bobby Walden,Robert,Walden,1938-03-09,72,190,,,,,,,,,,,,"https://static.www.nfl.com/image/private/f_auto,q_auto/league/rlfdnnxdek6mskatg60f",,,,,,
1965,MIN,QB,QB,0,ACT,Bob Berry,Robert,Berry,1942-03-10,71,185,,,,,,,,,,,,"https://static.www.nfl.com/image/private/f_auto,q_auto/league/bddbcr3vmrqbsowwgtq8",,,,,,
1965,MIN,QB,QB,10,ACT,Fran Tarkenton,Francis,Tarkenton,1940-02-03,72,190,,,,,,,,,,,,"https://static.www.nfl.com/image/private/f_auto,q_auto/league/ihf6rynix853sp4e3sjp",,,,,,
1965,MIN,QB,QB,0,ACT,Ron Vander Kelen,Ronald,Vander Kelen,1939-11-06,73,185,,,,,,,,,,,,"https://static.www.nfl.com/image/private/f_auto,q_auto/league/bemc31j61pj0pmxpvtyj",,,,,,
1965,MIN,RB,HB,0,ACT,Billy Barnes,Billy,Barnes,1935-05-14,71,198,,,,,,,,,,,,"https://static.www.nfl.com/image/private/f_auto,q_auto/league/fup21l51gwlgry7hpzvr",,,,,,
1965,MIN,RB,RB,30,ACT,Bill Brown,William,Brown,1938-06-29,71,228,,,,,,,,,,,,"https://static.www.nfl.com/image/private/f_auto,q_auto/league/j4nrgfayaeihcyibthtv",,,,,,
1965,MIN,RB,HB,0,ACT,Dick James,Richard,James,1934-05-22,69,179,,,,,,,,,,,,"https://static.www.nfl.com/image/private/f_auto,q_auto/league/lv0gcetke9zsxuohzx9e",,,,,,
1965,MIN,RB,HB,0,ACT,Phil King,Phillip,King,1936-06-22,76,225,,,,,,,,,,,,"https://static.www.nfl.com/image/private/f_auto,q_auto/league/mmxhidlailkt93d4ac8c",,,,,,
1965,MIN,RB,RB,0,ACT,Tommy Mason,Thomas,Mason,1939-07-08,73,196,,,,,,,,,,,,"https://static.www.nfl.com/image/private/f_auto,q_auto/league/poor6dqde6upjwakneih",,,,,,
1965,MIN,RB,RB,41,ACT,Dave Osborn,David,Osborn,1943-03-18,72,208,,,,,,,,,,,,"https://static.www.nfl.com/image/private/f_auto,q_auto/league/ndwhigkojzkl6gtycbpa",,,,,,
1965,MIN,RB,HB,0,ACT,Jim Young,James,Young,1943-06-06,72,205,,,,,,,,,,,,"https://static.www.nfl.com/image/private/f_auto,q_auto/league/g1jaxwnoxym8ztflo5fy",,,,,,
1965,MIN,TE,TE,0,ACT,Hal Bedsole,Harold,Bedsole,1941-12-21,77,236,,,,,,,,,,,,"https://static.www.nfl.com/image/private/f_auto,q_auto/league/apbvdyjgrqd6h0w5ok4l",,,,,,
1965,MIN,TE,TE,0,ACT,Gordon Smith,Gordon,Smith,1939-04-09,74,220,,,,,,,,,,,,"https://static.www.nfl.com/image/private/f_auto,q_auto/league/sjxdd9hhoblgztiqyqd9",,,,,,
1965,MIN,WR,WR,0,ACT,Paul Flatley,Paul,Flatley,1941-01-30,73,187,,,,,,,,,,,,"https://static.www.nfl.com/image/private/f_auto,q_auto/league/ggrlmrfufmjuktcka2rz",,,,,,
1965,MIN,WR,WR,0,ACT,Tom Hall,Thomas,Hall,1940-04-03,73,195,,,,,,,,,,,,"https://static.www.nfl.com/image/private/f_auto,q_auto/league/lkn2acgbnfe5qm4uvcn0",,,,,,
1965,MIN,WR,WR,0,ACT,Jim Phillips,James,Phillips,1936-02-05,73,195,,,,,,,,,,,,"https://static.www.nfl.com/image/private/f_auto,q_auto/league/aqvhfqpdwa4ziye45min",,,,,,
1965,MIN,WR,WR,0,ACT,Lance Rentzel,Thomas,Rentzel,1943-10-14,74,202,,,,,,,,,,,,"https://static.www.nfl.com/image/private/f_auto,q_auto/league/xcewhhsmqzvecvjkzrsg",,,,,,
1965,NYG,DB,DB,0,ACT,Henry Carr,Henry,Carr,1942-11-27,75,190,,,,,,,,,,,,"https://static.www.nfl.com/image/private/f_auto,q_auto/league/gobjblsneb47inyqfpf7",,,,,,
1965,NYG,DB,DB,0,ACT,Clarence Childs,Clarence,Childs,1938-01-13,71,186,,,,,,,,,,,,"https://static.www.nfl.com/image/private/f_auto,q_auto/league/khjdfopwqf0pytbutf0o",,,,,,
1965,NYG,DB,DB,0,ACT,Carl Lockhart,Carl,Lockhart,1943-04-06,74,175,,,,,,,,,,,,"https://static.www.nfl.com/image/private/f_auto,q_auto/league/irhucrmfumbbzxyeccjk",,,,,,
1965,NYG,DB,DB,0,ACT,Dick Lynch,Richard,Lynch,1936-04-29,73,205,,,,,,,,,,,,"https://static.www.nfl.com/image/private/f_auto,q_auto/league/ehizgmquq363n2fmay2l",,,,,,
1965,NYG,DB,DB,0,ACT,Jimmy Patton,James,Patton,1933-09-29,70,185,,,,,,,,,,,,"https://static.www.nfl.com/image/private/f_auto,q_auto/league/ep4lpnuazsi5jfxc8ywe",,,,,,
1965,NYG,DB,DB,0,ACT,Allan Webb,Allan,Webb,1933-01-22,71,180,,,,,,,,,,,,"https://static.www.nfl.com/image/private/f_auto,q_auto/league/ccxrjminbp6upkpaunkh",,,,,,
1965,NYG,DB,DB,0,ACT,Willie Williams,Willie,Williams,1942-12-29,72,190,,,,,,,,,,,,"https://static.www.nfl.com/image/private/f_auto,q_auto/league/q8v1fscudhrda18ushwl",,,,,,
1965,NYG,DL,DT,0,ACT,Roger Anderson,Roger,Anderson,1942-11-11,77,265,,,,,,,,,,,,"https://static.www.nfl.com/image/private/f_auto,q_auto/league/y5arswroqaohsqtevg6k",,,,,,
1965,NYG,DL,DT,0,ACT,Mike Bundra,Michael,Bundra,1939-06-24,75,255,,,,,,,,,,,,"https://static.www.nfl.com/image/private/f_auto,q_auto/league/kbjkex3k4nrex2iaxjw6",,,,,,
1965,NYG,DL,DT,0,ACT,Glen Condren,Glen,Condren,1942-06-10,76,251,,,,,,,,,,,,"https://static.www.nfl.com/image/private/f_auto,q_auto/league/znqpv9z5qtnpmsqeeegs",,,,,,
1965,NYG,DL,DE,0,ACT,Rosey Davis,Roosevelt,Davis,1941-11-29,77,260,,,,,,,,,,,,"https://static.www.nfl.com/image/private/f_auto,q_auto/league/hc6bqz6xitumnfwanfer",,,,,,
1965,NYG,DL,DE,0,ACT,Jim Katcavage,James,Katcavage,1934-10-28,75,240,,,,,,,,,,,,"https://static.www.nfl.com/image/private/f_auto,q_auto/league/pv26riwpgh3rukbocmnq",,,,,,
1965,NYG,DL,DT,0,ACT,Roger LaLonde,Roger,LaLonde,1942-01-06,75,255,,,,,,,,,,,,"https://static.www.nfl.com/image/private/f_auto,q_auto/league/a9ctsgm0remvlulp4xvw",,,,,,
1965,NYG,DL,DT,0,ACT,John LoVetere,John,LoVetere,1936-05-31,76,280,,,,,,,,,,,,"https://static.www.nfl.com/image/private/f_auto,q_auto/league/utdfp360eqttnt0ekoid",,,,,,
1965,NYG,DL,DE,0,ACT,Andy Stynchula,Andrew,Stynchula,1939-01-07,75,250,,,,,,,,,,,,"https://static.www.nfl.com/image/private/f_auto,q_auto/league/zclpyuvvbvusu1oqpqyj",,,,,,
1965,NYG,K,K,0,ACT,Bob Timberlake,Robert,Timberlake,1943-10-18,76,220,,,,,,,,,,,,"https://static.www.nfl.com/image/private/f_auto,q_auto/league/gxmfgba5a8odgevqy9vs",,,,,,
1965,NYG,LB,LB,0,ACT,Jim Carroll,James,Carroll,1943-05-06,74,230,,,,,,,,,,,,"https://static.www.nfl.com/image/private/f_auto,q_auto/league/q7omwbz1cgoqkwynjac3",,,,,,
1965,NYG,LB,LB,0,ACT,Tom Costello,Thomas,Costello,1941-05-23,76,220,,,,,,,,,,,,"https://static.www.nfl.com/image/private/f_auto,q_auto/league/vqtqibhbuphw79xwuzej",,,,,,
1965,NYG,LB,LB,0,ACT,Jerry Hillebrand,Gerald,Hillebrand,1940-03-28,75,240,,,,,,,,,,,,"https://static.www.nfl.com/image/private/f_auto,q_auto/league/ldl268thmpfllowdae36",,,,,,
1965,NYG,LB,LB,0,ACT,Lou Slaby,Louis,Slaby,1941-12-13,75,235,,,,,,,,,,,,"https://static.www.nfl.com/image/private/f_auto,q_auto/league/ggavzkpubpq4ya1sfkro",,,,,,
1965,NYG,LB,LB,0,ACT,Bill Swain,William,Swain,1941-02-22,74,230,,,,,,,,,,,,"https://static.www.nfl.com/image/private/f_auto,q_auto/league/pdruq4unfr1ymt6pne8x",,,,,,
1965,NYG,LB,LB,0,ACT,Olen Underwood,Olen,Underwood,1942-05-25,73,220,,,,,,,,,,,,"https://static.www.nfl.com/image/private/f_auto,q_auto/league/bkpxxbll1yahehzte4bi",,,,,,
1965,NYG,LB,LB,0,ACT,Mickey Walker,George,Walker,1939-10-14,72,235,,,,,,,,,,,,"https://static.www.nfl.com/image/private/f_auto,q_auto/league/uf2ivtvld2rodxjyfeyo",,,,,,
1965,NYG,OL,C,0,TRT,Ed Adamchik,Edward,Adamchik,1941-11-02,74,235,,,,,,,,,,,,"https://static.www.nfl.com/image/private/f_auto,q_auto/league/pw6wpvoc8xi6ieemisb3",,,,,,
1965,NYG,OL,G,0,ACT,Bookie Bolin,Treva,Bolin,1940-06-17,74,240,,,,,,,,,,,,"https://static.www.nfl.com/image/private/f_auto,q_auto/league/wwmwcgqfv4fjjk9epzvl",,,,,,
1965,NYG,OL,OT,0,ACT,Rosey Brown,Roosevelt,Brown,1932-10-20,75,255,,,,,,,,,,,,"https://static.www.nfl.com/image/private/f_auto,q_auto/league/aefqj0iqdh6f2wogpylg",,,,,,
1965,NYG,OL,G,0,ACT,Pete Case,Ronald,Case,1940-12-27,75,245,,,,,,,,,,,,"https://static.www.nfl.com/image/private/f_auto,q_auto/league/gysvt4feibuksybskln1",,,,,,
1965,NYG,OL,G,0,ACT,Roger Davis,Roger,Davis,1938-06-23,75,240,,,,,,,,,,,,"https://static.www.nfl.com/image/private/f_auto,q_auto/league/w6ib18r3z9besufnltqm",,,,,,
1965,NYG,OL,C,0,ACT,Greg Larson,Gregory,Larson,1939-11-15,75,250,,,,,,,,,,,,"https://static.www.nfl.com/image/private/f_auto,q_auto/league/syq1xjyfppz0up2ynmpq",,,,,,
1965,NYG,OL,OT,0,ACT,Frank Lasky,Francis,Lasky,1941-10-04,74,265,,,,,,,,,,,,"https://static.www.nfl.com/image/private/f_auto,q_auto/league/wnrgm0ebp1d03xohinub",,,,,,
1965,NYG,OL,OT,0,ACT,John McDowell,John,McDowell,1942-02-12,75,260,,,,,,,,,,,,"https://static.www.nfl.com/image/private/f_auto,q_auto/league/vdycrl1d1dslmkadtqki",,,,,,
1965,NYG,OL,OT,0,ACT,Dave O'Brien,David,O'Brien,1941-06-13,75,247,,,,,,,,,,,,"https://static.www.nfl.com/image/private/f_auto,q_auto/league/hte90z8wjninw7j6kfi6",,,,,,
1965,NYG,OL,C,0,ACT,Bob Scholtz,Robert,Scholtz,1937-12-25,76,250,,,,,,,,,,,,"https://static.www.nfl.com/image/private/f_auto,q_auto/league/awfggzge19ucjurmflab",,,,,,
1965,NYG,QB,QB,0,ACT,Earl Morrall,Earl,Morrall,1934-05-17,73,210,,,,,,,,,,,,"https://static.www.nfl.com/image/private/f_auto,q_auto/league/tu0czgfywu5r5ybfgwzo",,,,,,
1965,NYG,QB,QB,0,ACT,Gary Wood,Gary,Wood,1942-02-05,71,192,,,,,,,,,,,,"https://static.www.nfl.com/image/private/f_auto,q_auto/league/ycns7iwi3jfwyfnes7bf",,,,,,
1965,NYG,RB,RB,0,ACT,Tucker Frederickson,Ivan,Frederickson,1943-01-12,74,220,,,,,,,,,,,,"https://static.www.nfl.com/image/private/f_auto,q_auto/league/rcqm6csfpjza4lfehs0h",,,,,,
1965,NYG,RB,RB,0,ACT,Ernie Koy,Ernest,Koy,1942-10-22,75,230,,,,,,,,,,,,"https://static.www.nfl.com/image/private/f_auto,q_auto/league/dqzp5lcfwgnx6ycxpkwx",,,,,,
1965,NYG,RB,RB,0,ACT,Chuck Mercein,Charles,Mercein,1943-04-09,74,225,,,,,,,,,,,,"https://static.www.nfl.com/image/private/f_auto,q_auto/league/myaffsq3rwp3csza3hhm",,,,,,
1965,NYG,RB,HB,0,ACT,Joe Morrison,Joseph,Morrison,1937-08-21,73,212,,,,,,,,,,,,"https://static.www.nfl.com/image/private/f_auto,q_auto/league/yqbzljflvcxksel4javy",,,,,,
1965,NYG,RB,HB,0,ACT,Smith Reed,Smith,Reed,1942-06-25,72,215,,,,,,,,,,,,"https://static.www.nfl.com/image/private/f_auto,q_auto/league/sz69liprla4a3kl9zrez",,,,,,
1965,NYG,RB,RB,0,ACT,Steve Thurlow,Stephen,Thurlow,1942-04-25,75,222,,,,,,,,,,,,"https://static.www.nfl.com/image/private/f_auto,q_auto/league/rhi8qvzdpjc6nqegbkxw",,,,,,
1965,NYG,RB,RB,0,ACT,Ernie Wheelwright,Ernest,Wheelwright,1939-11-28,75,239,,,,,,,,,,,,"https://static.www.nfl.com/image/private/f_auto,q_auto/league/kdu6fue2iqdn42hhjcy8",,,,,,
1965,NYG,TE,TE,0,ACT,Bob Crespino,Robert,Crespino,1938-01-11,77,225,,,,,,,,,,,,"https://static.www.nfl.com/image/private/f_auto,q_auto/league/sdp6rwnyp9ix55jtifin",,,,,,
1965,NYG,TE,TE,0,ACT,Aaron Thomas,Aaron,Thomas,1937-11-07,75,210,,,,,,,,,,,,"https://static.www.nfl.com/image/private/f_auto,q_auto/league/w3wmbcjrjh7chiibawho",,,,,,
1965,NYG,WR,WR,0,ACT,Homer Jones,Homer,Jones,1941-02-18,74,215,,,,,,,,,,,,"https://static.www.nfl.com/image/private/f_auto,q_auto/league/pihd8htdnqgommswer4s",,,,,,
1965,NYG,WR,WR,0,ACT,Bob Lacey,Robert,Lacey,1942-03-30,75,205,,,,,,,,,,,,"https://static.www.nfl.com/image/private/f_auto,q_auto/league/h3vyubtnyzhulz3lkjiw",,,,,,
1965,NYG,WR,WR,0,ACT,Del Shofner,Delbert,Shofner,1934-12-11,75,190,,,,,,,,,,,,"https://static.www.nfl.com/image/private/f_auto,q_auto/league/jr7asvvg641mweagb489",,,,,,
1965,NYJ,DB,DB,0,ACT,Ray Abruzzese,Raymond,Abruzzese,1937-10-27,71,194,,,,,,,,,,,,"https://static.www.nfl.com/image/private/f_auto,q_auto/league/rfgopvcxzyhep7oubwtw",,,,,,
1965,NYJ,DB,DB,0,ACT,Bill Baird,William,Baird,1939-03-01,70,180,,,,,,,,,,,,"https://static.www.nfl.com/image/private/f_auto,q_auto/league/okl0bovsony1trln3zn2",,,,,,
1965,NYJ,DB,DB,0,ACT,Cornell Gordon,Cornell,Gordon,1941-01-06,72,187,,,,,,,,,,,,"https://static.www.nfl.com/image/private/f_auto,q_auto/league/hhnkx7xsosmtmezt9r9s",,,,,,
1965,NYJ,DB,DB,0,ACT,Jim Hudson,James,Hudson,1943-03-31,74,210,,,,,,,,,,,,"https://static.www.nfl.com/image/private/f_auto,q_auto/league/a2kcmhs7jdrp4szpmnqn",,,,,,
1965,NYJ,DB,DB,0,ACT,Dainard Paulson,Dainard,Paulson,1937-05-15,72,190,,,,,,,,,,,,"https://static.www.nfl.com/image/private/f_auto,q_auto/league/dkqvwzon0hczuctgsndy",,,,,,
1965,NYJ,DB,DB,0,ACT,Clyde Washington,Clyde,Washington,1938-03-21,73,197,,,,,,,,,,,,"https://static.www.nfl.com/image/private/f_auto,q_auto/league/yjwmbtkkj4bslaxzz6na",,,,,,
1965,NYJ,DB,DB,0,ACT,Willie West,Willie,West,1938-05-01,70,190,,,,,,,,,,,,"https://static.www.nfl.com/image/private/f_auto,q_auto/league/grb9o8fpevorxxaj1f7y",,,,,,
1965,NYJ,DL,DE,0,ACT,Verlon Biggs,Verlon,Biggs,1943-03-16,76,275,,,,,,,,,,,,"https://static.www.nfl.com/image/private/f_auto,q_auto/league/frqc4n2n9g79zufwuaah",,,,,,
1965,NYJ,DL,DT,0,ACT,Jim Harris,James,Harris,1943-02-24,76,280,,,,,,,,,,,,"https://static.www.nfl.com/image/private/f_auto,q_auto/league/ge6wtbfgdwr8yocoboh6",,,,,,
1965,NYJ,DL,DE,0,ACT,Gerry Philbin,Gerald,Philbin,1941-07-31,74,245,,,,,,,,,,,,"https://static.www.nfl.com/image/private/f_auto,q_auto/league/nmdx9plxben6vx39fn7h",,,,,,
1965,NYJ,DL,DT,0,ACT,Paul Rochester,Paul,Rochester,1938-07-15,74,255,,,,,,,,,,,,"https://static.www.nfl.com/image/private/f_auto,q_auto/league/jhy9mistdakrp9cqrgkn",,,,,,
1965,NYJ,DL,DE,0,ACT,Arnie Simkus,Arnold,Simkus,1943-03-25,76,240,,,,,,,,,,,,"https://static.www.nfl.com/image/private/f_auto,q_auto/league/vkziqmbvcq8amcyvhcb3",,,,,,
1965,NYJ,DL,DE,0,ACT,LaVerne Torczon,LaVerne,Torczon,1936-01-01,75,250,,,,,,,,,,,,"https://static.www.nfl.com/image/private/f_auto,q_auto/league/v1hdkha2fxut0bpy8esn",,,,,,
1965,NYJ,DL,DE,0,ACT,Bert Wilder,Albert,Wilder,1939-04-14,75,245,,,,,,,,,,,,"https://static.www.nfl.com/image/private/f_auto,q_auto/league/sbwebs9jcxmibfs8snr5",,,,,,
1965,NYJ,K,K,0,ACT,Jim Turner,James,Turner,1941-03-28,74,205,,,,,,,,,,,,"https://static.www.nfl.com/image/private/f_auto,q_auto/league/qx4zwgsedfstecjpnlfd",,,,,,
1965,NYJ,LB,LB,0,ACT,Al Atkinson,Allen,Atkinson,1943-07-28,74,230,,,,,,,,,,,,"https://static.www.nfl.com/image/private/f_auto,q_auto/league/wkqhenoi9dttrdq6vtgz",,,,,,
1965,NYJ,LB,LB,0,ACT,Ralph Baker,Ralph,Baker,1942-08-25,75,228,,,,,,,,,,,,"https://static.www.nfl.com/image/private/f_auto,q_auto/league/ar9tvnw0rntp6rn3hngk",,,,,,
1965,NYJ,LB,LB,0,ACT,Mike Dukes,Michael,Dukes,1936-03-16,75,235,,,,,,,,,,,,"https://static.www.nfl.com/image/private/f_auto,q_auto/league/luac24vxhbfywzkmfwxf",,,,,,
1965,NYJ,LB,LB,0,ACT,Larry Grantham,James,Grantham,1938-09-16,72,210,,,,,,,,,,,,"https://static.www.nfl.com/image/private/f_auto,q_auto/league/v6ku4jjekprkeenyrvra",,,,,,
1965,NYJ,LB,LB,0,ACT,Wahoo McDaniel,Edward,McDaniel,1938-06-19,73,235,,,,,,,,,,,,"https://static.www.nfl.com/image/private/f_auto,q_auto/league/klb5hb4hebbi98wwwmv9",,,,,,
1965,NYJ,LB,LB,0,ACT,Jim O'Mahoney,James,O'Mahoney,1941-03-29,73,228,,,,,,,,,,,,"https://static.www.nfl.com/image/private/f_auto,q_auto/league/eot3laxcunxxq8ue8uyo",,,,,,
1965,NYJ,OL,OT,0,ACT,Nick DeFelice,Nicholas,DeFelice,1940-02-04,75,250,,,,,,,,,,,,"https://static.www.nfl.com/image/private/f_auto,q_auto/league/vbeddufp9sijzocoyydy",,,,,,
1965,NYJ,OL,G,0,ACT,Sam DeLuca,Samuel,DeLuca,1936-05-02,74,250,,,,,,,,,,,,"https://static.www.nfl.com/image/private/f_auto,q_auto/league/gmzbqttnftfxsh2upw1u",,,,,,
1965,NYJ,OL,G,0,ACT,Dan Ficca,Daniel,Ficca,1939-02-07,73,245,,,,,,,,,,,,"https://static.www.nfl.com/image/private/f_auto,q_auto/league/ntf3pjlpzhwmekk9e6vq",,,,,,
1965,NYJ,OL,G,0,ACT,Dave Herman,David,Herman,1941-09-03,73,255,,,,,,,,,,,,"https://static.www.nfl.com/image/private/f_auto,q_auto/league/mfcu6cbvrucbabcblgzw",,,,,,
1965,NYJ,OL,OT,0,ACT,Winston Hill,Winston,Hill,1941-10-23,76,270,,,,,,,,,,,,"https://static.www.nfl.com/image/private/f_auto,q_auto/league/dmhy8mzoh0604fosiyok",,,,,,
1965,NYJ,OL,C,0,ACT,Mike Hudock,Michael,Hudock,1934-09-29,74,245,,,,,,,,,,,,"https://static.www.nfl.com/image/private/f_auto,q_auto/league/tmter9mnk8wm3xjghnme",,,,,,
1965,NYJ,OL,G,0,ACT,Pete Perreault,Peter,Perreault,1939-03-01,75,248,,,,,,,,,,,,"https://static.www.nfl.com/image/private/f_auto,q_auto/league/mtoqnuvgosc88avgwx90",,,,,,
1965,NYJ,OL,OT,0,ACT,Sherman Plunkett,Sherman,Plunkett,1933-04-17,76,300,,,,,,,,,,,,"https://static.www.nfl.com/image/private/f_auto,q_auto/league/fd3verg8k6poyg6y2cht",,,,,,
1965,NYJ,OL,C,0,ACT,John Schmitt,John,Schmitt,1942-11-12,76,250,,,,,,,,,,,,"https://static.www.nfl.com/image/private/f_auto,q_auto/league/jcalxkvzstm2pspydb4y",,,,,,
1965,NYJ,QB,QB,0,ACT,Joe Namath,Joseph,Namath,1943-05-31,74,200,,,,,,,,,,,,"https://static.www.nfl.com/image/private/f_auto,q_auto/league/ssg1rcnvw9sdqcr6wz2f",,,,,,
1965,NYJ,QB,QB,0,ACT,Bob Schweickert,Robert,Schweickert,1942-09-17,73,190,,,,,,,,,,,,"https://static.www.nfl.com/image/private/f_auto,q_auto/league/qbu3pbi28jvfgwztun3s",,,,,,
1965,NYJ,QB,QB,0,ACT,Mike Taliaferro,Myron,Taliaferro,1941-07-26,74,202,,,,,,,,,,,,"https://static.www.nfl.com/image/private/f_auto,q_auto/league/hr3vl9qjnheo5z6qzmgg",,,,,,
1965,NYJ,RB,HB,0,ACT,Charlie Browning,Charles,Browning,1943-07-28,74,200,,,,,,,,,,,,"https://static.www.nfl.com/image/private/f_auto,q_auto/league/elfuvkz5gyfujcrrwzlt",,,,,,
1965,NYJ,RB,HB,0,ACT,Kern Carson,Kern,Carson,1942-01-29,73,200,,,,,,,,,,,,"https://static.www.nfl.com/image/private/f_auto,q_auto/league/qfp4t6txca3rqbh9rsit",,,,,,
1965,NYJ,RB,HB,0,ACT,Cosmo Iacovazzi,Cosmo,Iacovazzi,1943-08-18,71,209,,,,,,,,,,,,"https://static.www.nfl.com/image/private/f_auto,q_auto/league/oakimzjthifbzcaiuvcf",,,,,,
1965,NYJ,RB,RB,0,ACT,Curley Johnson,John,Johnson,1935-07-02,72,215,,,,,,,,,,,,"https://static.www.nfl.com/image/private/f_auto,q_auto/league/qgghjx3y7ioarhimotsr",,,,,,
1965,NYJ,RB,FB,0,ACT,Bill Mathis,William,Mathis,1938-12-10,73,220,,,,,,,,,,,,"https://static.www.nfl.com/image/private/f_auto,q_auto/league/ozpurv8dfqaicqwmgylq",,,,,,
1965,NYJ,RB,FB,0,ACT,Mark Smolinski,Mark,Smolinski,1939-05-09,73,215,,,,,,,,,,,,"https://static.www.nfl.com/image/private/f_auto,q_auto/league/nhxubstqhpamngjimzc9",,,,,,
1965,NYJ,RB,RB,0,ACT,Matt Snell,Matthews,Snell,1941-08-18,74,219,,,,,,,,,,,,"https://static.www.nfl.com/image/private/f_auto,q_auto/league/pcowmerwd8zaqokbotcd",,,,,,
1965,NYJ,TE,TE,0,ACT,Gene Heeter,Eugene,Heeter,1941-04-19,76,230,,,,,,,,,,,,"https://static.www.nfl.com/image/private/f_auto,q_auto/league/cuwfnolya2gnjlsvi0kt",,,,,,
1965,NYJ,TE,TE,0,ACT,Dee Mackey,Dee,Mackey,1934-10-16,77,235,,,,,,,,,,,,"https://static.www.nfl.com/image/private/f_auto,q_auto/league/wehnjvrsftoduommcduh",,,,,,
1965,NYJ,WR,WR,0,ACT,Jim Evans,James,Evans,1939-10-24,73,190,,,,,,,,,,,,"https://static.www.nfl.com/image/private/f_auto,q_auto/league/dnto3k3qfdudldarpqmx",,,,,,
1965,NYJ,WR,WR,0,ACT,Don Maynard,Donald,Maynard,1935-01-25,72,179,,,,,,,,,,,,"https://static.www.nfl.com/image/private/f_auto,q_auto/league/s6nh537r19nluxmpvmyr",,,,,,
1965,NYJ,WR,WR,0,ACT,Bill Rademacher,William,Rademacher,1942-05-13,73,190,,,,,,,,,,,,"https://static.www.nfl.com/image/private/f_auto,q_auto/league/oeex756bggjs79jitkuj",,,,,,
1965,NYJ,WR,WR,0,ACT,Jerry Robinson,Gerald,Robinson,1939-03-09,71,190,,,,,,,,,,,,"https://static.www.nfl.com/image/private/f_auto,q_auto/league/u0fup1yir6rxlphgwhe3",,,,,,
1965,NYJ,WR,WR,0,ACT,George Sauer,George,Sauer,1943-11-10,74,195,,,,,,,,,,,,"https://static.www.nfl.com/image/private/f_auto,q_auto/league/nxwurfvkfexdhzakteds",,,,,,
1965,NYJ,WR,WR,0,ACT,Bake Turner,Robert,Turner,1940-07-22,73,179,,,,,,,,,,,,"https://static.www.nfl.com/image/private/f_auto,q_auto/league/dsyg11psrxozihmf2zxn",,,,,,
1965,OAK,DB,DB,0,ACT,Claude Gibson,Claude,Gibson,1939-05-26,73,190,,,,,,,,,,,,"https://static.www.nfl.com/image/private/f_auto,q_auto/league/p1n1wnkkniftu5t2hose",,,,,,
1965,OAK,DB,DB,0,ACT,Dave Grayson,David,Grayson,1939-06-06,70,187,,,,,,,,,,,,"https://static.www.nfl.com/image/private/f_auto,q_auto/league/jwc87sgquijdcis7ener",,,,,,
1965,OAK,DB,DB,0,ACT,Joe Krakoski,Joseph,Krakoski,1937-12-18,74,195,,,,,,,,,,,,"https://static.www.nfl.com/image/private/f_auto,q_auto/league/u7xazfmuwd7pbmjzqraq",,,,,,
1965,OAK,DB,DB,0,ACT,Kent McCloughan,Kent,McCloughan,1940-02-12,73,190,,,,,,,,,,,,"https://static.www.nfl.com/image/private/f_auto,q_auto/league/hcxelf9wa27gvpqxzjfq",,,,,,
1965,OAK,DB,DB,0,ACT,Warren Powers,Warren,Powers,1941-02-19,72,185,,,,,,,,,,,,"https://static.www.nfl.com/image/private/f_auto,q_auto/league/vnujhgvt2h4k53uvnu4e",,,,,,
1965,OAK,DB,DB,0,ACT,Howie Williams,Howard,Williams,1936-12-04,73,190,,,,,,,,,,,,"https://static.www.nfl.com/image/private/f_auto,q_auto/league/nfeo4vfgz0ew2qokbjik",,,,,,
1965,OAK,DL,DT,0,ACT,Dan Birdwell,Daniel,Birdwell,1940-10-14,76,250,,,,,,,,,,,,"https://static.www.nfl.com/image/private/f_auto,q_auto/league/pjhe1m7gv3ixuhgzzlq2",,,,,,
1965,OAK,DL,DT,0,ACT,Dave Costa,David,Costa,1941-10-27,74,250,,,,,,,,,,,,"https://static.www.nfl.com/image/private/f_auto,q_auto/league/v9cq6rn47zpbjezex83v",,,,,,
1965,OAK,DL,DE,0,ACT,Ben Davidson,Benjamin,Davidson,1940-06-14,80,275,,,,,,,,,,,,"https://static.www.nfl.com/image/private/f_auto,q_auto/league/pkniqu1alncgppr4ojmp",,,,,,
1965,OAK,DL,DT,0,ACT,John Diehl,John,Diehl,1936-01-27,79,265,,,,,,,,,,,,"https://static.www.nfl.com/image/private/f_auto,q_auto/league/diik3ro4lclvx6556te6",,,,,,
1965,OAK,DL,DE,0,ACT,Ike Lassiter,Isaac,Lassiter,1940-11-15,77,270,,,,,,,,,,,,"https://static.www.nfl.com/image/private/f_auto,q_auto/league/bvtfvekcoflcyntubs2o",,,,,,
1965,OAK,DL,DT,0,ACT,Rex Mirich,Rex,Mirich,1941-03-11,76,250,,,,,,,,,,,,"https://static.www.nfl.com/image/private/f_auto,q_auto/league/zbhdbekc8yx4rgjdgyz9",,,,,,
1965,OAK,DL,DT,0,ACT,Carleton Oats,Carleton,Oats,1942-04-24,75,260,,,,,,,,,,,,"https://static.www.nfl.com/image/private/f_auto,q_auto/league/pzug7k7at3e3w9jpd8kk",,,,,,
1965,OAK,DL,DT,0,ACT,Rich Zecher,Richard,Zecher,1943-10-14,74,255,,,,,,,,,,,,"https://static.www.nfl.com/image/private/f_auto,q_auto/league/i63op85ctxtvljcolphp",,,,,,
1965,OAK,K,K,0,ACT,Mike Mercer,Michael,Mercer,1935-11-21,72,220,,,,,,,,,,,,"https://static.www.nfl.com/image/private/f_auto,q_auto/league/v3cwavyewy3id6uiyu6k",,,,,,
1965,OAK,LB,LB,0,ACT,Bill Budness,William,Budness,1943-01-30,74,218,,,,,,,,,,,,"https://static.www.nfl.com/image/private/f_auto,q_auto/league/frgs3vvbdpasj3ujwq16",,,,,,
1965,OAK,LB,LB,0,ACT,Dan Conners,Daniel,Conners,1941-02-06,74,230,,,,,,,,,,,,"https://static.www.nfl.com/image/private/f_auto,q_auto/league/hdlqbafvr6m0jmpclbh9",,,,,,
1965,OAK,LB,LB,0,ACT,Dick Hermann,Richard,Hermann,1942-07-11,74,215,,,,,,,,,,,,"https://static.www.nfl.com/image/private/f_auto,q_auto/league/mbiiqrdvatnpiq59acql",,,,,,
1965,OAK,LB,LB,0,ACT,Archie Matsos,Emil,Matsos,1934-11-22,72,217,,,,,,,,,,,,"https://static.www.nfl.com/image/private/f_auto,q_auto/league/lfxqx8epc2pduqm8xi37",,,,,,
1965,OAK,LB,LB,0,ACT,Gus Otto,August,Otto,1943-12-08,73,220,,,,,,,,,,,,"https://static.www.nfl.com/image/private/f_auto,q_auto/league/dugnpyixjusqu7oulaw8",,,,,,
1965,OAK,LB,LB,0,ACT,J.R. Williamson,John,Williamson,1941-10-09,74,220,,,,,,,,,,,,"https://static.www.nfl.com/image/private/f_auto,q_auto/league/dhgqcbvovrbdsg6mk6zn",,,,,,
1965,OAK,OL,G,0,ACT,Wayne Hawkins,Wayne,Hawkins,1938-06-17,72,240,,,,,,,,,,,,"https://static.www.nfl.com/image/private/f_auto,q_auto/league/sjjjpjcddkqnutm1traf",,,,,,
1965,OAK,OL,G,0,ACT,Marv Marinovich,Marvin,Marinovich,1939-08-06,75,250,,,,,,,,,,,,"https://static.www.nfl.com/image/private/f_auto,q_auto/league/zai9gqlg7m34pqunexzt",,,,,,
1965,OAK,OL,G,0,ACT,Bob Mischak,Robert,Mischak,1932-10-25,72,237,,,,,,,,,,,,"https://static.www.nfl.com/image/private/f_auto,q_auto/league/oqfrgdw15jc8s3oe2chz",,,,,,
1965,OAK,OL,C,0,ACT,Jim Otto,James,Otto,1938-01-05,74,255,,,,,,,,,,,,"https://static.www.nfl.com/image/private/f_auto,q_auto/league/gkajrd2sxpmtwcueccog",,,,,,
1965,OAK,OL,OT,0,ACT,Ken Rice,Kenneth,Rice,1939-09-14,74,240,,,,,,,,,,,,"https://static.www.nfl.com/image/private/f_auto,q_auto/league/p8kks0zuc3s45flvoun5",,,,,,
1965,OAK,OL,OT,0,ACT,Harry Schuh,Harry,Schuh,1942-09-25,75,260,,,,,,,,,,,,"https://static.www.nfl.com/image/private/f_auto,q_auto/league/vrnhb4rlptxnodn65zc6",,,,,,
1965,OAK,OL,OT,0,ACT,Bob Svihus,Robert,Svihus,1943-06-21,76,245,,,,,,,,,,,,"https://static.www.nfl.com/image/private/f_auto,q_auto/league/chwrynby3zbgmxu0cueb",,,,,,
1965,OAK,OL,OT,0,ACT,Frank Youso,Frank,Youso,1936-07-05,76,257,,,,,,,,,,,,"https://static.www.nfl.com/image/private/f_auto,q_auto/league/phn9kstzygkzraq50sko",,,,,,
1965,OAK,QB,QB,0,ACT,Cotton Davidson,Francis,Davidson,1931-11-30,73,188,,,,,,,,,,,,"https://static.www.nfl.com/image/private/f_auto,q_auto/league/d4nq3wxviep0flusanw7",,,,,,
1965,OAK,QB,QB,0,ACT,Tom Flores,Thomas,Flores,1937-03-21,73,202,,,,,,,,,,,,"https://static.www.nfl.com/image/private/f_auto,q_auto/league/o67sf9fhtlvy236v9apx",,,,,,
1965,OAK,QB,QB,0,ACT,Dick Wood,Malcolm,Wood,1936-02-29,77,205,,,,,,,,,,,,"https://static.www.nfl.com/image/private/f_auto,q_auto/league/itby3amvxtjr5ribnd1h",,,,,,
1965,OAK,RB,HB,0,ACT,Pervis Atkins,Pervis,Atkins,1935-11-24,73,230,,,,,,,,,,,,"https://static.www.nfl.com/image/private/f_auto,q_auto/league/waxttgtla0jhtyvcmmqa",,,,,,
1965,OAK,RB,HB,0,ACT,Billy Cannon,William,Cannon,1937-08-02,73,207,,,,,,,,,,,,"https://static.www.nfl.com/image/private/f_auto,q_auto/league/bj5stzptxxecir6bsmvg",,,,,,
1965,OAK,RB,HB,0,ACT,Clem Daniels,Clemon,Daniels,1935-10-03,73,220,,,,,,,,,,,,"https://static.www.nfl.com/image/private/f_auto,q_auto/league/ettil5x9bcrogvb86a47",,,,,,
1965,OAK,RB,RB,0,ACT,Roger Hagberg,Roger,Hagberg,1939-02-28,73,215,,,,,,,,,,,,"https://static.www.nfl.com/image/private/f_auto,q_auto/league/oo1p2cgm1qwupgrkqef6",,,,,,
1965,OAK,RB,FB,0,ACT,Alan Miller,Alan,Miller,1937-06-19,72,219,,,,,,,,,,,,"https://static.www.nfl.com/image/private/f_auto,q_auto/league/no5b2oppoepyfkwdyd8s",,,,,,
1965,OAK,RB,HB,0,ACT,Gene Mingo,Eugene,Mingo,1938-09-22,74,216,,,,,,,,,,,,"https://static.www.nfl.com/image/private/f_auto,q_auto/league/ytx2o49wnzrv8peqxeuz",,,,,,
1965,OAK,RB,RB,0,ACT,Larry Todd,Larry,Todd,1942-10-07,73,185,,,,,,,,,,,,"https://static.www.nfl.com/image/private/f_auto,q_auto/league/gd76hcsccafdckpt8ddh",,,,,,
1965,OAK,TE,TE,0,ACT,Ken Herock,Kenneth,Herock,1941-07-16,74,230,,,,,,,,,,,,"https://static.www.nfl.com/image/private/f_auto,q_auto/league/jsawbxdp8y7ffl6wclca",,,,,,
1965,OAK,WR,WR,0,ACT,Fred Biletnikoff,Frederick,Biletnikoff,1943-02-23,73,190,,,,,,,,,,,,"https://static.www.nfl.com/image/private/f_auto,q_auto/league/twxofug0tyee97sp00vo",,,,,,
1965,OAK,WR,WR,0,ACT,Art Powell,Arthur,Powell,1937-02-25,75,212,,,,,,,,,,,,"https://static.www.nfl.com/image/private/f_auto,q_auto/league/xrru1t0huqsqz3qctdfu",,,,,,
1965,OAK,WR,WR,0,TRC,Bo Roberson,Irvin,Roberson,1935-07-23,73,195,,,,,,,,,,,,"https://static.www.nfl.com/image/private/f_auto,q_auto/league/abhuyntvrmbxsyfvuezj",,,,,,
1965,PHI,DB,DB,0,ACT,Claude Crabb,Claude,Crabb,1940-03-08,73,192,,,,,,,,,,,,"https://static.www.nfl.com/image/private/f_auto,q_auto/league/xtaupyihngekkhiwofq8",,,,,,
1965,PHI,DB,DB,0,ACT,Irv Cross,Irvin,Cross,1939-07-27,74,195,,,,,,,,,,,,"https://static.www.nfl.com/image/private/f_auto,q_auto/league/pwpmudflxkkszgyzon5t",,,,,,
1965,PHI,DB,DB,0,ACT,Glenn Glass,Glenn,Glass,1940-02-16,73,205,,,,,,,,,,,,"https://static.www.nfl.com/image/private/f_auto,q_auto/league/n5cgecqgupv2no4xq88u",,,,,,
1965,PHI,DB,DB,0,ACT,Al Nelson,Albert,Nelson,1943-10-27,71,186,,,,,,,,,,,,"https://static.www.nfl.com/image/private/f_auto,q_auto/league/ay3frgmi2qso7f1o6a6s",,,,,,
1965,PHI,DB,DB,0,ACT,Jim Nettles,James,Nettles,1942-02-15,70,177,,,,,,,,,,,,"https://static.www.nfl.com/image/private/f_auto,q_auto/league/mhzxklvnpglm8hzx7aa2",,,,,,
1965,PHI,DB,DB,0,ACT,Nate Ramsey,Nathan,Ramsey,1941-07-12,73,200,,,,,,,,,,,,"https://static.www.nfl.com/image/private/f_auto,q_auto/league/d3h6npwaqq5vx5e62cqt",,,,,,
1965,PHI,DB,DB,0,ACT,Joe Scarpati,Joseph,Scarpati,1943-03-05,70,185,,,,,,,,,,,,"https://static.www.nfl.com/image/private/f_auto,q_auto/league/dyg85wzrp4kt9xldwjmr",,,,,,
1965,PHI,DB,DB,0,ACT,Bob Shann,Robert,Shann,1943-03-27,73,189,,,,,,,,,,,,"https://static.www.nfl.com/image/private/f_auto,q_auto/league/pdsrfp7ztt1avrqqtye0",,,,,,
1965,PHI,DL,DE,0,ACT,Don Hultz,William,Hultz,1940-12-16,75,241,,,,,,,,,,,,"https://static.www.nfl.com/image/private/f_auto,q_auto/league/w8ne1prerdroqorgb3hc",,,,,,
1965,PHI,DL,DT,0,ACT,Ed Khayat,Edward,Khayat,1935-09-14,75,245,,,,,,,,,,,,"https://static.www.nfl.com/image/private/f_auto,q_auto/league/hmskjppjvjjlaeulv8ox",,,,,,
1965,PHI,DL,DT,0,ACT,John Meyers,John,Meyers,1940-01-16,78,276,,,,,,,,,,,,"https://static.www.nfl.com/image/private/f_auto,q_auto/league/xmdqqzvt4vajpsqfq1jm",,,,,,
1965,PHI,DL,DT,0,ACT,Floyd Peters,Floyd,Peters,1936-05-21,76,255,,,,,,,,,,,,"https://static.www.nfl.com/image/private/f_auto,q_auto/league/muftoxvlnfwzeknl770h",,,,,,
1965,PHI,DL,DE,0,ACT,Bobby Richards,Robert,Richards,1938-10-02,74,245,,,,,,,,,,,,"https://static.www.nfl.com/image/private/f_auto,q_auto/league/dtwxsa5tqq4vtykvqdsu",,,,,,
1965,PHI,DL,DE,0,ACT,George Tarasovic,George,Tarasovic,1930-05-06,76,245,,,,,,,,,,,,"https://static.www.nfl.com/image/private/f_auto,q_auto/league/kdis1xqqrdibyhwcliv5",,,,,,
1965,PHI,DL,DT,0,ACT,Erwin Will,Erwin,Will,1943-01-14,77,275,,,,,,,,,,,,"https://static.www.nfl.com/image/private/f_auto,q_auto/league/bkyowbi1wakjo7rfi6f7",,,,,,
1965,PHI,K,K,0,ACT,Sam Baker,Loris,Baker,1929-11-12,74,210,,,,,,,,,,,,"https://static.www.nfl.com/image/private/f_auto,q_auto/league/ws4sge2uamvzvdh8uzeu",,,,,,
1965,PHI,LB,LB,0,ACT,Maxie Baughan,Maxie,Baughan,1938-08-03,73,230,,,,,,,,,,,,"https://static.www.nfl.com/image/private/f_auto,q_auto/league/b2imqgy2c1avyolaxabv",,,,,,
1965,PHI,LB,LB,0,ACT,Ralph Heck,Ralph,Heck,1941-11-06,73,230,,,,,,,,,,,,"https://static.www.nfl.com/image/private/f_auto,q_auto/league/fe8wfizungapqossp5gw",,,,,,
1965,PHI,LB,LB,0,ACT,Dave Lloyd,David,Lloyd,1936-11-09,75,248,,,,,,,,,,,,"https://static.www.nfl.com/image/private/f_auto,q_auto/league/inxttnuwtbluz5k5uc2i",,,,,,
1965,PHI,LB,LB,0,ACT,Mike Morgan,Michael,Morgan,1942-01-31,76,242,,,,,,,,,,,,"https://static.www.nfl.com/image/private/f_auto,q_auto/league/jfkrujsmwsqreezgtbv0",,,,,,
1965,PHI,LB,LB,0,ACT,Harold Wells,Harold,Wells,1938-11-26,74,220,,,,,,,,,,,,"https://static.www.nfl.com/image/private/f_auto,q_auto/league/spztfnhajxeothls34mo",,,,,,
1965,PHI,OL,G,0,ACT,Ed Blaine,Edward,Blaine,1940-01-30,73,240,,,,,,,,,,,,"https://static.www.nfl.com/image/private/f_auto,q_auto/league/h89navusqelmkdtrwqkr",,,,,,
1965,PHI,OL,OT,0,ACT,Bob Brown,Robert,Brown,1941-12-08,76,280,,,,,,,,,,,,"https://static.www.nfl.com/image/private/f_auto,q_auto/league/qzmkjvyfho5u87vjzt6d",,,,,,
1965,PHI,OL,OT,0,ACT,Dave Graham,David,Graham,1939-02-01,75,250,,,,,,,,,,,,"https://static.www.nfl.com/image/private/f_auto,q_auto/league/rj2ulbpyl6bitrgr5uwk",,,,,,
1965,PHI,OL,OT,0,ACT,Lane Howell,Autrey,Howell,1941-07-28,77,257,,,,,,,,,,,,"https://static.www.nfl.com/image/private/f_auto,q_auto/league/ggff09zmqmak6zszxpke",,,,,,
1965,PHI,OL,G,0,ACT,Lynn Hoyem,Lynn,Hoyem,1939-06-27,76,253,,,,,,,,,,,,"https://static.www.nfl.com/image/private/f_auto,q_auto/league/shr5enwa6bmrsaplfjzr",,,,,,
1965,PHI,OL,C,0,ACT,Dave Recher,David,Recher,1942-12-30,73,245,,,,,,,,,,,,"https://static.www.nfl.com/image/private/f_auto,q_auto/league/qkzknfsok35hwylz8lod",,,,,,
1965,PHI,OL,C,0,ACT,Jim Ringo,James,Ringo,1931-11-21,73,230,,,,,,,,,,,,"https://static.www.nfl.com/image/private/f_auto,q_auto/league/oe6gxlo5qwwi9f2at6ff",,,,,,
1965,PHI,OL,G,0,ACT,Jim Skaggs,James,Skaggs,1940-01-03,75,250,,,,,,,,,,,,"https://static.www.nfl.com/image/private/f_auto,q_auto/league/glmgrzknsbmanqedtaky",,,,,,
1965,PHI,QB,QB,0,ACT,Jack Concannon,John,Concannon,1943-02-25,75,205,,,,,,,,,,,,"https://static.www.nfl.com/image/private/f_auto,q_auto/league/h4r5afr2dzz3qetlweoi",,,,,,
1965,PHI,QB,QB,0,ACT,King Hill,Stuart,Hill,1936-11-08,75,215,,,,,,,,,,,,"https://static.www.nfl.com/image/private/f_auto,q_auto/league/hozlm0bojb9a5xnz5sdl",,,,,,
1965,PHI,QB,QB,0,ACT,Norm Snead,Norman,Snead,1939-07-31,76,215,,,,,,,,,,,,"https://static.www.nfl.com/image/private/f_auto,q_auto/league/ck0qwuqolqzuzhjh3j0x",,,,,,
1965,PHI,RB,HB,0,ACT,Timmy Brown,Thomas,Brown,1937-05-24,71,198,,,,,,,,,,,,"https://static.www.nfl.com/image/private/f_auto,q_auto/league/t4e4pqpppwkwt6mjbrvt",,,,,,
1965,PHI,RB,RB,0,ACT,Earl Gros,Earl,Gros,1940-08-29,75,220,,,,,,,,,,,,"https://static.www.nfl.com/image/private/f_auto,q_auto/league/cdzfw9apzl92sn4z2g4e",,,,,,
1965,PHI,RB,RB,0,ACT,Izzy Lang,Israel,Lang,1942-02-02,73,232,,,,,,,,,,,,"https://static.www.nfl.com/image/private/f_auto,q_auto/league/ppkf7b4lnqghcqjnsc9c",,,,,,
1965,PHI,RB,HB,0,ACT,Ollie Matson,Ollie,Matson,1930-05-01,74,210,,,,,,,,,,,,"https://static.www.nfl.com/image/private/f_auto,q_auto/league/divviugyjefbgtnbmsur",,,,,,
1965,PHI,RB,RB,0,ACT,Tom Woodeshick,Thomas,Woodeshick,1941-12-03,72,225,,,,,,,,,,,,"https://static.www.nfl.com/image/private/f_auto,q_auto/league/fjukwqg80nexoryhuacj",,,,,,
1965,PHI,TE,TE,0,ACT,Bill Cronin,William,Cronin,1943-11-20,77,231,,,,,,,,,,,,"https://static.www.nfl.com/image/private/f_auto,q_auto/league/qptehq4ok1uho9fkjgwg",,,,,,
1965,PHI,TE,TE,0,ACT,Fred Hill,Frederick,Hill,1943-08-13,74,215,,,,,,,,,,,,"https://static.www.nfl.com/image/private/f_auto,q_auto/league/xoerlqdniu5fc4snko6w",,,,,,
1965,PHI,TE,TE,0,ACT,Jim Kelly,James,Kelly,1942-04-23,74,218,,,,,,,,,,,,"https://static.www.nfl.com/image/private/f_auto,q_auto/league/nc2s4tgxgfnyk5xpijgs",,,,,,
1965,PHI,TE,TE,0,ACT,Ray Poage,Raymond,Poage,1940-11-14,75,215,,,,,,,,,,,,"https://static.www.nfl.com/image/private/f_auto,q_auto/league/hqpmv4rgobbhpugvkuzz",,,,,,
1965,PHI,TE,TE,0,ACT,Pete Retzlaff,Palmer,Retzlaff,1931-08-21,73,214,,,,,,,,,,,,"https://static.www.nfl.com/image/private/f_auto,q_auto/league/iiwsj34flfbzowakpuxn",,,,,,
1965,PHI,WR,WR,0,ACT,Roger Gill,Roger,Gill,1940-10-14,73,200,,,,,,,,,,,,"https://static.www.nfl.com/image/private/f_auto,q_auto/league/es9dm1ckjztov0oijrkf",,,,,,
1965,PHI,WR,WR,0,ACT,Ron Goodwin,Ronald,Goodwin,1941-01-09,71,180,,,,,,,,,,,,"https://static.www.nfl.com/image/private/f_auto,q_auto/league/nhml6slpvwazz0f3gb2z",,,,,,
1965,PIT,DB,DB,0,ACT,Jim Bradshaw,James,Bradshaw,1939-01-13,74,205,,,,,,,,,,,,"https://static.www.nfl.com/image/private/f_auto,q_auto/league/pbfwduimpkr0j4j1d5f8",,,,,,
1965,PIT,DB,DB,0,ACT,Willie Daniel,William,Daniel,1937-11-10,71,190,,,,,,,,,,,,"https://static.www.nfl.com/image/private/f_auto,q_auto/league/m5o9s7dutfnrco0waiou",,,,,,
1965,PIT,DB,DB,0,ACT,Bob Hohn,Robert,Hohn,1941-06-04,72,185,,,,,,,,,,,,"https://static.www.nfl.com/image/private/f_auto,q_auto/league/xyeldmhbzpqrb1bndfwz",,,,,,
1965,PIT,DB,DB,0,ACT,Brady Keys,Brady,Keys,1936-05-19,72,185,,,,,,,,,,,,"https://static.www.nfl.com/image/private/f_auto,q_auto/league/fai8nbdy6cih3atebmtb",,,,,,
1965,PIT,DB,DB,0,ACT,Paul Martha,John,Martha,1942-06-22,72,187,,,,,,,,,,,,"https://static.www.nfl.com/image/private/f_auto,q_auto/league/jpu4ibbb6kfzsg0ik4ix",,,,,,
1965,PIT,DB,DB,0,ACT,Bob Sherman,Robert,Sherman,1942-07-04,74,195,,,,,,,,,,,,"https://static.www.nfl.com/image/private/f_auto,q_auto/league/ch69tzgeggxkbxxljgib",,,,,,
1965,PIT,DB,DB,0,ACT,Clendon Thomas,Bobby,Thomas,1935-12-28,74,200,,,,,,,,,,,,"https://static.www.nfl.com/image/private/f_auto,q_auto/league/fbtbn0kygdomqujfwjbe",,,,,,
1965,PIT,DB,DB,0,ACT,Marv Woodson,Marvin,Woodson,1941-09-19,73,190,,,,,,,,,,,,"https://static.www.nfl.com/image/private/f_auto,q_auto/league/nplluurtggv2wulhbv2p",,,,,,
1965,PIT,DL,DE,0,ACT,John Baker,John,Baker,1935-06-10,78,270,,,,,,,,,,,,"https://static.www.nfl.com/image/private/f_auto,q_auto/league/ihuydipueicsjz8tcbae",,,,,,
1965,PIT,DL,DT,0,ACT,Riley Gunnels,John,Gunnels,1937-09-24,75,253,,,,,,,,,,,,"https://static.www.nfl.com/image/private/f_auto,q_auto/league/hvsn06vz0sfzvyidahlt",,,,,,
1965,PIT,DL,DT,0,ACT,Chuck Hinton,Charles,Hinton,1939-08-11,77,260,,,,,,,,,,,,"https://static.www.nfl.com/image/private/f_auto,q_auto/league/d04frtqh6nhfhwt9mzua",,,,,,
1965,PIT,DL,DT,0,ACT,Ken Kortas,Kenneth,Kortas,1942-05-17,76,280,,,,,,,,,,,,"https://static.www.nfl.com/image/private/f_auto,q_auto/league/cttjsdonyo2pwnxt0l27",,,,,,
1965,PIT,DL,DE,0,ACT,Fran Mallick,Francis,Mallick,1941-02-25,74,245,,,,,,,,,,,,"https://static.www.nfl.com/image/private/f_auto,q_auto/league/oklp9mfyxxngxwydbsme",,,,,,
1965,PIT,DL,DT,0,ACT,Ray Mansfield,James,Mansfield,1941-01-21,75,250,,,,,,,,,,,,"https://static.www.nfl.com/image/private/f_auto,q_auto/league/i7h0re4ny88didpduo9c",,,,,,
1965,PIT,DL,DE,0,ACT,Ben McGee,Ben,McGee,1939-01-26,75,250,,,,,,,,,,,,"https://static.www.nfl.com/image/private/f_auto,q_auto/league/krqogkt59diozmjoufld",,,,,,
1965,PIT,K,K,0,ACT,Mike Clark,Michael,Clark,1940-11-07,73,205,,,,,,,,,,,,"https://static.www.nfl.com/image/private/f_auto,q_auto/league/gw0vqizon8uz9utiffea",,,,,,
1965,PIT,LB,LB,0,ACT,Rod Breedlove,Rodney,Breedlove,1938-03-10,74,230,,,,,,,,,,,,"https://static.www.nfl.com/image/private/f_auto,q_auto/league/thymnivsoluqtb7t0tft",,,,,,
1965,PIT,LB,LB,0,ACT,Gene Breen,Joseph,Breen,1941-06-21,74,230,,,,,,,,,,,,"https://static.www.nfl.com/image/private/f_auto,q_auto/league/csnwira3qkxxeel7q0y8",,,,,,
1965,PIT,LB,LB,0,ACT,John Campbell,John,Campbell,1938-10-07,75,225,,,,,,,,,,,,"https://static.www.nfl.com/image/private/f_auto,q_auto/league/djqgt2i5j9kacygjniq5",,,,,,
1965,PIT,LB,LB,0,ACT,Max Messner,Max,Messner,1938-10-13,75,225,,,,,,,,,,,,"https://static.www.nfl.com/image/private/f_auto,q_auto/league/m6zemdnwqtmvzaxl6p0o",,,,,,
1965,PIT,LB,LB,0,ACT,Ed Pine,Edward,Pine,1940-07-13,76,235,,,,,,,,,,,,"https://static.www.nfl.com/image/private/f_auto,q_auto/league/zou1zazpnxs1emriujvo",,,,,,
1965,PIT,LB,LB,0,ACT,Myron Pottios,Myron,Pottios,1939-01-18,74,232,,,,,,,,,,,,"https://static.www.nfl.com/image/private/f_auto,q_auto/league/cq2jh0rnq0xckc1fwja7",,,,,,
1965,PIT,LB,LB,0,ACT,Bob Schmitz,Robert,Schmitz,1938-09-10,73,240,,,,,,,,,,,,"https://static.www.nfl.com/image/private/f_auto,q_auto/league/j8tearpzrrlonyaxngjn",,,,,,
1965,PIT,OL,C,0,ACT,Ed Adamchik,Edward,Adamchik,1941-11-02,74,235,,,,,,,,,,,,"https://static.www.nfl.com/image/private/f_auto,q_auto/league/pw6wpvoc8xi6ieemisb3",,,,,,
1965,PIT,OL,OT,0,ACT,Charlie Bradshaw,Charles,Bradshaw,1936-03-13,78,260,,,,,,,,,,,,"https://static.www.nfl.com/image/private/f_auto,q_auto/league/vadnfnalyetw0kqqzhoh",,,,,,
1965,PIT,OL,C,0,ACT,Ken Henson,Kenneth,Henson,1943-04-11,78,260,,,,,,,,,,,,"https://static.www.nfl.com/image/private/f_auto,q_auto/league/il2cyejczxbhvlfhfboq",,,,,,
1965,PIT,OL,C,0,ACT,Art Hunter,Arthur,Hunter,1933-04-24,76,245,,,,,,,,,,,,"https://static.www.nfl.com/image/private/f_auto,q_auto/league/rfcach5lzwnpt08zmnwg",,,,,,
1965,PIT,OL,OT,0,ACT,Dan James,Daniel,James,1937-08-10,76,250,,,,,,,,,,,,"https://static.www.nfl.com/image/private/f_auto,q_auto/league/fm4uuteuxgkqg4vttcin",,,,,,
1965,PIT,OL,G,0,ACT,Ray Lemek,Raymond,Lemek,1934-06-28,72,238,,,,,,,,,,,,"https://static.www.nfl.com/image/private/f_auto,q_auto/league/uezzzmlcxddwdnokz7az",,,,,,
1965,PIT,OL,G,0,ACT,Mike Magac,Michael,Magac,1938-05-25,75,240,,,,,,,,,,,,"https://static.www.nfl.com/image/private/f_auto,q_auto/league/qf075vxto0monr5pxhxb",,,,,,
1965,PIT,OL,OT,0,ACT,Bob Nichols,Robert,Nichols,1943-07-18,75,250,,,,,,,,,,,,"https://static.www.nfl.com/image/private/f_auto,q_auto/league/ewgwb965meru0cw115oh",,,,,,
1965,PIT,OL,G,0,ACT,Mike Sandusky,Michael,Sandusky,1935-03-14,72,231,,,,,,,,,,,,"https://static.www.nfl.com/image/private/f_auto,q_auto/league/k9h230eezlea1lnlrodr",,,,,,
1965,PIT,P,P,0,ACT,Frank Lambert,Franklin,Lambert,1943-04-17,75,200,,,,,,,,,,,,"https://static.www.nfl.com/image/private/f_auto,q_auto/league/e8fzkhz7c6k4tjc8jav5",,,,,,
1965,PIT,QB,QB,0,TRC,Ed Brown,Charles,Brown,1928-10-26,74,200,,,,,,,,,,,,"https://static.www.nfl.com/image/private/f_auto,q_auto/league/qnyjyfapvhqlm0hnyvvj",,,,,,
1965,PIT,QB,QB,0,ACT,Bill Nelsen,William,Nelsen,1941-01-29,72,195,,,,,,,,,,,,"https://static.www.nfl.com/image/private/f_auto,q_auto/league/ge8eq4oxzfj1w8vs6af8",,,,,,
1965,PIT,QB,QB,0,ACT,Tommy Wade,Thomas,Wade,1942-03-23,74,195,,,,,,,,,,,,"https://static.www.nfl.com/image/private/f_auto,q_auto/league/gifr3nuhivbzg2q3t52k",,,,,,
1965,PIT,RB,RB,0,ACT,Cannonball Butler,James,Butler,1943-05-04,69,194,,,,,,,,,,,,"https://static.www.nfl.com/image/private/f_auto,q_auto/league/z8vv11knlh3bxdzgjm6j",,,,,,
1965,PIT,RB,RB,0,ACT,Dick Hoak,Richard,Hoak,1939-12-08,71,195,,,,,,,,,,,,"https://static.www.nfl.com/image/private/f_auto,q_auto/league/nvvzfje8l0eiogmxq9q7",,,,,,
1965,PIT,RB,FB,0,ACT,John Henry Johnson,John,Johnson,1929-11-24,74,230,,,,,,,,,,,,"https://static.www.nfl.com/image/private/f_auto,q_auto/league/apzrh7brqimhlwwrooei",,,,,,
1965,PIT,RB,FB,0,ACT,Mike Lind,Harry,Lind,1940-02-02,74,225,,,,,,,,,,,,"https://static.www.nfl.com/image/private/f_auto,q_auto/league/c2sapwtayxop1wio2ozy",,,,,,
1965,PIT,RB,FB,0,ACT,Clarence Peaks,Clarence,Peaks,1935-09-23,73,218,,,,,,,,,,,,"https://static.www.nfl.com/image/private/f_auto,q_auto/league/mfskq34html1n9bqikvm",,,,,,
1965,PIT,RB,HB,0,ACT,Theron Sapp,Theron,Sapp,1935-06-15,73,203,,,,,,,,,,,,"https://static.www.nfl.com/image/private/f_auto,q_auto/league/vrxkq45yjzzcmr4h3ron",,,,,,
1965,PIT,TE,TE,0,ACT,Duane Allen,Duane,Allen,1937-10-21,76,225,,,,,,,,,,,,"https://static.www.nfl.com/image/private/f_auto,q_auto/league/e5g0l9zx9fcsmzh7j4qq",,,,,,
1965,PIT,TE,TE,0,ACT,Lee Folkins,Lloyd,Folkins,1939-07-04,77,215,,,,,,,,,,,,"https://static.www.nfl.com/image/private/f_auto,q_auto/league/qufg2klsciaf20myemdr",,,,,,
1965,PIT,TE,TE,0,ACT,John Hilton,John,Hilton,1942-03-12,77,225,,,,,,,,,,,,"https://static.www.nfl.com/image/private/f_auto,q_auto/league/rcs9kvwfsweywpiwtatz",,,,,,
1965,PIT,TE,TE,0,ACT,John Powers,John,Powers,1940-06-15,74,215,,,,,,,,,,,,"https://static.www.nfl.com/image/private/f_auto,q_auto/league/mp5wvo3ywa2yleubwnin",,,,,,
1965,PIT,WR,WR,0,ACT,Gary Ballman,Gary,Ballman,1940-07-06,73,215,,,,,,,,,,,,"https://static.www.nfl.com/image/private/f_auto,q_auto/league/q0gf48im87skcftjv0rm",,,,,,
1965,PIT,WR,WR,0,ACT,Roy Jefferson,Roy,Jefferson,1943-11-09,74,195,,,,,,,,,,,,"https://static.www.nfl.com/image/private/f_auto,q_auto/league/wruwmgqsmbvfiixrn7gn",,,,,,
1965,PIT,WR,WR,0,ACT,Red Mack,William,Mack,1937-06-19,70,180,,,,,,,,,,,,"https://static.www.nfl.com/image/private/f_auto,q_auto/league/vgucb8nqsdouirgi5jjj",,,,,,
1965,PIT,WR,WR,0,ACT,Jerry Simmons,Jerry,Simmons,1942-11-14,72,190,,,,,,,,,,,,"https://static.www.nfl.com/image/private/f_auto,q_auto/league/tzcmpiqqnsvfdrdbumib",,,,,,
1965,SD,DB,DB,0,ACT,Speedy Duncan,Leslie,Duncan,1942-08-10,70,180,,,,,,,,,,,,"https://static.www.nfl.com/image/private/f_auto,q_auto/league/cq8kog2nvtvxocqew9by",,,,,,
1965,SD,DB,DB,0,ACT,Miller Farr,Miller,Farr,1943-04-08,73,190,,,,,,,,,,,,"https://static.www.nfl.com/image/private/f_auto,q_auto/league/qrwirdeisxslxkxqukqt",,,,,,
1965,SD,DB,DB,0,ACT,Kenny Graham,James,Graham,1941-11-25,72,210,,,,,,,,,,,,"https://static.www.nfl.com/image/private/f_auto,q_auto/league/dyjwavknkfdyffsjq2nq",,,,,,
1965,SD,DB,DB,0,ACT,Dick Harris,Richard,Harris,1937-07-24,71,187,,,,,,,,,,,,"https://static.www.nfl.com/image/private/f_auto,q_auto/league/pb3637tf5eagtiphpwod",,,,,,
1965,SD,DB,DB,0,ACT,Jack Jacobson,Jack,Jacobson,1941-06-23,74,200,,,,,,,,,,,,"https://static.www.nfl.com/image/private/f_auto,q_auto/league/xvfrffcvhcjcsrmyds4w",,,,,,
1965,SD,DB,DB,0,ACT,Jimmy Warren,James,Warren,1939-07-20,71,175,,,,,,,,,,,,"https://static.www.nfl.com/image/private/f_auto,q_auto/league/ipomqxjh4seybaqd8izx",,,,,,
1965,SD,DB,DB,0,ACT,Dick Westmoreland,Richard,Westmoreland,1941-02-17,73,190,,,,,,,,,,,,"https://static.www.nfl.com/image/private/f_auto,q_auto/league/lmi7hzgh1b6un2iucsmg",,,,,,
1965,SD,DB,DB,0,ACT,Bud Whitehead,Ruben,Whitehead,1939-01-01,72,185,,,,,,,,,,,,"https://static.www.nfl.com/image/private/f_auto,q_auto/league/r46891zfyjz4veuqb8me",,,,,,
1965,SD,DB,DB,0,ACT,Bob Zeman,Edward,Zeman,1937-02-22,73,200,,,,,,,,,,,,"https://static.www.nfl.com/image/private/f_auto,q_auto/league/jxzm5sfepxuexfai53yv",,,,,,
1965,SD,DL,DE,0,ACT,Steve DeLong,Steven,DeLong,1943-07-03,74,252,,,,,,,,,,,,"https://static.www.nfl.com/image/private/f_auto,q_auto/league/rcyzreecnsdncsazy0w3",,,,,,
1965,SD,DL,DE,0,ACT,Earl Faison,William,Faison,1939-01-31,77,270,,,,,,,,,,,,"https://static.www.nfl.com/image/private/f_auto,q_auto/league/pfapqygyzzrb8ax0gbvo",,,,,,
1965,SD,DL,DT,0,ACT,George Gross,George,Gross,1941-01-26,75,270,,,,,,,,,,,,"https://static.www.nfl.com/image/private/f_auto,q_auto/league/l7vktwec4edwg9lb1dq4",,,,,,
1965,SD,DL,DE,0,ACT,Howard Kindig,Howard,Kindig,1941-06-22,78,265,,,,,,,,,,,,"https://static.www.nfl.com/image/private/f_auto,q_auto/league/fgoii80ezanwnbmragrr",,,,,,
1965,SD,DL,DT,0,ACT,Ernie Ladd,Ernest,Ladd,1938-11-28,81,290,,,,,,,,,,,,"https://static.www.nfl.com/image/private/f_auto,q_auto/league/epznusvkbvlfsqng1ruy",,,,,,
1965,SD,DL,DT,0,ACT,Fred Moore,Frederick,Moore,1939-12-18,75,255,,,,,,,,,,,,"https://static.www.nfl.com/image/private/f_auto,q_auto/league/jzj3gutstha2enfmlnns",,,,,,
1965,SD,DL,DE,0,ACT,Bob Petrich,Robert,Petrich,1941-03-15,76,252,,,,,,,,,,,,"https://static.www.nfl.com/image/private/f_auto,q_auto/league/eodlne78dmtjjxj7yqkh",,,,,,
1965,SD,K,K,0,ACT,Herb Travenio,Herbert,Travenio,1933-02-28,72,218,,,,,,,,,,,,"https://static.www.nfl.com/image/private/f_auto,q_auto/league/eoonippzighwoayqwvvn",,,,,,
1965,SD,LB,LB,0,ACT,Chuck Allen,Charles,Allen,1939-09-07,73,225,,,,,,,,,,,,"https://static.www.nfl.com/image/private/f_auto,q_auto/league/kuzaphj4zqmne8kz4egq",,,,,,
1965,SD,LB,LB,0,ACT,Frank Buncom,Frank,Buncom,1939-11-02,74,235,,,,,,,,,,,,"https://static.www.nfl.com/image/private/f_auto,q_auto/league/trhakkjbcyj06bh8muxg",,,,,,
1965,SD,LB,LB,0,ACT,Ron Carpenter,Ronnie,Carpenter,1941-09-02,74,230,,,,,,,,,,,,"https://static.www.nfl.com/image/private/f_auto,q_auto/league/exgvsbp8urej80akaks6",,,,,,
1965,SD,LB,LB,0,ACT,Dick Degen,Richard,Degen,1942-03-04,73,220,,,,,,,,,,,,"https://static.www.nfl.com/image/private/f_auto,q_auto/league/rvjii5vsv1vbnzwv3lh1",,,,,,
1965,SD,LB,LB,0,ACT,Bob Horton,Robert,Horton,1942-09-15,74,230,,,,,,,,,,,,"https://static.www.nfl.com/image/private/f_auto,q_auto/league/t2mwyqbpsv24dioslrem",,,,,,
1965,SD,LB,LB,0,ACT,Rick Redman,Richard,Redman,1943-03-07,73,220,,,,,,,,,,,,"https://static.www.nfl.com/image/private/f_auto,q_auto/league/dhxn1aigsxbilrar0o2j",,,,,,
1965,SD,OL,G,0,ACT,John Farris,John,Farris,1943-11-02,76,245,,,,,,,,,,,,"https://static.www.nfl.com/image/private/f_auto,q_auto/league/hhkvyfctkudlwemufeli",,,,,,
1965,SD,OL,C,0,ACT,Sam Gruneisen,Samuel,Gruneisen,1941-01-16,73,242,,,,,,,,,,,,"https://static.www.nfl.com/image/private/f_auto,q_auto/league/uxjxxu3eync3ngnxfpwp",,,,,,
1965,SD,OL,OT,0,ACT,Gary Kirner,Gary,Kirner,1942-06-22,75,255,,,,,,,,,,,,"https://static.www.nfl.com/image/private/f_auto,q_auto/league/ut1b1iszsz13kih7spxh",,,,,,
1965,SD,OL,G,0,ACT,Ed Mitchell,Edward,Mitchell,1942-09-05,74,285,,,,,,,,,,,,"https://static.www.nfl.com/image/private/f_auto,q_auto/league/gln163vdjv5lsetnn1nc",,,,,,
1965,SD,OL,OT,0,ACT,Ron Mix,Ronald,Mix,1938-03-10,76,250,,,,,,,,,,,,"https://static.www.nfl.com/image/private/f_auto,q_auto/league/kldfbnv73qias39fcfez",,,,,,
1965,SD,OL,OT,0,ACT,Ernie Park,Ernest,Park,1940-10-22,75,253,,,,,,,,,,,,"https://static.www.nfl.com/image/private/f_auto,q_auto/league/vrnjnkjimeaxglbumre7",,,,,,
1965,SD,OL,G,0,ACT,Pat Shea,Patrick,Shea,1939-06-28,73,250,,,,,,,,,,,,"https://static.www.nfl.com/image/private/f_auto,q_auto/league/h3jhdujoh2n2jpbfimhv",,,,,,
1965,SD,OL,G,0,ACT,Walt Sweeney,Walter,Sweeney,1941-04-18,76,256,,,,,,,,,,,,"https://static.www.nfl.com/image/private/f_auto,q_auto/league/ugct7gcdg3dagck7b9jq",,,,,,
1965,SD,OL,OT,0,ACT,Ernie Wright,Ernest,Wright,1939-11-06,76,270,,,,,,,,,,,,"https://static.www.nfl.com/image/private/f_auto,q_auto/league/f8iuzgukwoxyw7h6nxvs",,,,,,
1965,SD,QB,QB,0,ACT,Don Breaux,Donald,Breaux,1940-08-03,73,205,,,,,,,,,,,,"https://static.www.nfl.com/image/private/f_auto,q_auto/league/rojvnmnfetcfi981vosm",,,,,,
1965,SD,QB,QB,0,ACT,John Hadl,John,Hadl,1940-02-15,73,214,,,,,,,,,,,,"https://static.www.nfl.com/image/private/f_auto,q_auto/league/jdjvuqku5r79js0b3p4p",,,,,,
1965,SD,QB,QB,0,ACT,Steve Tensi,Stephen,Tensi,1942-12-08,77,215,,,,,,,,,,,,"https://static.www.nfl.com/image/private/f_auto,q_auto/league/nj5tkghgkfdvrehxilq1",,,,,,
1965,SD,RB,RB,0,ACT,Jim Allison,James,Allison,1943-03-02,72,215,,,,,,,,,,,,"https://static.www.nfl.com/image/private/f_auto,q_auto/league/br31cgzj8cecmeudjpiz",,,,,,
1965,SD,RB,HB,0,TRC,Kern Carson,Kern,Carson,1942-01-29,73,200,,,,,,,,,,,,"https://static.www.nfl.com/image/private/f_auto,q_auto/league/qfp4t6txca3rqbh9rsit",,,,,,
1965,SD,RB,RB,0,ACT,Gene Foster,Irving,Foster,1942-03-20,72,220,,,,,,,,,,,,"https://static.www.nfl.com/image/private/f_auto,q_auto/league/mtqe5h9mgcrlox8qscem",,,,,,
1965,SD,RB,FB,0,ACT,Keith Lincoln,Keith,Lincoln,1939-05-08,73,215,,,,,,,,,,,,"https://static.www.nfl.com/image/private/f_auto,q_auto/league/cu5cbazxpp3atgj4jjmd",,,,,,
1965,SD,RB,HB,0,ACT,Paul Lowe,Paul,Lowe,1936-09-27,72,205,,,,,,,,,,,,"https://static.www.nfl.com/image/private/f_auto,q_auto/league/dxkk4pqcqcky4pmvdtos",,,,,,
1965,SD,RB,RB,0,ACT,Jacque MacKinnon,Jacque,MacKinnon,1938-11-10,76,235,,,,,,,,,,,,"https://static.www.nfl.com/image/private/f_auto,q_auto/league/wrrtdpdocucl5gzd33t7",,,,,,
1965,SD,TE,TE,0,ACT,Dave Kocourek,David,Kocourek,1937-08-20,77,240,,,,,,,,,,,,"https://static.www.nfl.com/image/private/f_auto,q_auto/league/z5vneldlwncqknimbihm",,,,,,
1965,SD,WR,WR,0,ACT,Lance Alworth,Lance,Alworth,1940-08-03,72,184,,,,,,,,,,,,"https://static.www.nfl.com/image/private/f_auto,q_auto/league/a1otlgdgkwqz0oprktn7",,,,,,
1965,SD,WR,WR,0,ACT,Don Norton,Donald,Norton,1938-03-03,73,195,,,,,,,,,,,,"https://static.www.nfl.com/image/private/f_auto,q_auto/league/hrezph3takmltmaj5nf1",,,,,,
1965,SD,WR,WR,0,ACT,Sammie Taylor,Samuel,Taylor,1940-04-23,72,194,,,,,,,,,,,,"https://static.www.nfl.com/image/private/f_auto,q_auto/league/qdnjzqi4hsrga8bndcxx",,,,,,
1965,SF,DB,DB,0,ACT,Kermit Alexander,Kermit,Alexander,1941-01-04,71,187,,,,,,,,,,,,"https://static.www.nfl.com/image/private/f_auto,q_auto/league/xrnijujdnu0itydmemsi",,,,,,
1965,SF,DB,DB,0,ACT,George Donnelly,George,Donnelly,1942-09-04,75,210,,,,,,,,,,,,"https://static.www.nfl.com/image/private/f_auto,q_auto/league/czbrjea3tsicjbmyhokm",,,,,,
1965,SF,DB,DB,0,ACT,Jimmy Johnson,James,Johnson,1938-03-31,74,187,,,,,,,,,,,,"https://static.www.nfl.com/image/private/f_auto,q_auto/league/q2czdrpowvjrdwjkndxw",,,,,,
1965,SF,DB,DB,0,ACT,Elbert Kimbrough,Elbert,Kimbrough,1938-03-24,71,196,,,,,,,,,,,,"https://static.www.nfl.com/image/private/f_auto,q_auto/league/mdw0lbzpnjcyzctljihv",,,,,,
1965,SF,DB,DB,0,ACT,Jerry Mertens,Jerome,Mertens,1934-11-12,72,184,,,,,,,,,,,,"https://static.www.nfl.com/image/private/f_auto,q_auto/league/psavxw98ommkdonbsbhg",,,,,,
1965,SF,DB,DB,0,ACT,Wayne Swinford,Lenis,Swinford,1943-05-03,72,192,,,,,,,,,,,,"https://static.www.nfl.com/image/private/f_auto,q_auto/league/crp7ncc9breno0bi2c4a",,,,,,
1965,SF,DL,DE,0,ACT,Dan Colchico,Daniel,Colchico,1935-05-27,77,245,,,,,,,,,,,,"https://static.www.nfl.com/image/private/f_auto,q_auto/league/faea81aplgcto240g9uk",,,,,,
1965,SF,DL,DT,0,ACT,Charlie Krueger,Charles,Krueger,1937-01-28,76,255,,,,,,,,,,,,"https://static.www.nfl.com/image/private/f_auto,q_auto/league/jpapk15jieginrtllupk",,,,,,
1965,SF,DL,DT,0,ACT,Roland Lakes,Roland,Lakes,1939-12-25,76,279,,,,,,,,,,,,"https://static.www.nfl.com/image/private/f_auto,q_auto/league/wktpv5gouceqcrb8f3c7",,,,,,
1965,SF,DL,DE,0,ACT,Clark Miller,Franklin,Miller,1938-08-11,77,245,,,,,,,,,,,,"https://static.www.nfl.com/image/private/f_auto,q_auto/league/hegkexvpsye5zrqdgka6",,,,,,
1965,SF,DL,DE,0,ACT,Jim Norton,James,Norton,1942-11-18,76,254,,,,,,,,,,,,"https://static.www.nfl.com/image/private/f_auto,q_auto/league/lakpci8ueryvnlgifg4q",,,,,,
1965,SF,DL,DT,0,ACT,Chuck Sieminski,Charles,Sieminski,1940-07-03,77,270,,,,,,,,,,,,"https://static.www.nfl.com/image/private/f_auto,q_auto/league/xankwq8moi2wlwuia1c2",,,,,,
1965,SF,K,K,0,ACT,Tommy Davis,Tommy,Davis,1934-10-13,72,220,,,,,,,,,,,,"https://static.www.nfl.com/image/private/f_auto,q_auto/league/k5qba5p1mmeosyebxxn8",,,,,,
1965,SF,LB,LB,0,ACT,Ed Beard,Edward,Beard,1939-12-09,73,226,,,,,,,,,,,,"https://static.www.nfl.com/image/private/f_auto,q_auto/league/uvjarnjcheqo8086no8d",,,,,,
1965,SF,LB,LB,0,ACT,Jack Chapple,John,Chapple,1943-07-23,73,225,,,,,,,,,,,,"https://static.www.nfl.com/image/private/f_auto,q_auto/league/uwjmxi0jzymoigmzvshx",,,,,,
1965,SF,LB,LB,0,ACT,Floyd Dean,Thomas,Dean,1940-08-19,76,236,,,,,,,,,,,,"https://static.www.nfl.com/image/private/f_auto,q_auto/league/nt84u4z7jqlfutqj2yif",,,,,,
1965,SF,LB,LB,0,ACT,Mike Dowdle,Donald,Dowdle,1937-12-06,75,235,,,,,,,,,,,,"https://static.www.nfl.com/image/private/f_auto,q_auto/league/shrzxr0ljnaxp4x2c7fz",,,,,,
1965,SF,LB,LB,0,ACT,Bob Harrison,Robert,Harrison,1937-08-08,74,225,,,,,,,,,,,,"https://static.www.nfl.com/image/private/f_auto,q_auto/league/ujwgbob0yj4iwvuho3ur",,,,,,
1965,SF,LB,LB,0,ACT,Matt Hazeltine,Matthew,Hazeltine,1933-08-02,73,230,,,,,,,,,,,,"https://static.www.nfl.com/image/private/f_auto,q_auto/league/mhc8zv7op8oqj59folfc",,,,,,
1965,SF,LB,LB,0,ACT,Karl Rubke,Karl,Rubke,1935-12-06,76,239,,,,,,,,,,,,"https://static.www.nfl.com/image/private/f_auto,q_auto/league/ssveivytoimppy6uot3w",,,,,,
1965,SF,LB,LB,0,ACT,Dave Wilcox,David,Wilcox,1942-09-29,75,241,,,,,,,,,,,,"https://static.www.nfl.com/image/private/f_auto,q_auto/league/rmg7tbdhtnm2fqxmmdgv",,,,,,
1965,SF,OL,C,0,ACT,Bruce Bosley,Bruce,Bosley,1933-11-05,74,240,,,,,,,,,,,,"https://static.www.nfl.com/image/private/f_auto,q_auto/league/uyhjzklwbvbh2gxbcmfl",,,,,,
1965,SF,OL,C,0,ACT,Joe Cerne,Joseph,Cerne,1942-04-26,74,240,,,,,,,,,,,,"https://static.www.nfl.com/image/private/f_auto,q_auto/league/xwe7zhelrhnhmmg3y6bm",,,,,,
1965,SF,OL,OT,0,ACT,Dan LaRose,Marvin,LaRose,1939-02-08,77,250,,,,,,,,,,,,"https://static.www.nfl.com/image/private/f_auto,q_auto/league/m68ur2e10edtuth9rdag",,,,,,
1965,SF,OL,G,0,ACT,Howard Mudd,Howard,Mudd,1942-02-10,74,254,,,,,,,,,,,,"https://static.www.nfl.com/image/private/f_auto,q_auto/league/pxtpli35aw8jwimyhrwt",,,,,,
1965,SF,OL,OT,0,ACT,Walt Rock,Walter,Rock,1941-11-04,77,255,,,,,,,,,,,,"https://static.www.nfl.com/image/private/f_auto,q_auto/league/etyx6zzzaiqe8toh6udh",,,,,,
1965,SF,OL,OT,0,ACT,Len Rohde,Leonard,Rohde,1938-04-16,76,247,,,,,,,,,,,,"https://static.www.nfl.com/image/private/f_auto,q_auto/league/puan1titka1kisryyfhq",,,,,,
1965,SF,OL,G,0,ACT,John Thomas,John,Thomas,1935-01-25,76,250,,,,,,,,,,,,"https://static.www.nfl.com/image/private/f_auto,q_auto/league/l7dsed1m5pu0xveubshu",,,,,,
1965,SF,OL,OT,0,ACT,Jim Wilson,James,Wilson,1942-06-12,75,258,,,,,,,,,,,,"https://static.www.nfl.com/image/private/f_auto,q_auto/league/yepngubm3nhkueknk2pr",,,,,,
1965,SF,QB,QB,0,ACT,John Brodie,John,Brodie,1935-08-14,73,206,,,,,,,,,,,,"https://static.www.nfl.com/image/private/f_auto,q_auto/league/mmtpgbextet0rtzcxjev",,,,,,
1965,SF,QB,QB,0,ACT,George Mira,George,Mira,1942-01-11,72,190,,,,,,,,,,,,"https://static.www.nfl.com/image/private/f_auto,q_auto/league/z91ph36q2gghkrkdi0pf",,,,,,
1965,SF,RB,HB,0,ACT,John David Crow,John,Crow,1935-07-08,74,224,,,,,,,,,,,,"https://static.www.nfl.com/image/private/f_auto,q_auto/league/s0mkycpsqcmkauainuvo",,,,,,
1965,SF,RB,HB,0,ACT,Rudy Johnson,Rudolph,Johnson,1941-08-12,71,190,,,,,,,,,,,,"https://static.www.nfl.com/image/private/f_auto,q_auto/league/krzzg7xowl3zukusyjoz",,,,,,
1965,SF,RB,RB,0,ACT,Dave Kopay,David,Kopay,1942-06-28,72,218,,,,,,,,,,,,"https://static.www.nfl.com/image/private/f_auto,q_auto/league/wj8ojx0sb7xxbex9rtjt",,,,,,
1965,SF,RB,RB,0,ACT,Gary Lewis,Gary,Lewis,1942-02-22,75,225,,,,,,,,,,,,"https://static.www.nfl.com/image/private/f_auto,q_auto/league/rrkyl3vtzeijsoaqbpne",,,,,,
1965,SF,RB,RB,0,ACT,Ken Willard,Kenneth,Willard,1943-07-14,73,219,,,,,,,,,,,,"https://static.www.nfl.com/image/private/f_auto,q_auto/league/cvzazhtbwbzzlk25ghyl",,,,,,
1965,SF,TE,TE,0,ACT,Vern Burke,Vernon,Burke,1941-04-30,76,215,,,,,,,,,,,,"https://static.www.nfl.com/image/private/f_auto,q_auto/league/utvg2jkzym7ld3bnktqb",,,,,,
1965,SF,TE,TE,0,ACT,Bob Poole,Robert,Poole,1941-10-05,76,225,,,,,,,,,,,,"https://static.www.nfl.com/image/private/f_auto,q_auto/league/ai478rakgfxzyhch69sg",,,,,,
1965,SF,TE,TE,0,ACT,Monty Stickles,Montford,Stickles,1938-08-16,76,235,,,,,,,,,,,,"https://static.www.nfl.com/image/private/f_auto,q_auto/league/tm6c58tytwcuuzieuumk",,,,,,
1965,SF,WR,WR,0,ACT,Bernie Casey,Bernard,Casey,1939-06-08,76,215,,,,,,,,,,,,"https://static.www.nfl.com/image/private/f_auto,q_auto/league/vacxcpv8x71tffpz7vgz",,,,,,
1965,SF,WR,WR,0,ACT,Kay McFarland,Russel,McFarland,1938-04-10,74,186,,,,,,,,,,,,"https://static.www.nfl.com/image/private/f_auto,q_auto/league/evemz1e43c0ybepnttck",,,,,,
1965,SF,WR,WR,0,ACT,Dale Messer,Lyndy,Messer,1937-08-06,70,175,,,,,,,,,,,,"https://static.www.nfl.com/image/private/f_auto,q_auto/league/vq7qsmmgfayz7bbveoyv",,,,,,
1965,SF,WR,WR,0,ACT,Dave Parks,David,Parks,1941-12-25,74,220,,,,,,,,,,,,"https://static.www.nfl.com/image/private/f_auto,q_auto/league/ycmrq2yhs3kqwxiejesb",,,,,,
1965,STL,DB,DB,0,ACT,Monk Bailey,Claron,Bailey,1938-04-22,74,180,,,,,,,,,,,,"https://static.www.nfl.com/image/private/f_auto,q_auto/league/ohddhimja5tjzrokq2sk",,,,,,
1965,STL,DB,DB,0,ACT,Jimmy Burson,James,Burson,1940-10-13,72,175,,,,,,,,,,,,"https://static.www.nfl.com/image/private/f_auto,q_auto/league/eevyxebr1ghgffyqwwkh",,,,,,
1965,STL,DB,DB,0,ACT,Pat Fischer,Patrick,Fischer,1940-01-02,69,170,,,,,,,,,,,,"https://static.www.nfl.com/image/private/f_auto,q_auto/league/e4tnvqnh33vmca6evyui",,,,,,
1965,STL,DB,DB,0,ACT,Carl Silvestri,Carl,Silvestri,1943-03-27,71,190,,,,,,,,,,,,"https://static.www.nfl.com/image/private/f_auto,q_auto/league/ie6loae7yhspzlivmadr",,,,,,
1965,STL,DB,DB,0,ACT,Jerry Stovall,Jerry,Stovall,1941-04-30,74,205,,,,,,,,,,,,"https://static.www.nfl.com/image/private/f_auto,q_auto/league/sjrkluv3qfsplfbiwhx6",,,,,,
1965,STL,DB,DB,0,ACT,Larry Wilson,Lawrence,Wilson,1938-03-24,72,190,,,,,,,,,,,,"https://static.www.nfl.com/image/private/f_auto,q_auto/league/hbcedrqxwxbvaealypk0",,,,,,
1965,STL,DB,DB,0,ACT,Abe Woodson,Abraham,Woodson,1934-02-15,71,190,,,,,,,,,,,,"https://static.www.nfl.com/image/private/f_auto,q_auto/league/y2kvbbilvzyvqv4ccdsr",,,,,,
1965,STL,DL,DE,0,ACT,Don Brumm,Donald,Brumm,1941-10-04,75,245,,,,,,,,,,,,"https://static.www.nfl.com/image/private/f_auto,q_auto/league/j9gxbmqj7gfyupeckznw",,,,,,
1965,STL,DL,DT,0,ACT,Ed McQuarters,Eddie,McQuarters,1943-04-16,73,255,,,,,,,,,,,,"https://static.www.nfl.com/image/private/f_auto,q_auto/league/sbrb6yix8xdnmffwqjix",,,,,,
1965,STL,DL,DE,0,ACT,Mike Melinkovich,Michael,Melinkovich,1942-01-07,76,245,,,,,,,,,,,,"https://static.www.nfl.com/image/private/f_auto,q_auto/league/hdjg8ysv098kyz5wjbtz",,,,,,
1965,STL,DL,DE,0,ACT,Luke Owens,Luke,Owens,1933-10-09,74,254,,,,,,,,,,,,"https://static.www.nfl.com/image/private/f_auto,q_auto/league/r0coqmcfjg4n2t5p5ild",,,,,,
1965,STL,DL,DE,0,ACT,Tom Redmond,Thomas,Redmond,1937-09-21,77,250,,,,,,,,,,,,"https://static.www.nfl.com/image/private/f_auto,q_auto/league/efvnojkntiz0gx8olmrg",,,,,,
1965,STL,DL,DE,0,ACT,Joe Robb,Alvis,Robb,1937-03-15,75,245,,,,,,,,,,,,"https://static.www.nfl.com/image/private/f_auto,q_auto/league/xh18uikwwmwi6tki4oq9",,,,,,
1965,STL,DL,DT,0,ACT,Sam Silas,Samuel,Silas,1940-09-25,76,255,,,,,,,,,,,,"https://static.www.nfl.com/image/private/f_auto,q_auto/league/tifweeovlqc5ld2sgsjy",,,,,,
1965,STL,DL,DT,0,ACT,Chuck Walker,Charles,Walker,1941-08-10,75,250,,,,,,,,,,,,"https://static.www.nfl.com/image/private/f_auto,q_auto/league/rvtdcnz4xj7tullwglct",,,,,,
1965,STL,K,K,0,ACT,Jim Bakken,James,Bakken,1940-11-02,71,200,,,,,,,,,,,,"https://static.www.nfl.com/image/private/f_auto,q_auto/league/hlv9veqbwd26wmhfka2m",,,,,,
1965,STL,LB,LB,0,ACT,Bill Koman,William,Koman,1934-09-16,74,230,,,,,,,,,,,,"https://static.www.nfl.com/image/private/f_auto,q_auto/league/pmgabhlcissehifqmylm",,,,,,
1965,STL,LB,LB,0,ACT,Dave Meggyesy,David,Meggyesy,1941-11-01,74,220,,,,,,,,,,,,"https://static.www.nfl.com/image/private/f_auto,q_auto/league/xpcebr60trqc7zxittqt",,,,,,
1965,STL,LB,LB,0,ACT,Dale Meinert,Dale,Meinert,1933-12-18,74,220,,,,,,,,,,,,"https://static.www.nfl.com/image/private/f_auto,q_auto/league/wj6vvhxfjgn1bgsohd7i",,,,,,
1965,STL,LB,LB,0,ACT,Marion Rushing,Marion,Rushing,1936-09-03,74,230,,,,,,,,,,,,"https://static.www.nfl.com/image/private/f_auto,q_auto/league/y4hvzppg22ugsel7jbju",,,,,,
1965,STL,LB,LB,0,ACT,Dave Simmons,David,Simmons,1943-08-03,76,245,,,,,,,,,,,,"https://static.www.nfl.com/image/private/f_auto,q_auto/league/toxcakl3326an9sfnycu",,,,,,
1965,STL,LB,LB,0,ACT,Larry Stallings,Lawrence,Stallings,1941-12-11,73,230,,,,,,,,,,,,"https://static.www.nfl.com/image/private/f_auto,q_auto/league/w3mhcxqtsqyflstftrbi",,,,,,
1965,STL,OL,C,0,ACT,Mike Alford,Michael,Alford,1943-06-19,75,230,,,,,,,,,,,,"https://static.www.nfl.com/image/private/f_auto,q_auto/league/lupnxnyuw6uolf0czlmw",,,,,,
1965,STL,OL,G,0,ACT,Ed Cook,Edward,Cook,1932-06-29,74,250,,,,,,,,,,,,"https://static.www.nfl.com/image/private/f_auto,q_auto/league/wmue6d3nhoerqttuaexd",,,,,,
1965,STL,OL,C,0,ACT,Bob DeMarco,Robert,DeMarco,1938-09-16,74,248,,,,,,,,,,,,"https://static.www.nfl.com/image/private/f_auto,q_auto/league/ml1ea3ixiy74atu2it46",,,,,,
1965,STL,OL,G,0,ACT,Irv Goode,Irvin,Goode,1940-10-12,77,255,,,,,,,,,,,,"https://static.www.nfl.com/image/private/f_auto,q_auto/league/pryjbhqjaccbzqimqoud",,,,,,
1965,STL,OL,G,0,ACT,Ken Gray,Kenneth,Gray,1936-03-10,74,250,,,,,,,,,,,,"https://static.www.nfl.com/image/private/f_auto,q_auto/league/fbmre0yiitixkkebaqte",,,,,,
1965,STL,OL,OT,0,ACT,Ernie McMillan,Ernest,McMillan,1938-02-21,77,275,,,,,,,,,,,,"https://static.www.nfl.com/image/private/f_auto,q_auto/league/aqywspz96wtnsxazqute",,,,,,
1965,STL,OL,OT,0,ACT,Bob Reynolds,Robert,Reynolds,1939-01-22,77,265,,,,,,,,,,,,"https://static.www.nfl.com/image/private/f_auto,q_auto/league/nzoc5i58vc4xu7dkmigz",,,,,,
1965,STL,OL,G,0,ACT,Rick Sortun,Henrik,Sortun,1942-09-26,74,235,,,,,,,,,,,,"https://static.www.nfl.com/image/private/f_auto,q_auto/league/djaav7qysfdics7gzdxy",,,,,,
1965,STL,OL,OT,0,ACT,Herschel Turner,Herschel,Turner,1942-06-17,75,230,,,,,,,,,,,,"https://static.www.nfl.com/image/private/f_auto,q_auto/league/jasmya1hyokirjxxeee9",,,,,,
1965,STL,QB,QB,0,ACT,Buddy Humphrey,Loyie,Humphrey,1935-09-29,73,200,,,,,,,,,,,,"https://static.www.nfl.com/image/private/f_auto,q_auto/league/imukg9auvutjnl8ni9gk",,,,,,
1965,STL,QB,QB,0,ACT,Charley Johnson,Charles,Johnson,1938-11-22,73,200,,,,,,,,,,,,"https://static.www.nfl.com/image/private/f_auto,q_auto/league/yg2xwz7tamnbhcxjhdny",,,,,,
1965,STL,QB,QB,0,ACT,Terry Nofsinger,William,Nofsinger,1938-07-13,76,215,,,,,,,,,,,,"https://static.www.nfl.com/image/private/f_auto,q_auto/league/chshatlplnsslhuauenw",,,,,,
1965,STL,RB,HB,0,ACT,Joe Childress,Joseph,Childress,1933-10-26,72,202,,,,,,,,,,,,"https://static.www.nfl.com/image/private/f_auto,q_auto/league/ghwfljlmdykcx0xg8wej",,,,,,
1965,STL,RB,RB,0,ACT,Willis Crenshaw,Willis,Crenshaw,1941-07-16,74,230,,,,,,,,,,,,"https://static.www.nfl.com/image/private/f_auto,q_auto/league/zr8nxrmi0j2fm48dkqhj",,,,,,
1965,STL,RB,HB,0,ACT,Prentice Gautt,Prentice,Gautt,1938-02-08,73,210,,,,,,,,,,,,"https://static.www.nfl.com/image/private/f_auto,q_auto/league/bvlcnk3gn4ngtwmqd7wa",,,,,,
1965,STL,RB,FB,0,ACT,Mal Hammack,Malcolm,Hammack,1933-06-19,74,210,,,,,,,,,,,,"https://static.www.nfl.com/image/private/f_auto,q_auto/league/iftkhovuftdaax8fmpx7",,,,,,
1965,STL,RB,FB,0,ACT,Bill Thornton,William,Thornton,1939-09-20,73,215,,,,,,,,,,,,"https://static.www.nfl.com/image/private/f_auto,q_auto/league/i0xiktbhpn4mug8nxwyt",,,,,,
1965,STL,RB,RB,0,ACT,Bill Triplett,William,Triplett,1940-05-09,74,215,,,,,,,,,,,,"https://static.www.nfl.com/image/private/f_auto,q_auto/league/jcpv4nnjwzm7tg22b1yb",,,,,,
1965,STL,TE,TE,0,ACT,Chuck Logan,Charles,Logan,1943-04-10,76,210,,,,,,,,,,,,"https://static.www.nfl.com/image/private/f_auto,q_auto/league/yy3bk08uyurcglgpd04n",,,,,,
1965,STL,TE,TE,0,ACT,Ray Ogden,Raymond,Ogden,1942-09-02,77,225,,,,,,,,,,,,"https://static.www.nfl.com/image/private/f_auto,q_auto/league/cipulzarrbntgpjcygdt",,,,,,
1965,STL,TE,TE,0,ACT,Jackie Smith,Jackie,Smith,1940-02-23,76,235,,,,,,,,,,,,"https://static.www.nfl.com/image/private/f_auto,q_auto/league/hzrh4o21xokexvn4h8yo",,,,,,
1965,STL,WR,WR,0,ACT,Bobby Joe Conrad,Robert,Conrad,1935-11-17,74,195,,,,,,,,,,,,"https://static.www.nfl.com/image/private/f_auto,q_auto/league/s1wzccp9vyjsbv4dywng",,,,,,
1965,STL,WR,WR,0,ACT,Billy Gambrell,William,Gambrell,1941-09-18,70,175,,,,,,,,,,,,"https://static.www.nfl.com/image/private/f_auto,q_auto/league/fzsxsedk5hp2xtg159ie",,,,,,
1965,STL,WR,WR,0,ACT,Sonny Randle,Ulmo,Randle,1936-01-06,74,195,,,,,,,,,,,,"https://static.www.nfl.com/image/private/f_auto,q_auto/league/k5ay53z51je651oqjxoo",,,,,,
1965,WAS,DB,DB,0,ACT,Rickie Harris,Rickie,Harris,1943-05-15,71,182,,,,,,,,,,,,"https://static.www.nfl.com/image/private/f_auto,q_auto/league/az2tyvtshizahj1oyuj8",,,,,,
1965,WAS,DB,DB,0,ACT,Paul Krause,Paul,Krause,1942-02-19,75,200,,,,,,,,,,,,"https://static.www.nfl.com/image/private/f_auto,q_auto/league/afs7hxwe1t3vcbpgwsmc",,,,,,
1965,WAS,DB,DB,0,ACT,Johnny Sample,John,Sample,1937-06-15,73,205,,,,,,,,,,,,"https://static.www.nfl.com/image/private/f_auto,q_auto/league/eusdgogx20rqiellcv4s",,,,,,
1965,WAS,DB,DB,0,ACT,Lonnie Sanders,Lonnie,Sanders,1941-11-03,75,207,,,,,,,,,,,,"https://static.www.nfl.com/image/private/f_auto,q_auto/league/csonkdl6dgsufpza0s81",,,,,,
1965,WAS,DB,DB,0,ACT,Jim Shorter,James,Shorter,1939-06-08,71,185,,,,,,,,,,,,"https://static.www.nfl.com/image/private/f_auto,q_auto/league/usqzlh4gmwrpbtxyurvn",,,,,,
1965,WAS,DB,DB,0,ACT,Jim Steffen,James,Steffen,1936-05-01,72,195,,,,,,,,,,,,"https://static.www.nfl.com/image/private/f_auto,q_auto/league/xa877q5yrjgjrgro0otd",,,,,,
1965,WAS,DB,DB,0,ACT,Tom Walters,Thomas,Walters,1942-06-11,74,195,,,,,,,,,,,,"https://static.www.nfl.com/image/private/f_auto,q_auto/league/ew5aeovzfnq4aol51cae",,,,,,
1965,WAS,DL,DE,0,ACT,Willie Adams,Willie,Adams,1941-12-12,74,235,,,,,,,,,,,,"https://static.www.nfl.com/image/private/f_auto,q_auto/league/sww2mlynwxgrafzolbto",,,,,,
1965,WAS,DL,DE,0,ACT,Carl Kammerer,Carlton,Kammerer,1937-03-20,75,243,,,,,,,,,,,,"https://static.www.nfl.com/image/private/f_auto,q_auto/league/dxul4dxsbw36wde0nzkv",,,,,,
1965,WAS,DL,DE,0,ACT,John Paluck,John,Paluck,1934-05-21,74,241,,,,,,,,,,,,"https://static.www.nfl.com/image/private/f_auto,q_auto/league/bczmcjot9l7fo3cawtdk",,,,,,
1965,WAS,DL,DE,0,ACT,Bill Quinlan,William,Quinlan,1932-06-19,75,248,,,,,,,,,,,,"https://static.www.nfl.com/image/private/f_auto,q_auto/league/tlbhum01oikungwcirs8",,,,,,
1965,WAS,DL,DT,0,ACT,Joe Rutgens,Joseph,Rutgens,1939-01-26,74,255,,,,,,,,,,,,"https://static.www.nfl.com/image/private/f_auto,q_auto/league/ug8kxs0b49txszdfs0zq",,,,,,
1965,WAS,DL,DE,0,ACT,Ron Snidow,Ronald,Snidow,1941-12-30,75,250,,,,,,,,,,,,"https://static.www.nfl.com/image/private/f_auto,q_auto/league/l1v8ftvrwkltnji53bzc",,,,,,
1965,WAS,DL,DT,0,ACT,Fred Williams,Fred,Williams,1929-02-08,76,249,,,,,,,,,,,,"https://static.www.nfl.com/image/private/f_auto,q_auto/league/blqbuj5dlmuqssxysmze",,,,,,
1965,WAS,LB,LB,0,ACT,Chris Hanburger,Christian,Hanburger,1941-08-13,74,218,,,,,,,,,,,,"https://static.www.nfl.com/image/private/f_auto,q_auto/league/cvetp0trgfhpdfi6girx",,,,,,
1965,WAS,LB,LB,0,ACT,Sam Huff,Robert,Huff,1934-10-04,73,230,,,,,,,,,,,,"https://static.www.nfl.com/image/private/f_auto,q_auto/league/p3ncxojjjcqetzgoewij",,,,,,
1965,WAS,LB,LB,0,ACT,Bob Pellegrini,Robert,Pellegrini,1934-11-13,74,233,,,,,,,,,,,,"https://static.www.nfl.com/image/private/f_auto,q_auto/league/ghwjfhhwtk4oa6ciwz0x",,,,,,
1965,WAS,LB,LB,0,ACT,John Reger,John,Reger,1931-09-11,72,220,,,,,,,,,,,,"https://static.www.nfl.com/image/private/f_auto,q_auto/league/r3batzvj7lhjizsnhgwz",,,,,,
1965,WAS,OL,G,0,ACT,Don Croftcheck,Donald,Croftcheck,1942-09-12,74,230,,,,,,,,,,,,"https://static.www.nfl.com/image/private/f_auto,q_auto/league/c0rsaf5ldq2cibnipbvm",,,,,,
1965,WAS,OL,C,0,ACT,Dave Crossan,David,Crossan,1940-06-08,76,245,,,,,,,,,,,,"https://static.www.nfl.com/image/private/f_auto,q_auto/league/r3sb3ykdnstyqg5jnsnr",,,,,,
1965,WAS,OL,G,0,ACT,Darrell Dess,Darrell,Dess,1935-07-11,72,245,,,,,,,,,,,,"https://static.www.nfl.com/image/private/f_auto,q_auto/league/zsth95irhno0s7bmqluj",,,,,,
1965,WAS,OL,C,0,ACT,Len Hauss,Leonard,Hauss,1942-07-11,74,235,,,,,,,,,,,,"https://static.www.nfl.com/image/private/f_auto,q_auto/league/tnquewctjt5wcej3bmaw",,,,,,
1965,WAS,OL,OT,0,ACT,Fran O'Brien,Francis,O'Brien,1936-04-17,73,265,,,,,,,,,,,,"https://static.www.nfl.com/image/private/f_auto,q_auto/league/urbxfc04o0msubkgr937",,,,,,
1965,WAS,OL,G,0,ACT,Vince Promuto,Vincent,Promuto,1938-06-08,73,245,,,,,,,,,,,,"https://static.www.nfl.com/image/private/f_auto,q_auto/league/xtznb8tvoe2jm7hvfsi1",,,,,,
1965,WAS,OL,G,0,ACT,Robert Reed,Robert,Reed,1943-02-23,75,250,,,,,,,,,,,,"https://static.www.nfl.com/image/private/f_auto,q_auto/league/uolpiihz8dimkcskbwfd",,,,,,
1965,WAS,OL,OT,0,ACT,Jim Snowden,James,Snowden,1942-01-12,75,255,,,,,,,,,,,,"https://static.www.nfl.com/image/private/f_auto,q_auto/league/p0m2dzka78iadcseo0st",,,,,,
1965,WAS,P,P,0,ACT,John Seedborg,John,Seedborg,1943-01-23,72,227,,,,,,,,,,,,"https://static.www.nfl.com/image/private/f_auto,q_auto/league/wizolggl8odryr6vwgpf",,,,,,
1965,WAS,QB,QB,0,ACT,Sonny Jurgensen,Christian,Jurgensen,1934-08-23,71,203,,,,,,,,,,,,"https://static.www.nfl.com/image/private/f_auto,q_auto/league/lchsfr6kvo3q1dpnyjes",,,,,,
1965,WAS,QB,QB,0,ACT,Dick Shiner,Richard,Shiner,1942-07-18,72,201,,,,,,,,,,,,"https://static.www.nfl.com/image/private/f_auto,q_auto/league/tvk6pwyhn74ivikopjw6",,,,,,
1965,WAS,RB,HB,0,TRL,Pervis Atkins,Pervis,Atkins,1935-11-24,73,230,,,,,,,,,,,,"https://static.www.nfl.com/image/private/f_auto,q_auto/league/waxttgtla0jhtyvcmmqa",,,,,,
1965,WAS,RB,FB,0,ACT,Bob Briggs,Robert,Briggs,1941-01-12,73,228,,,,,,,,,,,,"https://static.www.nfl.com/image/private/f_auto,q_auto/league/fvuxkjr3yebhpybdlcud",,,,,,
1965,WAS,RB,HB,0,ACT,Jimmy Carr,James,Carr,1933-03-25,73,206,,,,,,,,,,,,"https://static.www.nfl.com/image/private/f_auto,q_auto/league/scft0y0zlvgo0rgdc0gg",,,,,,
1965,WAS,RB,FB,0,ACT,Rick Casares,Ricardo,Casares,1931-07-04,74,225,,,,,,,,,,,,"https://static.www.nfl.com/image/private/f_auto,q_auto/league/rjm31qqkeezveopxyl6j",,,,,,
1965,WAS,RB,FB,0,ACT,George Hughley,George,Hughley,1939-06-26,74,223,,,,,,,,,,,,"https://static.www.nfl.com/image/private/f_auto,q_auto/league/a5r1kvghchwfinsthfrf",,,,,,
1965,WAS,RB,HB,0,ACT,Dan Lewis,Daniel,Lewis,1936-02-14,73,208,,,,,,,,,,,,"https://static.www.nfl.com/image/private/f_auto,q_auto/league/zyu18nk7zdx44du9tuyk",,,,,,
1965,WAS,RB,HB,0,ACT,Bobby Mitchell,Robert,Mitchell,1935-06-06,72,196,,,,,,,,,,,,"https://static.www.nfl.com/image/private/f_auto,q_auto/league/c9vegaf38fkii2h2yoab",,,,,,
1965,WAS,RB,RB,0,ACT,Charley Taylor,Charles,Taylor,1941-09-28,75,210,,,,,,,,,,,,"https://static.www.nfl.com/image/private/f_auto,q_auto/league/ii7rywjrtsizqsmm5nqu",,,,,,
1965,WAS,TE,TE,0,ACT,Preston Carpenter,Verda,Carpenter,1934-01-24,74,210,,,,,,,,,,,,"https://static.www.nfl.com/image/private/f_auto,q_auto/league/bmgf8wuhs0emtwntlxtm",,,,,,
1965,WAS,TE,TE,0,ACT,Bob Jencks,Robert,Jencks,1941-07-15,77,227,,,,,,,,,,,,"https://static.www.nfl.com/image/private/f_auto,q_auto/league/hwxu9zzqcuhxphsrohkd",,,,,,
1965,WAS,TE,TE,0,ACT,Pat Richter,Hugh,Richter,1941-09-09,77,229,,,,,,,,,,,,"https://static.www.nfl.com/image/private/f_auto,q_auto/league/yfeeaxryw3zafzy2n4yf",,,,,,
1965,WAS,TE,TE,0,ACT,Jerry Smith,Gerald,Smith,1943-07-19,75,208,,,,,,,,,,,,"https://static.www.nfl.com/image/private/f_auto,q_auto/league/todu20pkppemp0onlqix",,,,,,
1965,WAS,WR,WR,0,ACT,Angelo Coia,Angelo,Coia,1938-04-21,75,195,,,,,,,,,,,,"https://static.www.nfl.com/image/private/f_auto,q_auto/league/tvgfzstzjhbfaw2crirl",,,,,,
1965,WAS,WR,WR,0,ACT,Billy Hunter,George,Hunter,1942-11-05,73,185,,,,,,,,,,,,"https://static.www.nfl.com/image/private/f_auto,q_auto/league/nmc6qla2vppivwisooqn",,,,,,
1965,WAS,WR,WR,0,ACT,Fred Mazurek,Frederick,Mazurek,1943-03-21,71,192,,,,,,,,,,,,"https://static.www.nfl.com/image/private/f_auto,q_auto/league/dvethr1dyxym33ndasfv",,,,,,
