season,team,position,depth_chart_position,jersey_number,status,full_name,first_name,last_name,birth_date,height,weight,college,gsis_id,espn_id,sportradar_id,yahoo_id,rotowire_id,pff_id,pfr_id,fantasy_data_id,sleeper_id,years_exp,headshot_url,esb_id,gsis_it_id,smart_id,entry_year,rookie_year,draft_club
1997,MIA,RB,RB,33,ACT,Abdul-Karim al-Jabbar,Abdul-Karim,al-Jabbar,1974-06-28,71,200,,00-0000003,,,,,,,,,,"https://static.www.nfl.com/image/private/f_auto,q_auto/league/rtnc0qkvhmkcwwueac0o",ALJ059326,,3200414c-4a05-9326-21be-1f70bcd6190f,,,
1997,CAR,DB,DB,24,ACT,Clifton Abraham,Clifton,Abraham,1971-12-09,69,185,,00-0000016,,,,,,,,,,"https://static.www.nfl.com/image/private/f_auto,q_auto/league/doc4f7yv4qjklkurq1hh",ABR072558,,32004142-5207-2558-aa9e-69dbb38f46d7,,,
1997,TB,DB,CB,21,ACT,Donnie Abraham,Nathaniel,Abraham,1973-10-08,70,190,,00-0000017,,,,,,,,,,"https://static.www.nfl.com/image/private/f_auto,q_auto/league/kfyq9ztqmw3snrsqogv5",ABR073258,,32004142-5207-3258-ebd3-814f82d39c58,,,
1997,DET,DB,CB,24,ACT,Kevin Abrams,Kevin,Abrams,1974-02-28,68,175,,00-0000025,,,,,,,,,,"https://static.www.nfl.com/image/private/f_auto,q_auto/league/nybaeprxjxlemhqfygxd",ABR397056,,32004142-5239-7056-a5a6-5c6acab130b7,,,
1997,NO,OL,G,69,ACT,Tom Ackerman,Thomas,Ackerman,1972-09-06,75,290,,00-0000032,,,,,,,,,,"https://static.www.nfl.com/image/private/f_auto,q_auto/league/s7tpjn4fly0ulwp8mx5l",ACK425040,,32004143-4b42-5040-5e4c-ffc2696ade34,,,
1997,SEA,DL,DT,98,ACT,Sam Adams,Samuel,Adams,1973-06-13,75,297,,00-0000065,,,,,,,,,,"https://static.www.nfl.com/image/private/f_auto,q_auto/league/pqwbc18lkp6evgok8768",ADA571656,,32004144-4157-1656-c9b5-9681a9711d63,,,
1997,ATL,OL,OT,71,ACT,Scott Adams,Scott,Adams,1966-09-28,77,290,,00-0000066,,,,,,,,,,"https://static.www.nfl.com/image/private/f_auto,q_auto/league/yjbhmufjtd7bhwmbe0xv",ADA584320,,32004144-4158-4320-c6af-918649831c94,,,
1997,DEN,OL,OT,73,TRC,Scott Adams,Scott,Adams,1966-09-28,77,290,,00-0000066,,,,,,,,,,"https://static.www.nfl.com/image/private/f_auto,q_auto/league/yjbhmufjtd7bhwmbe0xv",ADA584320,,32004144-4158-4320-c6af-918649831c94,,,
1997,NO,DB,FS,27,CUT,Vashone Adams,Vashone,Adams,1973-09-12,70,198,,00-0000072,,,,,,,,,,"https://static.www.nfl.com/image/private/f_auto,q_auto/league/czxpa4mxln9wa8mh3t5x",ADA680900,,32004144-4168-0900-cfe8-3a7476770f6c,,,
1997,NYG,DL,DE,93,ACT,Ray Agnew,Raymond,Agnew,1967-12-09,75,285,,00-0000097,,,,,,,,,,"https://static.www.nfl.com/image/private/f_auto,q_auto/league/bbm1kkik4ekmarc4mbzv",AGN415291,,32004147-4e41-5291-430e-75c93015e018,,,
1997,KC,SPEC,P,5,ACT,Louie Aguiar,Louis,Aguiar,1966-06-30,74,218,,00-0000098,,,,,,,,,,"https://static.www.nfl.com/image/private/f_auto,q_auto/league/qqkgkzrfwttuy0ab8e6f",AGU401791,,32004147-5540-1791-3e41-c35f15fac6e5,,,
1997,TB,DL,DE,72,ACT,Chidi Ahanotu,Chidi,Ahanotu,1970-10-11,74,283,,00-0000100,,,,,,,,,,"https://static.www.nfl.com/image/private/f_auto,q_auto/league/thwne3sb40hjqqzt4zb6",AHA444955,,32004148-4144-4955-af48-b12bdd5df580,,,
1997,DAL,QB,QB,8,ACT,Troy Aikman,Troy,Aikman,1966-11-21,76,219,,00-0000104,,,,,,,,,,"https://static.www.nfl.com/image/private/f_auto,q_auto/league/skagdrvhtf6ywlxwlrou",AIK553722,,32004149-4b55-3722-44ec-125524ad4078,,,
1997,BUF,OL,OT,76,ACT,Ethan Albright,Lawrence,Albright,1971-05-01,77,283,,00-0000121,,,,,,,,,,"https://static.www.nfl.com/image/private/f_auto,q_auto/league/lip7eu79zah64gpusebf",ALB637766,,3200414c-4263-7766-3ff2-577dbeb62e1c,,,
1997,TEN,OL,OT,70,CUT,Winston Alderson,Winston,Alderson,1973-12-27,76,344,,00-0000126,,,,,,,,,,"https://static.www.nfl.com/image/private/f_auto,q_auto/league/jrur2iv2oya1jhegkvxz",ALD192812,,3200414c-4419-2812-83a5-be5cbc9b1a17,,,
1997,DEN,LB,MLB,57,ACT,Allen Aldridge,Allen,Aldridge,1972-05-30,73,245,,00-0000129,,,,,,,,,,"https://static.www.nfl.com/image/private/f_auto,q_auto/league/kjcyugvjpsg5ibggtf8p",ALD410038,,3200414c-4441-0038-7402-f94793534c4f,,,
1997,NO,LB,LB,50,ACT,Ink Aleaga,Ink,Aleaga,1973-04-04,73,225,,00-0000134,,,,,,,,,,"https://static.www.nfl.com/image/private/f_auto,q_auto/league/ubsh7worbehik5928bch",ALE002415,,3200414c-4500-2415-1601-e5ecafe72447,,,
1997,ARI,DB,FS,46,ACT,Brent Alexander,Brent,Alexander,1971-07-10,71,196,,00-0000136,,,,,,,,,,"https://static.www.nfl.com/image/private/f_auto,q_auto/league/sgkwt2povfpzrplzya5j",ALE082928,,3200414c-4508-2928-109e-95e453eee0a5,,,
1997,BAL,WR,WR,82,ACT,Derrick Alexander,Derrick,Alexander,1971-11-06,74,195,,00-0000145,,,,,,,,,,"https://static.www.nfl.com/image/private/f_auto,q_auto/league/kghksofxi1gzyke5cexb",ALE225855,,3200414c-4522-5855-9980-3975fad013b4,,,
1997,MIN,DL,DE,90,ACT,Derrick L. Alexander,Derrick,Alexander,1973-11-13,76,276,,00-0000146,,,,,,,,,,"https://static.www.nfl.com/image/private/f_auto,q_auto/league/vfrofs8lmjisb3uq6prb",ALE222855,,3200414c-4522-2855-b56b-c59b302e7e03,,,
1997,IND,LB,OLB,50,ACT,Elijah Alexander,Elijah,Alexander,1970-08-02,74,237,,00-0000147,,,,,,,,,,"https://static.www.nfl.com/image/private/f_auto,q_auto/league/uv7v9mxsjduc8ukc3fys",ALE233141,,3200414c-4523-3141-8850-f8f4040dd6e5,,,
1997,NYG,WR,WR,86,ACT,Kevin Alexander,Kevin,Alexander,1975-01-23,69,185,,00-0000154,,,,,,,,,,"https://static.www.nfl.com/image/private/f_auto,q_auto/league/ktzxnh8jqs0akmiienek",ALE488354,,3200414c-4548-8354-7071-4488f4084a13,,,
1997,NO,DB,CB,21,ACT,Eric Allen,Eric,Allen,1965-11-22,70,180,,00-0000204,,,,,,,,,,"https://static.www.nfl.com/image/private/f_auto,q_auto/league/oqz1nvdgdybojfpjpsrf",ALL270410,,3200414c-4c27-0410-2fbb-56a9caa3060e,,,
1997,CHI,RB,RB,20,ACT,James Allen,James,Allen,1975-03-28,70,212,,00-0000210,,,,,,,,,,"https://static.www.nfl.com/image/private/f_auto,q_auto/league/tw4x6i01gorfsuoommkb",ALL436745,,3200414c-4c43-6745-6a07-948d378a104e,,,
1997,DAL,OL,G,73,ACT,Larry Allen,Larry,Allen,1971-11-27,75,325,,00-0000217,,,,,,,,,,"https://static.www.nfl.com/image/private/f_auto,q_auto/league/o51021fppnwxvlql9jly",ALL550477,,3200414c-4c55-0477-1895-f6e8a902378c,,,
1997,KC,RB,RB,32,ACT,Marcus Allen,Marcus,Allen,1960-03-26,74,210,,00-0000220,,,,,,,,,,"https://static.www.nfl.com/image/private/f_auto,q_auto/league/wy664ewj5sglsncnjakr",ALL598765,,3200414c-4c59-8765-9d33-196f8c26460c,,,
1997,STL,DB,DB,20,ACT,Taje Allen,Taje,Allen,1973-11-06,70,185,,00-0000231,,,,,,,,,,"https://static.www.nfl.com/image/private/f_auto,q_auto/league/govf8l5sv3tu3tizeojx",ALL645442,,3200414c-4c64-5442-210b-a214f893a077,,,
1997,WAS,RB,RB,21,ACT,Terry Allen,Terry,Allen,1968-02-21,71,208,,00-0000232,,,,,,,,,,"https://static.www.nfl.com/image/private/f_auto,q_auto/league/w0seugiirpz4gikftv38",ALL647052,,3200414c-4c64-7052-fe79-2e294d897a78,,,
1997,CHI,TE,TE,49,ACT,Tremayne Allen,Tremayne,Allen,1974-08-09,74,234,,00-0000234,,,,,,,,,,"https://static.www.nfl.com/image/private/f_auto,q_auto/league/xv0rkpaz7lt41bdc135l",ALL651881,,3200414c-4c65-1881-58c8-ccf9c96ea1d9,,,
1997,CHI,TE,TE,84,ACT,John Allred,John,Allred,1974-09-09,76,246,,00-0000242,,,,,,,,,,"https://static.www.nfl.com/image/private/f_auto,q_auto/league/ggui10i6zck64nnovkup",ALL808470,,3200414c-4c80-8470-e796-4550bae428e3,,,
1997,TB,RB,FB,40,ACT,Mike Alstott,Michael,Alstott,1973-12-21,73,248,,00-0000251,,,,,,,,,,"https://static.www.nfl.com/image/private/f_auto,q_auto/league/loxctvxuynoipeaduqsc",ALS635685,,3200414c-5363-5685-9704-40e67186e91f,,,
1997,CIN,DB,CB,33,ACT,Ashley Ambrose,Ashley,Ambrose,1970-09-17,70,192,,00-0000261,,,,,,,,,,"https://static.www.nfl.com/image/private/f_auto,q_auto/league/hqodozwzdkzcq0tgciic",AMB266360,,3200414d-4226-6360-2f78-64b66a144f6d,,,
1997,KC,RB,FB,38,ACT,Kimble Anders,Kimble,Anders,1966-09-10,71,230,,00-0000279,,,,,,,,,,"https://static.www.nfl.com/image/private/f_auto,q_auto/league/tekunhsdrndofvfxesco",AND015193,,3200414e-4401-5193-8ae5-7503312c1a09,,,
1997,ATL,SPEC,K,5,ACT,Morten Andersen,Morten,Andersen,1960-08-19,74,225,,00-0000282,,,,,,,,,,"https://static.www.nfl.com/image/private/f_auto,q_auto/league/nk87h6cjuij14iofd5ix",AND020258,,3200414e-4402-0258-af5e-f904d4733d82,,,
1997,DAL,DL,DT,96,ACT,Antonio Anderson,Antonio,Anderson,1973-06-04,78,318,,00-0000287,,,,,,,,,,"https://static.www.nfl.com/image/private/f_auto,q_auto/league/usftzuhtbl2e94wso86u",AND065838,,3200414e-4406-5838-9fb3-c9c8f6c2a3c0,,,
1997,KC,DB,DB,44,ACT,Darren Anderson,Darren,Anderson,1969-01-11,70,189,,00-0000298,,,,,,,,,,"https://static.www.nfl.com/image/private/f_auto,q_auto/league/vciz9c64q6jjpigspss5",AND177257,,3200414e-4417-7257-d30d-50ee3ef35567,,,
1997,MIA,DL,DE,71,CUT,Dunstan Anderson,Dunstan,Anderson,1970-12-31,75,265,,00-0000303,,,,,,,,,,"https://static.www.nfl.com/image/private/f_auto,q_auto/league/odfvyqqsjjqwwkkmb4bu",AND200047,,3200414e-4420-0047-31cb-cd46638a142f,,,
1997,OAK,DB,DB,33,ACT,Eddie Anderson,Eddie,Anderson,1963-07-22,73,215,,00-0000305,,,,,,,,,,"https://static.www.nfl.com/image/private/f_auto,q_auto/league/taowb92byxcvxqsp0jpp",AND212709,,3200414e-4421-2709-d3bc-36dfacabaa74,,,
1997,SF,SPEC,K,1,ACT,Gary Anderson,Gary,Anderson,1959-07-16,71,178,,00-0000313,,,,,,,,,,"https://static.www.nfl.com/image/private/f_auto,q_auto/league/fofzz3dwrg1vr2drmoak",AND273108,,3200414e-4427-3108-1809-a396fee76085,,,
1997,ATL,RB,RB,32,ACT,Jamal Anderson,Jamal,Anderson,1972-09-30,71,234,,00-0000316,,,,,,,,,,"https://static.www.nfl.com/image/private/f_auto,q_auto/league/faws2enuknhawnowkns0",AND291208,,3200414e-4429-1208-c593-c1b93944ea3b,,,
1997,NYJ,RB,RB,20,ACT,Richie Anderson,Richard,Anderson,1971-09-13,74,225,,00-0000339,,,,,,,,,,"https://static.www.nfl.com/image/private/f_auto,q_auto/league/t05nqplwwgzsyysjmswf",AND421668,,3200414e-4442-1668-92c2-aa673041a926,,,
1997,GB,WR,WR,82,ACT,Ronnie Anderson,Ronnie,Anderson,1974-02-27,73,195,,00-0000343,,,,,,,,,,"https://static.www.nfl.com/image/private/f_auto,q_auto/league/xnzaocnutnotkndxaxor",AND489990,,3200414e-4448-9990-b944-690e1223e5f1,,,
1997,DEN,WR,WR,83,CUT,Flipper Anderson,Willie,Anderson,1965-03-07,72,175,,00-0000351,,,,,,,,,,"https://static.www.nfl.com/image/private/f_auto,q_auto/league/wi8asapfckhlhtide0vz",AND607740,,3200414e-4460-7740-8837-c86b43c1f663,,,
1997,CIN,OL,OT,71,ACT,Willie Anderson,Willie,Anderson,1975-07-11,77,325,,00-0000352,,,,,,,,,,"https://static.www.nfl.com/image/private/f_auto,q_auto/league/zgfskojfejbtmvqndvcb",AND603240,,3200414e-4460-3240-86ae-cd3b353113cd,,,
1997,GB,OL,G,70,ACT,Joe Andruzzi,Joseph,Andruzzi,1975-08-23,75,313,,00-0000374,,,,,,,,,,"https://static.www.nfl.com/image/private/f_auto,q_auto/league/me9skfongiitajxljn6j",AND825516,,3200414e-4482-5516-785d-8c64197bb3d7,,,
1997,TB,WR,WR,85,ACT,Reidel Anthony,Reidel,Anthony,1976-10-20,71,178,,00-0000387,,,,,,,,,,"https://static.www.nfl.com/image/private/f_auto,q_auto/league/rcsbgaxntmcmrns4n9u1",ANT195429,,3200414e-5419-5429-319e-cdf591db431f,,,
1997,OAK,SPEC,P,2,ACT,Leo Araguz,Leobardo,Araguz,1970-01-18,71,190,,00-0000400,,,,,,,,,,"https://static.www.nfl.com/image/private/f_auto,q_auto/league/losb2mgqxxnphnyx15q7",ARA195430,,32004152-4119-5430-bfed-de994e6fce04,,,
1997,ATL,DL,DE,92,ACT,Lester Archambeau,Lester,Archambeau,1967-06-27,77,275,,00-0000405,,,,,,,,,,"https://static.www.nfl.com/image/private/f_auto,q_auto/league/az7fnotr16s5dgtounfw",ARC138430,,32004152-4313-8430-3971-9b1baec10bc5,,,
1997,TEN,RB,RB,22,ACT,Mike Archie,Michael,Archie,1972-10-14,68,205,,00-0000409,,,,,,,,,,"https://static.www.nfl.com/image/private/f_auto,q_auto/league/jrynsxqnrciddtyekr5v",ARC615842,,32004152-4361-5842-b9a3-9e96ac32d006,,,
1997,PHI,WR,WR,86,TRD,Justin Armour,Justin,Armour,1973-01-01,76,209,,00-0000422,,,,,,,,,,"https://static.www.nfl.com/image/private/f_auto,q_auto/league/bck8siyssq4rqusvtw5d",ARM039085,,32004152-4d03-9085-41c1-bf79b1af76a4,,,
1997,SF,WR,WR,0,ACT,Justin Armour,Justin,Armour,1973-01-01,76,209,,00-0000422,,,,,,,,,,"https://static.www.nfl.com/image/private/f_auto,q_auto/league/bck8siyssq4rqusvtw5d",ARM039085,,32004152-4d03-9085-41c1-bf79b1af76a4,,,
1997,NYG,LB,OLB,98,ACT,Jessie Armstead,Jessie,Armstead,1970-10-26,73,240,,00-0000426,,,,,,,,,,"https://static.www.nfl.com/image/private/f_auto,q_auto/league/zsvhwqxosxfb388jx4xq",ARM084964,,32004152-4d08-4964-2b92-57414a9854b6,,,
1997,NE,OL,OT,78,ACT,Bruce Armstrong,Bruce,Armstrong,1965-09-07,76,295,,00-0000429,,,,,,,,,,"https://static.www.nfl.com/image/private/f_auto,q_auto/league/jgk8bv3fiwutyslckvdx",ARM146571,,32004152-4d14-6571-52f7-a090f0cfd586,,,
1997,MIA,DL,DE,93,ACT,Trace Armstrong,Raymond,Armstrong,1965-10-05,76,267,,00-0000439,,,,,,,,,,"https://static.www.nfl.com/image/private/f_auto,q_auto/league/euzjohn4txovvbpchco4",ARM642641,,32004152-4d64-2641-4f5c-6a37fa5c0a39,,,
1997,PIT,WR,WR,80,RES,Jahine Arnold,Jahine,Arnold,1973-06-19,72,187,,00-0000446,,,,,,,,,,"https://static.www.nfl.com/image/private/f_auto,q_auto/league/y3qyqfre27dgirrki3yb",ARN474755,,32004152-4e47-4755-4b7b-bed94c54922f,,,
1997,WAS,TE,TE,84,ACT,Jamie Asher,Jamie,Asher,1972-10-31,75,245,,00-0000466,,,,,,,,,,"https://static.www.nfl.com/image/private/f_auto,q_auto/league/jjhrmyicgzndpwnjdbee",ASH449435,,32004153-4844-9435-23ec-685dc092448f,,,
1997,WAS,OL,OT,73,ACT,Darryl Ashmore,Darryl,Ashmore,1969-11-01,79,319,,00-0000472,,,,,,,,,,"https://static.www.nfl.com/image/private/f_auto,q_auto/league/hcbw1lt8lg9vciuqxecs",ASH635509,,32004153-4863-5509-3310-eff5a4b46711,,,
1997,OAK,RB,RB,35,ACT,Joe Aska,Joe,Aska,1972-07-14,71,240,,00-0000473,,,,,,,,,,"https://static.www.nfl.com/image/private/f_auto,q_auto/league/lzdnzab04folvqrkamgf",ASK092286,,32004153-4b09-2286-465f-d654c1482427,,,
1997,SEA,OL,OT,74,ACT,James Atkins,James,Atkins,1970-01-28,78,303,,00-0000485,,,,,,,,,,"https://static.www.nfl.com/image/private/f_auto,q_auto/league/hhr8ycyrydfqgw0pwsrb",ATK298488,,32004154-4b29-8488-a18c-63273541fc04,,,
1997,DEN,DB,FS,27,ACT,Steve Atwater,Stephen,Atwater,1966-10-28,75,217,,00-0000500,,,,,,,,,,"https://static.www.nfl.com/image/private/f_auto,q_auto/league/j3xxo3zjpt29erl0wsdf",ATW276861,,32004154-5727-6861-857f-9abd7e42ba54,,,
1997,NYJ,DB,DB,36,ACT,Ray Austin,Raymond,Austin,1974-12-21,71,190,,00-0000529,,,,,,,,,,"https://static.www.nfl.com/image/private/f_auto,q_auto/league/jiior8es4bp4ummrr9ow",AUS612432,,32004155-5361-2432-879d-592152ee80ac,,,
1997,CHI,RB,RB,21,ACT,Darnell Autry,Huntington,Autry,1976-06-19,70,210,,00-0000534,,,,,,,,,,"https://static.www.nfl.com/image/private/f_auto,q_auto/league/ledkrjklk2lyswmowzgw",AUT541722,,32004155-5454-1722-9486-88cc8675347d,,,
1997,WAS,OL,G,74,ACT,Brad Badger,Bradley,Badger,1975-01-11,76,298,,00-0000576,,,,,,,,,,"https://static.www.nfl.com/image/private/f_auto,q_auto/league/babh1oqhyb91qvquddzz",BAD650964,,32004241-4465-0964-c1c3-08a1f705af41,,,
1997,IND,WR,WR,80,ACT,Aaron Bailey,Aaron,Bailey,1971-10-24,70,185,,00-0000582,,,,,,,,,,"https://static.www.nfl.com/image/private/f_auto,q_auto/league/yp3warxchoont2d5wyuc",BAI023357,,32004241-4902-3357-d5b4-c7fe9e954987,,,
1997,CAR,LB,LB,54,ACT,Carlton Bailey,Carlton,Bailey,1964-12-15,75,242,,00-0000584,,,,,,,,,,"https://static.www.nfl.com/image/private/f_auto,q_auto/league/nifwnzdvibdhvsf8swlc",BAI069214,,32004241-4906-9214-1205-dd330c2daa49,,,
1997,PIT,WR,WR,14,RES,Henry Bailey,Henry,Bailey,1973-02-28,68,176,,00-0000596,,,,,,,,,,"https://static.www.nfl.com/image/private/f_auto,q_auto/league/vhnkcjn2h8gs3u6ksco8",BAI390564,,32004241-4939-0564-afee-2bc555c22c05,,,
1997,DET,DB,DB,35,ACT,Robert Bailey,Robert,Bailey,1968-09-03,70,176,,00-0000601,,,,,,,,,,"https://static.www.nfl.com/image/private/f_auto,q_auto/league/kdomohxuxnkxwnhnux8r",BAI577819,,32004241-4957-7819-b9c7-a2c72764e7a9,,,
1997,CAR,LB,LB,53,ACT,Myron Baker,Myron,Baker,1971-01-06,73,234,,00-0000641,,,,,,,,,,"https://static.www.nfl.com/image/private/f_auto,q_auto/league/lhjihgmbnlral6rzguxl",BAK515521,,32004241-4b51-5521-88f6-0f7b7091739e,,,
1997,MIN,DL,NT,96,ACT,Jerry Ball,Jerry,Ball,1964-12-15,73,302,,00-0000673,,,,,,,,,,"https://static.www.nfl.com/image/private/f_auto,q_auto/league/zev4rhmzzs1vpibfbiiz",BAL492192,,32004241-4c49-2192-c426-ef8b04ca013f,,,
1997,SEA,OL,OT,75,ACT,Howard Ballard,Howard,Ballard,1963-11-03,78,325,,00-0000682,,,,,,,,,,"https://static.www.nfl.com/image/private/f_auto,q_auto/league/bathql2j7065wpu8g9im",BAL646002,,32004241-4c64-6002-ab68-530055f04ed6,,,
1997,BUF,QB,QB,13,ACT,Jim Ballard,James,Ballard,1972-04-16,75,223,,00-0000683,,,,,,,,,,"https://static.www.nfl.com/image/private/f_auto,q_auto/league/lj9je9ca6a9jxfnithl0",BAL652838,,32004241-4c65-2838-1af2-f05d2cca32de,,,
1997,MIN,DB,DB,30,RES,Antonio Banks,Antonio,Banks,1973-03-12,70,203,,00-0000696,,,,,,,,,,"https://static.www.nfl.com/image/private/f_auto,q_auto/league/vvil3i1h1efj1mlliigm",BAN409290,,32004241-4e40-9290-c97d-56ee95fdd9db,,,
1997,STL,QB,QB,12,ACT,Tony Banks,Anthony,Banks,1973-04-05,76,215,,00-0000722,,,,,,,,,,"https://static.www.nfl.com/image/private/f_auto,q_auto/league/hqkmwrxcl87hziuhdcdv",BAN403290,,32004241-4e40-3290-11ed-db72d126dec4,,,
1997,ARI,DL,DE,63,ACT,Michael Bankston,Michael,Bankston,1970-03-12,77,287,,00-0000725,,,,,,,,,,"https://static.www.nfl.com/image/private/f_auto,q_auto/league/wacf6vrkzgbbseramj3b",BAN682400,,32004241-4e68-2400-bd5a-0336d699d2c9,,,
1997,IND,TE,TE,83,ACT,Brad Banta,Dennis,Banta,1970-12-14,78,260,,00-0000727,,,,,,,,,,"https://static.www.nfl.com/image/private/f_auto,q_auto/league/gaogmvgio8crqhlv8kkm",BAN790894,,32004241-4e79-0894-7391-fa63f9df7421,,,
1997,CAR,RB,RB,46,CUT,Kantroy Barber,Kantroy,Barber,1973-10-04,73,250,,00-0000735,,,,,,,,,,"https://static.www.nfl.com/image/private/f_auto,q_auto/league/cswj7onucerg0li0emsr",BAR053140,,32004241-5205-3140-cf2e-ba3869298cd2,,,
1997,CHI,LB,LB,92,CUT,Kurt Barber,Kurt,Barber,1969-01-05,76,245,,00-0000736,,,,,,,,,,"https://static.www.nfl.com/image/private/f_auto,q_auto/league/r41cs6zskop5mmlody6t",BAR054376,,32004241-5205-4376-efa5-bea489a933af,,,
1997,SEA,LB,LB,54,ACT,Mike Barber,Michael,Barber,1971-11-09,72,246,,00-0000740,,,,,,,,,,"https://static.www.nfl.com/image/private/f_auto,q_auto/league/uzpyqurav8qlpz58ndum",BAR071985,,32004241-5207-1985-a1a7-9f6005cef2a5,,,
1997,TB,DB,CB,20,ACT,Ronde Barber,Jamael,Barber,1975-04-07,70,186,,00-0000741,,,,,,,,,,"https://static.www.nfl.com/image/private/f_auto,q_auto/league/ye1pozwxxdxdvfvtsl0z",BAR048197,,32004241-5204-8197-3361-5bb631aa79ce,,,
1997,NYG,RB,RB,21,ACT,Tiki Barber,Atiim,Barber,1975-04-07,70,205,,00-0000745,,,,,,,,,,"https://static.www.nfl.com/image/private/f_auto,q_auto/league/envscajcftvy5low6aod",BAR025952,,32004241-5202-5952-ff0f-6062a78056a2,,,
1997,JAX,SPEC,P,4,ACT,Bryan Barker,Bryan,Barker,1964-06-28,74,200,,00-0000754,,,,,,,,,,"https://static.www.nfl.com/image/private/f_auto,q_auto/league/ppydumh0icqagm0wiebm",BAR155715,,32004241-5215-5715-d4a4-32d15ae4bf83,,,
1997,SF,DL,DE,92,ACT,Roy Barker,Roy,Barker,1969-02-14,77,290,,00-0000758,,,,,,,,,,"https://static.www.nfl.com/image/private/f_auto,q_auto/league/yneys2tjgx3unzznw5ei",BAR189082,,32004241-5218-9082-be1f-0c49696d0ddf,,,
1997,JAX,WR,WR,84,ACT,Reggie Barlow,Reggie,Barlow,1973-01-22,72,195,,00-0000765,,,,,,,,,,"https://static.www.nfl.com/image/private/f_auto,q_auto/league/beaanp1wquydjxs1qlpz",BAR220596,,32004241-5222-0596-af7a-6cef3ecfb86e,,,
1997,KC,DL,DT,71,ACT,Tom Barndt,Thomas,Barndt,1972-03-14,75,301,,00-0000768,,,,,,,,,,"https://static.www.nfl.com/image/private/f_auto,q_auto/league/sqtekyfnysczdpyymikv",BAR235426,,32004241-5223-5426-efa7-d11cd0e5d9d1,,,
1997,NO,LB,LB,51,ACT,Derrick Barnes,Derrick,Barnes,1974-09-11,72,261,,00-0000773,,,,,,,,,,"https://static.www.nfl.com/image/private/f_auto,q_auto/league/lzscqswvp0kqx0ddednc",BAR270647,,32004241-5227-0647-d90d-dde9f4469c1d,,,
1997,KC,QB,QB,17,ACT,Pat Barnes,Patrick,Barnes,1975-02-23,75,215,,00-0000785,,,,,,,,,,"https://static.www.nfl.com/image/private/f_auto,q_auto/league/n860jkugygnljzef6pnh",BAR359627,,32004241-5235-9627-3c2d-ad1aa5978071,,,
1997,TEN,DB,DB,32,CUT,Tomur Barnes,Tomur,Barnes,1970-09-08,70,188,,00-0000792,,,,,,,,,,"https://static.www.nfl.com/image/private/f_auto,q_auto/league/pmxlzlqj9z3spekgc8yc",BAR381131,,32004241-5238-1131-a646-f9eb7362c4c0,,,
1997,MIA,WR,WR,80,CUT,Fred Barnett,Fred,Barnett,1966-06-17,72,208,,00-0000800,,,,,,,,,,"https://static.www.nfl.com/image/private/f_auto,q_auto/league/ixrhtxztda3vyhkqlw2b",BAR422655,,32004241-5242-2655-c643-e1416ef18aec,,,
1997,TB,SPEC,P,6,RES,Tommy Barnhardt,John Thomas,Barnhardt,1963-06-11,74,228,,00-0000811,,,,,,,,,,"https://static.www.nfl.com/image/private/f_auto,q_auto/league/dkabex0eu0of3al6iwnt",BAR504220,,32004241-5250-4220-4fdc-1397b3ae0288,,,
1997,CAR,LB,OLB,56,ACT,Micheal Barrow,Micheal,Barrow,1970-04-19,74,236,,00-0000829,,,,,,,,,,"https://static.www.nfl.com/image/private/f_auto,q_auto/league/gaecgvwljow47cvhrdkh",BAR663642,,32004241-5266-3642-1e15-c980027eda58,,,
1997,SF,OL,OT,79,RES,Harris Barton,Harris,Barton,1964-04-19,76,286,,00-0000847,,,,,,,,,,"https://static.www.nfl.com/image/private/f_auto,q_auto/league/qhgqommteeptqspcvyxm",BAR778575,,32004241-5277-8575-38d5-237414282122,,,
1997,NE,TE,TE,86,RES,Mike Bartrum,Michael,Bartrum,1970-06-23,77,245,,00-0000849,,,,,,,,,,"https://static.www.nfl.com/image/private/f_auto,q_auto/league/fjwogz2cpwvwlvcg8xaa",BAR804527,,32004241-5280-4527-aae6-46181aa69169,,,
1997,DAL,DB,DB,40,ACT,Bill Bates,William,Bates,1961-06-06,73,213,,00-0000868,,,,,,,,,,"https://static.www.nfl.com/image/private/f_auto,q_auto/league/ndyfdkwheeqpurjhinx1",BAT207644,,32004241-5420-7644-fe72-844f3f885736,,,
1997,NO,RB,RB,24,ACT,Mario Bates,Mario,Bates,1973-01-16,74,217,,00-0000871,,,,,,,,,,"https://static.www.nfl.com/image/private/f_auto,q_auto/league/xkxxacls8uwotyxllfw7",BAT111777,,32004241-5411-1777-c68a-f92810548e20,,,
1997,CAR,WR,WR,82,ACT,Michael Bates,Michael,Bates,1969-12-19,70,189,,00-0000872,,,,,,,,,,"https://static.www.nfl.com/image/private/f_auto,q_auto/league/awyey2nffgfupqrgyrzk",BAT119733,,32004241-5411-9733-cc00-9fb76d72bf1a,,,
1997,CIN,TE,TE,89,ACT,Marco Battaglia,Marco,Battaglia,1973-01-25,75,250,,00-0000883,,,,,,,,,,"https://static.www.nfl.com/image/private/f_auto,q_auto/league/tsmudixi00anbichgx7b",BAT303966,,32004241-5430-3966-5e32-8ce60e2adbe1,,,
1997,DET,RB,RB,23,ACT,Terry Battle,Terrence,Battle,1976-02-07,71,197,,00-0000890,,,,,,,,,,"https://static.www.nfl.com/image/private/f_auto,q_auto/league/lpo4yqqvxobc7cjs4e21",BAT634182,,32004241-5463-4182-647b-eb896b977284,,,
1997,NYJ,TE,TE,84,ACT,Fred Baxter,Frederick,Baxter,1971-06-14,75,265,,00-0000911,,,,,,,,,,"https://static.www.nfl.com/image/private/f_auto,q_auto/league/vizzpb6aucnrzpzynx9a",BAX522078,,32004241-5852-2078-37b9-1295f06f6541,,,
1997,ATL,DB,DB,47,ACT,Chris Bayne,Christopher,Bayne,1975-03-22,73,205,,00-0000919,,,,,,,,,,"https://static.www.nfl.com/image/private/f_auto,q_auto/league/uml8alp8otkyx3sfwwtq",BAY638214,,32004241-5963-8214-df46-981ba8484e7e,,,
1997,JAX,DB,CB,21,ACT,Aaron Beasley,Aaron,Beasley,1973-07-07,72,202,,00-0000939,,,,,,,,,,"https://static.www.nfl.com/image/private/f_auto,q_auto/league/gq7vnop9zpxzpe0zuokf",BEA432476,,32004245-4143-2476-3748-5a35e0b1a3dd,,,
1997,NO,WR,WR,19,RES,Brett Bech,Brett,Bech,1971-08-20,73,184,,00-0000969,,,,,,,,,,"https://static.www.nfl.com/image/private/f_auto,q_auto/league/kkskbazdwpmo2wc02vhr",BEC029249,,32004245-4302-9249-6d84-242e7f11bcde,,,
1997,PHI,OL,G,62,ACT,Ian Beckles,Ian,Beckles,1967-07-20,73,304,,00-0000979,,,,,,,,,,"https://static.www.nfl.com/image/private/f_auto,q_auto/league/mgocqnnya0vioeqiihsn",BEC586284,,32004245-4358-6284-ef35-9fb2ec17a7f7,,,
1997,GB,WR,WR,82,RES,Don Beebe,Donald,Beebe,1964-12-18,71,185,,00-0000994,,,,,,,,,,"https://static.www.nfl.com/image/private/f_auto,q_auto/league/nzlopjkas8m5eediym9r",BEE075507,,32004245-4507-5507-9f6b-dbae9a6e563a,,,
1997,SEA,OL,G,63,ACT,Frank Beede,Frank,Beede,1973-05-01,76,292,,00-0000999,,,,,,,,,,"https://static.www.nfl.com/image/private/f_auto,q_auto/league/sjibgbp2mo6ycqna6o3b",BEE321666,,32004245-4532-1666-f423-9de4cf81089c,,,
1997,DET,LB,LB,51,RES,Tom Beer,Thomas,Beer,1969-03-27,73,237,,00-0001002,,,,,,,,,,"https://static.www.nfl.com/image/private/f_auto,q_auto/league/djcxmsx9aq4zjbou4z7o",BEE672063,,32004245-4567-2063-6ec8-af6460e2d252,,,
1997,IND,QB,QB,12,ACT,Kerwin Bell,Kerwin,Bell,1965-06-15,75,210,,00-0001034,,,,,,,,,,"https://static.www.nfl.com/image/private/f_auto,q_auto/league/kcjxovs2imdqohzyqky4",BEL439695,,32004245-4c43-9695-f942-ddfbd40233eb,,,
1997,PIT,DB,S,40,ACT,Myron Bell,Myron,Bell,1971-09-15,72,203,,00-0001041,,,,,,,,,,"https://static.www.nfl.com/image/private/f_auto,q_auto/league/wlmsq68ep0zui7o7rffx",BEL522748,,32004245-4c52-2748-ab0f-cd81cf14b2ac,,,
1997,CHI,DB,DB,32,RES,Ricky Bell,Richard,Bell,1974-10-02,70,186,,00-0001047,,,,,,,,,,"https://static.www.nfl.com/image/private/f_auto,q_auto/league/isyfu2l1rtinbzffqlke",BEL552832,,32004245-4c55-2832-dcf5-98304f4a3a59,,,
1997,SEA,DB,S,20,ACT,Jay Bellamy,John,Bellamy,1972-07-08,71,198,,00-0001058,,,,,,,,,,"https://static.www.nfl.com/image/private/f_auto,q_auto/league/lvg23tid66dlvjcenj7j",BEL643257,,32004245-4c64-3257-db03-5747bcb5e192,,,
1997,TB,LB,LB,52,ACT,Greg Bellisari,Greg,Bellisari,1975-06-21,72,236,,00-0001065,,,,,,,,,,"https://static.www.nfl.com/image/private/f_auto,q_auto/league/fymsco9hqtxp4jwltoy2",BEL736896,,32004245-4c73-6896-a096-5bb9dd8725c0,,,
1997,IND,DB,FS,29,ACT,Jason Belser,Jason,Belser,1970-05-28,69,188,,00-0001068,,,,,,,,,,"https://static.www.nfl.com/image/private/f_auto,q_auto/league/ofeycbkyjt4ili4vfftp",BEL773537,,32004245-4c77-3537-aea1-ec870cb66b47,,,
1997,NO,RB,RB,40,ACT,Wes Bender,Wes,Bender,1970-08-02,70,230,,00-0001078,,,,,,,,,,"https://static.www.nfl.com/image/private/f_auto,q_auto/league/xfqqnin8babhln3fvwe0",BEN010381,,32004245-4e01-0381-523e-208037ff739e,,,
1997,ATL,LB,OLB,97,ACT,Cornelius Bennett,Cornelius,Bennett,1965-08-25,75,240,,00-0001100,,,,,,,,,,"https://static.www.nfl.com/image/private/f_auto,q_auto/league/jytxzojtceh8akpnqqgi",BEN311460,,32004245-4e31-1460-440a-83a87c3532dd,,,
1997,SD,SPEC,P,2,ACT,Darren Bennett,Darren,Bennett,1965-01-09,77,235,,00-0001101,,,,,,,,,,"https://static.www.nfl.com/image/private/f_auto,q_auto/league/i6gctxpcthg8dlk9pbkm",BEN316651,,32004245-4e31-6651-5d56-81c190727ea7,,,
1997,KC,RB,RB,30,ACT,Donnell Bennett,Donnell,Bennett,1972-09-14,72,248,,00-0001102,,,,,,,,,,"https://static.www.nfl.com/image/private/f_auto,q_auto/league/sjugjsobqac1s5w7syhr",BEN321842,,32004245-4e32-1842-a18d-d8811f2702b9,,,
1997,GB,RB,RB,34,RES,Edgar Bennett,Edgar,Bennett,1969-02-15,72,223,,00-0001103,,,,,,,,,,"https://static.www.nfl.com/image/private/f_auto,q_auto/league/ypwsi8hiiycvtejvlbvr",BEN341974,,32004245-4e34-1974-fdff-c9973e4b2b25,,,
1997,ARI,DB,S,28,ACT,Tommy Bennett,Tommy,Bennett,1973-02-19,74,219,,00-0001114,,,,,,,,,,"https://static.www.nfl.com/image/private/f_auto,q_auto/league/u8ddsmjzssw563s4rnwf",BEN447808,,32004245-4e44-7808-c0a5-6c23ac680c2e,,,
1997,IND,DL,DE,56,RES,Tony Bennett,Tony,Bennett,1967-07-01,74,250,,00-0001115,,,,,,,,,,"https://static.www.nfl.com/image/private/f_auto,q_auto/league/et4vjyw2jtcswqkwmakd",BEN456808,,32004245-4e45-6808-d86c-13c4e1fa73db,,,
1997,DAL,DL,DT,91,ACT,Darren Benson,Darren,Benson,1974-08-25,79,308,,00-0001126,,,,,,,,,,"https://static.www.nfl.com/image/private/f_auto,q_auto/league/jdgdsjvztg8ln0e95qna",BEN550246,,32004245-4e55-0246-b434-c3f9a58e6864,,,
1997,ATL,SPEC,K,3,ACT,Scott Bentley,Scott,Bentley,1974-04-10,72,203,,00-0001138,,,,,,,,,,"https://static.www.nfl.com/image/private/f_auto,q_auto/league/gyb2w3hua71uyovfy9ap",BEN716358,,32004245-4e71-6358-d5a2-45eb0a4dab29,,,
1997,DEN,SPEC,K,3,TRC,Scott Bentley,Scott,Bentley,1974-04-10,72,203,,00-0001138,,,,,,,,,,"https://static.www.nfl.com/image/private/f_auto,q_auto/league/gyb2w3hua71uyovfy9ap",BEN716358,,32004245-4e71-6358-d5a2-45eb0a4dab29,,,
1997,MIN,LB,LB,56,ACT,Pete Bercich,Peter,Bercich,1971-12-23,73,238,,00-0001151,,,,,,,,,,"https://static.www.nfl.com/image/private/f_auto,q_auto/league/lkcg8rplbts0yksst9gv",BER020134,,32004245-5202-0134-6bd6-7bc765b2fb26,,,
1997,MIN,SPEC,P,17,ACT,Mitch Berger,Mitchell,Berger,1972-06-24,74,220,,00-0001157,,,,,,,,,,"https://static.www.nfl.com/image/private/f_auto,q_auto/league/mqdccgnykzgp26fl4uuj",BER067954,,32004245-5206-7954-a418-6fe295037024,,,
1997,BAL,DL,DE,76,ACT,Alex Bernstein,Alexander,Bernstein,1975-08-11,75,325,,00-0001173,,,,,,,,,,"https://static.www.nfl.com/image/private/f_auto,q_auto/league/qhfxzeyhhsrn3orogbt7",BER368525,,32004245-5236-8525-3d50-6a35d5782f05,,,
1997,IND,LB,LB,57,ACT,Bertrand Berry,Bertrand,Berry,1975-08-15,75,248,,00-0001176,,,,,,,,,,"https://static.www.nfl.com/image/private/f_auto,q_auto/league/el1qocj9wnctldzgnjlz",BER460580,,32004245-5246-0580-29ff-02a4f4deff74,,,
1997,SD,OL,OT,75,ACT,Tony Berti,Charles,Berti,1972-06-21,78,300,,00-0001194,,,,,,,,,,"https://static.www.nfl.com/image/private/f_auto,q_auto/league/fqlxzb2t1grnkdmbomlj",BER757207,,32004245-5275-7207-4c2c-45c2dd931825,,,
1997,PIT,RB,RB,36,ACT,Jerome Bettis,Jerome,Bettis,1972-02-16,71,243,,00-0001215,,,,,,,,,,"https://static.www.nfl.com/image/private/f_auto,q_auto/league/zqdmcbadbq7eo8tvjwas",BET627285,,32004245-5462-7285-fc69-35fc3ef5a78c,,,
1997,CAR,QB,QB,7,ACT,Steve Beuerlein,Stephen,Beuerlein,1965-03-07,75,220,,00-0001218,,,,,,,,,,"https://static.www.nfl.com/image/private/f_auto,q_auto/league/biuxbpl5hymra8j9wg7i",BEU207645,,32004245-5520-7645-7e0d-a03dcb65ec98,,,
1997,DET,OL,OT,79,ACT,Eric Beverly,Eric,Beverly,1974-03-28,75,279,,00-0001222,,,,,,,,,,"https://static.www.nfl.com/image/private/f_auto,q_auto/league/cczmo9dxaxxgt1msqgjk",BEV508098,,32004245-5650-8098-11c7-373818ae8410,,,
1997,CAR,RB,RB,21,ACT,Tim Biakabutuka,Tshimanga,Biakabutuka,1974-01-24,72,210,,00-0001224,,,,,,,,,,"https://static.www.nfl.com/image/private/f_auto,q_auto/league/zddb5ifihjn4und73g8q",BIA166115,,32004249-4116-6115-551e-7d8040cd7f81,,,
1997,OAK,LB,MLB,54,ACT,Greg Biekert,Gregory,Biekert,1969-03-14,74,240,,00-0001232,,,,,,,,,,"https://static.www.nfl.com/image/private/f_auto,q_auto/league/zr91bisjnncvrnqccn3l",BIE397986,,32004249-4539-7986-6776-835c2db858cd,,,
1997,CIN,RB,RB,21,ACT,Eric Bieniemy,Eric,Bieniemy,1969-08-15,67,198,,00-0001233,,,,,,,,,,"https://static.www.nfl.com/image/private/f_auto,q_auto/league/ht262xobhq7ecc6pmojf",BIE567220,,32004249-4556-7220-5eae-15313b161f99,,,
1997,SD,SPEC,LS,50,ACT,David Binn,David,Binn,1972-02-06,75,240,,00-0001255,,,,,,,,,,"https://static.www.nfl.com/image/private/f_auto,q_auto/league/xcviqx4jjjh4lgwyyndp",BIN713776,,32004249-4e71-3776-b6ac-6d094eb67190,,,
1997,TEN,DB,S,23,ACT,Blaine Bishop,Blaine,Bishop,1970-07-24,69,197,,00-0001266,,,,,,,,,,"https://static.www.nfl.com/image/private/f_auto,q_auto/league/vzmxa3v4lfairjpgzoln",BIS237924,,32004249-5323-7924-5973-40d4fe0a9562,,,
1997,NYG,OL,G,78,ACT,Greg Bishop,Gregory,Bishop,1971-05-02,77,315,,00-0001267,,,,,,,,,,"https://static.www.nfl.com/image/private/f_auto,q_auto/league/nnxz0ozpukqvvkhftble",BIS359918,,32004249-5335-9918-c791-b510b1f47d4f,,,
1997,DAL,TE,TE,86,ACT,Eric Bjornson,Eric,Bjornson,1971-12-15,76,236,,00-0001281,,,,,,,,,,"https://static.www.nfl.com/image/private/f_auto,q_auto/league/xoidrz5pio1s2iq4xclv",BJO649185,,3200424a-4f64-9185-6815-e1d7e7f66391,,,
1997,CIN,OL,G,66,ACT,Ken Blackman,Kenneth,Blackman,1972-11-08,78,315,,00-0001299,,,,,,,,,,"https://static.www.nfl.com/image/private/f_auto,q_auto/league/mq97yrkculvhycbgkhyl",BLA268196,,3200424c-4126-8196-451a-1d6c122ad42e,,,
1997,IND,DB,S,25,ACT,Robert Blackmon,Robert,Blackmon,1967-05-12,72,208,,00-0001302,,,,,,,,,,"https://static.www.nfl.com/image/private/f_auto,q_auto/league/ea4pohhksp9slyeu45qr",BLA294151,,3200424c-4129-4151-515b-98947e2f4ec8,,,
1997,BAL,OL,G,69,ACT,Jeff Blackshear,Jeffrey,Blackshear,1969-03-29,78,323,,00-0001307,,,,,,,,,,"https://static.www.nfl.com/image/private/f_auto,q_auto/league/vp5l5hmizwy7obcmxxxo",BLA321835,,3200424c-4132-1835-3ebc-1ddc94c15e34,,,
1997,NYG,DB,CB,38,ACT,Kory Blackwell,Kory,Blackwell,1972-08-03,71,185,,00-0001313,,,,,,,,,,"https://static.www.nfl.com/image/private/f_auto,q_auto/league/ucfog9rbyo4qnzj7eegg",BLA356874,,3200424c-4135-6874-7406-adb16c93ee1d,,,
1997,PIT,WR,WR,89,ACT,Will Blackwell,William,Blackwell,1975-07-06,72,185,,00-0001317,,,,,,,,,,"https://static.www.nfl.com/image/private/f_auto,q_auto/league/msmj9gpms23qbwynel04",BLA359037,,3200424c-4135-9037-b3d9-96542a328119,,,
1997,SEA,DB,S,36,RES,Bennie Blades,Horatio,Blades,1966-09-03,72,221,,00-0001320,,,,,,,,,,"https://static.www.nfl.com/image/private/f_auto,q_auto/league/bz9iqup7i7gqkhia7xib",BLA415272,,3200424c-4141-5272-5ff7-0e62548812c9,,,
1997,SEA,WR,WR,89,RES,Brian Blades,Brian,Blades,1965-07-24,71,189,,00-0001321,,,,,,,,,,"https://static.www.nfl.com/image/private/f_auto,q_auto/league/vbxdefulc7devsxnjuln",BLA397969,,3200424c-4139-7969-a6ef-66e0cf57eb9c,,,
1997,CIN,QB,QB,8,ACT,Jeff Blake,Jeffery,Blake,1970-12-04,72,202,,00-0001335,,,,,,,,,,"https://static.www.nfl.com/image/private/f_auto,q_auto/league/pigpwarvjuixfgxbigc8",BLA575324,,3200424c-4157-5324-33a5-1c755d8822d6,,,
1997,IND,SPEC,K,14,ACT,Cary Blanchard,Robert,Blanchard,1968-11-05,73,227,,00-0001343,,,,,,,,,,"https://static.www.nfl.com/image/private/f_auto,q_auto/league/ab9nsu0dtddcgyukzsix",BLA631158,,3200424c-4163-1158-afd4-f66e84d607ce,,,
1997,MIN,WR,WR,84,ACT,Tony Bland,Anthony,Bland,1972-12-12,75,213,,00-0001347,,,,,,,,,,"https://static.www.nfl.com/image/private/f_auto,q_auto/league/x1xeyvdftmncjrdk5u9w",BLA648862,,3200424c-4164-8862-60e6-f5381d7f215c,,,
1997,WAS,SPEC,K,16,ACT,Scott Blanton,Robert,Blanton,1973-07-01,74,221,,00-0001352,,,,,,,,,,"https://static.www.nfl.com/image/private/f_auto,q_auto/league/glpgogggggtkwy7uwc2g",BLA769983,,3200424c-4176-9983-71cb-909fb42bf635,,,
1997,NE,QB,QB,11,ACT,Drew Bledsoe,Drew,Bledsoe,1972-02-14,77,233,,00-0001361,,,,,,,,,,"https://static.www.nfl.com/image/private/f_auto,q_auto/league/asbipakyrn90khbmi7xo",BLE195074,,3200424c-4519-5074-5427-598f13f1fba5,,,
1997,SEA,OL,C,60,ACT,Greg Bloedorn,Gregory,Bloedorn,1972-11-15,78,278,,00-0001373,,,,,,,,,,"https://static.www.nfl.com/image/private/f_auto,q_auto/league/qzbaqou47uc6eqq1qfsy",BLO090608,,3200424c-4f09-0608-6800-e46c6c39d6d9,,,
1997,DET,QB,QB,12,ACT,Matt Blundin,Matthew,Blundin,1969-03-07,75,233,,00-0001387,,,,,,,,,,"https://static.www.nfl.com/image/private/f_auto,q_auto/league/btpgotmqyae8krjofjac",BLU720399,,3200424c-5572-0399-b286-e9c45d6bf936,,,
1997,PHI,OL,OT,69,CUT,Harry Boatswain,Harry,Boatswain,1969-06-26,76,295,,00-0001393,,,,,,,,,,"https://static.www.nfl.com/image/private/f_auto,q_auto/league/blumk30hzenlal9msooh",BOA590634,,3200424f-4159-0634-6fc2-40c457d3ba7a,,,
1997,MIN,OL,G,74,ACT,Orlando Bobo,Orlando,Bobo,1974-02-09,75,304,,00-0001397,,,,,,,,,,"https://static.www.nfl.com/image/private/f_auto,q_auto/league/ljqk3oiouslpopwfbib0",BOB564878,,3200424f-4256-4878-6fa6-461314ca61ec,,,
1997,MIA,OL,G,60,ACT,John Bock,John,Bock,1971-02-11,75,295,,00-0001401,,,,,,,,,,"https://static.www.nfl.com/image/private/f_auto,q_auto/league/sv717gi4vxk5zgtyhheo",BOC265611,,3200424f-4326-5611-b12c-1e6e029e278c,,,
1997,ATL,DB,DB,43,ACT,Juran Bolden,Juran,Bolden,1974-06-27,74,201,,00-0001427,,,,,,,,,,"https://static.www.nfl.com/image/private/f_auto,q_auto/league/huc52omymu814zeuifnh",BOL212257,,3200424f-4c21-2257-ddc2-c3f9e78d569f,,,
1997,DET,DL,DT,96,ACT,Shane Bonham,Steven,Bonham,1970-10-18,74,260,,00-0001458,,,,,,,,,,"https://static.www.nfl.com/image/private/f_auto,q_auto/league/fj9kktzjhd5peyhpxdm9",BON468534,,3200424f-4e46-8534-cf89-e8bc875fc85f,,,
1997,PHI,SPEC,K,18,ACT,Chris Boniol,Christopher,Boniol,1971-12-09,71,167,,00-0001460,,,,,,,,,,"https://static.www.nfl.com/image/private/f_auto,q_auto/league/zaakjczcwns731sp7avf",BON475633,,3200424f-4e47-5633-5605-42346488b0d9,,,
1997,GB,QB,QB,13,ACT,Steve Bono,Steven,Bono,1962-05-11,76,212,,00-0001471,,,,,,,,,,"https://static.www.nfl.com/image/private/f_auto,q_auto/league/krkjgs7ldvznzpqytyc6",BON702801,,3200424f-4e70-2801-37bd-bc0ce0fa7dec,,,
1997,ATL,DB,CB,20,ACT,Michael Booker,Michael,Booker,1975-04-27,74,203,,00-0001478,,,,,,,,,,"https://static.www.nfl.com/image/private/f_auto,q_auto/league/g5d5pdrmlzotzgvta6bv",BOO044465,,3200424f-4f04-4465-661b-43bcbba35ead,,,
1997,KC,DL,DE,99,ACT,Vaughn Booker,Vaughn,Booker,1968-02-24,77,295,,00-0001481,,,,,,,,,,"https://static.www.nfl.com/image/private/f_auto,q_auto/league/gyii8kwy0vfbebyiohb5",BOO055715,,3200424f-4f05-5715-b2e2-1f80d1c99404,,,
1997,SD,OL,G,69,ACT,Ben Bordelon,Benjamin,Bordelon,1974-04-09,78,301,,00-0001503,,,,,,,,,,"https://static.www.nfl.com/image/private/f_auto,q_auto/league/ckiiyo4vn8bjvkr47hiz",BOR211738,,3200424f-5221-1738-4cee-a0e98177041c,,,
1997,JAX,OL,OT,71,ACT,Tony Boselli,Don,Boselli,1972-04-17,79,323,,00-0001519,,,,,,,,,,"https://static.www.nfl.com/image/private/f_auto,q_auto/league/rofuwev687rwaavow0t5",BOS201535,,3200424f-5320-1535-ec7e-3f49526c5295,,,
1997,PIT,TE,TE,84,ACT,Kirk Botkin,Kirk,Botkin,1971-03-19,75,245,,00-0001535,,,,,,,,,,"https://static.www.nfl.com/image/private/f_auto,q_auto/league/glq0mzxnlvdz3i8ohvyw",BOT553722,,3200424f-5455-3722-c64c-dd952a65c993,,,
1997,ARI,RB,RB,33,CUT,Kevin Bouie,Kevin,Bouie,1971-08-18,73,230,,00-0001538,,,,,,,,,,"https://static.www.nfl.com/image/private/f_auto,q_auto/league/yugzbhf2kysktljhruze",BOU282397,,3200424f-5528-2397-75bf-a2b9183e5b2c,,,
1997,TB,DB,SAF,23,ACT,Tony Bouie,Tony,Bouie,1972-08-07,70,190,,00-0001539,,,,,,,,,,"https://static.www.nfl.com/image/private/f_auto,q_auto/league/whtboag6yqybthxjmdhs",BOU294397,,3200424f-5529-4397-ee85-202442da0ad5,,,
1997,BAL,LB,OLB,58,ACT,Peter Boulware,Peter,Boulware,1974-12-18,76,260,,00-0001544,,,,,,,,,,"https://static.www.nfl.com/image/private/f_auto,q_auto/league/qec1v7stgctzcs6hbbsw",BOU345732,,3200424f-5534-5732-f288-ade1bc46b5ae,,,
1997,MIN,QB,QB,8,ACT,Todd Bouman,Todd,Bouman,1972-08-01,74,195,,00-0001545,,,,,,,,,,"https://static.www.nfl.com/image/private/f_auto,q_auto/league/tm23xzlohyhulzy9pg69",BOU357325,,3200424f-5535-7325-ae6b-87535418b5c6,,,
1997,WAS,DL,DT,93,ACT,Marc Boutte,Marc,Boutte,1969-07-25,76,307,,00-0001551,,,,,,,,,,"https://static.www.nfl.com/image/private/f_auto,q_auto/league/yzrwzb1w5j7bfatvotpw",BOU484848,,3200424f-5548-4848-541b-98f0c425490a,,,
1997,TEN,LB,OLB,58,ACT,Joe Bowden,Joseph,Bowden,1970-02-25,71,230,,00-0001557,,,,,,,,,,"https://static.www.nfl.com/image/private/f_auto,q_auto/league/ska8n8shr2etljdtbzds",BOW054279,,3200424f-5705-4279-c815-bcc5eaa2167a,,,
1997,MIA,DL,DT,95,ACT,Tim Bowens,Timothy,Bowens,1973-02-07,76,315,,00-0001566,,,,,,,,,,"https://static.www.nfl.com/image/private/f_auto,q_auto/league/rzq90nl7r8kmwmvykxtv",BOW137337,,3200424f-5713-7337-ec94-7d9475d75391,,,
1997,WAS,RB,FB,47,ACT,Larry Bowie,Larry,Bowie,1973-03-21,72,249,,00-0001573,,,,,,,,,,"https://static.www.nfl.com/image/private/f_auto,q_auto/league/txxzp5animgdmlozsdmu",BOW321732,,3200424f-5732-1732-4e02-197267e6257f,,,
1997,CHI,WR,WR,82,ACT,Fabien Bownes,Fabien,Bownes,1972-02-29,71,186,,00-0001582,,,,,,,,,,"https://static.www.nfl.com/image/private/f_auto,q_auto/league/gemtrbecgdahfmnyathj",BOW671385,,3200424f-5767-1385-d2a6-c46b0af58df8,,,
1997,DET,LB,MLB,57,ACT,Stephen Boyd,Stephen,Boyd,1972-08-22,72,247,,00-0001604,,,,,,,,,,"https://static.www.nfl.com/image/private/f_auto,q_auto/league/sf2awnderkenmiqojkph",BOY331450,,3200424f-5933-1450-e028-697cd24ba2f7,,,
1997,DET,WR,WR,80,ACT,Tommie Boyd,Tomie,Boyd,1971-12-21,72,200,,00-0001607,,,,,,,,,,"https://static.www.nfl.com/image/private/f_auto,q_auto/league/uv42ujwuiq4e7w8ioesh",BOY363395,,3200424f-5936-3395-a1fb-f33190471963,,,
1997,JAX,LB,LB,52,ACT,Brant Boyer,Brant,Boyer,1971-06-27,73,232,,00-0001611,,,,,,,,,,"https://static.www.nfl.com/image/private/f_auto,q_auto/league/uw8vhq7rtg5qsfa2tups",BOY467175,,3200424f-5946-7175-fad3-eaf44e61cb0c,,,
1997,JAX,DL,DE,90,ACT,Tony Brackens,Tony,Brackens,1974-12-26,76,265,,00-0001623,,,,,,,,,,"https://static.www.nfl.com/image/private/f_auto,q_auto/league/zv0hvmigjeokdt2x3i6r",BRA067483,,32004252-4106-7483-3448-0e0f26b74238,,,
1997,SD,DB,CB,25,ACT,Paul Bradford,Paul,Bradford,1974-04-20,69,185,,00-0001629,,,,,,,,,,"https://static.www.nfl.com/image/private/f_auto,q_auto/league/s8ktewit7eierekikqoj",BRA100575,,32004252-4110-0575-37a6-512ec65ec363,,,
1997,ATL,DB,CB,23,ACT,Ronnie Bradford,Ronnie,Bradford,1970-10-01,70,188,,00-0001630,,,,,,,,,,"https://static.www.nfl.com/image/private/f_auto,q_auto/league/pj4jrjyj6yq1rowv9uui",BRA101224,,32004252-4110-1224-be8c-258c4cb84d4e,,,
1997,SF,LB,LB,0,RES,Vincent Bradford,Vincent,Bradford,1973-01-22,74,231,,00-0001631,,,,,,,,,,"https://static.www.nfl.com/image/private/f_auto,q_auto/league/bnkcg1neoeu79e8idogb",BRA102522,,32004252-4110-2522-a716-86419232f8b1,,,
1997,BAL,DB,CB,24,ACT,Donny Brady,Donald,Brady,1973-11-26,74,195,,00-0001656,,,,,,,,,,"https://static.www.nfl.com/image/private/f_auto,q_auto/league/f5ycl34pxmsya0oeojtn",BRA327033,,32004252-4132-7033-7b9a-579982f74018,,,
1997,MIN,LB,MLB,50,RES,Jeff Brady,Jeffrey,Brady,1968-11-09,73,243,,00-0001658,,,,,,,,,,"https://static.www.nfl.com/image/private/f_auto,q_auto/league/labt6xcilsoenivwcriy",BRA340875,,32004252-4134-0875-62cc-a9907938fa8d,,,
1997,NYJ,TE,TE,88,ACT,Kyle Brady,Kyle,Brady,1972-01-14,78,268,,00-0001661,,,,,,,,,,"https://static.www.nfl.com/image/private/f_auto,q_auto/league/cbfkt8kpdkyq9yikpooi",BRA347797,,32004252-4134-7797-55ea-8fde8dae33ff,,,
1997,TB,TE,TE,0,ACT,Rickey Brady,Rickey,Brady,1970-11-19,76,246,,00-0001663,,,,,,,,,,"https://static.www.nfl.com/image/private/f_auto,q_auto/league/yuxd7vmybendoqfoznek",BRA368561,,32004252-4136-8561-9813-27cbeaf8319f,,,
1997,CIN,OL,G,74,ACT,Rich Braham,Richard,Braham,1970-11-06,76,290,,00-0001669,,,,,,,,,,"https://static.www.nfl.com/image/private/f_auto,q_auto/league/z3lpp0frcnvfdihvbtcw",BRA410089,,32004252-4141-0089-baeb-eed3ff396aaa,,,
1997,OAK,DB,CB,27,ACT,Calvin Branch,Calvin,Branch,1974-05-08,71,202,,00-0001676,,,,,,,,,,"https://static.www.nfl.com/image/private/f_auto,q_auto/league/wirdekkstvxlrfr0uljc",BRA493145,,32004252-4149-3145-7ed9-da12cd8f2c9d,,,
1997,BUF,LB,LB,96,ACT,Dan Brandenburg,Daniel,Brandenburg,1973-02-16,75,255,,00-0001681,,,,,,,,,,"https://static.www.nfl.com/image/private/f_auto,q_auto/league/nvwh4ezt8tlgnnpi5cze",BRA547650,,32004252-4154-7650-937d-a95ce087b7b9,,,
1997,ATL,LB,OLB,51,RES,David Brandon,David,Brandon,1965-02-09,76,238,,00-0001684,,,,,,,,,,"https://static.www.nfl.com/image/private/f_auto,q_auto/league/gf3ylnjh0jne5nniihcj",BRA560628,,32004252-4156-0628-2421-51f6ea14f223,,,
1997,NYG,DL,DE,77,RES,Chad Bratzke,Chad,Bratzke,1971-09-15,77,285,,00-0001707,,,,,,,,,,"https://static.www.nfl.com/image/private/f_auto,q_auto/league/qo4wtdrxieskgwfsx8qn",BRA690403,,32004252-4169-0403-ed8c-12eadc4cf7c9,,,
1997,DEN,DB,S,34,ACT,Tyrone Braxton,Tyrone,Braxton,1964-12-17,71,185,,00-0001713,,,,,,,,,,"https://static.www.nfl.com/image/private/f_auto,q_auto/league/s5ahu7msqdl7eyf9kqf5",BRA757886,,32004252-4175-7886-6561-28b4373d87cd,,,
1997,SD,DB,DB,22,ACT,Dorian Brew,Dorian,Brew,1974-07-19,70,182,,00-0001738,,,,,,,,,,"https://static.www.nfl.com/image/private/f_auto,q_auto/league/ozuilxdczqwfm7nao8rn",BRE600880,,32004252-4560-0880-bb05-26ec1a9c9281,,,
1997,BAL,DB,DB,22,TRD,Dorian Brew,Dorian,Brew,1974-07-19,70,182,,00-0001738,,,,,,,,,,"https://static.www.nfl.com/image/private/f_auto,q_auto/league/ozuilxdczqwfm7nao8rn",BRE600880,,32004252-4560-0880-bb05-26ec1a9c9281,,,
1997,STL,SPEC,P,10,CUT,Will Brice,William,Brice,1974-10-24,76,227,,00-0001752,,,,,,,,,,"https://static.www.nfl.com/image/private/f_auto,q_auto/league/q1cbop5i2t0rcuxxt1ak",BRI072431,,32004252-4907-2431-c150-d08872f6f7e1,,,
1997,NO,SPEC,K,10,ACT,Doug Brien,Douglas,Brien,1970-11-24,72,180,,00-0001759,,,,,,,,,,"https://static.www.nfl.com/image/private/f_auto,q_auto/league/kufzyvstze8ysudfvgxy",BRI140033,,32004252-4914-0033-8b29-1826c3b64d27,,,
1997,MIA,LB,LB,57,ACT,O.J. Brigance,Orenthial,Brigance,1969-09-29,72,236,,00-0001760,,,,,,,,,,"https://static.www.nfl.com/image/private/f_auto,q_auto/league/urmzixpidctby2xa3ses",BRI142447,,32004252-4914-2447-4d82-29b7fd7225f2,,,
1997,MIN,LB,LB,43,ACT,Gregg Briggs,Gregg,Briggs,1968-10-19,75,220,,00-0001762,,,,,,,,,,"https://static.www.nfl.com/image/private/f_auto,q_auto/league/y87tipqtisumt2vu9tvn",BRI144862,,32004252-4914-4862-7895-7b9fc1383907,,,
1997,CIN,OL,C,65,ACT,Darrick Brilz,Darrick,Brilz,1964-02-14,75,295,,00-0001773,,,,,,,,,,"https://static.www.nfl.com/image/private/f_auto,q_auto/league/rsshbaxzcgjwmfvpulme",BRI328355,,32004252-4932-8355-eccf-7f1b4809ff19,,,
1997,NE,WR,WR,82,ACT,Vincent Brisby,Vincent,Brisby,1971-01-25,75,193,,00-0001783,,,,,,,,,,"https://static.www.nfl.com/image/private/f_auto,q_auto/league/xiwrg1cbpripmsaasofi",BRI492532,,32004252-4949-2532-4ae7-98b4ce68be84,,,
1997,DEN,QB,QB,6,ACT,Bubby Brister,Walter,Brister,1962-08-15,75,207,,00-0001785,,,,,,,,,,"https://static.www.nfl.com/image/private/f_auto,q_auto/league/lzu8o971sntflaerjakm",BRI521505,,32004252-4952-1505-9c45-3cbdc53f1154,,,
1997,BAL,WR,WR,16,RES,Eddie Britton,Eddie,Britton,1968-12-01,69,164,,00-0001790,,,,,,,,,,"https://static.www.nfl.com/image/private/f_auto,q_auto/league/ddwzvuz9zytfgptavyce",BRI820907,,32004252-4982-0907-3e94-c391052f93dd,,,
1997,ARI,WR,WR,89,ACT,Fred Brock,Frederick,Brock,1974-11-15,71,181,,00-0001796,,,,,,,,,,"https://static.www.nfl.com/image/private/f_auto,q_auto/league/wsmx1b8clhloc8vqgp42",BRO025470,,32004252-4f02-5470-bad3-d9eeb188cae5,,,
1997,CAR,OL,OT,78,ACT,Blake Brockermeyer,Blake,Brockermeyer,1973-04-11,76,300,,00-0001804,,,,,,,,,,"https://static.www.nfl.com/image/private/f_auto,q_auto/league/iwv4lq59rrzb8gfhhts2",BRO059236,,32004252-4f05-9236-c277-804018695e05,,,
1997,SF,QB,QB,11,ACT,Jeff Brohm,Jeffery,Brohm,1971-04-24,73,205,,00-0001810,,,,,,,,,,"https://static.www.nfl.com/image/private/f_auto,q_auto/league/fkz9zihmlkcazibdc3z5",BRO096521,,32004252-4f09-6521-9a34-2a0699994807,,,
1997,SF,DB,DB,31,ACT,Zack Bronson,Robert,Bronson,1974-01-28,73,200,,00-0001816,,,,,,,,,,"https://static.www.nfl.com/image/private/f_auto,q_auto/league/yjjloksbjbkveakfinxj",BRO107036,,32004252-4f10-7036-4a89-8f973c2559ce,,,
1997,PHI,OL,OT,76,ACT,Barrett Brooks,Barrett,Brooks,1972-05-05,76,309,,00-0001825,,,,,,,,,,"https://static.www.nfl.com/image/private/f_auto,q_auto/league/gbja2pdqth23m2qeztgm",BRO116127,,32004252-4f11-6127-1fe4-9d7b81893244,,,
1997,JAX,DB,DB,22,TRD,Bucky Brooks,William,Brooks,1971-01-22,72,201,,00-0001829,,,,,,,,,,"https://static.www.nfl.com/image/private/f_auto,q_auto/league/ky53xezra6dn5bvv9vvd",BRO175950,,32004252-4f17-5950-cf66-be7f5c368ab5,,,
1997,GB,DB,DB,22,TRC,Bucky Brooks,William,Brooks,1971-01-22,72,201,,00-0001829,,,,,,,,,,"https://static.www.nfl.com/image/private/f_auto,q_auto/league/ky53xezra6dn5bvv9vvd",BRO175950,,32004252-4f17-5950-cf66-be7f5c368ab5,,,
1997,KC,DB,DB,45,ACT,Bucky Brooks,William,Brooks,1971-01-22,72,201,,00-0001829,,,,,,,,,,"https://static.www.nfl.com/image/private/f_auto,q_auto/league/ky53xezra6dn5bvv9vvd",BRO175950,,32004252-4f17-5950-cf66-be7f5c368ab5,,,
1997,TB,LB,OLB,55,ACT,Derrick Brooks,Derrick,Brooks,1973-04-18,72,225,,00-0001833,,,,,,,,,,"https://static.www.nfl.com/image/private/f_auto,q_auto/league/z58atlnvyqyfobqrv1ca",BRO122327,,32004252-4f12-2327-7c06-b590114515c5,,,
1997,STL,OL,OT,77,ACT,Ethan Brooks,Ethan,Brooks,1972-04-27,78,290,,00-0001835,,,,,,,,,,"https://static.www.nfl.com/image/private/f_auto,q_auto/league/ir2jwbkp2tegdhqe9vyl",BRO123332,,32004252-4f12-3332-7fef-732f97f5bc36,,,
1997,DAL,WR,WR,19,RES,Macey Brooks,Barry,Brooks,1975-02-02,77,220,,00-0001842,,,,,,,,,,"https://static.www.nfl.com/image/private/f_auto,q_auto/league/hjwucw2licgrrlavt32f",BRO116713,,32004252-4f11-6713-eadf-a4d75133c668,,,
1997,GB,WR,WR,87,ACT,Robert Brooks,Robert,Brooks,1970-06-23,72,180,,00-0001848,,,,,,,,,,"https://static.www.nfl.com/image/private/f_auto,q_auto/league/lvqow0ubp9hjsnmocubd",BRO166566,,32004252-4f16-6566-6331-dba10c4955ed,,,
1997,STL,OL,C,61,CUT,Bern Brostek,Bern,Brostek,1966-09-11,75,300,,00-0001857,,,,,,,,,,"https://static.www.nfl.com/image/private/f_auto,q_auto/league/pu9mzpkonz86gbf0qqpm",BRO201756,,32004252-4f20-1756-9631-491ba3c3ea79,,,
1997,CAR,TE,TE,49,ACT,Luther Broughton,Luther,Broughton,1974-11-30,74,248,,00-0001862,,,,,,,,,,"https://static.www.nfl.com/image/private/f_auto,q_auto/league/vyyln7qq4cfziuqlqrxu",BRO208794,,32004252-4f20-8794-b815-fe6b5e0952a2,,,
1997,PHI,TE,TE,49,TRD,Luther Broughton,Luther,Broughton,1974-11-30,74,248,,00-0001862,,,,,,,,,,"https://static.www.nfl.com/image/private/f_auto,q_auto/league/vyyln7qq4cfziuqlqrxu",BRO208794,,32004252-4f20-8794-b815-fe6b5e0952a2,,,
1997,SEA,RB,RB,31,ACT,Steve Broussard,Steven,Broussard,1967-02-22,67,201,,00-0001868,,,,,,,,,,"https://static.www.nfl.com/image/private/f_auto,q_auto/league/aieafpxmobynobzdxvak",BRO232254,,32004252-4f23-2254-7070-8f98b6d4ce1b,,,
1997,CIN,OL,OT,75,ACT,Anthony Brown,Anthony,Brown,1972-11-06,77,310,,00-0001875,,,,,,,,,,"https://static.www.nfl.com/image/private/f_auto,q_auto/league/hj8mibsdj2lnjdx8lkuc",BRO266271,,32004252-4f26-6271-8413-f162105d3d31,,,
1997,SEA,LB,OLB,94,ACT,Chad Brown,Chadwick,Brown,1970-07-12,74,236,,00-0001887,,,,,,,,,,"https://static.www.nfl.com/image/private/f_auto,q_auto/league/psp1kqxbdogqownj8edh",BRO301461,,32004252-4f30-1461-ca6b-f897c9b1de48,,,
1997,BAL,LB,LB,51,ACT,Cornell Brown,Cornell,Brown,1975-03-15,72,240,,00-0001896,,,,,,,,,,"https://static.www.nfl.com/image/private/f_auto,q_auto/league/d5h4aa0mo7roqmres2ly",BRO357374,,32004252-4f35-7374-2efb-426e48add858,,,
1997,NYJ,DB,DB,44,ACT,Corwin Brown,Corwin,Brown,1970-04-25,73,200,,00-0001897,,,,,,,,,,"https://static.www.nfl.com/image/private/f_auto,q_auto/league/vchlktdoldkodo0whlhq",BRO358156,,32004252-4f35-8156-fe1f-efb816a9ce6c,,,
1997,NYG,QB,QB,17,ACT,Dave Brown,David,Brown,1970-02-25,78,230,,00-0001907,,,,,,,,,,"https://static.www.nfl.com/image/private/f_auto,q_auto/league/dufnybaaskdsr6ax2sps",BRO381657,,32004252-4f38-1657-1ca6-8a45d2de5956,,,
1997,PHI,DB,DB,35,CUT,DeAuntae Brown,DeAuntae,Brown,1974-04-28,72,195,,00-0001913,,,,,,,,,,"https://static.www.nfl.com/image/private/f_auto,q_auto/league/xnzxgrmnevepcjzh3cle",BRO387090,,32004252-4f38-7090-33ae-540ca962a5e4,,,
1997,NO,RB,RB,22,RES,Derek Brown,Derek,Brown,1971-04-15,69,205,,00-0001918,,,,,,,,,,"https://static.www.nfl.com/image/private/f_auto,q_auto/league/lcqgqc0iqpep97l3hgie",BRO390609,,32004252-4f39-0609-4026-855c9652b34c,,,
1997,JAX,TE,TE,86,ACT,Derek Brown,Derek,Brown,1970-03-31,78,264,,00-0001919,,,,,,,,,,"https://static.www.nfl.com/image/private/f_auto,q_auto/league/k3vc6q3gmcbygtrsiauf",BRO391782,,32004252-4f39-1782-61c8-7aa458bde5d4,,,
1997,SD,RB,RB,33,ACT,Gary Brown,Gary,Brown,1969-07-01,71,233,,00-0001938,,,,,,,,,,"https://static.www.nfl.com/image/private/f_auto,q_auto/league/bflqsfix92hrwlkgaxsh",BRO443394,,32004252-4f44-3394-eada-0fedbe31c2d2,,,
1997,GB,DL,NT,93,ACT,Gilbert Brown,Gilbert,Brown,1971-02-22,74,345,,00-0001940,,,,,,,,,,"https://static.www.nfl.com/image/private/f_auto,q_auto/league/kkf1ujnc1zugt94i1opm",BRO452308,,32004252-4f45-2308-b08a-a2e1388968c4,,,
1997,PIT,DB,DB,27,ACT,J.B. Brown,James,Brown,1967-01-05,72,191,,00-0001953,,,,,,,,,,"https://static.www.nfl.com/image/private/f_auto,q_auto/league/a2vu55pouabamfhpdkjd",BRO478584,,32004252-4f47-8584-a2bc-065240bc204a,,,
1997,MIA,OL,OT,76,ACT,James Brown,James,Brown,1970-01-30,78,330,,00-0001956,,,,,,,,,,"https://static.www.nfl.com/image/private/f_auto,q_auto/league/jdugyii4mwqclr18hafi",BRO481712,,32004252-4f48-1712-c7b7-56ba8e3a8f44,,,
1997,DEN,OL,OT,70,ACT,Jamie Brown,Jamie,Brown,1972-04-24,80,320,,00-0001957,,,,,,,,,,"https://static.www.nfl.com/image/private/f_auto,q_auto/league/p3knl31zxauullv4v2sk",BRO485622,,32004252-4f48-5622-eed4-f43272c51d93,,,
1997,OAK,DB,DB,24,ACT,Larry Brown,Larry,Brown,1969-11-30,71,186,,00-0001984,,,,,,,,,,"https://static.www.nfl.com/image/private/f_auto,q_auto/league/uky6zwubwe9evn0zeitw",BRO527850,,32004252-4f52-7850-f075-894553075a19,,,
1997,ARI,OL,OT,75,ACT,Lomas Brown,Lomas,Brown,1963-03-30,76,290,,00-0001990,,,,,,,,,,"https://static.www.nfl.com/image/private/f_auto,q_auto/league/ogeu3kkjwnpbqrhjg7bw",BRO548964,,32004252-4f54-8964-90de-014b8453cf6e,,,
1997,BAL,OL,OT,77,ACT,Orlando Brown,Orlando,Brown,1970-12-12,79,350,,00-0002012,,,,,,,,,,"https://static.www.nfl.com/image/private/f_auto,q_auto/league/e40yis0nb0q00ymfr2u6",BRO570078,,32004252-4f57-0078-e687-f7b342465cfe,,,
1997,SF,OL,G,65,ACT,Ray Brown,Leonard,Brown,1962-12-12,77,312,,00-0002020,,,,,,,,,,"https://static.www.nfl.com/image/private/f_auto,q_auto/league/xdwhokzijbzg4qjhj9jp",BRO547288,,32004252-4f54-7288-9772-605cbfa0da34,,,
1997,DET,LB,OLB,59,RES,Reggie Brown,Reginald,Brown,1974-09-28,74,241,,00-0002024,,,,,,,,,,"https://static.www.nfl.com/image/private/f_auto,q_auto/league/mvrh2jpycasaxtieuwjh",BRO613479,,32004252-4f61-3479-38c6-cb51c837a10b,,,
1997,SEA,RB,RB,34,RES,Reggie Brown,Regilyn,Brown,1973-06-26,72,244,,00-0002027,,,,,,,,,,"https://static.www.nfl.com/image/private/f_auto,q_auto/league/twphg1bu1oso33rwju8e",BRO611133,,32004252-4f61-1133-3562-fc6207b3861b,,,
1997,BUF,OL,G,79,ACT,Ruben Brown,Ruben,Brown,1972-02-13,75,304,,00-0002041,,,,,,,,,,"https://static.www.nfl.com/image/private/f_auto,q_auto/league/tufwgbocyimybirmyyzf",BRO668610,,32004252-4f66-8610-2791-57e9a249c48c,,,
1997,OAK,WR,WR,81,ACT,Tim Brown,Timothy,Brown,1966-07-22,72,195,,00-0002058,,,,,,,,,,"https://static.www.nfl.com/image/private/f_auto,q_auto/league/ra9kiq4ocliinelsnhlw",BRO736644,,32004252-4f73-6644-9e13-32296335558c,,,
1997,NE,WR,WR,80,ACT,Troy Brown,Troy,Brown,1971-07-02,70,190,,00-0002068,,,,,,,,,,"https://static.www.nfl.com/image/private/f_auto,q_auto/league/tejmydwbvuqydw2w3dd2",BRO741336,,32004252-4f74-1336-ba23-293b03f398d8,,,
1997,KC,DL,DE,93,ACT,John Browning,John,Browning,1973-09-30,76,290,,00-0002090,,,,,,,,,,"https://static.www.nfl.com/image/private/f_auto,q_auto/league/vgz8pb3fitpfrs7vydd5",BRO817687,,32004252-4f81-7687-fc21-0e423d11f5ee,,,
1997,OAK,DL,DE,99,ACT,Aundray Bruce,Aundray,Bruce,1966-04-30,77,265,,00-0002097,,,,,,,,,,"https://static.www.nfl.com/image/private/f_auto,q_auto/league/pbijjuljh7qglcpjj853",BRU048856,,32004252-5504-8856-8f7d-de0b3564a60b,,,
1997,STL,WR,WR,80,ACT,Isaac Bruce,Isaac,Bruce,1972-11-10,72,188,,00-0002099,,,,,,,,,,"https://static.www.nfl.com/image/private/f_auto,q_auto/league/txgl2lvmyu3m28cltnib",BRU085284,,32004252-5508-5284-f394-5e776b7d5d81,,,
1997,PIT,TE,TE,87,ACT,Mark Bruener,Mark,Bruener,1972-09-16,76,258,,00-0002102,,,,,,,,,,"https://static.www.nfl.com/image/private/f_auto,q_auto/league/hmywleip3n6bwfgvatsi",BRU237765,,32004252-5523-7765-b54b-0d1223614bca,,,
1997,CIN,OL,G,72,ACT,Scott Brumfield,Scott,Brumfield,1970-08-19,80,320,,00-0002107,,,,,,,,,,"https://static.www.nfl.com/image/private/f_auto,q_auto/league/dmlecf1i8xc430yse4mf",BRU424276,,32004252-5542-4276-b3fa-7b9ac33caa4e,,,
1997,JAX,QB,QB,8,ACT,Mark Brunell,Mark,Brunell,1970-09-17,73,215,,00-0002110,,,,,,,,,,"https://static.www.nfl.com/image/private/f_auto,q_auto/league/p91vbvdb7ik4fcjuo7ym",BRU575022,,32004252-5557-5022-ece0-cf2096eec69e,,,
1997,NE,LB,LB,54,ACT,Tedy Bruschi,Tedy,Bruschi,1973-06-09,73,245,,00-0002123,,,,,,,,,,"https://static.www.nfl.com/image/private/f_auto,q_auto/league/iqrno1bbzaixympp1a1v",BRU812794,,32004252-5581-2794-ff39-05644c21d58f,,,
1997,SF,DL,DT,90,ACT,Junior Bryant,Edward,Bryant,1971-01-16,76,275,,00-0002142,,,,,,,,,,"https://static.www.nfl.com/image/private/f_auto,q_auto/league/t1mbv8551ffwym1h8oae",BRY349215,,32004252-5934-9215-e5cf-85af9774a28f,,,
1997,ATL,DB,CB,34,ACT,Ray Buchanan,Raymond,Buchanan,1971-09-29,69,195,,00-0002166,,,,,,,,,,"https://static.www.nfl.com/image/private/f_auto,q_auto/league/mo10ppgfyt6acjwwmqs0",BUC184360,,32004255-4318-4360-2e1a-dce1e8f93afb,,,
1997,MIA,OL,G,77,ACT,Jeff Buckey,Jeffery,Buckey,1974-08-07,77,305,,00-0002177,,,,,,,,,,"https://static.www.nfl.com/image/private/f_auto,q_auto/league/mxensli7qkw2bvixczx0",BUC525413,,32004255-4352-5413-c089-9b0b4753cb35,,,
1997,SF,DB,DB,28,ACT,Curtis Buckley,Curtis,Buckley,1970-09-25,72,191,,00-0002180,,,,,,,,,,"https://static.www.nfl.com/image/private/f_auto,q_auto/league/ljzpszxvrzoesbrtw1hl",BUC661867,,32004255-4366-1867-8b09-0f10b0eb7340,,,
1997,NYG,LB,LB,55,ACT,Marcus Buckley,Marcus,Buckley,1971-02-03,75,240,,00-0002184,,,,,,,,,,"https://static.www.nfl.com/image/private/f_auto,q_auto/league/m8w2bolyttxuoemn7p5y",BUC677967,,32004255-4367-7967-5069-3f3b533202c1,,,
1997,MIA,DB,CB,27,ACT,Terrell Buckley,Douglas,Buckley,1971-06-07,70,180,,00-0002185,,,,,,,,,,"https://static.www.nfl.com/image/private/f_auto,q_auto/league/xngyzzkcgydr9zynmhiy",BUC667117,,32004255-4366-7117-3be9-587ab31793ed,,,
1997,CIN,DL,NT,96,ACT,Brentson Buckner,Brentson,Buckner,1971-09-30,74,305,,00-0002186,,,,,,,,,,"https://static.www.nfl.com/image/private/f_auto,q_auto/league/hhizj9br8f9pxfpph61d",BUC764969,,32004255-4376-4969-770a-2fe80ea336e9,,,
1997,CHI,OL,G,63,ACT,Todd Burger,Todd,Burger,1970-03-20,75,303,,00-0002236,,,,,,,,,,"https://static.www.nfl.com/image/private/f_auto,q_auto/league/po7yrz6gslekq8nqkrug",BUR068220,,32004255-5206-8220-3786-82dde9ad3d5b,,,
1997,SD,LB,ILB,52,ACT,James Burgess,James,Burgess,1974-03-31,72,230,,00-0002240,,,,,,,,,,"https://static.www.nfl.com/image/private/f_auto,q_auto/league/xkxp9bw2jlwnhh7jogke",BUR084745,,32004255-5208-4745-5a8c-faec0c22079f,,,
1997,NYJ,TE,TE,85,ACT,John Burke,John,Burke,1971-09-07,75,248,,00-0002250,,,,,,,,,,"https://static.www.nfl.com/image/private/f_auto,q_auto/league/bb2udyminys55jdmtfro",BUR182909,,32004255-5218-2909-4696-b4aa57f46c2b,,,
1997,BAL,DL,DE,90,ACT,Rob Burnett,Robert,Burnett,1967-08-27,76,280,,00-0002294,,,,,,,,,,"https://static.www.nfl.com/image/private/f_auto,q_auto/league/j2boeg3e2ozkj2pprgzb",BUR435028,,32004255-5243-5028-19eb-cf2589120f0e,,,
1997,DEN,LB,LB,56,ACT,Keith Burns,Keith,Burns,1972-05-16,74,245,,00-0002312,,,,,,,,,,"https://static.www.nfl.com/image/private/f_auto,q_auto/league/pe5cbuttvyrtz12hduuv",BUR522598,,32004255-5252-2598-ae0f-ce2b7ccdd208,,,
1997,NYJ,OL,G,63,ACT,Lamont Burns,Lamont,Burns,1974-03-16,76,300,,00-0002313,,,,,,,,,,"https://static.www.nfl.com/image/private/f_auto,q_auto/league/gug70ba5yj2pf4ggxazr",BUR523304,,32004255-5252-3304-6573-a2bf490fb9c0,,,
1997,BUF,DB,CB,22,ACT,Jeff Burris,Jeffrey,Burris,1972-06-07,72,204,,00-0002328,,,,,,,,,,"https://static.www.nfl.com/image/private/f_auto,q_auto/league/vk7fnibswehatjilczfd",BUR608050,,32004255-5260-8050-1fa8-2d7a86358314,,,
1997,ATL,DL,DT,91,ACT,John Burrough,John,Burrough,1972-05-17,77,275,,00-0002332,,,,,,,,,,"https://static.www.nfl.com/image/private/f_auto,q_auto/league/m1yagp6oi06s7sogx6jc",BUR617937,,32004255-5261-7937-b805-140c02a1984c,,,
1997,IND,DB,DB,53,ACT,Sammie Burroughs,Sammie,Burroughs,1973-06-21,72,227,,00-0002337,,,,,,,,,,"https://static.www.nfl.com/image/private/f_auto,q_auto/league/ydobj1b08pepkl6fa7r7",BUR657485,,32004255-5265-7485-4543-41e28196b7f5,,,
1997,CHI,DB,DB,35,CUT,James Burton,James,Burton,1971-04-27,69,184,,00-0002355,,,,,,,,,,"https://static.www.nfl.com/image/private/f_auto,q_auto/league/idw1gibvosuxw5taxqhv",BUR768714,,32004255-5276-8714-cb4d-b320075ea3a8,,,
1997,TEN,DL,DE,94,SUS,Kendrick Burton,Kendrick,Burton,1973-09-07,77,288,,00-0002357,,,,,,,,,,"https://static.www.nfl.com/image/private/f_auto,q_auto/league/dckm4ontsyfotvsibrsh",BUR769950,,32004255-5276-9950-d456-66bc576a5ea8,,,
1997,MIA,DL,DE,75,ACT,Shane Burton,Franklin,Burton,1974-01-18,78,310,,00-0002365,,,,,,,,,,"https://static.www.nfl.com/image/private/f_auto,q_auto/league/tndh3oh2cdrg86cth1sj",BUR763770,,32004255-5276-3770-f180-e05118575160,,,
1997,ATL,DB,FS,25,ACT,Devin Bush,Devin,Bush,1973-07-03,72,210,,00-0002373,,,,,,,,,,"https://static.www.nfl.com/image/private/f_auto,q_auto/league/nftbfn32n3iukep3biiv",BUS219856,,32004255-5321-9856-3e3e-1b200c9f3330,,,
1997,SD,LB,OLB,58,ACT,Lewis Bush,Lewis,Bush,1969-12-02,74,245,,00-0002377,,,,,,,,,,"https://static.www.nfl.com/image/private/f_auto,q_auto/league/nnziotkhrbpxukwg2e9r",BUS268713,,32004255-5326-8713-d8fb-ada207418862,,,
1997,CIN,TE,TE,88,ACT,Steve Bush,Steven,Bush,1974-07-04,75,260,,00-0002380,,,,,,,,,,"https://static.www.nfl.com/image/private/f_auto,q_auto/league/rqynpo970skjbegedyof",BUS305892,,32004255-5330-5892-fa7e-c3625753b310,,,
1997,MIN,DB,DB,31,ACT,Duane Butler,Duane,Butler,1973-11-29,73,203,,00-0002408,,,,,,,,,,"https://static.www.nfl.com/image/private/f_auto,q_auto/league/osnmlopsqimohhm4gwjc",BUT166230,,32004255-5416-6230-fb50-039bfc5d80af,,,
1997,ARI,SPEC,K,3,CUT,Kevin Butler,Kevin,Butler,1962-07-24,72,215,,00-0002422,,,,,,,,,,"https://static.www.nfl.com/image/private/f_auto,q_auto/league/d9plpnlmfydnx2sxbdu8",BUT441235,,32004255-5444-1235-8cbe-dfa5183fdd99,,,
1997,GB,DB,S,36,ACT,LeRoy Butler,LeRoy,Butler,1968-07-19,72,209,,00-0002424,,,,,,,,,,"https://static.www.nfl.com/image/private/f_auto,q_auto/league/xtmullwdkw6p2mc6mmnt",BUT467190,,32004255-5446-7190-5bde-917681893e23,,,
1997,NE,RB,FB,41,ACT,Keith Byars,Keith,Byars,1963-10-14,73,255,,00-0002451,,,,,,,,,,"https://static.www.nfl.com/image/private/f_auto,q_auto/league/c8a1esk5k8h2ydb1uerp",BYA276861,,32004259-4127-6861-70b0-d5384d2d21b5,,,
1997,BAL,RB,RB,21,ACT,Earnest Byner,Earnest,Byner,1962-09-15,70,215,,00-0002458,,,,,,,,,,"https://static.www.nfl.com/image/private/f_auto,q_auto/league/yb7xgclmqv5l26cqogzg",BYN276861,,32004259-4e27-6861-4144-5ce935c1e51f,,,
1997,SD,RB,RB,43,ACT,Kenny Bynum,Kenneth,Bynum,1974-05-29,71,195,,00-0002459,,,,,,,,,,"https://static.www.nfl.com/image/private/f_auto,q_auto/league/mbmrxcdtu9iisxbaxiax",BYN541722,,32004259-4e54-1722-efa3-998c252ee2ab,,,
1997,TEN,WR,WR,83,ACT,Isaac Byrd,Isaac,Byrd,1974-11-16,73,173,,00-0002469,,,,,,,,,,"https://static.www.nfl.com/image/private/f_auto,q_auto/league/utnyylferccz9ehq4gps",BYR427111,,32004259-5242-7111-c010-8a3fbababcc3,,,
1997,DEN,LB,LB,59,ACT,Glenn Cadrez,Glenn,Cadrez,1970-01-02,75,245,,00-0002493,,,,,,,,,,"https://static.www.nfl.com/image/private/f_auto,q_auto/league/btobjj3j8xwqmh9atnz1",CAD642710,,32004341-4464-2710-11fb-3ef52a6a2e5c,,,
1997,SEA,LB,LB,59,ACT,Joe Cain,Joseph,Cain,1965-06-11,73,242,,00-0002502,,,,,,,,,,"https://static.www.nfl.com/image/private/f_auto,q_auto/league/vf9qpunbdbxsjvkmngy7",CAI415290,,32004341-4941-5290-dfe5-23c9408fc4d4,,,
1997,ARI,LB,LB,52,ACT,Mike Caldwell,Isaiah,Caldwell,1971-08-31,74,237,,00-0002518,,,,,,,,,,"https://static.www.nfl.com/image/private/f_auto,q_auto/league/vaptghdgp920u2k4rjdz",CAL286747,,32004341-4c28-6747-cb07-99a1542e503f,,,
1997,PHI,SPEC,K,17,CUT,Lonny Calicchio,Lawrence,Calicchio,1972-10-24,75,249,,00-0002533,,,,,,,,,,"https://static.www.nfl.com/image/private/f_auto,q_auto/league/dfyges7oiwk1e71q8fil",CAL436397,,32004341-4c43-6397-d931-589bbab28783,,,
1997,NYG,WR,WR,80,ACT,Chris Calloway,Christopher,Calloway,1968-03-29,70,191,,00-0002544,,,,,,,,,,"https://static.www.nfl.com/image/private/f_auto,q_auto/league/zttcfvieeohnynyu4lpa",CAL719836,,32004341-4c71-9836-19be-8ffe552f40a2,,,
1997,WAS,DB,S,37,ACT,Jesse Campbell,Jesse,Campbell,1969-04-11,73,211,,00-0002577,,,,,,,,,,"https://static.www.nfl.com/image/private/f_auto,q_auto/league/qhnj6jrlifeq2ojoieaa",CAM394550,,32004341-4d39-4550-a36e-fc113b11859e,,,
1997,CAR,OL,G,66,ACT,Matt Campbell,Matthew,Campbell,1972-07-14,76,300,,00-0002587,,,,,,,,,,"https://static.www.nfl.com/image/private/f_auto,q_auto/league/w7q84ocwisvvtxbsf6oy",CAM512505,,32004341-4d51-2505-48e6-640c81584f5e,,,
1997,NE,DB,DB,26,ACT,Chris Canty,Christopher,Canty,1976-03-30,69,185,,00-0002613,,,,,,,,,,"https://static.www.nfl.com/image/private/f_auto,q_auto/league/voargens0ymejnhnezdr",CAN797931,,32004341-4e79-7931-ad6d-1332ea23dbd7,,,
1997,SD,SPEC,K,3,RES,John Carney,John,Carney,1964-04-20,71,170,,00-0002655,,,,,,,,,,"https://static.www.nfl.com/image/private/f_auto,q_auto/league/vayogcgph7k6j3uhza5d",CAR243867,,32004341-5224-3867-1223-418051f03b99,,,
1997,CAR,WR,WR,83,RES,Mark Carrier,John,Carrier,1965-10-28,72,186,,00-0002687,,,,,,,,,,"https://static.www.nfl.com/image/private/f_auto,q_auto/league/jgra2bhgwagjwyunp5wr",CAR474552,,32004341-5247-4552-5016-520ca99a5988,,,
1997,DET,DB,FS,27,ACT,Mark Carrier,Mark,Carrier,1968-04-28,73,190,,00-0002688,,,,,,,,,,"https://static.www.nfl.com/image/private/f_auto,q_auto/league/ftqmpwprcj4cqhq0clgz",CAR481143,,32004341-5248-1143-2151-7c29471e884f,,,
1997,CAR,WR,WR,84,ACT,Rae Carruth,Rae,Carruth,1974-01-20,71,194,,00-0002701,,,,,,,,,,"https://static.www.nfl.com/image/private/f_auto,q_auto/league/s7ksaqavp8ihcrdv60q6",CAR563530,,32004341-5256-3530-2341-6ca2409504b5,,,
1997,DEN,TE,TE,89,ACT,Dwayne Carswell,Dwayne,Carswell,1972-01-18,75,261,,00-0002709,,,,,,,,,,"https://static.www.nfl.com/image/private/f_auto,q_auto/league/xuse1m2bepq6y1t9gcnj",CAR604724,,32004341-5260-4724-595e-238cd394cb96,,,
1997,CHI,RB,FB,30,ACT,Tony Carter,Antonio,Carter,1972-08-23,72,236,,00-0002713,,,,,,,,,,"https://static.www.nfl.com/image/private/f_auto,q_auto/league/sda9g8npaf7fm1t59rws",CAR614610,,32004341-5261-4610-c568-1a2d183d9e02,,,
1997,NE,DB,DB,42,ACT,Chris Carter,Christopher,Carter,1974-09-27,74,201,,00-0002720,,,,,,,,,,"https://static.www.nfl.com/image/private/f_auto,q_auto/league/ckwpt0i66wc5emo59woi",CAR630486,,32004341-5263-0486-b1da-1e5e95529e0e,,,
1997,MIN,WR,WR,80,ACT,Cris Carter,Christopher,Carter,1965-11-25,75,208,,00-0002721,,,,,,,,,,"https://static.www.nfl.com/image/private/f_auto,q_auto/league/tb52fk83tmdpmbzwliuk",CAR632736,,32004341-5263-2736-118c-c8f710d298e2,,,
1997,KC,DB,CB,34,ACT,Dale Carter,Dale,Carter,1969-11-28,73,188,,00-0002722,,,,,,,,,,"https://static.www.nfl.com/image/private/f_auto,q_auto/league/p0lamz2eofttqjhqvcva",CAR636031,,32004341-5263-6031-9ce4-c8faa4e776aa,,,
1997,CHI,LB,LB,59,ACT,Daryl Carter,Daryl,Carter,1975-02-24,74,222,,00-0002723,,,,,,,,,,"https://static.www.nfl.com/image/private/f_auto,q_auto/league/tx5v849he543lwyzawz3",CAR638008,,32004341-5263-8008-f85f-5919fb75d401,,,
1997,STL,DL,DE,93,ACT,Kevin Carter,Kevin,Carter,1973-09-21,77,280,,00-0002742,,,,,,,,,,"https://static.www.nfl.com/image/private/f_auto,q_auto/league/dq4xapoi6auskplt1qrv",CAR687111,,32004341-5268-7111-a398-bc71828f6b4f,,,
1997,CIN,RB,RB,32,ACT,Ki-Jana Carter,Kenneth,Carter,1973-09-12,70,227,,00-0002743,,,,,,,,,,"https://static.www.nfl.com/image/private/f_auto,q_auto/league/du6eysltm6wofdicua8j",CAR682168,,32004341-5268-2168-2e40-f2cc0367ba6a,,,
1997,CHI,DB,S,23,ACT,Marty Carter,Marty,Carter,1969-12-17,73,212,,00-0002748,,,,,,,,,,"https://static.www.nfl.com/image/private/f_auto,q_auto/league/jtnr1calwawcvc250tbz",CAR716512,,32004341-5271-6512-dc11-c81ef9aee87c,,,
1997,ARI,TE,TE,80,ACT,Pat Carter,Wendell,Carter,1966-08-01,76,268,,00-0002753,,,,,,,,,,"https://static.www.nfl.com/image/private/f_auto,q_auto/league/brzbqtepswp00tunieub",CAR774442,,32004341-5277-4442-56f3-28887b2e4b6b,,,
1997,CHI,DB,CB,25,ACT,Tom Carter,Thomas,Carter,1972-09-05,72,187,,00-0002765,,,,,,,,,,"https://static.www.nfl.com/image/private/f_auto,q_auto/league/vms6glvrufub27nzweri",CAR746980,,32004341-5274-6980-a741-803d23b072ce,,,
1997,DAL,DL,DE,98,ACT,Shante Carver,Shante,Carver,1971-02-12,77,253,,00-0002780,,,,,,,,,,"https://static.www.nfl.com/image/private/f_auto,q_auto/league/z6qc8txxzjqvaliango0",CAR820579,,32004341-5282-0579-f885-c8d217363f0c,,,
1997,NYJ,LB,LB,53,ACT,Chad Cascadden,Chad,Cascadden,1972-05-14,73,240,,00-0002784,,,,,,,,,,"https://static.www.nfl.com/image/private/f_auto,q_auto/league/prpel5kzpcj5cnxlyjim",CAS062922,,32004341-5306-2922-43cf-0e609656cfb2,,,
1997,ARI,QB,QB,15,ACT,Stoney Case,Stoney,Case,1972-07-07,75,201,,00-0002787,,,,,,,,,,"https://static.www.nfl.com/image/private/f_auto,q_auto/league/xcfymbbw9j5rlg6q4frn",CAS138429,,32004341-5313-8429-d208-141d8e276396,,,
1997,DAL,DL,DT,75,ACT,Tony Casillas,Tony,Casillas,1963-10-26,75,278,,00-0002794,,,,,,,,,,"https://static.www.nfl.com/image/private/f_auto,q_auto/league/jwubkzf9506bsqgfygx7",CAS327197,,32004341-5332-7197-c2de-3df0db74bdd8,,,
1997,SF,LB,LB,53,RES,Tom Cavallo,Tom,Cavallo,1971-04-21,74,245,,00-0002827,,,,,,,,,,"https://static.www.nfl.com/image/private/f_auto,q_auto/league/jakcoxtliegcrmxcgvsx",CAV130654,,32004341-5613-0654-a129-167520b84b30,,,
1997,BAL,OL,G,65,ACT,Ben Cavil,Ben,Cavil,1972-01-31,74,310,,00-0002831,,,,,,,,,,"https://static.www.nfl.com/image/private/f_auto,q_auto/league/k7yfapeuggvzedssp0mc",CAV527351,,32004341-5652-7351-9b2f-81fdff2760e7,,,
1997,ARI,RB,FB,37,ACT,Larry Centers,Larry,Centers,1968-06-01,72,225,,00-0002846,,,,,,,,,,"https://static.www.nfl.com/image/private/f_auto,q_auto/league/sh7w1wpurvkvvggkvf1m",CEN553722,,32004345-4e55-3722-b4d9-2fa8b1f7e832,,,
1997,MIA,DL,DE,70,ACT,Mike Chalenski,Michael,Chalenski,1970-01-28,77,260,,00-0002860,,,,,,,,,,"https://static.www.nfl.com/image/private/f_auto,q_auto/league/awpl5fovgc755zaonagc",CHA032919,,32004348-4103-2919-ef1e-fa3c0ef586b8,,,
1997,DEN,TE,TE,86,ACT,Byron Chamberlain,Byron,Chamberlain,1971-10-17,73,225,,00-0002861,,,,,,,,,,"https://static.www.nfl.com/image/private/f_auto,q_auto/league/wei7lijftagcldtpstmp",CHA053274,,32004348-4105-3274-1b00-1992f1241e56,,,
1997,SD,RB,RB,32,ACT,Robert Chancey,Robert,Chancey,1972-09-07,72,258,,00-0002873,,,,,,,,,,"https://static.www.nfl.com/image/private/f_auto,q_auto/league/vqwvnbizgbdyfqnonync",CHA189080,,32004348-4118-9080-ecc5-0d4cd6fb6e88,,,
1997,ATL,QB,QB,12,ACT,Chris Chandler,Christopher,Chandler,1965-10-12,76,225,,00-0002876,,,,,,,,,,"https://static.www.nfl.com/image/private/f_auto,q_auto/league/yrkv7xnpwcfljbhpgz6w",CHA222838,,32004348-4122-2838-886c-316b57f3d3ce,,,
1997,JAX,OL,C,63,RES,Michael Cheever,Michael,Cheever,1973-06-24,76,293,,00-0002924,,,,,,,,,,"https://static.www.nfl.com/image/private/f_auto,q_auto/league/ccqqtt2xdwmpowsnlahr",CHE191478,,32004348-4519-1478-f623-546cb5ba6b0a,,,
1997,NO,DB,DB,37,ACT,Je'Rod Cherry,Je'Rod,Cherry,1973-05-30,73,196,,00-0002928,,,,,,,,,,"https://static.www.nfl.com/image/private/f_auto,q_auto/league/sxuozhwmhetuporwmgyb",CHE367364,,32004348-4536-7364-7c4f-60293fcc2a69,,,
1997,NYG,QB,QB,18,ACT,Mike Cherry,Michael,Cherry,1973-12-15,75,226,,00-0002930,,,,,,,,,,"https://static.www.nfl.com/image/private/f_auto,q_auto/league/qlnmakuweeoxuafube7i",CHE379914,,32004348-4537-9914-2797-b86fddbcfa10,,,
1997,GB,TE,TE,89,ACT,Mark Chmura,Mark,Chmura,1969-02-22,77,253,,00-0002958,,,,,,,,,,"https://static.www.nfl.com/image/private/f_auto,q_auto/league/kzqqr8cfkggheztekg14",CHM652601,,32004348-4d65-2601-ff69-23e2e49f1214,,,
1997,NYJ,WR,WR,80,ACT,Wayne Chrebet,Wayne,Chrebet,1973-08-14,70,185,,00-0002962,,,,,,,,,,"https://static.www.nfl.com/image/private/f_auto,q_auto/league/lcdhmtmk5j8jbvesqyn0",CHR062293,,32004348-5206-2293-3fe9-9fe6d490547e,,,
1997,ATL,RB,FB,44,ACT,Bob Christian,Robert,Christian,1968-11-14,71,230,,00-0002970,,,,,,,,,,"https://static.www.nfl.com/image/private/f_auto,q_auto/league/t1o81bpnihwhsofw3gdc",CHR364011,,32004348-5236-4011-16dd-1e8883f98490,,,
1997,BUF,SPEC,K,2,ACT,Steve Christie,Geoffrey,Christie,1967-11-13,72,185,,00-0002975,,,,,,,,,,"https://static.www.nfl.com/image/private/f_auto,q_auto/league/mhh2trle2wz2yo3obn60",CHR498348,,32004348-5249-8348-1f71-3122aee08be5,,,
1997,MIN,OL,C,62,RES,Jeff Christy,Jeffrey,Christy,1969-02-03,75,282,,00-0002983,,,,,,,,,,"https://static.www.nfl.com/image/private/f_auto,q_auto/league/doweshzqehlhr4rng1fl",CHR758848,,32004348-5275-8848-4672-41271e2d102d,,,
1997,DET,TE,TE,81,ACT,Pete Chryplewicz,Peter,Chryplewicz,1974-04-27,77,253,,00-0002985,,,,,,,,,,"https://static.www.nfl.com/image/private/f_auto,q_auto/league/z8ktzeodcoxffrr7hnyu",CHR812469,,32004348-5281-2469-e181-e2feb0208d1d,,,
1997,IND,OL,G,66,ACT,Eugene Chung,Yon,Chung,1969-06-14,76,295,,00-0002990,,,,,,,,,,"https://static.www.nfl.com/image/private/f_auto,q_auto/league/th5xmelrbcony8igflqi",CHU131144,,32004348-5513-1144-cedc-b6c022a3f16d,,,
1997,SF,TE,TE,85,ACT,Greg Clark,Gregory,Clark,1972-04-07,76,262,,00-0003039,,,,,,,,,,"https://static.www.nfl.com/image/private/f_auto,q_auto/league/d4ovub05z90rfmhcayga",CLA314988,,3200434c-4131-4988-21c5-683192406b3a,,,
1997,CHI,OL,OT,72,CUT,Jon Clark,Jon,Clark,1973-03-11,79,345,,00-0003045,,,,,,,,,,"https://static.www.nfl.com/image/private/f_auto,q_auto/league/gwgnrox9cdy76w6wbj7x",CLA391108,,3200434c-4139-1108-bdd2-1687bc22d287,,,
1997,IND,DB,DB,27,ACT,Rico Clark,Rico,Clark,1974-06-06,70,181,,00-0003060,,,,,,,,,,"https://static.www.nfl.com/image/private/f_auto,q_auto/league/xuq19bru6xsewzsiqaz3",CLA536653,,3200434c-4153-6653-d22a-9ee47dc6c0bd,,,
1997,PHI,DB,DB,25,ACT,Willie Clark,Willie,Clark,1972-01-06,70,186,,00-0003075,,,,,,,,,,"https://static.www.nfl.com/image/private/f_auto,q_auto/league/uvrmxxc08prddjmm5ttq",CLA613219,,3200434c-4161-3219-2c11-e0288b3e9f75,,,
1997,GB,DL,DE,91,TRC,Shannon Clavelle,Shannon,Clavelle,1973-10-12,74,287,,00-0003088,,,,,,,,,,"https://static.www.nfl.com/image/private/f_auto,q_auto/league/luhyzs1uucd1sfhnmzze",CLA711720,,3200434c-4171-1720-45b9-fbece93855af,,,
1997,KC,DL,DE,91,CUT,Shannon Clavelle,Shannon,Clavelle,1973-10-12,74,287,,00-0003088,,,,,,,,,,"https://static.www.nfl.com/image/private/f_auto,q_auto/league/luhyzs1uucd1sfhnmzze",CLA711720,,3200434c-4171-1720-45b9-fbece93855af,,,
1997,NE,DB,FS,32,ACT,Willie Clay,Willie,Clay,1970-09-05,70,200,,00-0003093,,,,,,,,,,"https://static.www.nfl.com/image/private/f_auto,q_auto/league/qxmvwnovlsg9jovjpltk",CLA767731,,3200434c-4176-7731-a492-146614083bfa,,,
1997,NYJ,QB,QB,7,ACT,Chuck Clements,Chad,Clements,1973-09-29,75,214,,00-0003108,,,,,,,,,,"https://static.www.nfl.com/image/private/f_auto,q_auto/league/hg39xatz1vouhpylamzf",CLE267107,,3200434c-4526-7107-b23b-6bbb31b3fe2d,,,
1997,STL,LB,LB,56,RES,Charlie Clemons,Charlie,Clemons,1972-07-04,74,255,,00-0003111,,,,,,,,,,"https://static.www.nfl.com/image/private/f_auto,q_auto/league/dbk5ryw6ychn7a8aqaah",CLE385760,,3200434c-4538-5760-8dae-0cb19627d236,,,
1997,MIN,DL,DE,92,ACT,Duane Clemons,Duane,Clemons,1974-05-23,77,280,,00-0003112,,,,,,,,,,"https://static.www.nfl.com/image/private/f_auto,q_auto/league/daujkigxmty2kfvcyns3",CLE399465,,3200434c-4539-9465-f0d0-4103ceb49295,,,
1997,BUF,TE,TE,86,ACT,Tony Cline,Anthony,Cline,1971-11-24,77,247,,00-0003128,,,,,,,,,,"https://static.www.nfl.com/image/private/f_auto,q_auto/league/xy9g4y3jeopsikq8rjsl",CLI249549,,3200434c-4924-9549-681f-8bb1b766bab8,,,
1997,DAL,LB,OLB,52,ACT,Dexter Coakley,William,Coakley,1972-10-20,70,215,,00-0003140,,,,,,,,,,"https://static.www.nfl.com/image/private/f_auto,q_auto/league/wqvh5kxsgz6ik7z1nirz",COA345732,,3200434f-4134-5732-38ee-644732e0fa83,,,
1997,NE,TE,TE,87,ACT,Ben Coates,Ben,Coates,1969-08-16,77,245,,00-0003142,,,,,,,,,,"https://static.www.nfl.com/image/private/f_auto,q_auto/league/ih0cnctc2jkc0c67gpch",COA653214,,3200434f-4165-3214-2ec2-4a6eb0de9b15,,,
1997,ARI,LB,LB,51,ACT,Lyron Cobbins,Lyron,Cobbins,1974-09-17,71,240,,00-0003155,,,,,,,,,,"https://static.www.nfl.com/image/private/f_auto,q_auto/league/wfxhyuylqjpa9lnoxwiu",COB644809,,3200434f-4264-4809-4bf1-d6eb84494413,,,
1997,SD,OL,G,68,ACT,Joe Cocozzo,Joseph,Cocozzo,1970-08-07,76,300,,00-0003170,,,,,,,,,,"https://static.www.nfl.com/image/private/f_auto,q_auto/league/pa8mizupsveergoaaf63",COC661072,,3200434f-4366-1072-308c-6b2ac24ec29d,,,
1997,PIT,WR,WR,19,ACT,Andre Coleman,Andre,Coleman,1972-09-19,69,165,,00-0003209,,,,,,,,,,"https://static.www.nfl.com/image/private/f_auto,q_auto/league/oyllg83ddppicuhy8rhn",COL210207,,3200434f-4c21-0207-d5ff-a79c9124e7f3,,,
1997,SEA,WR,WR,11,TRD,Andre Coleman,Andre,Coleman,1972-09-19,69,165,,00-0003209,,,,,,,,,,"https://static.www.nfl.com/image/private/f_auto,q_auto/league/oyllg83ddppicuhy8rhn",COL210207,,3200434f-4c21-0207-d5ff-a79c9124e7f3,,,
1997,JAX,OL,G,62,ACT,Ben Coleman,Benjamin,Coleman,1971-05-18,77,332,,00-0003212,,,,,,,,,,"https://static.www.nfl.com/image/private/f_auto,q_auto/league/afuqwafczyh3usv5p9jq",COL220461,,3200434f-4c22-0461-e282-6b872cf86cdc,,,
1997,SD,DL,DE,90,ACT,Marco Coleman,Marco,Coleman,1969-12-18,75,264,,00-0003230,,,,,,,,,,"https://static.www.nfl.com/image/private/f_auto,q_auto/league/lw63cmsnjbwgenbwxdtg",COL302493,,3200434f-4c30-2493-8603-2c63dbb5aebc,,,
1997,NYJ,DB,DB,42,ACT,Marcus Coleman,Marcus,Coleman,1974-05-24,74,210,,00-0003231,,,,,,,,,,"https://static.www.nfl.com/image/private/f_auto,q_auto/league/xhjeqwrhxqqzoqjeaj1e",COL303957,,3200434f-4c30-3957-a86d-8629c22faa95,,,
1997,MIN,DL,DE,99,ACT,Stalin Colinet,Stalin,Colinet,1974-07-17,78,288,,00-0003248,,,,,,,,,,"https://static.www.nfl.com/image/private/f_auto,q_auto/league/xab8c7lnpmaqxb8l4t3e",COL380679,,3200434f-4c38-0679-92a0-c95cf51ba875,,,
1997,CIN,LB,LB,55,ACT,Andre Collins,Andre,Collins,1968-05-04,73,231,,00-0003264,,,,,,,,,,"https://static.www.nfl.com/image/private/f_auto,q_auto/league/ihfqzrpiau8q0ge7wg5s",COL502446,,3200434f-4c50-2446-3e27-f24a4bf5c5ac,,,
1997,ATL,OL,C,68,ACT,Calvin Collins,Calvin,Collins,1974-01-05,74,307,,00-0003269,,,,,,,,,,"https://static.www.nfl.com/image/private/f_auto,q_auto/league/ljsmawth3vbjhmofqnae",COL520390,,3200434f-4c52-0390-99b3-66365b696fb6,,,
1997,CAR,QB,QB,12,ACT,Kerry Collins,Kerry,Collins,1972-12-30,77,240,,00-0003292,,,,,,,,,,"https://static.www.nfl.com/image/private/f_auto,q_auto/league/jse9o88qf7weuicc1wwz",COL620367,,3200434f-4c62-0367-e9e9-6254a27bef4a,,,
1997,GB,DB,DB,26,ACT,Mark Collins,Mark,Collins,1964-01-16,70,190,,00-0003301,,,,,,,,,,"https://static.www.nfl.com/image/private/f_auto,q_auto/league/vm88y022lz13osbj4hnm",COL646002,,3200434f-4c64-6002-79f6-3a32da8f7db4,,,
1997,BUF,QB,QB,15,ACT,Todd Collins,Todd,Collins,1971-11-05,76,224,,00-0003315,,,,,,,,,,"https://static.www.nfl.com/image/private/f_auto,q_auto/league/vggpgpp9tb4aoeejafze",COL694708,,3200434f-4c69-4708-19c1-34a28c98e006,,,
1997,NE,LB,OLB,59,ACT,Todd F. Collins,Todd,Collins,1970-05-27,74,248,,00-0003316,,,,,,,,,,"https://static.www.nfl.com/image/private/f_auto,q_auto/league/bc7gzummekfoqvz5xsfw",COL692145,,3200434f-4c69-2145-5a15-d4fd65b130dc,,,
1997,NE,DL,DE,92,RES,Ferric Collons,Ferric,Collons,1969-12-04,79,285,,00-0003319,,,,,,,,,,"https://static.www.nfl.com/image/private/f_auto,q_auto/league/v8lsxxgvzbw647ovk99h",COL722907,,3200434f-4c72-2907-e850-3ba5638d4c69,,,
1997,NYG,LB,LB,58,ACT,Doug Colman,Douglass,Colman,1973-06-04,74,250,,00-0003320,,,,,,,,,,"https://static.www.nfl.com/image/private/f_auto,q_auto/league/re5rz05ry7u0wpoh7av3",COL725470,,3200434f-4c72-5470-fa18-94c38683f933,,,
1997,DET,DB,DB,29,RES,Harry Colon,Harry,Colon,1969-02-14,72,203,,00-0003322,,,,,,,,,,"https://static.www.nfl.com/image/private/f_auto,q_auto/league/dqzvkzoc9iwnx9ts1yg8",COL746263,,3200434f-4c74-6263-9007-6639cfc93b42,,,
1997,DET,OL,G,77,ACT,Mike Compton,Michael,Compton,1970-09-18,78,297,,00-0003354,,,,,,,,,,"https://static.www.nfl.com/image/private/f_auto,q_auto/league/yaotzp4ksrvztps9ml2r",COM583382,,3200434f-4d58-3382-cc2b-0ac607c4bd16,,,
1997,BUF,OL,C,63,ACT,Bill Conaty,William,Conaty,1973-03-08,74,300,,00-0003356,,,,,,,,,,"https://static.www.nfl.com/image/private/f_auto,q_auto/league/awkpuetoisytrvtnvsrf",CON010381,,3200434f-4e01-0381-7bdd-7d7508bc9596,,,
1997,PIT,LB,LB,53,ACT,Steve Conley,Donald,Conley,1972-01-18,77,235,,00-0003372,,,,,,,,,,"https://static.www.nfl.com/image/private/f_auto,q_auto/league/ukhajadzzdjxpsnpj5a0",CON238786,,3200434f-4e23-8786-a8d9-bde650441650,,,
1997,WAS,WR,WR,83,ACT,Albert Connell,Gene,Connell,1974-05-13,72,179,,00-0003378,,,,,,,,,,"https://static.www.nfl.com/image/private/f_auto,q_auto/league/sqcic4cp6meckcxitx3q",CON386729,,3200434f-4e38-6729-b0e2-af9c6f2db975,,,
1997,PHI,DL,DE,93,ACT,Darion Conner,Darion,Conner,1967-09-28,74,250,,00-0003381,,,,,,,,,,"https://static.www.nfl.com/image/private/f_auto,q_auto/league/p5fdsxwwxtdkhxqyp2nx",CON456808,,3200434f-4e45-6808-5086-983ff5fa5277,,,
1997,NYJ,OL,C,64,ACT,J.R. Conrad,James,Conrad,1974-02-02,76,300,,00-0003389,,,,,,,,,,"https://static.www.nfl.com/image/private/f_auto,q_auto/league/hlq5qbhburbu2fqahcmb",CON658785,,3200434f-4e65-8785-b788-402c724a837c,,,
1997,GB,SPEC,K,10,RES,Brett Conway,Brett,Conway,1975-03-08,74,192,,00-0003395,,,,,,,,,,"https://static.www.nfl.com/image/private/f_auto,q_auto/league/yrfrxzo1bvuxbxdunyrb",CON755290,,3200434f-4e75-5290-1a07-9a500bc49c5e,,,
1997,CHI,WR,WR,80,ACT,Curtis Conway,Curtis,Conway,1971-01-13,72,194,,00-0003396,,,,,,,,,,"https://static.www.nfl.com/image/private/f_auto,q_auto/league/xi2qseh2pqknw9xseuhw",CON757886,,3200434f-4e75-7886-6272-386995630659,,,
1997,STL,TE,TE,84,ACT,Ernie Conwell,Ernest,Conwell,1972-08-17,73,265,,00-0003400,,,,,,,,,,"https://static.www.nfl.com/image/private/f_auto,q_auto/league/rtb7sinjaratqbw4zjpn",CON783841,,3200434f-4e78-3841-d044-bc69e36b66c9,,,
1997,TEN,DL,DE,78,ACT,Anthony Cook,Anthony,Cook,1972-05-30,75,293,,00-0003404,,,,,,,,,,"https://static.www.nfl.com/image/private/f_auto,q_auto/league/lv5vlqyi6plhn10yf7my",COO009657,,3200434f-4f00-9657-1fac-29ebb925dfb6,,,
1997,CAR,DB,DB,41,ACT,Toi Cook,Toi,Cook,1964-12-03,71,188,,00-0003426,,,,,,,,,,"https://static.www.nfl.com/image/private/f_auto,q_auto/league/rm55hkkcx12zpnysxwfq",COO251095,,3200434f-4f25-1095-26cd-35f7730889eb,,,
1997,BUF,TE,TE,87,ACT,Robert Coons,Robert,Coons,1969-09-18,77,249,,00-0003439,,,,,,,,,,"https://static.www.nfl.com/image/private/f_auto,q_auto/league/qhn6my1f67xpgdgu3yue",COO468388,,3200434f-4f46-8388-dc70-604390605346,,,
1997,PHI,OL,OT,77,RES,Richard Cooper,Richard,Cooper,1964-11-01,77,290,,00-0003462,,,,,,,,,,"https://static.www.nfl.com/image/private/f_auto,q_auto/league/h38xxtv5dpzkzfdqbpsv",COO695340,,3200434f-4f69-5340-be29-f8b623c93646,,,
1997,TB,WR,WR,88,ACT,Horace Copeland,Horace,Copeland,1971-01-02,75,208,,00-0003467,,,,,,,,,,"https://static.www.nfl.com/image/private/f_auto,q_auto/league/j4obmltuqgm063tkogxh",COP355962,,3200434f-5035-5962-667f-b94fd7583bbe,,,
1997,CIN,DL,DE,92,ACT,John Copeland,John,Copeland,1970-09-20,75,286,,00-0003470,,,,,,,,,,"https://static.www.nfl.com/image/private/f_auto,q_auto/league/nucxl2ukvp1fzxur4sqc",COP367827,,3200434f-5036-7827-6f4f-22f3a6270293,,,
1997,PHI,WR,WR,86,ACT,Russell Copeland,Russell,Copeland,1971-11-04,72,200,,00-0003471,,,,,,,,,,"https://static.www.nfl.com/image/private/f_auto,q_auto/league/bytr0efppnz96rhskovu",COP424290,,3200434f-5042-4290-1699-12540165d7bc,,,
1997,IND,LB,OLB,55,ACT,Quentin Coryatt,Quentin,Coryatt,1970-08-01,75,250,,00-0003504,,,,,,,,,,"https://static.www.nfl.com/image/private/f_auto,q_auto/league/wb3nnrovwkjplgwswnhk",COR803961,,3200434f-5280-3961-963d-5a8594d03aff,,,
1997,CAR,DB,S,37,ACT,Chad Cota,Chad,Cota,1971-08-08,73,195,,00-0003516,,,,,,,,,,"https://static.www.nfl.com/image/private/f_auto,q_auto/league/aefuegrpdfesvm7ptssk",COT013945,,3200434f-5401-3945-defa-9c04060b6722,,,
1997,BAL,RB,RB,40,ACT,Kenyon Cotton,Timothy,Cotton,1974-02-23,72,255,,00-0003524,,,,,,,,,,"https://static.www.nfl.com/image/private/f_auto,q_auto/league/sjebstl4gqs2s7ohocor",COT539799,,3200434f-5453-9799-a676-b28c45b6c0ad,,,
1997,CHI,DB,CB,24,ACT,Terry Cousin,Terry,Cousin,1975-04-11,69,176,,00-0003547,,,,,,,,,,"https://static.www.nfl.com/image/private/f_auto,q_auto/league/jstthwwo7huweibinwre",COU610935,,3200434f-5561-0935-12ab-0a0e0dbcc500,,,
1997,BUF,LB,ILB,57,RES,Damien Covington,Damien,Covington,1972-12-04,71,236,,00-0003552,,,,,,,,,,"https://static.www.nfl.com/image/private/f_auto,q_auto/league/zqvrpf7fzljyfu6k52cs",COV547722,,3200434f-5654-7722-5dc0-cf531dbc9ac6,,,
1997,CHI,LB,MLB,52,ACT,Bryan Cox,Bryan,Cox,1968-02-17,76,250,,00-0003572,,,,,,,,,,"https://static.www.nfl.com/image/private/f_auto,q_auto/league/ulohyrsra39hwlhjqyan",COX152273,,3200434f-5815-2273-ea67-e276135136f4,,,
1997,CHI,LB,OLB,54,ACT,Ron Cox,Ronald,Cox,1968-02-27,74,235,,00-0003583,,,,,,,,,,"https://static.www.nfl.com/image/private/f_auto,q_auto/league/gfahf2bn3ohzoua96yvn",COX622935,,3200434f-5862-2935-c4da-61d4bd8c2c8d,,,
1997,PHI,OL,G,73,ACT,Jerry Crafts,Jerry,Crafts,1968-01-06,77,335,,00-0003598,,,,,,,,,,"https://static.www.nfl.com/image/private/f_auto,q_auto/league/b2u7k5vttpa2szwjvcji",CRA172193,,32004352-4117-2193-fbe3-b074afc257d5,,,
1997,SD,RB,FB,34,ACT,Aaron Craver,Aaron,Craver,1968-12-18,72,220,,00-0003610,,,,,,,,,,"https://static.www.nfl.com/image/private/f_auto,q_auto/league/m3n9nxiskacawfqsnwon",CRA536837,,32004352-4153-6837-af19-3d27e4f153d4,,,
1997,STL,WR,WR,81,ACT,Keith Crawford,Keith,Crawford,1970-11-21,73,190,,00-0003619,,,,,,,,,,"https://static.www.nfl.com/image/private/f_auto,q_auto/league/fqk6wp1nsvnjuv0um453",CRA680522,,32004352-4168-0522-3c6c-13f1aef663bb,,,
1997,MIA,LB,LB,56,ACT,Mike Crawford,Michael,Crawford,1974-10-29,73,238,,00-0003625,,,,,,,,,,"https://static.www.nfl.com/image/private/f_auto,q_auto/league/zkjcynwrvpsa5cxu73fl",CRA717280,,32004352-4171-7280-481c-890ce7ae9f52,,,
1997,NE,LB,LB,99,ACT,Vernon Crawford,Vernon,Crawford,1974-06-25,76,245,,00-0003629,,,,,,,,,,"https://static.www.nfl.com/image/private/f_auto,q_auto/league/krfjdssjxeesm2hf59mz",CRA763051,,32004352-4176-3051-de84-5f609a115549,,,
1997,KC,OL,OT,69,ACT,Jeff Criswell,Jeffrey,Criswell,1964-03-07,79,294,,00-0003651,,,,,,,,,,"https://static.www.nfl.com/image/private/f_auto,q_auto/league/dxfa9itnwccuosigvpw6",CRI442976,,32004352-4944-2976-7285-6767c1839628,,,
1997,SD,WR,WR,84,ACT,Ray Crittenden,Raymond,Crittenden,1970-03-01,73,195,,00-0003655,,,,,,,,,,"https://static.www.nfl.com/image/private/f_auto,q_auto/league/jtjllo0yc5gve67tzlb3",CRI764708,,32004352-4976-4708-f8d7-1bbae8b2b496,,,
1997,ATL,LB,OLB,94,ACT,Henri Crockett,Henri,Crockett,1974-10-28,74,251,,00-0003660,,,,,,,,,,"https://static.www.nfl.com/image/private/f_auto,q_auto/league/ikpe5ztfxeepst6zcscb",CRO026651,,32004352-4f02-6651-fa32-cd13daca6795,,,
1997,DEN,DB,CB,39,ACT,Ray Crockett,Donald,Crockett,1967-01-05,70,185,,00-0003661,,,,,,,,,,"https://static.www.nfl.com/image/private/f_auto,q_auto/league/bl0qabvmbhzzxaddowol",CRO025060,,32004352-4f02-5060-ca6d-b2a17c52a7dd,,,
1997,IND,RB,RB,32,ACT,Zack Crockett,Zachary,Crockett,1972-12-02,74,246,,00-0003663,,,,,,,,,,"https://static.www.nfl.com/image/private/f_auto,q_auto/league/sf1zvlx6pabbv5gtqece",CRO076373,,32004352-4f07-6373-c771-498ee26e4abf,,,
1997,NYG,TE,TE,87,ACT,Howard Cross,Howard,Cross,1967-08-08,77,270,,00-0003681,,,,,,,,,,"https://static.www.nfl.com/image/private/f_auto,q_auto/league/nitu6iw0obqvvqhg2lmc",CRO400960,,32004352-4f40-0960-7cff-caf32aa6f5e0,,,
1997,SEA,TE,TE,87,ACT,Carlester Crumpler,Carlester,Crumpler,1971-09-05,78,260,,00-0003715,,,,,,,,,,"https://static.www.nfl.com/image/private/f_auto,q_auto/league/ozb1mu7ikmuur3zx996a",CRU474185,,32004352-5547-4185-8dc2-77d968aed781,,,
1997,NE,RB,RB,29,ACT,Derrick Cullors,Derrick,Cullors,1972-12-26,72,205,,00-0003736,,,,,,,,,,"https://static.www.nfl.com/image/private/f_auto,q_auto/league/ts0yfrludlwkbylruqko",CUL465792,,32004355-4c46-5792-64ff-48a3a7994e21,,,
1997,TB,DL,DT,77,ACT,Brad Culpepper,John,Culpepper,1969-05-08,73,275,,00-0003738,,,,,,,,,,"https://static.www.nfl.com/image/private/f_auto,q_auto/league/carhwsp2s6iulffl1mjp",CUL595056,,32004355-4c59-5056-8226-42add1da62cb,,,
1997,BUF,WR,WR,18,CUT,Jimmy Cunningham,James,Cunningham,1973-01-01,68,150,,00-0003758,,,,,,,,,,"https://static.www.nfl.com/image/private/f_auto,q_auto/league/qswhltrzzvjredaj8ocr",CUN383854,,32004355-4e38-3854-c641-7a4f4b444041,,,
1997,MIN,QB,QB,7,ACT,Randall Cunningham,Randall,Cunningham,1963-03-27,76,214,,00-0003761,,,,,,,,,,"https://static.www.nfl.com/image/private/f_auto,q_auto/league/gwa0zs48uxqe3xto4ofx",CUN664464,,32004355-4e66-4464-bcec-7070eac124f6,,,
1997,DAL,SPEC,K,3,ACT,Richie Cunningham,Richard,Cunningham,1970-08-18,70,167,,00-0003762,,,,,,,,,,"https://static.www.nfl.com/image/private/f_auto,q_auto/league/xfafoptrnnjnxastmort",CUN717586,,32004355-4e71-7586-7b01-22252e1f8076,,,
1997,OAK,OL,OT,68,ACT,Rick Cunningham,Patrick,Cunningham,1967-01-04,79,315,,00-0003763,,,,,,,,,,"https://static.www.nfl.com/image/private/f_auto,q_auto/league/hpftts6jt4kxedk2tg3j",CUN609092,,32004355-4e60-9092-4844-08c90e2903be,,,
1997,TB,DL,DE,75,ACT,Eric Curry,Eric,Curry,1970-02-03,78,270,,00-0003781,,,,,,,,,,"https://static.www.nfl.com/image/private/f_auto,q_auto/league/czn3qpbbprc7hsmxgm5n",CUR457878,,32004355-5245-7878-50c7-db1d38215bb5,,,
1997,CIN,LB,LB,98,ACT,Canute Curtis,Canute,Curtis,1974-08-04,74,250,,00-0003794,,,,,,,,,,"https://static.www.nfl.com/image/private/f_auto,q_auto/league/uifogrrix5nh8yku6byp",CUR630462,,32004355-5263-0462-84d0-3959a0e5a540,,,
1997,BAL,OL,G,72,CUT,Bernard Dafney,Bernard,Dafney,1968-11-01,77,324,,00-0003818,,,,,,,,,,"https://static.www.nfl.com/image/private/f_auto,q_auto/league/dlhvgjoikytezse7a3wt",DAF573497,,32004441-4657-3497-4f98-11367499f9d2,,,
1997,WAS,OL,G,75,ACT,Bob Dahl,Robert,Dahl,1968-01-15,77,319,,00-0003820,,,,,,,,,,"https://static.www.nfl.com/image/private/f_auto,q_auto/league/xrpq494phm0bgfw8e98d",DAH263361,,32004441-4826-3361-5ef9-7a4c4b29f640,,,
1997,SF,OL,C,67,ACT,Chris Dalman,Christopher,Dalman,1970-03-15,75,285,,00-0003835,,,,,,,,,,"https://static.www.nfl.com/image/private/f_auto,q_auto/league/ecs72uijmdxpkfnvkpja",DAL507576,,32004441-4c50-7576-4be1-4b12591007ac,,,
1997,NYG,SPEC,K,3,ACT,Brad Daluiso,Bradley,Daluiso,1967-12-31,74,215,,00-0003841,,,,,,,,,,"https://static.www.nfl.com/image/private/f_auto,q_auto/league/mxooxtztmxm6uwlwghwp",DAL771253,,32004441-4c77-1253-a30a-00e15bfaeba5,,,
1997,BAL,DB,CB,30,ACT,Eugene Daniel,Eugene,Daniel,1961-05-04,71,178,,00-0003855,,,,,,,,,,"https://static.www.nfl.com/image/private/f_auto,q_auto/league/rt4r7jp7123nfbtsjym8",DAN249174,,32004441-4e24-9174-b49d-e611e69842bd,,,
1997,ARI,OL,OT,72,ACT,Jerome Daniels,Jerome,Daniels,1974-09-13,77,338,,00-0003869,,,,,,,,,,"https://static.www.nfl.com/image/private/f_auto,q_auto/league/ddtlqgqbcehvaso15iv9",DAN570056,,32004441-4e57-0056-ccc2-461fc8375525,,,
1997,MIN,OL,G,69,ACT,LeShun Daniels,LeShun,Daniels,1974-05-30,73,304,,00-0003871,,,,,,,,,,"https://static.www.nfl.com/image/private/f_auto,q_auto/league/by6xsw2gwyu6i61hs1g9",DAN574596,,32004441-4e57-4596-f13d-59ff79148783,,,
1997,SEA,DL,DE,93,ACT,Phillip Daniels,Phillip,Daniels,1973-03-04,77,263,,00-0003874,,,,,,,,,,"https://static.www.nfl.com/image/private/f_auto,q_auto/league/djld5mlcobtb0bir5snd",DAN576866,,32004441-4e57-6866-1904-975edd71bea6,,,
1997,MIA,RB,RB,11,RES,Kirby Dar Dar,Kirby,Dar Dar,1972-03-27,69,183,,00-0003886,,,,,,,,,,"https://static.www.nfl.com/image/private/f_auto,q_auto/league/dlcemgtkfbzroqwarz6r",DAR226058,,32004441-5222-6058-ddc8-854798e24970,,,
1997,ARI,DB,S,43,ACT,Matt Darby,Matthew,Darby,1968-11-19,74,198,,00-0003889,,,,,,,,,,"https://static.www.nfl.com/image/private/f_auto,q_auto/league/aehmo0lmcofrkx30r0hv",DAR165268,,32004441-5216-5268-8fd1-595bdb05e0fe,,,
1997,GB,RB,RB,44,ACT,Chris Darkins,Christopher,Darkins,1974-04-30,72,210,,00-0003900,,,,,,,,,,"https://static.www.nfl.com/image/private/f_auto,q_auto/league/gqc9lffzy9asxokxfiis",DAR348546,,32004441-5234-8546-f811-be369a4cbef7,,,
1997,PHI,LB,OLB,57,ACT,James Darling,James,Darling,1974-12-29,72,247,,00-0003902,,,,,,,,,,"https://static.www.nfl.com/image/private/f_auto,q_auto/league/o3uqipp2ru0fhmnd5to3",DAR366462,,32004441-5236-6462-e2cf-5a6d4824fd21,,,
1997,JAX,DL,DT,92,RES,Don Davey,Donald,Davey,1968-04-08,76,270,,00-0003925,,,,,,,,,,"https://static.www.nfl.com/image/private/f_auto,q_auto/league/m7qaxko73qguhkqbsskl",DAV018705,,32004441-5601-8705-c9a2-77a705a586b7,,,
1997,CAR,OL,OT,76,RES,Norberto Davidds-Garrido,Norberto,Davidds-Garrido,1972-06-11,77,313,,00-0003930,,,,,,,,,,"https://static.www.nfl.com/image/private/f_auto,q_auto/league/k6ifuf07vvqtwxpswzdk",DAV038985,,32004441-5603-8985-9f2d-2110f33867b7,,,
1997,KC,LB,OLB,50,ACT,Anthony Davis,Anthony,Davis,1969-03-07,72,235,,00-0003942,,,,,,,,,,"https://static.www.nfl.com/image/private/f_auto,q_auto/league/rgokrrvfowk9n4htwdeq",DAV136546,,32004441-5613-6546-7571-8f49a60bb2f8,,,
1997,ATL,OL,OT,76,ACT,Antone Davis,Antone,Davis,1967-02-28,76,330,,00-0003943,,,,,,,,,,"https://static.www.nfl.com/image/private/f_auto,q_auto/league/bckozqketp1spyr3mdqt",DAV138417,,32004441-5613-8417-20b7-f3436ba251a0,,,
1997,DAL,WR,WR,87,ACT,Billy Davis,William,Davis,1972-07-06,73,205,,00-0003944,,,,,,,,,,"https://static.www.nfl.com/image/private/f_auto,q_auto/league/ogis0bcpy1elld5ip2p0",DAV802056,,32004441-5680-2056-a158-a83da4baa683,,,
1997,NO,LB,LB,53,RES,Don Davis,Donald,Davis,1972-12-17,73,240,,00-0003970,,,,,,,,,,"https://static.www.nfl.com/image/private/f_auto,q_auto/league/pzzarnw5dxpmbqxzffss",DAV266679,,32004441-5626-6679-7f7b-068e5b5cab73,,,
1997,CAR,DB,CB,25,ACT,Eric Davis,Eric,Davis,1968-01-26,71,185,,00-0003977,,,,,,,,,,"https://static.www.nfl.com/image/private/f_auto,q_auto/league/fwhlk16t8hvig8qcnpxe",DAV306762,,32004441-5630-6762-6242-9784f32fceb0,,,
1997,MIN,SPEC,K,5,TRC,Greg Davis,Gregory,Davis,1965-10-29,72,202,,00-0003985,,,,,,,,,,"https://static.www.nfl.com/image/private/f_auto,q_auto/league/nismcjmil9uobydwbboc",DAV359136,,32004441-5635-9136-3f36-95bc754bbfe3,,,
1997,SD,SPEC,K,7,ACT,Greg Davis,Gregory,Davis,1965-10-29,72,202,,00-0003985,,,,,,,,,,"https://static.www.nfl.com/image/private/f_auto,q_auto/league/nismcjmil9uobydwbboc",DAV359136,,32004441-5635-9136-3f36-95bc754bbfe3,,,
1997,SD,OL,G,77,TRC,Isaac Davis,John,Davis,1972-04-08,75,320,,00-0003988,,,,,,,,,,"https://static.www.nfl.com/image/private/f_auto,q_auto/league/hkn1s5e1le6ekwfpp40v",DAV484459,,32004441-5648-4459-8a93-bcc13bb6e751,,,
1997,NO,OL,G,70,ACT,Isaac Davis,John,Davis,1972-04-08,75,320,,00-0003988,,,,,,,,,,"https://static.www.nfl.com/image/private/f_auto,q_auto/league/hkn1s5e1le6ekwfpp40v",DAV484459,,32004441-5648-4459-8a93-bcc13bb6e751,,,
1997,CIN,OL,G,66,EXE,Joel Davis,Joel,Davis,1973-04-06,77,310,,00-0004001,,,,,,,,,,"https://static.www.nfl.com/image/private/f_auto,q_auto/league/ygxgonqtqbrwi8scyb1v",DAV459955,,32004441-5645-9955-c53a-abd20f4174c5,,,
1997,TB,TE,TE,87,ACT,John Davis,John,Davis,1973-05-14,76,257,,00-0004004,,,,,,,,,,"https://static.www.nfl.com/image/private/f_auto,q_auto/league/i0n1png6bwrngmloxl4k",DAV485862,,32004441-5648-5862-c5b8-f7d9952f7e22,,,
1997,ATL,DL,DE,99,ACT,Nathan Davis,Nathan,Davis,1974-02-06,77,312,,00-0004025,,,,,,,,,,"https://static.www.nfl.com/image/private/f_auto,q_auto/league/mer4dupxbkmhgmpgsp8b",DAV574243,,32004441-5657-4243-91a8-8f8a8a3d434b,,,
1997,SD,DL,DE,93,RES,Reuben Davis,Reuben,Davis,1965-05-07,77,298,,00-0004035,,,,,,,,,,"https://static.www.nfl.com/image/private/f_auto,q_auto/league/yyz1slhrgsc2wzquzomg",DAV643452,,32004441-5664-3452-ee09-3c4aece6f3c2,,,
1997,GB,OL,G,60,ACT,Rob Davis,Robert,Davis,1968-12-10,75,271,,00-0004038,,,,,,,,,,"https://static.www.nfl.com/image/private/f_auto,q_auto/league/u7e2pgwxr9cydpubme5m",DAV692085,,32004441-5669-2085-e0c8-958d3f69bbe0,,,
1997,GB,DB,DB,28,SUS,Ron Davis,Ronald,Davis,1972-02-24,70,190,,00-0004042,,,,,,,,,,"https://static.www.nfl.com/image/private/f_auto,q_auto/league/r4hhhndjw9ogstnzo3rl",DAV707049,,32004441-5670-7049-ad94-c940eea93a8e,,,
1997,ATL,OL,G,72,CUT,Scott Davis,Scott,Davis,1970-01-29,75,292,,00-0004050,,,,,,,,,,"https://static.www.nfl.com/image/private/f_auto,q_auto/league/kpnudnutjyqq5ieuv4st",DAV744459,,32004441-5674-4459-8ffd-b3579d2cd3a6,,,
1997,WAS,RB,RB,48,ACT,Stephen Davis,Stephen,Davis,1974-03-01,72,234,,00-0004052,,,,,,,,,,"https://static.www.nfl.com/image/private/f_auto,q_auto/league/mzhrluspnc3bpp2e9ruy",DAV751941,,32004441-5675-1941-5aab-1806442fb0b8,,,
1997,DEN,RB,RB,30,ACT,Terrell Davis,Terrell,Davis,1972-10-28,71,200,,00-0004054,,,,,,,,,,"https://static.www.nfl.com/image/private/f_auto,q_auto/league/smkzf1k9eeymmon7dzco",DAV766905,,32004441-5676-6905-2b47-c597d123aee3,,,
1997,JAX,DB,S,45,ACT,Travis Davis,Travis,Davis,1973-01-10,72,209,,00-0004059,,,,,,,,,,"https://static.www.nfl.com/image/private/f_auto,q_auto/league/eyd1jj1c8cozvl60osgj",DAV777753,,32004441-5677-7753-8905-e1d82aef4323,,,
1997,NO,RB,RB,28,ACT,Troy Davis,Troy,Davis,1975-09-14,67,191,,00-0004060,,,,,,,,,,"https://static.www.nfl.com/image/private/f_auto,q_auto/league/smqe3fz4fnjcbn8w5jeu",DAV780933,,32004441-5678-0933-169e-0c2b327cf397,,,
1997,SEA,WR,WR,83,ACT,Tyree Davis,Tyree,Davis,1970-09-23,69,175,,00-0004061,,,,,,,,,,"https://static.www.nfl.com/image/private/f_auto,q_auto/league/a1h2cnedne1uwtoghjdi",DAV781869,,32004441-5678-1869-93d7-3785160cf133,,,
1997,GB,TE,TE,81,ACT,Tyrone Davis,Tyrone,Davis,1972-06-30,76,255,,00-0004063,,,,,,,,,,"https://static.www.nfl.com/image/private/f_auto,q_auto/league/kjuq3p6bj8jbwcc52j2e",DAV783739,,32004441-5678-3739-36cc-bb44744a4d42,,,
1997,DAL,DB,DB,35,ACT,Wendell Davis,Wendell,Davis,1973-06-27,70,183,,00-0004067,,,,,,,,,,"https://static.www.nfl.com/image/private/f_auto,q_auto/league/tm5q6irv6stxqbolyozc",DAV791221,,32004441-5679-1221-896f-2e3ca8cc0554,,,
1997,TEN,WR,WR,84,ACT,Willie Davis,Willie,Davis,1967-10-10,72,181,,00-0004070,,,,,,,,,,"https://static.www.nfl.com/image/private/f_auto,q_auto/league/jg5pfp4lbm567houvlx2",DAV811797,,32004441-5681-1797-170f-3a2f9a501555,,,
1997,OAK,RB,RB,48,ACT,Jerone Davison,Jerone,Davison,1970-09-16,73,235,,00-0004072,,,,,,,,,,"https://static.www.nfl.com/image/private/f_auto,q_auto/league/ravinlbnb8idwsfdx8j9",DAV819279,,32004441-5681-9279-4e3e-84a76c0d1a03,,,
1997,PHI,DB,FS,20,ACT,Brian Dawkins,Brian,Dawkins,1973-10-13,71,190,,00-0004073,,,,,,,,,,"https://static.www.nfl.com/image/private/f_auto,q_auto/league/uer4z98pum4pancbyvnw",DAW041411,,32004441-5704-1411-7a01-b4072a96b22c,,,
1997,IND,WR,WR,87,ACT,Sean Dawkins,Sean,Dawkins,1971-02-03,76,215,,00-0004077,,,,,,,,,,"https://static.www.nfl.com/image/private/f_auto,q_auto/league/sgsfwpwyxftgqkaxg8rs",DAW202452,,32004441-5720-2452-e16f-4327f98e953d,,,
1997,PIT,OL,C,63,ACT,Dermontti Dawson,Dermontti,Dawson,1965-06-17,74,288,,00-0004085,,,,,,,,,,"https://static.www.nfl.com/image/private/f_auto,q_auto/league/d4n1bb6dn67wzrg2dfp8",DAW415288,,32004441-5741-5288-6e9a-ed6c8ab150ba,,,
1997,KC,WR,WR,80,ACT,Lake Dawson,Lake,Dawson,1972-01-02,74,200,,00-0004088,,,,,,,,,,"https://static.www.nfl.com/image/private/f_auto,q_auto/league/dza5qdogwu4ngtovlmtv",DAW612432,,32004441-5761-2432-ecd6-f2bdee1e89df,,,
1997,NYJ,DL,DE,78,ACT,Terry Day,Terry,Day,1974-09-18,76,280,,00-0004096,,,,,,,,,,"https://static.www.nfl.com/image/private/f_auto,q_auto/league/mzlcy3ptrzjqzmy3uiwq",DAY402540,,32004441-5940-2540-7a01-709f416c7057,,,
1997,SF,OL,OT,63,ACT,Derrick Deese,Derrick,Deese,1970-05-17,75,275,,00-0004128,,,,,,,,,,"https://static.www.nfl.com/image/private/f_auto,q_auto/league/dluxsjyxacnhhx6m4t12",DEE705650,,32004445-4570-5650-9788-a30e7ded8ec2,,,
1997,TEN,SPEC,K,3,ACT,Al Del Greco,Albert,Del Greco,1962-03-02,70,200,,00-0004147,,,,,,,,,,"https://static.www.nfl.com/image/private/f_auto,q_auto/league/u7rxuqu2qo0yc6i0syyo",DEL351395,,32004445-4c35-1395-c429-b9182e7e7bf5,,,
1997,GB,OL,C,67,ACT,Jeff Dellenbach,Jeffrey,Dellenbach,1963-02-14,78,300,,00-0004168,,,,,,,,,,"https://static.www.nfl.com/image/private/f_auto,q_auto/league/vyxcc2ivinhnoiwsqxu6",DEL447230,,32004445-4c44-7230-291e-928740b57fb4,,,
1997,MIN,TE,TE,85,ACT,Greg DeLong,Gregory,DeLong,1973-04-03,76,251,,00-0004172,,,,,,,,,,"https://static.www.nfl.com/image/private/f_auto,q_auto/league/rpqseejwrwvylk2fcmse",DEL563760,,32004445-4c56-3760-460e-03953ddc6ea1,,,
1997,JAX,OL,G,73,ACT,Brian DeMarco,Brian,DeMarco,1972-04-09,79,334,,00-0004180,,,,,,,,,,"https://static.www.nfl.com/image/private/f_auto,q_auto/league/ygpkgq6tew0nzconlh7m",DEM100244,,32004445-4d10-0244-46e8-ab1556fc3b9b,,,
1997,NE,OL,G,61,ACT,Damon Denson,Damon,Denson,1975-02-08,76,305,,00-0004201,,,,,,,,,,"https://static.www.nfl.com/image/private/f_auto,q_auto/league/netbbyz9zyerflo7oyxe",DEN584593,,32004445-4e58-4593-9c12-435c28e32608,,,
1997,PHI,DL,DE,95,ACT,Richard Dent,Richard,Dent,1960-12-13,77,265,,00-0004205,,,,,,,,,,"https://static.www.nfl.com/image/private/f_auto,q_auto/league/jfxk36oifu0wmpdxmxaw",DEN702790,,32004445-4e70-2790-b3e8-2fa66ae41f10,,,
1997,PHI,QB,QB,10,RES,Koy Detmer,Koy,Detmer,1973-07-05,73,180,,00-0004229,,,,,,,,,,"https://static.www.nfl.com/image/private/f_auto,q_auto/league/pelabyebeegnjnhnmv3n",DET302524,,32004445-5430-2524-941b-cafaffb7990a,,,
1997,PHI,QB,QB,14,ACT,Ty Detmer,Ty,Detmer,1967-10-30,72,194,,00-0004230,,,,,,,,,,"https://static.www.nfl.com/image/private/f_auto,q_auto/league/xfjfwb1uf3ubcey7rzwz",DET313774,,32004445-5431-3774-4e25-4f1adedf32e9,,,
1997,JAX,DB,CB,26,ACT,Kevin Devine,Kevin,Devine,1974-12-11,69,184,,00-0004237,,,,,,,,,,"https://static.www.nfl.com/image/private/f_auto,q_auto/league/idapdb9b5y1xufiw0bee",DEV221308,,32004445-5622-1308-611d-8d64afa95990,,,
1997,ARI,OL,C,62,ACT,Mike Devlin,Michael,Devlin,1969-11-16,74,318,,00-0004241,,,,,,,,,,"https://static.www.nfl.com/image/private/f_auto,q_auto/league/mklhq9pgsphzufje8esg",DEV722424,,32004445-5672-2424-d676-14372d58a721,,,
1997,ARI,OL,OT,64,ACT,James Dexter,James,Dexter,1973-03-03,79,319,,00-0004250,,,,,,,,,,"https://static.www.nfl.com/image/private/f_auto,q_auto/league/siq9jhl9k2goodvezau3",DEX622937,,32004445-5862-2937-5dab-a342467dcbd3,,,
1997,TB,OL,G,64,ACT,Jorge Diaz,Jorge,Diaz,1973-11-15,76,308,,00-0004256,,,,,,,,,,"https://static.www.nfl.com/image/private/f_auto,q_auto/league/rcr8vt6uqxanobv4yxjt",DIA713254,,32004449-4171-3254-eab8-008947ebdec7,,,
1997,DEN,OL,G,63,ACT,David Diaz-Infante,Gustavo,Diaz-Infante,1964-03-31,75,272,,00-0004257,,,,,,,,,,"https://static.www.nfl.com/image/private/f_auto,q_auto/league/ff7p3cxw3foemjjrlpu2",DIA726754,,32004449-4172-6754-9848-cc6824475369,,,
1997,TB,QB,QB,12,ACT,Trent Dilfer,Trent,Dilfer,1972-03-13,76,234,,00-0004293,,,,,,,,,,"https://static.www.nfl.com/image/private/f_auto,q_auto/league/ssbi0ektdltubjtxsbvv",DIL049692,,32004449-4c04-9692-11e1-88ec1642adf7,,,
1997,IND,TE,TE,85,ACT,Ken Dilger,Kenneth,Dilger,1971-02-02,77,250,,00-0004294,,,,,,,,,,"https://static.www.nfl.com/image/private/f_auto,q_auto/league/j1odrkjvw7dkzmf8nr28",DIL056791,,32004449-4c05-6791-2f1a-5ac4a2f1f87f,,,
1997,MIN,OL,G,76,RES,Scott Dill,Gerald,Dill,1966-04-05,77,294,,00-0004295,,,,,,,,,,"https://static.www.nfl.com/image/private/f_auto,q_auto/league/kcz5mglssudwgai8pwut",DIL092287,,32004449-4c09-2287-92f5-dc8972b4dd6c,,,
1997,CIN,RB,RB,28,ACT,Corey Dillon,Corey,Dillon,1974-10-24,73,220,,00-0004304,,,,,,,,,,"https://static.www.nfl.com/image/private/f_auto,q_auto/league/fkbrkwz0nztu20g3ljde",DIL255767,,32004449-4c25-5767-3a1d-51df79ea21a5,,,
1997,PHI,DB,CB,38,ACT,Charles Dimry,Charles,Dimry,1966-01-31,72,176,,00-0004318,,,,,,,,,,"https://static.www.nfl.com/image/private/f_auto,q_auto/league/frjo8zahuntwnjy8kprh",DIM726754,,32004449-4d72-6754-8ce7-dc10b21025e6,,,
1997,STL,LB,LB,53,CUT,Nate Dingle,Nathan,Dingle,1971-07-23,74,245,,00-0004323,,,,,,,,,,"https://static.www.nfl.com/image/private/f_auto,q_auto/league/qpymitrxakc3duaaljqm",DIN270110,,32004449-4e27-0110-49fd-4f10b88832de,,,
1997,ARI,OL,G,67,ACT,Chris Dishman,Christopher,Dishman,1974-02-27,75,320,,00-0004336,,,,,,,,,,"https://static.www.nfl.com/image/private/f_auto,q_auto/league/llogbfeqvfnidn5z65w6",DIS613185,,32004449-5361-3185-93c9-276644c924fb,,,
1997,WAS,DB,CB,26,ACT,Cris Dishman,Cris,Dishman,1965-08-13,72,195,,00-0004337,,,,,,,,,,"https://static.www.nfl.com/image/private/f_auto,q_auto/league/nagkdko7yzlsaj6lsrax",DIS622935,,32004449-5362-2935-abf4-1cb78a685da3,,,
1997,MIN,OL,G,71,ACT,David Dixon,David,Dixon,1969-01-05,77,352,,00-0004349,,,,,,,,,,"https://static.www.nfl.com/image/private/f_auto,q_auto/league/rt3ph0ssxpwjlqbqpsxr",DIX122457,,32004449-5812-2457-9a0f-56ef46c18443,,,
1997,NO,LB,LB,56,ACT,Ernest Dixon,Ernest,Dixon,1971-10-17,73,240,,00-0004351,,,,,,,,,,"https://static.www.nfl.com/image/private/f_auto,q_auto/league/shvi0v5auh1pfcqwflxt",DIX159727,,32004449-5815-9727-3b69-5302cde83df5,,,
1997,CIN,LB,OLB,51,ACT,Gerald Dixon,Gerald,Dixon,1969-06-20,75,250,,00-0004353,,,,,,,,,,"https://static.www.nfl.com/image/private/f_auto,q_auto/league/kkflbokzjdipmhgyeunl",DIX223618,,32004449-5822-3618-dc4c-12511acee317,,,
1997,NYJ,DL,NT,98,ACT,Ronnie Dixon,Ronnie,Dixon,1971-05-10,75,310,,00-0004366,,,,,,,,,,"https://static.www.nfl.com/image/private/f_auto,q_auto/league/nuvnag0kdgl9qp0s7rb3",DIX650160,,32004449-5865-0160-712d-27c75a9aacde,,,
1997,DEN,DB,DB,33,ACT,Dedrick Dodge,Dedrick,Dodge,1967-06-14,74,184,,00-0004380,,,,,,,,,,"https://static.www.nfl.com/image/private/f_auto,q_auto/league/armadlxtkkc9rzjd6iqo",DOD320232,,3200444f-4432-0232-f603-9f5a534c7535,,,
1997,IND,WR,WR,15,ACT,Chris Doering,Christopher,Doering,1973-05-19,76,195,,00-0004386,,,,,,,,,,"https://static.www.nfl.com/image/private/f_auto,q_auto/league/xtw1oboswuuwpij5onvk",DOE677964,,3200444f-4567-7964-6910-73c7dc30e7d5,,,
1997,TB,OL,C,65,ACT,Kevin Dogins,Kevin,Dogins,1972-12-07,73,295,,00-0004388,,,,,,,,,,"https://static.www.nfl.com/image/private/f_auto,q_auto/league/whlchns0onsrdyjpfu3s",DOG296636,,3200444f-4729-6636-6a44-20b3baeae4a4,,,
1997,SF,DL,DE,56,ACT,Chris Doleman,Christopher,Doleman,1961-10-16,77,275,,00-0004396,,,,,,,,,,"https://static.www.nfl.com/image/private/f_auto,q_auto/league/gqiibamun09e1tg065p9",DOL237308,,3200444f-4c23-7308-406c-f7cc4c25ec14,,,
1997,TEN,OL,G,77,ACT,Kevin Donnalley,Kevin,Donnalley,1968-06-10,77,305,,00-0004419,,,,,,,,,,"https://static.www.nfl.com/image/private/f_auto,q_auto/league/xxgffmxmj4mugmezaolv",DON483675,,3200444f-4e48-3675-5815-d521d7f1cca8,,,
1997,TEN,DB,DB,30,ACT,Anthony Dorsett,Anthony,Dorsett,1973-09-14,71,200,,00-0004440,,,,,,,,,,"https://static.www.nfl.com/image/private/f_auto,q_auto/league/odpv6aahnr8bsqyh7rat",DOR466824,,3200444f-5246-6824-4ac4-6c9141068121,,,
1997,KC,LB,LB,0,CUT,Tommy Dorsey,Tommy,Dorsey,1973-03-03,74,241,,00-0004449,,,,,,,,,,"https://static.www.nfl.com/image/private/f_auto,q_auto/league/qprrtjzzkmvccjfho7qa",DOR789915,,3200444f-5278-9915-4685-1d7a76a79ace,,,
1997,MIA,LB,LB,49,CUT,DeWayne Dotson,Jack,Dotson,1971-06-10,73,250,,00-0004454,,,,,,,,,,"https://static.www.nfl.com/image/private/f_auto,q_auto/league/dfittdtsek2glyqimm5s",DOT282486,,3200444f-5428-2486-6cc8-f8ba0365aebd,,,
1997,GB,OL,OT,72,ACT,Earl Dotson,Earl,Dotson,1970-12-17,76,315,,00-0004455,,,,,,,,,,"https://static.www.nfl.com/image/private/f_auto,q_auto/league/efgpdrtqamsrgsrmseen",DOT279361,,3200444f-5427-9361-7664-1253332ee030,,,
1997,GB,DL,DT,71,ACT,Santana Dotson,Santana,Dotson,1969-12-19,77,285,,00-0004456,,,,,,,,,,"https://static.www.nfl.com/image/private/f_auto,q_auto/league/suwthkwlabdis4snhg9a",DOT288111,,3200444f-5428-8111-19e0-5e9c7548df18,,,
1997,NYJ,DL,DE,99,ACT,Hugh Douglas,Hugh,Douglas,1971-08-23,74,266,,00-0004470,,,,,,,,,,"https://static.www.nfl.com/image/private/f_auto,q_auto/league/mwo4q3dfzulkpfitnpjp",DOU392212,,3200444f-5539-2212-3ca0-1f2323fda574,,,
1997,NYG,WR,WR,82,RES,Omar Douglas,Omar,Douglas,1972-06-03,70,170,,00-0004473,,,,,,,,,,"https://static.www.nfl.com/image/private/f_auto,q_auto/league/o4tiwqwvgqwllppaikv3",DOU578569,,3200444f-5557-8569-100f-3027fb87e30d,,,
1997,CIN,RB,RB,45,ACT,Ty Douthard,Talib,Douthard,1973-05-27,73,215,,00-0004479,,,,,,,,,,"https://static.www.nfl.com/image/private/f_auto,q_auto/league/nxzr3t72m1sakamrwkos",DOU783211,,3200444f-5578-3211-61d9-6729abbbfa9c,,,
1997,CHI,DB,DB,20,CUT,Corey Dowden,Corey,Dowden,1968-10-18,71,190,,00-0004486,,,,,,,,,,"https://static.www.nfl.com/image/private/f_auto,q_auto/league/ukm3oonzja9yzzh5nrob",DOW270483,,3200444f-5727-0483-33bd-6fc978c159d1,,,
1997,ATL,RB,RB,45,ACT,Gary Downs,Gary,Downs,1972-06-06,73,212,,00-0004495,,,,,,,,,,"https://static.www.nfl.com/image/private/f_auto,q_auto/league/qtzrxhtsegthoordmmcz",DOW680145,,3200444f-5768-0145-1db2-850234ba5dd7,,,
1997,ARI,DL,DE,76,RES,Jerry Drake,Jerry,Drake,1969-07-09,77,293,,00-0004514,,,,,,,,,,"https://static.www.nfl.com/image/private/f_auto,q_auto/league/mvqvwort2szm6gnvtxhz",DRA173324,,32004452-4117-3324-2c88-c798b58cdf33,,,
1997,PHI,OL,OT,75,ACT,Troy Drake,Troy,Drake,1972-05-15,78,305,,00-0004518,,,,,,,,,,"https://static.www.nfl.com/image/private/f_auto,q_auto/league/fep64thvx9dq996ewsno",DRA347851,,32004452-4134-7851-dd01-dbb68104e012,,,
1997,SF,DB,DB,22,ACT,Tyronne Drakeford,Tyronne,Drakeford,1971-06-21,71,185,,00-0004519,,,,,,,,,,"https://static.www.nfl.com/image/private/f_auto,q_auto/league/rt1hwlaw2bxep87u2rdv",DRA381898,,32004452-4138-1898-7ed5-f0af5d749cca,,,
1997,MIA,TE,TE,84,ACT,Troy Drayton,Troy,Drayton,1970-06-29,75,265,,00-0004524,,,,,,,,,,"https://static.www.nfl.com/image/private/f_auto,q_auto/league/jfnf25aqe7nvghvvj3hq",DRA659509,,32004452-4165-9509-cc22-d85e91e24077,,,
1997,NE,WR,WR,0,CUT,Michael Dritlein,Michael,Dritlein,1974-01-14,73,185,,00-0004540,,,,,,,,,,"https://static.www.nfl.com/image/private/f_auto,q_auto/league/gqbbqxrvb1nxry68hkjt",DRI484505,,32004452-4948-4505-867c-52fa3220b8c7,,,
1997,ATL,DL,DE,75,ACT,Shane Dronett,Carlton,Dronett,1971-01-12,78,288,,00-0004543,,,,,,,,,,"https://static.www.nfl.com/image/private/f_auto,q_auto/league/x6jymul0jhlwzs7yje0z",DRO207645,,32004452-4f20-7645-2a15-1bd8bde04825,,,
1997,SF,QB,QB,14,ACT,Jim Druckenmiller,James,Druckenmiller,1972-09-19,77,234,,00-0004546,,,,,,,,,,"https://static.www.nfl.com/image/private/f_auto,q_auto/league/bjmdhahfc3qcv7v9slat",DRU056791,,32004452-5505-6791-7707-733c7c9e1314,,,
1997,OAK,TE,TE,83,ACT,Rickey Dudley,Rickey,Dudley,1972-07-15,78,250,,00-0004574,,,,,,,,,,"https://static.www.nfl.com/image/private/f_auto,q_auto/league/lc4dsvmpz9iefv1tbzfg",DUD672376,,32004455-4467-2376-5bd6-f4781cb43678,,,
1997,NYJ,OL,C,62,ACT,Roger Duffy,Roger,Duffy,1967-07-16,75,305,,00-0004586,,,,,,,,,,"https://static.www.nfl.com/image/private/f_auto,q_auto/league/oovb0uero3gvtm38vrsf",DUF553722,,32004455-4655-3722-d141-83b7ac6d5ab8,,,
1997,CHI,RB,RB,38,ACT,Mike Dulaney,Michael,Dulaney,1970-09-09,72,245,,00-0004601,,,,,,,,,,"https://static.www.nfl.com/image/private/f_auto,q_auto/league/qbmsdwuratiheequqmpa",DUL221145,,32004455-4c22-1145-858c-e6e35752e015,,,
1997,SD,DB,FS,20,ACT,Mike Dumas,Michael,Dumas,1969-03-18,72,198,,00-0004609,,,,,,,,,,"https://static.www.nfl.com/image/private/f_auto,q_auto/league/iphiqynjs8f4fu4modku",DUM092286,,32004455-4d09-2286-628f-69f8ba544486,,,
1997,STL,LB,LB,54,ACT,Troy Dumas,Troy,Dumas,1972-09-30,75,242,,00-0004610,,,,,,,,,,"https://static.www.nfl.com/image/private/f_auto,q_auto/league/ilqdn9ebycwpmfl5wrcr",DUM104286,,32004455-4d10-4286-5196-848e0d8387ac,,,
1997,KC,LB,LB,55,TRC,Troy Dumas,Troy,Dumas,1972-09-30,75,242,,00-0004610,,,,,,,,,,"https://static.www.nfl.com/image/private/f_auto,q_auto/league/ilqdn9ebycwpmfl5wrcr",DUM104286,,32004455-4d10-4286-5196-848e0d8387ac,,,
1997,CIN,WR,WR,80,ACT,David Dunn,David,Dunn,1972-06-10,74,210,,00-0004634,,,,,,,,,,"https://static.www.nfl.com/image/private/f_auto,q_auto/league/bjv8dzqir9jvvk2uk9id",DUN530032,,32004455-4e53-0032-3f29-074915624765,,,
1997,PHI,TE,TE,87,ACT,Jason Dunn,Jason,Dunn,1973-11-15,76,260,,00-0004637,,,,,,,,,,"https://static.www.nfl.com/image/private/f_auto,q_auto/league/j2iitu0tnvtbg4ivprpj",DUN557353,,32004455-4e55-7353-b4b2-3513a7386c4a,,,
1997,TB,RB,RB,28,ACT,Warrick Dunn,Warrick,Dunn,1975-01-05,68,178,,00-0004640,,,,,,,,,,"https://static.www.nfl.com/image/private/f_auto,q_auto/league/g5mn0hydlozzo7cuasg8",DUN705495,,32004455-4e70-5495-f3e4-6dc7c4e368a2,,,
1997,STL,OL,OT,65,ACT,Ernest Dye,Ernest,Dye,1971-07-15,78,336,,00-0004678,,,,,,,,,,"https://static.www.nfl.com/image/private/f_auto,q_auto/league/vtea4x8eehsd5iwmubjz",DYE194145,,32004459-4519-4145-2d90-de47f80d4537,,,
1997,BUF,WR,WR,88,ACT,Quinn Early,Quinn,Early,1965-04-13,72,190,,00-0004705,,,,,,,,,,"https://static.www.nfl.com/image/private/f_auto,q_auto/league/rqhbkjnz0ey9rxfmdsfx",EAR461435,,32004541-5246-1435-bacd-3d87b6f2c87a,,,
1997,NE,DL,DT,90,ACT,Chad Eaton,Chad,Eaton,1972-04-06,77,300,,00-0004717,,,,,,,,,,"https://static.www.nfl.com/image/private/f_auto,q_auto/league/yhv90rj3hy0dyfaomiwr",EAT264860,,32004541-5426-4860-473e-729234b02639,,,
1997,ARI,WR,WR,83,ACT,Anthony Edwards,Anthony,Edwards,1966-05-26,70,195,,00-0004745,,,,,,,,,,"https://static.www.nfl.com/image/private/f_auto,q_auto/league/chltcquj2mhn8mfylrgc",EDW092286,,32004544-5709-2286-e460-be8fcf948a78,,,
1997,NYG,DL,DE,95,ACT,Antonio Edwards,Antonio,Edwards,1970-03-10,75,271,,00-0004746,,,,,,,,,,"https://static.www.nfl.com/image/private/f_auto,q_auto/league/dsbl99gvi8jgposiic0y",EDW100536,,32004544-5710-0536-698f-e082a15fb206,,,
1997,SEA,DL,DE,67,TRC,Antonio Edwards,Antonio,Edwards,1970-03-10,75,271,,00-0004746,,,,,,,,,,"https://static.www.nfl.com/image/private/f_auto,q_auto/league/dsbl99gvi8jgposiic0y",EDW100536,,32004544-5710-0536-698f-e082a15fb206,,,
1997,MIN,LB,OLB,59,ACT,Dixon Edwards,Dixon,Edwards,1968-03-25,73,228,,00-0004756,,,,,,,,,,"https://static.www.nfl.com/image/private/f_auto,q_auto/league/fyh8yh0yolbvwz0trqg9",EDW317370,,32004544-5731-7370-56b5-5e998c1f6313,,,
1997,KC,LB,ILB,59,ACT,Donnie Edwards,Donald,Edwards,1973-04-06,74,236,,00-0004757,,,,,,,,,,"https://static.www.nfl.com/image/private/f_auto,q_auto/league/ni3stsjft3xjzyz0d59e",EDW327120,,32004544-5732-7120-bca1-8c3aece77242,,,
1997,SF,RB,RB,44,ACT,Marc Edwards,Marc,Edwards,1974-11-17,72,236,,00-0004768,,,,,,,,,,"https://static.www.nfl.com/image/private/f_auto,q_auto/league/znwj9srxhjzvi7ni5ds1",EDW606990,,32004544-5760-6990-4155-5a39b2ee6e4c,,,
1997,DEN,SPEC,K,1,ACT,Jason Elam,Jason,Elam,1970-03-08,71,192,,00-0004811,,,,,,,,,,"https://static.www.nfl.com/image/private/f_auto,q_auto/league/psqpnvgzgpxykmmuwoq5",ELA548409,,3200454c-4154-8409-2b92-de20a874147f,,,
1997,WAS,WR,WR,85,ACT,Henry Ellard,Henry,Ellard,1961-07-21,71,188,,00-0004830,,,,,,,,,,"https://static.www.nfl.com/image/private/f_auto,q_auto/league/xvtbquqavblewrdgj4fn",ELL021297,,3200454c-4c02-1297-f648-4f2b5a61e34d,,,
1997,NYJ,OL,OT,76,RES,Jumbo Elliott,John,Elliott,1965-04-01,79,308,,00-0004836,,,,,,,,,,"https://static.www.nfl.com/image/private/f_auto,q_auto/league/go6sn6kbvhfcajcoyvhi",ELL319455,,3200454c-4c31-9455-1202-e686bc3d0212,,,
1997,CAR,OL,G,52,ACT,Matt Elliott,Eric,Elliott,1968-10-01,75,295,,00-0004840,,,,,,,,,,"https://static.www.nfl.com/image/private/f_auto,q_auto/league/nksyywndlwgpxmvqofhz",ELL280410,,3200454c-4c28-0410-f2b4-23702f76a1fe,,,
1997,NE,OL,OT,66,ACT,Ed Ellis,Edward,Ellis,1975-10-13,79,340,,00-0004848,,,,,,,,,,"https://static.www.nfl.com/image/private/f_auto,q_auto/league/ikabinvvjxj9qm9323fg",ELL464383,,3200454c-4c46-4383-5b3c-1c1c020f20d9,,,
1997,TB,RB,RB,37,ACT,Jerry Ellison,Jerry,Ellison,1971-12-20,70,207,,00-0004871,,,,,,,,,,"https://static.www.nfl.com/image/private/f_auto,q_auto/league/j5veavwqnduezweborrh",ELL692152,,3200454c-4c69-2152-d897-39c6f24be6f6,,,
1997,DET,DL,DT,94,ACT,Luther Elliss,Luther,Elliss,1973-03-22,77,291,,00-0004874,,,,,,,,,,"https://static.www.nfl.com/image/private/f_auto,q_auto/league/xrie8zca2tekv4f6rocs",ELL756043,,3200454c-4c75-6043-b92c-f4f560eff7df,,,
1997,NYG,DB,DB,43,ACT,Percy Ellsworth,Percy,Ellsworth,1974-10-19,74,220,,00-0004875,,,,,,,,,,"https://static.www.nfl.com/image/private/f_auto,q_auto/league/h6lud7spmzyhscgl277j",ELL798637,,3200454c-4c79-8637-d034-901ab9ce6d90,,,
1997,BAL,OL,G,61,CUT,John Elmore,John,Elmore,1973-03-02,75,293,,00-0004879,,,,,,,,,,"https://static.www.nfl.com/image/private/f_auto,q_auto/league/zkfoucwkyflq9seugikw",ELM564972,,3200454c-4d56-4972-f763-e90069d02fb2,,,
1997,DEN,QB,QB,7,ACT,John Elway,John,Elway,1960-06-28,75,215,,00-0004884,,,,,,,,,,"https://static.www.nfl.com/image/private/f_auto,q_auto/league/qt8ysjlaemnfczfe9ffl",ELW276861,,3200454c-5727-6861-b2e7-376d564dfa2e,,,
1997,ATL,WR,WR,87,ACT,Bert Emanuel,Bert,Emanuel,1970-10-26,70,180,,00-0004888,,,,,,,,,,"https://static.www.nfl.com/image/private/f_auto,q_auto/league/lc3z0qk31ezffm2zex2w",EMA405343,,3200454d-4140-5343-a20f-92233ab5e769,,,
1997,PHI,DB,DB,47,RES,Charles Emanuel,Charles,Emanuel,1973-06-03,72,196,,00-0004889,,,,,,,,,,"https://static.www.nfl.com/image/private/f_auto,q_auto/league/nryx3ktexpynaouuq3ug",EMA405895,,3200454d-4140-5895-4429-c2d1e1aedf37,,,
1997,MIN,DB,DB,47,TRD,Charles Emanuel,Charles,Emanuel,1973-06-03,72,196,,00-0004889,,,,,,,,,,"https://static.www.nfl.com/image/private/f_auto,q_auto/league/nryx3ktexpynaouuq3ug",EMA405895,,3200454d-4140-5895-4429-c2d1e1aedf37,,,
1997,PIT,LB,LB,51,ACT,Carlos Emmons,Carlos,Emmons,1973-09-03,77,246,,00-0004901,,,,,,,,,,"https://static.www.nfl.com/image/private/f_auto,q_auto/league/crgxtdyfi24c3nvncqup",EMM404041,,3200454d-4d40-4041-6e70-01063cce53da,,,
1997,WAS,DL,DE,79,ACT,Steve Emtman,Steven,Emtman,1970-04-16,76,290,,00-0004903,,,,,,,,,,"https://static.www.nfl.com/image/private/f_auto,q_auto/league/oztceeco9rxjg18nmnpe",EMT415291,,3200454d-5441-5291-a4e7-9edeaa9f8143,,,
1997,SD,OL,C,60,ACT,Greg Engel,Gregory,Engel,1971-01-18,75,285,,00-0004906,,,,,,,,,,"https://static.www.nfl.com/image/private/f_auto,q_auto/league/pisoxfips7gl7hbop1r9",ENG154116,,3200454e-4715-4116-7330-b32d704112db,,,
1997,TEN,DL,DE,94,ACT,Eric England,Eric,England,1971-04-25,75,283,,00-0004907,,,,,,,,,,"https://static.www.nfl.com/image/private/f_auto,q_auto/league/gfabteihrpb3edm8upff",ENG401790,,3200454e-4740-1790-8c91-743c1a7147c2,,,
1997,NYG,OL,C,69,ACT,Derek Engler,Derek,Engler,1974-07-11,77,300,,00-0004909,,,,,,,,,,"https://static.www.nfl.com/image/private/f_auto,q_auto/league/qwrwkokuzuygdhvpajsd",ENG408540,,3200454e-4740-8540-1464-1c96a1ff7d44,,,
1997,CHI,WR,WR,81,ACT,Bobby Engram,Simon,Engram,1973-01-07,70,192,,00-0004915,,,,,,,,,,"https://static.www.nfl.com/image/private/f_auto,q_auto/league/u18aupjv3gtlivfcnkyv",ENG735656,,3200454e-4773-5656-5602-f65399daac35,,,
1997,MIA,QB,QB,7,ACT,Craig Erickson,Craig,Erickson,1969-05-17,74,210,,00-0004925,,,,,,,,,,"https://static.www.nfl.com/image/private/f_auto,q_auto/league/im5vivd8jjrofw9iwswn",ERI112822,,32004552-4911-2822-9e26-be6f347719db,,,
1997,CIN,QB,QB,7,ACT,Boomer Esiason,Norman,Esiason,1961-04-17,77,224,,00-0004937,,,,,,,,,,"https://static.www.nfl.com/image/private/f_auto,q_auto/league/afg59qxfnusj3ebuqwyv",ESI415291,,32004553-4941-5291-d7e5-a90da4c94750,,,
1997,BAL,WR,WR,85,RES,Ray Ethridge,Raymond,Ethridge,1968-12-12,70,180,,00-0004959,,,,,,,,,,"https://static.www.nfl.com/image/private/f_auto,q_auto/league/rpa85ujxxvbgpdcxjgkh",ETH563472,,32004554-4856-3472-5bce-7f152fe41eba,,,
1997,MIN,RB,FB,29,ACT,Chuck Evans,Charles,Evans,1967-04-16,73,244,,00-0004972,,,,,,,,,,"https://static.www.nfl.com/image/private/f_auto,q_auto/league/lxxtq0fznknbc8htkm96",EVA094239,,32004556-4109-4239-664a-e95c143bea6b,,,
1997,GB,DB,CB,33,ACT,Doug Evans,Douglas,Evans,1970-05-13,73,190,,00-0004978,,,,,,,,,,"https://static.www.nfl.com/image/private/f_auto,q_auto/league/nfbciz3wpjybcwc2piyj",EVA158815,,32004556-4115-8815-4c54-d8e99d4c0706,,,
1997,TEN,DL,DT,91,ACT,Josh Evans,Mijoshki,Evans,1972-09-06,74,283,,00-0004989,,,,,,,,,,"https://static.www.nfl.com/image/private/f_auto,q_auto/league/k1qywfs4tmcnw287hnzx",EVA544434,,32004556-4154-4434-7642-50ceb5eb5444,,,
1997,WAS,DB,DB,35,ACT,Leomont Evans,Leomont,Evans,1974-07-12,73,202,,00-0004993,,,,,,,,,,"https://static.www.nfl.com/image/private/f_auto,q_auto/league/kb94jnzjkntgkzxyjmbu",EVA464858,,32004556-4146-4858-192a-cc00a230bab4,,,
1997,SD,QB,QB,11,RES,Jim Everett,James,Everett,1963-01-03,77,212,,00-0005015,,,,,,,,,,"https://static.www.nfl.com/image/private/f_auto,q_auto/league/rxrnntjfowvwavdlfhrq",EVE237308,,32004556-4523-7308-47b4-935f61476696,,,
1997,PHI,OL,C,61,ACT,Steve Everitt,Steven,Everitt,1970-08-21,77,290,,00-0005020,,,,,,,,,,"https://static.www.nfl.com/image/private/f_auto,q_auto/league/omxfzencmfzy6dgkowmx",EVE508517,,32004556-4550-8517-a740-2eec758215ee,,,
1997,SF,TE,TE,86,ACT,Chad Fann,Chad,Fann,1970-06-07,75,250,,00-0005060,,,,,,,,,,"https://static.www.nfl.com/image/private/f_auto,q_auto/league/csacz8wtnfiu94mikjtb",FAN124930,,32004641-4e12-4930-5151-fa52f118f58a,,,
1997,PHI,LB,OLB,55,ACT,Ray Farmer,Harvey,Farmer,1974-07-01,75,225,,00-0005070,,,,,,,,,,"https://static.www.nfl.com/image/private/f_auto,q_auto/league/jf8eqfbodirpm7hcaay2",FAR308320,,32004641-5230-8320-85b8-e6fa918ef4a2,,,
1997,NO,TE,TE,87,ACT,John Farquhar,John,Farquhar,1972-03-22,78,278,,00-0005073,,,,,,,,,,"https://static.www.nfl.com/image/private/f_auto,q_auto/league/mgy5dtocgciwxksvoxbf",FAR437940,,32004641-5243-7940-fde6-ef060edc1d9e,,,
1997,STL,DL,DT,75,ACT,D'Marco Farr,D'Marco,Farr,1971-06-09,73,280,,00-0005074,,,,,,,,,,"https://static.www.nfl.com/image/private/f_auto,q_auto/league/nlkpab2zqjivuapfyvcf",FAR440457,,32004641-5244-0457-cdcc-822d5fb54b99,,,
1997,NYJ,LB,OLB,58,ACT,James Farrior,James,Farrior,1975-01-06,74,240,,00-0005082,,,,,,,,,,"https://static.www.nfl.com/image/private/f_auto,q_auto/league/e1snpx7u4x2unff9vosl",FAR709765,,32004641-5270-9765-9ecd-f536c6ba8abe,,,
1997,IND,RB,RB,28,ACT,Marshall Faulk,Marshall,Faulk,1973-02-26,70,211,,00-0005092,,,,,,,,,,"https://static.www.nfl.com/image/private/f_auto,q_auto/league/ker7p0exticomqhcbtjt",FAU138264,,32004641-5513-8264-5585-49996fee909b,,,
1997,OAK,DL,DE,95,ACT,Ta'ase Faumui,Ta'ase,Faumui,1971-03-19,75,278,,00-0005097,,,,,,,,,,"https://static.www.nfl.com/image/private/f_auto,q_auto/league/ckspnqp2s6q4asbjqucc",FAU391035,,32004641-5539-1035-3111-3eea7affa7ed,,,
1997,SEA,TE,TE,86,ACT,Christian Fauria,Christian,Fauria,1971-09-22,76,245,,00-0005101,,,,,,,,,,"https://static.www.nfl.com/image/private/f_auto,q_auto/league/evp2lv6ovuvqn30yjkxy",FAU439542,,32004641-5543-9542-eb1b-6fe092f40be9,,,
1997,GB,QB,QB,4,ACT,Brett Favre,Brett,Favre,1969-10-10,74,225,,00-0005106,,,,,,,,,,"https://static.www.nfl.com/image/private/f_auto,q_auto/league/m3sggjgdqlp4jqpxktvr",FAV540222,,32004641-5654-0222-99cf-751115fb00cb,,,
1997,ARI,SPEC,P,10,ACT,Jeff Feagles,Jeffrey,Feagles,1966-03-07,73,208,,00-0005113,,,,,,,,,,"https://static.www.nfl.com/image/private/f_auto,q_auto/league/ypoocygzfeucbr8sqat0",FEA207645,,32004645-4120-7645-e4e2-23d46bf06e49,,,
1997,OAK,RB,RB,34,RES,Derrick Fenner,Derrick,Fenner,1967-04-06,71,240,,00-0005141,,,,,,,,,,"https://static.www.nfl.com/image/private/f_auto,q_auto/league/etk6faa44g9k7quaphhz",FEN553720,,32004645-4e55-3720-c3d7-90872c089928,,,
1997,NYJ,DL,DT,72,ACT,Jason Ferguson,Jason,Ferguson,1974-11-28,75,300,,00-0005150,,,,,,,,,,"https://static.www.nfl.com/image/private/f_auto,q_auto/league/gyga3xfpkllxpgcib8s4",FER162060,,32004645-5216-2060-ec42-a45bc9746a28,,,
1997,NO,DL,DT,96,RES,Luke Fickell,Luke,Fickell,1973-08-18,76,264,,00-0005178,,,,,,,,,,"https://static.www.nfl.com/image/private/f_auto,q_auto/league/qlifhjuzooy3we30fz9a",FIC655721,,32004649-4365-5721-c87f-3f6bf3145b1f,,,
1997,NO,LB,OLB,55,ACT,Mark Fields,Mark,Fields,1972-11-09,74,244,,00-0005202,,,,,,,,,,"https://static.www.nfl.com/image/private/f_auto,q_auto/league/tskf2hzz2qxprsmyqadd",FIE777942,,32004649-4577-7942-d6b7-cb9cf2e7fdcd,,,
1997,JAX,DB,CB,27,ACT,Deon Figures,Deon,Figures,1970-01-20,72,197,,00-0005210,,,,,,,,,,"https://static.www.nfl.com/image/private/f_auto,q_auto/league/rxdlfe3fx1hrorohur5w",FIG702801,,32004649-4770-2801-2a41-211ac517044f,,,
1997,BUF,OL,OT,70,ACT,John Fina,John,Fina,1969-03-11,76,285,,00-0005217,,,,,,,,,,"https://static.www.nfl.com/image/private/f_auto,q_auto/league/c1zsdqvhb1q1sj4qqsag",FIN029663,,32004649-4e02-9663-ff3e-6204b33c48ff,,,
1997,NYJ,LB,LB,51,ACT,Matt Finkes,Matthew,Finkes,1975-02-15,75,272,,00-0005227,,,,,,,,,,"https://static.www.nfl.com/image/private/f_auto,q_auto/league/ij7k9d6wzmcahgznhzfc",FIN252920,,32004649-4e25-2920-113a-698c10344a52,,,
1997,SF,OL,OT,74,RES,Dave Fiore,David,Fiore,1974-08-10,76,275,,00-0005234,,,,,,,,,,"https://static.www.nfl.com/image/private/f_auto,q_auto/league/bifwetgpiznq3piw9fl9",FIO264111,,32004649-4f26-4111-f487-59433f251679,,,
1997,MIN,DL,NT,72,ACT,Jason Fisk,Jason,Fisk,1972-09-04,75,291,,00-0005263,,,,,,,,,,"https://static.www.nfl.com/image/private/f_auto,q_auto/league/ojhgc7xawr2p9yhmsrk7",FIS699168,,32004649-5369-9168-1285-34672e615778,,,
1997,BUF,TE,TE,48,RES,Pat Fitzgerald,Pat,Fitzgerald,1974-12-04,74,238,,00-0005274,,,,,,,,,,"https://static.www.nfl.com/image/private/f_auto,q_auto/league/cmhmnfmppajln3nzfckv",FIT475449,,32004649-5447-5449-52bd-94319d76e5be,,,
1997,GB,OL,C,58,PUP,Mike Flanagan,Michael,Flanagan,1973-11-10,77,290,,00-0005293,,,,,,,,,,"https://static.www.nfl.com/image/private/f_auto,q_auto/league/ksywy5wi8dwvnta8ibji",FLA475850,,3200464c-4147-5850-745b-13b91ea0ef97,,,
1997,CHI,DL,DT,99,ACT,Jim Flanigan,James,Flanigan,1971-08-27,74,286,,00-0005296,,,,,,,,,,"https://static.www.nfl.com/image/private/f_auto,q_auto/league/m0rivrmtdadmozamyitg",FLA580021,,3200464c-4158-0021-b675-6b298a555eaf,,,
1997,DAL,OL,G,63,ACT,John Flannery,John,Flannery,1969-01-13,76,304,,00-0005298,,,,,,,,,,"https://static.www.nfl.com/image/private/f_auto,q_auto/league/q3hepujsspubdyygwnzz",FLA610182,,3200464c-4161-0182-ef88-20e4c0d883df,,,
1997,SD,RB,RB,41,RES,Terrell Fletcher,Terrell,Fletcher,1973-09-14,68,196,,00-0005324,,,,,,,,,,"https://static.www.nfl.com/image/private/f_auto,q_auto/league/wjujd10uh6t0jbybbaek",FLE726755,,3200464c-4572-6755-bc90-6e247a460e3b,,,
1997,PIT,DB,DB,41,ACT,Lee Flowers,Lethon,Flowers,1973-01-14,72,213,,00-0005346,,,,,,,,,,"https://static.www.nfl.com/image/private/f_auto,q_auto/league/gdiiyvqnljonxhlnoxpe",FLO444811,,3200464c-4f44-4811-60cf-1cd4150278a3,,,
1997,TEN,WR,WR,83,TRC,Malcolm Floyd,Malcolm,Floyd,1972-12-19,72,194,,00-0005355,,,,,,,,,,"https://static.www.nfl.com/image/private/f_auto,q_auto/league/iwbluc5pqxmzw3wn3xjy",FLO761356,,3200464c-4f76-1356-7726-d470c3d1bb43,,,
1997,STL,WR,WR,82,RES,Malcolm Floyd,Malcolm,Floyd,1972-12-19,72,194,,00-0005355,,,,,,,,,,"https://static.www.nfl.com/image/private/f_auto,q_auto/league/iwbluc5pqxmzw3wn3xjy",FLO761356,,3200464c-4f76-1356-7726-d470c3d1bb43,,,
1997,SF,RB,FB,40,ACT,William Floyd,William,Floyd,1972-02-17,73,242,,00-0005361,,,,,,,,,,"https://static.www.nfl.com/image/private/f_auto,q_auto/league/fihsrgr2kjmrjt8qgyef",FLO803020,,3200464c-4f80-3020-5cf4-38d4c5c45542,,,
1997,BAL,OL,G,70,ACT,Mike Flynn,Michael,Flynn,1974-06-15,75,295,,00-0005366,,,,,,,,,,"https://static.www.nfl.com/image/private/f_auto,q_auto/league/reopsuzg12lypecl4ns7",FLY498348,,3200464c-5949-8348-c3a7-24cf010e88a6,,,
1997,PHI,LB,LB,52,ACT,DeShawn Fogle,DeShawn,Fogle,1975-04-01,73,220,,00-0005374,,,,,,,,,,"https://static.www.nfl.com/image/private/f_auto,q_auto/league/nbmn39zhsqxiyx9zndk3",FOG397627,,3200464f-4739-7627-83b5-311f455903e1,,,
1997,BAL,OL,OT,71,ACT,Spencer Folau,Spencer,Folau,1973-04-05,77,300,,00-0005377,,,,,,,,,,"https://static.www.nfl.com/image/private/f_auto,q_auto/league/x8muueqfxwxv9l3rzzfu",FOL021296,,3200464f-4c02-1296-73c6-9defb34f5108,,,
1997,NYJ,QB,QB,4,ACT,Glenn Foley,Glenn,Foley,1970-10-10,74,210,,00-0005379,,,,,,,,,,"https://static.www.nfl.com/image/private/f_auto,q_auto/league/mmg3wmyt52x7nvtkdbvy",FOL095836,,3200464f-4c09-5836-36ec-f9ae48773765,,,
1997,OAK,LB,OLB,55,ACT,James Folston,James,Folston,1971-08-14,75,235,,00-0005392,,,,,,,,,,"https://static.www.nfl.com/image/private/f_auto,q_auto/league/kfbbo3zfffgtzrcaz3zw",FOL652410,,3200464f-4c65-2410-73ea-4e6f7865a5a8,,,
1997,IND,DL,DE,99,ACT,Albert Fontenot,Albert,Fontenot,1970-09-17,76,287,,00-0005395,,,,,,,,,,"https://static.www.nfl.com/image/private/f_auto,q_auto/league/dygldxezzx2uttv1sqm4",FON197520,,3200464f-4e19-7520-a115-3cab100b4d68,,,
1997,NO,OL,C,62,ACT,Jerry Fontenot,Jerry,Fontenot,1966-11-21,75,300,,00-0005399,,,,,,,,,,"https://static.www.nfl.com/image/private/f_auto,q_auto/league/ueo2vybh32z1xqravsst",FON415290,,3200464f-4e41-5290-9d23-709096c922b6,,,
1997,IND,DL,DE,98,ACT,Dan Footman,Daniel,Footman,1969-01-13,77,290,,00-0005403,,,,,,,,,,"https://static.www.nfl.com/image/private/f_auto,q_auto/league/gb70settjinjrvw9hrdg",FOO440791,,3200464f-4f44-0791-830e-9b1ce67a1da0,,,
1997,CHI,DB,DB,46,ACT,Marlon Forbes,Marlon,Forbes,1971-12-25,73,205,,00-0005405,,,,,,,,,,"https://static.www.nfl.com/image/private/f_auto,q_auto/league/izknqayw7gsfh9adgzwx",FOR015101,,3200464f-5201-5101-e79c-7c69ee27f292,,,
1997,DET,DB,DB,44,CUT,Brad Ford,Brad,Ford,1974-01-11,70,170,,00-0005409,,,,,,,,,,"https://static.www.nfl.com/image/private/f_auto,q_auto/league/yodye7dtvbspt1sckks3",FOR062338,,3200464f-5206-2338-b708-8700fac5fc00,,,
1997,OAK,SPEC,K,5,ACT,Cole Ford,Cole,Ford,1972-12-31,74,210,,00-0005412,,,,,,,,,,"https://static.www.nfl.com/image/private/f_auto,q_auto/league/f4nicpj60oedww6oqagx",FOR104870,,3200464f-5210-4870-d323-53add8b022eb,,,
1997,PHI,DB,DB,46,RES,Fred Ford,Frederick,Ford,1973-01-02,75,198,,00-0005415,,,,,,,,,,"https://static.www.nfl.com/image/private/f_auto,q_auto/league/draafwz4rwf3wjgouxk3",FOR125470,,3200464f-5212-5470-1425-2237dd01e4bd,,,
1997,TEN,DL,DT,92,ACT,Henry Ford,Henry,Ford,1971-10-30,75,284,,00-0005417,,,,,,,,,,"https://static.www.nfl.com/image/private/f_auto,q_auto/league/jsflbwgeatumzfdgb9zj",FOR175808,,3200464f-5217-5808-8146-d18a561d23f9,,,
1997,JAX,OL,OT,78,ACT,Todd Fordham,Lindsey,Fordham,1973-10-09,77,302,,00-0005432,,,,,,,,,,"https://static.www.nfl.com/image/private/f_auto,q_auto/league/y8bu7lphwm5pysivkvn7",FOR388035,,3200464f-5238-8035-c4c7-90f092e3d205,,,
1997,ATL,OL,C,65,ACT,Roman Fortin,Roman,Fortin,1967-02-26,77,297,,00-0005446,,,,,,,,,,"https://static.www.nfl.com/image/private/f_auto,q_auto/league/qspnhlx0y2mj7v0tqnri",FOR666978,,3200464f-5266-6978-1971-6b18374aca4c,,,
1997,ATL,DL,DE,53,ACT,Jamal Fountaine,Jamal,Fountaine,1971-01-29,75,240,,00-0005470,,,,,,,,,,"https://static.www.nfl.com/image/private/f_auto,q_auto/league/gliev7z96khdx5oeqlu2",FOU184573,,3200464f-5518-4573-db1c-1d81342e674e,,,
1997,CAR,DL,DE,93,ACT,Mike Fox,Michael,Fox,1967-08-05,80,295,,00-0005489,,,,,,,,,,"https://static.www.nfl.com/image/private/f_auto,q_auto/league/r8sydw9ba8pmelgtav55",FOX237308,,3200464f-5823-7308-82f6-33c3f2ed2799,,,
1997,CIN,LB,OLB,50,ACT,James Francis,James,Francis,1968-08-04,77,252,,00-0005504,,,,,,,,,,"https://static.www.nfl.com/image/private/f_auto,q_auto/league/pk98aqp3wmicemmxpl1a",FRA118647,,32004652-4111-8647-17ff-8664b1c73524,,,
1997,GB,DL,DE,97,ACT,Paul Frase,Paul,Frase,1965-05-06,77,267,,00-0005546,,,,,,,,,,"https://static.www.nfl.com/image/private/f_auto,q_auto/league/pmbi3gbqukqcceqd6ft8",FRA659150,,32004652-4165-9150-c5af-6d0791a1abeb,,,
1997,BAL,DL,DE,94,ACT,Mike Frederick,Thomas,Frederick,1972-08-06,77,280,,00-0005558,,,,,,,,,,"https://static.www.nfl.com/image/private/f_auto,q_auto/league/kjihenqc7ls0nip1rima",FRE055143,,32004652-4505-5143-8265-0f81cc979dc3,,,
1997,OAK,LB,OLB,53,ACT,Rob Fredrickson,Robert,Fredrickson,1971-05-13,76,240,,00-0005560,,,,,,,,,,"https://static.www.nfl.com/image/private/f_auto,q_auto/league/n9nanfiu3efrhzvkxpkc",FRE105786,,32004652-4510-5786-66c8-9208c1a9b658,,,
1997,GB,WR,WR,86,ACT,Antonio Freeman,Antonio,Freeman,1972-05-27,73,194,,00-0005562,,,,,,,,,,"https://static.www.nfl.com/image/private/f_auto,q_auto/league/k13f45sxomyljubafc1d",FRE163572,,32004652-4516-3572-17a6-cf6bdfab9b37,,,
1997,WAS,QB,QB,12,RES,Gus Frerotte,Gustave,Frerotte,1971-07-31,75,240,,00-0005589,,,,,,,,,,"https://static.www.nfl.com/image/private/f_auto,q_auto/league/arjzgtjgdzfjcsvwqkej",FRE682395,,32004652-4568-2395-3e8d-d9ba13a29933,,,
1997,SEA,QB,QB,17,ACT,John Friesz,John,Friesz,1967-05-19,76,219,,00-0005600,,,,,,,,,,"https://static.www.nfl.com/image/private/f_auto,q_auto/league/ckh8mav1rdt0khwbufyj",FRI395510,,32004652-4939-5510-713c-b421a37d6bdf,,,
1997,WAS,TE,TE,80,ACT,David Frisch,David,Frisch,1970-06-22,79,260,,00-0005601,,,,,,,,,,"https://static.www.nfl.com/image/private/f_auto,q_auto/league/eumwjam5fc5ucaa8tnwc",FRI432424,,32004652-4943-2424-5512-f460328a51a5,,,
1997,PHI,WR,WR,80,ACT,Irving Fryar,Irving,Fryar,1962-09-28,72,200,,00-0005616,,,,,,,,,,"https://static.www.nfl.com/image/private/f_auto,q_auto/league/f1cetjfdapgnqaeonxzy",FRY369148,,32004652-5936-9148-ba45-62efe4663112,,,
1997,MIN,DB,CB,27,ACT,Corey Fuller,Corey,Fuller,1971-05-01,70,205,,00-0005627,,,,,,,,,,"https://static.www.nfl.com/image/private/f_auto,q_auto/league/sawlzzidwfcqu23jhd9i",FUL176616,,32004655-4c17-6616-fc62-755c763db2f7,,,
1997,PIT,DB,DB,29,ACT,Randy Fuller,Randy,Fuller,1970-06-02,70,185,,00-0005635,,,,,,,,,,"https://static.www.nfl.com/image/private/f_auto,q_auto/league/qozgdtpf2cdvnb66fy1z",FUL449897,,32004655-4c44-9897-281f-5d0153ca15ee,,,
1997,SD,DL,DE,95,ACT,William Fuller,William,Fuller,1962-03-08,75,280,,00-0005639,,,,,,,,,,"https://static.www.nfl.com/image/private/f_auto,q_auto/league/mccltbvra1wfn9rcnpwn",FUL498348,,32004655-4c49-8348-4979-8555a3c8c681,,,
1997,STL,QB,QB,9,ACT,Will Furrer,William,Furrer,1968-02-05,75,215,,00-0005656,,,,,,,,,,"https://static.www.nfl.com/image/private/f_auto,q_auto/league/j6s3wtystta5cogq4r3r",FUR631240,,32004655-5263-1240-b1e7-2f047c151d9d,,,
1997,WAS,DL,DT,95,ACT,William Gaines,William,Gaines,1971-06-20,77,318,,00-0005694,,,,,,,,,,"https://static.www.nfl.com/image/private/f_auto,q_auto/league/vzrdyay9zvznrdhf4zcs",GAI521628,,32004741-4952-1628-3c6e-cc23bfc3420f,,,
1997,NE,WR,WR,17,ACT,Tony Gaiter,Tony,Gaiter,1974-07-15,68,169,,00-0005696,,,,,,,,,,"https://static.www.nfl.com/image/private/f_auto,q_auto/league/oclsrlq8uo9ykraist8s",GAI744192,,32004741-4974-4192-fff8-0f00bfcdcf40,,,
1997,DAL,TE,TE,81,ACT,Scott Galbraith,Alan,Galbraith,1967-01-07,74,255,,00-0005701,,,,,,,,,,"https://static.www.nfl.com/image/private/f_auto,q_auto/league/xsouytbemfb1sdbo86jk",GAL087428,,32004741-4c08-7428-dcc4-6ea2d79221bc,,,
1997,SEA,WR,WR,82,ACT,Joey Galloway,Joseph,Galloway,1971-11-20,71,188,,00-0005720,,,,,,,,,,"https://static.www.nfl.com/image/private/f_auto,q_auto/league/pfioccpzeifhnunjtdy2",GAL752888,,32004741-4c75-2888-2534-f926e3c8de76,,,
1997,BUF,WR,WR,82,ACT,Mitchell Galloway,Mitchell,Galloway,1974-10-08,68,178,,00-0005721,,,,,,,,,,"https://static.www.nfl.com/image/private/f_auto,q_auto/league/rlrjsnizhzmo6croegtk",GAL762638,,32004741-4c76-2638-bcb6-5b4662ba3d06,,,
1997,NYG,LB,LB,52,ACT,Scott Galyon,Gregory,Galyon,1974-03-23,74,245,,00-0005723,,,,,,,,,,"https://static.www.nfl.com/image/private/f_auto,q_auto/league/hrthx0afyjo0wa34ockq",GAL813091,,32004741-4c81-3091-54d8-f69609699b4e,,,
1997,DEN,WR,WR,82,CUT,David Gamble,David,Gamble,1971-06-04,73,190,,00-0005727,,,,,,,,,,"https://static.www.nfl.com/image/private/f_auto,q_auto/league/o2dfi8zeugwrw5tdokpj",GAM227464,,32004741-4d22-7464-76d3-015820da0143,,,
1997,NO,OL,C,60,ACT,Kendall Gammon,Kendall,Gammon,1968-10-23,76,288,,00-0005732,,,,,,,,,,"https://static.www.nfl.com/image/private/f_auto,q_auto/league/d5v5naevtv9p4nhs4cxh",GAM764134,,32004741-4d76-4134-970f-f68b96bd103e,,,
1997,STL,OL,OT,70,ACT,Wayne Gandy,Wayne,Gandy,1971-02-10,77,310,,00-0005736,,,,,,,,,,"https://static.www.nfl.com/image/private/f_auto,q_auto/league/dtfzyy2yeft8jgju2n1i",GAN132154,,32004741-4e13-2154-c200-bcec211a394d,,,
1997,KC,QB,QB,12,ACT,Rich Gannon,Richard,Gannon,1965-12-20,75,210,,00-0005741,,,,,,,,,,"https://static.www.nfl.com/image/private/f_auto,q_auto/league/wy2haknzelfdpaxh0pig",GAN296635,,32004741-4e29-6635-5bed-79d7939ff1f3,,,
1997,TB,DB,SAF,29,ACT,Kenneth Gant,Kenneth,Gant,1967-04-18,71,215,,00-0005745,,,,,,,,,,"https://static.www.nfl.com/image/private/f_auto,q_auto/league/dyj26yocto3jmu93kbpx",GAN533943,,32004741-4e53-3943-2167-297ba6f4da45,,,
1997,CAR,OL,C,65,ACT,Frank Garcia,Frank,Garcia,1972-01-28,74,295,,00-0005753,,,,,,,,,,"https://static.www.nfl.com/image/private/f_auto,q_auto/league/oifddp05rrlxphquae8y",GAR085105,,32004741-5208-5105-fbde-d66bcd0c7c9b,,,
1997,MIA,DL,DT,92,ACT,Daryl Gardener,Daryl,Gardener,1973-02-25,78,315,,00-0005760,,,,,,,,,,"https://static.www.nfl.com/image/private/f_auto,q_auto/league/wk6fekxe6mf5oyxmxwph",GAR133203,,32004741-5213-3203-c984-6bf791fa008d,,,
1997,SD,RB,RB,35,CUT,Carwell Gardner,Carwell,Gardner,1966-11-27,74,240,,00-0005764,,,,,,,,,,"https://static.www.nfl.com/image/private/f_auto,q_auto/league/d6mefzqvbqnyqderapkr",GAR156710,,32004741-5215-6710-2947-dee6fa5b995d,,,
1997,IND,SPEC,P,17,ACT,Chris Gardocki,Christopher,Gardocki,1970-02-07,73,200,,00-0005771,,,,,,,,,,"https://static.www.nfl.com/image/private/f_auto,q_auto/league/kcmjgepucpdyxqjy8r1j",GAR211558,,32004741-5221-1558-be02-366640354ca6,,,
1997,PHI,RB,RB,30,ACT,Charlie Garner,Charles,Garner,1972-02-13,69,187,,00-0005779,,,,,,,,,,"https://static.www.nfl.com/image/private/f_auto,q_auto/league/i6vgoizxzlnf1ecxnzbq",GAR274242,,32004741-5227-4242-521a-ec9b9c57ee37,,,
1997,NYG,DB,S,20,ACT,Sam Garnes,Samuel,Garnes,1974-07-12,75,220,,00-0005785,,,,,,,,,,"https://static.www.nfl.com/image/private/f_auto,q_auto/league/rr9posgvpcae0zgw9tbf",GAR333008,,32004741-5233-3008-685d-7b30c1c49e29,,,
1997,DAL,QB,QB,17,ACT,Jason Garrett,Jason,Garrett,1966-03-28,74,195,,00-0005794,,,,,,,,,,"https://static.www.nfl.com/image/private/f_auto,q_auto/league/dgrr8txfkt9xv2fjte8g",GAR446623,,32004741-5244-6623-92d2-a8735d7c1cf8,,,
1997,NE,RB,RB,33,ACT,Sam Gash,Samuel,Gash,1969-03-07,72,235,,00-0005822,,,,,,,,,,"https://static.www.nfl.com/image/private/f_auto,q_auto/league/pguoym85xaq8uwimu14m",GAS153366,,32004741-5315-3366-4b8e-fdb02836f04f,,,
1997,CAR,LB,LB,55,ACT,Percell Gaskins,Percell,Gaskins,1972-04-25,72,230,,00-0005824,,,,,,,,,,"https://static.www.nfl.com/image/private/f_auto,q_auto/league/jtonolfxhy9yq0imores",GAS228409,,32004741-5322-8409-3918-eeca1bc07855,,,
1997,DEN,DL,DE,79,RES,Jumpy Geathers,James,Geathers,1960-06-26,79,283,,00-0005857,,,,,,,,,,"https://static.www.nfl.com/image/private/f_auto,q_auto/league/dqcwsinkbhoiwb9cllza",GEA415291,,32004745-4141-5291-a11f-bc67500623a5,,,
1997,ARI,TE,TE,84,ACT,Chris Gedney,Christopher,Gedney,1970-08-09,77,250,,00-0005860,,,,,,,,,,"https://static.www.nfl.com/image/private/f_auto,q_auto/league/fawt4mqabakxxzhjo6dz",GED637767,,32004745-4463-7767-766a-c5121baa95f7,,,
1997,TEN,RB,RB,27,ACT,Eddie George,Edward,George,1973-09-24,75,238,,00-0005883,,,,,,,,,,"https://static.www.nfl.com/image/private/f_auto,q_auto/league/htepvetwtvjnl3viu9af",GEO098287,,32004745-4f09-8287-631f-400f952f639b,,,
1997,OAK,QB,QB,3,ACT,Jeff George,Jeffrey,George,1967-12-08,76,215,,00-0005885,,,,,,,,,,"https://static.www.nfl.com/image/private/f_auto,q_auto/league/uabmi177yp8gxi5rjgsz",GEO276861,,32004745-4f27-6861-51a3-488268d13ae0,,,
1997,MIN,LB,LB,55,ACT,Ron George,Ronald,George,1970-03-20,74,242,,00-0005890,,,,,,,,,,"https://static.www.nfl.com/image/private/f_auto,q_auto/league/vstbi8iumfb4skh2ai1z",GEO471935,,32004745-4f47-1935-7ae2-da5c66c71f70,,,
1997,TEN,RB,RB,35,ACT,Spencer George,Spencer,George,1973-10-28,69,202,,00-0005891,,,,,,,,,,"https://static.www.nfl.com/image/private/f_auto,q_auto/league/xbmowoatzvwbqltwtouy",GEO543222,,32004745-4f54-3222-2628-6fde69fb0d61,,,
1997,STL,OL,G,66,ACT,John Gerak,John,Gerak,1970-01-06,75,300,,00-0005894,,,,,,,,,,"https://static.www.nfl.com/image/private/f_auto,q_auto/league/uwvsbthcedu0yq0mcftg",GER055371,,32004745-5205-5371-3fc0-a1ce43bc10c0,,,
1997,PIT,DL,DT,98,ACT,Oliver Gibson,Oliver,Gibson,1972-03-15,74,298,,00-0005939,,,,,,,,,,"https://static.www.nfl.com/image/private/f_auto,q_auto/league/eh6ysnf8lmltbzs4pwzx",GIB707523,,32004749-4270-7523-3d70-c917a08f08b1,,,
1997,WAS,DL,DT,94,NWT,Sean Gilbert,Sean,Gilbert,1970-04-10,77,315,,00-0005962,,,,,,,,,,"https://static.www.nfl.com/image/private/f_auto,q_auto/league/mgnmjvpegeb0elh07qqy",GIL126525,,32004749-4c12-6525-2c0d-f05abaab922e,,,
1997,PIT,LB,OLB,92,ACT,Jason Gildon,Jason,Gildon,1972-07-31,75,245,,00-0005967,,,,,,,,,,"https://static.www.nfl.com/image/private/f_auto,q_auto/league/yigpbh3tpseg3a7orez5",GIL258152,,32004749-4c25-8152-15d1-06b9578c1ca9,,,
1997,CIN,DB,DB,30,ACT,Cory Gilliard,Cory,Gilliard,1974-10-10,72,210,,00-0005990,,,,,,,,,,"https://static.www.nfl.com/image/private/f_auto,q_auto/league/k6cipwr68i74izcqwmcy",GIL566718,,32004749-4c56-6718-6ca1-fe07addfc45e,,,
1997,NE,OL,C,67,ACT,Mike Gisler,Michael,Gisler,1969-08-26,76,300,,00-0006009,,,,,,,,,,"https://static.www.nfl.com/image/private/f_auto,q_auto/league/tzd5xi3b8y1unabhue8p",GIS269938,,32004749-5326-9938-da43-0ec6b41d67c2,,,
1997,NYJ,DB,CB,31,ACT,Aaron Glenn,Aaron,Glenn,1972-07-16,69,185,,00-0006034,,,,,,,,,,"https://static.www.nfl.com/image/private/f_auto,q_auto/league/iy9kejgttnjveyt4dkbu",GLE126430,,3200474c-4512-6430-eee9-da3b42c95ace,,,
1997,IND,OL,G,78,ACT,Tarik Glenn,Tarik,Glenn,1976-05-25,77,335,,00-0006042,,,,,,,,,,"https://static.www.nfl.com/image/private/f_auto,q_auto/league/qmvkyn0paxamyr1za6xv",GLE378870,,3200474c-4537-8870-1f95-3d3bf1091001,,,
1997,NE,WR,WR,88,ACT,Terry Glenn,Terry,Glenn,1974-07-23,71,185,,00-0006043,,,,,,,,,,"https://static.www.nfl.com/image/private/f_auto,q_auto/league/uaafdatd9hccayjfwh1e",GLE390120,,3200474c-4539-0120-466d-90638a249e44,,,
1997,MIN,TE,TE,82,ACT,Andrew Glover,Andrew,Glover,1967-08-12,78,245,,00-0006047,,,,,,,,,,"https://static.www.nfl.com/image/private/f_auto,q_auto/league/oqp41bj93zjllmudwfrf",GLO404040,,3200474c-4f40-4040-2cd3-b129b23d89ca,,,
1997,DET,OL,C,53,ACT,Kevin Glover,Kevin,Glover,1963-06-17,74,282,,00-0006050,,,,,,,,,,"https://static.www.nfl.com/image/private/f_auto,q_auto/league/waev3hnfyvybz1kdmfhf",GLO553720,,3200474c-4f55-3720-ed06-3d9fe51b5ca7,,,
1997,NO,DL,DT,97,ACT,La'Roi Glover,La'Roi,Glover,1974-07-04,74,285,,00-0006051,,,,,,,,,,"https://static.www.nfl.com/image/private/f_auto,q_auto/league/wwyiwzmd5lr7wropehos",GLO573495,,3200474c-4f57-3495-d40f-7c3887d1f291,,,
1997,DAL,LB,OLB,56,ACT,Randall Godfrey,Randall,Godfrey,1973-04-06,74,237,,00-0006063,,,,,,,,,,"https://static.www.nfl.com/image/private/f_auto,q_auto/league/nr90d4ub5xgldbiklaqk",GOD425790,,3200474f-4442-5790-26a1-f0b496875baf,,,
1997,BAL,OL,G,62,RES,Leo Goeas,Leo,Goeas,1966-08-15,76,300,,00-0006064,,,,,,,,,,"https://static.www.nfl.com/image/private/f_auto,q_auto/league/wanycjhy0y3lr2c4zjdg",GOE118654,,3200474f-4511-8654-5bf9-5c4cfdf5ec66,,,
1997,SF,OL,G,66,ACT,Kevin Gogan,Kevin,Gogan,1964-11-02,79,330,,00-0006078,,,,,,,,,,"https://static.www.nfl.com/image/private/f_auto,q_auto/league/bwzqaiksazjgt8pimxmy",GOG207645,,3200474f-4720-7645-cc0f-546f34f00436,,,
1997,KC,TE,TE,88,ACT,Tony Gonzalez,Anthony,Gonzalez,1976-02-27,76,244,,00-0006101,1231,382154cf-7cc6-494c-8426-9f78aa4c4b90,,721,237,GonzTo00,,,,"https://static.www.nfl.com/image/private/f_auto,q_auto/league/enbspvy0ahsyznomitre",GON587645,,3200474f-4e58-7645-6a3b-551f0c43b0ae,,,
1997,TB,LB,OLB,50,ACT,Jeff Gooch,Jeffrey,Gooch,1974-10-31,71,224,,00-0006103,,,,,,,,,,"https://static.www.nfl.com/image/private/f_auto,q_auto/league/xggr0znva9ioylg10frl",GOO018456,,3200474f-4f01-8456-dbf2-e09496a0a815,,,
1997,MIN,TE,TE,87,ACT,Hunter Goodwin,Robert,Goodwin,1972-10-10,77,274,,00-0006133,,,,,,,,,,"https://static.www.nfl.com/image/private/f_auto,q_auto/league/pmle58qdbscn4lowa3w5",GOO706201,,3200474f-4f70-6201-50c3-948db2c2d234,,,
1997,DEN,DB,CB,23,ACT,Darrien Gordon,Darrien,Gordon,1970-11-14,71,182,,00-0006148,,,,,,,,,,"https://static.www.nfl.com/image/private/f_auto,q_auto/league/lpgrasgfiatbl3b23xcf",GOR097836,,3200474f-5209-7836-d4cf-9cb0707040b8,,,
1997,NYJ,LB,ILB,54,ACT,Dwayne Gordon,Dwayne,Gordon,1969-11-02,73,240,,00-0006149,,,,,,,,,,"https://static.www.nfl.com/image/private/f_auto,q_auto/league/z1pci91xliyawwllhb6l",GOR118836,,3200474f-5211-8836-80b9-137d9c662bf5,,,
1997,SF,OL,C,59,CUT,Steve Gordon,Steve,Gordon,1969-04-15,75,288,,00-0006159,,,,,,,,,,"https://static.www.nfl.com/image/private/f_auto,q_auto/league/d0rtjqpy1pc8xx3yliun",GOR379176,,3200474f-5237-9176-81d7-b2a778390136,,,
1997,SD,LB,ILB,54,RES,Kurt Gouveia,Kurt,Gouveia,1964-09-14,73,240,,00-0006178,,,,,,,,,,"https://static.www.nfl.com/image/private/f_auto,q_auto/league/ptctf7fv5zmfugabwzim",GOU415291,,3200474f-5541-5291-5817-3d8f120fe031,,,
1997,DAL,SPEC,P,4,ACT,Toby Gowin,Toby,Gowin,1975-03-30,70,167,,00-0006181,,,,,,,,,,"https://static.www.nfl.com/image/private/f_auto,q_auto/league/ukark6j4u1rouit89frg",GOW505572,,3200474f-5750-5572-cd7a-4deaed28e6b6,,,
1997,NYG,OL,OT,74,ACT,Scott Gragg,Christopher,Gragg,1972-02-28,80,316,,00-0006196,,,,,,,,,,"https://static.www.nfl.com/image/private/f_auto,q_auto/league/onoqijporkmfdpvvwuji",GRA109779,,32004752-4110-9779-9f6f-3d18a218bda7,,,
1997,ARI,OL,C,54,ACT,Aaron Graham,Aaron,Graham,1973-05-22,76,293,,00-0006197,,,,,,,,,,"https://static.www.nfl.com/image/private/f_auto,q_auto/league/okitedtvlxgog1phvgdm",GRA112165,,32004752-4111-2165-d65d-09ad7d4ee256,,,
1997,SEA,OL,G,77,ACT,Derrick Graham,Dettrice,Graham,1967-03-18,76,315,,00-0006204,,,,,,,,,,"https://static.www.nfl.com/image/private/f_auto,q_auto/league/x3ajjcmf3f6vp53kstlf",GRA171828,,32004752-4117-1828-9eaf-b39655dbbd2e,,,
1997,BAL,RB,RB,34,ACT,Jay Graham,Herman,Graham,1975-07-14,71,220,,00-0006208,,,,,,,,,,"https://static.www.nfl.com/image/private/f_auto,q_auto/league/ga4dqm5zux4yrqyts2ik",GRA198079,,32004752-4119-8079-b86b-3cf0ab389196,,,
1997,NYJ,WR,WR,81,ACT,Jeff Graham,Jeffrey,Graham,1969-02-14,74,206,,00-0006210,,,,,,,,,,"https://static.www.nfl.com/image/private/f_auto,q_auto/league/mqzq4wjc9gvcgexxi6pj",GRA207028,,32004752-4120-7028-3d70-093b94b9d681,,,
1997,ARI,QB,QB,11,ACT,Kent Graham,Kent,Graham,1968-11-01,77,246,,00-0006212,,,,,,,,,,"https://static.www.nfl.com/image/private/f_auto,q_auto/league/vz3a1vly64t07tpjtqx0",GRA207625,,32004752-4120-7625-3486-508856a6335c,,,
1997,CIN,RB,RB,41,RES,Scottie Graham,James,Graham,1969-03-28,69,217,,00-0006220,,,,,,,,,,"https://static.www.nfl.com/image/private/f_auto,q_auto/league/p2m4if0zg08ylho1jrqp",GRA202665,,32004752-4120-2665-4ffd-4a78d6b0f4eb,,,
1997,IND,LB,MLB,59,ACT,Steve Grant,Stephen,Grant,1969-12-23,72,244,,00-0006245,,,,,,,,,,"https://static.www.nfl.com/image/private/f_auto,q_auto/league/xqophe03fjyrzjqvqfn3",GRA498301,,32004752-4149-8301-8322-7510fafff77b,,,
1997,CIN,LB,ILB,91,ACT,Billy Granville,William,Granville,1974-03-11,75,252,,00-0006250,,,,,,,,,,"https://static.www.nfl.com/image/private/f_auto,q_auto/league/putfzo9tisenqzmguodt",GRA530996,,32004752-4153-0996-8168-795c18805707,,,
1997,CHI,DL,DT,93,ACT,Paul Grasmanis,Paul,Grasmanis,1974-08-02,74,298,,00-0006251,,,,,,,,,,"https://static.www.nfl.com/image/private/f_auto,q_auto/league/uu9svqsehz5vngt37qna",GRA532985,,32004752-4153-2985-f0e3-f1d91f42967d,,,
1997,IND,DB,CB,26,ACT,Carlton Gray,Carlton,Gray,1971-06-26,72,200,,00-0006265,,,,,,,,,,"https://static.www.nfl.com/image/private/f_auto,q_auto/league/h6cndrldpaprh3igdand",GRA606171,,32004752-4160-6171-7a0d-2fac85d542dc,,,
1997,CHI,OL,G,62,ACT,Chris Gray,Christopher,Gray,1970-06-19,76,296,,00-0006268,,,,,,,,,,"https://static.www.nfl.com/image/private/f_auto,q_auto/league/jztlihtoidyrqqwq2ze0",GRA615717,,32004752-4161-5717-fa56-08cc4394a4bc,,,
1997,IND,DB,DB,30,ACT,Derwin Gray,Derwin,Gray,1971-04-09,71,210,,00-0006270,,,,,,,,,,"https://static.www.nfl.com/image/private/f_auto,q_auto/league/blae97hldirwxpygydfb",GRA644355,,32004752-4164-4355-20cd-6ac9b6de3df7,,,
1997,PHI,RB,RB,28,ACT,Mel Gray,Melvin,Gray,1961-03-16,69,171,,00-0006282,,,,,,,,,,"https://static.www.nfl.com/image/private/f_auto,q_auto/league/rfuw3dh4aah4l4eeuubp",GRA749361,,32004752-4174-9361-3510-1507808da593,,,
1997,TEN,RB,RB,21,TRC,Mel Gray,Melvin,Gray,1961-03-16,69,171,,00-0006282,,,,,,,,,,"https://static.www.nfl.com/image/private/f_auto,q_auto/league/rfuw3dh4aah4l4eeuubp",GRA749361,,32004752-4174-9361-3510-1507808da593,,,
1997,SEA,RB,RB,32,CUT,Oscar Gray,Oscar,Gray,1972-09-25,73,255,,00-0006285,,,,,,,,,,"https://static.www.nfl.com/image/private/f_auto,q_auto/league/euv3i4q41gvq41a45bck",GRA760498,,32004752-4176-0498-7fc4-40470779bc8b,,,
1997,MIN,DB,FS,23,ACT,Torrian Gray,Torrian,Gray,1974-03-18,72,200,,00-0006292,,,,,,,,,,"https://static.www.nfl.com/image/private/f_auto,q_auto/league/mmrujwjbtylikfjlnmhn",GRA788738,,32004752-4178-8738-80f3-130b3f3d0783,,,
1997,ATL,QB,QB,13,ACT,Tony Graziani,Anthony,Graziani,1973-12-23,74,195,,00-0006299,,,,,,,,,,"https://static.www.nfl.com/image/private/f_auto,q_auto/league/huodkz48bw6qpl3rgmeb",GRA827270,,32004752-4182-7270-3c66-3edc1ef26318,,,
1997,KC,QB,QB,11,ACT,Elvis Grbac,Elvis,Grbac,1970-08-13,77,232,,00-0006300,,,,,,,,,,"https://static.www.nfl.com/image/private/f_auto,q_auto/league/s4ry52iclpzzgg1aave6",GRB059326,,32004752-4205-9326-9fe8-deefcf9b4605,,,
1997,CAR,OL,C,60,ACT,Bucky Greeley,Paul,Greeley,1972-07-30,74,285,,00-0006303,,,,,,,,,,"https://static.www.nfl.com/image/private/f_auto,q_auto/league/nfurjjfug4ked3fuiznb",GRE033411,,32004752-4503-3411-1ae5-03f5a2941982,,,
1997,WAS,DB,CB,28,ACT,Darrell Green,Darrell,Green,1960-02-15,68,184,,00-0006316,,,,,,,,,,"https://static.www.nfl.com/image/private/f_auto,q_auto/league/cwcts1c4ok7r03ssniua",GRE152736,,32004752-4515-2736-107e-fa289c286924,,,
1997,BAL,TE,TE,86,ACT,Eric Green,Bernard,Green,1967-06-22,77,285,,00-0006324,,,,,,,,,,"https://static.www.nfl.com/image/private/f_auto,q_auto/league/pq08efgj1t149rtjoizt",GRE085914,,32004752-4508-5914-656d-ed8865500266,,,
1997,ATL,RB,RB,21,ACT,Harold Green,Harold,Green,1968-01-29,74,222,,00-0006328,,,,,,,,,,"https://static.www.nfl.com/image/private/f_auto,q_auto/league/lm765ei5zkdi01vq1cxm",GRE219558,,32004752-4521-9558-97a1-011c390fc62b,,,
1997,MIN,RB,RB,32,ACT,Robert Green,Robert,Green,1970-09-10,68,212,,00-0006346,,,,,,,,,,"https://static.www.nfl.com/image/private/f_auto,q_auto/league/zw3esao0rt6tdweibw6l",GRE332200,,32004752-4533-2200-1ed3-e0a3a8f34a2a,,,
1997,WAS,QB,QB,10,ACT,Trent Green,Trent,Green,1970-07-09,75,215,,00-0006355,,,,,,,,,,"https://static.www.nfl.com/image/private/f_auto,q_auto/league/pwsxlc2rah1aqy1tnbsb",GRE367521,,32004752-4536-7521-181e-86f69396db17,,,
1997,NYJ,DB,S,21,ACT,Victor Green,Victor,Green,1969-12-08,71,205,,00-0006356,,,,,,,,,,"https://static.www.nfl.com/image/private/f_auto,q_auto/league/icbakbwocujuheg0akez",GRE377067,,32004752-4537-7067-c2e2-208b789444fa,,,
1997,DEN,WR,WR,85,ACT,Willie Green,Willie,Green,1966-04-02,76,180,,00-0006358,,,,,,,,,,"https://static.www.nfl.com/image/private/f_auto,q_auto/league/b0445ohjd3n1cqdqgpcz",GRE386613,,32004752-4538-6613-87c5-b0251e955f68,,,
1997,MIA,WR,WR,87,RES,Yatil Green,Yatil,Green,1973-11-25,74,199,,00-0006359,,,,,,,,,,"https://static.www.nfl.com/image/private/f_auto,q_auto/league/yoi88e77guflemfjj11f",GRE396159,,32004752-4539-6159-e2ef-59cdf4856253,,,
1997,SF,DL,DE,91,ACT,Kevin Greene,Kevin,Greene,1962-07-31,75,247,,00-0006373,,,,,,,,,,"https://static.www.nfl.com/image/private/f_auto,q_auto/league/nwdcpjkal7ye5lew1wts",GRE486846,,32004752-4548-6846-4bac-0fb747d5fc9d,,,
1997,CAR,RB,FB,43,ACT,Scott Greene,Scott,Greene,1972-06-01,70,225,,00-0006380,,,,,,,,,,"https://static.www.nfl.com/image/private/f_auto,q_auto/league/zyjgdlck1hekjohx68y0",GRE504574,,32004752-4550-4574-8b15-6329bfb5e007,,,
1997,NO,DB,CB,38,ACT,Donovan Greer,Donovan,Greer,1974-09-11,69,178,,00-0006395,,,,,,,,,,"https://static.www.nfl.com/image/private/f_auto,q_auto/league/jxifdvyk6ixudgezmnpb",GRE650491,,32004752-4565-0491-58a5-3ca2abaaa813,,,
1997,ATL,DB,CB,38,TRT,Donovan Greer,Donovan,Greer,1974-09-11,69,178,,00-0006395,,,,,,,,,,"https://static.www.nfl.com/image/private/f_auto,q_auto/league/jxifdvyk6ixudgezmnpb",GRE650491,,32004752-4565-0491-58a5-3ca2abaaa813,,,
1997,NE,RB,RB,35,ACT,Marrio Grier,Marrio,Grier,1971-12-05,70,229,,00-0006421,,,,,,,,,,"https://static.www.nfl.com/image/private/f_auto,q_auto/league/ei4v8aj3ev0spwiyyjl3",GRI012976,,32004752-4901-2976-8b3f-14a1b9795ba8,,,
1997,DEN,RB,FB,29,ACT,Howard Griffith,Howard,Griffith,1967-11-17,72,226,,00-0006456,,,,,,,,,,"https://static.www.nfl.com/image/private/f_auto,q_auto/league/pdlcmruxpeaz8jausch1",GRI439086,,32004752-4943-9086-3901-cf20fbff1bb3,,,
1997,JAX,TE,TE,85,ACT,Rich Griffith,Richard,Griffith,1969-07-31,77,230,,00-0006458,,,,,,,,,,"https://static.www.nfl.com/image/private/f_auto,q_auto/league/fzk9zrhy62dxudhghrtj",GRI444024,,32004752-4944-4024-f9d4-b60075e746e9,,,
1997,MIN,DB,S,24,ACT,Robert Griffith,Robert,Griffith,1970-11-30,71,189,,00-0006459,,,,,,,,,,"https://static.www.nfl.com/image/private/f_auto,q_auto/league/mgxxpzvauryexjhku7ee",GRI448524,,32004752-4944-8524-abaf-14125a6e0c20,,,
1997,IND,RB,RB,33,ACT,Clif Groce,Clifton,Groce,1972-07-30,71,245,,00-0006482,,,,,,,,,,"https://static.www.nfl.com/image/private/f_auto,q_auto/league/b9tuknosag4lebyuqtgy",GRO025753,,32004752-4f02-5753-cdd3-9347fb4b289e,,,
1997,TB,OL,OT,74,ACT,Paul Gruber,Paul,Gruber,1965-02-24,77,292,,00-0006508,,,,,,,,,,"https://static.www.nfl.com/image/private/f_auto,q_auto/league/ummmw7vk4qohm27ruvju",GRU369148,,32004752-5536-9148-9188-46762bef71bb,,,
1997,KC,OL,C,61,ACT,Tim Grunhard,Timothy,Grunhard,1968-05-17,74,307,,00-0006513,,,,,,,,,,"https://static.www.nfl.com/image/private/f_auto,q_auto/league/knhptvitloa4f18cnbmz",GRU646009,,32004752-5564-6009-11b9-06e3d9c26177,,,
1997,STL,OL,C,60,ACT,Mike Gruttadauria,Michael,Gruttadauria,1972-12-06,75,297,,00-0006516,,,,,,,,,,"https://static.www.nfl.com/image/private/f_auto,q_auto/league/nmd3xqkmflrv00u7cfre",GRU771855,,32004752-5577-1855-8929-c500dcb2c370,,,
1997,NO,WR,WR,84,ACT,Eric Guliford,Eric,Guliford,1969-10-25,68,165,,00-0006536,,,,,,,,,,"https://static.www.nfl.com/image/private/f_auto,q_auto/league/vh5iwwicesy3clknqq7x",GUL221145,,32004755-4c22-1145-3986-f8d1ad2e7dae,,,
1997,CIN,OL,C,62,ACT,Brock Gutierrez,James,Gutierrez,1973-09-25,75,300,,00-0006562,,,,,,,,,,"https://static.www.nfl.com/image/private/f_auto,q_auto/league/ntfewam2qzfs6dkeon8b",GUT323003,,32004755-5432-3003-6067-c5c229283036,,,
1997,ARI,OL,OT,71,ACT,Thomas Guynes,Thomas,Guynes,1974-09-09,77,300,,00-0006566,,,,,,,,,,"https://static.www.nfl.com/image/private/f_auto,q_auto/league/eteishvjd1ewqiwzylzq",GUY640731,,32004755-5964-0731-3140-994381127d8e,,,
1997,DEN,OL,G,75,ACT,Brian Habib,Brian,Habib,1964-12-02,79,299,,00-0006577,,,,,,,,,,"https://static.www.nfl.com/image/private/f_auto,q_auto/league/t8vxmqjyd1nkboriedix",HAB415291,,32004841-4241-5291-e29e-515e78479f62,,,
1997,STL,LB,LB,57,ACT,Britt Hager,Britt,Hager,1966-02-20,73,242,,00-0006603,,,,,,,,,,"https://static.www.nfl.com/image/private/f_auto,q_auto/league/wc46gnwcix7qssedqq28",HAG341999,,32004841-4734-1999-11a9-dd260589677b,,,
1997,NYJ,OL,OT,77,ACT,Jay Hagood,Jay,Hagood,1973-08-09,77,306,,00-0006607,,,,,,,,,,"https://static.www.nfl.com/image/private/f_auto,q_auto/league/ek9ktkzhlmbvircotzjw",HAG721605,,32004841-4772-1605-3f27-2e6b5b33153f,,,
1997,TEN,DL,DT,93,RES,Mike Halapin,Richard,Halapin,1973-07-01,77,294,,00-0006628,,,,,,,,,,"https://static.www.nfl.com/image/private/f_auto,q_auto/league/x3fysd62asm5htyog57q",HAL008287,,32004841-4c00-8287-7948-b65d23ac08fb,,,
1997,NYJ,SPEC,K,9,ACT,John Hall,John,Hall,1974-03-17,75,222,,00-0006662,,,,,,,,,,"https://static.www.nfl.com/image/private/f_auto,q_auto/league/gjoorvt0bijl04qrklmd",HAL364425,,32004841-4c36-4425-ce30-30695283148a,,,
1997,TEN,LB,LB,51,ACT,Lemanski Hall,Lemanski,Hall,1970-11-24,72,229,,00-0006668,,,,,,,,,,"https://static.www.nfl.com/image/private/f_auto,q_auto/league/zjmcceoqblgnq7mo6lbs",HAL432225,,32004841-4c43-2225-8230-b2aabeab30dd,,,
1997,PHI,DL,DT,97,ACT,Rhett Hall,Rhett,Hall,1968-12-05,74,276,,00-0006676,,,,,,,,,,"https://static.www.nfl.com/image/private/f_auto,q_auto/league/p0e68qf2leogylhcxhko",HAL500025,,32004841-4c50-0025-10fd-960c50ab7182,,,
1997,OAK,RB,RB,45,ACT,Tim Hall,Timothy,Hall,1974-02-15,71,218,,00-0006681,,,,,,,,,,"https://static.www.nfl.com/image/private/f_auto,q_auto/league/y3jxrhtr9fcdmxl730kl",HAL543247,,32004841-4c54-3247-76fa-f419584ad5cf,,,
1997,ATL,DL,DT,98,ACT,Travis Hall,Travis,Hall,1972-08-03,77,288,,00-0006684,,,,,,,,,,"https://static.www.nfl.com/image/private/f_auto,q_auto/league/pmn0mbfpk5grt42gxxeh",HAL550875,,32004841-4c55-0875-ae7e-11839406b07a,,,
1997,JAX,RB,FB,49,ACT,Ty Hallock,Ty,Hallock,1971-04-30,74,256,,00-0006692,,,,,,,,,,"https://static.www.nfl.com/image/private/f_auto,q_auto/league/zl6mlfofayl7kbpmljir",HAL652575,,32004841-4c65-2575-9b68-0d865fc5bd7e,,,
1997,NYJ,DL,DE,92,ACT,Bobby Hamilton,Bobby,Hamilton,1971-07-01,77,280,,00-0006708,,,,,,,,,,"https://static.www.nfl.com/image/private/f_auto,q_auto/league/htkdwxuq21zp83upwuro",HAM195059,,32004841-4d19-5059-b4bf-0589708dc08b,,,
1997,NYG,DB,DB,41,ACT,Conrad Hamilton,Conrad,Hamilton,1974-11-05,70,195,,00-0006711,,,,,,,,,,"https://static.www.nfl.com/image/private/f_auto,q_auto/league/bcatvbk0z7g8ucqfq90w",HAM198205,,32004841-4d19-8205-d134-89d261780d0e,,,
1997,JAX,LB,LB,54,ACT,James Hamilton,James,Hamilton,1974-04-17,77,247,,00-0006717,,,,,,,,,,"https://static.www.nfl.com/image/private/f_auto,q_auto/league/smgl6n6ahf26bqnjhpw1",HAM239105,,32004841-4d23-9105-79f5-f5bad5aac658,,,
1997,NYG,DL,DT,75,ACT,Keith Hamilton,Keith,Hamilton,1971-05-25,78,295,,00-0006719,,,,,,,,,,"https://static.www.nfl.com/image/private/f_auto,q_auto/league/l6jlkr4pxp3y3h0s2b2r",HAM245397,,32004841-4d24-5397-238b-761ee8f0c34c,,,
1997,SD,LB,LB,53,ACT,Michael Hamilton,Michael,Hamilton,1973-12-03,74,245,,00-0006724,,,,,,,,,,"https://static.www.nfl.com/image/private/f_auto,q_auto/league/h2tss2dm4zpt6alosehg",HAM278956,,32004841-4d27-8956-8b27-f53c584068fd,,,
1997,ATL,LB,LB,54,ACT,Ruffin Hamilton,Ruffin,Hamilton,1971-03-02,73,238,,00-0006728,,,,,,,,,,"https://static.www.nfl.com/image/private/f_auto,q_auto/league/zaectv2rqraqtritjuxt",HAM344281,,32004841-4d34-4281-3bc8-a99ba176ddd9,,,
1997,NYG,RB,RB,27,ACT,Rodney Hampton,Rodney,Hampton,1969-04-03,71,228,,00-0006759,,,,,,,,,,"https://static.www.nfl.com/image/private/f_auto,q_auto/league/lczkiiwmpkrrpeszhxgq",HAM780239,,32004841-4d78-0239-5f96-e732b10a884f,,,
1997,SD,DL,DT,96,ACT,Norman Hand,Norman,Hand,1972-09-04,75,329,,00-0006766,,,,,,,,,,"https://static.www.nfl.com/image/private/f_auto,q_auto/league/der7isuyajmqg04dilrb",HAN119783,,32004841-4e11-9783-9376-aae5bd7878e1,,,
1997,DET,LB,LB,50,ACT,Ben Hanks,Benjamin,Hanks,1971-07-31,74,223,,00-0006773,,,,,,,,,,"https://static.www.nfl.com/image/private/f_auto,q_auto/league/nq0taw9bq7q1rrpckkav",HAN170727,,32004841-4e17-0727-e64c-5121a034b98e,,,
1997,SF,DB,FS,36,ACT,Merton Hanks,Merton,Hanks,1968-03-12,74,185,,00-0006775,,,,,,,,,,"https://static.www.nfl.com/image/private/f_auto,q_auto/league/hbjcnbxfm9qhrziwcwjx",HAN175341,,32004841-4e17-5341-774a-d6ea6ba8fd79,,,
1997,WAS,WR,WR,14,RES,Karl Hankton,Karl,Hankton,1970-07-24,75,200,,00-0006777,,,,,,,,,,"https://static.www.nfl.com/image/private/f_auto,q_auto/league/nukbfreg0xsavltanzcy",HAN179955,,32004841-4e17-9955-de6e-1cdbe2d065fd,,,
1997,NYJ,SPEC,P,11,ACT,Brian Hansen,Brian,Hansen,1960-10-26,76,215,,00-0006791,,,,,,,,,,"https://static.www.nfl.com/image/private/f_auto,q_auto/league/la6gqkslk3l3bxl6fpp6",HAN498339,,32004841-4e49-8339-29bd-560704f88968,,,
1997,BUF,DL,DE,90,ACT,Phil Hansen,Philip,Hansen,1968-05-20,77,278,,00-0006795,,,,,,,,,,"https://static.www.nfl.com/image/private/f_auto,q_auto/league/vs9t9eplw7unflv7eh8z",HAN587268,,32004841-4e58-7268-f1d2-a89ed3c2b74f,,,
1997,SF,OL,OT,77,ACT,Tim Hanshaw,Timothy,Hanshaw,1970-04-27,77,300,,00-0006797,,,,,,,,,,"https://static.www.nfl.com/image/private/f_auto,q_auto/league/csxpzh6k9n28qx5v4vah",HAN632850,,32004841-4e63-2850-560f-1d191500a54a,,,
1997,DET,SPEC,K,4,ACT,Jason Hanson,Jason,Hanson,1970-06-17,71,183,,00-0006800,,,,,,,,,,"https://static.www.nfl.com/image/private/f_auto,q_auto/league/q9nslxhklckxgph3hwac",HAN671834,,32004841-4e67-1834-e621-20350f67aa24,,,
1997,ATL,RB,RB,24,ACT,Byron Hanspard,Byron,Hanspard,1976-01-23,70,198,,00-0006803,,,,,,,,,,"https://static.www.nfl.com/image/private/f_auto,q_auto/league/gcczko1mq5gkcgwgmedt",HAN779808,,32004841-4e77-9808-7a25-eb86ee345b0d,,,
1997,TB,TE,TE,82,ACT,Patrick Hape,Patrick,Hape,1974-06-06,76,256,,00-0006804,,,,,,,,,,"https://static.www.nfl.com/image/private/f_auto,q_auto/league/ie8dudx6mqii3pxy7ukz",HAP401791,,32004841-5040-1791-50f6-e38a52862419,,,
1997,IND,QB,QB,4,ACT,Jim Harbaugh,James,Harbaugh,1963-12-23,75,215,,00-0006808,,,,,,,,,,"https://static.www.nfl.com/image/private/f_auto,q_auto/league/twafi9vpvkbhnzzlgfij",HAR004303,,32004841-5200-4303-8cf1-d02ef8d84a63,,,
1997,DAL,LB,LB,54,TRC,Darryl Hardy,Darryl,Hardy,1968-11-22,74,230,,00-0006837,,,,,,,,,,"https://static.www.nfl.com/image/private/f_auto,q_auto/league/kzrmlw5oeybsmfposmfl",HAR092514,,32004841-5209-2514-d80f-433f6e316087,,,
1997,SEA,LB,LB,58,ACT,Darryl Hardy,Darryl,Hardy,1968-11-22,74,230,,00-0006837,,,,,,,,,,"https://static.www.nfl.com/image/private/f_auto,q_auto/league/kzrmlw5oeybsmfposmfl",HAR092514,,32004841-5209-2514-d80f-433f6e316087,,,
1997,JAX,LB,OLB,51,ACT,Kevin Hardy,Kevin,Hardy,1973-07-24,76,253,,00-0006843,,,,,,,,,,"https://static.www.nfl.com/image/private/f_auto,q_auto/league/gsnjoes4ydh8gr0cw94k",HAR114029,,32004841-5211-4029-4829-f492ce9fdca8,,,
1997,OAK,OL,OT,77,ACT,Pat Harlow,Patrick,Harlow,1969-03-16,78,290,,00-0006862,,,,,,,,,,"https://static.www.nfl.com/image/private/f_auto,q_auto/league/nkblfgamdaamqf7mls3e",HAR186104,,32004841-5218-6104-617b-287c89551999,,,
1997,PHI,DL,DT,91,CUT,Andy Harmon,Andrew,Harmon,1969-04-06,76,278,,00-0006864,,,,,,,,,,"https://static.www.nfl.com/image/private/f_auto,q_auto/league/ihxa0x71vxhcbb2yovqk",HAR187180,,32004841-5218-7180-1723-f28cc846137d,,,
1997,CHI,RB,RB,22,ACT,Ronnie Harmon,Ronnie,Harmon,1964-05-07,71,200,,00-0006874,,,,,,,,,,"https://static.www.nfl.com/image/private/f_auto,q_auto/league/g8atj0voydgllzuzdch0",HAR215150,,32004841-5221-5150-bf9d-cec4bb6ee355,,,
1997,TEN,RB,RB,33,TRC,Ronnie Harmon,Ronnie,Harmon,1964-05-07,71,200,,00-0006874,,,,,,,,,,"https://static.www.nfl.com/image/private/f_auto,q_auto/league/g8atj0voydgllzuzdch0",HAR215150,,32004841-5221-5150-bf9d-cec4bb6ee355,,,
1997,WAS,WR,WR,80,TRD,Alvin Harper,Alvin,Harper,1968-07-06,76,218,,00-0006877,,,,,,,,,,"https://static.www.nfl.com/image/private/f_auto,q_auto/league/oybjuhxua9jsnw8cdohe",HAR238816,,32004841-5223-8816-f17c-679d3b92d358,,,
1997,NO,WR,WR,80,ACT,Alvin Harper,Alvin,Harper,1968-07-06,76,218,,00-0006877,,,,,,,,,,"https://static.www.nfl.com/image/private/f_auto,q_auto/league/oybjuhxua9jsnw8cdohe",HAR238816,,32004841-5223-8816-f17c-679d3b92d358,,,
1997,SD,DB,CB,28,RES,Dwayne Harper,Dwayne,Harper,1966-03-29,71,175,,00-0006881,,,,,,,,,,"https://static.www.nfl.com/image/private/f_auto,q_auto/league/elzasilbsim0oadopunj",HAR258180,,32004841-5225-8180-cde1-73e6aaf4cfa9,,,
1997,MIA,LB,OLB,51,ACT,Anthony Harris,Anthony,Harris,1973-01-25,73,235,,00-0006918,,,,,,,,,,"https://static.www.nfl.com/image/private/f_auto,q_auto/league/vfwzudtwtqjhzyhulep9",HAR342088,,32004841-5234-2088-cc2e-159ecac3bdba,,,
1997,GB,LB,MLB,55,ACT,Bernardo Harris,Bernardo,Harris,1971-10-15,74,247,,00-0006920,,,,,,,,,,"https://static.www.nfl.com/image/private/f_auto,q_auto/league/epwgdnbrkz3brfcxw9sc",HAR346391,,32004841-5234-6391-8e02-36e6635601eb,,,
1997,MIA,DB,FS,25,ACT,Corey Harris,Corey,Harris,1969-10-25,71,205,,00-0006927,,,,,,,,,,"https://static.www.nfl.com/image/private/f_auto,q_auto/league/xnunbd4ncwi93v7zc5mp",HAR359300,,32004841-5235-9300-601b-817211689873,,,
1997,STL,RB,RB,33,ACT,Derrick Harris,Sidney,Harris,1972-09-18,72,253,,00-0006930,,,,,,,,,,"https://static.www.nfl.com/image/private/f_auto,q_auto/league/fya5lyd0uycwhijau950",HAR536296,,32004841-5253-6296-2f5a-77cfcc52a9c3,,,
1997,TB,TE,TE,80,RES,Jackie Harris,Jackie,Harris,1968-01-04,76,254,,00-0006949,,,,,,,,,,"https://static.www.nfl.com/image/private/f_auto,q_auto/league/uf1p0ysr0rawya3gytug",HAR417391,,32004841-5241-7391-fc4a-44fb3286867e,,,
1997,PHI,DL,DE,90,ACT,Jon Harris,Jonathan,Harris,1974-06-09,79,269,,00-0006962,,,,,,,,,,"https://static.www.nfl.com/image/private/f_auto,q_auto/league/o54co9mpwu7fs1hsvqou",HAR450836,,32004841-5245-0836-8ca8-80d6e8dd9983,,,
1997,ARI,DB,DB,38,ACT,Kenny Harris,Kenny,Harris,1975-04-25,73,198,,00-0006965,,,,,,,,,,"https://static.www.nfl.com/image/private/f_auto,q_auto/league/r2p3cemyfebibufbzw1w",HAR456655,,32004841-5245-6655-c222-f1768b0653fe,,,
1997,SF,WR,WR,88,ACT,Mark Harris,Mark,Harris,1970-04-28,76,195,,00-0006977,,,,,,,,,,"https://static.www.nfl.com/image/private/f_auto,q_auto/league/c2sxojwoyfmxiacypha4",HAR475481,,32004841-5247-5481-5206-cfadf63257a7,,,
1997,CHI,RB,RB,29,RES,Raymont Harris,Raymont,Harris,1970-12-23,72,225,,00-0006989,,,,,,,,,,"https://static.www.nfl.com/image/private/f_auto,q_auto/league/io8enhgtuxcxmwqsbmwc",HAR509905,,32004841-5250-9905-8ee4-eeacfd3947e3,,,
1997,NYG,DL,DT,97,ACT,Robert Harris,Robert,Harris,1969-06-13,76,295,,00-0006991,,,,,,,,,,"https://static.www.nfl.com/image/private/f_auto,q_auto/league/ishitefnbwbjlsjz50mi",HAR527117,,32004841-5252-7117-6353-1b9ca5334abd,,,
1997,SEA,WR,WR,81,ACT,Ronnie Harris,Ronnie,Harris,1970-06-04,71,175,,00-0006994,,,,,,,,,,"https://static.www.nfl.com/image/private/f_auto,q_auto/league/rnc4tiwo7lxbpg5pjhdy",HAR531318,,32004841-5253-1318-cebc-047aba4b1832,,,
1997,CHI,LB,LB,55,ACT,Sean Harris,Sean,Harris,1972-02-25,75,245,,00-0006997,,,,,,,,,,"https://static.www.nfl.com/image/private/f_auto,q_auto/league/mud76tawn3rtfhnunbr7",HAR535723,,32004841-5253-5723-13e1-fd7333b52ce6,,,
1997,CHI,DB,CB,27,ACT,Walt Harris,Walter,Harris,1974-08-10,71,194,,00-0007007,,,,,,,,,,"https://static.www.nfl.com/image/private/f_auto,q_auto/league/qf1eihgukfdjxknuodb4",HAR550409,,32004841-5255-0409-9a91-b9dffb146b28,,,
1997,DET,OL,OT,74,RES,Chris Harrison,Christopher,Harrison,1972-02-25,75,290,,00-0007017,,,,,,,,,,"https://static.www.nfl.com/image/private/f_auto,q_auto/league/mn5fjkjerux7z7dbwub1",HAR576333,,32004841-5257-6333-612f-1a2da1b6bf87,,,
1997,SEA,DL,DE,91,ACT,Martin Harrison,Martin,Harrison,1967-09-20,77,265,,00-0007023,,,,,,,,,,"https://static.www.nfl.com/image/private/f_auto,q_auto/league/qbxhfh5hxrnogv5xha65",HAR606723,,32004841-5260-6723-f3e1-447dd4992ff3,,,
1997,IND,WR,WR,88,ACT,Marvin Harrison,Marvin,Harrison,1972-08-25,72,181,,00-0007024,,,,,,,,,,"https://static.www.nfl.com/image/private/f_auto,q_auto/league/fni7z2tqhhaq5kbe5a0s",HAR608874,,32004841-5260-8874-cb46-5e045899dea1,,,
1997,PIT,DL,DE,74,ACT,Nolan Harrison,Nolan,Harrison,1969-01-25,77,280,,00-0007026,,,,,,,,,,"https://static.www.nfl.com/image/private/f_auto,q_auto/league/fsatkiaphdtevy49dysh",HAR612460,,32004841-5261-2460-2ae2-2fb041c78d1e,,,
1997,SD,DB,S,37,ACT,Rodney Harrison,Rodney,Harrison,1972-12-15,73,201,,00-0007030,,,,,,,,,,"https://static.www.nfl.com/image/private/f_auto,q_auto/league/ilzsp4jyf1ltn17ittxc",HAR637919,,32004841-5263-7919-460b-06e2b45ac6ea,,,
1997,DET,OL,G,64,ACT,Jeff Hartings,Jeffrey,Hartings,1972-09-07,75,283,,00-0007051,,,,,,,,,,"https://static.www.nfl.com/image/private/f_auto,q_auto/league/lhcpzgxnxtim2bmicaj9",HAR712453,,32004841-5271-2453-2081-3f2b2619e297,,,
1997,SD,TE,TE,89,ACT,Frank Hartley,Frank,Hartley,1967-12-15,74,268,,00-0007052,,,,,,,,,,"https://static.www.nfl.com/image/private/f_auto,q_auto/league/kaefvhger4vetbq0tqms",HAR716449,,32004841-5271-6449-77ee-c1c6516b5fc3,,,
1997,WAS,LB,OLB,57,ACT,Ken Harvey,Kenneth,Harvey,1965-05-06,74,237,,00-0007070,,,,,,,,,,"https://static.www.nfl.com/image/private/f_auto,q_auto/league/h90obpir7asoqhqqzcgy",HAR796055,,32004841-5279-6055-8cd3-1dd1d93632a0,,,
1997,NO,LB,OLB,52,RES,Richard Harvey,Richard,Harvey,1966-09-11,73,242,,00-0007075,,,,,,,,,,"https://static.www.nfl.com/image/private/f_auto,q_auto/league/xu9rzm5ptsqgjmn86vnw",HAR817570,,32004841-5281-7570-82ef-03bf35bbd1e4,,,
1997,DEN,DL,DE,96,ACT,Harald Hasselbach,Harald,Hasselbach,1967-09-22,78,280,,00-0007089,,,,,,,,,,"https://static.www.nfl.com/image/private/f_auto,q_auto/league/s5mcmpro9byq8be7ikwp",HAS517299,,32004841-5351-7299-d091-8b4f5b2df983,,,
1997,NO,WR,WR,88,ACT,Andre Hastings,Andre,Hastings,1971-11-07,73,190,,00-0007093,,,,,,,,,,"https://static.www.nfl.com/image/private/f_auto,q_auto/league/tt2bbaqdihadpecpqhuv",HAS594306,,32004841-5359-4306-9b3d-433c4f5ba3f7,,,
1997,KC,DB,CB,40,ACT,James Hasty,James,Hasty,1965-05-23,72,208,,00-0007095,,,,,,,,,,"https://static.www.nfl.com/image/private/f_auto,q_auto/league/mq17n3vulqyxyi9jqrzx",HAS755070,,32004841-5375-5070-ee97-2368e31ebd71,,,
1997,MIN,WR,WR,89,ACT,Matt Hatchette,Matthew,Hatchette,1974-05-01,74,193,,00-0007103,,,,,,,,,,"https://static.www.nfl.com/image/private/f_auto,q_auto/league/plvdp70sewyh07u1gagw",HAT321966,,32004841-5432-1966-16fd-0c908e08788f,,,
1997,SEA,DB,DB,26,ACT,Tim Hauck,Timothy,Hauck,1966-12-20,70,185,,00-0007108,,,,,,,,,,"https://static.www.nfl.com/image/private/f_auto,q_auto/league/kjbhrtkseevibims32zt",HAU118654,,32004841-5511-8654-1911-9392e4f15cb6,,,
1997,PIT,WR,WR,88,ACT,Courtney Hawkins,Courtney,Hawkins,1969-12-12,69,183,,00-0007120,,,,,,,,,,"https://static.www.nfl.com/image/private/f_auto,q_auto/league/utgzfxhrl49iw2likcot",HAW321216,,32004841-5732-1216-fd60-954bd7078925,,,
1997,GB,RB,RB,24,ACT,Aaron Hayden,Aaron,Hayden,1973-04-13,72,216,,00-0007141,,,,,,,,,,"https://static.www.nfl.com/image/private/f_auto,q_auto/league/brgrqmqrqruebctfjec1",HAY029662,,32004841-5902-9662-835b-0243fc296679,,,
1997,NYJ,DB,DB,30,ACT,Chris Hayes,Christopher,Hayes,1972-05-07,72,200,,00-0007143,,,,,,,,,,"https://static.www.nfl.com/image/private/f_auto,q_auto/league/boury64bzwcvqiwyauhy",HAY093931,,32004841-5909-3931-706f-3023c4a6b59d,,,
1997,TEN,OL,G,71,ACT,Melvin Hayes,Melvin,Hayes,1973-04-28,78,329,,00-0007154,,,,,,,,,,"https://static.www.nfl.com/image/private/f_auto,q_auto/league/uqzljdrajucavdjcf45v",HAY326287,,32004841-5932-6287-9b5e-7d12b68728d2,,,
1997,NO,WR,WR,89,TRT,Mercury Hayes,Mercury,Hayes,1973-01-01,71,195,,00-0007155,,,,,,,,,,"https://static.www.nfl.com/image/private/f_auto,q_auto/league/smxgxxmkiuk1kzlx4th5",HAY331231,,32004841-5933-1231-f91a-6a3f9f1af58c,,,
1997,ATL,WR,WR,84,ACT,Mercury Hayes,Mercury,Hayes,1973-01-01,71,195,,00-0007155,,,,,,,,,,"https://static.www.nfl.com/image/private/f_auto,q_auto/league/smxgxxmkiuk1kzlx4th5",HAY331231,,32004841-5933-1231-f91a-6a3f9f1af58c,,,
1997,ATL,WR,WR,82,ACT,Michael Haynes,Michael,Haynes,1965-12-24,72,184,,00-0007163,,,,,,,,,,"https://static.www.nfl.com/image/private/f_auto,q_auto/league/rqecnvh6lewyczxgp7d2",HAY672350,,32004841-5967-2350-49d8-b26e90da6fd4,,,
1997,SF,RB,RB,20,ACT,Garrison Hearst,Gerald,Hearst,1971-01-04,71,215,,00-0007180,,,,,,,,,,"https://static.www.nfl.com/image/private/f_auto,q_auto/league/cskz5dnxqszembvw4mgb",HEA453213,,32004845-4145-3213-efde-638606c91aa9,,,
1997,DEN,RB,RB,22,ACT,Vaughn Hebron,Vaughn,Hebron,1970-10-07,68,195,,00-0007193,,,,,,,,,,"https://static.www.nfl.com/image/private/f_auto,q_auto/league/hvbx49pkdkklvtvmrxz5",HEB745636,,32004845-4274-5636-8c65-8a5ba313f4d6,,,
1997,CHI,OL,OT,64,ACT,Andy Heck,Andrew,Heck,1967-01-01,78,298,,00-0007195,,,,,,,,,,"https://static.www.nfl.com/image/private/f_auto,q_auto/league/rvi81oiyxnlyxvk2iq1h",HEC103822,,32004845-4310-3822-81ce-661dd5e43c84,,,
1997,DAL,OL,OT,69,ACT,George Hegamin,George,Hegamin,1973-02-14,79,331,,00-0007207,,,,,,,,,,"https://static.www.nfl.com/image/private/f_auto,q_auto/league/s3eoa1x4jyp9jfyh91vj",HEG263361,,32004845-4726-3361-ae0f-6079b42bf202,,,
1997,DAL,OL,OT,70,ACT,Dale Hellestrae,Dale,Hellestrae,1962-07-11,77,291,,00-0007226,,,,,,,,,,"https://static.www.nfl.com/image/private/f_auto,q_auto/league/qhffmovcgpewczjvhbeb",HEL415289,,32004845-4c41-5289-13b9-5c61df61cc1e,,,
1997,DET,OL,G,66,ACT,Hessley Hempstead,Hessley,Hempstead,1972-01-29,73,295,,00-0007234,,,,,,,,,,"https://static.www.nfl.com/image/private/f_auto,q_auto/league/xryrmnb8imbctoc6ebtj",HEM567222,,32004845-4d56-7222-1ed5-6d28257112b2,,,
1997,DAL,LB,LB,58,ACT,Nate Hemsley,Nathaniel,Hemsley,1974-05-05,72,219,,00-0007236,,,,,,,,,,"https://static.www.nfl.com/image/private/f_auto,q_auto/league/x2enzrpk5ifr0e0jvumo",HEM639048,,32004845-4d63-9048-4a3b-4961710bbd28,,,
1997,NYJ,DB,FS,26,ACT,Jerome Henderson,Jerome,Henderson,1969-08-08,70,200,,00-0007240,,,,,,,,,,"https://static.www.nfl.com/image/private/f_auto,q_auto/league/mwvivetlwpx9vv4ghta2",HEN070519,,32004845-4e07-0519-5b63-0af8c6d74b2e,,,
1997,GB,RB,FB,30,ACT,William Henderson,William,Henderson,1971-02-19,73,249,,00-0007254,,,,,,,,,,"https://static.www.nfl.com/image/private/f_auto,q_auto/league/wqhcfs2jdjk21qai00rh",HEN148874,,32004845-4e14-8874-8a15-339d6f7fd449,,,
1997,SD,DB,DB,38,CUT,David Hendrix,David,Hendrix,1972-05-29,73,213,,00-0007266,,,,,,,,,,"https://static.www.nfl.com/image/private/f_auto,q_auto/league/bqxgkjarmr62uzmste31",HEN339433,,32004845-4e33-9433-bf6d-32a94c9dac78,,,
1997,DAL,DL,DT,95,ACT,Chad Hennings,Chad,Hennings,1965-10-20,78,291,,00-0007283,,,,,,,,,,"https://static.www.nfl.com/image/private/f_auto,q_auto/league/vi79mse1bndcpepnejvv",HEN587662,,32004845-4e58-7662-3634-120ca6d76774,,,
1997,PIT,DL,DE,76,ACT,Kevin Henry,Kevin,Henry,1968-10-23,76,282,,00-0007296,,,,,,,,,,"https://static.www.nfl.com/image/private/f_auto,q_auto/league/tinzp2oegdaqlbagoi8r",HEN624236,,32004845-4e62-4236-beea-89d3603c1254,,,
1997,GB,SPEC,P,17,ACT,Craig Hentrich,Craig,Hentrich,1971-05-18,75,200,,00-0007308,,,,,,,,,,"https://static.www.nfl.com/image/private/f_auto,q_auto/league/yi7vmomfipszmzkaapds",HEN822738,,32004845-4e82-2738-dfc7-459b37a8caaa,,,
1997,CHI,OL,OT,74,ACT,Jimmy Herndon,James,Herndon,1973-08-30,80,312,,00-0007324,,,,,,,,,,"https://static.www.nfl.com/image/private/f_auto,q_auto/league/mdefwhtdsvonr9xrmuge",HER388035,,32004845-5238-8035-edb1-894e328c0027,,,
1997,BAL,DB,FS,20,ACT,Kim Herring,Kimani,Herring,1975-09-10,72,210,,00-0007334,,,,,,,,,,"https://static.www.nfl.com/image/private/f_auto,q_auto/league/cgfkyb6zzqfh8hqjs0dz",HER564218,,32004845-5256-4218-cd96-6662318a3ca3,,,
1997,PHI,LB,LB,54,ACT,Jeff Herrod,Jeff,Herrod,1966-07-29,72,249,,00-0007341,,,,,,,,,,"https://static.www.nfl.com/image/private/f_auto,q_auto/league/dmeimcwlkmh5pt4bq9hh",HER629225,,32004845-5262-9225-e44b-df1f29f02b56,,,
1997,DEN,LB,LB,50,ACT,Jon Hesse,Jonathan,Hesse,1973-06-06,76,250,,00-0007351,,,,,,,,,,"https://static.www.nfl.com/image/private/f_auto,q_auto/league/gweqhfrtlkbakmq7zhif",HES163930,,32004845-5316-3930-5b30-6fd06d7cf0ed,,,
1997,IND,RB,RB,44,ACT,Chris Hetherington,Christopher,Hetherington,1972-11-27,75,236,,00-0007357,,,,,,,,,,"https://static.www.nfl.com/image/private/f_auto,q_auto/league/na19cxqwjrdruhs2ysep",HET177981,,32004845-5417-7981-7641-c5dfa76d1913,,,
1997,NO,DB,DB,23,ACT,Chris Hewitt,Christopher,Hewitt,1974-07-22,72,210,,00-0007359,,,,,,,,,,"https://static.www.nfl.com/image/private/f_auto,q_auto/league/gxtjpcidgot0ocq5whih",HEW197417,,32004845-5719-7417-e432-20eeadc3649f,,,
1997,STL,RB,FB,34,ACT,Craig Heyward,Craig,Heyward,1966-09-26,71,265,,00-0007363,,,,,,,,,,"https://static.www.nfl.com/image/private/f_auto,q_auto/league/z3nbkg7umsrmbsjlenwc",HEY276861,,32004845-5927-6861-8afd-cd6c1d482d32,,,
1997,DET,TE,TE,82,CUT,Kevin Hickman,Kevin,Hickman,1971-08-20,76,258,,00-0007369,,,,,,,,,,"https://static.www.nfl.com/image/private/f_auto,q_auto/league/u8mdwbmcdjfomf5mc7bw",HIC306520,,32004849-4330-6520-9d65-cb44bef404ee,,,
1997,GB,LB,LB,50,RES,Anthony Hicks,Anthony,Hicks,1974-03-31,73,238,,00-0007371,,,,,,,,,,"https://static.www.nfl.com/image/private/f_auto,q_auto/league/djdxs7spnh14ro6hftwt",HIC343959,,32004849-4334-3959-9f1c-2bcb6341fba3,,,
1997,KC,DL,DE,94,CUT,Kerry Hicks,Kerry,Hicks,1972-12-29,78,283,,00-0007378,,,,,,,,,,"https://static.www.nfl.com/image/private/f_auto,q_auto/league/dp3lhv09cryp0mpufreh",HIC520754,,32004849-4352-0754-8429-31baaaba3509,,,
1997,CHI,RB,RB,44,ACT,Michael Hicks,Michael,Hicks,1973-02-01,72,194,,00-0007382,,,,,,,,,,"https://static.www.nfl.com/image/private/f_auto,q_auto/league/gp3oj9xj2xhnwjlc0fvp",HIC615015,,32004849-4361-5015-c928-093a19450e9a,,,
1997,CHI,DB,DB,48,ACT,Van Hiles,Lavanda,Hiles,1975-11-01,72,195,,00-0007410,,,,,,,,,,"https://static.www.nfl.com/image/private/f_auto,q_auto/league/futofi3yzeprkxwcxjjs",HIL011123,,32004849-4c01-1123-d6ee-e48818ccf4af,,,
1997,ARI,LB,MLB,58,ACT,Eric Hill,Eric,Hill,1966-11-14,74,264,,00-0007433,,,,,,,,,,"https://static.www.nfl.com/image/private/f_auto,q_auto/league/wwduhdd8cfue86qdqdeq",HIL222465,,32004849-4c22-2465-b559-5449a0ac1b1c,,,
1997,KC,RB,RB,27,ACT,Greg Hill,Gregory,Hill,1972-02-23,71,214,,00-0007436,,,,,,,,,,"https://static.www.nfl.com/image/private/f_auto,q_auto/league/p6tbsxmhyz9bypvhhrbu",HIL274373,,32004849-4c27-4373-cf88-db27f34c39af,,,
1997,NO,WR,WR,81,ACT,Randal Hill,Randal,Hill,1969-09-21,70,180,,00-0007451,,,,,,,,,,"https://static.www.nfl.com/image/private/f_auto,q_auto/league/yvx89kpmxngoeaxl6sdd",HIL556162,,32004849-4c55-6162-cbfc-fc0a362471b4,,,
1997,DET,DB,DB,43,CUT,Sean Hill,Sean,Hill,1971-08-14,70,179,,00-0007454,,,,,,,,,,"https://static.www.nfl.com/image/private/f_auto,q_auto/league/qn5zmmweajgn7au05byx",HIL585824,,32004849-4c58-5824-8648-ac123517f183,,,
1997,NYG,WR,WR,88,RES,Ike Hilliard,Isaac,Hilliard,1976-04-05,71,190,,00-0007468,,,,,,,,,,"https://static.www.nfl.com/image/private/f_auto,q_auto/league/wgkoowevnhqjpwpqu87l",HIL717184,,32004849-4c71-7184-1e2a-e09eaef44c59,,,
1997,DEN,DB,DB,21,ACT,Randy Hilliard,Randy,Hilliard,1967-02-06,71,165,,00-0007469,,,,,,,,,,"https://static.www.nfl.com/image/private/f_auto,q_auto/league/uk0hcb12aovlkfvamzuf",HIL726719,,32004849-4c72-6719-e83f-fcb55e87d6d4,,,
1997,NO,OL,G,76,ACT,Keno Hills,Keno,Hills,1973-06-13,78,305,,00-0007472,,,,,,,,,,"https://static.www.nfl.com/image/private/f_auto,q_auto/league/aw3sc6ggzfgswoy7xjtn",HIL748965,,32004849-4c74-8965-b39a-9223e61e8e91,,,
1997,NE,DB,CB,31,ACT,Jimmy Hitchcock,Jimmy,Hitchcock,1970-11-09,70,188,,00-0007512,,,,,,,,,,"https://static.www.nfl.com/image/private/f_auto,q_auto/league/bg3oo17uiiioprhlkqyd",HIT272361,,32004849-5427-2361-a0a9-b9a807d22326,,,
1997,MIN,RB,RB,44,ACT,Leroy Hoard,Leroy,Hoard,1968-05-15,71,225,,00-0007520,,,,,,,,,,"https://static.www.nfl.com/image/private/f_auto,q_auto/league/lwvnhe6kded1eurgp0lf",HOA692150,,3200484f-4169-2150-60dc-3459a92b8809,,,
1997,SEA,WR,WR,18,ACT,Daryl Hobbs,Daryl,Hobbs,1968-05-23,74,175,,00-0007524,,,,,,,,,,"https://static.www.nfl.com/image/private/f_auto,q_auto/league/uzq1cdtldvmenghifxpa",HOB237174,,3200484f-4223-7174-b2a5-a5acb2b7b7f8,,,
1997,NO,WR,WR,80,TRC,Daryl Hobbs,Daryl,Hobbs,1968-05-23,74,175,,00-0007524,,,,,,,,,,"https://static.www.nfl.com/image/private/f_auto,q_auto/league/uzq1cdtldvmenghifxpa",HOB237174,,3200484f-4223-7174-b2a5-a5acb2b7b7f8,,,
1997,BUF,QB,QB,8,TRC,Billy Joe Hobert,Billy Joe,Hobert,1971-01-08,75,230,,00-0007530,,,,,,,,,,"https://static.www.nfl.com/image/private/f_auto,q_auto/league/rlmdajsgucn5bednqaiw",HOB523265,,3200484f-4252-3265-5cda-90f725e7ca2b,,,
1997,NO,QB,QB,12,ACT,Billy Joe Hobert,Billy Joe,Hobert,1971-01-08,75,230,,00-0007530,,,,,,,,,,"https://static.www.nfl.com/image/private/f_auto,q_auto/league/rlmdajsgucn5bednqaiw",HOB523265,,3200484f-4252-3265-5cda-90f725e7ca2b,,,
1997,CHI,LB,LB,59,RES,Richard Hogans,Richard,Hogans,1975-07-08,74,249,,00-0007564,,,,,,,,,,"https://static.www.nfl.com/image/private/f_auto,q_auto/league/oqjvkv9hlt076dh2qsoc",HOG163180,,3200484f-4716-3180-7e36-b3ffe3dcb349,,,
1997,IND,QB,QB,13,ACT,Kelly Holcomb,Bryan,Holcomb,1973-07-09,74,212,,00-0007576,,,,,,,,,,"https://static.www.nfl.com/image/private/f_auto,q_auto/league/twyprbkmfzcmsnmyuh90",HOL006197,,3200484f-4c00-6197-6b94-cd9ace2c6812,,,
1997,BUF,LB,MLB,52,ACT,John Holecek,John,Holecek,1972-05-07,74,238,,00-0007587,,,,,,,,,,"https://static.www.nfl.com/image/private/f_auto,q_auto/league/conk5ea3srzq9i6zqqny",HOL080574,,3200484f-4c08-0574-66dc-046bc40477c1,,,
1997,GB,DL,DT,90,ACT,Darius Holland,Darius,Holland,1973-11-10,77,320,,00-0007590,,,,,,,,,,"https://static.www.nfl.com/image/private/f_auto,q_auto/league/nty4sxlhsif6f1lpsvrg",HOL117762,,3200484f-4c11-7762-f313-185e33b0b70c,,,
1997,OAK,QB,QB,12,ACT,Donald Hollas,Donald,Hollas,1967-11-22,75,215,,00-0007601,,,,,,,,,,"https://static.www.nfl.com/image/private/f_auto,q_auto/league/j0dpbo21b8tmkllbhxq3",HOL179742,,3200484f-4c17-9742-4924-b0d2bfeeda48,,,
1997,PIT,WR,WR,83,ACT,Corey Holliday,Corey,Holliday,1971-01-31,74,208,,00-0007608,,,,,,,,,,"https://static.www.nfl.com/image/private/f_auto,q_auto/league/yd9tthqzb4oeozfrtqyv",HOL229128,,3200484f-4c22-9128-9dd7-a4d53700bdff,,,
1997,MIA,LB,LB,50,ACT,Dwight Hollier,Dwight,Hollier,1969-04-21,74,242,,00-0007614,,,,,,,,,,"https://static.www.nfl.com/image/private/f_auto,q_auto/league/we6ufp1uh2p0skyvy3ti",HOL254118,,3200484f-4c25-4118-4532-f9c85ef4996c,,,
1997,GB,LB,LB,56,ACT,Lamont Hollinquest,Bertrell,Hollinquest,1970-10-24,75,250,,00-0007617,,,,,,,,,,"https://static.www.nfl.com/image/private/f_auto,q_auto/league/dr5hmx7hmctaisiedeky",HOL278910,,3200484f-4c27-8910-649a-203b3e5f4f50,,,
1997,JAX,SPEC,K,1,ACT,Mike Hollis,Michael,Hollis,1972-05-22,67,177,,00-0007622,,,,,,,,,,"https://static.www.nfl.com/image/private/f_auto,q_auto/league/gkvggneagcrpo5qtczcw",HOL291306,,3200484f-4c29-1306-ab67-b35ddeb1412f,,,
1997,OAK,LB,LB,57,ACT,Rob Holmberg,Robert,Holmberg,1971-05-06,75,230,,00-0007640,,,,,,,,,,"https://static.www.nfl.com/image/private/f_auto,q_auto/league/zk08zbpp1sotjvzpyeoc",HOL486543,,3200484f-4c48-6543-bc96-5145e359b7e8,,,
1997,MIA,DB,DB,47,CUT,Clayton Holmes,Clayton,Holmes,1969-08-23,70,185,,00-0007646,,,,,,,,,,"https://static.www.nfl.com/image/private/f_auto,q_auto/league/wg2dk0fddtjjlnszkax9",HOL514434,,3200484f-4c51-4434-3786-c194a452fa97,,,
1997,BUF,RB,RB,44,ACT,Darick Holmes,Darick,Holmes,1971-07-01,72,226,,00-0007647,,,,,,,,,,"https://static.www.nfl.com/image/private/f_auto,q_auto/league/vv7dn6gmzzeigsukz8am",HOL517533,,3200484f-4c51-7533-d6db-a75dac10d851,,,
1997,PIT,LB,ILB,50,ACT,Earl Holmes,Earl,Holmes,1973-04-28,74,245,,00-0007652,,,,,,,,,,"https://static.www.nfl.com/image/private/f_auto,q_auto/league/z6jcjsunkdatdblxht6p",HOL539226,,3200484f-4c53-9226-5b77-831df1f1fc49,,,
1997,TEN,DL,DE,99,ACT,Kenny Holmes,Kenneth,Holmes,1973-10-24,76,270,,00-0007659,,,,,,,,,,"https://static.www.nfl.com/image/private/f_auto,q_auto/league/epk3qqbyr4dtfuryhksq",HOL599140,,3200484f-4c59-9140-c7ed-7575edd2cedf,,,
1997,OAK,OL,G,71,ACT,Lester Holmes,Lester,Holmes,1969-09-27,77,315,,00-0007660,,,,,,,,,,"https://static.www.nfl.com/image/private/f_auto,q_auto/league/ajjehrommgi8jxmxhqfn",HOL603272,,3200484f-4c60-3272-fc69-8eff07eae5b3,,,
1997,BAL,RB,RB,26,ACT,Priest Holmes,Priest,Holmes,1973-10-07,69,205,,00-0007661,,,,,,,,,,"https://static.www.nfl.com/image/private/f_auto,q_auto/league/dzul271lozkuowxqh9r7",HOL627237,,3200484f-4c62-7237-50e7-ac4e50ab9980,,,
1997,NYG,DL,DE,79,ACT,Bernard Holsey,Leonard,Holsey,1973-10-10,74,295,,00-0007667,,,,,,,,,,"https://static.www.nfl.com/image/private/f_auto,q_auto/league/ccx37tuq1l1kio8ydspn",HOL700374,,3200484f-4c70-0374-5eb6-834c1280f32f,,,
1997,TEN,OL,OT,72,ACT,Brad Hopkins,Bradley,Hopkins,1970-09-05,75,306,,00-0007719,,,,,,,,,,"https://static.www.nfl.com/image/private/f_auto,q_auto/league/mwpgwvw12owenim3f9yt",HOP146120,,3200484f-5014-6120-1451-d99b213ec0aa,,,
1997,STL,SPEC,P,2,ACT,Mike Horan,Michael,Horan,1959-02-01,71,192,,00-0007737,,,,,,,,,,"https://static.www.nfl.com/image/private/f_auto,q_auto/league/zksqwk19daesc04hoylk",HOR029663,,3200484f-5202-9663-f176-e3cef0e93f6c,,,
1997,KC,WR,WR,84,ACT,Joe Horn,Joseph,Horn,1972-01-16,73,199,,00-0007744,,,,,,,,,,"https://static.www.nfl.com/image/private/f_auto,q_auto/league/dkzzf0q8bxid4peyyobl",HOR138427,,3200484f-5213-8427-c7fb-15f4c6d32fa0,,,
1997,WAS,QB,QB,15,ACT,Jeff Hostetler,William,Hostetler,1961-04-22,75,215,,00-0007765,,,,,,,,,,"https://static.www.nfl.com/image/private/f_auto,q_auto/league/apjisc45plyskzivcfqe",HOS467201,,3200484f-5346-7201-995b-d7abb384cd0e,,,
1997,SD,LB,LB,57,RES,Bobby Houston,Bobby,Houston,1967-10-26,74,245,,00-0007776,,,,,,,,,,"https://static.www.nfl.com/image/private/f_auto,q_auto/league/pnfdjyjsapwb0mt5tcdd",HOU415288,,3200484f-5541-5288-feea-f551ddc7be79,,,
1997,KC,LB,LB,57,TRT,Bobby Houston,Bobby,Houston,1967-10-26,74,245,,00-0007776,,,,,,,,,,"https://static.www.nfl.com/image/private/f_auto,q_auto/league/pnfdjyjsapwb0mt5tcdd",HOU415288,,3200484f-5541-5288-feea-f551ddc7be79,,,
1997,OAK,WR,WR,80,ACT,Desmond Howard,Desmond,Howard,1970-05-15,70,180,,00-0007798,,,,,,,,,,"https://static.www.nfl.com/image/private/f_auto,q_auto/league/lplsoxpz5hxr7yy1td9k",HOW134966,,3200484f-5713-4966-98d2-fde0975d096f,,,
1997,ARI,DB,CB,29,ACT,Ty Howard,Tyrone,Howard,1973-11-30,70,185,,00-0007815,,,,,,,,,,"https://static.www.nfl.com/image/private/f_auto,q_auto/league/clstjzgljarjut0s9tc6",HOW420479,,3200484f-5742-0479-9276-a4c587378830,,,
1997,PHI,QB,QB,7,ACT,Bobby Hoying,Robert,Hoying,1972-09-20,75,225,,00-0007832,,,,,,,,,,"https://static.www.nfl.com/image/private/f_auto,q_auto/league/ffg9s34rxb3vz2hbdmow",HOY495941,,3200484f-5949-5941-e71f-63148387840d,,,
1997,MIA,QB,QB,11,ACT,Damon Huard,Damon,Huard,1973-07-09,75,215,,00-0007835,,,,,,,,,,"https://static.www.nfl.com/image/private/f_auto,q_auto/league/xertseiinipmodedwo4b",HUA264861,,32004855-4126-4861-b39e-21b113399fa1,,,
1997,JAX,DB,FS,37,ACT,Chris Hudson,Christopher,Hudson,1971-10-06,70,200,,00-0007849,,,,,,,,,,"https://static.www.nfl.com/image/private/f_auto,q_auto/league/vd6d30whi8wiiiflbsn0",HUD249055,,32004855-4424-9055-f87c-e7c52c379e52,,,
1997,NYJ,OL,C,65,ACT,John Hudson,John,Hudson,1968-01-29,74,270,,00-0007857,,,,,,,,,,"https://static.www.nfl.com/image/private/f_auto,q_auto/league/diufvx3pb3g0f3afnmku",HUD425788,,32004855-4442-5788-bdaa-e141c27dcbd0,,,
1997,KC,WR,WR,83,ACT,Danan Hughes,Robert,Hughes,1970-12-11,74,211,,00-0007883,,,,,,,,,,"https://static.www.nfl.com/image/private/f_auto,q_auto/league/lwv7un988uwapema7sye",HUG598048,,32004855-4759-8048-3f14-c4be2404ff4a,,,
1997,CHI,RB,RB,33,ACT,Tyrone Hughes,Tyrone,Hughes,1970-01-14,69,175,,00-0007896,,,,,,,,,,"https://static.www.nfl.com/image/private/f_auto,q_auto/league/lslr715dvw2ayivfix4n",HUG619149,,32004855-4761-9149-28f9-1c9e381e64c4,,,
1997,SD,QB,QB,12,RES,Stan Humphries,William,Humphries,1965-04-14,74,223,,00-0007921,,,,,,,,,,"https://static.www.nfl.com/image/private/f_auto,q_auto/league/nbxa7akeappqggeabpbj",HUM798051,,32004855-4d79-8051-1f97-c5989dfc5a3a,,,
1997,CIN,WR,WR,85,ACT,James Hundon,James,Hundon,1971-04-09,73,195,,00-0007924,,,,,,,,,,"https://static.www.nfl.com/image/private/f_auto,q_auto/league/zfp97zv4va8mmjbsmhcx",HUN007790,,32004855-4e00-7790-d76d-266e56487960,,,
1997,TB,WR,WR,19,CUT,Brice Hunter,Brice,Hunter,1974-04-21,74,211,,00-0007941,,,,,,,,,,"https://static.www.nfl.com/image/private/f_auto,q_auto/league/ludvxk9dqpbekigzcunn",HUN519955,,32004855-4e51-9955-324f-32108e3a4ab7,,,
1997,JAX,OL,G,66,TRC,Greg Huntington,Gregory,Huntington,1970-09-22,75,309,,00-0007967,,,,,,,,,,"https://static.www.nfl.com/image/private/f_auto,q_auto/league/gk2auxh9dpcpnzzpnpyq",HUN820452,,32004855-4e82-0452-7842-37767d4137a8,,,
1997,CHI,OL,G,67,ACT,Greg Huntington,Gregory,Huntington,1970-09-22,75,309,,00-0007967,,,,,,,,,,"https://static.www.nfl.com/image/private/f_auto,q_auto/league/gk2auxh9dpcpnzzpnpyq",HUN820452,,32004855-4e82-0452-7842-37767d4137a8,,,
1997,TB,SPEC,K,5,ACT,Michael Husted,Michael,Husted,1970-06-16,72,190,,00-0007983,,,,,,,,,,"https://static.www.nfl.com/image/private/f_auto,q_auto/league/ucgdprnqhuciao0hwlsn",HUS567222,,32004855-5356-7222-3195-683679915a94,,,
1997,DAL,OL,G,66,ACT,Tony Hutson,Antonio,Hutson,1974-03-13,75,313,,00-0007992,,,,,,,,,,"https://static.www.nfl.com/image/private/f_auto,q_auto/league/i42saaxcm6lrqf1dv3xd",HUT731086,,32004855-5473-1086-5cd0-3dcc9379e8ee,,,
1997,PHI,SPEC,P,4,ACT,Tom Hutton,William,Hutton,1972-07-08,73,193,,00-0007993,,,,,,,,,,"https://static.www.nfl.com/image/private/f_auto,q_auto/league/l49fffdjyswn62dmzu0r",HUT786458,,32004855-5478-6458-3eb9-4439ab9c55b9,,,
1997,BUF,RB,RB,25,ACT,Rene Ingoglia,Rene,Ingoglia,1972-05-23,70,202,,00-0008017,,,,,,,,,,"https://static.www.nfl.com/image/private/f_auto,q_auto/league/kccvbhanrrbol5agfbls",ING290703,,3200494e-4729-0703-14bc-54605a76a549,,,
1997,TB,OL,OT,67,RES,Steve Ingram,Stephen,Ingram,1971-05-08,76,311,,00-0008027,,,,,,,,,,"https://static.www.nfl.com/image/private/f_auto,q_auto/league/staybdbleqfmccojt7l5",ING675714,,3200494e-4767-5714-bd22-15ffa592a09b,,,
1997,BUF,DB,DB,27,ACT,Ken Irvin,Kenneth,Irvin,1972-07-11,70,186,,00-0008041,,,,,,,,,,"https://static.www.nfl.com/image/private/f_auto,q_auto/league/kome01ipnmmeqher6h36",IRV402310,,32004952-5640-2310-5a46-9c62fe2f748e,,,
1997,DAL,WR,WR,88,ACT,Michael Irvin,Michael,Irvin,1966-03-05,74,207,,00-0008044,,,,,,,,,,"https://static.www.nfl.com/image/private/f_auto,q_auto/league/mlouuxe889hk8vdv1mqp",IRV622932,,32004952-5662-2932-dac2-7f4f2fdfb338,,,
1997,ARI,LB,OLB,56,ACT,Terry Irving,Terry,Irving,1971-07-03,74,236,,00-0008050,,,,,,,,,,"https://static.www.nfl.com/image/private/f_auto,q_auto/league/i4ucdi2np6ep41pyosin",IRV739504,,32004952-5673-9504-41d0-a8ad7edadace,,,
1997,NE,OL,G,63,ACT,Heath Irwin,Heath,Irwin,1973-06-27,76,300,,00-0008052,,,,,,,,,,"https://static.www.nfl.com/image/private/f_auto,q_auto/league/ptceienfo5dax3qv4xir",IRW357325,,32004952-5735-7325-422b-f86276f8c189,,,
1997,BAL,OL,C,64,RES,Sale Isaia,Sale,Isaia,1972-06-13,77,315,,00-0008054,,,,,,,,,,"https://static.www.nfl.com/image/private/f_auto,q_auto/league/vo9zcsnbedhbyywl3fif",ISA631243,,32004953-4163-1243-81c8-96ad2ebc1822,,,
1997,MIA,WR,WR,86,ACT,Qadry Ismail,Qadry,Ismail,1970-11-08,72,196,,00-0008059,,,,,,,,,,"https://static.www.nfl.com/image/private/f_auto,q_auto/league/ba06akhajd7zkxe3mefp",ISM059326,,32004953-4d05-9326-d9aa-f064f574912e,,,
1997,CAR,WR,WR,81,ACT,Raghib Ismail,Raghib,Ismail,1969-11-18,71,175,,00-0008060,,,,,,,,,,"https://static.www.nfl.com/image/private/f_auto,q_auto/league/oo0apk9npziklsrfwb30",ISM070576,,32004953-4d07-0576-73d3-0ac158a1e8fa,,,
1997,NE,DB,DB,21,ACT,Steve Israel,Steven,Israel,1969-03-16,71,194,,00-0008063,,,,,,,,,,"https://static.www.nfl.com/image/private/f_auto,q_auto/league/ulusd8v57limsjkx7a9y",ISR059326,,32004953-5205-9326-a0fb-116a5d42049d,,,
1997,MIA,LB,LB,53,RES,Larry Izzo,Lawrence,Izzo,1974-09-26,70,220,,00-0008075,,,,,,,,,,"https://static.www.nfl.com/image/private/f_auto,q_auto/league/w5lt5oyfmcapdhhkagjl",IZZ474619,,3200495a-5a47-4619-14a4-76c2ec864f41,,,
1997,PIT,SPEC,K,13,TRC,Chris Jacke,Christopher,Jacke,1966-03-12,72,205,,00-0008080,,,,,,,,,,"https://static.www.nfl.com/image/private/f_auto,q_auto/league/dojp0h6u98xtzovhbty6",JAC009028,,32004a41-4300-9028-fced-c2e1e2c53dde,,,
1997,WAS,SPEC,K,13,ACT,Chris Jacke,Christopher,Jacke,1966-03-12,72,205,,00-0008080,,,,,,,,,,"https://static.www.nfl.com/image/private/f_auto,q_auto/league/dojp0h6u98xtzovhbty6",JAC009028,,32004a41-4300-9028-fced-c2e1e2c53dde,,,
1997,MIA,DB,CB,38,ACT,Calvin Jackson,Calvin,Jackson,1972-10-28,69,180,,00-0008099,,,,,,,,,,"https://static.www.nfl.com/image/private/f_auto,q_auto/league/stfbzawexb7tsrtf7zbo",JAC056425,,32004a41-4305-6425-216a-c394df9c8555,,,
1997,TEN,DB,DB,0,RES,Chris Jackson,Chris,Jackson,1973-09-21,72,202,,00-0008105,,,,,,,,,,"https://static.www.nfl.com/image/private/f_auto,q_auto/league/id9hlc3ovbjgklwulcxb",JAC083509,,32004a41-4308-3509-985d-ed613567b455,,,
1997,OAK,DL,DE,90,ACT,Grady Jackson,Grady,Jackson,1973-01-21,74,320,,00-0008124,,,,,,,,,,"https://static.www.nfl.com/image/private/f_auto,q_auto/league/vvflec6xdqf3ce2tuk4l",JAC185074,,32004a41-4318-5074-754d-b039054eb841,,,
1997,SD,DB,DB,42,RES,Greg Jackson,Greg,Jackson,1966-08-20,73,205,,00-0008126,,,,,,,,,,"https://static.www.nfl.com/image/private/f_auto,q_auto/league/aplfn1xfowqe6ttkors2",JAC189588,,32004a41-4318-9588-8b17-07c9ebbab031,,,
1997,PIT,OL,OT,65,ACT,John Jackson,John,Jackson,1965-01-04,78,297,,00-0008142,,,,,,,,,,"https://static.www.nfl.com/image/private/f_auto,q_auto/league/il0hal08xtydy55f3dtu",JAC243756,,32004a41-4324-3756-e231-d3152c94fae9,,,
1997,BAL,WR,WR,81,ACT,Michael Jackson,Michael,Jackson,1969-04-12,76,195,,00-0008166,,,,,,,,,,"https://static.www.nfl.com/image/private/f_auto,q_auto/league/jbn8znxlyucu64nj7qoz",JAC419788,,32004a41-4341-9788-e268-b770b2ee2937,,,
1997,BUF,DB,DB,31,ACT,Raymond Jackson,Raymond,Jackson,1973-02-17,70,189,,00-0008178,,,,,,,,,,"https://static.www.nfl.com/image/private/f_auto,q_auto/league/wgviotvvqbdr7idzn0lh",JAC467199,,32004a41-4346-7199-1f6b-bd2dfc8deb0d,,,
1997,TEN,DB,CB,24,ACT,Steve Jackson,Steven,Jackson,1969-04-08,68,182,,00-0008193,,,,,,,,,,"https://static.www.nfl.com/image/private/f_auto,q_auto/league/u6vpsblldaisu32vxpvq",JAC564250,,32004a41-4356-4250-f0ea-459488a774ec,,,
1997,TB,DL,DE,97,ACT,Tyoka Jackson,Tyoka,Jackson,1971-11-22,74,274,,00-0008202,,,,,,,,,,"https://static.www.nfl.com/image/private/f_auto,q_auto/league/jwdaphwum7kw6z3rb4xy",JAC609390,,32004a41-4360-9390-1c54-d9acd3171ee9,,,
1997,JAX,WR,WR,80,ACT,Willie Jackson,Willie,Jackson,1971-08-16,73,205,,00-0008210,,,,,,,,,,"https://static.www.nfl.com/image/private/f_auto,q_auto/league/jiidop8vptrkipivr7ba",JAC672586,,32004a41-4367-2586-d8bc-f12c9496bc33,,,
1997,MIA,DB,DB,34,ACT,Tim Jacobs,Timothy,Jacobs,1970-04-05,70,187,,00-0008221,,,,,,,,,,"https://static.www.nfl.com/image/private/f_auto,q_auto/league/mju0f6rcbuzw0ee1cbqh",JAC771894,,32004a41-4377-1894-1d58-c3db3e648a1e,,,
1997,STL,TE,TE,89,ACT,Mitch Jacoby,Mitchel,Jacoby,1973-12-08,76,260,,00-0008224,,,,,,,,,,"https://static.www.nfl.com/image/private/f_auto,q_auto/league/strjskbclrg5lcjt60qd",JAC805749,,32004a41-4380-5749-a9c6-50e6539a2701,,,
1997,IND,WR,WR,18,ACT,Nate Jacquet,Nathaniel,Jacquet,1975-09-02,72,173,,00-0008229,,,,,,,,,,"https://static.www.nfl.com/image/private/f_auto,q_auto/league/hb6mjv02t3tx4jhpnsrw",JAC808006,,32004a41-4380-8006-8532-b9f4b019b131,,,
1997,CHI,SPEC,K,1,ACT,Jeff Jaeger,Jeff,Jaeger,1964-11-26,71,190,,00-0008231,,,,,,,,,,"https://static.www.nfl.com/image/private/f_auto,q_auto/league/id1usg7bmqpep14krxdq",JAE415291,,32004a41-4541-5291-3f4c-76bf8e32795f,,,
1997,SD,LB,LB,59,ACT,Toran James,Toran,James,1974-03-08,75,240,,00-0008264,,,,,,,,,,"https://static.www.nfl.com/image/private/f_auto,q_auto/league/q0trauy5ktqjceantco5",JAM647980,,32004a41-4d64-7980-edfa-4f034d4ada88,,,
1997,DEN,DB,DB,20,RES,Tory James,Tory,James,1973-05-18,73,188,,00-0008265,,,,,,,,,,"https://static.www.nfl.com/image/private/f_auto,q_auto/league/ob8tjozs9qbbhrkvnmkv",JAM653473,,32004a41-4d65-3473-9a1b-9cbd42990584,,,
1997,DET,LB,OLB,58,ACT,George Jamison,George,Jamison,1962-09-30,73,235,,00-0008267,,,,,,,,,,"https://static.www.nfl.com/image/private/f_auto,q_auto/league/sisx9dmross8wgnmlzut",JAM797352,,32004a41-4d79-7352-344b-e7eb50bda655,,,
1997,PHI,DL,DT,74,ACT,Ed Jasper,Edward,Jasper,1973-01-18,74,295,,00-0008284,,,,,,,,,,"https://static.www.nfl.com/image/private/f_auto,q_auto/league/b806ubevop7scbqt1hkd",JAS254361,,32004a41-5325-4361-f1d8-d4470520a30e,,,
1997,BUF,DL,DE,77,RES,Jim Jeffcoat,James,Jeffcoat,1961-04-01,77,280,,00-0008297,,,,,,,,,,"https://static.www.nfl.com/image/private/f_auto,q_auto/league/nq7risxb7zvss8sowqzc",JEF051911,,32004a45-4605-1911-d544-53c5f2662246,,,
1997,DEN,WR,WR,81,ACT,Patrick Jeffers,Patrick,Jeffers,1973-02-02,75,217,,00-0008300,,,,,,,,,,"https://static.www.nfl.com/image/private/f_auto,q_auto/league/uif3iqebqlddxpovavzd",JEF095384,,32004a45-4609-5384-c8fc-2412e970186a,,,
1997,PHI,DL,DE,79,ACT,Greg Jefferson,Greg,Jefferson,1971-08-31,75,257,,00-0008306,,,,,,,,,,"https://static.www.nfl.com/image/private/f_auto,q_auto/league/shpelz7caqst4yujv8ib",JEF185396,,32004a45-4618-5396-9d3e-c63ab0d55b16,,,
1997,NE,WR,WR,84,ACT,Shawn Jefferson,Vanchi,Jefferson,1969-02-22,71,180,,00-0008313,,,,,,,,,,"https://static.www.nfl.com/image/private/f_auto,q_auto/league/jctxmibkhfjtrcms8qjc",JEF449895,,32004a45-4644-9895-ac45-a3133fd251ed,,,
1997,DET,DB,DB,25,ACT,Greg Jeffries,Greg,Jeffries,1971-10-16,69,184,,00-0008323,,,,,,,,,,"https://static.www.nfl.com/image/private/f_auto,q_auto/league/evsfnav2fknu9rjhylsa",JEF734740,,32004a45-4673-4740-f09b-872b10c528a8,,,
1997,NE,WR,WR,83,ACT,Dietrich Jells,Dietrich,Jells,1972-04-11,70,186,,00-0008329,,,,,,,,,,"https://static.www.nfl.com/image/private/f_auto,q_auto/league/mjwaemj7uzfuyooruuxn",JEL636435,,32004a45-4c63-6435-83ad-2cb5371fadf0,,,
1997,STL,DB,DB,22,ACT,Billy Jenkins,Billy,Jenkins,1974-07-08,70,205,,00-0008335,,,,,,,,,,"https://static.www.nfl.com/image/private/f_auto,q_auto/league/blyuwifxqqfqo9umccm1",JEN162218,,32004a45-4e16-2218-f1dc-b42fdb35ff7a,,,
1997,BAL,DB,CB,25,ACT,DeRon Jenkins,DeRon,Jenkins,1973-11-14,71,190,,00-0008339,,,,,,,,,,"https://static.www.nfl.com/image/private/f_auto,q_auto/league/ligmwtf0vce2tjolzjka",JEN178440,,32004a45-4e17-8440-d701-012b85b7bc82,,,
1997,WAS,TE,TE,88,ACT,James Jenkins,James,Jenkins,1967-08-17,74,249,,00-0008346,,,,,,,,,,"https://static.www.nfl.com/image/private/f_auto,q_auto/league/gymbc1fnzr84btzwwnxs",JEN268550,,32004a45-4e26-8550-1f75-e14177913248,,,
1997,NYJ,OL,OT,71,ACT,Kerry Jenkins,Kerry,Jenkins,1973-09-06,77,320,,00-0008351,,,,,,,,,,"https://static.www.nfl.com/image/private/f_auto,q_auto/league/heyqkh1z1xtrnjyspvee",JEN320898,,32004a45-4e32-0898-a1f7-02b3cb0607a2,,,
1997,CIN,WR,WR,84,ACT,Mike Jenkins,Michael,Jenkins,1974-08-25,75,200,,00-0008360,,,,,,,,,,"https://static.www.nfl.com/image/private/f_auto,q_auto/league/bukf7kndy395hsezcnrm",JEN421768,,32004a45-4e42-1768-ec45-5328e61dc4d5,,,
1997,NO,OL,OT,72,ACT,Trezelle Jenkins,Trezelle,Jenkins,1973-03-13,79,317,,00-0008367,,,,,,,,,,"https://static.www.nfl.com/image/private/f_auto,q_auto/league/fmwvu86anfawyjqwadfw",JEN433448,,32004a45-4e43-3448-a92e-c23e1c0684a5,,,
1997,KC,OL,OT,74,TRC,Trezelle Jenkins,Trezelle,Jenkins,1973-03-13,79,317,,00-0008367,,,,,,,,,,"https://static.www.nfl.com/image/private/f_auto,q_auto/league/fmwvu86anfawyjqwadfw",JEN433448,,32004a45-4e43-3448-a92e-c23e1c0684a5,,,
1997,SD,TE,TE,83,ACT,Bryan Jennings,Bryan,Jennings,1975-01-22,75,258,,00-0008370,,,,,,,,,,"https://static.www.nfl.com/image/private/f_auto,q_auto/league/a5cogokvf9ejiecc1rb0",JEN460690,,32004a45-4e46-0690-c378-845721bef1ab,,,
1997,CHI,TE,TE,85,CUT,Keith Jennings,Keith,Jennings,1966-05-19,76,275,,00-0008376,,,,,,,,,,"https://static.www.nfl.com/image/private/f_auto,q_auto/league/mgcu7fwr4ah3lnwlithj",JEN545055,,32004a45-4e54-5055-d9dd-8bc71a0f23b8,,,
1997,NO,OL,OT,64,PUP,Mike Jerich,Mike,Jerich,1972-07-10,77,295,,00-0008388,,,,,,,,,,"https://static.www.nfl.com/image/private/f_auto,q_auto/league/of2xolsv54fbvqpqvm6g",JER387605,,32004a45-5238-7605-8142-3b46110ab2ae,,,
1997,GB,RB,RB,32,ACT,Travis Jervey,Travis,Jervey,1972-05-05,72,222,,00-0008391,,,,,,,,,,"https://static.www.nfl.com/image/private/f_auto,q_auto/league/k3skuauokzyykhxxyyxe",JER599865,,32004a45-5259-9865-65cb-92a7dc18c54b,,,
1997,NYG,TE,TE,48,RES,Brandon Jessie,Brandon,Jessie,1974-05-20,78,255,,00-0008393,,,,,,,,,,"https://static.www.nfl.com/image/private/f_auto,q_auto/league/o2i24terzzirlkjtfjmm",JES320982,,32004a45-5332-0982-f005-9a6867911bbf,,,
1997,OAK,WR,WR,82,ACT,James Jett,James,Jett,1970-12-28,70,165,,00-0008400,,,,,,,,,,"https://static.www.nfl.com/image/private/f_auto,q_auto/league/adqgmo5pmowzs7vk4qcx",JET633634,,32004a45-5463-3634-239e-32195586c7c4,,,
1997,DET,SPEC,P,18,ACT,John Jett,John,Jett,1968-11-11,72,199,,00-0008401,,,,,,,,,,"https://static.www.nfl.com/image/private/f_auto,q_auto/league/zn5tbb8uwcxtahmix8kk",JET645634,,32004a45-5464-5634-ef5d-0b949d5416e8,,,
1997,DET,OL,OT,70,ACT,Andre Johnson,Andre,Johnson,1973-08-25,77,311,,00-0008428,,,,,,,,,,"https://static.www.nfl.com/image/private/f_auto,q_auto/league/e1healp7xbeoqcjngihc",JOH057069,,32004a4f-4805-7069-5e24-ab76a266fab1,,,
1997,MIA,OL,OT,67,TRC,Andre Johnson,Andre,Johnson,1973-08-25,77,311,,00-0008428,,,,,,,,,,"https://static.www.nfl.com/image/private/f_auto,q_auto/league/e1healp7xbeoqcjngihc",JOH057069,,32004a4f-4805-7069-5e24-ab76a266fab1,,,
1997,CAR,RB,RB,23,ACT,Anthony Johnson,Anthony,Johnson,1967-10-25,72,225,,00-0008430,,,,,,,,,,"https://static.www.nfl.com/image/private/f_auto,q_auto/league/n8lrvxidbxfpitenqrg3",JOH058284,,32004a4f-4805-8284-6362-ca5328e5b6d2,,,
1997,STL,DL,DT,79,ACT,Bill Johnson,William,Johnson,1968-12-08,76,305,,00-0008435,,,,,,,,,,"https://static.www.nfl.com/image/private/f_auto,q_auto/league/xzml9qewwkv3sllpcnp8",JOH760120,,32004a4f-4876-0120-8130-696eba779d5a,,,
1997,MIN,QB,QB,14,RES,Brad Johnson,James,Johnson,1968-09-13,77,219,,00-0008442,,,,,,,,,,"https://static.www.nfl.com/image/private/f_auto,q_auto/league/rnzt7iobyak7at4wf6uf",JOH322990,,32004a4f-4832-2990-ebe9-e63df84376d5,,,
1997,PIT,WR,WR,81,ACT,Charles Johnson,Charles,Johnson,1972-01-03,72,195,,00-0008454,,,,,,,,,,"https://static.www.nfl.com/image/private/f_auto,q_auto/league/zhegs7umppomxakfo8yj",JOH118334,,32004a4f-4811-8334-1cf7-bed77680530c,,,
1997,CHI,DB,CB,35,ACT,Clyde Johnson,Clyde,Johnson,1970-05-22,70,191,,00-0008462,,,,,,,,,,"https://static.www.nfl.com/image/private/f_auto,q_auto/league/mybjyvfxlhnmkn2xljzf",JOH135388,,32004a4f-4813-5388-3ca5-1fd2a5a06a63,,,
1997,KC,DB,CB,23,TRC,Clyde Johnson,Clyde,Johnson,1970-05-22,70,191,,00-0008462,,,,,,,,,,"https://static.www.nfl.com/image/private/f_auto,q_auto/league/mybjyvfxlhnmkn2xljzf",JOH135388,,32004a4f-4813-5388-3ca5-1fd2a5a06a63,,,
1997,DEN,DB,DB,25,ACT,Darrius Johnson,Darrius,Johnson,1973-05-18,69,175,,00-0008471,,,,,,,,,,"https://static.www.nfl.com/image/private/f_auto,q_auto/league/k4xlgjtdueorh1kwg32d",JOH167566,,32004a4f-4816-7566-ddd6-272cb5cf5073,,,
1997,IND,DL,DT,62,ACT,Ellis Johnson,Ellis,Johnson,1973-10-30,74,292,,00-0008494,,,,,,,,,,"https://static.www.nfl.com/image/private/f_auto,q_auto/league/gwg2raaxce3h2txtbubv",JOH220993,,32004a4f-4822-0993-3282-4dfceede87d0,,,
1997,IND,OL,C,60,CUT,Jason Johnson,Jason,Johnson,1974-02-06,75,281,,00-0008532,,,,,,,,,,"https://static.www.nfl.com/image/private/f_auto,q_auto/league/gu1sova9yfn5kqowjkne",JOH339585,,32004a4f-4833-9585-16b9-6a789bf5b562,,,
1997,PHI,TE,TE,88,ACT,Jimmie Johnson,Jimmie,Johnson,1966-10-06,74,257,,00-0008538,,,,,,,,,,"https://static.www.nfl.com/image/private/f_auto,q_auto/league/d0xxnqkytyexwbejhsns",JOH354561,,32004a4f-4835-4561-7693-c302abf4e2ee,,,
1997,NO,DL,DE,94,ACT,Joe Johnson,Joseph,Johnson,1972-07-11,76,270,,00-0008541,,,,,,,,,,"https://static.www.nfl.com/image/private/f_auto,q_auto/league/nck2thlykevyw2x9l2sy",JOH390894,,32004a4f-4839-0894-c785-fd83a0953e19,,,
1997,OAK,DL,DT,98,ACT,Kevin Johnson,Kevin,Johnson,1970-10-30,73,305,,00-0008558,,,,,,,,,,"https://static.www.nfl.com/image/private/f_auto,q_auto/league/qwj4yqtwstrh04cyyna3",JOH399250,,32004a4f-4839-9250-9c08-54e57707fe0c,,,
1997,NYJ,WR,WR,19,ACT,Keyshawn Johnson,Keyshawn,Johnson,1972-07-22,75,210,,00-0008561,,,,,,,,,,"https://static.www.nfl.com/image/private/f_auto,q_auto/league/oq8amqfd5dkugc2mdmsk",JOH399395,,32004a4f-4839-9395-d7fc-5b3976e18692,,,
1997,CIN,SPEC,P,11,ACT,Lee Johnson,Leland,Johnson,1961-11-27,74,200,,00-0008566,,,,,,,,,,"https://static.www.nfl.com/image/private/f_auto,q_auto/league/qqwycnjlplkderuuqdpw",JOH399531,,32004a4f-4839-9531-2a88-ad766c1ea932,,,
1997,NYJ,RB,RB,32,ACT,Leon Johnson,William,Johnson,1974-07-13,72,215,,00-0008568,,,,,,,,,,"https://static.www.nfl.com/image/private/f_auto,q_auto/league/s0dnz6k8biz2cgmsczds",JOH770022,,32004a4f-4877-0022-de85-f42d0c0bd6fa,,,
1997,ARI,RB,RB,32,ACT,LeShon Johnson,LeShon,Johnson,1971-01-15,72,207,,00-0008570,,,,,,,,,,"https://static.www.nfl.com/image/private/f_auto,q_auto/league/ysq10o0gvcxoy2ry9ukg",JOH400051,,32004a4f-4840-0051-b022-b9952a6af7e2,,,
1997,BUF,TE,TE,84,ACT,Lonnie Johnson,Lonnie,Johnson,1971-02-14,75,240,,00-0008572,,,,,,,,,,"https://static.www.nfl.com/image/private/f_auto,q_auto/league/qoxkv4dxscj2irwa9qes",JOH418801,,32004a4f-4841-8801-8d22-5dcd7e846b72,,,
1997,TB,DB,FS,25,ACT,Melvin Johnson,Melvin,Johnson,1972-04-15,72,204,,00-0008581,,,,,,,,,,"https://static.www.nfl.com/image/private/f_auto,q_auto/league/hjnha1qejiij5ofpn8mm",JOH503913,,32004a4f-4850-3913-9005-de46044cc4c2,,,
1997,PIT,SPEC,K,9,ACT,Norm Johnson,Norman,Johnson,1960-05-31,74,203,,00-0008593,,,,,,,,,,"https://static.www.nfl.com/image/private/f_auto,q_auto/league/wdhcut1fjkdtpzvsxyqm",JOH553698,,32004a4f-4855-3698-f890-86772850dca4,,,
1997,NYJ,LB,ILB,52,RES,Pepper Johnson,Thomas,Johnson,1964-07-29,75,259,,00-0008599,,,,,,,,,,"https://static.www.nfl.com/image/private/f_auto,q_auto/league/ukk1ab1sgvwwdw4i2yib",JOH679980,,32004a4f-4867-9980-6ebc-0558d0b44d3e,,,
1997,SD,DL,DE,99,ACT,Raylee Johnson,Raylee,Johnson,1970-06-01,75,265,,00-0008603,,,,,,,,,,"https://static.www.nfl.com/image/private/f_auto,q_auto/league/hoyajow2aken2a9iiv63",JOH594982,,32004a4f-4859-4982-7e62-401f53dffbb6,,,
1997,GB,TE,TE,88,CUT,Reggie Johnson,Reginald,Johnson,1968-01-27,74,256,,00-0008604,,,,,,,,,,"https://static.www.nfl.com/image/private/f_auto,q_auto/league/xuhtktgyzgbndvybolho",JOH601053,,32004a4f-4860-1053-ab11-d4d2b5d22e0c,,,
1997,JAX,QB,QB,11,ACT,Rob Johnson,Rob,Johnson,1973-03-18,76,214,,00-0008612,,,,,,,,,,"https://static.www.nfl.com/image/private/f_auto,q_auto/league/uz2yoboeoow7si4hmtds",JOH625847,,32004a4f-4862-5847-407b-2a2156b13b38,,,
1997,NE,LB,MLB,52,ACT,Ted Johnson,Ted,Johnson,1972-12-04,76,240,,00-0008629,,,,,,,,,,"https://static.www.nfl.com/image/private/f_auto,q_auto/league/oknclao3zdnfc1brj66e",JOH677551,,32004a4f-4867-7551-a0bf-83494715fd0b,,,
1997,NO,TE,TE,86,CUT,Tony Johnson,Tony,Johnson,1972-02-05,77,255,,00-0008637,,,,,,,,,,"https://static.www.nfl.com/image/private/f_auto,q_auto/league/x5jodidltkl7ycfnwheo",JOH694146,,32004a4f-4869-4146-7cd5-b8008e6a470b,,,
1997,WAS,OL,G,77,RES,Tre' Johnson,Edward,Johnson,1971-08-30,74,326,,00-0008640,,,,,,,,,,"https://static.www.nfl.com/image/private/f_auto,q_auto/league/rf9l6wiymbwdgsejz23c",JOH219779,,32004a4f-4821-9779-ce99-c4e7b421e05b,,,
1997,DAL,RB,FB,48,ACT,Daryl Johnston,Daryl,Johnston,1966-02-10,74,242,,00-0008660,,,,,,,,,,"https://static.www.nfl.com/image/private/f_auto,q_auto/league/oedbekojj3qxlibchwuo",JOH806262,,32004a4f-4880-6262-e845-e382d5c1077e,,,
1997,OAK,DL,DE,51,ACT,Lance Johnstone,Lance,Johnstone,1973-06-11,76,252,,00-0008664,,,,,,,,,,"https://static.www.nfl.com/image/private/f_auto,q_auto/league/ovghx4ssbjbgcxzddemd",JOH828137,,32004a4f-4882-8137-7b0f-7385e137509a,,,
1997,ARI,OL,OT,66,RES,Eric Jonassen,Eric,Jonassen,1968-08-16,77,310,,00-0008674,,,,,,,,,,"https://static.www.nfl.com/image/private/f_auto,q_auto/league/jhol57ayrpt2axah7nrr",JON023254,,32004a4f-4e02-3254-35b3-abc92737b742,,,
1997,SF,TE,TE,84,ACT,Brent Jones,Brent,Jones,1963-02-12,76,230,,00-0008691,,,,,,,,,,"https://static.www.nfl.com/image/private/f_auto,q_auto/league/scmatj2gzboq1sftqzqd",JON106304,,32004a4f-4e10-6304-55f9-b08fd4915f1a,,,
1997,NO,LB,LB,58,RES,Brian Jones,Brian,Jones,1968-01-22,73,240,,00-0008692,,,,,,,,,,"https://static.www.nfl.com/image/private/f_auto,q_auto/league/fqdm3vo8trzxflqrbgok",JON108961,,32004a4f-4e10-8961-70cc-d233ecd616fd,,,
1997,NYG,DL,DE,94,RES,Cedric Jones,Cedric,Jones,1974-04-30,76,285,,00-0008703,,,,,,,,,,"https://static.www.nfl.com/image/private/f_auto,q_auto/league/kk9zvv7mikxfeztfk6kq",JON156134,,32004a4f-4e15-6134-67b6-6128d527adfd,,,
1997,SD,WR,WR,82,ACT,Charlie Jones,Charlie,Jones,1972-12-01,68,175,,00-0008704,,,,,,,,,,"https://static.www.nfl.com/image/private/f_auto,q_auto/league/hg3do6v7wulxxotxtsw0",JON161117,,32004a4f-4e16-1117-fd86-236f43493afa,,,
1997,PHI,WR,WR,82,ACT,Chris T. Jones,Christopher,Jones,1971-08-07,75,209,,00-0008709,,,,,,,,,,"https://static.www.nfl.com/image/private/f_auto,q_auto/league/jfchxnvh0zqvdqhnqjbx",JON162778,,32004a4f-4e16-2778-8041-e25f5b8c693b,,,
1997,NO,OL,OT,74,ACT,Clarence Jones,Clarence,Jones,1968-05-06,78,280,,00-0008711,,,,,,,,,,"https://static.www.nfl.com/image/private/f_auto,q_auto/league/wjxegkkxajug7swdngco",JON171913,,32004a4f-4e17-1913-7f1a-aa57201c7f65,,,
1997,JAX,TE,TE,88,ACT,Damon Jones,Damon,Jones,1974-09-18,77,275,,00-0008723,,,,,,,,,,"https://static.www.nfl.com/image/private/f_auto,q_auto/league/zlfuxjqsyyacyslywrba",JON191015,,32004a4f-4e19-1015-baf2-f78463166531,,,
1997,PIT,LB,OLB,54,ACT,Donta Jones,Markeysia,Jones,1972-08-27,74,226,,00-0008738,,,,,,,,,,"https://static.www.nfl.com/image/private/f_auto,q_auto/league/llol0m04sh2qvpuv0zev",JON591316,,32004a4f-4e59-1316-c6ee-65dbef0fadf1,,,
1997,DEN,DL,DE,72,ACT,Ernest Jones,Ernest,Jones,1971-04-01,74,270,,00-0008745,,,,,,,,,,"https://static.www.nfl.com/image/private/f_auto,q_auto/league/mg6e3spfi0x2znzxr918",JON295658,,32004a4f-4e29-5658-3b12-464b9824eafc,,,
1997,SD,TE,TE,88,RES,Freddie Jones,Freddie,Jones,1974-09-16,77,265,,00-0008749,,,,,,,,,,"https://static.www.nfl.com/image/private/f_auto,q_auto/league/gfqlhiqdcrxyuzbemvjw",JON318912,,32004a4f-4e31-8912-615c-5130cfea1c2c,,,
1997,PIT,RB,RB,43,ACT,George Jones,George,Jones,1973-12-31,69,204,,00-0008751,,,,,,,,,,"https://static.www.nfl.com/image/private/f_auto,q_auto/league/mzwnxxg3zmvwjmhuubuf",JON335522,,32004a4f-4e33-5522-96d4-75562bf61b63,,,
1997,WAS,LB,LB,54,ACT,Greg Jones,Gregory,Jones,1974-05-22,76,238,,00-0008755,,,,,,,,,,"https://static.www.nfl.com/image/private/f_auto,q_auto/league/cl2faeghfqkw3gsxdogu",JON355454,,32004a4f-4e35-5454-2dec-2c5597592ee8,,,
1997,BUF,DB,S,20,ACT,Henry Jones,Henry,Jones,1967-12-29,72,197,,00-0008761,,,,,,,,,,"https://static.www.nfl.com/image/private/f_auto,q_auto/league/p1gc0p1pyncnfioaghag",JON382030,,32004a4f-4e38-2030-edd4-27f7ae4ce1b2,,,
1997,BAL,DL,DT,97,ACT,James Jones,James,Jones,1969-02-06,74,290,,00-0008764,,,,,,,,,,"https://static.www.nfl.com/image/private/f_auto,q_auto/league/kbkmkymsbconfuppt76w",JON423001,,32004a4f-4e42-3001-3e7f-1951a3756336,,,
1997,PHI,DL,DT,98,ACT,Jimmie Jones,Jimmie,Jones,1966-01-09,76,285,,00-0008779,,,,,,,,,,"https://static.www.nfl.com/image/private/f_auto,q_auto/league/wkyk2wgw4ewuz2n2vssc",JON468402,,32004a4f-4e46-8402-6f2d-2ff5be66f498,,,
1997,DEN,OL,C,60,RES,K.C. Jones,Kirk,Jones,1974-03-28,73,260,,00-0008790,,,,,,,,,,"https://static.www.nfl.com/image/private/f_auto,q_auto/league/hinslik6rwb5k0sffpsa",JON521554,,32004a4f-4e52-1554-1ade-802fac7cbf5d,,,
1997,TEN,LB,LB,57,ACT,Lenoy Jones,Lenoy,Jones,1974-09-25,73,230,,00-0008811,,,,,,,,,,"https://static.www.nfl.com/image/private/f_auto,q_auto/league/yjhswayiab8hgvygzsvi",JON570864,,32004a4f-4e57-0864-4430-b8ebe9e7b756,,,
1997,TB,DL,DT,78,RES,Marcus Jones,Marcus,Jones,1973-08-15,78,286,,00-0008817,,,,,,,,,,"https://static.www.nfl.com/image/private/f_auto,q_auto/league/zmcq3k44umnxvsyomlvm",JON587994,,32004a4f-4e58-7994-3908-3f8fe7e4330c,,,
1997,NYJ,LB,ILB,55,ACT,Marvin Jones,Marvin,Jones,1972-06-28,74,249,,00-0008819,,,,,,,,,,"https://static.www.nfl.com/image/private/f_auto,q_auto/league/knwtniudmpy9panaodxi",JON602943,,32004a4f-4e60-2943-8b14-8d6f87c7f84b,,,
1997,STL,LB,OLB,52,ACT,Mike A. Jones,Michael,Jones,1969-04-15,73,240,,00-0008823,,,,,,,,,,"https://static.www.nfl.com/image/private/f_auto,q_auto/league/tkclzfranaq3dmqlyicl",JON624161,,32004a4f-4e62-4161-3e39-bc19382d0faa,,,
1997,NE,DL,DE,96,ACT,Mike D. Jones,Michael,Jones,1969-08-25,76,280,,00-0008831,,,,,,,,,,"https://static.www.nfl.com/image/private/f_auto,q_auto/league/kha6st3eblt02jcdibxn",JON626348,,32004a4f-4e62-6348-f580-0cde7fa2478b,,,
1997,KC,WR,WR,9,RES,Reggie Jones,Reginald Lee,Jones,1971-05-08,72,175,,00-0008841,,,,,,,,,,"https://static.www.nfl.com/image/private/f_auto,q_auto/league/cgxxj1pzkqje4m2jaan3",JON653228,,32004a4f-4e65-3228-f4ca-56af72b85790,,,
1997,STL,LB,MLB,55,ACT,Robert Jones,Robert,Jones,1969-09-27,75,249,,00-0008853,,,,,,,,,,"https://static.www.nfl.com/image/private/f_auto,q_auto/league/svr9lietnloxxgyhbbia",JON680271,,32004a4f-4e68-0271-791d-5ad5de585f9a,,,
1997,CIN,OL,OT,60,ACT,Rod Jones,Rodrek,Jones,1974-01-11,76,315,,00-0008856,,,,,,,,,,"https://static.www.nfl.com/image/private/f_auto,q_auto/league/d91e1ua5qr0lecbkliri",JON698616,,32004a4f-4e69-8616-4175-80834434976a,,,
1997,TEN,DB,DB,38,RES,Roger Jones,Roger,Jones,1969-04-22,69,175,,00-0008858,,,,,,,,,,"https://static.www.nfl.com/image/private/f_auto,q_auto/league/gguar26z10ygdwhvhpq8",JON699613,,32004a4f-4e69-9613-427b-63586eb7e857,,,
1997,CIN,DB,DB,24,TRT,Roger Jones,Roger,Jones,1969-04-22,69,175,,00-0008858,,,,,,,,,,"https://static.www.nfl.com/image/private/f_auto,q_auto/league/gguar26z10ygdwhvhpq8",JON699613,,32004a4f-4e69-9613-427b-63586eb7e857,,,
1997,BAL,DB,FS,31,ACT,Rondell Jones,Rondell,Jones,1971-05-07,74,210,,00-0008860,,,,,,,,,,"https://static.www.nfl.com/image/private/f_auto,q_auto/league/qjg9dkepgdqsvq0jkase",JON707586,,32004a4f-4e70-7586-c9f7-f988273ef258,,,
1997,DEN,DB,DB,24,RES,Selwyn Jones,Selwyn,Jones,1970-05-13,72,192,,00-0008866,,,,,,,,,,"https://static.www.nfl.com/image/private/f_auto,q_auto/league/zmim8rrka4clylfrteqa",JON718333,,32004a4f-4e71-8333-6b4a-17334abe160f,,,
1997,DEN,OL,OT,77,ACT,Tony Jones,Tony,Jones,1966-05-24,77,290,,00-0008886,,,,,,,,,,"https://static.www.nfl.com/image/private/f_auto,q_auto/league/aspjoltl7eqqgvytapgq",JON764060,,32004a4f-4e76-4060-3259-3dbb674a70de,,,
1997,SEA,OL,OT,71,ACT,Walter Jones,Walter,Jones,1974-01-19,77,300,,00-0008894,,,,,,,,,,"https://static.www.nfl.com/image/private/f_auto,q_auto/league/x1cyk4dzlwh0wk23iuj6",JON795619,,32004a4f-4e79-5619-448b-e3a33acead60,,,
1997,MIN,TE,TE,89,TRT,Andrew Jordan,Andrew,Jordan,1972-06-21,76,260,,00-0008903,,,,,,,,,,"https://static.www.nfl.com/image/private/f_auto,q_auto/league/y2cvjdo8a17lostznqh9",JOR024862,,32004a4f-5202-4862-3613-96727abd160b,,,
1997,TB,TE,TE,48,ACT,Andrew Jordan,Andrew,Jordan,1972-06-21,76,260,,00-0008903,,,,,,,,,,"https://static.www.nfl.com/image/private/f_auto,q_auto/league/y2cvjdo8a17lostznqh9",JOR024862,,32004a4f-5202-4862-3613-96727abd160b,,,
1997,MIA,WR,WR,88,ACT,Charles Jordan,Charles,Jordan,1969-10-09,71,185,,00-0008907,,,,,,,,,,"https://static.www.nfl.com/image/private/f_auto,q_auto/league/hrkfklazca8kgduppobu",JOR061724,,32004a4f-5206-1724-ece8-c6413cdd76fa,,,
1997,JAX,RB,RB,23,ACT,Randy Jordan,Randy,Jordan,1970-06-06,71,213,,00-0008921,,,,,,,,,,"https://static.www.nfl.com/image/private/f_auto,q_auto/league/qikom0sqarsx06xny7co",JOR529642,,32004a4f-5252-9642-1a48-d2b01c5ff837,,,
1997,DET,LB,LB,99,ACT,Richard Jordan,Richard,Jordan,1974-12-01,73,265,,00-0008922,,,,,,,,,,"https://static.www.nfl.com/image/private/f_auto,q_auto/league/suwzdicaxpwisck7vc9z",JOR535661,,32004a4f-5253-5661-2277-453d966585e6,,,
1997,ARI,OL,G,73,ACT,Matt Joyce,Matthew,Joyce,1972-03-30,79,313,,00-0008950,,,,,,,,,,"https://static.www.nfl.com/image/private/f_auto,q_auto/league/z7feqnbkkjg8u3mkxnoo",JOY185396,,32004a4f-5918-5396-928d-38f58c2cca43,,,
1997,GB,LB,OLB,54,ACT,Seth Joyner,Seth,Joyner,1964-11-18,74,245,,00-0008953,,,,,,,,,,"https://static.www.nfl.com/image/private/f_auto,q_auto/league/i9hywjkrax4kwjid5nzi",JOY593270,,32004a4f-5959-3270-69ac-75c58591cf89,,,
1997,ARI,TE,TE,86,ACT,Trey Junkin,Abner,Junkin,1961-01-23,74,258,,00-0008961,,,,,,,,,,"https://static.www.nfl.com/image/private/f_auto,q_auto/league/coo5knlaa6axzkrzq2rs",JUN498348,,32004a55-4e49-8348-c78d-09386823c18a,,,
1997,JAX,DL,DT,64,RES,John Jurkovic,Ivan,Jurkovic,1967-08-18,74,306,,00-0008966,,,,,,,,,,"https://static.www.nfl.com/image/private/f_auto,q_auto/league/c5lhaqgi8snnr9c2fc68",JUR606770,,32004a55-5260-6770-2180-f4e108a09fdd,,,
1997,IND,QB,QB,11,RES,Paul Justin,Paul,Justin,1968-05-19,76,211,,00-0008970,,,,,,,,,,"https://static.www.nfl.com/image/private/f_auto,q_auto/league/wagwpbdf4lfhf4qjwke8",JUS640238,,32004a55-5364-0238-649b-3ed4cabf165a,,,
1997,PHI,DL,DE,53,ACT,N. D. Kalu,Ndukwe,Kalu,1975-08-03,75,245,,00-0009001,,,,,,,,,,"https://static.www.nfl.com/image/private/f_auto,q_auto/league/ntyah8tgcucbzzo6avo1",KAL726758,,32004b41-4c72-6758-3775-e419565b2668,,,
1997,NYG,QB,QB,13,ACT,Danny Kanell,Daniel,Kanell,1973-11-21,75,215,,00-0009007,,,,,,,,,,"https://static.www.nfl.com/image/private/f_auto,q_auto/league/xfagnwy90alhzdypsnn4",KAN382648,,32004b41-4e38-2648-b46a-bf8ba735797a,,,
1997,CAR,SPEC,K,4,ACT,John Kasay,John,Kasay,1969-10-27,70,198,,00-0009028,,,,,,,,,,"https://static.www.nfl.com/image/private/f_auto,q_auto/league/t7fvhg0upkp9gojwojx7",KAS023070,,32004b41-5302-3070-bece-a9bec4adbea8,,,
1997,OAK,RB,RB,26,ACT,Napoleon Kaufman,Napoleon,Kaufman,1973-06-07,69,185,,00-0009038,,,,,,,,,,"https://static.www.nfl.com/image/private/f_auto,q_auto/league/jvxth3bcfblxhpihc2rw",KAU366462,,32004b41-5536-6462-6e0c-681e32069545,,,
1997,STL,LB,LB,59,ACT,Muadianvita Kazadi,Muadianvita,Kazadi,1973-12-20,74,240,,00-0009047,,,,,,,,,,"https://static.www.nfl.com/image/private/f_auto,q_auto/league/tr1fmgqaxjko9d2tklvn",KAZ059326,,32004b41-5a05-9326-7333-51844d1c15a5,,,
1997,NO,DB,DB,33,ACT,Rob Kelly,Robert,Kelly,1974-06-21,72,199,,00-0009120,,,,,,,,,,"https://static.www.nfl.com/image/private/f_auto,q_auto/league/fguvk9vsyqrj1sf32seq",KEL733257,,32004b45-4c73-3257-28e3-947abee47791,,,
1997,SEA,OL,G,66,ACT,Pete Kendall,Peter,Kendall,1973-07-09,77,292,,00-0009137,,,,,,,,,,"https://static.www.nfl.com/image/private/f_auto,q_auto/league/ktm1r6dsrjmjviysteyc",KEN043723,,32004b45-4e04-3723-1ad6-ef5570bd45a1,,,
1997,SEA,DL,DT,96,RES,Cortez Kennedy,Cortez,Kennedy,1968-08-23,75,306,,00-0009148,,,,,,,,,,"https://static.www.nfl.com/image/private/f_auto,q_auto/league/pvge87lv7e5y1rcupvsv",KEN365453,,32004b45-4e36-5453-732a-1dadfe2da573,,,
1997,OAK,OL,OT,72,ACT,Lincoln Kennedy,Tamerlane,Kennedy,1971-02-12,78,325,,00-0009150,,,,,,,,,,"https://static.www.nfl.com/image/private/f_auto,q_auto/league/jnop4selxqds96wm1vtw",KEN555041,,32004b45-4e55-5041-8a16-1fafaa8e0b70,,,
1997,STL,WR,WR,88,ACT,Eddie Kennison,Eddie,Kennison,1973-01-20,72,195,,00-0009163,,,,,,,,,,"https://static.www.nfl.com/image/private/f_auto,q_auto/league/wh50rjege8ht41ht5yw9",KEN711183,,32004b45-4e71-1183-a177-5c53793fcd4b,,,
1997,TEN,WR,WR,86,ACT,Joey Kent,Joseph,Kent,1974-04-23,73,188,,00-0009165,,,,,,,,,,"https://static.www.nfl.com/image/private/f_auto,q_auto/league/dvadcpx9zdr9zoc0o4tj",KEN743656,,32004b45-4e74-3656-2a19-8bea33cb5cd0,,,
1997,BUF,DB,CB,46,RES,Marlon Kerner,Marlon,Kerner,1973-03-18,70,187,,00-0009172,,,,,,,,,,"https://static.www.nfl.com/image/private/f_auto,q_auto/league/zd6ui0jez5siutsxxrxs",KER446643,,32004b45-5244-6643-4b6f-56284a06ccf9,,,
1997,CHI,DL,DT,73,RES,Marcus Keyes,Willis,Keyes,1973-12-20,75,303,,00-0009193,,,,,,,,,,"https://static.www.nfl.com/image/private/f_auto,q_auto/league/dkykrj6ixi4rc1tghylo",KEY381148,,32004b45-5938-1148-6970-e0054bd4fbbc,,,
1997,MIA,SPEC,P,17,ACT,John Kidd,Max,Kidd,1961-08-22,75,215,,00-0009204,,,,,,,,,,"https://static.www.nfl.com/image/private/f_auto,q_auto/league/ljpt6pzsnyns5an1efyl",KID415290,,32004b49-4441-5290-3591-77f061622866,,,
1997,TEN,LB,LB,50,ACT,Terry Killens,Terry,Killens,1974-03-24,73,232,,00-0009219,,,,,,,,,,"https://static.www.nfl.com/image/private/f_auto,q_auto/league/xtigw83t4au3mvgeomzm",KIL306705,,32004b49-4c30-6705-1d8b-8b9bd5c348f1,,,
1997,BAL,TE,TE,88,ACT,Brian Kinchen,Brian,Kinchen,1965-08-06,74,240,,00-0009237,,,,,,,,,,"https://static.www.nfl.com/image/private/f_auto,q_auto/league/u75srtqyythxjmcgssdm",KIN090606,,32004b49-4e09-0606-98bf-9b3f852363e7,,,
1997,ATL,WR,WR,89,ACT,Todd Kinchen,Todd,Kinchen,1969-01-07,71,187,,00-0009238,,,,,,,,,,"https://static.www.nfl.com/image/private/f_auto,q_auto/league/ofzpgobbgutvslhy5rm9",KIN098156,,32004b49-4e09-8156-7696-3b1ae0af25bd,,,
1997,GB,RB,RB,43,TRD,Randy Kinder,Randolph,Kinder,1975-04-04,73,213,,00-0009239,,,,,,,,,,"https://static.www.nfl.com/image/private/f_auto,q_auto/league/yib2iiyapqndip02yxq4",KIN101931,,32004b49-4e10-1931-b50e-e50769bab6ba,,,
1997,PHI,RB,RB,43,ACT,Randy Kinder,Randolph,Kinder,1975-04-04,73,213,,00-0009239,,,,,,,,,,"https://static.www.nfl.com/image/private/f_auto,q_auto/league/yib2iiyapqndip02yxq4",KIN101931,,32004b49-4e10-1931-b50e-e50769bab6ba,,,
1997,NO,OL,G,61,CUT,Ed King,Ed,King,1969-12-03,76,300,,00-0009253,,,,,,,,,,"https://static.www.nfl.com/image/private/f_auto,q_auto/league/ezyge4wqlqghfrsxon1m",KIN415277,,32004b49-4e41-5277-2d28-e5ba36b0946d,,,
1997,CAR,DL,DE,96,RES,Shawn King,Shawn,King,1972-06-24,75,278,,00-0009267,,,,,,,,,,"https://static.www.nfl.com/image/private/f_auto,q_auto/league/qe9gdvvkbj7jvwjpwsx2",KIN636129,,32004b49-4e63-6129-1954-dfea4477acb8,,,
1997,WAS,DL,DE,97,ACT,Kelvin Kinney,Kelvin,Kinney,1972-12-31,78,264,,00-0009279,,,,,,,,,,"https://static.www.nfl.com/image/private/f_auto,q_auto/league/mgbai1hromfv3fzlscbn",KIN756727,,32004b49-4e75-6727-6359-b1518555d657,,,
1997,SF,RB,RB,41,ACT,Terry Kirby,Terry,Kirby,1970-01-20,73,213,,00-0009288,,,,,,,,,,"https://static.www.nfl.com/image/private/f_auto,q_auto/league/bhvxmn3s2kesdtgg0qkm",KIR099428,,32004b49-5209-9428-4298-b8b899d299cb,,,
1997,SF,LB,LB,57,ACT,Randy Kirk,Randall,Kirk,1964-12-27,74,231,,00-0009293,,,,,,,,,,"https://static.www.nfl.com/image/private/f_auto,q_auto/league/ams2xeklm61hhc8a2pg8",KIR393426,,32004b49-5239-3426-2479-8cf2f98aafd4,,,
1997,PIT,LB,ILB,99,ACT,Levon Kirkland,Lorenzo,Kirkland,1969-02-17,73,274,,00-0009298,,,,,,,,,,"https://static.www.nfl.com/image/private/f_auto,q_auto/league/paim9l1iq9zgn23xgkcm",KIR520594,,32004b49-5252-0594-751a-3408f0ee3029,,,
1997,DET,DL,DT,67,ACT,Travis Kirschke,Travis,Kirschke,1974-09-06,75,277,,00-0009305,,,,,,,,,,"https://static.www.nfl.com/image/private/f_auto,q_auto/league/a88cz9zikeblhsptl6y2",KIR801429,,32004b49-5280-1429-4a55-4ecc096f7dcd,,,
1997,SEA,QB,QB,7,ACT,Jon Kitna,Jon,Kitna,1972-09-21,74,217,,00-0009311,,,,,,,,,,"https://static.www.nfl.com/image/private/f_auto,q_auto/league/rxrfxfbom7grkpnv94cp",KIT155733,,32004b49-5415-5733-661c-206803339fde,,,
1997,MIA,LB,LB,48,ACT,Jim Kitts,James,Kitts,1972-12-28,74,243,,00-0009314,,,,,,,,,,"https://static.www.nfl.com/image/private/f_auto,q_auto/league/bt84hntahkiz1eu0hwhn",KIT428790,,32004b49-5442-8790-fd89-d80bb9c14b7c,,,
1997,OAK,QB,QB,7,ACT,David Klingler,David,Klingler,1969-02-17,75,215,,00-0009331,,,,,,,,,,"https://static.www.nfl.com/image/private/f_auto,q_auto/league/awileyiayqolyddhirtg",KLI677214,,32004b4c-4967-7214-f7b7-874ae2e56f8b,,,
1997,NO,DB,FS,29,ACT,Sammy Knight,Sammy,Knight,1975-09-10,72,205,,00-0009357,,,,,,,,,,"https://static.www.nfl.com/image/private/f_auto,q_auto/league/yrr49ujvnm2wvxmkdyho",KNI653964,,32004b4e-4965-3964-377d-071b1e4cd11d,,,
1997,ARI,DB,CB,22,ACT,Tom Knight,Thomas,Knight,1974-12-29,72,196,,00-0009360,,,,,,,,,,"https://static.www.nfl.com/image/private/f_auto,q_auto/league/fqoxy8zt57r7iwzjheok",KNI750334,,32004b4e-4975-0334-3366-a0fcd23c3119,,,
1997,OAK,OL,G,70,ACT,Tim Kohn,Tim,Kohn,1973-12-06,77,310,,00-0009398,,,,,,,,,,"https://static.www.nfl.com/image/private/f_auto,q_auto/league/hpj0xhl2ubqrccrn7i6n",KOH369148,,32004b4f-4836-9148-aa70-8f4feb310e53,,,
1997,GB,LB,LB,53,ACT,George Koonce,George,Koonce,1968-10-15,73,243,,00-0009418,,,,,,,,,,"https://static.www.nfl.com/image/private/f_auto,q_auto/league/lxpjxgfkjupcarl0djdc",KOO194145,,32004b4f-4f19-4145-9b4b-171cc837ed15,,,
1997,JAX,LB,LB,57,ACT,Jeff Kopp,Jeffrey,Kopp,1971-07-08,75,250,,00-0009420,,,,,,,,,,"https://static.www.nfl.com/image/private/f_auto,q_auto/league/cl1ip9qfplhnnxjyq4p3",KOP650589,,32004b4f-5065-0589-d869-aad0effb9108,,,
1997,DET,LB,LB,52,ACT,Scott Kowalkowski,Scott,Kowalkowski,1968-08-23,74,228,,00-0009438,,,,,,,,,,"https://static.www.nfl.com/image/private/f_auto,q_auto/league/tq0t1jxy518gyvwd7yes",KOW284360,,32004b4f-5728-4360-1ba8-a6b9a26668e5,,,
1997,ATL,TE,TE,85,ACT,Brian Kozlowski,Brian,Kozlowski,1970-10-04,75,255,,00-0009443,,,,,,,,,,"https://static.www.nfl.com/image/private/f_auto,q_auto/league/xvc6eblafj2uhq7zv5bz",KOZ465616,,32004b4f-5a46-5616-1fcf-f9ce302e8199,,,
1997,CAR,DL,NT,71,ACT,Greg Kragen,Greg,Kragen,1962-03-04,75,267,,00-0009447,,,,,,,,,,"https://static.www.nfl.com/image/private/f_auto,q_auto/league/xowq0vgownawcha1hvsy",KRA151014,,32004b52-4115-1014-b799-6a3dbeb9b7da,,,
1997,CHI,QB,QB,12,ACT,Erik Kramer,William,Kramer,1964-11-06,73,200,,00-0009451,,,,,,,,,,"https://static.www.nfl.com/image/private/f_auto,q_auto/league/ki0klfaycq3bhbcrjddx",KRA503380,,32004b52-4150-3380-f839-fa487e844b1d,,,
1997,CIN,QB,QB,15,ACT,Eric Kresser,Eric,Kresser,1973-02-06,74,209,,00-0009471,,,,,,,,,,"https://static.www.nfl.com/image/private/f_auto,q_auto/league/cgt2gboo2imwv2nwxad6",KRE725424,,32004b52-4572-5424-85d5-405e70c6ccd8,,,
1997,TEN,QB,QB,17,ACT,Dave Krieg,David,Krieg,1958-10-20,73,202,,00-0009475,,,,,,,,,,"https://static.www.nfl.com/image/private/f_auto,q_auto/league/srx5ku7mit9cvbapch11",KRI069215,,32004b52-4906-9215-3bd1-0d591dba0fb9,,,
1997,GB,DL,NT,94,ACT,Bob Kuberski,Robert,Kuberski,1971-04-05,76,295,,00-0009489,,,,,,,,,,"https://static.www.nfl.com/image/private/f_auto,q_auto/league/hzqtogvggqfoozsqtlvw",KUB317842,,32004b55-4231-7842-f244-81b4deccb342,,,
1997,WAS,DL,DT,99,ACT,Ryan Kuehl,Ryan,Kuehl,1972-01-18,76,289,,00-0009496,,,,,,,,,,"https://static.www.nfl.com/image/private/f_auto,q_auto/league/whjig7zfkbj69dpacyoh",KUE403290,,32004b55-4540-3290-1dd5-50626e8bc8c4,,,
1997,SEA,LB,LB,57,RES,Jason Kyle,Jason,Kyle,1972-05-12,75,242,,00-0009530,,,,,,,,,,"https://static.www.nfl.com/image/private/f_auto,q_auto/league/vuqzyfeqx6jrauesh2tl",KYL343482,,32004b59-4c34-3482-5904-65aacafd67c1,,,
1997,SEA,DL,DE,99,ACT,Matt LaBounty,Matthew,LaBounty,1969-01-03,76,278,,00-0009539,,,,,,,,,,"https://static.www.nfl.com/image/private/f_auto,q_auto/league/gbwlk7h6k2hqbi1tiesy",LAB692151,,32004c41-4269-2151-72f6-376c2ef33ccd,,,
1997,KC,WR,WR,18,CUT,Sean LaChapelle,Sean,LaChapelle,1970-07-29,75,205,,00-0009540,,,,,,,,,,"https://static.www.nfl.com/image/private/f_auto,q_auto/league/kekz3n5ow07r6l6zpvwn",LAC261038,,32004c41-4326-1038-9725-bdb500300dcf,,,
1997,BUF,OL,G,68,ACT,Corbin Lacina,Corbin,Lacina,1970-11-02,76,297,,00-0009542,,,,,,,,,,"https://static.www.nfl.com/image/private/f_auto,q_auto/league/gortyrbv9w3ned33xbjs",LAC395513,,32004c41-4339-5513-3313-ce6c228de322,,,
1997,DAL,TE,TE,89,ACT,David LaFleur,David,LaFleur,1974-01-29,79,280,,00-0009550,,,,,,,,,,"https://static.www.nfl.com/image/private/f_auto,q_auto/league/bxpbdrdrczbv1zyrhw72",LAF345462,,32004c41-4634-5462-a82e-c2302cbbb108,,,
1997,JAX,DL,DE,56,ACT,Jeff Lageman,Jeffrey,Lageman,1967-07-18,78,266,,00-0009555,,,,,,,,,,"https://static.www.nfl.com/image/private/f_auto,q_auto/league/b2vr2euxakbdlsqlhmu5",LAG332232,,32004c41-4733-2232-7f98-c0ba11fed0e7,,,
1997,STL,TE,TE,86,ACT,Aaron Laing,Aaron,Laing,1971-07-19,75,260,,00-0009558,,,,,,,,,,"https://static.www.nfl.com/image/private/f_auto,q_auto/league/lmozp9rbpq957zthjlks",LAI318732,,32004c41-4931-8732-819a-926e8cbdb9dc,,,
1997,PIT,DB,S,37,ACT,Carnell Lake,Carnell,Lake,1967-07-15,73,210,,00-0009561,,,,,,,,,,"https://static.www.nfl.com/image/private/f_auto,q_auto/league/gk6ujcaeyvoacbbxwfhy",LAK276861,,32004c41-4b27-6861-a0d6-1444fec9ba44,,,
1997,OAK,DB,DB,25,ACT,Dan Land,Daniel,Land,1965-07-03,72,195,,00-0009582,,,,,,,,,,"https://static.www.nfl.com/image/private/f_auto,q_auto/league/csqwwdbggxfb7kh0uwbu",LAN017671,,32004c41-4e01-7671-dc19-038c817da971,,,
1997,TB,SPEC,P,7,ACT,Sean Landeta,Sean,Landeta,1962-01-06,72,205,,00-0009584,,,,,,,,,,"https://static.www.nfl.com/image/private/f_auto,q_auto/league/ck6so8zwqjsmxhdabvog",LAN106026,,32004c41-4e10-6026-9cbb-d48fb01c2306,,,
1997,CAR,RB,RB,32,ACT,Fred Lane,Freddie,Lane,1975-09-06,70,205,,00-0009599,,,,,,,,,,"https://static.www.nfl.com/image/private/f_auto,q_auto/league/mcdmcllputhvpddnzakq",LAN258644,,32004c41-4e25-8644-7d5c-4cda4b5fd2ed,,,
1997,NE,OL,G,68,ACT,Max Lane,Max,Lane,1971-02-22,78,305,,00-0009604,,,,,,,,,,"https://static.www.nfl.com/image/private/f_auto,q_auto/league/nxuznd8ulpiesjrmrdbb",LAN362255,,32004c41-4e36-2255-890d-eba204f74257,,,
1997,WAS,DL,DE,90,ACT,Kenard Lang,Kenard,Lang,1975-01-31,76,277,,00-0009612,,,,,,,,,,"https://static.www.nfl.com/image/private/f_auto,q_auto/league/szwyp0iinc39zlwozjgd",LAN453555,,32004c41-4e45-3555-4a25-d739d0494f81,,,
1997,CIN,DL,DE,94,ACT,Jevon Langford,Jevon,Langford,1974-02-16,75,275,,00-0009619,,,,,,,,,,"https://static.www.nfl.com/image/private/f_auto,q_auto/league/ahlyvwzn59kyrzsxyik7",LAN550746,,32004c41-4e55-0746-318b-aae3b4360d2c,,,
1997,BAL,DB,CB,38,ACT,Antonio Langham,Collie,Langham,1972-07-31,72,180,,00-0009620,,,,,,,,,,"https://static.www.nfl.com/image/private/f_auto,q_auto/league/ryyxgnbjq5rpsylbo94n",LAN556636,,32004c41-4e55-6636-9f92-f282d2cc3510,,,
1997,ARI,DB,DB,42,ACT,Kwamie Lassiter,Kwamie,Lassiter,1969-12-03,72,202,,00-0009659,,,,,,,,,,"https://static.www.nfl.com/image/private/f_auto,q_auto/league/nvhxwj5jvj9bmn5awcfz",LAS648660,,32004c41-5364-8660-ce5f-e4027f4e6994,,,
1997,CAR,LB,OLB,57,ACT,Lamar Lathon,Lamar,Lathon,1967-12-23,75,260,,00-0009663,,,,,,,,,,"https://static.www.nfl.com/image/private/f_auto,q_auto/league/dp0gtjmsx0fn8o1c03yy",LAT127782,,32004c41-5412-7782-585e-c58ba27a324f,,,
1997,NE,DB,CB,24,ACT,Ty Law,Taujan,Law,1974-02-10,71,200,,00-0009687,,,,,,,,,,"https://static.www.nfl.com/image/private/f_auto,q_auto/league/eepyfx4wk22s1kctoeqk",LAW121836,,32004c41-5712-1836-caaa-2629cd48beec,,,
1997,TEN,OL,OT,66,ACT,Jason Layman,Jason,Layman,1973-07-29,77,305,,00-0009709,,,,,,,,,,"https://static.www.nfl.com/image/private/f_auto,q_auto/league/ufsjjtv9t9qrosr85ta5",LAY540755,,32004c41-5954-0755-6ad7-e15853ce0417,,,
1997,ARI,OL,G,61,CUT,Ryan Leahy,Ryan,Leahy,1972-08-30,76,301,,00-0009717,,,,,,,,,,"https://static.www.nfl.com/image/private/f_auto,q_auto/league/umbafaxf9gwps23tlhrb",LEA426538,,32004c45-4142-6538-aa27-03c23dc6aa76,,,
1997,CHI,TE,TE,88,ACT,Harper LeBel,Brian,LeBel,1963-07-14,76,250,,00-0009726,,,,,,,,,,"https://static.www.nfl.com/image/private/f_auto,q_auto/league/mh1qigaqqx26ddu57y2i",LEB311466,,32004c45-4231-1466-2aee-f0442536a97d,,,
1997,STL,RB,RB,31,ACT,Amp Lee,Anthonia,Lee,1971-10-01,71,197,,00-0009738,,,,,,,,,,"https://static.www.nfl.com/image/private/f_auto,q_auto/league/v5ldrodqvugmwzq2xtfb",LEE016392,,32004c45-4501-6392-b48b-eb78254e0609,,,
1997,SD,DL,DT,98,ACT,Shawn Lee,Shawn,Lee,1966-10-24,74,300,,00-0009775,,,,,,,,,,"https://static.www.nfl.com/image/private/f_auto,q_auto/league/nespp3pcqtqaewec35bx",LEE655710,,32004c45-4565-5710-ac51-d01b32a03e0b,,,
1997,IND,OL,C,58,ACT,Jay Leeuwenburg,Jay,Leeuwenburg,1969-06-18,75,290,,00-0009783,,,,,,,,,,"https://static.www.nfl.com/image/private/f_auto,q_auto/league/eirhmdzjdwhkcuf46atp",LEE801209,,32004c45-4580-1209-9943-a7dcac2b44db,,,
1997,TB,DB,CB,45,ACT,Tyrone Legette,Tyrone,Legette,1970-02-15,69,179,,00-0009786,,,,,,,,,,"https://static.www.nfl.com/image/private/f_auto,q_auto/league/acvsu5pv2tdhvt3dsv83",LEG124586,,32004c45-4712-4586-b733-de1dd40348b1,,,
1997,DEN,OL,OT,78,RES,Matt Lepsis,Matthew,Lepsis,1974-01-13,76,265,,00-0009810,,,,,,,,,,"https://static.www.nfl.com/image/private/f_auto,q_auto/league/ngmosyd3vns1uaufgwzs",LEP528552,,32004c45-5052-8552-8258-c22105e9f289,,,
1997,ATL,RB,RB,36,RES,Fred Lester,Fred,Lester,1971-08-01,72,232,,00-0009815,,,,,,,,,,"https://static.www.nfl.com/image/private/f_auto,q_auto/league/f9uxbt6j4e7cddwcjj01",LES346075,,32004c45-5334-6075-595a-4f2ab7431167,,,
1997,PIT,RB,FB,34,ACT,Tim Lester,Timothy,Lester,1968-06-15,69,238,,00-0009819,,,,,,,,,,"https://static.www.nfl.com/image/private/f_auto,q_auto/league/gsohnbuqy7ihoxg7yoby",LES703400,,32004c45-5370-3400-2ee2-258a980c5344,,,
1997,DAL,DL,DT,78,ACT,Leon Lett,Leon,Lett,1968-10-12,78,295,,00-0009823,,,,,,,,,,"https://static.www.nfl.com/image/private/f_auto,q_auto/league/xarwuasvydwixrnajyn2",LET648891,,32004c45-5464-8891-16f0-c74294517a96,,,
1997,GB,RB,RB,25,ACT,Dorsey Levens,Herbert,Levens,1970-05-21,73,230,,00-0009829,,,,,,,,,,"https://static.www.nfl.com/image/private/f_auto,q_auto/league/sfuocpcy2nem6bllgiri",LEV403290,,32004c45-5640-3290-536e-ff988519e8dc,,,
1997,OAK,RB,RB,31,ACT,Chad Levitt,Chad,Levitt,1975-11-21,73,231,,00-0009834,,,,,,,,,,"https://static.www.nfl.com/image/private/f_auto,q_auto/league/kq6vtmawlte3hynwme8o",LEV608406,,32004c45-5660-8406-9ecc-fed7cf66f801,,,
1997,SF,RB,RB,32,ACT,Chuck Levy,Charles,Levy,1972-01-07,72,197,,00-0009835,,,,,,,,,,"https://static.www.nfl.com/image/private/f_auto,q_auto/league/zmrbk2iskbqaqssyokv5",LEV651714,,32004c45-5665-1714-34f3-9ae4481d420e,,,
1997,OAK,DB,CB,29,RES,Albert Lewis,Albert,Lewis,1960-10-06,74,205,,00-0009836,,,,,,,,,,"https://static.www.nfl.com/image/private/f_auto,q_auto/league/ugdxehxjdhtlt4ppp20t",LEW034606,,32004c45-5703-4606-f605-ff2d8ae35795,,,
1997,PHI,TE,TE,89,ACT,Chad Lewis,Chad,Lewis,1971-10-05,78,253,,00-0009842,,,,,,,,,,"https://static.www.nfl.com/image/private/f_auto,q_auto/league/ypchowfddyjthk70ldcx",LEW095072,,32004c45-5709-5072-ca6e-618688ca8539,,,
1997,TEN,DB,CB,29,ACT,Darryll Lewis,Darryll,Lewis,1968-12-16,69,183,,00-0009849,,,,,,,,,,"https://static.www.nfl.com/image/private/f_auto,q_auto/league/to5tgllv2mf0slyt4pdk",LEW163227,,32004c45-5716-3227-9cf7-5ebf4026d64d,,,
1997,DEN,QB,QB,8,ACT,Jeff Lewis,Jeffrey,Lewis,1973-04-17,74,217,,00-0009868,,,,,,,,,,"https://static.www.nfl.com/image/private/f_auto,q_auto/league/rrhgrdhqtrrvsjevlgsu",LEW374177,,32004c45-5737-4177-4200-d2edb78c93c8,,,
1997,BAL,WR,WR,84,ACT,Jermaine Lewis,Jermaine,Lewis,1974-10-16,67,172,,00-0009869,,,,,,,,,,"https://static.www.nfl.com/image/private/f_auto,q_auto/league/ykycrh97ua7spn6ambhe",LEW376340,,32004c45-5737-6340-2456-8e0aa906ae07,,,
1997,NYJ,LB,OLB,57,ACT,Mo Lewis,Morris,Lewis,1969-10-21,75,258,,00-0009886,,,,,,,,,,"https://static.www.nfl.com/image/private/f_auto,q_auto/league/jz84clxtxmkmvini6imm",LEW545044,,32004c45-5754-5044-11bd-be2b8606dce7,,,
1997,BAL,LB,MLB,52,ACT,Ray Lewis,Ray,Lewis,1975-05-15,73,240,,00-0009889,,,,,,,,,,"https://static.www.nfl.com/image/private/f_auto,q_auto/league/syd5vzbllkhjuwbjuiue",LEW562347,,32004c45-5756-2347-ada2-a381d796ae9f,,,
1997,TEN,TE,TE,88,ACT,Roderick Lewis,Roderick,Lewis,1971-06-09,77,254,,00-0009893,,,,,,,,,,"https://static.www.nfl.com/image/private/f_auto,q_auto/league/dqcbmmvkzli4zx7ivsil",LEW631559,,32004c45-5763-1559-4d97-ad0d85dc403b,,,
1997,NYG,WR,WR,81,RES,Thomas Lewis,Thomas,Lewis,1972-01-10,73,195,,00-0009903,,,,,,,,,,"https://static.www.nfl.com/image/private/f_auto,q_auto/league/huhokiptwmrvhgj6ccjo",LEW739703,,32004c45-5773-9703-cbde-3098b2017b2c,,,
1997,SEA,DB,DB,39,ACT,Jeremy Lincoln,Jeremy,Lincoln,1969-04-07,70,180,,00-0009933,,,,,,,,,,"https://static.www.nfl.com/image/private/f_auto,q_auto/league/qf4yfhlhbvcb4ufzhqsa",LIN046780,,32004c49-4e04-6780-61be-b3546530d742,,,
1997,MIN,OL,C,61,ACT,Everett Lindsay,Everett,Lindsay,1970-09-18,76,290,,00-0009941,,,,,,,,,,"https://static.www.nfl.com/image/private/f_auto,q_auto/league/husonvnt6xaq01vbzyh0",LIN302290,,32004c49-4e30-2290-9302-80f6deaeb79a,,,
1997,PIT,LB,OLB,95,ACT,Greg Lloyd,Gregory,Lloyd,1965-05-26,74,235,,00-0009997,,,,,,,,,,"https://static.www.nfl.com/image/private/f_auto,q_auto/league/wvyes9sgw9fyxjukgor4",LLO498348,,32004c4c-4f49-8348-48a8-7ccd061e52de,,,
1997,KC,WR,WR,81,ACT,Kevin Lockett,Kevin,Lockett,1974-09-08,72,177,,00-0010007,,,,,,,,,,"https://static.www.nfl.com/image/private/f_auto,q_auto/league/mv2g0upgsnsgkmwz7vnp",LOC359918,,32004c4f-4335-9918-af24-54ddd2575662,,,
1997,DEN,DL,NT,97,ACT,Mike Lodish,Michael,Lodish,1967-08-11,75,275,,00-0010019,,,,,,,,,,"https://static.www.nfl.com/image/private/f_auto,q_auto/league/qc84gqnklubdugmaqsif",LOD415291,,32004c4f-4441-5291-2a0b-8d6376222c56,,,
1997,NE,DB,DB,38,RES,Steve Lofton,Steven,Lofton,1968-11-26,69,177,,00-0010024,,,,,,,,,,"https://static.www.nfl.com/image/private/f_auto,q_auto/league/tushqxgd0eibwyrbm2ci",LOF564972,,32004c4f-4656-4972-b4b3-014db70ecd8b,,,
1997,NYJ,DL,NT,93,RES,Ernie Logan,Ernest,Logan,1968-05-18,75,290,,00-0010028,,,,,,,,,,"https://static.www.nfl.com/image/private/f_auto,q_auto/league/civ358ak1ixltrinwhpm",LOG314612,,32004c4f-4731-4612-17af-5af36ef37f6b,,,
1997,SEA,LB,LB,56,ACT,James Logan,James,Logan,1972-12-06,74,225,,00-0010029,,,,,,,,,,"https://static.www.nfl.com/image/private/f_auto,q_auto/league/gqcgapvjalhuiimains2",LOG377160,,32004c4f-4737-7160-6ca8-b0352b1e6e90,,,
1997,WAS,RB,RB,20,ACT,Marc Logan,Marc,Logan,1965-05-09,72,228,,00-0010030,,,,,,,,,,"https://static.www.nfl.com/image/private/f_auto,q_auto/league/elpurhsirubxvsvtzb55",LOG528549,,32004c4f-4752-8549-2053-107ca47b67ed,,,
1997,JAX,DB,CB,32,ACT,Mike Logan,Michael,Logan,1974-09-15,72,207,,00-0010031,,,,,,,,,,"https://static.www.nfl.com/image/private/f_auto,q_auto/league/z0d5smcl8fctx6ccm69n",LOG539799,,32004c4f-4753-9799-a2fa-5613badce26e,,,
1997,DET,LB,OLB,55,ACT,Antonio London,Antonio,London,1971-04-14,74,234,,00-0010048,,,,,,,,,,"https://static.www.nfl.com/image/private/f_auto,q_auto/league/ghgpdedttpmojw3srksc",LON011223,,32004c4f-4e01-1223-c348-1fbb13218757,,,
1997,GB,SPEC,K,8,ACT,Ryan Longwell,Ryan,Longwell,1974-08-16,72,185,,00-0010072,,,,,,,,,,"https://static.www.nfl.com/image/private/f_auto,q_auto/league/powkqjr27gfrcapctcti",LON819356,,32004c4f-4e81-9356-de6d-1a260ed1f39e,,,
1997,CIN,DB,CB,30,CUT,Anthone Lott,Anthone,Lott,1974-07-22,69,194,,00-0010084,,,,,,,,,,"https://static.www.nfl.com/image/private/f_auto,q_auto/league/bc83mxxnxrhmecfqcjhc",LOT273966,,32004c4f-5427-3966-4a78-3f23eeeddaba,,,
1997,BUF,OL,OT,72,ACT,Corey Louchiey,Corey,Louchiey,1971-10-10,80,305,,00-0010091,,,,,,,,,,"https://static.www.nfl.com/image/private/f_auto,q_auto/league/vnuec7qm3b9vvzpmse31",LOU332573,,32004c4f-5533-2573-ab27-6c61db945209,,,
1997,PHI,OL,G,64,ACT,Sean Love,Sean,Love,1968-09-06,75,295,,00-0010100,,,,,,,,,,"https://static.www.nfl.com/image/private/f_auto,q_auto/league/mvvn1gbdkmfrowxcr6ij",LOV223618,,32004c4f-5622-3618-7ec3-a627f669d23c,,,
1997,DEN,RB,RB,31,ACT,Derek Loville,Derek,Loville,1968-07-04,70,200,,00-0010107,,,,,,,,,,"https://static.www.nfl.com/image/private/f_auto,q_auto/league/ospnjr1stscwwtij4tdu",LOV575019,,32004c4f-5657-5019-7f9e-59a046bfce0f,,,
1997,CHI,LB,LB,53,ACT,Michael Lowery,Michael,Lowery,1974-02-14,72,224,,00-0010123,,,,,,,,,,"https://static.www.nfl.com/image/private/f_auto,q_auto/league/xiuravaei1fsauyuei9x",LOW564970,,32004c4f-5756-4970-e8b5-f002989e16a0,,,
1997,NYJ,QB,QB,18,ACT,Ray Lucas,Ray,Lucas,1972-08-06,75,202,,00-0010137,,,,,,,,,,"https://static.www.nfl.com/image/private/f_auto,q_auto/league/raes5zwaa0yln2yoegyf",LUC107404,,32004c55-4310-7404-90ac-172bcc0a2cbf,,,
1997,STL,DB,CB,41,ACT,Todd Lyght,Todd,Lyght,1969-02-09,72,190,,00-0010173,,,,,,,,,,"https://static.www.nfl.com/image/private/f_auto,q_auto/league/ibjuifhftuhrpmdzhn7j",LYG266972,,32004c59-4726-6972-4cdf-52f6d3dd3b07,,,
1997,STL,DB,FS,35,ACT,Keith Lyle,Keith,Lyle,1972-04-17,74,210,,00-0010174,,,,,,,,,,"https://static.www.nfl.com/image/private/f_auto,q_auto/league/yogvxtrciecgo8yv5yzr",LYL302360,,32004c59-4c30-2360-27f9-ae9ea0e02554,,,
1997,NYJ,DL,DE,95,ACT,Rick Lyle,Rick,Lyle,1971-02-26,77,285,,00-0010175,,,,,,,,,,"https://static.www.nfl.com/image/private/f_auto,q_auto/league/deygpvzckk44lak0xjuk",LYL315110,,32004c59-4c31-5110-d7c1-196964a53424,,,
1997,MIN,OL,C,60,ACT,Ben Lynch,Benjamin,Lynch,1972-11-18,76,291,,00-0010183,,,,,,,,,,"https://static.www.nfl.com/image/private/f_auto,q_auto/league/kd55joocrxly3mg6tzyu",LYN071058,,32004c59-4e07-1058-622b-4a58829f73d2,,,
1997,TB,DB,S,47,ACT,John Lynch,John,Lynch,1971-09-25,74,214,,00-0010188,,,,,,,,,,"https://static.www.nfl.com/image/private/f_auto,q_auto/league/tgg0nlydguicwcylutpy",LYN260424,,32004c59-4e26-0424-1847-ced77f1e4302,,,
1997,OAK,DB,DB,43,ACT,Lorenzo Lynch,Lorenzo,Lynch,1963-04-06,71,200,,00-0010190,,,,,,,,,,"https://static.www.nfl.com/image/private/f_auto,q_auto/league/becntluvvavvb7rojqen",LYN332232,,32004c59-4e33-2232-104e-2bc9bbb6e413,,,
1997,DEN,RB,RB,37,ACT,Anthony Lynn,Anthony,Lynn,1968-12-21,75,230,,00-0010194,,,,,,,,,,"https://static.www.nfl.com/image/private/f_auto,q_auto/league/rjuyvrayo0c8btfvlmwy",LYN734772,,32004c59-4e73-4772-ec44-781b19adc2ce,,,
1997,BAL,DB,DB,29,ACT,Lamar Lyons,Lamar,Lyons,1973-03-25,75,210,,00-0010199,,,,,,,,,,"https://static.www.nfl.com/image/private/f_auto,q_auto/league/qienstj1afg1azanxu7p",LYO299841,,32004c59-4f29-9841-748a-58b84ff86a38,,,
1997,PIT,TE,TE,85,RES,Mitch Lyons,Mitchell,Lyons,1970-05-13,77,265,,00-0010202,,,,,,,,,,"https://static.www.nfl.com/image/private/f_auto,q_auto/league/toqyylat6fcsefxjmggb",LYO426538,,32004c59-4f42-6538-9627-b2bd891b2e03,,,
1997,TEN,DL,DE,98,ACT,Pratt Lyons,Pratt,Lyons,1974-09-17,77,282,,00-0010203,,,,,,,,,,"https://static.www.nfl.com/image/private/f_auto,q_auto/league/n4r6gkhjpv4px8tmxvoq",LYO482081,,32004c59-4f48-2081-7246-c2297bc12e7c,,,
1997,CIN,DB,S,34,ACT,Tremain Mack,Tremain,Mack,1974-11-21,72,200,,00-0010243,,,,,,,,,,"https://static.www.nfl.com/image/private/f_auto,q_auto/league/bri9y86k3sbnjkwvztgi",MAC404354,,32004d41-4340-4354-2f40-86ba3c95652f,,,
1997,BUF,LB,ILB,55,ACT,Mark Maddox,Mark,Maddox,1968-03-23,73,233,,00-0010259,,,,,,,,,,"https://static.www.nfl.com/image/private/f_auto,q_auto/league/kj24bpsdgvzvkrjyyjkx",MAD419486,,32004d41-4441-9486-2ffc-12c0585a67f3,,,
1997,MIA,DB,CB,29,ACT,Sam Madison,Samuel,Madison,1974-04-23,71,185,,00-0010264,,,,,,,,,,"https://static.www.nfl.com/image/private/f_auto,q_auto/league/e24bghhf6qkqhajke67n",MAD659509,,32004d41-4465-9509-73ac-395e1797f05b,,,
1997,IND,OL,G,65,PUP,Eric Mahlum,Eric,Mahlum,1970-12-06,76,285,,00-0010278,,,,,,,,,,"https://static.www.nfl.com/image/private/f_auto,q_auto/league/ek6gby9ghbip8vaz4wjd",MAH397490,,32004d41-4839-7490-f0c5-484bbb35b964,,,
1997,NYJ,OL,OT,75,ACT,Siupeli Malamala,Siupeli,Malamala,1969-01-15,77,305,,00-0010293,,,,,,,,,,"https://static.www.nfl.com/image/private/f_auto,q_auto/league/jhlethyqinxz1qcilx4t",MAL026051,,32004d41-4c02-6051-b55e-5fd215ca4be1,,,
1997,DET,DB,S,39,RES,Van Malone,Van,Malone,1970-07-01,71,186,,00-0010312,,,,,,,,,,"https://static.www.nfl.com/image/private/f_auto,q_auto/league/wpixg3ufbrp0e7ozkhwg",MAL762719,,32004d41-4c76-2719-6ed0-fc18d80cad64,,,
1997,PHI,DL,DE,59,ACT,Mike Mamula,Michael,Mamula,1973-08-14,76,252,,00-0010318,,,,,,,,,,"https://static.www.nfl.com/image/private/f_auto,q_auto/league/qcjdfbe3cbzdtbvczo13",MAM652601,,32004d41-4d65-2601-ef4d-ccca5ca12fd5,,,
1997,IND,OL,OT,79,ACT,Tony Mandarich,Ante,Mandarich,1966-09-23,77,324,,00-0010323,,,,,,,,,,"https://static.www.nfl.com/image/private/f_auto,q_auto/league/w4g3t38mia3vzhhvyp9l",MAN047916,,32004d41-4e04-7916-4f0a-4d7d906f1e68,,,
1997,CHI,DB,FS,26,ACT,John Mangum,John,Mangum,1967-03-16,70,190,,00-0010332,,,,,,,,,,"https://static.www.nfl.com/image/private/f_auto,q_auto/league/vsxskmibwftpsyjgjz06",MAN274524,,32004d41-4e27-4524-5290-5f1ab7657940,,,
1997,CAR,TE,TE,86,ACT,Kris Mangum,Kris,Mangum,1973-08-15,76,249,,00-0010333,,,,,,,,,,"https://static.www.nfl.com/image/private/f_auto,q_auto/league/tv8dg8qgncd7yi32ogsd",MAN281010,,32004d41-4e28-1010-add5-aff8471e7ccc,,,
1997,TB,DL,DT,90,ACT,Jason Maniecki,Jason,Maniecki,1972-08-15,76,291,,00-0010334,,,,,,,,,,"https://static.www.nfl.com/image/private/f_auto,q_auto/league/tcvsc2mqaphyjoqvcswa",MAN292059,,32004d41-4e29-2059-bb16-bc1c9fdf23e9,,,
1997,MIN,DL,DT,75,CUT,James Manley,James,Manley,1974-07-11,74,316,,00-0010338,,,,,,,,,,"https://static.www.nfl.com/image/private/f_auto,q_auto/league/rtggubtxwa2mynbh4jaf",MAN359370,,32004d41-4e35-9370-3476-af624e9fe7e5,,,
1997,MIA,WR,WR,83,ACT,Brian Manning,Brian,Manning,1975-04-22,71,188,,00-0010345,,,,,,,,,,"https://static.www.nfl.com/image/private/f_auto,q_auto/league/rgsttemluodtvy9lkgdr",MAN467181,,32004d41-4e46-7181-9df0-0f3e88bab32f,,,
1997,PIT,DL,DE,97,ACT,Rod Manuel,Roderick,Manuel,1974-10-08,77,290,,00-0010362,,,,,,,,,,"https://static.www.nfl.com/image/private/f_auto,q_auto/league/exh0r3wbhprdma8icn1g",MAN757529,,32004d41-4e75-7529-e746-7bc57deadf1a,,,
1997,KC,LB,LB,51,ACT,Greg Manusky,Gregory,Manusky,1966-08-12,73,234,,00-0010366,,,,,,,,,,"https://static.www.nfl.com/image/private/f_auto,q_auto/league/za0dr78keoetvbotlknf",MAN782628,,32004d41-4e78-2628-cba0-f36f7725fdb6,,,
1997,MIA,SPEC,K,10,ACT,Olindo Mare,Olindo,Mare,1973-06-06,70,190,,00-0010373,,,,,,,,,,"https://static.www.nfl.com/image/private/f_auto,q_auto/league/cr6ku9o6vyxl4sd5gj3z",MAR095836,,32004d41-5209-5836-ea82-fc4484f165bf,,,
1997,MIA,QB,QB,13,ACT,Dan Marino,Daniel,Marino,1961-09-15,76,228,,00-0010379,,,,,,,,,,"https://static.www.nfl.com/image/private/f_auto,q_auto/league/jk97vzadmthvdyu8mbr2",MAR149079,,32004d41-5214-9079-a444-ee027ebabf98,,,
1997,DAL,DB,FS,31,ACT,Brock Marion,Brock,Marion,1970-06-11,71,197,,00-0010381,,,,,,,,,,"https://static.www.nfl.com/image/private/f_auto,q_auto/league/arxegfyuvugvqu86utse",MAR161502,,32004d41-5216-1502-7773-f3f708bba6dd,,,
1997,PIT,WR,WR,17,ACT,Curtis Marsh,Curtis,Marsh,1970-11-24,74,201,,00-0010407,,,,,,,,,,"https://static.www.nfl.com/image/private/f_auto,q_auto/league/jf6zgim7vdnc8li2rygq",MAR337202,,32004d41-5233-7202-cf9d-c00492c9a6e0,,,
1997,CHI,DB,DB,36,TRC,Anthony Marshall,Anthony,Marshall,1970-09-16,73,212,,00-0010413,,,,,,,,,,"https://static.www.nfl.com/image/private/f_auto,q_auto/league/pfnl7g74dn5avydvxxzu",MAR363232,,32004d41-5236-3232-a39f-614affd6a884,,,
1997,NYJ,DB,DB,35,ACT,Anthony Marshall,Anthony,Marshall,1970-09-16,73,212,,00-0010413,,,,,,,,,,"https://static.www.nfl.com/image/private/f_auto,q_auto/league/pfnl7g74dn5avydvxxzu",MAR363232,,32004d41-5236-3232-a39f-614affd6a884,,,
1997,TB,WR,WR,89,RES,Marvin Marshall,Marvin,Marshall,1972-06-21,70,162,,00-0010424,,,,,,,,,,"https://static.www.nfl.com/image/private/f_auto,q_auto/league/a0c3g28rjv5sqh83gggk",MAR441321,,32004d41-5244-1321-62c2-8eb342b12447,,,
1997,NE,RB,RB,28,ACT,Curtis Martin,Curtis,Martin,1973-05-01,71,205,,00-0010442,,,,,,,,,,"https://static.www.nfl.com/image/private/f_auto,q_auto/league/ikb6en50ga5g4wc8oekd",MAR543073,,32004d41-5254-3073-1f44-18e2abe07fc8,,,
1997,BUF,DB,FS,21,ACT,Manny Martin,Emanuel,Martin,1969-07-31,70,184,,00-0010450,,,,,,,,,,"https://static.www.nfl.com/image/private/f_auto,q_auto/league/unzaoujofzks7c5uxreo",MAR585667,,32004d41-5258-5667-52e2-374e7ad010a0,,,
1997,WAS,QB,QB,8,ACT,Jamie Martin,Jamie,Martin,1970-02-08,74,210,,00-0010455,,,,,,,,,,"https://static.www.nfl.com/image/private/f_auto,q_auto/league/k2ysdmfo5k8fbfsvzswq",MAR642459,,32004d41-5264-2459-4e10-08355d4be543,,,
1997,IND,DL,DT,90,ACT,Steve Martin,Steven,Martin,1974-05-31,76,303,,00-0010472,,,,,,,,,,"https://static.www.nfl.com/image/private/f_auto,q_auto/league/oehgfaqrnawftaszi2gs",MAR734746,,32004d41-5273-4746-d39d-7d31025b40b9,,,
1997,SD,WR,WR,81,ACT,Tony Martin,Tony,Martin,1965-09-05,73,181,,00-0010477,,,,,,,,,,"https://static.www.nfl.com/image/private/f_auto,q_auto/league/l9korpxwgeiywt6nivla",MAR738296,,32004d41-5273-8296-22f9-81fe04f0c3eb,,,
1997,NO,DL,DT,93,ACT,Wayne Martin,Gerald,Martin,1965-10-26,77,275,,00-0010479,,,,,,,,,,"https://static.www.nfl.com/image/private/f_auto,q_auto/league/wuh4jgybgplrdf0rhcza",MAR606964,,32004d41-5260-6964-da03-acdd3dda7ab1,,,
1997,TEN,LB,OLB,56,ACT,Lonnie Marts,Lonnie,Marts,1968-11-10,74,240,,00-0010486,,,,,,,,,,"https://static.www.nfl.com/image/private/f_auto,q_auto/league/lt8qoucfvb6ampsgrm0m",MAR798637,,32004d41-5279-8637-e905-15967ed799d2,,,
1997,OAK,DL,DT,67,ACT,Russell Maryland,Russell,Maryland,1969-03-22,73,279,,00-0010491,,,,,,,,,,"https://static.www.nfl.com/image/private/f_auto,q_auto/league/oz1im77hdmq27xcvxmmp",MAR825850,,32004d41-5282-5850-66b9-4a67223ed031,,,
1997,TEN,WR,WR,82,ACT,Derrick Mason,Derrick,Mason,1974-01-17,70,187,,00-0010500,,,,,,,,,,"https://static.www.nfl.com/image/private/f_auto,q_auto/league/cdzevcyfslujjbirrvyq",MAS078652,,32004d41-5307-8652-e780-8696a3053c0b,,,
1997,NYG,DB,DB,44,ACT,Robert Massey,Robert,Massey,1967-02-27,71,200,,00-0010516,,,,,,,,,,"https://static.www.nfl.com/image/private/f_auto,q_auto/league/rlzlrxqyopoqmr1rscgm",MAS415283,,32004d41-5341-5283-8b5f-2543786824de,,,
1997,IND,OL,OT,67,ACT,Jason Mathews,Samuel,Mathews,1971-02-09,77,304,,00-0010530,,,,,,,,,,"https://static.www.nfl.com/image/private/f_auto,q_auto/league/fnjbfkgpxcliccsn3dkn",MAT191969,,32004d41-5419-1969-8065-3bc83cb52af0,,,
1997,IND,DB,CB,23,RES,Dedric Mathis,Dedric,Mathis,1973-09-26,70,188,,00-0010533,,,,,,,,,,"https://static.www.nfl.com/image/private/f_auto,q_auto/league/ahuamg4kold61zu1osdr",MAT195887,,32004d41-5419-5887-9f72-e9f29ce16a72,,,
1997,DAL,DB,CB,23,ACT,Kevin Mathis,Kevin,Mathis,1974-04-29,69,172,,00-0010535,,,,,,,,,,"https://static.www.nfl.com/image/private/f_auto,q_auto/league/yasnsp0vnaeenf45cemp",MAT201981,,32004d41-5420-1981-7dc8-c7b977fe02f5,,,
1997,ATL,WR,WR,81,ACT,Terance Mathis,Terance,Mathis,1967-06-07,70,185,,00-0010539,,,,,,,,,,"https://static.www.nfl.com/image/private/f_auto,q_auto/league/l85b7pux5chdlvk1tqc4",MAT235065,,32004d41-5423-5065-727b-f2100aad5411,,,
1997,TEN,OL,G,74,ACT,Bruce Matthews,Bruce,Matthews,1961-08-08,77,298,,00-0010550,,,,,,,,,,"https://static.www.nfl.com/image/private/f_auto,q_auto/league/lwpxlqinrbtgchvk8uvb",MAT532814,,32004d41-5453-2814-2d51-b1549622bb0d,,,
1997,CAR,QB,QB,9,ACT,Shane Matthews,Michael,Matthews,1970-06-01,75,196,,00-0010560,,,,,,,,,,"https://static.www.nfl.com/image/private/f_auto,q_auto/league/pmehfk5wltjokhhzedvn",MAT575349,,32004d41-5457-5349-f617-e88301c22778,,,
1997,JAX,QB,QB,16,ACT,Steve Matthews,Stephen,Matthews,1970-10-13,75,220,,00-0010561,,,,,,,,,,"https://static.www.nfl.com/image/private/f_auto,q_auto/league/ss5tzeazyaa0axtq7f1d",MAT577588,,32004d41-5457-7588-cb61-3bc774d7956a,,,
1997,STL,DL,DT,98,ACT,Chris Maumalanga,Christian,Maumalanga,1971-12-15,74,288,,00-0010571,,,,,,,,,,"https://static.www.nfl.com/image/private/f_auto,q_auto/league/otwdwjqvbtdxadnovqts",MAU494391,,32004d41-5549-4391-60db-be8dd7a57a1d,,,
1997,CHI,DL,DT,72,TRD,Chris Maumalanga,Christian,Maumalanga,1971-12-15,74,288,,00-0010571,,,,,,,,,,"https://static.www.nfl.com/image/private/f_auto,q_auto/league/otwdwjqvbtdxadnovqts",MAU494391,,32004d41-5549-4391-60db-be8dd7a57a1d,,,
1997,SEA,OL,C,52,ACT,Kevin Mawae,Kevin,Mawae,1971-01-23,76,305,,00-0010577,,,,,,,,,,"https://static.www.nfl.com/image/private/f_auto,q_auto/league/ufvyb8o24zjrgokbkcvm",MAW059326,,32004d41-5705-9326-dce2-013430cfb15b,,,
1997,SF,DB,DB,25,ACT,Brett Maxie,Brett,Maxie,1962-01-13,74,194,,00-0010579,,,,,,,,,,"https://static.www.nfl.com/image/private/f_auto,q_auto/league/qodhajo5ufs4g5ari9jx",MAX207644,,32004d41-5820-7644-1476-8531a9e753f0,,,
1997,SEA,TE,TE,88,ACT,Deems May,Bert,May,1969-03-06,76,263,,00-0010589,,,,,,,,,,"https://static.www.nfl.com/image/private/f_auto,q_auto/league/zp02r0hrobdinul0eyjl",MAY033558,,32004d41-5903-3558-f459-cb8b0576f6aa,,,
1997,PHI,OL,OT,71,ACT,Jermane Mayberry,Jermane,Mayberry,1973-08-29,76,325,,00-0010595,,,,,,,,,,"https://static.www.nfl.com/image/private/f_auto,q_auto/league/vyur41jvroo7pj5ofu8j",MAY283151,,32004d41-5928-3151-13ec-883cc8b2c62c,,,
1997,TB,OL,C,61,ACT,Tony Mayberry,Eino,Mayberry,1967-12-08,76,302,,00-0010596,,,,,,,,,,"https://static.www.nfl.com/image/private/f_auto,q_auto/league/z8aa4bdpldkwg0tyb6sy",MAY251690,,32004d41-5925-1690-16c8-c474d19581b0,,,
1997,GB,WR,WR,80,ACT,Derrick Mayes,Derrick,Mayes,1974-01-28,72,205,,00-0010599,,,,,,,,,,"https://static.www.nfl.com/image/private/f_auto,q_auto/league/caugxb8xr7teb8wnwjkq",MAY405220,,32004d41-5940-5220-4e1c-22a14d478202,,,
1997,NYG,SPEC,P,9,ACT,Brad Maynard,Bradley,Maynard,1974-02-09,73,184,,00-0010609,,,,,,,,,,"https://static.www.nfl.com/image/private/f_auto,q_auto/league/hnmyqljakbuycwcxw8ez",MAY568387,,32004d41-5956-8387-3edb-fc09c9551b2f,,,
1997,PIT,RB,RB,25,ACT,Fred McAfee,Fred,McAfee,1968-06-20,70,193,,00-0010632,,,,,,,,,,"https://static.www.nfl.com/image/private/f_auto,q_auto/league/axjze7yavslh4j3q8i3z",MCA334825,,32004d43-4133-4825-470d-44b04091f278,,,
1997,STL,DB,DB,23,RES,Gerald McBurrows,Gerald,McBurrows,1973-10-07,71,205,,00-0010646,,,,,,,,,,"https://static.www.nfl.com/image/private/f_auto,q_auto/league/mpka7xir2md4psglulll",MCB751477,,32004d43-4275-1477-7cb5-41cf26f1cfbe,,,
1997,DEN,WR,WR,87,ACT,Ed McCaffrey,Edward,McCaffrey,1968-08-17,77,215,,00-0010650,,,,,,,,,,"https://static.www.nfl.com/image/private/f_auto,q_auto/league/woek7ubvo99so2ninrs5",MCC037372,,32004d43-4303-7372-96ff-bc849a2fb84b,,,
1997,JAX,WR,WR,87,ACT,Keenan McCardell,Keenan,McCardell,1970-01-06,73,188,,00-0010668,,,,,,,,,,"https://static.www.nfl.com/image/private/f_auto,q_auto/league/kop0ezafhz9vlgvey1wv",MCC170252,,32004d43-4317-0252-46dc-f2efbff6f8f5,,,
1997,STL,DB,DB,24,ACT,Dexter McCleon,Dexter,McCleon,1973-10-09,70,200,,00-0010699,,,,,,,,,,"https://static.www.nfl.com/image/private/f_auto,q_auto/league/yb6kveai42psi9twthda",MCC401131,,32004d43-4340-1131-ac86-33b1a264d95a,,,
1997,ARI,DB,DB,44,ACT,J.J. McCleskey,Thomas,McCleskey,1970-04-10,68,184,,00-0010700,,,,,,,,,,"https://static.www.nfl.com/image/private/f_auto,q_auto/league/ffvxrkrqy9sxyiy09ds2",MCC402792,,32004d43-4340-2792-f39a-40909223e763,,,
1997,BAL,LB,LB,54,ACT,Tyrus McCloud,Tyrus,McCloud,1974-11-12,73,250,,00-0010706,,,,,,,,,,"https://static.www.nfl.com/image/private/f_auto,q_auto/league/rk8jqfuthrpjfhowjbzr",MCC417326,,32004d43-4341-7326-e8ec-30745bf4811f,,,
1997,NO,OL,G,67,ACT,Andy McCollum,Andrew,McCollum,1970-06-02,76,295,,00-0010717,,,,,,,,,,"https://static.www.nfl.com/image/private/f_auto,q_auto/league/xn8k0ig3se5mejo2a6l0",MCC485842,,32004d43-4348-5842-25d0-22be6210f93d,,,
1997,ARI,LB,LB,50,ACT,Tony McCombs,Antonias,McCombs,1974-08-24,74,246,,00-0010720,,,,,,,,,,"https://static.www.nfl.com/image/private/f_auto,q_auto/league/qpyln47byzht29ntjcpo",MCC502452,,32004d43-4350-2452-1bd9-66f50ca35308,,,
1997,DAL,DL,DT,99,ACT,Hurvin McCormack,Hurvin,McCormack,1972-04-06,77,284,,00-0010729,,,,,,,,,,"https://static.www.nfl.com/image/private/f_auto,q_auto/league/nfwq7cuwq6ts3imdycfc",MCC552095,,32004d43-4355-2095-1598-4ee95ccc0f0d,,,
1997,DET,WR,WR,83,ACT,Kez McCorvey,Kezarrick,McCorvey,1972-01-23,72,180,,00-0010736,,,,,,,,,,"https://static.www.nfl.com/image/private/f_auto,q_auto/league/a31fcgnbj21crlb4ekbr",MCC600036,,32004d43-4360-0036-c4e4-90d77872117b,,,
1997,SF,QB,QB,6,CUT,Mike McCoy,Mike,McCoy,1972-04-01,74,204,,00-0010743,,,,,,,,,,"https://static.www.nfl.com/image/private/f_auto,q_auto/league/clc9rydjiimks3pmb0wp",MCC641561,,32004d43-4364-1561-ca61-d55e2022daa9,,,
1997,IND,DL,DT,61,ACT,Tony McCoy,Anthony,McCoy,1969-06-10,73,282,,00-0010746,,,,,,,,,,"https://static.www.nfl.com/image/private/f_auto,q_auto/league/mf11jcawr5qwns83aesm",MCC602112,,32004d43-4360-2112-c509-deb795d189a1,,,
1997,NO,RB,RB,44,ACT,Fred McCrary,Freddy,McCrary,1972-09-19,72,219,,00-0010747,,,,,,,,,,"https://static.www.nfl.com/image/private/f_auto,q_auto/league/h2po9khghnwirifjrtht",MCC645713,,32004d43-4364-5713-3669-3bd0a86e5a2d,,,
1997,BAL,DL,DE,99,ACT,Michael McCrary,Michael,McCrary,1970-07-07,76,270,,00-0010749,,,,,,,,,,"https://static.www.nfl.com/image/private/f_auto,q_auto/league/dh8viv5toslqrep0xjvl",MCC660247,,32004d43-4366-0247-740b-0274efd2ef09,,,
1997,TEN,DB,DB,28,ACT,George McCullough,George,McCullough,1975-02-18,70,187,,00-0010765,,,,,,,,,,"https://static.www.nfl.com/image/private/f_auto,q_auto/league/i0o3vua5uafjtehhhjte",MCC754716,,32004d43-4375-4716-7cce-c3636266a6e6,,,
1997,MIN,LB,OLB,58,ACT,Ed McDaniel,Edward,McDaniel,1969-02-23,71,230,,00-0010784,,,,,,,,,,"https://static.www.nfl.com/image/private/f_auto,q_auto/league/znijprpo5dnffsrkqlbl",MCD031300,,32004d43-4403-1300-681c-4a360ebca75f,,,
1997,IND,DB,DB,39,ACT,Emmanuel McDaniel,Emmanuel,McDaniel,1972-07-27,69,178,,00-0010785,,,,,,,,,,"https://static.www.nfl.com/image/private/f_auto,q_auto/league/hlx3lginvt7uin8iophr",MCD048550,,32004d43-4404-8550-4694-24218076aabf,,,
1997,MIN,OL,G,64,ACT,Randall McDaniel,Randall,McDaniel,1964-12-19,75,278,,00-0010790,,,,,,,,,,"https://static.www.nfl.com/image/private/f_auto,q_auto/league/i4fyjlqcifonsoblqido",MCD118650,,32004d43-4411-8650-46d9-126256006e90,,,
1997,OAK,DB,CB,36,ACT,Terry McDaniel,Terence,McDaniel,1965-02-08,70,180,,00-0010791,,,,,,,,,,"https://static.www.nfl.com/image/private/f_auto,q_auto/league/vmq93yzfymm5myeko9ch",MCD138425,,32004d43-4413-8425-7865-58dbb0e1051b,,,
1997,KC,LB,OLB,77,ACT,Pellom McDaniels,Pellom,McDaniels,1968-02-21,75,285,,00-0010792,,,,,,,,,,"https://static.www.nfl.com/image/private/f_auto,q_auto/league/zypyztmipdxls2kkcnbe",MCD167200,,32004d43-4416-7200-d460-e7374bf4d3bc,,,
1997,CIN,LB,ILB,56,ACT,Ricardo McDonald,Ricardo,McDonald,1969-11-08,74,240,,00-0010807,,,,,,,,,,"https://static.www.nfl.com/image/private/f_auto,q_auto/league/nmxxgqglzhpjyz8vdkin",MCD542925,,32004d43-4454-2925-1890-40d43cfadd64,,,
1997,SF,DB,S,46,ACT,Tim McDonald,Timothy,McDonald,1965-01-06,74,215,,00-0010810,,,,,,,,,,"https://static.www.nfl.com/image/private/f_auto,q_auto/league/vt7echmvywb7mo5oksxb",MCD573475,,32004d43-4457-3475-aceb-41a4f3cb9969,,,
1997,MIA,WR,WR,81,ACT,O.J. McDuffie,Otis,McDuffie,1969-12-02,70,194,,00-0010824,,,,,,,,,,"https://static.www.nfl.com/image/private/f_auto,q_auto/league/wekhusa1xgj2firwcicq",MCD820525,,32004d43-4482-0525-1759-81a5ffd9f1b5,,,
1997,GB,DB,DB,38,ACT,Blaine McElmurry,Blaine,McElmurry,1973-10-23,72,188,,00-0010825,,,,,,,,,,"https://static.www.nfl.com/image/private/f_auto,q_auto/league/nnbljmbnhp7anwsudclf",MCE128305,,32004d43-4512-8305-5c54-9ec0c7f32212,,,
1997,ARI,RB,RB,30,ACT,Leeland McElroy,Leeland,McElroy,1974-06-25,69,212,,00-0010827,,,,,,,,,,"https://static.www.nfl.com/image/private/f_auto,q_auto/league/lchq1zaaxfxj1pi4rovw",MCE164324,,32004d43-4516-4324-bd0a-33c67462134f,,,
1997,IND,DB,CB,40,ACT,Ray McElroy,Raymond,McElroy,1972-07-31,71,207,,00-0010828,,,,,,,,,,"https://static.www.nfl.com/image/private/f_auto,q_auto/league/ablhxa2mphmxsgmvebji",MCE174824,,32004d43-4517-4824-71c1-051ac6fd91ad,,,
1997,CIN,TE,TE,82,ACT,Tony McGee,Tony,McGee,1971-04-21,75,246,,00-0010859,,,,,,,,,,"https://static.www.nfl.com/image/private/f_auto,q_auto/league/j9hshc2q2643xubvkpgf",MCG234858,,32004d43-4723-4858-286d-45acbf2682e2,,,
1997,ATL,DB,DB,22,ACT,Lenny McGill,Charles,McGill,1971-05-31,73,198,,00-0010869,,,,,,,,,,"https://static.www.nfl.com/image/private/f_auto,q_auto/league/ztuthl3yt8icvstrfkkf",MCG355377,,32004d43-4735-5377-7368-235e26a5458b,,,
1997,NE,DL,DE,55,ACT,Willie McGinest,William,McGinest,1971-12-11,77,255,,00-0010872,,,,,,,,,,"https://static.www.nfl.com/image/private/f_auto,q_auto/league/ezcdzlmecctflmtyn6rz",MCG423258,,32004d43-4742-3258-9023-8bd65ac41f38,,,
1997,OAK,DL,DT,91,ACT,Chester McGlockton,Chester,McGlockton,1969-09-16,76,315,,00-0010874,,,,,,,,,,"https://static.www.nfl.com/image/private/f_auto,q_auto/league/rfrxzjj34v1oht6yflna",MCG487146,,32004d43-4748-7146-ba87-1bc3682d058a,,,
1997,NE,DB,DB,27,CUT,Mike McGruder,Michael,McGruder,1964-05-06,71,185,,00-0010895,,,,,,,,,,"https://static.www.nfl.com/image/private/f_auto,q_auto/league/t1ala6inj4l6ju4nmndx",MCG782628,,32004d43-4778-2628-4744-b48107eb638a,,,
1997,IND,WR,WR,10,CUT,Kaipo McGuire,Roy,McGuire,1974-01-16,70,182,,00-0010898,,,,,,,,,,"https://static.www.nfl.com/image/private/f_auto,q_auto/league/gcjdz5qsg2nw7cyqtazf",MCG800595,,32004d43-4780-0595-e1aa-f1c186256164,,,
1997,MIA,OL,G,66,ACT,Everett McIver,Everett,McIver,1970-08-05,77,318,,00-0010917,,,,,,,,,,"https://static.www.nfl.com/image/private/f_auto,q_auto/league/pls2vbmfvpycq51hzzbv",MCI761708,,32004d43-4976-1708-d73f-1c990d85ab8c,,,
1997,TEN,TE,TE,87,ACT,James McKeehan,James,McKeehan,1973-08-09,75,251,,00-0010934,,,,,,,,,,"https://static.www.nfl.com/image/private/f_auto,q_auto/league/m9uzip5o5q8zjrlagal1",MCK159101,,32004d43-4b15-9101-24b9-7aab7005335b,,,
1997,GB,DL,DE,95,ACT,Keith McKenzie,Keith,McKenzie,1973-10-17,75,255,,00-0010941,,,,,,,,,,"https://static.www.nfl.com/image/private/f_auto,q_auto/league/b9e9s1jlusejukicgrqg",MCK257217,,32004d43-4b25-7217-8cf7-1d844ffcbea3,,,
1997,SD,OL,C,63,ACT,Raleigh McKenzie,Raleigh,McKenzie,1963-02-08,74,283,,00-0010945,,,,,,,,,,"https://static.www.nfl.com/image/private/f_auto,q_auto/league/hpso2q9kwxf07tzijhha",MCK266967,,32004d43-4b26-6967-3972-3925a20f2c98,,,
1997,ARI,LB,OLB,57,ACT,Ronald McKinnon,Ronald,McKinnon,1973-09-20,72,240,,00-0010970,,,,,,,,,,"https://static.www.nfl.com/image/private/f_auto,q_auto/league/vblu89npy37ys3cpm1of",MCK662336,,32004d43-4b66-2336-6077-dfed078f6598,,,
1997,SEA,WR,WR,82,ACT,James McKnight,James,McKnight,1972-06-17,73,198,,00-0010974,,,,,,,,,,"https://static.www.nfl.com/image/private/f_auto,q_auto/league/hi55zfivaqqvhhdzormy",MCK723035,,32004d43-4b72-3035-bd3d-285cb59ee5be,,,
1997,DEN,DB,DB,26,ACT,Tim McKyer,Timothy,McKyer,1963-09-05,72,174,,00-0010979,,,,,,,,,,"https://static.www.nfl.com/image/private/f_auto,q_auto/league/lduqviq0yzv70gksjmte",MCK800901,,32004d43-4b80-0901-851e-8c14bdc6d282,,,
1997,JAX,LB,LB,0,RES,Tom McManus,Thomas,McManus,1970-07-30,74,246,,00-0011000,,,,,,,,,,"https://static.www.nfl.com/image/private/f_auto,q_auto/league/zx9bzdknqcyt5aipyfx2",MCM243061,,32004d43-4d24-3061-873f-6252d075e505,,,
1997,SEA,DL,DT,92,PUP,Henry McMillian,Henry,McMillian,1971-10-17,75,275,,00-0011012,,,,,,,,,,"https://static.www.nfl.com/image/private/f_auto,q_auto/league/aighbyv19ttlee7b5izu",MCM603264,,32004d43-4d60-3264-9a9b-2fb1abc6a8ba,,,
1997,KC,DB,DB,29,ACT,Mark McMillian,Mark,McMillian,1970-04-29,67,148,,00-0011013,,,,,,,,,,"https://static.www.nfl.com/image/private/f_auto,q_auto/league/kfedsjwivsaao27ql8gt",MCM607014,,32004d43-4d60-7014-7ebc-903491481643,,,
1997,NYG,DB,DB,44,RES,Typail McMullen,Typail,McMullen,1973-09-03,74,197,,00-0011019,,,,,,,,,,"https://static.www.nfl.com/image/private/f_auto,q_auto/league/r2hvbxvzsxfr122nlkhr",MCM740656,,32004d43-4d74-0656-4455-05c0e3b0f7ac,,,
1997,TEN,QB,QB,9,ACT,Steve McNair,Steve,McNair,1973-02-14,74,224,,00-0011024,,,,,,,,,,"https://static.www.nfl.com/image/private/f_auto,q_auto/league/ywdddxsuykv3cuslv0xo",MCN033803,,32004d43-4e03-3803-4554-d6d41bdab7a8,,,
1997,STL,DB,CB,47,ACT,Ryan McNeil,Ryan,McNeil,1970-10-04,74,192,,00-0011038,,,,,,,,,,"https://static.www.nfl.com/image/private/f_auto,q_auto/league/oeeebxpczwhtzkduzb82",MCN599569,,32004d43-4e59-9569-ed61-a991a07827be,,,
1997,MIA,RB,RB,32,ACT,Jerris McPhail,Jerris,McPhail,1972-06-26,71,210,,00-0011045,,,,,,,,,,"https://static.www.nfl.com/image/private/f_auto,q_auto/league/swyztor5c8qvz498qkvg",MCP317841,,32004d43-5031-7841-1fb4-487408cdc8fc,,,
1997,PHI,DB,DB,24,ACT,Tim McTyer,Timothy,McTyer,1975-12-14,71,181,,00-0011064,,,,,,,,,,"https://static.www.nfl.com/image/private/f_auto,q_auto/league/oliyvp2q60gxf5wxnpeu",MCT771256,,32004d43-5477-1256-dd28-d3fc679f8b74,,,
1997,ARI,TE,TE,87,ACT,Johnny McWilliams,Johnny,McWilliams,1972-12-14,76,271,,00-0011068,,,,,,,,,,"https://static.www.nfl.com/image/private/f_auto,q_auto/league/tcfygw82jwlotr2qifak",MCW490098,,32004d43-5749-0098-1703-16ee0714994d,,,
1997,IND,OL,OT,73,ACT,Adam Meadows,Jonathan,Meadows,1974-01-25,77,292,,00-0011075,,,,,,,,,,"https://static.www.nfl.com/image/private/f_auto,q_auto/league/rbmwhz8n20vjago0vmnw",MEA457737,,32004d45-4145-7737-d93d-05821a7e213f,,,
1997,JAX,RB,RB,20,ACT,Natrone Means,Natrone,Means,1972-04-26,70,245,,00-0011081,,,,,,,,,,"https://static.www.nfl.com/image/private/f_auto,q_auto/league/agocmf6cu74jyrrlbng6",MEA778692,,32004d45-4177-8692-bd77-1b86023b5520,,,
1997,NE,RB,RB,22,ACT,Dave Meggett,David,Meggett,1966-04-30,67,190,,00-0011095,,,,,,,,,,"https://static.www.nfl.com/image/private/f_auto,q_auto/league/czc5ehkkhtpepzzv3uun",MEG276861,,32004d45-4727-6861-6808-2979a174facf,,,
1997,SD,WR,WR,21,ACT,Eric Metcalf,Eric,Metcalf,1968-01-23,70,188,,00-0011151,,,,,,,,,,"https://static.www.nfl.com/image/private/f_auto,q_auto/league/rtb4zaiesb4liauhju9c",MET118654,,32004d45-5411-8654-b693-3ef154efbf6a,,,
1997,DET,TE,TE,89,ACT,Pete Metzelaars,Peter,Metzelaars,1960-05-24,79,254,,00-0011156,,,,,,,,,,"https://static.www.nfl.com/image/private/f_auto,q_auto/league/tfg14ohm2su1yr5hr3sd",MET593270,,32004d45-5459-3270-408f-58a4d1d2cb56,,,
1997,GB,OL,OT,77,ACT,John Michels,John,Michels,1973-03-19,79,304,,00-0011177,,,,,,,,,,"https://static.www.nfl.com/image/private/f_auto,q_auto/league/mhqiordclbbwdwv6fpoy",MIC593034,,32004d49-4359-3034-2bc9-2d33f4fc5624,,,
1997,NO,DL,DE,92,ACT,Darren Mickell,Darren,Mickell,1970-08-03,76,291,,00-0011182,,,,,,,,,,"https://static.www.nfl.com/image/private/f_auto,q_auto/league/q1luyf0pvbd9zmv7d54d",MIC744855,,32004d49-4374-4855-7824-f8e0f20ff2a8,,,
1997,IND,RB,RB,27,RES,Arnold Mickens,Arnold,Mickens,1972-10-12,71,220,,00-0011183,,,,,,,,,,"https://static.www.nfl.com/image/private/f_auto,q_auto/league/r2iz3n5otqkffm96goav",MIC745835,,32004d49-4374-5835-7997-0216ca1fa5a3,,,
1997,NYJ,DB,DB,24,ACT,Ray Mickens,William,Mickens,1973-01-04,68,180,,00-0011186,,,,,,,,,,"https://static.www.nfl.com/image/private/f_auto,q_auto/league/fnxuo3vzbxtrrwoscjsf",MIC752210,,32004d49-4375-2210-fe98-7ee1d4948905,,,
1997,GB,WR,WR,85,ACT,Terry Mickens,Terry,Mickens,1971-02-21,73,201,,00-0011187,,,,,,,,,,"https://static.www.nfl.com/image/private/f_auto,q_auto/league/dgao7i7iss2qf4we4tpl",MIC746816,,32004d49-4374-6816-7155-01d3f10095b7,,,
1997,TB,OL,G,73,ACT,Frank Middleton,Frank,Middleton,1974-10-25,75,340,,00-0011192,,,,,,,,,,"https://static.www.nfl.com/image/private/f_auto,q_auto/league/dbtxu0wgbnzgedrdyzwl",MID326982,,32004d49-4432-6982-f25c-ff0bcf0a9e96,,,
1997,TB,QB,QB,13,ACT,Scott Milanovich,Scott,Milanovich,1973-01-25,75,220,,00-0011210,,,,,,,,,,"https://static.www.nfl.com/image/private/f_auto,q_auto/league/c2zxxq36nex9zgb0hmqe",MIL034262,,32004d49-4c03-4262-4638-d00783f8d34d,,,
1997,DET,WR,WR,33,ACT,Glyn Milburn,Glyn,Milburn,1971-02-19,68,177,,00-0011213,,,,,,,,,,"https://static.www.nfl.com/image/private/f_auto,q_auto/league/kk7n3rfpwoovefqdo8kl",MIL038374,,32004d49-4c03-8374-cbff-91591481d8a6,,,
1997,SEA,TE,TE,49,RES,Itula Mili,Itula,Mili,1973-04-20,76,262,,00-0011224,,,,,,,,,,"https://static.www.nfl.com/image/private/f_auto,q_auto/league/pvlvvc4dopipwbzzzqjb",MIL071951,,32004d49-4c07-1951-689e-b1ab2924783e,,,
1997,DAL,WR,WR,83,ACT,Anthony Miller,Lawrence,Miller,1965-04-15,71,190,,00-0011233,,,,,,,,,,"https://static.www.nfl.com/image/private/f_auto,q_auto/league/sihq1amova0cb5minxlj",MIL386481,,32004d49-4c38-6481-d147-ff1529d0a82d,,,
1997,PHI,OL,G,65,ACT,Bubba Miller,Stephen,Miller,1973-01-24,73,300,,00-0011241,,,,,,,,,,"https://static.www.nfl.com/image/private/f_auto,q_auto/league/finrxvzpix9mep9wgxhz",MIL571498,,32004d49-4c57-1498-cc98-359a42c3828c,,,
1997,NYG,LB,OLB,57,ACT,Corey Miller,Corey,Miller,1968-10-25,74,248,,00-0011249,,,,,,,,,,"https://static.www.nfl.com/image/private/f_auto,q_auto/league/hstzloi9hdev1jq2llq4",MIL201463,,32004d49-4c20-1463-bf91-37add7499479,,,
1997,STL,OL,OT,73,ACT,Fred Miller,Fred,Miller,1973-02-06,79,305,,00-0011266,,,,,,,,,,"https://static.www.nfl.com/image/private/f_auto,q_auto/league/vqgmy08qa8gianwtume6",MIL259024,,32004d49-4c25-9024-89f0-77f5be5991c2,,,
1997,ARI,LB,OLB,95,ACT,Jamir Miller,Jamir,Miller,1973-11-19,77,266,,00-0011268,,,,,,,,,,"https://static.www.nfl.com/image/private/f_auto,q_auto/league/xcbb3lbprnn41nxu0c4g",MIL324621,,32004d49-4c32-4621-a918-3323d5eace35,,,
1997,JAX,QB,QB,12,TRC,Jim Miller,James,Miller,1971-02-09,74,216,,00-0011276,,,,,,,,,,"https://static.www.nfl.com/image/private/f_auto,q_auto/league/p61l8tusatojk5gicpkp",MIL305724,,32004d49-4c30-5724-9454-b11de74b46a0,,,
1997,ATL,QB,QB,15,ACT,Jim Miller,James,Miller,1971-02-09,74,216,,00-0011276,,,,,,,,,,"https://static.www.nfl.com/image/private/f_auto,q_auto/league/p61l8tusatojk5gicpkp",MIL305724,,32004d49-4c30-5724-9454-b11de74b46a0,,,
1997,PIT,SPEC,P,4,ACT,Josh Miller,Joshua,Miller,1970-07-14,75,215,,00-0011279,,,,,,,,,,"https://static.www.nfl.com/image/private/f_auto,q_auto/league/c483jsfaglqodcq1uxxn",MIL365923,,32004d49-4c36-5923-4d0f-67b94a840820,,,
1997,CAR,DL,DE,69,ACT,Les Miller,Leslie,Miller,1965-03-01,79,305,,00-0011289,,,,,,,,,,"https://static.www.nfl.com/image/private/f_auto,q_auto/league/qhjxtigcghambi9qxkad",MIL394704,,32004d49-4c39-4704-b0f9-9cb7faa17c4a,,,
1997,ATL,OL,OT,55,ACT,Nate Miller,Nathan,Miller,1971-10-08,77,310,,00-0011300,,,,,,,,,,"https://static.www.nfl.com/image/private/f_auto,q_auto/league/ysl8knwgras3sjhicrsp",MIL448153,,32004d49-4c44-8153-bc62-03bc28fb89fd,,,
1997,NE,DB,S,36,ACT,Lawyer Milloy,Lawyer,Milloy,1973-11-14,72,208,,00-0011326,,,,,,,,,,"https://static.www.nfl.com/image/private/f_auto,q_auto/league/c2dojuntu0bozpu4vihf",MIL667707,,32004d49-4c66-7707-dd7b-16d62817c96e,,,
1997,CAR,WR,WR,89,ACT,Ernie Mills,Ernest,Mills,1968-10-28,71,192,,00-0011328,,,,,,,,,,"https://static.www.nfl.com/image/private/f_auto,q_auto/league/b7nmfhudprwoh3ttmdyc",MIL683879,,32004d49-4c68-3879-a0ac-daa44ab7af1f,,,
1997,SD,OL,G,66,ACT,Jim Mills,James,Mills,1973-03-30,76,290,,00-0011331,,,,,,,,,,"https://static.www.nfl.com/image/private/f_auto,q_auto/league/ub8rhcpe9qzdemhsw5xk",MIL694843,,32004d49-4c69-4843-87d2-3b1a65389414,,,
1997,OAK,LB,LB,87,ACT,John Henry Mills,John,Mills,1969-10-31,72,235,,00-0011333,,,,,,,,,,"https://static.www.nfl.com/image/private/f_auto,q_auto/league/ghdzue7rigokjopn2doo",MIL703066,,32004d49-4c70-3066-5bcd-a721576af872,,,
1997,CAR,LB,ILB,51,ACT,Sam Mills,Samuel,Mills,1959-06-03,69,232,,00-0011335,,,,,,,,,,"https://static.www.nfl.com/image/private/f_auto,q_auto/league/x5ayzdjsqp1zyn2pvvl1",MIL723624,,32004d49-4c72-3624-6226-d25ebbe10183,,,
1997,CIN,RB,FB,44,ACT,Brian Milne,Brian,Milne,1973-01-07,75,255,,00-0011341,,,,,,,,,,"https://static.www.nfl.com/image/private/f_auto,q_auto/league/j209xllpalbqfr5acltu",MIL755488,,32004d49-4c75-5488-e349-e2f46572ba81,,,
1997,STL,OL,OT,79,RES,Billy Milner,Billy,Milner,1972-06-21,77,293,,00-0011342,,,,,,,,,,"https://static.www.nfl.com/image/private/f_auto,q_auto/league/enl9bjiiokesa6vcwlnt",MIL760627,,32004d49-4c76-0627-afcd-0ed23e0ff85d,,,
1997,SF,OL,G,69,ACT,Rod Milstead,Roderick,Milstead,1969-11-10,74,290,,00-0011344,,,,,,,,,,"https://static.www.nfl.com/image/private/f_auto,q_auto/league/ixe6hfpnnq7wxlszpmae",MIL793519,,32004d49-4c79-3519-bc49-77236ffbd44a,,,
1997,WAS,DL,DT,91,ACT,Chris Mims,Christopher,Mims,1970-09-29,77,290,,00-0011350,,,,,,,,,,"https://static.www.nfl.com/image/private/f_auto,q_auto/league/iwyn7aicj3bkmxoaoz3x",MIM605274,,32004d49-4d60-5274-8c2c-5085a9bdb667,,,
1997,TB,DB,FS,22,ACT,Charles Mincy,Charles,Mincy,1969-12-16,72,195,,00-0011353,,,,,,,,,,"https://static.www.nfl.com/image/private/f_auto,q_auto/league/twdxrgqvlidniodsolmz",MIN073285,,32004d49-4e07-3285-c11f-3a881318d7cd,,,
1997,ARI,DB,DB,21,CUT,Kevin Miniefield,Kevin,Miniefield,1970-03-02,69,182,,00-0011358,,,,,,,,,,"https://static.www.nfl.com/image/private/f_auto,q_auto/league/xqsj85dahaagieyckpdx",MIN204311,,32004d49-4e20-4311-983b-c042a1581258,,,
1997,CHI,LB,OLB,92,ACT,Barry Minter,Barry,Minter,1970-01-28,74,242,,00-0011369,,,,,,,,,,"https://static.www.nfl.com/image/private/f_auto,q_auto/league/ttwn8hufkjz1dqjheezm",MIN623891,,32004d49-4e62-3891-fc9e-b1780572f044,,,
1997,CAR,DB,FS,30,ACT,Mike Minter,Michael,Minter,1974-01-15,70,188,,00-0011372,,,,,,,,,,"https://static.www.nfl.com/image/private/f_auto,q_auto/league/fvtp8ksnol1yxbpgcj4g",MIN678748,,32004d49-4e67-8748-5c7e-93ad9b2c313a,,,
1997,CHI,QB,QB,13,ACT,Rick Mirer,Rick,Mirer,1970-03-19,75,214,,00-0011378,,,,,,,,,,"https://static.www.nfl.com/image/private/f_auto,q_auto/league/ivjjvb7urzhuannrkruf",MIR519112,,32004d49-5251-9112-13e2-2d0b58354648,,,
1997,NE,DL,DE,98,ACT,Brandon Mitchell,Brandon,Mitchell,1975-06-19,75,289,,00-0011398,,,,,,,,,,"https://static.www.nfl.com/image/private/f_auto,q_auto/league/qlyqyaohdkomut9xk7j9",MIT131572,,32004d49-5413-1572-2425-e70bf4bf60bf,,,
1997,WAS,RB,RB,30,ACT,Brian Mitchell,Brian,Mitchell,1968-08-18,70,221,,00-0011399,,,,,,,,,,"https://static.www.nfl.com/image/private/f_auto,q_auto/league/bwm0n70rbfm6zo2xyjrr",MIT134688,,32004d49-5413-4688-1a03-b1725599117f,,,
1997,BAL,OL,C,60,RES,Jeff Mitchell,Jeffrey,Mitchell,1974-01-29,76,307,,00-0011411,,,,,,,,,,"https://static.www.nfl.com/image/private/f_auto,q_auto/league/mntsd4git6hqgn79ra2d",MIT361739,,32004d49-5436-1739-75be-52e8437e4655,,,
1997,NO,LB,LB,59,ACT,Keith Mitchell,Clarence,Mitchell,1974-07-24,74,240,,00-0011413,,,,,,,,,,"https://static.www.nfl.com/image/private/f_auto,q_auto/league/msz6vk9ecnzpx6u1gt9t",MIT194933,,32004d49-5419-4933-40dc-9063fd825c74,,,
1997,SF,LB,LB,55,ACT,Kevin Mitchell,Kevin,Mitchell,1971-01-01,73,250,,00-0011415,,,,,,,,,,"https://static.www.nfl.com/image/private/f_auto,q_auto/league/q7aa5pg2gxhac6s6mr5s",MIT389866,,32004d49-5438-9866-56ca-6fcc44a216dc,,,
1997,JAX,TE,TE,83,ACT,Pete Mitchell,Peter,Mitchell,1971-10-09,74,241,,00-0011425,,,,,,,,,,"https://static.www.nfl.com/image/private/f_auto,q_auto/league/ojnpvem1zg62ig2ghorh",MIT619564,,32004d49-5461-9564-3cc4-a1239e7c1fc6,,,
1997,DET,QB,QB,19,ACT,Scott Mitchell,William,Mitchell,1968-01-02,78,230,,00-0011434,,,,,,,,,,"https://static.www.nfl.com/image/private/f_auto,q_auto/league/fz0nlfjxrivr2uofgv3o",MIT766982,,32004d49-5476-6982-8686-c1504b2b94e3,,,
1997,SD,TE,TE,86,ACT,Shannon Mitchell,Shannon,Mitchell,1972-03-28,74,245,,00-0011435,,,,,,,,,,"https://static.www.nfl.com/image/private/f_auto,q_auto/league/prhl1rfl7lravoglvbvj",MIT711983,,32004d49-5471-1983-66b1-c37b872ca2fe,,,
1997,TEN,DL,DE,97,ACT,Bryant Mix,Bryant,Mix,1972-07-28,75,291,,00-0011445,,,,,,,,,,"https://static.www.nfl.com/image/private/f_auto,q_auto/league/p0mo2drehz272n5yozk9",MIX263361,,32004d49-5826-3361-3007-21661bf05e67,,,
1997,DEN,LB,OLB,51,ACT,John Mobley,John,Mobley,1973-10-10,73,230,,00-0011449,,,,,,,,,,"https://static.www.nfl.com/image/private/f_auto,q_auto/league/iwogf93uryvbgkcqzriz",MOB265611,,32004d4f-4226-5611-fd0a-aefd1bf327b4,,,
1997,DAL,DB,DB,27,ACT,Singor Mobley,Singor,Mobley,1972-10-12,71,195,,00-0011451,,,,,,,,,,"https://static.www.nfl.com/image/private/f_auto,q_auto/league/gvspcickne6j1uljllao",MOB543222,,32004d4f-4254-3222-9e87-bae9515dd49d,,,
1997,BUF,SPEC,P,9,ACT,Chris Mohr,Christopher,Mohr,1966-05-11,77,215,,00-0011463,,,,,,,,,,"https://static.www.nfl.com/image/private/f_auto,q_auto/league/q3zrf7ahoxnmphscv7cy",MOH332232,,32004d4f-4833-2232-76c6-4aae5727d52a,,,
1997,SD,DL,DT,94,ACT,Mike Mohring,Michael,Mohring,1974-03-22,77,275,,00-0011464,,,,,,,,,,"https://static.www.nfl.com/image/private/f_auto,q_auto/league/qqxobtcpqdcud3tnuqs1",MOH508848,,32004d4f-4850-8848-155a-abf3d57db590,,,
1997,NO,DB,CB,25,ACT,Alex Molden,Alex,Molden,1973-08-04,70,190,,00-0011470,,,,,,,,,,"https://static.www.nfl.com/image/private/f_auto,q_auto/league/ygszybdoeseuo6dktpwt",MOL127180,,32004d4f-4c12-7180-79a8-56296fa35958,,,
1997,IND,DB,DB,34,ACT,Monty Montgomery,Delmonico,Montgomery,1973-12-08,71,189,,00-0011502,,,,,,,,,,"https://static.www.nfl.com/image/private/f_auto,q_auto/league/h8d0qflamthpsnb2gv0y",MON490258,,32004d4f-4e49-0258-65fd-0bb7541e1891,,,
1997,BAL,SPEC,P,9,ACT,Greg Montgomery,Gregory,Montgomery,1964-10-29,76,215,,00-0011505,,,,,,,,,,"https://static.www.nfl.com/image/private/f_auto,q_auto/league/s7g2ze0vlrdnw2yymbs0",MON530633,,32004d4f-4e53-0633-e97d-064a25ac5881,,,
1997,SD,DB,DB,40,RES,Mark Montreuil,Mark,Montreuil,1971-12-29,74,200,,00-0011515,,,,,,,,,,"https://static.www.nfl.com/image/private/f_auto,q_auto/league/vcujv6nhqckzcxj9hkgp",MON819034,,32004d4f-4e81-9034-e04e-ebd906e15285,,,
1997,NYG,LB,LB,51,RES,Pete Monty,Peter,Monty,1974-07-03,74,250,,00-0011516,,,,,,,,,,"https://static.www.nfl.com/image/private/f_auto,q_auto/league/ekpo4jbftxsszsoph1l9",MON824809,,32004d4f-4e82-4809-f7e4-43e230198c62,,,
1997,SEA,QB,QB,1,ACT,Warren Moon,Harold,Moon,1956-11-18,75,212,,00-0011524,,,,,,,,,,"https://static.www.nfl.com/image/private/f_auto,q_auto/league/nmnwarb1fy1d8xrefvfc",MOO057675,,32004d4f-4f05-7675-86d2-2829a12c6d4a,,,
1997,TB,TE,TE,83,ACT,Dave Moore,David,Moore,1969-11-11,74,242,,00-0011551,,,,,,,,,,"https://static.www.nfl.com/image/private/f_auto,q_auto/league/dpkynnhekynii7fskyll",MOO250886,,32004d4f-4f25-0886-9253-2ca7989fbc2a,,,
1997,ARI,RB,RB,40,RES,Derrick Moore,Derrick,Moore,1967-10-13,72,238,,00-0011556,,,,,,,,,,"https://static.www.nfl.com/image/private/f_auto,q_auto/league/jgwpesmzbjurn4emzdy0",MOO271072,,32004d4f-4f27-1072-5825-2001eb07d68d,,,
1997,DET,WR,WR,84,ACT,Herman Moore,Herman,Moore,1969-10-20,76,210,,00-0011568,,,,,,,,,,"https://static.www.nfl.com/image/private/f_auto,q_auto/league/hkor0gcjgusc9ezhtuco",MOO374887,,32004d4f-4f37-4887-242a-3cf709984560,,,
1997,STL,RB,RB,44,ACT,Jerald Moore,Jerald,Moore,1974-11-20,69,225,,00-0011573,,,,,,,,,,"https://static.www.nfl.com/image/private/f_auto,q_auto/league/osodu4fkldj8ngabmhap",MOO409492,,32004d4f-4f40-9492-5253-ebcef123ad80,,,
1997,NE,LB,LB,58,ACT,Marty Moore,Martin,Moore,1971-03-19,73,244,,00-0011592,,,,,,,,,,"https://static.www.nfl.com/image/private/f_auto,q_auto/league/gnesj2ptywmnqnpubgrd",MOO547912,,32004d4f-4f54-7912-ab3b-20b51e1a7dd5,,,
1997,ARI,WR,WR,85,ACT,Rob Moore,Robert,Moore,1968-09-27,75,203,,00-0011601,,,,,,,,,,"https://static.www.nfl.com/image/private/f_auto,q_auto/league/e7qxf8u4uexvpi1kilf2",MOO663262,,32004d4f-4f66-3262-86fc-3cffbef9d6b5,,,
1997,STL,RB,RB,29,TRD,Ronald Moore,Ronald,Moore,1970-01-26,70,220,,00-0011608,,,,,,,,,,"https://static.www.nfl.com/image/private/f_auto,q_auto/league/waqedylf2x7jr4yyplq5",MOO671913,,32004d4f-4f67-1913-83ed-f35036f0cb34,,,
1997,ARI,RB,RB,20,ACT,Ronald Moore,Ronald,Moore,1970-01-26,70,220,,00-0011608,,,,,,,,,,"https://static.www.nfl.com/image/private/f_auto,q_auto/league/waqedylf2x7jr4yyplq5",MOO671913,,32004d4f-4f67-1913-83ed-f35036f0cb34,,,
1997,BAL,DB,S,27,ACT,Stevon Moore,Stevon,Moore,1967-02-09,71,204,,00-0011613,,,,,,,,,,"https://static.www.nfl.com/image/private/f_auto,q_auto/league/zrj9wlv905kf8vpqsott",MOO703635,,32004d4f-4f70-3635-1788-8e6b6458b324,,,
1997,JAX,WR,WR,81,ACT,Will Moore,Will,Moore,1970-02-21,73,189,,00-0011620,,,,,,,,,,"https://static.www.nfl.com/image/private/f_auto,q_auto/league/dc8vn4jyhp32b66pu6zd",MOO744007,,32004d4f-4f74-4007-6fde-3569a396f774,,,
1997,CAR,DL,DT,95,ACT,Tim Morabito,Timothy,Morabito,1973-10-12,75,296,,00-0011629,,,,,,,,,,"https://static.www.nfl.com/image/private/f_auto,q_auto/league/zzxqiursy13pvgstgomg",MOR004943,,32004d4f-5200-4943-871f-6c6b6ad389f6,,,
1997,BUF,DL,DT,98,ACT,Sean Moran,Sean,Moran,1973-06-05,75,255,,00-0011634,,,,,,,,,,"https://static.www.nfl.com/image/private/f_auto,q_auto/league/zm4j1xqaqfukvabmdogh",MOR080512,,32004d4f-5208-0512-6027-67970c98e992,,,
1997,BAL,RB,FB,33,ACT,Bam Morris,Byron,Morris,1972-01-13,72,245,,00-0011675,,,,,,,,,,"https://static.www.nfl.com/image/private/f_auto,q_auto/league/xfamzuumuo1jqoibkcvu",MOR319931,,32004d4f-5231-9931-31c7-47428fa58095,,,
1997,MIN,OL,C,68,ACT,Mike Morris,Michael,Morris,1961-02-22,77,276,,00-0011691,,,,,,,,,,"https://static.www.nfl.com/image/private/f_auto,q_auto/league/eignsww3wwgmthn4zm4r",MOR474600,,32004d4f-5247-4600-1290-af472f7b7fc4,,,
1997,IND,LB,OLB,52,ACT,Steve Morrison,Steven,Morrison,1971-12-28,75,246,,00-0011712,,,,,,,,,,"https://static.www.nfl.com/image/private/f_auto,q_auto/league/gn98qehgpoagsbbltbqf",MOR648337,,32004d4f-5264-8337-df54-6f321df87cee,,,
1997,MIN,RB,RB,33,ACT,Harold Morrow,Harold,Morrow,1973-02-24,71,210,,00-0011718,,,,,,,,,,"https://static.www.nfl.com/image/private/f_auto,q_auto/league/rlafcfxdxiqj7avhoccb",MOR682237,,32004d4f-5268-2237-5f2f-80d8f0591691,,,
1997,DET,WR,WR,87,ACT,Johnnie Morton,Johnnie,Morton,1971-10-07,72,190,,00-0011727,,,,,,,,,,"https://static.www.nfl.com/image/private/f_auto,q_auto/league/vgd3ryl2ptbmgth4jq7x",MOR800887,,32004d4f-5280-0887-8e92-c4b9248fd23b,,,
1997,OAK,LB,OLB,50,RES,Mike Morton,Michael,Morton,1972-03-28,76,235,,00-0011729,,,,,,,,,,"https://static.www.nfl.com/image/private/f_auto,q_auto/league/ra56qdllwhke9sjfggnf",MOR809362,,32004d4f-5280-9362-65da-3ac9182913c1,,,
1997,MIA,DB,CB,28,ACT,Denorse Mosley,Denorse,Mosley,1975-02-15,73,180,,00-0011744,,,,,,,,,,"https://static.www.nfl.com/image/private/f_auto,q_auto/league/tk4yrpd58tqjq301txbi",MOS368668,,32004d4f-5336-8668-726c-52d8d665c145,,,
1997,MIN,OL,G,79,ACT,Eric Moss,Eric,Moss,1974-09-25,76,325,,00-0011751,,,,,,,,,,"https://static.www.nfl.com/image/private/f_auto,q_auto/league/cidois1jy0thrmuvzpmy",MOS545934,,32004d4f-5354-5934-1fa3-8965c03a4d29,,,
1997,SEA,LB,OLB,55,RES,Winston Moss,Winston,Moss,1965-12-24,75,245,,00-0011757,,,,,,,,,,"https://static.www.nfl.com/image/private/f_auto,q_auto/league/l41hcicgc97rmefoyzaq",MOS741575,,32004d4f-5374-1575-41c0-b1856956becc,,,
1997,NE,OL,OT,77,ACT,Zefross Moss,Zefross,Moss,1966-08-17,78,325,,00-0011758,,,,,,,,,,"https://static.www.nfl.com/image/private/f_auto,q_auto/league/mgw07vaqwnxujtzntnyb",MOS771238,,32004d4f-5377-1238-7b94-0b838769ebf1,,,
1997,BUF,WR,WR,80,ACT,Eric Moulds,Eric,Moulds,1973-07-17,72,204,,00-0011770,,,,,,,,,,"https://static.www.nfl.com/image/private/f_auto,q_auto/league/zsgfiuckq4ha4j39dyue",MOU359918,,32004d4f-5535-9918-af12-7ce1b0e4f9f7,,,
1997,CAR,WR,WR,87,ACT,Muhsin Muhammad,Muhsin,Muhammad,1973-05-05,74,217,,00-0011795,,,,,,,,,,"https://static.www.nfl.com/image/private/f_auto,q_auto/league/voncnllz8vmiq1rnclqz",MUH425040,,32004d55-4842-5040-1e83-ee42386195b5,,,
1997,OAK,LB,LB,52,ACT,Shay Muirbrook,Shay,Muirbrook,1973-11-15,72,230,,00-0011798,,,,,,,,,,"https://static.www.nfl.com/image/private/f_auto,q_auto/league/duajicsx1kotx00jr4yr",MUI401791,,32004d55-4940-1791-b236-e37dc2be3fec,,,
1997,GB,DB,DB,28,ACT,Roderick Mullen,Roderick,Mullen,1972-12-05,73,204,,00-0011811,,,,,,,,,,"https://static.www.nfl.com/image/private/f_auto,q_auto/league/aekit3pimbmzbikwlvwj",MUL349874,,32004d55-4c34-9874-d441-ae2243104ab6,,,
1997,MIN,SPEC,K,3,ACT,Eddie Murray,Edward,Murray,1956-08-29,70,177,,00-0011859,,,,,,,,,,"https://static.www.nfl.com/image/private/f_auto,q_auto/league/bxywc4m8gikzzzbancry",MUR607740,,32004d55-5260-7740-9f22-1de17e7a4532,,,
1997,NYJ,RB,RB,29,ACT,Adrian Murrell,Adrian,Murrell,1970-10-16,71,214,,00-0011869,,,,,,,,,,"https://static.www.nfl.com/image/private/f_auto,q_auto/league/dmscpc4mczzclvw06xss",MUR719159,,32004d55-5271-9159-2192-f8b6a4c8ac03,,,
1997,CIN,DB,FS,31,ACT,Greg Myers,Gregory,Myers,1972-09-30,73,197,,00-0011885,,,,,,,,,,"https://static.www.nfl.com/image/private/f_auto,q_auto/league/fjwppztwspditwywmspq",MYE370793,,32004d59-4537-0793-96ed-f3877a7bd3a5,,,
1997,PIT,OL,G,62,ACT,Tom Myslinski,Thomas,Myslinski,1968-12-07,75,287,,00-0011902,,,,,,,,,,"https://static.www.nfl.com/image/private/f_auto,q_auto/league/uyvph9j1ytnz3zhavbgp",MYS385627,,32004d59-5338-5627-60cc-5f7d4d2e55fb,,,
1997,NO,OL,G,65,RES,Chris Naeole,Christopher,Naeole,1974-12-25,75,313,,00-0011905,,,,,,,,,,"https://static.www.nfl.com/image/private/f_auto,q_auto/league/l6081tfysdqtois6a79u",NAE474619,,32004e41-4547-4619-e44a-c91d58a70b8d,,,
1997,BUF,OL,OT,74,ACT,Jamie Nails,Jamie,Nails,1977-06-03,78,354,,00-0011908,,,,,,,,,,"https://static.www.nfl.com/image/private/f_auto,q_auto/league/wctujlictg09y148irsg",NAI134969,,32004e41-4913-4969-eb1c-605e95a12693,,,
1997,DEN,OL,C,66,ACT,Tom Nalen,Thomas,Nalen,1971-05-13,74,280,,00-0011915,,,,,,,,,,"https://static.www.nfl.com/image/private/f_auto,q_auto/league/wyhctr99favissuzammg",NAL177981,,32004e41-4c17-7981-77b4-bf84c6113f5c,,,
1997,IND,RB,RB,20,ACT,Leon Neal,Leon,Neal,1972-09-11,69,185,,00-0011957,,,,,,,,,,"https://static.www.nfl.com/image/private/f_auto,q_auto/league/bmfjp88ommza4dpwltb4",NEA231940,,32004e45-4123-1940-c90e-5794d825091b,,,
1997,NYJ,RB,RB,22,ACT,Lorenzo Neal,Lorenzo,Neal,1970-12-27,71,240,,00-0011958,,,,,,,,,,"https://static.www.nfl.com/image/private/f_auto,q_auto/league/tsuqbitfgkxsemjowcyw",NEA237924,,32004e45-4123-7924-5779-4e5f5fe41d3b,,,
1997,MIA,RB,RB,20,ACT,Ray Nealy,Ray,Nealy,1975-04-30,71,220,,00-0011965,,,,,,,,,,"https://static.www.nfl.com/image/private/f_auto,q_auto/league/jnevtvkma23ejcjhkt1g",NEA691464,,32004e45-4169-1464-4504-3b369b214502,,,
1997,ARI,SPEC,K,6,ACT,Joe Nedney,Joseph,Nedney,1973-03-22,77,205,,00-0011970,,,,,,,,,,"https://static.www.nfl.com/image/private/f_auto,q_auto/league/zrsxfmwsgeacb04jktvn",NED444954,,32004e45-4444-4954-c255-f263261604fb,,,
1997,MIA,SPEC,K,6,TRC,Joe Nedney,Joseph,Nedney,1973-03-22,77,205,,00-0011970,,,,,,,,,,"https://static.www.nfl.com/image/private/f_auto,q_auto/league/zrsxfmwsgeacb04jktvn",NED444954,,32004e45-4444-4954-c255-f263261604fb,,,
1997,DEN,OL,G,62,ACT,Dan Neil,Daniel,Neil,1973-10-21,74,291,,00-0011983,,,,,,,,,,"https://static.www.nfl.com/image/private/f_auto,q_auto/league/spvxrrvrtysym6u8pnef",NEI485598,,32004e45-4948-5598-a980-53a4573b118c,,,
1997,BAL,OL,C,67,ACT,Quentin Neujahr,Quentin,Neujahr,1971-01-30,76,285,,00-0012037,,,,,,,,,,"https://static.www.nfl.com/image/private/f_auto,q_auto/league/m9yc5z4v53nr6l7vjqy3",NEU398678,,32004e45-5539-8678-6a51-dc50dd408c93,,,
1997,NO,DB,S,30,ACT,Anthony Newman,Anthony,Newman,1965-11-25,72,200,,00-0012056,,,,,,,,,,"https://static.www.nfl.com/image/private/f_auto,q_auto/league/dtbjfn1kodhcmlt4cahw",NEW321516,,32004e45-5732-1516-fd88-2d1b9b27faea,,,
1997,TB,OL,G,62,RES,Brian Newnam,Brian,Newnam,1974-02-11,75,291,,00-0012064,,,,,,,,,,"https://static.www.nfl.com/image/private/f_auto,q_auto/league/rvxlv3q1ki6cjcb5o5ap",NEW513532,,32004e45-5751-3532-9abb-e630d0f38863,,,
1997,GB,DB,DB,21,RES,Craig Newsome,Craig,Newsome,1971-08-10,72,190,,00-0012066,,,,,,,,,,"https://static.www.nfl.com/image/private/f_auto,q_auto/league/neghaz7wadtram42pxlr",NEW552153,,32004e45-5755-2153-dba8-05aa624bbfac,,,
1997,DAL,OL,G,61,ACT,Nate Newton,Nathaniel,Newton,1961-12-20,75,320,,00-0012081,,,,,,,,,,"https://static.www.nfl.com/image/private/f_auto,q_auto/league/dbgczukxafswgg8sjeq1",NEW723411,,32004e45-5772-3411-9b63-585fcd967c30,,,
1997,TB,LB,MLB,56,ACT,Hardy Nickerson,Hardy,Nickerson,1965-09-01,74,230,,00-0012102,,,,,,,,,,"https://static.www.nfl.com/image/private/f_auto,q_auto/league/wrzwjda68yt8gw5dfykc",NIC658720,,32004e49-4365-8720-6907-31e533d36422,,,
1997,TEN,OL,G,64,ACT,Erik Norgard,Erik,Norgard,1965-11-04,73,285,,00-0012166,,,,,,,,,,"https://static.www.nfl.com/image/private/f_auto,q_auto/league/ahhqm2cvupyxzfkhvkac",NOR180560,,32004e4f-5218-0560-76ae-926213c66fad,,,
1997,JAX,OL,G,68,ACT,Mark Nori,Mark,Nori,1974-01-01,76,307,,00-0012167,,,,,,,,,,"https://static.www.nfl.com/image/private/f_auto,q_auto/league/nnxpkmy6vd1fog6kua6d",NOR189588,,32004e4f-5218-9588-5913-c594288340e3,,,
1997,BUF,LB,OLB,99,ACT,Gabe Northern,Gabriel,Northern,1974-06-08,75,240,,00-0012191,,,,,,,,,,"https://static.www.nfl.com/image/private/f_auto,q_auto/league/h9shvtxdhzvqjboowmc3",NOR604876,,32004e4f-5260-4876-a0a1-a802000ad23d,,,
1997,SF,LB,OLB,51,ACT,Ken Norton,Kenneth,Norton,1966-09-29,74,241,,00-0012196,,,,,,,,,,"https://static.www.nfl.com/image/private/f_auto,q_auto/league/nbb0wqoyjpmu5shcsxx2",NOR686128,,32004e4f-5268-6128-3f9f-df4e7e550c6e,,,
1997,KC,DL,DE,94,CUT,Dexter Nottage,Dexter,Nottage,1970-11-14,76,287,,00-0012205,,,,,,,,,,"https://static.www.nfl.com/image/private/f_auto,q_auto/league/vtjewpmgdnhjpfbj5hmv",NOT438361,,32004e4f-5443-8361-6ba5-8f81f24a1bbb,,,
1997,JAX,OL,G,67,ACT,Jeff Novak,Jeffrey,Novak,1967-07-27,78,291,,00-0012210,,,,,,,,,,"https://static.www.nfl.com/image/private/f_auto,q_auto/league/ydtj46llgewhbjtwrpqk",NOV397984,,32004e4f-5639-7984-911b-6de7ba3b09b3,,,
1997,NO,QB,QB,13,ACT,Doug Nussmeier,Douglas,Nussmeier,1970-12-11,75,211,,00-0012226,,,,,,,,,,"https://static.www.nfl.com/image/private/f_auto,q_auto/league/aqwmbbqibmmsbxjmmquu",NUS428791,,32004e55-5342-8791-14b8-125b83ff6aae,,,
1997,NYJ,QB,QB,14,ACT,Neil O'Donnell,Neil,O'Donnell,1966-07-03,75,228,,00-0012261,,,,,,,,,,"https://static.www.nfl.com/image/private/f_auto,q_auto/league/eljm5vck5j6fltkfftxd",ODO638910,,32004f44-4f63-8910-238a-b14536eb2c6e,,,
1997,NYJ,OL,G,70,ACT,Matt O'Dwyer,Matthew,O'Dwyer,1972-09-01,77,300,,00-0012263,,,,,,,,,,"https://static.www.nfl.com/image/private/f_auto,q_auto/league/c1zjv0asjagccwgipk8l",ODW771256,,32004f44-5777-1256-9172-122f7078532e,,,
1997,STL,DL,DE,91,ACT,Leslie O'Neal,Leslie,O'Neal,1964-05-07,76,270,,00-0012274,,,,,,,,,,"https://static.www.nfl.com/image/private/f_auto,q_auto/league/f9xhblgx81wtbevy7hgq",ONE177981,,32004f4e-4517-7981-5c65-807d135b7553,,,
1997,NYG,OL,OT,72,ACT,Roman Oben,Roman,Oben,1972-10-09,76,310,,00-0012293,,,,,,,,,,"https://static.www.nfl.com/image/private/f_auto,q_auto/league/u5uhblpbjtjn3yruddnc",OBE451158,,32004f42-4545-1158-4546-2acbee42a0d9,,,
1997,TB,OL,OT,70,ACT,Jason Odom,Jason,Odom,1974-03-31,77,307,,00-0012309,,,,,,,,,,"https://static.www.nfl.com/image/private/f_auto,q_auto/league/ql6xvwov2irnqcshjzjn",ODO140560,,32004f44-4f14-0560-4f1c-395a30ff95d2,,,
1997,BAL,TE,TE,89,ACT,A.J. Ofodile,Anselm,Ofodile,1973-10-09,78,260,,00-0012317,,,,,,,,,,"https://static.www.nfl.com/image/private/f_auto,q_auto/league/elerogdq6erpyqfqx36m",OFO148317,,32004f46-4f14-8317-82d6-e04daede6e45,,,
1997,BAL,OL,OT,75,ACT,Jonathan Ogden,Jonathan,Ogden,1974-07-31,80,318,,00-0012322,,,,,,,,,,"https://static.www.nfl.com/image/private/f_auto,q_auto/league/nfankpq6pyoz8smsbilj",OGD403291,,32004f47-4440-3291-6c70-d019fe6370bd,,,
1997,PIT,DB,DB,24,ACT,Chris Oldham,Christopher,Oldham,1968-10-26,69,200,,00-0012340,,,,,,,,,,"https://static.www.nfl.com/image/private/f_auto,q_auto/league/j72ce3d8t3iau1n9qubg",OLD355962,,32004f4c-4435-5962-f4f2-a85aff8da693,,,
1997,CAR,RB,RB,20,ACT,Winslow Oliver,Winslow,Oliver,1973-03-03,67,180,,00-0012368,,,,,,,,,,"https://static.www.nfl.com/image/private/f_auto,q_auto/league/rzalwbydtjjoked9wfgy",OLI788415,,32004f4c-4978-8415-e3df-5788281c72bf,,,
1997,PIT,LB,LB,55,ACT,Jerry Olsavsky,Jerome,Olsavsky,1967-03-29,73,221,,00-0012375,,,,,,,,,,"https://static.www.nfl.com/image/private/f_auto,q_auto/league/ndpjkskgzre2zmw75s5m",OLS051911,,32004f4c-5305-1911-a705-f1c8d4afcd74,,,
1997,CIN,DB,DB,26,ACT,Bo Orlando,Joseph,Orlando,1966-04-03,70,180,,00-0012401,,,,,,,,,,"https://static.www.nfl.com/image/private/f_auto,q_auto/league/vlgnmce4gwm4ouolmkcj",ORL276861,,32004f52-4c27-6861-2bd4-7e630bb9be0f,,,
1997,BUF,OL,OT,60,ACT,Jerry Ostroski,Gerald,Ostroski,1970-07-12,76,310,,00-0012437,,,,,,,,,,"https://static.www.nfl.com/image/private/f_auto,q_auto/league/q4luft4bpwfpqdt2clin",OST610185,,32004f53-5461-0185-1a49-cdf4d121dba9,,,
1997,ARI,DL,DT,96,ACT,Brad Ottis,Brad,Ottis,1972-08-02,77,281,,00-0012446,,,,,,,,,,"https://static.www.nfl.com/image/private/f_auto,q_auto/league/ksmlerxj9xekpzdloiap",OTT193802,,32004f54-5419-3802-b8bd-f7b71f43dabb,,,
1997,ATL,DL,DT,93,ACT,Dan Owens,Daniel,Owens,1967-03-16,75,280,,00-0012463,,,,,,,,,,"https://static.www.nfl.com/image/private/f_auto,q_auto/league/atok1leunazdjzyado4r",OWE332230,,32004f57-4533-2230-2790-615d6b83df38,,,
1997,WAS,DL,DE,96,ACT,Rich Owens,Ritchie,Owens,1972-05-22,78,281,,00-0012476,,,,,,,,,,"https://static.www.nfl.com/image/private/f_auto,q_auto/league/apoumy51bkgg0ytznrm9",OWE742156,,32004f57-4574-2156-b288-7201a8c21e03,,,
1997,SF,WR,WR,81,ACT,Terrell Owens,Terrell,Owens,1973-12-07,75,213,,00-0012478,,,,,,,,,,"https://static.www.nfl.com/image/private/f_auto,q_auto/league/c41avnwoegxy9nnwmgbo",OWE755129,,32004f57-4575-5129-fb39-bfa11df43ea7,,,
1997,STL,OL,OT,76,ACT,Orlando Pace,Orlando,Pace,1975-11-04,79,334,,00-0012485,,,,,,,,,,"https://static.www.nfl.com/image/private/f_auto,q_auto/league/lwndbjry5t2vtjlje2d1",PAC151180,,32005041-4315-1180-812f-eec18cda8dd9,,,
1997,NYJ,OL,G,66,ACT,Lonnie Palelei,Si'ulagi,Palelei,1970-10-15,75,315,,00-0012512,,,,,,,,,,"https://static.www.nfl.com/image/private/f_auto,q_auto/league/odwhidqpxgdezcsmxwut",PAL142233,,32005041-4c14-2233-c560-6b837de0ba2c,,,
1997,MIN,RB,RB,22,ACT,David Palmer,David,Palmer,1972-11-19,68,175,,00-0012515,,,,,,,,,,"https://static.www.nfl.com/image/private/f_auto,q_auto/league/zmqay7fglka2khxx9tvl",PAL321216,,32005041-4c32-1216-55c9-c6600a2a0a3f,,,
1997,PHI,OL,G,72,ACT,Joe Panos,Zois,Panos,1971-01-24,74,293,,00-0012532,,,,,,,,,,"https://static.www.nfl.com/image/private/f_auto,q_auto/league/ummwxxyzck2ivnmirxqx",PAN753911,,32005041-4e75-3911-2387-ac0539f54458,,,
1997,TB,DB,CB,27,ACT,Anthony Parker,Will,Parker,1966-02-11,70,181,,00-0012546,,,,,,,,,,"https://static.www.nfl.com/image/private/f_auto,q_auto/league/mdmg8ls5pifwip0x0ulb",PAR435712,,32005041-5243-5712-456c-02aba77e0410,,,
1997,JAX,RB,RB,39,RES,Chris Parker,Christopher,Parker,1972-12-31,71,213,,00-0012552,,,,,,,,,,"https://static.www.nfl.com/image/private/f_auto,q_auto/league/wew1plqbjnifbmnz2rvi",PAR197432,,32005041-5219-7432-5d8f-0b0e080ecb06,,,
1997,KC,OL,OT,62,ACT,Glenn Parker,Glenn,Parker,1966-04-22,77,305,,00-0012561,,,,,,,,,,"https://static.www.nfl.com/image/private/f_auto,q_auto/league/wofir4euckmpr8takirh",PAR272320,,32005041-5227-2320-2111-15ec50bacff2,,,
1997,JAX,DB,DB,29,ACT,Ricky Parker,Ricky,Parker,1974-12-04,72,194,,00-0012577,,,,,,,,,,"https://static.www.nfl.com/image/private/f_auto,q_auto/league/fqrf8sjhim3hff0jrhr7",PAR371522,,32005041-5237-1522-5e70-5c7d54d79cb6,,,
1997,SEA,DL,DT,76,ACT,Riddick Parker,Riddick,Parker,1972-11-20,75,274,,00-0012578,,,,,,,,,,"https://static.www.nfl.com/image/private/f_auto,q_auto/league/jbr62ime2jscekvwqzwj",PAR375412,,32005041-5237-5412-622b-cca710b27c1d,,,
1997,SD,OL,OT,70,ACT,Vaughn Parker,Vaughn,Parker,1971-06-05,75,296,,00-0012588,,,,,,,,,,"https://static.www.nfl.com/image/private/f_auto,q_auto/league/pzf6qtpqan8tt830c6hc",PAR432308,,32005041-5243-2308-1720-dc11468f42f1,,,
1997,KC,OL,OT,72,ACT,Nathan Parks,Nathan,Parks,1974-10-24,77,303,,00-0012595,,,,,,,,,,"https://static.www.nfl.com/image/private/f_auto,q_auto/league/zkyu9vnexyqpze2qb34a",PAR549178,,32005041-5254-9178-cddf-3a9e531e99f2,,,
1997,MIA,RB,FB,30,ACT,Bernie Parmalee,Bernard,Parmalee,1967-09-16,71,210,,00-0012603,,,,,,,,,,"https://static.www.nfl.com/image/private/f_auto,q_auto/league/resfephz4u73o52trfks",PAR592296,,32005041-5259-2296-8506-c1e697a866e4,,,
1997,SD,DL,DT,97,ACT,John Parrella,John,Parrella,1969-11-22,75,290,,00-0012607,,,,,,,,,,"https://static.www.nfl.com/image/private/f_auto,q_auto/league/ipr1qnzx16unnfenlyly",PAR619528,,32005041-5261-9528-e257-cbeb08944147,,,
1997,KC,DL,DT,91,ACT,Ty Parten,Ty,Parten,1969-10-13,77,272,,00-0012620,,,,,,,,,,"https://static.www.nfl.com/image/private/f_auto,q_auto/league/jy8wrm3rv63hdb5sq1c8",PAR782920,,32005041-5278-2920-38e6-832c474ce96d,,,
1997,IND,OL,G,64,CUT,Garin Patrick,Garin,Patrick,1971-08-31,75,284,,00-0012639,,,,,,,,,,"https://static.www.nfl.com/image/private/f_auto,q_auto/league/gbpbbio36rcznxtpfscs",PAT240083,,32005041-5424-0083-d60c-032c54219e24,,,
1997,NYG,WR,WR,19,ACT,David Patten,David,Patten,1974-08-19,69,182,,00-0012642,,,,,,,,,,"https://static.www.nfl.com/image/private/f_auto,q_auto/league/zzybbpvmsjs093ikw5ex",PAT326165,,32005041-5432-6165-155d-3fba061da24a,,,
1997,WAS,OL,G,68,ACT,Joe Patton,Joseph,Patton,1972-01-05,77,306,,00-0012664,,,,,,,,,,"https://static.www.nfl.com/image/private/f_auto,q_auto/league/ssprwleo2l06csihdcjl",PAT684580,,32005041-5468-4580-c387-8e861a0fa616,,,
1997,WAS,LB,MLB,53,ACT,Marvcus Patton,Marvcus,Patton,1967-05-01,74,236,,00-0012666,,,,,,,,,,"https://static.www.nfl.com/image/private/f_auto,q_auto/league/dd2dephu5k2rzlsgp5qs",PAT700785,,32005041-5470-0785-307a-111f82ab271f,,,
1997,ARI,DB,DB,27,TRC,Tito Paul,Tito,Paul,1972-05-24,72,198,,00-0012673,,,,,,,,,,"https://static.www.nfl.com/image/private/f_auto,q_auto/league/lhiz1bigzmezwh89rfvq",PAU365455,,32005041-5536-5455-de5b-5ddec6b20e47,,,
1997,CIN,DB,CB,27,ACT,Tito Paul,Tito,Paul,1972-05-24,72,198,,00-0012673,,,,,,,,,,"https://static.www.nfl.com/image/private/f_auto,q_auto/league/lhiz1bigzmezwh89rfvq",PAU365455,,32005041-5536-5455-de5b-5ddec6b20e47,,,
1997,BUF,LB,OLB,95,ACT,Bryce Paup,Bryce,Paup,1968-02-29,77,247,,00-0012679,,,,,,,,,,"https://static.www.nfl.com/image/private/f_auto,q_auto/league/citnssgav0osreq2f2h9",PAU747522,,32005041-5574-7522-3a5c-4ccb0305d879,,,
1997,CIN,OL,C,64,ACT,Rod Payne,Reginald,Payne,1974-06-14,76,295,,00-0012687,,,,,,,,,,"https://static.www.nfl.com/image/private/f_auto,q_auto/league/w5pi8qlxqfudpbjp59ij",PAY422981,,32005041-5942-2981-4a36-ae955baf23d9,,,
1997,JAX,DL,DT,91,ACT,Seth Payne,Seth,Payne,1975-02-12,76,304,,00-0012689,,,,,,,,,,"https://static.www.nfl.com/image/private/f_auto,q_auto/league/ishllzonioaljkofy1cn",PAY430672,,32005041-5943-0672-7b41-5ed91d4ece96,,,
1997,GB,QB,QB,18,ACT,Doug Pederson,Douglas,Pederson,1968-01-31,75,216,,00-0012726,,,,,,,,,,"https://static.www.nfl.com/image/private/f_auto,q_auto/league/qe4j7iaaaq0iz8dma3ev",PED543972,,32005045-4454-3972-51b8-d0b994ae7160,,,
1997,PHI,QB,QB,9,ACT,Rodney Peete,Rodney,Peete,1966-03-16,72,225,,00-0012732,,,,,,,,,,"https://static.www.nfl.com/image/private/f_auto,q_auto/league/jc5zp43pmkw5qgawmw2v",PEE498348,,32005045-4549-8348-c50e-4bbd25ae92da,,,
1997,SD,RB,RB,44,TRC,Erric Pegram,Erric,Pegram,1969-01-07,70,195,,00-0012735,,,,,,,,,,"https://static.www.nfl.com/image/private/f_auto,q_auto/league/gpcbjjmbxaexpzimpkgw",PEG358660,,32005045-4735-8660-eb76-a3f4d5c342e1,,,
1997,NYG,RB,RB,33,ACT,Erric Pegram,Erric,Pegram,1969-01-07,70,195,,00-0012735,,,,,,,,,,"https://static.www.nfl.com/image/private/f_auto,q_auto/league/gpcbjjmbxaexpzimpkgw",PEG358660,,32005045-4735-8660-eb76-a3f4d5c342e1,,,
1997,CIN,SPEC,K,9,ACT,Doug Pelfrey,William,Pelfrey,1970-09-25,71,185,,00-0012742,,,,,,,,,,"https://static.www.nfl.com/image/private/f_auto,q_auto/league/mevgsdwieluw6lmuhjj7",PEL114322,,32005045-4c11-4322-2ac1-6fe8f05dcd45,,,
1997,CHI,WR,WR,86,ACT,Chris Penn,Christopher,Penn,1971-04-20,72,200,,00-0012764,,,,,,,,,,"https://static.www.nfl.com/image/private/f_auto,q_auto/league/uopvhqndictxcq13ojfy",PEN242814,,32005045-4e24-2814-5fe8-02a225ecc9b0,,,
1997,KC,WR,WR,85,TRD,Brett Perriman,Brett,Perriman,1965-10-10,69,180,,00-0012803,,,,,,,,,,"https://static.www.nfl.com/image/private/f_auto,q_auto/league/u4ishjtpm0xpglwcm39f",PER440700,,32005045-5244-0700-c6cc-427ec48ce7b1,,,
1997,MIA,WR,WR,18,ACT,Brett Perriman,Brett,Perriman,1965-10-10,69,180,,00-0012803,,,,,,,,,,"https://static.www.nfl.com/image/private/f_auto,q_auto/league/u4ishjtpm0xpglwcm39f",PER440700,,32005045-5244-0700-c6cc-427ec48ce7b1,,,
1997,PIT,DB,FS,39,ACT,Darren Perry,Darren,Perry,1968-12-29,71,196,,00-0012808,,,,,,,,,,"https://static.www.nfl.com/image/private/f_auto,q_auto/league/l5ydjkovqk6eitu5gsoj",PER548050,,32005045-5254-8050-bfc0-0f5ed17f7744,,,
1997,MIA,TE,TE,89,ACT,Ed Perry,Edwin,Perry,1974-09-01,76,250,,00-0012809,,,,,,,,,,"https://static.www.nfl.com/image/private/f_auto,q_auto/league/ymddt8dmew65fqquycq7",PER553700,,32005045-5255-3700-4443-60c255333047,,,
1997,BUF,LB,LB,58,ACT,Marlo Perry,Malcolm,Perry,1972-08-25,76,250,,00-0012820,,,,,,,,,,"https://static.www.nfl.com/image/private/f_auto,q_auto/league/z1qrikz4bkrtyul2ras6",PER635625,,32005045-5263-5625-7b72-1bdbb4ac58fc,,,
1997,KC,DL,DT,95,ACT,Michael Dean Perry,Michael,Perry,1965-08-27,73,285,,00-0012822,,,,,,,,,,"https://static.www.nfl.com/image/private/f_auto,q_auto/league/ihl0l41v1wur0cbnuttd",PER678000,,32005045-5267-8000-eae0-9102f347b2f4,,,
1997,DEN,DL,DT,95,TRT,Michael Dean Perry,Michael,Perry,1965-08-27,73,285,,00-0012822,,,,,,,,,,"https://static.www.nfl.com/image/private/f_auto,q_auto/league/ihl0l41v1wur0cbnuttd",PER678000,,32005045-5267-8000-eae0-9102f347b2f4,,,
1997,CHI,OL,G,75,RES,Todd Perry,Todd,Perry,1970-11-28,77,312,,00-0012828,,,,,,,,,,"https://static.www.nfl.com/image/private/f_auto,q_auto/league/eblhctm1a5nlvz0sz1bg",PER717550,,32005045-5271-7550-8e46-2ed3fd1a0c64,,,
1997,NYG,DL,DT,99,ACT,Christian Peter,Christian,Peter,1972-10-05,75,300,,00-0012841,,,,,,,,,,"https://static.www.nfl.com/image/private/f_auto,q_auto/league/f6snakjoyjmc4mhowgiw",PET064599,,32005045-5406-4599-7ef4-4cbb0956ef06,,,
1997,BAL,LB,LB,53,ACT,Tyrell Peters,Tyrell,Peters,1974-08-04,72,230,,00-0012849,,,,,,,,,,"https://static.www.nfl.com/image/private/f_auto,q_auto/league/jbjtk5zkxvrvrq3ggu19",PET163805,,32005045-5416-3805-f164-76271e165ee6,,,
1997,SEA,SPEC,K,2,ACT,Todd Peterson,Joseph,Peterson,1970-02-04,70,173,,00-0012875,,,,,,,,,,"https://static.www.nfl.com/image/private/f_auto,q_auto/league/lcxeooav27vwd7llegel",PET318269,,32005045-5431-8269-e93f-c9e00b4ef5b1,,,
1997,CHI,LB,LB,57,ACT,Tony Peterson,Anthony,Peterson,1972-01-23,73,223,,00-0012876,,,,,,,,,,"https://static.www.nfl.com/image/private/f_auto,q_auto/league/jw5vr891fzoaqmjr7sf2",PET272240,,32005045-5427-2240-9488-b95195cddd37,,,
1997,STL,LB,OLB,58,ACT,Roman Phifer,Roman,Phifer,1968-03-05,74,240,,00-0012909,,,,,,,,,,"https://static.www.nfl.com/image/private/f_auto,q_auto/league/mgcg7hrox5fvp9svr7fc",PHI017200,,32005048-4901-7200-5b35-f51f1ff4444f,,,
1997,SD,QB,QB,15,ACT,Todd Philcox,Todd,Philcox,1966-09-25,76,218,,00-0012910,,,,,,,,,,"https://static.www.nfl.com/image/private/f_auto,q_auto/league/fo2dn1qemzmmgditlcvl",PHI095835,,32005048-4909-5835-b492-b4806881c135,,,
1997,KC,DL,NT,75,ACT,Joe Phillips,Joseph,Phillips,1963-07-15,77,310,,00-0012925,,,,,,,,,,"https://static.www.nfl.com/image/private/f_auto,q_auto/league/jt1345wj2y7itf7hpz1l",PHI387840,,32005048-4938-7840-c028-6f85ebd6e08c,,,
1997,STL,RB,RB,21,TRC,Lawrence Phillips,Lawrence,Phillips,1975-05-12,72,223,,00-0012931,,,,,,,,,,"https://static.www.nfl.com/image/private/f_auto,q_auto/league/evolhzkdkgwtstxe1h59",PHI470175,,32005048-4947-0175-285a-ee03292e96b7,,,
1997,MIA,RB,RB,21,ACT,Lawrence Phillips,Lawrence,Phillips,1975-05-12,72,223,,00-0012931,,,,,,,,,,"https://static.www.nfl.com/image/private/f_auto,q_auto/league/evolhzkdkgwtstxe1h59",PHI470175,,32005048-4947-0175-285a-ee03292e96b7,,,
1997,NYG,LB,LB,91,ACT,Ryan Phillips,Richard,Phillips,1974-02-07,76,252,,00-0012940,,,,,,,,,,"https://static.www.nfl.com/image/private/f_auto,q_auto/league/jodbxbdiquylbxmaws4p",PHI619733,,32005048-4961-9733-f386-8e5f8cdee778,,,
1997,CIN,WR,WR,81,RES,Carl Pickens,Carl,Pickens,1970-03-23,74,206,,00-0012953,,,,,,,,,,"https://static.www.nfl.com/image/private/f_auto,q_auto/league/axgwysdsgh0q1yeb2r83",PIC571956,,32005049-4357-1956-e66a-872524cc6d7a,,,
1997,NYG,TE,TE,84,ACT,Aaron Pierce,Aaron,Pierce,1969-09-06,77,260,,00-0012971,,,,,,,,,,"https://static.www.nfl.com/image/private/f_auto,q_auto/league/nvxtxlxvgrfosbk6w0um",PIE180423,,32005049-4518-0423-fcf8-ce6059a7623c,,,
1997,CAR,DB,DB,27,ACT,Damon Pieri,Mark,Pieri,1970-09-25,72,186,,00-0012980,,,,,,,,,,"https://static.www.nfl.com/image/private/f_auto,q_auto/league/uu5vpupppbncvjc6pubx",PIE498349,,32005049-4549-8349-2ba8-6adcf8a698f1,,,
1997,TB,OL,OT,69,ACT,Pete Pierson,Peter,Pierson,1971-02-04,77,295,,00-0012983,,,,,,,,,,"https://static.www.nfl.com/image/private/f_auto,q_auto/league/sqgkhy1dsoynb9fkpolh",PIE628410,,32005049-4562-8410-93dc-da1e838b8ee0,,,
1997,BUF,DL,DE,94,ACT,Mark Pike,Mark,Pike,1963-12-27,76,272,,00-0012987,,,,,,,,,,"https://static.www.nfl.com/image/private/f_auto,q_auto/league/xurukblrncfea0e7u7tr",PIK553722,,32005049-4b55-3722-1462-db8d261135d9,,,
1997,CHI,OL,C,65,CUT,Evan Pilgrim,Evan,Pilgrim,1972-08-14,76,304,,00-0012990,,,,,,,,,,"https://static.www.nfl.com/image/private/f_auto,q_auto/league/qfjvfaoktmyrsyhqxuiu",PIL199954,,32005049-4c19-9954-59d8-5ddb18d6f80a,,,
1997,DAL,DL,DE,97,ACT,Kavika Pittman,Kavika,Pittman,1974-10-09,78,267,,00-0013012,,,,,,,,,,"https://static.www.nfl.com/image/private/f_auto,q_auto/league/dwze5s4jctdjepo5itc6",PIT209183,,32005049-5420-9183-6aea-83ac0e3d62f0,,,
1997,ATL,DL,DE,96,ACT,Anthony Pleasant,Anthony,Pleasant,1968-01-27,77,280,,00-0013029,,,,,,,,,,"https://static.www.nfl.com/image/private/f_auto,q_auto/league/wlxhnxchqpxx3j2pnfff",PLE166116,,3200504c-4516-6116-b7d4-01fef0a539b4,,,
1997,SF,LB,MLB,50,ACT,Gary Plummer,Gary,Plummer,1960-01-26,74,247,,00-0013041,,,,,,,,,,"https://static.www.nfl.com/image/private/f_auto,q_auto/league/kwlmagykiovpep3xwy01",PLU226521,,3200504c-5522-6521-3a59-6e13277e1be9,,,
1997,ARI,QB,QB,16,ACT,Jake Plummer,Jason,Plummer,1974-12-19,74,197,,00-0013042,,,,,,,,,,"https://static.www.nfl.com/image/private/f_auto,q_auto/league/iurwxdpuwvijm50vhwt9",PLU243945,,3200504c-5524-3945-8a3a-3e5d59310cf3,,,
1997,SF,OL,OT,75,ACT,Frank Pollack,Frank,Pollack,1967-11-05,77,285,,00-0013072,,,,,,,,,,"https://static.www.nfl.com/image/private/f_auto,q_auto/league/v6esian4hkky0ej4fir2",POL166116,,3200504f-4c16-6116-da08-7c40ea93313a,,,
1997,IND,TE,TE,81,ACT,Marcus Pollard,Marcus,Pollard,1972-02-08,76,257,,00-0013080,,,,,,,,,,"https://static.www.nfl.com/image/private/f_auto,q_auto/league/ocbxy6cx3uxo3foaq6lh",POL419904,,3200504f-4c41-9904-6266-55c13846fcf0,,,
1997,NO,WR,WR,83,ACT,Keith Poole,Keith,Poole,1974-06-18,72,188,,00-0013097,,,,,,,,,,"https://static.www.nfl.com/image/private/f_auto,q_auto/league/etmvpy9x0sts94ddvsyg",POO308955,,3200504f-4f30-8955-19e2-67becaa0b5e4,,,
1997,CAR,DB,CB,38,ACT,Tyrone Poole,Tyrone,Poole,1972-02-03,68,188,,00-0013102,,,,,,,,,,"https://static.www.nfl.com/image/private/f_auto,q_auto/league/yx8kguztiqhdvqlpabuv",POO778692,,3200504f-4f77-8692-eae1-ecef7defa60c,,,
1997,SF,DB,CB,23,ACT,Marquez Pope,Marquez,Pope,1970-10-29,71,193,,00-0013111,,,,,,,,,,"https://static.www.nfl.com/image/private/f_auto,q_auto/league/nqyiqkugtu1nxk9b56dy",POP487366,,3200504f-5048-7366-b0fa-90d408967f4a,,,
1997,KC,TE,TE,48,ACT,Ted Popson,Theodore,Popson,1966-09-10,76,250,,00-0013117,,,,,,,,,,"https://static.www.nfl.com/image/private/f_auto,q_auto/league/g0cuhp5g7lkq3gzzoc0y",POP751477,,3200504f-5075-1477-8b2c-cd1b422a1cde,,,
1997,DET,DL,DE,91,ACT,Robert Porcher,Robert,Porcher,1969-07-30,75,283,,00-0013118,,,,,,,,,,"https://static.www.nfl.com/image/private/f_auto,q_auto/league/tokpgwckypcw8zhyrl5e",POR042593,,3200504f-5204-2593-f0ff-7f7fa812b627,,,
1997,DET,DB,DB,38,ACT,Daryl Porter,Daryl,Porter,1974-01-16,69,188,,00-0013122,,,,,,,,,,"https://static.www.nfl.com/image/private/f_auto,q_auto/league/q6tkiazvhvebihlhidss",POR121032,,3200504f-5212-1032-d542-d75bddf8ef6b,,,
1997,TB,LB,OLB,59,ACT,Rufus Porter,Rufus,Porter,1965-05-18,73,236,,00-0013135,,,,,,,,,,"https://static.www.nfl.com/image/private/f_auto,q_auto/league/wglu3uqttrlny5xikmcd",POR575019,,3200504f-5257-5019-96c5-4f4dae96178c,,,
1997,MIA,RB,RB,42,ACT,Roosevelt Potts,Roosevelt,Potts,1971-01-08,72,251,,00-0013150,,,,,,,,,,"https://static.www.nfl.com/image/private/f_auto,q_auto/league/wunw3ddgmi8mfjlqoh3a",POT674964,,3200504f-5467-4964-7b5c-a25ac1099ca2,,,
1997,IND,RB,RB,35,TRT,Roosevelt Potts,Roosevelt,Potts,1971-01-08,72,251,,00-0013150,,,,,,,,,,"https://static.www.nfl.com/image/private/f_auto,q_auto/league/wunw3ddgmi8mfjlqoh3a",POT674964,,3200504f-5467-4964-7b5c-a25ac1099ca2,,,
1997,SD,OL,OT,61,RES,Pulu Poumele,Pulu,Poumele,1972-01-31,75,300,,00-0013152,,,,,,,,,,"https://static.www.nfl.com/image/private/f_auto,q_auto/league/f3l57a4ztcwbmk34yapw",POU539878,,3200504f-5553-9878-5a2e-17ddd6321908,,,
1997,WAS,DB,DB,31,ACT,Darryl Pounds,Darryl,Pounds,1972-07-21,70,189,,00-0013154,,,,,,,,,,"https://static.www.nfl.com/image/private/f_auto,q_auto/league/rx2b9xudebgdlr3t7bi7",POU560643,,3200504f-5556-0643-5017-322a1cab385d,,,
1997,WAS,OL,OT,67,ACT,Shar Pourdanesh,Shahriar,Pourdanesh,1970-07-19,78,312,,00-0013155,,,,,,,,,,"https://static.www.nfl.com/image/private/f_auto,q_auto/league/cqf0osf4btkqchjerl3h",POU643701,,3200504f-5564-3701-faef-68b63515da1a,,,
1997,IND,DL,DE,92,ACT,Carl Powell,Carl,Powell,1974-01-04,75,265,,00-0013162,,,,,,,,,,"https://static.www.nfl.com/image/private/f_auto,q_auto/league/zh7tvhgpnbgvgegzhcpq",POW187867,,3200504f-5718-7867-eb07-c64111139394,,,
1997,PHI,TE,TE,48,RES,Andre President,Andre,President,1971-06-16,75,255,,00-0013203,,,,,,,,,,"https://static.www.nfl.com/image/private/f_auto,q_auto/league/ffeiedukc4dqq9ag24vm",PRE307062,,32005052-4530-7062-75b4-0d56cc38b61e,,,
1997,GB,WR,WR,88,TRD,Roell Preston,Roell,Preston,1972-06-23,70,185,,00-0013214,,,,,,,,,,"https://static.www.nfl.com/image/private/f_auto,q_auto/league/elpcfcnp7t5xsxqavdmu",PRE729586,,32005052-4572-9586-afd9-74cc44bbea8a,,,
1997,WAS,WR,WR,80,CUT,Roell Preston,Roell,Preston,1972-06-23,70,185,,00-0013214,,,,,,,,,,"https://static.www.nfl.com/image/private/f_auto,q_auto/league/elpcfcnp7t5xsxqavdmu",PRE729586,,32005052-4572-9586-afd9-74cc44bbea8a,,,
1997,SF,DL,DE,96,ACT,Daryl Price,Daryl,Price,1972-10-23,75,274,,00-0013220,,,,,,,,,,"https://static.www.nfl.com/image/private/f_auto,q_auto/league/zu2awrcxnucuwr8tsys4",PRI092570,,32005052-4909-2570-4f32-4fb5b250af1e,,,
1997,DET,TE,TE,82,CUT,Derek Price,Derek,Price,1972-08-17,75,240,,00-0013223,,,,,,,,,,"https://static.www.nfl.com/image/private/f_auto,q_auto/league/cgh7cxvyesgcmosxznea",PRI114320,,32005052-4911-4320-9c73-026a61dbf87f,,,
1997,SD,OL,OT,79,ACT,Marcus Price,Marcus,Price,1972-03-03,78,318,,00-0013229,,,,,,,,,,"https://static.www.nfl.com/image/private/f_auto,q_auto/league/yjise9djffhqpoqhf7rq",PRI248300,,32005052-4924-8300-5eaa-3decc52620fb,,,
1997,BUF,DL,DE,91,ACT,Shawn Price,Shawn,Price,1970-03-28,76,260,,00-0013235,,,,,,,,,,"https://static.www.nfl.com/image/private/f_auto,q_auto/league/hng817iso6sc6rgq8y8z",PRI295067,,32005052-4929-5067-c7be-8efd644bbafd,,,
1997,MIN,DB,DB,40,RES,Anthony Prior,Anthony,Prior,1970-03-27,71,185,,00-0013256,,,,,,,,,,"https://static.www.nfl.com/image/private/f_auto,q_auto/league/shpmx9nerloz6wi0p2i0",PRI610920,,32005052-4961-0920-ea77-45e121ecd4c3,,,
1997,GB,DB,DB,39,ACT,Mike Prior,Michael,Prior,1963-11-14,72,208,,00-0013257,,,,,,,,,,"https://static.www.nfl.com/image/private/f_auto,q_auto/league/v6urj5gbpxhjql7omquj",PRI622920,,32005052-4962-2920-9df5-4d512b16efe4,,,
1997,SEA,WR,WR,85,ACT,Mike Pritchard,Michael,Pritchard,1969-10-25,70,190,,00-0013258,,,,,,,,,,"https://static.www.nfl.com/image/private/f_auto,q_auto/league/evzrbmxtpdd7cavvojwl",PRI719106,,32005052-4971-9106-771d-5c32a90b10ed,,,
1997,JAX,DL,DT,94,RES,Kelvin Pritchett,Kelvin,Pritchett,1969-10-24,75,300,,00-0013261,,,,,,,,,,"https://static.www.nfl.com/image/private/f_auto,q_auto/league/ize5o970hguzddk1q7ll",PRI787650,,32005052-4978-7650-4f75-ae8d43a35330,,,
1997,MIA,RB,FB,36,ACT,Stanley Pritchett,Stanley,Pritchett,1973-12-22,73,245,,00-0013262,,,,,,,,,,"https://static.www.nfl.com/image/private/f_auto,q_auto/league/odr6ypymucqz2ybtfimc",PRI793301,,32005052-4979-3301-85b3-759f2c02bedc,,,
1997,CHI,WR,WR,87,ACT,Ricky Proehl,Richard,Proehl,1968-03-07,72,190,,00-0013268,,,,,,,,,,"https://static.www.nfl.com/image/private/f_auto,q_auto/league/dyzdnenej8omtg3cslo1",PRO191673,,32005052-4f19-1673-9e29-272bea14a1f1,,,
1997,NE,DB,DB,37,CUT,Dwayne Provo,Dwayne,Provo,1970-10-07,69,180,,00-0013274,,,,,,,,,,"https://static.www.nfl.com/image/private/f_auto,q_auto/league/otsvdc8mbmurounj4qtn",PRO690801,,32005052-4f69-0801-1721-e0f8e49ae5f9,,,
1997,DEN,DL,DT,93,ACT,Trevor Pryce,Trevor,Pryce,1975-08-03,77,282,,00-0013282,,,,,,,,,,"https://static.www.nfl.com/image/private/f_auto,q_auto/league/qgi63dcx942k76sofset",PRY103822,,32005052-5910-3822-40e3-2321f6e3e749,,,
1997,NYG,TE,TE,85,ACT,Alfred Pupunu,Alfred,Pupunu,1969-10-17,74,265,,00-0013298,,,,,,,,,,"https://static.www.nfl.com/image/private/f_auto,q_auto/league/oglkwfhggl34sj1kaqym",PUP664466,,32005055-5066-4466-38c5-a12f535b1a5b,,,
1997,KC,TE,TE,85,TRC,Alfred Pupunu,Alfred,Pupunu,1969-10-17,74,265,,00-0013298,,,,,,,,,,"https://static.www.nfl.com/image/private/f_auto,q_auto/league/oglkwfhggl34sj1kaqym",PUP664466,,32005055-5066-4466-38c5-a12f535b1a5b,,,
1997,SD,TE,TE,86,TRC,Alfred Pupunu,Alfred,Pupunu,1969-10-17,74,265,,00-0013298,,,,,,,,,,"https://static.www.nfl.com/image/private/f_auto,q_auto/league/oglkwfhggl34sj1kaqym",PUP664466,,32005055-5066-4466-38c5-a12f535b1a5b,,,
1997,NE,TE,TE,85,ACT,Lovett Purnell,Lovett,Purnell,1972-04-07,75,245,,00-0013308,,,,,,,,,,"https://static.www.nfl.com/image/private/f_auto,q_auto/league/qklflaqj8y3wxjko6fna",PUR656509,,32005055-5265-6509-5c12-7967590c05e1,,,
1997,CIN,DL,DT,97,ACT,Andre Purvis,Andre,Purvis,1973-07-14,76,302,,00-0013310,,,,,,,,,,"https://static.www.nfl.com/image/private/f_auto,q_auto/league/lwgiubrsgttgpqa5bcha",PUR727046,,32005055-5272-7046-da81-e155a6cfe7ac,,,
1997,TB,OL,G,60,ACT,Jim Pyne,James,Pyne,1971-11-23,74,297,,00-0013317,,,,,,,,,,"https://static.www.nfl.com/image/private/f_auto,q_auto/league/ciux51jh7xqbztirhuhl",PYN566472,,32005059-4e56-6472-9273-c12686e430af,,,
1997,TB,LB,LB,53,ACT,Shelton Quarles,Shelton,Quarles,1971-09-11,73,236,,00-0013322,,,,,,,,,,"https://static.www.nfl.com/image/private/f_auto,q_auto/league/yoofi2kftfgpokon62dx",QUA366462,,32005155-4136-6462-7b0f-75dc6b3a45c9,,,
1997,PIT,QB,QB,11,ACT,Mike Quinn,Michael,Quinn,1974-04-15,76,220,,00-0013341,,,,,,,,,,"https://static.www.nfl.com/image/private/f_auto,q_auto/league/kuyy3jx1kxkpuyfkgkby",QUI675714,,32005155-4967-5714-fe58-e864a72268a9,,,
1997,SD,WR,WR,85,ACT,Latario Rachal,Latario,Rachal,1973-01-31,71,183,,00-0013352,,,,,,,,,,"https://static.www.nfl.com/image/private/f_auto,q_auto/league/hl26wqbualqfl7ojgndz",RAC249174,,32005241-4324-9174-87ae-267be36772a0,,,
1997,DET,OL,OT,75,ACT,Tony Ramirez,Tony,Ramirez,1973-01-26,78,296,,00-0013385,,,,,,,,,,"https://static.www.nfl.com/image/private/f_auto,q_auto/league/ctjqxzmef2brdp24oyik",RAM072675,,32005241-4d07-2675-af6e-a38a72024bd0,,,
1997,MIN,DL,DT,93,ACT,John Randle,John,Randle,1967-12-12,73,282,,00-0013405,,,,,,,,,,"https://static.www.nfl.com/image/private/f_auto,q_auto/league/uterr5rjj2hwe4awl42s",RAN332232,,32005241-4e33-2232-b1b6-779d59b1a90e,,,
1997,NYG,DB,CB,23,ACT,Thomas Randolph,Thomas,Randolph,1970-10-05,69,185,,00-0013411,,,,,,,,,,"https://static.www.nfl.com/image/private/f_auto,q_auto/league/z6hi3bffbctvq1b2kxv3",RAN618092,,32005241-4e61-8092-e67e-55632becdf24,,,
1997,CAR,TE,TE,88,RES,Walter Rasby,Walter,Rasby,1972-09-07,75,247,,00-0013422,,,,,,,,,,"https://static.www.nfl.com/image/private/f_auto,q_auto/league/zveh1bcbq3x9d72pc2ba",RAS062293,,32005241-5306-2293-7042-e3474fdb1e37,,,
1997,CAR,DL,DE,92,CUT,Israel Raybon,Israel,Raybon,1973-02-05,78,300,,00-0013453,,,,,,,,,,"https://static.www.nfl.com/image/private/f_auto,q_auto/league/o1h8pubzcsivsnetm1ww",RAY484848,,32005241-5948-4848-8571-8fa80002ce3c,,,
1997,WAS,OL,C,52,ACT,Cory Raymer,Cory,Raymer,1973-03-03,74,289,,00-0013458,,,,,,,,,,"https://static.www.nfl.com/image/private/f_auto,q_auto/league/zbcdz9bmd8vvvf9b7mgi",RAY723522,,32005241-5972-3522-5a39-a8d1243a883f,,,
1997,DET,DB,CB,31,ACT,Corey Raymond,Corey,Raymond,1969-07-28,71,185,,00-0013459,,,,,,,,,,"https://static.www.nfl.com/image/private/f_auto,q_auto/league/wyujmg6bexwcph4sgi1r",RAY737022,,32005241-5973-7022-cd9b-adee0870545a,,,
1997,ARI,OL,G,60,ACT,Anthony Redmon,Kendrick,Redmon,1971-04-09,77,308,,00-0013493,,,,,,,,,,"https://static.www.nfl.com/image/private/f_auto,q_auto/league/chiwrcvbtt1kz3qdruub",RED563019,,32005245-4456-3019-a9fc-499d1ca97b6b,,,
1997,DAL,DB,DB,21,RES,John Reece,John,Reece,1971-01-24,72,203,,00-0013497,,,,,,,,,,"https://static.www.nfl.com/image/private/f_auto,q_auto/league/imwkopf4wdtpuyrxuu7b",REE091161,,32005245-4509-1161-6547-3c85111fa206,,,
1997,BUF,WR,WR,83,RES,Andre Reed,Andre,Reed,1964-01-29,74,190,,00-0013499,,,,,,,,,,"https://static.www.nfl.com/image/private/f_auto,q_auto/league/dvoxixlob0avjbmgmazk",REE121548,,32005245-4512-1548-cc8d-3d5d15882853,,,
1997,MIN,WR,WR,86,ACT,Jake Reed,Willie,Reed,1967-09-28,75,216,,00-0013512,,,,,,,,,,"https://static.www.nfl.com/image/private/f_auto,q_auto/league/gjgvkcbek18a0if67o7p",REE455805,,32005245-4545-5805-5d4a-ea30965d91d5,,,
1997,SF,DL,DT,71,ACT,Albert Reese,Albert,Reese,1973-04-29,78,275,,00-0013530,,,,,,,,,,"https://static.www.nfl.com/image/private/f_auto,q_auto/league/u2tlxv99qwze4mo4bhgb",REE482140,,32005245-4548-2140-9b3f-2e657d102d5d,,,
1997,CHI,DL,DE,68,ACT,Carl Reeves,Carl,Reeves,1971-12-17,76,265,,00-0013544,,,,,,,,,,"https://static.www.nfl.com/image/private/f_auto,q_auto/league/suob9u1zcmmrym4ydo5p",REE723942,,32005245-4572-3942-286c-6d9dd2acda4b,,,
1997,NE,OL,OT,60,ACT,Scott Rehberg,Scott,Rehberg,1973-11-17,80,336,,00-0013555,,,,,,,,,,"https://static.www.nfl.com/image/private/f_auto,q_auto/league/xlqkfwlf0vfknuxjakqs",REH276860,,32005245-4827-6860-cad9-3bc7410decb6,,,
1997,DET,QB,QB,14,ACT,Frank Reich,Frank,Reich,1961-12-04,76,210,,00-0013558,,,,,,,,,,"https://static.www.nfl.com/image/private/f_auto,q_auto/league/nkpm0bxnw4rcborbzelx",REI026793,,32005245-4902-6793-850e-df01d2010403,,,
1997,NYG,OL,OT,66,ACT,Jerry Reynolds,Jerry,Reynolds,1970-04-02,78,325,,00-0013616,,,,,,,,,,"https://static.www.nfl.com/image/private/f_auto,q_auto/league/gh1hcgbophkbnoahvvyi",REY307101,,32005245-5930-7101-f79e-72e7dcb79c98,,,
1997,PHI,WR,WR,16,CUT,Steve Rhem,Steve,Rhem,1971-11-09,74,212,,00-0013621,,,,,,,,,,"https://static.www.nfl.com/image/private/f_auto,q_auto/league/fdxz23gaevtl9atlc1qx",RHE606962,,32005248-4560-6962-83c4-de130c05a14b,,,
1997,TB,RB,RB,32,ACT,Errict Rhett,Errict,Rhett,1970-12-11,71,212,,00-0013622,,,,,,,,,,"https://static.www.nfl.com/image/private/f_auto,q_auto/league/cbybojhyxejpmwmftyn8",RHE718773,,32005248-4571-8773-fccb-1e6120dde2aa,,,
1997,SF,WR,WR,80,RES,Jerry Rice,Jerry,Rice,1962-10-13,74,200,,00-0013639,,,,,,,,,,"https://static.www.nfl.com/image/private/f_auto,q_auto/league/g1vjcnbryx3nmg0ppsnl",RIC128880,,32005249-4312-8880-7059-4b61cd069146,,,
1997,DET,DB,S,28,ACT,Ron Rice,Ronald,Rice,1972-11-09,73,206,,00-0013643,,,,,,,,,,"https://static.www.nfl.com/image/private/f_auto,q_auto/league/g4dsmrtmhp1oobzpghae",RIC160384,,32005249-4316-0384-2f19-ce240c3d7ba2,,,
1997,ARI,DL,DE,97,ACT,Simeon Rice,Simeon,Rice,1974-02-24,77,259,,00-0013644,,,,,,,,,,"https://static.www.nfl.com/image/private/f_auto,q_auto/league/ofozwmx5ufakkzuvh0rb",RIC161816,,32005249-4316-1816-1cd4-783f8ed19cfa,,,
1997,WAS,DB,FS,24,ACT,Stanley Richard,Stanley,Richard,1967-10-21,74,198,,00-0013655,,,,,,,,,,"https://static.www.nfl.com/image/private/f_auto,q_auto/league/f8xj1si8ovwkt0i86ofz",RIC218380,,32005249-4321-8380-111c-1bee85ffbbaf,,,
1997,SEA,DB,DB,29,ACT,C.J. Richardson,Carl,Richardson,1972-06-10,70,209,,00-0013672,,,,,,,,,,"https://static.www.nfl.com/image/private/f_auto,q_auto/league/mgtgwpvlbgv5fkcea7as",RIC391413,,32005249-4339-1413-73ed-32933e379e62,,,
1997,SEA,SPEC,P,5,CUT,Kyle Richardson,Kyle,Richardson,1973-03-02,74,192,,00-0013682,,,,,,,,,,"https://static.www.nfl.com/image/private/f_auto,q_auto/league/c9wgbnzdkdyt84dagy6r",RIC566253,,32005249-4356-6253-44d4-922fe1a58c0f,,,
1997,MIA,SPEC,P,5,TRD,Kyle Richardson,Kyle,Richardson,1973-03-02,74,192,,00-0013682,,,,,,,,,,"https://static.www.nfl.com/image/private/f_auto,q_auto/league/c9wgbnzdkdyt84dagy6r",RIC566253,,32005249-4356-6253-44d4-922fe1a58c0f,,,
1997,KC,RB,RB,49,ACT,Tony Richardson,Antonio,Richardson,1971-12-17,73,237,,00-0013694,,,,,,,,,,"https://static.www.nfl.com/image/private/f_auto,q_auto/league/zi4cb4stok9qe9mwadmn",RIC389026,,32005249-4338-9026-a6b4-963129d0a095,,,
1997,BAL,QB,QB,14,ACT,Wally Richardson,Wallace,Richardson,1974-02-11,76,225,,00-0013695,,,,,,,,,,"https://static.www.nfl.com/image/private/f_auto,q_auto/league/ktpu3cz37tld72fsvdvp",RIC637240,,32005249-4363-7240-521b-f3d607caffc9,,,
1997,DEN,DL,NT,99,ACT,David Richie,David,Richie,1973-09-26,76,270,,00-0013700,,,,,,,,,,"https://static.www.nfl.com/image/private/f_auto,q_auto/league/h1ttj5xwrr9dkawmokk8",RIC680200,,32005249-4368-0200-5067-ae9df0a74f60,,,
1997,BUF,TE,TE,85,ACT,Jay Riemersma,Allen,Riemersma,1973-05-17,77,254,,00-0013728,,,,,,,,,,"https://static.www.nfl.com/image/private/f_auto,q_auto/league/frgmk5ijsefbt184h8sd",RIE304546,,32005249-4530-4546-ba90-a9c6208b9472,,,
1997,KC,WR,WR,89,ACT,Andre Rison,Andre,Rison,1967-03-18,73,188,,00-0013770,,,,,,,,,,"https://static.www.nfl.com/image/private/f_auto,q_auto/league/uogm8ckgcd1juwc0qdyo",RIS519110,,32005249-5351-9110-3a50-bd94da4bf453,,,
1997,TEN,QB,QB,16,ACT,James Ritchey,James,Ritchey,1973-07-10,74,220,,00-0013772,,,,,,,,,,"https://static.www.nfl.com/image/private/f_auto,q_auto/league/rbzlcuapzatcvausmssq",RIT288861,,32005249-5428-8861-5973-b2cff5f63b15,,,
1997,GB,OL,G,62,ACT,Marco Rivera,Marco,Rivera,1972-04-26,76,295,,00-0013780,,,,,,,,,,"https://static.www.nfl.com/image/private/f_auto,q_auto/league/qyo82dsadbfw76ddlf0v",RIV230717,,32005249-5623-0717-1e67-dbd27880d6d3,,,
1997,DET,RB,RB,34,ACT,Ron Rivers,Ronald,Rivers,1971-11-13,68,205,,00-0013785,,,,,,,,,,"https://static.www.nfl.com/image/private/f_auto,q_auto/league/zbdow1edykjuuixtri6d",RIV667759,,32005249-5666-7759-6aae-87adaebb32a6,,,
1997,NO,OL,OT,77,ACT,Willie Roaf,William,Roaf,1970-04-18,77,300,,00-0013791,,,,,,,,,,"https://static.www.nfl.com/image/private/f_auto,q_auto/league/vbhqmy7sz7crxafuzqkx",ROA625630,,3200524f-4162-5630-2d2d-01fb07558434,,,
1997,TEN,TE,TE,80,ACT,Michael Roan,Michael,Roan,1972-08-29,75,251,,00-0013792,,,,,,,,,,"https://static.www.nfl.com/image/private/f_auto,q_auto/league/kyy5ydodbmwwe13to04d",ROA699174,,3200524f-4169-9174-dc43-bb58e3865b0b,,,
1997,NO,DL,DT,95,ACT,Austin Robbins,Austin,Robbins,1971-03-01,78,290,,00-0013796,,,,,,,,,,"https://static.www.nfl.com/image/private/f_auto,q_auto/league/iv4bmtuqymwcltzx2nkl",ROB031598,,3200524f-4203-1598-3e80-166446d22afe,,,
1997,OAK,OL,C,63,ACT,Barret Robbins,Barret,Robbins,1973-08-26,75,315,,00-0013797,,,,,,,,,,"https://static.www.nfl.com/image/private/f_auto,q_auto/league/vcbcmqjggro8jha4xmug",ROB032099,,3200524f-4203-2099-3d93-c768650c9823,,,
1997,NYG,WR,WR,0,RES,Brian Roberson,Brian,Roberson,1974-01-08,68,161,,00-0013803,,,,,,,,,,"https://static.www.nfl.com/image/private/f_auto,q_auto/league/j6mhob46mqj0azzc0he8",ROB067710,,3200524f-4206-7710-5fd2-174ccab909c8,,,
1997,TEN,DL,DE,90,ACT,James Roberson,James,Roberson,1971-05-03,75,275,,00-0013807,,,,,,,,,,"https://static.www.nfl.com/image/private/f_auto,q_auto/league/apylgdubf5jmeuhqu2lm",ROB076738,,3200524f-4207-6738-8626-ad64fd1ed391,,,
1997,DET,OL,OT,72,ACT,Ray Roberts,Richard,Roberts,1969-06-03,78,308,,00-0013822,,,,,,,,,,"https://static.www.nfl.com/image/private/f_auto,q_auto/league/brkkytiehseq6qhvtlxy",ROB239242,,3200524f-4223-9242-86d4-87937482ee24,,,
1997,NYJ,OL,G,69,RES,William Roberts,William,Roberts,1962-08-05,77,298,,00-0013827,,,,,,,,,,"https://static.www.nfl.com/image/private/f_auto,q_auto/league/lmcgsxv1iehtz0fnetyx",ROB293396,,3200524f-4229-3396-b56a-5e8ce116b3b8,,,
1997,TEN,DB,FS,31,ACT,Marcus Robertson,Marcus,Robertson,1969-10-02,71,197,,00-0013835,,,,,,,,,,"https://static.www.nfl.com/image/private/f_auto,q_auto/league/boeig25llysegem2def0",ROB359145,,3200524f-4235-9145-ee37-a44acb4d0e9f,,,
1997,STL,DL,DE,92,ACT,Bryan Robinson,Bryan,Robinson,1974-06-22,76,295,,00-0013845,,,,,,,,,,"https://static.www.nfl.com/image/private/f_auto,q_auto/league/g9ctraze8tzjfcopbkra",ROB372405,,3200524f-4237-2405-a446-34155f835717,,,
1997,TB,DB,DB,24,ACT,Damien Robinson,Damien,Robinson,1973-12-22,74,210,,00-0013850,,,,,,,,,,"https://static.www.nfl.com/image/private/f_auto,q_auto/league/jv6ujfqgfnykdhwmheaf",ROB385947,,3200524f-4238-5947-adc1-df2863281359,,,
1997,JAX,LB,OLB,50,ACT,Eddie Robinson,Eddie,Robinson,1970-04-13,73,241,,00-0013858,,,,,,,,,,"https://static.www.nfl.com/image/private/f_auto,q_auto/league/soeuxhhf0s6dvclhnizc",ROB410788,,3200524f-4241-0788-1a82-551073123071,,,
1997,GB,DB,FS,41,ACT,Eugene Robinson,Eugene,Robinson,1963-05-28,73,197,,00-0013860,,,,,,,,,,"https://static.www.nfl.com/image/private/f_auto,q_auto/league/x4ysa9nxd923gw6lfwgr",ROB424316,,3200524f-4242-4316-1e95-d1d6ed128cec,,,
1997,STL,DL,DE,94,ACT,Jeff Robinson,Jeffrey,Robinson,1970-02-20,76,275,,00-0013872,,,,,,,,,,"https://static.www.nfl.com/image/private/f_auto,q_auto/league/hzr4biseccoanwj3jfhb",ROB528138,,3200524f-4252-8138-ed17-934e3b2e45af,,,
1997,CHI,WR,WR,83,RES,Marcus Robinson,Marcus,Robinson,1975-02-27,75,213,,00-0013888,,,,,,,,,,"https://static.www.nfl.com/image/private/f_auto,q_auto/league/zhn6taxt5dgyq43v9qam",ROB627446,,3200524f-4262-7446-1359-1fee0aff29d2,,,
1997,TEN,DB,DB,37,CUT,Rafael Robinson,Eugene,Robinson,1969-06-19,71,200,,00-0013897,,,,,,,,,,"https://static.www.nfl.com/image/private/f_auto,q_auto/league/apkupnvn91sh71lnst8i",ROB426573,,3200524f-4242-6573-d24a-7233534c3474,,,
1997,TEN,SPEC,P,7,ACT,Reggie Roby,Reginald,Roby,1961-07-30,75,258,,00-0013916,,,,,,,,,,"https://static.www.nfl.com/image/private/f_auto,q_auto/league/ptg4t5wyvmgpo2vc5agc",ROB821548,,3200524f-4282-1548-de4b-fed734194ce6,,,
1997,SD,TE,TE,87,RES,Brian Roche,Brian,Roche,1973-05-05,76,255,,00-0013919,,,,,,,,,,"https://static.www.nfl.com/image/private/f_auto,q_auto/league/wy7bdwqf43yvj8o2gf6s",ROC104287,,3200524f-4310-4287-27e4-cab678df7a90,,,
1997,BUF,OL,OT,73,ACT,Mike Rockwood,Mike,Rockwood,1973-06-05,82,345,,00-0013928,,,,,,,,,,"https://static.www.nfl.com/image/private/f_auto,q_auto/league/fc9fjje6tyj811j3idbx",ROC751046,,3200524f-4375-1046-3eb8-6d42738e4342,,,
1997,CAR,OL,C,63,ACT,Mark Rodenhauser,Mark,Rodenhauser,1961-06-01,77,280,,00-0013932,,,,,,,,,,"https://static.www.nfl.com/image/private/f_auto,q_auto/league/h4iqmbatmjbpm9iqimzz",ROD166116,,3200524f-4416-6116-e1f1-970cb02063ff,,,
1997,SD,WR,WR,16,ACT,Anthony Rodgers,Anthony,Rodgers,1973-12-11,75,190,,00-0013933,,,,,,,,,,"https://static.www.nfl.com/image/private/f_auto,q_auto/league/qx4laew3tsyixiirlome",ROD346354,,3200524f-4434-6354-1fc8-f1ea92175d6d,,,
1997,MIA,LB,OLB,59,ACT,Derrick Rodgers,Derrick,Rodgers,1971-10-14,73,225,,00-0013935,,,,,,,,,,"https://static.www.nfl.com/image/private/f_auto,q_auto/league/y94c5hpbwznpngcecg4n",ROD356854,,3200524f-4435-6854-b232-50a49783f7a1,,,
1997,BAL,WR,WR,83,ACT,James Roe,James,Roe,1973-08-23,73,187,,00-0013951,,,,,,,,,,"https://static.www.nfl.com/image/private/f_auto,q_auto/league/tbvdhtjkv5pmfx0ximrv",ROE106954,,3200524f-4510-6954-cfd0-464042d4b9fe,,,
1997,BUF,LB,OLB,59,ACT,Sam Rogers,Sammy,Rogers,1970-05-30,75,245,,00-0013979,,,,,,,,,,"https://static.www.nfl.com/image/private/f_auto,q_auto/league/br0g01kryifa4vua6wat",ROG531180,,3200524f-4753-1180-a6f1-a9aea08ce68b,,,
1997,DEN,LB,OLB,53,ACT,Bill Romanowski,William,Romanowski,1966-04-02,76,241,,00-0014004,,,,,,,,,,"https://static.www.nfl.com/image/private/f_auto,q_auto/league/wet8m0v5w3btxqwpb1cg",ROM323001,,3200524f-4d32-3001-a1ed-cc821c90ddd9,,,
1997,DET,OL,OT,73,RES,Juan Roque,Juan,Roque,1974-02-06,80,333,,00-0014022,,,,,,,,,,"https://static.www.nfl.com/image/private/f_auto,q_auto/league/b5wpzizdxzlutqfzmu7f",ROQ402541,,3200524f-5140-2541-b23d-7b3391d9c726,,,
1997,OAK,TE,TE,89,ACT,Bob Rosenstiel,Robert,Rosenstiel,1974-02-07,75,240,,00-0014046,,,,,,,,,,"https://static.www.nfl.com/image/private/f_auto,q_auto/league/dyrdtfnj99n8grpe9vck",ROS439890,,3200524f-5343-9890-7b77-3e6810e7146e,,,
1997,STL,WR,WR,82,CUT,Jermaine Ross,Jermaine,Ross,1971-04-27,72,192,,00-0014060,,,,,,,,,,"https://static.www.nfl.com/image/private/f_auto,q_auto/league/uprnskxfaf5ifjspmdjl",ROS613590,,3200524f-5361-3590-fa7a-975d498d1984,,,
1997,KC,DB,DB,31,RES,Kevin Ross,Kevin,Ross,1962-01-16,69,185,,00-0014062,,,,,,,,,,"https://static.www.nfl.com/image/private/f_auto,q_auto/league/zmuzdqgjloiz8pgapbik",ROS616980,,3200524f-5361-6980-89d4-da4d261d2514,,,
1997,DEN,SPEC,P,16,ACT,Tom Rouen,Thomas,Rouen,1968-06-09,75,215,,00-0014083,,,,,,,,,,"https://static.www.nfl.com/image/private/f_auto,q_auto/league/buqxq9ri0awmd6ahmy9m",ROU091363,,3200524f-5509-1363-df5a-bebd33089f46,,,
1997,SD,OL,OT,74,ACT,Raleigh Roundtree,Raleigh,Roundtree,1975-08-31,76,288,,00-0014086,,,,,,,,,,"https://static.www.nfl.com/image/private/f_auto,q_auto/league/rqqh4xqgaue4vxqxjspd",ROU158616,,3200524f-5515-8616-f781-b79b5608bf87,,,
1997,STL,DB,DB,42,ACT,Joe Rowe,Joeseph,Rowe,1973-12-08,72,195,,00-0014099,,,,,,,,,,"https://static.www.nfl.com/image/private/f_auto,q_auto/league/zlv65qvn8azmcybpfv75",ROW308500,,3200524f-5730-8500-7036-aa4233060b78,,,
1997,CAR,LB,ILB,58,ACT,Andre Royal,Andre,Royal,1972-12-01,74,238,,00-0014111,,,,,,,,,,"https://static.www.nfl.com/image/private/f_auto,q_auto/league/yhihitxq1xenuhzjk5ty",ROY391290,,3200524f-5939-1290-9997-2037443f19df,,,
1997,NO,SPEC,P,3,ACT,Mark Royals,Mark,Royals,1965-06-22,77,215,,00-0014115,,,,,,,,,,"https://static.www.nfl.com/image/private/f_auto,q_auto/league/bv8aa1khwpokepn2nb7w",ROY553720,,3200524f-5955-3720-ab15-63c40e9facfa,,,
1997,PIT,DL,DE,71,ACT,Orpheus Roye,Orpheus,Roye,1973-01-21,76,290,,00-0014116,,,,,,,,,,"https://static.www.nfl.com/image/private/f_auto,q_auto/league/yohsyfkamf6hdhci3ro6",ROY581648,,3200524f-5958-1648-d200-0a20d9de83a7,,,
1997,NE,OL,G,71,ACT,Todd Rucci,Todd,Rucci,1970-07-14,77,296,,00-0014130,,,,,,,,,,"https://static.www.nfl.com/image/private/f_auto,q_auto/league/anhxuurbvihkth9rxm6r",RUC066445,,32005255-4306-6445-12a1-3fd65116978b,,,
1997,KC,DL,DT,96,CUT,Keith Rucker,Keith,Rucker,1968-11-20,76,332,,00-0014131,,,,,,,,,,"https://static.www.nfl.com/image/private/f_auto,q_auto/league/rt0meta2xijjooh85gn8",RUC586943,,32005255-4358-6943-d273-10e680e84d0b,,,
1997,WAS,DL,DT,99,TRC,Keith Rucker,Keith,Rucker,1968-11-20,76,332,,00-0014131,,,,,,,,,,"https://static.www.nfl.com/image/private/f_auto,q_auto/league/rt0meta2xijjooh85gn8",RUC586943,,32005255-4358-6943-d273-10e680e84d0b,,,
1997,MIN,LB,LB,57,ACT,Dwayne Rudd,Dwayne,Rudd,1976-02-03,74,241,,00-0014135,,,,,,,,,,"https://static.www.nfl.com/image/private/f_auto,q_auto/league/ygpgqm2zqtijqjf3jspa",RUD021106,,32005255-4402-1106-5895-a555733d27d0,,,
1997,MIA,OL,C,61,ACT,Tim Ruddy,Timothy,Ruddy,1972-04-27,75,300,,00-0014136,,,,,,,,,,"https://static.www.nfl.com/image/private/f_auto,q_auto/league/jpszlvckhub9zkz89a91",RUD034606,,32005255-4403-4606-b00e-78596daab6a8,,,
1997,SF,OL,G,60,ACT,Joe Rudolph,Joseph,Rudolph,1972-07-21,73,285,,00-0014143,,,,,,,,,,"https://static.www.nfl.com/image/private/f_auto,q_auto/league/lq6auijkgksfsgi9ooo1",RUD528110,,32005255-4452-8110-af08-b2f045f0924a,,,
1997,TEN,OL,OT,69,ACT,Jon Runyan,Jon,Runyan,1973-11-27,79,311,,00-0014169,,,,,,,,,,"https://static.www.nfl.com/image/private/f_auto,q_auto/league/nyyrcjv5o7e1ehqzgbao",RUN804626,,32005255-4e80-4626-b77c-32fa52332aa8,,,
1997,TB,DB,CB,26,TRC,Reggie Rusk,Reggie,Rusk,1972-12-19,70,190,,00-0014179,,,,,,,,,,"https://static.www.nfl.com/image/private/f_auto,q_auto/league/bcqsxjhjlvvjjhtirrjb",RUS214563,,32005255-5321-4563-cb75-a482ba19687a,,,
1997,SEA,DB,CB,21,ACT,Reggie Rusk,Reggie,Rusk,1972-12-19,70,190,,00-0014179,,,,,,,,,,"https://static.www.nfl.com/image/private/f_auto,q_auto/league/bcqsxjhjlvvjjhtirrjb",RUS214563,,32005255-5321-4563-cb75-a482ba19687a,,,
1997,NE,LB,LB,51,ACT,Bernard Russ,Bernard,Russ,1973-11-04,73,225,,00-0014181,,,,,,,,,,"https://static.www.nfl.com/image/private/f_auto,q_auto/league/jxe8d17zmniimk8gkpgb",RUS235156,,32005255-5323-5156-afa7-ff0789fad27e,,,
1997,DEN,LB,LB,58,ACT,Steve Russ,Steven,Russ,1972-09-16,76,237,,00-0014182,,,,,,,,,,"https://static.www.nfl.com/image/private/f_auto,q_auto/league/r34fj1mtjgcewkzwguc2",RUS289606,,32005255-5328-9606-3914-1ce2649f5295,,,
1997,OAK,DL,DE,96,ACT,Darrell Russell,Darrell,Russell,1976-05-27,77,310,,00-0014185,,,,,,,,,,"https://static.www.nfl.com/image/private/f_auto,q_auto/league/by46z9wrgz9dwpbilt7j",RUS445391,,32005255-5344-5391-11a9-6387f36679c5,,,
1997,TEN,WR,WR,85,ACT,Derek Russell,Derek,Russell,1969-06-22,72,195,,00-0014187,,,,,,,,,,"https://static.www.nfl.com/image/private/f_auto,q_auto/league/roiuhxxhqtxteudgplko",RUS459778,,32005255-5345-9778-c85c-20bd5a7dbaed,,,
1997,DET,LB,LB,54,ACT,Matt Russell,Matthew,Russell,1973-07-05,74,245,,00-0014194,,,,,,,,,,"https://static.www.nfl.com/image/private/f_auto,q_auto/league/iyyakckj6bgc2ptbv1ta",RUS636818,,32005255-5363-6818-2e35-7641a0e95889,,,
1997,WAS,LB,LB,98,ACT,Twan Russell,Twan,Russell,1974-04-25,74,219,,00-0014200,,,,,,,,,,"https://static.www.nfl.com/image/private/f_auto,q_auto/league/tm4yboaotz5gabsiez0p",RUS736497,,32005255-5373-6497-b432-8b8abbd2ce52,,,
1997,STL,QB,QB,11,ACT,Mark Rypien,Mark,Rypien,1962-10-02,76,225,,00-0014234,,,,,,,,,,"https://static.www.nfl.com/image/private/f_auto,q_auto/league/ecuua46m2ktij2lyxfzd",RYP415291,,32005259-5041-5291-7c4f-2355f5f0fc2a,,,
1997,PIT,TE,TE,46,ACT,Troy Sadowski,Troy,Sadowski,1965-12-08,77,250,,00-0014244,,,,,,,,,,"https://static.www.nfl.com/image/private/f_auto,q_auto/league/bemwuijz63aq6vfnjxwz",SAD622935,,32005341-4462-2935-2a5d-d86890b9c25e,,,
1997,NO,DL,DT,99,ACT,Pio Sagapolutele,Pio,Sagapolutele,1969-11-28,78,297,,00-0014247,,,,,,,,,,"https://static.www.nfl.com/image/private/f_auto,q_auto/league/pyo7kiff5ma8ekl8q2xv",SAG069214,,32005341-4706-9214-5b64-bc59492743aa,,,
1997,CHI,RB,RB,31,RES,Rashaan Salaam,Rashaan,Salaam,1974-10-08,73,224,,00-0014256,,,,,,,,,,"https://static.www.nfl.com/image/private/f_auto,q_auto/league/u90wcnqxsv4acobtrbdb",SAL066622,,32005341-4c06-6622-70d1-28696914c7ce,,,
1997,SEA,DL,DT,97,ACT,Dan Saleaumua,Raymond,Saleaumua,1964-11-25,72,315,,00-0014264,,,,,,,,,,"https://static.www.nfl.com/image/private/f_auto,q_auto/league/nmvj1en3d6vvpcvdqhnw",SAL276860,,32005341-4c27-6860-190b-acffe62fd87c,,,
1997,CAR,LB,LB,94,ACT,Tarek Saleh,Tarek,Saleh,1974-11-07,73,240,,00-0014265,,,,,,,,,,"https://static.www.nfl.com/image/private/f_auto,q_auto/league/zebp8wigtczyubai3kml",SAL309160,,32005341-4c30-9160-f7f8-ce24619d414b,,,
1997,SF,DB,DB,30,CUT,Mike Salmon,Michael,Salmon,1970-12-27,73,210,,00-0014276,,,,,,,,,,"https://static.www.nfl.com/image/private/f_auto,q_auto/league/ge1ihxbz4eh0w2nffdal",SAL567677,,32005341-4c56-7677-a795-dd18406bee3d,,,
1997,DET,RB,RB,20,ACT,Barry Sanders,Barry,Sanders,1968-07-16,68,200,,00-0014313,,,,,,,,,,"https://static.www.nfl.com/image/private/f_auto,q_auto/league/pj2ldftirqvwh3c9pljr",SAN194381,,32005341-4e19-4381-6151-9abf30504634,,,
1997,NYG,DB,DB,34,ACT,Brandon Sanders,Brandon,Sanders,1973-06-10,69,185,,00-0014315,,,,,,,,,,"https://static.www.nfl.com/image/private/f_auto,q_auto/league/iwdiixxnctq0gtyakpws",SAN203216,,32005341-4e20-3216-3cd1-734def2f248f,,,
1997,TEN,WR,WR,81,ACT,Chris Sanders,Christopher,Sanders,1972-05-08,73,184,,00-0014319,,,,,,,,,,"https://static.www.nfl.com/image/private/f_auto,q_auto/league/zrcqcc9sv8cxe94rrsjw",SAN238558,,32005341-4e23-8558-eef1-6128cc80fc1a,,,
1997,DAL,DB,CB,21,ACT,Deion Sanders,Deion,Sanders,1967-08-09,73,195,,00-0014324,,,,,,,,,,"https://static.www.nfl.com/image/private/f_auto,q_auto/league/hgcom8m5korxg0lvnxhj",SAN282736,,32005341-4e28-2736-9bcf-df916eb4e7b1,,,
1997,ARI,WR,WR,81,ACT,Frank Sanders,Frank,Sanders,1973-02-17,74,197,,00-0014328,,,,,,,,,,"https://static.www.nfl.com/image/private/f_auto,q_auto/league/v3rh05ps0k9d8wahpyxc",SAN326913,,32005341-4e32-6913-6caa-8a1579d4cd27,,,
1997,TEN,OL,OT,73,ACT,Scott Sanderson,Scott,Sanderson,1974-07-25,78,295,,00-0014339,,,,,,,,,,"https://static.www.nfl.com/image/private/f_auto,q_auto/league/laolqg8pvifpij0woryo",SAN521294,,32005341-4e52-1294-b428-dc692fa12c71,,,
1997,ATL,TE,TE,88,RES,O.J. Santiago,Otis,Santiago,1974-03-04,79,267,,00-0014350,,,,,,,,,,"https://static.www.nfl.com/image/private/f_auto,q_auto/league/q4vb7vilifja6rczbp9c",SAN768688,,32005341-4e76-8688-fd07-c1c7ca51a8dc,,,
1997,SF,OL,C,61,ACT,Jesse Sapolu,Manase,Sapolu,1961-03-10,76,278,,00-0014354,,,,,,,,,,"https://static.www.nfl.com/image/private/f_auto,q_auto/league/whhck5gdpbzevftjv0aa",SAP415290,,32005341-5041-5290-f891-991f6d1a1621,,,
1997,MIN,OL,G,78,ACT,Bob Sapp,Robert,Sapp,1973-09-22,76,303,,00-0014356,,,,,,,,,,"https://static.www.nfl.com/image/private/f_auto,q_auto/league/ezszvgz9mvdr9qvx7vc8",SAP616560,,32005341-5061-6560-c0dd-40bba52e525e,,,
1997,SD,LB,OLB,56,ACT,Patrick Sapp,Patrick,Sapp,1973-05-11,76,258,,00-0014357,,,,,,,,,,"https://static.www.nfl.com/image/private/f_auto,q_auto/league/rocflwbmfvjo2fsjmvgg",SAP610185,,32005341-5061-0185-9ce6-af7ec4742975,,,
1997,TB,DL,DT,99,ACT,Warren Sapp,Warren,Sapp,1972-12-19,74,276,,00-0014358,,,,,,,,,,"https://static.www.nfl.com/image/private/f_auto,q_auto/league/vy7oxarkyorx4f2d9w0o",SAP635685,,32005341-5063-5685-ad80-c7a6f3755487,,,
1997,CIN,OL,OT,77,ACT,Kevin Sargent,Kevin,Sargent,1969-03-31,78,284,,00-0014363,,,,,,,,,,"https://static.www.nfl.com/image/private/f_auto,q_auto/league/x5rgkwgifo3pwpe3dvb4",SAR399318,,32005341-5239-9318-56a0-cd3c801dc716,,,
1997,CAR,DL,DT,98,ACT,Don Sasa,Don,Sasa,1972-09-16,75,286,,00-0014369,,,,,,,,,,"https://static.www.nfl.com/image/private/f_auto,q_auto/league/cyeespwwwjy4qqlvlfzu",SAS059326,,32005341-5305-9326-5d1e-4043f09c6f2d,,,
1997,WAS,DL,DT,72,TRD,Don Sasa,Don,Sasa,1972-09-16,75,286,,00-0014369,,,,,,,,,,"https://static.www.nfl.com/image/private/f_auto,q_auto/league/cyeespwwwjy4qqlvlfzu",SAS059326,,32005341-5305-9326-5d1e-4043f09c6f2d,,,
1997,ATL,LB,LB,52,ACT,Craig Sauer,Craig,Sauer,1972-12-31,73,240,,00-0014376,,,,,,,,,,"https://static.www.nfl.com/image/private/f_auto,q_auto/league/ayppjkcdqxikyyh2zm8q",SAU051507,,32005341-5505-1507-faaa-67e559b5bbea,,,
1997,CHI,SPEC,P,16,ACT,Todd Sauerbrun,Todd,Sauerbrun,1973-01-04,70,209,,00-0014377,,,,,,,,,,"https://static.www.nfl.com/image/private/f_auto,q_auto/league/n9wzyi0xxpvngarexbtj",SAU163764,,32005341-5516-3764-1d0d-56e2e58f2d36,,,
1997,NO,TE,TE,85,ACT,Nicky Savoie,Nicky,Savoie,1973-09-21,77,253,,00-0014394,,,,,,,,,,"https://static.www.nfl.com/image/private/f_auto,q_auto/league/qb9swnmymvs6ff3n6oaj",SAV650964,,32005341-5665-0964-6347-ca297013c924,,,
1997,CIN,DB,DB,23,ACT,Corey Sawyer,Corey,Sawyer,1971-10-04,71,171,,00-0014397,,,,,,,,,,"https://static.www.nfl.com/image/private/f_auto,q_auto/league/inlmz9gjeqioov0n7kdy",SAW127180,,32005341-5712-7180-743b-32f0f7ce2ecf,,,
1997,ATL,TE,TE,49,ACT,Brian Saxton,Paul,Saxton,1972-03-13,78,256,,00-0014405,,,,,,,,,,"https://static.www.nfl.com/image/private/f_auto,q_auto/league/h6fcp5xxprj6kq3jtugm",SAX634185,,32005341-5863-4185-4f57-13c3be3b3b7e,,,
1997,DEN,OL,G,69,ACT,Mark Schlereth,Mark,Schlereth,1966-01-25,75,282,,00-0014449,,,,,,,,,,"https://static.www.nfl.com/image/private/f_auto,q_auto/league/gdojftvaivo3kdqbzlvt",SCH209438,,32005343-4820-9438-22f6-4c1073e1bbf1,,,
1997,DET,RB,RB,30,ACT,Cory Schlesinger,Cory,Schlesinger,1972-06-23,72,230,,00-0014450,,,,,,,,,,"https://static.www.nfl.com/image/private/f_auto,q_auto/league/fkm7gvy2gxogjiw1j9o7",SCH211845,,32005343-4821-1845-368f-328895302801,,,
1997,ATL,OL,G,67,ACT,Adam Schreiber,Adam,Schreiber,1962-02-20,76,298,,00-0014486,,,,,,,,,,"https://static.www.nfl.com/image/private/f_auto,q_auto/league/lw67jkldom891bzxus9t",SCH498318,,32005343-4849-8318-3d09-c58e236c847d,,,
1997,GB,WR,WR,84,ACT,Bill Schroeder,William,Schroeder,1971-01-09,75,198,,00-0014489,,,,,,,,,,"https://static.www.nfl.com/image/private/f_auto,q_auto/league/xtharhdrjchxqtltrk30",SCH523595,,32005343-4852-3595-e5c3-865d79799ea8,,,
1997,CHI,OL,G,67,CUT,Bill Schultz,William,Schultz,1967-05-01,77,305,,00-0014508,,,,,,,,,,"https://static.www.nfl.com/image/private/f_auto,q_auto/league/uq6edpx6xurrvv5c15qv",SCH671646,,32005343-4867-1646-a93c-bc8f6f132a2f,,,
1997,BUF,DB,FS,24,ACT,Kurt Schulz,Kurt,Schulz,1968-12-12,72,208,,00-0014512,,,,,,,,,,"https://static.www.nfl.com/image/private/f_auto,q_auto/league/nwqvgerrnu2wkvnojgao",SCH682479,,32005343-4868-2479-a57e-d3a8d857e502,,,
1997,SF,LB,LB,52,ACT,Jim Schwantz,James,Schwantz,1970-01-23,74,240,,00-0014518,,,,,,,,,,"https://static.www.nfl.com/image/private/f_auto,q_auto/league/hynx8xt5s7p66zvcm6gj",SCH745310,,32005343-4874-5310-c71a-6690597065ed,,,
1997,JAX,LB,MLB,58,ACT,Bryan Schwartz,Bryan,Schwartz,1971-12-05,76,251,,00-0014519,,,,,,,,,,"https://static.www.nfl.com/image/private/f_auto,q_auto/league/tdvq1lr5nexoeulkljtv",SCH748199,,32005343-4874-8199-e449-dbe50913d575,,,
1997,DAL,OL,G,77,ACT,Steve Scifres,Steve,Scifres,1972-01-22,76,300,,00-0014529,,,,,,,,,,"https://static.www.nfl.com/image/private/f_auto,q_auto/league/yw4gafotjtjih9smukdv",SCI464147,,32005343-4946-4147-4a54-b087259fb143,,,
1997,PIT,DB,CB,30,ACT,Chad Scott,Chad,Scott,1974-09-06,73,203,,00-0014539,,,,,,,,,,"https://static.www.nfl.com/image/private/f_auto,q_auto/league/ndbbyiy7981ngzxbhu6x",SCO127406,,32005343-4f12-7406-ff9b-1f26bf350837,,,
1997,CIN,WR,WR,86,ACT,Darnay Scott,Darnay,Scott,1972-07-07,73,180,,00-0014544,,,,,,,,,,"https://static.www.nfl.com/image/private/f_auto,q_auto/league/parvdthv81x0j4z6jlb6",SCO230712,,32005343-4f23-0712-35d0-238300b97a53,,,
1997,ATL,WR,WR,84,CUT,Freddie Scott,Freddie,Scott,1974-08-26,71,189,,00-0014550,,,,,,,,,,"https://static.www.nfl.com/image/private/f_auto,q_auto/league/bdjgfyfsibxmrbmecj4a",SCO304312,,32005343-4f30-4312-8fa1-11b465646038,,,
1997,NYG,OL,C,53,ACT,Lance Scott,Lance,Scott,1972-02-15,75,285,,00-0014562,,,,,,,,,,"https://static.www.nfl.com/image/private/f_auto,q_auto/league/dtjj1qr8ofatqa8rimle",SCO465116,,32005343-4f46-5116-19bc-e27fb0b461c7,,,
1997,KC,DB,DB,47,ACT,Todd Scott,Todd,Scott,1968-01-23,71,205,,00-0014579,,,,,,,,,,"https://static.www.nfl.com/image/private/f_auto,q_auto/league/gui0wceeanbuqfhh7gny",SCO710594,,32005343-4f71-0594-943b-42677143bb68,,,
1997,SF,OL,OT,76,ACT,Kirk Scrafford,Kirk,Scrafford,1967-03-16,78,275,,00-0014592,,,,,,,,,,"https://static.www.nfl.com/image/private/f_auto,q_auto/league/ov2w1zvixmpsnkybl40z",SCR276860,,32005343-5227-6860-1115-9cacd22cc81c,,,
1997,DET,DL,DE,97,ACT,Tracy Scroggins,Tracy,Scroggins,1969-09-11,74,255,,00-0014596,,,,,,,,,,"https://static.www.nfl.com/image/private/f_auto,q_auto/league/m6pzuyr4cfkch2vuhx6q",SCR622935,,32005343-5262-2935-3503-8946f1d7053e,,,
1997,STL,DB,DB,37,ACT,Mike Scurlock,Michael,Scurlock,1972-02-26,70,200,,00-0014600,,,,,,,,,,"https://static.www.nfl.com/image/private/f_auto,q_auto/league/ctghkxs85wlnoqefq2cw",SCU705994,,32005343-5570-5994-5ccd-f6577233006e,,,
1997,CAR,DL,DE,99,ACT,Ray Seals,Raymond,Seals,1965-06-17,75,306,,00-0014610,,,,,,,,,,"https://static.www.nfl.com/image/private/f_auto,q_auto/league/tlcg32xj1xqxbdfzbjjn",SEA437140,,32005345-4143-7140-8855-48d16a97a954,,,
1997,JAX,OL,OT,72,ACT,Leon Searcy,Leon,Searcy,1969-12-21,76,324,,00-0014616,,,,,,,,,,"https://static.www.nfl.com/image/private/f_auto,q_auto/league/cxuwmtr0bufnvculap5w",SEA497162,,32005345-4149-7162-32e9-026ff81373ab,,,
1997,SD,LB,ILB,55,ACT,Junior Seau,Tiaina,Seau,1969-01-19,75,250,,00-0014619,,,,,,,,,,"https://static.www.nfl.com/image/private/f_auto,q_auto/league/tjckhgwowsqmlzvxebcp",SEA743138,,32005345-4174-3138-5f56-5a31fe9a7972,,,
1997,PHI,WR,WR,81,CUT,Mark Seay,Mark,Seay,1967-04-11,72,175,,00-0014623,,,,,,,,,,"https://static.www.nfl.com/image/private/f_auto,q_auto/league/rvatmz60nwqpdfthyi32",SEA780812,,32005345-4178-0812-397f-cc18e38704b9,,,
1997,NYG,DB,CB,31,ACT,Jason Sehorn,Jason,Sehorn,1971-04-15,74,210,,00-0014637,,,,,,,,,,"https://static.www.nfl.com/image/private/f_auto,q_auto/league/uiozonf6wmaffwue19qe",SEH474619,,32005345-4847-4619-a9a8-43ad34748184,,,
1997,SEA,DB,DB,23,ACT,Dexter Seigler,Dexter,Seigler,1972-01-11,69,178,,00-0014641,,,,,,,,,,"https://static.www.nfl.com/image/private/f_auto,q_auto/league/eah0maytqmhzfyftseza",SEI541133,,32005345-4954-1133-d88e-c3996d8676fe,,,
1997,ARI,OL,G,74,ACT,Rob Selby,Robert,Selby,1967-10-11,76,290,,00-0014644,,,,,,,,,,"https://static.www.nfl.com/image/private/f_auto,q_auto/league/srndu4dugwr5viyvoslq",SEL094383,,32005345-4c09-4383-d8d9-7c61b5b1982d,,,
1997,STL,WR,WR,16,ACT,Donald Sellers,Donald,Sellers,1974-12-30,72,185,,00-0014652,,,,,,,,,,"https://static.www.nfl.com/image/private/f_auto,q_auto/league/yj7ju6ig8wfihqwqrwzh",SEL367035,,32005345-4c36-7035-4311-63238ac41831,,,
1997,DET,OL,G,62,ACT,Tony Semple,Anthony,Semple,1970-12-20,77,286,,00-0014660,,,,,,,,,,"https://static.www.nfl.com/image/private/f_auto,q_auto/league/vzvbt1fu4l2xnqhdqk6g",SEM622937,,32005345-4d62-2937-5273-ff84c60f8ade,,,
1997,CIN,DB,S,35,ACT,Sam Shade,Samuel,Shade,1973-06-14,73,191,,00-0014692,,,,,,,,,,"https://static.www.nfl.com/image/private/f_auto,q_auto/league/rthvrcjz9rgx0azqxae1",SHA026621,,32005348-4102-6621-fdc8-ae06178f3787,,,
1997,DEN,TE,TE,84,ACT,Shannon Sharpe,Shannon,Sharpe,1968-06-26,74,230,,00-0014722,,,,,,,,,,"https://static.www.nfl.com/image/private/f_auto,q_auto/league/pl9dwxqbdarzuirkjeri",SHA468534,,32005348-4146-8534-482b-14025594bb3f,,,
1997,GB,DB,DB,42,ACT,Darren Sharper,Darren,Sharper,1975-11-03,74,205,,00-0014724,,,,,,,,,,"https://static.www.nfl.com/image/private/f_auto,q_auto/league/t5r5sxnyug8msvhyor1h",SHA500479,,32005348-4150-0479-a79d-b1fc0073b032,,,
1997,BAL,LB,OLB,55,ACT,Jamie Sharper,Harry,Sharper,1974-11-23,75,240,,00-0014725,,,,,,,,,,"https://static.www.nfl.com/image/private/f_auto,q_auto/league/mjleacj0p89wxitgyph7",SHA505803,,32005348-4150-5803-48ac-1af324a601a2,,,
1997,NE,RB,RB,23,ACT,Sedrick Shaw,Sedrick,Shaw,1973-11-16,72,214,,00-0014742,,,,,,,,,,"https://static.www.nfl.com/image/private/f_auto,q_auto/league/ukg0sektmsyqhrohyafm",SHA776951,,32005348-4177-6951-2864-fb0e01167080,,,
1997,SD,DB,CB,29,ACT,Terrance Shaw,Terrance,Shaw,1973-11-11,71,190,,00-0014743,,,,,,,,,,"https://static.www.nfl.com/image/private/f_auto,q_auto/league/prppvwr81qjbfgg57iap",SHA779710,,32005348-4177-9710-9da3-040377f66d21,,,
1997,OAK,WR,WR,84,ACT,Kenny Shedd,Kendrick,Shedd,1971-02-14,70,171,,00-0014753,,,,,,,,,,"https://static.www.nfl.com/image/private/f_auto,q_auto/league/beyfwmhyvnvjemuebvtz",SHE114861,,32005348-4511-4861-29c6-1d844890f38e,,,
1997,MIA,OL,OT,68,ACT,Mike Sheldon,Michael,Sheldon,1973-06-08,76,305,,00-0014760,,,,,,,,,,"https://static.www.nfl.com/image/private/f_auto,q_auto/league/bhxgihxiihhqqbodglew",SHE273713,,32005348-4527-3713-b20e-491015f39b87,,,
1997,ATL,DB,DB,42,CUT,Chris Shelling,Christopher,Shelling,1972-11-03,70,180,,00-0014769,,,,,,,,,,"https://static.www.nfl.com/image/private/f_auto,q_auto/league/harce8iuy7m5smigjn35",SHE360488,,32005348-4536-0488-db97-fe884f8efb7b,,,
1997,IND,DL,DT,97,ACT,Kendel Shello,Kendel,Shello,1973-11-24,75,301,,00-0014770,,,,,,,,,,"https://static.www.nfl.com/image/private/f_auto,q_auto/league/ttyz7h3xdgrnhlthfhz9",SHE365789,,32005348-4536-5789-5a5b-fb2fdb484b60,,,
1997,JAX,RB,RB,31,ACT,Daimon Shelton,Daimon,Shelton,1972-09-15,72,247,,00-0014775,,,,,,,,,,"https://static.www.nfl.com/image/private/f_auto,q_auto/league/xdc22edgyrj8e3nnff1y",SHE410850,,32005348-4541-0850-2f4f-eb66a579b481,,,
1997,WAS,WR,WR,86,RES,Leslie Shepherd,Leslie,Shepherd,1969-11-03,71,186,,00-0014790,,,,,,,,,,"https://static.www.nfl.com/image/private/f_auto,q_auto/league/fksi7e7xttslnuxhacuj",SHE515177,,32005348-4551-5177-e4e4-fdfbe9c311af,,,
1997,KC,OL,G,68,ACT,Will Shields,Will,Shields,1971-09-15,75,305,,00-0014811,,,,,,,,,,"https://static.www.nfl.com/image/private/f_auto,q_auto/league/og9gtuexb3qijoqw0abg",SHI231768,,32005348-4923-1768-2e2f-910c6678e89e,,,
1997,DAL,OL,C,50,ACT,Clay Shiver,Clay,Shiver,1972-12-07,74,294,,00-0014820,,,,,,,,,,"https://static.www.nfl.com/image/private/f_auto,q_auto/league/jvyfemspzzim21pqi5ab",SHI765560,,32005348-4976-5560-c08e-dccf51d24ad0,,,
1997,NO,QB,QB,5,RES,Heath Shuler,Joseph,Shuler,1971-12-31,74,216,,00-0014843,,,,,,,,,,"https://static.www.nfl.com/image/private/f_auto,q_auto/league/ungw2296v8wmr3xbq5dd",SHU320982,,32005348-5532-0982-1e7d-57ed60ea665b,,,
1997,SD,OL,G,65,ACT,Troy Sienkiewicz,Troy,Sienkiewicz,1972-05-27,77,310,,00-0014865,,,,,,,,,,"https://static.www.nfl.com/image/private/f_auto,q_auto/league/d0ftbozlb78tilkl184i",SIE545808,,32005349-4554-5808-baad-de4f78bb5f63,,,
1997,NO,OL,OT,71,ACT,Ricky Siglar,Ricky,Siglar,1966-06-14,79,308,,00-0014869,,,,,,,,,,"https://static.www.nfl.com/image/private/f_auto,q_auto/league/ex7ttz04dpicxoynibs7",SIG332232,,32005349-4733-2232-4a3a-b912fffeb732,,,
1997,KC,LB,LB,54,ACT,Tracy Simien,Tracy,Simien,1967-05-21,73,255,,00-0014886,,,,,,,,,,"https://static.www.nfl.com/image/private/f_auto,q_auto/league/vtj8al8ngp5ygi2ti6j6",SIM059323,,32005349-4d05-9323-fb1d-71840a0793a3,,,
1997,JAX,DL,DE,96,ACT,Clyde Simmons,Clyde,Simmons,1964-08-04,77,287,,00-0014894,,,,,,,,,,"https://static.www.nfl.com/image/private/f_auto,q_auto/league/q9nlwhwgzhq1ukf08lgm",SIM131830,,32005349-4d13-1830-fbb0-2e7f6985865a,,,
1997,WAS,OL,OT,76,ACT,Ed Simmons,Edward,Simmons,1963-12-31,77,334,,00-0014897,,,,,,,,,,"https://static.www.nfl.com/image/private/f_auto,q_auto/league/yjlvbpbgi95bte6bggvb",SIM171379,,32005349-4d17-1379-267e-e13d2f9ed626,,,
1997,GB,LB,OLB,59,TRC,Wayne Simmons,Wayne,Simmons,1969-12-15,74,250,,00-0014921,,,,,,,,,,"https://static.www.nfl.com/image/private/f_auto,q_auto/league/bescnsp3ssib0kbo5hkn",SIM336166,,32005349-4d33-6166-678e-f412ca6a6c75,,,
1997,KC,LB,ILB,56,ACT,Wayne Simmons,Wayne,Simmons,1969-12-15,74,250,,00-0014921,,,,,,,,,,"https://static.www.nfl.com/image/private/f_auto,q_auto/league/bescnsp3ssib0kbo5hkn",SIM336166,,32005349-4d33-6166-678e-f412ca6a6c75,,,
1997,CHI,DL,DT,98,ACT,Carl Simpson,Carl,Simpson,1970-04-18,75,292,,00-0014942,,,,,,,,,,"https://static.www.nfl.com/image/private/f_auto,q_auto/league/xpjzhjczupnjvqey4jdq",SIM482121,,32005349-4d48-2121-b73e-4b191b4248b9,,,
1997,MIA,OL,G,69,TRC,Keith Sims,Keith,Sims,1967-06-17,75,318,,00-0014960,,,,,,,,,,"https://static.www.nfl.com/image/private/f_auto,q_auto/league/jbsy6ixziviouewcibv9",SIM738248,,32005349-4d73-8248-4065-b286bb10bfb9,,,
1997,WAS,OL,G,69,ACT,Keith Sims,Keith,Sims,1967-06-17,75,318,,00-0014960,,,,,,,,,,"https://static.www.nfl.com/image/private/f_auto,q_auto/league/jbsy6ixziviouewcibv9",SIM738248,,32005349-4d73-8248-4065-b286bb10bfb9,,,
1997,SEA,DL,DE,70,ACT,Michael Sinclair,Michael,Sinclair,1968-01-31,76,267,,00-0014980,,,,,,,,,,"https://static.www.nfl.com/image/private/f_auto,q_auto/league/iffeasxuwf8rr2xoanqj",SIN025955,,32005349-4e02-5955-5054-dec7c0b5dd66,,,
1997,TB,LB,LB,51,ACT,Alshermond Singleton,Alshermond,Singleton,1975-08-07,74,227,,00-0014991,,,,,,,,,,"https://static.www.nfl.com/image/private/f_auto,q_auto/league/gh1nnona1vpk6qffaawv",SIN354377,,32005349-4e35-4377-57ba-d31c8cc0a649,,,
1997,TEN,WR,WR,83,TRT,Nate Singleton,Nathaniel,Singleton,1968-07-05,71,190,,00-0014994,,,,,,,,,,"https://static.www.nfl.com/image/private/f_auto,q_auto/league/szpr08qfa5pnmchuvt2f",SIN441243,,32005349-4e44-1243-8bd4-b2702830fad9,,,
1997,BAL,WR,WR,87,RES,Nate Singleton,Nathaniel,Singleton,1968-07-05,71,190,,00-0014994,,,,,,,,,,"https://static.www.nfl.com/image/private/f_auto,q_auto/league/szpr08qfa5pnmchuvt2f",SIN441243,,32005349-4e44-1243-8bd4-b2702830fad9,,,
1997,BAL,DL,DT,98,ACT,Tony Siragusa,Anthony,Siragusa,1967-05-14,75,320,,00-0015002,,,,,,,,,,"https://static.www.nfl.com/image/private/f_auto,q_auto/league/j3oe8ulzmyaatferjut8",SIR276861,,32005349-5227-6861-76bb-dd9037fe5341,,,
1997,CAR,OL,G,75,ACT,Greg Skrepenak,Gregory,Skrepenak,1970-01-31,79,325,,00-0015025,,,,,,,,,,"https://static.www.nfl.com/image/private/f_auto,q_auto/league/x2aa82jscmsotxtkechv",SKR177981,,3200534b-5217-7981-ddd6-c8c16cc62bef,,,
1997,NE,LB,OLB,53,ACT,Chris Slade,Christopher,Slade,1971-01-30,77,245,,00-0015030,,,,,,,,,,"https://static.www.nfl.com/image/private/f_auto,q_auto/league/uxfuamobcn0yzf6bmm75",SLA168710,,3200534c-4116-8710-8e39-93d4cef6d32c,,,
1997,DET,TE,TE,86,ACT,David Sloan,David,Sloan,1972-06-08,78,254,,00-0015048,,,,,,,,,,"https://static.www.nfl.com/image/private/f_auto,q_auto/league/rna3k7hffln6ycwpuuva",SLO173324,,3200534c-4f17-3324-6a23-0cf178798409,,,
1997,IND,TE,TE,84,RES,Scott Slutzker,Scott,Slutzker,1972-12-20,76,250,,00-0015053,,,,,,,,,,"https://static.www.nfl.com/image/private/f_auto,q_auto/league/rztzmz2lxddhy24e2zrb",SLU622937,,3200534c-5562-2937-8149-34ba30520a3e,,,
1997,STL,WR,WR,83,ACT,Torrance Small,Torrance,Small,1970-09-04,75,213,,00-0015063,,,,,,,,,,"https://static.www.nfl.com/image/private/f_auto,q_auto/league/qxbzc6vtbzgblualfdhg",SMA691563,,3200534d-4169-1563-30ea-3f44e0440455,,,
1997,BUF,DB,S,40,ACT,Eric Smedley,Eric,Smedley,1973-07-23,71,199,,00-0015069,,,,,,,,,,"https://static.www.nfl.com/image/private/f_auto,q_auto/league/ujz0cntkrrxmkxygzbhp",SME138429,,3200534d-4513-8429-c57c-d87d1e161c8b,,,
1997,JAX,DL,DE,99,ACT,Joel Smeenge,Joel,Smeenge,1968-04-01,78,273,,00-0015070,,,,,,,,,,"https://static.www.nfl.com/image/private/f_auto,q_auto/league/pmy1h9fxewbdhl6241x5",SME166116,,3200534d-4516-6116-f60b-b187b9b08a2b,,,
1997,BUF,RB,RB,23,ACT,Antowain Smith,Antowain,Smith,1972-03-14,74,224,,00-0015091,,,,,,,,,,"https://static.www.nfl.com/image/private/f_auto,q_auto/league/fryt8zlqmqjryov4czow",SMI041179,,3200534d-4904-1179-9c3c-b7f07ad0d4b7,,,
1997,NO,DL,DE,91,ACT,Brady Smith,Brady,Smith,1973-06-05,77,260,,00-0015106,,,,,,,,,,"https://static.www.nfl.com/image/private/f_auto,q_auto/league/zb8ay4bflacqhozs9jqk",SMI082360,,3200534d-4908-2360-b4f8-537d9f478788,,,
1997,MIA,OL,OT,74,ACT,Brent Smith,Gary,Smith,1973-11-21,77,305,,00-0015107,,,,,,,,,,"https://static.www.nfl.com/image/private/f_auto,q_auto/league/qrlqekbelouagcsoqgfy",SMI281880,,3200534d-4928-1880-22ac-ee33601b55ea,,,
1997,BUF,DL,DE,78,ACT,Bruce Smith,Bruce,Smith,1963-06-18,76,273,,00-0015111,,,,,,,,,,"https://static.www.nfl.com/image/private/f_auto,q_auto/league/z1isuze9urlmeriqctgo",SMI088160,,3200534d-4908-8160-d71f-32a05d10ad92,,,
1997,ARI,RB,FB,45,ACT,Cedric Smith,Cedric,Smith,1968-05-27,71,250,,00-0015119,,,,,,,,,,"https://static.www.nfl.com/image/private/f_auto,q_auto/league/vku1qxplolhugyvwdqwg",SMI116000,,3200534d-4911-6000-a1d9-eb2c3982eafa,,,
1997,ATL,DL,DE,90,ACT,Chuck Smith,Charles,Smith,1969-12-21,74,262,,00-0015124,,,,,,,,,,"https://static.www.nfl.com/image/private/f_auto,q_auto/league/zu038iuwuau2dh1slzfs",SMI136060,,3200534d-4913-6060-9f2e-c845eb12ae90,,,
1997,PHI,LB,OLB,56,RES,Darrin Smith,Darrin,Smith,1970-04-15,73,230,,00-0015132,,,,,,,,,,"https://static.www.nfl.com/image/private/f_auto,q_auto/league/ymgalcbqbpvyfiyrwu2n",SMI160080,,3200534d-4916-0080-5320-03772c70748a,,,
1997,WAS,LB,OLB,50,ACT,Derek M. Smith,Derek,Smith,1975-01-18,74,239,,00-0015151,,,,,,,,,,"https://static.www.nfl.com/image/private/f_auto,q_auto/league/nyonawtv4batkpwesrrp",SMI199520,,3200534d-4919-9520-54b2-9bc390bec8c9,,,
1997,DEN,RB,RB,42,ACT,Detron Smith,Detron,Smith,1974-02-25,69,231,,00-0015152,,,,,,,,,,"https://static.www.nfl.com/image/private/f_auto,q_auto/league/mazglvfvumc1vrq0lw0s",SMI201840,,3200534d-4920-1840-c676-7c0441d12216,,,
1997,ATL,TE,TE,86,ACT,Ed Smith,Edward,Smith,1969-06-05,75,253,,00-0015161,,,,,,,,,,"https://static.www.nfl.com/image/private/f_auto,q_auto/league/wgrlzqkandfdxigkzg2x",SMI248240,,3200534d-4924-8240-4421-dadabdecaee8,,,
1997,DAL,RB,RB,22,ACT,Emmitt Smith,Emmitt,Smith,1969-05-15,69,209,,00-0015165,,,,,,,,,,"https://static.www.nfl.com/image/private/f_auto,q_auto/league/ub78gyoyi3x1wlaow49n",SMI259840,,3200534d-4925-9840-40c8-0590516dc9de,,,
1997,CHI,WR,WR,15,ACT,Eric Smith,Eric,Smith,1971-09-15,71,183,,00-0015170,,,,,,,,,,"https://static.www.nfl.com/image/private/f_auto,q_auto/league/vascupbk8az4fxmcpy5y",SMI262160,,3200534d-4926-2160-f754-9764cb58dc99,,,
1997,MIN,DL,DE,95,ACT,Fernando Smith,Fernando,Smith,1971-08-02,78,277,,00-0015171,,,,,,,,,,"https://static.www.nfl.com/image/private/f_auto,q_auto/league/f66ujulgmu2ldcysjkv3",SMI271440,,3200534d-4927-1440-4b61-031954a3d7ee,,,
1997,SF,DB,DB,29,ACT,Frankie Smith,Frankie,Smith,1968-10-08,69,182,,00-0015173,,,,,,,,,,"https://static.www.nfl.com/image/private/f_auto,q_auto/league/xvidn72xijis2c8xjr3j",SMI280720,,3200534d-4928-0720-12ca-deffcb6bb149,,,
1997,NO,TE,TE,82,ACT,Irv Smith,Irvin,Smith,1971-10-13,75,246,,00-0015195,,,,,,,,,,"https://static.www.nfl.com/image/private/f_auto,q_auto/league/rwk5uk0g3czcvypbf37m",SMI342200,,3200534d-4934-2200-2c42-cf3d489ac8a8,,,
1997,KC,OL,C,65,ACT,Jeff Smith,Jeffery,Smith,1973-05-25,75,322,,00-0015207,,,,,,,,,,"https://static.www.nfl.com/image/private/f_auto,q_auto/league/eusdhg4bzmqbuen9qayx",SMI392724,,3200534d-4939-2724-c2b5-02c67da5620b,,,
1997,GB,DL,DT,99,ACT,Jermaine Smith,Matt,Smith,1972-02-03,75,289,,00-0015212,,,,,,,,,,"https://static.www.nfl.com/image/private/f_auto,q_auto/league/wwbq4rmhlfyogwvbsvxq",SMI507500,,3200534d-4950-7500-abd8-7b1403d8f29d,,,
1997,JAX,WR,WR,82,ACT,Jimmy Smith,Jimmy,Smith,1969-02-09,73,204,,00-0015218,,,,,,,,,,"https://static.www.nfl.com/image/private/f_auto,q_auto/league/zgvlthadzlf0q6thnktj",SMI412032,,3200534d-4941-2032-acfc-6924fe0784b8,,,
1997,DAL,DB,CB,26,ACT,Kevin Smith,Kevin,Smith,1970-04-07,71,190,,00-0015238,,,,,,,,,,"https://static.www.nfl.com/image/private/f_auto,q_auto/league/dfcn6hdp0msq5qd1kqyz",SMI462840,,3200534d-4946-2840-c999-11303abf8a40,,,
1997,SEA,RB,RB,25,ACT,Lamar Smith,Lamar,Smith,1970-11-29,71,218,,00-0015242,,,,,,,,,,"https://static.www.nfl.com/image/private/f_auto,q_auto/league/azpa7woawftkxq959ydj",SMI463420,,3200534d-4946-3420-a4a9-b526c4a3437f,,,
1997,ARI,DL,DT,93,ACT,Mark Smith,Mark,Smith,1974-08-28,76,290,,00-0015255,,,,,,,,,,"https://static.www.nfl.com/image/private/f_auto,q_auto/league/tnfzmzclzktsgkivo5fu",SMI502280,,3200534d-4950-2280-78a3-3103e7722271,,,
1997,CAR,RB,RB,22,RES,Marquette Smith,Marquette,Smith,1972-07-14,67,190,,00-0015256,,,,,,,,,,"https://static.www.nfl.com/image/private/f_auto,q_auto/league/jswzmfu8qycokm2wzd0l",SMI503440,,3200534d-4950-3440-9a47-cdc6e943d4c8,,,
1997,DEN,DL,DE,90,ACT,Neil Smith,Neil,Smith,1966-04-10,76,278,,00-0015267,,,,,,,,,,"https://static.www.nfl.com/image/private/f_auto,q_auto/league/lgukc3ktennbqyxwgyoo",SMI533600,,3200534d-4953-3600-514c-2bc89795675b,,,
1997,NYJ,DB,CB,45,ACT,Otis Smith,Otis,Smith,1965-10-22,71,190,,00-0015270,,,,,,,,,,"https://static.www.nfl.com/image/private/f_auto,q_auto/league/ondqfqq2zu6udh2ndfml",SMI568400,,3200534d-4956-8400-4c4c-484d7aca7433,,,
1997,MIN,RB,RB,26,ACT,Robert Smith,Robert,Smith,1972-03-04,74,212,,00-0015286,,,,,,,,,,"https://static.www.nfl.com/image/private/f_auto,q_auto/league/vafotzomk3qpdy5o4ri8",SMI663984,,3200534d-4966-3984-5269-7d166464dc4a,,,
1997,CAR,DB,DB,31,ACT,Rod Smith,Rodney,Smith,1970-03-12,71,187,,00-0015289,,,,,,,,,,"https://static.www.nfl.com/image/private/f_auto,q_auto/league/qudg7miygilq2ccjpyvc",SMI665376,,3200534d-4966-5376-6f3d-475ce4df90d7,,,
1997,DEN,WR,WR,80,ACT,Rod Smith,Roderick,Smith,1970-05-15,72,183,,00-0015290,,,,,,,,,,"https://static.www.nfl.com/image/private/f_auto,q_auto/league/yc387fqxeouidqr4yyvn",SMI664448,,3200534d-4966-4448-a860-dd900ccd5265,,,
1997,BUF,DB,CB,28,ACT,Thomas Smith,Thomas,Smith,1970-12-05,71,188,,00-0015314,,,,,,,,,,"https://static.www.nfl.com/image/private/f_auto,q_auto/league/seji9biy2vgscqpjhrvd",SMI744720,,3200534d-4974-4720-58ac-cb4ce98f0935,,,
1997,STL,OL,C,62,ACT,Vernice Smith,Vernice,Smith,1965-10-24,75,300,,00-0015334,,,,,,,,,,"https://static.www.nfl.com/image/private/f_auto,q_auto/league/feamd6xbnpnirmsi6ttn",SMI774880,,3200534d-4977-4880-19a5-665e7b85cd47,,,
1997,DAL,LB,LB,57,ACT,Vinson Smith,Vinson,Smith,1965-07-03,74,247,,00-0015336,,,,,,,,,,"https://static.www.nfl.com/image/private/f_auto,q_auto/league/esxifrgjlr2wul5dbbip",SMI779520,,3200534d-4977-9520-9eda-1d7bee0db2c1,,,
1997,PHI,WR,WR,84,ACT,Freddie Solomon,Freddie,Solomon,1972-08-15,70,180,,00-0015390,,,,,,,,,,"https://static.www.nfl.com/image/private/f_auto,q_auto/league/q80s0ypa7n3mxykuk3jk",SOL179324,,3200534f-4c17-9324-1a17-c5c9eece78b0,,,
1997,NYJ,RB,RB,27,ACT,Jerald Sowell,Jerald,Sowell,1974-01-21,72,248,,00-0015420,,,,,,,,,,"https://static.www.nfl.com/image/private/f_auto,q_auto/league/cvpqprvcmfgqbsppc2vj",SOW265611,,3200534f-5726-5611-25bb-3c8008e0c988,,,
1997,NYG,DB,CB,22,ACT,Phillippi Sparks,Phillippi,Sparks,1969-04-15,71,195,,00-0015437,,,,,,,,,,"https://static.www.nfl.com/image/private/f_auto,q_auto/league/mb1y5he39y7qsaxjk1vd",SPA663847,,32005350-4166-3847-41b9-184e53b8cbe8,,,
1997,KC,OL,OT,70,ACT,Marcus Spears,Marcus,Spears,1971-09-28,76,305,,00-0015441,,,,,,,,,,"https://static.www.nfl.com/image/private/f_auto,q_auto/league/fwz8zh1nb0z81z6xmgs8",SPE094446,,32005350-4509-4446-5826-0dc3babf27ed,,,
1997,CHI,DL,DE,90,ACT,Alonzo Spellman,Alonzo,Spellman,1971-09-27,76,292,,00-0015450,,,,,,,,,,"https://static.www.nfl.com/image/private/f_auto,q_auto/league/g5vobdr5hbrbonyhwjs1",SPE387482,,32005350-4538-7482-7610-fd1c17237202,,,
1997,CIN,DB,CB,22,ACT,Jimmy Spencer,James,Spencer,1969-03-29,70,180,,00-0015460,,,,,,,,,,"https://static.www.nfl.com/image/private/f_auto,q_auto/league/oiffzzmjeycczbrl5llf",SPE526203,,32005350-4552-6203-40f5-7ace2b81f1c8,,,
1997,BUF,LB,ILB,54,RES,Chris Spielman,Charles,Spielman,1965-10-11,72,247,,00-0015469,,,,,,,,,,"https://static.www.nfl.com/image/private/f_auto,q_auto/league/tdnkqoa7tu4ecwxsi8bs",SPI155733,,32005350-4915-5733-da52-ef1b372119a3,,,
1997,MIA,RB,RB,35,ACT,Irving Spikes,Irving,Spikes,1970-12-21,68,205,,00-0015472,,,,,,,,,,"https://static.www.nfl.com/image/private/f_auto,q_auto/league/h3fhpsgigxqip7pzxtqp",SPI248305,,32005350-4924-8305-1231-8d3c3b65536c,,,
1997,DET,DL,DE,92,ACT,Marc Spindler,Marc,Spindler,1969-11-28,77,287,,00-0015476,,,,,,,,,,"https://static.www.nfl.com/image/private/f_auto,q_auto/league/lseu2efniiwqomst2g7a",SPI467199,,32005350-4946-7199-81b6-49d1e7c8c946,,,
1997,BUF,OL,OT,69,ACT,T. Marcus Spriggs,Thomas,Spriggs,1974-05-30,75,295,,00-0015491,,,,,,,,,,"https://static.www.nfl.com/image/private/f_auto,q_auto/league/yiecbsslgj0ct1wk09zf",SPR171074,,32005350-5217-1074-3c5f-dee50678b174,,,
1997,SEA,DB,CB,24,ACT,Shawn Springs,Shawn,Springs,1975-03-11,72,195,,00-0015495,,,,,,,,,,"https://static.www.nfl.com/image/private/f_auto,q_auto/league/qgywqhz1v5skam3egzdx",SPR379648,,32005350-5237-9648-c845-c40e18fc2220,,,
1997,IND,WR,WR,86,ACT,Brian Stablein,Brian,Stablein,1970-04-14,73,193,,00-0015507,,,,,,,,,,"https://static.www.nfl.com/image/private/f_auto,q_auto/league/dsbexg5qjzsjjqfdyeos",STA006807,,32005354-4100-6807-d705-676c238a5762,,,
1997,PIT,OL,G,68,ACT,Brenden Stai,Brenden,Stai,1972-03-30,76,305,,00-0015522,,,,,,,,,,"https://static.www.nfl.com/image/private/f_auto,q_auto/league/unxgtjakqiak5bjy8lg1",STA194028,,32005354-4119-4028-a680-8b2ad7200657,,,
1997,PHI,RB,RB,22,ACT,Duce Staley,Duce,Staley,1975-02-27,71,222,,00-0015523,,,,,,,,,,"https://static.www.nfl.com/image/private/f_auto,q_auto/league/izbeawj2abiogsozoygr",STA211048,,32005354-4121-1048-4c65-f9c0084ec124,,,
1997,TEN,LB,LB,59,ACT,Dennis Stallings,Dennis,Stallings,1974-05-25,72,234,,00-0015526,,,,,,,,,,"https://static.www.nfl.com/image/private/f_auto,q_auto/league/xc9ngfttocwg2hbo8fcr",STA235185,,32005354-4123-5185-a198-865dd6ef33be,,,
1997,CIN,DL,DE,79,RES,Ramondo Stallings,Ramondo,Stallings,1971-11-21,79,285,,00-0015527,,,,,,,,,,"https://static.www.nfl.com/image/private/f_auto,q_auto/league/ejemsqyq8usiinbggzcu",STA251896,,32005354-4125-1896-8be2-ef2bd8e1b43a,,,
1997,CHI,DB,DB,45,ACT,Tony Stargell,Tony,Stargell,1966-08-07,71,186,,00-0015569,,,,,,,,,,"https://static.www.nfl.com/image/private/f_auto,q_auto/league/haxjq5eyocg2mtkooodf",STA517408,,32005354-4151-7408-56b9-7229bd0b3456,,,
1997,SEA,SPEC,P,3,ACT,Rohn Stark,Rohn,Stark,1959-05-04,75,203,,00-0015572,,,,,,,,,,"https://static.www.nfl.com/image/private/f_auto,q_auto/league/qfft9qxvqwqfkzv9cq0g",STA558256,,32005354-4155-8256-92a7-1883fdbfe0d3,,,
1997,BAL,DB,DB,41,ACT,Ralph Staten,Ralph,Staten,1974-12-03,75,205,,00-0015587,,,,,,,,,,"https://static.www.nfl.com/image/private/f_auto,q_auto/league/bpdpogjnsqnimzqo6wth",STA704628,,32005354-4170-4628-7dde-1cccb7f80337,,,
1997,PIT,DL,NT,93,ACT,Joel Steed,Joel,Steed,1969-02-17,74,310,,00-0015603,,,,,,,,,,"https://static.www.nfl.com/image/private/f_auto,q_auto/league/dkxxilgtydk66gfwrtev",STE023595,,32005354-4502-3595-4194-d4dacb6ba413,,,
1997,CHI,QB,QB,18,ACT,Steve Stenstrom,Stephan,Stenstrom,1971-12-23,74,202,,00-0015627,,,,,,,,,,"https://static.www.nfl.com/image/private/f_auto,q_auto/league/ocrooh6d8sdpmrgwsiiu",STE335049,,32005354-4533-5049-3667-7e325c30238e,,,
1997,PIT,OL,OT,67,ACT,Jamain Stephens,Jamain,Stephens,1974-01-09,77,336,,00-0015640,,,,,,,,,,"https://static.www.nfl.com/image/private/f_auto,q_auto/league/iietkurxd2deaavq7jf2",STE387396,,32005354-4538-7396-9622-ba5123445011,,,
1997,TEN,OL,C,53,ACT,Mark Stepnoski,Mark,Stepnoski,1967-01-20,74,269,,00-0015663,,,,,,,,,,"https://static.www.nfl.com/image/private/f_auto,q_auto/league/np7igh1cepbetdpqd15v",STE509652,,32005354-4550-9652-fcf7-3ac3f9228760,,,
1997,MIN,OL,OT,73,ACT,Todd Steussie,Todd,Steussie,1970-12-01,78,309,,00-0015668,,,,,,,,,,"https://static.www.nfl.com/image/private/f_auto,q_auto/league/u3yr70wausfhxgng2xl4",STE599313,,32005354-4559-9313-7ed1-14fa33cb790b,,,
1997,PHI,DB,DB,45,ACT,Matt Stevens,Matthew,Stevens,1973-06-14,72,206,,00-0015674,,,,,,,,,,"https://static.www.nfl.com/image/private/f_auto,q_auto/league/ur1fsgy5o486l5gylabk",STE627627,,32005354-4562-7627-6e84-af2d73122968,,,
1997,JAX,RB,RB,33,ACT,James Stewart,James,Stewart,1971-12-27,73,230,,00-0015698,,,,,,,,,,"https://static.www.nfl.com/image/private/f_auto,q_auto/league/lgogp3bzdaejy6hi83or",STE762118,,32005354-4576-2118-9184-92203b28351e,,,
1997,PIT,QB,QB,10,ACT,Kordell Stewart,Kordell,Stewart,1972-10-16,73,212,,00-0015700,,,,,,,,,,"https://static.www.nfl.com/image/private/f_auto,q_auto/league/wyel70n1iopggkgtup2x",STE777062,,32005354-4577-7062-e719-11560f076f7e,,,
1997,TEN,DB,S,26,ACT,Rayna Stewart,Rayna,Stewart,1973-06-18,70,196,,00-0015705,,,,,,,,,,"https://static.www.nfl.com/image/private/f_auto,q_auto/league/ngnhi5wtsz89liohrvp3",STE796724,,32005354-4579-6724-6077-047eb2ca5d90,,,
1997,DET,DB,DB,42,ACT,Ryan Stewart,Ryan,Stewart,1973-09-30,73,207,,00-0015711,,,,,,,,,,"https://static.www.nfl.com/image/private/f_auto,q_auto/league/sqvbulqdkl3ciwtupxdl",STE801443,,32005354-4580-1443-c385-533ace83ee27,,,
1997,CAR,OL,OT,70,ACT,Todd Stewart,Todd,Stewart,1974-09-30,78,290,,00-0015712,,,,,,,,,,"https://static.www.nfl.com/image/private/f_auto,q_auto/league/dbxwj0oaz3m4gzdznppe",STE803803,,32005354-4580-3803-8999-a5e99b9b1c1d,,,
1997,SD,WR,WR,80,ACT,Bryan Still,Bryan,Still,1974-06-03,71,176,,00-0015723,,,,,,,,,,"https://static.www.nfl.com/image/private/f_auto,q_auto/league/ykqqbr7fetxmi9frz7ow",STI376761,,32005354-4937-6761-ddcd-792c87b4e3c5,,,
1997,DET,TE,TE,82,ACT,Eric Stocz,Eric,Stocz,1974-05-25,76,278,,00-0015740,,,,,,,,,,"https://static.www.nfl.com/image/private/f_auto,q_auto/league/ybh3x8damhypqyxo8cqy",STO127125,,32005354-4f12-7125-b3cd-45415bd2e526,,,
1997,SEA,DB,DB,37,ACT,Eric Stokes,Eric,Stokes,1973-12-18,71,200,,00-0015748,,,,,,,,,,"https://static.www.nfl.com/image/private/f_auto,q_auto/league/u8gwxpiw6tgobhgc6ur7",STO216112,,32005354-4f21-6112-eac1-4053339246c7,,,
1997,SF,WR,WR,83,ACT,J.J. Stokes,Jerel,Stokes,1972-10-06,76,217,,00-0015751,,,,,,,,,,"https://static.www.nfl.com/image/private/f_auto,q_auto/league/sbynshmlo8ywopd61kfl",STO228825,,32005354-4f22-8825-d2a2-6b6515a87051,,,
1997,NYG,OL,C,60,ACT,Bryan Stoltenberg,Bryan,Stoltenberg,1972-08-25,73,293,,00-0015755,,,,,,,,,,"https://static.www.nfl.com/image/private/f_auto,q_auto/league/isozfasaiywst04qlz1p",STO347475,,32005354-4f34-7475-442a-dbcdb7378bec,,,
1997,CAR,WR,WR,80,ACT,Dwight Stone,Dwight,Stone,1964-01-28,72,195,,00-0015759,,,,,,,,,,"https://static.www.nfl.com/image/private/f_auto,q_auto/league/gcisaxpznlmzy02cdsb5",STO372900,,32005354-4f37-2900-682c-c818fe6bd148,,,
1997,NYG,OL,G,65,ACT,Ron Stone,Ronald,Stone,1971-07-20,77,325,,00-0015761,,,,,,,,,,"https://static.www.nfl.com/image/private/f_auto,q_auto/league/hikd6qr4nyzjhlqwceke",STO433637,,32005354-4f43-3637-79c6-0260bfbb3cf4,,,
1997,DAL,DB,DB,24,ACT,Omar Stoutmire,Omar,Stoutmire,1974-07-09,71,197,,00-0015781,,,,,,,,,,"https://static.www.nfl.com/image/private/f_auto,q_auto/league/mhy6inhaomltiivmqgiq",STO733919,,32005354-4f73-3919-27cb-66443c6ef4d0,,,
1997,BAL,SPEC,K,3,ACT,Matt Stover,John,Stover,1968-01-27,71,178,,00-0015784,,,,,,,,,,"https://static.www.nfl.com/image/private/f_auto,q_auto/league/po28eupvc1y6rytcvtfs",STO772332,,32005354-4f77-2332-ea64-1ed2a65ed496,,,
1997,KC,SPEC,K,10,ACT,Pete Stoyanovich,Peter,Stoyanovich,1967-04-28,71,195,,00-0015791,,,,,,,,,,"https://static.www.nfl.com/image/private/f_auto,q_auto/league/p8f4jbajztaxpujrw1ai",STO815533,,32005354-4f81-5533-c834-16be8c40899f,,,
1997,NYG,DL,DE,92,ACT,Michael Strahan,Michael,Strahan,1971-11-21,77,285,,00-0015795,,,,,,,,,,"https://static.www.nfl.com/image/private/f_auto,q_auto/league/zanyv0vdsqwb6djnnz5j",STR122552,,32005354-5212-2552-5985-f1577ca7fd79,,,
1997,DAL,LB,MLB,55,ACT,Fred Strickland,Fredrick,Strickland,1966-08-15,74,251,,00-0015817,,,,,,,,,,"https://static.www.nfl.com/image/private/f_auto,q_auto/league/tns6oq0r9agmye3f6fl8",STR394156,,32005354-5239-4156-2f5c-2079f2b83de6,,,
1997,MIN,OL,OT,77,ACT,Korey Stringer,Korey,Stringer,1974-05-08,76,353,,00-0015822,,,,,,,,,,"https://static.www.nfl.com/image/private/f_auto,q_auto/league/mc3s6wpkbnuddcjsczih",STR467024,,32005354-5246-7024-3634-77d1c04f2542,,,
1997,SEA,RB,FB,38,ACT,Mack Strong,Mack,Strong,1971-09-11,72,235,,00-0015830,,,,,,,,,,"https://static.www.nfl.com/image/private/f_auto,q_auto/league/b4bixlcjyx3xyoqq40bd",STR638743,,32005354-5263-8743-d880-d94d40db332f,,,
1997,ATL,SPEC,P,4,ACT,Dan Stryzinski,Daniel,Stryzinski,1965-05-15,74,200,,00-0015842,,,,,,,,,,"https://static.www.nfl.com/image/private/f_auto,q_auto/league/c7i9oicqgtjauvncuseo",STR788312,,32005354-5278-8312-abc8-fb864fc8ada0,,,
1997,PIT,OL,OT,73,ACT,Justin Strzelczyk,Justin,Strzelczyk,1968-08-18,78,305,,00-0015843,,,,,,,,,,"https://static.www.nfl.com/image/private/f_auto,q_auto/league/vjr26crinbcxj9d69kaf",STR802389,,32005354-5280-2389-9b93-e39c908df862,,,
1997,SF,DL,DT,94,ACT,Dana Stubblefield,Dana,Stubblefield,1970-11-14,74,290,,00-0015847,,,,,,,,,,"https://static.www.nfl.com/image/private/f_auto,q_auto/league/w1dpkacp23oeene6txmq",STU105903,,32005354-5510-5903-1a8f-fec91f587328,,,
1997,MIA,DL,DE,96,RES,Danny Stubbs,Daniel,Stubbs,1965-01-03,76,270,,00-0015848,,,,,,,,,,"https://static.www.nfl.com/image/private/f_auto,q_auto/league/btkgc804lbokzrs1tkhu",STU118653,,32005354-5511-8653-8a82-84abb4b0eaec,,,
1997,STL,LB,LB,51,RES,Lorenzo Styles,Lorenzo,Styles,1974-01-31,73,245,,00-0015870,,,,,,,,,,"https://static.www.nfl.com/image/private/f_auto,q_auto/league/y7tjqhfrhimupooiquit",STY498349,,32005354-5949-8349-9905-c79c9fcbcd9d,,,
1997,DAL,RB,RB,45,ACT,Nicky Sualua,Nicky,Sualua,1975-04-16,71,257,,00-0015871,,,,,,,,,,"https://static.www.nfl.com/image/private/f_auto,q_auto/league/yq7pzk2ceqkyo0zflrzh",SUA385627,,32005355-4138-5627-5ee9-9db4a7d6f304,,,
1997,NE,DL,DE,74,ACT,Chris Sullivan,Christopher,Sullivan,1973-03-14,76,279,,00-0015885,,,,,,,,,,"https://static.www.nfl.com/image/private/f_auto,q_auto/league/yvtggx60xcfpt7ylgzfk",SUL127653,,32005355-4c12-7653-d4f2-3c764eb4dbec,,,
1997,ATL,LB,LB,57,ACT,Eddie Sutter,Edward,Sutter,1969-10-03,75,240,,00-0015918,,,,,,,,,,"https://static.www.nfl.com/image/private/f_auto,q_auto/league/n93jo6txl45o3vl4zen8",SUT283135,,32005355-5428-3135-7c25-8088280070da,,,
1997,ARI,DL,DT,98,RES,Eric Swann,Eric,Swann,1970-08-16,77,313,,00-0015947,,,,,,,,,,"https://static.www.nfl.com/image/private/f_auto,q_auto/league/ysolunufhbzbqkziiw2r",SWA320232,,32005357-4132-0232-9ded-77886f4a5040,,,
1997,DEN,OL,OT,74,ACT,Harry Swayne,Harry,Swayne,1965-02-02,77,285,,00-0015958,,,,,,,,,,"https://static.www.nfl.com/image/private/f_auto,q_auto/league/inpoyyqclsem5uaojukc",SWA775208,,32005357-4177-5208-b88c-0d80b5d8fea1,,,
1997,PIT,OL,C,66,ACT,Jim Sweeney,James,Sweeney,1962-08-08,76,298,,00-0015962,,,,,,,,,,"https://static.www.nfl.com/image/private/f_auto,q_auto/league/bd0e5sz40gmh7ctwerkp",SWE177981,,32005357-4517-7981-14be-abfd2c246fbb,,,
1997,SD,DB,CB,27,ACT,Michael Swift,Michael,Swift,1974-02-28,70,165,,00-0015971,,,,,,,,,,"https://static.www.nfl.com/image/private/f_auto,q_auto/league/nedo0uqqmk72cm5tj1df",SWI249308,,32005357-4924-9308-425f-c507fc9601b8,,,
1997,ARI,DL,DT,91,ACT,Rashod Swinger,Rashod,Swinger,1974-11-27,75,286,,00-0015976,,,,,,,,,,"https://static.www.nfl.com/image/private/f_auto,q_auto/league/uffmdkol08hx9aufv7ui",SWI427154,,32005357-4942-7154-bc9a-8f2aff4997d8,,,
1997,KC,OL,G,79,ACT,David Szott,David,Szott,1967-12-12,76,293,,00-0016002,,,,,,,,,,"https://static.www.nfl.com/image/private/f_auto,q_auto/league/p2x7uancnhgvmpfyedld",SZO553722,,3200535a-4f55-3722-cbd2-2de599237399,,,
1997,KC,OL,G,64,ACT,Ralph Tamm,Ralph,Tamm,1966-03-11,76,280,,00-0016038,,,,,,,,,,"https://static.www.nfl.com/image/private/f_auto,q_auto/league/uhb6y4aamxnnqnrkxtbz",TAM498348,,32005441-4d49-8348-fd6f-9a929a96d91c,,,
1997,MIA,DL,DT,72,ACT,Barron Tanner,Barron,Tanner,1973-09-14,75,310,,00-0016041,,,,,,,,,,"https://static.www.nfl.com/image/private/f_auto,q_auto/league/z8ydqlkw077fkyfzxbri",TAN404038,,32005441-4e40-4038-aa30-c0cb780c7bea,,,
1997,DEN,DL,DT,98,ACT,Maa Tanuvasa,Maa,Tanuvasa,1970-11-06,74,277,,00-0016044,,,,,,,,,,"https://static.www.nfl.com/image/private/f_auto,q_auto/league/enhofhhqnwsca2o5qmrk",TAN782662,,32005441-4e78-2662-5611-c48d8f1d9b76,,,
1997,BUF,WR,WR,89,ACT,Steve Tasker,Steven,Tasker,1962-04-10,69,185,,00-0016055,,,,,,,,,,"https://static.www.nfl.com/image/private/f_auto,q_auto/league/eommdtyypsuowoksvxuz",TAS415290,,32005441-5341-5290-a3ed-8c591fcb94af,,,
1997,IND,DB,DB,49,ACT,David Tate,David,Tate,1964-11-22,73,209,,00-0016057,,,,,,,,,,"https://static.www.nfl.com/image/private/f_auto,q_auto/league/qqkbochbd5vh47uattec",TAT151014,,32005441-5415-1014-5ebf-91db4c3d8fb3,,,
1997,MIN,WR,WR,83,RES,Robert Tate,Robert,Tate,1973-10-19,70,185,,00-0016061,,,,,,,,,,"https://static.www.nfl.com/image/private/f_auto,q_auto/league/ujukkzm8hr35yd1zbjhv",TAT441792,,32005441-5444-1792-66bb-8cbe0c72a1de,,,
1997,CAR,LB,LB,50,ACT,Kinnon Tatum,Kinnon,Tatum,1975-07-19,72,222,,00-0016069,,,,,,,,,,"https://static.www.nfl.com/image/private/f_auto,q_auto/league/irtr5w9redg2ybabb4ry",TAT691563,,32005441-5469-1563-e70c-4fe5217cbb6b,,,
1997,NE,DL,DE,99,CUT,Josh Taves,Joshua,Taves,1972-05-13,79,260,,00-0016076,,,,,,,,,,"https://static.www.nfl.com/image/private/f_auto,q_auto/league/tattwvwsoaff9x9u1zib",TAV191481,,32005441-5619-1481-3dd0-ea3c902ed93b,,,
1997,GB,OL,G,73,ACT,Aaron Taylor,Aaron,Taylor,1972-11-14,76,305,,00-0016077,,,,,,,,,,"https://static.www.nfl.com/image/private/f_auto,q_auto/league/xl7gwquycqfm2gvndrmk",TAY004236,,32005441-5900-4236-1b1f-807b8281ee70,,,
1997,PHI,DB,CB,21,RES,Bobby Taylor,Robert,Taylor,1973-12-28,75,216,,00-0016082,,,,,,,,,,"https://static.www.nfl.com/image/private/f_auto,q_auto/league/eddfqrqstzwexl4tvurg",TAY650100,,32005441-5965-0100-db26-2b4d0603caa4,,,
1997,MIA,DL,DE,99,ACT,Jason Taylor,Jason,Taylor,1974-09-01,78,255,,00-0016112,,,,,,,,,,"https://static.www.nfl.com/image/private/f_auto,q_auto/league/uemgrwzlq4210btlmcqw",TAY338550,,32005441-5933-8550-6741-79659916ffb5,,,
1997,BAL,DL,DT,92,RES,Leland Taylor,Leland,Taylor,1972-10-25,75,305,,00-0016129,,,,,,,,,,"https://static.www.nfl.com/image/private/f_auto,q_auto/league/lkkcbbxu3nke6bk1o4hj",TAY516975,,32005441-5951-6975-97cf-abd98eab520e,,,
1997,MIA,DB,FS,23,ACT,George Teague,George,Teague,1971-02-18,73,206,,00-0016157,,,,,,,,,,"https://static.www.nfl.com/image/private/f_auto,q_auto/league/gjnwwrdztjhg0pewhnsh",TEA196394,,32005445-4119-6394-3696-718f41a47567,,,
1997,CAR,DB,FS,40,ACT,Pat Terrell,Patrick,Terrell,1968-03-18,73,210,,00-0016182,,,,,,,,,,"https://static.www.nfl.com/image/private/f_auto,q_auto/league/jrhpe4m3nrahfjalbh66",TER415288,,32005445-5241-5288-4ff5-bcf486a08870,,,
1997,NYJ,DL,DT,94,ACT,Rick Terry,Richard,Terry,1974-04-05,76,302,,00-0016189,,,,,,,,,,"https://static.www.nfl.com/image/private/f_auto,q_auto/league/ecxykg0qtcmwcvbvimsw",TER628932,,32005445-5262-8932-29c0-46d6eb1e4462,,,
1997,CIN,LB,LB,52,RES,Tim Terry,Timothy,Terry,1974-07-26,75,235,,00-0016192,,,,,,,,,,"https://static.www.nfl.com/image/private/f_auto,q_auto/league/xbd3ndf1dzmp2odcqwif",TER658932,,32005445-5265-8932-226b-5ac20435d759,,,
1997,BAL,QB,QB,12,ACT,Vinny Testaverde,Vincent,Testaverde,1963-11-13,77,227,,00-0016193,,,,,,,,,,"https://static.www.nfl.com/image/private/f_auto,q_auto/league/yebpzovaiscoksnjnq6x",TES415290,,32005445-5341-5290-d4d4-20b9ffda1057,,,
1997,DET,OL,OT,71,ACT,Larry Tharpe,Larry,Tharpe,1970-11-19,76,300,,00-0016198,,,,,,,,,,"https://static.www.nfl.com/image/private/f_auto,q_auto/league/axz6fpzy4pfwpd9o6u8g",THA300216,,32005448-4130-0216-e4f1-58065243746d,,,
1997,WAS,DB,DB,32,ACT,Keith Thibodeaux,Keith,Thibodeaux,1974-05-16,71,189,,00-0016207,,,,,,,,,,"https://static.www.nfl.com/image/private/f_auto,q_auto/league/vdegnllbktdqopkiqdyd",THI179616,,32005448-4917-9616-c48d-18bf512b1aa8,,,
1997,CHI,DL,DE,91,RES,John Thierry,John,Thierry,1971-09-04,76,265,,00-0016210,,,,,,,,,,"https://static.www.nfl.com/image/private/f_auto,q_auto/league/iuwlkqbph7pkzdmg0aeg",THI673901,,32005448-4967-3901-a204-ef1515a862da,,,
1997,PIT,WR,WR,82,ACT,Yancey Thigpen,Yancey,Thigpen,1969-08-15,73,208,,00-0016214,,,,,,,,,,"https://static.www.nfl.com/image/private/f_auto,q_auto/league/lb29lzjhag8zdttskkh7",THI679565,,32005448-4967-9565-7e55-d8fd1dcf0b3a,,,
1997,DAL,LB,LB,51,ACT,Broderick Thomas,Broderick,Thomas,1967-02-20,76,254,,00-0016226,,,,,,,,,,"https://static.www.nfl.com/image/private/f_auto,q_auto/league/emcskaiz5oznh2lfwvzm",THO048496,,32005448-4f04-8496-1869-36d8fa48c04a,,,
1997,WAS,WR,WR,89,ACT,Chris Thomas,Chris,Thomas,1971-07-16,74,190,,00-0016232,,,,,,,,,,"https://static.www.nfl.com/image/private/f_auto,q_auto/league/y8bwk8xvjnyhuo68cfxv",THO086500,,32005448-4f08-6500-b5a8-cedf0428ccef,,,
1997,JAX,DB,CB,41,ACT,Dave Thomas,Dave,Thomas,1968-08-25,75,216,,00-0016242,,,,,,,,,,"https://static.www.nfl.com/image/private/f_auto,q_auto/league/l50tt8rxxl87f7mqmqat",THO093961,,32005448-4f09-3961-f6f5-6777edd7c985,,,
1997,KC,LB,OLB,58,ACT,Derrick Thomas,Derrick,Thomas,1967-01-01,75,247,,00-0016248,,,,,,,,,,"https://static.www.nfl.com/image/private/f_auto,q_auto/league/hc6lml7eziwksy7ng5ot",THO103054,,32005448-4f10-3054-71b0-b3400ba9fb16,,,
1997,SEA,DB,DB,22,ACT,Fred Thomas,Fredrick,Thomas,1973-09-11,69,172,,00-0016263,,,,,,,,,,"https://static.www.nfl.com/image/private/f_auto,q_auto/league/fqznosdpgybzl2cx8esn",THO168220,,32005448-4f16-8220-d90a-4f53f0c36744,,,
1997,NE,DL,DT,95,ACT,Henry Thomas,Henry,Thomas,1965-01-12,74,277,,00-0016269,,,,,,,,,,"https://static.www.nfl.com/image/private/f_auto,q_auto/league/sgtold3zc1gaw6mwwkdf",THO187922,,32005448-4f18-7922-5dd8-21f8b122971e,,,
1997,PHI,DL,DT,78,ACT,Hollis Thomas,Hollis,Thomas,1974-01-10,72,305,,00-0016271,,,,,,,,,,"https://static.www.nfl.com/image/private/f_auto,q_auto/league/bmi4qhxrdotsw7mbhki8",THO193984,,32005448-4f19-3984-1e74-2655d7b54db5,,,
1997,SD,DB,DB,26,RES,Johnny Thomas,Johnny,Thomas,1964-08-03,69,188,,00-0016281,,,,,,,,,,"https://static.www.nfl.com/image/private/f_auto,q_auto/league/sqmkp0mxzkp6cgiplnho",THO260666,,32005448-4f26-0666-cda7-b14488277d6d,,,
1997,STL,WR,WR,87,ACT,J.T. Thomas,Johnny,Thomas,1971-07-11,70,180,,00-0016282,,,,,,,,,,"https://static.www.nfl.com/image/private/f_auto,q_auto/league/cj8zh9pmndx7wbogd5ys",THO261994,,32005448-4f26-1994-fefd-fa19e29c18b4,,,
1997,MIA,WR,WR,85,ACT,Lamar Thomas,Lamar,Thomas,1970-02-12,73,175,,00-0016289,,,,,,,,,,"https://static.www.nfl.com/image/private/f_auto,q_auto/league/jisfukeip8lvrbr0hzi2",THO281883,,32005448-4f28-1883-9682-611565b9f14c,,,
1997,CHI,DL,DE,95,ACT,Mark Thomas,Mark,Thomas,1969-05-06,77,280,,00-0016295,,,,,,,,,,"https://static.www.nfl.com/image/private/f_auto,q_auto/league/pceuqrvqavkzvnkg9ujr",THO304615,,32005448-4f30-4615-8074-4fb53e937e06,,,
1997,DET,DL,DE,98,ACT,Marvin Thomas,Marvin,Thomas,1973-10-19,77,264,,00-0016299,,,,,,,,,,"https://static.www.nfl.com/image/private/f_auto,q_auto/league/grk3w7esr7nqyiydc8un",THO308593,,32005448-4f30-8593-e619-0cc7539a01f9,,,
1997,MIN,DB,FS,42,ACT,Orlando Thomas,Orlando,Thomas,1972-10-21,73,211,,00-0016307,,,,,,,,,,"https://static.www.nfl.com/image/private/f_auto,q_auto/league/yhly16xv1skpiihnemyk",THO312193,,32005448-4f31-2193-af5c-e23ddd9f0bc5,,,
1997,TB,WR,WR,84,ACT,Robb Thomas,Robb,Thomas,1966-03-29,71,178,,00-0016314,,,,,,,,,,"https://static.www.nfl.com/image/private/f_auto,q_auto/league/q9rt0gyrjbwxqm3hedda",THO339472,,32005448-4f33-9472-bba0-64658866e86e,,,
1997,TEN,RB,RB,20,ACT,Rodney Thomas,Rodney,Thomas,1973-03-30,70,213,,00-0016321,,,,,,,,,,"https://static.www.nfl.com/image/private/f_auto,q_auto/league/anhijmc0vm0tph76fjjy",THO360689,,32005448-4f36-0689-1c06-8d80c8f9411b,,,
1997,BUF,RB,RB,34,ACT,Thurman Thomas,Thurman,Thomas,1966-05-16,70,198,,00-0016331,,,,,,,,,,"https://static.www.nfl.com/image/private/f_auto,q_auto/league/oy5j1auukzykwe8mhhhf",THO387968,,32005448-4f38-7968-c389-f4dd6bf1f06c,,,
1997,PHI,LB,OLB,51,ACT,William Thomas,William,Thomas,1968-08-13,74,223,,00-0016340,,,,,,,,,,"https://static.www.nfl.com/image/private/f_auto,q_auto/league/uzsxgcvbfax0vlrx96u5",THO404941,,32005448-4f40-4941-c48e-f28ff68e85a1,,,
1997,MIA,LB,MLB,54,ACT,Zach Thomas,Zachary,Thomas,1973-09-01,71,235,,00-0016344,,,,,,,,,,"https://static.www.nfl.com/image/private/f_auto,q_auto/league/s4gdnfi1fdmjvqwfb8bq",THO415247,,32005448-4f41-5247-6d57-4e1830b82430,,,
1997,GB,TE,TE,83,ACT,Jeff Thomason,Jeffrey,Thomason,1969-12-30,77,250,,00-0016347,,,,,,,,,,"https://static.www.nfl.com/image/private/f_auto,q_auto/league/fwlpldzkqlgxyyefdmen",THO426072,,32005448-4f42-6072-463e-d54831564c30,,,
1997,BAL,DB,DB,37,ACT,Bennie Thompson,Bennie,Thompson,1963-02-10,72,214,,00-0016355,,,,,,,,,,"https://static.www.nfl.com/image/private/f_auto,q_auto/league/iu0re0g3yjumjt0vui0w",THO484960,,32005448-4f48-4960-6b0b-64baf5d76b78,,,
1997,STL,RB,RB,28,ACT,David Thompson,David,Thompson,1975-01-13,68,196,,00-0016371,,,,,,,,,,"https://static.www.nfl.com/image/private/f_auto,q_auto/league/ysydkmbh0ppnyjnqscm4",THO515908,,32005448-4f51-5908-33d6-32432c4eb045,,,
1997,CIN,DL,DT,96,ACT,Mike Thompson,Michael,Thompson,1971-12-22,76,279,,00-0016399,,,,,,,,,,"https://static.www.nfl.com/image/private/f_auto,q_auto/league/spbxpgssj4ppnoum9fj0",THO634994,,32005448-4f63-4994-65db-0d59f95a66ac,,,
1997,SF,SPEC,P,3,ACT,Tommy Thompson,Tommy,Thompson,1972-04-27,70,192,,00-0016411,,,,,,,,,,"https://static.www.nfl.com/image/private/f_auto,q_auto/league/x4mf7zcsayirrkrchk4w",THO716831,,32005448-4f71-6831-99e7-3f3aca74dfaf,,,
1997,SF,DL,DE,93,CUT,Carlos Thornton,Carlos,Thornton,1974-09-19,76,240,,00-0016425,,,,,,,,,,"https://static.www.nfl.com/image/private/f_auto,q_auto/league/o25khhmf0adomtsn1uib",THO767600,,32005448-4f76-7600-2204-89ed97371c7a,,,
1997,NYJ,OL,OT,79,ACT,Deron Thorp,Deron,Thorp,1973-08-31,80,330,,00-0016436,,,,,,,,,,"https://static.www.nfl.com/image/private/f_auto,q_auto/league/ntwazzjfgumrhhlvqdnr",THO803215,,32005448-4f80-3215-df92-0037e675b43d,,,
1997,WAS,WR,WR,87,ACT,James Thrash,James,Thrash,1975-04-28,72,200,,00-0016440,,,,,,,,,,"https://static.www.nfl.com/image/private/f_auto,q_auto/league/tttu8q0npsvtx1wjwhaf",THR055371,,32005448-5205-5371-7657-309f267bb5d8,,,
1997,JAX,DL,DE,98,ACT,Jabbar Threats,Anaphayus,Threats,1975-04-26,77,255,,00-0016441,,,,,,,,,,"https://static.www.nfl.com/image/private/f_auto,q_auto/league/rpigfgois2kvunafja1c",THR178866,,32005448-5217-8866-7cdc-e26e9dabb4b6,,,
1997,GB,OL,G,63,ACT,Adam Timmerman,Adam,Timmerman,1971-08-14,76,295,,00-0016485,,,,,,,,,,"https://static.www.nfl.com/image/private/f_auto,q_auto/league/iu4gjazpvi4ilej4z2zj",TIM565720,,32005449-4d56-5720-d9f4-003dec378e65,,,
1997,PHI,WR,WR,83,ACT,Michael Timpson,Michael,Timpson,1967-06-06,70,185,,00-0016487,,,,,,,,,,"https://static.www.nfl.com/image/private/f_auto,q_auto/league/wm7lpfwmyj7qztqcq798",TIM692150,,32005449-4d69-2150-2ef7-55ef27c50be6,,,
1997,BUF,RB,FB,33,RES,Tim Tindale,Timothy,Tindale,1971-04-15,70,220,,00-0016489,,,,,,,,,,"https://static.www.nfl.com/image/private/f_auto,q_auto/league/v9mdybz5kdy3goe3enpm",TIN057679,,32005449-4e05-7679-20b9-cdc19f3ce384,,,
1997,ATL,OL,G,61,ACT,Robbie Tobeck,Robert,Tobeck,1970-03-06,76,300,,00-0016505,,,,,,,,,,"https://static.www.nfl.com/image/private/f_auto,q_auto/league/vgafsynwxgkmvmv5i431",TOB078787,,3200544f-4207-8787-1922-42e69ae8bf58,,,
1997,DAL,DL,DE,92,ACT,Tony Tolbert,Tony,Tolbert,1967-12-29,78,263,,00-0016524,,,,,,,,,,"https://static.www.nfl.com/image/private/f_auto,q_auto/league/eq7tbdtje7n86bqxlwcy",TOL226521,,3200544f-4c22-6521-5cd2-59602f90f194,,,
1997,KC,QB,QB,8,ACT,Billy Joe Tolliver,Billy,Tolliver,1966-02-07,73,217,,00-0016534,,,,,,,,,,"https://static.www.nfl.com/image/private/f_auto,q_auto/league/gicrwvf1hnole5b41azb",TOL755070,,3200544f-4c75-5070-b3c2-ef2aa8ec3c86,,,
1997,ATL,QB,QB,11,TRC,Billy Joe Tolliver,Billy,Tolliver,1966-02-07,73,217,,00-0016534,,,,,,,,,,"https://static.www.nfl.com/image/private/f_auto,q_auto/league/gicrwvf1hnole5b41azb",TOL755070,,3200544f-4c75-5070-b3c2-ef2aa8ec3c86,,,
1997,PIT,QB,QB,18,ACT,Mike Tomczak,Michael,Tomczak,1962-10-23,73,207,,00-0016538,,,,,,,,,,"https://static.www.nfl.com/image/private/f_auto,q_auto/league/bjdgcglvb0wufq0kujfl",TOM553720,,3200544f-4d55-3720-23d5-b3d0159f32bd,,,
1997,NO,DL,DE,90,ACT,Jared Tomich,Jared,Tomich,1974-04-24,74,258,,00-0016539,,,,,,,,,,"https://static.www.nfl.com/image/private/f_auto,q_auto/league/nxng5ktythayzgqboh9q",TOM614363,,3200544f-4d61-4363-df8f-10ca2a4eac41,,,
1997,KC,DB,S,25,ACT,Reggie Tongue,Reginald,Tongue,1973-04-11,72,201,,00-0016549,,,,,,,,,,"https://static.www.nfl.com/image/private/f_auto,q_auto/league/aru0owzcti0xb0zyphmd",TON657259,,3200544f-4e65-7259-250f-43290c077f9e,,,
1997,NYG,WR,WR,89,ACT,Amani Toomer,Amani,Toomer,1974-09-08,75,202,,00-0016550,,,,,,,,,,"https://static.www.nfl.com/image/private/f_auto,q_auto/league/qsfr7nbtbq4ugcfb357w",TOO338982,,3200544f-4f33-8982-916f-032f3512287c,,,
1997,SEA,QB,QB,13,TRD,Gino Torretta,Gino,Torretta,1970-08-10,75,215,,00-0016560,,,,,,,,,,"https://static.www.nfl.com/image/private/f_auto,q_auto/league/yxce6b3hlrvhjd66qvuv",TOR699174,,3200544f-5269-9174-a914-31b164c7ff22,,,
1997,IND,QB,QB,2,CUT,Gino Torretta,Gino,Torretta,1970-08-10,75,215,,00-0016560,,,,,,,,,,"https://static.www.nfl.com/image/private/f_auto,q_auto/league/yxce6b3hlrvhjd66qvuv",TOR699174,,3200544f-5269-9174-a914-31b164c7ff22,,,
1997,CIN,LB,ILB,58,ACT,Steve Tovar,Steven,Tovar,1970-04-25,75,244,,00-0016568,,,,,,,,,,"https://static.www.nfl.com/image/private/f_auto,q_auto/league/wtlg2kxlubpiefdfs5um",TOV059326,,3200544f-5605-9326-20db-96e25d9579be,,,
1997,OAK,DL,DE,93,CUT,Greg Townsend,Gregory,Townsend,1961-11-03,75,255,,00-0016578,,,,,,,,,,"https://static.www.nfl.com/image/private/f_auto,q_auto/league/hwnynib0tdt4x60kb2ox",TOW702801,,3200544f-5770-2801-aafc-f34bf193a3a0,,,
1997,OAK,DB,S,37,ACT,James Trapp,James,Trapp,1969-12-28,72,185,,00-0016591,,,,,,,,,,"https://static.www.nfl.com/image/private/f_auto,q_auto/league/zpgfxfwpqur4vvexf7do",TRA351377,,32005452-4135-1377-7c3d-800c030339b2,,,
1997,DEN,DL,DT,94,ACT,Keith Traylor,Byron,Traylor,1969-09-03,74,260,,00-0016599,,,,,,,,,,"https://static.www.nfl.com/image/private/f_auto,q_auto/league/egzatbbyeaaeomv3u1yk",TRA557521,,32005452-4155-7521-703e-13051cc886ff,,,
1997,OAK,OL,G,62,ACT,Adam Treu,Adam,Treu,1974-06-24,77,304,,00-0016610,,,,,,,,,,"https://static.www.nfl.com/image/private/f_auto,q_auto/league/dj3lbiio6otba1mzawgy",TRE780748,,32005452-4578-0748-7de1-f3175f2030c8,,,
1997,CIN,OL,C,59,ACT,Greg Truitt,Gregory,Truitt,1965-12-08,72,235,,00-0016632,,,,,,,,,,"https://static.www.nfl.com/image/private/f_auto,q_auto/league/sbrphisxelguk4byehf4",TRU465653,,32005452-5546-5653-7f2e-7155d14a4d23,,,
1997,OAK,WR,WR,88,ACT,Olanda Truitt,Olanda,Truitt,1971-01-04,72,195,,00-0016634,,,,,,,,,,"https://static.www.nfl.com/image/private/f_auto,q_auto/league/tfylnckhkf0xnfnoxpaz",TRU483935,,32005452-5548-3935-f0f5-19071f832849,,,
1997,JAX,DL,NT,93,ACT,Esera Tuaolo,Esera,Tuaolo,1968-07-11,74,272,,00-0016643,,,,,,,,,,"https://static.www.nfl.com/image/private/f_auto,q_auto/league/yh29x3q6dyhnwjbxmqa6",TUA316411,,32005455-4131-6411-97c2-327fc8780f79,,,
1997,NO,LB,MLB,54,ACT,Winfred Tubbs,Winfred,Tubbs,1970-09-24,76,250,,00-0016647,,,,,,,,,,"https://static.www.nfl.com/image/private/f_auto,q_auto/league/o7nkhwwxvdi4uzfemuyv",TUB427291,,32005455-4242-7291-70f7-54fe1a1ebac2,,,
1997,STL,OL,C,50,ACT,Ryan Tucker,Ryan,Tucker,1975-06-12,77,285,,00-0016660,,,,,,,,,,"https://static.www.nfl.com/image/private/f_auto,q_auto/league/vjjnmzgyval6aoqcqau8",TUC287361,,32005455-4328-7361-f54e-f13464c38a12,,,
1997,ATL,LB,MLB,58,ACT,Jessie Tuggle,Jessie,Tuggle,1965-04-04,71,230,,00-0016667,,,,,,,,,,"https://static.www.nfl.com/image/private/f_auto,q_auto/league/a4uari1ibbt5ekk7q6dc",TUG415290,,32005455-4741-5290-f1fb-a735d191fb47,,,
1997,DAL,OL,OT,71,ACT,Mark Tuinei,Mark,Tuinei,1960-03-31,77,314,,00-0016673,,,,,,,,,,"https://static.www.nfl.com/image/private/f_auto,q_auto/league/oozrmjs8rmzu1dyxqrsh",TUI498348,,32005455-4949-8348-1d81-80d78dfcb075,,,
1997,SD,DL,DE,91,ACT,Van Tuinei,Vaega,Tuinei,1971-02-16,76,275,,00-0016674,,,,,,,,,,"https://static.www.nfl.com/image/private/f_auto,q_auto/league/nuiqmvgdjvwfqlxhq4su",TUI675714,,32005455-4967-5714-22a4-b18fd6a25e66,,,
1997,CIN,LB,ILB,53,RES,Tom Tumulty,Thomas,Tumulty,1973-02-11,75,242,,00-0016680,,,,,,,,,,"https://static.www.nfl.com/image/private/f_auto,q_auto/league/klu4oeznfocgjgnudqwx",TUM652601,,32005455-4d65-2601-c23e-2173bdbef116,,,
1997,NE,QB,QB,19,ACT,Tom Tupa,Joseph,Tupa,1966-02-06,76,220,,00-0016683,,,,,,,,,,"https://static.www.nfl.com/image/private/f_auto,q_auto/league/aivrd7oomnnawbdnuq8w",TUP276861,,32005455-5027-6861-a536-8bc0f9b88d85,,,
1997,WAS,OL,C,66,ACT,Dan Turk,Daniel,Turk,1962-06-25,76,290,,00-0016686,,,,,,,,,,"https://static.www.nfl.com/image/private/f_auto,q_auto/league/ji5zil7xpgr9elbtciuk",TUR036112,,32005455-5203-6112-a969-0f17d8488c8c,,,
1997,WAS,SPEC,P,1,ACT,Matt Turk,Matt,Turk,1968-06-16,77,237,,00-0016689,,,,,,,,,,"https://static.www.nfl.com/image/private/f_auto,q_auto/league/g9hjqcjp518hlr6albuw",TUR063196,,32005455-5206-3196-1733-d7cfdcac9b9f,,,
1997,CAR,LB,LB,97,ACT,Renaldo Turnbull,Renaldo,Turnbull,1966-01-05,76,250,,00-0016693,,,,,,,,,,"https://static.www.nfl.com/image/private/f_auto,q_auto/league/lbhniygqzjkdcgrxohs3",TUR144448,,32005455-5214-4448-fb8b-bfef677ae71f,,,
1997,OAK,DB,FS,42,ACT,Eric Turner,Eric,Turner,1968-09-20,73,207,,00-0016710,,,,,,,,,,"https://static.www.nfl.com/image/private/f_auto,q_auto/league/me7jvenediabmflabmhw",TUR297924,,32005455-5229-7924-50a2-094ce26e3306,,,
1997,PHI,RB,FB,34,ACT,Kevin Turner,Paul,Turner,1969-06-12,73,231,,00-0016723,,,,,,,,,,"https://static.www.nfl.com/image/private/f_auto,q_auto/league/cdln6xjebygvhsbd8t8x",TUR637978,,32005455-5263-7978-4c91-3be890ee37df,,,
1997,WAS,DB,DB,29,RES,Scott Turner,Eric,Turner,1972-02-26,70,180,,00-0016739,,,,,,,,,,"https://static.www.nfl.com/image/private/f_auto,q_auto/league/jrvul7jo3k5uuyr6m5zm",TUR302438,,32005455-5230-2438-83ee-d8e8206280fe,,,
1997,SEA,SPEC,P,14,RES,Rick Tuten,Richard,Tuten,1965-01-05,74,221,,00-0016753,,,,,,,,,,"https://static.www.nfl.com/image/private/f_auto,q_auto/league/dcfh18x0mjydngqfs8lk",TUT138430,,32005455-5413-8430-6ac2-01ea10cc4cac,,,
1997,NO,WR,WR,86,ACT,Gunnard Twynner,Gunnard,Twynner,1973-07-14,70,170,,00-0016762,,,,,,,,,,"https://static.www.nfl.com/image/private/f_auto,q_auto/league/edaq7bdie1qjblgdgmwk",TWY444955,,32005457-5944-4955-db36-fcba89e039b8,,,
1997,CIN,WR,WR,83,TRC,Gunnard Twynner,Gunnard,Twynner,1973-07-14,70,170,,00-0016762,,,,,,,,,,"https://static.www.nfl.com/image/private/f_auto,q_auto/league/edaq7bdie1qjblgdgmwk",TWY444955,,32005457-5944-4955-db36-fcba89e039b8,,,
1997,JAX,OL,G,76,ACT,Rich Tylski,Richard,Tylski,1971-02-27,77,309,,00-0016771,,,,,,,,,,"https://static.www.nfl.com/image/private/f_auto,q_auto/league/dwtvasyaehlwgw411sqr",TYL787434,,32005459-4c78-7434-c375-aee268834925,,,
1997,WAS,OL,C,55,ACT,Jeff Uhlenhake,Jeffrey,Uhlenhake,1966-01-28,75,291,,00-0016781,,,,,,,,,,"https://static.www.nfl.com/image/private/f_auto,q_auto/league/iap9jal78cu0a2qd2ika",UHL415291,,32005548-4c41-5291-7278-7e271d3e79ba,,,
1997,MIN,LB,LB,54,ACT,Artie Ulmer,Charles,Ulmer,1973-07-30,74,239,,00-0016782,,,,,,,,,,"https://static.www.nfl.com/image/private/f_auto,q_auto/league/kfhu4ois69coocchg4hh",ULM403291,,3200554c-4d40-3291-4e65-9e106105c416,,,
1997,PHI,OL,C,68,ACT,Morris Unutoa,Morris,Unutoa,1971-03-10,73,280,,00-0016795,,,,,,,,,,"https://static.www.nfl.com/image/private/f_auto,q_auto/league/cbrjwhgzaajxersvosrf",UNU622937,,3200554e-5562-2937-9ee8-a145ff7a13de,,,
1997,SEA,LB,LB,53,ACT,Eric Unverzagt,Eric,Unverzagt,1972-12-18,73,241,,00-0016796,,,,,,,,,,"https://static.www.nfl.com/image/private/f_auto,q_auto/league/ollrt0qjszsixxzqt6dp",UNV177981,,3200554e-5617-7981-eee0-ca5320040dd3,,,
1997,TB,DL,DE,91,ACT,Regan Upshaw,Regan,Upshaw,1975-08-12,76,268,,00-0016802,,,,,,,,,,"https://static.www.nfl.com/image/private/f_auto,q_auto/league/zqp7tqwwgnc1k5p3g7b4",UPS564972,,32005550-5356-4972-e544-e7097a317829,,,
1997,SF,WR,WR,89,ACT,Iheanyi Uwaezuoke,Iheanyi,Uwaezuoke,1973-07-24,74,195,,00-0016811,,,,,,,,,,"https://static.www.nfl.com/image/private/f_auto,q_auto/league/famfoepa8zlu9oug8xgj",UWA177981,,32005557-4117-7981-2425-1770ee3af192,,,
1997,NYJ,WR,WR,86,ACT,Alex Van Dyke,Franklin,Van Dyke,1974-07-24,72,205,,00-0016821,,,,,,,,,,"https://static.www.nfl.com/image/private/f_auto,q_auto/league/kpokyigoi0myhcgqgsth",VAN492172,,32005641-4e49-2172-802a-13b9862d578a,,,
1997,CAR,DB,DB,33,CUT,Eric Vance,Eric,Vance,1975-07-14,74,215,,00-0016824,,,,,,,,,,"https://static.www.nfl.com/image/private/f_auto,q_auto/league/jefqmilwpfggh3dnwtb1",VAN325496,,32005641-4e32-5496-5976-030835486474,,,
1997,KC,WR,WR,87,ACT,Tamarick Vanover,Tamarick,Vanover,1974-02-25,71,218,,00-0016837,,,,,,,,,,"https://static.www.nfl.com/image/private/f_auto,q_auto/league/zknbzvauipnsb0g4kqs9",VAN662216,,32005641-4e66-2216-9a2e-492018799ed3,,,
1997,BUF,QB,QB,10,ACT,Alex Van Pelt,Gregory,Van Pelt,1970-05-01,73,220,,00-0016838,,,,,,,,,,"https://static.www.nfl.com/image/private/f_auto,q_auto/league/y2ft15ayxhlqlzhuc1w9",VAN706388,,32005641-4e70-6388-b1a4-b31e235c6647,,,
1997,DET,RB,FB,44,ACT,Tommy Vardell,Thomas,Vardell,1969-02-20,73,230,,00-0016842,,,,,,,,,,"https://static.www.nfl.com/image/private/f_auto,q_auto/league/ceda4n4hkaigsung1g7x",VAR249174,,32005641-5224-9174-d6d8-f7c95f854ce2,,,
1997,DAL,DB,DB,37,RES,Lee Vaughn,Lee,Vaughn,1974-11-27,71,184,,00-0016856,,,,,,,,,,"https://static.www.nfl.com/image/private/f_auto,q_auto/league/tiwa9y8r2noffp8e9owd",VAU465124,,32005641-5546-5124-3adb-3c0354044f0d,,,
1997,DEN,DB,DB,32,ACT,Tony Veland,Tony,Veland,1973-03-11,73,205,,00-0016871,,,,,,,,,,"https://static.www.nfl.com/image/private/f_auto,q_auto/league/c4dpchmpuzpi5wr5jnnz",VEL042593,,32005645-4c04-2593-f872-60dcb560bb74,,,
1997,GB,OL,OT,78,ACT,Ross Verba,Ross,Verba,1973-10-31,76,299,,00-0016878,,,,,,,,,,"https://static.www.nfl.com/image/private/f_auto,q_auto/league/tr9mjbggr65nliqnhviu",VER055371,,32005645-5205-5371-9ead-1c48938a46f5,,,
1997,NO,OL,G,66,ACT,Mike Verstegen,Michael,Verstegen,1971-10-24,78,311,,00-0016894,,,,,,,,,,"https://static.www.nfl.com/image/private/f_auto,q_auto/league/e1bnq9mes3zzxju1qduc",VER659509,,32005645-5265-9509-162b-ac4f79de0f51,,,
1997,IND,OL,G,71,ACT,Kipp Vickers,Kipp,Vickers,1969-08-27,74,303,,00-0016906,,,,,,,,,,"https://static.www.nfl.com/image/private/f_auto,q_auto/league/bm5hy2op2994nitcujvg",VIC636435,,32005649-4363-6435-1e9d-87e7b7d81887,,,
1997,NE,OL,OT,75,ACT,Danny Villa,Daniel,Villa,1964-09-21,77,304,,00-0016911,,,,,,,,,,"https://static.www.nfl.com/image/private/f_auto,q_auto/league/gs5e6iqfdsgziwewmcdl",VIL138430,,32005649-4c13-8430-2ffa-858d9ad88303,,,
1997,CHI,OL,C,58,ACT,Chris Villarrial,Christopher,Villarrial,1973-06-09,76,305,,00-0016916,,,,,,,,,,"https://static.www.nfl.com/image/private/f_auto,q_auto/league/chyqqohnupo43cqufevi",VIL566470,,32005649-4c56-6470-85d8-c1c5737d6f51,,,
1997,NE,SPEC,K,4,ACT,Adam Vinatieri,Adam,Vinatieri,1972-12-28,72,200,South Dakota State,00-0016919,1097,9ecf8040-10f9-4a5c-92da-1b4d77bd6760,3727,395,226,,3258,120,1,"https://static.www.nfl.com/image/private/f_auto,q_auto/league/imfj1hl4kob4jof8hcwa",VIN196019,21213,32005649-4e19-6019-e626-0b58f9aa81e1,1996,1996,
1997,PHI,DB,CB,23,ACT,Troy Vincent,Troy,Vincent,1970-06-08,72,195,,00-0016924,,,,,,,,,,"https://static.www.nfl.com/image/private/f_auto,q_auto/league/u3htv6dxzksdvzhic6xw",VIN424728,,32005649-4e42-4728-7813-18815d738411,,,
1997,BAL,RB,RB,44,ACT,Tony Vinson,Anthony,Vinson,1971-03-13,73,229,,00-0016931,,,,,,,,,,"https://static.www.nfl.com/image/private/f_auto,q_auto/league/pd7pjohj85bmjc2tza5a",VIN555054,,32005649-4e55-5054-5dc9-f3f9b0a593d1,,,
1997,IND,LB,LB,51,ACT,Scott Von der Ahe,Scott,Von der Ahe,1975-10-12,71,242,,00-0016955,,,,,,,,,,"https://static.www.nfl.com/image/private/f_auto,q_auto/league/lfdd9clykkqi4yp5zowj",VON069214,,3200564f-4e06-9214-ed8e-04077607677f,,,
1997,CIN,DL,NT,67,ACT,Kimo von Oelhoffen,Kimo,von Oelhoffen,1971-01-30,76,300,,00-0016956,,,,,,,,,,"https://static.www.nfl.com/image/private/f_auto,q_auto/league/jedad1crk6mu10vkhmaj",VON221488,,3200564f-4e22-1488-f980-8c2faa904183,,,
1997,PIT,DL,DE,96,ACT,Mike Vrabel,Michael,Vrabel,1975-08-14,76,245,,00-0016960,,,,,,,,,,"https://static.www.nfl.com/image/private/f_auto,q_auto/league/d2kwhcvh7tixbt6sqfnv",VRA088990,,32005652-4108-8990-7c79-15aec4bbb157,,,
1997,MIA,TE,TE,82,RES,Frank Wainright,Frank,Wainright,1967-10-10,74,250,,00-0016993,,,,,,,,,,"https://static.www.nfl.com/image/private/f_auto,q_auto/league/c2w4lhzhlysopbmeuhev",WAI152616,,32005741-4915-2616-e289-ccaf79cda054,,,
1997,DET,DL,DE,93,RES,Kerwin Waldroup,Kerwin,Waldroup,1974-08-01,75,260,,00-0017004,,,,,,,,,,"https://static.www.nfl.com/image/private/f_auto,q_auto/league/ndx47hrh5dxrbcavgrsw",WAL045919,,32005741-4c04-5919-3b3c-43050dc8deda,,,
1997,MIA,DB,DB,26,RES,Bracy Walker,Bracy,Walker,1970-10-28,72,200,,00-0017012,,,,,,,,,,"https://static.www.nfl.com/image/private/f_auto,q_auto/league/lkqdafutcedtn3k6zqxd",WAL081856,,32005741-4c08-1856-3f6f-e18ee17c358a,,,
1997,WAS,DB,DB,45,TRC,Brian Walker,Brian,Walker,1972-05-31,73,193,,00-0017013,,,,,,,,,,"https://static.www.nfl.com/image/private/f_auto,q_auto/league/mtw3jjyd5s48norfpb3j",WAL082654,,32005741-4c08-2654-c359-fd7c7711526d,,,
1997,MIA,DB,DB,31,ACT,Brian Walker,Brian,Walker,1972-05-31,73,193,,00-0017013,,,,,,,,,,"https://static.www.nfl.com/image/private/f_auto,q_auto/league/mtw3jjyd5s48norfpb3j",WAL082654,,32005741-4c08-2654-c359-fd7c7711526d,,,
1997,PHI,RB,RB,29,RES,Corey Walker,Corey,Walker,1973-06-04,70,188,,00-0017022,,,,,,,,,,"https://static.www.nfl.com/image/private/f_auto,q_auto/league/vtvvzspspqb2rmwlo6jb",WAL112802,,32005741-4c11-2802-b939-d07f75ca6a5b,,,
1997,SF,DB,CB,38,ACT,Darnell Walker,Darnell,Walker,1970-01-17,68,168,,00-0017023,,,,,,,,,,"https://static.www.nfl.com/image/private/f_auto,q_auto/league/jqsx5bxcitcb6zjqia43",WAL113800,,32005741-4c11-3800-de9f-62f0bbd1f823,,,
1997,TEN,DB,CB,25,ACT,Denard Walker,Denard,Walker,1973-08-09,73,187,,00-0017026,,,,,,,,,,"https://static.www.nfl.com/image/private/f_auto,q_auto/league/tm33z04ha95w9dkonwxm",WAL116795,,32005741-4c11-6795-30aa-1206888bb45c,,,
1997,KC,TE,TE,82,ACT,Derrick Walker,Derrick,Walker,1967-06-22,72,246,,00-0017027,,,,,,,,,,"https://static.www.nfl.com/image/private/f_auto,q_auto/league/adkpp28ll3tfwzmxgjzk",WAL119790,,32005741-4c11-9790-b6ed-d07f1eb57e35,,,
1997,TEN,DL,DT,96,ACT,Gary Walker,Gary,Walker,1973-02-28,74,285,,00-0017033,,,,,,,,,,"https://static.www.nfl.com/image/private/f_auto,q_auto/league/fi6einctunxdsg7lpvua",WAL163713,,32005741-4c16-3713-d77d-21d3b104fc6e,,,
1997,DAL,RB,FB,34,ACT,Herschel Walker,Herschel,Walker,1962-03-03,73,225,,00-0017035,,,,,,,,,,"https://static.www.nfl.com/image/private/f_auto,q_auto/league/fmo3jgdy7ll2jwhih9ml",WAL191664,,32005741-4c19-1664-b438-5937b638057d,,,
1997,STL,DB,CB,38,CUT,Marquis Walker,Marquis,Walker,1972-06-06,70,180,,00-0017052,,,,,,,,,,"https://static.www.nfl.com/image/private/f_auto,q_auto/league/tqzu4ykusipc1aprpawj",WAL275517,,32005741-4c27-5517-704b-ffe00c5ab915,,,
1997,OAK,LB,LB,59,ACT,Aaron Wallace,Aaron,Wallace,1967-04-17,75,240,,00-0017076,,,,,,,,,,"https://static.www.nfl.com/image/private/f_auto,q_auto/league/n9eyvkgeb7mgssxowte0",WAL399300,,32005741-4c39-9300-71a2-46245c371e0e,,,
1997,PHI,DL,DE,96,ACT,Al Wallace,Alonzo,Wallace,1974-03-25,77,243,,00-0017077,,,,,,,,,,"https://static.www.nfl.com/image/private/f_auto,q_auto/league/fspf0jeqqzvivdzoo8gm",WAL402678,,32005741-4c40-2678-b487-47c0cda31352,,,
1997,KC,OL,OT,74,ACT,Steve Wallace,Barron,Wallace,1964-12-27,76,302,,00-0017094,,,,,,,,,,"https://static.www.nfl.com/image/private/f_auto,q_auto/league/wwoczrmj3ql3nemlbo5c",WAL407286,,32005741-4c40-7286-40ad-2f381e5015e6,,,
1997,STL,LB,LB,53,ACT,Brett Wallerstedt,Brett,Wallerstedt,1970-11-24,73,240,,00-0017097,,,,,,,,,,"https://static.www.nfl.com/image/private/f_auto,q_auto/league/w9df4jbrichfpfbjej4p",WAL523083,,32005741-4c52-3083-dd99-8452c5c45387,,,
1997,CAR,TE,TE,85,ACT,Wesley Walls,Charles,Walls,1966-02-26,77,250,,00-0017109,,,,,,,,,,"https://static.www.nfl.com/image/private/f_auto,q_auto/league/vl5gpjoslpkcomu9ulvw",WAL531069,,32005741-4c53-1069-cbc6-6743fe9b4bc9,,,
1997,MIN,WR,WR,81,ACT,Chris Walsh,Christopher,Walsh,1968-12-12,73,198,,00-0017110,,,,,,,,,,"https://static.www.nfl.com/image/private/f_auto,q_auto/league/t6xsje4cw1bvt4gnyble",WAL586971,,32005741-4c58-6971-2a60-7fb0d497f325,,,
1997,TB,QB,QB,4,ACT,Steve Walsh,Steven,Walsh,1966-12-01,75,215,,00-0017121,,,,,,,,,,"https://static.www.nfl.com/image/private/f_auto,q_auto/league/yt81jzksz5lhcrfjsibt",WAL606936,,32005741-4c60-6936-7b47-d6390f06e171,,,
1997,CIN,OL,OT,63,CUT,Joe Walter,Joseph,Walter,1963-06-18,79,292,,00-0017124,,,,,,,,,,"https://static.www.nfl.com/image/private/f_auto,q_auto/league/mfrqltjlsrr83kkyrysw",WAL646866,,32005741-4c64-6866-f097-d6e42d381e7f,,,
1997,CAR,SPEC,P,13,ACT,Ken Walter,Kenneth,Walter,1972-08-15,73,195,,00-0017127,,,,,,,,,,"https://static.www.nfl.com/image/private/f_auto,q_auto/league/o92sx3is6erffc5cmxek",WAL649528,,32005741-4c64-9528-463a-c2c46d59abf3,,,
1997,BAL,DL,DE,95,ACT,Chris Ward,Christopher,Ward,1974-02-04,75,271,,00-0017157,,,,,,,,,,"https://static.www.nfl.com/image/private/f_auto,q_auto/league/q4fjvnazgcsuyxhwxfhg",WAR078428,,32005741-5207-8428-55ba-57489db15abf,,,
1997,NYJ,WR,WR,89,ACT,Dedric Ward,Dedric,Ward,1974-09-29,69,180,,00-0017160,,,,,,,,,,"https://static.www.nfl.com/image/private/f_auto,q_auto/league/durqveh9ccz9lxmpmsgy",WAR142070,,32005741-5214-2070-d6d7-045b64011f8b,,,
1997,IND,LB,LB,51,CUT,Phillip Ward,Phillip,Ward,1974-12-01,74,235,,00-0017169,,,,,,,,,,"https://static.www.nfl.com/image/private/f_auto,q_auto/league/cglrdut97xek7yg4dpgd",WAR246671,,32005741-5224-6671-6a8e-3b2508b8a010,,,
1997,MIA,LB,LB,55,RES,Ronnie Ward,Rodney,Ward,1974-02-11,72,232,,00-0017172,,,,,,,,,,"https://static.www.nfl.com/image/private/f_auto,q_auto/league/bmlsciw8vosbvulz3ulg",WAR252916,,32005741-5225-2916-1e07-57801d49aca2,,,
1997,SEA,RB,RB,42,ACT,Chris Warren,Christopher,Warren,1968-01-24,74,225,,00-0017209,,,,,,,,,,"https://static.www.nfl.com/image/private/f_auto,q_auto/league/hktpdynqgjqdtvkeclhe",WAR590139,,32005741-5259-0139-e14d-0e7ad5bde6c2,,,
1997,IND,RB,RB,21,ACT,Lamont Warren,Lamont,Warren,1973-01-04,71,214,,00-0017218,,,,,,,,,,"https://static.www.nfl.com/image/private/f_auto,q_auto/league/cfkgqfwimsioqigugd9p",WAR692138,,32005741-5269-2138-cbbd-83a2dcc87397,,,
1997,MIN,DB,CB,20,ACT,Dewayne Washington,Dewayne,Washington,1972-12-27,71,192,,00-0017241,,,,,,,,,,"https://static.www.nfl.com/image/private/f_auto,q_auto/league/yya0lttvj5ypik9s28cp",WAS220470,,32005741-5322-0470-33b3-05dcf9de8daf,,,
1997,BAL,DL,DE,93,ACT,Keith Washington,Keith,Washington,1972-12-18,76,268,,00-0017255,,,,,,,,,,"https://static.www.nfl.com/image/private/f_auto,q_auto/league/waiioz2xkqoppfvzniox",WAS483081,,32005741-5348-3081-95b5-60a80bdd029c,,,
1997,OAK,DB,DB,23,ACT,Lionel Washington,Lionel,Washington,1960-10-21,72,185,,00-0017256,,,,,,,,,,"https://static.www.nfl.com/image/private/f_auto,q_auto/league/qt1y6himlxnfozdekhvl",WAS511128,,32005741-5351-1128-3896-f6a5bbe17ac4,,,
1997,SF,DL,DE,95,RES,Marvin Washington,Marvin,Washington,1965-10-22,78,285,,00-0017259,,,,,,,,,,"https://static.www.nfl.com/image/private/f_auto,q_auto/league/npxjzjkuxog9qkfngghy",WAS553722,,32005741-5355-3722-bb0b-63e1e41d35f1,,,
1997,NO,DB,DB,26,ACT,Mickey Washington,Mickey,Washington,1968-07-08,69,195,,00-0017261,,,,,,,,,,"https://static.www.nfl.com/image/private/f_auto,q_auto/league/vgqj1lt0cmxfacxsutnq",WAS575019,,32005741-5357-5019-43e1-1d62bff0919e,,,
1997,BUF,DL,NT,92,ACT,Ted Washington,Theodore,Washington,1968-04-13,77,325,,00-0017277,,,,,,,,,,"https://static.www.nfl.com/image/private/f_auto,q_auto/league/batfg6zrlpqzlvmfbqsa",WAS737895,,32005741-5373-7895-c07c-af2aa86aaf8e,,,
1997,PHI,DB,DB,33,CUT,Tim Watson,James,Watson,1970-08-13,74,221,,00-0017316,,,,,,,,,,"https://static.www.nfl.com/image/private/f_auto,q_auto/league/zmkpbc9i9vwag9nloibu",WAT400176,,32005741-5440-0176-aa50-434a9a0c56f0,,,
1997,PHI,RB,RB,32,ACT,Ricky Watters,Richard,Watters,1969-04-07,73,217,,00-0017322,,,,,,,,,,"https://static.www.nfl.com/image/private/f_auto,q_auto/league/nhugmp8lmkxyewbrfebd",WAT645960,,32005741-5464-5960-8fab-76aa4f4409f1,,,
1997,IND,DB,CB,36,RES,Damon Watts,Damon,Watts,1972-04-08,70,190,,00-0017326,,,,,,,,,,"https://static.www.nfl.com/image/private/f_auto,q_auto/league/gkhccwelp1psyu8tweeq",WAT688495,,32005741-5468-8495-b001-5d6af976e0d7,,,
1997,NYG,RB,FB,30,ACT,Charles Way,Charles,Way,1972-12-27,72,247,,00-0017337,,,,,,,,,,"https://static.www.nfl.com/image/private/f_auto,q_auto/league/g8yxh9aiyqxaueuslbmc",WAY215145,,32005741-5921-5145-81b5-c1e3a4ed26b4,,,
1997,MIA,OL,OT,78,ACT,Richmond Webb,Richmond,Webb,1967-01-11,78,320,,00-0017370,,,,,,,,,,"https://static.www.nfl.com/image/private/f_auto,q_auto/league/zctjww4mvehk9rmqw1bw",WEB264271,,32005745-4226-4271-1527-b596e272790f,,,
1997,BAL,DL,DT,79,ACT,Larry Webster,Larry,Webster,1969-01-18,77,288,,00-0017378,,,,,,,,,,"https://static.www.nfl.com/image/private/f_auto,q_auto/league/g9anupouythjcxi4quzn",WEB736183,,32005745-4273-6183-ef2a-328561159be8,,,
1997,SD,QB,QB,8,ACT,Casey Weldon,William,Weldon,1969-02-03,73,203,,00-0017415,,,,,,,,,,"https://static.www.nfl.com/image/private/f_auto,q_auto/league/tvwz7qljivozzmydzmu5",WEL205052,,32005745-4c20-5052-374a-b595a1e05961,,,
1997,SEA,LB,MLB,95,ACT,Dean Wells,Donald,Wells,1970-07-20,75,244,,00-0017421,,,,,,,,,,"https://static.www.nfl.com/image/private/f_auto,q_auto/league/rr9j1pcmqqe8ttmx2zo4",WEL367828,,32005745-4c36-7828-82fb-b21e11cd0d0e,,,
1997,DET,DL,NT,95,ACT,Mike Wells,Michael,Wells,1971-01-06,75,287,,00-0017428,,,,,,,,,,"https://static.www.nfl.com/image/private/f_auto,q_auto/league/kyvtu9rnof2pgxqpypq5",WEL493548,,32005745-4c49-3548-7783-7d0499429752,,,
1997,IND,OL,OT,72,ACT,Derek West,Derek,West,1972-03-28,80,303,,00-0017450,,,,,,,,,,"https://static.www.nfl.com/image/private/f_auto,q_auto/league/pmwpnrmmc1ls56mq1ynb",WES205802,,32005745-5320-5802-85e5-b668c8dba66a,,,
1997,ATL,TE,TE,83,RES,Ed West,Edward,West,1961-08-02,73,250,,00-0017452,,,,,,,,,,"https://static.www.nfl.com/image/private/f_auto,q_auto/league/tiztplomwmzyqvdjnici",WES221488,,32005745-5322-1488-af89-7a6e7c97bbf8,,,
1997,DET,DB,CB,32,ACT,Bryant Westbrook,Bryant,Westbrook,1974-12-19,72,199,,00-0017467,,,,,,,,,,"https://static.www.nfl.com/image/private/f_auto,q_auto/league/cv2nkwoud5noqc2waaoc",WES544720,,32005745-5354-4720-f673-825478754cbc,,,
1997,WAS,WR,WR,82,ACT,Michael Westbrook,Michael,Westbrook,1972-07-07,75,220,,00-0017470,,,,,,,,,,"https://static.www.nfl.com/image/private/f_auto,q_auto/league/mrxgnm1nifgvippfx1fu",WES562720,,32005745-5356-2720-c073-f000a6c291b3,,,
1997,CHI,TE,TE,89,ACT,Ryan Wetnight,Ryan,Wetnight,1970-11-05,74,235,,00-0017480,,,,,,,,,,"https://static.www.nfl.com/image/private/f_auto,q_auto/league/jsrsnno7agpxs7eu3ofr",WET111238,,32005745-5411-1238-1077-dd13c11ff972,,,
1997,NYG,RB,RB,28,ACT,Tyrone Wheatley,Tyrone,Wheatley,1972-01-19,72,230,,00-0017486,,,,,,,,,,"https://static.www.nfl.com/image/private/f_auto,q_auto/league/smwuwye6q5fxpskqc5kk",WHE081965,,32005748-4508-1965-8963-2f92d13feabe,,,
1997,DAL,DB,DB,30,ACT,Kenny Wheaton,Kenneth,Wheaton,1975-03-08,70,190,,00-0017487,,,,,,,,,,"https://static.www.nfl.com/image/private/f_auto,q_auto/league/lt0vhsdmlep560gtqt8d",WHE094715,,32005748-4509-4715-9d97-b4595d2acada,,,
1997,MIN,DB,DB,37,ACT,Leonard Wheeler,Leonard,Wheeler,1969-01-15,72,198,,00-0017490,,,,,,,,,,"https://static.www.nfl.com/image/private/f_auto,q_auto/league/hhs32vowtfde7kjpf1pa",WHE311467,,32005748-4531-1467-3e08-efbe30f4ae5a,,,
1997,NE,DL,DT,97,ACT,Mark Wheeler,Mark,Wheeler,1970-04-01,75,285,,00-0017492,,,,,,,,,,"https://static.www.nfl.com/image/private/f_auto,q_auto/league/peacptwy0tnl3hmvipy6",WHE408540,,32005748-4540-8540-6592-a7717253353c,,,
1997,SD,QB,QB,5,ACT,Craig Whelihan,Craig,Whelihan,1971-04-15,77,220,,00-0017497,,,,,,,,,,"https://static.www.nfl.com/image/private/f_auto,q_auto/league/no123axcwoni3gmbxa4d",WHE769802,,32005748-4576-9802-3a15-a0892cd3c563,,,
1997,NE,DB,DB,25,ACT,Larry Whigham,Larry,Whigham,1972-06-23,74,205,,00-0017501,,,,,,,,,,"https://static.www.nfl.com/image/private/f_auto,q_auto/league/k86eyibrx3fwxiosum7p",WHI003928,,32005748-4900-3928-4ee5-3f6b802f1a47,,,
1997,JAX,LB,LB,95,ACT,Jose White,Jose,White,1973-03-02,75,274,,00-0017543,,,,,,,,,,"https://static.www.nfl.com/image/private/f_auto,q_auto/league/omoxwvqlsziv92xc6nfc",WHI312622,,32005748-4931-2622-8b94-282303189799,,,
1997,GB,DL,DE,92,ACT,Reggie White,Reginald,White,1961-12-19,77,304,,00-0017567,,,,,,,,,,"https://static.www.nfl.com/image/private/f_auto,q_auto/league/lfytkhrgngqi3bk0mlra",WHI419940,,32005748-4941-9940-3686-dbf50bb2db25,,,
1997,NYG,QB,QB,8,RES,Stan White,Stanley,White,1971-08-14,74,202,,00-0017575,,,,,,,,,,"https://static.www.nfl.com/image/private/f_auto,q_auto/league/zwbsmqcuoryl96w3dcmm",WHI517926,,32005748-4951-7926-171e-a2da33f25198,,,
1997,TB,DL,DE,94,ACT,Steve White,Stephen,White,1973-10-25,74,265,,00-0017576,,,,,,,,,,"https://static.www.nfl.com/image/private/f_auto,q_auto/league/v9sokq3tipoouosazric",WHI527070,,32005748-4952-7070-4410-1e619f830ead,,,
1997,ATL,DB,S,35,ACT,William White,William,White,1966-02-19,70,205,,00-0017583,,,,,,,,,,"https://static.www.nfl.com/image/private/f_auto,q_auto/league/z4t0bzezxpipd5tco4ax",WHI597248,,32005748-4959-7248-dc88-c2449984214c,,,
1997,ATL,OL,OT,70,ACT,Bob Whitfield,Robert,Whitfield,1971-10-18,77,310,,00-0017592,,,,,,,,,,"https://static.www.nfl.com/image/private/f_auto,q_auto/league/ulsni6kbnmeva3jghpyg",WHI657906,,32005748-4965-7906-c06e-e2ac03e6ca07,,,
1997,OAK,OL,C,66,ACT,Curtis Whitley,Curtis,Whitley,1969-05-10,73,295,,00-0017597,,,,,,,,,,"https://static.www.nfl.com/image/private/f_auto,q_auto/league/vejguqpiu6goq7j2yodm",WHI667238,,32005748-4966-7238-1fd0-f3ffd65ed645,,,
1997,OAK,OL,OT,78,ACT,Scott Whittaker,Scott,Whittaker,1974-05-07,79,300,,00-0017610,,,,,,,,,,"https://static.www.nfl.com/image/private/f_auto,q_auto/league/dssrrl7mevbfdco8mqns",WHI732562,,32005748-4973-2562-bd8b-aa8b245c1e55,,,
1997,IND,DL,DT,95,ACT,Bernard Whittington,Bernard,Whittington,1971-08-20,77,280,,00-0017619,,,,,,,,,,"https://static.www.nfl.com/image/private/f_auto,q_auto/league/tvzqrhf3poao36sfhxqw",WHI797886,,32005748-4979-7886-3cda-4548e3965a26,,,
1997,JAX,OL,C,79,ACT,Dave Widell,David,Widell,1965-05-14,79,316,,00-0017628,,,,,,,,,,"https://static.www.nfl.com/image/private/f_auto,q_auto/league/pjybmfmbdp7likfxvgf3",WID276860,,32005749-4427-6860-8f4f-0e4584dcb3a7,,,
1997,IND,OL,G,64,ACT,Doug Widell,Douglas,Widell,1966-09-23,76,296,,00-0017629,,,,,,,,,,"https://static.www.nfl.com/image/private/f_auto,q_auto/league/sagt1cgrj4wqjbvixtv5",WID415290,,32005749-4441-5290-7982-dcffa4c6755f,,,
1997,NYG,LB,MLB,90,ACT,Corey Widmer,Corey,Widmer,1968-12-25,75,256,,00-0017630,,,,,,,,,,"https://static.www.nfl.com/image/private/f_auto,q_auto/league/w6ummqetddsejwlb3sgm",WID632822,,32005749-4463-2822-5b31-e08345410ab9,,,
1997,STL,OL,G,72,ACT,Zach Wiegert,Zachary,Wiegert,1972-08-16,77,310,,00-0017637,,,,,,,,,,"https://static.www.nfl.com/image/private/f_auto,q_auto/league/ulkadge9lsv83ycrfvh7",WIE250808,,32005749-4525-0808-a94d-232d5155af6f,,,
1997,CHI,OL,C,60,ACT,Casey Wiegmann,Casey,Wiegmann,1973-07-20,75,290,,00-0017638,,,,,,,,,,"https://static.www.nfl.com/image/private/f_auto,q_auto/league/vnup94ht5ftcoixtqld9",WIE264308,,32005749-4526-4308-63eb-79ee177f9506,,,
1997,NYJ,OL,C,60,TRC,Casey Wiegmann,Casey,Wiegmann,1973-07-20,75,290,,00-0017638,,,,,,,,,,"https://static.www.nfl.com/image/private/f_auto,q_auto/league/vnup94ht5ftcoixtqld9",WIE264308,,32005749-4526-4308-63eb-79ee177f9506,,,
1997,PIT,OL,OT,79,ACT,Paul Wiggins,Paul,Wiggins,1973-08-17,75,305,,00-0017646,,,,,,,,,,"https://static.www.nfl.com/image/private/f_auto,q_auto/league/l2xer2t7ixnia4hggqny",WIG188616,,32005749-4718-8616-c97d-246df679c5df,,,
1997,BUF,DL,DE,75,ACT,Marcellus Wiley,Marcellus,Wiley,1974-11-30,76,271,,00-0017670,,,,,,,,,,"https://static.www.nfl.com/image/private/f_auto,q_auto/league/zxufen1rvhpry1tdxxnd",WIL056542,,32005749-4c05-6542-d7b7-562d5a09cd4f,,,
1997,CIN,QB,QB,4,CUT,Erik Wilhelm,Erik,Wilhelm,1965-11-19,75,217,,00-0017673,,,,,,,,,,"https://static.www.nfl.com/image/private/f_auto,q_auto/league/wxr77gux79rgylz8aw8f",WIL061389,,32005749-4c06-1389-3d1a-aac0b601d2ef,,,
1997,GB,OL,OT,64,ACT,Bruce Wilkerson,Bruce,Wilkerson,1964-07-28,77,310,,00-0017676,,,,,,,,,,"https://static.www.nfl.com/image/private/f_auto,q_auto/league/ib2cevfezza48cagdq9s",WIL067851,,32005749-4c06-7851-3586-f8f4ac8d028f,,,
1997,GB,DL,DE,98,ACT,Gabe Wilkins,Gabriel,Wilkins,1971-09-01,77,295,,00-0017691,,,,,,,,,,"https://static.www.nfl.com/image/private/f_auto,q_auto/league/e2z7mz5z96zinvm0sa7p",WIL086429,,32005749-4c08-6429-bdad-c9b3d422cf87,,,
1997,STL,SPEC,K,14,ACT,Jeff Wilkins,Jeffrey,Wilkins,1972-04-19,74,205,,00-0017693,,,,,,,,,,"https://static.www.nfl.com/image/private/f_auto,q_auto/league/j9mfe0hrl9pk1yhkv5f0",WIL088118,,32005749-4c08-8118-15e0-0a5c60d5e8e6,,,
1997,CIN,DL,DE,99,ACT,Dan Wilkinson,Daniel,Wilkinson,1973-03-13,77,313,,00-0017698,,,,,,,,,,"https://static.www.nfl.com/image/private/f_auto,q_auto/league/wbup7jkwot6qoydzmuoo",WIL098949,,32005749-4c09-8949-b1f5-db183d8412a7,,,
1997,ARI,DB,CB,35,ACT,Aeneas Williams,Aeneas,Williams,1968-01-29,71,190,,00-0017710,,,,,,,,,,"https://static.www.nfl.com/image/private/f_auto,q_auto/league/lb0rdmwckvdrjvm7w5ix",WIL133817,,32005749-4c13-3817-3bcd-229046983dd6,,,
1997,DEN,DL,DE,91,ACT,Alfred Williams,Alfred,Williams,1968-11-06,78,250,,00-0017712,,,,,,,,,,"https://static.www.nfl.com/image/private/f_auto,q_auto/league/usedp8sxkxp1acb9qvua",WIL136696,,32005749-4c13-6696-3788-21644aafa9d4,,,
1997,TEN,DB,DB,42,ACT,Armon Williams,Armon,Williams,1973-08-13,73,221,,00-0017718,,,,,,,,,,"https://static.www.nfl.com/image/private/f_auto,q_auto/league/beqahjmwwuntgzdcr2uo",WIL143779,,32005749-4c14-3779-b42a-d6ba676643b3,,,
1997,NYG,OL,C,59,RES,Brian Williams,Brian,Williams,1966-06-08,77,300,,00-0017735,,,,,,,,,,"https://static.www.nfl.com/image/private/f_auto,q_auto/league/tkrfeo5tpe90ssd81uhw",WIL168012,,32005749-4c16-8012-2f9b-7d4cfed25d99,,,
1997,GB,LB,OLB,51,ACT,Brian Williams,Brian,Williams,1972-12-17,73,240,,00-0017737,,,,,,,,,,"https://static.www.nfl.com/image/private/f_auto,q_auto/league/znxbp3vo10jnukqn9mmu",WIL165588,,32005749-4c16-5588-dc26-34a5431645bc,,,
1997,DAL,DB,DB,42,ACT,Charlie Williams,Charlie,Williams,1972-02-02,72,189,,00-0017750,,,,,,,,,,"https://static.www.nfl.com/image/private/f_auto,q_auto/league/gbmnkpvhy3ig0hev6ev0",WIL185190,,32005749-4c18-5190-3a1d-2d2b123dd967,,,
1997,IND,OL,OT,0,RES,Clay Williams,Clay,Williams,1973-05-06,78,295,,00-0017757,,,,,,,,,,"https://static.www.nfl.com/image/private/f_auto,q_auto/league/gj00mlxh7dwqcj5t17qf",WIL198706,,32005749-4c19-8706-3e46-91f119f45f87,,,
1997,KC,DL,DE,92,ACT,Dan Williams,Daniel,Williams,1969-12-15,76,290,,00-0017762,,,,,,,,,,"https://static.www.nfl.com/image/private/f_auto,q_auto/league/bdvvdrrgevqofnorgtmo",WIL207187,,32005749-4c20-7187-914f-e9e3dfeb2444,,,
1997,SEA,DB,FS,33,ACT,Darryl Williams,Darryl,Williams,1970-01-08,72,202,,00-0017766,,,,,,,,,,"https://static.www.nfl.com/image/private/f_auto,q_auto/league/ceiopwqeuqaalc0fdyyh",WIL207591,,32005749-4c20-7591-50de-1044c27be0d1,,,
1997,NYJ,OL,OT,73,ACT,David Williams,David,Williams,1966-06-21,77,300,,00-0017769,,,,,,,,,,"https://static.www.nfl.com/image/private/f_auto,q_auto/league/pfbvaraqo5m9w9nvlds3",WIL219708,,32005749-4c21-9708-49e5-f06b06c17d8b,,,
1997,DAL,OL,OT,79,ACT,Erik Williams,Erik,Williams,1968-09-07,78,328,,00-0017792,,,,,,,,,,"https://static.www.nfl.com/image/private/f_auto,q_auto/league/nutxwjzrs7sag5q1kztj",WIL270596,,32005749-4c27-0596-e0d9-dd76b5f3cf88,,,
1997,ATL,OL,G,69,ACT,Gene Williams,Eugene,Williams,1968-10-14,74,315,,00-0017796,,,,,,,,,,"https://static.www.nfl.com/image/private/f_auto,q_auto/league/xbgjxeqotl7yzuevrgdv",WIL276250,,32005749-4c27-6250-79a9-085fb131803c,,,
1997,CAR,DL,DE,98,TRD,Gerald Williams,Gerald,Williams,1963-09-08,75,290,,00-0017800,,,,,,,,,,"https://static.www.nfl.com/image/private/f_auto,q_auto/league/brrb0htx6t6pb9fzbb32",WIL297252,,32005749-4c29-7252-180c-b49cfeef428f,,,
1997,GB,DL,DE,96,CUT,Gerald Williams,Gerald,Williams,1963-09-08,75,290,,00-0017800,,,,,,,,,,"https://static.www.nfl.com/image/private/f_auto,q_auto/league/brrb0htx6t6pb9fzbb32",WIL297252,,32005749-4c29-7252-180c-b49cfeef428f,,,
1997,SD,DB,DB,23,ACT,Gerome Williams,Meltrix,Williams,1973-07-09,74,210,,00-0017803,,,,,,,,,,"https://static.www.nfl.com/image/private/f_auto,q_auto/league/aecbsy8x60b5jnezkrlh",WIL437800,,32005749-4c43-7800-398b-7a9951ec5b5c,,,
1997,SEA,OL,OT,79,ACT,Grant Williams,Grant,Williams,1974-05-10,79,323,,00-0017804,,,,,,,,,,"https://static.www.nfl.com/image/private/f_auto,q_auto/league/ivaujn4qkpvqx2wdqmu1",WIL302906,,32005749-4c30-2906-af5c-59ca3dcd9e8d,,,
1997,OAK,RB,RB,22,RES,Harvey Williams,Harvey,Williams,1967-04-22,74,225,,00-0017807,,,,,,,,,,"https://static.www.nfl.com/image/private/f_auto,q_auto/league/n9ji0r2hesiujqxqtiul",WIL305329,,32005749-4c30-5329-71be-32b04b10418e,,,
1997,WAS,DB,DB,22,ACT,Jamel Williams,Jamel,Williams,1973-12-22,71,205,,00-0017814,,,,,,,,,,"https://static.www.nfl.com/image/private/f_auto,q_auto/league/vcziep0rllt1rxxwuvm6",WIL331177,,32005749-4c33-1177-748e-c36cd36883bc,,,
1997,CHI,OL,OT,71,ACT,James O. Williams,James,Williams,1968-03-29,79,340,,00-0017821,,,,,,,,,,"https://static.www.nfl.com/image/private/f_auto,q_auto/league/gswyslag76kgp9zuxq4d",WIL344101,,32005749-4c34-4101-a34a-c1fd993d1a34,,,
1997,STL,DL,DE,96,ACT,Jay Williams,Jay,Williams,1971-10-13,75,280,,00-0017825,,,,,,,,,,"https://static.www.nfl.com/image/private/f_auto,q_auto/league/et48yvhnp0gkk2ftflne",WIL353794,,32005749-4c35-3794-34e8-13c0b0202369,,,
1997,BAL,DB,DB,36,ACT,John Williams,John,Williams,1974-07-26,67,165,,00-0017841,,,,,,,,,,"https://static.www.nfl.com/image/private/f_auto,q_auto/league/ejaqhcwld0ucsyhuvs2d",WIL384520,,32005749-4c38-4520-a177-4b54dec4a136,,,
1997,TB,WR,WR,86,ACT,Karl Williams,Karl,Williams,1971-04-10,70,163,,00-0017847,,,,,,,,,,"https://static.www.nfl.com/image/private/f_auto,q_auto/league/fxxpdof3sotnhaan83yo",WIL384583,,32005749-4c38-4583-a019-20aa25b607ba,,,
1997,ARI,WR,WR,82,ACT,Kevin R. Williams,Kevin,Williams,1971-01-25,69,195,,00-0017860,,,,,,,,,,"https://static.www.nfl.com/image/private/f_auto,q_auto/league/jruzmkaocqtyvynvs2rv",WIL414375,,32005749-4c41-4375-2104-a75a0967b223,,,
1997,MIN,RB,RB,21,ACT,Moe Williams,Maurece,Williams,1974-07-26,73,196,,00-0017892,,,,,,,,,,"https://static.www.nfl.com/image/private/f_auto,q_auto/league/qk6isd7zfj4mbmsn0nvb",WIL434569,,32005749-4c43-4569-b9a4-07b0f530a3cc,,,
1997,BUF,DL,DT,93,ACT,Pat Williams,Patrick,Williams,1972-10-24,75,270,,00-0017899,,,,,,,,,,"https://static.www.nfl.com/image/private/f_auto,q_auto/league/ehazrqey4rek2snraicn",WIL462033,,32005749-4c46-2033-4c7f-c7dc309b2b3a,,,
1997,DAL,RB,RB,20,ACT,Sherman Williams,Sherman,Williams,1973-08-13,68,202,,00-0017932,,,,,,,,,,"https://static.www.nfl.com/image/private/f_auto,q_auto/league/qbuytaqlditlumsxwxen",WIL523018,,32005749-4c52-3018-2f92-58d4b4668ea5,,,
1997,DAL,WR,WR,80,ACT,Stepfret Williams,Stepfret,Williams,1973-06-14,72,170,,00-0017934,,,,,,,,,,"https://static.www.nfl.com/image/private/f_auto,q_auto/league/m5qgeug56poyqdcg1k38",WIL527460,,32005749-4c52-7460-76e5-e40d1ce0e76a,,,
1997,MIN,DL,DT,94,ACT,Tony Williams,Tony,Williams,1975-07-09,73,288,,00-0017945,,,,,,,,,,"https://static.www.nfl.com/image/private/f_auto,q_auto/league/izzhqbjvtqipum82lwnx",WIL542808,,32005749-4c54-2808-c8d0-52704182308c,,,
1997,CHI,DL,DE,96,ACT,Tyrone M. Williams,Tyrone,Williams,1972-10-22,76,282,,00-0017947,,,,,,,,,,"https://static.www.nfl.com/image/private/f_auto,q_auto/league/f5j0tyz8jbx91onulqzo",WIL547654,,32005749-4c54-7654-a9a9-7ae1cf8ecd58,,,
1997,GB,DB,CB,37,ACT,Tyrone Williams,Upton,Williams,1973-05-31,71,195,,00-0017948,,,,,,,,,,"https://static.www.nfl.com/image/private/f_auto,q_auto/league/nclbwovgvlmiwoxtgqrt",WIL550885,,32005749-4c55-0885-1fb4-71529a88c815,,,
1997,BAL,OL,C,63,ACT,Wally Williams,Wally,Williams,1971-02-20,74,300,,00-0017954,,,,,,,,,,"https://static.www.nfl.com/image/private/f_auto,q_auto/league/ucbw2fy8kcw9awpjhytj",WIL557347,,32005749-4c55-7347-aa37-5ced4e104269,,,
1997,SEA,DB,CB,27,ACT,Willie Williams,Willie,Williams,1970-12-26,69,180,,00-0017961,,,,,,,,,,"https://static.www.nfl.com/image/private/f_auto,q_auto/league/h4rxqzqbeyrtgr1jc3be",WIL576733,,32005749-4c57-6733-e729-5676d212beaf,,,
1997,ATL,OL,OT,77,ACT,Matt Willig,Matthew,Willig,1969-01-21,79,317,,00-0017967,,,,,,,,,,"https://static.www.nfl.com/image/private/f_auto,q_auto/league/gl9bdwcqkfihrnynsxji",WIL593466,,32005749-4c59-3466-7151-8b8792001683,,,
1997,NO,OL,C,63,CUT,Donald Willis,Donald,Willis,1973-07-15,75,330,,00-0017972,,,,,,,,,,"https://static.www.nfl.com/image/private/f_auto,q_auto/league/m4xzxv2njlzxu1q9myzt",WIL599889,,32005749-4c59-9889-416a-ea49389e561e,,,
1997,PHI,LB,MLB,50,ACT,James Willis,James,Willis,1972-09-02,74,237,,00-0017975,,,,,,,,,,"https://static.www.nfl.com/image/private/f_auto,q_auto/league/pmp45gobaya5b479jvqv",WIL603550,,32005749-4c60-3550-5599-57bd8f425b14,,,
1997,IND,RB,RB,37,RES,Abu Wilson,Abu,Wilson,1973-01-02,72,214,,00-0017996,,,,,,,,,,"https://static.www.nfl.com/image/private/f_auto,q_auto/league/pzgap8whe43hs3pkiw4y",WIL647815,,32005749-4c64-7815-dbfa-c4b1609deb4b,,,
1997,CAR,OL,OT,73,ACT,Jamie Wilson,James,Wilson,1973-06-06,78,283,,00-0018033,,,,,,,,,,"https://static.www.nfl.com/image/private/f_auto,q_auto/league/cd9amzchttasbyalk46o",WIL720513,,32005749-4c72-0513-1805-d720b134a886,,,
1997,MIA,DB,DB,24,ACT,Jerry Wilson,Jerry,Wilson,1973-07-17,70,184,,00-0018036,,,,,,,,,,"https://static.www.nfl.com/image/private/f_auto,q_auto/league/wcgk2ef4gjrgyd1rytvz",WIL725359,,32005749-4c72-5359-6629-7afcd5a02aef,,,
1997,CIN,LB,OLB,57,ACT,Reinard Wilson,James,Wilson,1973-12-14,74,251,,00-0018054,,,,,,,,,,"https://static.www.nfl.com/image/private/f_auto,q_auto/league/oevawxgntval3oscdqdm",WIL718897,,32005749-4c71-8897-a116-24a972969f0f,,,
1997,SEA,WR,WR,19,ACT,Robert Wilson,Robert,Wilson,1974-06-23,71,176,,00-0018056,,,,,,,,,,"https://static.www.nfl.com/image/private/f_auto,q_auto/league/exkyxskjdqfjclcn1xua",WIL776653,,32005749-4c77-6653-75c0-9b9aa40f62f8,,,
1997,DEN,WR,WR,88,ACT,Sir Mawn Wilson,Sir Mawn,Wilson,1973-06-04,74,210,,00-0018062,,,,,,,,,,"https://static.www.nfl.com/image/private/f_auto,q_auto/league/uiaovzrnkdx9kgqjnapk",WIL780031,,32005749-4c78-0031-102a-e64ef42913aa,,,
1997,DAL,QB,QB,18,ACT,Wade Wilson,Charles,Wilson,1959-02-01,75,208,,00-0018073,,,,,,,,,,"https://static.www.nfl.com/image/private/f_auto,q_auto/league/jqkevkzjckstueaaha3z",WIL662355,,32005749-4c66-2355-664a-d30870613cfa,,,
1997,ATL,DB,DB,48,ACT,Marcus Wimberly,Marcus,Wimberly,1974-07-08,71,192,,00-0018081,,,,,,,,,,"https://static.www.nfl.com/image/private/f_auto,q_auto/league/x7jqboeivzvgzpzjxj8o",WIM508098,,32005749-4d50-8098-2fe5-1d0579b732ae,,,
1997,NYJ,LB,LB,56,CUT,Chris Wing,Christopher,Wing,1971-05-28,74,235,,00-0018097,,,,,,,,,,"https://static.www.nfl.com/image/private/f_auto,q_auto/league/vggx4opxhi2brgjggfxc",WIN197978,,32005749-4e19-7978-82ee-dd45fa7e6889,,,
1997,GB,OL,C,52,ACT,Frank Winters,Frank,Winters,1964-01-23,75,300,,00-0018115,,,,,,,,,,"https://static.www.nfl.com/image/private/f_auto,q_auto/league/jbvmv6ipv0taj26bc8r9",WIN772600,,32005749-4e77-2600-3abc-e743ede30d5f,,,
1997,OAK,OL,G,76,ACT,Steve Wisniewski,Stephen,Wisniewski,1967-04-07,76,295,,00-0018129,,,,,,,,,,"https://static.www.nfl.com/image/private/f_auto,q_auto/league/gph4hi3v8u3pb5d9gvtb",WIS581406,,32005749-5358-1406-9276-afcacb53150f,,,
1997,PHI,RB,RB,31,CUT,Derrick Witherspoon,Derrick,Witherspoon,1971-02-14,70,196,,00-0018135,,,,,,,,,,"https://static.www.nfl.com/image/private/f_auto,q_auto/league/cb9t1xi15swvafls774v",WIT142233,,32005749-5414-2233-1370-252333ea4a72,,,
1997,PIT,RB,RB,38,ACT,Jon Witman,Jon,Witman,1972-06-01,74,240,,00-0018141,,,,,,,,,,"https://static.www.nfl.com/image/private/f_auto,q_auto/league/l1y3uongmpcrx679l4hc",WIT271090,,32005749-5427-1090-f569-ed540a8832c8,,,
1997,NE,OL,C,64,ACT,Dave Wohlabaugh,David,Wohlabaugh,1972-04-13,75,292,,00-0018150,,,,,,,,,,"https://static.www.nfl.com/image/private/f_auto,q_auto/league/uqzjlegtey9hw1dkixfn",WOH385627,,3200574f-4838-5627-3e58-1d9f9e9ad53b,,,
1997,ARI,OL,OT,68,RES,Joe Wolf,Joseph,Wolf,1966-12-28,78,297,,00-0018155,,,,,,,,,,"https://static.www.nfl.com/image/private/f_auto,q_auto/league/bairxbhvebghs5pthsr6",WOL191673,,3200574f-4c19-1673-a49e-9d1fece21ff7,,,
1997,PIT,OL,G,77,ACT,Will Wolford,William,Wolford,1964-05-18,77,300,,00-0018162,,,,,,,,,,"https://static.www.nfl.com/image/private/f_auto,q_auto/league/zxgn2en4ncdoiqflibaz",WOL638910,,3200574f-4c63-8910-4940-92c6079e632c,,,
1997,SF,LB,OLB,54,ACT,Lee Woodall,Lee,Woodall,1969-10-31,73,220,,00-0018186,,,,,,,,,,"https://static.www.nfl.com/image/private/f_auto,q_auto/league/zmmqflc7wl6hhqjxa55q",WOO196708,,3200574f-4f19-6708-e59d-b300584baaf0,,,
1997,MIA,DB,S,22,ACT,Shawn Wooden,Shawn,Wooden,1973-10-23,71,205,,00-0018194,,,,,,,,,,"https://static.www.nfl.com/image/private/f_auto,q_auto/league/dmk63pcn78fkaknrt5va",WOO269563,,3200574f-4f26-9563-ab7b-b203032dbcbe,,,
1997,KC,LB,ILB,90,ACT,Terry Wooden,Terrence,Wooden,1967-01-14,75,239,,00-0018195,,,,,,,,,,"https://static.www.nfl.com/image/private/f_auto,q_auto/league/umk5tm3aazkuidjethhc",WOO276849,,3200574f-4f27-6849-3b2b-f53b788dd325,,,
1997,KC,DB,FS,21,ACT,Jerome Woods,Jerome,Woods,1973-03-17,74,200,,00-0018212,,,,,,,,,,"https://static.www.nfl.com/image/private/f_auto,q_auto/league/c59gyf1ozit1zypoyvdy",WOO502699,,3200574f-4f50-2699-c153-5ada01269504,,,
1997,DAL,DB,S,28,ACT,Darren Woodson,Darren,Woodson,1969-04-25,73,219,,00-0018228,,,,,,,,,,"https://static.www.nfl.com/image/private/f_auto,q_auto/league/u4zjv8oxwt5qtgpaw0fj",WOO664437,,3200574f-4f66-4437-e566-e42d74546249,,,
1997,SF,DB,CB,26,ACT,Rod Woodson,Roderick,Woodson,1965-03-10,72,200,,00-0018229,,,,,,,,,,"https://static.www.nfl.com/image/private/f_auto,q_auto/league/gtytylzdeeubcmxdrapg",WOO699408,,3200574f-4f69-9408-9d2d-420aa50c947c,,,
1997,BUF,DB,DB,37,ACT,Sean Woodson,Sean,Woodson,1974-08-27,73,214,,00-0018230,,,,,,,,,,"https://static.www.nfl.com/image/private/f_auto,q_auto/league/qauscmamn0wkho0hf5kv",WOO701229,,3200574f-4f70-1229-677a-d653624041db,,,
1997,PIT,DB,CB,21,ACT,Donnell Woolford,Donnell,Woolford,1966-01-06,69,192,,00-0018240,,,,,,,,,,"https://static.www.nfl.com/image/private/f_auto,q_auto/league/ksiuzhxnn5cxk1rvy0ey",WOO743121,,3200574f-4f74-3121-ae55-b14bbb4866dc,,,
1997,NYG,DB,FS,29,ACT,Tito Wooten,Tito,Wooten,1971-12-12,72,195,,00-0018246,,,,,,,,,,"https://static.www.nfl.com/image/private/f_auto,q_auto/league/ob47vlu4z2i5fp0z3p1h",WOO823280,,3200574f-4f82-3280-d9fb-11c3189f54cd,,,
1997,TEN,LB,MLB,52,ACT,Barron Wortham,Barron,Wortham,1969-11-01,71,244,,00-0018259,,,,,,,,,,"https://static.www.nfl.com/image/private/f_auto,q_auto/league/ywstkti1hyakyne4njr6",WOR690051,,3200574f-5269-0051-be1d-961deabfe7ac,,,
1997,CIN,DB,DB,42,ACT,Lawrence Wright,Lawrence,Wright,1973-09-06,73,209,,00-0018310,,,,,,,,,,"https://static.www.nfl.com/image/private/f_auto,q_auto/league/qrxmxgrgwnqu3qqyvwbn",WRI533049,,32005752-4953-3049-f571-9e83ceb02275,,,
1997,STL,DB,S,32,ACT,Toby Wright,Toby,Wright,1970-11-19,71,212,,00-0018322,,,,,,,,,,"https://static.www.nfl.com/image/private/f_auto,q_auto/league/o1tmyvjwiyzupr5kkufg",WRI715232,,32005752-4971-5232-7f27-18c976937181,,,
1997,NO,QB,QB,7,ACT,Danny Wuerffel,Daniel,Wuerffel,1974-05-27,73,212,,00-0018333,,,,,,,,,,"https://static.www.nfl.com/image/private/f_auto,q_auto/league/uitgt9ptnhl2c0bxmwow",WUE563610,,32005755-4556-3610-f8dd-f32d3e1f341f,,,
1997,TB,OL,OT,71,ACT,Jerry Wunsch,Gerald,Wunsch,1974-01-21,78,333,,00-0018335,,,,,,,,,,"https://static.www.nfl.com/image/private/f_auto,q_auto/league/uzqtqg8kb1vn864316w6",WUN404041,,32005755-4e40-4041-6e55-282a3ee92702,,,
1997,PHI,WR,WR,16,RES,Antwuan Wyatt,Antwuan,Wyatt,1975-07-18,70,193,,00-0018336,,,,,,,,,,"https://static.www.nfl.com/image/private/f_auto,q_auto/league/zclwohsyrjlyqqx7y853",WYA248558,,32005759-4124-8558-580b-2e0ca4411965,,,
1997,TEN,TE,TE,89,ACT,Frank Wycheck,Frank,Wycheck,1971-10-14,75,235,,00-0018343,,,,,,,,,,"https://static.www.nfl.com/image/private/f_auto,q_auto/league/in369qjr6yktjab7p5dv",WYC178866,,32005759-4317-8866-b709-4c965820e40a,,,
1997,NE,DL,DT,72,ACT,Devin Wyman,Devin,Wyman,1973-08-29,79,290,,00-0018348,,,,,,,,,,"https://static.www.nfl.com/image/private/f_auto,q_auto/league/gzwbfdscnwjaqzkkmpfg",WYM564972,,32005759-4d56-4972-96a6-e8b3e6962b15,,,
1997,JAX,DL,DT,97,ACT,Renaldo Wynn,Renaldo,Wynn,1974-09-03,75,297,,00-0018351,,,,,,,,,,"https://static.www.nfl.com/image/private/f_auto,q_auto/league/pe2gcgu3dhghosybxgmz",WYN153366,,32005759-4e15-3366-6660-961019954d2a,,,
1997,BAL,WR,WR,80,ACT,Ryan Yarborough,Ryan,Yarborough,1971-04-26,74,195,,00-0018369,,,,,,,,,,"https://static.www.nfl.com/image/private/f_auto,q_auto/league/bxz9asxkqjaikinlqtqd",YAR183685,,32005941-5218-3685-1231-6040659c9e0c,,,
1997,SF,DL,DT,97,ACT,Bryant Young,Bryant,Young,1972-01-27,75,280,,00-0018405,,,,,,,,,,"https://static.www.nfl.com/image/private/f_auto,q_auto/league/fkubylbr94xqvbzfczhx",YOU123853,,3200594f-5512-3853-ec6e-4c5b50ac8d73,,,
1997,TB,DB,CB,31,ACT,Floyd Young,Floyd,Young,1975-11-23,72,170,,00-0018414,,,,,,,,,,"https://static.www.nfl.com/image/private/f_auto,q_auto/league/hfrcrrde6exe6d1rdxlg",YOU187601,,3200594f-5518-7601-791a-ce5d8cd48464,,,
1997,NYG,DB,DB,47,ACT,Rodney Young,Rodney,Young,1973-01-25,72,210,,00-0018437,,,,,,,,,,"https://static.www.nfl.com/image/private/f_auto,q_auto/league/xtlnggbrqyid4nxc66i9",YOU525823,,3200594f-5552-5823-a238-98bbaa6168b8,,,
1997,SF,QB,QB,8,ACT,Steve Young,Jon,Young,1961-10-11,74,205,,00-0018441,,,,,,,,,,"https://static.www.nfl.com/image/private/f_auto,q_auto/league/kfrm5wzrogcovwymoez8",YOU299670,,3200594f-5529-9670-502d-7c3ad0654ed5,,,
1997,PHI,OL,G,66,CUT,Mike Zandofsky,Michael,Zandofsky,1965-11-30,74,305,,00-0018474,,,,,,,,,,"https://static.www.nfl.com/image/private/f_auto,q_auto/league/wgynhgt7p1ezhdeblsrb",ZAN498348,,32005a41-4e49-8348-eeae-87e3defd6295,,,
1997,NYG,OL,G,73,ACT,Rob Zatechka,Robert,Zatechka,1971-12-01,76,320,,00-0018477,,,,,,,,,,"https://static.www.nfl.com/image/private/f_auto,q_auto/league/vhqkprwwg8iwqanpmegh",ZAT207645,,32005a41-5420-7645-2679-868c73053d49,,,
1997,BAL,QB,QB,10,ACT,Eric Zeier,Eric,Zeier,1972-09-06,73,205,,00-0018483,,,,,,,,,,"https://static.www.nfl.com/image/private/f_auto,q_auto/league/qnheqzrnmuupnxcblqak",ZEI177981,,32005a45-4917-7981-2cbf-4445aa084f0b,,,
1997,BUF,OL,C,61,ACT,Dusty Zeigler,Curtis,Zeigler,1973-09-27,77,298,,00-0018484,,,,,,,,,,"https://static.www.nfl.com/image/private/f_auto,q_auto/league/wwig0j1w0rpz07mgoihn",ZEI237308,,32005a45-4923-7308-903b-c8642f891f7d,,,
1997,NO,RB,FB,34,ACT,Ray Zellars,Raymond,Zellars,1973-03-25,71,233,,00-0018488,,,,,,,,,,"https://static.www.nfl.com/image/private/f_auto,q_auto/league/kdduj01oyjapga4ldz4v",ZEL540220,,32005a45-4c54-0220-a2df-4e9bb8b3682a,,,
1997,STL,DL,DT,90,RES,Jeff Zgonina,Jeffrey,Zgonina,1970-05-24,74,300,,00-0018503,,,,,,,,,,"https://static.www.nfl.com/image/private/f_auto,q_auto/league/xxxxml3p0eqcl51xgszi",ZGO444955,,32005a47-4f44-4955-1dfd-6578b82752b4,,,
1997,DEN,OL,OT,65,ACT,Gary Zimmerman,Gary,Zimmerman,1961-12-13,78,294,,00-0018511,,,,,,,,,,"https://static.www.nfl.com/image/private/f_auto,q_auto/league/wpj7nnaagkxfzvddt2xo",ZIM369148,,32005a49-4d36-9148-f9dc-4dbffa073693,,,
1997,NE,QB,QB,16,ACT,Scott Zolak,Scott,Zolak,1967-12-13,77,235,,00-0018518,,,,,,,,,,"https://static.www.nfl.com/image/private/f_auto,q_auto/league/iiuw5pvofyiqw9dlbbgb",ZOL031944,,32005a4f-4c03-1944-809f-9218fee2f70c,,,
1997,PHI,DB,S,36,ACT,Mike Zordich,Michael,Zordich,1963-10-12,73,212,,00-0018521,,,,,,,,,,"https://static.www.nfl.com/image/private/f_auto,q_auto/league/bfaxgj0zhueeionkegjx",ZOR207645,,32005a4f-5220-7645-5106-a841ac73a2bd,,,
1997,WAS,DL,DT,78,ACT,Chris Zorich,Christopher,Zorich,1969-03-13,73,282,,00-0018522,,,,,,,,,,"https://static.www.nfl.com/image/private/f_auto,q_auto/league/lkvel5osfixm1ylzfbsl",ZOR404040,,32005a4f-5240-4040-3a4c-739c8fe7eede,,,
1997,CHI,DL,DT,97,TRD,Chris Zorich,Christopher,Zorich,1969-03-13,73,282,,00-0018522,,,,,,,,,,"https://static.www.nfl.com/image/private/f_auto,q_auto/league/lkvel5osfixm1ylzfbsl",ZOR404040,,32005a4f-5240-4040-3a4c-739c8fe7eede,,,
1997,ARI,DL,DT,90,ACT,Mark Campbell,Mark,Campbell,1972-09-12,73,290,,,,,,,,,,,,"https://static.www.nfl.com/image/private/f_auto,q_auto/league/rdjrlp3f8jjhmyhli9hn",,,,,,
1997,PIT,WR,WR,86,RES,Mike Adams,Michael,Adams,1974-03-24,71,185,,,,,,,,,,,,"https://static.www.nfl.com/image/private/f_auto,q_auto/league/kbl04pmvktz4d4agl3na",,,,,,
1997,SF,LB,LB,53,ACT,James E. Williams,James,Williams,1968-10-10,72,243,,,,,,,,,,,,"https://static.www.nfl.com/image/private/f_auto,q_auto/league/vaxkyousgjzplhlxtbaw",,,,,,
1997,JAX,DB,DB,28,ACT,Dana Hall,Dana,Hall,1969-07-08,75,211,,,,,,,,,,,,"https://static.www.nfl.com/image/private/f_auto,q_auto/league/hs5s9ccx9ijcmmywkc0a",,,,,,
1997,OAK,DL,DE,94,ACT,Anthony Smith,Anthony,Smith,1967-06-28,75,265,,,,,,,,,,,,"https://static.www.nfl.com/image/private/f_auto,q_auto/league/qv48sxxsk78gedmbzygw",,,,,,
1997,NYG,WR,WR,0,ACT,John Washington,John,Washington,1974-07-08,69,160,,,,,,,,,,,,"https://static.www.nfl.com/image/private/f_auto,q_auto/league/d2owgs0fbvfeh8desonn",,,,,,
1997,BUF,WR,WR,81,ACT,Jerry Reese,Jerry,Reese,1973-03-18,71,190,,,,,,,,,,,,"https://static.www.nfl.com/image/private/f_auto,q_auto/league/i1wzn3bnlznrvlgtbi2e",,,,,,
1997,ARI,DL,DT,94,ACT,Bernard Wilson,Raphael,Wilson,1970-08-17,75,318,,,,,,,,,,,,"https://static.www.nfl.com/image/private/f_auto,q_auto/league/yvvaaf7kldojqyrfclsp",,,,,,
1997,ARI,DB,DB,0,RES,Dell McGee,Antonio,McGee,1973-09-07,68,180,,,,,,,,,,,,"https://static.www.nfl.com/image/private/f_auto,q_auto/league/lxesxstxlqvhsikotlwk",,,,,,
1997,WAS,DL,DE,92,ACT,Jamal Duff,Jamal,Duff,1972-03-11,79,285,,,,,,,,,,,,"https://static.www.nfl.com/image/private/f_auto,q_auto/league/b7vlhmshcwfblah2zduv",,,,,,
1997,MIN,QB,QB,6,ACT,Jay Walker,Jewell,Walker,1972-01-24,75,229,,,,,,,,,,,,"https://static.www.nfl.com/image/private/f_auto,q_auto/league/sr7jv7plq6l8ntrvahw8",,,,,,
1997,OAK,DB,CB,20,ACT,Perry Carter,Perry,Carter,1971-08-05,72,190,,,,,,,,,,,,"https://static.www.nfl.com/image/private/f_auto,q_auto/league/jv6n4zqwjel77addr5sd",,,,,,
1997,NYG,RB,RB,37,ACT,Eric Lane,Eric,Lane,1974-03-17,74,240,,,,,,,,,,,,"https://static.www.nfl.com/image/private/f_auto,q_auto/league/ds4cju0lrpjyevok0wrv",,,,,,
1997,WAS,LB,LB,58,ACT,Patrise Alexander,Liyongo,Alexander,1972-10-23,73,244,,,,,,,,,,,,"https://static.www.nfl.com/image/private/f_auto,q_auto/league/zqlycredzdnwhoyiyese",,,,,,
1997,JAX,WR,WR,25,ACT,Curtis Anderson,Jerome,Anderson,1973-09-29,72,193,,,,,,,,,,,,"https://static.www.nfl.com/image/private/f_auto,q_auto/league/aynjbmmt8vmg2zuuzhhw",,,,,,
1997,WAS,TE,TE,89,CUT,Chris Sanders,Christopher,Sanders,1973-04-22,74,217,,,,,,,,,,,,"https://static.www.nfl.com/image/private/f_auto,q_auto/league/xlsbravklzfy0jy7puzr",,,,,,
