season,team,position,depth_chart_position,jersey_number,status,full_name,first_name,last_name,birth_date,height,weight,college,gsis_id,espn_id,sportradar_id,yahoo_id,rotowire_id,pff_id,pfr_id,fantasy_data_id,sleeper_id,years_exp,headshot_url,esb_id,gsis_it_id,smart_id,entry_year,rookie_year,draft_club
1983,BAL,SPEC,K,0,ACT,Raul Allegre,Raul,Allegre,1959-06-15,69,165,,00-0000179,,,,,,,,,,"https://static.www.nfl.com/image/private/f_auto,q_auto/league/tju3yges90ubourcleuo",ALL038630,,3200414c-4c03-8630-71a2-3875071b0f3e,,,
1983,RAI,RB,RB,0,ACT,Marcus Allen,Marcus,Allen,1960-03-26,74,205,,00-0000220,,,,,,,,,,"https://static.www.nfl.com/image/private/f_auto,q_auto/league/wy664ewj5sglsncnjakr",ALL598765,,3200414c-4c59-8765-9d33-196f8c26460c,,,
1983,NO,SPEC,K,0,ACT,Morten Andersen,Morten,Andersen,1960-08-19,74,190,,00-0000282,,,,,,,,,,"https://static.www.nfl.com/image/private/f_auto,q_auto/league/nk87h6cjuij14iofd5ix",AND020258,,3200414e-4402-0258-af5e-f904d4733d82,,,
1983,PIT,SPEC,K,0,ACT,Gary Anderson,Gary,Anderson,1959-07-16,71,156,,00-0000313,,,,,,,,,,"https://static.www.nfl.com/image/private/f_auto,q_auto/league/fofzz3dwrg1vr2drmoak",AND273108,,3200414e-4427-3108-1809-a396fee76085,,,
1983,STL,RB,RB,0,ACT,Ottis Anderson,Ottis,Anderson,1957-01-19,74,220,,00-0000335,,,,,,,,,,"https://static.www.nfl.com/image/private/f_auto,q_auto/league/pwluez9civsa4xcuqskm",AND395031,,3200414e-4439-5031-7953-cd25409c072e,,,
1983,NYG,OL,G,0,ACT,Billy Ard,William,Ard,1959-03-12,75,250,,00-0000410,,,,,,,,,,"https://static.www.nfl.com/image/private/f_auto,q_auto/league/xaqniielzq1gcdxpcwzh",ARD276861,,32004152-4427-6861-ec83-f084792fea69,,,
1983,KC,SPEC,P,0,ACT,Jim Arnold,James,Arnold,1961-01-31,74,216,,00-0000447,,,,,,,,,,"https://static.www.nfl.com/image/private/f_auto,q_auto/league/x9o6ovudmtr8yioupxgv",ARN484505,,32004152-4e48-4505-f303-b808632ddd52,,,
1983,CLE,OL,C,0,ACT,Mike Baab,Michael,Baab,1959-12-06,76,270,,00-0000561,,,,,,,,,,"https://static.www.nfl.com/image/private/f_auto,q_auto/league/vkbjwpponyvajqinzxyr",BAA276861,,32004241-4127-6861-91a0-37071a842bac,,,
1983,CLE,SPEC,K,0,ACT,Matt Bahr,Matthew,Bahr,1956-07-06,70,165,,00-0000581,,,,,,,,,,"https://static.www.nfl.com/image/private/f_auto,q_auto/league/pukxu8ic9up4to0zdbtv",BAH692150,,32004241-4869-2150-32d7-0e550f8925dc,,,
1983,SEA,OL,G,0,ACT,Edwin Bailey,Edwin,Bailey,1959-05-15,76,265,,00-0000591,,,,,,,,,,"https://static.www.nfl.com/image/private/f_auto,q_auto/league/hepj17eqasihwxvsm2xo",BAI242249,,32004241-4924-2249-5570-c09135d26002,,,
1983,DAL,OL,G,0,ACT,Brian Baldinger,Brian,Baldinger,1960-01-07,76,255,,00-0000653,,,,,,,,,,"https://static.www.nfl.com/image/private/f_auto,q_auto/league/kzoj9v8hbfxpaiplffem",BAL123048,,32004241-4c12-3048-1d7a-3f26650566c7,,,
1983,NYG,OL,OT,0,TRC,Rich Baldinger,Richard,Baldinger,1959-12-31,76,285,,00-0000655,,,,,,,,,,"https://static.www.nfl.com/image/private/f_auto,q_auto/league/kjm87eydnrxfsitux5kl",BAL184572,,32004241-4c18-4572-b68e-e3ff04cf74f2,,,
1983,KC,OL,OT,0,ACT,Rich Baldinger,Richard,Baldinger,1959-12-31,76,285,,00-0000655,,,,,,,,,,"https://static.www.nfl.com/image/private/f_auto,q_auto/league/kjm87eydnrxfsitux5kl",BAL184572,,32004241-4c18-4572-b68e-e3ff04cf74f2,,,
1983,CLE,LB,OLB,0,ACT,Chip Banks,William,Banks,1959-09-18,76,233,,00-0000699,,,,,,,,,,"https://static.www.nfl.com/image/private/f_auto,q_auto/league/q9u9hmkmgffyfr7plx5c",BAN656214,,32004241-4e65-6214-f5ff-f63cb322a6a8,,,
1983,DAL,DB,S,40,ACT,Bill Bates,William,Bates,1961-06-06,73,199,,00-0000868,,,,,,,,,,"https://static.www.nfl.com/image/private/f_auto,q_auto/league/ndyfdkwheeqpurjhinx1",BAT207644,,32004241-5420-7644-fe72-844f3f885736,,,
1983,BAL,TE,TE,0,ACT,Pat Beach,Patrick,Beach,1959-12-28,76,243,,00-0000925,,,,,,,,,,"https://static.www.nfl.com/image/private/f_auto,q_auto/league/bjo4n1vhfcha2oitpso9",BEA055372,,32004245-4105-5372-bf97-d56cec00dd00,,,
1983,KC,DL,DE,0,ACT,Mike Bell,Mike,Bell,1957-08-30,76,255,,00-0001040,,,,,,,,,,"https://static.www.nfl.com/image/private/f_auto,q_auto/league/esorjujmuhjxc3w6eok1",BEL521120,,32004245-4c52-1120-4340-248a70584fe3,,,
1983,NYJ,OL,C,0,ACT,Guy Bingham,Guy,Bingham,1958-02-25,75,255,,00-0001251,,,,,,,,,,"https://static.www.nfl.com/image/private/f_auto,q_auto/league/wfhh0jbzlxy0qtu8akzr",BIN622932,,32004249-4e62-2932-ac57-5aafc8d56e95,,,
1983,CHI,OL,G,0,ACT,Mark Bortz,Mark,Bortz,1961-02-12,78,267,,00-0001516,,,,,,,,,,"https://static.www.nfl.com/image/private/f_auto,q_auto/league/fmuizhkksinhpngmcvhj",BOR719836,,3200424f-5271-9836-4ddd-10b459ae724c,,,
1983,WAS,OL,C,0,ACT,Jeff Bostic,Jeff,Bostic,1958-09-18,74,245,,00-0001527,,,,,,,,,,"https://static.www.nfl.com/image/private/f_auto,q_auto/league/qg5trgem5okfnvemcuiu",BOS439713,,3200424f-5343-9713-3a75-34585072c2bf,,,
1983,CIN,SPEC,K,0,ACT,Jim Breech,James,Breech,1956-04-11,66,161,,00-0001720,,,,,,,,,,"https://static.www.nfl.com/image/private/f_auto,q_auto/league/k26e5izxjzhmdmi7obsh",BRE109285,,32004252-4510-9285-81fa-9ab96d65cd8e,,,
1983,NO,TE,TE,0,ACT,Hoby Brenner,Hoby,Brenner,1959-06-02,76,240,,00-0001732,,,,,,,,,,"https://static.www.nfl.com/image/private/f_auto,q_auto/league/al5yibs8cwjsohaetspw",BRE480854,,32004252-4548-0854-5051-62641258fc0c,,,
1983,NO,OL,OT,0,ACT,Stan Brock,Stanley,Brock,1958-06-08,78,285,,00-0001803,,,,,,,,,,"https://static.www.nfl.com/image/private/f_auto,q_auto/league/mjoacc0ltpkygck4vuts",BRO051612,,32004252-4f05-1612-323f-add3ebee96c3,,,
1983,SD,RB,RB,0,ACT,James Brooks,James,Brooks,1958-12-28,70,177,,00-0001837,,,,,,,,,,"https://static.www.nfl.com/image/private/f_auto,q_auto/league/dilcjdwlx0vwiky758zf",BRO126684,,32004252-4f12-6684-e723-cb7bce7b324b,,,
1983,MIA,LB,ILB,0,ACT,Mark Brown,Mark,Brown,1961-07-18,74,226,,00-0001994,,,,,,,,,,"https://static.www.nfl.com/image/private/f_auto,q_auto/league/z30jugkufjbigdd3zqpo",BRO558348,,32004252-4f55-8348-d3df-6b0620316e9d,,,
1983,GB,DL,DE,0,ACT,Robert Brown,Robert,Brown,1960-05-21,74,238,,00-0002032,,,,,,,,,,"https://static.www.nfl.com/image/private/f_auto,q_auto/league/bgk204bwximpryjf2zzi",BRO633420,,32004252-4f63-3420-4e85-ad0a0d93b2d8,,,
1983,MIN,DB,FS,0,ACT,Joey Browner,Joey,Browner,1960-05-15,74,202,,00-0002084,,,,,,,,,,"https://static.www.nfl.com/image/private/f_auto,q_auto/league/nswcxujuocym5nvop4qe",BRO792948,,32004252-4f79-2948-3c27-f15f2646bc97,,,
1983,SEA,DL,DE,0,ACT,Jeff Bryant,Jeffrey,Bryant,1960-05-22,77,270,,00-0002140,,,,,,,,,,"https://static.www.nfl.com/image/private/f_auto,q_auto/league/k18scbkux9l24peloi04",BRY453036,,32004252-5945-3036-ff3c-140cb98a0124,,,
1983,SD,SPEC,P,0,ACT,Maury Buford,Maury,Buford,1960-02-18,73,191,,00-0002196,,,,,,,,,,"https://static.www.nfl.com/image/private/f_auto,q_auto/league/nrdaun8l5sjys5dqvdgo",BUF711924,,32004255-4671-1924-7e78-f97f6c2682ad,,,
1983,KC,DB,S,0,ACT,Lloyd Burruss,Lloyd,Burruss,1957-10-31,72,200,,00-0002344,,,,,,,,,,"https://static.www.nfl.com/image/private/f_auto,q_auto/league/lb83flufl5p79n8wy9ss",BUR692090,,32004255-5269-2090-dcfe-85f69285d859,,,
1983,NYG,DL,NT,0,ACT,Jim Burt,James,Burt,1959-06-07,73,255,,00-0002348,,,,,,,,,,"https://static.www.nfl.com/image/private/f_auto,q_auto/league/r07jruq0bvntofk8dlqt",BUR731638,,32004255-5273-1638-3873-c2b023fb8fec,,,
1983,SEA,OL,C,0,ACT,Blair Bush,Blair,Bush,1956-11-25,75,252,,00-0002371,,,,,,,,,,"https://static.www.nfl.com/image/private/f_auto,q_auto/league/rlzuovayivyvxakwny4o",BUS195428,,32004255-5319-5428-5178-f53ab41dbd19,,,
1983,ATL,DB,CB,0,ACT,Bobby Butler,Robert,Butler,1959-05-28,71,170,,00-0002401,,,,,,,,,,"https://static.www.nfl.com/image/private/f_auto,q_auto/league/joq8gkc6hcubcsylx4im",BUT571010,,32004255-5457-1010-209c-ca407f4c6857,,,
1983,SD,DB,CB,0,ACT,Gill Byrd,Gill,Byrd,1961-02-20,71,195,,00-0002468,,,,,,,,,,"https://static.www.nfl.com/image/private/f_auto,q_auto/league/eekkcasfzfnoiv37pvw6",BYR415290,,32004259-5241-5290-3559-a305e3b4d269,,,
1983,NE,SPEC,P,0,ACT,Rich Camarillo,Richard,Camarillo,1959-11-29,71,191,,00-0002549,,,,,,,,,,"https://static.www.nfl.com/image/private/f_auto,q_auto/league/xm3xnm9ggd9ilbmlwf8z",CAM019315,,32004341-4d01-9315-4b88-05478b17315d,,,
1983,SF,QB,QB,0,ACT,Matt Cavanaugh,Matthew,Cavanaugh,1956-10-27,74,212,,00-0002828,,,,,,,,,,"https://static.www.nfl.com/image/private/f_auto,q_auto/league/bl3tbkdqwye0kvjp7dwm",CAV237308,,32004341-5623-7308-8f31-6a55dccc6d20,,,
1983,DET,WR,WR,0,ACT,Jeff Chadwick,Jeffrey,Chadwick,1960-12-16,75,190,,00-0002856,,,,,,,,,,"https://static.www.nfl.com/image/private/f_auto,q_auto/league/ie0xdcrsm2lmoczh0bwy",CHA020258,,32004348-4102-0258-17cd-86640863e909,,,
1983,KC,DB,FS,0,ACT,Deron Cherry,Deron,Cherry,1959-09-12,71,185,,00-0002927,,,,,,,,,,"https://static.www.nfl.com/image/private/f_auto,q_auto/league/bdil0rprnmeawgnybzkp",CHE326293,,32004348-4532-6293-b1fa-ec3930412e10,,,
1983,SEA,DL,DE,0,ACT,Sam Clancy,Samuel,Clancy,1958-05-29,79,250,,00-0003010,,,,,,,,,,"https://static.www.nfl.com/image/private/f_auto,q_auto/league/jdvoxua6m2vfd2zc2a76",CLA077256,,3200434c-4107-7256-68a5-15873c171174,,,
1983,PHI,DL,NT,0,ACT,Ken Clarke,Kenneth,Clarke,1956-08-28,74,255,,00-0003079,,,,,,,,,,"https://static.www.nfl.com/image/private/f_auto,q_auto/league/nfijye5dqqknvvee2mty",CLA637362,,3200434c-4163-7362-ff09-200ea80be5cd,,,
1983,NE,DB,CB,0,ACT,Raymond Clayborn,Raymond,Clayborn,1955-01-02,72,186,,00-0003094,,,,,,,,,,"https://static.www.nfl.com/image/private/f_auto,q_auto/league/ofbl6y9im1gojwmtoptv",CLA772560,,3200434c-4177-2560-2161-063befb14937,,,
1983,MIA,WR,WR,0,ACT,Mark Clayton,Mark,Clayton,1961-04-08,69,172,,00-0003097,,,,,,,,,,"https://static.www.nfl.com/image/private/f_auto,q_auto/league/nddirf764pyqjmwq1iaz",CLA801531,,3200434c-4180-1531-c93e-7df590d86b9b,,,
1983,DET,DL,DE,0,ACT,Mike Cofer,Michael,Cofer,1960-04-07,77,245,,00-0003178,,,,,,,,,,"https://static.www.nfl.com/image/private/f_auto,q_auto/league/rmpximr1o3z5ibnpm3na",COF255564,,3200434f-4625-5564-1302-6fd28938cde7,,,
1983,WAS,LB,LB,0,ACT,Monte Coleman,Monte,Coleman,1957-11-04,74,235,,00-0003233,,,,,,,,,,"https://static.www.nfl.com/image/private/f_auto,q_auto/league/fo8jzoctj0ur1ed7mtm8",COL307620,,3200434f-4c30-7620-1484-e6d1db6e52dc,,,
1983,DEN,LB,LB,0,ACT,Darren Comeaux,Darren,Comeaux,1960-04-15,73,227,,00-0003343,,,,,,,,,,"https://static.www.nfl.com/image/private/f_auto,q_auto/league/qf8fkbtp5s8n1eenbgfw",COM237308,,3200434f-4d23-7308-b785-068e26898b73,,,
1983,BAL,LB,ILB,0,ACT,Johnie Cooks,Johnie,Cooks,1958-11-23,76,243,,00-0003431,,,,,,,,,,"https://static.www.nfl.com/image/private/f_auto,q_auto/league/pwc9fuqm8a83sszq7rs9",COO309040,,3200434f-4f30-9040-8986-6b57e7f6c603,,,
1983,CHI,OL,OT,0,ACT,Jim Covert,James,Covert,1960-03-22,76,271,,00-0003550,,,,,,,,,,"https://static.www.nfl.com/image/private/f_auto,q_auto/league/fy0ilymeyfasvdmxara0",COV276861,,3200434f-5627-6861-d474-d6282925d2bb,,,
1983,ATL,TE,TE,0,ACT,Arthur Cox,Arthur,Cox,1961-02-05,75,245,,00-0003571,,,,,,,,,,"https://static.www.nfl.com/image/private/f_auto,q_auto/league/wzkblifc6jtifa5eghkq",COX138430,,3200434f-5813-8430-d512-7935d2a12354,,,
1983,SF,RB,RB,0,ACT,Roger Craig,Roger,Craig,1960-07-10,72,222,,00-0003602,,,,,,,,,,"https://static.www.nfl.com/image/private/f_auto,q_auto/league/ewrcp7dcq0xaoaecjsqk",CRA303870,,32004352-4130-3870-e9b3-99b623a9e8bd,,,
1983,DEN,QB,QB,0,ACT,Steve DeBerg,Steven,DeBerg,1954-01-19,75,205,,00-0004116,,,,,,,,,,"https://static.www.nfl.com/image/private/f_auto,q_auto/league/v07li1l2otq0hlqdeymd",DEB207645,,32004445-4220-7645-fc89-f371e46a2eb0,,,
1983,CHI,DL,DE,0,ACT,Richard Dent,Richard,Dent,1960-12-13,77,240,,00-0004205,,,,,,,,,,"https://static.www.nfl.com/image/private/f_auto,q_auto/league/jfxk36oifu0wmpdxmxaw",DEN702790,,32004445-4e70-2790-b3e8-2fa66ae41f10,,,
1983,RAM,RB,RB,0,ACT,Eric Dickerson,Eric,Dickerson,1960-09-02,75,220,,00-0004266,,,,,,,,,,"https://static.www.nfl.com/image/private/f_auto,q_auto/league/jhnq2bvn8ryvxiwlfhk8",DIC276860,,32004449-4327-6860-95d0-831eb297e1eb,,,
1983,BAL,OL,C,0,ACT,Ray Donaldson,Raymond,Donaldson,1958-05-18,75,260,,00-0004414,,,,,,,,,,"https://static.www.nfl.com/image/private/f_auto,q_auto/league/kkpyquofxdch66dpynyy",DON255560,,3200444f-4e25-5560-a17c-ab26537f3f75,,,
1983,HOU,TE,TE,0,ACT,Chris Dressel,Christopher,Dressel,1961-02-07,76,230,,00-0004531,,,,,,,,,,"https://static.www.nfl.com/image/private/f_auto,q_auto/league/yeaqgecblizp0nljeug8",DRE276861,,32004452-4527-6861-b58e-679be02b0a6d,,,
1983,MIA,WR,WR,0,ACT,Mark Duper,Mark,Duper,1959-01-25,69,185,,00-0004646,,,,,,,,,,"https://static.www.nfl.com/image/private/f_auto,q_auto/league/capbbsyre3yh8uj3nt8l",DUP207644,,32004455-5020-7644-63e1-3d4a16d11d70,,,
1983,RAM,WR,WR,0,ACT,Henry Ellard,Henry,Ellard,1961-07-21,71,170,,00-0004830,,,,,,,,,,"https://static.www.nfl.com/image/private/f_auto,q_auto/league/xvtbquqavblewrdgj4fn",ELL021297,,3200454c-4c02-1297-f648-4f2b5a61e34d,,,
1983,DEN,QB,QB,7,ACT,John Elway,John,Elway,1960-06-28,75,202,,00-0004884,,,,,,,,,,"https://static.www.nfl.com/image/private/f_auto,q_auto/league/qt8ysjlaemnfczfe9ffl",ELW276861,,3200454c-5727-6861-b2e7-376d564dfa2e,,,
1983,CHI,QB,QB,0,ACT,Vince Evans,Vincent,Evans,1955-06-14,74,212,,00-0005010,,,,,,,,,,"https://static.www.nfl.com/image/private/f_auto,q_auto/league/zfacengwqw596mxqdxgf",EVA800901,,32004556-4180-0901-3e5b-05d0584bc156,,,
1983,TB,OL,G,0,ACT,Sean Farrell,Sean,Farrell,1960-05-25,75,260,,00-0005080,,,,,,,,,,"https://static.www.nfl.com/image/private/f_auto,q_auto/league/utap8rmm8nrhhvl1tpik",FAR629225,,32004641-5262-9225-1e7f-763e2c32dc2a,,,
1983,CLE,OL,OT,0,ACT,Paul Farren,Paul,Farren,1960-12-24,77,251,,00-0005081,,,,,,,,,,"https://static.www.nfl.com/image/private/f_auto,q_auto/league/adkybvrfp83uwmo47sqq",FAR654394,,32004641-5265-4394-32df-cffccfc0aa66,,,
1983,BAL,OL,C,0,ACT,Grant Feasel,Grant,Feasel,1960-06-28,79,255,,00-0005116,,,,,,,,,,"https://static.www.nfl.com/image/private/f_auto,q_auto/league/utexahzajngbuzxqhhoo",FEA484505,,32004645-4148-4505-b168-f6d62ce97cd2,,,
1983,NYG,OL,C,0,ACT,Chris Foote,Christopher,Foote,1956-12-02,75,250,,00-0005402,,,,,,,,,,"https://static.www.nfl.com/image/private/f_auto,q_auto/league/ypkvh2enqpealbb0rklh",FOO415291,,3200464f-4f41-5291-20f6-c7d5df81f492,,,
1983,MIA,OL,OT,0,ACT,Roy Foster,Roy,Foster,1960-05-24,76,275,,00-0005467,,,,,,,,,,"https://static.www.nfl.com/image/private/f_auto,q_auto/league/hmkvjpebrixer0dovz95",FOS711924,,3200464f-5371-1924-80e9-bef9b211cfdc,,,
1983,KC,QB,QB,0,ACT,Bob Gagliano,Robert,Gagliano,1958-09-05,75,195,,00-0005676,,,,,,,,,,"https://static.www.nfl.com/image/private/f_auto,q_auto/league/ggbwrkjsbtezz4mmnnwt",GAG355962,,32004741-4735-5962-8794-8363576185a1,,,
1983,CHI,RB,RB,0,ACT,Dennis Gentry,Dennis,Gentry,1959-02-10,68,173,,00-0005876,,,,,,,,,,"https://static.www.nfl.com/image/private/f_auto,q_auto/league/z9pqxye61dmw2ppvnlvi",GEN474616,,32004745-4e47-4616-9afe-fe8d97358127,,,
1983,BAL,DB,FS,0,ACT,Nesby Glasgow,Nesby,Glasgow,1957-04-15,70,180,,00-0006026,,,,,,,,,,"https://static.www.nfl.com/image/private/f_auto,q_auto/league/khvj2xrqxrimb274mfe7",GLA377530,,3200474c-4137-7530-e44c-f9f55f161b28,,,
1983,CLE,SPEC,P,0,ACT,Jeff Gossett,Jeffery,Gossett,1957-01-25,74,197,,00-0006170,,,,,,,,,,"https://static.www.nfl.com/image/private/f_auto,q_auto/league/ix62f7desiynujqojhfo",GOS692150,,3200474f-5369-2150-b089-84b48b43afac,,,
1983,WAS,DL,DT,0,ACT,Darryl Grant,Darryl,Grant,1959-11-22,73,265,,00-0006233,,,,,,,,,,"https://static.www.nfl.com/image/private/f_auto,q_auto/league/pg4l1jw0yqrsa1j3xghy",GRA400932,,32004752-4140-0932-f415-b0f14b811d28,,,
1983,WAS,DB,CB,0,ACT,Darrell Green,Darrell,Green,1960-02-15,68,170,,00-0006316,,,,,,,,,,"https://static.www.nfl.com/image/private/f_auto,q_auto/league/cwcts1c4ok7r03ssniua",GRE152736,,32004752-4515-2736-107e-fa289c286924,,,
1983,TB,LB,OLB,0,ACT,Hugh Green,Hugh,Green,1959-07-27,74,225,,00-0006329,,,,,,,,,,"https://static.www.nfl.com/image/private/f_auto,q_auto/league/fyef9khhxvk5uxcepoik",GRE229104,,32004752-4522-9104-1a8f-5c32f4578bcc,,,
1983,SEA,DL,DE,0,ACT,Jacob Green,Jacob,Green,1957-01-21,75,255,,00-0006330,,,,,,,,,,"https://static.www.nfl.com/image/private/f_auto,q_auto/league/bkddmmnp7xnlgbtsod89",GRE248196,,32004752-4524-8196-8656-9af5eedc2f8d,,,
1983,STL,WR,WR,0,ACT,Roy Green,Roy,Green,1957-06-30,72,195,,00-0006349,,,,,,,,,,"https://static.www.nfl.com/image/private/f_auto,q_auto/league/wbzkqqfjj5t8l9yyrquc",GRE343656,,32004752-4534-3656-2e3c-efec8fc12fd9,,,
1983,TB,OL,C,0,ACT,Randy Grimes,Randall,Grimes,1960-07-20,76,280,,00-0006473,,,,,,,,,,"https://static.www.nfl.com/image/private/f_auto,q_auto/league/tqvmaqugsnqs0lk52nhj",GRI717288,,32004752-4971-7288-cc3f-a3bc7a2861e9,,,
1983,WAS,OL,G,0,ACT,Russ Grimm,Russell,Grimm,1959-05-02,75,273,,00-0006475,,,,,,,,,,"https://static.www.nfl.com/image/private/f_auto,q_auto/league/acaogvxemlbz4nqwlctq",GRI773916,,32004752-4977-3916-d0b8-fa4b19d613df,,,
1983,GB,OL,OT,0,ACT,Ron Hallstrom,Ronald,Hallstrom,1959-06-11,78,286,,00-0006694,,,,,,,,,,"https://static.www.nfl.com/image/private/f_auto,q_auto/league/jsl0cottmophjdjvjstg",HAL711900,,32004841-4c71-1900-9abb-ec705f2a8eb7,,,
1983,NYJ,RB,RB,0,ACT,Johnny Hector,Johnny,Hector,1960-11-26,71,200,,00-0007197,,,,,,,,,,"https://static.www.nfl.com/image/private/f_auto,q_auto/league/e2rixyggdahfcjqjdmav",HEC622932,,32004845-4362-2932-cfde-6553b2bc2973,,,
1983,BAL,QB,QB,0,ACT,Mark Herrmann,Mark,Herrmann,1959-01-08,76,184,,00-0007340,,,,,,,,,,"https://static.www.nfl.com/image/private/f_auto,q_auto/league/e9dkru9lgdil7s65rqpi",HER604056,,32004845-5260-4056-d102-ca6eb801767a,,,
1983,CHI,OL,C,0,ACT,Jay Hilgenberg,Jay,Hilgenberg,1959-03-21,75,250,,00-0007411,,,,,,,,,,"https://static.www.nfl.com/image/private/f_auto,q_auto/league/ibg5hudh2cvgkechcszk",HIL014831,,32004849-4c01-4831-aa40-8a123bf39645,,,
1983,PIT,LB,LB,0,ACT,Bryan Hinkle,Bryan,Hinkle,1959-06-04,73,214,,00-0007492,,,,,,,,,,"https://static.www.nfl.com/image/private/f_auto,q_auto/league/ut7jromnovuzsqqmcvhf",HIN262284,,32004849-4e26-2284-ee9e-75c1c8097ec0,,,
1983,BAL,OL,G,0,ACT,Chris Hinton,Christopher,Hinton,1961-07-31,76,265,,00-0007497,,,,,,,,,,"https://static.www.nfl.com/image/private/f_auto,q_auto/league/z41g8zujb6oznylfhmoo",HIN655710,,32004849-4e65-5710-ffe4-4ab655a12cbf,,,
1983,CIN,TE,TE,0,ACT,Rodney Holman,Rodney,Holman,1960-04-20,75,230,,00-0007637,,,,,,,,,,"https://static.www.nfl.com/image/private/f_auto,q_auto/league/mf3znenttcbuaujz0kye",HOL446256,,3200484f-4c44-6256-95bc-6842d50064e2,,,
1983,SD,TE,TE,0,ACT,Pete Holohan,Peter,Holohan,1959-07-25,76,249,,00-0007666,,,,,,,,,,"https://static.www.nfl.com/image/private/f_auto,q_auto/league/w1rijkq9trkk6khrmstx",HOL681780,,3200484f-4c68-1780-d796-cab0606fb9d5,,,
1983,PHI,DB,FS,0,ACT,Wes Hopkins,Wesley,Hopkins,1961-09-26,73,205,,00-0007732,,,,,,,,,,"https://static.www.nfl.com/image/private/f_auto,q_auto/league/eodot5ctp5ztbymwtojb",HOP484505,,3200484f-5048-4505-14d8-746afda1eb39,,,
1983,CIN,DB,CB,0,ACT,Ray Horton,Raymond,Horton,1960-04-12,70,189,,00-0007758,,,,,,,,,,"https://static.www.nfl.com/image/private/f_auto,q_auto/league/dw7cwregwlcaapcbw31i",HOR682249,,3200484f-5268-2249-30e2-ab1c63d58c71,,,
1983,PIT,OL,OT,0,ACT,Tunch Ilkin,Tunch,Ilkin,1957-09-23,75,253,,00-0008006,,,,,,,,,,"https://static.www.nfl.com/image/private/f_auto,q_auto/league/spdfodji2exibctx1enq",ILK415291,,3200494c-4b41-5291-7963-51a88379f390,,,
1983,MIN,OL,OT,0,ACT,Tim Irwin,Timothy,Irwin,1958-12-13,79,275,,00-0008053,,,,,,,,,,"https://static.www.nfl.com/image/private/f_auto,q_auto/league/wawhjnkdalrwmcczkgas",IRW622935,,32004952-5762-2935-ac65-3bae2837c060,,,
1983,NO,LB,OLB,0,ACT,Rickey Jackson,Rickey,Jackson,1958-03-20,74,230,,00-0008179,,,,,,,,,,"https://static.www.nfl.com/image/private/f_auto,q_auto/league/aajr9wcjvgd7vddezkyl",JAC478484,,32004a41-4347-8484-e570-89601b9da994,,,
1983,WAS,OL,OT,0,ACT,Joe Jacoby,Joseph,Jacoby,1959-07-06,79,295,,00-0008223,,,,,,,,,,"https://static.www.nfl.com/image/private/f_auto,q_auto/league/xxi8cnhfhdspgt5jcv51",JAC803492,,32004a41-4380-3492-94f2-27dbacaab11d,,,
1983,DAL,DL,DE,0,ACT,Jim Jeffcoat,James,Jeffcoat,1961-04-01,77,264,,00-0008297,,,,,,,,,,"https://static.www.nfl.com/image/private/f_auto,q_auto/league/nq7risxb7zvss8sowqzc",JEF051911,,32004a45-4605-1911-d544-53c5f2662246,,,
1983,MIA,WR,WR,0,ACT,Jim Jensen,James,Jensen,1958-11-14,76,212,,00-0008385,,,,,,,,,,"https://static.www.nfl.com/image/private/f_auto,q_auto/league/zn439kcpcl5b2xyanq0a",JEN700785,,32004a45-4e70-0785-b4a9-ae7b3e2037f5,,,
1983,GB,DL,DE,0,ACT,Ezra Johnson,Ezra,Johnson,1955-10-02,76,240,,00-0008503,,,,,,,,,,"https://static.www.nfl.com/image/private/f_auto,q_auto/league/ty6aqagxbvs0wixkbnup",JOH242850,,32004a4f-4824-2850-2dd6-2dfe91183e01,,,
1983,SEA,SPEC,K,0,ACT,Norm Johnson,Norman,Johnson,1960-05-31,74,193,,00-0008593,,,,,,,,,,"https://static.www.nfl.com/image/private/f_auto,q_auto/league/wdhcut1fjkdtpzvsxyqm",JOH553698,,32004a4f-4855-3698-f890-86772850dca4,,,
1983,DET,RB,RB,0,ACT,James Jones,James,Jones,1961-03-21,74,229,,00-0008765,,,,,,,,,,"https://static.www.nfl.com/image/private/f_auto,q_auto/league/s2dqldxm3j4maeitldei",JON448470,,32004a4f-4e44-8470-97f8-358e8f1a0b11,,,
1983,MIN,TE,TE,0,ACT,Steve Jordan,Steven,Jordan,1961-01-10,75,230,,00-0008927,,,,,,,,,,"https://static.www.nfl.com/image/private/f_auto,q_auto/league/jo7cgflsgjgssdclwycm",JOR613904,,32004a4f-5261-3904-62cc-04f9d280b11d,,,
1983,STL,LB,OLB,0,ACT,E.J. Junior,Ester,Junior,1959-12-08,75,235,,00-0008959,,,,,,,,,,"https://static.www.nfl.com/image/private/f_auto,q_auto/league/gytb3lurrrsuoeugtweo",JUN166116,,32004a55-4e16-6116-feca-c4eb459001bf,,,
1983,BUF,LB,LB,0,ACT,Trey Junkin,Abner,Junkin,1961-01-23,74,221,,00-0008961,,,,,,,,,,"https://static.www.nfl.com/image/private/f_auto,q_auto/league/coo5knlaa6axzkrzq2rs",JUN498348,,32004a55-4e49-8348-c78d-09386823c18a,,,
1983,SEA,OL,C,0,ACT,Kani Kauahi,Daniel,Kauahi,1959-09-06,74,260,,00-0009035,,,,,,,,,,"https://static.www.nfl.com/image/private/f_auto,q_auto/league/pqwsutodojvssl9rl4br",KAU118654,,32004b41-5511-8654-9d17-62d9bc16ad16,,,
1983,RAM,QB,QB,0,ACT,Jeff Kemp,Jeffrey,Kemp,1959-07-11,72,201,,00-0009131,,,,,,,,,,"https://static.www.nfl.com/image/private/f_auto,q_auto/league/xg0jissqub74w1kdp8kz",KEM184574,,32004b45-4d18-4574-6f51-05064e312465,,,
1983,ATL,OL,OT,0,ACT,Mike Kenn,Michael,Kenn,1956-02-09,79,257,,00-0009142,,,,,,,,,,"https://static.www.nfl.com/image/private/f_auto,q_auto/league/sq5lyi1fhy0qvm0h65ci",KEN166115,,32004b45-4e16-6115-cf39-139193de1f91,,,
1983,SEA,QB,QB,0,ACT,Dave Krieg,David,Krieg,1958-10-20,73,185,,00-0009475,,,,,,,,,,"https://static.www.nfl.com/image/private/f_auto,q_auto/league/srx5ku7mit9cvbapch11",KRI069215,,32004b52-4906-9215-3bd1-0d591dba0fb9,,,
1983,CIN,DL,NT,0,ACT,Tim Krumrie,Timothy,Krumrie,1960-05-20,74,247,,00-0009488,,,,,,,,,,"https://static.www.nfl.com/image/private/f_auto,q_auto/league/lqdan6qqpgvfsfkiga7d",KRU575019,,32004b52-5557-5019-7d31-99400926bd50,,,
1983,DEN,QB,QB,0,ACT,Gary Kubiak,Gary,Kubiak,1961-08-15,72,192,,00-0009490,,,,,,,,,,"https://static.www.nfl.com/image/private/f_auto,q_auto/league/e9tkipvmkvz3zoopendk",KUB415290,,32004b55-4241-5290-65f8-1c0e22a82bf6,,,
1983,DEN,OL,OT,0,ACT,Ken Lanier,Kenneth,Lanier,1959-07-08,75,269,,00-0009625,,,,,,,,,,"https://static.www.nfl.com/image/private/f_auto,q_auto/league/nv964zgsf5hymt3imhbc",LAN618485,,32004c41-4e61-8485-38f9-ce8fdb812de7,,,
1983,MIA,DB,CB,0,ACT,Paul Lankford,Paul,Lankford,1958-06-15,73,178,,00-0009628,,,,,,,,,,"https://static.www.nfl.com/image/private/f_auto,q_auto/league/fy859cq1trw1pr7a695r",LAN671498,,32004c41-4e67-1498-c52f-21a7c393176c,,,
1983,NYJ,SPEC,K,0,ACT,Pat Leahy,Patrick,Leahy,1951-03-19,72,189,,00-0009716,,,,,,,,,,"https://static.www.nfl.com/image/private/f_auto,q_auto/league/jfnzyh66eospcquio1nq",LEA363377,,32004c45-4136-3377-2de6-ed68209b7976,,,
1983,MIN,DB,CB,0,ACT,Carl Lee,Carl,Lee,1961-02-06,71,176,,00-0009744,,,,,,,,,,"https://static.www.nfl.com/image/private/f_auto,q_auto/league/z66lpo71etqg7r5akzlv",LEE109285,,32004c45-4510-9285-4d05-181997dcb459,,,
1983,GB,DB,CB,0,ACT,Mark Lee,Mark,Lee,1958-03-20,71,187,,00-0009767,,,,,,,,,,"https://static.www.nfl.com/image/private/f_auto,q_auto/league/m3pjsljxoils1jcb7p9c",LEE458997,,32004c45-4545-8997-519d-7c77c877e515,,,
1983,ATL,OL,OT,0,ACT,Ronnie Lee,Ronald,Lee,1956-12-24,75,236,,00-0009774,,,,,,,,,,"https://static.www.nfl.com/image/private/f_auto,q_auto/league/tgxku51zpyeweb0avx5q",LEE633853,,32004c45-4563-3853-50fd-3d2e58cc0a70,,,
1983,KC,DB,CB,0,ACT,Albert Lewis,Albert,Lewis,1960-10-06,74,193,,00-0009836,,,,,,,,,,"https://static.www.nfl.com/image/private/f_auto,q_auto/league/ugdxehxjdhtlt4ppp20t",LEW034606,,32004c45-5703-4606-f605-ff2d8ae35795,,,
1983,MIN,WR,WR,0,ACT,Leo Lewis,Leo,Lewis,1956-09-17,68,170,,00-0009879,,,,,,,,,,"https://static.www.nfl.com/image/private/f_auto,q_auto/league/gxq8rmwgwn30plqfwqbs",LEW484484,,32004c45-5748-4484-e61b-38a59fa6da8f,,,
1983,KC,OL,C,0,ACT,Adam Lingner,Adam,Lingner,1960-11-02,76,240,,00-0009956,,,,,,,,,,"https://static.www.nfl.com/image/private/f_auto,q_auto/league/orjwxc4cufpthycu9ws6",LIN601440,,32004c49-4e60-1440-f3a5-96af7c74f718,,,
1983,NE,DB,CB,0,ACT,Ronnie Lippett,Ronnie,Lippett,1960-12-10,71,180,,00-0009962,,,,,,,,,,"https://static.www.nfl.com/image/private/f_auto,q_auto/league/esykyd2tk0utu6rqs0gj",LIP237308,,32004c49-5023-7308-de75-2a09b2e9945d,,,
1983,PIT,LB,ILB,0,ACT,David Little,David,Little,1959-01-03,73,220,,00-0009968,,,,,,,,,,"https://static.www.nfl.com/image/private/f_auto,q_auto/league/iibhnkaq1ylqadp5am9d",LIT244058,,32004c49-5424-4058-476a-85fbe1a9e59a,,,
1983,GB,WR,WR,0,ACT,James Lofton,James,Lofton,1956-07-05,75,187,,00-0010023,,,,,,,,,,"https://static.www.nfl.com/image/private/f_auto,q_auto/league/ligcazckfbdlmcd2ekqv",LOF276861,,32004c4f-4627-6861-d09a-c92889cac8cf,,,
1983,SF,DB,CB,0,ACT,Ronnie Lott,Ronald,Lott,1959-05-08,72,199,,00-0010088,,,,,,,,,,"https://static.www.nfl.com/image/private/f_auto,q_auto/league/atxlkaso6zkduzfqa3h7",LOT519110,,32004c4f-5451-9110-88f3-31d71093cc4e,,,
1983,KC,SPEC,K,0,ACT,Nick Lowery,Dominic,Lowery,1956-05-27,76,190,,00-0010124,,,,,,,,,,"https://static.www.nfl.com/image/private/f_auto,q_auto/league/p0rgqmy96igavbuv7ajn",LOW553720,,32004c4f-5755-3720-b2dc-99cb3cfbe58c,,,
1983,KC,OL,OT,0,ACT,Dave Lutz,David,Lutz,1959-12-20,78,282,,00-0010171,,,,,,,,,,"https://static.www.nfl.com/image/private/f_auto,q_auto/league/zepiccvc5pprbnw1v5ki",LUT553722,,32004c55-5455-3722-6de0-3af0f91fe506,,,
1983,STL,DB,CB,0,ACT,Cedric Mack,Cedric,Mack,1960-09-14,72,190,,00-0010227,,,,,,,,,,"https://static.www.nfl.com/image/private/f_auto,q_auto/league/ect15lvxl6zdupdgglkg",MAC284141,,32004d41-4328-4141-9f82-3afc4b2f9e77,,,
1983,WAS,DL,DE,0,ACT,Dexter Manley,Dexter,Manley,1959-07-02,75,253,,00-0010337,,,,,,,,,,"https://static.www.nfl.com/image/private/f_auto,q_auto/league/rlpgt481dne3ce7kjv3v",MAN351384,,32004d41-4e35-1384-4cc4-785399825378,,,
1983,WAS,DL,DE,0,ACT,Charles Mann,Charles,Mann,1961-04-12,78,250,,00-0010339,,,,,,,,,,"https://static.www.nfl.com/image/private/f_auto,q_auto/league/arknhemkjjfvmajksneb",MAN399300,,32004d41-4e39-9300-b408-0d1c44f2482a,,,
1983,MIA,QB,QB,0,ACT,Dan Marino,Daniel,Marino,1961-09-15,76,214,,00-0010379,,,,,,,,,,"https://static.www.nfl.com/image/private/f_auto,q_auto/league/jk97vzadmthvdyu8mbr2",MAR149079,,32004d41-5214-9079-a444-ee027ebabf98,,,
1983,NE,DB,DB,0,ACT,Fred Marion,Fred,Marion,1959-01-02,74,196,,00-0010383,,,,,,,,,,"https://static.www.nfl.com/image/private/f_auto,q_auto/league/ahb3qbglhisatq7d61ob",MAR170376,,32004d41-5217-0376-2697-1b879d86203b,,,
1983,NYG,DL,DE,0,ACT,Leonard Marshall,Leonard,Marshall,1961-10-22,75,285,,00-0010422,,,,,,,,,,"https://static.www.nfl.com/image/private/f_auto,q_auto/league/ezlri0rde4c8l6vs6jld",MAR440138,,32004d41-5244-0138-7f5b-74d4640aeac9,,,
1983,NO,LB,LB,0,ACT,Chris Martin,Christopher,Martin,1960-12-19,74,220,,00-0010440,,,,,,,,,,"https://static.www.nfl.com/image/private/f_auto,q_auto/league/dtwwqjxqfx32untjxqyh",MAR539524,,32004d41-5253-9524-8a7f-a3b20cd40e03,,,
1983,BUF,LB,ILB,0,ACT,Eugene Marve,Eugene,Marve,1960-08-14,74,230,,00-0010488,,,,,,,,,,"https://static.www.nfl.com/image/private/f_auto,q_auto/league/rcygt2abgk6ipfin0g9t",MAR809286,,32004d41-5280-9286-bb7d-0ace0ea484b5,,,
1983,HOU,OL,G,74,ACT,Bruce Matthews,Bruce,Matthews,1961-08-08,77,276,,00-0010550,,,,,,,,,,"https://static.www.nfl.com/image/private/f_auto,q_auto/league/lwpxlqinrbtgchvk8uvb",MAT532814,,32004d41-5453-2814-2d51-b1549622bb0d,,,
1983,CLE,LB,OLB,0,ACT,Clay Matthews,William,Matthews,1956-03-15,74,230,,00-0010552,,,,,,,,,,"https://static.www.nfl.com/image/private/f_auto,q_auto/league/fwbsdl9tsqqopjndwj7k",MAT611169,,32004d41-5461-1169-f1aa-50dd6f136862,,,
1983,WAS,OL,G,0,ACT,Mark May,Mark,May,1959-11-02,78,288,,00-0010591,,,,,,,,,,"https://static.www.nfl.com/image/private/f_auto,q_auto/league/fnoicpwkorkzfrpim3xb",MAY125845,,32004d41-5912-5845-9e85-d078e42c6e9c,,,
1983,NYJ,OL,G,0,ACT,Reggie McElroy,Reginald,McElroy,1960-03-04,78,270,,00-0010829,,,,,,,,,,"https://static.www.nfl.com/image/private/f_auto,q_auto/league/s9pv0sktr4jep6vtaddm",MCE184574,,32004d43-4518-4574-a959-aa69c8fcd0f5,,,
1983,RAI,DB,FS,0,ACT,Vann McElroy,Vann,McElroy,1960-01-13,74,190,,00-0010830,,,,,,,,,,"https://static.www.nfl.com/image/private/f_auto,q_auto/league/jet5q8wozkbt5ufeine3",MCE276861,,32004d43-4527-6861-a674-2519e153e90f,,,
1983,SD,OL,C,0,ACT,Dennis McKnight,Dennis,McKnight,1959-09-12,75,273,,00-0010973,,,,,,,,,,"https://static.www.nfl.com/image/private/f_auto,q_auto/league/wz3fpnl4goojqmak4w0n",MCK711912,,32004d43-4b71-1912-79eb-6cad4770bd25,,,
1983,CHI,QB,QB,0,ACT,Jim McMahon,James,McMahon,1959-08-21,73,187,,00-0010997,,,,,,,,,,"https://static.www.nfl.com/image/private/f_auto,q_auto/league/lebvefpsnyrrseabqo3i",MCM166115,,32004d43-4d16-6115-ff3f-11cf4f57112c,,,
1983,CHI,DL,DT,0,ACT,Steve McMichael,Steve,McMichael,1957-10-17,74,245,,00-0011001,,,,,,,,,,"https://static.www.nfl.com/image/private/f_auto,q_auto/league/yjvs2gdbdgetv4c7jkpb",MCM299007,,32004d43-4d29-9007-c3e4-e0873e5aacd7,,,
1983,NYJ,RB,RB,0,ACT,Freeman McNeil,Freeman,McNeil,1959-04-22,71,216,,00-0011035,,,,,,,,,,"https://static.www.nfl.com/image/private/f_auto,q_auto/league/heaedw8ihtywzevb8wvg",MCN519105,,32004d43-4e51-9105-a7e9-71db3a6b17f5,,,
1983,DET,DB,CB,0,ACT,Bruce McNorton,Bruce,McNorton,1959-02-28,71,175,,00-0011042,,,,,,,,,,"https://static.www.nfl.com/image/private/f_auto,q_auto/league/rkxcnqwjpvdo9qdymnui",MCN761354,,32004d43-4e76-1354-b5d5-4880d6d4abc9,,,
1983,DEN,LB,LB,0,ACT,Karl Mecklenburg,Karl,Mecklenburg,1960-09-01,75,250,,00-0011082,,,,,,,,,,"https://static.www.nfl.com/image/private/f_auto,q_auto/league/bxjjfz7jx7bfvm1kclln",MEC553722,,32004d45-4355-3722-2b30-22f7aa9cd2b3,,,
1983,RAM,DL,NT,0,ACT,Greg Meisner,Gregory,Meisner,1959-04-23,75,253,,00-0011102,,,,,,,,,,"https://static.www.nfl.com/image/private/f_auto,q_auto/league/p0y4xhzgzwp5v6scfthd",MEI593270,,32004d45-4959-3270-f779-1b351a8a0e9d,,,
1983,PIT,LB,OLB,0,ACT,Mike Merriweather,Michael,Merriweather,1960-11-26,74,215,,00-0011140,,,,,,,,,,"https://static.www.nfl.com/image/private/f_auto,q_auto/league/cleutjc8fxbr3dkqflrx",MER622923,,32004d45-5262-2923-dd10-e3b0ad2950bb,,,
1983,SEA,TE,TE,0,ACT,Pete Metzelaars,Peter,Metzelaars,1960-05-24,79,240,,00-0011156,,,,,,,,,,"https://static.www.nfl.com/image/private/f_auto,q_auto/league/tfg14ohm2su1yr5hr3sd",MET593270,,32004d45-5459-3270-408f-58a4d1d2cb56,,,
1983,RAI,LB,ILB,0,ACT,Matt Millen,Matthew,Millen,1958-03-12,74,250,,00-0011231,,,,,,,,,,"https://static.www.nfl.com/image/private/f_auto,q_auto/league/smc0ujeksjw9cgflh5ja",MIL115122,,32004d49-4c11-5122-c3b2-3915a702ee88,,,
1983,ATL,OL,OT,0,ACT,Brett Miller,Brett,Miller,1958-10-02,79,290,,00-0011239,,,,,,,,,,"https://static.www.nfl.com/image/private/f_auto,q_auto/league/fvvhx6792y1oupqlgnkn",MIL148014,,32004d49-4c14-8014-f4f6-c51e3774ad8c,,,
1983,STL,RB,RB,0,ACT,Stump Mitchell,Lyvonia,Mitchell,1959-03-15,69,188,,00-0011437,,,,,,,,,,"https://static.www.nfl.com/image/private/f_auto,q_auto/league/cxnaemm0sfhqixlmhemy",MIT471408,,32004d49-5447-1408-89e5-e30908b87220,,,
1983,WAS,WR,WR,0,ACT,Art Monk,James,Monk,1957-12-05,75,209,,00-0011483,,,,,,,,,,"https://static.www.nfl.com/image/private/f_auto,q_auto/league/lhnetc7kndqwtytjysi3",MON230710,,32004d4f-4e23-0710-1d31-caef8f192a86,,,
1983,SF,QB,QB,0,ACT,Joe Montana,Joseph,Montana,1956-06-11,74,200,,00-0011493,,,,,,,,,,"https://static.www.nfl.com/image/private/f_auto,q_auto/league/ueq3x4ldeixk2h5wq3n7",MON392207,,32004d4f-4e39-2207-dc8d-f68a92cca5ac,,,
1983,NYG,RB,RB,0,ACT,Joe Morris,Joseph,Morris,1960-09-15,67,190,,00-0011685,,,,,,,,,,"https://static.www.nfl.com/image/private/f_auto,q_auto/league/eghc9nhfbt6o7yin73ra",MOR449175,,32004d4f-5244-9175-dbe7-5793d6cc2ab7,,,
1983,RAI,OL,G,0,ACT,Don Mosebar,Donald,Mosebar,1961-09-11,78,270,,00-0011732,,,,,,,,,,"https://static.www.nfl.com/image/private/f_auto,q_auto/league/wgtczp0rbfjdfpwojear",MOS059326,,32004d4f-5305-9326-84d1-a67fdf066dcf,,,
1983,NYG,TE,TE,0,ACT,Zeke Mowatt,Ezekiel,Mowatt,1961-03-05,75,238,,00-0011774,,,,,,,,,,"https://static.www.nfl.com/image/private/f_auto,q_auto/league/pzp8bdjpisphve4iju2z",MOW415291,,32004d4f-5741-5291-1545-ee92f4ebcdda,,,
1983,MIN,TE,TE,0,ACT,Mike Mularkey,Michael,Mularkey,1961-11-19,76,245,,00-0011799,,,,,,,,,,"https://static.www.nfl.com/image/private/f_auto,q_auto/league/b4ejsrdahvduzsivc5gt",MUL039551,,32004d55-4c03-9551-97dd-4711fcb801ca,,,
1983,HOU,OL,G,0,ACT,Mike Munchak,Michael,Munchak,1960-03-05,75,263,,00-0011819,,,,,,,,,,"https://static.www.nfl.com/image/private/f_auto,q_auto/league/omegshmowbqrxvq7uk8f",MUN075507,,32004d55-4e07-5507-7a53-9966e6dd9829,,,
1983,CIN,OL,OT,0,ACT,Anthony Munoz,Michael,Munoz,1958-08-19,78,278,,00-0011825,,,,,,,,,,"https://static.www.nfl.com/image/private/f_auto,q_auto/league/gxq4pfj2dmx0xp66te4j",MUN604056,,32004d55-4e60-4056-a42d-5876dafe64d5,,,
1983,DET,SPEC,K,0,ACT,Eddie Murray,Edward,Murray,1956-08-29,70,175,,00-0011859,,,,,,,,,,"https://static.www.nfl.com/image/private/f_auto,q_auto/league/bxywc4m8gikzzzbancry",MUR607740,,32004d55-5260-7740-9f22-1de17e7a4532,,,
1983,SEA,DL,NT,0,ACT,Joe Nash,Joseph,Nash,1960-10-11,75,250,,00-0011929,,,,,,,,,,"https://static.www.nfl.com/image/private/f_auto,q_auto/league/hzqvc7bmt9mmqfa26zhb",NAS138430,,32004e41-5313-8430-f89a-5eca8e73e15d,,,
1983,MIN,RB,RB,0,ACT,Darrin Nelson,Darrin,Nelson,1959-01-02,69,180,,00-0011997,,,,,,,,,,"https://static.www.nfl.com/image/private/f_auto,q_auto/league/hncynvsmnndttnutlszs",NEL249174,,32004e45-4c24-9174-8c97-cb8940b031fb,,,
1983,RAM,DB,FS,0,ACT,Vince Newsome,Vincent,Newsome,1961-01-22,73,179,,00-0012071,,,,,,,,,,"https://static.www.nfl.com/image/private/f_auto,q_auto/league/tuyyfqlzoj6pcg2wmsxe",NEW643032,,32004e45-5764-3032-4075-736544a54ffb,,,
1983,NYJ,QB,QB,0,ACT,Ken O'Brien,Kenneth,O'Brien,1960-11-27,76,210,,00-0012246,,,,,,,,,,"https://static.www.nfl.com/image/private/f_auto,q_auto/league/uvy0opr8dz2irype6l8l",OBR553720,,32004f42-5255-3720-ed24-753edec64aa6,,,
1983,BAL,LB,ILB,0,ACT,Cliff Odom,Clifton,Odom,1958-08-15,74,225,,00-0012306,,,,,,,,,,"https://static.www.nfl.com/image/private/f_auto,q_auto/league/zo3nufo8hzcsetle8u17",ODO063891,,32004f44-4f06-3891-a3a1-4dbf7d6de760,,,
1983,KC,WR,WR,0,ACT,Stephone Paige,Stephone,Paige,1961-10-15,74,180,,00-0012505,,,,,,,,,,"https://static.www.nfl.com/image/private/f_auto,q_auto/league/usrm2skbgazookufetfd",PAI415290,,32005041-4941-5290-768d-d6a2129de6c3,,,
1983,SF,OL,OT,0,ACT,Bubba Paris,William,Paris,1960-10-06,78,293,,00-0012542,,,,,,,,,,"https://static.www.nfl.com/image/private/f_auto,q_auto/league/sta0vnjbyzyhek1zigsx",PAR081696,,32005041-5208-1696-f9b3-10a1bf118168,,,
1983,RAI,DL,DE,0,ACT,Bill Pickel,William,Pickel,1959-11-05,77,255,,00-0012950,,,,,,,,,,"https://static.www.nfl.com/image/private/f_auto,q_auto/league/c0s3n6smd8qc0xslx4lz",PIC498348,,32005049-4349-8348-44a2-52c501ebc487,,,
1983,ATL,DL,DE,0,ACT,Mike Pitts,Michael,Pitts,1960-09-25,77,260,,00-0013017,,,,,,,,,,"https://static.www.nfl.com/image/private/f_auto,q_auto/league/stbintfokq8c3anisb5r",PIT553720,,32005049-5455-3720-7e2c-486cdaaf1cd6,,,
1983,ATL,LB,OLB,0,ACT,John Rade,John,Rade,1960-08-31,73,214,,00-0013356,,,,,,,,,,"https://static.www.nfl.com/image/private/f_auto,q_auto/league/cbmlgmemozdandcnt9gx",RAD118654,,32005241-4411-8654-25b2-5657f4ca0d42,,,
1983,NE,LB,ILB,0,ACT,Johnny Rembert,John,Rembert,1961-01-19,75,234,,00-0013583,,,,,,,,,,"https://static.www.nfl.com/image/private/f_auto,q_auto/league/ld7wwu0h11vhhcyxzake",REM166116,,32005245-4d16-6116-75a9-a52dbb554d39,,,
1983,NE,LB,LB,0,ACT,Ed Reynolds,Edward,Reynolds,1961-09-23,77,230,,00-0013613,,,,,,,,,,"https://static.www.nfl.com/image/private/f_auto,q_auto/league/q0kvkadmq3wph6nf9ch1",REY195428,,32005245-5919-5428-55a1-da70e1a860a4,,,
1983,ATL,RB,RB,0,ACT,Gerald Riggs,Gerald,Riggs,1960-11-06,73,230,,00-0013738,,,,,,,,,,"https://static.www.nfl.com/image/private/f_auto,q_auto/league/b95dwlkkxg4a63p4xz7d",RIG415288,,32005249-4741-5288-ed2e-3dbccb0990b9,,,
1983,BUF,OL,G,0,ACT,Jim Ritcher,James,Ritcher,1958-05-21,75,251,,00-0013771,,,,,,,,,,"https://static.www.nfl.com/image/private/f_auto,q_auto/league/x2pyqwhyca536cavt87n",RIT276861,,32005249-5427-6861-2258-96db088d841d,,,
1983,STL,OL,OT,0,ACT,Tootie Robbins,James,Robbins,1958-06-02,77,278,,00-0013802,,,,,,,,,,"https://static.www.nfl.com/image/private/f_auto,q_auto/league/pfa1qw7rivuu9fx1cquo",ROB036112,,3200524f-4203-6112-43bd-dd89d714ed8f,,,
1983,MIA,SPEC,P,0,ACT,Reggie Roby,Reginald,Roby,1961-07-30,75,243,,00-0013916,,,,,,,,,,"https://static.www.nfl.com/image/private/f_auto,q_auto/league/ptg4t5wyvmgpo2vc5agc",ROB821548,,3200524f-4282-1548-de4b-fed734194ce6,,,
1983,NYG,QB,QB,0,ACT,Jeff Rutledge,Jeffrey,Rutledge,1957-01-22,73,195,,00-0014208,,,,,,,,,,"https://static.www.nfl.com/image/private/f_auto,q_auto/league/fzvky5tblnydphnxfgsd",RUT738296,,32005255-5473-8296-6e1b-10928307ea4f,,,
1983,NYJ,QB,QB,0,ACT,Pat Ryan,Patrick,Ryan,1955-09-16,75,210,,00-0014225,,,,,,,,,,"https://static.www.nfl.com/image/private/f_auto,q_auto/league/ew5hmxj34sp3hdqpj8zw",RYA692150,,32005259-4169-2150-8262-b562101e8515,,,
1983,HOU,OL,OT,0,ACT,Harvey Salem,Harvey,Salem,1961-01-15,78,274,,00-0014266,,,,,,,,,,"https://static.www.nfl.com/image/private/f_auto,q_auto/league/cw9r706cgbquuuyika4y",SAL387604,,32005341-4c38-7604-99f1-d7611acd246f,,,
1983,ATL,OL,OT,0,ACT,Eric Sanders,Eric,Sanders,1958-10-22,78,255,,00-0014326,,,,,,,,,,"https://static.www.nfl.com/image/private/f_auto,q_auto/league/hwwtycwukfevtggou4ih",SAN300407,,32005341-4e30-0407-3d0c-37520305cac2,,,
1983,SF,OL,G,0,ACT,Jesse Sapolu,Manase,Sapolu,1961-03-10,76,260,,00-0014354,,,,,,,,,,"https://static.www.nfl.com/image/private/f_auto,q_auto/league/whhck5gdpbzevftjv0aa",SAP415290,,32005341-5041-5290-f891-991f6d1a1621,,,
1983,STL,OL,OT,0,ACT,Luis Sharpe,Luis,Sharpe,1960-06-16,77,260,,00-0014720,,,,,,,,,,"https://static.www.nfl.com/image/private/f_auto,q_auto/league/ljq3kd1phepixk38qkli",SHA447237,,32005348-4144-7237-b025-dcab3bbc1a8c,,,
1983,NYJ,TE,TE,0,ACT,Mickey Shuler,Mickey,Shuler,1956-08-21,75,236,,00-0014844,,,,,,,,,,"https://static.www.nfl.com/image/private/f_auto,q_auto/league/ii1j0fdjy5l4rjpnfwpp",SHU332232,,32005348-5533-2232-1fc1-4b189e27c700,,,
1983,NYG,QB,QB,0,ACT,Phil Simms,Phillip,Simms,1954-11-03,75,216,,00-0014922,,,,,,,,,,"https://static.www.nfl.com/image/private/f_auto,q_auto/league/lhzj6vxddl0epe3sj0h8",SIM342758,,32005349-4d34-2758-f408-34c93a91e732,,,
1983,CHI,LB,MLB,0,ACT,Mike Singletary,Michael,Singletary,1958-10-09,72,230,,00-0014988,,,,,,,,,,"https://static.www.nfl.com/image/private/f_auto,q_auto/league/ge7hvicgirmq04dvzm8u",SIN207644,,32005349-4e20-7644-a69b-c186d4a42e0d,,,
1983,PIT,WR,WR,0,ACT,Paul Skansi,Paul,Skansi,1960-01-11,71,190,,00-0015011,,,,,,,,,,"https://static.www.nfl.com/image/private/f_auto,q_auto/league/a8lddhfuhndz9rgubmnj",SKA415290,,3200534b-4141-5290-93cb-d7de1680d108,,,
1983,RAM,OL,OT,0,ACT,Jackie Slater,Jackie,Slater,1954-05-27,76,280,,00-0015035,,,,,,,,,,"https://static.www.nfl.com/image/private/f_auto,q_auto/league/m92iuko3ddgrhcwhnldy",SLA363377,,3200534c-4136-3377-13fe-7f321cb0819c,,,
1983,BUF,DL,NT,0,ACT,Fred Smerlas,Frederic,Smerlas,1957-04-08,75,270,,00-0015072,,,,,,,,,,"https://static.www.nfl.com/image/private/f_auto,q_auto/league/lfz95g1nqs3op24aaxij",SME664464,,3200534d-4566-4464-a7bd-1b1a8cdcb33f,,,
1983,SD,LB,ILB,0,ACT,Billy Ray Smith Jr.,Billy,Smith,1961-08-10,75,231,,00-0015102,,,,,,,,,,"https://static.www.nfl.com/image/private/f_auto,q_auto/league/lwlz9qdpdsfcwgadyaag",SMI069600,,3200534d-4906-9600-a98f-a6a263440a9b,,,
1983,DEN,DB,S,0,ACT,Dennis Smith,Dennis,Smith,1959-02-03,75,200,,00-0015146,,,,,,,,,,"https://static.www.nfl.com/image/private/f_auto,q_auto/league/pmntutaiaumrq4o3vdbx",SMI194880,,3200534d-4919-4880-8b02-a2311477a619,,,
1983,STL,DB,DB,0,ACT,Leonard Smith,Leonard,Smith,1960-09-02,71,190,,00-0015249,,,,,,,,,,"https://static.www.nfl.com/image/private/f_auto,q_auto/league/tcotahbkwz2zdmres0r6",SMI491840,,3200534d-4949-1840-ad2d-cf7e5fbb7abf,,,
1983,HOU,DL,NT,0,ACT,Brian Sochia,Brian,Sochia,1961-07-02,75,252,,00-0015380,,,,,,,,,,"https://static.www.nfl.com/image/private/f_auto,q_auto/league/twdsphh4epitoulfkvqa",SOC415291,,3200534f-4341-5291-efee-94ac0b54a599,,,
1983,BAL,SPEC,P,0,ACT,Rohn Stark,Rohn,Stark,1959-05-04,75,195,,00-0015572,,,,,,,,,,"https://static.www.nfl.com/image/private/f_auto,q_auto/league/qfft9qxvqwqfkzv9cq0g",STA558256,,32005354-4155-8256-92a7-1883fdbfe0d3,,,
1983,PIT,QB,QB,0,ACT,Cliff Stoudt,Clifford,Stoudt,1955-03-27,76,215,,00-0015777,,,,,,,,,,"https://static.www.nfl.com/image/private/f_auto,q_auto/league/lhkeihzoy2tletzrlfn9",STO672632,,32005354-4f67-2632-d451-0507ae7113fb,,,
1983,PHI,DL,DE,0,ACT,Thomas Strauthers,Thomas,Strauthers,1961-04-06,76,255,,00-0015806,,,,,,,,,,"https://static.www.nfl.com/image/private/f_auto,q_auto/league/dw8qo72ib9dtd5olfwts",STR267463,,32005354-5226-7463-c9be-1bfa6121f231,,,
1983,BUF,LB,LB,0,ACT,Darryl Talley,Darryl,Talley,1960-07-10,76,231,,00-0016029,,,,,,,,,,"https://static.www.nfl.com/image/private/f_auto,q_auto/league/y8mr0c7ltwaqy5m4vstp",TAL533943,,32005441-4c53-3943-b77f-ef7a1b507bbb,,,
1983,NYG,LB,OLB,0,ACT,Lawrence Taylor,Lawrence,Taylor,1959-02-04,75,237,,00-0016128,,,,,,,,,,"https://static.www.nfl.com/image/private/f_auto,q_auto/league/iecfuykbns6xh1znmd9c",TAY508500,,32005441-5950-8500-bfae-ca45a296ec9c,,,
1983,BAL,DL,DE,0,ACT,Donnell Thompson,Lawrence,Thompson,1958-10-27,76,254,,00-0016375,,,,,,,,,,"https://static.www.nfl.com/image/private/f_auto,q_auto/league/ez39x1ckfmzr8kiyz2fh",THO618324,,32005448-4f61-8324-9407-ef3a51f04c5a,,,
1983,NO,TE,TE,0,ACT,John Tice,John,Tice,1960-06-22,77,242,,00-0016456,,,,,,,,,,"https://static.www.nfl.com/image/private/f_auto,q_auto/league/hf3jxidiucv3jkhczacc",TIC276861,,32005449-4327-6861-fdaf-5bf1a25a7959,,,
1983,SEA,TE,TE,0,ACT,Mike Tice,Michael,Tice,1959-02-02,79,250,,00-0016457,,,,,,,,,,"https://static.www.nfl.com/image/private/f_auto,q_auto/league/bwznyn9jyntlfwagub5o",TIC553722,,32005449-4355-3722-4599-b756f5505ee6,,,
1983,NE,LB,OLB,0,ACT,Andre Tippett,Andre,Tippett,1959-12-27,75,231,,00-0016495,,,,,,,,,,"https://static.www.nfl.com/image/private/f_auto,q_auto/league/zcovthmmsi7sahgvxnq8",TIP103822,,32005449-5010-3822-5523-7f4f50799f3e,,,
1983,RAI,DL,DE,0,ACT,Greg Townsend,Gregory,Townsend,1961-11-03,75,240,,00-0016578,,,,,,,,,,"https://static.www.nfl.com/image/private/f_auto,q_auto/league/hwnynib0tdt4x60kb2ox",TOW702801,,3200544f-5770-2801-aafc-f34bf193a3a0,,,
1983,DAL,DL,DT,71,ACT,Mark Tuinei,Mark,Tuinei,1960-03-31,77,270,,00-0016673,,,,,,,,,,"https://static.www.nfl.com/image/private/f_auto,q_auto/league/oozrmjs8rmzu1dyxqrsh",TUI498348,,32005455-4949-8348-1d81-80d78dfcb075,,,
1983,DEN,OL,OT,0,ACT,Keith Uecker,Richard,Uecker,1960-06-20,77,260,,00-0016779,,,,,,,,,,"https://static.www.nfl.com/image/private/f_auto,q_auto/league/b1npufzicbouy3tft5tn",UEC415291,,32005545-4341-5291-73a5-5cc7f9f5680a,,,
1983,CHI,OL,OT,0,ACT,Keith Van Horne,Keith,Van Horne,1957-11-06,78,265,,00-0016823,,,,,,,,,,"https://static.www.nfl.com/image/private/f_auto,q_auto/league/o16iqsh39frrswucv4dm",VAN606096,,32005641-4e60-6096-61dc-ef674257f726,,,
1983,DAL,DB,CB,0,ACT,Everson Walls,Everson,Walls,1959-12-28,73,194,,00-0017104,,,,,,,,,,"https://static.www.nfl.com/image/private/f_auto,q_auto/league/hgtm9082ywudgwu3p1qa",WAL543048,,32005741-4c54-3048-1b3e-20e865897d30,,,
1983,DAL,LB,LB,0,ACT,Michael Walter,Michael,Walter,1960-11-30,75,230,,00-0017128,,,,,,,,,,"https://static.www.nfl.com/image/private/f_auto,q_auto/league/wa2xxjwn6jbsyft5elcx",WAL654852,,32005741-4c65-4852-659b-53ef28a3b13c,,,
1983,WAS,TE,TE,0,ACT,Don Warren,Donald,Warren,1956-05-05,76,242,,00-0017212,,,,,,,,,,"https://static.www.nfl.com/image/private/f_auto,q_auto/league/wcabs11zkwaq9eaxzbj3",WAR611996,,32005741-5261-1996-a79a-298855f7dd81,,,
1983,NO,DL,DE,0,ACT,Frank Warren,Frank,Warren,1959-09-14,76,275,,00-0017213,,,,,,,,,,"https://static.www.nfl.com/image/private/f_auto,q_auto/league/zo6jgr1fnrl4praq7rcj",WAR633853,,32005741-5263-3853-518e-71814edcd73b,,,
1983,STL,DB,CB,0,ACT,Lionel Washington,Lionel,Washington,1960-10-21,72,184,,00-0017256,,,,,,,,,,"https://static.www.nfl.com/image/private/f_auto,q_auto/league/qt1y6himlxnfozdekhvl",WAS511128,,32005741-5351-1128-3896-f6a5bbe17ac4,,,
1983,NO,DB,CB,0,ACT,Dave Waymer,David,Waymer,1958-07-01,73,195,,00-0017339,,,,,,,,,,"https://static.www.nfl.com/image/private/f_auto,q_auto/league/cru3vme0xcqkhu8wycqj",WAY415290,,32005741-5941-5290-34d1-43634d461319,,,
1983,NE,WR,WR,0,ACT,Clarence Weathers,Clarence,Weathers,1962-01-10,69,170,,00-0017343,,,,,,,,,,"https://static.www.nfl.com/image/private/f_auto,q_auto/league/jzb6xucn8dwwjcbbohg6",WEA276857,,32005745-4127-6857-c7e5-369b7aa42039,,,
1983,RAM,LB,LB,0,ACT,Mike Wilcher,Michael,Wilcher,1960-03-20,75,235,,00-0017657,,,,,,,,,,"https://static.www.nfl.com/image/private/f_auto,q_auto/league/siipisfww5hhfqpmphvf",WIL016155,,32005749-4c01-6155-a1a0-7431e9f7314c,,,
1983,NO,DL,DE,0,ACT,Jim Wilks,Jimmy,Wilks,1958-03-12,77,252,,00-0017703,,,,,,,,,,"https://static.www.nfl.com/image/private/f_auto,q_auto/league/fmuzzeate790yodr7njx",WIL106623,,32005749-4c10-6623-4548-ee15fbcc0fba,,,
1983,STL,TE,TE,0,ACT,Jamie Williams,Jamie,Williams,1960-02-25,76,230,,00-0017823,,,,,,,,,,"https://static.www.nfl.com/image/private/f_auto,q_auto/league/tfr9dcfdjybqjz5xhae5",WIL345717,,32005749-4c34-5717-db91-0aa9af8f8a8e,,,
1983,PIT,DL,DE,0,ACT,Keith Willis,Keith,Willis,1959-07-29,73,251,,00-0017978,,,,,,,,,,"https://static.www.nfl.com/image/private/f_auto,q_auto/league/d2vh2dkjfiqulz410acn",WIL604197,,32005749-4c60-4197-e938-0693864961ea,,,
1983,MIN,QB,QB,0,ACT,Wade Wilson,Charles,Wilson,1959-02-01,75,210,,00-0018073,,,,,,,,,,"https://static.www.nfl.com/image/private/f_auto,q_auto/league/jqkevkzjckstueaaha3z",WIL662355,,32005749-4c66-2355-664a-d30870613cfa,,,
1983,PIT,OL,G,0,ACT,Craig Wolfley,Craig,Wolfley,1958-05-19,73,265,,00-0018158,,,,,,,,,,"https://static.www.nfl.com/image/private/f_auto,q_auto/league/y6ewtrfuvuvdtugzla3j",WOL447237,,3200574f-4c44-7237-56e3-b718e20961c3,,,
1983,ATL,DB,FS,0,ACT,Jim Britt,James,Britt,1960-09-12,72,185,,,,,,,,,,,,"https://static.www.nfl.com/image/private/f_auto,q_auto/league/bw2ftfkurl0ahsbbuqyh",,,,,,
1983,DAL,QB,QB,0,ACT,Glenn Carano,Glenn,Carano,1955-11-18,75,201,,,,,,,,,,,,"https://static.www.nfl.com/image/private/f_auto,q_auto/league/tpsrhddvz1jlvekntyu5",,,,,,
1983,ATL,DB,DB,0,ACT,Blane Gaison,Blane,Gaison,1958-05-13,72,185,,,,,,,,,,,,"https://static.www.nfl.com/image/private/f_auto,q_auto/league/usab6lzbnku3shtiwmkv",,,,,,
1983,ATL,DB,FS,0,ACT,Bob Glazebrook,Robert,Glazebrook,1956-03-07,73,200,,,,,,,,,,,,"https://static.www.nfl.com/image/private/f_auto,q_auto/league/tl48l03p4ebemautvnpq",,,,,,
1983,ATL,DB,DB,0,ACT,Steve Haworth,Steven,Haworth,1961-09-16,71,189,,,,,,,,,,,,"https://static.www.nfl.com/image/private/f_auto,q_auto/league/lab8tarfbzmywwzoyzmc",,,,,,
1983,ATL,DB,CB,0,ACT,Kenny Johnson,Kenneth,Johnson,1958-01-07,70,176,,,,,,,,,,,,"https://static.www.nfl.com/image/private/f_auto,q_auto/league/podfkoyt9zkhqzwfojhd",,,,,,
1983,ATL,DB,DB,0,ACT,Earl Jones,Darrel,Jones,1957-07-19,72,178,,,,,,,,,,,,"https://static.www.nfl.com/image/private/f_auto,q_auto/league/ubo0n0itlebu6lbsfuwj",,,,,,
1983,ATL,DB,S,0,ACT,Tom Pridemore,Lawrence,Pridemore,1956-04-29,70,186,,,,,,,,,,,,"https://static.www.nfl.com/image/private/f_auto,q_auto/league/pgohjq6ldvprmxfhn9h4",,,,,,
1983,ATL,DB,DB,0,ACT,Tom Tutson,Thomas,Tutson,1958-05-20,73,180,,,,,,,,,,,,"https://static.www.nfl.com/image/private/f_auto,q_auto/league/yk6f1ob1m5vrrn4xnnlq",,,,,,
1983,ATL,DL,DT,0,ACT,Dan Benish,Daniel,Benish,1960-11-21,77,259,,,,,,,,,,,,"https://static.www.nfl.com/image/private/f_auto,q_auto/league/vnqo2hr7681favk6gjuf",,,,,,
1983,ATL,DL,DE,0,ACT,Jeff Merrow,Jeffrey,Merrow,1953-07-12,76,236,,,,,,,,,,,,"https://static.www.nfl.com/image/private/f_auto,q_auto/league/iltwggoplio3akat0rty",,,,,,
1983,DAL,SPEC,K,0,ACT,Rafael Septien,Jose,Septien,1953-12-12,70,171,,,,,,,,,,,,"https://static.www.nfl.com/image/private/f_auto,q_auto/league/x3uyerf2vorrozuz0tqm",,,,,,
1983,ATL,DL,DT,0,ACT,Andrew Provence,Andrew,Provence,1961-03-08,75,265,,,,,,,,,,,,"https://static.www.nfl.com/image/private/f_auto,q_auto/league/rcootaqrud7cpciso6i8",,,,,,
1983,ATL,DL,DE,0,TRC,Doug Rogers,Douglas,Rogers,1960-06-23,77,255,,,,,,,,,,,,"https://static.www.nfl.com/image/private/f_auto,q_auto/league/oujtc9qixkrum6sswegp",,,,,,
1983,ATL,DL,DT,0,ACT,Don Smith,Donald,Smith,1957-05-09,77,248,,,,,,,,,,,,"https://static.www.nfl.com/image/private/f_auto,q_auto/league/g0cb16y46yg1g7fm5p2d",,,,,,
1983,ATL,DL,DE,0,ACT,Jeff Yeates,Jeffrey,Yeates,1951-08-03,75,248,,,,,,,,,,,,"https://static.www.nfl.com/image/private/f_auto,q_auto/league/cmlfisdfncrvyrl70iwt",,,,,,
1983,ATL,DL,DT,0,ACT,Mike Zele,Michael,Zele,1956-07-03,75,239,,,,,,,,,,,,"https://static.www.nfl.com/image/private/f_auto,q_auto/league/woy72bzuhr6xtrv5y0qw",,,,,,
1983,ATL,LB,OLB,0,ACT,Buddy Curry,George,Curry,1958-06-04,76,221,,,,,,,,,,,,"https://static.www.nfl.com/image/private/f_auto,q_auto/league/lp62onmpqksx4hkr3t8z",,,,,,
1983,ATL,LB,LB,0,ACT,Rich Dixon,Richard,Dixon,1959-08-06,74,235,,,,,,,,,,,,"https://static.www.nfl.com/image/private/f_auto,q_auto/league/qbtrdjo6b7x1cw6iddyo",,,,,,
1983,ATL,LB,OLB,0,ACT,David Frye,David,Frye,1961-06-21,74,200,,,,,,,,,,,,"https://static.www.nfl.com/image/private/f_auto,q_auto/league/nxjhhba7ybruoqf3liwe",,,,,,
1983,ATL,LB,LB,0,ACT,John Harper,John,Harper,1960-06-12,75,230,,,,,,,,,,,,"https://static.www.nfl.com/image/private/f_auto,q_auto/league/sq0rxhixbwq4b9rq1kyc",,,,,,
1983,ATL,LB,MLB,0,ACT,Fulton Kuykendall,Fulton,Kuykendall,1953-06-10,76,210,,,,,,,,,,,,"https://static.www.nfl.com/image/private/f_auto,q_auto/league/fjagee0vfo4kszzsk3sb",,,,,,
1983,ATL,LB,LB,0,ACT,Dave Levenick,David,Levenick,1959-05-28,75,222,,,,,,,,,,,,"https://static.www.nfl.com/image/private/f_auto,q_auto/league/shm6vqyyvr6pwdmddnpn",,,,,,
1983,DEN,DB,FS,0,ACT,Roger Jackson,Roger,Jackson,1959-02-28,72,186,,,,,,,,,,,,"https://static.www.nfl.com/image/private/f_auto,q_auto/league/gumhug68rkzd3xc84jnv",,,,,,
1983,ATL,LB,OLB,0,ACT,Al Richardson,Alpette,Richardson,1957-09-23,74,206,,,,,,,,,,,,"https://static.www.nfl.com/image/private/f_auto,q_auto/league/mqgei2mjdmcwlazyrbpk",,,,,,
1983,ATL,OL,OT,0,ACT,Warren Bryant,Warren,Bryant,1955-11-11,78,270,,,,,,,,,,,,"https://static.www.nfl.com/image/private/f_auto,q_auto/league/iui5sqibjnox78nq4sg5",,,,,,
1983,ATL,OL,G,0,ACT,Dan Dufour,Daniel,Dufour,1960-10-18,77,287,,,,,,,,,,,,"https://static.www.nfl.com/image/private/f_auto,q_auto/league/kwipsnk250zirphfefxx",,,,,,
1983,ATL,OL,G,0,TRC,Pat Howell,Patrick,Howell,1957-03-12,77,253,,,,,,,,,,,,"https://static.www.nfl.com/image/private/f_auto,q_auto/league/hax37u96i2inxicib2zk",,,,,,
1983,DEN,DB,CB,0,ACT,Louis Wright,Louis,Wright,1953-01-31,74,200,,,,,,,,,,,,"https://static.www.nfl.com/image/private/f_auto,q_auto/league/etvdhxbzk7ztcm8kmfip",,,,,,
1983,DEN,DL,DE,0,ACT,Walt Bowyer,Walter,Bowyer,1960-09-08,76,245,,,,,,,,,,,,"https://static.www.nfl.com/image/private/f_auto,q_auto/league/uuis0hmuwyspasfwkqai",,,,,,
1983,DEN,DL,NT,0,ACT,Rubin Carter,Rubin,Carter,1952-12-12,72,256,,,,,,,,,,,,"https://static.www.nfl.com/image/private/f_auto,q_auto/league/g2cwkiiydnuptcknj18c",,,,,,
1983,DEN,DL,DE,0,ACT,Barney Chavous,Barney,Chavous,1951-03-22,75,252,,,,,,,,,,,,"https://static.www.nfl.com/image/private/f_auto,q_auto/league/fx5fikpurkbtokrcucor",,,,,,
1983,ATL,OL,G,0,ACT,John Scully,John,Scully,1958-08-02,78,255,,,,,,,,,,,,"https://static.www.nfl.com/image/private/f_auto,q_auto/league/ewvea4n9ia9j9mo7ryu2",,,,,,
1983,ATL,OL,G,0,ACT,R.C. Thielemann,Ray,Thielemann,1955-08-12,76,247,,,,,,,,,,,,"https://static.www.nfl.com/image/private/f_auto,q_auto/league/skwbccybytgpwas5ypz6",,,,,,
1983,ATL,OL,C,0,ACT,Jeff Van Note,Jeffrey,Van Note,1946-02-07,74,247,,,,,,,,,,,,"https://static.www.nfl.com/image/private/f_auto,q_auto/league/tos5d0w8swgxegbtbela",,,,,,
1983,ATL,QB,QB,0,ACT,Steve Bartkowski,Steven,Bartkowski,1952-11-12,76,213,,,,,,,,,,,,"https://static.www.nfl.com/image/private/f_auto,q_auto/league/vezswr0hfnk222ok87ju",,,,,,
1983,ATL,QB,QB,0,ACT,Mike Moroski,Michael,Moroski,1957-09-04,76,200,,,,,,,,,,,,"https://static.www.nfl.com/image/private/f_auto,q_auto/league/ilrc9rsovxara03fog9o",,,,,,
1983,ATL,RB,RB,0,ACT,William Andrews,William,Andrews,1955-12-25,72,200,,,,,,,,,,,,"https://static.www.nfl.com/image/private/f_auto,q_auto/league/giqzoqdifmvfrgskpcck",,,,,,
1983,ATL,RB,RB,0,ACT,Reggie Brown,Reginald,Brown,1960-03-12,71,211,,,,,,,,,,,,"https://static.www.nfl.com/image/private/f_auto,q_auto/league/pgen0rec0el7wv16rgkh",,,,,,
1983,ATL,RB,RB,0,ACT,Lynn Cain,Lynn,Cain,1955-10-16,73,205,,,,,,,,,,,,"https://static.www.nfl.com/image/private/f_auto,q_auto/league/hehjobp4p1ixfyk6ikvu",,,,,,
1983,DEN,LB,OLB,0,ACT,Tom Jackson,Thomas,Jackson,1951-04-04,71,220,,,,,,,,,,,,"https://static.www.nfl.com/image/private/f_auto,q_auto/league/p5jr2ksnffg6maea4c0u",,,,,,
1983,ATL,RB,RB,0,ACT,Bo Robinson,Melvin,Robinson,1956-05-27,74,225,,,,,,,,,,,,"https://static.www.nfl.com/image/private/f_auto,q_auto/league/ysgcoshxhlqzg1vtnlga",,,,,,
1983,ATL,RB,RB,0,ACT,Richard Williams,Richard,Williams,1960-08-13,72,205,,,,,,,,,,,,"https://static.www.nfl.com/image/private/f_auto,q_auto/league/izitpt8fbklubvlsussi",,,,,,
1983,ATL,SPEC,P,0,ACT,Ralph Giacomarro,Ralph,Giacomarro,1961-01-17,73,190,,,,,,,,,,,,"https://static.www.nfl.com/image/private/f_auto,q_auto/league/ojlccwqbvygnzbwqdagd",,,,,,
1983,ATL,SPEC,K,0,ACT,Mick Luckhurst,Michael,Luckhurst,1958-03-31,73,180,,,,,,,,,,,,"https://static.www.nfl.com/image/private/f_auto,q_auto/league/e6euwcf2vx0xpymjytym",,,,,,
1983,DEN,OL,G,0,ACT,Jerry Baker,Jerry,Baker,1960-03-06,74,297,,,,,,,,,,,,"https://static.www.nfl.com/image/private/f_auto,q_auto/league/qpdle1kzayxrlhwjggpc",,,,,,
1983,ATL,TE,TE,0,ACT,Allama Matthews,Allama,Matthews,1961-08-24,75,230,,,,,,,,,,,,"https://static.www.nfl.com/image/private/f_auto,q_auto/league/ndbnmwgbshizyalazonc",,,,,,
1983,ATL,TE,TE,0,ACT,Junior Miller,Selvia,Miller,1957-11-26,76,235,,,,,,,,,,,,"https://static.www.nfl.com/image/private/f_auto,q_auto/league/byvfuiz5ppvnj7z1aurc",,,,,,
1983,ATL,TE,TE,0,ACT,Ben Young,Benjamin,Young,1960-01-13,76,225,,,,,,,,,,,,"https://static.www.nfl.com/image/private/f_auto,q_auto/league/rsyvk3bfh4d9s3cj0x7a",,,,,,
1983,ATL,WR,WR,0,ACT,Stacey Bailey,Stacey,Bailey,1960-02-10,72,162,,,,,,,,,,,,"https://static.www.nfl.com/image/private/f_auto,q_auto/league/aqwut79wcte6eb3xpiwr",,,,,,
1983,ATL,WR,WR,0,ACT,Willie Curran,William,Curran,1959-12-30,70,175,,,,,,,,,,,,"https://static.www.nfl.com/image/private/f_auto,q_auto/league/acuenvafz9ossmiaiqqb",,,,,,
1983,ATL,WR,WR,0,ACT,Floyd Hodge,Floyd,Hodge,1959-07-18,72,195,,,,,,,,,,,,"https://static.www.nfl.com/image/private/f_auto,q_auto/league/ur4gcoezv2bxiv2gumo6",,,,,,
1983,ATL,WR,WR,0,ACT,Alfred Jackson,Alfred,Jackson,1955-08-03,71,176,,,,,,,,,,,,"https://static.www.nfl.com/image/private/f_auto,q_auto/league/t1is1z5lytawrmiknsnj",,,,,,
1983,ATL,WR,WR,0,ACT,Alfred Jenkins,Alfred,Jenkins,1952-01-25,70,170,,,,,,,,,,,,"https://static.www.nfl.com/image/private/f_auto,q_auto/league/pt8gfvqimtobjlvhet0n",,,,,,
1983,ATL,WR,WR,0,ACT,Billy Johnson,William,Johnson,1952-01-27,69,170,,,,,,,,,,,,"https://static.www.nfl.com/image/private/f_auto,q_auto/league/th3wsugu08xgopwdevbl",,,,,,
1983,BAL,DB,FS,0,ACT,Kim Anderson,Kim,Anderson,1957-07-19,71,172,,,,,,,,,,,,"https://static.www.nfl.com/image/private/f_auto,q_auto/league/smb0htwcj3uctbigdpf5",,,,,,
1983,BAL,DB,S,0,ACT,Larry Anderson,Lawrence,Anderson,1956-09-25,71,177,,,,,,,,,,,,"https://static.www.nfl.com/image/private/f_auto,q_auto/league/fuayxzsxtokergrf2dry",,,,,,
1983,BAL,DB,CB,0,ACT,James Burroughs,James,Burroughs,1958-01-21,73,190,,,,,,,,,,,,"https://static.www.nfl.com/image/private/f_auto,q_auto/league/l8goo609vl1gnwr1zjcm",,,,,,
1983,BAL,DB,S,0,ACT,Jeff Delaney,Jeffrey,Delaney,1956-10-25,72,195,,,,,,,,,,,,"https://static.www.nfl.com/image/private/f_auto,q_auto/league/azykeoasonbs50ezcf9x",,,,,,
1983,DEN,RB,RB,0,ACT,Rob Lytle,Robert,Lytle,1954-11-12,73,198,,,,,,,,,,,,"https://static.www.nfl.com/image/private/f_auto,q_auto/league/rtgzdtnvzzy5mqj7nj5x",,,,,,
1983,BAL,DB,CB,0,TRD,Derrick Hatchett,Derrick,Hatchett,1958-08-14,71,182,,,,,,,,,,,,"https://static.www.nfl.com/image/private/f_auto,q_auto/league/pkgevxawegv2izegficu",,,,,,
1983,BAL,DB,S,0,ACT,Mark Kafentzis,Mark,Kafentzis,1958-06-30,70,185,,,,,,,,,,,,"https://static.www.nfl.com/image/private/f_auto,q_auto/league/l70eedemeqvawfwsgja7",,,,,,
1983,BAL,DB,CB,0,ACT,Tate Randle,Ernest,Randle,1959-08-15,72,197,,,,,,,,,,,,"https://static.www.nfl.com/image/private/f_auto,q_auto/league/nsuksixyvbdibvl6rz22",,,,,,
1983,BAL,DB,DB,0,ACT,Marco Tongue,Marco,Tongue,1960-04-06,69,180,,,,,,,,,,,,"https://static.www.nfl.com/image/private/f_auto,q_auto/league/vod0tjbmc841ddddarya",,,,,,
1983,BAL,DB,CB,0,ACT,Kendall Williams,Kendall,Williams,1959-02-07,69,190,,,,,,,,,,,,"https://static.www.nfl.com/image/private/f_auto,q_auto/league/lm5tbobbanzazx5maexl",,,,,,
1983,BAL,DL,DE,0,ACT,Quinton Ballard,Quinton,Ballard,1960-11-18,75,289,,,,,,,,,,,,"https://static.www.nfl.com/image/private/f_auto,q_auto/league/doeo6r1a2r1yhd5eebzt",,,,,,
1983,BAL,DL,NT,0,ACT,Earnest Barnes,Earnest,Barnes,1961-02-10,76,262,,,,,,,,,,,,"https://static.www.nfl.com/image/private/f_auto,q_auto/league/iobpjaotaxynp0pl71aj",,,,,,
1983,BAL,DL,DE,0,ACT,Mark Bell,Mark,Bell,1957-08-30,77,235,,,,,,,,,,,,"https://static.www.nfl.com/image/private/f_auto,q_auto/league/c5yjzgqi7tp3sny70yzu",,,,,,
1983,BAL,DL,DE,0,ACT,Steve Parker,Steven,Parker,1959-09-21,76,250,,,,,,,,,,,,"https://static.www.nfl.com/image/private/f_auto,q_auto/league/v8jvtcmlwg7bjfrw1evk",,,,,,
1983,BAL,DL,DE,0,ACT,Hosea Taylor,Hosea,Taylor,1958-12-03,77,255,,,,,,,,,,,,"https://static.www.nfl.com/image/private/f_auto,q_auto/league/zzbvyeook7rupjl4opcz",,,,,,
1983,DEN,TE,TE,0,ACT,Riley Odoms,Riley,Odoms,1950-03-01,76,230,,,,,,,,,,,,"https://static.www.nfl.com/image/private/f_auto,q_auto/league/xwhfsosc1mj3sa6mzrfg",,,,,,
1983,BAL,DL,DE,0,ACT,Henry Waechter,Henry,Waechter,1959-02-13,77,270,,,,,,,,,,,,"https://static.www.nfl.com/image/private/f_auto,q_auto/league/k1as0htkddxeeocbsaxq",,,,,,
1983,BAL,DL,NT,0,ACT,Leo Wisniewski,Leo,Wisniewski,1959-11-06,73,263,,,,,,,,,,,,"https://static.www.nfl.com/image/private/f_auto,q_auto/league/zcb1pstryendjr7a37ep",,,,,,
1983,BAL,LB,OLB,0,ACT,Greg Bracelin,Gregory,Bracelin,1957-04-16,73,218,,,,,,,,,,,,"https://static.www.nfl.com/image/private/f_auto,q_auto/league/wm45dbaqdkiiioqd3jxd",,,,,,
1983,DEN,WR,WR,0,ACT,Zach Thomas,Zachary,Thomas,1960-09-08,72,182,,,,,,,,,,,,"https://static.www.nfl.com/image/private/f_auto,q_auto/league/oa296takgvwn4gojajtp",,,,,,
1983,BAL,LB,LB,0,ACT,Ricky Jones,Broderick,Jones,1955-03-09,73,211,,,,,,,,,,,,"https://static.www.nfl.com/image/private/f_auto,q_auto/league/vusd66pwgao6txtnajxz",,,,,,
1983,BAL,LB,ILB,0,ACT,Barry Krauss,Richard,Krauss,1957-03-17,75,232,,,,,,,,,,,,"https://static.www.nfl.com/image/private/f_auto,q_auto/league/vvg6wjboszaytgpxfa37",,,,,,
1983,BAL,LB,OLB,0,ACT,Vernon Maxwell,Vernon,Maxwell,1961-10-25,74,225,,,,,,,,,,,,"https://static.www.nfl.com/image/private/f_auto,q_auto/league/p2uwz9cqatgnatylktop",,,,,,
1983,DET,DB,DB,0,ACT,Hector Gray,Hector,Gray,1957-01-02,73,192,,,,,,,,,,,,"https://static.www.nfl.com/image/private/f_auto,q_auto/league/btisakntejrqntidrcus",,,,,,
1983,BAL,LB,LB,0,ACT,Gary Padjen,Gary,Padjen,1958-07-02,74,240,,,,,,,,,,,,"https://static.www.nfl.com/image/private/f_auto,q_auto/league/ps1brhxkofadbknnrolo",,,,,,
1983,BAL,LB,LB,0,ACT,Sanders Shiver,Sanders,Shiver,1954-02-14,74,227,,,,,,,,,,,,"https://static.www.nfl.com/image/private/f_auto,q_auto/league/yawp28whjkkktmmsuzpl",,,,,,
1983,BAL,OL,OT,0,ACT,Sid Abramowitz,Sidney,Abramowitz,1960-05-21,78,280,,,,,,,,,,,,"https://static.www.nfl.com/image/private/f_auto,q_auto/league/nmlfrhy6vggpm6msftwy",,,,,,
1983,BAL,OL,OT,0,ACT,Karl Baldischwiler,John,Baldischwiler,1956-01-19,77,265,,,,,,,,,,,,"https://static.www.nfl.com/image/private/f_auto,q_auto/league/c8dwbqoqf7j3ujosrrtg",,,,,,
1983,NE,OL,OT,0,ACT,Darryl Haley,Darryl,Haley,1961-02-16,76,279,,,,,,,,,,,,"https://static.www.nfl.com/image/private/f_auto,q_auto/league/ssbhnizs4nac9yvbxjx1",,,,,,
1983,DET,DB,DB,0,ACT,Dan Wagoner,Daniel,Wagoner,1959-12-12,70,177,,,,,,,,,,,,"https://static.www.nfl.com/image/private/f_auto,q_auto/league/ltj1rilngypebstspf5b",,,,,,
1983,BAL,OL,OT,0,ACT,Jeff Hart,Jeffery,Hart,1953-09-10,77,266,,,,,,,,,,,,"https://static.www.nfl.com/image/private/f_auto,q_auto/league/qzp01l3icjesn79rh0nd",,,,,,
1983,NE,OL,C,0,ACT,Art Kuehn,Arthur,Kuehn,1953-02-12,75,257,,,,,,,,,,,,"https://static.www.nfl.com/image/private/f_auto,q_auto/league/pxvpm4e6whptwypkxg2u",,,,,,
1983,BAL,OL,OT,0,ACT,Lindsey Mason,Lindsey,Mason,1955-08-01,77,265,,,,,,,,,,,,"https://static.www.nfl.com/image/private/f_auto,q_auto/league/qx4z5lqx3odrfh51hf8g",,,,,,
1983,BAL,OL,OT,0,ACT,Jim Mills,James,Mills,1961-09-23,81,270,,,,,,,,,,,,"https://static.www.nfl.com/image/private/f_auto,q_auto/league/alpzz97zbxxvgz7xfqqq",,,,,,
1983,BAL,OL,G,0,ACT,Ben Utt,Benjamin,Utt,1959-06-13,77,255,,,,,,,,,,,,"https://static.www.nfl.com/image/private/f_auto,q_auto/league/zhaywyuzyvawelzjqxzh",,,,,,
1983,BAL,OL,G,0,ACT,Steve Wright,Stephen,Wright,1959-04-08,78,263,,,,,,,,,,,,"https://static.www.nfl.com/image/private/f_auto,q_auto/league/g0k3ftmsgfonvjz3bosh",,,,,,
1983,DET,DL,DE,0,ACT,Curtis Green,Curtis,Green,1957-06-03,75,256,,,,,,,,,,,,"https://static.www.nfl.com/image/private/f_auto,q_auto/league/m1nemxaz2fcznt8re6a7",,,,,,
1983,BAL,QB,QB,0,ACT,Mike Pagel,Michael,Pagel,1960-09-13,74,201,,,,,,,,,,,,"https://static.www.nfl.com/image/private/f_auto,q_auto/league/sjcjnlxuxwllgtthxkwm",,,,,,
1983,BAL,QB,QB,0,ACT,Mark Reed,Mark,Reed,1959-02-21,75,195,,,,,,,,,,,,"https://static.www.nfl.com/image/private/f_auto,q_auto/league/w9mgimdar0qgpqto3mia",,,,,,
1983,BAL,QB,QB,0,ACT,Jim Bob Taylor,James,Taylor,1959-09-09,74,205,,,,,,,,,,,,"https://static.www.nfl.com/image/private/f_auto,q_auto/league/laiczz9acsr5uw0g59rh",,,,,,
1983,BAL,RB,RB,0,ACT,Curtis Dickey,Curtis,Dickey,1956-11-27,73,205,,,,,,,,,,,,"https://static.www.nfl.com/image/private/f_auto,q_auto/league/e9wmuxaybikgvjnjgtik",,,,,,
1983,BAL,RB,RB,0,TRD,Zachary Dixon,Zachary,Dixon,1956-03-05,72,200,,,,,,,,,,,,"https://static.www.nfl.com/image/private/f_auto,q_auto/league/mbxaeeef5pv47nyavoiu",,,,,,
1983,BAL,RB,RB,0,ACT,Randy McMillan,Lewis,McMillan,1958-12-17,72,226,,,,,,,,,,,,"https://static.www.nfl.com/image/private/f_auto,q_auto/league/jkzlpkc2kzffnayh1vfw",,,,,,
1983,BAL,RB,RB,0,ACT,Alvin Moore,Alvin,Moore,1959-05-03,72,197,,,,,,,,,,,,"https://static.www.nfl.com/image/private/f_auto,q_auto/league/ajpl7vgdfbom1ytxejmu",,,,,,
1983,BAL,RB,RB,0,ACT,Ricky Porter,Richard,Porter,1960-01-14,70,190,,,,,,,,,,,,"https://static.www.nfl.com/image/private/f_auto,q_auto/league/kxhusvumohowkqgsbjih",,,,,,
1983,BAL,RB,RB,0,ACT,Newton Williams,Newton,Williams,1959-05-10,70,204,,,,,,,,,,,,"https://static.www.nfl.com/image/private/f_auto,q_auto/league/jhyzxfna2x4nd6yr1opr",,,,,,
1983,DET,OL,OT,0,ACT,Keith Dorney,Keith,Dorney,1957-12-03,77,265,,,,,,,,,,,,"https://static.www.nfl.com/image/private/f_auto,q_auto/league/opr67nyiqpxbdmarvuyk",,,,,,
1983,DET,OL,G,0,ACT,Homer Elias,Homer,Elias,1955-05-01,75,255,,,,,,,,,,,,"https://static.www.nfl.com/image/private/f_auto,q_auto/league/olweu2l5alno1j1c5o38",,,,,,
1983,DET,OL,C,0,ACT,Amos Fowler,Amos,Fowler,1956-02-11,75,250,,,,,,,,,,,,"https://static.www.nfl.com/image/private/f_auto,q_auto/league/wjox3xoykici7pbxwlv7",,,,,,
1983,BAL,TE,TE,0,ACT,Tim Sherwin,Timothy,Sherwin,1958-05-04,78,237,,,,,,,,,,,,"https://static.www.nfl.com/image/private/f_auto,q_auto/league/bvlq1hohxmehwgral0qe",,,,,,
1983,BAL,TE,TE,0,ACT,Dave Young,David,Young,1959-02-09,77,242,,,,,,,,,,,,"https://static.www.nfl.com/image/private/f_auto,q_auto/league/p2zxrols4ikf9ns3dibq",,,,,,
1983,BAL,WR,WR,0,ACT,Matt Bouza,Matthew,Bouza,1958-04-08,75,211,,,,,,,,,,,,"https://static.www.nfl.com/image/private/f_auto,q_auto/league/mk5g65a3rk6ljjjrboil",,,,,,
1983,BAL,WR,WR,0,ACT,Ray Butler,Raymond,Butler,1956-06-28,75,200,,,,,,,,,,,,"https://static.www.nfl.com/image/private/f_auto,q_auto/league/wzze65dbj1wp2w7c750h",,,,,,
1983,BAL,WR,WR,0,ACT,Bernard Henry,Bernard,Henry,1960-04-09,73,180,,,,,,,,,,,,"https://static.www.nfl.com/image/private/f_auto,q_auto/league/zual94ea4kohldyuz1dc",,,,,,
1983,BAL,WR,WR,0,ACT,Victor Oatis,Victor,Oatis,1959-01-06,72,177,,,,,,,,,,,,"https://static.www.nfl.com/image/private/f_auto,q_auto/league/woxk0jbfpqrjymyozkjp",,,,,,
1983,BAL,WR,WR,0,ACT,Tracy Porter,Tracy,Porter,1959-06-01,74,196,,,,,,,,,,,,"https://static.www.nfl.com/image/private/f_auto,q_auto/league/fdedsx2kzndlrdohtdsi",,,,,,
1983,BAL,WR,WR,0,ACT,Phil Smith,Phillip,Smith,1960-04-28,75,190,,,,,,,,,,,,"https://static.www.nfl.com/image/private/f_auto,q_auto/league/ka4kklyzzeuclqooci5l",,,,,,
1983,BAL,WR,WR,0,ACT,Aundra Thompson,Aundra,Thompson,1953-01-02,73,186,,,,,,,,,,,,"https://static.www.nfl.com/image/private/f_auto,q_auto/league/no2qxbgwhpveoevech6c",,,,,,
1983,BUF,DB,CB,0,ACT,Mario Clark,Mario,Clark,1954-03-29,74,190,,,,,,,,,,,,"https://static.www.nfl.com/image/private/f_auto,q_auto/league/t4p7isgovwgujkwhlhfr",,,,,,
1983,BUF,DB,DB,0,ACT,Judson Flint,Judson,Flint,1957-01-26,72,201,,,,,,,,,,,,"https://static.www.nfl.com/image/private/f_auto,q_auto/league/ii6dxhz6zzgg2f5bfj05",,,,,,
1983,BUF,DB,S,0,ACT,Steve Freeman,Steven,Freeman,1953-05-08,71,185,,,,,,,,,,,,"https://static.www.nfl.com/image/private/f_auto,q_auto/league/ebkdzdisfio4mr1vxxxv",,,,,,
1983,BUF,DB,DB,0,ACT,Bill Hurley,William,Hurley,1957-06-15,71,195,,,,,,,,,,,,"https://static.www.nfl.com/image/private/f_auto,q_auto/league/qltmt5ixqbrp6r8yyuug",,,,,,
1983,BUF,DB,S,0,ACT,Mike Kennedy,Michael,Kennedy,1959-02-26,72,195,,,,,,,,,,,,"https://static.www.nfl.com/image/private/f_auto,q_auto/league/jibwbxme7jgu7brjfdhi",,,,,,
1983,BUF,DB,CB,0,ACT,Dave Kilson,David,Kilson,1960-08-11,73,200,,,,,,,,,,,,"https://static.www.nfl.com/image/private/f_auto,q_auto/league/vjaa9jp27dhaqnb8f3xq",,,,,,
1983,BUF,DB,FS,0,ACT,Rod Kush,Rodney,Kush,1956-12-29,72,188,,,,,,,,,,,,"https://static.www.nfl.com/image/private/f_auto,q_auto/league/wejkdbljynhsnu7hk1wo",,,,,,
1983,BUF,DB,CB,0,ACT,Charles Romes,Charles,Romes,1954-12-16,73,191,,,,,,,,,,,,"https://static.www.nfl.com/image/private/f_auto,q_auto/league/o0v72b0bfpohmp3dsh91",,,,,,
1983,BUF,DB,DB,0,ACT,Gary Thompson,Gary,Thompson,1959-02-23,72,180,,,,,,,,,,,,"https://static.www.nfl.com/image/private/f_auto,q_auto/league/mjtar1aklr1agugempx1",,,,,,
1983,BUF,DB,DB,0,ACT,Len Walterscheid,Leonard,Walterscheid,1954-09-13,71,190,,,,,,,,,,,,"https://static.www.nfl.com/image/private/f_auto,q_auto/league/fzjvfci6gs7wavjhjs4j",,,,,,
1983,BUF,DB,FS,0,ACT,Chris Williams,Chris,Williams,1959-01-02,72,197,,,,,,,,,,,,"https://static.www.nfl.com/image/private/f_auto,q_auto/league/kpcatguxwtovpxiz7lae",,,,,,
1983,BUF,DL,NT,0,ACT,Bill Acker,William,Acker,1956-11-07,75,255,,,,,,,,,,,,"https://static.www.nfl.com/image/private/f_auto,q_auto/league/zr12jdbdoerycf8ojopn",,,,,,
1983,BUF,DL,DE,0,ACT,Scott Hutchinson,Scott,Hutchinson,1956-05-27,76,246,,,,,,,,,,,,"https://static.www.nfl.com/image/private/f_auto,q_auto/league/kmffte30rladiant0ryl",,,,,,
1983,BUF,DL,DE,0,ACT,Ken Johnson,Kenneth,Johnson,1955-03-25,77,253,,,,,,,,,,,,"https://static.www.nfl.com/image/private/f_auto,q_auto/league/tlbpc7ijj40k16z3iwmx",,,,,,
1983,BUF,DL,NT,0,ACT,Mark Roopenian,Mark,Roopenian,1958-07-10,77,254,,,,,,,,,,,,"https://static.www.nfl.com/image/private/f_auto,q_auto/league/hjf6tajnzbz6ydjk55dr",,,,,,
1983,DET,WR,WR,0,ACT,Freddie Scott,Fred,Scott,1952-08-05,74,180,,,,,,,,,,,,"https://static.www.nfl.com/image/private/f_auto,q_auto/league/cjlnwsp93zrxhzf9bixy",,,,,,
1983,BUF,DL,DE,0,ACT,Scott Virkus,Scott,Virkus,1959-09-07,77,248,,,,,,,,,,,,"https://static.www.nfl.com/image/private/f_auto,q_auto/league/jckk0egx2quvsqsqbzuv",,,,,,
1983,BUF,DL,DE,0,ACT,Sherman White,Sherman,White,1948-10-06,77,250,,,,,,,,,,,,"https://static.www.nfl.com/image/private/f_auto,q_auto/league/ec3nmw9r1saueauuyrg3",,,,,,
1983,BUF,DL,DE,0,ACT,Ben Williams,Robert,Williams,1954-09-01,75,245,,,,,,,,,,,,"https://static.www.nfl.com/image/private/f_auto,q_auto/league/ji62ovtxilnmqtik5ciy",,,,,,
1983,BUF,LB,LB,0,ACT,Jim Haslett,James,Haslett,1955-12-09,75,232,,,,,,,,,,,,"https://static.www.nfl.com/image/private/f_auto,q_auto/league/sng3qadvurvum8qwye27",,,,,,
1983,GB,DB,DB,0,ACT,Mike Jolly,Michael,Jolly,1958-03-19,75,188,,,,,,,,,,,,"https://static.www.nfl.com/image/private/f_auto,q_auto/league/jw5ihlj9hy226wdwdilg",,,,,,
1983,BUF,LB,ILB,0,ACT,Chris Keating,Christopher,Keating,1957-10-12,74,223,,,,,,,,,,,,"https://static.www.nfl.com/image/private/f_auto,q_auto/league/un9z5srl1m9zksazt43j",,,,,,
1983,BUF,LB,LB,0,ACT,Joey Lumpkin,Joseph,Lumpkin,1960-02-19,74,230,,,,,,,,,,,,"https://static.www.nfl.com/image/private/f_auto,q_auto/league/f8wikgaeztv252igjpfp",,,,,,
1983,GB,DB,CB,0,ACT,Mike McCoy,Michael,McCoy,1953-08-16,71,183,,,,,,,,,,,,"https://static.www.nfl.com/image/private/f_auto,q_auto/league/yg3esdov57wrne3gn4nq",,,,,,
1983,BUF,LB,LB,0,ACT,Mark Merrill,Mark,Merrill,1955-05-05,76,237,,,,,,,,,,,,"https://static.www.nfl.com/image/private/f_auto,q_auto/league/qblopnveeee9huu9ajlv",,,,,,
1983,BUF,LB,OLB,0,ACT,Ervin Parker,Ervin,Parker,1958-08-19,76,236,,,,,,,,,,,,"https://static.www.nfl.com/image/private/f_auto,q_auto/league/wutj3yoxthbbxtuzqeal",,,,,,
1983,BUF,LB,OLB,0,ACT,Lucius Sanford,Lucius,Sanford,1956-02-14,74,216,,,,,,,,,,,,"https://static.www.nfl.com/image/private/f_auto,q_auto/league/ndntsnwpwf5xm8woxcql",,,,,,
1983,GB,DL,DE,0,ACT,Byron Braggs,Byron,Braggs,1959-10-10,76,290,,,,,,,,,,,,"https://static.www.nfl.com/image/private/f_auto,q_auto/league/cmzjsdpoeenuf6eiasae",,,,,,
1983,BUF,LB,LB,0,ACT,Phil Villapiano,Philip,Villapiano,1949-02-26,74,225,,,,,,,,,,,,"https://static.www.nfl.com/image/private/f_auto,q_auto/league/bjoc3k2rv1irt5g8yt6b",,,,,,
1983,BUF,OL,G,0,ACT,Jon Borchardt,Jon,Borchardt,1957-08-13,77,255,,,,,,,,,,,,"https://static.www.nfl.com/image/private/f_auto,q_auto/league/vmmvjos1rstt6in22z1i",,,,,,
1983,BUF,OL,G,0,ACT,Darryl Caldwell,Darryl,Caldwell,1960-02-02,77,245,,,,,,,,,,,,"https://static.www.nfl.com/image/private/f_auto,q_auto/league/rsdfstrjpkikvctqb5qy",,,,,,
1983,BUF,OL,OT,0,ACT,Justin Cross,Justin,Cross,1959-04-29,78,257,,,,,,,,,,,,"https://static.www.nfl.com/image/private/f_auto,q_auto/league/wvjsitnwv7zp9cbevrid",,,,,,
1983,BUF,OL,C,0,ACT,Will Grant,Wilfred,Grant,1954-03-07,75,248,,,,,,,,,,,,"https://static.www.nfl.com/image/private/f_auto,q_auto/league/yih3kckwcwbygy3ijvwg",,,,,,
1983,BUF,OL,OT,0,ACT,Ken Jones,Kenneth,Jones,1952-12-01,77,252,,,,,,,,,,,,"https://static.www.nfl.com/image/private/f_auto,q_auto/league/rnqtjnwaqjetld5rbeez",,,,,,
1983,BUF,OL,OT,0,ACT,Tom Lynch,Thomas,Lynch,1955-05-24,77,260,,,,,,,,,,,,"https://static.www.nfl.com/image/private/f_auto,q_auto/league/rt2ovg4taa8dgpdirdqx",,,,,,
1983,GB,DL,NT,0,ACT,Richard Turner,Richard,Turner,1959-02-14,74,260,,,,,,,,,,,,"https://static.www.nfl.com/image/private/f_auto,q_auto/league/sdmrgwjmqoo7relifimb",,,,,,
1983,BUF,OL,C,0,ACT,Tim Vogler,Timothy,Vogler,1956-10-02,75,245,,,,,,,,,,,,"https://static.www.nfl.com/image/private/f_auto,q_auto/league/cwk8rofmcpmgoiaknokk",,,,,,
1983,BUF,QB,QB,0,ACT,Joe Dufek,Joseph,Dufek,1961-08-23,76,215,,,,,,,,,,,,"https://static.www.nfl.com/image/private/f_auto,q_auto/league/sjuxbk59eybn8plek9yc",,,,,,
1983,BUF,QB,QB,0,ACT,Joe Ferguson,Joe,Ferguson,1950-04-23,73,195,,,,,,,,,,,,"https://static.www.nfl.com/image/private/f_auto,q_auto/league/i76emcealpcn4gpsawpp",,,,,,
1983,BUF,QB,QB,0,ACT,Matt Kofler,Matthew,Kofler,1959-08-30,75,192,,,,,,,,,,,,"https://static.www.nfl.com/image/private/f_auto,q_auto/league/d0aftpzypgypu47d5pgi",,,,,,
1983,BUF,RB,RB,0,ACT,Joe Cribbs,Joe,Cribbs,1958-01-05,71,190,,,,,,,,,,,,"https://static.www.nfl.com/image/private/f_auto,q_auto/league/fqgkdlewofifm2sabike",,,,,,
1983,BUF,RB,FB,0,ACT,Roosevelt Leaks,Roosevelt,Leaks,1953-01-31,70,225,,,,,,,,,,,,"https://static.www.nfl.com/image/private/f_auto,q_auto/league/brhnwc7y48c0ztjvvf7t",,,,,,
1983,BUF,RB,FB,0,ACT,Booker Moore,Booker,Moore,1959-06-23,71,224,,,,,,,,,,,,"https://static.www.nfl.com/image/private/f_auto,q_auto/league/hgllge2lwfmyt1aavy8m",,,,,,
1983,BUF,RB,RB,0,ACT,Robb Riddick,Robbert,Riddick,1957-04-26,72,195,,,,,,,,,,,,"https://static.www.nfl.com/image/private/f_auto,q_auto/league/wgfixue76ddiwzvw3jwr",,,,,,
1983,BUF,RB,RB,0,ACT,Van Williams,George,Williams,1959-03-15,72,208,,,,,,,,,,,,"https://static.www.nfl.com/image/private/f_auto,q_auto/league/lx1fy9j0ueojmmwq8pqn",,,,,,
1983,BUF,SPEC,P,0,ACT,Greg Cater,Gregory,Cater,1957-04-17,72,191,,,,,,,,,,,,"https://static.www.nfl.com/image/private/f_auto,q_auto/league/gbkzph9knjjmczwxar5a",,,,,,
1983,BUF,SPEC,K,0,ACT,Joe Danelo,Joseph,Danelo,1953-09-02,69,166,,,,,,,,,,,,"https://static.www.nfl.com/image/private/f_auto,q_auto/league/sokpcz5hm2nqi5wijye7",,,,,,
1983,BUF,SPEC,K,0,TRT,Fred Steinfort,Frederick,Steinfort,1952-11-03,71,180,,,,,,,,,,,,"https://static.www.nfl.com/image/private/f_auto,q_auto/league/sh78ivzkhm5hoyixho65",,,,,,
1983,BUF,TE,TE,0,ACT,Buster Barnett,Buster,Barnett,1958-11-24,77,225,,,,,,,,,,,,"https://static.www.nfl.com/image/private/f_auto,q_auto/league/kpygtwt6gxsrv1wk7mzc",,,,,,
1983,BUF,TE,TE,0,ACT,Mark Brammer,Mark,Brammer,1958-05-03,75,238,,,,,,,,,,,,"https://static.www.nfl.com/image/private/f_auto,q_auto/league/fgoyuhme8wzwvncgi3rb",,,,,,
1983,BUF,TE,TE,0,ACT,Tony Hunter,Tony,Hunter,1960-05-22,76,237,,,,,,,,,,,,"https://static.www.nfl.com/image/private/f_auto,q_auto/league/ecy3kpkpmnmbmsdfp6sp",,,,,,
1983,BUF,TE,TE,0,TRT,Dave Young,David,Young,1959-02-09,77,242,,,,,,,,,,,,"https://static.www.nfl.com/image/private/f_auto,q_auto/league/p2zxrols4ikf9ns3dibq",,,,,,
1983,BUF,WR,WR,0,ACT,Jerry Butler,Jerry,Butler,1957-10-12,72,178,,,,,,,,,,,,"https://static.www.nfl.com/image/private/f_auto,q_auto/league/trgwnwiqurohks4hsoyo",,,,,,
1983,BUF,WR,WR,0,ACT,Julius Dawkins,Julius,Dawkins,1961-01-04,73,196,,,,,,,,,,,,"https://static.www.nfl.com/image/private/f_auto,q_auto/league/iuh4trwgkn7t4gmus02s",,,,,,
1983,BUF,WR,WR,0,ACT,Byron Franklin,Byron,Franklin,1958-09-04,73,179,,,,,,,,,,,,"https://static.www.nfl.com/image/private/f_auto,q_auto/league/syjusuxvtlkhyaask1ql",,,,,,
1983,BUF,WR,WR,0,ACT,Frank Lewis,Frank,Lewis,1947-07-04,73,196,,,,,,,,,,,,"https://static.www.nfl.com/image/private/f_auto,q_auto/league/lmmh3fgdt3xu45gjssm0",,,,,,
1983,BUF,WR,WR,0,ACT,Mike Mosley,Michael,Mosley,1958-06-06,74,192,,,,,,,,,,,,"https://static.www.nfl.com/image/private/f_auto,q_auto/league/h2iniqybnlvs4wpjjeyi",,,,,,
1983,BUF,WR,WR,0,ACT,Perry Tuttle,Perry,Tuttle,1959-08-02,72,178,,,,,,,,,,,,"https://static.www.nfl.com/image/private/f_auto,q_auto/league/wf5k5ivaaq17cqdq2guh",,,,,,
1983,CHI,DB,S,0,ACT,Todd Bell,Todd,Bell,1958-11-28,73,207,,,,,,,,,,,,"https://static.www.nfl.com/image/private/f_auto,q_auto/league/zzrdtstwymldpbspdlki",,,,,,
1983,CHI,DB,FS,0,ACT,Dave Duerson,David,Duerson,1960-11-28,73,202,,,,,,,,,,,,"https://static.www.nfl.com/image/private/f_auto,q_auto/league/fuilnprtjkg9vmnwrldy",,,,,,
1983,CHI,DB,FS,0,ACT,Gary Fencik,John,Fencik,1954-06-11,73,190,,,,,,,,,,,,"https://static.www.nfl.com/image/private/f_auto,q_auto/league/kdeua5gbqcldvpcmoad0",,,,,,
1983,CHI,DB,FS,0,ACT,Jeff Fisher,Jeffrey,Fisher,1958-02-25,71,188,,,,,,,,,,,,"https://static.www.nfl.com/image/private/f_auto,q_auto/league/q7mo7mckdel3ecppj9yq",,,,,,
1983,CHI,DB,CB,0,ACT,Leslie Frazier,Leslie,Frazier,1959-04-03,72,189,,,,,,,,,,,,"https://static.www.nfl.com/image/private/f_auto,q_auto/league/xamdewf1zdlzs7dejhyr",,,,,,
1983,CHI,DB,DB,0,ACT,Kevin Potter,Kevin,Potter,1959-12-19,70,188,,,,,,,,,,,,"https://static.www.nfl.com/image/private/f_auto,q_auto/league/ut8fvknb1iannlfyz1f3",,,,,,
1983,CHI,DB,CB,0,ACT,Mike Richardson,Michael,Richardson,1961-05-23,72,197,,,,,,,,,,,,"https://static.www.nfl.com/image/private/f_auto,q_auto/league/h7jpwpjtsagwu49li7zk",,,,,,
1983,CHI,DB,CB,0,ACT,Terry Schmidt,Terrence,Schmidt,1952-05-28,72,177,,,,,,,,,,,,"https://static.www.nfl.com/image/private/f_auto,q_auto/league/uhhuqgtpoatlu5jhnbre",,,,,,
1983,CHI,DB,DB,0,ACT,Walt Williams,Walter,Williams,1954-07-10,73,185,,,,,,,,,,,,"https://static.www.nfl.com/image/private/f_auto,q_auto/league/vppsrkgifxbyg1fajycl",,,,,,
1983,GB,SPEC,P,0,ACT,Bucky Scribner,William,Scribner,1960-07-11,72,203,,,,,,,,,,,,"https://static.www.nfl.com/image/private/f_auto,q_auto/league/iq6qjxfvrlkt0qrric8g",,,,,,
1983,CHI,DL,DT,0,ACT,Dan Hampton,Daniel,Hampton,1957-09-19,77,255,,,,,,,,,,,,"https://static.www.nfl.com/image/private/f_auto,q_auto/league/m0aik3u45uipbvgyzcli",,,,,,
1983,CHI,DL,DE,0,ACT,Al Harris,Alfred,Harris,1956-12-31,77,250,,,,,,,,,,,,"https://static.www.nfl.com/image/private/f_auto,q_auto/league/kwrpdo4lnsb7js6igujj",,,,,,
1983,CHI,DL,DE,0,ACT,Mike Hartenstine,Michael,Hartenstine,1953-07-27,75,240,,,,,,,,,,,,"https://static.www.nfl.com/image/private/f_auto,q_auto/league/k7ftg4wt6hl8oxustsfu",,,,,,
1983,CHI,DL,DT,0,ACT,Tyrone Keys,Tyrone,Keys,1959-10-24,79,260,,,,,,,,,,,,"https://static.www.nfl.com/image/private/f_auto,q_auto/league/ehz5oygmi633kr39gg7e",,,,,,
1983,GB,WR,WR,0,ACT,Phil Epps,Phillip,Epps,1958-11-11,70,165,,,,,,,,,,,,"https://static.www.nfl.com/image/private/f_auto,q_auto/league/ubw9ykq2dj0rt4mj5bkk",,,,,,
1983,CHI,DL,DT,0,ACT,Jim Osborne,James,Osborne,1949-09-07,75,250,,,,,,,,,,,,"https://static.www.nfl.com/image/private/f_auto,q_auto/league/hq1lzkahhkzbqeppc1b4",,,,,,
1983,CHI,LB,LB,0,ACT,Kelvin Atkins,Kelvin,Atkins,1960-07-03,75,235,,,,,,,,,,,,"https://static.www.nfl.com/image/private/f_auto,q_auto/league/rzkavlsndsgcg0jayalk",,,,,,
1983,CHI,LB,OLB,0,ACT,Brian Cabral,Kealiihaaheo,Cabral,1956-06-23,73,209,,,,,,,,,,,,"https://static.www.nfl.com/image/private/f_auto,q_auto/league/ktif7phjn8j04vt3a0wh",,,,,,
1983,CHI,LB,OLB,0,ACT,Gary Campbell,Gary,Campbell,1952-03-04,73,218,,,,,,,,,,,,"https://static.www.nfl.com/image/private/f_auto,q_auto/league/n60nhxp9emqhthnbffqf",,,,,,
1983,CHI,LB,LB,0,ACT,Jerry Muckensturm,Jerry,Muckensturm,1953-10-13,76,223,,,,,,,,,,,,"https://static.www.nfl.com/image/private/f_auto,q_auto/league/ixpx18oj3oru4nlw44ru",,,,,,
1983,CHI,LB,OLB,0,ACT,Dan Rains,Daniel,Rains,1956-04-26,73,220,,,,,,,,,,,,"https://static.www.nfl.com/image/private/f_auto,q_auto/league/f5c3kodjg5lpwvpwbtgi",,,,,,
1983,CHI,LB,LB,0,ACT,Dave Simmons,David,Simmons,1957-01-19,76,221,,,,,,,,,,,,"https://static.www.nfl.com/image/private/f_auto,q_auto/league/hvt7uzetkkqwhaxzetsn",,,,,,
1983,HOU,DB,CB,0,ACT,Bill Kay,William,Kay,1960-01-10,73,194,,,,,,,,,,,,"https://static.www.nfl.com/image/private/f_auto,q_auto/league/hmaoz2ajzf08bydlt37p",,,,,,
1983,CHI,LB,OLB,0,ACT,Otis Wilson,Otis,Wilson,1957-09-15,74,222,,,,,,,,,,,,"https://static.www.nfl.com/image/private/f_auto,q_auto/league/khvppdt7mrvnyzq6a6vs",,,,,,
1983,CHI,OL,G,0,ACT,Kurt Becker,Kurt,Becker,1958-12-22,77,251,,,,,,,,,,,,"https://static.www.nfl.com/image/private/f_auto,q_auto/league/nq9lzsbh72uxs6vw2rqb",,,,,,
1983,HOU,DB,FS,0,ACT,Mike Reinfeldt,Michael,Reinfeldt,1953-05-06,74,192,,,,,,,,,,,,"https://static.www.nfl.com/image/private/f_auto,q_auto/league/trf8x7omhqc2hw0r3iho",,,,,,
1983,HOU,DB,CB,0,ACT,Willie Tullis,Willie,Tullis,1958-04-05,72,190,,,,,,,,,,,,"https://static.www.nfl.com/image/private/f_auto,q_auto/league/k4bw1foogv8la9oypiih",,,,,,
1983,CHI,OL,G,0,ACT,Rob Fada,Robert,Fada,1961-05-07,74,258,,,,,,,,,,,,"https://static.www.nfl.com/image/private/f_auto,q_auto/league/cgoxdgzudz26eoftrxz2",,,,,,
1983,CHI,OL,OT,0,ACT,Andy Frederick,Andrew,Frederick,1954-07-25,78,241,,,,,,,,,,,,"https://static.www.nfl.com/image/private/f_auto,q_auto/league/qiulvmtzlvzvsj47c7ze",,,,,,
1983,CHI,OL,G,0,ACT,Perry Hartnett,Perry,Hartnett,1960-04-28,77,275,,,,,,,,,,,,"https://static.www.nfl.com/image/private/f_auto,q_auto/league/cglucfpduiimk7rsuq32",,,,,,
1983,HOU,DL,DE,0,ACT,Jerome Foster,Jerome,Foster,1960-07-25,74,268,,,,,,,,,,,,"https://static.www.nfl.com/image/private/f_auto,q_auto/league/wzxln0omlgewzkcpyds4",,,,,,
1983,CHI,OL,G,0,ACT,Noah Jackson,Noah,Jackson,1951-04-14,74,263,,,,,,,,,,,,"https://static.www.nfl.com/image/private/f_auto,q_auto/league/bmt2zmy7yihnjay08j2h",,,,,,
1983,CHI,OL,OT,0,ACT,John Janata,John,Janata,1961-04-10,79,274,,,,,,,,,,,,"https://static.www.nfl.com/image/private/f_auto,q_auto/league/b2smriveujbrxfwawc4y",,,,,,
1983,CHI,OL,C,0,ACT,Dan Neal,Thomas,Neal,1949-08-30,76,250,,,,,,,,,,,,"https://static.www.nfl.com/image/private/f_auto,q_auto/league/ihjq9umens3szwrdmf0c",,,,,,
1983,CHI,OL,OT,0,ACT,Tim Norman,Timothy,Norman,1959-07-10,78,270,,,,,,,,,,,,"https://static.www.nfl.com/image/private/f_auto,q_auto/league/rmrbtww6xzme2opuxtdz",,,,,,
1983,CHI,OL,G,0,ACT,Revie Sorey,Revie,Sorey,1953-09-10,74,260,,,,,,,,,,,,"https://static.www.nfl.com/image/private/f_auto,q_auto/league/ebkkngldfqsletp5c9bf",,,,,,
1983,HOU,DL,DE,0,ACT,Wilson Whitley,Wilson,Whitley,1955-04-28,75,265,,,,,,,,,,,,"https://static.www.nfl.com/image/private/f_auto,q_auto/league/s1ebxbwbrciebrqraiiu",,,,,,
1983,CHI,QB,QB,0,ACT,Bob Avellini,Robert,Avellini,1953-08-28,74,208,,,,,,,,,,,,"https://static.www.nfl.com/image/private/f_auto,q_auto/league/tgl1g39ujpswzxt64yci",,,,,,
1983,HOU,LB,ILB,0,ACT,Gregg Bingham,Gregory,Bingham,1951-03-13,73,227,,,,,,,,,,,,"https://static.www.nfl.com/image/private/f_auto,q_auto/league/hfbbjlhyrohbm0ttkys0",,,,,,
1983,HOU,LB,OLB,0,ACT,Robert Brazile,Robert,Brazile,1953-02-07,76,235,,,,,,,,,,,,"https://static.www.nfl.com/image/private/f_auto,q_auto/league/yyef5qsqyhjbfb0cd81o",,,,,,
1983,HOU,LB,ILB,0,ACT,Daryl Hunt,Daryl,Hunt,1956-11-03,75,220,,,,,,,,,,,,"https://static.www.nfl.com/image/private/f_auto,q_auto/league/ubqwpcjiqeuwmga7cfdd",,,,,,
1983,CHI,RB,RB,0,ACT,Anthony Hutchison,Anthony,Hutchison,1961-02-04,70,180,,,,,,,,,,,,"https://static.www.nfl.com/image/private/f_auto,q_auto/league/eydvwgs0hadmv8sdf9mn",,,,,,
1983,CHI,RB,RB,0,ACT,Walter Payton,Walter,Payton,1954-07-25,70,200,,,,,,,,,,,,"https://static.www.nfl.com/image/private/f_auto,q_auto/league/yjatyzmf5yhgs0v9qcze",,,,,,
1983,CHI,RB,RB,0,ACT,Matt Suhey,Matthew,Suhey,1958-07-07,71,217,,,,,,,,,,,,"https://static.www.nfl.com/image/private/f_auto,q_auto/league/ttcwdlgssxl8vgosj06j",,,,,,
1983,CHI,RB,RB,0,ACT,Calvin Thomas,Calvin,Thomas,1960-01-07,71,220,,,,,,,,,,,,"https://static.www.nfl.com/image/private/f_auto,q_auto/league/bw6sirik6acjjdmqtjbb",,,,,,
1983,CHI,SPEC,P,0,ACT,Bob Parsons,Robert,Parsons,1950-06-29,76,234,,,,,,,,,,,,"https://static.www.nfl.com/image/private/f_auto,q_auto/league/zyvnzwqhi6wkx2tawd41",,,,,,
1983,CHI,SPEC,P,0,ACT,Ray Stachowicz,Raymond,Stachowicz,1959-03-06,71,185,,,,,,,,,,,,"https://static.www.nfl.com/image/private/f_auto,q_auto/league/hu8hm2ncezs2mgydb0ty",,,,,,
1983,CHI,SPEC,K,0,ACT,Bob Thomas,Robert,Thomas,1952-08-07,70,178,,,,,,,,,,,,"https://static.www.nfl.com/image/private/f_auto,q_auto/league/qdbpyijzkbiomplsh1jv",,,,,,
1983,CHI,TE,TE,0,ACT,Pat Dunsmore,Patrick,Dunsmore,1957-10-02,75,230,,,,,,,,,,,,"https://static.www.nfl.com/image/private/f_auto,q_auto/league/kdmlbdnixxr4jsdm837u",,,,,,
1983,CHI,TE,TE,0,ACT,Emery Moorehead,Emery,Moorehead,1954-03-22,74,210,,,,,,,,,,,,"https://static.www.nfl.com/image/private/f_auto,q_auto/league/bsloik0nr27udtkhpuok",,,,,,
1983,CHI,TE,TE,0,ACT,Jay Saldi,John,Saldi,1954-10-08,75,217,,,,,,,,,,,,"https://static.www.nfl.com/image/private/f_auto,q_auto/league/ktioqedjvuroa0ffyk0d",,,,,,
1983,CHI,WR,WR,0,ACT,Brian Baschnagel,Brian,Baschnagel,1954-01-08,71,195,,,,,,,,,,,,"https://static.www.nfl.com/image/private/f_auto,q_auto/league/twq94ryzif5zg74wt7in",,,,,,
1983,CHI,WR,WR,0,ACT,Willie Gault,Willie,Gault,1960-09-05,72,178,,,,,,,,,,,,"https://static.www.nfl.com/image/private/f_auto,q_auto/league/dpvqbhippy603k1skdtv",,,,,,
1983,CHI,WR,WR,0,ACT,Ken Margerum,Kenneth,Margerum,1958-10-05,72,170,,,,,,,,,,,,"https://static.www.nfl.com/image/private/f_auto,q_auto/league/cmq81a4v73ky1abp7vdc",,,,,,
1983,CHI,WR,WR,0,ACT,Dennis McKinnon,Dennis,McKinnon,1961-08-22,73,185,,,,,,,,,,,,"https://static.www.nfl.com/image/private/f_auto,q_auto/league/ixlvodm4cd99nhctp11m",,,,,,
1983,CHI,WR,WR,0,ACT,James Scott,Bernard,Scott,1952-03-28,73,190,,,,,,,,,,,,"https://static.www.nfl.com/image/private/f_auto,q_auto/league/rkf5q73lfyivv84evrhb",,,,,,
1983,CHI,WR,WR,0,ACT,Rickey Watts,Rickey,Watts,1957-05-16,73,203,,,,,,,,,,,,"https://static.www.nfl.com/image/private/f_auto,q_auto/league/wwgjn1k4hlcia9nh5rr2",,,,,,
1983,CIN,DB,CB,0,ACT,Louis Breeden,Louis,Breeden,1953-10-26,71,185,,,,,,,,,,,,"https://static.www.nfl.com/image/private/f_auto,q_auto/league/jwuxrsmu6du8yxsleo7m",,,,,,
1983,CIN,DB,DB,0,ACT,James Griffin,James,Griffin,1961-09-07,74,197,,,,,,,,,,,,"https://static.www.nfl.com/image/private/f_auto,q_auto/league/biomqlhyjlpp0imr6pog",,,,,,
1983,CIN,DB,DB,0,ACT,Ray Griffin,Raymond,Griffin,1956-06-29,70,186,,,,,,,,,,,,"https://static.www.nfl.com/image/private/f_auto,q_auto/league/pwqps66cxiaqkdichxqj",,,,,,
1983,HOU,RB,RB,0,TRC,Gary Allen,Gary,Allen,1960-04-23,70,175,,,,,,,,,,,,"https://static.www.nfl.com/image/private/f_auto,q_auto/league/xryhq62iztd6ooutzeyj",,,,,,
1983,CIN,DB,FS,0,ACT,Robert Jackson,Robert,Jackson,1958-10-10,70,184,,,,,,,,,,,,"https://static.www.nfl.com/image/private/f_auto,q_auto/league/jldmqnyyipofgpfmyw3g",,,,,,
1983,CIN,DB,S,0,ACT,Bobby Kemp,Bobby,Kemp,1959-05-29,72,192,,,,,,,,,,,,"https://static.www.nfl.com/image/private/f_auto,q_auto/league/u1nevu7zy1e9s8scgxhu",,,,,,
1983,CIN,DB,CB,0,ACT,Ken Riley,Kenneth,Riley,1947-08-06,71,181,,,,,,,,,,,,"https://static.www.nfl.com/image/private/f_auto,q_auto/league/cthqmuyievwex8qtt7fs",,,,,,
1983,CIN,DB,DB,0,ACT,John Simmons,John,Simmons,1958-12-01,71,192,,,,,,,,,,,,"https://static.www.nfl.com/image/private/f_auto,q_auto/league/dd6qulu3w5ww9am3kbhs",,,,,,
1983,CIN,DB,DB,0,ACT,Jimmy Turner,James,Turner,1959-06-15,72,187,,,,,,,,,,,,"https://static.www.nfl.com/image/private/f_auto,q_auto/league/geocqs8yekhirmz8224l",,,,,,
1983,CIN,DL,NT,0,TRD,Bill Acker,William,Acker,1956-11-07,75,255,,,,,,,,,,,,"https://static.www.nfl.com/image/private/f_auto,q_auto/league/zr12jdbdoerycf8ojopn",,,,,,
1983,CIN,DL,NT,0,ACT,Jerry Boyarsky,Gerard,Boyarsky,1959-05-15,75,290,,,,,,,,,,,,"https://static.www.nfl.com/image/private/f_auto,q_auto/league/qfsjcs8wbmyvajw0ce11",,,,,,
1983,CIN,DL,DE,0,ACT,Ross Browner,Ross,Browner,1954-03-22,75,262,,,,,,,,,,,,"https://static.www.nfl.com/image/private/f_auto,q_auto/league/wgcgfiqmja0bwnppf4qa",,,,,,
1983,CIN,DL,DE,0,ACT,Gary Burley,Gary,Burley,1952-12-08,75,255,,,,,,,,,,,,"https://static.www.nfl.com/image/private/f_auto,q_auto/league/zdvqv6g115ltgomojewz",,,,,,
1983,CIN,DL,DE,0,ACT,Glen Collins,Glen,Collins,1959-07-10,78,260,,,,,,,,,,,,"https://static.www.nfl.com/image/private/f_auto,q_auto/league/a3qrch7e5lpltaua9vdc",,,,,,
1983,CIN,DL,DE,0,ACT,Eddie Edwards,Eddie,Edwards,1954-04-25,77,256,,,,,,,,,,,,"https://static.www.nfl.com/image/private/f_auto,q_auto/league/vr6q3m8jvwxfxcmicrsn",,,,,,
1983,NYJ,DL,DT,0,ACT,Ben Rudolph,Benjamin,Rudolph,1957-08-29,77,271,,,,,,,,,,,,"https://static.www.nfl.com/image/private/f_auto,q_auto/league/xz1ceidhh5dkjcl4sxwu",,,,,,
1983,CIN,DL,DE,0,ACT,Chris Lindstrom,Christopher,Lindstrom,1960-08-03,79,260,,,,,,,,,,,,"https://static.www.nfl.com/image/private/f_auto,q_auto/league/d6mali5q52h0ddk7auap",,,,,,
1983,CIN,LB,ILB,0,ACT,Glenn Cameron,Glenn,Cameron,1953-02-21,74,229,,,,,,,,,,,,"https://static.www.nfl.com/image/private/f_auto,q_auto/league/jitw5undzmsht4bvj3ga",,,,,,
1983,CIN,LB,OLB,0,ACT,Tom Dinkel,Thomas,Dinkel,1956-07-25,75,246,,,,,,,,,,,,"https://static.www.nfl.com/image/private/f_auto,q_auto/league/mocrhyxqlcavzib6zrcw",,,,,,
1983,CIN,LB,OLB,0,ACT,Guy Frazier,Guy,Frazier,1959-07-20,74,215,,,,,,,,,,,,"https://static.www.nfl.com/image/private/f_auto,q_auto/league/cxwy6usk5rmtf8bpdlks",,,,,,
1983,CIN,LB,ILB,0,ACT,Jim LeClair,James,LeClair,1950-10-30,75,234,,,,,,,,,,,,"https://static.www.nfl.com/image/private/f_auto,q_auto/league/vtiszg8op1wf1d85tatb",,,,,,
1983,CIN,LB,LB,0,ACT,Steve Maidlow,Steven,Maidlow,1960-06-06,74,234,,,,,,,,,,,,"https://static.www.nfl.com/image/private/f_auto,q_auto/league/lxbebv6y6gl4ucbw2wua",,,,,,
1983,CIN,LB,ILB,0,ACT,Rick Razzano,Richard,Razzano,1955-11-15,71,227,,,,,,,,,,,,"https://static.www.nfl.com/image/private/f_auto,q_auto/league/cyp30xhx0moobstmp1vw",,,,,,
1983,CIN,LB,LB,0,ACT,Jeff Schuh,Jeffrey,Schuh,1958-05-22,74,228,,,,,,,,,,,,"https://static.www.nfl.com/image/private/f_auto,q_auto/league/k9477iicgddyjth4gc7y",,,,,,
1983,CIN,LB,LB,0,ACT,Ron Simpkins,Ronald,Simpkins,1958-04-02,73,235,,,,,,,,,,,,"https://static.www.nfl.com/image/private/f_auto,q_auto/league/pk5bwkpwbgjjyzyq3ulu",,,,,,
1983,CIN,LB,OLB,0,ACT,Reggie Williams,Reginald,Williams,1954-09-19,73,228,,,,,,,,,,,,"https://static.www.nfl.com/image/private/f_auto,q_auto/league/f4gfjrom1favz8hpo0nl",,,,,,
1983,CIN,OL,OT,0,ACT,Jim Hannula,James,Hannula,1959-07-02,78,264,,,,,,,,,,,,"https://static.www.nfl.com/image/private/f_auto,q_auto/league/ltgmfg5xhuoudhtfqksm",,,,,,
1983,CIN,OL,G,0,ACT,Dave Lapham,David,Lapham,1952-06-24,76,259,,,,,,,,,,,,"https://static.www.nfl.com/image/private/f_auto,q_auto/league/htf2slhnfcsjtrga8eof",,,,,,
1983,CIN,OL,G,0,ACT,Max Montoya,Max,Montoya,1956-05-12,77,275,,,,,,,,,,,,"https://static.www.nfl.com/image/private/f_auto,q_auto/league/lmgdawhwtxqc6zipaiye",,,,,,
1983,CIN,OL,C,0,ACT,Blake Moore,Edward,Moore,1958-05-08,77,255,,,,,,,,,,,,"https://static.www.nfl.com/image/private/f_auto,q_auto/league/csnh8q6q5ydn8lshavpf",,,,,,
1983,KC,DB,S,0,ACT,Durwood Roquemore,Durwood,Roquemore,1960-01-19,73,180,,,,,,,,,,,,"https://static.www.nfl.com/image/private/f_auto,q_auto/league/oafkvf2qqcnbd9hkjoy5",,,,,,
1983,CIN,OL,OT,0,ACT,Mike Obrovac,Michael,Obrovac,1955-10-11,78,275,,,,,,,,,,,,"https://static.www.nfl.com/image/private/f_auto,q_auto/league/rtmiwdvumf0lvw3tdsed",,,,,,
1983,CIN,OL,C,0,ACT,Dave Rimington,David,Rimington,1960-05-22,75,292,,,,,,,,,,,,"https://static.www.nfl.com/image/private/f_auto,q_auto/league/iopor3qp2uhpuqe9ol8f",,,,,,
1983,CIN,OL,OT,0,ACT,Mike Wilson,William,Wilson,1955-05-28,77,271,,,,,,,,,,,,"https://static.www.nfl.com/image/private/f_auto,q_auto/league/ty6rcbabfq9bxlkceuxq",,,,,,
1983,CIN,QB,QB,0,ACT,Ken Anderson,Kenneth,Anderson,1949-02-15,74,212,,,,,,,,,,,,"https://static.www.nfl.com/image/private/f_auto,q_auto/league/qlilbvrc2y7gvr35lr9c",,,,,,
1983,CIN,QB,QB,0,ACT,Jeff Christensen,Jeffrey,Christensen,1960-01-08,75,202,,,,,,,,,,,,"https://static.www.nfl.com/image/private/f_auto,q_auto/league/lnzyki5dleptgteqihsu",,,,,,
1983,CIN,QB,QB,0,ACT,Turk Schonert,Turk,Schonert,1957-01-15,73,185,,,,,,,,,,,,"https://static.www.nfl.com/image/private/f_auto,q_auto/league/oc4pdlwogbmau0yi80fq",,,,,,
1983,CIN,RB,RB,0,ACT,Charles Alexander,Charles,Alexander,1957-07-28,73,221,,,,,,,,,,,,"https://static.www.nfl.com/image/private/f_auto,q_auto/league/yitbmkbvblyb19jtrkhd",,,,,,
1983,CIN,RB,RB,0,ACT,Pete Johnson,Pete,Johnson,1954-03-02,72,240,,,,,,,,,,,,"https://static.www.nfl.com/image/private/f_auto,q_auto/league/n23sixte23zak5c7vrfq",,,,,,
1983,CIN,RB,RB,0,ACT,Larry Kinnebrew,Lawrence,Kinnebrew,1959-06-11,73,266,,,,,,,,,,,,"https://static.www.nfl.com/image/private/f_auto,q_auto/league/wu9kxqbvmfm35cz0tniz",,,,,,
1983,CIN,RB,RB,0,ACT,Rodney Tate,Rodney,Tate,1959-02-14,71,190,,,,,,,,,,,,"https://static.www.nfl.com/image/private/f_auto,q_auto/league/turbqk9vbqgyiybfdojg",,,,,,
1983,CIN,RB,RB,0,ACT,Stanley Wilson,Stanley,Wilson,1961-08-23,70,209,,,,,,,,,,,,"https://static.www.nfl.com/image/private/f_auto,q_auto/league/bczhxbjdwmafyyclnui3",,,,,,
1983,KC,LB,OLB,0,ACT,Tom Howard,James,Howard,1954-08-18,74,208,,,,,,,,,,,,"https://static.www.nfl.com/image/private/f_auto,q_auto/league/j4k0vll7keqj0sbyd67q",,,,,,
1983,CIN,SPEC,P,0,ACT,Pat McInally,John,McInally,1953-05-07,78,210,,,,,,,,,,,,"https://static.www.nfl.com/image/private/f_auto,q_auto/league/xydkpqjkun5cc2r5csp6",,,,,,
1983,CIN,TE,TE,0,ACT,Andy Gibler,James,Gibler,1961-04-30,76,235,,,,,,,,,,,,"https://static.www.nfl.com/image/private/f_auto,q_auto/league/kx2g7tdzowkyodpaxtj8",,,,,,
1983,CIN,TE,TE,0,ACT,M.L. Harris,Michael,Harris,1954-01-16,77,242,,,,,,,,,,,,"https://static.www.nfl.com/image/private/f_auto,q_auto/league/ngbfjxe3c6wjreowtd6c",,,,,,
1983,KC,LB,ILB,0,ACT,Gary Spani,Gary,Spani,1956-01-09,74,222,,,,,,,,,,,,"https://static.www.nfl.com/image/private/f_auto,q_auto/league/mv3txpiilojhq04wmymq",,,,,,
1983,CIN,TE,TE,0,ACT,Dan Ross,Daniel,Ross,1957-02-09,76,238,,,,,,,,,,,,"https://static.www.nfl.com/image/private/f_auto,q_auto/league/sdgxg6dxxyj9hanhifcc",,,,,,
1983,CIN,WR,WR,0,ACT,Cris Collinsworth,Anthony,Collinsworth,1959-01-27,77,192,,,,,,,,,,,,"https://static.www.nfl.com/image/private/f_auto,q_auto/league/fim4z7r60ne7auyeivr4",,,,,,
1983,CIN,WR,WR,0,ACT,Isaac Curtis,Isaac,Curtis,1950-10-20,73,192,,,,,,,,,,,,"https://static.www.nfl.com/image/private/f_auto,q_auto/league/tyarud0a82ss11taqpsr",,,,,,
1983,CIN,WR,WR,0,ACT,Steve Kreider,Steven,Kreider,1958-05-12,75,192,,,,,,,,,,,,"https://static.www.nfl.com/image/private/f_auto,q_auto/league/jfkzfz4plvdpczvmj85n",,,,,,
1983,CIN,WR,WR,0,ACT,Mike Martin,Michael,Martin,1960-11-18,70,186,,,,,,,,,,,,"https://static.www.nfl.com/image/private/f_auto,q_auto/league/ktbo1rhgujjckydtkhc4",,,,,,
1983,CIN,WR,WR,0,ACT,David Verser,David,Verser,1958-03-01,73,200,,,,,,,,,,,,"https://static.www.nfl.com/image/private/f_auto,q_auto/league/bjm8qrilulysp1bwx32l",,,,,,
1983,CLE,DB,CB,0,ACT,Larry Braziel,Larry,Braziel,1954-09-25,72,188,,,,,,,,,,,,"https://static.www.nfl.com/image/private/f_auto,q_auto/league/e21qby7wsk6crtb9bujk",,,,,,
1983,CLE,DB,S,0,ACT,Clinton Burrell,Clinton,Burrell,1956-09-04,73,192,,,,,,,,,,,,"https://static.www.nfl.com/image/private/f_auto,q_auto/league/aumydfn0644xbvfm06li",,,,,,
1983,CLE,DB,CB,0,ACT,Hanford Dixon,Hanford,Dixon,1958-12-25,71,182,,,,,,,,,,,,"https://static.www.nfl.com/image/private/f_auto,q_auto/league/xidozxfcl6t7dndup4vc",,,,,,
1983,CLE,DB,DB,0,ACT,Al Gross,Alfred,Gross,1961-01-04,75,186,,,,,,,,,,,,"https://static.www.nfl.com/image/private/f_auto,q_auto/league/xx4fayrcje32qyqxolkc",,,,,,
1983,CLE,DB,CB,0,ACT,Lawrence Johnson,Lawrence,Johnson,1957-09-11,71,204,,,,,,,,,,,,"https://static.www.nfl.com/image/private/f_auto,q_auto/league/gul4mf681csx4evvghbb",,,,,,
1983,CLE,DB,CB,0,ACT,Rod Perry,Rodney,Perry,1953-09-11,69,170,,,,,,,,,,,,"https://static.www.nfl.com/image/private/f_auto,q_auto/league/ff3n3i3fzw5fvrct17fk",,,,,,
1983,CLE,DB,S,0,ACT,Clarence Scott,Clarence,Scott,1949-04-09,72,190,,,,,,,,,,,,"https://static.www.nfl.com/image/private/f_auto,q_auto/league/sykaaq1amlrepjcxfyfr",,,,,,
1983,CLE,DB,FS,0,ACT,Mike Whitwell,Michael,Whitwell,1958-11-14,72,175,,,,,,,,,,,,"https://static.www.nfl.com/image/private/f_auto,q_auto/league/wwrbjqfpefxbzlq7dri5",,,,,,
1983,CLE,DL,DE,0,ACT,Keith Baldwin,Keith,Baldwin,1960-10-13,76,245,,,,,,,,,,,,"https://static.www.nfl.com/image/private/f_auto,q_auto/league/hvymgvbd149zknyl2r6m",,,,,,
1983,CLE,DL,DE,0,ACT,Thomas Brown,Thomas,Brown,1957-07-08,76,247,,,,,,,,,,,,"https://static.www.nfl.com/image/private/f_auto,q_auto/league/s142qgbrlsnzvsxjikdo",,,,,,
1983,CLE,DL,DE,0,ACT,Reggie Camp,Reginald,Camp,1961-02-28,76,264,,,,,,,,,,,,"https://static.www.nfl.com/image/private/f_auto,q_auto/league/dfgozsdbcqgbjb6cqdjx",,,,,,
1983,CLE,DL,DE,0,ACT,Elvis Franks,Elvis,Franks,1957-07-09,76,238,,,,,,,,,,,,"https://static.www.nfl.com/image/private/f_auto,q_auto/league/o51oqf6lps8q7ogyalas",,,,,,
1983,CLE,DL,NT,0,ACT,Bob Golic,Robert,Golic,1957-10-26,74,248,,,,,,,,,,,,"https://static.www.nfl.com/image/private/f_auto,q_auto/league/ot4eli9ohqljvdmzgfod",,,,,,
1983,CLE,DL,NT,0,ACT,Dave Puzzuoli,Phillip,Puzzuoli,1961-01-12,75,260,,,,,,,,,,,,"https://static.www.nfl.com/image/private/f_auto,q_auto/league/qfps4ctx032y3t1lu94u",,,,,,
1983,CLE,LB,ILB,0,ACT,Dick Ambrose,Richard,Ambrose,1953-01-17,72,235,,,,,,,,,,,,"https://static.www.nfl.com/image/private/f_auto,q_auto/league/zndilvno4jukgvh8ner0",,,,,,
1983,KC,RB,RB,0,ACT,Ken Thomas,Kenneth,Thomas,1960-02-11,69,211,,,,,,,,,,,,"https://static.www.nfl.com/image/private/f_auto,q_auto/league/clcmnj2yftgyxmpttqrq",,,,,,
1983,CLE,LB,LB,0,ACT,Dale Carver,Dale,Carver,1961-03-05,74,225,,,,,,,,,,,,"https://static.www.nfl.com/image/private/f_auto,q_auto/league/qszrv3z1q7dqrkhved3h",,,,,,
1983,CLE,LB,ILB,0,ACT,Tom Cousineau,Thomas,Cousineau,1957-05-06,75,225,,,,,,,,,,,,"https://static.www.nfl.com/image/private/f_auto,q_auto/league/dqijqjbgktjpexwz5evf",,,,,,
1983,CLE,LB,ILB,0,ACT,Eddie Johnson,Eddie,Johnson,1959-02-03,73,210,,,,,,,,,,,,"https://static.www.nfl.com/image/private/f_auto,q_auto/league/g0h1tiixqse1vqudfgn9",,,,,,
1983,KC,TE,TE,0,ACT,Willie Scott,Willie,Scott,1959-02-13,76,245,,,,,,,,,,,,"https://static.www.nfl.com/image/private/f_auto,q_auto/league/dhhrvco2a358mvbarmzz",,,,,,
1983,CLE,LB,ILB,0,ACT,Scott Nicolas,Scott,Nicolas,1960-08-07,75,226,,,,,,,,,,,,"https://static.www.nfl.com/image/private/f_auto,q_auto/league/civok0refg7kuxjcnnok",,,,,,
1983,CLE,LB,LB,0,ACT,Curtis Weathers,Curtis,Weathers,1956-09-16,77,220,,,,,,,,,,,,"https://static.www.nfl.com/image/private/f_auto,q_auto/league/gdewbsoquxbctkr4z5k8",,,,,,
1983,KC,WR,WR,0,ACT,Anthony Hancock,Anthony,Hancock,1960-06-10,72,187,,,,,,,,,,,,"https://static.www.nfl.com/image/private/f_auto,q_auto/league/xlrnb6axu72qiw2e3wqw",,,,,,
1983,CLE,OL,OT,0,ACT,Bill Contz,Julius,Contz,1961-05-12,77,260,,,,,,,,,,,,"https://static.www.nfl.com/image/private/f_auto,q_auto/league/ni1xgyjw9qcfffqimb6i",,,,,,
1983,CLE,OL,G,0,ACT,Joe DeLamielleure,Joseph,DeLamielleure,1951-03-16,75,254,,,,,,,,,,,,"https://static.www.nfl.com/image/private/f_auto,q_auto/league/ymsc8z9jlnc6xenpalg3",,,,,,
1983,CLE,OL,C,0,ACT,Tom DeLeone,Thomas,DeLeone,1950-08-13,74,248,,,,,,,,,,,,"https://static.www.nfl.com/image/private/f_auto,q_auto/league/tldcaybd692wqsz5vjxr",,,,,,
1983,CLE,OL,OT,0,ACT,Doug Dieken,Douglas,Dieken,1949-02-12,77,254,,,,,,,,,,,,"https://static.www.nfl.com/image/private/f_auto,q_auto/league/ifkrjrr6hbul0strcxp6",,,,,,
1983,MIA,DB,FS,0,ACT,Lyle Blackwood,Lyle,Blackwood,1951-05-02,73,188,,,,,,,,,,,,"https://static.www.nfl.com/image/private/f_auto,q_auto/league/kzk48x4ekp3pcqzwrjqk",,,,,,
1983,CLE,OL,OT,0,ACT,Thomas Hopkins,Thomas,Hopkins,1960-01-13,78,260,,,,,,,,,,,,"https://static.www.nfl.com/image/private/f_auto,q_auto/league/kyetsvesbogudrbgtg2b",,,,,,
1983,CLE,OL,G,0,ACT,Robert Jackson,Robert,Jackson,1953-04-01,77,245,,,,,,,,,,,,"https://static.www.nfl.com/image/private/f_auto,q_auto/league/ajbtkinf8mpwxdegzrvi",,,,,,
1983,CLE,OL,OT,0,ACT,Cody Risien,Cody,Risien,1957-03-22,79,255,,,,,,,,,,,,"https://static.www.nfl.com/image/private/f_auto,q_auto/league/zcq0pfjhetxgrvuj8smb",,,,,,
1983,CLE,QB,QB,0,ACT,Paul McDonald,Paul,McDonald,1958-02-23,74,185,,,,,,,,,,,,"https://static.www.nfl.com/image/private/f_auto,q_auto/league/blqpdzbxui2hijbeqex5",,,,,,
1983,CLE,QB,QB,0,ACT,Brian Sipe,Brian,Sipe,1949-08-08,73,195,,,,,,,,,,,,"https://static.www.nfl.com/image/private/f_auto,q_auto/league/jhbdhtvt0rltvbzlgzlx",,,,,,
1983,CLE,QB,QB,0,ACT,Rick Trocano,Richard,Trocano,1959-04-04,72,188,,,,,,,,,,,,"https://static.www.nfl.com/image/private/f_auto,q_auto/league/b4pgzunfav7ii6nrsyoj",,,,,,
1983,CLE,RB,RB,0,ACT,Johnny Davis,Johnny,Davis,1956-07-17,73,230,,,,,,,,,,,,"https://static.www.nfl.com/image/private/f_auto,q_auto/league/z3qo9oxsoqs1iee29o4n",,,,,,
1983,CLE,RB,RB,0,ACT,Vagas Ferguson,Vasquero,Ferguson,1957-03-06,73,204,,,,,,,,,,,,"https://static.www.nfl.com/image/private/f_auto,q_auto/league/h58dbxudwugtbakla6sh",,,,,,
1983,CLE,RB,RB,0,ACT,Boyce Green,Boyce,Green,1960-06-24,71,215,,,,,,,,,,,,"https://static.www.nfl.com/image/private/f_auto,q_auto/league/mkhcvuo0lto0imshljbw",,,,,,
1983,CLE,RB,RB,0,ACT,Dino Hall,Donald,Hall,1955-12-06,67,165,,,,,,,,,,,,"https://static.www.nfl.com/image/private/f_auto,q_auto/league/zdme3wzby3ocngckpr8q",,,,,,
1983,CLE,RB,RB,0,ACT,Mike Pruitt,Michael,Pruitt,1954-04-03,72,214,,,,,,,,,,,,"https://static.www.nfl.com/image/private/f_auto,q_auto/league/cjqm31bc0e6bmrijauft",,,,,,
1983,CLE,RB,RB,0,ACT,Dwight Walker,Dwight,Walker,1959-01-10,70,185,,,,,,,,,,,,"https://static.www.nfl.com/image/private/f_auto,q_auto/league/mdo8f8lvratzkbmmaont",,,,,,
1983,MIA,DL,DT,0,ACT,Steve Clark,Stephen,Clark,1960-08-02,76,255,,,,,,,,,,,,"https://static.www.nfl.com/image/private/f_auto,q_auto/league/r5godh5kzkmfbsk3bv4n",,,,,,
1983,CLE,SPEC,K,0,ACT,Steve Cox,Stephen,Cox,1958-05-11,76,195,,,,,,,,,,,,"https://static.www.nfl.com/image/private/f_auto,q_auto/league/srar2tgv7vh0brzln91b",,,,,,
1983,PHI,RB,RB,0,ACT,Perry Harrington,Perry,Harrington,1958-03-13,71,210,,,,,,,,,,,,"https://static.www.nfl.com/image/private/f_auto,q_auto/league/wopvw0xhh4rm5xjjhysl",,,,,,
1983,CLE,TE,TE,0,ACT,Harry Holt,Harry,Holt,1957-12-29,76,230,,,,,,,,,,,,"https://static.www.nfl.com/image/private/f_auto,q_auto/league/vy7f81psbidvrgzmeh40",,,,,,
1983,CLE,TE,TE,0,ACT,Ozzie Newsome,Ozzie,Newsome,1956-03-15,74,232,,,,,,,,,,,,"https://static.www.nfl.com/image/private/f_auto,q_auto/league/eh5h2ezne6jcjwyhcugw",,,,,,
1983,CLE,TE,TE,0,ACT,Tim Stracka,Timothy,Stracka,1959-09-27,75,225,,,,,,,,,,,,"https://static.www.nfl.com/image/private/f_auto,q_auto/league/pr94ynpfdx7kwxj0gzeb",,,,,,
1983,CLE,WR,WR,0,ACT,Willis Adams,Willis,Adams,1956-08-22,74,194,,,,,,,,,,,,"https://static.www.nfl.com/image/private/f_auto,q_auto/league/zlpqp40wpnonzhvscqxf",,,,,,
1983,CLE,WR,WR,0,ACT,Rocky Belk,Anthony,Belk,1960-06-20,72,187,,,,,,,,,,,,"https://static.www.nfl.com/image/private/f_auto,q_auto/league/lqyhxbru7cclrz448lhf",,,,,,
1983,CLE,WR,WR,0,ACT,Ricky Feacher,Ivory,Feacher,1954-02-11,70,174,,,,,,,,,,,,"https://static.www.nfl.com/image/private/f_auto,q_auto/league/l2oywf2gusqgw4wa7wba",,,,,,
1983,CLE,WR,WR,0,ACT,Bobby Jones,Robert,Jones,1955-07-12,71,180,,,,,,,,,,,,"https://static.www.nfl.com/image/private/f_auto,q_auto/league/ooqbzkq7vqvxok3blaty",,,,,,
1983,CLE,WR,WR,0,ACT,Dave Logan,David,Logan,1954-02-02,76,226,,,,,,,,,,,,"https://static.www.nfl.com/image/private/f_auto,q_auto/league/lc0uim8wtoxao3x8ab8c",,,,,,
1983,MIA,OL,OT,0,ACT,Jon Giesler,Jon,Giesler,1956-12-23,77,255,,,,,,,,,,,,"https://static.www.nfl.com/image/private/f_auto,q_auto/league/gur24noivuvsga6epad9",,,,,,
1983,DAL,DB,S,0,ACT,Dextor Clinkscale,Frederick,Clinkscale,1958-04-13,71,189,,,,,,,,,,,,"https://static.www.nfl.com/image/private/f_auto,q_auto/league/q34lahdlxtliookl4anf",,,,,,
1983,DAL,DB,FS,0,ACT,Michael Downs,Michael,Downs,1959-06-09,75,198,,,,,,,,,,,,"https://static.www.nfl.com/image/private/f_auto,q_auto/league/hmwe8mhvm9pkzdwebcgs",,,,,,
1983,DAL,DB,DB,0,ACT,Ron Fellows,Ronald,Fellows,1958-11-07,72,178,,,,,,,,,,,,"https://static.www.nfl.com/image/private/f_auto,q_auto/league/cszsqo7g4itxzj0eu15e",,,,,,
1983,DAL,DB,DB,0,ACT,Rod Hill,Rodrick,Hill,1959-03-14,72,185,,,,,,,,,,,,"https://static.www.nfl.com/image/private/f_auto,q_auto/league/el0qdmpq0xayanfj3kyc",,,,,,
1983,DAL,DB,CB,0,ACT,Dennis Thurman,Dennis,Thurman,1956-04-13,71,182,,,,,,,,,,,,"https://static.www.nfl.com/image/private/f_auto,q_auto/league/g6isswae4kdc6v7xawhb",,,,,,
1983,MIA,OL,G,0,ACT,Jeff Toews,Jeffrey,Toews,1957-11-04,75,255,,,,,,,,,,,,"https://static.www.nfl.com/image/private/f_auto,q_auto/league/zbqmffq5twmrebvfrxkt",,,,,,
1983,DAL,DL,DT,0,ACT,Larry Bethea,Larry,Bethea,1956-07-21,77,251,,,,,,,,,,,,"https://static.www.nfl.com/image/private/f_auto,q_auto/league/i1fj0umt8pnumdqb1cxq",,,,,,
1983,DAL,DL,DT,0,ACT,John Dutton,John,Dutton,1951-02-06,78,260,,,,,,,,,,,,"https://static.www.nfl.com/image/private/f_auto,q_auto/league/hb3vpzem5trph2f73pyt",,,,,,
1983,MIA,QB,QB,0,ACT,David Woodley,David,Woodley,1958-10-25,74,183,,,,,,,,,,,,"https://static.www.nfl.com/image/private/f_auto,q_auto/league/oopqirpipkq1coe9z8dg",,,,,,
1983,DAL,DL,DE,0,ACT,Too Tall Jones,Edward,Jones,1951-02-23,81,260,,,,,,,,,,,,"https://static.www.nfl.com/image/private/f_auto,q_auto/league/efris3chbjw1odaigct2",,,,,,
1983,DAL,DL,DE,0,ACT,Harvey Martin,Harvey,Martin,1950-11-16,77,262,,,,,,,,,,,,"https://static.www.nfl.com/image/private/f_auto,q_auto/league/xy1hbdfu4vhka27f3fz7",,,,,,
1983,DAL,DL,DT,0,ACT,Don Smerek,Donald,Smerek,1957-12-20,79,255,,,,,,,,,,,,"https://static.www.nfl.com/image/private/f_auto,q_auto/league/lawe6d1toez1jtjth2op",,,,,,
1983,MIA,RB,RB,0,ACT,Tony Nathan,Tony,Nathan,1956-12-14,72,201,,,,,,,,,,,,"https://static.www.nfl.com/image/private/f_auto,q_auto/league/zxs41bvgv51zokfcucrc",,,,,,
1983,DAL,DL,DT,0,ACT,Randy White,Randy,White,1953-01-15,76,268,,,,,,,,,,,,"https://static.www.nfl.com/image/private/f_auto,q_auto/league/npald08ao6ahrj8diwhn",,,,,,
1983,DAL,LB,MLB,0,ACT,Bob Breunig,Robert,Breunig,1953-07-04,74,236,,,,,,,,,,,,"https://static.www.nfl.com/image/private/f_auto,q_auto/league/mxbh76wdlbphcfl5tmvv",,,,,,
1983,DAL,LB,OLB,0,ACT,Anthony Dickerson,Anthony,Dickerson,1957-06-09,74,214,,,,,,,,,,,,"https://static.www.nfl.com/image/private/f_auto,q_auto/league/sn9vvviuysvgdlqhsxaz",,,,,,
1983,DAL,LB,OLB,0,ACT,Mike Hegman,Michael,Hegman,1953-01-17,73,221,,,,,,,,,,,,"https://static.www.nfl.com/image/private/f_auto,q_auto/league/ila9eon0bw71hwafjdev",,,,,,
1983,DAL,LB,MLB,0,ACT,Bruce Huther,Bruce,Huther,1954-07-23,73,221,,,,,,,,,,,,"https://static.www.nfl.com/image/private/f_auto,q_auto/league/gbmhgqqtfb5pw8i3xik4",,,,,,
1983,DAL,LB,LB,0,ACT,Angelo King,Angelo,King,1958-02-10,73,220,,,,,,,,,,,,"https://static.www.nfl.com/image/private/f_auto,q_auto/league/outgl0aby5wd8k5y2urn",,,,,,
1983,DAL,LB,LB,0,ACT,Scott McLean,Robert,McLean,1960-12-16,76,231,,,,,,,,,,,,"https://static.www.nfl.com/image/private/f_auto,q_auto/league/la8m3m4oxhgnqk49156g",,,,,,
1983,DAL,LB,OLB,0,ACT,Jeff Rohrer,Jeffrey,Rohrer,1958-12-25,75,225,,,,,,,,,,,,"https://static.www.nfl.com/image/private/f_auto,q_auto/league/tye5o68l4p8ws59xroy5",,,,,,
1983,PIT,DL,DT,0,ACT,Gabe Rivera,Adrian,Rivera,1961-04-07,74,293,,,,,,,,,,,,"https://static.www.nfl.com/image/private/f_auto,q_auto/league/t2plki3xg86hbv96fgde",,,,,,
1983,STL,RB,RB,0,ACT,Wayne Morris,Wayne,Morris,1954-05-03,72,200,,,,,,,,,,,,"https://static.www.nfl.com/image/private/f_auto,q_auto/league/umwehsy0v9ysvgqydbic",,,,,,
1983,DAL,OL,OT,0,ACT,Jim Cooper,James,Cooper,1955-09-28,77,267,,,,,,,,,,,,"https://static.www.nfl.com/image/private/f_auto,q_auto/league/ybg9qzjzdzyoxyuyinam",,,,,,
1983,DAL,OL,OT,0,ACT,Pat Donovan,Patrick,Donovan,1953-07-01,77,253,,,,,,,,,,,,"https://static.www.nfl.com/image/private/f_auto,q_auto/league/ncilbxe74trdstclnkix",,,,,,
1983,DAL,OL,G,0,ACT,Kurt Petersen,Kurt,Petersen,1957-06-17,76,255,,,,,,,,,,,,"https://static.www.nfl.com/image/private/f_auto,q_auto/league/vuajpojlm7ldmumvecnz",,,,,,
1983,DAL,OL,OT,0,ACT,Phil Pozderac,Philip,Pozderac,1959-12-19,81,260,,,,,,,,,,,,"https://static.www.nfl.com/image/private/f_auto,q_auto/league/l9zjvun6o3bleti5f54c",,,,,,
1983,DAL,OL,C,0,ACT,Tom Rafferty,Thomas,Rafferty,1954-08-02,75,250,,,,,,,,,,,,"https://static.www.nfl.com/image/private/f_auto,q_auto/league/gmkinpapyyazbrqcq0jc",,,,,,
1983,DAL,OL,G,0,ACT,Howard Richards,Howard,Richards,1959-08-07,78,248,,,,,,,,,,,,"https://static.www.nfl.com/image/private/f_auto,q_auto/league/bnb5bxp51qagpuqrwuol",,,,,,
1983,DAL,OL,OT,0,ACT,Chris Schultz,Christopher,Schultz,1960-02-16,80,259,,,,,,,,,,,,"https://static.www.nfl.com/image/private/f_auto,q_auto/league/hli8ip96jqph4xard9go",,,,,,
1983,DAL,OL,G,0,ACT,Herbert Scott,Herbert,Scott,1953-01-18,74,263,,,,,,,,,,,,"https://static.www.nfl.com/image/private/f_auto,q_auto/league/fofvq00qyreepesetale",,,,,,
1983,DAL,OL,C,0,ACT,Glen Titensor,Glen,Titensor,1958-02-21,76,251,,,,,,,,,,,,"https://static.www.nfl.com/image/private/f_auto,q_auto/league/winnn44i04ozgtmbu9tl",,,,,,
1983,MIN,DB,CB,0,ACT,John Swain,John,Swain,1959-09-04,73,195,,,,,,,,,,,,"https://static.www.nfl.com/image/private/f_auto,q_auto/league/uwr6tkyvar4szskzih3s",,,,,,
1983,DAL,QB,QB,0,ACT,Gary Hogeboom,Gary,Hogeboom,1958-08-21,76,200,,,,,,,,,,,,"https://static.www.nfl.com/image/private/f_auto,q_auto/league/w9inwhfdml5yn7rxn8au",,,,,,
1983,DAL,QB,QB,0,ACT,Danny White,Wilford,White,1952-02-09,74,193,,,,,,,,,,,,"https://static.www.nfl.com/image/private/f_auto,q_auto/league/z0qceljtywyvmj2z0jis",,,,,,
1983,DAL,RB,RB,0,ACT,Gary Allen,Gary,Allen,1960-04-23,70,175,,,,,,,,,,,,"https://static.www.nfl.com/image/private/f_auto,q_auto/league/xryhq62iztd6ooutzeyj",,,,,,
1983,DAL,RB,RB,0,ACT,Tony Dorsett,Anthony,Dorsett,1954-04-07,71,192,,,,,,,,,,,,"https://static.www.nfl.com/image/private/f_auto,q_auto/league/b6vvjgq2tpxrzhvwjt1y",,,,,,
1983,DAL,RB,RB,0,ACT,Chuck McSwain,Anthony,McSwain,1961-02-21,72,190,,,,,,,,,,,,"https://static.www.nfl.com/image/private/f_auto,q_auto/league/oztzersmbj4q3qwdhpcc",,,,,,
1983,DAL,RB,RB,0,ACT,Robert Newhouse,Robert,Newhouse,1950-01-09,70,209,,,,,,,,,,,,"https://static.www.nfl.com/image/private/f_auto,q_auto/league/reutjtvbbukopwxf8tg6",,,,,,
1983,DAL,RB,RB,0,ACT,Timmy Newsome,Timothy,Newsome,1958-05-17,73,228,,,,,,,,,,,,"https://static.www.nfl.com/image/private/f_auto,q_auto/league/u2dussdwpbg0qzzefiae",,,,,,
1983,DAL,RB,RB,0,ACT,Ron Springs,Ronald,Springs,1956-11-04,72,197,,,,,,,,,,,,"https://static.www.nfl.com/image/private/f_auto,q_auto/league/vr3hkcgggerkqi56uz6s",,,,,,
1983,DAL,SPEC,P,0,ACT,Jim Miller,James,Miller,1957-07-05,71,183,,,,,,,,,,,,"https://static.www.nfl.com/image/private/f_auto,q_auto/league/s6m8eazuulmod1qygho1",,,,,,
1983,MIN,LB,LB,0,ACT,Walker Lee Ashley,Walker,Ashley,1960-07-28,72,234,,,,,,,,,,,,"https://static.www.nfl.com/image/private/f_auto,q_auto/league/f1q9whfc9buzorqeraql",,,,,,
1983,DAL,SPEC,P,0,ACT,John Warren,John,Warren,1960-11-08,72,198,,,,,,,,,,,,"https://static.www.nfl.com/image/private/f_auto,q_auto/league/x3rfxhen1dhbk3ywskdy",,,,,,
1983,DAL,TE,TE,0,ACT,Doug Cosbie,Douglas,Cosbie,1956-03-27,78,236,,,,,,,,,,,,"https://static.www.nfl.com/image/private/f_auto,q_auto/league/c662iu41klw5muhmirua",,,,,,
1983,DAL,TE,TE,0,ACT,Billy Joe DuPree,Billy,DuPree,1950-03-07,76,225,,,,,,,,,,,,"https://static.www.nfl.com/image/private/f_auto,q_auto/league/qahvvy6nst7jk98iwmbg",,,,,,
1983,DAL,TE,TE,0,ACT,Cleo Simmons,Cleo,Simmons,1960-10-21,74,225,,,,,,,,,,,,"https://static.www.nfl.com/image/private/f_auto,q_auto/league/shbzn2pkfj7hqahoirib",,,,,,
1983,DAL,WR,WR,0,ACT,Doug Donley,Douglas,Donley,1959-02-06,72,175,,,,,,,,,,,,"https://static.www.nfl.com/image/private/f_auto,q_auto/league/xv7n8gpbugdqlvxs76tb",,,,,,
1983,DAL,WR,WR,0,ACT,Tony Hill,Leroy,Hill,1956-06-23,74,196,,,,,,,,,,,,"https://static.www.nfl.com/image/private/f_auto,q_auto/league/td7brllgcoorejhmltnj",,,,,,
1983,DAL,WR,WR,0,ACT,Butch Johnson,Michael,Johnson,1954-05-28,73,187,,,,,,,,,,,,"https://static.www.nfl.com/image/private/f_auto,q_auto/league/wvtpsv8h47cm39up9qt6",,,,,,
1983,DAL,WR,WR,0,ACT,Drew Pearson,Drew,Pearson,1951-01-12,72,184,,,,,,,,,,,,"https://static.www.nfl.com/image/private/f_auto,q_auto/league/j4qa2jefavaeprnvnxze",,,,,,
1983,DEN,DB,DB,0,ACT,Myron Dupree,Myron,Dupree,1961-10-15,71,180,,,,,,,,,,,,"https://static.www.nfl.com/image/private/f_auto,q_auto/league/cqqy8o2hmpalws4nktty",,,,,,
1983,DEN,DB,FS,0,ACT,Steve Foley,Stephen,Foley,1953-11-11,74,181,,,,,,,,,,,,"https://static.www.nfl.com/image/private/f_auto,q_auto/league/yaxvbmwzotxtz2g2theg",,,,,,
1983,DEN,DB,CB,0,ACT,Mike Harden,Michael,Harden,1958-02-16,73,188,,,,,,,,,,,,"https://static.www.nfl.com/image/private/f_auto,q_auto/league/glkgy46lxw0jlbnpzpg2",,,,,,
1983,PIT,TE,TE,0,ACT,John Rodgers,John,Rodgers,1960-02-07,74,220,,,,,,,,,,,,"https://static.www.nfl.com/image/private/f_auto,q_auto/league/tip4tsdudltfwfxbvjv1",,,,,,
1983,DEN,DB,DB,0,ACT,Wilbur Myers,Wilbur,Myers,1961-08-17,71,195,,,,,,,,,,,,"https://static.www.nfl.com/image/private/f_auto,q_auto/league/obewin5sfudq93xufofg",,,,,,
1983,MIN,OL,OT,0,ACT,Curtis Rouse,Curtis,Rouse,1960-07-13,75,304,,,,,,,,,,,,"https://static.www.nfl.com/image/private/f_auto,q_auto/league/v1elbwkwrbpxecvivgkn",,,,,,
1983,DEN,DB,S,0,ACT,Steve Trimble,Steven,Trimble,1958-05-11,70,181,,,,,,,,,,,,"https://static.www.nfl.com/image/private/f_auto,q_auto/league/fkpqtfr9ibs77qsoufza",,,,,,
1983,DEN,DB,CB,0,ACT,Steve Wilson,Steven,Wilson,1957-08-24,70,195,,,,,,,,,,,,"https://static.www.nfl.com/image/private/f_auto,q_auto/league/momdj8pea8j9bksiorxu",,,,,,
1983,MIN,QB,QB,0,ACT,Steve Dils,Stephen,Dils,1955-12-08,73,190,,,,,,,,,,,,"https://static.www.nfl.com/image/private/f_auto,q_auto/league/ih0z25eoj7ommwssthmv",,,,,,
1983,MIN,QB,QB,0,ACT,Tommy Kramer,Thomas,Kramer,1955-03-07,74,200,,,,,,,,,,,,"https://static.www.nfl.com/image/private/f_auto,q_auto/league/a6ritwqkenxrqsrtuvfj",,,,,,
1983,MIN,QB,QB,0,ACT,Archie Manning,Elisha,Manning,1949-05-19,75,212,,,,,,,,,,,,"https://static.www.nfl.com/image/private/f_auto,q_auto/league/g9vyzturkqi7oguzxqry",,,,,,
1983,RAI,DB,DB,0,ACT,James Davis,James,Davis,1957-06-12,72,205,,,,,,,,,,,,"https://static.www.nfl.com/image/private/f_auto,q_auto/league/hp7tvcpubhqs1khoire3",,,,,,
1983,DEN,DL,DE,0,ACT,Rulon Jones,Rulon,Jones,1958-03-25,78,260,,,,,,,,,,,,"https://static.www.nfl.com/image/private/f_auto,q_auto/league/brtvc9lzil9qrfz5ofjw",,,,,,
1983,DEN,DL,DT,0,ACT,Don Latimer,Don,Latimer,1955-03-01,75,259,,,,,,,,,,,,"https://static.www.nfl.com/image/private/f_auto,q_auto/league/o2hz7alnedigerq6bepy",,,,,,
1983,DEN,DL,DE,0,ACT,Brison Manor,Brison,Manor,1952-08-10,76,247,,,,,,,,,,,,"https://static.www.nfl.com/image/private/f_auto,q_auto/league/hutmzmcx02uqcpuuq9fn",,,,,,
1983,DEN,DL,DE,0,ACT,Rich Stachowski,Richard,Stachowski,1961-03-29,76,245,,,,,,,,,,,,"https://static.www.nfl.com/image/private/f_auto,q_auto/league/s2sjuv2pc9jfsdywjklb",,,,,,
1983,DEN,LB,ILB,0,ACT,Steve Busick,Steven,Busick,1958-12-10,76,227,,,,,,,,,,,,"https://static.www.nfl.com/image/private/f_auto,q_auto/league/esjklosxvsbmdf4ud9fy",,,,,,
1983,MIN,RB,RB,0,ACT,Rickey Young,Rickey,Young,1953-12-07,74,196,,,,,,,,,,,,"https://static.www.nfl.com/image/private/f_auto,q_auto/league/jsuu0buzpoxfw6d69ktm",,,,,,
1983,DEN,LB,OLB,0,ACT,Rick Dennison,Rick,Dennison,1958-06-22,75,215,,,,,,,,,,,,"https://static.www.nfl.com/image/private/f_auto,q_auto/league/w82leiovirznikkquhfq",,,,,,
1983,DEN,LB,ILB,0,ACT,Randy Gradishar,Randolph,Gradishar,1952-03-03,75,233,,,,,,,,,,,,"https://static.www.nfl.com/image/private/f_auto,q_auto/league/j26v365gypzpexzie5ef",,,,,,
1983,MIN,TE,TE,0,ACT,Norris Brown,Willie,Brown,1961-07-10,75,220,,,,,,,,,,,,"https://static.www.nfl.com/image/private/f_auto,q_auto/league/v2aj1ypspu55jmmh099h",,,,,,
1983,MIN,TE,TE,0,ACT,Bob Bruer,Robert,Bruer,1953-05-22,77,235,,,,,,,,,,,,"https://static.www.nfl.com/image/private/f_auto,q_auto/league/ilftw1x27njvnfomp6ej",,,,,,
1983,DEN,LB,OLB,0,ACT,Jim Ryan,James,Ryan,1957-05-18,73,212,,,,,,,,,,,,"https://static.www.nfl.com/image/private/f_auto,q_auto/league/rwlxzpwsrerwtxybvxjz",,,,,,
1983,DEN,LB,OLB,0,ACT,Bob Swenson,Robert,Swenson,1953-07-01,75,225,,,,,,,,,,,,"https://static.www.nfl.com/image/private/f_auto,q_auto/league/ctzvlds6dboyivk5dbq7",,,,,,
1983,DEN,LB,OLB,0,ACT,Ken Woodard,Kenneth,Woodard,1960-01-22,73,218,,,,,,,,,,,,"https://static.www.nfl.com/image/private/f_auto,q_auto/league/wji31bhbpdk05y561xv7",,,,,,
1983,MIN,TE,TE,0,ACT,Joe Senser,Joseph,Senser,1956-08-18,76,235,,,,,,,,,,,,"https://static.www.nfl.com/image/private/f_auto,q_auto/league/edlklqqngctxlvqk8frg",,,,,,
1983,DEN,OL,G,0,ACT,Keith Bishop,Keith,Bishop,1957-03-10,75,260,,,,,,,,,,,,"https://static.www.nfl.com/image/private/f_auto,q_auto/league/o3ixbfmy2hayt6kkcrg3",,,,,,
1983,DEN,OL,C,0,ACT,Billy Bryan,William,Bryan,1955-06-21,74,246,,,,,,,,,,,,"https://static.www.nfl.com/image/private/f_auto,q_auto/league/j8zhqfifwv9jqmucve1y",,,,,,
1983,DEN,OL,G,0,ACT,Mark Cooper,Mark,Cooper,1960-02-14,77,270,,,,,,,,,,,,"https://static.www.nfl.com/image/private/f_auto,q_auto/league/kevp0yweedqh2xyckh9e",,,,,,
1983,DEN,OL,G,0,ACT,Tom Glassic,Thomas,Glassic,1954-04-17,75,254,,,,,,,,,,,,"https://static.www.nfl.com/image/private/f_auto,q_auto/league/ymgiur7evmp20yekw1t8",,,,,,
1983,DEN,OL,OT,0,ACT,Shawn Hollingsworth,Shawn,Hollingsworth,1961-12-04,74,260,,,,,,,,,,,,"https://static.www.nfl.com/image/private/f_auto,q_auto/league/caplwx7rjtuwxag5dojf",,,,,,
1983,DEN,OL,G,0,ACT,Paul Howard,Paul,Howard,1950-09-12,75,260,,,,,,,,,,,,"https://static.www.nfl.com/image/private/f_auto,q_auto/league/kfl2pymluqex1vlrtnnx",,,,,,
1983,RAI,LB,OLB,0,ACT,Rod Martin,Roderick,Martin,1954-04-07,74,205,,,,,,,,,,,,"https://static.www.nfl.com/image/private/f_auto,q_auto/league/le2n1nfmd1ca6mx4i4ix",,,,,,
1983,DEN,OL,OT,0,ACT,Dave Studdard,David,Studdard,1955-11-22,76,260,,,,,,,,,,,,"https://static.www.nfl.com/image/private/f_auto,q_auto/league/t5h9rguzhtbpwpbf0df5",,,,,,
1983,NE,DB,S,0,ACT,Roland James,Roland,James,1958-02-18,74,191,,,,,,,,,,,,"https://static.www.nfl.com/image/private/f_auto,q_auto/league/um8rkvvvexhllos1aas7",,,,,,
1983,NE,DB,DB,0,ACT,Keith Lee,Keith,Lee,1957-12-22,71,192,,,,,,,,,,,,"https://static.www.nfl.com/image/private/f_auto,q_auto/league/rgv9zcpchxidwrjolre8",,,,,,
1983,RAI,OL,C,0,ACT,Dave Dalby,David,Dalby,1950-10-19,74,240,,,,,,,,,,,,"https://static.www.nfl.com/image/private/f_auto,q_auto/league/ilx0jimbx1zpk4gvdb0r",,,,,,
1983,RAI,OL,OT,0,ACT,Bruce Davis,Bruce,Davis,1956-06-21,78,280,,,,,,,,,,,,"https://static.www.nfl.com/image/private/f_auto,q_auto/league/lwgxmx3zj5gbs8tjpjp8",,,,,,
1983,DEN,RB,RB,0,ACT,Clay Brown,Clayton,Brown,1958-09-20,75,223,,,,,,,,,,,,"https://static.www.nfl.com/image/private/f_auto,q_auto/league/zqg3hyjrxcshsyh3lcdl",,,,,,
1983,NE,DB,DB,0,ACT,Ricky Smith,Ricky,Smith,1960-07-20,72,174,,,,,,,,,,,,"https://static.www.nfl.com/image/private/f_auto,q_auto/league/bgljjcswoaxhcw7hvhsu",,,,,,
1983,DEN,RB,RB,0,ACT,Jesse Myles,Jesse,Myles,1960-09-28,70,210,,,,,,,,,,,,"https://static.www.nfl.com/image/private/f_auto,q_auto/league/wv8i2yx2bmkudnuuvmcx",,,,,,
1983,DEN,RB,RB,0,ACT,Rick Parros,Rick,Parros,1958-06-14,71,200,,,,,,,,,,,,"https://static.www.nfl.com/image/private/f_auto,q_auto/league/fuoiv63mwol9n6iepodf",,,,,,
1983,DEN,RB,RB,0,ACT,Nathan Poole,Nathan,Poole,1956-12-17,69,210,,,,,,,,,,,,"https://static.www.nfl.com/image/private/f_auto,q_auto/league/sshi5p9sibpi3vwoj4bh",,,,,,
1983,DEN,RB,RB,0,ACT,Dave Preston,Richard,Preston,1955-05-29,70,195,,,,,,,,,,,,"https://static.www.nfl.com/image/private/f_auto,q_auto/league/zxklvhixlchytojf8ggy",,,,,,
1983,DEN,RB,RB,0,ACT,Gerald Willhite,Gerald,Willhite,1959-05-30,70,200,,,,,,,,,,,,"https://static.www.nfl.com/image/private/f_auto,q_auto/league/zjmqmpkrs9akb6ziwt7u",,,,,,
1983,DEN,RB,RB,0,ACT,Sammy Winder,Sammy,Winder,1959-07-15,71,203,,,,,,,,,,,,"https://static.www.nfl.com/image/private/f_auto,q_auto/league/v39r535soc9s4rskfhf7",,,,,,
1983,DEN,SPEC,K,0,ACT,Rich Karlis,Richard,Karlis,1959-05-23,72,180,,,,,,,,,,,,"https://static.www.nfl.com/image/private/f_auto,q_auto/league/scvvgldutxv1dyrxmva6",,,,,,
1983,DEN,SPEC,P,0,ACT,Luke Prestridge,Luke,Prestridge,1956-09-17,76,225,,,,,,,,,,,,"https://static.www.nfl.com/image/private/f_auto,q_auto/league/yyye6lrfg3y14szb9dr6",,,,,,
1983,DEN,TE,TE,0,ACT,Dean Barnett,Donald,Barnett,1957-06-06,74,225,,,,,,,,,,,,"https://static.www.nfl.com/image/private/f_auto,q_auto/league/cwuqajght2kgv4clr076",,,,,,
1983,DEN,TE,TE,0,ACT,Ron Egloff,Ronald,Egloff,1955-10-03,77,227,,,,,,,,,,,,"https://static.www.nfl.com/image/private/f_auto,q_auto/league/gfj5rnenbtms8ujdsu9r",,,,,,
1983,NE,DL,DE,0,ACT,Toby Williams,Tobias,Williams,1959-11-19,75,254,,,,,,,,,,,,"https://static.www.nfl.com/image/private/f_auto,q_auto/league/mahr3z7g6icdtendkbxw",,,,,,
1983,DEN,TE,TE,0,ACT,John Sawyer,John,Sawyer,1953-07-26,74,230,,,,,,,,,,,,"https://static.www.nfl.com/image/private/f_auto,q_auto/league/hspwiurchhz3ssgzfr98",,,,,,
1983,DEN,TE,TE,0,ACT,James Wright,James,Wright,1956-09-01,75,240,,,,,,,,,,,,"https://static.www.nfl.com/image/private/f_auto,q_auto/league/kbduv6urnhs6hfuzh0gh",,,,,,
1983,DEN,WR,WR,0,ACT,Clint Sampson,Clinton,Sampson,1961-01-04,71,183,,,,,,,,,,,,"https://static.www.nfl.com/image/private/f_auto,q_auto/league/bty0fmd1ihylbxsrt1po",,,,,,
1983,NE,LB,LB,0,ACT,Brian Ingram,Brian,Ingram,1959-10-31,76,230,,,,,,,,,,,,"https://static.www.nfl.com/image/private/f_auto,q_auto/league/f57nfzzzalct62bpyqel",,,,,,
1983,DEN,WR,WR,0,ACT,Rick Upchurch,Richard,Upchurch,1952-05-20,70,175,,,,,,,,,,,,"https://static.www.nfl.com/image/private/f_auto,q_auto/league/ur6o8rbnx0nqz7nhwccp",,,,,,
1983,DEN,WR,WR,0,ACT,Steve Watson,Stephen,Watson,1957-05-28,76,195,,,,,,,,,,,,"https://static.www.nfl.com/image/private/f_auto,q_auto/league/dvxzjkjazsztwuvsmg8z",,,,,,
1983,DET,DB,S,0,ACT,William Graham,William,Graham,1959-09-27,71,188,,,,,,,,,,,,"https://static.www.nfl.com/image/private/f_auto,q_auto/league/nkveuqrdt5hhnkdgdm39",,,,,,
1983,RAI,TE,TE,0,ACT,Todd Christensen,Todd,Christensen,1956-08-03,75,225,,,,,,,,,,,,"https://static.www.nfl.com/image/private/f_auto,q_auto/league/ab7yhfyi0nbqfby476hm",,,,,,
1983,DET,DB,FS,0,ACT,Alvin Hall,Alvin,Hall,1958-08-12,70,193,,,,,,,,,,,,"https://static.www.nfl.com/image/private/f_auto,q_auto/league/fxn7b7lkjqzqagqgom13",,,,,,
1983,DET,DB,DB,0,ACT,Maurice Harvey,Maurice,Harvey,1956-01-14,70,190,,,,,,,,,,,,"https://static.www.nfl.com/image/private/f_auto,q_auto/league/mr93pjmwj9q7bdwnfs8r",,,,,,
1983,DET,DB,S,0,ACT,Demetrious Johnson,Demetrious,Johnson,1961-07-21,71,186,,,,,,,,,,,,"https://static.www.nfl.com/image/private/f_auto,q_auto/league/lnf52wxvdqefk5qkabyq",,,,,,
1983,DET,DB,CB,0,ACT,Al Latimer,Albert,Latimer,1957-10-14,71,172,,,,,,,,,,,,"https://static.www.nfl.com/image/private/f_auto,q_auto/league/u79ngzqdhmp79ruby9wk",,,,,,
1983,RAI,WR,WR,0,ACT,Cleo Montgomery,Cleotha,Montgomery,1955-07-01,68,183,,,,,,,,,,,,"https://static.www.nfl.com/image/private/f_auto,q_auto/league/xsm3trvhar2oev9swayk",,,,,,
1983,NE,OL,G,0,ACT,John Hannah,John,Hannah,1951-04-04,74,265,,,,,,,,,,,,"https://static.www.nfl.com/image/private/f_auto,q_auto/league/ebc8zlctxozwriiwemda",,,,,,
1983,DET,DB,CB,0,ACT,Bobby Watkins,Bobby,Watkins,1960-05-31,70,184,,,,,,,,,,,,"https://static.www.nfl.com/image/private/f_auto,q_auto/league/hszkqv0ohdqbqkjyymcu",,,,,,
1983,RAM,DB,CB,0,ACT,Kirk Collins,Edward,Collins,1958-07-18,71,182,,,,,,,,,,,,"https://static.www.nfl.com/image/private/f_auto,q_auto/league/fbnpn3lcug1goeztg5l6",,,,,,
1983,DET,DL,DT,0,ACT,Mike Dawson,Michael,Dawson,1953-10-16,76,270,,,,,,,,,,,,"https://static.www.nfl.com/image/private/f_auto,q_auto/league/mvkuwh5gdnxoielc8dqw",,,,,,
1983,DET,DL,DT,0,ACT,Doug English,Lowell,English,1953-08-25,77,250,,,,,,,,,,,,"https://static.www.nfl.com/image/private/f_auto,q_auto/league/im6jqm3x3k6fma1ghkqz",,,,,,
1983,DET,DL,DT,0,ACT,Mike Fanning,Michael,Fanning,1953-02-02,78,255,,,,,,,,,,,,"https://static.www.nfl.com/image/private/f_auto,q_auto/league/mt0j12pn9nsm6o61rfgp",,,,,,
1983,DET,DL,DE,0,ACT,Bill Gay,William,Gay,1955-05-28,77,225,,,,,,,,,,,,"https://static.www.nfl.com/image/private/f_auto,q_auto/league/rmf9fbxmiuztvzbyesto",,,,,,
1983,NE,QB,QB,0,ACT,Steve Grogan,Steven,Grogan,1953-07-24,76,210,,,,,,,,,,,,"https://static.www.nfl.com/image/private/f_auto,q_auto/league/lgtwr9h2e8bey2lyqkco",,,,,,
1983,DET,DL,DE,0,ACT,Martin Moss,Martin,Moss,1958-12-16,76,250,,,,,,,,,,,,"https://static.www.nfl.com/image/private/f_auto,q_auto/league/fokzeapjnwimdgurx5l4",,,,,,
1983,DET,LB,LB,0,ACT,Roosevelt Barnes,Roosevelt,Barnes,1958-08-03,74,215,,,,,,,,,,,,"https://static.www.nfl.com/image/private/f_auto,q_auto/league/aqdsxqhvmdyq3ebufj5x",,,,,,
1983,DET,LB,OLB,0,ACT,Garry Cobb,Garry,Cobb,1957-03-16,74,227,,,,,,,,,,,,"https://static.www.nfl.com/image/private/f_auto,q_auto/league/indv09nrbnxdmguenm1b",,,,,,
1983,DET,LB,LB,0,ACT,August Curley,August,Curley,1960-01-24,75,226,,,,,,,,,,,,"https://static.www.nfl.com/image/private/f_auto,q_auto/league/yrygovdfs1ww0z5qokxz",,,,,,
1983,DET,LB,LB,0,ACT,Steve Doig,Stephen,Doig,1960-03-28,74,240,,,,,,,,,,,,"https://static.www.nfl.com/image/private/f_auto,q_auto/league/gxoyi4dio092wftpnjfz",,,,,,
1983,DET,LB,MLB,0,ACT,Ken Fantetti,Kenneth,Fantetti,1957-04-07,74,230,,,,,,,,,,,,"https://static.www.nfl.com/image/private/f_auto,q_auto/league/o27thfhyrdohvyfwkskz",,,,,,
1983,DET,LB,LB,0,ACT,James Harrell,James,Harrell,1957-07-19,73,215,,,,,,,,,,,,"https://static.www.nfl.com/image/private/f_auto,q_auto/league/iih7kqgejse7eaos65ve",,,,,,
1983,DET,LB,OLB,0,ACT,Jimmy Williams,James,Williams,1960-11-15,75,230,,,,,,,,,,,,"https://static.www.nfl.com/image/private/f_auto,q_auto/league/wd1akbgxq9iiplnaqmci",,,,,,
1983,DET,OL,OT,0,ACT,Chris Dieterich,Christian,Dieterich,1958-07-27,75,255,,,,,,,,,,,,"https://static.www.nfl.com/image/private/f_auto,q_auto/league/y0vngeyennmr4f8rtzjk",,,,,,
1983,NE,SPEC,K,0,ACT,Joaquin Zendejas,Joaquin,Zendejas,1960-01-14,71,176,,,,,,,,,,,,"https://static.www.nfl.com/image/private/f_auto,q_auto/league/r9lkivuqef9uunmimvn2",,,,,,
1983,NE,TE,TE,0,ACT,Lin Dawson,James,Dawson,1959-06-24,75,240,,,,,,,,,,,,"https://static.www.nfl.com/image/private/f_auto,q_auto/league/mdm4nfhl0g2cn7rynguc",,,,,,
1983,NE,TE,TE,0,TRD,Don Hasselbeck,Donald,Hasselbeck,1955-04-01,79,245,,,,,,,,,,,,"https://static.www.nfl.com/image/private/f_auto,q_auto/league/x8etmam0wfxuyp6os5pk",,,,,,
1983,DET,OL,G,0,ACT,Don Greco,Donald,Greco,1959-04-01,75,260,,,,,,,,,,,,"https://static.www.nfl.com/image/private/f_auto,q_auto/league/th1layyowerrfsm7nkba",,,,,,
1983,DET,OL,G,0,ACT,Larry Lee,Larry,Lee,1959-09-10,74,274,,,,,,,,,,,,"https://static.www.nfl.com/image/private/f_auto,q_auto/league/kolec30vliiy0aohka9p",,,,,,
1983,DET,OL,C,0,ACT,Steve Mott,Walter,Mott,1961-03-24,75,259,,,,,,,,,,,,"https://static.www.nfl.com/image/private/f_auto,q_auto/league/ch5r1yhhvj7dlys57e4g",,,,,,
1983,DET,OL,OT,0,ACT,Rich Strenger,Richard,Strenger,1960-03-10,79,280,,,,,,,,,,,,"https://static.www.nfl.com/image/private/f_auto,q_auto/league/epkmcuyzsikf82x9xeu0",,,,,,
1983,DET,OL,C,0,ACT,Tom Turnure,Thomas,Turnure,1957-07-09,76,250,,,,,,,,,,,,"https://static.www.nfl.com/image/private/f_auto,q_auto/league/vkiged7oen67fsm0gi5g",,,,,,
1983,DET,QB,QB,0,ACT,Gary Danielson,Gary,Danielson,1951-09-10,74,195,,,,,,,,,,,,"https://static.www.nfl.com/image/private/f_auto,q_auto/league/vag08i1oekw4yvjxphto",,,,,,
1983,DET,QB,QB,0,ACT,Eric Hipple,Eric,Hipple,1957-09-16,74,196,,,,,,,,,,,,"https://static.www.nfl.com/image/private/f_auto,q_auto/league/bmbixu0mxxrxmdsc3grb",,,,,,
1983,DET,QB,QB,0,ACT,Mike Machurek,Michael,Machurek,1960-07-22,73,205,,,,,,,,,,,,"https://static.www.nfl.com/image/private/f_auto,q_auto/league/a6zvpvml0khzpziwgfsv",,,,,,
1983,DET,RB,RB,0,ACT,Dexter Bussey,Dexter,Bussey,1952-03-11,73,195,,,,,,,,,,,,"https://static.www.nfl.com/image/private/f_auto,q_auto/league/mynjggmpx7me7cukv6rw",,,,,,
1983,DET,RB,RB,0,ACT,Ken Jenkins,Kenneth,Jenkins,1959-05-08,68,183,,,,,,,,,,,,"https://static.www.nfl.com/image/private/f_auto,q_auto/league/qjqrj8nwpmf60blpkptj",,,,,,
1983,NO,DB,CB,0,ACT,Rodney Lewis,Rodney,Lewis,1959-04-02,71,190,,,,,,,,,,,,"https://static.www.nfl.com/image/private/f_auto,q_auto/league/tncht06ubzwftb2bfzvp",,,,,,
1983,DET,RB,RB,0,ACT,Rick Kane,Richard,Kane,1954-11-12,71,200,,,,,,,,,,,,"https://static.www.nfl.com/image/private/f_auto,q_auto/league/jc7szz9xhcv6p14akikh",,,,,,
1983,DET,RB,RB,0,ACT,Horace King,Horace,King,1953-03-05,70,208,,,,,,,,,,,,"https://static.www.nfl.com/image/private/f_auto,q_auto/league/i6ms9ajzlvozkg8gccyc",,,,,,
1983,DET,RB,RB,0,ACT,Billy Sims,Billy,Sims,1955-09-18,72,212,,,,,,,,,,,,"https://static.www.nfl.com/image/private/f_auto,q_auto/league/klbuonro96ludylbxd0d",,,,,,
1983,DET,RB,RB,0,ACT,Vince Thompson,Vincent,Thompson,1957-02-21,72,230,,,,,,,,,,,,"https://static.www.nfl.com/image/private/f_auto,q_auto/league/leeahazs4s1zwrcmqevd",,,,,,
1983,DET,SPEC,P,0,ACT,Mike Black,Peter,Black,1961-01-18,73,205,,,,,,,,,,,,"https://static.www.nfl.com/image/private/f_auto,q_auto/league/t18azkp5epoinaf4zgun",,,,,,
1983,NO,DL,DE,0,ACT,Bruce Clark,Bruce,Clark,1958-03-31,75,250,,,,,,,,,,,,"https://static.www.nfl.com/image/private/f_auto,q_auto/league/ejuiuxexvqbxgqdpzccp",,,,,,
1983,DET,TE,TE,0,ACT,Ulysses Norris,Ulysses,Norris,1957-01-15,76,225,,,,,,,,,,,,"https://static.www.nfl.com/image/private/f_auto,q_auto/league/jyn0agpdtkuewzs79wfd",,,,,,
1983,DET,TE,TE,0,ACT,Rob Rubick,Robin,Rubick,1960-09-27,75,225,,,,,,,,,,,,"https://static.www.nfl.com/image/private/f_auto,q_auto/league/fiowvfc4tmjwpvjpto6d",,,,,,
1983,DET,WR,WR,0,ACT,James Caver,James,Caver,1960-09-28,69,175,,,,,,,,,,,,"https://static.www.nfl.com/image/private/f_auto,q_auto/league/stfjfscizfnqaxlkofcm",,,,,,
1983,NO,DL,NT,0,ACT,Derland Moore,Derland,Moore,1951-10-07,76,250,,,,,,,,,,,,"https://static.www.nfl.com/image/private/f_auto,q_auto/league/tlu2umdhgsjyw1or4qgz",,,,,,
1983,DET,WR,WR,0,ACT,Robbie Martin,Robbie,Martin,1958-12-03,68,179,,,,,,,,,,,,"https://static.www.nfl.com/image/private/f_auto,q_auto/league/ft21inijzzk4apnrtwnd",,,,,,
1983,DET,WR,WR,0,ACT,Reese McCall,Reese,McCall,1956-06-16,78,232,,,,,,,,,,,,"https://static.www.nfl.com/image/private/f_auto,q_auto/league/vvnawlnvtlcaqs04pako",,,,,,
1983,DET,WR,WR,0,ACT,Mark Nichols,Mark,Nichols,1959-10-29,74,213,,,,,,,,,,,,"https://static.www.nfl.com/image/private/f_auto,q_auto/league/uv9jpj10mwvgdge2o0ic",,,,,,
1983,NO,LB,ILB,0,ACT,Jim Kovach,James,Kovach,1956-05-01,74,230,,,,,,,,,,,,"https://static.www.nfl.com/image/private/f_auto,q_auto/league/wnasyy4zi3d4uod2y3td",,,,,,
1983,DET,WR,WR,0,ACT,Leonard Thompson,Leonard,Thompson,1952-07-28,71,192,,,,,,,,,,,,"https://static.www.nfl.com/image/private/f_auto,q_auto/league/n90airs9gbylsyvxvgvm",,,,,,
1983,GB,DB,FS,0,ACT,Johnnie Gray,Johnnie,Gray,1953-12-18,71,185,,,,,,,,,,,,"https://static.www.nfl.com/image/private/f_auto,q_auto/league/jikjb8udqq7mgxccvb0h",,,,,,
1983,GB,DB,S,0,TRT,Maurice Harvey,Maurice,Harvey,1956-01-14,70,190,,,,,,,,,,,,"https://static.www.nfl.com/image/private/f_auto,q_auto/league/mr93pjmwj9q7bdwnfs8r",,,,,,
1983,GB,DB,DB,0,ACT,Estus Hood,Estus,Hood,1955-11-14,71,180,,,,,,,,,,,,"https://static.www.nfl.com/image/private/f_auto,q_auto/league/bgrqygaxciczjaofdkyx",,,,,,
1983,NO,LB,LB,0,ACT,Glen Redd,Glen,Redd,1958-06-17,73,229,,,,,,,,,,,,"https://static.www.nfl.com/image/private/f_auto,q_auto/league/p6ktbrf5cpvbw8qew0vm",,,,,,
1983,NO,LB,ILB,0,ACT,Dennis Winston,Dennis,Winston,1955-10-25,72,228,,,,,,,,,,,,"https://static.www.nfl.com/image/private/f_auto,q_auto/league/z3eupshfjqccknzpzwww",,,,,,
1983,GB,DB,CB,0,ACT,Tim Lewis,Timothy,Lewis,1961-12-18,71,194,,,,,,,,,,,,"https://static.www.nfl.com/image/private/f_auto,q_auto/league/guj5zdpbaag9mdljfibd",,,,,,
1983,NO,OL,OT,0,ACT,Kelvin Clark,Kelvin,Clark,1956-01-30,75,267,,,,,,,,,,,,"https://static.www.nfl.com/image/private/f_auto,q_auto/league/ascbue7vodyrwevihcrg",,,,,,
1983,GB,DB,S,0,ACT,Mark Murphy,Mark,Murphy,1958-04-22,74,199,,,,,,,,,,,,"https://static.www.nfl.com/image/private/f_auto,q_auto/league/menkoykgzqp0pde3fuqm",,,,,,
1983,GB,DB,DB,0,ACT,Dwayne O'Steen,Dwayne,O'Steen,1954-12-20,73,185,,,,,,,,,,,,"https://static.www.nfl.com/image/private/f_auto,q_auto/league/hqaplh4ns5juszensbyx",,,,,,
1983,GB,DL,DE,0,ACT,Greg Boyd,Gregory,Boyd,1952-09-15,78,270,,,,,,,,,,,,"https://static.www.nfl.com/image/private/f_auto,q_auto/league/ioldsiavuexz9wqzb7kg",,,,,,
1983,NO,OL,G,0,ACT,Steve Korte,Steven,Korte,1960-01-15,75,270,,,,,,,,,,,,"https://static.www.nfl.com/image/private/f_auto,q_auto/league/ykcjr1muytkmf7aqp0uf",,,,,,
1983,NO,OL,OT,0,ACT,Dave Lafary,David,Lafary,1955-01-13,79,280,,,,,,,,,,,,"https://static.www.nfl.com/image/private/f_auto,q_auto/league/ejzc26ymdjl5pckbxxks",,,,,,
1983,GB,DL,NT,0,ACT,Charles Johnson,Charles,Johnson,1957-06-29,73,262,,,,,,,,,,,,"https://static.www.nfl.com/image/private/f_auto,q_auto/league/qent19yrtt5f3sm0tivz",,,,,,
1983,NO,OL,C,0,ACT,Jim Pietrzak,James,Pietrzak,1953-02-21,77,260,,,,,,,,,,,,"https://static.www.nfl.com/image/private/f_auto,q_auto/league/k4rhr9vqu6g0yxvowqun",,,,,,
1983,GB,DL,NT,0,ACT,Terry Jones,Terry,Jones,1956-11-08,74,259,,,,,,,,,,,,"https://static.www.nfl.com/image/private/f_auto,q_auto/league/rm1wd7j4pel6dkqh7h3s",,,,,,
1983,GB,DL,DE,0,TRD,Casey Merrill,Richard,Merrill,1957-07-16,76,254,,,,,,,,,,,,"https://static.www.nfl.com/image/private/f_auto,q_auto/league/btz9hops7fxztsbch21h",,,,,,
1983,GB,DL,NT,0,ACT,Daryle Skaugstad,Daryle,Skaugstad,1957-04-08,77,254,,,,,,,,,,,,"https://static.www.nfl.com/image/private/f_auto,q_auto/league/rsdmwzc8yztexjv28pyj",,,,,,
1983,GB,DL,DE,0,ACT,Ron Spears,Ronald,Spears,1959-11-23,78,255,,,,,,,,,,,,"https://static.www.nfl.com/image/private/f_auto,q_auto/league/cqczykf8turynh0syw86",,,,,,
1983,NO,RB,RB,0,ACT,Hokie Gajan,Howard,Gajan,1959-09-06,71,214,,,,,,,,,,,,"https://static.www.nfl.com/image/private/f_auto,q_auto/league/jvx2kn896f9iggvctyqf",,,,,,
1983,GB,LB,OLB,0,ACT,John Anderson,Roger,Anderson,1956-02-14,75,221,,,,,,,,,,,,"https://static.www.nfl.com/image/private/f_auto,q_auto/league/gucx4nx412bv6iuj5gwp",,,,,,
1983,GB,LB,ILB,0,ACT,George Cumby,George,Cumby,1956-07-05,72,215,,,,,,,,,,,,"https://static.www.nfl.com/image/private/f_auto,q_auto/league/pcprcs7fk5gx161jl1sj",,,,,,
1983,GB,LB,LB,0,ACT,Mike Curcio,Michael,Curcio,1957-01-24,73,237,,,,,,,,,,,,"https://static.www.nfl.com/image/private/f_auto,q_auto/league/x1ehjarkxd2p28zfvq1d",,,,,,
1983,GB,LB,OLB,0,ACT,Mike Douglass,Michael,Douglass,1955-03-15,72,224,,,,,,,,,,,,"https://static.www.nfl.com/image/private/f_auto,q_auto/league/agaskncjwymqqolssivo",,,,,,
1983,GB,LB,LB,0,ACT,Jim Laughlin,James,Laughlin,1958-07-05,72,212,,,,,,,,,,,,"https://static.www.nfl.com/image/private/f_auto,q_auto/league/ep6ycdyd86udex2jxd5t",,,,,,
1983,GB,LB,LB,0,ACT,Cliff Lewis,Clifford,Lewis,1959-11-09,73,226,,,,,,,,,,,,"https://static.www.nfl.com/image/private/f_auto,q_auto/league/dhyvdbrygoskuavbua1g",,,,,,
1983,GB,LB,LB,0,TRD,Chet Parlavecchio,Chester,Parlavecchio,1960-02-14,74,225,,,,,,,,,,,,"https://static.www.nfl.com/image/private/f_auto,q_auto/league/kjk3yoqv0998w8tqvxxh",,,,,,
1983,GB,LB,LB,0,ACT,Guy Prather,Guy,Prather,1958-03-28,74,230,,,,,,,,,,,,"https://static.www.nfl.com/image/private/f_auto,q_auto/league/htnnbpqcckay3akukszw",,,,,,
1983,GB,LB,ILB,0,ACT,Randy Scott,Randolph,Scott,1959-01-31,73,220,,,,,,,,,,,,"https://static.www.nfl.com/image/private/f_auto,q_auto/league/ev8qitwlvcvmci1uxqss",,,,,,
1983,GB,LB,ILB,0,ACT,Rich Wingo,Richard,Wingo,1956-07-16,73,230,,,,,,,,,,,,"https://static.www.nfl.com/image/private/f_auto,q_auto/league/ascykjulpkofuw0zyke2",,,,,,
1983,GB,OL,G,0,ACT,Dave Drechsler,David,Drechsler,1960-07-18,75,250,,,,,,,,,,,,"https://static.www.nfl.com/image/private/f_auto,q_auto/league/diutqwildystrtqxwy1k",,,,,,
1983,GB,OL,OT,0,ACT,Charlie Getty,Charles,Getty,1952-07-24,76,265,,,,,,,,,,,,"https://static.www.nfl.com/image/private/f_auto,q_auto/league/guf9acsudryqhx2qyfz4",,,,,,
1983,NO,WR,WR,0,ACT,Rich Mauti,Richard,Mauti,1954-05-25,72,190,,,,,,,,,,,,"https://static.www.nfl.com/image/private/f_auto,q_auto/league/m2a03detdjubjkfkjesy",,,,,,
1983,GB,OL,G,0,ACT,Leotis Harris,Leotis,Harris,1955-06-28,73,267,,,,,,,,,,,,"https://static.www.nfl.com/image/private/f_auto,q_auto/league/mlrt8sgi4tuuijeusqfi",,,,,,
1983,GB,OL,G,0,ACT,Tim Huffman,Timothy,Huffman,1959-08-31,77,277,,,,,,,,,,,,"https://static.www.nfl.com/image/private/f_auto,q_auto/league/j03dcddajwfrewywmxvs",,,,,,
1983,GB,OL,G,0,ACT,Syd Kitson,Sydney,Kitson,1958-09-27,76,252,,,,,,,,,,,,"https://static.www.nfl.com/image/private/f_auto,q_auto/league/t3dhcbf6mnbcvjwh5q4q",,,,,,
1983,GB,OL,OT,0,ACT,Greg Koch,Gregory,Koch,1955-06-14,76,265,,,,,,,,,,,,"https://static.www.nfl.com/image/private/f_auto,q_auto/league/m0xgqn19ijscefcr7grp",,,,,,
1983,GB,OL,C,0,ACT,Larry McCarren,Laurence,McCarren,1951-11-09,75,238,,,,,,,,,,,,"https://static.www.nfl.com/image/private/f_auto,q_auto/league/inwph4au3oepsvqyzdb4",,,,,,
1983,GB,OL,C,0,ACT,Larry Rubens,Larry,Rubens,1959-01-25,73,253,,,,,,,,,,,,"https://static.www.nfl.com/image/private/f_auto,q_auto/league/bnk4swxno5elm0l3lqcy",,,,,,
1983,GB,OL,G,0,ACT,Ron Sams,Ronald,Sams,1961-04-12,75,261,,,,,,,,,,,,"https://static.www.nfl.com/image/private/f_auto,q_auto/league/tkskpqp3qhvdukwnk8ln",,,,,,
1983,GB,OL,OT,0,ACT,Karl Swanke,Karl,Swanke,1957-12-29,78,251,,,,,,,,,,,,"https://static.www.nfl.com/image/private/f_auto,q_auto/league/pyqdqgwtrwkfe5ndzk6w",,,,,,
1983,GB,QB,QB,0,ACT,Rich Campbell,Richard,Campbell,1958-12-22,76,224,,,,,,,,,,,,"https://static.www.nfl.com/image/private/f_auto,q_auto/league/puqupuogusa4wlbjdd9b",,,,,,
1983,GB,QB,QB,0,ACT,Lynn Dickey,Clifford,Dickey,1949-10-19,75,214,,,,,,,,,,,,"https://static.www.nfl.com/image/private/f_auto,q_auto/league/gwlwkc0uggwu94p260y5",,,,,,
1983,GB,QB,QB,0,ACT,David Whitehurst,Charles,Whitehurst,1955-04-27,74,204,,,,,,,,,,,,"https://static.www.nfl.com/image/private/f_auto,q_auto/league/llgg5esqg5yxw961lonq",,,,,,
1983,GB,RB,RB,0,ACT,Jessie Clark,Jessie,Clark,1960-01-03,72,226,,,,,,,,,,,,"https://static.www.nfl.com/image/private/f_auto,q_auto/league/z1twtanvv7xjt7qu5gp8",,,,,,
1983,GB,RB,RB,0,ACT,Gerry Ellis,Gerry,Ellis,1957-11-12,71,215,,,,,,,,,,,,"https://static.www.nfl.com/image/private/f_auto,q_auto/league/h9ltxvlkbzbval2kkrbn",,,,,,
1983,GB,RB,RB,0,ACT,Harlan Huckleby,Harlan,Huckleby,1957-12-30,73,199,,,,,,,,,,,,"https://static.www.nfl.com/image/private/f_auto,q_auto/league/v6wowxlcoibmmzy9tq3d",,,,,,
1983,GB,RB,RB,0,ACT,Eddie Lee Ivery,Eddie,Ivery,1957-07-30,72,210,,,,,,,,,,,,"https://static.www.nfl.com/image/private/f_auto,q_auto/league/fwx0ce258pvztzgnzrtl",,,,,,
1983,GB,RB,RB,0,ACT,Mike Meade,Michael,Meade,1960-02-12,71,228,,,,,,,,,,,,"https://static.www.nfl.com/image/private/f_auto,q_auto/league/tv3yeeboniiq1sv6mici",,,,,,
1983,GB,RB,RB,0,ACT,Chet Winters,Chester,Winters,1960-10-22,71,205,,,,,,,,,,,,"https://static.www.nfl.com/image/private/f_auto,q_auto/league/a4qnfgyqo1gxqhepo4ee",,,,,,
1983,GB,SPEC,K,0,ACT,Eddie Garcia,Edgar,Garcia,1959-04-15,68,188,,,,,,,,,,,,"https://static.www.nfl.com/image/private/f_auto,q_auto/league/agwrzrzmfjyawi88ahtn",,,,,,
1983,NYG,DL,DE,0,ACT,Curtis McGriff,Curtis,McGriff,1958-05-17,77,270,,,,,,,,,,,,"https://static.www.nfl.com/image/private/f_auto,q_auto/league/tb1ecilxsmep2dstgqyk",,,,,,
1983,GB,SPEC,K,0,ACT,Jan Stenerud,Jan,Stenerud,1942-11-26,74,187,,,,,,,,,,,,"https://static.www.nfl.com/image/private/f_auto,q_auto/league/pqigsjib3srqwxgurhfa",,,,,,
1983,GB,TE,TE,0,ACT,Paul Coffman,Paul,Coffman,1956-03-29,75,218,,,,,,,,,,,,"https://static.www.nfl.com/image/private/f_auto,q_auto/league/r9lstv5d64jpp5eliama",,,,,,
1983,GB,TE,TE,0,ACT,Gary Lewis,Gary,Lewis,1958-12-30,77,234,,,,,,,,,,,,"https://static.www.nfl.com/image/private/f_auto,q_auto/league/r9wuu8o1imqak66wqp85",,,,,,
1983,GB,WR,WR,0,ACT,Ron Cassidy,Ronald,Cassidy,1957-07-23,72,175,,,,,,,,,,,,"https://static.www.nfl.com/image/private/f_auto,q_auto/league/jk28z29ru7k9cwzuhibc",,,,,,
1983,NYG,LB,LB,0,TRT,Paul Davis,Paul,Davis,1958-07-10,74,221,,,,,,,,,,,,"https://static.www.nfl.com/image/private/f_auto,q_auto/league/bx067qjh7c1cprnx6qpd",,,,,,
1983,GB,WR,WR,0,ACT,John Jefferson,John,Jefferson,1956-02-03,73,190,,,,,,,,,,,,"https://static.www.nfl.com/image/private/f_auto,q_auto/league/rggmc0xrwtiq5u8afrad",,,,,,
1983,NYG,LB,ILB,0,ACT,Byron Hunt,Byron,Hunt,1958-12-17,77,230,,,,,,,,,,,,"https://static.www.nfl.com/image/private/f_auto,q_auto/league/wbpwr2wd0jbdp8niwsop",,,,,,
1983,HOU,DB,S,0,ACT,Keith Bostic,William,Bostic,1961-01-17,73,209,,,,,,,,,,,,"https://static.www.nfl.com/image/private/f_auto,q_auto/league/rrtywu13e5f26xfhsneu",,,,,,
1983,HOU,DB,CB,0,ACT,Steve Brown,Steven,Brown,1960-05-20,71,178,,,,,,,,,,,,"https://static.www.nfl.com/image/private/f_auto,q_auto/league/bz7covdm7rapdxk9xllk",,,,,,
1983,HOU,DB,FS,0,ACT,Carter Hartwig,Carter,Hartwig,1956-02-27,72,205,,,,,,,,,,,,"https://static.www.nfl.com/image/private/f_auto,q_auto/league/dx2aqhwfnvbyo0vjhx99",,,,,,
1983,HOU,DB,DB,0,ACT,Derrick Hatchett,Derrick,Hatchett,1958-08-14,71,182,,,,,,,,,,,,"https://static.www.nfl.com/image/private/f_auto,q_auto/league/pkgevxawegv2izegficu",,,,,,
1983,HOU,DB,DB,0,ACT,Greg Hill,Gregory,Hill,1961-02-12,73,194,,,,,,,,,,,,"https://static.www.nfl.com/image/private/f_auto,q_auto/league/z4kebx4zxktlz4bmpftm",,,,,,
1983,NYG,LB,LB,0,ACT,Mike Whittington,Michael,Whittington,1958-08-09,74,220,,,,,,,,,,,,"https://static.www.nfl.com/image/private/f_auto,q_auto/league/o3ngl4jjer5yhpusacne",,,,,,
1983,HOU,DB,DB,0,ACT,Darryl Meadows,Darryl,Meadows,1961-02-15,73,202,,,,,,,,,,,,"https://static.www.nfl.com/image/private/f_auto,q_auto/league/y1ytb7ht8swvz3h8fmui",,,,,,
1983,HOU,DB,DB,0,TRD,Tate Randle,Ernest,Randle,1959-08-15,72,197,,,,,,,,,,,,"https://static.www.nfl.com/image/private/f_auto,q_auto/league/nsuksixyvbdibvl6rz22",,,,,,
1983,NYG,OL,G,0,ACT,Kevin Belcher,Kevin,Belcher,1961-02-23,75,255,,,,,,,,,,,,"https://static.www.nfl.com/image/private/f_auto,q_auto/league/qxnwybwcuq26l8qxyg2e",,,,,,
1983,NYG,OL,OT,0,ACT,Brad Benson,Bradley,Benson,1955-11-25,75,258,,,,,,,,,,,,"https://static.www.nfl.com/image/private/f_auto,q_auto/league/mshphphrj1tnkzxmg9tp",,,,,,
1983,HOU,DB,DB,0,ACT,J.C. Wilson,James,Wilson,1956-03-11,72,178,,,,,,,,,,,,"https://static.www.nfl.com/image/private/f_auto,q_auto/league/vwlktlxgxcidtb9299gp",,,,,,
1983,HOU,DL,DE,0,ACT,Jesse Baker,Jesse,Baker,1957-07-10,77,265,,,,,,,,,,,,"https://static.www.nfl.com/image/private/f_auto,q_auto/league/sog3czbmyrfeo0pubt44",,,,,,
1983,HOU,DL,DE,0,ACT,Elvin Bethea,Elvin,Bethea,1946-03-01,74,260,,,,,,,,,,,,"https://static.www.nfl.com/image/private/f_auto,q_auto/league/ztbyqbmttw7svf0lorum",,,,,,
1983,NYG,OL,C,0,ACT,Al Steinfeld,Alan,Steinfeld,1958-10-28,77,256,,,,,,,,,,,,"https://static.www.nfl.com/image/private/f_auto,q_auto/league/cpmflgpd4tboznnidpc8",,,,,,
1983,HOU,DL,DE,0,ACT,Bob Hamm,Robert,Hamm,1959-04-24,76,248,,,,,,,,,,,,"https://static.www.nfl.com/image/private/f_auto,q_auto/league/qqxdmnon8swfsco7lfsd",,,,,,
1983,HOU,DL,DE,0,ACT,Ken Kennard,Kenneth,Kennard,1954-10-04,74,248,,,,,,,,,,,,"https://static.www.nfl.com/image/private/f_auto,q_auto/league/pjoduiz4eqervwdywaw6",,,,,,
1983,NYG,OL,C,0,ACT,Rich Umphrey,Richard,Umphrey,1958-12-13,75,255,,,,,,,,,,,,"https://static.www.nfl.com/image/private/f_auto,q_auto/league/xjqhibrir1qveuh0iyxr",,,,,,
1983,HOU,DL,NT,0,ACT,Mike Stensrud,Michael,Stensrud,1956-02-19,77,290,,,,,,,,,,,,"https://static.www.nfl.com/image/private/f_auto,q_auto/league/xkn2xckwkpnpeqk2vvqz",,,,,,
1983,HOU,DL,DE,0,ACT,Malcolm Taylor,Malcolm,Taylor,1960-06-20,78,288,,,,,,,,,,,,"https://static.www.nfl.com/image/private/f_auto,q_auto/league/zxttcwaoyovmnrs31w8g",,,,,,
1983,MIA,LB,ILB,0,ACT,Rodell Thomas,Rodell,Thomas,1958-08-02,74,225,,,,,,,,,,,,"https://static.www.nfl.com/image/private/f_auto,q_auto/league/tcqpr8hqircm31jmtaib",,,,,,
1983,HOU,LB,ILB,0,ACT,Robert Abraham,Robert,Abraham,1960-07-13,73,212,,,,,,,,,,,,"https://static.www.nfl.com/image/private/f_auto,q_auto/league/f4vaohzliud8xj2ymxch",,,,,,
1983,NYG,RB,RB,0,ACT,Leon Bright,Leon,Bright,1955-05-19,69,192,,,,,,,,,,,,"https://static.www.nfl.com/image/private/f_auto,q_auto/league/w2do2ioycohxamyeykn7",,,,,,
1983,NYG,RB,RB,0,ACT,Billy Campfield,William,Campfield,1956-08-20,71,200,,,,,,,,,,,,"https://static.www.nfl.com/image/private/f_auto,q_auto/league/n4pa3yu5mttasunqdmb2",,,,,,
1983,NYG,RB,RB,0,ACT,Rob Carpenter,Robert,Carpenter,1955-04-20,73,214,,,,,,,,,,,,"https://static.www.nfl.com/image/private/f_auto,q_auto/league/wqovk0zypgc7aecpff4q",,,,,,
1983,HOU,LB,LB,0,ACT,Tim Joiner,Timothy,Joiner,1961-01-07,76,230,,,,,,,,,,,,"https://static.www.nfl.com/image/private/f_auto,q_auto/league/ekqy8yx8ojglnsypsq8r",,,,,,
1983,HOU,LB,OLB,0,ACT,Avon Riley,Avon,Riley,1958-02-10,75,213,,,,,,,,,,,,"https://static.www.nfl.com/image/private/f_auto,q_auto/league/vqlm0fybc3dpdv5wh9q3",,,,,,
1983,HOU,LB,LB,0,ACT,Ted Thompson,Ted,Thompson,1953-01-17,73,229,,,,,,,,,,,,"https://static.www.nfl.com/image/private/f_auto,q_auto/league/ldprbqrohrekxuuh3usi",,,,,,
1983,HOU,LB,LB,0,ACT,Kevin Turner,Kevin,Turner,1958-02-05,74,223,,,,,,,,,,,,"https://static.www.nfl.com/image/private/f_auto,q_auto/league/uoyysmyc2t9mswugiukq",,,,,,
1983,HOU,OL,C,0,ACT,David Carter,David,Carter,1953-11-27,74,225,,,,,,,,,,,,"https://static.www.nfl.com/image/private/f_auto,q_auto/league/vebdthmprqlj6pci8tbj",,,,,,
1983,HOU,OL,OT,0,ACT,Doug France,Frederick,France,1953-04-26,77,270,,,,,,,,,,,,"https://static.www.nfl.com/image/private/f_auto,q_auto/league/xmospu5fhouwifmkra3a",,,,,,
1983,HOU,OL,G,0,ACT,Pat Howell,Patrick,Howell,1957-03-12,77,253,,,,,,,,,,,,"https://static.www.nfl.com/image/private/f_auto,q_auto/league/hax37u96i2inxicib2zk",,,,,,
1983,NYG,TE,TE,0,ACT,Tom Mullady,Thomas,Mullady,1957-01-30,75,232,,,,,,,,,,,,"https://static.www.nfl.com/image/private/f_auto,q_auto/league/ipysxjvpelerongfpa2j",,,,,,
1983,NYG,TE,TE,0,ACT,Malcolm Scott,Malcolm,Scott,1961-07-10,76,240,,,,,,,,,,,,"https://static.www.nfl.com/image/private/f_auto,q_auto/league/w2c5p4uz7836nsaioxcs",,,,,,
1983,NYG,WR,WR,0,ACT,Floyd Eddings,Floyd,Eddings,1957-12-15,71,177,,,,,,,,,,,,"https://static.www.nfl.com/image/private/f_auto,q_auto/league/aeduzvkzctigudqyq8a1",,,,,,
1983,HOU,OL,G,0,ACT,John Schuhmacher,John,Schuhmacher,1955-09-23,75,271,,,,,,,,,,,,"https://static.www.nfl.com/image/private/f_auto,q_auto/league/ssjiz5bmwqecao9u1yl6",,,,,,
1983,HOU,OL,C,0,TRC,Al Steinfeld,Alan,Steinfeld,1958-10-28,77,256,,,,,,,,,,,,"https://static.www.nfl.com/image/private/f_auto,q_auto/league/cpmflgpd4tboznnidpc8",,,,,,
1983,HOU,OL,C,0,ACT,Les Studdard,Leslie,Studdard,1958-12-14,76,260,,,,,,,,,,,,"https://static.www.nfl.com/image/private/f_auto,q_auto/league/gsxnnwz2ybm2mdbew8ss",,,,,,
1983,HOU,OL,OT,0,ACT,Morris Towns,Morris,Towns,1954-01-10,76,261,,,,,,,,,,,,"https://static.www.nfl.com/image/private/f_auto,q_auto/league/bjpxyfvzlx9zudkrfayf",,,,,,
1983,HOU,OL,OT,0,ACT,Ralph Williams,Ralph,Williams,1958-03-27,75,270,,,,,,,,,,,,"https://static.www.nfl.com/image/private/f_auto,q_auto/league/n7tpqao52pszefipeswz",,,,,,
1983,HOU,QB,QB,0,ACT,Oliver Luck,Oliver,Luck,1960-04-05,74,190,,,,,,,,,,,,"https://static.www.nfl.com/image/private/f_auto,q_auto/league/sgzxt8fimu3heizcx4mc",,,,,,
1983,HOU,QB,QB,0,TRC,Archie Manning,Elisha,Manning,1949-05-19,75,212,,,,,,,,,,,,"https://static.www.nfl.com/image/private/f_auto,q_auto/league/g9vyzturkqi7oguzxqry",,,,,,
1983,HOU,QB,QB,0,ACT,Gifford Nielsen,Stanley,Nielsen,1954-10-25,76,205,,,,,,,,,,,,"https://static.www.nfl.com/image/private/f_auto,q_auto/league/gqcxmm0f00h6ezzth6qg",,,,,,
1983,HOU,QB,QB,0,ACT,Brian Ransom,Brian,Ransom,1960-07-09,75,205,,,,,,,,,,,,"https://static.www.nfl.com/image/private/f_auto,q_auto/league/abw7masrargmwztksygw",,,,,,
1983,NYJ,DB,DB,0,ACT,Jesse Johnson,Jesse,Johnson,1958-01-10,75,185,,,,,,,,,,,,"https://static.www.nfl.com/image/private/f_auto,q_auto/league/oojqf5toyreihv7vhcyf",,,,,,
1983,HOU,RB,RB,0,ACT,Curtis Brown,Curtis,Brown,1954-12-07,70,203,,,,,,,,,,,,"https://static.www.nfl.com/image/private/f_auto,q_auto/league/y2qgdytosjr9s6a0zg8s",,,,,,
1983,HOU,RB,RB,0,ACT,Earl Campbell,Earl,Campbell,1955-03-29,71,224,,,,,,,,,,,,"https://static.www.nfl.com/image/private/f_auto,q_auto/league/svozyfy3gco5j6seywed",,,,,,
1983,HOU,RB,RB,0,ACT,Donnie Craft,Donald,Craft,1959-11-19,72,209,,,,,,,,,,,,"https://static.www.nfl.com/image/private/f_auto,q_auto/league/oet47mgkxpid4cdqgonr",,,,,,
1983,HOU,RB,RB,0,ACT,Dwayne Crutchfield,Dwayne,Crutchfield,1959-09-30,72,245,,,,,,,,,,,,"https://static.www.nfl.com/image/private/f_auto,q_auto/league/mferg8gwzcpt5f8milva",,,,,,
1983,HOU,RB,RB,0,ACT,Stan Edwards,Stanley,Edwards,1960-05-20,72,208,,,,,,,,,,,,"https://static.www.nfl.com/image/private/f_auto,q_auto/league/z92vjnq8hpvsjdaczf12",,,,,,
1983,HOU,RB,RB,0,TRT,Vagas Ferguson,Vasquero,Ferguson,1957-03-06,73,204,,,,,,,,,,,,"https://static.www.nfl.com/image/private/f_auto,q_auto/league/h58dbxudwugtbakla6sh",,,,,,
1983,HOU,RB,RB,0,ACT,Larry Moriarty,Larry,Moriarty,1958-04-24,73,228,,,,,,,,,,,,"https://static.www.nfl.com/image/private/f_auto,q_auto/league/cx8hdvbvxn5m912qkrty",,,,,,
1983,HOU,SPEC,P,0,ACT,John James,John,James,1949-01-21,75,197,,,,,,,,,,,,"https://static.www.nfl.com/image/private/f_auto,q_auto/league/ybsq1ocqndfgset44itz",,,,,,
1983,HOU,SPEC,K,0,ACT,Florian Kempf,Florian,Kempf,1956-05-25,69,160,,,,,,,,,,,,"https://static.www.nfl.com/image/private/f_auto,q_auto/league/f4ybw4ywjgc49xedoxwi",,,,,,
1983,HOU,TE,TE,0,ACT,Walt Arnold,Walter,Arnold,1958-08-31,75,225,,,,,,,,,,,,"https://static.www.nfl.com/image/private/f_auto,q_auto/league/igfwjyq3r76sivzxhozz",,,,,,
1983,HOU,TE,TE,0,TRC,Dave Casper,David,Casper,1951-09-26,76,250,,,,,,,,,,,,"https://static.www.nfl.com/image/private/f_auto,q_auto/league/njpwjyzxtmgh7jt6oznj",,,,,,
1983,MIN,DB,DB,0,ACT,Keith Nord,Keith,Nord,1957-03-03,72,197,,,,,,,,,,,,"https://static.www.nfl.com/image/private/f_auto,q_auto/league/a9w7zjngo8dmhrs7dv1x",,,,,,
1983,HOU,TE,TE,0,ACT,Mike McCloskey,Michael,McCloskey,1961-02-02,77,244,,,,,,,,,,,,"https://static.www.nfl.com/image/private/f_auto,q_auto/league/ajqgjhfgl1f9xsfxccvs",,,,,,
1983,HOU,WR,WR,0,ACT,Steve Bryant,Stephen,Bryant,1959-10-10,74,185,,,,,,,,,,,,"https://static.www.nfl.com/image/private/f_auto,q_auto/league/ve2ljcn4ljls3jnbynxx",,,,,,
1983,HOU,WR,WR,0,ACT,Mike Holston,Michael,Holston,1958-01-08,75,183,,,,,,,,,,,,"https://static.www.nfl.com/image/private/f_auto,q_auto/league/tmoel8bjfg0vjpuygp92",,,,,,
1983,HOU,WR,WR,0,ACT,Mike Renfro,Michael,Renfro,1955-06-19,72,184,,,,,,,,,,,,"https://static.www.nfl.com/image/private/f_auto,q_auto/league/jsxmedvi9vlqhdvtcjmp",,,,,,
1983,HOU,WR,WR,0,ACT,Carl Roaches,Carl,Roaches,1953-10-02,68,165,,,,,,,,,,,,"https://static.www.nfl.com/image/private/f_auto,q_auto/league/hgihaxfknx7kbrre27m2",,,,,,
1983,HOU,WR,WR,0,ACT,Tim Smith,Timothy,Smith,1957-03-20,74,192,,,,,,,,,,,,"https://static.www.nfl.com/image/private/f_auto,q_auto/league/tylng4tkmttp7zmo4oi9",,,,,,
1983,HOU,WR,WR,0,ACT,Herkie Walls,McCurey,Walls,1961-07-18,68,154,,,,,,,,,,,,"https://static.www.nfl.com/image/private/f_auto,q_auto/league/jkvbjaic09qjl7auv4l0",,,,,,
1983,KC,DB,CB,0,ACT,Trent Bryant,Trent,Bryant,1959-08-14,70,180,,,,,,,,,,,,"https://static.www.nfl.com/image/private/f_auto,q_auto/league/pzudchbzytp894s9svx6",,,,,,
1983,NYJ,OL,G,0,ACT,Dan Alexander,Daniel,Alexander,1955-06-17,76,260,,,,,,,,,,,,"https://static.www.nfl.com/image/private/f_auto,q_auto/league/sxnp09rqnagdaoaoejeu",,,,,,
1983,SF,DB,DB,0,ACT,Richard Blackmore,Richard,Blackmore,1956-08-14,70,174,,,,,,,,,,,,"https://static.www.nfl.com/image/private/f_auto,q_auto/league/g7fbttlqlgmkro0wild9",,,,,,
1983,KC,DB,CB,0,ACT,Gary Green,Gary,Green,1955-10-22,71,184,,,,,,,,,,,,"https://static.www.nfl.com/image/private/f_auto,q_auto/league/eddzsdtweelnt5qzs7x4",,,,,,
1983,KC,DB,S,0,ACT,Van Jakes,Van,Jakes,1961-05-10,72,185,,,,,,,,,,,,"https://static.www.nfl.com/image/private/f_auto,q_auto/league/qg2gyxdbss71dpfizxdv",,,,,,
1983,SF,DB,FS,0,ACT,Dwight Hicks,Dwight,Hicks,1956-04-05,73,185,,,,,,,,,,,,"https://static.www.nfl.com/image/private/f_auto,q_auto/league/avzrm7dzy3vngayswkss",,,,,,
1983,KC,DB,DB,0,ACT,Bo Metcalf,Isaac,Metcalf,1961-04-18,74,193,,,,,,,,,,,,"https://static.www.nfl.com/image/private/f_auto,q_auto/league/ax5pfozhvh86mxudooj3",,,,,,
1983,NYJ,OL,OT,0,ACT,Marvin Powell,Marvin,Powell,1955-08-30,77,264,,,,,,,,,,,,"https://static.www.nfl.com/image/private/f_auto,q_auto/league/gbduli1cut1rn5prsxyd",,,,,,
1983,KC,DB,CB,0,ACT,Lucious Smith,Lucious,Smith,1957-01-17,70,190,,,,,,,,,,,,"https://static.www.nfl.com/image/private/f_auto,q_auto/league/praejpmvxnzyqgu4czke",,,,,,
1983,NYJ,OL,OT,0,ACT,Chris Ward,Christopher,Ward,1955-12-16,75,267,,,,,,,,,,,,"https://static.www.nfl.com/image/private/f_auto,q_auto/league/t7txpwa2cmpqdhnciwz0",,,,,,
1983,KC,DL,NT,0,ACT,Ken Kremer,James,Kremer,1957-07-16,76,250,,,,,,,,,,,,"https://static.www.nfl.com/image/private/f_auto,q_auto/league/csuxsltszoocuhpdqyga",,,,,,
1983,KC,DL,DE,0,ACT,Dave Lindstrom,David,Lindstrom,1954-11-16,78,249,,,,,,,,,,,,"https://static.www.nfl.com/image/private/f_auto,q_auto/league/wag6g1bbbzxyu8kzgsr1",,,,,,
1983,KC,DL,NT,0,ACT,Dino Mangiero,Dino,Mangiero,1958-12-19,74,265,,,,,,,,,,,,"https://static.www.nfl.com/image/private/f_auto,q_auto/league/sjmh47pvvcpqetl3w03j",,,,,,
1983,KC,DL,DE,0,ACT,Dean Prater,Troy,Prater,1958-09-29,76,245,,,,,,,,,,,,"https://static.www.nfl.com/image/private/f_auto,q_auto/league/ktm8ukpdpuc0bzyifn4f",,,,,,
1983,KC,DL,DE,0,ACT,Art Still,Arthur,Still,1955-12-05,79,250,,,,,,,,,,,,"https://static.www.nfl.com/image/private/f_auto,q_auto/league/arrfxd85a8kzdjefudax",,,,,,
1983,KC,DL,NT,0,ACT,Ray Yakavonis,Raymond,Yakavonis,1957-01-20,76,250,,,,,,,,,,,,"https://static.www.nfl.com/image/private/f_auto,q_auto/league/s3naxnhat2bjylmv7qzb",,,,,,
1983,KC,LB,ILB,0,ACT,Jerry Blanton,Gerald,Blanton,1956-12-20,73,225,,,,,,,,,,,,"https://static.www.nfl.com/image/private/f_auto,q_auto/league/eqgystiul4ub9oelwj9b",,,,,,
1983,KC,LB,OLB,0,ACT,Calvin Daniels,Calvin,Daniels,1958-12-26,75,236,,,,,,,,,,,,"https://static.www.nfl.com/image/private/f_auto,q_auto/league/y7d7szheolm06nrqhghu",,,,,,
1983,KC,LB,LB,0,ACT,Louis Haynes,Louis,Haynes,1960-01-17,72,227,,,,,,,,,,,,"https://static.www.nfl.com/image/private/f_auto,q_auto/league/ysgfen7pvhto3vdrzffr",,,,,,
1983,NYJ,RB,RB,0,ACT,Rocky Klever,Victor,Klever,1959-07-10,75,225,,,,,,,,,,,,"https://static.www.nfl.com/image/private/f_auto,q_auto/league/q5f3ghqdrrgokbownl2z",,,,,,
1983,KC,LB,OLB,0,ACT,Charles Jackson,Charles,Jackson,1955-03-22,74,236,,,,,,,,,,,,"https://static.www.nfl.com/image/private/f_auto,q_auto/league/lkkphj8vc4m6uaxyrbr5",,,,,,
1983,KC,LB,ILB,0,ACT,Dave Klug,David,Klug,1958-05-17,76,230,,,,,,,,,,,,"https://static.www.nfl.com/image/private/f_auto,q_auto/league/eaxjzgp8wztnc6nnsfqg",,,,,,
1983,KC,LB,ILB,0,ACT,Steve Potter,Stephen,Potter,1957-11-06,75,235,,,,,,,,,,,,"https://static.www.nfl.com/image/private/f_auto,q_auto/league/q8xly1klvyemmrpld3zb",,,,,,
1983,NYJ,SPEC,P,0,ACT,Chuck Ramsey,Lowell,Ramsey,1952-02-24,74,195,,,,,,,,,,,,"https://static.www.nfl.com/image/private/f_auto,q_auto/league/wjthxpkta5ifnjxtdeon",,,,,,
1983,KC,LB,ILB,0,ACT,James Walker,James,Walker,1958-12-09,73,250,,,,,,,,,,,,"https://static.www.nfl.com/image/private/f_auto,q_auto/league/udenvzbk5rxlfcsqtg0g",,,,,,
1983,KC,LB,ILB,0,ACT,John Zamberlin,John,Zamberlin,1956-02-13,74,230,,,,,,,,,,,,"https://static.www.nfl.com/image/private/f_auto,q_auto/league/yz6uhmtnl5edrmtkdyiu",,,,,,
1983,SF,LB,LB,0,ACT,Milt McColl,Milton,McColl,1959-08-28,78,220,,,,,,,,,,,,"https://static.www.nfl.com/image/private/f_auto,q_auto/league/hwbizpfru41lipjq7vyy",,,,,,
1983,KC,OL,G,0,ACT,Brad Budde,Brad,Budde,1958-05-09,76,255,,,,,,,,,,,,"https://static.www.nfl.com/image/private/f_auto,q_auto/league/yszrhpc4iik9oolfpqj9",,,,,,
1983,KC,OL,G,0,ACT,Tom Condon,Thomas,Condon,1952-10-26,75,275,,,,,,,,,,,,"https://static.www.nfl.com/image/private/f_auto,q_auto/league/boezbkcdxtpb9ao6hrj5",,,,,,
1983,KC,OL,OT,0,ACT,Ellis Gardner,Ellis,Gardner,1961-09-16,77,263,,,,,,,,,,,,"https://static.www.nfl.com/image/private/f_auto,q_auto/league/lhq71s96v4o7fd9eu4nl",,,,,,
1983,KC,OL,OT,0,ACT,Matt Herkenhoff,Matthew,Herkenhoff,1951-04-02,76,255,,,,,,,,,,,,"https://static.www.nfl.com/image/private/f_auto,q_auto/league/tbfybgolwbi9wtt6xngv",,,,,,
1983,KC,OL,G,0,ACT,Mark Kirchner,Mark,Kirchner,1959-10-19,75,261,,,,,,,,,,,,"https://static.www.nfl.com/image/private/f_auto,q_auto/league/aprjnyberbyeze4ulmtn",,,,,,
1983,NYJ,WR,WR,0,ACT,Wesley Walker,Wesley,Walker,1955-05-26,72,179,,,,,,,,,,,,"https://static.www.nfl.com/image/private/f_auto,q_auto/league/kk7qtibzfcvylhllcrjs",,,,,,
1983,PHI,DB,DB,0,ACT,Dennis DeVaughn,Dennis,DeVaughn,1960-10-28,70,175,,,,,,,,,,,,"https://static.www.nfl.com/image/private/f_auto,q_auto/league/ezawz2q4nagyajbnrtwy",,,,,,
1983,KC,OL,OT,0,ACT,Jim Rourke,James,Rourke,1957-02-10,77,264,,,,,,,,,,,,"https://static.www.nfl.com/image/private/f_auto,q_auto/league/jkcizjrozqr4or1jqelo",,,,,,
1983,KC,OL,C,0,ACT,Bob Rush,Robert,Rush,1955-02-27,77,258,,,,,,,,,,,,"https://static.www.nfl.com/image/private/f_auto,q_auto/league/pjzeakkef8tregqpc43w",,,,,,
1983,KC,OL,G,0,ACT,Bob Simmons,Robert,Simmons,1954-07-07,76,260,,,,,,,,,,,,"https://static.www.nfl.com/image/private/f_auto,q_auto/league/wzfotqk20fn5dxp0o5bt",,,,,,
1983,KC,QB,QB,0,ACT,Todd Blackledge,Todd,Blackledge,1961-02-25,75,225,,,,,,,,,,,,"https://static.www.nfl.com/image/private/f_auto,q_auto/league/gy3cxtfxetgbeiorhyga",,,,,,
1983,PHI,DB,S,0,ACT,Randy Logan,Randolph,Logan,1951-05-01,73,195,,,,,,,,,,,,"https://static.www.nfl.com/image/private/f_auto,q_auto/league/pywf84op2xywgb4nx0re",,,,,,
1983,KC,QB,QB,0,ACT,Bill Kenney,William,Kenney,1955-01-20,76,211,,,,,,,,,,,,"https://static.www.nfl.com/image/private/f_auto,q_auto/league/p4hyyptwqvmfmor75d7m",,,,,,
1983,KC,RB,RB,0,ACT,Theotis Brown,Theotis,Brown,1957-04-20,74,225,,,,,,,,,,,,"https://static.www.nfl.com/image/private/f_auto,q_auto/league/l99b5wbir2u4odtinlhs",,,,,,
1983,KC,RB,RB,0,ACT,Jim Hadnot,James,Hadnot,1957-07-11,74,244,,,,,,,,,,,,"https://static.www.nfl.com/image/private/f_auto,q_auto/league/yidnlilggntvxckrdxoo",,,,,,
1983,KC,RB,RB,0,ACT,Billy Jackson,Billy,Jackson,1959-09-13,70,223,,,,,,,,,,,,"https://static.www.nfl.com/image/private/f_auto,q_auto/league/db1mpa2aeszh4y3ccwnn",,,,,,
1983,KC,RB,RB,0,ACT,Lawrence Ricks,Lawrence,Ricks,1961-06-04,69,194,,,,,,,,,,,,"https://static.www.nfl.com/image/private/f_auto,q_auto/league/r7slgkniwl5aisycehg3",,,,,,
1983,KC,RB,RB,0,ACT,Jewerl Thomas,Jewerl,Thomas,1957-09-10,70,230,,,,,,,,,,,,"https://static.www.nfl.com/image/private/f_auto,q_auto/league/a82vgxl1p2nhasvhfhrp",,,,,,
1983,PHI,DL,DT,0,ACT,Byron Darby,Byron,Darby,1960-06-04,76,250,,,,,,,,,,,,"https://static.www.nfl.com/image/private/f_auto,q_auto/league/vb2ra9cqqgjoyhe5vter",,,,,,
1983,PHI,DL,DE,0,ACT,Carl Hairston,Carl,Hairston,1952-12-15,75,260,,,,,,,,,,,,"https://static.www.nfl.com/image/private/f_auto,q_auto/league/cf39ss7rswxfi78tx2nd",,,,,,
1983,PHI,DL,DE,0,ACT,Dennis Harrison,Dennis,Harrison,1956-07-31,80,275,,,,,,,,,,,,"https://static.www.nfl.com/image/private/f_auto,q_auto/league/ymhxg8rxxoazf0fjpy5f",,,,,,
1983,KC,TE,TE,0,ACT,Ed Beckman,Edwin,Beckman,1955-01-02,76,223,,,,,,,,,,,,"https://static.www.nfl.com/image/private/f_auto,q_auto/league/hqnkswumohyys356lqf8",,,,,,
1983,PHI,LB,LB,0,ACT,Bill Cowher,William,Cowher,1957-05-08,75,225,,,,,,,,,,,,"https://static.www.nfl.com/image/private/f_auto,q_auto/league/v6lybnmrwhuadarhfj4z",,,,,,
1983,KC,TE,TE,0,ACT,Ron Wetzel,Ronald,Wetzel,1960-11-10,77,242,,,,,,,,,,,,"https://static.www.nfl.com/image/private/f_auto,q_auto/league/nobavhdpkuxzlkpwsfon",,,,,,
1983,KC,WR,WR,0,ACT,Carlos Carson,Carlos,Carson,1958-12-28,71,172,,,,,,,,,,,,"https://static.www.nfl.com/image/private/f_auto,q_auto/league/lvwrky7vpnqv1fwuitds",,,,,,
1983,PHI,LB,ILB,0,ACT,Jerry Robinson,Jerry,Robinson,1956-12-18,74,218,,,,,,,,,,,,"https://static.www.nfl.com/image/private/f_auto,q_auto/league/samlivayga2xdqulvxd3",,,,,,
1983,KC,WR,WR,0,ACT,Henry Marshall,Henry,Marshall,1954-08-09,74,205,,,,,,,,,,,,"https://static.www.nfl.com/image/private/f_auto,q_auto/league/p05podyhqo7lae0prtmz",,,,,,
1983,PHI,LB,OLB,0,ACT,Reggie Wilkes,Reginald,Wilkes,1956-05-27,76,230,,,,,,,,,,,,"https://static.www.nfl.com/image/private/f_auto,q_auto/league/scxvqgr7w3lp1s6u0qkf",,,,,,
1983,KC,WR,WR,0,ACT,J.T. Smith,John,Smith,1955-10-29,74,185,,,,,,,,,,,,"https://static.www.nfl.com/image/private/f_auto,q_auto/league/xgkniyfyfqqk3ggehriy",,,,,,
1983,MIA,DB,S,0,ACT,Glenn Blackwood,Glenn,Blackwood,1957-02-23,72,183,,,,,,,,,,,,"https://static.www.nfl.com/image/private/f_auto,q_auto/league/yxo7tqzdoabs3p4jiplp",,,,,,
1983,PHI,OL,C,0,ACT,Gerry Feehery,Gerald,Feehery,1960-03-09,74,268,,,,,,,,,,,,"https://static.www.nfl.com/image/private/f_auto,q_auto/league/nosx3buetgtpxiceaowr",,,,,,
1983,MIA,DB,CB,0,ACT,William Judson,William,Judson,1959-03-26,73,181,,,,,,,,,,,,"https://static.www.nfl.com/image/private/f_auto,q_auto/league/qvvqeo6ykjernul8qb1t",,,,,,
1983,MIA,DB,DB,0,ACT,Mike Kozlowski,Michael,Kozlowski,1956-02-24,72,187,,,,,,,,,,,,"https://static.www.nfl.com/image/private/f_auto,q_auto/league/fz6si8xa2xso4ozofihe",,,,,,
1983,PHI,OL,G,0,ACT,Steve Kenney,Steven,Kenney,1955-12-26,76,262,,,,,,,,,,,,"https://static.www.nfl.com/image/private/f_auto,q_auto/league/lvvko8isdtlqjvrktm7z",,,,,,
1983,MIA,DB,CB,0,ACT,Gerald Small,Gerald,Small,1956-08-10,71,192,,,,,,,,,,,,"https://static.www.nfl.com/image/private/f_auto,q_auto/league/tkgbtwbbk7arsf577nfb",,,,,,
1983,MIA,DB,DB,0,ACT,Robert Sowell,Robert,Sowell,1961-06-23,71,175,,,,,,,,,,,,"https://static.www.nfl.com/image/private/f_auto,q_auto/league/rpug6jzbshvvgnwlzdl3",,,,,,
1983,MIA,DB,DB,0,ACT,Fulton Walker,Fulton,Walker,1958-04-30,70,193,,,,,,,,,,,,"https://static.www.nfl.com/image/private/f_auto,q_auto/league/bhgc9rfkczzqwmivbbh9",,,,,,
1983,MIA,DL,DE,0,ACT,Bill Barnett,William,Barnett,1956-05-10,76,252,,,,,,,,,,,,"https://static.www.nfl.com/image/private/f_auto,q_auto/league/r3esnd2mqovr1v8ict9z",,,,,,
1983,MIA,DL,NT,0,ACT,Bob Baumhower,Robert,Baumhower,1955-08-04,77,258,,,,,,,,,,,,"https://static.www.nfl.com/image/private/f_auto,q_auto/league/amtgj4sikpb8q2acurhz",,,,,,
1983,MIA,DL,DE,0,ACT,Charles Benson,Charles,Benson,1960-11-21,75,267,,,,,,,,,,,,"https://static.www.nfl.com/image/private/f_auto,q_auto/league/ixeemgqick3o9ue57vea",,,,,,
1983,MIA,DL,DE,0,ACT,Doug Betters,Douglas,Betters,1956-06-11,79,250,,,,,,,,,,,,"https://static.www.nfl.com/image/private/f_auto,q_auto/league/pbgzvluaovmixaughcbk",,,,,,
1983,MIA,DL,DE,0,ACT,Kim Bokamper,Kim,Bokamper,1954-09-25,78,245,,,,,,,,,,,,"https://static.www.nfl.com/image/private/f_auto,q_auto/league/gipxvt97cunpxnmaohzz",,,,,,
1983,MIA,DL,DT,0,ACT,Mike Charles,Michael,Charles,1962-09-23,76,283,,,,,,,,,,,,"https://static.www.nfl.com/image/private/f_auto,q_auto/league/bi5cvjeznrrtv6hbg07z",,,,,,
1983,PHI,RB,RB,0,ACT,Major Everett,Major,Everett,1960-01-04,70,207,,,,,,,,,,,,"https://static.www.nfl.com/image/private/f_auto,q_auto/league/nzlmigcw9bw7gmoapy0z",,,,,,
1983,MIA,LB,OLB,0,ACT,Charles Bowser,Charles,Bowser,1959-10-02,75,222,,,,,,,,,,,,"https://static.www.nfl.com/image/private/f_auto,q_auto/league/xnnjf2awe6emnypqg1ah",,,,,,
1983,STL,DL,DT,0,ACT,Rush Brown,Rush,Brown,1954-06-27,74,257,,,,,,,,,,,,"https://static.www.nfl.com/image/private/f_auto,q_auto/league/kcp6hufji4kuywjiq5vt",,,,,,
1983,MIA,LB,OLB,0,ACT,Bob Brudzinski,Robert,Brudzinski,1955-01-01,76,230,,,,,,,,,,,,"https://static.www.nfl.com/image/private/f_auto,q_auto/league/a0odbidptg333oegzehl",,,,,,
1983,MIA,LB,ILB,0,ACT,A.J. Duhe,Adam,Duhe,1955-11-27,76,247,,,,,,,,,,,,"https://static.www.nfl.com/image/private/f_auto,q_auto/league/smmdsb9xxbvepyl97vz9",,,,,,
1983,MIA,LB,ILB,0,ACT,Earnest Rhone,Earnest,Rhone,1953-08-20,74,212,,,,,,,,,,,,"https://static.www.nfl.com/image/private/f_auto,q_auto/league/nz4tp6wgdhry67odp90z",,,,,,
1983,MIA,LB,LB,0,ACT,Terry Tautolo,Terry,Tautolo,1954-08-30,74,227,,,,,,,,,,,,"https://static.www.nfl.com/image/private/f_auto,q_auto/league/wz1czgxpiw14tgt1ru2t",,,,,,
1983,NE,OL,OT,0,ACT,Brian Holloway,Brian,Holloway,1959-07-25,79,273,,,,,,,,,,,,"https://static.www.nfl.com/image/private/f_auto,q_auto/league/rem22j2mpkokelbe94ua",,,,,,
1983,MIA,LB,LB,0,ACT,Emmett Tilley,Emmett,Tilley,1961-02-13,71,240,,,,,,,,,,,,"https://static.www.nfl.com/image/private/f_auto,q_auto/league/bwjpjs9wje8pdmubg6zs",,,,,,
1983,MIA,OL,C,0,ACT,Mark Dennard,Mark,Dennard,1955-11-02,73,250,,,,,,,,,,,,"https://static.www.nfl.com/image/private/f_auto,q_auto/league/ml35mkop28l3xiov8khe",,,,,,
1983,PHI,TE,TE,0,ACT,Vyto Kab,Vyto,Kab,1959-12-23,77,255,,,,,,,,,,,,"https://static.www.nfl.com/image/private/f_auto,q_auto/league/n9eafxj0tdlcvkcpsiwf",,,,,,
1983,PHI,TE,TE,0,ACT,Lawrence Sampleton,Lawrence,Sampleton,1959-09-25,77,233,,,,,,,,,,,,"https://static.www.nfl.com/image/private/f_auto,q_auto/league/pakps1fdezzc5wzdanox",,,,,,
1983,MIA,OL,OT,0,ACT,Cleveland Green,Cleveland,Green,1957-09-11,75,265,,,,,,,,,,,,"https://static.www.nfl.com/image/private/f_auto,q_auto/league/vta6xgnyj5zh4dxucei8",,,,,,
1983,MIA,OL,G,0,ACT,Bob Kuechenberg,Robert,Kuechenberg,1947-10-14,74,253,,,,,,,,,,,,"https://static.www.nfl.com/image/private/f_auto,q_auto/league/hddatevguftddhpyapdn",,,,,,
1983,MIA,OL,OT,0,ACT,Eric Laakso,Eric,Laakso,1956-11-29,76,265,,,,,,,,,,,,"https://static.www.nfl.com/image/private/f_auto,q_auto/league/afo7ps8ixsf2sq2o57nd",,,,,,
1983,MIA,OL,G,0,ACT,Ed Newman,Edward,Newman,1951-06-04,74,245,,,,,,,,,,,,"https://static.www.nfl.com/image/private/f_auto,q_auto/league/gdpbqlkytvjuqrpwsxxr",,,,,,
1983,MIA,OL,C,0,ACT,Dwight Stephenson,Dwight,Stephenson,1957-11-20,74,255,,,,,,,,,,,,"https://static.www.nfl.com/image/private/f_auto,q_auto/league/stkoqlkkn6wirfbrfzcv",,,,,,
1983,PHI,WR,WR,0,ACT,Tony Woodruff,Anthony,Woodruff,1958-11-12,72,175,,,,,,,,,,,,"https://static.www.nfl.com/image/private/f_auto,q_auto/league/rujpceniquiyazujes4i",,,,,,
1983,PHI,WR,WR,0,ACT,Glen Young,Glen,Young,1960-10-11,74,205,,,,,,,,,,,,"https://static.www.nfl.com/image/private/f_auto,q_auto/league/ghr5mottbss6fgvzervd",,,,,,
1983,MIA,QB,QB,0,ACT,Don Strock,Donald,Strock,1950-11-27,77,220,,,,,,,,,,,,"https://static.www.nfl.com/image/private/f_auto,q_auto/league/n9pjpwjn4d3xda0llwzi",,,,,,
1983,PIT,DB,CB,0,ACT,Mel Blount,Melvin,Blount,1948-04-10,75,205,,,,,,,,,,,,"https://static.www.nfl.com/image/private/f_auto,q_auto/league/wviofwlrq4vveyd7che4",,,,,,
1983,MIA,RB,RB,0,ACT,Woody Bennett,Woodrow,Bennett,1955-03-24,74,217,,,,,,,,,,,,"https://static.www.nfl.com/image/private/f_auto,q_auto/league/hdj9zjuwj3lvnkyxkmjn",,,,,,
1983,MIA,RB,RB,0,ACT,Andra Franklin,Andra,Franklin,1959-08-22,70,225,,,,,,,,,,,,"https://static.www.nfl.com/image/private/f_auto,q_auto/league/bttaocoeywkha2fvlaeu",,,,,,
1983,MIA,RB,RB,0,ACT,Eddie Hill,Eddie,Hill,1957-05-13,74,197,,,,,,,,,,,,"https://static.www.nfl.com/image/private/f_auto,q_auto/league/tzdmcss0ssf5qxpovewx",,,,,,
1983,PIT,DB,DB,0,ACT,Sam Washington,Samuel,Washington,1960-03-07,68,180,,,,,,,,,,,,"https://static.www.nfl.com/image/private/f_auto,q_auto/league/cong3tsbpcdcaemav93f",,,,,,
1983,MIA,RB,RB,0,ACT,David Overstreet,David,Overstreet,1958-09-20,71,208,,,,,,,,,,,,"https://static.www.nfl.com/image/private/f_auto,q_auto/league/a0kaftdaqcec9gvlcm7f",,,,,,
1983,MIA,RB,RB,0,ACT,Tommy Vigorito,Thomas,Vigorito,1959-10-23,70,197,,,,,,,,,,,,"https://static.www.nfl.com/image/private/f_auto,q_auto/league/ipufgt28fffwlntvk19z",,,,,,
1983,PIT,DB,FS,0,ACT,Rick Woods,Rick,Woods,1959-11-16,72,196,,,,,,,,,,,,"https://static.www.nfl.com/image/private/f_auto,q_auto/league/cuaegoqqmazwchwkhwh3",,,,,,
1983,MIA,SPEC,K,0,ACT,Uwe von Schamann,Uwe,von Schamann,1956-04-23,72,200,,,,,,,,,,,,"https://static.www.nfl.com/image/private/f_auto,q_auto/league/cdnwabhgwk1ojmhcifiw",,,,,,
1983,MIA,TE,TE,0,ACT,Bruce Hardy,Bruce,Hardy,1956-06-01,77,235,,,,,,,,,,,,"https://static.www.nfl.com/image/private/f_auto,q_auto/league/oyizimpyuouhekqebzcd",,,,,,
1983,MIA,TE,TE,0,ACT,Dan Johnson,Daniel,Johnson,1960-05-17,75,240,,,,,,,,,,,,"https://static.www.nfl.com/image/private/f_auto,q_auto/league/vgiowxn58mbtxhifsju3",,,,,,
1983,MIA,TE,TE,0,ACT,Joe Rose,Joseph,Rose,1957-06-24,75,228,,,,,,,,,,,,"https://static.www.nfl.com/image/private/f_auto,q_auto/league/ow0dwox1bpgadbzyuk5r",,,,,,
1983,MIA,WR,WR,0,ACT,Jimmy Cefalo,James,Cefalo,1956-10-06,71,190,,,,,,,,,,,,"https://static.www.nfl.com/image/private/f_auto,q_auto/league/p6aep1xoy0ucdxwleoxp",,,,,,
1983,NO,DB,S,0,ACT,Russell Gary,Russell,Gary,1959-07-31,71,195,,,,,,,,,,,,"https://static.www.nfl.com/image/private/f_auto,q_auto/league/glsulpno8qhipvi17wv0",,,,,,
1983,NO,DB,DB,0,TRC,Bill Hurley,William,Hurley,1957-06-15,71,195,,,,,,,,,,,,"https://static.www.nfl.com/image/private/f_auto,q_auto/league/qltmt5ixqbrp6r8yyuug",,,,,,
1983,MIA,WR,WR,0,ACT,Duriel Harris,Duriel,Harris,1954-11-27,71,175,,,,,,,,,,,,"https://static.www.nfl.com/image/private/f_auto,q_auto/league/daftz0dbnkmvcyl5ccrc",,,,,,
1983,MIA,WR,WR,0,ACT,Vince Heflin,Vincent,Heflin,1959-07-07,72,185,,,,,,,,,,,,"https://static.www.nfl.com/image/private/f_auto,q_auto/league/x2mtwrz0clw4irwm9vd5",,,,,,
1983,STL,TE,TE,0,ACT,Greg LaFleur,Gregory,LaFleur,1958-09-16,76,236,,,,,,,,,,,,"https://static.www.nfl.com/image/private/f_auto,q_auto/league/eqejnhk2jztwr8f1yup8",,,,,,
1983,MIA,WR,WR,0,ACT,Nat Moore,Nathaniel,Moore,1951-09-19,69,180,,,,,,,,,,,,"https://static.www.nfl.com/image/private/f_auto,q_auto/league/l7jir7npzrkt89xzozpg",,,,,,
1983,MIN,DB,CB,0,ACT,Rufus Bess,Rufus,Bess,1956-09-13,69,180,,,,,,,,,,,,"https://static.www.nfl.com/image/private/f_auto,q_auto/league/kzyqnqqlqjtrw9zeo8pw",,,,,,
1983,NO,DB,FS,0,ACT,Frank Wattelet,Frank,Wattelet,1958-10-25,72,185,,,,,,,,,,,,"https://static.www.nfl.com/image/private/f_auto,q_auto/league/s8prythag7gr6sjwkmb5",,,,,,
1983,MIN,DB,S,0,ACT,Tom Hannon,Thomas,Hannon,1955-03-05,71,193,,,,,,,,,,,,"https://static.www.nfl.com/image/private/f_auto,q_auto/league/wjrpxupj9r9sriuz6tdt",,,,,,
1983,PIT,LB,ILB,0,ACT,Loren Toews,Loren,Toews,1951-11-03,75,220,,,,,,,,,,,,"https://static.www.nfl.com/image/private/f_auto,q_auto/league/rg0msvut9oupcjzr8nvd",,,,,,
1983,NO,DL,DE,0,ACT,Tony Elliott,Anthony,Elliott,1959-04-23,74,247,,,,,,,,,,,,"https://static.www.nfl.com/image/private/f_auto,q_auto/league/gysgtn8wdeyd1feakp3z",,,,,,
1983,PIT,OL,OT,0,ACT,Larry Brown,Lawrence,Brown,1949-06-16,76,229,,,,,,,,,,,,"https://static.www.nfl.com/image/private/f_auto,q_auto/league/wiybtd79or3dmwbefk2s",,,,,,
1983,MIN,DB,CB,0,ACT,Willie Teal,Willie,Teal,1957-12-20,70,195,,,,,,,,,,,,"https://static.www.nfl.com/image/private/f_auto,q_auto/league/nerd3tzqtxe2ochftarr",,,,,,
1983,MIN,DB,FS,0,ACT,John Turner,John,Turner,1956-02-22,72,193,,,,,,,,,,,,"https://static.www.nfl.com/image/private/f_auto,q_auto/league/ecvn1rbidfuii9hbkuat",,,,,,
1983,MIN,DL,DE,0,ACT,Neil Elshire,Neil,Elshire,1958-03-08,78,250,,,,,,,,,,,,"https://static.www.nfl.com/image/private/f_auto,q_auto/league/xjzdpugdwer5gyyowomi",,,,,,
1983,MIN,DL,DE,0,ACT,Randy Holloway,Randolph,Holloway,1955-08-26,77,245,,,,,,,,,,,,"https://static.www.nfl.com/image/private/f_auto,q_auto/league/dy6cbceks80awuijxzsa",,,,,,
1983,MIN,DL,NT,0,ACT,Charlie Johnson,Charles,Johnson,1952-02-17,75,262,,,,,,,,,,,,"https://static.www.nfl.com/image/private/f_auto,q_auto/league/rhnzmofntkedb5f8gwuw",,,,,,
1983,MIN,DL,DE,0,ACT,Doug Martin,Douglas,Martin,1957-05-22,75,255,,,,,,,,,,,,"https://static.www.nfl.com/image/private/f_auto,q_auto/league/ewmzwnsutwfjjjgcvzqx",,,,,,
1983,MIN,DL,DE,0,ACT,Mark Mullaney,Mark,Mullaney,1953-04-30,78,242,,,,,,,,,,,,"https://static.www.nfl.com/image/private/f_auto,q_auto/league/gf4dzlvvteduciiau15v",,,,,,
1983,MIN,DL,NT,0,ACT,James White,James,White,1953-10-26,75,265,,,,,,,,,,,,"https://static.www.nfl.com/image/private/f_auto,q_auto/league/s8oct5oeywzudqyfpimq",,,,,,
1983,MIN,DL,NT,0,TRC,Ray Yakavonis,Raymond,Yakavonis,1957-01-20,76,250,,,,,,,,,,,,"https://static.www.nfl.com/image/private/f_auto,q_auto/league/s3naxnhat2bjylmv7qzb",,,,,,
1983,PIT,QB,QB,0,ACT,Mark Malone,Mark,Malone,1958-11-22,76,223,,,,,,,,,,,,"https://static.www.nfl.com/image/private/f_auto,q_auto/league/ey0kryydkdjgkhv1qnaq",,,,,,
1983,MIN,LB,OLB,0,ACT,Matt Blair,Matthew,Blair,1950-09-20,77,229,,,,,,,,,,,,"https://static.www.nfl.com/image/private/f_auto,q_auto/league/tgda6fdeawcvmlezq039",,,,,,
1983,MIN,LB,LB,0,ACT,Dennis Fowlkes,Dennis,Fowlkes,1961-03-11,74,230,,,,,,,,,,,,"https://static.www.nfl.com/image/private/f_auto,q_auto/league/m6j5w6jcplcfgvtzrl65",,,,,,
1983,MIN,LB,ILB,0,ACT,Dennis Johnson,Dennis,Johnson,1958-06-19,75,234,,,,,,,,,,,,"https://static.www.nfl.com/image/private/f_auto,q_auto/league/aa2txyommjsy7v4uhsy4",,,,,,
1983,MIN,LB,LB,0,ACT,Henry Johnson,Henry,Johnson,1958-03-20,73,235,,,,,,,,,,,,"https://static.www.nfl.com/image/private/f_auto,q_auto/league/wvjqyps3vfxzkltgvhfa",,,,,,
1983,MIN,LB,OLB,0,ACT,Fred McNeill,Frederick,McNeill,1952-05-06,74,230,,,,,,,,,,,,"https://static.www.nfl.com/image/private/f_auto,q_auto/league/fmbyfaonsxv9kuisky8p",,,,,,
1983,MIN,LB,OLB,0,ACT,Robin Sendlein,Robin,Sendlein,1958-12-01,75,225,,,,,,,,,,,,"https://static.www.nfl.com/image/private/f_auto,q_auto/league/bfyw2ocxxtcdhlpuamht",,,,,,
1983,MIN,LB,ILB,55,ACT,Scott Studwell,John,Studwell,1954-08-27,74,225,,,,,,,,,,,,"https://static.www.nfl.com/image/private/f_auto,q_auto/league/yrptjl3sjwyometkh3ry",,,,,,
1983,MIN,OL,G,0,ACT,Brent Boyd,Brent,Boyd,1957-03-23,75,242,,,,,,,,,,,,"https://static.www.nfl.com/image/private/f_auto,q_auto/league/fhuqyn9zt5spavrvlrxg",,,,,,
1983,MIN,OL,G,0,ACT,Wes Hamilton,Wesley,Hamilton,1953-04-24,75,255,,,,,,,,,,,,"https://static.www.nfl.com/image/private/f_auto,q_auto/league/gnubagx0anihoyjcigrh",,,,,,
1983,MIN,OL,G,0,ACT,Jim Hough,James,Hough,1956-08-04,74,267,,,,,,,,,,,,"https://static.www.nfl.com/image/private/f_auto,q_auto/league/vlcemuej9nszwqiaglkv",,,,,,
1983,MIN,OL,C,0,ACT,Dave Huffman,David,Huffman,1957-04-04,78,255,,,,,,,,,,,,"https://static.www.nfl.com/image/private/f_auto,q_auto/league/lljlf8m63jrewngjep3a",,,,,,
1983,TB,LB,ILB,0,ACT,Scot Brantley,Scot,Brantley,1958-02-24,73,230,,,,,,,,,,,,"https://static.www.nfl.com/image/private/f_auto,q_auto/league/icn2svzeywrw8nh6iamj",,,,,,
1983,MIN,OL,OT,0,ACT,Steve Riley,Steven,Riley,1952-11-23,77,258,,,,,,,,,,,,"https://static.www.nfl.com/image/private/f_auto,q_auto/league/rgfdbk8wdavf1ij4xqgv",,,,,,
1983,PIT,WR,WR,0,ACT,Gregg Garrity,Gregg,Garrity,1960-11-24,70,171,,,,,,,,,,,,"https://static.www.nfl.com/image/private/f_auto,q_auto/league/i0shlm17zhyucjdgu5id",,,,,,
1983,MIN,OL,C,0,ACT,Dennis Swilley,Dennis,Swilley,1955-06-28,75,241,,,,,,,,,,,,"https://static.www.nfl.com/image/private/f_auto,q_auto/league/ynp8wokbfgnjazfulaj2",,,,,,
1983,MIN,OL,OT,0,ACT,Terry Tausch,Terry,Tausch,1959-02-05,77,275,,,,,,,,,,,,"https://static.www.nfl.com/image/private/f_auto,q_auto/league/qczzn5mozafpmttwvexu",,,,,,
1983,PIT,WR,WR,0,ACT,John Stallworth,Johnny,Stallworth,1952-07-15,74,191,,,,,,,,,,,,"https://static.www.nfl.com/image/private/f_auto,q_auto/league/qyhrxpoq3sklq4qnugy3",,,,,,
1983,PIT,WR,WR,0,ACT,Calvin Sweeney,Calvin,Sweeney,1955-01-12,74,190,,,,,,,,,,,,"https://static.www.nfl.com/image/private/f_auto,q_auto/league/fcmhixvtrnmee4iz40vy",,,,,,
1983,RAI,DB,DB,0,ACT,Don Bessillieu,Donald,Bessillieu,1956-05-04,73,199,,,,,,,,,,,,"https://static.www.nfl.com/image/private/f_auto,q_auto/league/muhnwwk7obad1gxkyewr",,,,,,
1983,TB,LB,OLB,0,ACT,Robert Thompson,Robert,Thompson,1960-02-04,75,221,,,,,,,,,,,,"https://static.www.nfl.com/image/private/f_auto,q_auto/league/qs9krfllzjbualzogmqw",,,,,,
1983,MIN,RB,RB,0,ACT,Ricky Bell,Richard,Bell,1960-10-18,72,205,,,,,,,,,,,,"https://static.www.nfl.com/image/private/f_auto,q_auto/league/ch2j8rt54lgn2ts5kto1",,,,,,
1983,MIN,RB,RB,0,ACT,Ted Brown,Thomas,Brown,1957-02-15,70,198,,,,,,,,,,,,"https://static.www.nfl.com/image/private/f_auto,q_auto/league/dcw07qpdqg9ddiqdsdfd",,,,,,
1983,MIN,RB,RB,0,ACT,Tony Galbreath,Anthony,Galbreath,1954-01-29,72,220,,,,,,,,,,,,"https://static.www.nfl.com/image/private/f_auto,q_auto/league/gujudr4qtmjewh62evwq",,,,,,
1983,RAI,DB,DB,0,ACT,Kenny Hill,Kenneth,Hill,1958-07-25,72,190,,,,,,,,,,,,"https://static.www.nfl.com/image/private/f_auto,q_auto/league/kdylbzj8ghwlbqutbize",,,,,,
1983,MIN,RB,RB,0,ACT,Jarvis Redwine,Jarvis,Redwine,1957-05-16,70,203,,,,,,,,,,,,"https://static.www.nfl.com/image/private/f_auto,q_auto/league/yctr6helbkrstxdhxkqj",,,,,,
1983,RAI,DB,DB,0,ACT,Odis McKinney,Odis,McKinney,1957-05-19,74,187,,,,,,,,,,,,"https://static.www.nfl.com/image/private/f_auto,q_auto/league/p7eos0putwsj4ti10p0a",,,,,,
1983,MIN,SPEC,P,0,ACT,Greg Coleman,Gregory,Coleman,1954-09-09,72,185,,,,,,,,,,,,"https://static.www.nfl.com/image/private/f_auto,q_auto/league/jao2nismff9lybqoqoqt",,,,,,
1983,MIN,SPEC,K,0,ACT,Benny Ricardo,Benito,Ricardo,1954-01-04,70,175,,,,,,,,,,,,"https://static.www.nfl.com/image/private/f_auto,q_auto/league/ky99fcjmsqvmgbi8uh3v",,,,,,
1983,RAI,DL,DE,0,ACT,Lyle Alzado,Lyle,Alzado,1949-04-03,75,252,,,,,,,,,,,,"https://static.www.nfl.com/image/private/f_auto,q_auto/league/cqw7fny2wssmveq8m3rq",,,,,,
1983,RAI,DL,NT,0,ACT,Reggie Kinlaw,Reginald,Kinlaw,1957-01-09,74,240,,,,,,,,,,,,"https://static.www.nfl.com/image/private/f_auto,q_auto/league/xlr6nppk3k2pexlsrrm3",,,,,,
1983,MIN,TE,TE,0,ACT,Dave Casper,David,Casper,1951-09-26,76,250,,,,,,,,,,,,"https://static.www.nfl.com/image/private/f_auto,q_auto/league/njpwjyzxtmgh7jt6oznj",,,,,,
1983,TB,OL,G,0,ACT,George Yarno,George,Yarno,1957-08-12,74,260,,,,,,,,,,,,"https://static.www.nfl.com/image/private/f_auto,q_auto/league/r7780a5fggoljpyin8vz",,,,,,
1983,RAI,DL,DT,0,ACT,Archie Reese,Archie,Reese,1956-02-04,75,267,,,,,,,,,,,,"https://static.www.nfl.com/image/private/f_auto,q_auto/league/swvqdhn0anoqq1l45zaq",,,,,,
1983,RAI,DL,DE,0,ACT,Johnny Robinson,Johnny,Robinson,1959-02-14,74,260,,,,,,,,,,,,"https://static.www.nfl.com/image/private/f_auto,q_auto/league/seo9j43vvayw7iznh55g",,,,,,
1983,MIN,WR,WR,0,ACT,Mike Jones,Michael,Jones,1960-04-14,71,175,,,,,,,,,,,,"https://static.www.nfl.com/image/private/f_auto,q_auto/league/dcetcv8jbxqkzjbbtcj7",,,,,,
1983,MIN,WR,WR,0,ACT,Terry LeCount,Terry,LeCount,1956-07-09,70,172,,,,,,,,,,,,"https://static.www.nfl.com/image/private/f_auto,q_auto/league/xyinrizbcndagdteczrd",,,,,,
1983,RAI,LB,LB,0,ACT,Jeff Barnes,Jeffrey,Barnes,1955-03-01,74,215,,,,,,,,,,,,"https://static.www.nfl.com/image/private/f_auto,q_auto/league/g7ynrior0ce6kvqneu3n",,,,,,
1983,MIN,WR,WR,0,ACT,Sam McCullum,Samuel,McCullum,1952-11-30,74,203,,,,,,,,,,,,"https://static.www.nfl.com/image/private/f_auto,q_auto/league/miufyoow7dczjh24gh6e",,,,,,
1983,MIN,WR,WR,0,ACT,Mardye McDole,Mardye,McDole,1959-05-01,71,198,,,,,,,,,,,,"https://static.www.nfl.com/image/private/f_auto,q_auto/league/duncig4jrbiya81pzwti",,,,,,
1983,MIN,WR,WR,0,ACT,Sammy White,Samuel,White,1954-03-16,71,190,,,,,,,,,,,,"https://static.www.nfl.com/image/private/f_auto,q_auto/league/olwfmk5wtkltdlzduuav",,,,,,
1983,TB,RB,RB,0,ACT,James Owens,James,Owens,1955-07-05,71,188,,,,,,,,,,,,"https://static.www.nfl.com/image/private/f_auto,q_auto/league/wqpeuihoicjxvfqqrqyv",,,,,,
1983,NE,DB,DB,0,ACT,Paul Dombroski,Paul,Dombroski,1956-08-08,72,185,,,,,,,,,,,,"https://static.www.nfl.com/image/private/f_auto,q_auto/league/saesnxhgcrfm61thjanp",,,,,,
1983,RAI,LB,ILB,0,ACT,Bob Nelson,Robert,Nelson,1953-06-30,76,232,,,,,,,,,,,,"https://static.www.nfl.com/image/private/f_auto,q_auto/league/loy9jd7pzargeyex9oba",,,,,,
1983,RAI,LB,ILB,0,ACT,Jack Squirek,Jack,Squirek,1959-02-16,76,230,,,,,,,,,,,,"https://static.www.nfl.com/image/private/f_auto,q_auto/league/r71sxfi8omuztkpyj2rq",,,,,,
1983,TB,SPEC,K,0,ACT,David Warnke,David,Warnke,1960-12-30,71,185,,,,,,,,,,,,"https://static.www.nfl.com/image/private/f_auto,q_auto/league/jtcfohqedn8yf5yzm6m9",,,,,,
1983,TB,TE,TE,0,ACT,Jerry Bell,Gerald,Bell,1959-03-07,77,230,,,,,,,,,,,,"https://static.www.nfl.com/image/private/f_auto,q_auto/league/kclerudd80h0gwovsdkh",,,,,,
1983,NE,DB,FS,0,ACT,Rick Sanford,Richard,Sanford,1957-01-09,73,192,,,,,,,,,,,,"https://static.www.nfl.com/image/private/f_auto,q_auto/league/ljqnwnss8t6rpbelpcp9",,,,,,
1983,RAI,OL,OT,0,ACT,Shelby Jordan,Shelby,Jordan,1952-01-23,79,260,,,,,,,,,,,,"https://static.www.nfl.com/image/private/f_auto,q_auto/league/lrhawr1pwehycamewkep",,,,,,
1983,NE,DL,DE,0,ACT,Julius Adams,Julius,Adams,1948-04-26,75,270,,,,,,,,,,,,"https://static.www.nfl.com/image/private/f_auto,q_auto/league/mkulv0yzwzkfimxzw5hd",,,,,,
1983,NE,DL,DE,0,ACT,Dave Browning,David,Browning,1956-08-18,77,245,,,,,,,,,,,,"https://static.www.nfl.com/image/private/f_auto,q_auto/league/unvwhygdwfwwf7ujejk1",,,,,,
1983,NE,DL,DE,0,ACT,George Crump,George,Crump,1959-07-22,76,260,,,,,,,,,,,,"https://static.www.nfl.com/image/private/f_auto,q_auto/league/lgynfen5epxm4edhmlge",,,,,,
1983,NE,DL,DE,0,ACT,Marshall Harris,Marshall,Harris,1955-12-06,78,261,,,,,,,,,,,,"https://static.www.nfl.com/image/private/f_auto,q_auto/league/lyh3riqu42pweuhi38mk",,,,,,
1983,NE,DL,NT,0,ACT,Luther Henson,Luther,Henson,1959-03-25,72,275,,,,,,,,,,,,"https://static.www.nfl.com/image/private/f_auto,q_auto/league/dih7iravt1j4k4xj9thl",,,,,,
1983,NE,DL,NT,0,ACT,Dennis Owens,Dennis,Owens,1960-02-24,73,252,,,,,,,,,,,,"https://static.www.nfl.com/image/private/f_auto,q_auto/league/ww5lkzdubdlouqoqylnx",,,,,,
1983,NE,DL,DE,0,ACT,Doug Rogers,Douglas,Rogers,1960-06-23,77,255,,,,,,,,,,,,"https://static.www.nfl.com/image/private/f_auto,q_auto/league/oujtc9qixkrum6sswegp",,,,,,
1983,NE,DL,DE,0,ACT,Kenneth Sims,Kenneth,Sims,1959-10-31,77,279,,,,,,,,,,,,"https://static.www.nfl.com/image/private/f_auto,q_auto/league/mgck4hy5hgftcuvliuhh",,,,,,
1983,NE,DL,DE,0,TRC,Ron Spears,Ronald,Spears,1959-11-23,78,255,,,,,,,,,,,,"https://static.www.nfl.com/image/private/f_auto,q_auto/league/cqczykf8turynh0syw86",,,,,,
1983,NE,DL,DE,0,ACT,Lester Williams,Lester,Williams,1959-01-19,75,272,,,,,,,,,,,,"https://static.www.nfl.com/image/private/f_auto,q_auto/league/qh8zic9snx9gkfkwutwj",,,,,,
1983,RAI,RB,RB,0,ACT,Rick Berns,Richard,Berns,1956-02-05,74,205,,,,,,,,,,,,"https://static.www.nfl.com/image/private/f_auto,q_auto/league/w1xhh4al8qxiroqqiqmr",,,,,,
1983,NE,LB,OLB,0,ACT,Don Blackmon,Donald,Blackmon,1958-03-14,75,235,,,,,,,,,,,,"https://static.www.nfl.com/image/private/f_auto,q_auto/league/elx4u4narknlqpbvl895",,,,,,
1983,NE,LB,LB,0,ACT,John Gillen,John,Gillen,1958-11-05,75,227,,,,,,,,,,,,"https://static.www.nfl.com/image/private/f_auto,q_auto/league/plxvau9ik4aztamloiok",,,,,,
1983,NE,LB,ILB,0,ACT,Tim Golden,Timothy,Golden,1959-11-15,73,220,,,,,,,,,,,,"https://static.www.nfl.com/image/private/f_auto,q_auto/league/dth9r36jh8gcelnhmoay",,,,,,
1983,RAI,RB,RB,0,ACT,Greg Pruitt,Gregory,Pruitt,1951-08-18,70,186,,,,,,,,,,,,"https://static.www.nfl.com/image/private/f_auto,q_auto/league/kcfhqaxhwtew8qinlxxu",,,,,,
1983,NE,LB,OLB,0,ACT,Larry McGrew,Lawrence,McGrew,1957-07-23,77,233,,,,,,,,,,,,"https://static.www.nfl.com/image/private/f_auto,q_auto/league/khu7paqazenopvlquedw",,,,,,
1983,NE,LB,ILB,0,ACT,Steve Nelson,Steven,Nelson,1951-04-26,74,230,,,,,,,,,,,,"https://static.www.nfl.com/image/private/f_auto,q_auto/league/tert4y4jynhz9gzibsby",,,,,,
1983,RAI,SPEC,P,0,ACT,Ray Guy,William,Guy,1949-12-22,75,190,,,,,,,,,,,,"https://static.www.nfl.com/image/private/f_auto,q_auto/league/ho8elpqtloeudnzwlhdl",,,,,,
1983,NYG,OL,C,0,ACT,Ernie Hughes,Ernest,Hughes,1955-01-24,75,259,,,,,,,,,,,,"https://static.www.nfl.com/image/private/f_auto,q_auto/league/rpyovwdnifo9ovygf9nw",,,,,,
1983,RAI,TE,TE,0,ACT,Don Hasselbeck,Donald,Hasselbeck,1955-04-01,79,245,,,,,,,,,,,,"https://static.www.nfl.com/image/private/f_auto,q_auto/league/x8etmam0wfxuyp6os5pk",,,,,,
1983,NE,LB,ILB,0,ACT,Clayton Weishuhn,Clayton,Weishuhn,1959-10-09,74,220,,,,,,,,,,,,"https://static.www.nfl.com/image/private/f_auto,q_auto/league/fkwuz4lyx61hcoewkumu",,,,,,
1983,NE,OL,C,0,ACT,Pete Brock,Peter,Brock,1954-07-14,77,253,,,,,,,,,,,,"https://static.www.nfl.com/image/private/f_auto,q_auto/league/bsyo8decj8opg7aw03di",,,,,,
1983,NE,OL,OT,0,ACT,Bob Cryder,Robert,Cryder,1956-09-07,76,284,,,,,,,,,,,,"https://static.www.nfl.com/image/private/f_auto,q_auto/league/fiu2h92orzdegixijksr",,,,,,
1983,WAS,LB,LB,0,ACT,Stuart Anderson,Stuart,Anderson,1959-12-25,73,247,,,,,,,,,,,,"https://static.www.nfl.com/image/private/f_auto,q_auto/league/oflfo5kjhwr4gksseqrv",,,,,,
1983,RAI,WR,WR,0,ACT,Calvin Muhammad,Calvin,Muhammad,1958-12-10,71,185,,,,,,,,,,,,"https://static.www.nfl.com/image/private/f_auto,q_auto/league/o6iowolnyrjf1eo7s6ol",,,,,,
1983,NYG,QB,QB,0,ACT,Tom Owen,Willis,Owen,1952-09-01,73,195,,,,,,,,,,,,"https://static.www.nfl.com/image/private/f_auto,q_auto/league/bhf4giw7dijqfcrgnevs",,,,,,
1983,WAS,LB,OLB,0,ACT,Mel Kaufman,Melvin,Kaufman,1958-02-24,74,214,,,,,,,,,,,,"https://static.www.nfl.com/image/private/f_auto,q_auto/league/vyxsbi4zitmwwxjj7myb",,,,,,
1983,NE,OL,OT,0,ACT,Steve Moore,Stephen,Moore,1960-10-01,76,285,,,,,,,,,,,,"https://static.www.nfl.com/image/private/f_auto,q_auto/league/jcgjlbcvr1fyxd21yolt",,,,,,
1983,NE,OL,C,0,ACT,Dwight Wheeler,Dwight,Wheeler,1955-01-13,75,269,,,,,,,,,,,,"https://static.www.nfl.com/image/private/f_auto,q_auto/league/wkcm9kjpjsjigdrzywqw",,,,,,
1983,NE,OL,G,0,ACT,Ron Wooten,Ronald,Wooten,1959-06-28,76,280,,,,,,,,,,,,"https://static.www.nfl.com/image/private/f_auto,q_auto/league/okmiq1mas2e5lugcbk4p",,,,,,
1983,NE,QB,QB,0,ACT,Tony Eason,Charles,Eason,1959-10-08,76,212,,,,,,,,,,,,"https://static.www.nfl.com/image/private/f_auto,q_auto/league/myvko8qvzooxmjisnkbo",,,,,,
1983,RAM,DB,FS,0,ACT,Johnnie Johnson,Johnnie,Johnson,1956-10-08,73,185,,,,,,,,,,,,"https://static.www.nfl.com/image/private/f_auto,q_auto/league/leitspb10cqqdcxdzcvp",,,,,,
1983,NE,QB,QB,0,ACT,Mike Kerrigan,Michael,Kerrigan,1960-04-27,75,190,,,,,,,,,,,,"https://static.www.nfl.com/image/private/f_auto,q_auto/league/pjwz46qvzv5ejwvwkv8f",,,,,,
1983,NE,RB,RB,0,ACT,Tony Collins,Anthony,Collins,1959-05-27,71,203,,,,,,,,,,,,"https://static.www.nfl.com/image/private/f_auto,q_auto/league/hx74hjqlfrm4qnbcufys",,,,,,
1983,NE,RB,RB,0,ACT,George Peoples,George,Peoples,1960-08-25,72,211,,,,,,,,,,,,"https://static.www.nfl.com/image/private/f_auto,q_auto/league/hdn0f6gxzzfvedxxspap",,,,,,
1983,NE,RB,RB,0,ACT,Mosi Tatupu,Mosiula,Tatupu,1955-04-26,72,227,,,,,,,,,,,,"https://static.www.nfl.com/image/private/f_auto,q_auto/league/jge79vwu3wvwpixwpriy",,,,,,
1983,NE,RB,RB,0,ACT,Mark van Eeghen,Mark,van Eeghen,1952-04-19,74,223,,,,,,,,,,,,"https://static.www.nfl.com/image/private/f_auto,q_auto/league/w06vvzst3qtiah8jyvzl",,,,,,
1983,NE,RB,RB,0,ACT,Robert Weathers,Robert,Weathers,1960-09-13,74,217,,,,,,,,,,,,"https://static.www.nfl.com/image/private/f_auto,q_auto/league/szvxibcyh2q7nspvezpd",,,,,,
1983,RAM,DL,NT,0,ACT,Charles DeJurnett,Charles,DeJurnett,1952-06-17,76,270,,,,,,,,,,,,"https://static.www.nfl.com/image/private/f_auto,q_auto/league/iu2kszd5kcd7v4zvszkc",,,,,,
1983,NE,SPEC,K,0,ACT,John Smith,John,Smith,1949-12-30,72,186,,,,,,,,,,,,"https://static.www.nfl.com/image/private/f_auto,q_auto/league/pjur6mhiu6e9bbrnjced",,,,,,
1983,NE,SPEC,K,0,ACT,Fred Steinfort,Frederick,Steinfort,1952-11-03,71,180,,,,,,,,,,,,"https://static.www.nfl.com/image/private/f_auto,q_auto/league/sh78ivzkhm5hoyixho65",,,,,,
1983,RAM,DL,DT,0,ACT,Myron Lapka,Myron,Lapka,1956-05-10,76,258,,,,,,,,,,,,"https://static.www.nfl.com/image/private/f_auto,q_auto/league/u25fqsdlihcbbgjg99nu",,,,,,
1983,WAS,RB,RB,0,ACT,Reggie Evans,Reginald,Evans,1959-01-05,71,201,,,,,,,,,,,,"https://static.www.nfl.com/image/private/f_auto,q_auto/league/kv2zslhww2uxnmzbm5ym",,,,,,
1983,RAM,DL,DE,0,ACT,Jack Youngblood,Herbert,Youngblood,1950-01-26,76,242,,,,,,,,,,,,"https://static.www.nfl.com/image/private/f_auto,q_auto/league/mwd8umz9bedz1xkls7ro",,,,,,
1983,NE,TE,TE,0,ACT,Derrick Ramsey,Derrick,Ramsey,1956-12-23,76,220,,,,,,,,,,,,"https://static.www.nfl.com/image/private/f_auto,q_auto/league/aae8ytxqpwmqnh2gtaet",,,,,,
1983,NE,TE,TE,0,ACT,Brooks Williams,Kim,Williams,1954-12-07,76,226,,,,,,,,,,,,"https://static.www.nfl.com/image/private/f_auto,q_auto/league/aq0uwk8tfyrkpjasime7",,,,,,
1983,NE,WR,WR,0,ACT,Cedric Jones,Cedric,Jones,1960-06-01,73,184,,,,,,,,,,,,"https://static.www.nfl.com/image/private/f_auto,q_auto/league/hrgdgm2q8eifzcvsixix",,,,,,
1983,NE,WR,WR,0,ACT,Stanley Morgan,Stanley,Morgan,1955-02-17,71,181,,,,,,,,,,,,"https://static.www.nfl.com/image/private/f_auto,q_auto/league/n3oxs232reufr0sdqptv",,,,,,
1983,NE,WR,WR,0,ACT,Stephen Starring,Stephen,Starring,1961-07-30,70,172,,,,,,,,,,,,"https://static.www.nfl.com/image/private/f_auto,q_auto/league/g46ytqxteq70xgxq465y",,,,,,
1983,RAM,LB,LB,0,ACT,Dave Lewis,David,Lewis,1954-10-15,76,240,,,,,,,,,,,,"https://static.www.nfl.com/image/private/f_auto,q_auto/league/khb5gzc1cr8i73c7uubm",,,,,,
1983,NE,WR,WR,0,ACT,Darryal Wilson,Darryal,Wilson,1960-09-19,72,182,,,,,,,,,,,,"https://static.www.nfl.com/image/private/f_auto,q_auto/league/hxq43m0dgttfdpkxmwom",,,,,,
1983,NYJ,DB,CB,0,ACT,Johnny Lynn,Johnny,Lynn,1956-12-19,72,190,,,,,,,,,,,,"https://static.www.nfl.com/image/private/f_auto,q_auto/league/m2vwlefajflazieb4rdb",,,,,,
1983,NYJ,DB,DB,0,ACT,Davlin Mullen,Davlin,Mullen,1960-02-17,73,175,,,,,,,,,,,,"https://static.www.nfl.com/image/private/f_auto,q_auto/league/jptldt5vqr3mtbn8zus9",,,,,,
1983,NO,DB,DB,0,ACT,Bobby Johnson,Bobby,Johnson,1960-09-01,72,191,,,,,,,,,,,,"https://static.www.nfl.com/image/private/f_auto,q_auto/league/days2nshb3qjaaxhibt2",,,,,,
1983,RAM,OL,OT,0,ACT,Bill Bain,William,Bain,1952-08-09,76,269,,,,,,,,,,,,"https://static.www.nfl.com/image/private/f_auto,q_auto/league/aqsimfiy5z4xld3rh3yv",,,,,,
1983,NO,DB,DB,0,ACT,Vernon Perry,Vernon,Perry,1953-09-22,74,211,,,,,,,,,,,,"https://static.www.nfl.com/image/private/f_auto,q_auto/league/j4tyxjfukp5orjokyl1f",,,,,,
1983,NO,DB,CB,0,ACT,Johnnie Poe,Johnnie,Poe,1959-08-29,73,182,,,,,,,,,,,,"https://static.www.nfl.com/image/private/f_auto,q_auto/league/clxytizah1bzhamtu2tn",,,,,,
1983,NO,DB,DB,0,ACT,Greg Stemrick,Gregory,Stemrick,1951-10-25,71,185,,,,,,,,,,,,"https://static.www.nfl.com/image/private/f_auto,q_auto/league/f3lam5rcbea8uxm7on9l",,,,,,
1983,NYJ,DL,DE,0,ACT,Rusty Guilbeau,David,Guilbeau,1958-11-20,76,250,,,,,,,,,,,,"https://static.www.nfl.com/image/private/f_auto,q_auto/league/uhfnueqzjar8jl66xdsq",,,,,,
1983,RAM,OL,C,0,TRC,George Lilja,George,Lilja,1958-03-03,76,250,,,,,,,,,,,,"https://static.www.nfl.com/image/private/f_auto,q_auto/league/zlknuypoqmom8fspl0rl",,,,,,
1983,RAM,OL,C,0,ACT,Joe Shearin,Joseph,Shearin,1960-04-16,76,250,,,,,,,,,,,,"https://static.www.nfl.com/image/private/f_auto,q_auto/league/v1butgualreamprgakzu",,,,,,
1983,NYJ,DL,DE,0,ACT,Kenny Neil,Kenny,Neil,1959-01-08,76,244,,,,,,,,,,,,"https://static.www.nfl.com/image/private/f_auto,q_auto/league/sdmmwok5rxswi1azwse6",,,,,,
1983,NO,DL,NT,0,ACT,Gary Lewis,Gary,Lewis,1961-01-14,75,260,,,,,,,,,,,,"https://static.www.nfl.com/image/private/f_auto,q_auto/league/xna83d6qumrxvtrvgbtv",,,,,,
1983,NO,DL,DE,0,ACT,Reggie Lewis,Reginald,Lewis,1954-01-20,74,220,,,,,,,,,,,,"https://static.www.nfl.com/image/private/f_auto,q_auto/league/yq2byco7azibjm9oyejz",,,,,,
1983,RAM,QB,QB,0,ACT,Steve Fuller,Stephen,Fuller,1957-01-05,76,198,,,,,,,,,,,,"https://static.www.nfl.com/image/private/f_auto,q_auto/league/pwpriz9wpd0epedysmbl",,,,,,
1983,NYJ,LB,OLB,0,ACT,Greg Buttle,Gregory,Buttle,1954-06-20,75,235,,,,,,,,,,,,"https://static.www.nfl.com/image/private/f_auto,q_auto/league/gn0jecuktjbw27jqr2w1",,,,,,
1983,RAM,RB,RB,0,ACT,Robert Alexander,Robert,Alexander,1958-04-21,72,185,,,,,,,,,,,,"https://static.www.nfl.com/image/private/f_auto,q_auto/league/l7d7uyr7ngkvwwmutyjh",,,,,,
1983,NYJ,LB,OLB,0,ACT,Ron Crosby,Ronald,Crosby,1955-03-02,75,224,,,,,,,,,,,,"https://static.www.nfl.com/image/private/f_auto,q_auto/league/caqslgqx38dr0r45v9i1",,,,,,
1983,RAM,RB,RB,0,ACT,Mike Guman,Michael,Guman,1958-04-21,74,210,,,,,,,,,,,,"https://static.www.nfl.com/image/private/f_auto,q_auto/league/ila865odwfkcjcphawdu",,,,,,
1983,RAM,RB,RB,0,ACT,A.J. Jones,Anthony,Jones,1959-05-30,73,202,,,,,,,,,,,,"https://static.www.nfl.com/image/private/f_auto,q_auto/league/i47p5wxvv2ee8d1jalyo",,,,,,
1983,NO,LB,LB,0,ACT,Rob Nairne,Robert,Nairne,1954-03-24,76,223,,,,,,,,,,,,"https://static.www.nfl.com/image/private/f_auto,q_auto/league/gn5s1ocxyg1xdi8qaabl",,,,,,
1983,NO,LB,OLB,0,ACT,Whitney Paul,Whitney,Paul,1953-10-08,75,220,,,,,,,,,,,,"https://static.www.nfl.com/image/private/f_auto,q_auto/league/v7ghu44zer7ofjcv6gvc",,,,,,
1983,NO,LB,LB,0,ACT,Scott Pelluer,Scott,Pelluer,1959-04-28,74,215,,,,,,,,,,,,"https://static.www.nfl.com/image/private/f_auto,q_auto/league/lpfvevoesxfqqoiddrto",,,,,,
1983,RAM,SPEC,K,0,ACT,Chuck Nelson,Charles,Nelson,1960-02-23,71,175,,,,,,,,,,,,"https://static.www.nfl.com/image/private/f_auto,q_auto/league/c8sn5ohyc43uwqtrtkj5",,,,,,
1983,RAM,TE,TE,0,ACT,Mike Barber,Michael,Barber,1953-06-04,75,235,,,,,,,,,,,,"https://static.www.nfl.com/image/private/f_auto,q_auto/league/luyvmprztvgexjsvd5ol",,,,,,
1983,RAM,TE,TE,0,ACT,David Hill,David,Hill,1954-01-01,74,220,,,,,,,,,,,,"https://static.www.nfl.com/image/private/f_auto,q_auto/league/cuasnlb47l6i9wqkyp4h",,,,,,
1983,RAM,TE,TE,0,ACT,James McDonald,James,McDonald,1961-03-29,77,218,,,,,,,,,,,,"https://static.www.nfl.com/image/private/f_auto,q_auto/league/mievza4cra7tgia8eifb",,,,,,
1983,NO,OL,G,0,ACT,Brad Edelman,Bradley,Edelman,1960-09-03,78,255,,,,,,,,,,,,"https://static.www.nfl.com/image/private/f_auto,q_auto/league/qxin2fqhtvumxlwbta4z",,,,,,
1983,NO,OL,OT,0,ACT,Leon Gray,Leon,Gray,1951-11-15,75,256,,,,,,,,,,,,"https://static.www.nfl.com/image/private/f_auto,q_auto/league/j1xijsgjgwtiuxirrrnk",,,,,,
1983,NO,OL,C,0,ACT,John Hill,John,Hill,1950-04-16,74,245,,,,,,,,,,,,"https://static.www.nfl.com/image/private/f_auto,q_auto/league/x1qqyt70yz4tz0dzm7h1",,,,,,
1983,RAM,WR,WR,0,ACT,Otis Grant,Otis,Grant,1961-08-13,75,197,,,,,,,,,,,,"https://static.www.nfl.com/image/private/f_auto,q_auto/league/szf7usafrw6kgwwtrjhv",,,,,,
1983,RAM,WR,WR,0,ACT,Gordon Jones,Gordon,Jones,1957-07-25,72,180,,,,,,,,,,,,"https://static.www.nfl.com/image/private/f_auto,q_auto/league/ameqo1hpljs9wswxfs1o",,,,,,
1983,NO,OL,G,0,ACT,Louis Oubre,Louis,Oubre,1958-05-15,76,262,,,,,,,,,,,,"https://static.www.nfl.com/image/private/f_auto,q_auto/league/us5djkvkbt1x1oblgn75",,,,,,
1983,NYJ,RB,RB,0,ACT,Mike Augustyniak,Michael,Augustyniak,1956-07-17,71,225,,,,,,,,,,,,"https://static.www.nfl.com/image/private/f_auto,q_auto/league/uzt2l2bkqnzfsnfaq5yl",,,,,,
1983,NO,QB,QB,0,ACT,Greg Knafelc,Gregory,Knafelc,1959-02-20,76,220,,,,,,,,,,,,"https://static.www.nfl.com/image/private/f_auto,q_auto/league/txbpzacord6x8y5aaxld",,,,,,
1983,NO,QB,QB,0,ACT,Ken Stabler,Kenneth,Stabler,1945-12-25,75,215,,,,,,,,,,,,"https://static.www.nfl.com/image/private/f_auto,q_auto/league/anwcmgpsprhjrkrwwklo",,,,,,
1983,NO,QB,QB,0,ACT,Dave Wilson,David,Wilson,1959-04-27,75,210,,,,,,,,,,,,"https://static.www.nfl.com/image/private/f_auto,q_auto/league/lxppdhwvuubfppm4uuzd",,,,,,
1983,NO,RB,RB,0,ACT,Cliff Austin,Clifford,Austin,1960-03-02,72,190,,,,,,,,,,,,"https://static.www.nfl.com/image/private/f_auto,q_auto/league/besikxbcnvhdnbb7zyhe",,,,,,
1983,SD,DB,DB,0,ACT,Bruce Laird,Bruce,Laird,1950-05-23,72,193,,,,,,,,,,,,"https://static.www.nfl.com/image/private/f_auto,q_auto/league/neh3bfh41epuqljeotv0",,,,,,
1983,NO,RB,RB,0,ACT,George Rogers,George,Rogers,1958-12-08,74,220,,,,,,,,,,,,"https://static.www.nfl.com/image/private/f_auto,q_auto/league/z3rsy4cg7zwa8gnlk0e7",,,,,,
1983,NO,RB,RB,0,ACT,Jimmy Rogers,James,Rogers,1955-06-29,70,190,,,,,,,,,,,,"https://static.www.nfl.com/image/private/f_auto,q_auto/league/t8csexyilrc9trlka8qa",,,,,,
1983,NO,RB,RB,0,ACT,Tim Wilson,Timothy,Wilson,1954-01-14,75,235,,,,,,,,,,,,"https://static.www.nfl.com/image/private/f_auto,q_auto/league/v3qtcmrtmwzb2cmiaqy4",,,,,,
1983,NO,RB,RB,0,ACT,Wayne Wilson,Wayne,Wilson,1957-09-04,75,208,,,,,,,,,,,,"https://static.www.nfl.com/image/private/f_auto,q_auto/league/qwc0jsq0iawmb7r4zh15",,,,,,
1983,SD,DB,S,0,ACT,Andre Young,Andre,Young,1960-11-22,72,190,,,,,,,,,,,,"https://static.www.nfl.com/image/private/f_auto,q_auto/league/uhqwrpzfdepv4dxfehkt",,,,,,
1983,NO,SPEC,P,0,ACT,Russell Erxleben,Russell,Erxleben,1957-01-13,76,218,,,,,,,,,,,,"https://static.www.nfl.com/image/private/f_auto,q_auto/league/ygsesle54pltdrg5u0tb",,,,,,
1983,SD,DL,DE,0,ACT,Chuck Ehin,Charles,Ehin,1961-07-01,76,255,,,,,,,,,,,,"https://static.www.nfl.com/image/private/f_auto,q_auto/league/v8xrmmxc1e6puzqpnz7j",,,,,,
1983,NO,TE,TE,0,ACT,Larry Hardy,Larry,Hardy,1956-07-09,75,230,,,,,,,,,,,,"https://static.www.nfl.com/image/private/f_auto,q_auto/league/fqj17usyczchsqabgfuc",,,,,,
1983,SD,DL,DE,0,ACT,Keith Ferguson,Keith,Ferguson,1959-04-03,77,241,,,,,,,,,,,,"https://static.www.nfl.com/image/private/f_auto,q_auto/league/dyguwyewr03x0wcd52a6",,,,,,
1983,NO,WR,WR,0,ACT,Kenny Duckett,Kenneth,Duckett,1959-10-01,72,187,,,,,,,,,,,,"https://static.www.nfl.com/image/private/f_auto,q_auto/league/sx7apg66hmaavyyx7byp",,,,,,
1983,NO,WR,WR,0,ACT,Eugene Goodlow,Eugene,Goodlow,1958-12-19,74,190,,,,,,,,,,,,"https://static.www.nfl.com/image/private/f_auto,q_auto/league/gqkcimrlqccf515muzcd",,,,,,
1983,NO,WR,WR,0,ACT,Jeff Groth,Jeffrey,Groth,1957-07-02,70,172,,,,,,,,,,,,"https://static.www.nfl.com/image/private/f_auto,q_auto/league/mkfph6p5laskjjyrpttd",,,,,,
1983,SD,LB,LB,0,ACT,Carlos Bradley,Carlos,Bradley,1960-04-27,72,221,,,,,,,,,,,,"https://static.www.nfl.com/image/private/f_auto,q_auto/league/tomjcfyprvpq7loajorl",,,,,,
1983,NO,WR,WR,0,ACT,Guido Merkens,Guido,Merkens,1955-08-14,73,200,,,,,,,,,,,,"https://static.www.nfl.com/image/private/f_auto,q_auto/league/qpxvrcfvbexqwzgf0p3b",,,,,,
1983,NO,WR,WR,0,ACT,Lindsay Scott,Lindsay,Scott,1960-12-06,73,190,,,,,,,,,,,,"https://static.www.nfl.com/image/private/f_auto,q_auto/league/udqiw64tohipduldyn2l",,,,,,
1983,NO,WR,WR,0,ACT,Tyrone Young,Tyrone,Young,1960-04-29,78,190,,,,,,,,,,,,"https://static.www.nfl.com/image/private/f_auto,q_auto/league/cbqo2w2bljp0uljb1lmc",,,,,,
1983,NYG,DB,S,0,ACT,Bill Currier,William,Currier,1955-01-05,72,202,,,,,,,,,,,,"https://static.www.nfl.com/image/private/f_auto,q_auto/league/fpotm4uxyeae6kwofhbu",,,,,,
1983,NYG,DB,CB,0,ACT,Mike Dennis,Michael,Dennis,1958-06-06,70,190,,,,,,,,,,,,"https://static.www.nfl.com/image/private/f_auto,q_auto/league/su0zom0gsngx0hyh3b6l",,,,,,
1983,NYG,DB,DB,0,ACT,Larry Flowers,Larry,Flowers,1958-04-19,73,190,,,,,,,,,,,,"https://static.www.nfl.com/image/private/f_auto,q_auto/league/ivazho1lnqycqdjpkmh4",,,,,,
1983,NYG,DB,CB,0,ACT,Mark Haynes,Mark,Haynes,1958-11-06,71,185,,,,,,,,,,,,"https://static.www.nfl.com/image/private/f_auto,q_auto/league/wuytgmd5un2jxb1v7oxx",,,,,,
1983,NYG,DB,CB,0,ACT,Terry Jackson,Terence,Jackson,1955-12-09,70,187,,,,,,,,,,,,"https://static.www.nfl.com/image/private/f_auto,q_auto/league/uv2rctwhuind7nmv982i",,,,,,
1983,NYG,DB,FS,0,ACT,Terry Kinard,Alfred,Kinard,1959-11-24,73,190,,,,,,,,,,,,"https://static.www.nfl.com/image/private/f_auto,q_auto/league/xfndf06pcqwa7vhsj5ki",,,,,,
1983,NYG,DB,DB,0,ACT,Mike Mayock,Michael,Mayock,1958-08-14,74,195,,,,,,,,,,,,"https://static.www.nfl.com/image/private/f_auto,q_auto/league/vdvqigyzckjnbve9xuoi",,,,,,
1983,NYG,DB,DB,0,ACT,LeCharls McDaniel,LeCharls,McDaniel,1958-10-15,69,169,,,,,,,,,,,,"https://static.www.nfl.com/image/private/f_auto,q_auto/league/iqp0k7jsjfp4swmzle0n",,,,,,
1983,NYG,DB,FS,0,TRD,Beasley Reece,Beasley,Reece,1954-03-18,73,186,,,,,,,,,,,,"https://static.www.nfl.com/image/private/f_auto,q_auto/league/aico9qbjpquu8iclx3rx",,,,,,
1983,NYG,DB,S,0,ACT,Pete Shaw,Kenneth,Shaw,1954-08-25,70,183,,,,,,,,,,,,"https://static.www.nfl.com/image/private/f_auto,q_auto/league/fvhxbafo6auqwhdhvpt7",,,,,,
1983,SF,RB,RB,0,ACT,Dana McLemore,Dana,McLemore,1960-07-01,70,183,,,,,,,,,,,,"https://static.www.nfl.com/image/private/f_auto,q_auto/league/qqo8bmobqyqgtxxkbqkw",,,,,,
1983,NYG,DL,DE,0,ACT,Charles Cook,Charles,Cook,1959-05-13,75,255,,,,,,,,,,,,"https://static.www.nfl.com/image/private/f_auto,q_auto/league/usbw5klbuk23cgf0vkij",,,,,,
1983,NYG,DL,DE,0,ACT,Dee Hardison,William,Hardison,1956-05-02,76,269,,,,,,,,,,,,"https://static.www.nfl.com/image/private/f_auto,q_auto/league/rkqigdbrbqj5aikgkzaj",,,,,,
1983,SD,OL,G,0,ACT,Doug Wilkerson,Douglas,Wilkerson,1947-03-27,75,253,,,,,,,,,,,,"https://static.www.nfl.com/image/private/f_auto,q_auto/league/mqcwnq2zwolsrazxbvpk",,,,,,
1983,NYG,DL,DE,0,ACT,George Martin,George,Martin,1953-02-16,76,245,,,,,,,,,,,,"https://static.www.nfl.com/image/private/f_auto,q_auto/league/zekzxk5hqy8gvdsdymr4",,,,,,
1983,SD,QB,QB,0,ACT,Ed Luther,Edward,Luther,1957-01-02,75,206,,,,,,,,,,,,"https://static.www.nfl.com/image/private/f_auto,q_auto/league/p8bumbsjftk9d56tszhc",,,,,,
1983,NYG,DL,DE,0,ACT,Casey Merrill,Richard,Merrill,1957-07-16,76,254,,,,,,,,,,,,"https://static.www.nfl.com/image/private/f_auto,q_auto/league/btz9hops7fxztsbch21h",,,,,,
1983,NYG,DL,NT,0,ACT,Bill Neill,William,Neill,1959-03-15,76,255,,,,,,,,,,,,"https://static.www.nfl.com/image/private/f_auto,q_auto/league/f4lqeskxzloidqvrckjn",,,,,,
1983,NYG,DL,NT,0,ACT,Jerome Sally,Jerome,Sally,1959-02-24,75,260,,,,,,,,,,,,"https://static.www.nfl.com/image/private/f_auto,q_auto/league/mddp8sbamss6inv9gk5r",,,,,,
1983,NYG,LB,ILB,0,ACT,Harry Carson,Harold,Carson,1953-11-26,74,228,,,,,,,,,,,,"https://static.www.nfl.com/image/private/f_auto,q_auto/league/pwg5h5pd6vfhmqqqizvz",,,,,,
1983,SD,RB,RB,0,ACT,Jim Jodat,James,Jodat,1954-03-03,71,210,,,,,,,,,,,,"https://static.www.nfl.com/image/private/f_auto,q_auto/league/xogolo98ozdofs4yhdvt",,,,,,
1983,NYG,LB,LB,0,ACT,Andy Headen,Andrew,Headen,1960-07-08,77,230,,,,,,,,,,,,"https://static.www.nfl.com/image/private/f_auto,q_auto/league/b3xbajywhaalublid15g",,,,,,
1983,SD,RB,RB,0,ACT,Sherman Smith,Sherman,Smith,1954-11-01,76,225,,,,,,,,,,,,"https://static.www.nfl.com/image/private/f_auto,q_auto/league/oeqryaldcdsgduzeqnx1",,,,,,
1983,NYG,LB,ILB,0,ACT,Brian Kelley,Brian,Kelley,1951-09-01,75,230,,,,,,,,,,,,"https://static.www.nfl.com/image/private/f_auto,q_auto/league/bpuswrkix01o7jy1ktdb",,,,,,
1983,NYG,LB,LB,0,ACT,Frank Marion,Frank,Marion,1951-03-16,75,227,,,,,,,,,,,,"https://static.www.nfl.com/image/private/f_auto,q_auto/league/zqcnlgfusp4mkml7l5ef",,,,,,
1983,NYG,LB,ILB,0,ACT,Joe McLaughlin,Joseph,McLaughlin,1957-07-01,73,235,,,,,,,,,,,,"https://static.www.nfl.com/image/private/f_auto,q_auto/league/tjmrpj0nuqtknmplv2np",,,,,,
1983,SD,TE,TE,0,ACT,Eric Sievers,Eric,Sievers,1957-11-09,76,236,,,,,,,,,,,,"https://static.www.nfl.com/image/private/f_auto,q_auto/league/wy2fwgtut1e5scsyb5ib",,,,,,
1983,NYG,LB,OLB,0,ACT,Brad Van Pelt,Bradley,Van Pelt,1951-04-05,77,235,,,,,,,,,,,,"https://static.www.nfl.com/image/private/f_auto,q_auto/league/mfnxwgcg8jpfws6ufyl4",,,,,,
1983,SD,WR,WR,0,ACT,Roger Carr,Roger,Carr,1952-07-01,75,200,,,,,,,,,,,,"https://static.www.nfl.com/image/private/f_auto,q_auto/league/hqmqcxmzrcolwumodd6u",,,,,,
1983,SD,WR,WR,0,ACT,Wes Chandler,Wesley,Chandler,1956-08-22,72,186,,,,,,,,,,,,"https://static.www.nfl.com/image/private/f_auto,q_auto/league/iyfdyzhifflqyiuywv25",,,,,,
1983,SD,WR,WR,0,ACT,Bobby Duckworth,Bobby,Duckworth,1958-11-27,75,198,,,,,,,,,,,,"https://static.www.nfl.com/image/private/f_auto,q_auto/league/gi3fqtjcna8ak8jxjxqt",,,,,,
1983,SD,WR,WR,0,ACT,Hosea Fortune,Hosea,Fortune,1959-03-04,72,174,,,,,,,,,,,,"https://static.www.nfl.com/image/private/f_auto,q_auto/league/sf3zmeldswmis6wt6a0e",,,,,,
1983,SD,WR,WR,0,ACT,Charlie Joiner,Charles,Joiner,1947-10-14,71,188,,,,,,,,,,,,"https://static.www.nfl.com/image/private/f_auto,q_auto/league/rvnwuud1omemquowcor7",,,,,,
1983,SD,WR,WR,0,ACT,Dwight Scales,Dwight,Scales,1953-05-30,74,182,,,,,,,,,,,,"https://static.www.nfl.com/image/private/f_auto,q_auto/league/lhpspwwnak7yurccq3nj",,,,,,
1983,PHI,QB,QB,0,ACT,Joe Pisarcik,Joseph,Pisarcik,1952-07-02,76,220,,,,,,,,,,,,"https://static.www.nfl.com/image/private/f_auto,q_auto/league/pbwswfziizv3njt5ouqd",,,,,,
1983,NYG,OL,OT,0,ACT,Gordon King,Gordon,King,1956-02-03,78,275,,,,,,,,,,,,"https://static.www.nfl.com/image/private/f_auto,q_auto/league/mx9zu6lffuepv7ymy6ja",,,,,,
1983,SEA,DB,S,0,ACT,Kenny Easley,Kenneth,Easley,1959-01-15,75,206,,,,,,,,,,,,"https://static.www.nfl.com/image/private/f_auto,q_auto/league/acj2ycvkxytlvzjdjucv",,,,,,
1983,NYG,OL,OT,0,ACT,John Tautolo,John,Tautolo,1959-05-29,75,260,,,,,,,,,,,,"https://static.www.nfl.com/image/private/f_auto,q_auto/league/iskxsyonrghscl45nf83",,,,,,
1983,NYG,OL,G,0,ACT,J.T. Turner,James,Turner,1953-04-17,75,250,,,,,,,,,,,,"https://static.www.nfl.com/image/private/f_auto,q_auto/league/ibuxo2qi6xiitqcv6k7e",,,,,,
1983,SEA,DB,CB,0,ACT,Kerry Justin,Kerry,Justin,1955-05-03,71,175,,,,,,,,,,,,"https://static.www.nfl.com/image/private/f_auto,q_auto/league/a4aa9bivllpzgvkrw2dj",,,,,,
1983,NYG,QB,QB,0,ACT,Scott Brunner,Scott,Brunner,1957-03-24,77,200,,,,,,,,,,,,"https://static.www.nfl.com/image/private/f_auto,q_auto/league/ozvipaqr9w5xzlermqga",,,,,,
1983,PHI,SPEC,K,0,ACT,Tony Franklin,Anthony,Franklin,1956-11-18,68,182,,,,,,,,,,,,"https://static.www.nfl.com/image/private/f_auto,q_auto/league/kdny8zuuw6bziazg2zs5",,,,,,
1983,PHI,SPEC,P,0,ACT,Max Runager,Max,Runager,1956-03-24,73,189,,,,,,,,,,,,"https://static.www.nfl.com/image/private/f_auto,q_auto/league/dcwffqpvrylp9q9yabjo",,,,,,
1983,PHI,SPEC,P,0,ACT,Tom Skladany,Thomas,Skladany,1955-06-29,72,192,,,,,,,,,,,,"https://static.www.nfl.com/image/private/f_auto,q_auto/league/otpkkxcsss2hseqamdwh",,,,,,
1983,PHI,TE,TE,0,ACT,Al Dixon,Albert,Dixon,1954-04-05,77,220,,,,,,,,,,,,"https://static.www.nfl.com/image/private/f_auto,q_auto/league/jnagwfswvpvhloplqv4o",,,,,,
1983,SEA,DL,DE,0,ACT,Darrell Irvin,Darrell,Irvin,1957-01-21,76,259,,,,,,,,,,,,"https://static.www.nfl.com/image/private/f_auto,q_auto/league/kq8ijcq7nhpu6uvjelil",,,,,,
1983,STL,LB,LB,0,ACT,Paul Davis,Paul,Davis,1958-07-10,74,221,,,,,,,,,,,,"https://static.www.nfl.com/image/private/f_auto,q_auto/league/bx067qjh7c1cprnx6qpd",,,,,,
1983,NYG,RB,RB,0,ACT,Larry Heater,Larry,Heater,1958-01-09,71,205,,,,,,,,,,,,"https://static.www.nfl.com/image/private/f_auto,q_auto/league/zq3j6yvsomkh2geskoie",,,,,,
1983,SEA,LB,LB,0,ACT,Jerome Boyd,Jerome,Boyd,1961-09-18,74,225,,,,,,,,,,,,"https://static.www.nfl.com/image/private/f_auto,q_auto/league/zt7mwwywdefeh5ztt2sg",,,,,,
1983,NYG,RB,RB,0,ACT,John Tuggle,John,Tuggle,1961-01-13,73,210,,,,,,,,,,,,"https://static.www.nfl.com/image/private/f_auto,q_auto/league/netnwlnx0cixe14no0jo",,,,,,
1983,NYG,RB,RB,0,ACT,Butch Woolfolk,Harold,Woolfolk,1960-03-01,73,207,,,,,,,,,,,,"https://static.www.nfl.com/image/private/f_auto,q_auto/league/ighcwwwvcf3kwrcmysy2",,,,,,
1983,NYG,SPEC,K,0,ACT,Ali Haji-Sheikh,Ali,Haji-Sheikh,1961-01-11,72,172,,,,,,,,,,,,"https://static.www.nfl.com/image/private/f_auto,q_auto/league/zquhcwq63dom3pblyou7",,,,,,
1983,NYG,SPEC,P,0,ACT,Dave Jennings,David,Jennings,1952-06-08,76,215,,,,,,,,,,,,"https://static.www.nfl.com/image/private/f_auto,q_auto/league/cyz1jmnzrjkhirfdnakm",,,,,,
1983,SEA,LB,LB,0,TRC,Ken McAlister,Kenneth,McAlister,1960-04-15,77,210,,,,,,,,,,,,"https://static.www.nfl.com/image/private/f_auto,q_auto/league/ytscrhrkxicxbqbcxg9g",,,,,,
1983,SEA,LB,LB,0,ACT,Sam Merriman,Samuel,Merriman,1961-05-05,75,225,,,,,,,,,,,,"https://static.www.nfl.com/image/private/f_auto,q_auto/league/ztkwpn0nsvxlkju5aarz",,,,,,
1983,SEA,LB,ILB,0,ACT,Joe Norman,Josef,Norman,1956-10-15,73,220,,,,,,,,,,,,"https://static.www.nfl.com/image/private/f_auto,q_auto/league/ho5z0oq6uvlxipqsgqcx",,,,,,
1983,SEA,LB,ILB,0,ACT,Shelton Robinson,Shelton,Robinson,1960-09-14,74,233,,,,,,,,,,,,"https://static.www.nfl.com/image/private/f_auto,q_auto/league/mnbjdvu00ykuct3z3bi1",,,,,,
1983,NYG,WR,WR,0,ACT,Earnest Gray,Earnest,Gray,1957-03-02,75,195,,,,,,,,,,,,"https://static.www.nfl.com/image/private/f_auto,q_auto/league/kmfjk0q9b5zcdvwkl1b0",,,,,,
1983,NYG,WR,WR,0,ACT,Keith Hugger,Keith,Hugger,1961-05-18,71,175,,,,,,,,,,,,"https://static.www.nfl.com/image/private/f_auto,q_auto/league/kuamrmkuyftx5hcczpz7",,,,,,
1983,NYG,WR,WR,0,ACT,Mike Miller,Michael,Miller,1959-12-29,71,182,,,,,,,,,,,,"https://static.www.nfl.com/image/private/f_auto,q_auto/league/hdefkuuboys59xc9akmc",,,,,,
1983,NYG,WR,WR,0,ACT,John Mistler,John,Mistler,1958-10-28,74,186,,,,,,,,,,,,"https://static.www.nfl.com/image/private/f_auto,q_auto/league/mus448t57bnypzwmns38",,,,,,
1983,NYG,WR,WR,0,ACT,Johnny Perkins,John,Perkins,1953-04-21,74,205,,,,,,,,,,,,"https://static.www.nfl.com/image/private/f_auto,q_auto/league/jgcwwaccje1rgajxzcqr",,,,,,
1983,NYG,WR,WR,0,TRT,Danny Pittman,Danny,Pittman,1958-04-03,74,205,,,,,,,,,,,,"https://static.www.nfl.com/image/private/f_auto,q_auto/league/shksqdtvao3vtitehust",,,,,,
1983,NYG,WR,WR,0,ACT,Byron Williams,Byron,Williams,1960-10-31,74,177,,,,,,,,,,,,"https://static.www.nfl.com/image/private/f_auto,q_auto/league/inke3ouslcp7wizbrm1a",,,,,,
1983,NYJ,DB,CB,0,ACT,Jerry Holmes,Jerry,Holmes,1957-12-22,74,175,,,,,,,,,,,,"https://static.www.nfl.com/image/private/f_auto,q_auto/league/ga3kpvmuvtkhegnwh2ap",,,,,,
1983,NYJ,DB,CB,0,ACT,Bobby Jackson,Robert,Jackson,1956-12-23,69,175,,,,,,,,,,,,"https://static.www.nfl.com/image/private/f_auto,q_auto/league/cxeawqlwnp20i2hlc7yn",,,,,,
1983,PIT,DL,DE,0,ACT,John Goodman,John,Goodman,1958-11-21,78,250,,,,,,,,,,,,"https://static.www.nfl.com/image/private/f_auto,q_auto/league/taex0s4c9cytc8djfxvw",,,,,,
1983,PIT,DL,NT,0,ACT,Ed Nelson,Edmund,Nelson,1960-04-30,75,247,,,,,,,,,,,,"https://static.www.nfl.com/image/private/f_auto,q_auto/league/fgorbcry6qyqrvbefpxc",,,,,,
1983,WAS,TE,TE,0,ACT,Rick Walker,Richard,Walker,1955-05-28,76,235,,,,,,,,,,,,"https://static.www.nfl.com/image/private/f_auto,q_auto/league/dldwph63ufl914k1wc1h",,,,,,
1983,NYJ,DB,FS,0,ACT,Darrol Ray,Darrol,Ray,1958-06-25,73,206,,,,,,,,,,,,"https://static.www.nfl.com/image/private/f_auto,q_auto/league/zqe3kcwejm43j9v9rnuh",,,,,,
1983,NYJ,DB,S,0,ACT,Ken Schroy,Kenneth,Schroy,1952-09-22,74,198,,,,,,,,,,,,"https://static.www.nfl.com/image/private/f_auto,q_auto/league/a4havjwkqzrvde5fzabc",,,,,,
1983,NYJ,DB,DB,0,ACT,Kirk Springs,Kirk,Springs,1958-08-16,72,192,,,,,,,,,,,,"https://static.www.nfl.com/image/private/f_auto,q_auto/league/ysefqcz1uv9xphhuatxj",,,,,,
1983,NYJ,DL,NT,0,ACT,Barry Bennett,Barry,Bennett,1955-12-10,76,257,,,,,,,,,,,,"https://static.www.nfl.com/image/private/f_auto,q_auto/league/bi0r7ofp1erbjhx6sxjx",,,,,,
1983,NYJ,DL,DE,0,ACT,Mark Gastineau,Marcus,Gastineau,1956-11-20,77,253,,,,,,,,,,,,"https://static.www.nfl.com/image/private/f_auto,q_auto/league/nxairn7j3zdh7a0fohzi",,,,,,
1983,PIT,LB,ILB,0,ACT,Jack Lambert,John,Lambert,1952-07-08,76,215,,,,,,,,,,,,"https://static.www.nfl.com/image/private/f_auto,q_auto/league/vvtzut8dhtj3e4edj5a0",,,,,,
1983,NYJ,DL,DT,0,ACT,Joe Klecko,Joseph,Klecko,1953-10-15,75,256,,,,,,,,,,,,"https://static.www.nfl.com/image/private/f_auto,q_auto/league/js0y8susc4eshbwbuhbl",,,,,,
1983,NYJ,DL,DT,0,ACT,Marty Lyons,Martin,Lyons,1957-01-05,77,269,,,,,,,,,,,,"https://static.www.nfl.com/image/private/f_auto,q_auto/league/hprxq5lkptsmwc9gvree",,,,,,
1983,SEA,RB,RB,0,ACT,Eric Lane,Eric,Lane,1959-01-06,72,195,,,,,,,,,,,,"https://static.www.nfl.com/image/private/f_auto,q_auto/league/sec35yn1ave7gnarxnpj",,,,,,
1983,PIT,OL,G,0,ACT,Emil Boures,Emil,Boures,1960-01-29,73,262,,,,,,,,,,,,"https://static.www.nfl.com/image/private/f_auto,q_auto/league/vpb7besojropzsxkiz2z",,,,,,
1983,NYJ,DL,DT,0,ACT,Abdul Salaam,Abdul,Salaam,1953-02-12,75,262,,,,,,,,,,,,"https://static.www.nfl.com/image/private/f_auto,q_auto/league/yky3y6xwrmk19tkmvd9s",,,,,,
1983,NYJ,LB,MLB,0,ACT,Stan Blinka,Stanley,Blinka,1957-04-29,74,230,,,,,,,,,,,,"https://static.www.nfl.com/image/private/f_auto,q_auto/league/qqveshb5mybehnfrm9vx",,,,,,
1983,PIT,OL,G,0,ACT,Rick Donnalley,William,Donnalley,1958-12-11,74,247,,,,,,,,,,,,"https://static.www.nfl.com/image/private/f_auto,q_auto/league/za0uzp1gumscwci4vjat",,,,,,
1983,NYJ,LB,MLB,0,ACT,Bob Crable,Robert,Crable,1959-09-22,75,228,,,,,,,,,,,,"https://static.www.nfl.com/image/private/f_auto,q_auto/league/alg9mx8tud0lqi7mds9n",,,,,,
1983,PIT,OL,G,0,TRD,Mark Kirchner,Mark,Kirchner,1959-10-19,75,261,,,,,,,,,,,,"https://static.www.nfl.com/image/private/f_auto,q_auto/league/aprjnyberbyeze4ulmtn",,,,,,
1983,NYJ,LB,LB,0,ACT,Jim Eliopulos,James,Eliopulos,1959-04-18,74,230,,,,,,,,,,,,"https://static.www.nfl.com/image/private/f_auto,q_auto/league/bq8u9cf8v4ln3ic1uhwv",,,,,,
1983,NYJ,LB,OLB,0,ACT,Lance Mehl,Lance,Mehl,1958-02-14,75,235,,,,,,,,,,,,"https://static.www.nfl.com/image/private/f_auto,q_auto/league/va2aui35g9imn9nqogbt",,,,,,
1983,NYJ,LB,OLB,0,ACT,John Woodring,John,Woodring,1959-04-04,74,232,,,,,,,,,,,,"https://static.www.nfl.com/image/private/f_auto,q_auto/league/baq2gsgyv7whyrjwvx4q",,,,,,
1983,SEA,WR,WR,0,ACT,Byron Walker,Byron,Walker,1960-07-28,76,190,,,,,,,,,,,,"https://static.www.nfl.com/image/private/f_auto,q_auto/league/r13d9t4u5sjrfmxycw5w",,,,,,
1983,PIT,QB,QB,0,ACT,Terry Bradshaw,Terry,Bradshaw,1948-09-02,75,215,,,,,,,,,,,,"https://static.www.nfl.com/image/private/f_auto,q_auto/league/xmjv8lqrxaspc8joz0v4",,,,,,
1983,NYJ,OL,C,0,ACT,Joe Fields,Joseph,Fields,1953-11-14,74,250,,,,,,,,,,,,"https://static.www.nfl.com/image/private/f_auto,q_auto/league/o14fm4kupqriubvpdh0q",,,,,,
1983,NYJ,OL,C,0,ACT,George Lilja,George,Lilja,1958-03-03,76,250,,,,,,,,,,,,"https://static.www.nfl.com/image/private/f_auto,q_auto/league/zlknuypoqmom8fspl0rl",,,,,,
1983,PIT,RB,RB,0,ACT,Walter Abercrombie,Walter,Abercrombie,1959-09-26,72,201,,,,,,,,,,,,"https://static.www.nfl.com/image/private/f_auto,q_auto/league/pydzhyktsi8fx5mxiybr",,,,,,
1983,NYJ,OL,G,0,ACT,Joseph Pellegrini,Joseph,Pellegrini,1957-04-08,76,252,,,,,,,,,,,,"https://static.www.nfl.com/image/private/f_auto,q_auto/league/i5qs8nncyahid0qbna15",,,,,,
1983,SF,DB,S,0,ACT,Bobby Leopold,Leroy,Leopold,1957-10-18,73,215,,,,,,,,,,,,"https://static.www.nfl.com/image/private/f_auto,q_auto/league/kgejqfrgw2o3xqehlgrj",,,,,,
1983,NYJ,OL,G,0,ACT,Stan Waldemore,Stanley,Waldemore,1955-02-20,76,269,,,,,,,,,,,,"https://static.www.nfl.com/image/private/f_auto,q_auto/league/uwdo9l66vskbv0gjutj3",,,,,,
1983,SF,DB,S,0,ACT,Carlton Williamson,Carlton,Williamson,1958-06-12,72,204,,,,,,,,,,,,"https://static.www.nfl.com/image/private/f_auto,q_auto/league/rlqmg1nlp9ux9fw4umaq",,,,,,
1983,SF,DB,CB,0,ACT,Eric Wright,Eric,Wright,1959-04-18,73,180,,,,,,,,,,,,"https://static.www.nfl.com/image/private/f_auto,q_auto/league/pso9hibzg2awe7busttp",,,,,,
1983,SF,DL,DE,0,ACT,Dwaine Board,Dwaine,Board,1956-11-29,77,241,,,,,,,,,,,,"https://static.www.nfl.com/image/private/f_auto,q_auto/league/tcuqiltxnpkr2kaonvgn",,,,,,
1983,NYJ,QB,QB,0,ACT,Richard Todd,Carl,Todd,1953-11-19,74,210,,,,,,,,,,,,"https://static.www.nfl.com/image/private/f_auto,q_auto/league/t4h6eqguru0fe5prcbo7",,,,,,
1983,PIT,TE,TE,0,ACT,Bennie Cunningham,Bennie,Cunningham,1954-12-23,77,260,,,,,,,,,,,,"https://static.www.nfl.com/image/private/f_auto,q_auto/league/x2yyg64ukdf2rbi7ucgs",,,,,,
1983,NYJ,RB,RB,0,ACT,Marion Barber,Marion,Barber,1959-12-06,75,224,,,,,,,,,,,,"https://static.www.nfl.com/image/private/f_auto,q_auto/league/nn7h2i4kz9eag0dvxv09",,,,,,
1983,NYJ,RB,RB,0,TRD,Dwayne Crutchfield,Dwayne,Crutchfield,1959-09-30,72,245,,,,,,,,,,,,"https://static.www.nfl.com/image/private/f_auto,q_auto/league/mferg8gwzcpt5f8milva",,,,,,
1983,NYJ,RB,RB,0,ACT,Scott Dierking,Scott,Dierking,1955-05-24,70,215,,,,,,,,,,,,"https://static.www.nfl.com/image/private/f_auto,q_auto/league/nm43imvhhgqxcj79i6qj",,,,,,
1983,NYJ,RB,RB,0,ACT,Bruce Harper,Bruce,Harper,1955-06-20,68,174,,,,,,,,,,,,"https://static.www.nfl.com/image/private/f_auto,q_auto/league/onfg0i2gzwpjpbaxs34u",,,,,,
1983,SF,DL,DE,0,ACT,Jim Stuckey,James,Stuckey,1958-06-21,76,251,,,,,,,,,,,,"https://static.www.nfl.com/image/private/f_auto,q_auto/league/zrrqkqyx5cdin2ceu88u",,,,,,
1983,SF,LB,LB,0,ACT,Dan Bunz,Danny,Bunz,1955-10-07,76,230,,,,,,,,,,,,"https://static.www.nfl.com/image/private/f_auto,q_auto/league/yo1bxhfhismbea3g71wp",,,,,,
1983,NYJ,RB,RB,0,ACT,Kenny Lewis,Kenneth,Lewis,1957-10-02,72,190,,,,,,,,,,,,"https://static.www.nfl.com/image/private/f_auto,q_auto/league/xwpquucaxdhqfp6mkjom",,,,,,
1983,SF,LB,LB,0,ACT,Ron Ferrari,Ronald,Ferrari,1959-07-30,72,212,,,,,,,,,,,,"https://static.www.nfl.com/image/private/f_auto,q_auto/league/i09l5lajzdbmab3dqnn8",,,,,,
1983,SF,LB,OLB,0,ACT,Willie Harper,Willie,Harper,1950-07-30,74,215,,,,,,,,,,,,"https://static.www.nfl.com/image/private/f_auto,q_auto/league/jrulqxxzje3ljj6mitdq",,,,,,
1983,SF,LB,LB,0,ACT,Bob Horn,Robert,Horn,1954-02-06,75,235,,,,,,,,,,,,"https://static.www.nfl.com/image/private/f_auto,q_auto/league/dinf0cwrpffn4a5umk6m",,,,,,
1983,NYJ,TE,TE,0,ACT,Jerome Barkum,Jerome,Barkum,1950-07-18,75,218,,,,,,,,,,,,"https://static.www.nfl.com/image/private/f_auto,q_auto/league/srtu2wycavvwrrfsk15w",,,,,,
1983,NYJ,TE,TE,0,ACT,Tom Coombs,Thomas,Coombs,1959-05-31,75,236,,,,,,,,,,,,"https://static.www.nfl.com/image/private/f_auto,q_auto/league/jtcuskvrnrshe1cnrwlg",,,,,,
1983,RAI,DB,CB,0,ACT,Mike Haynes,Michael,Haynes,1953-07-01,74,189,,,,,,,,,,,,"https://static.www.nfl.com/image/private/f_auto,q_auto/league/ettsvjeegh7sxuajvy1m",,,,,,
1983,NYJ,WR,WR,0,ACT,Preston Brown,Preston,Brown,1958-03-02,70,184,,,,,,,,,,,,"https://static.www.nfl.com/image/private/f_auto,q_auto/league/e04o7zvw3bnc9exs7txz",,,,,,
1983,NYJ,WR,WR,0,ACT,Nick Bruckner,Nicholas,Bruckner,1961-05-19,71,185,,,,,,,,,,,,"https://static.www.nfl.com/image/private/f_auto,q_auto/league/ufgilxjgotc8czdr18qm",,,,,,
1983,NYJ,WR,WR,0,ACT,Derrick Gaffney,Derrick,Gaffney,1955-05-24,73,175,,,,,,,,,,,,"https://static.www.nfl.com/image/private/f_auto,q_auto/league/pgxg8ebvgn5y6nl4h3lx",,,,,,
1983,NYJ,WR,WR,0,ACT,Mike Harmon,Michael,Harmon,1961-07-24,72,185,,,,,,,,,,,,"https://static.www.nfl.com/image/private/f_auto,q_auto/league/sy0i35rrjs2sjtuawijh",,,,,,
1983,NYJ,WR,WR,0,ACT,Lam Jones,John,Jones,1958-04-04,71,180,,,,,,,,,,,,"https://static.www.nfl.com/image/private/f_auto,q_auto/league/duqztee5c98pze6nf1mg",,,,,,
1983,SF,OL,G,0,ACT,John Choma,John,Choma,1955-02-09,77,261,,,,,,,,,,,,"https://static.www.nfl.com/image/private/f_auto,q_auto/league/zl2pjk1ppvcjwakmm76t",,,,,,
1983,SF,OL,G,0,ACT,Randy Cross,Randall,Cross,1954-04-25,75,265,,,,,,,,,,,,"https://static.www.nfl.com/image/private/f_auto,q_auto/league/yj8f9wfdh1iwht2fitio",,,,,,
1983,PHI,DB,CB,0,ACT,Herman Edwards,Herman,Edwards,1954-04-27,72,194,,,,,,,,,,,,"https://static.www.nfl.com/image/private/f_auto,q_auto/league/ibrkwyhfrh7rzzmvwroq",,,,,,
1983,PHI,DB,S,0,ACT,Ray Ellis,Kerwin,Ellis,1959-04-27,73,192,,,,,,,,,,,,"https://static.www.nfl.com/image/private/f_auto,q_auto/league/tbggppiguvwlg0bya08w",,,,,,
1983,PHI,DB,DB,0,ACT,Elbert Foules,Elbert,Foules,1961-07-04,71,185,,,,,,,,,,,,"https://static.www.nfl.com/image/private/f_auto,q_auto/league/nnbfrskdgyi7ypjd97al",,,,,,
1983,TB,QB,QB,0,ACT,Bob Hewko,Robert,Hewko,1960-06-08,75,195,,,,,,,,,,,,"https://static.www.nfl.com/image/private/f_auto,q_auto/league/bljjqiuud94obk66bkx7",,,,,,
1983,SF,OL,C,0,ACT,Fred Quillan,Frederick,Quillan,1956-01-27,77,240,,,,,,,,,,,,"https://static.www.nfl.com/image/private/f_auto,q_auto/league/sptbot43srrlro1gssxx",,,,,,
1983,PHI,DB,DB,0,ACT,John Sciarra,John,Sciarra,1954-03-02,71,185,,,,,,,,,,,,"https://static.www.nfl.com/image/private/f_auto,q_auto/league/fg5k3wupn2loriebizjh",,,,,,
1983,PHI,DB,FS,0,ACT,Brenard Wilson,Brenard,Wilson,1955-08-15,72,175,,,,,,,,,,,,"https://static.www.nfl.com/image/private/f_auto,q_auto/league/hce21857wrelh3i2nftd",,,,,,
1983,PHI,DB,CB,0,ACT,Roynell Young,Roynell,Young,1957-12-01,73,181,,,,,,,,,,,,"https://static.www.nfl.com/image/private/f_auto,q_auto/league/hvktkgzkeehawtdrpiqk",,,,,,
1983,PHI,DL,NT,0,ACT,Harvey Armstrong,Harvey,Armstrong,1959-12-29,75,255,,,,,,,,,,,,"https://static.www.nfl.com/image/private/f_auto,q_auto/league/tct78p4lncnmdn2hexhz",,,,,,
1983,PHI,DL,DE,0,ACT,Greg Brown,Gregory,Brown,1957-01-05,77,235,,,,,,,,,,,,"https://static.www.nfl.com/image/private/f_auto,q_auto/league/b4ihhkdg06l0j2hbfaff",,,,,,
1983,SD,OL,G,0,ACT,Derrel Gofourth,Derrel,Gofourth,1955-03-20,75,260,,,,,,,,,,,,"https://static.www.nfl.com/image/private/f_auto,q_auto/league/e57wotrv96vihozny3r0",,,,,,
1983,TB,RB,RB,0,ACT,James Wilder,James,Wilder,1958-05-12,75,225,,,,,,,,,,,,"https://static.www.nfl.com/image/private/f_auto,q_auto/league/afnn71ljk6s12c7eu0dp",,,,,,
1983,SF,RB,RB,0,ACT,Carl Monroe,Carl,Monroe,1960-02-20,68,166,,,,,,,,,,,,"https://static.www.nfl.com/image/private/f_auto,q_auto/league/vkd8i4yrx9l0si81ufu2",,,,,,
1983,SF,RB,RB,0,ACT,Jeff Moore,Jeffrey,Moore,1956-08-20,72,195,,,,,,,,,,,,"https://static.www.nfl.com/image/private/f_auto,q_auto/league/a397izhg2k2pw2yh2pdo",,,,,,
1983,SF,RB,RB,0,ACT,Bill Ring,William,Ring,1956-12-13,70,215,,,,,,,,,,,,"https://static.www.nfl.com/image/private/f_auto,q_auto/league/c7kn1jj6lpu6tbrpcqwq",,,,,,
1983,SF,RB,RB,0,ACT,Wendell Tyler,Wendell,Tyler,1955-05-20,70,198,,,,,,,,,,,,"https://static.www.nfl.com/image/private/f_auto,q_auto/league/wbmygxckjzlmkjjpxt1h",,,,,,
1983,PHI,LB,ILB,0,ACT,Anthony Griggs,Anthony,Griggs,1960-02-12,75,220,,,,,,,,,,,,"https://static.www.nfl.com/image/private/f_auto,q_auto/league/ewbhsxhzl92xiyydyxog",,,,,,
1983,PHI,LB,LB,0,ACT,Rich Kraynak,Richard,Kraynak,1961-01-20,73,221,,,,,,,,,,,,"https://static.www.nfl.com/image/private/f_auto,q_auto/league/xf9wefwuwv4gs6afyjok",,,,,,
1983,SF,SPEC,K,0,ACT,Ray Wersching,Raimund,Wersching,1950-08-21,71,210,,,,,,,,,,,,"https://static.www.nfl.com/image/private/f_auto,q_auto/league/monbaa7te6wjl1c0zkjk",,,,,,
1983,PHI,LB,OLB,0,ACT,Jody Schulz,Jody,Schulz,1960-08-17,75,235,,,,,,,,,,,,"https://static.www.nfl.com/image/private/f_auto,q_auto/league/xaubadnbfyzmaezykb6n",,,,,,
1983,SF,TE,TE,0,ACT,Eason Ramson,Eason,Ramson,1956-04-30,74,239,,,,,,,,,,,,"https://static.www.nfl.com/image/private/f_auto,q_auto/league/ohbflu6qiu0lcpquot0k",,,,,,
1983,PHI,LB,OLB,0,ACT,Joel Williams,Joel,Williams,1956-12-13,73,215,,,,,,,,,,,,"https://static.www.nfl.com/image/private/f_auto,q_auto/league/dnmfkj5ll1jnibylh8na",,,,,,
1983,PHI,OL,G,0,ACT,Ron Baker,Ronald,Baker,1954-11-19,76,247,,,,,,,,,,,,"https://static.www.nfl.com/image/private/f_auto,q_auto/league/wzsl0wb0dlb4hq8cgjnd",,,,,,
1983,SF,WR,WR,0,ACT,Renaldo Nehemiah,Renaldo,Nehemiah,1959-03-24,73,177,,,,,,,,,,,,"https://static.www.nfl.com/image/private/f_auto,q_auto/league/rfzhwhd4kx5amwn2szs2",,,,,,
1983,PHI,OL,OT,0,ACT,Jim Fritzsche,James,Fritzsche,1960-10-11,80,265,,,,,,,,,,,,"https://static.www.nfl.com/image/private/f_auto,q_auto/league/xqkavqywgj5jj88zscdp",,,,,,
1983,PHI,OL,OT,0,ACT,Tom Jelesky,Thomas,Jelesky,1960-10-04,78,290,,,,,,,,,,,,"https://static.www.nfl.com/image/private/f_auto,q_auto/league/avv6w1a7eguwlxtn1run",,,,,,
1983,STL,DB,CB,0,ACT,Jeff Griffin,Jeffrey,Griffin,1958-07-19,72,185,,,,,,,,,,,,"https://static.www.nfl.com/image/private/f_auto,q_auto/league/v1i6gudbuvmqnkydsjdx",,,,,,
1983,PHI,OL,OT,0,ACT,Dean Miraldi,Dean,Miraldi,1958-04-08,77,254,,,,,,,,,,,,"https://static.www.nfl.com/image/private/f_auto,q_auto/league/uyqr4awbrrsrlalrjcwx",,,,,,
1983,PHI,OL,OT,0,ACT,Leonard Mitchell,Leonard,Mitchell,1958-10-12,79,272,,,,,,,,,,,,"https://static.www.nfl.com/image/private/f_auto,q_auto/league/kkrm9amud5mslk15kur9",,,,,,
1983,PHI,OL,C,0,ACT,Guy Morriss,Guy,Morriss,1951-05-13,76,255,,,,,,,,,,,,"https://static.www.nfl.com/image/private/f_auto,q_auto/league/fl8rfyqp5vw2p6zwlzgf",,,,,,
1983,PHI,OL,OT,0,ACT,Jerry Sisemore,Jerald,Sisemore,1951-07-16,76,265,,,,,,,,,,,,"https://static.www.nfl.com/image/private/f_auto,q_auto/league/njfc2paoymuq0fhu4z4x",,,,,,
1983,PHI,OL,C,0,ACT,Mark Slater,Mark,Slater,1955-02-01,74,257,,,,,,,,,,,,"https://static.www.nfl.com/image/private/f_auto,q_auto/league/nmszpuyjgyhdjk8zxc2x",,,,,,
1983,PHI,OL,OT,0,ACT,Stan Walters,Stanley,Walters,1948-05-27,78,275,,,,,,,,,,,,"https://static.www.nfl.com/image/private/f_auto,q_auto/league/ixowgkfjsrke1o1dizmm",,,,,,
1983,PHI,QB,QB,0,ACT,Ron Jaworski,Ronald,Jaworski,1951-03-23,74,196,,,,,,,,,,,,"https://static.www.nfl.com/image/private/f_auto,q_auto/league/aamsifwf5pezavdmdtcr",,,,,,
1983,PHI,QB,QB,0,ACT,Dan Pastorini,Dante,Pastorini,1949-05-26,74,208,,,,,,,,,,,,"https://static.www.nfl.com/image/private/f_auto,q_auto/league/mu1zq5rtlvvdlaeb4sfa",,,,,,
1983,WAS,DL,DT,0,ACT,Dave Butz,David,Butz,1950-06-23,79,280,,,,,,,,,,,,"https://static.www.nfl.com/image/private/f_auto,q_auto/league/fvcm2xjyodb6lrzjda5l",,,,,,
1983,STL,DB,DB,0,ACT,Bill Whitaker,William,Whitaker,1959-11-18,72,182,,,,,,,,,,,,"https://static.www.nfl.com/image/private/f_auto,q_auto/league/aqolsibk0ca5eyewxzft",,,,,,
1983,PHI,RB,RB,0,ACT,Michael Haddix,Michael,Haddix,1961-12-27,74,225,,,,,,,,,,,,"https://static.www.nfl.com/image/private/f_auto,q_auto/league/xq5ocihsf6ac343nbmkc",,,,,,
1983,RAI,TE,TE,0,TRD,Derrick Ramsey,Derrick,Ramsey,1956-12-23,76,220,,,,,,,,,,,,"https://static.www.nfl.com/image/private/f_auto,q_auto/league/aae8ytxqpwmqnh2gtaet",,,,,,
1983,PHI,RB,RB,0,ACT,Wilbert Montgomery,Wilbert,Montgomery,1954-09-16,70,195,,,,,,,,,,,,"https://static.www.nfl.com/image/private/f_auto,q_auto/league/hmxwi0xct7i22w1xdk14",,,,,,
1983,PHI,RB,RB,0,ACT,Hubie Oliver,Hubert,Oliver,1957-11-12,70,212,,,,,,,,,,,,"https://static.www.nfl.com/image/private/f_auto,q_auto/league/eloicwknjqw878vllqhl",,,,,,
1983,PHI,RB,RB,0,ACT,Michael Williams,Michael,Williams,1961-07-16,74,225,,,,,,,,,,,,"https://static.www.nfl.com/image/private/f_auto,q_auto/league/gwdrk7iqroxvf88o2vzl",,,,,,
1983,SEA,DB,S,0,ACT,Paul Moyer,Paul,Moyer,1961-07-26,73,201,,,,,,,,,,,,"https://static.www.nfl.com/image/private/f_auto,q_auto/league/ukp8ypitlciquw9mf0n3",,,,,,
1983,RAI,WR,WR,0,ACT,Dokie Williams,Darryl,Williams,1960-08-25,71,180,,,,,,,,,,,,"https://static.www.nfl.com/image/private/f_auto,q_auto/league/zd5ryslofca9fhhhubiu",,,,,,
1983,STL,DL,DT,0,ACT,Stafford Mays,Stafford,Mays,1958-03-13,74,242,,,,,,,,,,,,"https://static.www.nfl.com/image/private/f_auto,q_auto/league/rpnwu7puaengeyxh0wgv",,,,,,
1983,RAM,DB,S,0,ACT,Nolan Cromwell,Nolan,Cromwell,1955-01-30,73,200,,,,,,,,,,,,"https://static.www.nfl.com/image/private/f_auto,q_auto/league/ay0enkhpn1xqzybzpw9b",,,,,,
1983,STL,LB,OLB,0,ACT,Charles Baker,Charles,Baker,1957-09-26,74,217,,,,,,,,,,,,"https://static.www.nfl.com/image/private/f_auto,q_auto/league/fcwioz8vbuetynx896pq",,,,,,
1983,RAM,DB,CB,0,ACT,LeRoy Irvin,LeRoy,Irvin,1957-09-15,71,184,,,,,,,,,,,,"https://static.www.nfl.com/image/private/f_auto,q_auto/league/gzhas1ulupo9kg3uronh",,,,,,
1983,PHI,WR,WR,0,ACT,Harold Carmichael,Lee,Carmichael,1949-09-22,80,225,,,,,,,,,,,,"https://static.www.nfl.com/image/private/f_auto,q_auto/league/wefoaneozr3aqjxdl6ix",,,,,,
1983,PHI,WR,WR,0,ACT,Melvin Hoover,Melvin,Hoover,1959-09-21,72,185,,,,,,,,,,,,"https://static.www.nfl.com/image/private/f_auto,q_auto/league/av2aqvnwah80pbdvjjec",,,,,,
1983,PHI,WR,WR,0,ACT,Mike Quick,Michael,Quick,1959-05-14,74,190,,,,,,,,,,,,"https://static.www.nfl.com/image/private/f_auto,q_auto/league/pvgxk0hkyqmhu9txqmbk",,,,,,
1983,PHI,WR,WR,0,ACT,Ron Smith,Ronnie,Smith,1956-11-20,72,185,,,,,,,,,,,,"https://static.www.nfl.com/image/private/f_auto,q_auto/league/gpphkhbsxycylzidyfs5",,,,,,
1983,PHI,WR,WR,0,TRT,Byron Williams,Byron,Williams,1960-10-31,74,177,,,,,,,,,,,,"https://static.www.nfl.com/image/private/f_auto,q_auto/league/inke3ouslcp7wizbrm1a",,,,,,
1983,STL,OL,G,0,ACT,Dan Audick,Daniel,Audick,1954-11-15,75,246,,,,,,,,,,,,"https://static.www.nfl.com/image/private/f_auto,q_auto/league/sefxwap9xg1e18s9mclg",,,,,,
1983,STL,OL,G,0,ACT,Joe Bostic,Joe,Bostic,1957-04-20,75,265,,,,,,,,,,,,"https://static.www.nfl.com/image/private/f_auto,q_auto/league/yb00dd3oj0xxjwjgrgf2",,,,,,
1983,PIT,DB,DB,0,ACT,Greg Best,Gregory,Best,1960-01-14,70,185,,,,,,,,,,,,"https://static.www.nfl.com/image/private/f_auto,q_auto/league/kem04ckgbi6wjrxdkski",,,,,,
1983,STL,OL,C,0,ACT,Dan Dierdorf,Daniel,Dierdorf,1949-06-29,75,275,,,,,,,,,,,,"https://static.www.nfl.com/image/private/f_auto,q_auto/league/uuub7jyggjqvsvz3i5ka",,,,,,
1983,PIT,DB,DB,0,ACT,Harvey Clayton,Harvey,Clayton,1961-04-04,69,170,,,,,,,,,,,,"https://static.www.nfl.com/image/private/f_auto,q_auto/league/zm68ikz2n6kcsed7hw7s",,,,,,
1983,PIT,DB,FS,0,ACT,Ron Johnson,Ronald,Johnson,1956-06-08,70,200,,,,,,,,,,,,"https://static.www.nfl.com/image/private/f_auto,q_auto/league/mtuhup2wbgttoodd2joh",,,,,,
1983,PIT,DB,S,0,ACT,Donnie Shell,Donnie,Shell,1952-08-26,71,190,,,,,,,,,,,,"https://static.www.nfl.com/image/private/f_auto,q_auto/league/rycwahqk4mmbjqrux4cx",,,,,,
1983,SEA,LB,LB,0,ACT,Eugene Williams,Eugene,Williams,1960-06-15,73,220,,,,,,,,,,,,"https://static.www.nfl.com/image/private/f_auto,q_auto/league/keuv8bjrpmzf9ex8c8cf",,,,,,
1983,PIT,DB,CB,0,ACT,Eric Williams,Eric,Williams,1960-02-21,73,183,,,,,,,,,,,,"https://static.www.nfl.com/image/private/f_auto,q_auto/league/yz7fsrbuhumjehpaacjb",,,,,,
1983,PIT,DB,CB,0,ACT,Dwayne Woodruff,Dwayne,Woodruff,1957-02-18,71,198,,,,,,,,,,,,"https://static.www.nfl.com/image/private/f_auto,q_auto/league/co62nkdnjubohjizlecn",,,,,,
1983,STL,QB,QB,0,ACT,Rusty Lisch,Russell,Lisch,1956-12-21,75,213,,,,,,,,,,,,"https://static.www.nfl.com/image/private/f_auto,q_auto/league/tsixqrsmrpmqv5nluo7c",,,,,,
1983,PIT,DL,DE,0,ACT,Tom Beasley,Thomas,Beasley,1954-08-11,77,253,,,,,,,,,,,,"https://static.www.nfl.com/image/private/f_auto,q_auto/league/sncp1ceehiee4en7ywfe",,,,,,
1983,PIT,DL,NT,0,ACT,Gary Dunn,Gary,Dunn,1953-08-24,75,240,,,,,,,,,,,,"https://static.www.nfl.com/image/private/f_auto,q_auto/league/t5uj7ee9dfugqxntktiz",,,,,,
1983,PIT,DL,DE,0,ACT,Keith Gary,Keith,Gary,1959-09-14,75,255,,,,,,,,,,,,"https://static.www.nfl.com/image/private/f_auto,q_auto/league/xuxl1wooleeurd7rrffk",,,,,,
1983,WAS,TE,TE,0,ACT,Clint Didier,Clint,Didier,1959-04-04,77,240,,,,,,,,,,,,"https://static.www.nfl.com/image/private/f_auto,q_auto/league/ybov960jqtvrec2zxnfw",,,,,,
1983,RAM,LB,OLB,0,ACT,Mel Owens,Mel,Owens,1958-12-07,74,224,,,,,,,,,,,,"https://static.www.nfl.com/image/private/f_auto,q_auto/league/fehnx0dqdsjq1efecskg",,,,,,
1983,SEA,OL,G,0,ACT,Reggie McKenzie,Reginald,McKenzie,1950-07-27,76,255,,,,,,,,,,,,"https://static.www.nfl.com/image/private/f_auto,q_auto/league/gern2hgtqycgvhg2cxvk",,,,,,
1983,RAM,LB,LB,0,ACT,Eric Williams,Eric,Williams,1955-06-17,74,235,,,,,,,,,,,,"https://static.www.nfl.com/image/private/f_auto,q_auto/league/hmw93sfpqa0wkqajksvv",,,,,,
1983,PIT,LB,LB,0,ACT,Craig Bingham,Craig,Bingham,1959-09-26,74,211,,,,,,,,,,,,"https://static.www.nfl.com/image/private/f_auto,q_auto/league/diarzq7rkdewllvjiy5m",,,,,,
1983,PIT,LB,OLB,0,ACT,Robin Cole,Robin,Cole,1955-09-11,74,220,,,,,,,,,,,,"https://static.www.nfl.com/image/private/f_auto,q_auto/league/xyazrxs5lh2xjqrwavfq",,,,,,
1983,RAM,OL,G,0,ACT,Russ Bolinger,Russell,Bolinger,1954-09-10,77,255,,,,,,,,,,,,"https://static.www.nfl.com/image/private/f_auto,q_auto/league/v5vnmbkqvcfyyruztg93",,,,,,
1983,PIT,LB,LB,0,ACT,Bob Kohrs,Robert,Kohrs,1958-11-08,75,245,,,,,,,,,,,,"https://static.www.nfl.com/image/private/f_auto,q_auto/league/keugjfw75bjznf2vnuid",,,,,,
1983,RAM,OL,G,0,ACT,Kent Hill,Kent,Hill,1957-03-07,77,260,,,,,,,,,,,,"https://static.www.nfl.com/image/private/f_auto,q_auto/league/jpgb3wdvjh00on4ioi4o",,,,,,
1983,RAM,OL,OT,0,ACT,Gary Kowalski,Gary,Kowalski,1960-07-02,78,250,,,,,,,,,,,,"https://static.www.nfl.com/image/private/f_auto,q_auto/league/lwqf7kpqg9nhdhbfrwfw",,,,,,
1983,STL,WR,WR,0,ACT,Steve Bird,Steven,Bird,1960-10-20,71,171,,,,,,,,,,,,"https://static.www.nfl.com/image/private/f_auto,q_auto/league/c5af45zsdiosjhul7eax",,,,,,
1983,RAI,DB,CB,0,ACT,Ted Watts,Ted,Watts,1959-05-29,72,195,,,,,,,,,,,,"https://static.www.nfl.com/image/private/f_auto,q_auto/league/zs3gjrqccqwzaz9oe3d6",,,,,,
1983,SEA,RB,RB,0,ACT,Curt Warner,Curtis,Warner,1961-03-18,71,205,,,,,,,,,,,,"https://static.www.nfl.com/image/private/f_auto,q_auto/league/ixigsctdlqxfp14edflm",,,,,,
1983,STL,WR,WR,0,ACT,Mike Shumann,Michael,Shumann,1955-10-13,73,178,,,,,,,,,,,,"https://static.www.nfl.com/image/private/f_auto,q_auto/league/smp720viucbykr8cwbz2",,,,,,
1983,PIT,OL,G,0,ACT,Steve Courson,Stephen,Courson,1955-10-01,73,260,,,,,,,,,,,,"https://static.www.nfl.com/image/private/f_auto,q_auto/league/ita0ot6ou3xsywiazupp",,,,,,
1983,STL,WR,WR,0,ACT,Ken Thompson,Kenneth,Thompson,1958-12-06,73,178,,,,,,,,,,,,"https://static.www.nfl.com/image/private/f_auto,q_auto/league/sxe7ryag0veowkkeoafk",,,,,,
1983,TB,DB,FS,0,ACT,Cedric Brown,Cedric,Brown,1954-05-06,73,190,,,,,,,,,,,,"https://static.www.nfl.com/image/private/f_auto,q_auto/league/qviq1lffqmprehgpnlef",,,,,,
1983,SEA,TE,TE,0,ACT,Charle Young,Charle,Young,1951-02-05,76,234,,,,,,,,,,,,"https://static.www.nfl.com/image/private/f_auto,q_auto/league/jzxovblfenppxgfifcor",,,,,,
1983,PIT,OL,OT,0,ACT,Ted Petersen,Theodore,Petersen,1955-02-07,77,244,,,,,,,,,,,,"https://static.www.nfl.com/image/private/f_auto,q_auto/league/hr1d93xwawfyhw71maqn",,,,,,
1983,PIT,OL,C,0,ACT,Mike Webster,Michael,Webster,1952-03-18,73,255,,,,,,,,,,,,"https://static.www.nfl.com/image/private/f_auto,q_auto/league/dug8igmlid9ute5fqpj9",,,,,,
1983,PIT,OL,G,0,ACT,Blake Wingle,Blake,Wingle,1960-04-17,74,267,,,,,,,,,,,,"https://static.www.nfl.com/image/private/f_auto,q_auto/league/pbzfclauthvi28tf58kn",,,,,,
1983,TB,DB,DB,0,ACT,Sandy LaBeaux,Sandy,LaBeaux,1961-08-22,75,210,,,,,,,,,,,,"https://static.www.nfl.com/image/private/f_auto,q_auto/league/mns5o7cjmoue4bknqz9g",,,,,,
1983,RAM,SPEC,K,0,ACT,Mike Lansford,Michael,Lansford,1958-07-20,72,183,,,,,,,,,,,,"https://static.www.nfl.com/image/private/f_auto,q_auto/league/toh8h6q7g5vmj5mcio4b",,,,,,
1983,TB,DB,DB,0,TRT,Dwayne O'Steen,Dwayne,O'Steen,1954-12-20,73,185,,,,,,,,,,,,"https://static.www.nfl.com/image/private/f_auto,q_auto/league/hqaplh4ns5juszensbyx",,,,,,
1983,TB,DB,FS,0,ACT,Beasley Reece,Beasley,Reece,1954-03-18,73,186,,,,,,,,,,,,"https://static.www.nfl.com/image/private/f_auto,q_auto/league/aico9qbjpquu8iclx3rx",,,,,,
1983,SF,DB,S,0,ACT,Rick Gervais,Richard,Gervais,1959-11-04,71,190,,,,,,,,,,,,"https://static.www.nfl.com/image/private/f_auto,q_auto/league/upbenmehqvllro5ktq2r",,,,,,
1983,PIT,RB,RB,0,ACT,Russell Davis,Russell,Davis,1956-09-15,72,227,,,,,,,,,,,,"https://static.www.nfl.com/image/private/f_auto,q_auto/league/oejhzu91ahmb1j6bpcil",,,,,,
1983,PIT,RB,RB,0,ACT,Franco Harris,Franco,Harris,1950-03-07,74,230,,,,,,,,,,,,"https://static.www.nfl.com/image/private/f_auto,q_auto/league/ajagqtwni1q9a0lcbzwq",,,,,,
1983,PIT,RB,RB,0,ACT,Tim Harris,Timothy,Harris,1961-06-15,69,206,,,,,,,,,,,,"https://static.www.nfl.com/image/private/f_auto,q_auto/league/cq8utmaqdwr75bdumla3",,,,,,
1983,PIT,RB,RB,0,ACT,Henry Odom,Henry,Odom,1959-02-12,70,200,,,,,,,,,,,,"https://static.www.nfl.com/image/private/f_auto,q_auto/league/yvysllhvsuhkafqomvte",,,,,,
1983,PIT,RB,RB,0,ACT,Frank Pollard,Frank,Pollard,1957-06-15,70,210,,,,,,,,,,,,"https://static.www.nfl.com/image/private/f_auto,q_auto/league/osvclb4mi0mzcrenduhh",,,,,,
1983,TB,DL,DE,0,ACT,Booker Reese,Booker,Reese,1959-09-20,78,260,,,,,,,,,,,,"https://static.www.nfl.com/image/private/f_auto,q_auto/league/xe8yz8fycmxjvcgxghec",,,,,,
1983,PIT,SPEC,P,0,ACT,Craig Colquitt,Joseph,Colquitt,1954-06-09,73,182,,,,,,,,,,,,"https://static.www.nfl.com/image/private/f_auto,q_auto/league/qhwxlhrhmdm9az70cynz",,,,,,
1983,RAM,WR,WR,0,ACT,Jeff Simmons,Jeffery,Simmons,1960-07-06,75,195,,,,,,,,,,,,"https://static.www.nfl.com/image/private/f_auto,q_auto/league/gq89h3ffiico12rwalwi",,,,,,
1983,PIT,TE,TE,0,ACT,Craig Dunaway,Craig,Dunaway,1961-03-27,74,233,,,,,,,,,,,,"https://static.www.nfl.com/image/private/f_auto,q_auto/league/nthljqm8vn5wb8zgx2i7",,,,,,
1983,SD,DB,FS,0,ACT,Tim Fox,Timothy,Fox,1953-11-01,71,186,,,,,,,,,,,,"https://static.www.nfl.com/image/private/f_auto,q_auto/league/jdmydp4lk5lxjlstj601",,,,,,
1983,PIT,WR,WR,0,ACT,Wayne Capers,Wayne,Capers,1961-05-17,74,193,,,,,,,,,,,,"https://static.www.nfl.com/image/private/f_auto,q_auto/league/ucnitles8qhycu1thxvr",,,,,,
1983,SD,DB,S,0,ACT,Bob Gregor,Robert,Gregor,1957-02-10,74,187,,,,,,,,,,,,"https://static.www.nfl.com/image/private/f_auto,q_auto/league/n2hytz7lwzcjjgo3csrm",,,,,,
1983,PIT,WR,WR,0,ACT,Greg Hawthorne,Gregory,Hawthorne,1956-09-05,74,225,,,,,,,,,,,,"https://static.www.nfl.com/image/private/f_auto,q_auto/league/gn9ea43dgpn3x734ed0f",,,,,,
1983,TB,LB,OLB,0,ACT,Cecil Johnson,Cecil,Johnson,1955-08-19,74,220,,,,,,,,,,,,"https://static.www.nfl.com/image/private/f_auto,q_auto/league/aray0byzyxssvld1ltiz",,,,,,
1983,TB,LB,OLB,0,ACT,Ed Judie,Edward,Judie,1959-07-06,74,231,,,,,,,,,,,,"https://static.www.nfl.com/image/private/f_auto,q_auto/league/ahdg1mmchnhhyhirnkuy",,,,,,
1983,TB,LB,LB,0,ACT,Quentin Lowry,Quentin,Lowry,1957-11-11,74,232,,,,,,,,,,,,"https://static.www.nfl.com/image/private/f_auto,q_auto/league/bkm3g03rd0dhryy8yucf",,,,,,
1983,TB,LB,ILB,0,ACT,Danny Spradlin,Daniel,Spradlin,1959-03-03,73,241,,,,,,,,,,,,"https://static.www.nfl.com/image/private/f_auto,q_auto/league/wvwmo6ch8zfn7lbxmdnp",,,,,,
1983,SD,DB,DB,0,ACT,Henry Williams,Henry,Williams,1956-12-02,70,180,,,,,,,,,,,,"https://static.www.nfl.com/image/private/f_auto,q_auto/league/th32lli4qgyeii3ldkdx",,,,,,
1983,RAI,DB,S,0,ACT,Mike Davis,Michael,Davis,1956-04-15,75,200,,,,,,,,,,,,"https://static.www.nfl.com/image/private/f_auto,q_auto/league/t6cdos1gbq91hlqukiln",,,,,,
1983,RAI,DB,CB,0,ACT,Lester Hayes,Lester,Hayes,1955-01-22,72,208,,,,,,,,,,,,"https://static.www.nfl.com/image/private/f_auto,q_auto/league/yxegnulyldao8qxgtida",,,,,,
1983,SF,LB,LB,0,ACT,Ken McAlister,Kenneth,McAlister,1960-04-15,77,210,,,,,,,,,,,,"https://static.www.nfl.com/image/private/f_auto,q_auto/league/ytscrhrkxicxbqbcxg9g",,,,,,
1983,SD,DL,NT,0,ACT,Bill Elko,William,Elko,1959-12-28,77,278,,,,,,,,,,,,"https://static.www.nfl.com/image/private/f_auto,q_auto/league/atr1mpzqfjn0yaybfwkp",,,,,,
1983,SF,LB,ILB,0,ACT,Blanchard Montgomery,Blanchard,Montgomery,1961-02-17,74,236,,,,,,,,,,,,"https://static.www.nfl.com/image/private/f_auto,q_auto/league/jiphw3uc22mwqzethdzu",,,,,,
1983,TB,OL,C,0,ACT,Jim Leonard,James,Leonard,1957-10-19,75,250,,,,,,,,,,,,"https://static.www.nfl.com/image/private/f_auto,q_auto/league/yqdym0rhnjfniwhdqjtt",,,,,,
1983,RAI,DB,DB,0,ACT,Irvin Phillips,Irvin,Phillips,1960-01-23,73,192,,,,,,,,,,,,"https://static.www.nfl.com/image/private/f_auto,q_auto/league/loklegywnai8idcikdo6",,,,,,
1983,WAS,DL,DE,0,ACT,Todd Liebenstein,Todd,Liebenstein,1960-01-09,78,245,,,,,,,,,,,,"https://static.www.nfl.com/image/private/f_auto,q_auto/league/jqkgsgm8x1ljtnumtyhs",,,,,,
1983,TB,OL,G,0,ACT,Ray Snell,Ray,Snell,1958-02-24,76,265,,,,,,,,,,,,"https://static.www.nfl.com/image/private/f_auto,q_auto/league/knsedh6aowlxwxicojge",,,,,,
1983,TB,OL,OT,0,ACT,Kelly Thomas,Kelly,Thomas,1960-09-09,78,270,,,,,,,,,,,,"https://static.www.nfl.com/image/private/f_auto,q_auto/league/jtx1xpvhvtc0zj9zbspx",,,,,,
1983,RAI,DL,DE,0,ACT,Howie Long,Howard,Long,1960-01-06,77,265,,,,,,,,,,,,"https://static.www.nfl.com/image/private/f_auto,q_auto/league/l2tzxwytpvg4zllxme4y",,,,,,
1983,SD,LB,OLB,0,ACT,Linden King,Linden,King,1955-06-28,76,217,,,,,,,,,,,,"https://static.www.nfl.com/image/private/f_auto,q_auto/league/riaec3wopxjjqbwpyahl",,,,,,
1983,TB,QB,QB,0,ACT,Jerry Golsteyn,Jerry,Golsteyn,1954-08-06,76,200,,,,,,,,,,,,"https://static.www.nfl.com/image/private/f_auto,q_auto/league/aftjg1ig2ubhm54nv5gq",,,,,,
1983,SD,LB,LB,0,ACT,Derrie Nelson,Derald,Nelson,1958-02-08,74,236,,,,,,,,,,,,"https://static.www.nfl.com/image/private/f_auto,q_auto/league/k1olayd7jpxpbbcqnol2",,,,,,
1983,RAI,DL,DE,0,ACT,Dave Stalls,David,Stalls,1955-09-19,77,250,,,,,,,,,,,,"https://static.www.nfl.com/image/private/f_auto,q_auto/league/mysr3zbmxaeyrn0ktsn5",,,,,,
1983,TB,QB,QB,0,ACT,Jack Thompson,Jack,Thompson,1956-05-19,75,217,,,,,,,,,,,,"https://static.www.nfl.com/image/private/f_auto,q_auto/league/bhudzwjqrqr6xkl6ljvp",,,,,,
1983,TB,RB,RB,0,ACT,Adger Armstrong,Adger,Armstrong,1957-06-21,72,210,,,,,,,,,,,,"https://static.www.nfl.com/image/private/f_auto,q_auto/league/u6qeqb6qml00d9srzbuz",,,,,,
1983,RAI,LB,LB,0,ACT,Darryl Byrd,Darryl,Byrd,1960-09-03,73,220,,,,,,,,,,,,"https://static.www.nfl.com/image/private/f_auto,q_auto/league/q2px7qj8haea80s9ih9v",,,,,,
1983,RAI,LB,LB,0,ACT,Tony Caldwell,Anthony,Caldwell,1961-04-01,73,225,,,,,,,,,,,,"https://static.www.nfl.com/image/private/f_auto,q_auto/league/kzmv5nfj26blwne1p2rn",,,,,,
1983,RAI,LB,OLB,0,ACT,Ted Hendricks,Theodore,Hendricks,1947-11-01,79,220,,,,,,,,,,,,"https://static.www.nfl.com/image/private/f_auto,q_auto/league/evt0wnpbcfi1eu1xqi0i",,,,,,
1983,SF,RB,RB,0,ACT,Earl Cooper,Marion,Cooper,1957-09-17,74,227,,,,,,,,,,,,"https://static.www.nfl.com/image/private/f_auto,q_auto/league/jop1r0vhfgvlqcv3yp3p",,,,,,
1983,SD,OL,C,0,ACT,Don Macek,Donald,Macek,1954-07-21,75,253,,,,,,,,,,,,"https://static.www.nfl.com/image/private/f_auto,q_auto/league/pmsjfghtsem0ybjmvdod",,,,,,
1983,TB,SPEC,K,0,ACT,Bill Capece,William,Capece,1959-04-01,67,170,,,,,,,,,,,,"https://static.www.nfl.com/image/private/f_auto,q_auto/league/ewpjbkt77fjzsn9ogszp",,,,,,
1983,TB,SPEC,P,0,ACT,Frank Garcia,Frank,Garcia,1957-06-05,72,190,,,,,,,,,,,,"https://static.www.nfl.com/image/private/f_auto,q_auto/league/lskchxaikxpjnurhrlf2",,,,,,
1983,SD,OL,G,0,ACT,Ed White,Edward,White,1947-04-04,73,269,,,,,,,,,,,,"https://static.www.nfl.com/image/private/f_auto,q_auto/league/xcpzpqgkhdwu5hbidmob",,,,,,
1983,RAM,DL,DT,0,ACT,Richard Bishop,Richard,Bishop,1950-03-23,73,275,,,,,,,,,,,,"https://static.www.nfl.com/image/private/f_auto,q_auto/league/wwnr9ywddsutq06rprk7",,,,,,
1983,RAI,OL,G,0,ACT,Charley Hannah,Charles,Hannah,1955-07-26,77,250,,,,,,,,,,,,"https://static.www.nfl.com/image/private/f_auto,q_auto/league/zerjhs64kerhyqstj13f",,,,,,
1983,TB,TE,TE,0,ACT,Jim Obradovich,James,Obradovich,1953-04-02,74,225,,,,,,,,,,,,"https://static.www.nfl.com/image/private/f_auto,q_auto/league/bpkjs1z3vkl7yqdi0kav",,,,,,
1983,RAI,OL,OT,0,ACT,Henry Lawrence,Henry,Lawrence,1951-09-26,76,268,,,,,,,,,,,,"https://static.www.nfl.com/image/private/f_auto,q_auto/league/o1b9fkrnijsscpngvzxu",,,,,,
1983,RAI,OL,G,0,ACT,Mickey Marvin,Phillip,Marvin,1955-10-05,76,270,,,,,,,,,,,,"https://static.www.nfl.com/image/private/f_auto,q_auto/league/uredgsu7v4inf9w4hgdv",,,,,,
1983,TB,WR,WR,0,ACT,Gene Branton,Rheugene,Branton,1960-11-23,76,210,,,,,,,,,,,,"https://static.www.nfl.com/image/private/f_auto,q_auto/league/xizfenl5fcpacg4lymn3",,,,,,
1983,RAI,OL,G,0,ACT,Ed Muransky,Edward,Muransky,1960-01-20,79,280,,,,,,,,,,,,"https://static.www.nfl.com/image/private/f_auto,q_auto/league/kginnlnnzttjoxeygnkk",,,,,,
1983,RAI,OL,C,0,ACT,Jim Romano,James,Romano,1959-09-07,75,260,,,,,,,,,,,,"https://static.www.nfl.com/image/private/f_auto,q_auto/league/b6ubyuz6y1ghtk0iuc23",,,,,,
1983,RAI,OL,G,0,ACT,Steve Sylvester,Steven,Sylvester,1953-03-04,76,260,,,,,,,,,,,,"https://static.www.nfl.com/image/private/f_auto,q_auto/league/l7euvzpwj8kyjpbw5xt5",,,,,,
1983,RAI,QB,QB,0,ACT,David Humm,David,Humm,1952-04-02,74,180,,,,,,,,,,,,"https://static.www.nfl.com/image/private/f_auto,q_auto/league/jmsabgyygnp8aig2qpfr",,,,,,
1983,RAI,QB,QB,16,ACT,Jim Plunkett,James,Plunkett,1947-12-05,75,220,,,,,,,,,,,,"https://static.www.nfl.com/image/private/f_auto,q_auto/league/gnumm8kvsrqnvcs9ql6u",,,,,,
1983,RAI,QB,QB,0,ACT,Marc Wilson,Marc,Wilson,1957-02-15,78,205,,,,,,,,,,,,"https://static.www.nfl.com/image/private/f_auto,q_auto/league/ockryga7mbp25q7qpooc",,,,,,
1983,WAS,DB,CB,0,ACT,Vernon Dean,Vernon,Dean,1959-05-05,71,178,,,,,,,,,,,,"https://static.www.nfl.com/image/private/f_auto,q_auto/league/cr6htckxk7q2ccec1p0e",,,,,,
1983,WAS,DB,S,0,ACT,Curtis Jordan,Curtis,Jordan,1954-01-25,74,182,,,,,,,,,,,,"https://static.www.nfl.com/image/private/f_auto,q_auto/league/vydzo5rlogpkm4yd50cz",,,,,,
1983,RAI,RB,RB,0,ACT,Frank Hawkins,Frank,Hawkins,1959-07-03,69,210,,,,,,,,,,,,"https://static.www.nfl.com/image/private/f_auto,q_auto/league/haqw9l7ckh7lvqsxobp9",,,,,,
1983,RAI,RB,RB,0,ACT,Derrick Jensen,Derrick,Jensen,1956-04-27,73,230,,,,,,,,,,,,"https://static.www.nfl.com/image/private/f_auto,q_auto/league/philxveag0opseezb4nc",,,,,,
1983,RAI,RB,RB,0,ACT,Kenny King,Kenneth,King,1957-03-07,71,203,,,,,,,,,,,,"https://static.www.nfl.com/image/private/f_auto,q_auto/league/xtpielom7uqyojclylvf",,,,,,
1983,WAS,DB,CB,0,ACT,Anthony Washington,Anthony,Washington,1958-02-04,73,204,,,,,,,,,,,,"https://static.www.nfl.com/image/private/f_auto,q_auto/league/fjps2f3ix9sdhjvb0abg",,,,,,
1983,RAI,RB,RB,0,ACT,Chester Willis,Chester,Willis,1958-05-02,71,195,,,,,,,,,,,,"https://static.www.nfl.com/image/private/f_auto,q_auto/league/sgb0ezqjnygbwddz6s1c",,,,,,
1983,RAI,SPEC,K,0,ACT,Chris Bahr,Christopher,Bahr,1953-02-03,70,170,,,,,,,,,,,,"https://static.www.nfl.com/image/private/f_auto,q_auto/league/mtqqli2jm0my416zh4rr",,,,,,
1983,STL,DB,CB,0,ACT,Wayne Smith,Wayne,Smith,1957-05-09,72,175,,,,,,,,,,,,"https://static.www.nfl.com/image/private/f_auto,q_auto/league/npiq2liipmirrhrvtwgi",,,,,,
1983,SEA,DB,CB,0,ACT,Dave Brown,David,Brown,1953-01-16,73,190,,,,,,,,,,,,"https://static.www.nfl.com/image/private/f_auto,q_auto/league/yc4frxbcsmlhmk5lych7",,,,,,
1983,SEA,RB,RB,0,ACT,David Hughes,David,Hughes,1959-06-01,72,220,,,,,,,,,,,,"https://static.www.nfl.com/image/private/f_auto,q_auto/league/qtwrqk9oswiiuh1u68tk",,,,,,
1983,STL,DL,DE,0,ACT,Al Baker,James,Baker,1956-12-09,78,260,,,,,,,,,,,,"https://static.www.nfl.com/image/private/f_auto,q_auto/league/i0zkqgm5fbl8bxywu4gg",,,,,,
1983,RAI,WR,WR,0,ACT,Malcolm Barnwell,Malcolm,Barnwell,1958-06-28,71,180,,,,,,,,,,,,"https://static.www.nfl.com/image/private/f_auto,q_auto/league/u7nsmtf5bly13q891ada",,,,,,
1983,RAI,WR,WR,0,ACT,Cliff Branch,Clifford,Branch,1948-08-01,71,170,,,,,,,,,,,,"https://static.www.nfl.com/image/private/f_auto,q_auto/league/ldgr9ahzhwqvujkxtsxi",,,,,,
1983,STL,DL,DT,0,ACT,David Galloway,David,Galloway,1959-02-16,75,277,,,,,,,,,,,,"https://static.www.nfl.com/image/private/f_auto,q_auto/league/ed43vbfsgzxaueanz5ux",,,,,,
1983,STL,DL,DE,0,ACT,Curtis Greer,Curtis,Greer,1957-11-10,76,252,,,,,,,,,,,,"https://static.www.nfl.com/image/private/f_auto,q_auto/league/f44ygjh48cg6tgzujui9",,,,,,
1983,SEA,DB,CB,0,ACT,Keith Simpson,Keith,Simpson,1956-03-09,73,195,,,,,,,,,,,,"https://static.www.nfl.com/image/private/f_auto,q_auto/league/yn2msuk2vnntovs5ptyx",,,,,,
1983,WAS,LB,LB,0,ACT,Pete Cronan,Peter,Cronan,1955-01-13,74,238,,,,,,,,,,,,"https://static.www.nfl.com/image/private/f_auto,q_auto/league/n9vkxjhxczjkmcbi33oe",,,,,,
1983,STL,LB,MLB,0,ACT,Dave Ahrens,David,Ahrens,1958-12-05,75,228,,,,,,,,,,,,"https://static.www.nfl.com/image/private/f_auto,q_auto/league/bphxkrqjkwi87hl47ign",,,,,,
1983,RAM,DB,CB,0,ACT,Eric Harris,Eric,Harris,1955-08-11,75,191,,,,,,,,,,,,"https://static.www.nfl.com/image/private/f_auto,q_auto/league/uqovlq3zpgoty0jcjwel",,,,,,
1983,WAS,LB,LB,0,TRD,Quentin Lowry,Quentin,Lowry,1957-11-11,74,232,,,,,,,,,,,,"https://static.www.nfl.com/image/private/f_auto,q_auto/league/bkm3g03rd0dhryy8yucf",,,,,,
1983,RAM,DB,CB,0,ACT,Monte Jackson,Monte,Jackson,1953-07-14,71,193,,,,,,,,,,,,"https://static.www.nfl.com/image/private/f_auto,q_auto/league/xlsxlaauv6g9bmbgcbeq",,,,,,
1983,SEA,DL,NT,0,ACT,Manu Tuiasosopo,Manu'ula,Tuiasosopo,1957-08-30,75,252,,,,,,,,,,,,"https://static.www.nfl.com/image/private/f_auto,q_auto/league/uhg9qlh1qthle7qt5ce5",,,,,,
1983,STL,LB,OLB,0,ACT,Bob Harris,Robert,Harris,1960-11-11,74,205,,,,,,,,,,,,"https://static.www.nfl.com/image/private/f_auto,q_auto/league/dvfb5vqxgkcvjzv5xoff",,,,,,
1983,RAM,DB,DB,0,ACT,Ivory Sully,Ivory,Sully,1957-06-20,72,201,,,,,,,,,,,,"https://static.www.nfl.com/image/private/f_auto,q_auto/league/qzdk92spd8wjnlygvczo",,,,,,
1983,RAM,DB,DB,0,TRC,Henry Williams,Henry,Williams,1956-12-02,70,180,,,,,,,,,,,,"https://static.www.nfl.com/image/private/f_auto,q_auto/league/th32lli4qgyeii3ldkdx",,,,,,
1983,RAM,DB,DB,0,ACT,Mike Williams,Mikell,Williams,1953-11-22,70,181,,,,,,,,,,,,"https://static.www.nfl.com/image/private/f_auto,q_auto/league/ckvfjoahwflg8sfvtmaq",,,,,,
1983,RAM,DL,DE,0,ACT,Doug Barnett,Douglas,Barnett,1960-04-12,75,250,,,,,,,,,,,,"https://static.www.nfl.com/image/private/f_auto,q_auto/league/urzcbaj2rkwyzkuvisbx",,,,,,
1983,RAM,WR,WR,0,ACT,Preston Dennard,Preston,Dennard,1955-11-28,73,185,,,,,,,,,,,,"https://static.www.nfl.com/image/private/f_auto,q_auto/league/mmv6szii4urtzxthplnw",,,,,,
1983,WAS,OL,OT,0,ACT,George Starke,George,Starke,1948-07-18,77,260,,,,,,,,,,,,"https://static.www.nfl.com/image/private/f_auto,q_auto/league/jqmy4me5lcrv0opyiy9a",,,,,,
1983,RAM,DL,DE,0,ACT,Reggie Doss,Reginald,Doss,1956-12-07,76,256,,,,,,,,,,,,"https://static.www.nfl.com/image/private/f_auto,q_auto/league/svvp7ixgbecrpmwm1phr",,,,,,
1983,RAM,DL,DE,0,ACT,Gary Jeter,Gary,Jeter,1955-01-24,76,250,,,,,,,,,,,,"https://static.www.nfl.com/image/private/f_auto,q_auto/league/i5txyjprureulz6gpasv",,,,,,
1983,WAS,QB,QB,7,ACT,Joe Theismann,Joseph,Theismann,1949-09-09,72,184,,,,,,,,,,,,"https://static.www.nfl.com/image/private/f_auto,q_auto/league/eota6vsxtdaefkrs0oie",,,,,,
1983,STL,OL,C,0,ACT,Carlos Scott,Carlos,Scott,1960-07-02,76,300,,,,,,,,,,,,"https://static.www.nfl.com/image/private/f_auto,q_auto/league/siiin37stvw9kaw3eqif",,,,,,
1983,WAS,RB,RB,0,ACT,Nick Giaquinto,Nicholas,Giaquinto,1955-04-04,71,205,,,,,,,,,,,,"https://static.www.nfl.com/image/private/f_auto,q_auto/league/zowrok5rhib96j8gmmjc",,,,,,
1983,RAM,LB,OLB,0,ACT,George Andrews,George,Andrews,1955-11-28,75,226,,,,,,,,,,,,"https://static.www.nfl.com/image/private/f_auto,q_auto/league/ceqtgmtulqgvpvpcdnda",,,,,,
1983,RAM,LB,LB,0,ACT,Howard Carson,Hueland,Carson,1957-02-11,74,233,,,,,,,,,,,,"https://static.www.nfl.com/image/private/f_auto,q_auto/league/q1w4ycrfauoh1g2r1gbe",,,,,,
1983,RAM,LB,ILB,0,ACT,Jim Collins,James,Collins,1958-06-11,74,230,,,,,,,,,,,,"https://static.www.nfl.com/image/private/f_auto,q_auto/league/tn6ofooihei577gdokbf",,,,,,
1983,RAM,LB,ILB,0,ACT,Carl Ekern,Carl,Ekern,1954-05-27,75,220,,,,,,,,,,,,"https://static.www.nfl.com/image/private/f_auto,q_auto/league/bbomvcnxlx10rbbwjisx",,,,,,
1983,RAM,LB,LB,0,ACT,Mark Jerue,Mark,Jerue,1960-01-15,75,229,,,,,,,,,,,,"https://static.www.nfl.com/image/private/f_auto,q_auto/league/kkw4bghuuj4gjcjlrexw",,,,,,
1983,SEA,OL,OT,0,ACT,Matt Hernandez,Matthew,Hernandez,1961-10-16,78,260,,,,,,,,,,,,"https://static.www.nfl.com/image/private/f_auto,q_auto/league/rfbdetzjagdlwpxbpetd",,,,,,
1983,STL,RB,RB,0,ACT,Willard Harrell,Willard,Harrell,1952-09-16,68,182,,,,,,,,,,,,"https://static.www.nfl.com/image/private/f_auto,q_auto/league/x6nmeypknvgyjhraxnts",,,,,,
1983,STL,RB,RB,0,ACT,Randy Love,Randy,Love,1956-09-30,73,205,,,,,,,,,,,,"https://static.www.nfl.com/image/private/f_auto,q_auto/league/spec3slpfhremzlppose",,,,,,
1983,SEA,OL,G,0,ACT,Bob Pratt,Robert,Pratt,1951-05-25,75,255,,,,,,,,,,,,"https://static.www.nfl.com/image/private/f_auto,q_auto/league/ulueb6b5ig4yesfprgcf",,,,,,
1983,RAM,LB,ILB,0,ACT,Jim Youngblood,James,Youngblood,1950-02-23,75,231,,,,,,,,,,,,"https://static.www.nfl.com/image/private/f_auto,q_auto/league/lsoeohtmoadr8kjekmf0",,,,,,
1983,WAS,WR,WR,0,ACT,Charlie Brown,Charles,Brown,1958-10-29,70,179,,,,,,,,,,,,"https://static.www.nfl.com/image/private/f_auto,q_auto/league/vvwahlufdsozrn26w7ka",,,,,,
1983,SEA,RB,RB,0,TRT,Theotis Brown,Theotis,Brown,1957-04-20,74,225,,,,,,,,,,,,"https://static.www.nfl.com/image/private/f_auto,q_auto/league/l99b5wbir2u4odtinlhs",,,,,,
1983,RAM,OL,G,0,ACT,Dennis Harrah,Dennis,Harrah,1953-03-09,77,257,,,,,,,,,,,,"https://static.www.nfl.com/image/private/f_auto,q_auto/league/xtcwndawrx82ywiaz7wj",,,,,,
1983,SEA,RB,RB,0,ACT,Zachary Dixon,Zachary,Dixon,1956-03-05,72,200,,,,,,,,,,,,"https://static.www.nfl.com/image/private/f_auto,q_auto/league/mbxaeeef5pv47nyavoiu",,,,,,
1983,SEA,RB,RB,0,ACT,Dan Doornink,Daniel,Doornink,1956-02-01,75,210,,,,,,,,,,,,"https://static.www.nfl.com/image/private/f_auto,q_auto/league/h3ruav3buu8wlsdjjovm",,,,,,
1983,SD,DL,DE,0,ACT,Leroy Jones,Leroy,Jones,1950-09-29,80,263,,,,,,,,,,,,"https://static.www.nfl.com/image/private/f_auto,q_auto/league/xlalaftpgvyqf9yuh2pt",,,,,,
1983,SD,DL,NT,0,ACT,Louie Kelcher,Louie,Kelcher,1953-08-23,77,291,,,,,,,,,,,,"https://static.www.nfl.com/image/private/f_auto,q_auto/league/ipbzvai959puwfhmly7w",,,,,,
1983,SF,OL,G,0,ACT,John Ayers,John,Ayers,1953-04-14,77,247,,,,,,,,,,,,"https://static.www.nfl.com/image/private/f_auto,q_auto/league/anm39l1uyticqvjac8s7",,,,,,
1983,RAM,OL,C,0,ACT,Doug Smith,Carl,Smith,1956-11-25,75,253,,,,,,,,,,,,"https://static.www.nfl.com/image/private/f_auto,q_auto/league/miuu0h5m724kzi8d2s9c",,,,,,
1983,RAM,QB,QB,0,ACT,Vince Ferragamo,Vincent,Ferragamo,1954-04-24,75,208,,,,,,,,,,,,"https://static.www.nfl.com/image/private/f_auto,q_auto/league/tc2qspexlyzkc3dqreog",,,,,,
1983,SF,OL,C,0,ACT,Walt Downing,Walter,Downing,1956-06-11,75,259,,,,,,,,,,,,"https://static.www.nfl.com/image/private/f_auto,q_auto/league/mgddzlsbtd0bkqrlunuo",,,,,,
1983,STL,WR,WR,0,ACT,Pat Tilley,Patrick,Tilley,1953-02-15,70,178,,,,,,,,,,,,"https://static.www.nfl.com/image/private/f_auto,q_auto/league/ykkbelxkambo4i1ekbbn",,,,,,
1983,SF,OL,OT,0,ACT,Allan Kennedy,Allan,Kennedy,1958-01-08,79,245,,,,,,,,,,,,"https://static.www.nfl.com/image/private/f_auto,q_auto/league/gcnswkhv0y0hwlcw6zqy",,,,,,
1983,SEA,WR,WR,0,ACT,Chris Castor,Christopher,Castor,1960-08-13,72,170,,,,,,,,,,,,"https://static.www.nfl.com/image/private/f_auto,q_auto/league/ep0igrdzqw4hjhhongsa",,,,,,
1983,SEA,WR,WR,0,ACT,Harold Jackson,Harold,Jackson,1946-01-06,70,175,,,,,,,,,,,,"https://static.www.nfl.com/image/private/f_auto,q_auto/league/wdvvpjd2dctzlhortfwc",,,,,,
1983,SEA,WR,WR,0,ACT,Paul Johns,Paul,Johns,1958-11-14,71,170,,,,,,,,,,,,"https://static.www.nfl.com/image/private/f_auto,q_auto/league/s6py223onm83hkbwshi0",,,,,,
1983,RAM,RB,RB,0,ACT,Barry Redden,Barry,Redden,1960-07-21,70,205,,,,,,,,,,,,"https://static.www.nfl.com/image/private/f_auto,q_auto/league/vhjzix2e1okqhigctwlo",,,,,,
1983,SD,OL,OT,0,ACT,Sam Claphan,Samuel,Claphan,1956-10-10,78,267,,,,,,,,,,,,"https://static.www.nfl.com/image/private/f_auto,q_auto/league/e9otfsmhxollmhveqcxh",,,,,,
1983,RAM,SPEC,P,0,ACT,John Misko,John,Misko,1954-10-01,77,207,,,,,,,,,,,,"https://static.www.nfl.com/image/private/f_auto,q_auto/league/n4shrieqycuuwkh1ph5y",,,,,,
1983,SF,DB,CB,0,ACT,Tim Collier,Timothy,Collier,1954-05-31,72,172,,,,,,,,,,,,"https://static.www.nfl.com/image/private/f_auto,q_auto/league/qtkzp3f1bnzh0v9bqpr6",,,,,,
1983,SEA,LB,ILB,0,ACT,Keith Butler,John,Butler,1956-05-16,76,225,,,,,,,,,,,,"https://static.www.nfl.com/image/private/f_auto,q_auto/league/nixuqklh5wao7vxnogc6",,,,,,
1983,TB,DB,S,0,ACT,Johnny Ray Smith,Johnny,Smith,1957-09-07,69,180,,,,,,,,,,,,"https://static.www.nfl.com/image/private/f_auto,q_auto/league/a8wclnbzhxmebhf8wfd9",,,,,,
1983,SF,DB,DB,0,ACT,Tom Holmoe,Thomas,Holmoe,1960-03-07,74,180,,,,,,,,,,,,"https://static.www.nfl.com/image/private/f_auto,q_auto/league/kcijj4s0kcfhf7nk6ldq",,,,,,
1983,SEA,LB,OLB,0,ACT,Michael Jackson,Michael,Jackson,1957-07-15,73,220,,,,,,,,,,,,"https://static.www.nfl.com/image/private/f_auto,q_auto/league/oeobxp6vgnqkpscy63nz",,,,,,
1983,TB,DL,DE,0,ACT,Hasson Arbubakrr,Hasson,Arbubakrr,1960-12-09,76,250,,,,,,,,,,,,"https://static.www.nfl.com/image/private/f_auto,q_auto/league/s0wo66biyg3kiqcvcycw",,,,,,
1983,RAM,WR,WR,0,ACT,George Farmer,George,Farmer,1958-12-05,70,175,,,,,,,,,,,,"https://static.www.nfl.com/image/private/f_auto,q_auto/league/o66hd9feghfcpkx74yi7",,,,,,
1983,TB,DL,NT,0,ACT,David Logan,David,Logan,1956-10-25,74,250,,,,,,,,,,,,"https://static.www.nfl.com/image/private/f_auto,q_auto/league/poj5yyd3pntfiuel2jpb",,,,,,
1983,SD,QB,QB,0,ACT,Bruce Mathison,Bruce,Mathison,1959-04-25,75,210,,,,,,,,,,,,"https://static.www.nfl.com/image/private/f_auto,q_auto/league/mfh4naoydptvc7d80oy9",,,,,,
1983,SF,DL,DE,0,ACT,Fred Dean,Frederick,Dean,1952-02-24,75,224,,,,,,,,,,,,"https://static.www.nfl.com/image/private/f_auto,q_auto/league/i435t5xtxdtfv7yyfpck",,,,,,
1983,SF,DL,DE,0,ACT,John Harty,John,Harty,1958-12-17,76,253,,,,,,,,,,,,"https://static.www.nfl.com/image/private/f_auto,q_auto/league/eqzgz5reuqvnelnssiq7",,,,,,
1983,SF,DL,NT,0,ACT,Pete Kugler,Peter,Kugler,1959-08-09,76,255,,,,,,,,,,,,"https://static.www.nfl.com/image/private/f_auto,q_auto/league/yi9y2yu0lyperorcyiek",,,,,,
1983,SD,DB,FS,0,ACT,Ken Greene,Kenneth,Greene,1956-05-08,75,203,,,,,,,,,,,,"https://static.www.nfl.com/image/private/f_auto,q_auto/league/g9tnduhvtj5ka1mgm0nm",,,,,,
1983,SF,DL,NT,0,TRD,Daryle Skaugstad,Daryle,Skaugstad,1957-04-08,77,254,,,,,,,,,,,,"https://static.www.nfl.com/image/private/f_auto,q_auto/league/rsdmwzc8yztexjv28pyj",,,,,,
1983,SD,DB,CB,0,ACT,Reuben Henderson,Reuben,Henderson,1958-10-03,73,200,,,,,,,,,,,,"https://static.www.nfl.com/image/private/f_auto,q_auto/league/gcop02pxkw3iqmwd3sim",,,,,,
1983,TB,LB,OLB,0,ACT,Andy Hawkins,Anthony,Hawkins,1958-03-31,74,230,,,,,,,,,,,,"https://static.www.nfl.com/image/private/f_auto,q_auto/league/mkxdhzrpwfhntlg6rkbx",,,,,,
1983,SD,DB,DB,0,ACT,Miles McPherson,Miles,McPherson,1960-03-30,71,175,,,,,,,,,,,,"https://static.www.nfl.com/image/private/f_auto,q_auto/league/chls3dbggyfbg6hlxfd0",,,,,,
1983,SD,DB,DB,0,ACT,Darrell Pattillo,Darrell,Pattillo,1960-09-28,70,194,,,,,,,,,,,,"https://static.www.nfl.com/image/private/f_auto,q_auto/league/r0mlq2lqtdjojsfsklqj",,,,,,
1983,SD,DB,CB,0,ACT,Danny Walters,Daniel,Walters,1960-11-04,73,180,,,,,,,,,,,,"https://static.www.nfl.com/image/private/f_auto,q_auto/league/bu1vbrn51f8zkcuatmo6",,,,,,
1983,SD,TE,TE,0,ACT,Kellen Winslow,Kellen,Winslow,1957-11-05,77,251,,,,,,,,,,,,"https://static.www.nfl.com/image/private/f_auto,q_auto/league/dcashdpfhfh8bp4cbjg6",,,,,,
1983,WAS,DB,FS,0,ACT,Mark Murphy,Mark,Murphy,1955-07-13,76,210,,,,,,,,,,,,"https://static.www.nfl.com/image/private/f_auto,q_auto/league/kjk2rmwtbu0giybwqmuo",,,,,,
1983,SD,DL,NT,0,ACT,Rick Ackerman,Richard,Ackerman,1959-06-16,76,255,,,,,,,,,,,,"https://static.www.nfl.com/image/private/f_auto,q_auto/league/dikh49cadskd6n3jgztf",,,,,,
1983,TB,OL,C,0,ACT,Don Bailey,William,Bailey,1961-03-24,76,257,,,,,,,,,,,,"https://static.www.nfl.com/image/private/f_auto,q_auto/league/pge0xw9wlce2km5wyu8e",,,,,,
1983,TB,OL,G,0,ACT,Glenn Bujnoch,Glenn,Bujnoch,1953-12-20,77,260,,,,,,,,,,,,"https://static.www.nfl.com/image/private/f_auto,q_auto/league/wdrywtdwcp5mm2vgao05",,,,,,
1983,WAS,DB,FS,0,ACT,Greg Williams,Gregory,Williams,1959-08-01,71,185,,,,,,,,,,,,"https://static.www.nfl.com/image/private/f_auto,q_auto/league/wwmrivuu7ymricaicdbe",,,,,,
1983,SD,DL,DE,0,ACT,Gary Johnson,Gary,Johnson,1952-08-31,74,257,,,,,,,,,,,,"https://static.www.nfl.com/image/private/f_auto,q_auto/league/xeixyfks6qwlx0ghowth",,,,,,
1983,STL,TE,TE,0,ACT,Eddie McGill,Edward,McGill,1960-07-05,78,225,,,,,,,,,,,,"https://static.www.nfl.com/image/private/f_auto,q_auto/league/nusdvlo623833fdonqoe",,,,,,
1983,SEA,DB,DB,0,ACT,Don Dufek,Donald,Dufek,1954-04-28,72,195,,,,,,,,,,,,"https://static.www.nfl.com/image/private/f_auto,q_auto/league/zvovsb1lntarbuoo4rf7",,,,,,
1983,SF,LB,OLB,0,ACT,Keena Turner,Keena,Turner,1958-10-22,74,219,,,,,,,,,,,,"https://static.www.nfl.com/image/private/f_auto,q_auto/league/g47vahmsz18abi6fdrju",,,,,,
1983,SD,LB,LB,0,ACT,Larry Evans,Lawrence,Evans,1953-07-11,74,216,,,,,,,,,,,,"https://static.www.nfl.com/image/private/f_auto,q_auto/league/zauwo3esm5nciyze5mcm",,,,,,
1983,SD,LB,ILB,0,ACT,Mike Green,Michael,Green,1961-06-29,72,226,,,,,,,,,,,,"https://static.www.nfl.com/image/private/f_auto,q_auto/league/cyxdrt6fdi3uiomhwhdp",,,,,,
1983,WAS,DL,DE,0,ACT,Tony McGee,Anthony,McGee,1949-01-18,76,250,,,,,,,,,,,,"https://static.www.nfl.com/image/private/f_auto,q_auto/league/tdcwoq4mi250boifunwa",,,,,,
1983,SD,LB,OLB,0,ACT,Woodrow Lowe,Woodrow,Lowe,1954-06-09,72,227,,,,,,,,,,,,"https://static.www.nfl.com/image/private/f_auto,q_auto/league/cmo6nx9bc3ypxezswoao",,,,,,
1983,STL,DL,DT,0,ACT,Elois Grooms,Elois,Grooms,1953-05-20,76,240,,,,,,,,,,,,"https://static.www.nfl.com/image/private/f_auto,q_auto/league/vp1ztbeclwwnmxwqmjw3",,,,,,
1983,SD,LB,LB,0,ACT,Ray Preston,Raymond,Preston,1954-01-25,72,223,,,,,,,,,,,,"https://static.www.nfl.com/image/private/f_auto,q_auto/league/rs0wlf2u3iqqgi8rchqp",,,,,,
1983,TB,QB,QB,0,ACT,Jeff Komlo,William,Komlo,1956-07-30,74,200,,,,,,,,,,,,"https://static.www.nfl.com/image/private/f_auto,q_auto/league/sbc8bc62mord5wpah2nv",,,,,,
1983,SD,LB,LB,0,ACT,Cliff Thrift,Clifford,Thrift,1956-05-03,73,237,,,,,,,,,,,,"https://static.www.nfl.com/image/private/f_auto,q_auto/league/vwmmfcrgwuypsndbd5u0",,,,,,
1983,SD,OL,OT,0,ACT,Don Brown,Donald,Brown,1959-04-02,78,262,,,,,,,,,,,,"https://static.www.nfl.com/image/private/f_auto,q_auto/league/g905hb8fisfyrvnovfia",,,,,,
1983,WAS,LB,OLB,0,ACT,Rich Milot,Richard,Milot,1957-05-28,76,220,,,,,,,,,,,,"https://static.www.nfl.com/image/private/f_auto,q_auto/league/iugjaruggxvx1zxdatgz",,,,,,
1983,SD,OL,OT,0,ACT,Andrew Gissinger,Andrew,Gissinger,1959-07-04,77,280,,,,,,,,,,,,"https://static.www.nfl.com/image/private/f_auto,q_auto/league/ledgnzpwmvgsgzg2kyai",,,,,,
1983,TB,RB,RB,0,ACT,Michael Morton,Michael,Morton,1960-02-06,68,180,,,,,,,,,,,,"https://static.www.nfl.com/image/private/f_auto,q_auto/league/fkxnutfqfuxshtevi3lo",,,,,,
1983,TB,WR,WR,0,ACT,Andre Tyler,Andre,Tyler,1959-07-17,72,180,,,,,,,,,,,,"https://static.www.nfl.com/image/private/f_auto,q_auto/league/ctkjonpydnsmsgi6fu9a",,,,,,
1983,SEA,LB,OLB,0,ACT,Greg Gaines,Gregory,Gaines,1958-10-16,75,202,,,,,,,,,,,,"https://static.www.nfl.com/image/private/f_auto,q_auto/league/s8qpssedprajbttcjg2c",,,,,,
1983,SD,OL,OT,0,ACT,Billy Shields,William,Shields,1953-08-23,80,284,,,,,,,,,,,,"https://static.www.nfl.com/image/private/f_auto,q_auto/league/oticxphkr2dfqlzsqdle",,,,,,
1983,TB,DB,DB,0,ACT,Norris Thomas,Norris,Thomas,1954-05-03,72,185,,,,,,,,,,,,"https://static.www.nfl.com/image/private/f_auto,q_auto/league/qmc6wke8du3sxlvitkxv",,,,,,
1983,TB,DB,CB,0,ACT,Mike Washington,Michael,Washington,1953-07-01,74,200,,,,,,,,,,,,"https://static.www.nfl.com/image/private/f_auto,q_auto/league/mv0tazy4ajfudzgcklqr",,,,,,
1983,SD,QB,QB,0,ACT,Dan Fouts,Daniel,Fouts,1951-06-10,75,193,,,,,,,,,,,,"https://static.www.nfl.com/image/private/f_auto,q_auto/league/jubsyezxh2cl5gzo4dow",,,,,,
1983,SF,RB,RB,0,ACT,Vince Williams,Vincent,Williams,1959-10-24,72,231,,,,,,,,,,,,"https://static.www.nfl.com/image/private/f_auto,q_auto/league/ujgpyszjjmo6awfxhfrl",,,,,,
1983,STL,OL,OT,0,ACT,Art Plunkett,Arthur,Plunkett,1959-03-08,79,260,,,,,,,,,,,,"https://static.www.nfl.com/image/private/f_auto,q_auto/league/yfy1juyjg9lnrmuluzy2",,,,,,
1983,TB,TE,TE,0,ACT,Mark Witte,Mark,Witte,1959-12-03,75,230,,,,,,,,,,,,"https://static.www.nfl.com/image/private/f_auto,q_auto/league/qufcm2mwozag310fw9b4",,,,,,
1983,SD,RB,RB,0,ACT,John Cappelletti,John,Cappelletti,1952-06-09,73,215,,,,,,,,,,,,"https://static.www.nfl.com/image/private/f_auto,q_auto/league/izotslils1n4pvqnyvbo",,,,,,
1983,SD,RB,RB,0,ACT,Earnest Jackson,Earnest,Jackson,1959-12-18,69,208,,,,,,,,,,,,"https://static.www.nfl.com/image/private/f_auto,q_auto/league/khkwbowglxejdt9zhrr1",,,,,,
1983,SF,WR,WR,0,ACT,Dwight Clark,Dwight,Clark,1957-01-08,76,212,,,,,,,,,,,,"https://static.www.nfl.com/image/private/f_auto,q_auto/league/zzqgj9w7by4f8bn2bisg",,,,,,
1983,SD,RB,RB,0,ACT,Chuck Muncie,Harry,Muncie,1953-03-17,75,220,,,,,,,,,,,,"https://static.www.nfl.com/image/private/f_auto,q_auto/league/mpmj684cfreiqk9vmxzi",,,,,,
1983,WAS,WR,WR,0,ACT,Virgil Seay,Virgil,Seay,1958-01-01,68,175,,,,,,,,,,,,"https://static.www.nfl.com/image/private/f_auto,q_auto/league/lgj3wnhzdcysxupr62yb",,,,,,
1983,SD,SPEC,K,0,ACT,Rolf Benirschke,Rolf,Benirschke,1955-02-07,72,165,,,,,,,,,,,,"https://static.www.nfl.com/image/private/f_auto,q_auto/league/wqmhwxnmubydmh2oiapf",,,,,,
1983,SF,WR,WR,0,ACT,Mike Wilson,Michael,Wilson,1958-12-19,75,210,,,,,,,,,,,,"https://static.www.nfl.com/image/private/f_auto,q_auto/league/ex5j6z4wwcl9qs2bpb0r",,,,,,
1983,STL,RB,RB,0,ACT,Earl Ferrell,Earl,Ferrell,1958-03-27,72,215,,,,,,,,,,,,"https://static.www.nfl.com/image/private/f_auto,q_auto/league/fbu6kwdblqjlrnxa3xmn",,,,,,
1983,STL,DB,DB,0,ACT,Victor Heflin,Victor,Heflin,1959-07-07,72,184,,,,,,,,,,,,"https://static.www.nfl.com/image/private/f_auto,q_auto/league/o59vhmjjnig2j0x2onjt",,,,,,
1983,WAS,TE,TE,0,TRC,John Sawyer,John,Sawyer,1953-07-26,74,230,,,,,,,,,,,,"https://static.www.nfl.com/image/private/f_auto,q_auto/league/hspwiurchhz3ssgzfr98",,,,,,
1983,STL,DB,DB,0,ACT,Monty Hunter,Orie,Hunter,1959-01-21,72,202,,,,,,,,,,,,"https://static.www.nfl.com/image/private/f_auto,q_auto/league/gqoyzskpwztydrdudkcc",,,,,,
1983,STL,DB,S,0,ACT,Lee Nelson,Lee,Nelson,1954-01-30,70,185,,,,,,,,,,,,"https://static.www.nfl.com/image/private/f_auto,q_auto/league/djl4tnjptisenwosmllt",,,,,,
1983,STL,DB,FS,0,ACT,Benny Perrin,Jesse,Perrin,1959-10-20,74,175,,,,,,,,,,,,"https://static.www.nfl.com/image/private/f_auto,q_auto/league/hffrt8kjaa4jrcga3ukb",,,,,,
1983,STL,DB,DB,0,ACT,George Schmitt,George,Schmitt,1961-03-06,71,193,,,,,,,,,,,,"https://static.www.nfl.com/image/private/f_auto,q_auto/league/rwllv61e5qb8yszcfzw2",,,,,,
1983,SEA,RB,RB,0,ACT,Cullen Bryant,William,Bryant,1951-05-20,73,210,,,,,,,,,,,,"https://static.www.nfl.com/image/private/f_auto,q_auto/league/mdok1lltawqo9jylcyyq",,,,,,
1983,WAS,DL,DT,0,ACT,Perry Brooks,Perry,Brooks,1954-12-04,75,260,,,,,,,,,,,,"https://static.www.nfl.com/image/private/f_auto,q_auto/league/orwqnxvxyao0ky6ainno",,,,,,
1983,SF,LB,LB,0,ACT,Gary Moten,Gary,Moten,1961-04-03,73,210,,,,,,,,,,,,"https://static.www.nfl.com/image/private/f_auto,q_auto/league/b1fz9icid8hot1jcu6ij",,,,,,
1983,TB,DB,DB,0,ACT,Tom Morris,Thomas,Morris,1960-04-02,71,175,,,,,,,,,,,,"https://static.www.nfl.com/image/private/f_auto,q_auto/league/pd0d97bnnue60by1bacs",,,,,,
1983,WAS,RB,RB,0,ACT,Joe Washington,Joe,Washington,1953-09-24,70,179,,,,,,,,,,,,"https://static.www.nfl.com/image/private/f_auto,q_auto/league/s3g5nwoh8qgn2ecsrhhm",,,,,,
1983,SEA,DB,FS,0,ACT,John Harris,John,Harris,1956-06-13,74,200,,,,,,,,,,,,"https://static.www.nfl.com/image/private/f_auto,q_auto/league/zxdy79wathkz1sfpxxh1",,,,,,
1983,SEA,DB,DB,0,ACT,Gregg Johnson,Greggory,Johnson,1958-10-20,73,188,,,,,,,,,,,,"https://static.www.nfl.com/image/private/f_auto,q_auto/league/yd8xkand7uxortvdhafu",,,,,,
1983,SEA,SPEC,P,0,ACT,Jeff West,Jeffrey,West,1953-04-06,75,220,,,,,,,,,,,,"https://static.www.nfl.com/image/private/f_auto,q_auto/league/j6uyaxt5iooocvwjbjuy",,,,,,
1983,TB,OL,C,0,ACT,Steve Wilson,Steven,Wilson,1954-05-19,76,265,,,,,,,,,,,,"https://static.www.nfl.com/image/private/f_auto,q_auto/league/fwdivc8bwxgm6iyxqzlu",,,,,,
1983,SF,OL,OT,0,ACT,Keith Fahnhorst,Keith,Fahnhorst,1952-02-06,78,273,,,,,,,,,,,,"https://static.www.nfl.com/image/private/f_auto,q_auto/league/tjpnvgomx04j6yscyeyv",,,,,,
1983,TB,DL,DE,0,ACT,John Cannon,John,Cannon,1960-07-30,77,250,,,,,,,,,,,,"https://static.www.nfl.com/image/private/f_auto,q_auto/league/xjvtwdv9z0fqa1diceqy",,,,,,
1983,TB,DB,CB,0,ACT,Jeremiah Castille,Jeremiah,Castille,1961-01-15,70,180,,,,,,,,,,,,"https://static.www.nfl.com/image/private/f_auto,q_auto/league/mmdwouyuts5nnsu29bso",,,,,,
1983,STL,LB,MLB,0,ACT,Kurt Allerman,Kurt,Allerman,1955-08-30,75,222,,,,,,,,,,,,"https://static.www.nfl.com/image/private/f_auto,q_auto/league/a5s2vjhjpwrhm7apmjp5",,,,,,
1983,TB,DB,S,0,ACT,Mark Cotney,John,Cotney,1952-06-26,72,200,,,,,,,,,,,,"https://static.www.nfl.com/image/private/f_auto,q_auto/league/ejyqicrttocn4qzhwu8i",,,,,,
1983,SEA,WR,WR,0,ACT,Steve Largent,Stephen,Largent,1954-09-28,71,184,,,,,,,,,,,,"https://static.www.nfl.com/image/private/f_auto,q_auto/league/uwi8mvpiavmova7skp7q",,,,,,
1983,STL,LB,LB,0,TRC,Jim Eliopulos,James,Eliopulos,1959-04-18,74,230,,,,,,,,,,,,"https://static.www.nfl.com/image/private/f_auto,q_auto/league/bq8u9cf8v4ln3ic1uhwv",,,,,,
1983,STL,QB,QB,0,ACT,Jim Hart,James,Hart,1944-04-29,73,215,,,,,,,,,,,,"https://static.www.nfl.com/image/private/f_auto,q_auto/league/wk8ttd1noffeqk9sy9qt",,,,,,
1983,SF,LB,ILB,0,ACT,Jack Reynolds,John,Reynolds,1947-11-22,73,232,,,,,,,,,,,,"https://static.www.nfl.com/image/private/f_auto,q_auto/league/ffb1h2cxjxe5hugtjoya",,,,,,
1983,SEA,OL,G,0,ACT,Bill Dugan,William,Dugan,1959-06-05,76,271,,,,,,,,,,,,"https://static.www.nfl.com/image/private/f_auto,q_auto/league/ybxq7b2awbbynaivb5ck",,,,,,
1983,SEA,LB,OLB,0,ACT,Mark Hicks,Mark,Hicks,1960-11-07,74,225,,,,,,,,,,,,"https://static.www.nfl.com/image/private/f_auto,q_auto/league/gpkiin7odk25x46lhiy1",,,,,,
1983,STL,LB,LB,0,ACT,Craig Shaffer,Craig,Shaffer,1959-03-31,72,230,,,,,,,,,,,,"https://static.www.nfl.com/image/private/f_auto,q_auto/league/egxiotodvsxyltxhwxdc",,,,,,
1983,WAS,OL,G,0,ACT,Bruce Kimball,Bruce,Kimball,1956-08-19,74,260,,,,,,,,,,,,"https://static.www.nfl.com/image/private/f_auto,q_auto/league/fsjgrystflubasazxtzn",,,,,,
1983,STL,OL,C,0,ACT,Randy Clark,Randall,Clark,1957-07-27,75,254,,,,,,,,,,,,"https://static.www.nfl.com/image/private/f_auto,q_auto/league/sqnzgaeoim7brvdxx2sz",,,,,,
1983,WAS,RB,RB,0,ACT,Otis Wonsley,Otis,Wonsley,1957-08-13,70,214,,,,,,,,,,,,"https://static.www.nfl.com/image/private/f_auto,q_auto/league/zi62svljnjzuhwjuv3j6",,,,,,
1983,TB,TE,TE,0,ACT,Jimmie Giles,Jimmie,Giles,1954-11-08,75,225,,,,,,,,,,,,"https://static.www.nfl.com/image/private/f_auto,q_auto/league/u8xh5oxykc5bnchgrmpq",,,,,,
1983,SEA,LB,OLB,0,ACT,Bruce Scholtz,Bruce,Scholtz,1958-09-26,78,240,,,,,,,,,,,,"https://static.www.nfl.com/image/private/f_auto,q_auto/league/uc3s4qzbabylveaa7jtf",,,,,,
1983,TB,DL,DE,0,ACT,Lee Roy Selmon,Lee Roy,Selmon,1954-10-20,75,250,,,,,,,,,,,,"https://static.www.nfl.com/image/private/f_auto,q_auto/league/wkbsaelqyvvqjny5xknk",,,,,,
1983,SEA,LB,LB,0,ACT,Gary Wimmer,Gary,Wimmer,1961-03-09,74,225,,,,,,,,,,,,"https://static.www.nfl.com/image/private/f_auto,q_auto/league/gwhivrej7agjmzxnqkmb",,,,,,
1983,SEA,OL,OT,0,ACT,Steve August,Steven,August,1954-09-04,76,243,,,,,,,,,,,,"https://static.www.nfl.com/image/private/f_auto,q_auto/league/htvbsnnjvacisaaz5zqe",,,,,,
1983,WAS,WR,WR,0,ACT,Mark McGrath,Mark,McGrath,1957-12-17,71,175,,,,,,,,,,,,"https://static.www.nfl.com/image/private/f_auto,q_auto/league/hr9fodvrzzw1cm65h7gn",,,,,,
1983,TB,RB,RB,0,ACT,Terdell Middleton,Terdell,Middleton,1955-04-08,72,198,,,,,,,,,,,,"https://static.www.nfl.com/image/private/f_auto,q_auto/league/fz2icjbtfc1lsrnl3aa6",,,,,,
1983,TB,LB,ILB,0,ACT,Jeff Davis,Jeffrey,Davis,1960-01-26,72,225,,,,,,,,,,,,"https://static.www.nfl.com/image/private/f_auto,q_auto/league/zibthakzlzm2lbf9pyor",,,,,,
1983,SEA,OL,OT,0,ACT,Ron Essink,Ronald,Essink,1958-07-30,78,246,,,,,,,,,,,,"https://static.www.nfl.com/image/private/f_auto,q_auto/league/x9sxqludqdhovemnhipd",,,,,,
1983,WAS,DB,S,0,ACT,Ken Coffey,Kenneth,Coffey,1960-11-07,72,190,,,,,,,,,,,,"https://static.www.nfl.com/image/private/f_auto,q_auto/league/a9vuce1acwin8yq73sy8",,,,,,
1983,SF,LB,ILB,0,ACT,Riki Ellison,Riki,Ellison,1960-08-15,74,220,,,,,,,,,,,,"https://static.www.nfl.com/image/private/f_auto,q_auto/league/bnjhurgbrszu8rtekbyc",,,,,,
1983,WAS,SPEC,K,0,ACT,Mark Moseley,Mark,Moseley,1948-03-12,71,202,,,,,,,,,,,,"https://static.www.nfl.com/image/private/f_auto,q_auto/league/e0nazvgxlhpugswjaxjf",,,,,,
1983,WAS,TE,TE,0,ACT,Mike Williams,Michael,Williams,1959-08-27,76,245,,,,,,,,,,,,"https://static.www.nfl.com/image/private/f_auto,q_auto/league/qqeyyxaowdy1nbmbxotw",,,,,,
1983,WAS,OL,G,0,ACT,Roy Simmons,Roy,Simmons,1956-11-08,75,264,,,,,,,,,,,,"https://static.www.nfl.com/image/private/f_auto,q_auto/league/z4ktd4tqfh5yktrtqznu",,,,,,
1983,SEA,QB,QB,0,ACT,Jim Zorn,James,Zorn,1953-05-10,74,200,,,,,,,,,,,,"https://static.www.nfl.com/image/private/f_auto,q_auto/league/xburzguemvvfk9okdp9e",,,,,,
1983,STL,SPEC,K,0,ACT,Neil O'Donoghue,Cornelius,O'Donoghue,1953-01-18,78,204,,,,,,,,,,,,"https://static.www.nfl.com/image/private/f_auto,q_auto/league/a8otc1abrohtb7ryhakt",,,,,,
1983,WAS,LB,MLB,0,ACT,Neal Olkewicz,Neal,Olkewicz,1957-01-30,72,218,,,,,,,,,,,,"https://static.www.nfl.com/image/private/f_auto,q_auto/league/fsj1icdu1g3paonphq2m",,,,,,
1983,STL,TE,TE,0,ACT,Doug Marsh,Douglas,Marsh,1958-06-18,75,236,,,,,,,,,,,,"https://static.www.nfl.com/image/private/f_auto,q_auto/league/wrxxqaixxlspjflqxxri",,,,,,
1983,TB,RB,RB,0,ACT,Mel Carver,Melvin,Carver,1959-07-14,71,210,,,,,,,,,,,,"https://static.www.nfl.com/image/private/f_auto,q_auto/league/shmtrqnhd1laxetegj8r",,,,,,
1983,SF,DL,DE,0,ACT,Lawrence Pillers,Lawrence,Pillers,1952-11-04,76,250,,,,,,,,,,,,"https://static.www.nfl.com/image/private/f_auto,q_auto/league/tzugceb3oqf1kmddr4jj",,,,,,
1983,WAS,DB,DB,0,ACT,Brian Carpenter,Brian,Carpenter,1960-11-27,70,167,,,,,,,,,,,,"https://static.www.nfl.com/image/private/f_auto,q_auto/league/a3xyest0i8ku6dfphl8t",,,,,,
1983,TB,OL,OT,0,ACT,Gene Sanders,Eugene,Sanders,1956-11-10,75,270,,,,,,,,,,,,"https://static.www.nfl.com/image/private/f_auto,q_auto/league/mfritcrczvt92bspqlt5",,,,,,
1983,STL,WR,WR,0,ACT,Danny Pittman,Danny,Pittman,1958-04-03,74,205,,,,,,,,,,,,"https://static.www.nfl.com/image/private/f_auto,q_auto/league/shksqdtvao3vtitehust",,,,,,
1983,STL,DL,DT,0,ACT,Mark Duda,Mark,Duda,1961-02-04,75,263,,,,,,,,,,,,"https://static.www.nfl.com/image/private/f_auto,q_auto/league/k4boond6cuch7mv75p3v",,,,,,
1983,TB,DB,S,0,ACT,Neal Colzie,Cornelius,Colzie,1953-02-28,74,200,,,,,,,,,,,,"https://static.www.nfl.com/image/private/f_auto,q_auto/league/z9tjqfr0u8mtbxtk9nxf",,,,,,
1983,WAS,LB,LB,0,ACT,Larry Kubin,Lawrence,Kubin,1959-02-26,74,234,,,,,,,,,,,,"https://static.www.nfl.com/image/private/f_auto,q_auto/league/myogb5mzsmhl5s2ewj9p",,,,,,
1983,SF,QB,QB,0,ACT,Guy Benjamin,Guy,Benjamin,1955-06-27,76,210,,,,,,,,,,,,"https://static.www.nfl.com/image/private/f_auto,q_auto/league/mdwqy3is7wjppfpp0zd6",,,,,,
1983,TB,DL,DT,0,ACT,Brad White,Bradley,White,1958-08-18,74,250,,,,,,,,,,,,"https://static.www.nfl.com/image/private/f_auto,q_auto/league/fuq5j2ec93bvvngjmojt",,,,,,
1983,TB,DB,CB,0,ACT,John Holt,John,Holt,1959-05-14,71,180,,,,,,,,,,,,"https://static.www.nfl.com/image/private/f_auto,q_auto/league/gyl0krupsemphzonor93",,,,,,
1983,TB,WR,WR,0,ACT,Gerald Carter,Gerald,Carter,1957-06-19,73,185,,,,,,,,,,,,"https://static.www.nfl.com/image/private/f_auto,q_auto/league/q4db1hbxogakgrydotcz",,,,,,
1983,SF,DL,DT,0,ACT,Jeff Stover,Jeffrey,Stover,1958-05-22,77,275,,,,,,,,,,,,"https://static.www.nfl.com/image/private/f_auto,q_auto/league/koyh66zzkjujfnbr4svf",,,,,,
1983,STL,LB,LB,0,ACT,Chet Parlavecchio,Chester,Parlavecchio,1960-02-14,74,225,,,,,,,,,,,,"https://static.www.nfl.com/image/private/f_auto,q_auto/league/kjk3yoqv0998w8tqvxxh",,,,,,
1983,WAS,OL,G,0,ACT,Ken Huff,Kenneth,Huff,1953-02-21,76,260,,,,,,,,,,,,"https://static.www.nfl.com/image/private/f_auto,q_auto/league/w5n8vixxtaf4we8ascic",,,,,,
1983,SF,SPEC,P,0,ACT,Tom Orosz,Thomas,Orosz,1959-09-26,73,204,,,,,,,,,,,,"https://static.www.nfl.com/image/private/f_auto,q_auto/league/wboahsh5wmss4n2uy8og",,,,,,
1983,WAS,QB,QB,0,ACT,Babe Laufenberg,Hugh,Laufenberg,1959-12-05,74,195,,,,,,,,,,,,"https://static.www.nfl.com/image/private/f_auto,q_auto/league/vqjkbtphevpzecmse0za",,,,,,
1983,TB,DL,DE,0,TRC,Dave Stalls,David,Stalls,1955-09-19,77,250,,,,,,,,,,,,"https://static.www.nfl.com/image/private/f_auto,q_auto/league/mysr3zbmxaeyrn0ktsn5",,,,,,
1983,WAS,WR,WR,0,ACT,Alvin Garrett,Alvin,Garrett,1956-10-01,67,178,,,,,,,,,,,,"https://static.www.nfl.com/image/private/f_auto,q_auto/league/mcv4d8maozl8ftqbzdng",,,,,,
1983,TB,WR,WR,0,ACT,Theo Bell,Theopolis,Bell,1953-12-21,72,190,,,,,,,,,,,,"https://static.www.nfl.com/image/private/f_auto,q_auto/league/tx2pk2nufpwqwlli4nmu",,,,,,
1983,SF,LB,ILB,0,TRD,Ed Judie,Edward,Judie,1959-07-06,74,231,,,,,,,,,,,,"https://static.www.nfl.com/image/private/f_auto,q_auto/league/ahdg1mmchnhhyhirnkuy",,,,,,
1983,SF,WR,WR,0,ACT,Darius Durham,Darius,Durham,1961-05-27,74,195,,,,,,,,,,,,"https://static.www.nfl.com/image/private/f_auto,q_auto/league/jwxtt6aul59f3cmiyb0a",,,,,,
1983,SF,WR,WR,0,ACT,Freddie Solomon,Fred,Solomon,1953-01-11,71,185,,,,,,,,,,,,"https://static.www.nfl.com/image/private/f_auto,q_auto/league/aej5ul7c9bjwmkybroi3",,,,,,
1983,WAS,SPEC,P,0,ACT,Jeff Hayes,Jeffrey,Hayes,1959-08-19,71,175,,,,,,,,,,,,"https://static.www.nfl.com/image/private/f_auto,q_auto/league/k0f0zkih0o8y2uilw9il",,,,,,
1983,STL,QB,QB,0,ACT,Neil Lomax,Neil,Lomax,1959-02-17,75,215,,,,,,,,,,,,"https://static.www.nfl.com/image/private/f_auto,q_auto/league/hicme3xr4rub1jc6ixsr",,,,,,
1983,WAS,DB,DB,0,ACT,Dave Stief,David,Stief,1956-01-29,75,195,,,,,,,,,,,,"https://static.www.nfl.com/image/private/f_auto,q_auto/league/gsbn9ncddqtfxqzv7vhb",,,,,,
1983,STL,SPEC,P,0,ACT,Carl Birdsong,George,Birdsong,1959-01-01,72,192,,,,,,,,,,,,"https://static.www.nfl.com/image/private/f_auto,q_auto/league/flek8qed6tbsmfrkncy3",,,,,,
1983,SF,TE,TE,0,ACT,Russ Francis,Russell,Francis,1953-04-03,78,240,,,,,,,,,,,,"https://static.www.nfl.com/image/private/f_auto,q_auto/league/mery59a5g4kfrlcm9rax",,,,,,
1983,TB,LB,ILB,0,ACT,Richard Wood,Richard,Wood,1953-05-31,74,230,,,,,,,,,,,,"https://static.www.nfl.com/image/private/f_auto,q_auto/league/slgowhwu1j1zsfzcb0bh",,,,,,
1983,WAS,RB,RB,0,ACT,John Riggins,Robert,Riggins,1949-08-04,74,230,,,,,,,,,,,,"https://static.www.nfl.com/image/private/f_auto,q_auto/league/wehkyczr6mbhgqeeon5i",,,,,,
1983,STL,OL,G,0,ACT,Terry Stieve,Terrence,Stieve,1954-03-10,74,265,,,,,,,,,,,,"https://static.www.nfl.com/image/private/f_auto,q_auto/league/helhzjz79a3bui5gnbde",,,,,,
1983,TB,OL,OT,0,ACT,Dave Reavis,David,Reavis,1950-06-19,77,257,,,,,,,,,,,,"https://static.www.nfl.com/image/private/f_auto,q_auto/league/jy2logpdwlbcqnovaq2x",,,,,,
1983,TB,WR,WR,0,ACT,Kevin House,Kevin,House,1957-12-20,73,175,,,,,,,,,,,,"https://static.www.nfl.com/image/private/f_auto,q_auto/league/ytqmyq3n1nlhglmn9rlw",,,,,,
1983,WAS,QB,QB,0,ACT,Bob Holly,Robert,Holly,1960-06-01,74,205,,,,,,,,,,,,"https://static.www.nfl.com/image/private/f_auto,q_auto/league/iyn6arywmtzoakrpyrbp",,,,,,
1983,WAS,DB,DB,0,ACT,Mike Nelms,Michael,Nelms,1955-04-08,73,185,,,,,,,,,,,,"https://static.www.nfl.com/image/private/f_auto,q_auto/league/jpdipn59bccdb3qigyuo",,,,,,
