season,team,position,depth_chart_position,jersey_number,status,full_name,first_name,last_name,birth_date,height,weight,college,gsis_id,espn_id,sportradar_id,yahoo_id,rotowire_id,pff_id,pfr_id,fantasy_data_id,sleeper_id,years_exp,headshot_url,esb_id,gsis_it_id,smart_id,entry_year,rookie_year,draft_club
1967,ATL,DB,DB,0,ACT,Tom Bleick,Thomas,Bleick,1943-03-21,74,200,,,,,,,,,,,,"https://static.www.nfl.com/image/private/f_auto,q_auto/league/vqtf7svdhhglabk03ejs",,,,,,
1967,ATL,DB,DB,0,ACT,Lee Calland,Arthur,Calland,1941-09-14,72,190,,,,,,,,,,,,"https://static.www.nfl.com/image/private/f_auto,q_auto/league/peusb8scczqtsvjmwbkr",,,,,,
1967,ATL,DB,DB,0,ACT,Mike Fitzgerald,Michael,Fitzgerald,1941-05-04,70,180,,,,,,,,,,,,"https://static.www.nfl.com/image/private/f_auto,q_auto/league/pov0t2dcqwwqz4xlkkn3",,,,,,
1967,ATL,DB,DB,0,ACT,Floyd Hudlow,Floyd,Hudlow,1943-11-09,71,195,,,,,,,,,,,,"https://static.www.nfl.com/image/private/f_auto,q_auto/league/cysyhzfecgl57suww0w2",,,,,,
1967,ATL,DB,DB,0,ACT,Nick Rassas,Nicholas,Rassas,1944-01-13,72,190,,,,,,,,,,,,"https://static.www.nfl.com/image/private/f_auto,q_auto/league/xnh2sqt2xjg0mma0xcuv",,,,,,
1967,ATL,DB,DB,0,ACT,Ken Reaves,Kenneth,Reaves,1944-10-29,75,210,,,,,,,,,,,,"https://static.www.nfl.com/image/private/f_auto,q_auto/league/ohhodoxehgijbynw8fue",,,,,,
1967,ATL,DB,DB,0,ACT,Jerry Richardson,Jerry,Richardson,1941-11-13,75,190,,,,,,,,,,,,"https://static.www.nfl.com/image/private/f_auto,q_auto/league/oln7eitvugvtnw69xlm8",,,,,,
1967,ATL,DB,DB,0,ACT,Bob Riggle,Robert,Riggle,1944-02-05,73,200,,,,,,,,,,,,"https://static.www.nfl.com/image/private/f_auto,q_auto/league/wabzbpqkzc9h85sidtff",,,,,,
1967,ATL,DL,DE,0,ACT,Bob Hughes,Robert,Hughes,1944-11-17,76,236,,,,,,,,,,,,"https://static.www.nfl.com/image/private/f_auto,q_auto/league/sbqlowkmk19jov3g8fnj",,,,,,
1967,ATL,DL,DE,0,ACT,Jim Norton,James,Norton,1942-11-18,76,254,,,,,,,,,,,,"https://static.www.nfl.com/image/private/f_auto,q_auto/league/lakpci8ueryvnlgifg4q",,,,,,
1967,ATL,DL,DE,0,ACT,Bobby Richards,Robert,Richards,1938-10-02,74,245,,,,,,,,,,,,"https://static.www.nfl.com/image/private/f_auto,q_auto/league/dtwxsa5tqq4vtykvqdsu",,,,,,
1967,ATL,DL,DT,0,ACT,Karl Rubke,Karl,Rubke,1935-12-06,76,239,,,,,,,,,,,,"https://static.www.nfl.com/image/private/f_auto,q_auto/league/ssveivytoimppy6uot3w",,,,,,
1967,ATL,DL,DT,0,ACT,Chuck Sieminski,Charles,Sieminski,1940-07-03,77,270,,,,,,,,,,,,"https://static.www.nfl.com/image/private/f_auto,q_auto/league/xankwq8moi2wlwuia1c2",,,,,,
1967,ATL,DL,DT,0,ACT,Joe Szczecko,Joseph,Szczecko,1942-08-25,72,245,,,,,,,,,,,,"https://static.www.nfl.com/image/private/f_auto,q_auto/league/ahw8cujsag5rlckc6qed",,,,,,
1967,ATL,DL,DE,0,ACT,Sam Williams,Samuel,Williams,1931-03-09,77,235,,,,,,,,,,,,"https://static.www.nfl.com/image/private/f_auto,q_auto/league/tgcdwnroxtirhu7ewwl7",,,,,,
1967,ATL,DL,DE,0,ACT,Bo Wood,Charles,Wood,1945-01-24,75,235,,,,,,,,,,,,"https://static.www.nfl.com/image/private/f_auto,q_auto/league/r8bwqlwrb2hp029rrjnh",,,,,,
1967,ATL,K,K,0,ACT,Wade Traynham,Wade,Traynham,1942-02-03,74,218,,,,,,,,,,,,"https://static.www.nfl.com/image/private/f_auto,q_auto/league/d03b7v1hid0ql67v8blc",,,,,,
1967,ATL,LB,LB,0,ACT,Dick Absher,Richard,Absher,1944-04-19,76,230,,,,,,,,,,,,"https://static.www.nfl.com/image/private/f_auto,q_auto/league/fs1mju0l9cqz2izrcdmb",,,,,,
1967,ATL,LB,LB,0,ACT,Andy Bowling,Andrew,Bowling,1945-09-25,74,235,,,,,,,,,,,,"https://static.www.nfl.com/image/private/f_auto,q_auto/league/s5f1e2ph2tkgmpkk9nqn",,,,,,
1967,ATL,LB,LB,0,ACT,Ralph Heck,Ralph,Heck,1941-11-06,73,230,,,,,,,,,,,,"https://static.www.nfl.com/image/private/f_auto,q_auto/league/fe8wfizungapqossp5gw",,,,,,
1967,ATL,LB,LB,0,ACT,Tommy Nobis,Thomas,Nobis,1943-09-20,74,240,,,,,,,,,,,,"https://static.www.nfl.com/image/private/f_auto,q_auto/league/a0mc3dujiz40oyvexe5m",,,,,,
1967,ATL,LB,LB,0,ACT,Marion Rushing,Marion,Rushing,1936-09-03,74,230,,,,,,,,,,,,"https://static.www.nfl.com/image/private/f_auto,q_auto/league/y4hvzppg22ugsel7jbju",,,,,,
1967,ATL,LB,LB,0,ACT,Bob Sanders,Robert,Sanders,1943-06-09,75,235,,,,,,,,,,,,"https://static.www.nfl.com/image/private/f_auto,q_auto/league/faol0l0ey8gkd92hznm1",,,,,,
1967,ATL,OL,G,0,ACT,Ed Cook,Edward,Cook,1932-06-29,74,245,,,,,,,,,,,,"https://static.www.nfl.com/image/private/f_auto,q_auto/league/wmue6d3nhoerqttuaexd",,,,,,
1967,ATL,OL,G,0,ACT,Dan Grimm,Daniel,Grimm,1941-02-07,75,245,,,,,,,,,,,,"https://static.www.nfl.com/image/private/f_auto,q_auto/league/spfwf4980lii0poippbd",,,,,,
1967,ATL,OL,G,0,ACT,Tom Harmon,Thomas,Harmon,1945-07-01,76,238,,,,,,,,,,,,"https://static.www.nfl.com/image/private/f_auto,q_auto/league/iymkz8bjfwmsqjh20hci",,,,,,
1967,ATL,OL,G,0,ACT,Lou Kirouac,Louis,Kirouac,1940-05-17,75,248,,,,,,,,,,,,"https://static.www.nfl.com/image/private/f_auto,q_auto/league/hwaqs2owcb3ceysrhddu",,,,,,
1967,ATL,OL,G,0,ACT,Jake Kupp,Jacob,Kupp,1941-03-12,75,248,,,,,,,,,,,,"https://static.www.nfl.com/image/private/f_auto,q_auto/league/voiuk7nvs7vu8xcem4wn",,,,,,
1967,ATL,OL,OT,0,ACT,Errol Linden,Errol,Linden,1937-10-21,77,260,,,,,,,,,,,,"https://static.www.nfl.com/image/private/f_auto,q_auto/league/lu0d8juydxpwgkz1epmf",,,,,,
1967,ATL,OL,C,0,ACT,Frank Marchlewski,Frank,Marchlewski,1943-10-14,74,240,,,,,,,,,,,,"https://static.www.nfl.com/image/private/f_auto,q_auto/league/lafyxa9evlrvw0iwyfu6",,,,,,
1967,ATL,OL,OT,0,ACT,Bill Sandeman,William,Sandeman,1942-11-30,78,252,,,,,,,,,,,,"https://static.www.nfl.com/image/private/f_auto,q_auto/league/cocnxcem3tgqteceoljg",,,,,,
1967,ATL,OL,G,0,ACT,Jim Simon,James,Simon,1940-03-22,76,240,,,,,,,,,,,,"https://static.www.nfl.com/image/private/f_auto,q_auto/league/tswkq6fxpujplrvkme4p",,,,,,
1967,ATL,OL,OT,0,ACT,Don Talbert,Don,Talbert,1939-03-01,77,255,,,,,,,,,,,,"https://static.www.nfl.com/image/private/f_auto,q_auto/league/awpxadqir1j4trfzla1d",,,,,,
1967,ATL,OL,OT,0,ACT,Jim Wilson,James,Wilson,1942-06-12,75,258,,,,,,,,,,,,"https://static.www.nfl.com/image/private/f_auto,q_auto/league/yepngubm3nhkueknk2pr",,,,,,
1967,ATL,QB,QB,0,ACT,Randy Johnson,Randolph,Johnson,1944-06-17,75,205,,,,,,,,,,,,"https://static.www.nfl.com/image/private/f_auto,q_auto/league/yfdq4thuxhxcezen6iey",,,,,,
1967,ATL,QB,QB,0,ACT,Billy Lothridge,Billy,Lothridge,1942-01-01,74,194,,,,,,,,,,,,"https://static.www.nfl.com/image/private/f_auto,q_auto/league/enm26dmp863iz6mozcey",,,,,,
1967,ATL,QB,QB,0,ACT,Terry Nofsinger,William,Nofsinger,1938-07-13,76,215,,,,,,,,,,,,"https://static.www.nfl.com/image/private/f_auto,q_auto/league/chshatlplnsslhuauenw",,,,,,
1967,ATL,QB,QB,0,ACT,Steve Sloan,Stephen,Sloan,1944-08-19,72,185,,,,,,,,,,,,"https://static.www.nfl.com/image/private/f_auto,q_auto/league/xgbkasax3a9b8z0vnp9f",,,,,,
1967,ATL,RB,RB,0,ACT,Junior Coffey,Junior,Coffey,1942-03-21,74,215,,,,,,,,,,,,"https://static.www.nfl.com/image/private/f_auto,q_auto/league/yjv0bhfvg7qvgsxokpuf",,,,,,
1967,ATL,RB,RB,0,ACT,Perry Lee Dunn,Perry,Dunn,1941-01-20,74,210,,,,,,,,,,,,"https://static.www.nfl.com/image/private/f_auto,q_auto/league/p9415hjr73cwmdsvrxkp",,,,,,
1967,ATL,RB,HB,0,TRT,Alex Hawkins,Chilton,Hawkins,1937-07-02,72,186,,,,,,,,,,,,"https://static.www.nfl.com/image/private/f_auto,q_auto/league/v3hzainyfav8minki5at",,,,,,
1967,ATL,RB,RB,0,ACT,Jim Mankins,James,Mankins,1944-06-23,73,215,,,,,,,,,,,,"https://static.www.nfl.com/image/private/f_auto,q_auto/league/tlffxpndoxiirsuyqt3n",,,,,,
1967,ATL,RB,HB,0,ACT,Tom Moore,Thomas,Moore,1938-07-17,74,215,,,,,,,,,,,,"https://static.www.nfl.com/image/private/f_auto,q_auto/league/dqcoold7yju9o1zvcwgg",,,,,,
1967,ATL,RB,RB,0,ACT,Ron Rector,Ronald,Rector,1944-05-29,72,200,,,,,,,,,,,,"https://static.www.nfl.com/image/private/f_auto,q_auto/league/s1mwi8ew0vxr57rziyza",,,,,,
1967,ATL,RB,RB,0,TRC,Ernie Wheelwright,Ernest,Wheelwright,1939-11-28,75,239,,,,,,,,,,,,"https://static.www.nfl.com/image/private/f_auto,q_auto/league/kdu6fue2iqdn42hhjcy8",,,,,,
1967,ATL,TE,TE,0,ACT,Taz Anderson,Tazwell,Anderson,1938-11-15,74,220,,,,,,,,,,,,"https://static.www.nfl.com/image/private/f_auto,q_auto/league/hddkhj23yz0rne19uvuq",,,,,,
1967,ATL,TE,TE,0,ACT,Billy Martin,Jake,Martin,1942-10-27,76,235,,,,,,,,,,,,"https://static.www.nfl.com/image/private/f_auto,q_auto/league/gbphubnz487dbj5ykyfp",,,,,,
1967,ATL,TE,TE,0,ACT,Ray Ogden,Raymond,Ogden,1942-09-02,77,225,,,,,,,,,,,,"https://static.www.nfl.com/image/private/f_auto,q_auto/league/cipulzarrbntgpjcygdt",,,,,,
1967,ATL,WR,WR,0,ACT,Gary Barnes,Gary,Barnes,1939-09-13,76,200,,,,,,,,,,,,"https://static.www.nfl.com/image/private/f_auto,q_auto/league/vp3cwuvze7znpedks8l8",,,,,,
1967,ATL,WR,WR,0,ACT,Tommy McDonald,Thomas,McDonald,1934-07-26,69,175,,,,,,,,,,,,"https://static.www.nfl.com/image/private/f_auto,q_auto/league/npgauvcjnh8dvxadcrpy",,,,,,
1967,ATL,WR,WR,0,ACT,Jerry Simmons,Jerry,Simmons,1942-11-14,72,190,,,,,,,,,,,,"https://static.www.nfl.com/image/private/f_auto,q_auto/league/tzcmpiqqnsvfdrdbumib",,,,,,
1967,ATL,WR,WR,0,ACT,Ron Smith,Ronald,Smith,1943-05-03,73,195,,,,,,,,,,,,"https://static.www.nfl.com/image/private/f_auto,q_auto/league/xlmwyxbvykux139pcg9d",,,,,,
1967,BAL,DB,DB,0,ACT,Bobby Boyd,Robert,Boyd,1937-12-03,71,195,,,,,,,,,,,,"https://static.www.nfl.com/image/private/f_auto,q_auto/league/s1mnhvo1opjdvdv8uv7t",,,,,,
1967,BAL,DB,DB,0,ACT,George Harold,George,Harold,1942-04-13,75,194,,,,,,,,,,,,"https://static.www.nfl.com/image/private/f_auto,q_auto/league/v8nvsiimrrod9vjdujgg",,,,,,
1967,BAL,DB,DB,0,ACT,Alvin Haymond,Alvin,Haymond,1942-08-31,72,194,,,,,,,,,,,,"https://static.www.nfl.com/image/private/f_auto,q_auto/league/r4ird5r8gh0aljppmsdy",,,,,,
1967,BAL,DB,DB,0,ACT,Jerry Logan,Jerry,Logan,1941-08-27,73,185,,,,,,,,,,,,"https://static.www.nfl.com/image/private/f_auto,q_auto/league/ue5oxrnkisqaanutn8mj",,,,,,
1967,BAL,DB,DB,0,ACT,Lenny Lyles,Leonard,Lyles,1936-01-26,74,202,,,,,,,,,,,,"https://static.www.nfl.com/image/private/f_auto,q_auto/league/qgrfrpporw1hnjgzs61s",,,,,,
1967,BAL,DB,DB,0,ACT,Charlie Stukes,Charles,Stukes,1943-09-13,75,212,,,,,,,,,,,,"https://static.www.nfl.com/image/private/f_auto,q_auto/league/d0svqenstbq6vxfjitbp",,,,,,
1967,BAL,DB,DB,0,ACT,Rick Volk,Richard,Volk,1945-03-15,75,195,,,,,,,,,,,,"https://static.www.nfl.com/image/private/f_auto,q_auto/league/xnczrieszwryvlonqr3q",,,,,,
1967,BAL,DB,DB,0,ACT,Jim Welch,James,Welch,1938-03-17,72,196,,,,,,,,,,,,"https://static.www.nfl.com/image/private/f_auto,q_auto/league/wpry5v1qpe2qqia86m2i",,,,,,
1967,BAL,DL,DE,0,ACT,Ordell Braase,Ordell,Braase,1932-03-13,76,245,,,,,,,,,,,,"https://static.www.nfl.com/image/private/f_auto,q_auto/league/wbpekjvxsmyosngfgikk",,,,,,
1967,BAL,DL,DE,0,ACT,Roy Hilton,Roy,Hilton,1943-03-23,78,240,,,,,,,,,,,,"https://static.www.nfl.com/image/private/f_auto,q_auto/league/eqk0nzbnxeskeprlpfwb",,,,,,
1967,BAL,DL,DE,0,ACT,Lou Michaels,Louis,Michaels,1935-09-28,74,250,,,,,,,,,,,,"https://static.www.nfl.com/image/private/f_auto,q_auto/league/fxi8an4a1kiyps7qvbkd",,,,,,
1967,BAL,DL,DT,0,ACT,Fred Miller,Frederick,Miller,1940-08-08,75,250,,,,,,,,,,,,"https://static.www.nfl.com/image/private/f_auto,q_auto/league/p9hzejfndu7a0pkl1bsh",,,,,,
1967,BAL,DL,DT,0,ACT,Billy Ray Smith,Billy,Smith,1935-01-27,76,250,,,,,,,,,,,,"https://static.www.nfl.com/image/private/f_auto,q_auto/league/sf9rxrdvsnyk1klm9qae",,,,,,
1967,BAL,DL,DT,0,ACT,Bubba Smith,Charles,Smith,1945-02-28,79,265,,,,,,,,,,,,"https://static.www.nfl.com/image/private/f_auto,q_auto/league/a8xdzojdjkkyl806vxjv",,,,,,
1967,BAL,DL,DE,0,ACT,Andy Stynchula,Andrew,Stynchula,1939-01-07,75,250,,,,,,,,,,,,"https://static.www.nfl.com/image/private/f_auto,q_auto/league/zclpyuvvbvusu1oqpqyj",,,,,,
1967,BAL,LB,LB,0,ACT,Barry Brown,Joseph,Brown,1943-04-17,75,230,,,,,,,,,,,,"https://static.www.nfl.com/image/private/f_auto,q_auto/league/edwcdxjqbhwapk0bbk16",,,,,,
1967,BAL,LB,LB,0,ACT,Bill Curry,William,Curry,1942-10-21,75,235,,,,,,,,,,,,"https://static.www.nfl.com/image/private/f_auto,q_auto/league/ckebttchwzkuzvrtytl6",,,,,,
1967,BAL,LB,LB,0,ACT,Mike Curtis,James,Curtis,1943-03-27,75,232,,,,,,,,,,,,"https://static.www.nfl.com/image/private/f_auto,q_auto/league/ikse0njgggzfpgreqxbk",,,,,,
1967,BAL,LB,LB,0,ACT,Dennis Gaubatz,Dennis,Gaubatz,1940-02-11,74,232,,,,,,,,,,,,"https://static.www.nfl.com/image/private/f_auto,q_auto/league/uzfyzkl7uen3hafoltcn",,,,,,
1967,BAL,LB,LB,0,ACT,Ron Porter,Ronald,Porter,1945-07-27,75,232,,,,,,,,,,,,"https://static.www.nfl.com/image/private/f_auto,q_auto/league/tmz8eyv37fuvqibbi41w",,,,,,
1967,BAL,LB,LB,0,ACT,Don Shinnick,Donald,Shinnick,1935-05-15,72,228,,,,,,,,,,,,"https://static.www.nfl.com/image/private/f_auto,q_auto/league/n7k8fpx8pfi1ymoqwgbg",,,,,,
1967,BAL,OL,OT,0,ACT,Sam Ball,Samuel,Ball,1944-06-01,76,250,,,,,,,,,,,,"https://static.www.nfl.com/image/private/f_auto,q_auto/league/ltwabsknr7vf8di9ntoj",,,,,,
1967,BAL,OL,G,0,ACT,Norman Davis,Norman,Davis,1945-08-08,74,245,,,,,,,,,,,,"https://static.www.nfl.com/image/private/f_auto,q_auto/league/dhrs4wvkxkgerjqoo88c",,,,,,
1967,BAL,OL,G,0,ACT,Dale Memmelaar,Dale,Memmelaar,1937-01-15,74,247,,,,,,,,,,,,"https://static.www.nfl.com/image/private/f_auto,q_auto/league/wwd0wmhrqtu1jyp65ola",,,,,,
1967,BAL,OL,OT,0,ACT,Jim Parker,James,Parker,1934-04-03,75,273,,,,,,,,,,,,"https://static.www.nfl.com/image/private/f_auto,q_auto/league/npocgu8pu2ktwudqqfbw",,,,,,
1967,BAL,OL,G,0,ACT,Glenn Ressler,Glenn,Ressler,1943-05-21,75,250,,,,,,,,,,,,"https://static.www.nfl.com/image/private/f_auto,q_auto/league/gpakqpsr3wvprito8gt7",,,,,,
1967,BAL,OL,G,0,ACT,Dan Sullivan,Daniel,Sullivan,1939-09-01,75,250,,,,,,,,,,,,"https://static.www.nfl.com/image/private/f_auto,q_auto/league/n4e6oeasdrz27up6fmyw",,,,,,
1967,BAL,OL,C,0,ACT,Dick Szymanski,Richard,Szymanski,1932-10-07,75,235,,,,,,,,,,,,"https://static.www.nfl.com/image/private/f_auto,q_auto/league/slxjtnlxejn70yon9slp",,,,,,
1967,BAL,OL,OT,0,ACT,Bob Vogel,Robert,Vogel,1941-09-23,77,250,,,,,,,,,,,,"https://static.www.nfl.com/image/private/f_auto,q_auto/league/k0xjjghv5nh0vhl3r1v3",,,,,,
1967,BAL,P,P,0,ACT,David Lee,David,Lee,1943-11-08,76,230,,,,,,,,,,,,"https://static.www.nfl.com/image/private/f_auto,q_auto/league/d0tz3bgqqrvrnhbbpmaa",,,,,,
1967,BAL,QB,QB,0,ACT,Johnny Unitas,John,Unitas,1933-05-07,73,196,,,,,,,,,,,,"https://static.www.nfl.com/image/private/f_auto,q_auto/league/ryyhrju5pbye3y5jm52g",,,,,,
1967,BAL,QB,QB,0,ACT,Jim Ward,James,Ward,1944-07-16,74,196,,,,,,,,,,,,"https://static.www.nfl.com/image/private/f_auto,q_auto/league/zezpjbo9kxva71nx0sfa",,,,,,
1967,BAL,RB,RB,0,ACT,Jerry Hill,Gerald,Hill,1939-10-12,71,210,,,,,,,,,,,,"https://static.www.nfl.com/image/private/f_auto,q_auto/league/pbtxivx6rmxxbk4ob8lh",,,,,,
1967,BAL,RB,RB,0,ACT,Tony Lorick,William,Lorick,1941-05-25,73,217,,,,,,,,,,,,"https://static.www.nfl.com/image/private/f_auto,q_auto/league/xfgnqwfwkaqqaeiqoi0c",,,,,,
1967,BAL,RB,RB,0,ACT,Tom Matte,Thomas,Matte,1939-06-14,72,214,,,,,,,,,,,,"https://static.www.nfl.com/image/private/f_auto,q_auto/league/fqpldsh0xge0d9tk8pfc",,,,,,
1967,BAL,RB,RB,0,ACT,Lenny Moore,Leonard,Moore,1933-11-25,73,191,,,,,,,,,,,,"https://static.www.nfl.com/image/private/f_auto,q_auto/league/hte207g1rx94itr0k4fn",,,,,,
1967,BAL,RB,RB,0,ACT,Preston Pearson,Preston,Pearson,1945-01-17,73,205,,,,,,,,,,,,"https://static.www.nfl.com/image/private/f_auto,q_auto/league/mx01aacbm1dphkcxwi1c",,,,,,
1967,BAL,TE,TE,0,ACT,John Mackey,John,Mackey,1941-09-24,74,224,,,,,,,,,,,,"https://static.www.nfl.com/image/private/f_auto,q_auto/league/svjr8mrjiy2wpuxtcjc2",,,,,,
1967,BAL,TE,TE,0,ACT,Butch Wilson,George,Wilson,1941-09-18,74,228,,,,,,,,,,,,"https://static.www.nfl.com/image/private/f_auto,q_auto/league/jxhwlfj2hxaepc87cewr",,,,,,
1967,BAL,WR,WR,0,ACT,Don Alley,Donald,Alley,1945-04-21,74,200,,,,,,,,,,,,"https://static.www.nfl.com/image/private/f_auto,q_auto/league/tpv9xinllrjlwoo0s3bg",,,,,,
1967,BAL,WR,WR,0,ACT,Raymond Berry,Raymond,Berry,1933-02-27,74,187,,,,,,,,,,,,"https://static.www.nfl.com/image/private/f_auto,q_auto/league/rnjuiejf98ndt24oiost",,,,,,
1967,BAL,WR,WR,0,ACT,Alex Hawkins,Chilton,Hawkins,1937-07-02,72,186,,,,,,,,,,,,"https://static.www.nfl.com/image/private/f_auto,q_auto/league/v3hzainyfav8minki5at",,,,,,
1967,BAL,WR,WR,0,ACT,Jimmy Orr,James,Orr,1935-10-04,71,175,,,,,,,,,,,,"https://static.www.nfl.com/image/private/f_auto,q_auto/league/v4tihahfqtiskv3gbcni",,,,,,
1967,BAL,WR,WR,0,ACT,Ray Perkins,Walter,Perkins,1941-12-06,75,183,,,,,,,,,,,,"https://static.www.nfl.com/image/private/f_auto,q_auto/league/pyinogwtsv5tbvl0e4gy",,,,,,
1967,BAL,WR,WR,0,ACT,Willie Richardson,Willie,Richardson,1939-11-17,73,198,,,,,,,,,,,,"https://static.www.nfl.com/image/private/f_auto,q_auto/league/ovhylkk559gyfco8ux09",,,,,,
1967,BOS,DB,DB,0,ACT,John Charles,John,Charles,1944-05-09,72,205,,,,,,,,,,,,"https://static.www.nfl.com/image/private/f_auto,q_auto/league/thquzpqrx72fyfplo5ob",,,,,,
1967,BOS,DB,DB,0,ACT,Jay Cunningham,Jay,Cunningham,1943-10-09,70,185,,,,,,,,,,,,"https://static.www.nfl.com/image/private/f_auto,q_auto/league/sefgsbp2pmj8i26m9dkb",,,,,,
1967,BOS,DB,DB,0,ACT,White Graves,White,Graves,1942-03-20,72,190,,,,,,,,,,,,"https://static.www.nfl.com/image/private/f_auto,q_auto/league/huofgdcwwtr0w3h1okkf",,,,,,
1967,BOS,DB,DB,0,ACT,Ron Hall,Ronald,Hall,1937-04-30,72,190,,,,,,,,,,,,"https://static.www.nfl.com/image/private/f_auto,q_auto/league/tu9mjdykajqrelqvzyfb",,,,,,
1967,BOS,DB,DB,0,ACT,Billy Johnson,William,Johnson,1943-02-19,70,180,,,,,,,,,,,,"https://static.www.nfl.com/image/private/f_auto,q_auto/league/cwdmj560pzw60yw4tiys",,,,,,
1967,BOS,DB,DB,0,ACT,Leroy Mitchell,Leroy,Mitchell,1944-09-22,73,190,,,,,,,,,,,,"https://static.www.nfl.com/image/private/f_auto,q_auto/league/znjrccrkvtzxtwvora6j",,,,,,
1967,BOS,DB,DB,0,ACT,Vic Purvis,James,Purvis,1943-11-17,71,190,,,,,,,,,,,,"https://static.www.nfl.com/image/private/f_auto,q_auto/league/bx0rudhtjw6area1bwom",,,,,,
1967,BOS,DB,DB,0,ACT,Chuck Shonta,Charles,Shonta,1937-08-29,72,200,,,,,,,,,,,,"https://static.www.nfl.com/image/private/f_auto,q_auto/league/yxeplpgclp41xb9qsnjo",,,,,,
1967,BOS,DB,DB,0,ACT,Don Webb,Donald,Webb,1939-05-22,70,182,,,,,,,,,,,,"https://static.www.nfl.com/image/private/f_auto,q_auto/league/peclcrv85kuow1m0qtjv",,,,,,
1967,BOS,DL,DT,0,ACT,Houston Antwine,Houston,Antwine,1939-04-11,72,270,,,,,,,,,,,,"https://static.www.nfl.com/image/private/f_auto,q_auto/league/tgzzek0kmmcbjfs7wbqr",,,,,,
1967,BOS,DL,DE,0,ACT,Bob Dee,Robert,Dee,1933-05-18,75,248,,,,,,,,,,,,"https://static.www.nfl.com/image/private/f_auto,q_auto/league/so7nuoruktuus1cn7mic",,,,,,
1967,BOS,DL,DE,0,ACT,Larry Eisenhauer,Lawrence,Eisenhauer,1940-02-22,77,250,,,,,,,,,,,,"https://static.www.nfl.com/image/private/f_auto,q_auto/league/vdvgur4leldgbqyb7aow",,,,,,
1967,BOS,DL,DE,0,ACT,Tom Fussell,Thomas,Fussell,1945-05-25,75,250,,,,,,,,,,,,"https://static.www.nfl.com/image/private/f_auto,q_auto/league/m0g06conmvxjkvopjepr",,,,,,
1967,BOS,DL,DT,0,ACT,Jim Hunt,Jimmie,Hunt,1938-10-05,71,250,,,,,,,,,,,,"https://static.www.nfl.com/image/private/f_auto,q_auto/league/igvwl2wjdvjwa3qbtrgw",,,,,,
1967,BOS,DL,DT,0,ACT,John Mangum,John,Mangum,1942-09-30,73,270,,,,,,,,,,,,"https://static.www.nfl.com/image/private/f_auto,q_auto/league/k4lvlrltz8jcvh2ey7db",,,,,,
1967,BOS,DL,DT,0,ACT,Ed Toner,Edward,Toner,1944-09-11,74,250,,,,,,,,,,,,"https://static.www.nfl.com/image/private/f_auto,q_auto/league/fu8gc7uahdrhfd69nxa7",,,,,,
1967,BOS,DL,DE,0,ACT,Mel Witt,Hillery,Witt,1945-11-23,75,250,,,,,,,,,,,,"https://static.www.nfl.com/image/private/f_auto,q_auto/league/cn6iv3pazmsuxlgtcbtd",,,,,,
1967,BOS,LB,LB,0,ACT,Tommy Addison,Tommy,Addison,1936-04-12,74,230,,,,,,,,,,,,"https://static.www.nfl.com/image/private/f_auto,q_auto/league/iuutje1knvjwhzgulndj",,,,,,
1967,BOS,LB,MLB,0,ACT,Nick Buoniconti,Nicholas,Buoniconti,1940-12-15,71,220,,,,,,,,,,,,"https://static.www.nfl.com/image/private/f_auto,q_auto/league/rkymiemvrjkqxatdqvrs",,,,,,
1967,BOS,LB,LB,0,ACT,Ray Ilg,Raymond,Ilg,1945-11-25,73,220,,,,,,,,,,,,"https://static.www.nfl.com/image/private/f_auto,q_auto/league/tdojaftc8hvphyqrf2ok",,,,,,
1967,BOS,LB,LB,0,ACT,Ed Philpott,Edward,Philpott,1945-09-14,75,240,,,,,,,,,,,,"https://static.www.nfl.com/image/private/f_auto,q_auto/league/ohosatu45jkwsul4nv88",,,,,,
1967,BOS,LB,LB,0,ACT,Doug Satcher,Douglas,Satcher,1945-05-28,72,220,,,,,,,,,,,,"https://static.www.nfl.com/image/private/f_auto,q_auto/league/vsjb9ska4ftbpokobvii",,,,,,
1967,BOS,OL,OT,0,ACT,Jim Boudreaux,James,Boudreaux,1944-10-11,76,260,,,,,,,,,,,,"https://static.www.nfl.com/image/private/f_auto,q_auto/league/j8bicks6et9i7vlm1o7q",,,,,,
1967,BOS,OL,G,0,ACT,Justin Canale,Justin,Canale,1943-04-11,74,250,,,,,,,,,,,,"https://static.www.nfl.com/image/private/f_auto,q_auto/league/kmt67vfpcyi2za7ba8v4",,,,,,
1967,BOS,OL,G,0,ACT,Charley Long,Charles,Long,1938-04-06,76,260,,,,,,,,,,,,"https://static.www.nfl.com/image/private/f_auto,q_auto/league/qa2hmvjzp3tb0m5tjrs5",,,,,,
1967,BOS,OL,C,0,ACT,Jon Morris,Jon,Morris,1942-04-05,76,254,,,,,,,,,,,,"https://static.www.nfl.com/image/private/f_auto,q_auto/league/lhjpwbi4j91pqxa9f7hg",,,,,,
1967,BOS,OL,OT,0,ACT,Tom Neville,Thomas,Neville,1943-08-12,76,260,,,,,,,,,,,,"https://static.www.nfl.com/image/private/f_auto,q_auto/league/eji7gywhax2rjwwdfv4p",,,,,,
1967,BOS,OL,OT,0,ACT,Don Oakes,Donald,Oakes,1938-07-22,76,255,,,,,,,,,,,,"https://static.www.nfl.com/image/private/f_auto,q_auto/league/eu0kuhyj3ikei2fpsyff",,,,,,
1967,BOS,OL,OT,0,ACT,Karl Singer,Karl,Singer,1943-10-12,75,250,,,,,,,,,,,,"https://static.www.nfl.com/image/private/f_auto,q_auto/league/qnalynwawlqm4l3pqnl9",,,,,,
1967,BOS,OL,G,0,ACT,Len St. Jean,Leonard,St. Jean,1941-10-27,71,250,,,,,,,,,,,,"https://static.www.nfl.com/image/private/f_auto,q_auto/league/e6xev8soqn7dokbkdxle",,,,,,
1967,BOS,P,P,0,ACT,Terry Swanson,Terry,Swanson,1944-01-08,72,210,,,,,,,,,,,,"https://static.www.nfl.com/image/private/f_auto,q_auto/league/podrgttro5rxpewy05fu",,,,,,
1967,BOS,QB,QB,0,ACT,John Huarte,John,Huarte,1944-04-06,72,185,,,,,,,,,,,,"https://static.www.nfl.com/image/private/f_auto,q_auto/league/ibg4qcsrkglrikv4gvba",,,,,,
1967,BOS,QB,QB,0,ACT,Babe Parilli,Vito,Parilli,1929-05-07,73,196,,,,,,,,,,,,"https://static.www.nfl.com/image/private/f_auto,q_auto/league/dbaqc1zix2qt8hebbbxt",,,,,,
1967,BOS,QB,QB,0,ACT,Don Trull,Donald,Trull,1941-10-20,73,195,,,,,,,,,,,,"https://static.www.nfl.com/image/private/f_auto,q_auto/league/webnsxafccs5bhwnitfq",,,,,,
1967,BOS,RB,HB,0,ACT,Joe Bellino,Joseph,Bellino,1938-03-13,69,185,,,,,,,,,,,,"https://static.www.nfl.com/image/private/f_auto,q_auto/league/yjhmw9oagdw9nnykcopw",,,,,,
1967,BOS,RB,RB,0,ACT,Bob Cappadona,Robert,Cappadona,1942-12-13,73,225,,,,,,,,,,,,"https://static.www.nfl.com/image/private/f_auto,q_auto/league/dearoele8jpvmsxicxbo",,,,,,
1967,BOS,RB,HB,0,ACT,J.D. Garrett,John,Garrett,1941-11-28,71,195,,,,,,,,,,,,"https://static.www.nfl.com/image/private/f_auto,q_auto/league/slwboezplslz34k6osxy",,,,,,
1967,BOS,RB,HB,0,ACT,Larry Garron,Lawrence,Garron,1937-05-23,72,195,,,,,,,,,,,,"https://static.www.nfl.com/image/private/f_auto,q_auto/league/oszbdtqmpqodnmc57rgl",,,,,,
1967,BOS,RB,RB,0,ACT,Bobby Leo,Robert,Leo,1945-01-19,70,180,,,,,,,,,,,,"https://static.www.nfl.com/image/private/f_auto,q_auto/league/xp5j1111sp0ir4gubbee",,,,,,
1967,BOS,RB,RB,0,ACT,Jim Nance,James,Nance,1942-12-30,73,235,,,,,,,,,,,,"https://static.www.nfl.com/image/private/f_auto,q_auto/league/e5ha3uvznymbnxiy3aku",,,,,,
1967,BOS,TE,TE,0,ACT,Bobby Nichols,Robert,Nichols,1942-01-30,74,220,,,,,,,,,,,,"https://static.www.nfl.com/image/private/f_auto,q_auto/league/kceawsy7ppr1fbtgpr45",,,,,,
1967,BOS,TE,TE,0,ACT,Tony Romeo,Anthony,Romeo,1938-03-07,74,230,,,,,,,,,,,,"https://static.www.nfl.com/image/private/f_auto,q_auto/league/zokllv2udt07xysu5m6m",,,,,,
1967,BOS,TE,TE,0,ACT,Jim Whalen,James,Whalen,1943-05-20,74,210,,,,,,,,,,,,"https://static.www.nfl.com/image/private/f_auto,q_auto/league/tihyrawc6rdmzjo98waw",,,,,,
1967,BOS,WR,WR,0,ACT,Gino Cappelletti,Gino,Cappelletti,1934-03-26,72,190,,,,,,,,,,,,"https://static.www.nfl.com/image/private/f_auto,q_auto/league/p6swavvvyo3whbvvmhjy",,,,,,
1967,BOS,WR,WR,0,ACT,Jim Colclough,James,Colclough,1936-03-31,73,185,,,,,,,,,,,,"https://static.www.nfl.com/image/private/f_auto,q_auto/league/m0h72ohkbcayaxlzgtl7",,,,,,
1967,BOS,WR,WR,0,ACT,Art Graham,Arthur,Graham,1941-07-31,73,205,,,,,,,,,,,,"https://static.www.nfl.com/image/private/f_auto,q_auto/league/juztqr4uebuq8skq7or8",,,,,,
1967,BUF,DB,CB,0,ACT,Butch Byrd,George,Byrd,1941-09-20,72,211,,,,,,,,,,,,"https://static.www.nfl.com/image/private/f_auto,q_auto/league/ootrhpq9jmsmowownziz",,,,,,
1967,BUF,DB,DB,0,ACT,Hagood Clarke,Hagood,Clarke,1942-06-14,72,205,,,,,,,,,,,,"https://static.www.nfl.com/image/private/f_auto,q_auto/league/vgrhihf6n8ggpdkrwdxf",,,,,,
1967,BUF,DB,CB,0,ACT,Booker Edgerson,Booker,Edgerson,1939-07-05,70,183,,,,,,,,,,,,"https://static.www.nfl.com/image/private/f_auto,q_auto/league/mfb0rksudwtxkbbfyugf",,,,,,
1967,BUF,DB,DB,0,ACT,Tom Janik,Thomas,Janik,1940-09-06,75,190,,,,,,,,,,,,"https://static.www.nfl.com/image/private/f_auto,q_auto/league/grq4d1wwbq8zhfsuvsle",,,,,,
1967,BUF,DB,DB,0,ACT,Charlie King,Charles,King,1943-01-07,72,184,,,,,,,,,,,,"https://static.www.nfl.com/image/private/f_auto,q_auto/league/pnx5vgjxjcwqzhweveac",,,,,,
1967,BUF,DB,DB,0,ACT,Tony King,Tony,King,1944-05-06,73,197,,,,,,,,,,,,"https://static.www.nfl.com/image/private/f_auto,q_auto/league/uckooojsz4bzyykcky1i",,,,,,
1967,BUF,DB,DB,0,ACT,John Pitts,John,Pitts,1945-02-28,76,218,,,,,,,,,,,,"https://static.www.nfl.com/image/private/f_auto,q_auto/league/tvzt97rukfo3hhj0l1qg",,,,,,
1967,BUF,DB,DB,0,TRC,Bobby Ply,Robert,Ply,1940-08-13,73,190,,,,,,,,,,,,"https://static.www.nfl.com/image/private/f_auto,q_auto/league/mnvhnfq1nod37eq993zz",,,,,,
1967,BUF,DB,DB,0,ACT,George Saimes,George,Saimes,1941-09-01,71,186,,,,,,,,,,,,"https://static.www.nfl.com/image/private/f_auto,q_auto/league/wpt6j8lvspzfbcl5m43f",,,,,,
1967,BUF,DL,DT,0,ACT,Jim Dunaway,James,Dunaway,1941-09-03,76,277,,,,,,,,,,,,"https://static.www.nfl.com/image/private/f_auto,q_auto/league/yczxwqdlk0p4qlsmcsob",,,,,,
1967,BUF,DL,DE,0,ACT,Howard Kindig,Howard,Kindig,1941-06-22,78,265,,,,,,,,,,,,"https://static.www.nfl.com/image/private/f_auto,q_auto/league/fgoii80ezanwnbmragrr",,,,,,
1967,BUF,DL,DE,0,ACT,Ron McDole,Roland,McDole,1939-09-09,76,265,,,,,,,,,,,,"https://static.www.nfl.com/image/private/f_auto,q_auto/league/zzpix0eauxnmznc6wmrm",,,,,,
1967,BUF,DL,DE,0,ACT,Dudley Meredith,Cecil,Meredith,1935-01-16,76,290,,,,,,,,,,,,"https://static.www.nfl.com/image/private/f_auto,q_auto/league/wjotejthbtg99fksgogv",,,,,,
1967,BUF,DL,DE,0,ACT,Bob Petrich,Robert,Petrich,1941-03-15,76,252,,,,,,,,,,,,"https://static.www.nfl.com/image/private/f_auto,q_auto/league/eodlne78dmtjjxj7yqkh",,,,,,
1967,BUF,DL,DE,0,ACT,Remi Prudhomme,Joseph,Prudhomme,1942-04-24,76,250,,,,,,,,,,,,"https://static.www.nfl.com/image/private/f_auto,q_auto/league/olrrkooc0g5lgzrjwbjz",,,,,,
1967,BUF,DL,DT,0,ACT,Tom Sestak,Thomas,Sestak,1936-03-09,76,260,,,,,,,,,,,,"https://static.www.nfl.com/image/private/f_auto,q_auto/league/f8y7dhlb9fwoihjr0juj",,,,,,
1967,BUF,DL,DT,0,ACT,Rich Zecher,Richard,Zecher,1943-10-14,74,255,,,,,,,,,,,,"https://static.www.nfl.com/image/private/f_auto,q_auto/league/i63op85ctxtvljcolphp",,,,,,
1967,BUF,K,K,0,ACT,Mike Mercer,Michael,Mercer,1935-11-21,72,220,,,,,,,,,,,,"https://static.www.nfl.com/image/private/f_auto,q_auto/league/v3cwavyewy3id6uiyu6k",,,,,,
1967,BUF,LB,LB,0,ACT,Paul Guidry,Paul,Guidry,1944-01-14,75,227,,,,,,,,,,,,"https://static.www.nfl.com/image/private/f_auto,q_auto/league/v1aeozpyetic1qe38ok0",,,,,,
1967,BUF,LB,LB,0,ACT,Harry Jacobs,Harry,Jacobs,1937-02-04,73,226,,,,,,,,,,,,"https://static.www.nfl.com/image/private/f_auto,q_auto/league/qmvnmnfq6prhrcqokufg",,,,,,
1967,BUF,LB,LB,0,ACT,Paul Maguire,Paul,Maguire,1938-08-22,72,228,,,,,,,,,,,,"https://static.www.nfl.com/image/private/f_auto,q_auto/league/eaolkockyxjxrec9xpyl",,,,,,
1967,BUF,LB,LB,0,ACT,Marty Schottenheimer,Martin,Schottenheimer,1943-09-23,75,224,,,,,,,,,,,,"https://static.www.nfl.com/image/private/f_auto,q_auto/league/e9ptgqw2jwcg1mylgdvw",,,,,,
1967,BUF,LB,LB,0,ACT,Mike Stratton,David,Stratton,1941-04-10,75,224,,,,,,,,,,,,"https://static.www.nfl.com/image/private/f_auto,q_auto/league/xtjtuudvmj9risqdfcgf",,,,,,
1967,BUF,LB,OLB,0,ACT,Jack Tracey,John,Tracey,1933-06-27,75,225,,,,,,,,,,,,"https://static.www.nfl.com/image/private/f_auto,q_auto/league/nx7yaxgezvblmtd2rlce",,,,,,
1967,BUF,OL,OT,0,ACT,Stew Barber,Stewart,Barber,1939-06-14,74,250,,,,,,,,,,,,"https://static.www.nfl.com/image/private/f_auto,q_auto/league/lmkujufxzkmdshxs6g2j",,,,,,
1967,BUF,OL,C,0,ACT,Al Bemiller,Albert,Bemiller,1938-04-18,75,243,,,,,,,,,,,,"https://static.www.nfl.com/image/private/f_auto,q_auto/league/xqazj3sh0jy7kkpl3khf",,,,,,
1967,BUF,OL,G,0,ACT,Gary Bugenhagen,Gary,Bugenhagen,1945-02-06,74,240,,,,,,,,,,,,"https://static.www.nfl.com/image/private/f_auto,q_auto/league/xswphoqcgdokhgi2wuic",,,,,,
1967,BUF,OL,OT,0,ACT,Dick Cunningham,Richard,Cunningham,1944-10-12,75,245,,,,,,,,,,,,"https://static.www.nfl.com/image/private/f_auto,q_auto/league/kdqyic5qfs9lmngl5spn",,,,,,
1967,BUF,OL,C,0,TRC,Wayne Frazier,William,Frazier,1939-03-05,75,245,,,,,,,,,,,,"https://static.www.nfl.com/image/private/f_auto,q_auto/league/ksuobzwi0mvakenhv3jx",,,,,,
1967,BUF,OL,OT,0,ACT,Dick Hudson,Richard,Hudson,1940-07-30,75,272,,,,,,,,,,,,"https://static.www.nfl.com/image/private/f_auto,q_auto/league/cciyq9qdbmqg2lgg625l",,,,,,
1967,BUF,OL,G,0,ACT,Joe O'Donnell,Joseph,O'Donnell,1941-08-31,74,262,,,,,,,,,,,,"https://static.www.nfl.com/image/private/f_auto,q_auto/league/oenrnqwpmdpse7mygfu3",,,,,,
1967,BUF,OL,C,0,ACT,Bob Schmidt,Robert,Schmidt,1936-07-09,76,248,,,,,,,,,,,,"https://static.www.nfl.com/image/private/f_auto,q_auto/league/emu2ekvzuhhbznna9fzq",,,,,,
1967,BUF,OL,G,0,ACT,Billy Shaw,William,Shaw,1938-12-15,74,258,,,,,,,,,,,,"https://static.www.nfl.com/image/private/f_auto,q_auto/league/rkgvoe9qvyk7dwh8m2tu",,,,,,
1967,BUF,QB,QB,0,ACT,Tom Flores,Thomas,Flores,1937-03-21,73,202,,,,,,,,,,,,"https://static.www.nfl.com/image/private/f_auto,q_auto/league/o67sf9fhtlvy236v9apx",,,,,,
1967,BUF,QB,QB,0,ACT,Jack Kemp,John,Kemp,1935-07-13,73,205,,,,,,,,,,,,"https://static.www.nfl.com/image/private/f_auto,q_auto/league/vgphldgsasna2a2qrukl",,,,,,
1967,BUF,RB,RB,0,ACT,Teddy Bailey,William,Bailey,1944-08-12,73,225,,,,,,,,,,,,"https://static.www.nfl.com/image/private/f_auto,q_auto/league/kf5dlolr0v8sphdjtko0",,,,,,
1967,BUF,RB,HB,0,ACT,Charlie Bivins,Charles,Bivins,1937-10-16,73,212,,,,,,,,,,,,"https://static.www.nfl.com/image/private/f_auto,q_auto/league/oims0l41xs1wvso586lr",,,,,,
1967,BUF,RB,RB,0,ACT,Bobby Burnett,Robert,Burnett,1943-01-04,75,210,,,,,,,,,,,,"https://static.www.nfl.com/image/private/f_auto,q_auto/league/dgnbhjw0osh62rn2vxty",,,,,,
1967,BUF,RB,FB,0,ACT,Wray Carlton,Linwood,Carlton,1937-06-18,74,225,,,,,,,,,,,,"https://static.www.nfl.com/image/private/f_auto,q_auto/league/mcycbacno1an6birfhfg",,,,,,
1967,BUF,RB,RB,0,ACT,Gene Donaldson,Eugene,Donaldson,1942-11-04,74,230,,,,,,,,,,,,"https://static.www.nfl.com/image/private/f_auto,q_auto/league/mim2arpjygb497ski83n",,,,,,
1967,BUF,RB,RB,0,ACT,Keith Lincoln,Keith,Lincoln,1939-05-08,73,215,,,,,,,,,,,,"https://static.www.nfl.com/image/private/f_auto,q_auto/league/cu5cbazxpp3atgj4jjmd",,,,,,
1967,BUF,RB,RB,0,ACT,Allen Smith,Allen,Smith,1942-11-20,71,202,,,,,,,,,,,,"https://static.www.nfl.com/image/private/f_auto,q_auto/league/cyif6olcxati2dakd6ii",,,,,,
1967,BUF,RB,FB,0,ACT,Jack Spikes,Jack,Spikes,1937-02-05,74,210,,,,,,,,,,,,"https://static.www.nfl.com/image/private/f_auto,q_auto/league/yrpsvgasw1zr4shnaxkz",,,,,,
1967,BUF,TE,TE,0,ACT,Paul Costa,Sebastian,Costa,1941-12-07,78,268,,,,,,,,,,,,"https://static.www.nfl.com/image/private/f_auto,q_auto/league/pb3xfp4wiehivrhmpy2k",,,,,,
1967,BUF,TE,TE,0,ACT,Jim LeMoine,James,LeMoine,1945-04-29,74,250,,,,,,,,,,,,"https://static.www.nfl.com/image/private/f_auto,q_auto/league/zplb1gopmgqcam4tj4x3",,,,,,
1967,BUF,WR,WR,0,ACT,Elbert Dubenion,Elbert,Dubenion,1933-02-16,71,187,,,,,,,,,,,,"https://static.www.nfl.com/image/private/f_auto,q_auto/league/iyon5n96hdy3x9ytcyda",,,,,,
1967,BUF,WR,WR,0,ACT,Monte Ledbetter,Monte,Ledbetter,1943-08-13,74,185,,,,,,,,,,,,"https://static.www.nfl.com/image/private/f_auto,q_auto/league/u1iqullkkcxwc9gwhy1f",,,,,,
1967,BUF,WR,WR,0,ACT,Billy Masters,William,Masters,1944-03-15,77,240,,,,,,,,,,,,"https://static.www.nfl.com/image/private/f_auto,q_auto/league/bbiyy5irjbakcr9rmva4",,,,,,
1967,BUF,WR,WR,0,ACT,Art Powell,Arthur,Powell,1937-02-25,75,212,,,,,,,,,,,,"https://static.www.nfl.com/image/private/f_auto,q_auto/league/xrru1t0huqsqz3qctdfu",,,,,,
1967,BUF,WR,WR,0,ACT,Ed Rutkowski,Edward,Rutkowski,1941-03-21,73,198,,,,,,,,,,,,"https://static.www.nfl.com/image/private/f_auto,q_auto/league/c367az8edvzlfpsovvpm",,,,,,
1967,CHI,DB,DB,0,ACT,Charlie Brown,Charles,Brown,1942-09-13,74,220,,,,,,,,,,,,"https://static.www.nfl.com/image/private/f_auto,q_auto/league/tnt3n8zm598kruy023sc",,,,,,
1967,CHI,DB,DB,0,ACT,Curt Gentry,Curtis,Gentry,1941-08-08,72,185,,,,,,,,,,,,"https://static.www.nfl.com/image/private/f_auto,q_auto/league/fkcofgka6snbsenpgcay",,,,,,
1967,CHI,DB,DB,0,ACT,Bennie McRae,Benjamin,McRae,1939-12-08,72,180,,,,,,,,,,,,"https://static.www.nfl.com/image/private/f_auto,q_auto/league/g5lzigsvlprvhe2448y4",,,,,,
1967,CHI,DB,DB,0,ACT,Richie Petitbon,Richard,Petitbon,1938-04-18,75,208,,,,,,,,,,,,"https://static.www.nfl.com/image/private/f_auto,q_auto/league/syn2uhb4nw0v7ihnttra",,,,,,
1967,CHI,DB,DB,0,ACT,Joe Taylor,Joseph,Taylor,1939-08-27,73,200,,,,,,,,,,,,"https://static.www.nfl.com/image/private/f_auto,q_auto/league/ojauv0cp7mogrd9ugqnx",,,,,,
1967,CHI,DB,DB,0,ACT,Rosey Taylor,Roosevelt,Taylor,1937-07-04,71,186,,,,,,,,,,,,"https://static.www.nfl.com/image/private/f_auto,q_auto/league/acvaarxstnfnpzgannrs",,,,,,
1967,CHI,DL,DE,0,ACT,Marty Amsler,Charles,Amsler,1942-10-26,77,255,,,,,,,,,,,,"https://static.www.nfl.com/image/private/f_auto,q_auto/league/kf6vx1gnpqat6fyi17c8",,,,,,
1967,CHI,DL,DT,0,ACT,Frank Cornish,Frank,Cornish,1944-06-20,76,282,,,,,,,,,,,,"https://static.www.nfl.com/image/private/f_auto,q_auto/league/cbisgixnagni4fgbku7o",,,,,,
1967,CHI,DL,DT,0,ACT,Dick Evey,Richard,Evey,1941-02-12,76,245,,,,,,,,,,,,"https://static.www.nfl.com/image/private/f_auto,q_auto/league/sarioqelzyw2d1jpklae",,,,,,
1967,CHI,DL,DT,0,ACT,John Johnson,John,Johnson,1941-07-05,77,260,,,,,,,,,,,,"https://static.www.nfl.com/image/private/f_auto,q_auto/league/pt9jvbcqafpswzhyuqps",,,,,,
1967,CHI,DL,DT,0,ACT,Frank McRae,Franklin,McRae,1944-03-18,79,270,,,,,,,,,,,,"https://static.www.nfl.com/image/private/f_auto,q_auto/league/apj3xovv1cryx6ks74mi",,,,,,
1967,CHI,DL,DE,0,ACT,Ed O'Bradovich,Edward,O'Bradovich,1940-05-21,75,255,,,,,,,,,,,,"https://static.www.nfl.com/image/private/f_auto,q_auto/league/ezaln0wemj4bu1pebd1j",,,,,,
1967,CHI,DL,DE,0,ACT,Loyd Phillips,Loyd,Phillips,1945-05-02,75,240,,,,,,,,,,,,"https://static.www.nfl.com/image/private/f_auto,q_auto/league/lgsqoufphcg6znqz2n4n",,,,,,
1967,CHI,K,K,0,ACT,Mac Percival,Mac,Percival,1940-02-26,76,220,,,,,,,,,,,,"https://static.www.nfl.com/image/private/f_auto,q_auto/league/s6dxnzvbap2uhcmuewci",,,,,,
1967,CHI,LB,LB,0,ACT,Doug Buffone,Douglas,Buffone,1944-06-27,75,230,,,,,,,,,,,,"https://static.www.nfl.com/image/private/f_auto,q_auto/league/zgbryeyz8ssmfasmjq71",,,,,,
1967,CHI,LB,MLB,0,ACT,Dick Butkus,Richard,Butkus,1942-12-09,75,245,,,,,,,,,,,,"https://static.www.nfl.com/image/private/f_auto,q_auto/league/abdhqppmppbpdmhn0dty",,,,,,
1967,CHI,LB,LB,0,ACT,Rudy Kuechenberg,Rudolph,Kuechenberg,1943-02-07,72,215,,,,,,,,,,,,"https://static.www.nfl.com/image/private/f_auto,q_auto/league/yjnp1rwa7ghs6kqltbj0",,,,,,
1967,CHI,LB,LB,0,ACT,Jim Purnell,James,Purnell,1941-12-12,75,238,,,,,,,,,,,,"https://static.www.nfl.com/image/private/f_auto,q_auto/league/cn3bln7xhcqrnspsq7gr",,,,,,
1967,CHI,LB,LB,0,ACT,Mike Reilly,Charles,Reilly,1942-03-27,75,235,,,,,,,,,,,,"https://static.www.nfl.com/image/private/f_auto,q_auto/league/a718amfbq2doer41mxaz",,,,,,
1967,CHI,OL,G,0,ACT,Jim Cadile,James,Cadile,1940-07-16,76,240,,,,,,,,,,,,"https://static.www.nfl.com/image/private/f_auto,q_auto/league/zvnxlh9urxdxp964rwew",,,,,,
1967,CHI,OL,G,0,ACT,Don Croftcheck,Donald,Croftcheck,1942-09-12,74,230,,,,,,,,,,,,"https://static.www.nfl.com/image/private/f_auto,q_auto/league/c0rsaf5ldq2cibnipbvm",,,,,,
1967,CHI,OL,OT,0,ACT,Randy Jackson,Randall,Jackson,1944-03-06,77,250,,,,,,,,,,,,"https://static.www.nfl.com/image/private/f_auto,q_auto/league/franpdlmjfri0kow3bb1",,,,,,
1967,CHI,OL,OT,0,ACT,Dan James,Daniel,James,1937-08-10,76,250,,,,,,,,,,,,"https://static.www.nfl.com/image/private/f_auto,q_auto/league/fm4uuteuxgkqg4vttcin",,,,,,
1967,CHI,OL,G,0,ACT,Doug Kriewald,Douglas,Kriewald,1945-08-30,76,245,,,,,,,,,,,,"https://static.www.nfl.com/image/private/f_auto,q_auto/league/hhraxkkr7irhqgwnp4ck",,,,,,
1967,CHI,OL,OT,0,ACT,Bob Pickens,Robert,Pickens,1943-02-02,76,258,,,,,,,,,,,,"https://static.www.nfl.com/image/private/f_auto,q_auto/league/fsq55blecuegb5emxpxu",,,,,,
1967,CHI,OL,C,0,ACT,Mike Pyle,Michael,Pyle,1939-07-18,75,250,,,,,,,,,,,,"https://static.www.nfl.com/image/private/f_auto,q_auto/league/c6ezwankiiryrcqjjwas",,,,,,
1967,CHI,OL,G,0,ACT,Mike Rabold,Michael,Rabold,1937-03-12,74,239,,,,,,,,,,,,"https://static.www.nfl.com/image/private/f_auto,q_auto/league/hnmj4ch4ui4lri9ayfw3",,,,,,
1967,CHI,OL,G,0,ACT,George Seals,George,Seals,1942-10-02,75,260,,,,,,,,,,,,"https://static.www.nfl.com/image/private/f_auto,q_auto/league/hsre4nbmw2rbuyvxjgjk",,,,,,
1967,CHI,OL,OT,0,ACT,Bob Wetoska,Robert,Wetoska,1937-08-22,75,240,,,,,,,,,,,,"https://static.www.nfl.com/image/private/f_auto,q_auto/league/z1miq0jmuj7pok7zhkeh",,,,,,
1967,CHI,P,P,0,ACT,Bobby Joe Green,Bobby,Green,1936-05-07,71,175,,,,,,,,,,,,"https://static.www.nfl.com/image/private/f_auto,q_auto/league/umdzfhqyqntkbbx5inix",,,,,,
1967,CHI,QB,QB,0,ACT,Rudy Bukich,Rudolph,Bukich,1932-03-15,73,205,,,,,,,,,,,,"https://static.www.nfl.com/image/private/f_auto,q_auto/league/oth1cc8hsx8sy4cd78lc",,,,,,
1967,CHI,QB,QB,0,ACT,Jack Concannon,John,Concannon,1943-02-25,75,205,,,,,,,,,,,,"https://static.www.nfl.com/image/private/f_auto,q_auto/league/h4r5afr2dzz3qetlweoi",,,,,,
1967,CHI,QB,QB,0,ACT,Larry Rakestraw,Lawrence,Rakestraw,1942-04-22,74,195,,,,,,,,,,,,"https://static.www.nfl.com/image/private/f_auto,q_auto/league/lhw53vlmuejhtvzqoykl",,,,,,
1967,CHI,RB,RB,0,ACT,Ronnie Bull,Ronald,Bull,1940-02-02,72,200,,,,,,,,,,,,"https://static.www.nfl.com/image/private/f_auto,q_auto/league/xsu4bvpvasxh6pazsdvj",,,,,,
1967,CHI,RB,RB,0,ACT,Ralph Kurek,Ralph,Kurek,1943-02-23,74,210,,,,,,,,,,,,"https://static.www.nfl.com/image/private/f_auto,q_auto/league/tegxzblmix2t6akpzwun",,,,,,
1967,CHI,RB,RB,0,ACT,Andy Livingston,Andrew,Livingston,1944-10-21,73,235,,,,,,,,,,,,"https://static.www.nfl.com/image/private/f_auto,q_auto/league/fsbu15xadd2rasisxgl8",,,,,,
1967,CHI,RB,RB,0,ACT,Brian Piccolo,Louis,Piccolo,1943-10-31,72,205,,,,,,,,,,,,"https://static.www.nfl.com/image/private/f_auto,q_auto/league/isvokev8gg4z91xuuwry",,,,,,
1967,CHI,RB,RB,0,ACT,Gale Sayers,Gale,Sayers,1943-05-30,72,198,,,,,,,,,,,,"https://static.www.nfl.com/image/private/f_auto,q_auto/league/knt6fksmz05xswwgdncm",,,,,,
1967,CHI,TE,TE,0,ACT,Duane Allen,Duane,Allen,1937-10-21,76,225,,,,,,,,,,,,"https://static.www.nfl.com/image/private/f_auto,q_auto/league/e5g0l9zx9fcsmzh7j4qq",,,,,,
1967,CHI,TE,TE,0,ACT,Austin Denney,Austin,Denney,1944-01-02,74,230,,,,,,,,,,,,"https://static.www.nfl.com/image/private/f_auto,q_auto/league/tfilb6ou55sszer6icjz",,,,,,
1967,CHI,TE,TE,0,ACT,Terry Stoepel,Terry,Stoepel,1945-02-08,76,235,,,,,,,,,,,,"https://static.www.nfl.com/image/private/f_auto,q_auto/league/vd2g4nvyv6enueqmhs9c",,,,,,
1967,CHI,WR,WR,0,ACT,Al Dodd,Alvin,Dodd,1945-08-21,72,185,,,,,,,,,,,,"https://static.www.nfl.com/image/private/f_auto,q_auto/league/guku97diqwqpstpjlbgt",,,,,,
1967,CHI,WR,WR,0,ACT,Dick Gordon,Richard,Gordon,1944-01-01,71,190,,,,,,,,,,,,"https://static.www.nfl.com/image/private/f_auto,q_auto/league/z1lz0gwdw20vqpdvoln6",,,,,,
1967,CHI,WR,WR,0,ACT,Jim Jones,James,Jones,1941-03-03,75,195,,,,,,,,,,,,"https://static.www.nfl.com/image/private/f_auto,q_auto/league/mzxwbns26khybyta634c",,,,,,
1967,CHI,WR,WR,0,ACT,Bob Jones,Robert,Jones,1945-08-25,76,196,,,,,,,,,,,,"https://static.www.nfl.com/image/private/f_auto,q_auto/league/nqq4mmp8iij4eaqtwvq7",,,,,,
1967,CHI,WR,WR,0,ACT,Johnny Morris,John,Morris,1935-09-26,70,180,,,,,,,,,,,,"https://static.www.nfl.com/image/private/f_auto,q_auto/league/psufww3ao0hwtqfe1gim",,,,,,
1967,CLE,DB,DB,0,ACT,Erich Barnes,Erich,Barnes,1935-07-04,74,212,,,,,,,,,,,,"https://static.www.nfl.com/image/private/f_auto,q_auto/league/zgrpqrw3l3fa0nmrbpy5",,,,,,
1967,CLE,DB,DB,0,ACT,Ben Davis,Benjamin,Davis,1945-10-30,71,180,,,,,,,,,,,,"https://static.www.nfl.com/image/private/f_auto,q_auto/league/gzcw2uwz0qpnnk5icbed",,,,,,
1967,CLE,DB,DB,0,RET,Billy Devrow,Billy,Devrow,,72,190,,,,,,,,,,,,"https://static.www.nfl.com/image/private/f_auto,q_auto/league/xy0cjwhwivvhz9jahdk2",,,,,,
1967,CLE,DB,DB,0,ACT,Ross Fichtner,Ross,Fichtner,1938-10-26,72,185,,,,,,,,,,,,"https://static.www.nfl.com/image/private/f_auto,q_auto/league/h7fmykci5s8gmgzformh",,,,,,
1967,CLE,DB,DB,0,ACT,Mike Howell,Michael,Howell,1943-07-05,73,195,,,,,,,,,,,,"https://static.www.nfl.com/image/private/f_auto,q_auto/league/kfsmqix4txenamulmopi",,,,,,
1967,CLE,DB,DB,0,ACT,Ernie Kellermann,Ernest,Kellermann,1943-12-17,72,183,,,,,,,,,,,,"https://static.www.nfl.com/image/private/f_auto,q_auto/league/co8sghrwkthvoaluotxy",,,,,,
1967,CLE,DB,DB,0,ACT,Carl Ward,Carl,Ward,1944-07-26,69,180,,,,,,,,,,,,"https://static.www.nfl.com/image/private/f_auto,q_auto/league/dd3xprzkhp5ngtukyl2b",,,,,,
1967,CLE,DB,DB,0,TRD,George Youngblood,George,Youngblood,1945-01-04,75,205,,,,,,,,,,,,"https://static.www.nfl.com/image/private/f_auto,q_auto/league/jtobldbamfg9iku2bmw5",,,,,,
1967,CLE,DL,DE,0,ACT,Bill Glass,William,Glass,1935-08-16,77,255,,,,,,,,,,,,"https://static.www.nfl.com/image/private/f_auto,q_auto/league/bo7qgrdjnlxi67gotdjd",,,,,,
1967,CLE,DL,DE,0,ACT,Jack Gregory,Earl,Gregory,1944-10-03,77,250,,,,,,,,,,,,"https://static.www.nfl.com/image/private/f_auto,q_auto/league/neo3lsnlds27v1p0tgdb",,,,,,
1967,CLE,DL,DT,0,ACT,Walter Johnson,Walter,Johnson,1942-11-13,76,265,,,,,,,,,,,,"https://static.www.nfl.com/image/private/f_auto,q_auto/league/xnjd4fuchmsw6n2zhfnx",,,,,,
1967,CLE,DL,DT,0,ACT,Jim Kanicki,James,Kanicki,1941-12-17,76,270,,,,,,,,,,,,"https://static.www.nfl.com/image/private/f_auto,q_auto/league/xxfp3ugueajnrwvv2h4u",,,,,,
1967,CLE,DL,DT,0,ACT,Frank Parker,William,Parker,1939-10-16,77,270,,,,,,,,,,,,"https://static.www.nfl.com/image/private/f_auto,q_auto/league/xpw0j2hqoukwrttwya00",,,,,,
1967,CLE,DL,DE,0,ACT,Paul Wiggin,Paul,Wiggin,1934-11-18,75,242,,,,,,,,,,,,"https://static.www.nfl.com/image/private/f_auto,q_auto/league/bcym32acmmjoulxc5nnc",,,,,,
1967,CLE,LB,LB,0,ACT,Billy Andrews,William,Andrews,1945-06-14,72,220,,,,,,,,,,,,"https://static.www.nfl.com/image/private/f_auto,q_auto/league/havujb6abldkzb388rsf",,,,,,
1967,CLE,LB,OLB,0,ACT,Johnny Brewer,Johnny,Brewer,1937-03-08,76,230,,,,,,,,,,,,"https://static.www.nfl.com/image/private/f_auto,q_auto/league/ynrpwkzb4t9x7x1jyr39",,,,,,
1967,CLE,LB,LB,0,ACT,Jim Houston,James,Houston,1937-11-03,75,240,,,,,,,,,,,,"https://static.www.nfl.com/image/private/f_auto,q_auto/league/pc8dqncxdwi860amtvy6",,,,,,
1967,CLE,LB,LB,0,ACT,Dale Lindsey,Phillip,Lindsey,1943-01-18,74,223,,,,,,,,,,,,"https://static.www.nfl.com/image/private/f_auto,q_auto/league/rnprqu0pkd0wtsfpbjop",,,,,,
1967,CLE,LB,LB,0,ACT,Bob Matheson,Robert,Matheson,1944-11-25,76,235,,,,,,,,,,,,"https://static.www.nfl.com/image/private/f_auto,q_auto/league/bg2h6kjkgggteryllfa1",,,,,,
1967,CLE,OL,OT,0,ACT,Monte Clark,Monte,Clark,1937-01-24,78,265,,,,,,,,,,,,"https://static.www.nfl.com/image/private/f_auto,q_auto/league/wl9a0rsrbv6vdcsh4sjn",,,,,,
1967,CLE,OL,C,0,ACT,Jim Copeland,Wyatte,Copeland,1945-03-05,75,243,,,,,,,,,,,,"https://static.www.nfl.com/image/private/f_auto,q_auto/league/qizh7p7lm7bgyallgcx4",,,,,,
1967,CLE,OL,OT,0,ACT,John Demarie,John,Demarie,1945-08-28,75,246,,,,,,,,,,,,"https://static.www.nfl.com/image/private/f_auto,q_auto/league/m4ukgoa0obmked53bew3",,,,,,
1967,CLE,OL,OT,76,ACT,Lou Groza,Louis,Groza,1924-01-25,75,240,,,,,,,,,,,,"https://static.www.nfl.com/image/private/f_auto,q_auto/league/i5qjaiawyxff7aq0yxzo",,,,,,
1967,CLE,OL,G,0,ACT,Gene Hickerson,Robert,Hickerson,1935-02-15,75,252,,,,,,,,,,,,"https://static.www.nfl.com/image/private/f_auto,q_auto/league/l0mc4u7zzii9q5qeehgw",,,,,,
1967,CLE,OL,C,0,ACT,Fred Hoaglin,George,Hoaglin,1944-01-28,76,250,,,,,,,,,,,,"https://static.www.nfl.com/image/private/f_auto,q_auto/league/qiz5cbquhymzkazd8kmc",,,,,,
1967,CLE,OL,OT,0,ACT,Dick Schafrath,Richard,Schafrath,1937-03-21,75,248,,,,,,,,,,,,"https://static.www.nfl.com/image/private/f_auto,q_auto/league/clfphsmkawxffpazqvhf",,,,,,
1967,CLE,OL,OT,0,ACT,Joe Taffoni,Joseph,Taffoni,1945-03-27,75,255,,,,,,,,,,,,"https://static.www.nfl.com/image/private/f_auto,q_auto/league/cyifnxiwqzht0gkcpm25",,,,,,
1967,CLE,OL,G,0,ACT,John Wooten,John,Wooten,1936-12-05,74,250,,,,,,,,,,,,"https://static.www.nfl.com/image/private/f_auto,q_auto/league/conr45zkycbrdoddbkv0",,,,,,
1967,CLE,QB,QB,0,ACT,Gary Lane,Gary,Lane,1942-12-21,73,210,,,,,,,,,,,,"https://static.www.nfl.com/image/private/f_auto,q_auto/league/ypoxpwangw4hnrous83i",,,,,,
1967,CLE,QB,QB,0,ACT,Frank Ryan,Frank,Ryan,1936-07-12,75,205,,,,,,,,,,,,"https://static.www.nfl.com/image/private/f_auto,q_auto/league/qyragjfoansn6q1wijhq",,,,,,
1967,CLE,QB,QB,0,ACT,Dick Shiner,Richard,Shiner,1942-07-18,72,201,,,,,,,,,,,,"https://static.www.nfl.com/image/private/f_auto,q_auto/league/tvk6pwyhn74ivikopjw6",,,,,,
1967,CLE,RB,RB,0,ACT,Larry Conjar,Lawrence,Conjar,1945-10-28,73,214,,,,,,,,,,,,"https://static.www.nfl.com/image/private/f_auto,q_auto/league/pvmicknbrs69uocnxnhu",,,,,,
1967,CLE,RB,HB,0,ACT,Ernie Green,Ernest,Green,1938-10-15,74,205,,,,,,,,,,,,"https://static.www.nfl.com/image/private/f_auto,q_auto/league/e5aglq4pv1yvcqc3y8st",,,,,,
1967,CLE,RB,RB,0,ACT,Charlie Harraway,Charles,Harraway,1944-09-21,74,215,,,,,,,,,,,,"https://static.www.nfl.com/image/private/f_auto,q_auto/league/feymjdckswm1diqjyx8i",,,,,,
1967,CLE,RB,RB,0,ACT,Leroy Kelly,Leroy,Kelly,1942-05-20,72,202,,,,,,,,,,,,"https://static.www.nfl.com/image/private/f_auto,q_auto/league/vazgeyqy3obwg2gqgmbj",,,,,,
1967,CLE,RB,FB,0,ACT,Nick Pietrosante,Nicholas,Pietrosante,1937-09-10,74,225,,,,,,,,,,,,"https://static.www.nfl.com/image/private/f_auto,q_auto/league/pxycj5sfhwn41izku7wy",,,,,,
1967,CLE,TE,TE,0,ACT,Ron Duncan,Ronald,Duncan,1943-09-08,78,255,,,,,,,,,,,,"https://static.www.nfl.com/image/private/f_auto,q_auto/league/gdfhsdwhdvlbbwon4qmz",,,,,,
1967,CLE,TE,TE,0,ACT,Milt Morin,Milton,Morin,1942-10-15,76,236,,,,,,,,,,,,"https://static.www.nfl.com/image/private/f_auto,q_auto/league/vdsevkxpwdhhbvck3vlv",,,,,,
1967,CLE,TE,TE,0,ACT,Ralph Smith,Ralph,Smith,1938-12-01,74,215,,,,,,,,,,,,"https://static.www.nfl.com/image/private/f_auto,q_auto/league/xgiixjwoqb4bx4k3aomm",,,,,,
1967,CLE,WR,WR,0,ACT,Eppie Barney,Eppie,Barney,1944-03-20,72,204,,,,,,,,,,,,"https://static.www.nfl.com/image/private/f_auto,q_auto/league/kgmk99yfbh5qwdjamtlv",,,,,,
1967,CLE,WR,WR,0,ACT,Gary Collins,Gary,Collins,1940-08-20,77,215,,,,,,,,,,,,"https://static.www.nfl.com/image/private/f_auto,q_auto/league/x8cij3yfyooglx0be6wv",,,,,,
1967,CLE,WR,WR,0,ACT,Ron Green,Ronald,Green,1943-11-27,73,200,,,,,,,,,,,,"https://static.www.nfl.com/image/private/f_auto,q_auto/league/goe5pi5duekgqbihlzml",,,,,,
1967,CLE,WR,WR,0,ACT,Clifton McNeil,Clifton,McNeil,1940-05-25,74,187,,,,,,,,,,,,"https://static.www.nfl.com/image/private/f_auto,q_auto/league/mokkeedxl8wkqkqkixnn",,,,,,
1967,CLE,WR,WR,0,ACT,Paul Warfield,Paul,Warfield,1942-11-28,72,188,,,,,,,,,,,,"https://static.www.nfl.com/image/private/f_auto,q_auto/league/lvgy4ffhozaherng6nky",,,,,,
1967,DAL,DB,DB,0,ACT,Phil Clark,Philip,Clark,1945-04-28,75,208,,,,,,,,,,,,"https://static.www.nfl.com/image/private/f_auto,q_auto/league/tvx0ncrt755pw9miwojh",,,,,,
1967,DAL,DB,DB,0,ACT,Dick Daniels,Richard,Daniels,1944-10-19,69,180,,,,,,,,,,,,"https://static.www.nfl.com/image/private/f_auto,q_auto/league/mk7skmau5alvvgqdfru2",,,,,,
1967,DAL,DB,DB,0,ACT,Mike Gaechter,Michael,Gaechter,1940-01-09,72,190,,,,,,,,,,,,"https://static.www.nfl.com/image/private/f_auto,q_auto/league/fu3vfpcgxpc8okrwzx3h",,,,,,
1967,DAL,DB,DB,0,ACT,Cornell Green,Cornell,Green,1940-02-10,75,208,,,,,,,,,,,,"https://static.www.nfl.com/image/private/f_auto,q_auto/league/cz4p0r2xsmamzpyhtsao",,,,,,
1967,DAL,DB,DB,0,ACT,Mike Johnson,Michael,Johnson,1943-10-07,71,184,,,,,,,,,,,,"https://static.www.nfl.com/image/private/f_auto,q_auto/league/at6xsles1z8vn7aflhqu",,,,,,
1967,DAL,DB,DB,0,ACT,Mel Renfro,Melvin,Renfro,1941-12-30,72,190,,,,,,,,,,,,"https://static.www.nfl.com/image/private/f_auto,q_auto/league/iuei9varlvapbjlb0rg6",,,,,,
1967,DAL,DL,DE,0,ACT,George Andrie,George,Andrie,1940-04-20,78,250,,,,,,,,,,,,"https://static.www.nfl.com/image/private/f_auto,q_auto/league/i5vvvkhdbuesdyubat64",,,,,,
1967,DAL,DL,DT,0,ACT,Ron East,Ronald,East,1943-08-26,76,250,,,,,,,,,,,,"https://static.www.nfl.com/image/private/f_auto,q_auto/league/m5iydlpeudw6t0zwcus4",,,,,,
1967,DAL,DL,DT,0,ACT,Bob Lilly,Robert,Lilly,1939-07-26,77,260,,,,,,,,,,,,"https://static.www.nfl.com/image/private/f_auto,q_auto/league/oexuhjy7i4uiaewlkn4p",,,,,,
1967,DAL,DL,DT,0,ACT,Jethro Pugh,Jethro,Pugh,1944-07-03,78,260,,,,,,,,,,,,"https://static.www.nfl.com/image/private/f_auto,q_auto/league/xsao4dstuttu4s24b79r",,,,,,
1967,DAL,DL,DE,0,ACT,Larry Stephens,Lawrence,Stephens,1938-09-24,75,250,,,,,,,,,,,,"https://static.www.nfl.com/image/private/f_auto,q_auto/league/crrbmtxxiulgbisglxy5",,,,,,
1967,DAL,DL,DE,0,ACT,Willie Townes,Willie,Townes,1943-07-21,76,260,,,,,,,,,,,,"https://static.www.nfl.com/image/private/f_auto,q_auto/league/lt4s55op8zhqace2zw0v",,,,,,
1967,DAL,K,K,0,ACT,Harold Deters,Harold,Deters,1944-01-16,72,200,,,,,,,,,,,,"https://static.www.nfl.com/image/private/f_auto,q_auto/league/g5otieoe62a6gsbxt9ui",,,,,,
1967,DAL,K,K,0,ACT,Danny Villanueva,Daniel,Villanueva,1937-11-05,71,200,,,,,,,,,,,,"https://static.www.nfl.com/image/private/f_auto,q_auto/league/trkenchjpfnfqcymbach",,,,,,
1967,DAL,LB,LB,0,ACT,Dave Edwards,David,Edwards,1939-12-14,73,225,,,,,,,,,,,,"https://static.www.nfl.com/image/private/f_auto,q_auto/league/sfcc2p34h3nvcdlxmidf",,,,,,
1967,DAL,LB,LB,0,ACT,Harold Hays,Leo,Hays,1939-09-24,74,225,,,,,,,,,,,,"https://static.www.nfl.com/image/private/f_auto,q_auto/league/pjoivjnfmr9ur4xcrsiq",,,,,,
1967,DAL,LB,LB,0,ACT,Chuck Howley,Charles,Howley,1936-06-28,75,225,,,,,,,,,,,,"https://static.www.nfl.com/image/private/f_auto,q_auto/league/rqhgl1rcuyfg5vaq2h1p",,,,,,
1967,DAL,LB,LB,0,ACT,Lee Roy Jordan,Lee,Jordan,1941-04-27,73,221,,,,,,,,,,,,"https://static.www.nfl.com/image/private/f_auto,q_auto/league/kynb2immlunoxruncigc",,,,,,
1967,DAL,OL,OT,0,ACT,Jim Boeke,James,Boeke,1938-09-11,77,255,,,,,,,,,,,,"https://static.www.nfl.com/image/private/f_auto,q_auto/league/t1r9ofov3hvhq9oovlw4",,,,,,
1967,DAL,OL,C,0,ACT,Mike Connelly,Michael,Connelly,1935-10-16,76,247,,,,,,,,,,,,"https://static.www.nfl.com/image/private/f_auto,q_auto/league/oxitcbrxsaf6exij4mhv",,,,,,
1967,DAL,OL,G,0,ACT,Leon Donohue,Leon,Donohue,1939-03-25,76,245,,,,,,,,,,,,"https://static.www.nfl.com/image/private/f_auto,q_auto/league/seqlobeourmru0xhjkpr",,,,,,
1967,DAL,OL,OT,0,ACT,Tony Liscio,Anthony,Liscio,1940-07-02,77,264,,,,,,,,,,,,"https://static.www.nfl.com/image/private/f_auto,q_auto/league/fkhrci5jabd5zf56visy",,,,,,
1967,DAL,OL,OT,0,ACT,Ralph Neely,Ralph,Neely,1943-09-12,78,265,,,,,,,,,,,,"https://static.www.nfl.com/image/private/f_auto,q_auto/league/mdc7attsdxt8xwndowj0",,,,,,
1967,DAL,OL,G,0,ACT,John Niland,John,Niland,1944-02-29,75,245,,,,,,,,,,,,"https://static.www.nfl.com/image/private/f_auto,q_auto/league/xwy1dqmnedmrusm18uao",,,,,,
1967,DAL,OL,C,0,ACT,Malcolm Walker,Malcolm,Walker,1943-05-24,76,250,,,,,,,,,,,,"https://static.www.nfl.com/image/private/f_auto,q_auto/league/oedbgljiz24fjaxjo8xp",,,,,,
1967,DAL,OL,G,0,ACT,John Wilbur,John,Wilbur,1943-05-21,75,251,,,,,,,,,,,,"https://static.www.nfl.com/image/private/f_auto,q_auto/league/g9cbkoelwoobvhcgukvv",,,,,,
1967,DAL,OL,OT,0,ACT,Rayfield Wright,Larry,Wright,1945-08-23,78,255,,,,,,,,,,,,"https://static.www.nfl.com/image/private/f_auto,q_auto/league/ru21uoid1fxuvvn1jias",,,,,,
1967,DAL,QB,QB,0,ACT,Don Meredith,Joseph,Meredith,1938-04-10,75,210,,,,,,,,,,,,"https://static.www.nfl.com/image/private/f_auto,q_auto/league/magfdsfggvivh5kzif6m",,,,,,
1967,DAL,QB,QB,0,ACT,Craig Morton,Larry,Morton,1943-02-05,76,214,,,,,,,,,,,,"https://static.www.nfl.com/image/private/f_auto,q_auto/league/l6oeiikjiactlghgkf6o",,,,,,
1967,DAL,QB,QB,0,ACT,Jerry Rhome,Gerald,Rhome,1942-03-06,72,190,,,,,,,,,,,,"https://static.www.nfl.com/image/private/f_auto,q_auto/league/jts9us7jrb2hghzafgy4",,,,,,
1967,DAL,RB,RB,0,ACT,Craig Baynham,Gordon,Baynham,1944-07-24,73,203,,,,,,,,,,,,"https://static.www.nfl.com/image/private/f_auto,q_auto/league/aksn2oixfcbzgiaguzu5",,,,,,
1967,DAL,RB,RB,0,ACT,Walt Garrison,Walter,Garrison,1944-07-23,72,205,,,,,,,,,,,,"https://static.www.nfl.com/image/private/f_auto,q_auto/league/z8ortpvkywnrdhzowh37",,,,,,
1967,DAL,RB,FB,0,ACT,Don Perkins,Donald,Perkins,1938-03-04,70,204,,,,,,,,,,,,"https://static.www.nfl.com/image/private/f_auto,q_auto/league/q2h6kh2mlkocmfifcwb1",,,,,,
1967,DAL,RB,RB,0,ACT,Dan Reeves,Daniel,Reeves,1944-01-19,73,200,,,,,,,,,,,,"https://static.www.nfl.com/image/private/f_auto,q_auto/league/ywvnrjbvlxyhojixevyf",,,,,,
1967,DAL,RB,RB,0,ACT,Les Shy,Leslie,Shy,1944-04-05,73,206,,,,,,,,,,,,"https://static.www.nfl.com/image/private/f_auto,q_auto/league/iwbrast6q1vw1zjnvyl3",,,,,,
1967,DAL,TE,TE,0,ACT,Frank Clarke,Frank,Clarke,1934-02-07,73,215,,,,,,,,,,,,"https://static.www.nfl.com/image/private/f_auto,q_auto/league/fyixvmayd4asqkngqa1t",,,,,,
1967,DAL,TE,TE,0,ACT,Pettis Norman,Pettis,Norman,1939-01-04,75,222,,,,,,,,,,,,"https://static.www.nfl.com/image/private/f_auto,q_auto/league/p12a07hnfnlbukagvqw9",,,,,,
1967,DAL,WR,WR,0,ACT,Pete Gent,George,Gent,1942-08-23,76,205,,,,,,,,,,,,"https://static.www.nfl.com/image/private/f_auto,q_auto/league/xbxov9ikfm0duucvs1gp",,,,,,
1967,DAL,WR,WR,0,ACT,Bob Hayes,Robert,Hayes,1942-12-20,71,185,,,,,,,,,,,,"https://static.www.nfl.com/image/private/f_auto,q_auto/league/o95jzm34aduoh9libdlk",,,,,,
1967,DAL,WR,WR,0,ACT,Lance Rentzel,Thomas,Rentzel,1943-10-14,74,202,,,,,,,,,,,,"https://static.www.nfl.com/image/private/f_auto,q_auto/league/xcewhhsmqzvecvjkzrsg",,,,,,
1967,DAL,WR,WR,0,ACT,Sims Stokes,Sims,Stokes,1944-04-18,73,197,,,,,,,,,,,,"https://static.www.nfl.com/image/private/f_auto,q_auto/league/jtfjmufcv0vd1ayuzaky",,,,,,
1967,DEN,DB,DB,0,ACT,Tom Cassese,Thomas,Cassese,1946-04-07,73,198,,,,,,,,,,,,"https://static.www.nfl.com/image/private/f_auto,q_auto/league/uazu3i1cbggsfe7lec9j",,,,,,
1967,DEN,DB,DB,0,ACT,Pete Jaquess,Lindel,Jaquess,1940-12-25,72,185,,,,,,,,,,,,"https://static.www.nfl.com/image/private/f_auto,q_auto/league/nqzsy3f78bednvmbosct",,,,,,
1967,DEN,DB,DB,0,ACT,Jack Lentz,Henry,Lentz,1945-02-22,72,190,,,,,,,,,,,,"https://static.www.nfl.com/image/private/f_auto,q_auto/league/yxdivskzw6bm8c9lhhsm",,,,,,
1967,DEN,DB,DB,0,ACT,Bobby Ply,Robert,Ply,1940-08-13,73,190,,,,,,,,,,,,"https://static.www.nfl.com/image/private/f_auto,q_auto/league/mnvhnfq1nod37eq993zz",,,,,,
1967,DEN,DB,DB,0,ACT,Errol Prisby,Errol,Prisby,1943-01-24,70,184,,,,,,,,,,,,"https://static.www.nfl.com/image/private/f_auto,q_auto/league/bd5v8szype4disexedsy",,,,,,
1967,DEN,DB,DB,0,ACT,Goldie Sellers,Goldie,Sellers,1942-01-09,74,198,,,,,,,,,,,,"https://static.www.nfl.com/image/private/f_auto,q_auto/league/d98wtrjidlnlmvqnuixl",,,,,,
1967,DEN,DB,DB,0,ACT,Jim Summers,James,Summers,1945-12-23,70,180,,,,,,,,,,,,"https://static.www.nfl.com/image/private/f_auto,q_auto/league/z7mz2ydlkgw8fwlgfkhe",,,,,,
1967,DEN,DB,DB,0,ACT,Gene Sykes,Eugene,Sykes,1941-09-26,73,201,,,,,,,,,,,,"https://static.www.nfl.com/image/private/f_auto,q_auto/league/awxytwvsa0m8div6fjd7",,,,,,
1967,DEN,DB,DB,0,ACT,Nemiah Wilson,Nemiah,Wilson,1943-04-06,72,165,,,,,,,,,,,,"https://static.www.nfl.com/image/private/f_auto,q_auto/league/ijdlbvccrzk270tmm8jn",,,,,,
1967,DEN,DB,DB,0,ACT,Lonnie Wright,Lawrence,Wright,1945-01-23,74,205,,,,,,,,,,,,"https://static.www.nfl.com/image/private/f_auto,q_auto/league/ko1esanbylsy0mb4bzzh",,,,,,
1967,DEN,DL,DT,0,ACT,Dave Costa,David,Costa,1941-10-27,74,250,,,,,,,,,,,,"https://static.www.nfl.com/image/private/f_auto,q_auto/league/v9cq6rn47zpbjezex83v",,,,,,
1967,DEN,DL,DE,0,ACT,Larry Cox,Lawrence,Cox,1943-11-12,75,255,,,,,,,,,,,,"https://static.www.nfl.com/image/private/f_auto,q_auto/league/ly4hh8negysk0cu6bcok",,,,,,
1967,DEN,DL,DE,0,ACT,Pete Duranko,Peter,Duranko,1943-12-15,74,250,,,,,,,,,,,,"https://static.www.nfl.com/image/private/f_auto,q_auto/league/roo7gm7vzp3x6mcurktb",,,,,,
1967,DEN,DL,DT,0,ACT,Jerry Inman,Jerald,Inman,1940-02-04,74,256,,,,,,,,,,,,"https://static.www.nfl.com/image/private/f_auto,q_auto/league/yxlz2q1zmti3t2j8gjxd",,,,,,
1967,DEN,DL,DE,0,ACT,Rich Jackson,Richard,Jackson,1941-07-22,75,255,,,,,,,,,,,,"https://static.www.nfl.com/image/private/f_auto,q_auto/league/lhjt684dwonygbchgggt",,,,,,
1967,DEN,DL,DT,0,TRC,Bill Keating,William,Keating,1944-11-22,74,242,,,,,,,,,,,,"https://static.www.nfl.com/image/private/f_auto,q_auto/league/eun2raouamjhkylewslp",,,,,,
1967,DEN,DL,DE,0,ACT,Rex Mirich,Rex,Mirich,1941-03-11,76,250,,,,,,,,,,,,"https://static.www.nfl.com/image/private/f_auto,q_auto/league/zbhdbekc8yx4rgjdgyz9",,,,,,
1967,DEN,K,K,0,ACT,Rick Duncan,Richard,Duncan,1941-08-14,72,208,,,,,,,,,,,,"https://static.www.nfl.com/image/private/f_auto,q_auto/league/yw7qsgtwyuolvheepux4",,,,,,
1967,DEN,K,K,0,ACT,Bob Humphreys,Robert,Humphreys,1940-03-30,73,240,,,,,,,,,,,,"https://static.www.nfl.com/image/private/f_auto,q_auto/league/yrq9d3k9wxaxejtlqowo",,,,,,
1967,DEN,K,K,0,ACT,Gary Kroner,Gary,Kroner,1940-11-06,73,200,,,,,,,,,,,,"https://static.www.nfl.com/image/private/f_auto,q_auto/league/jtjl1uagogww7xz36wxg",,,,,,
1967,DEN,LB,LB,0,ACT,Lou Andrus,Louis,Andrus,1943-07-10,78,230,,,,,,,,,,,,"https://static.www.nfl.com/image/private/f_auto,q_auto/league/hbkiarwhw12uqmwjluah",,,,,,
1967,DEN,LB,LB,0,ACT,Carl Cunningham,Carl,Cunningham,1944-07-23,76,230,,,,,,,,,,,,"https://static.www.nfl.com/image/private/f_auto,q_auto/league/qfz1d8jifprupkv9w2ue",,,,,,
1967,DEN,LB,LB,0,ACT,John Huard,John,Huard,1944-03-09,72,228,,,,,,,,,,,,"https://static.www.nfl.com/image/private/f_auto,q_auto/league/t4j6rzr8wfbem5dd9qpj",,,,,,
1967,DEN,LB,LB,0,ACT,Gene Jeter,Eugene,Jeter,1942-02-09,75,235,,,,,,,,,,,,"https://static.www.nfl.com/image/private/f_auto,q_auto/league/rdyldq2l8mc9a6ij8tlk",,,,,,
1967,DEN,LB,LB,0,ACT,Roger LeClerc,Roger,LeClerc,1936-10-01,75,235,,,,,,,,,,,,"https://static.www.nfl.com/image/private/f_auto,q_auto/league/lz0fk3vpx8ft2o6kegxp",,,,,,
1967,DEN,LB,LB,0,ACT,Chip Myrtle,Charles,Myrtle,1945-02-06,74,225,,,,,,,,,,,,"https://static.www.nfl.com/image/private/f_auto,q_auto/league/lg240fp9bhdiqp8lbppf",,,,,,
1967,DEN,LB,LB,0,ACT,Frank Richter,Frank,Richter,1944-12-24,75,235,,,,,,,,,,,,"https://static.www.nfl.com/image/private/f_auto,q_auto/league/nsxmj7ajtcasoaymljzp",,,,,,
1967,DEN,LB,LB,0,ACT,Henry Sorrell,Henry,Sorrell,1943-06-10,73,215,,,,,,,,,,,,"https://static.www.nfl.com/image/private/f_auto,q_auto/league/jkv8bl1iytgkiwtycsqi",,,,,,
1967,DEN,OL,C,0,ACT,Dave Behrman,David,Behrman,1941-11-09,77,260,,,,,,,,,,,,"https://static.www.nfl.com/image/private/f_auto,q_auto/league/jeqka0g5dmly6nbniqvh",,,,,,
1967,DEN,OL,OT,0,TRL,Bob Breitenstein,Robert,Breitenstein,1943-04-08,75,265,,,,,,,,,,,,"https://static.www.nfl.com/image/private/f_auto,q_auto/league/nvnsti0ytsslanl3bppt",,,,,,
1967,DEN,OL,OT,0,ACT,Sam Brunelli,Samuel,Brunelli,1943-12-13,74,270,,,,,,,,,,,,"https://static.www.nfl.com/image/private/f_auto,q_auto/league/zffibq0sy5am5z1beoyt",,,,,,
1967,DEN,OL,OT,0,ACT,Tom Cichowski,Thomas,Cichowski,1944-06-13,76,250,,,,,,,,,,,,"https://static.www.nfl.com/image/private/f_auto,q_auto/league/n6qbzzamsjkljkdyfurc",,,,,,
1967,DEN,OL,OT,0,TRC,Mike Current,Michael,Current,1945-09-17,77,274,,,,,,,,,,,,"https://static.www.nfl.com/image/private/f_auto,q_auto/league/dftjzbmzfyqq43jtz4qs",,,,,,
1967,DEN,OL,G,0,ACT,George Goeddeke,George,Goeddeke,1945-07-29,75,253,,,,,,,,,,,,"https://static.www.nfl.com/image/private/f_auto,q_auto/league/jh3qiyq2vb4bhd99pe4q",,,,,,
1967,DEN,OL,C,0,ACT,Larry Kaminski,Lawrence,Kaminski,1945-01-06,74,245,,,,,,,,,,,,"https://static.www.nfl.com/image/private/f_auto,q_auto/league/tgb0xqbj6xckfbjfepsv",,,,,,
1967,DEN,OL,OT,0,ACT,Ray Kubala,Raymond,Kubala,1942-10-26,77,265,,,,,,,,,,,,"https://static.www.nfl.com/image/private/f_auto,q_auto/league/viiqu9sltr5ezssfguof",,,,,,
1967,DEN,OL,G,0,ACT,Pat Matson,Patrick,Matson,1944-07-22,73,245,,,,,,,,,,,,"https://static.www.nfl.com/image/private/f_auto,q_auto/league/u0ugijilkel1rgi8xj5k",,,,,,
1967,DEN,OL,G,0,ACT,Ernie Park,Ernest,Park,1940-10-22,75,253,,,,,,,,,,,,"https://static.www.nfl.com/image/private/f_auto,q_auto/league/vrnjnkjimeaxglbumre7",,,,,,
1967,DEN,OL,G,0,ACT,Don Smith,Donald,Smith,1943-02-08,76,240,,,,,,,,,,,,"https://static.www.nfl.com/image/private/f_auto,q_auto/league/hmru6csfd4nualerqxot",,,,,,
1967,DEN,OL,OT,0,ACT,Dick Tyson,Richard,Tyson,1943-01-05,74,245,,,,,,,,,,,,"https://static.www.nfl.com/image/private/f_auto,q_auto/league/jnlm1c7ilpkexxrvmuxe",,,,,,
1967,DEN,OL,G,0,ACT,Bob Young,Robert,Young,1942-09-03,73,270,,,,,,,,,,,,"https://static.www.nfl.com/image/private/f_auto,q_auto/league/llhts07z5pewhdj5y7k1",,,,,,
1967,DEN,QB,QB,0,ACT,Scotty Glacken,Edward,Glacken,1944-07-28,72,190,,,,,,,,,,,,"https://static.www.nfl.com/image/private/f_auto,q_auto/league/huybkkhzvbypvlxmblrh",,,,,,
1967,DEN,QB,QB,0,ACT,Jim LeClair,James,LeClair,1944-03-23,73,200,,,,,,,,,,,,"https://static.www.nfl.com/image/private/f_auto,q_auto/league/epb7vn6wa7ig7gbxcq8b",,,,,,
1967,DEN,QB,QB,0,ACT,Steve Tensi,Stephen,Tensi,1942-12-08,77,215,,,,,,,,,,,,"https://static.www.nfl.com/image/private/f_auto,q_auto/league/nj5tkghgkfdvrehxilq1",,,,,,
1967,DEN,RB,FB,0,ACT,Cookie Gilchrist,Carlton,Gilchrist,1935-05-25,75,251,,,,,,,,,,,,"https://static.www.nfl.com/image/private/f_auto,q_auto/league/radbkdn2xajslkqttsoc",,,,,,
1967,DEN,RB,RB,0,ACT,Wendell Hayes,Wendell,Hayes,1940-08-05,73,220,,,,,,,,,,,,"https://static.www.nfl.com/image/private/f_auto,q_auto/league/zagc9ynhbfddt0v2nupa",,,,,,
1967,DEN,RB,RB,0,ACT,Bo Hickey,Thomas,Hickey,1945-10-07,71,230,,,,,,,,,,,,"https://static.www.nfl.com/image/private/f_auto,q_auto/league/vusvfezvqmlzjux7vaij",,,,,,
1967,DEN,RB,RB,0,ACT,Mike Kellogg,Michael,Kellogg,1942-10-28,72,230,,,,,,,,,,,,"https://static.www.nfl.com/image/private/f_auto,q_auto/league/jv9wj67gqav3z2htcvmb",,,,,,
1967,DEN,RB,RB,0,ACT,Floyd Little,Floyd,Little,1942-07-04,70,196,,,,,,,,,,,,"https://static.www.nfl.com/image/private/f_auto,q_auto/league/ojkvdxv5e5xisbxrosev",,,,,,
1967,DEN,RB,RB,0,ACT,Fran Lynch,Francis,Lynch,1945-12-03,73,205,,,,,,,,,,,,"https://static.www.nfl.com/image/private/f_auto,q_auto/league/r3nx0u1prkvm8hytbe5j",,,,,,
1967,DEN,RB,HB,0,ACT,Charley Mitchell,Charles,Mitchell,1940-05-25,71,185,,,,,,,,,,,,"https://static.www.nfl.com/image/private/f_auto,q_auto/league/cgb09mt5suvtqyorww7w",,,,,,
1967,DEN,TE,TE,0,ACT,Tom Beer,Thomas,Beer,1944-12-21,76,235,,,,,,,,,,,,"https://static.www.nfl.com/image/private/f_auto,q_auto/league/kjrx6sgjbwe2gqprozld",,,,,,
1967,DEN,TE,TE,0,ACT,Andre White,Andre,White,1944-10-07,75,225,,,,,,,,,,,,"https://static.www.nfl.com/image/private/f_auto,q_auto/league/raw9j4dbmshbi33vjkyo",,,,,,
1967,DEN,WR,WR,0,ACT,Eric Crabtree,Eric,Crabtree,1944-11-03,72,185,,,,,,,,,,,,"https://static.www.nfl.com/image/private/f_auto,q_auto/league/ymsfpogm6s5fuqeza6bn",,,,,,
1967,DEN,WR,WR,0,ACT,Al Denson,Alfred,Denson,1942-01-02,74,208,,,,,,,,,,,,"https://static.www.nfl.com/image/private/f_auto,q_auto/league/siig5gjafpxocfu4lnw4",,,,,,
1967,DEN,WR,WR,0,ACT,Bob Scarpitto,Robert,Scarpitto,1939-01-07,71,192,,,,,,,,,,,,"https://static.www.nfl.com/image/private/f_auto,q_auto/league/xzyc177vpeydxkwnz7bz",,,,,,
1967,DEN,WR,WR,0,ACT,Neal Sweeney,Neal,Sweeney,1945-06-13,74,170,,,,,,,,,,,,"https://static.www.nfl.com/image/private/f_auto,q_auto/league/jizmxlgqgexlrziao90q",,,,,,
1967,DET,DB,CB,0,ACT,Lem Barney,Lemuel,Barney,1945-09-08,72,188,,,,,,,,,,,,"https://static.www.nfl.com/image/private/f_auto,q_auto/league/unb7p9ammpwhdtif5ifm",,,,,,
1967,DET,DB,DB,0,ACT,Mike Bass,Michael,Bass,1945-03-31,72,190,,,,,,,,,,,,"https://static.www.nfl.com/image/private/f_auto,q_auto/league/xbtbcxhwa6vahanoqsxq",,,,,,
1967,DET,DB,CB,0,ACT,Dick LeBeau,Charles,LeBeau,1937-09-09,73,185,,,,,,,,,,,,"https://static.www.nfl.com/image/private/f_auto,q_auto/league/tjf5yf3rcodsvuvjrhf6",,,,,,
1967,DET,DB,DB,0,ACT,Bruce Maher,Bruce,Maher,1937-07-25,71,190,,,,,,,,,,,,"https://static.www.nfl.com/image/private/f_auto,q_auto/league/nugu83dzbbb4nqks6vbu",,,,,,
1967,DET,DB,DB,0,ACT,Wayne Rasmussen,Wayne,Rasmussen,1942-06-07,74,175,,,,,,,,,,,,"https://static.www.nfl.com/image/private/f_auto,q_auto/league/muzv79tu4dqkqi7odbvm",,,,,,
1967,DET,DB,DB,0,ACT,Johnnie Robinson,John,Robinson,1944-11-06,75,205,,,,,,,,,,,,"https://static.www.nfl.com/image/private/f_auto,q_auto/league/gtt3g8yvj1dw7mbqji8u",,,,,,
1967,DET,DB,DB,0,ACT,Bobby Thompson,Robert,Thompson,1939-03-30,71,188,,,,,,,,,,,,"https://static.www.nfl.com/image/private/f_auto,q_auto/league/l2yomj8mxwbe7pgs2b3d",,,,,,
1967,DET,DB,DB,0,ACT,Tom Vaughn,Thomas,Vaughn,1943-02-28,71,190,,,,,,,,,,,,"https://static.www.nfl.com/image/private/f_auto,q_auto/league/b62haqhbvobon1bworo3",,,,,,
1967,DET,DB,DB,0,ACT,Mike Weger,Michael,Weger,1945-10-02,74,200,,,,,,,,,,,,"https://static.www.nfl.com/image/private/f_auto,q_auto/league/c0qrkiz4zronnpzhz0ph",,,,,,
1967,DET,DL,DE,0,ACT,Larry Hand,Lawrence,Hand,1940-07-10,76,250,,,,,,,,,,,,"https://static.www.nfl.com/image/private/f_auto,q_auto/league/vfbs3uhlqkbnenxpmtx2",,,,,,
1967,DET,DL,DE,0,ACT,Lew Kamanu,Lewellyn,Kamanu,1944-04-09,76,245,,,,,,,,,,,,"https://static.www.nfl.com/image/private/f_auto,q_auto/league/s6lqrrwpdp3ecxgekjss",,,,,,
1967,DET,DL,DT,0,ACT,Alex Karras,Alexander,Karras,1935-07-15,74,255,,,,,,,,,,,,"https://static.www.nfl.com/image/private/f_auto,q_auto/league/atlyjjglm8whgi8tiq9y",,,,,,
1967,DET,DL,DE,0,ACT,John McCambridge,John,McCambridge,1944-08-30,76,245,,,,,,,,,,,,"https://static.www.nfl.com/image/private/f_auto,q_auto/league/uymqnnl6jbowuvpiq0u1",,,,,,
1967,DET,DL,DE,0,ACT,Darris McCord,Darris,McCord,1933-01-04,76,250,,,,,,,,,,,,"https://static.www.nfl.com/image/private/f_auto,q_auto/league/golkln2kdv63zribdc9l",,,,,,
1967,DET,DL,DE,0,ACT,Mike Melinkovich,Michael,Melinkovich,1942-01-07,76,245,,,,,,,,,,,,"https://static.www.nfl.com/image/private/f_auto,q_auto/league/hdjg8ysv098kyz5wjbtz",,,,,,
1967,DET,DL,DT,0,ACT,Denis Moore,James,Moore,1944-07-18,77,255,,,,,,,,,,,,"https://static.www.nfl.com/image/private/f_auto,q_auto/league/t0dtz6l0eb1sbso9tlyp",,,,,,
1967,DET,DL,DT,0,ACT,Jerry Rush,Gerald,Rush,1942-08-07,76,265,,,,,,,,,,,,"https://static.www.nfl.com/image/private/f_auto,q_auto/league/hpwxycyzszftqricdpod",,,,,,
1967,DET,K,K,0,ACT,Garo Yepremian,Garabed,Yepremian,1944-06-02,68,175,,,,,,,,,,,,"https://static.www.nfl.com/image/private/f_auto,q_auto/league/dhwxvgo8zonppky9pwcg",,,,,,
1967,DET,LB,LB,0,ACT,Ernie Clark,Ernest,Clark,1937-08-11,73,220,,,,,,,,,,,,"https://static.www.nfl.com/image/private/f_auto,q_auto/league/txt6dh9ql1dpylugezm2",,,,,,
1967,DET,LB,LB,0,ACT,Ron Goovert,Ronald,Goovert,1944-02-15,71,225,,,,,,,,,,,,"https://static.www.nfl.com/image/private/f_auto,q_auto/league/xjm4umhh1jdggpa6zlev",,,,,,
1967,DET,LB,LB,0,ACT,Mike Lucci,Michael,Lucci,1939-12-29,74,230,,,,,,,,,,,,"https://static.www.nfl.com/image/private/f_auto,q_auto/league/yh8sxqqj2sxzgitmg0bf",,,,,,
1967,DET,LB,LB,0,ACT,Paul Naumoff,Paul,Naumoff,1945-07-03,73,215,,,,,,,,,,,,"https://static.www.nfl.com/image/private/f_auto,q_auto/league/u9eq8yeuhspmuqldp6r0",,,,,,
1967,DET,LB,LB,0,ACT,Wayne Walker,Wayne,Walker,1936-09-30,74,225,,,,,,,,,,,,"https://static.www.nfl.com/image/private/f_auto,q_auto/league/nsqn1sgfkobjzmatfnva",,,,,,
1967,DET,OL,OT,0,ACT,Charlie Bradshaw,Charles,Bradshaw,1936-03-13,78,260,,,,,,,,,,,,"https://static.www.nfl.com/image/private/f_auto,q_auto/league/vadnfnalyetw0kqqzhoh",,,,,,
1967,DET,OL,OT,0,ACT,Bill Cottrell,William,Cottrell,1944-09-18,76,255,,,,,,,,,,,,"https://static.www.nfl.com/image/private/f_auto,q_auto/league/ju6xivuig4upukua0x2s",,,,,,
1967,DET,OL,C,0,ACT,Ed Flanagan,Edward,Flanagan,1944-02-23,75,245,,,,,,,,,,,,"https://static.www.nfl.com/image/private/f_auto,q_auto/league/yebfgbjlf14qenkw2k55",,,,,,
1967,DET,OL,G,0,ACT,Frank Gallagher,Francis,Gallagher,1943-03-02,74,245,,,,,,,,,,,,"https://static.www.nfl.com/image/private/f_auto,q_auto/league/olsvqgecrgw95oaqouqe",,,,,,
1967,DET,OL,G,0,ACT,John Gordy,John,Gordy,1935-06-17,75,248,,,,,,,,,,,,"https://static.www.nfl.com/image/private/f_auto,q_auto/league/toap8rlalu7wjhjuvvq6",,,,,,
1967,DET,OL,G,0,ACT,Bob Kowalkowski,Robert,Kowalkowski,1943-11-05,75,240,,,,,,,,,,,,"https://static.www.nfl.com/image/private/f_auto,q_auto/league/cjfpbgevsr6hifjy5gk9",,,,,,
1967,DET,OL,OT,0,ACT,Roger Shoals,Roger,Shoals,1938-12-13,76,260,,,,,,,,,,,,"https://static.www.nfl.com/image/private/f_auto,q_auto/league/ldcnoxbnz2oryatrmqea",,,,,,
1967,DET,OL,G,0,ACT,Chuck Walton,Charles,Walton,1941-07-07,75,255,,,,,,,,,,,,"https://static.www.nfl.com/image/private/f_auto,q_auto/league/ggo4bzeijbs2hurynny0",,,,,,
1967,DET,OL,OT,0,ACT,Randy Winkler,Randolph,Winkler,1943-07-18,77,255,,,,,,,,,,,,"https://static.www.nfl.com/image/private/f_auto,q_auto/league/cg8fnbwrh4omufjis6li",,,,,,
1967,DET,QB,QB,0,ACT,Milt Plum,Milton,Plum,1935-01-20,73,205,,,,,,,,,,,,"https://static.www.nfl.com/image/private/f_auto,q_auto/league/ohqlori9wh8crjisqclb",,,,,,
1967,DET,QB,QB,0,ACT,Karl Sweetan,Karl,Sweetan,1942-10-02,74,200,,,,,,,,,,,,"https://static.www.nfl.com/image/private/f_auto,q_auto/league/v3xexroxisiigr6towwz",,,,,,
1967,DET,RB,RB,0,ACT,Mel Farr,Melvin,Farr,1944-11-03,74,210,,,,,,,,,,,,"https://static.www.nfl.com/image/private/f_auto,q_auto/league/junn7av063etdzfqsvou",,,,,,
1967,DET,RB,HB,0,ACT,Bobby Felts,Bobby,Felts,1942-06-26,74,202,,,,,,,,,,,,"https://static.www.nfl.com/image/private/f_auto,q_auto/league/fdkmuohu5ofspkfiimqc",,,,,,
1967,DET,RB,HB,0,ACT,Amos Marsh,Amos,Marsh,1939-05-07,72,220,,,,,,,,,,,,"https://static.www.nfl.com/image/private/f_auto,q_auto/league/o3z4edrbyxwewlwissat",,,,,,
1967,DET,RB,FB,0,ACT,Tom Nowatzke,Thomas,Nowatzke,1942-09-30,75,230,,,,,,,,,,,,"https://static.www.nfl.com/image/private/f_auto,q_auto/league/hwxpziueun2alfee5tpx",,,,,,
1967,DET,RB,HB,0,ACT,Tom Watkins,Thomas,Watkins,1937-10-23,72,195,,,,,,,,,,,,"https://static.www.nfl.com/image/private/f_auto,q_auto/league/wwmrg3ny1ouibxrrjtxk",,,,,,
1967,DET,TE,TE,0,ACT,Jim Gibbons,James,Gibbons,1936-09-26,74,220,,,,,,,,,,,,"https://static.www.nfl.com/image/private/f_auto,q_auto/league/gymfdtgfdzqnbxu9i4vs",,,,,,
1967,DET,TE,TE,0,ACT,Ron Kramer,Ronald,Kramer,1935-06-24,75,234,,,,,,,,,,,,"https://static.www.nfl.com/image/private/f_auto,q_auto/league/rplz3sr4prliwcgslfbb",,,,,,
1967,DET,TE,TE,0,ACT,Jerry Zawadzkas,Gerald,Zawadzkas,1946-01-03,76,220,,,,,,,,,,,,"https://static.www.nfl.com/image/private/f_auto,q_auto/league/aag6eidiuzfsmikalyss",,,,,,
1967,DET,WR,WR,0,ACT,Gail Cogdill,Gail,Cogdill,1937-04-07,75,200,,,,,,,,,,,,"https://static.www.nfl.com/image/private/f_auto,q_auto/league/zxr1sxslkge1dsggvq0s",,,,,,
1967,DET,WR,WR,0,ACT,John Henderson,John,Henderson,1943-03-21,75,195,,,,,,,,,,,,"https://static.www.nfl.com/image/private/f_auto,q_auto/league/cznn2ngsmsoubon5sdg7",,,,,,
1967,DET,WR,WR,0,ACT,Bill Malinchak,William,Malinchak,1944-04-02,73,200,,,,,,,,,,,,"https://static.www.nfl.com/image/private/f_auto,q_auto/league/cdjssmxppjr8uxl8in5a",,,,,,
1967,DET,WR,WR,0,ACT,Pat Studstill,Patrick,Studstill,1938-06-04,72,180,,,,,,,,,,,,"https://static.www.nfl.com/image/private/f_auto,q_auto/league/qhpkhqk9dekmbc1lm0nt",,,,,,
1967,GB,DB,CB,0,ACT,Herb Adderley,Herbert,Adderley,1939-06-08,72,205,,,,,,,,,,,,"https://static.www.nfl.com/image/private/f_auto,q_auto/league/kjbrtceqe7vnnnie4xu8",,,,,,
1967,GB,DB,DB,0,ACT,Tom Brown,Thomas,Brown,1940-12-12,73,192,,,,,,,,,,,,"https://static.www.nfl.com/image/private/f_auto,q_auto/league/varpczsf6mwrzyejzgsa",,,,,,
1967,GB,DB,DB,0,ACT,Doug Hart,Douglas,Hart,1939-06-03,72,190,,,,,,,,,,,,"https://static.www.nfl.com/image/private/f_auto,q_auto/league/xlnhei8bb2welwghj6wz",,,,,,
1967,GB,DB,DB,0,ACT,Bob Jeter,Robert,Jeter,1937-05-09,73,200,,,,,,,,,,,,"https://static.www.nfl.com/image/private/f_auto,q_auto/league/fofqbq7oopxym0hxer7z",,,,,,
1967,GB,DB,DB,0,ACT,John Rowser,John,Rowser,1944-04-24,73,190,,,,,,,,,,,,"https://static.www.nfl.com/image/private/f_auto,q_auto/league/feifwimqe7bmcpmmqvgk",,,,,,
1967,GB,DB,DB,0,ACT,Willie Wood,William,Wood,1936-12-23,70,190,,,,,,,,,,,,"https://static.www.nfl.com/image/private/f_auto,q_auto/league/ulue5pwtmac1y8ul3x0q",,,,,,
1967,GB,DL,DE,0,ACT,Lionel Aldridge,Lionel,Aldridge,1941-02-14,75,254,,,,,,,,,,,,"https://static.www.nfl.com/image/private/f_auto,q_auto/league/fuxhvolevxazpgunnkkd",,,,,,
1967,GB,DL,DE,0,ACT,Bob Brown,Robert,Brown,1940-02-22,77,260,,,,,,,,,,,,"https://static.www.nfl.com/image/private/f_auto,q_auto/league/ifabczo3yowskxsesllr",,,,,,
1967,GB,DL,DE,0,ACT,Willie Davis,William,Davis,1934-07-24,75,245,,,,,,,,,,,,"https://static.www.nfl.com/image/private/f_auto,q_auto/league/udvrmskeahek5sjpqq1u",,,,,,
1967,GB,DL,DT,0,ACT,Henry Jordan,Henry,Jordan,1935-01-26,74,250,,,,,,,,,,,,"https://static.www.nfl.com/image/private/f_auto,q_auto/league/k3t4ouxrowhke0pkhpac",,,,,,
1967,GB,DL,DT,0,ACT,Ron Kostelnik,Ronald,Kostelnik,1940-01-14,76,260,,,,,,,,,,,,"https://static.www.nfl.com/image/private/f_auto,q_auto/league/cmatevgnzz4ejraqekwp",,,,,,
1967,GB,DL,DE,0,ACT,Jim Weatherwax,James,Weatherwax,1943-01-09,79,260,,,,,,,,,,,,"https://static.www.nfl.com/image/private/f_auto,q_auto/league/jbkk15rh2bchwdllxtax",,,,,,
1967,GB,K,K,0,ACT,Don Chandler,Donald,Chandler,1934-09-05,74,215,,,,,,,,,,,,"https://static.www.nfl.com/image/private/f_auto,q_auto/league/c4obdvw1ude6auaix3j8",,,,,,
1967,GB,LB,LB,0,ACT,Lee Roy Caffey,Lee,Caffey,1941-06-03,76,240,,,,,,,,,,,,"https://static.www.nfl.com/image/private/f_auto,q_auto/league/bltq1azaovgw655pufia",,,,,,
1967,GB,LB,LB,0,ACT,Tommy Crutcher,Tommy,Crutcher,1941-08-10,76,230,,,,,,,,,,,,"https://static.www.nfl.com/image/private/f_auto,q_auto/league/aiqeuwfnnt2ita6sytc3",,,,,,
1967,GB,LB,LB,0,ACT,Jim Flanigan,James,Flanigan,1945-04-15,75,240,,,,,,,,,,,,"https://static.www.nfl.com/image/private/f_auto,q_auto/league/gadvkuogazdv1o7jolba",,,,,,
1967,GB,LB,MLB,0,ACT,Ray Nitschke,Raymond,Nitschke,1936-12-29,75,235,,,,,,,,,,,,"https://static.www.nfl.com/image/private/f_auto,q_auto/league/g4a3ds2su6ddaaqbbmtu",,,,,,
1967,GB,LB,LB,0,ACT,Dave Robinson,Richard,Robinson,1941-05-03,75,245,,,,,,,,,,,,"https://static.www.nfl.com/image/private/f_auto,q_auto/league/g74lkcvdos6bfbd3fiaj",,,,,,
1967,GB,OL,C,0,ACT,Ken Bowman,Kenneth,Bowman,1942-12-15,75,230,,,,,,,,,,,,"https://static.www.nfl.com/image/private/f_auto,q_auto/league/yt2elubprsyqvvd7byat",,,,,,
1967,GB,OL,G,0,ACT,Gale Gillingham,Gale,Gillingham,1944-02-03,75,255,,,,,,,,,,,,"https://static.www.nfl.com/image/private/f_auto,q_auto/league/dmpdzvhajtwrerdjhnpg",,,,,,
1967,GB,OL,OT,0,ACT,Forrest Gregg,Alvis,Gregg,1933-10-18,76,250,,,,,,,,,,,,"https://static.www.nfl.com/image/private/f_auto,q_auto/league/rzuofqlearoppgqdqtku",,,,,,
1967,GB,OL,C,0,ACT,Bob Hyland,Robert,Hyland,1945-07-21,77,255,,,,,,,,,,,,"https://static.www.nfl.com/image/private/f_auto,q_auto/league/tlca6lx5e0vxhaomkjuf",,,,,,
1967,GB,OL,G,0,ACT,Jerry Kramer,Gerald,Kramer,1936-01-23,75,245,,,,,,,,,,,,"https://static.www.nfl.com/image/private/f_auto,q_auto/league/fn6bbten6djxmdxwtcn0",,,,,,
1967,GB,OL,OT,0,ACT,Bob Skoronski,Robert,Skoronski,1934-03-05,75,250,,,,,,,,,,,,"https://static.www.nfl.com/image/private/f_auto,q_auto/league/wq9fvlydoalooylxeirp",,,,,,
1967,GB,OL,G,0,ACT,Fuzzy Thurston,Frederick,Thurston,1933-12-29,73,247,,,,,,,,,,,,"https://static.www.nfl.com/image/private/f_auto,q_auto/league/hnuemfzs1ozli34wm4yd",,,,,,
1967,GB,OL,OT,0,ACT,Steve Wright,Stephen,Wright,1942-07-17,78,250,,,,,,,,,,,,"https://static.www.nfl.com/image/private/f_auto,q_auto/league/vcbzxz6pp8phacv9koam",,,,,,
1967,GB,QB,QB,0,ACT,Zeke Bratkowski,Edmund,Bratkowski,1931-10-20,74,210,,,,,,,,,,,,"https://static.www.nfl.com/image/private/f_auto,q_auto/league/kentod4dlvnxdwmhcepl",,,,,,
1967,GB,QB,QB,0,ACT,Don Horn,Donald,Horn,1945-03-09,74,195,,,,,,,,,,,,"https://static.www.nfl.com/image/private/f_auto,q_auto/league/yntiir9ap1u3p9yzvsi0",,,,,,
1967,GB,QB,QB,15,ACT,Bart Starr,Bryan,Starr,1934-01-09,73,195,,,,,,,,,,,,"https://static.www.nfl.com/image/private/f_auto,q_auto/league/hstldooxal3emktovptz",,,,,,
1967,GB,RB,RB,0,ACT,Donny Anderson,Garry,Anderson,1943-05-16,74,215,,,,,,,,,,,,"https://static.www.nfl.com/image/private/f_auto,q_auto/league/igxygw54r1jkdcklviht",,,,,,
1967,GB,RB,RB,0,ACT,Jim Grabowski,James,Grabowski,1944-09-09,74,220,,,,,,,,,,,,"https://static.www.nfl.com/image/private/f_auto,q_auto/league/vzpw7tfsjju8rya5ktnw",,,,,,
1967,GB,RB,RB,0,ACT,Chuck Mercein,Charles,Mercein,1943-04-09,74,225,,,,,,,,,,,,"https://static.www.nfl.com/image/private/f_auto,q_auto/league/myaffsq3rwp3csza3hhm",,,,,,
1967,GB,RB,RB,0,ACT,Elijah Pitts,Elijah,Pitts,1938-02-03,73,210,,,,,,,,,,,,"https://static.www.nfl.com/image/private/f_auto,q_auto/league/to7evruhsjloyzxqexxh",,,,,,
1967,GB,RB,RB,0,ACT,Travis Williams,Travis,Williams,1946-01-14,73,210,,,,,,,,,,,,"https://static.www.nfl.com/image/private/f_auto,q_auto/league/r7ejitncf8pojqemz1bc",,,,,,
1967,GB,RB,FB,0,ACT,Ben Wilson,Benjamin,Wilson,1939-03-09,72,225,,,,,,,,,,,,"https://static.www.nfl.com/image/private/f_auto,q_auto/league/hdxs9mqkh9gy0xloiqcl",,,,,,
1967,GB,TE,TE,0,ACT,Allen Brown,Allen,Brown,1943-03-02,77,235,,,,,,,,,,,,"https://static.www.nfl.com/image/private/f_auto,q_auto/league/e7rxhwordgzwmluwzmi0",,,,,,
1967,GB,TE,TE,0,ACT,Dick Capp,Richard,Capp,1942-04-09,76,240,,,,,,,,,,,,"https://static.www.nfl.com/image/private/f_auto,q_auto/league/sup8knyqlphntzkhqm66",,,,,,
1967,GB,TE,TE,0,ACT,Marv Fleming,Marvin,Fleming,1942-01-02,76,232,,,,,,,,,,,,"https://static.www.nfl.com/image/private/f_auto,q_auto/league/cyijeeyp8ytuuhhgqsgs",,,,,,
1967,GB,WR,WR,0,ACT,Carroll Dale,Carroll,Dale,1938-04-24,74,200,,,,,,,,,,,,"https://static.www.nfl.com/image/private/f_auto,q_auto/league/cawoax9jlkga6c0erbje",,,,,,
1967,GB,WR,WR,0,ACT,Boyd Dowler,Boyd,Dowler,1937-10-18,77,225,,,,,,,,,,,,"https://static.www.nfl.com/image/private/f_auto,q_auto/league/htaqmrv7tx8spw72oims",,,,,,
1967,GB,WR,WR,0,ACT,Claudis James,Claudis,James,1943-11-07,74,190,,,,,,,,,,,,"https://static.www.nfl.com/image/private/f_auto,q_auto/league/scnd9hurleu7efwwvqk4",,,,,,
1967,GB,WR,WR,0,ACT,Bob Long,Robert,Long,1942-06-16,75,205,,,,,,,,,,,,"https://static.www.nfl.com/image/private/f_auto,q_auto/league/j4l8h6phwnk6mkinifsw",,,,,,
1967,GB,WR,WR,0,ACT,Max McGee,William,McGee,1932-07-16,75,205,,,,,,,,,,,,"https://static.www.nfl.com/image/private/f_auto,q_auto/league/pf3jygfdosbyveh9ym8o",,,,,,
1967,HOU,DB,DB,0,ACT,Larry Carwell,Lawrence,Carwell,1944-08-05,73,188,,,,,,,,,,,,"https://static.www.nfl.com/image/private/f_auto,q_auto/league/wzalxjagp3jkb1cocjmj",,,,,,
1967,HOU,DB,DB,0,ACT,Miller Farr,Miller,Farr,1943-04-08,73,190,,,,,,,,,,,,"https://static.www.nfl.com/image/private/f_auto,q_auto/league/qrwirdeisxslxkxqukqt",,,,,,
1967,HOU,DB,DB,0,ACT,W.K. Hicks,Wilmer,Hicks,1942-07-14,73,195,,,,,,,,,,,,"https://static.www.nfl.com/image/private/f_auto,q_auto/league/sbfg51g6bge2mx5qpfi4",,,,,,
1967,HOU,DB,DB,0,ACT,Ken Houston,Kenneth,Houston,1944-11-12,75,197,,,,,,,,,,,,"https://static.www.nfl.com/image/private/f_auto,q_auto/league/i1cbjgmbk3okezcqjzfr",,,,,,
1967,HOU,DB,DB,0,ACT,Bobby Jancik,Robert,Jancik,1940-02-09,71,178,,,,,,,,,,,,"https://static.www.nfl.com/image/private/f_auto,q_auto/league/nqao5846jzgqosvkfsg8",,,,,,
1967,HOU,DB,DB,0,ACT,Pete Johns,Peter,Johns,1945-08-14,74,190,,,,,,,,,,,,"https://static.www.nfl.com/image/private/f_auto,q_auto/league/co4psgna8hpfn6pqedsm",,,,,,
1967,HOU,DB,DB,0,ACT,Zeke Moore,Ezekiel,Moore,1943-12-02,75,198,,,,,,,,,,,,"https://static.www.nfl.com/image/private/f_auto,q_auto/league/mextw1k3ty1vyczakkjr",,,,,,
1967,HOU,DB,DB,0,ACT,Jim Norton,James,Norton,1938-10-20,75,190,,,,,,,,,,,,"https://static.www.nfl.com/image/private/f_auto,q_auto/league/pflegifg7ybbioiet3zi",,,,,,
1967,HOU,DL,DE,0,ACT,Don Floyd,Donald,Floyd,1938-07-10,75,245,,,,,,,,,,,,"https://static.www.nfl.com/image/private/f_auto,q_auto/league/wt6u8scz2jps7p3bpayi",,,,,,
1967,HOU,DL,DE,0,ACT,Pat Holmes,James,Holmes,1940-08-03,77,255,,,,,,,,,,,,"https://static.www.nfl.com/image/private/f_auto,q_auto/league/g58b3ojzkdwyvyp58zyy",,,,,,
1967,HOU,DL,DE,0,ACT,Willie Jones,Willie,Jones,1942-05-28,73,260,,,,,,,,,,,,"https://static.www.nfl.com/image/private/f_auto,q_auto/league/d8pwxtk9ypfb4s5xjdvn",,,,,,
1967,HOU,DL,DT,0,TRC,Ernie Ladd,Ernest,Ladd,1938-11-28,81,290,,,,,,,,,,,,"https://static.www.nfl.com/image/private/f_auto,q_auto/league/epznusvkbvlfsqng1ruy",,,,,,
1967,HOU,DL,DE,0,ACT,Bud Marshall,Richard,Marshall,1941-09-12,76,270,,,,,,,,,,,,"https://static.www.nfl.com/image/private/f_auto,q_auto/league/bchtrtmvs9xzxrbalte7",,,,,,
1967,HOU,DL,DT,0,ACT,Willie Parker,Willie,Parker,1945-03-12,75,275,,,,,,,,,,,,"https://static.www.nfl.com/image/private/f_auto,q_auto/league/vny2tihb7hcydoof5y7q",,,,,,
1967,HOU,DL,DT,0,ACT,Andy Rice,Andrew,Rice,1940-09-06,74,268,,,,,,,,,,,,"https://static.www.nfl.com/image/private/f_auto,q_auto/league/f4iqcvbcgzigtd3kubfk",,,,,,
1967,HOU,DL,DT,0,ACT,George Rice,George,Rice,1944-06-10,75,260,,,,,,,,,,,,"https://static.www.nfl.com/image/private/f_auto,q_auto/league/bhypzkm53qh258lynfx3",,,,,,
1967,HOU,DL,DT,0,ACT,Carel Stith,Carel,Stith,1945-05-24,77,270,,,,,,,,,,,,"https://static.www.nfl.com/image/private/f_auto,q_auto/league/uueacmyit1ts2kmezf7h",,,,,,
1967,HOU,LB,LB,0,ACT,Pete Barnes,Peter,Barnes,1945-08-31,73,239,,,,,,,,,,,,"https://static.www.nfl.com/image/private/f_auto,q_auto/league/if7nqplp0ypmzmipl6q0",,,,,,
1967,HOU,LB,LB,0,ACT,Garland Boyette,Garland,Boyette,1940-03-22,73,238,,,,,,,,,,,,"https://static.www.nfl.com/image/private/f_auto,q_auto/league/el5jsifzomk91hs7gt7v",,,,,,
1967,HOU,LB,LB,0,ACT,Danny Brabham,Daniel,Brabham,1941-02-25,76,235,,,,,,,,,,,,"https://static.www.nfl.com/image/private/f_auto,q_auto/league/wnbpriyltyu8v8gl7qpq",,,,,,
1967,HOU,LB,LB,0,ACT,Ronnie Caveness,Ronald,Caveness,1943-03-06,73,225,,,,,,,,,,,,"https://static.www.nfl.com/image/private/f_auto,q_auto/league/cxncvjccjst4xzaj7ztl",,,,,,
1967,HOU,LB,LB,0,ACT,Olen Underwood,Olen,Underwood,1942-05-25,73,220,,,,,,,,,,,,"https://static.www.nfl.com/image/private/f_auto,q_auto/league/bkpxxbll1yahehzte4bi",,,,,,
1967,HOU,LB,LB,0,ACT,George Webster,George,Webster,1945-11-25,76,220,,,,,,,,,,,,"https://static.www.nfl.com/image/private/f_auto,q_auto/league/qtlm0hqlpfs9xzvslo2k",,,,,,
1967,HOU,OL,G,0,ACT,Sonny Bishop,Erwin,Bishop,1939-10-01,74,245,,,,,,,,,,,,"https://static.www.nfl.com/image/private/f_auto,q_auto/league/sjophrklxgxnaqz9lfr6",,,,,,
1967,HOU,OL,OT,0,ACT,Glen Ray Hines,Glen,Hines,1943-10-26,77,265,,,,,,,,,,,,"https://static.www.nfl.com/image/private/f_auto,q_auto/league/tg49a7bczr0dm89pkpa7",,,,,,
1967,HOU,OL,C,0,ACT,Bobby Maples,Bobby,Maples,1942-12-28,75,250,,,,,,,,,,,,"https://static.www.nfl.com/image/private/f_auto,q_auto/league/az1usqjqu7cd0cu37xxz",,,,,,
1967,HOU,OL,G,0,ACT,Ed Marcontell,Edmon,Marcontell,1945-07-10,72,240,,,,,,,,,,,,"https://static.www.nfl.com/image/private/f_auto,q_auto/league/yzzgciumdoj4cfyg2dut",,,,,,
1967,HOU,OL,G,0,ACT,Tom Regner,Thomas,Regner,1944-04-19,73,255,,,,,,,,,,,,"https://static.www.nfl.com/image/private/f_auto,q_auto/league/fegz7kt8rdp4v7a3nsyk",,,,,,
1967,HOU,OL,OT,0,ACT,Walt Suggs,William,Suggs,1939-05-15,77,260,,,,,,,,,,,,"https://static.www.nfl.com/image/private/f_auto,q_auto/league/esvqx9ysz2vgybjnawpp",,,,,,
1967,HOU,OL,G,0,ACT,Bob Talamini,Robert,Talamini,1939-01-08,73,255,,,,,,,,,,,,"https://static.www.nfl.com/image/private/f_auto,q_auto/league/w2yeu5eihrz38ius8vy1",,,,,,
1967,HOU,OL,G,0,ACT,John Wittenborn,John,Wittenborn,1936-03-01,74,240,,,,,,,,,,,,"https://static.www.nfl.com/image/private/f_auto,q_auto/league/ecxvybv3p7wytgftzean",,,,,,
1967,HOU,QB,QB,0,ACT,Billy Anderson,Billy,Anderson,1941-02-17,73,195,,,,,,,,,,,,"https://static.www.nfl.com/image/private/f_auto,q_auto/league/lc8qm1ppju1szqpawfwv",,,,,,
1967,HOU,QB,QB,0,ACT,Pete Beathard,Peter,Beathard,1942-03-07,73,200,,,,,,,,,,,,"https://static.www.nfl.com/image/private/f_auto,q_auto/league/mmbuixascoqfgpsal6qk",,,,,,
1967,HOU,QB,QB,0,ACT,Bob Davis,Robert,Davis,1945-09-15,74,205,,,,,,,,,,,,"https://static.www.nfl.com/image/private/f_auto,q_auto/league/a8broa9p56f2fe6fudno",,,,,,
1967,HOU,QB,QB,0,TRC,Jacky Lee,Jack,Lee,1939-07-11,73,189,,,,,,,,,,,,"https://static.www.nfl.com/image/private/f_auto,q_auto/league/fodmytvf56rnqq1bocnl",,,,,,
1967,HOU,QB,QB,0,TRT,Don Trull,Donald,Trull,1941-10-20,73,195,,,,,,,,,,,,"https://static.www.nfl.com/image/private/f_auto,q_auto/league/webnsxafccs5bhwnitfq",,,,,,
1967,HOU,RB,RB,0,ACT,Sid Blanks,Sidney,Blanks,1941-04-29,73,200,,,,,,,,,,,,"https://static.www.nfl.com/image/private/f_auto,q_auto/league/wxutxargfesfkp64q61m",,,,,,
1967,HOU,RB,RB,0,ACT,Woody Campbell,Woodrow,Campbell,1944-09-26,70,204,,,,,,,,,,,,"https://static.www.nfl.com/image/private/f_auto,q_auto/league/mgtscar5oc20duc89xff",,,,,,
1967,HOU,RB,RB,0,ACT,Hoyle Granger,Hoyle,Granger,1944-03-07,73,225,,,,,,,,,,,,"https://static.www.nfl.com/image/private/f_auto,q_auto/league/kdvk9fwsjritz5wwimyt",,,,,,
1967,HOU,RB,RB,0,ACT,Roy Hopkins,Roy,Hopkins,1945-02-18,73,235,,,,,,,,,,,,"https://static.www.nfl.com/image/private/f_auto,q_auto/league/r3jrcridejgo60viozwt",,,,,,
1967,HOU,TE,TE,0,ACT,Bob Poole,Robert,Poole,1941-10-05,76,225,,,,,,,,,,,,"https://static.www.nfl.com/image/private/f_auto,q_auto/league/ai478rakgfxzyhch69sg",,,,,,
1967,HOU,TE,TE,0,ACT,Alvin Reed,Alvin,Reed,1944-08-01,77,235,,,,,,,,,,,,"https://static.www.nfl.com/image/private/f_auto,q_auto/league/pmvjy786kzv4wyhtgsso",,,,,,
1967,HOU,WR,WR,0,ACT,Glenn Bass,Alden,Bass,1939-04-12,74,205,,,,,,,,,,,,"https://static.www.nfl.com/image/private/f_auto,q_auto/league/b2o0augxyn81g3qjfypa",,,,,,
1967,HOU,WR,WR,0,ACT,Ode Burrell,Ode,Burrell,1939-09-15,72,190,,,,,,,,,,,,"https://static.www.nfl.com/image/private/f_auto,q_auto/league/osdqi7aikbzi5yb4jkdb",,,,,,
1967,HOU,WR,WR,0,ACT,Larry Elkins,Lawrence,Elkins,1943-07-28,73,192,,,,,,,,,,,,"https://static.www.nfl.com/image/private/f_auto,q_auto/league/lfkokvqrfqrjtzao3cn1",,,,,,
1967,HOU,WR,WR,0,ACT,Charley Frazier,Charles,Frazier,1939-08-12,72,190,,,,,,,,,,,,"https://static.www.nfl.com/image/private/f_auto,q_auto/league/ivlkupvpmffjfhyqn2gx",,,,,,
1967,HOU,WR,WR,0,TRT,Monte Ledbetter,Monte,Ledbetter,1943-08-13,74,185,,,,,,,,,,,,"https://static.www.nfl.com/image/private/f_auto,q_auto/league/u1iqullkkcxwc9gwhy1f",,,,,,
1967,HOU,WR,WR,0,ACT,Lionel Taylor,Lionel,Taylor,1935-08-15,74,215,,,,,,,,,,,,"https://static.www.nfl.com/image/private/f_auto,q_auto/league/zow7akutmhrrfwdrpsna",,,,,,
1967,KC,DB,DB,0,ACT,Bobby Hunt,Robert,Hunt,1940-08-15,73,185,,,,,,,,,,,,"https://static.www.nfl.com/image/private/f_auto,q_auto/league/bpaiepfinfkq86tbi4oy",,,,,,
1967,KC,DB,DB,0,ACT,Jim Kearney,James,Kearney,1943-01-21,74,206,,,,,,,,,,,,"https://static.www.nfl.com/image/private/f_auto,q_auto/league/dhew3ndx8jdoh66sl54l",,,,,,
1967,KC,DB,DB,0,ACT,Willie Mitchell,William,Mitchell,1940-08-28,72,185,,,,,,,,,,,,"https://static.www.nfl.com/image/private/f_auto,q_auto/league/o2mzfaphds5fthqbphwr",,,,,,
1967,KC,DB,DB,0,TRT,Bobby Ply,Robert,Ply,1940-08-13,73,190,,,,,,,,,,,,"https://static.www.nfl.com/image/private/f_auto,q_auto/league/mnvhnfq1nod37eq993zz",,,,,,
1967,KC,DB,DB,0,ACT,Johnny Robinson,Johnny,Robinson,1938-09-09,73,205,,,,,,,,,,,,"https://static.www.nfl.com/image/private/f_auto,q_auto/league/w9dspwk9h0m9w1lzmjxv",,,,,,
1967,KC,DB,DB,0,ACT,Fletcher Smith,Fletcher,Smith,1943-10-13,72,178,,,,,,,,,,,,"https://static.www.nfl.com/image/private/f_auto,q_auto/league/qmlj3zyzeeqycpgsyn0u",,,,,,
1967,KC,DB,CB,0,ACT,Emmitt Thomas,Emmitt,Thomas,1943-06-03,74,192,,,,,,,,,,,,"https://static.www.nfl.com/image/private/f_auto,q_auto/league/rsl3sk7d2h8a5qduozab",,,,,,
1967,KC,DB,DB,0,ACT,Fred Williamson,Frederick,Williamson,1937-03-05,75,219,,,,,,,,,,,,"https://static.www.nfl.com/image/private/f_auto,q_auto/league/sthvjaole9dpve0yixo9",,,,,,
1967,KC,DL,DT,0,ACT,Buck Buchanan,Junious,Buchanan,1940-09-10,79,270,,,,,,,,,,,,"https://static.www.nfl.com/image/private/f_auto,q_auto/league/rgsjpli56ff1vbjsdcr7",,,,,,
1967,KC,DL,DE,0,ACT,Chuck Hurston,Charles,Hurston,1942-11-09,78,240,,,,,,,,,,,,"https://static.www.nfl.com/image/private/f_auto,q_auto/league/xioeycuxwkzwore0pccz",,,,,,
1967,KC,DL,DT,0,ACT,Ernie Ladd,Ernest,Ladd,1938-11-28,81,290,,,,,,,,,,,,"https://static.www.nfl.com/image/private/f_auto,q_auto/league/epznusvkbvlfsqng1ruy",,,,,,
1967,KC,DL,DT,0,ACT,Ed Lothamer,Edward,Lothamer,1942-05-20,77,270,,,,,,,,,,,,"https://static.www.nfl.com/image/private/f_auto,q_auto/league/onfjygb2fgcaisolk9tv",,,,,,
1967,KC,DL,DE,0,ACT,Jerry Mays,Gerald,Mays,1939-11-24,76,252,,,,,,,,,,,,"https://static.www.nfl.com/image/private/f_auto,q_auto/league/u4jvrlvha0fjkmdd0cj7",,,,,,
1967,KC,DL,DT,0,TRC,Andy Rice,Andrew,Rice,1940-09-06,74,268,,,,,,,,,,,,"https://static.www.nfl.com/image/private/f_auto,q_auto/league/f4iqcvbcgzigtd3kubfk",,,,,,
1967,KC,DL,DE,0,ACT,Gene Trosch,Eugene,Trosch,1945-06-07,79,277,,,,,,,,,,,,"https://static.www.nfl.com/image/private/f_auto,q_auto/league/rtntonhruqbbtqxuxwbu",,,,,,
1967,KC,K,K,0,ACT,Jan Stenerud,Jan,Stenerud,1942-11-26,74,190,,,,,,,,,,,,"https://static.www.nfl.com/image/private/f_auto,q_auto/league/pqigsjib3srqwxgurhfa",,,,,,
1967,KC,LB,LB,0,ACT,Bud Abell,Harry,Abell,1940-12-21,75,220,,,,,,,,,,,,"https://static.www.nfl.com/image/private/f_auto,q_auto/league/qp5xzyzf7htzdjortodp",,,,,,
1967,KC,LB,OLB,0,ACT,Bobby Bell,Robert,Bell,1940-06-17,76,228,,,,,,,,,,,,"https://static.www.nfl.com/image/private/f_auto,q_auto/league/w0b7zeus969ljhh1hqoo",,,,,,
1967,KC,LB,LB,0,ACT,Sherrill Headrick,Sherrill,Headrick,1937-03-13,74,240,,,,,,,,,,,,"https://static.www.nfl.com/image/private/f_auto,q_auto/league/dasnflhirm29raoei2f9",,,,,,
1967,KC,LB,LB,0,ACT,E.J. Holub,Emil,Holub,1938-01-05,76,236,,,,,,,,,,,,"https://static.www.nfl.com/image/private/f_auto,q_auto/league/n8cmmmm4ujilbiqwlofb",,,,,,
1967,KC,LB,MLB,0,ACT,Willie Lanier,Willie,Lanier,1945-08-21,73,245,,,,,,,,,,,,"https://static.www.nfl.com/image/private/f_auto,q_auto/league/hgjq9o9tspbmgw84xxyq",,,,,,
1967,KC,LB,LB,0,ACT,Jim Lynch,James,Lynch,1945-08-28,73,235,,,,,,,,,,,,"https://static.www.nfl.com/image/private/f_auto,q_auto/league/avxbx1kvx7dzcdfycmno",,,,,,
1967,KC,OL,G,0,ACT,Denny Biodrowski,Dennis,Biodrowski,1940-06-27,73,250,,,,,,,,,,,,"https://static.www.nfl.com/image/private/f_auto,q_auto/league/bslasbiff07pzwiav8fa",,,,,,
1967,KC,OL,G,0,ACT,Ed Budde,Edward,Budde,1940-11-02,77,265,,,,,,,,,,,,"https://static.www.nfl.com/image/private/f_auto,q_auto/league/e8wrgnyukemaarae0ahr",,,,,,
1967,KC,OL,C,0,ACT,Tony DiMidio,Antonio,DiMidio,1942-08-20,75,250,,,,,,,,,,,,"https://static.www.nfl.com/image/private/f_auto,q_auto/league/nm8feyf07bsf2cm7borv",,,,,,
1967,KC,OL,C,0,ACT,Wayne Frazier,William,Frazier,1939-03-05,75,245,,,,,,,,,,,,"https://static.www.nfl.com/image/private/f_auto,q_auto/league/ksuobzwi0mvakenhv3jx",,,,,,
1967,KC,OL,C,0,ACT,Jon Gilliam,Jon,Gilliam,1938-10-22,74,240,,,,,,,,,,,,"https://static.www.nfl.com/image/private/f_auto,q_auto/league/wrlqcxrceswh4wi90hrv",,,,,,
1967,KC,OL,OT,0,ACT,Dave Hill,David,Hill,1941-02-01,77,260,,,,,,,,,,,,"https://static.www.nfl.com/image/private/f_auto,q_auto/league/zkyeesabna75b7ukjgt4",,,,,,
1967,KC,OL,C,0,ACT,Mike Hudock,Michael,Hudock,1934-09-29,74,245,,,,,,,,,,,,"https://static.www.nfl.com/image/private/f_auto,q_auto/league/tmter9mnk8wm3xjghnme",,,,,,
1967,KC,OL,OT,0,ACT,Bob Kelly,Bob,Kelly,1940-08-18,74,270,,,,,,,,,,,,"https://static.www.nfl.com/image/private/f_auto,q_auto/league/ppuewtguqi9scjamsifi",,,,,,
1967,KC,OL,G,0,ACT,Curt Merz,Curtis,Merz,1938-04-17,76,267,,,,,,,,,,,,"https://static.www.nfl.com/image/private/f_auto,q_auto/league/tticvhfk35ohzlznkhfo",,,,,,
1967,KC,OL,G,0,ACT,Al Reynolds,Allan,Reynolds,1938-02-15,75,250,,,,,,,,,,,,"https://static.www.nfl.com/image/private/f_auto,q_auto/league/evtxvenc7vcpadgvr3bx",,,,,,
1967,KC,OL,OT,0,ACT,Jim Tyrer,James,Tyrer,1939-02-25,78,280,,,,,,,,,,,,"https://static.www.nfl.com/image/private/f_auto,q_auto/league/j9a9utdik24nyew1h8di",,,,,,
1967,KC,P,P,0,ACT,Wayne Walker,Wayne,Walker,1944-10-14,75,230,,,,,,,,,,,,"https://static.www.nfl.com/image/private/f_auto,q_auto/league/you4vaegdqittdaxgecd",,,,,,
1967,KC,P,P,0,ACT,Jerrel Wilson,Jerrel,Wilson,1941-10-04,74,222,,,,,,,,,,,,"https://static.www.nfl.com/image/private/f_auto,q_auto/league/yqjs0f5vuy4obxbb8hd6",,,,,,
1967,KC,QB,QB,0,TRC,Pete Beathard,Peter,Beathard,1942-03-07,73,200,,,,,,,,,,,,"https://static.www.nfl.com/image/private/f_auto,q_auto/league/mmbuixascoqfgpsal6qk",,,,,,
1967,KC,QB,QB,16,ACT,Len Dawson,Leonard,Dawson,1935-06-20,72,190,,,,,,,,,,,,"https://static.www.nfl.com/image/private/f_auto,q_auto/league/wjhfcfla4n2g59oax8od",,,,,,
1967,KC,QB,QB,0,ACT,Jacky Lee,Jack,Lee,1939-07-11,73,189,,,,,,,,,,,,"https://static.www.nfl.com/image/private/f_auto,q_auto/league/fodmytvf56rnqq1bocnl",,,,,,
1967,KC,RB,HB,0,ACT,Bert Coan,Elroy,Coan,1940-07-02,77,220,,,,,,,,,,,,"https://static.www.nfl.com/image/private/f_auto,q_auto/league/p8lxy6en1eci88buq8us",,,,,,
1967,KC,RB,RB,0,ACT,Mike Garrett,Michael,Garrett,1944-04-12,69,191,,,,,,,,,,,,"https://static.www.nfl.com/image/private/f_auto,q_auto/league/u24wupxoo2yukfenywoy",,,,,,
1967,KC,RB,FB,0,ACT,Curtis McClinton,Curtis,McClinton,1939-06-25,75,227,,,,,,,,,,,,"https://static.www.nfl.com/image/private/f_auto,q_auto/league/xdjo6oin3o8fg1vcufh5",,,,,,
1967,KC,RB,RB,0,ACT,Gene Thomas,Eugene,Thomas,1942-09-01,73,210,,,,,,,,,,,,"https://static.www.nfl.com/image/private/f_auto,q_auto/league/qnht51zxaunsxkp90efz",,,,,,
1967,KC,TE,TE,0,ACT,Fred Arbanas,Frederick,Arbanas,1939-01-14,75,240,,,,,,,,,,,,"https://static.www.nfl.com/image/private/f_auto,q_auto/league/duhfwlzzpag2tndd09so",,,,,,
1967,KC,TE,TE,0,ACT,Reg Carolan,Reginald,Carolan,1939-10-25,78,236,,,,,,,,,,,,"https://static.www.nfl.com/image/private/f_auto,q_auto/league/psrdpwgkkx6fcuh5ilak",,,,,,
1967,KC,WR,WR,0,ACT,Chris Burford,Christopher,Burford,1938-01-31,75,220,,,,,,,,,,,,"https://static.www.nfl.com/image/private/f_auto,q_auto/league/hx8kqk3yky1yc3bqbuld",,,,,,
1967,KC,WR,WR,0,ACT,Sam Longmire,Samuel,Longmire,1943-01-03,75,195,,,,,,,,,,,,"https://static.www.nfl.com/image/private/f_auto,q_auto/league/tqs6gtbmluy6kn5526fe",,,,,,
1967,KC,WR,WR,0,ACT,Frank Pitts,Frank,Pitts,1943-11-12,75,199,,,,,,,,,,,,"https://static.www.nfl.com/image/private/f_auto,q_auto/league/dme3ntxummmigygn13xy",,,,,,
1967,KC,WR,WR,0,ACT,Gloster Richardson,Gloster,Richardson,1942-07-18,74,200,,,,,,,,,,,,"https://static.www.nfl.com/image/private/f_auto,q_auto/league/nf4ttvna34bs97pvxa9m",,,,,,
1967,KC,WR,WR,0,ACT,Noland Smith,Noland,Smith,1943-10-20,65,154,,,,,,,,,,,,"https://static.www.nfl.com/image/private/f_auto,q_auto/league/cteb0pvj8xiatw1fptx1",,,,,,
1967,KC,WR,WR,0,ACT,Otis Taylor,Otis,Taylor,1942-08-11,75,215,,,,,,,,,,,,"https://static.www.nfl.com/image/private/f_auto,q_auto/league/s5h1i5gzvj8it36plklj",,,,,,
1967,LA,DB,DB,0,ACT,Claude Crabb,Claude,Crabb,1940-03-08,73,192,,,,,,,,,,,,"https://static.www.nfl.com/image/private/f_auto,q_auto/league/xtaupyihngekkhiwofq8",,,,,,
1967,LA,DB,DB,0,ACT,Irv Cross,Irvin,Cross,1939-07-27,74,195,,,,,,,,,,,,"https://static.www.nfl.com/image/private/f_auto,q_auto/league/pwpmudflxkkszgyzon5t",,,,,,
1967,LA,DB,DB,0,ACT,Willie Daniel,William,Daniel,1937-11-10,71,190,,,,,,,,,,,,"https://static.www.nfl.com/image/private/f_auto,q_auto/league/m5o9s7dutfnrco0waiou",,,,,,
1967,LA,DB,DB,0,ACT,Chuck Lamson,Charles,Lamson,1939-03-14,72,190,,,,,,,,,,,,"https://static.www.nfl.com/image/private/f_auto,q_auto/league/uwvdyvvej5pdoly12n0c",,,,,,
1967,LA,DB,DB,0,ACT,Ed Meador,Edward,Meador,1937-08-10,71,199,,,,,,,,,,,,"https://static.www.nfl.com/image/private/f_auto,q_auto/league/rubav9m9sk9c07jr1m5b",,,,,,
1967,LA,DB,DB,0,ACT,Clancy Williams,Clarence,Williams,1942-09-24,75,194,,,,,,,,,,,,"https://static.www.nfl.com/image/private/f_auto,q_auto/league/kvzeufrot1ya2dtwyagv",,,,,,
1967,LA,DB,DB,0,ACT,Kelton Winston,Kelton,Winston,1940-10-22,72,195,,,,,,,,,,,,"https://static.www.nfl.com/image/private/f_auto,q_auto/league/zlul58rams0wgszfcufl",,,,,,
1967,LA,DL,DT,0,ACT,Roger Brown,Roger,Brown,1937-05-01,77,300,,,,,,,,,,,,"https://static.www.nfl.com/image/private/f_auto,q_auto/league/luuybkh1w6enmakbq7pa",,,,,,
1967,LA,DL,DT,0,ACT,Dave Cahill,David,Cahill,1942-07-26,75,245,,,,,,,,,,,,"https://static.www.nfl.com/image/private/f_auto,q_auto/league/ucppk3ccxojeve7kmstq",,,,,,
1967,LA,DL,DE,0,ACT,Deacon Jones,David,Jones,1938-12-09,77,272,,,,,,,,,,,,"https://static.www.nfl.com/image/private/f_auto,q_auto/league/cfh2fb47ajwczu6rwtpx",,,,,,
1967,LA,DL,DE,0,ACT,Lamar Lundy,Lamar,Lundy,1935-04-17,79,260,,,,,,,,,,,,"https://static.www.nfl.com/image/private/f_auto,q_auto/league/ba1qyaiogve5wa80uuqc",,,,,,
1967,LA,DL,DT,0,ACT,Merlin Olsen,Merlin,Olsen,1940-09-15,77,270,,,,,,,,,,,,"https://static.www.nfl.com/image/private/f_auto,q_auto/league/bx9kvq0i5ezla38ap9hl",,,,,,
1967,LA,DL,DE,0,ACT,Gregg Schumacher,Gregg,Schumacher,1942-06-30,74,240,,,,,,,,,,,,"https://static.www.nfl.com/image/private/f_auto,q_auto/league/runo9odz1ptnbwjauqzj",,,,,,
1967,LA,DL,DT,0,ACT,Diron Talbert,Diron,Talbert,1944-07-01,77,255,,,,,,,,,,,,"https://static.www.nfl.com/image/private/f_auto,q_auto/league/ria3aglzgbrgrxztfr4b",,,,,,
1967,LA,K,K,0,ACT,Bruce Gossett,Daniel,Gossett,1941-11-09,73,204,,,,,,,,,,,,"https://static.www.nfl.com/image/private/f_auto,q_auto/league/uxqmu2sssdeitlyfztkc",,,,,,
1967,LA,LB,LB,0,ACT,Maxie Baughan,Maxie,Baughan,1938-08-03,73,230,,,,,,,,,,,,"https://static.www.nfl.com/image/private/f_auto,q_auto/league/b2imqgy2c1avyolaxabv",,,,,,
1967,LA,LB,LB,0,ACT,Gene Breen,Joseph,Breen,1941-06-21,74,230,,,,,,,,,,,,"https://static.www.nfl.com/image/private/f_auto,q_auto/league/csnwira3qkxxeel7q0y8",,,,,,
1967,LA,LB,LB,0,ACT,Tony Guillory,Anthony,Guillory,1940-11-10,76,236,,,,,,,,,,,,"https://static.www.nfl.com/image/private/f_auto,q_auto/league/atgb5yabjcy0xaefcpnp",,,,,,
1967,LA,LB,LB,0,ACT,Jack Pardee,John,Pardee,1936-04-19,74,225,,,,,,,,,,,,"https://static.www.nfl.com/image/private/f_auto,q_auto/league/vbjk2o0iout6hppzrgqb",,,,,,
1967,LA,LB,LB,0,ACT,Myron Pottios,Myron,Pottios,1939-01-18,74,232,,,,,,,,,,,,"https://static.www.nfl.com/image/private/f_auto,q_auto/league/cq2jh0rnq0xckc1fwja7",,,,,,
1967,LA,LB,LB,0,ACT,Doug Woodlief,Douglas,Woodlief,1943-09-04,75,225,,,,,,,,,,,,"https://static.www.nfl.com/image/private/f_auto,q_auto/league/yg5iyaocsxhlqxlhl8f7",,,,,,
1967,LA,OL,C,0,ACT,George Burman,George,Burman,1942-12-01,75,255,,,,,,,,,,,,"https://static.www.nfl.com/image/private/f_auto,q_auto/league/dwqhtppazqnf7q9mf4uq",,,,,,
1967,LA,OL,OT,0,ACT,Joe Carollo,Joseph,Carollo,1940-03-25,74,265,,,,,,,,,,,,"https://static.www.nfl.com/image/private/f_auto,q_auto/league/athuuvkzgoif1pqwlkrn",,,,,,
1967,LA,OL,G,0,ACT,Don Chuy,Donald,Chuy,1941-07-20,72,260,,,,,,,,,,,,"https://static.www.nfl.com/image/private/f_auto,q_auto/league/sxxb0g9ggmagttnp3mdx",,,,,,
1967,LA,OL,OT,0,ACT,Charley Cowan,Charles,Cowan,1938-06-19,77,265,,,,,,,,,,,,"https://static.www.nfl.com/image/private/f_auto,q_auto/league/smbtbeas3vmqlt62d03m",,,,,,
1967,LA,OL,C,0,ACT,Ken Iman,Kenneth,Iman,1939-02-08,73,240,,,,,,,,,,,,"https://static.www.nfl.com/image/private/f_auto,q_auto/league/shwjqh0naajeavztxcrm",,,,,,
1967,LA,OL,G,0,ACT,Tom Mack,Thomas,Mack,1943-11-01,75,250,,,,,,,,,,,,"https://static.www.nfl.com/image/private/f_auto,q_auto/league/npgauvcjnh8dvxadcrpy",,,,,,
1967,LA,OL,OT,0,ACT,Bob Nichols,Robert,Nichols,1943-07-18,75,250,,,,,,,,,,,,"https://static.www.nfl.com/image/private/f_auto,q_auto/league/ewgwb965meru0cw115oh",,,,,,
1967,LA,OL,G,0,ACT,Joe Scibelli,Joseph,Scibelli,1939-04-19,72,255,,,,,,,,,,,,"https://static.www.nfl.com/image/private/f_auto,q_auto/league/csvi3yoc8b0byuvmz6bq",,,,,,
1967,LA,P,P,0,ACT,Jon Kilgore,Jon,Kilgore,1943-12-03,73,205,,,,,,,,,,,,"https://static.www.nfl.com/image/private/f_auto,q_auto/league/fnwdeex82eudo9zv79o0",,,,,,
1967,LA,QB,QB,0,ACT,Roman Gabriel,Roman,Gabriel,1940-08-05,77,220,,,,,,,,,,,,"https://static.www.nfl.com/image/private/f_auto,q_auto/league/covm0ylw2noyhqzejuwe",,,,,,
1967,LA,QB,QB,0,ACT,Bill Munson,William,Munson,1941-08-11,74,210,,,,,,,,,,,,"https://static.www.nfl.com/image/private/f_auto,q_auto/league/cougml4dr9a5i5tlts1g",,,,,,
1967,LA,RB,FB,0,ACT,Dick Bass,Richard,Bass,1937-03-15,70,200,,,,,,,,,,,,"https://static.www.nfl.com/image/private/f_auto,q_auto/league/otrqh2k8ovtcmmzt7gv3",,,,,,
1967,LA,RB,RB,0,ACT,Willie Ellison,William,Ellison,1945-11-01,74,210,,,,,,,,,,,,"https://static.www.nfl.com/image/private/f_auto,q_auto/league/xyvymaliwd9luuidlwct",,,,,,
1967,LA,RB,RB,0,ACT,Les Josephson,Lester,Josephson,1942-07-29,73,207,,,,,,,,,,,,"https://static.www.nfl.com/image/private/f_auto,q_auto/league/mg4hnx4vrfveyeh4zdki",,,,,,
1967,LA,RB,RB,0,ACT,Tommy Mason,Thomas,Mason,1939-07-08,73,196,,,,,,,,,,,,"https://static.www.nfl.com/image/private/f_auto,q_auto/league/poor6dqde6upjwakneih",,,,,,
1967,LA,RB,FB,0,ACT,Jim Stiger,James,Stiger,1941-01-07,70,214,,,,,,,,,,,,"https://static.www.nfl.com/image/private/f_auto,q_auto/league/eow8tvfkqlxsaivmw9dg",,,,,,
1967,LA,TE,TE,0,ACT,Dave Pivec,David,Pivec,1943-09-25,75,230,,,,,,,,,,,,"https://static.www.nfl.com/image/private/f_auto,q_auto/league/jgfka8nviyl8fr9fbkjk",,,,,,
1967,LA,TE,TE,0,ACT,Billy Truax,William,Truax,1943-07-15,77,240,,,,,,,,,,,,"https://static.www.nfl.com/image/private/f_auto,q_auto/league/zq3k6yzt4qoe5x8ezigd",,,,,,
1967,LA,WR,WR,0,ACT,Bernie Casey,Bernard,Casey,1939-06-08,76,215,,,,,,,,,,,,"https://static.www.nfl.com/image/private/f_auto,q_auto/league/vacxcpv8x71tffpz7vgz",,,,,,
1967,LA,WR,WR,0,ACT,Bucky Pope,Frank,Pope,1941-03-23,77,195,,,,,,,,,,,,"https://static.www.nfl.com/image/private/f_auto,q_auto/league/ltk4xmr9y5w77ivzqghh",,,,,,
1967,LA,WR,WR,0,ACT,Jack Snow,Jack,Snow,1943-01-25,74,190,,,,,,,,,,,,"https://static.www.nfl.com/image/private/f_auto,q_auto/league/jckdtrznfgtvjclg3dvy",,,,,,
1967,LA,WR,WR,0,ACT,Wendell Tucker,Wendell,Tucker,1943-09-04,70,185,,,,,,,,,,,,"https://static.www.nfl.com/image/private/f_auto,q_auto/league/ewug60v4reshqalsftry",,,,,,
1967,MIA,DB,DB,0,ACT,Tom Beier,Thomas,Beier,1945-06-23,71,195,,,,,,,,,,,,"https://static.www.nfl.com/image/private/f_auto,q_auto/league/ytzev9cgi5hvmcdpbu50",,,,,,
1967,MIA,DB,DB,0,TRC,Pete Jaquess,Lindel,Jaquess,1940-12-25,72,185,,,,,,,,,,,,"https://static.www.nfl.com/image/private/f_auto,q_auto/league/nqzsy3f78bednvmbosct",,,,,,
1967,MIA,DB,DB,0,ACT,Mack Lamb,Mack,Lamb,1944-05-09,73,188,,,,,,,,,,,,"https://static.www.nfl.com/image/private/f_auto,q_auto/league/szvmhdbct2plnpmqqnaa",,,,,,
1967,MIA,DB,DB,0,ACT,Bob Neff,Robert,Neff,1944-03-05,71,180,,,,,,,,,,,,"https://static.www.nfl.com/image/private/f_auto,q_auto/league/r6vpi93u5x0grvy3rq4o",,,,,,
1967,MIA,DB,DB,0,ACT,Bob Petrella,Robert,Petrella,1944-11-07,71,190,,,,,,,,,,,,"https://static.www.nfl.com/image/private/f_auto,q_auto/league/ln2zdh4pnsb9qyf0g57e",,,,,,
1967,MIA,DB,DB,0,ACT,Jimmy Warren,James,Warren,1939-07-20,71,175,,,,,,,,,,,,"https://static.www.nfl.com/image/private/f_auto,q_auto/league/ipomqxjh4seybaqd8izx",,,,,,
1967,MIA,DB,DB,0,ACT,Willie West,Willie,West,1938-05-01,70,190,,,,,,,,,,,,"https://static.www.nfl.com/image/private/f_auto,q_auto/league/grb9o8fpevorxxaj1f7y",,,,,,
1967,MIA,DB,DB,0,ACT,Dick Westmoreland,Richard,Westmoreland,1941-02-17,73,190,,,,,,,,,,,,"https://static.www.nfl.com/image/private/f_auto,q_auto/league/lmi7hzgh1b6un2iucsmg",,,,,,
1967,MIA,DL,DE,0,ACT,Mel Branch,Melvin,Branch,1937-02-15,74,230,,,,,,,,,,,,"https://static.www.nfl.com/image/private/f_auto,q_auto/league/myquorpzefaubgkmvwfc",,,,,,
1967,MIA,DL,DE,0,ACT,Claude Brownlee,Claude,Brownlee,1944-04-08,76,265,,,,,,,,,,,,"https://static.www.nfl.com/image/private/f_auto,q_auto/league/f4j6cqvvc3gddy8sd8ab",,,,,,
1967,MIA,DL,DE,0,ACT,Ed Cooke,Edward,Cooke,1935-05-03,76,250,,,,,,,,,,,,"https://static.www.nfl.com/image/private/f_auto,q_auto/league/pocgskwieqmcsi2ppbbd",,,,,,
1967,MIA,DL,DT,0,ACT,Ray Jacobs,Hershel,Jacobs,1938-11-21,75,285,,,,,,,,,,,,"https://static.www.nfl.com/image/private/f_auto,q_auto/league/w5olckglzmfd8x5fdhpr",,,,,,
1967,MIA,DL,DT,0,ACT,Bill Keating,William,Keating,1944-11-22,74,242,,,,,,,,,,,,"https://static.www.nfl.com/image/private/f_auto,q_auto/league/eun2raouamjhkylewslp",,,,,,
1967,MIA,DL,DT,0,ACT,Tom Nomina,Thomas,Nomina,1941-12-27,75,260,,,,,,,,,,,,"https://static.www.nfl.com/image/private/f_auto,q_auto/league/bei9sbwpvosrpgblz9qx",,,,,,
1967,MIA,DL,DT,0,ACT,John Richardson,John,Richardson,1945-05-25,75,245,,,,,,,,,,,,"https://static.www.nfl.com/image/private/f_auto,q_auto/league/zdzdsusrgurvcaqjdz8r",,,,,,
1967,MIA,DL,DE,0,ACT,Jim Riley,James,Riley,1945-07-06,76,250,,,,,,,,,,,,"https://static.www.nfl.com/image/private/f_auto,q_auto/league/wvcjgubs5650zsuzmnnx",,,,,,
1967,MIA,DL,DT,0,TRT,Rich Zecher,Richard,Zecher,1943-10-14,74,255,,,,,,,,,,,,"https://static.www.nfl.com/image/private/f_auto,q_auto/league/i63op85ctxtvljcolphp",,,,,,
1967,MIA,K,K,0,ACT,Booth Lusteg,Gerald,Lusteg,1939-05-08,71,190,,,,,,,,,,,,"https://static.www.nfl.com/image/private/f_auto,q_auto/league/jebehiiqynpgkg2vc4fm",,,,,,
1967,MIA,LB,LB,0,ACT,John Bramlett,John,Bramlett,1941-07-07,73,220,,,,,,,,,,,,"https://static.www.nfl.com/image/private/f_auto,q_auto/league/h79aklpkinmsldbhiwdi",,,,,,
1967,MIA,LB,LB,0,ACT,Bob Bruggers,Robert,Bruggers,1944-04-20,73,230,,,,,,,,,,,,"https://static.www.nfl.com/image/private/f_auto,q_auto/league/nzylzdj0hpib7wlsossx",,,,,,
1967,MIA,LB,LB,0,ACT,Frank Emanuel,Thomas,Emanuel,1942-12-04,75,225,,,,,,,,,,,,"https://static.www.nfl.com/image/private/f_auto,q_auto/league/r5fjobvv8xqqq6xzg7u9",,,,,,
1967,MIA,LB,LB,0,ACT,Tom Erlandson,Thomas,Erlandson,1940-03-24,75,235,,,,,,,,,,,,"https://static.www.nfl.com/image/private/f_auto,q_auto/league/rounb3xiribbmef3iy2t",,,,,,
1967,MIA,LB,LB,0,ACT,Jerry Hopkins,Jerrell,Hopkins,1941-01-24,74,235,,,,,,,,,,,,"https://static.www.nfl.com/image/private/f_auto,q_auto/league/a6cchiibr9shorw7ruea",,,,,,
1967,MIA,LB,LB,0,ACT,Wahoo McDaniel,Edward,McDaniel,1938-06-19,73,235,,,,,,,,,,,,"https://static.www.nfl.com/image/private/f_auto,q_auto/league/klb5hb4hebbi98wwwmv9",,,,,,
1967,MIA,OL,OT,0,ACT,Mike Current,Michael,Current,1945-09-17,77,274,,,,,,,,,,,,"https://static.www.nfl.com/image/private/f_auto,q_auto/league/dftjzbmzfyqq43jtz4qs",,,,,,
1967,MIA,OL,OT,0,ACT,Norm Evans,Norman,Evans,1942-09-28,77,250,,,,,,,,,,,,"https://static.www.nfl.com/image/private/f_auto,q_auto/league/ykbhgvv5x97wmvw2zlq0",,,,,,
1967,MIA,OL,G,0,ACT,Charlie Fowler,Charles,Fowler,1944-11-10,74,265,,,,,,,,,,,,"https://static.www.nfl.com/image/private/f_auto,q_auto/league/pzt9u04nqyuyapqkihxx",,,,,,
1967,MIA,OL,C,0,ACT,Tom Goode,Thomas,Goode,1938-12-01,75,245,,,,,,,,,,,,"https://static.www.nfl.com/image/private/f_auto,q_auto/league/xaggigjxt5uweqyef59a",,,,,,
1967,MIA,OL,G,0,ACT,Billy Neighbors,William,Neighbors,1940-02-04,72,250,,,,,,,,,,,,"https://static.www.nfl.com/image/private/f_auto,q_auto/league/feilmgt6b8csttchvns5",,,,,,
1967,MIA,OL,OT,0,ACT,Jack Pyburn,Jack,Pyburn,1944-12-28,78,250,,,,,,,,,,,,"https://static.www.nfl.com/image/private/f_auto,q_auto/league/kj44iwbq4vdo9ocmdaum",,,,,,
1967,MIA,OL,G,0,ACT,Ken Rice,Kenneth,Rice,1939-09-14,74,240,,,,,,,,,,,,"https://static.www.nfl.com/image/private/f_auto,q_auto/league/p8kks0zuc3s45flvoun5",,,,,,
1967,MIA,OL,OT,0,ACT,Maxie Williams,Maxie,Williams,1940-06-28,76,250,,,,,,,,,,,,"https://static.www.nfl.com/image/private/f_auto,q_auto/league/uvqd7o1xf9dt8nceqble",,,,,,
1967,MIA,OL,G,0,ACT,Freddie Woodson,Freddie,Woodson,1943-06-10,74,255,,,,,,,,,,,,"https://static.www.nfl.com/image/private/f_auto,q_auto/league/zypqr9cifdxmwvcky5ba",,,,,,
1967,MIA,QB,QB,0,ACT,Bob Griese,Robert,Griese,1945-02-03,73,190,,,,,,,,,,,,"https://static.www.nfl.com/image/private/f_auto,q_auto/league/ganvnmltnuhgmnmdhed5",,,,,,
1967,MIA,QB,QB,0,ACT,Rick Norton,Richard,Norton,1943-11-16,74,200,,,,,,,,,,,,"https://static.www.nfl.com/image/private/f_auto,q_auto/league/wko0dhynjhulcyv8wcyu",,,,,,
1967,MIA,QB,QB,0,ACT,Archie Roberts,Arthur,Roberts,1942-11-04,72,190,,,,,,,,,,,,"https://static.www.nfl.com/image/private/f_auto,q_auto/league/ptn3ankog5trnsw2p3rg",,,,,,
1967,MIA,QB,QB,0,ACT,John Stofa,John,Stofa,1942-06-29,75,210,,,,,,,,,,,,"https://static.www.nfl.com/image/private/f_auto,q_auto/league/prxcayfvs2vdwtfqexd7",,,,,,
1967,MIA,RB,RB,0,ACT,Joe Auer,Joseph,Auer,1941-10-11,73,200,,,,,,,,,,,,"https://static.www.nfl.com/image/private/f_auto,q_auto/league/hw9is7qcsmwx38tmh1ot",,,,,,
1967,MIA,RB,RB,0,ACT,George Chesser,George,Chesser,1942-09-11,74,220,,,,,,,,,,,,"https://static.www.nfl.com/image/private/f_auto,q_auto/league/bptnl6yimyfpkhz1qerd",,,,,,
1967,MIA,RB,RB,0,ACT,Jack Harper,Jack,Harper,1944-10-08,71,190,,,,,,,,,,,,"https://static.www.nfl.com/image/private/f_auto,q_auto/league/lv3cvfsxqnqxbli2i1we",,,,,,
1967,MIA,RB,HB,0,TRT,Abner Haynes,Abner,Haynes,1937-09-19,72,190,,,,,,,,,,,,"https://static.www.nfl.com/image/private/f_auto,q_auto/league/wsd6cybcicezv3acqutc",,,,,,
1967,MIA,RB,HB,0,TRL,Gene Mingo,Eugene,Mingo,1938-09-22,74,216,,,,,,,,,,,,"https://static.www.nfl.com/image/private/f_auto,q_auto/league/ytx2o49wnzrv8peqxeuz",,,,,,
1967,MIA,RB,RB,0,ACT,Stan Mitchell,Stanton,Mitchell,1944-08-17,74,210,,,,,,,,,,,,"https://static.www.nfl.com/image/private/f_auto,q_auto/league/c7ykiwcj74avjkj5h4s2",,,,,,
1967,MIA,RB,RB,0,ACT,Sam Price,Samuel,Price,1943-10-01,71,215,,,,,,,,,,,,"https://static.www.nfl.com/image/private/f_auto,q_auto/league/q5ancjlodsnvrkehjzmw",,,,,,
1967,MIA,TE,TE,0,ACT,Preston Carpenter,Verda,Carpenter,1934-01-24,74,190,,,,,,,,,,,,"https://static.www.nfl.com/image/private/f_auto,q_auto/league/bmgf8wuhs0emtwntlxtm",,,,,,
1967,MIA,TE,TE,0,ACT,Doug Moreau,Douglas,Moreau,1945-02-15,73,215,,,,,,,,,,,,"https://static.www.nfl.com/image/private/f_auto,q_auto/league/hbfzqcddbygbgnz1atvh",,,,,,
1967,MIA,TE,TE,0,ACT,Larry Seiple,Lawrence,Seiple,1945-02-14,72,214,,,,,,,,,,,,"https://static.www.nfl.com/image/private/f_auto,q_auto/league/ibr5a6yc1jcvu8e5l3pf",,,,,,
1967,MIA,WR,WR,0,ACT,Jack Clancy,John,Clancy,1944-06-18,74,195,,,,,,,,,,,,"https://static.www.nfl.com/image/private/f_auto,q_auto/league/orkcuu3bgjnnmlb4ff7f",,,,,,
1967,MIA,WR,WR,0,ACT,Frank Jackson,Frank,Jackson,1939-04-14,73,185,,,,,,,,,,,,"https://static.www.nfl.com/image/private/f_auto,q_auto/league/aqbig6prfmvuj8vvzdgh",,,,,,
1967,MIA,WR,WR,0,ACT,Karl Noonan,Karl,Noonan,1944-02-17,74,198,,,,,,,,,,,,"https://static.www.nfl.com/image/private/f_auto,q_auto/league/d4shd8ajugjuw0zh7jfa",,,,,,
1967,MIA,WR,WR,0,ACT,John Roderick,John,Roderick,1944-08-21,72,180,,,,,,,,,,,,"https://static.www.nfl.com/image/private/f_auto,q_auto/league/nlgisjc87ydpsoc27spo",,,,,,
1967,MIA,WR,WR,0,ACT,Howard Twilley,Howard,Twilley,1943-12-25,70,185,,,,,,,,,,,,"https://static.www.nfl.com/image/private/f_auto,q_auto/league/s1thhon2v4dn8gdqyegm",,,,,,
1967,MIN,DB,DB,0,ACT,Al Coleman,Alvin,Coleman,1944-12-27,73,183,,,,,,,,,,,,"https://static.www.nfl.com/image/private/f_auto,q_auto/league/p9jae0gciqqj0cvjj8bn",,,,,,
1967,MIN,DB,DB,0,TRD,Mike Fitzgerald,Michael,Fitzgerald,1941-05-04,70,180,,,,,,,,,,,,"https://static.www.nfl.com/image/private/f_auto,q_auto/league/pov0t2dcqwwqz4xlkkn3",,,,,,
1967,MIN,DB,DB,0,ACT,Dale Hackbart,Dale,Hackbart,1938-07-21,75,210,,,,,,,,,,,,"https://static.www.nfl.com/image/private/f_auto,q_auto/league/wuzxxddpzwcluegapeqh",,,,,,
1967,MIN,DB,DB,0,ACT,Jeff Jordan,Jefferson,Jordan,1943-11-23,75,190,,,,,,,,,,,,"https://static.www.nfl.com/image/private/f_auto,q_auto/league/ng8b0cqnozin1ewvsiby",,,,,,
1967,MIN,DB,DB,0,ACT,Karl Kassulke,Karl,Kassulke,1941-03-20,72,195,,,,,,,,,,,,"https://static.www.nfl.com/image/private/f_auto,q_auto/league/h25nk4ld5gtryh2ooghi",,,,,,
1967,MIN,DB,DB,0,ACT,Brady Keys,Brady,Keys,1936-05-19,72,185,,,,,,,,,,,,"https://static.www.nfl.com/image/private/f_auto,q_auto/league/fai8nbdy6cih3atebmtb",,,,,,
1967,MIN,DB,DB,0,ACT,Earsell Mackbee,James,Mackbee,1941-01-15,73,195,,,,,,,,,,,,"https://static.www.nfl.com/image/private/f_auto,q_auto/league/roou8utrz7zdt10thpzt",,,,,,
1967,MIN,DB,DB,0,ACT,Ed Sharockman,Edward,Sharockman,1939-11-04,72,200,,,,,,,,,,,,"https://static.www.nfl.com/image/private/f_auto,q_auto/league/mhvfl9mpbno74srm468z",,,,,,
1967,MIN,DL,DT,0,ACT,Paul Dickson,Paul,Dickson,1937-02-26,77,250,,,,,,,,,,,,"https://static.www.nfl.com/image/private/f_auto,q_auto/league/hu0kv01j0h32jgfij3tz",,,,,,
1967,MIN,DL,DE,81,ACT,Carl Eller,Carl,Eller,1942-02-25,78,247,,,,,,,,,,,,"https://static.www.nfl.com/image/private/f_auto,q_auto/league/na8f3ix0kqx5cf3rfq5q",,,,,,
1967,MIN,DL,DT,0,ACT,Gary Larsen,Gary,Larsen,1940-03-13,77,261,,,,,,,,,,,,"https://static.www.nfl.com/image/private/f_auto,q_auto/league/ovtoy9vaenybacdjp9m4",,,,,,
1967,MIN,DL,DE,0,ACT,Jim Marshall,James,Marshall,1937-12-30,76,248,,,,,,,,,,,,"https://static.www.nfl.com/image/private/f_auto,q_auto/league/veib7fd7zwbpkpp4xlf5",,,,,,
1967,MIN,DL,DT,88,ACT,Alan Page,Alan,Page,1945-08-07,76,225,,,,,,,,,,,,"https://static.www.nfl.com/image/private/f_auto,q_auto/league/qfuoxs6wh2fcz9jmd2t9",,,,,,
1967,MIN,DL,DT,0,ACT,Jerry Shay,Jerome,Shay,1944-07-10,75,250,,,,,,,,,,,,"https://static.www.nfl.com/image/private/f_auto,q_auto/league/qzb1l63ijcp3jgcr0k4z",,,,,,
1967,MIN,DL,DE,0,ACT,Arnie Simkus,Arnold,Simkus,1943-03-25,76,240,,,,,,,,,,,,"https://static.www.nfl.com/image/private/f_auto,q_auto/league/vkziqmbvcq8amcyvhcb3",,,,,,
1967,MIN,K,K,0,ACT,Fred Cox,Frederick,Cox,1938-12-11,71,200,,,,,,,,,,,,"https://static.www.nfl.com/image/private/f_auto,q_auto/league/mxt3crmvnuyd2b7hjmii",,,,,,
1967,MIN,LB,LB,0,ACT,Paul Faust,Paul,Faust,1943-07-23,73,225,,,,,,,,,,,,"https://static.www.nfl.com/image/private/f_auto,q_auto/league/piaq7b208njlkqrpmck7",,,,,,
1967,MIN,LB,LB,0,ACT,Don Hansen,Donald,Hansen,1944-08-20,74,235,,,,,,,,,,,,"https://static.www.nfl.com/image/private/f_auto,q_auto/league/wsh894yhincb6fwylu56",,,,,,
1967,MIN,LB,LB,0,ACT,Jim Hargrove,James,Hargrove,1945-02-21,74,233,,,,,,,,,,,,"https://static.www.nfl.com/image/private/f_auto,q_auto/league/obeeazy3bgjdoowfdrsf",,,,,,
1967,MIN,LB,LB,0,ACT,John Kirby,John,Kirby,1942-05-30,75,230,,,,,,,,,,,,"https://static.www.nfl.com/image/private/f_auto,q_auto/league/ccgyevlykjlr2qy4iw8t",,,,,,
1967,MIN,LB,LB,0,ACT,Dave Tobey,David,Tobey,1943-03-17,75,231,,,,,,,,,,,,"https://static.www.nfl.com/image/private/f_auto,q_auto/league/pqiywg8vsgljglqqic20",,,,,,
1967,MIN,LB,LB,0,ACT,Lonnie Warwick,Lonnie,Warwick,1942-02-26,75,238,,,,,,,,,,,,"https://static.www.nfl.com/image/private/f_auto,q_auto/league/mwsuexblhmjlqn10ydhh",,,,,,
1967,MIN,LB,LB,0,ACT,Roy Winston,Roy,Winston,1940-09-15,71,222,,,,,,,,,,,,"https://static.www.nfl.com/image/private/f_auto,q_auto/league/e2d3xjgeuzkcwqwxnbzf",,,,,,
1967,MIN,OL,OT,0,ACT,Grady Alderman,Grady,Alderman,1938-12-10,74,247,,,,,,,,,,,,"https://static.www.nfl.com/image/private/f_auto,q_auto/league/mu1jwgbg9crsb3aqidor",,,,,,
1967,MIN,OL,G,0,ACT,Larry Bowie,Lawrence,Bowie,1939-10-13,74,245,,,,,,,,,,,,"https://static.www.nfl.com/image/private/f_auto,q_auto/league/dteqthddmuajsgwkhuxi",,,,,,
1967,MIN,OL,OT,0,ACT,Bob Breitenstein,Robert,Breitenstein,1943-04-08,75,265,,,,,,,,,,,,"https://static.www.nfl.com/image/private/f_auto,q_auto/league/nvnsti0ytsslanl3bppt",,,,,,
1967,MIN,OL,OT,0,ACT,Doug Davis,Douglas,Davis,1944-07-22,76,255,,,,,,,,,,,,"https://static.www.nfl.com/image/private/f_auto,q_auto/league/dnkzmgrprr3otygkgcju",,,,,,
1967,MIN,OL,G,0,ACT,John Pentecost,John,Pentecost,1943-12-23,74,251,,,,,,,,,,,,"https://static.www.nfl.com/image/private/f_auto,q_auto/league/piq8rfeviewycwopydco",,,,,,
1967,MIN,OL,G,0,ACT,Milt Sunde,Milton,Sunde,1942-02-01,74,250,,,,,,,,,,,,"https://static.www.nfl.com/image/private/f_auto,q_auto/league/vwnabx0wosgozijlxdh1",,,,,,
1967,MIN,OL,OT,0,ACT,Archie Sutton,Archie,Sutton,1941-11-02,76,262,,,,,,,,,,,,"https://static.www.nfl.com/image/private/f_auto,q_auto/league/f5ypmk2pgpgu2wxvhquu",,,,,,
1967,MIN,OL,C,0,ACT,Mick Tingelhoff,Henry,Tingelhoff,1940-05-22,74,237,,,,,,,,,,,,"https://static.www.nfl.com/image/private/f_auto,q_auto/league/qz4gg5fqdafjpvkpaytr",,,,,,
1967,MIN,OL,G,0,ACT,Jim Vellone,James,Vellone,1944-08-20,75,255,,,,,,,,,,,,"https://static.www.nfl.com/image/private/f_auto,q_auto/league/xwtn1dumhfpi4d09ncb5",,,,,,
1967,MIN,P,P,0,ACT,Bobby Walden,Robert,Walden,1938-03-09,72,190,,,,,,,,,,,,"https://static.www.nfl.com/image/private/f_auto,q_auto/league/rlfdnnxdek6mskatg60f",,,,,,
1967,MIN,QB,QB,0,ACT,Bob Berry,Robert,Berry,1942-03-10,71,185,,,,,,,,,,,,"https://static.www.nfl.com/image/private/f_auto,q_auto/league/bddbcr3vmrqbsowwgtq8",,,,,,
1967,MIN,QB,QB,11,ACT,Joe Kapp,Joseph,Kapp,1938-03-19,74,215,,,,,,,,,,,,"https://static.www.nfl.com/image/private/f_auto,q_auto/league/lawhwbj8d3velnqfmcyo",,,,,,
1967,MIN,QB,QB,0,ACT,Ron Vander Kelen,Ronald,Vander Kelen,1939-11-06,73,185,,,,,,,,,,,,"https://static.www.nfl.com/image/private/f_auto,q_auto/league/bemc31j61pj0pmxpvtyj",,,,,,
1967,MIN,RB,RB,30,ACT,Bill Brown,William,Brown,1938-06-29,71,228,,,,,,,,,,,,"https://static.www.nfl.com/image/private/f_auto,q_auto/league/j4nrgfayaeihcyibthtv",,,,,,
1967,MIN,RB,RB,0,ACT,Earl Denny,Earl,Denny,1945-07-21,73,205,,,,,,,,,,,,"https://static.www.nfl.com/image/private/f_auto,q_auto/league/cuxo6wa4jhogksnofkct",,,,,,
1967,MIN,RB,RB,0,ACT,Clint Jones,Clinton,Jones,1945-05-24,72,205,,,,,,,,,,,,"https://static.www.nfl.com/image/private/f_auto,q_auto/league/b47ylrwjio4mh6vlv4br",,,,,,
1967,MIN,RB,RB,0,ACT,Jim Lindsey,James,Lindsey,1944-11-24,74,210,,,,,,,,,,,,"https://static.www.nfl.com/image/private/f_auto,q_auto/league/yxqd3pnzlfrcpmfxzpey",,,,,,
1967,MIN,RB,RB,41,ACT,Dave Osborn,David,Osborn,1943-03-18,72,208,,,,,,,,,,,,"https://static.www.nfl.com/image/private/f_auto,q_auto/league/ndwhigkojzkl6gtycbpa",,,,,,
1967,MIN,RB,RB,0,ACT,Pete Tatman,Allen,Tatman,1945-04-27,73,220,,,,,,,,,,,,"https://static.www.nfl.com/image/private/f_auto,q_auto/league/uc7cxgih2cjrd3iyeo5k",,,,,,
1967,MIN,TE,TE,0,ACT,John Beasley,John,Beasley,1945-04-06,75,228,,,,,,,,,,,,"https://static.www.nfl.com/image/private/f_auto,q_auto/league/nk7tsmj6bsxea601btsv",,,,,,
1967,MIN,TE,TE,0,ACT,Marlin McKeever,Marlin,McKeever,1940-01-01,73,235,,,,,,,,,,,,"https://static.www.nfl.com/image/private/f_auto,q_auto/league/e2yatjea1zraodlikxsm",,,,,,
1967,MIN,WR,WR,0,ACT,Paul Flatley,Paul,Flatley,1941-01-30,73,187,,,,,,,,,,,,"https://static.www.nfl.com/image/private/f_auto,q_auto/league/ggrlmrfufmjuktcka2rz",,,,,,
1967,MIN,WR,WR,0,ACT,Bob Grim,Robert,Grim,1945-05-08,72,200,,,,,,,,,,,,"https://static.www.nfl.com/image/private/f_auto,q_auto/league/mgqsdzrjmcphlynsh0w8",,,,,,
1967,MIN,WR,WR,0,ACT,Jim Phillips,James,Phillips,1936-02-05,73,197,,,,,,,,,,,,"https://static.www.nfl.com/image/private/f_auto,q_auto/league/aqvhfqpdwa4ziye45min",,,,,,
1967,MIN,WR,WR,0,ACT,Gene Washington,Eugene,Washington,1944-01-25,75,208,,,,,,,,,,,,"https://static.www.nfl.com/image/private/f_auto,q_auto/league/qyumpkgsddtzmyi1q7lp",,,,,,
1967,NO,DB,DB,0,ACT,Bo Burris,James,Burris,1944-10-16,75,195,,,,,,,,,,,,"https://static.www.nfl.com/image/private/f_auto,q_auto/league/acuzjuj6g8rdtv8jtfp9",,,,,,
1967,NO,DB,DB,0,ACT,Bruce Cortez,Bruce,Cortez,1945-10-29,72,175,,,,,,,,,,,,"https://static.www.nfl.com/image/private/f_auto,q_auto/league/pgnehqwbdj85spblpesj",,,,,,
1967,NO,DB,DB,0,ACT,John Douglas,John,Douglas,1945-01-12,73,195,,,,,,,,,,,,"https://static.www.nfl.com/image/private/f_auto,q_auto/league/wzzyi2i2tzx6e3syskbm",,,,,,
1967,NO,DB,DB,0,ACT,Ben Hart,Benjamin,Hart,1945-08-19,74,205,,,,,,,,,,,,"https://static.www.nfl.com/image/private/f_auto,q_auto/league/t9pd0yooedca2rrep5tc",,,,,,
1967,NO,DB,DB,0,ACT,Jimmy Heidel,James,Heidel,1943-12-01,73,185,,,,,,,,,,,,"https://static.www.nfl.com/image/private/f_auto,q_auto/league/tomr4uc3trn54kuxve6s",,,,,,
1967,NO,DB,DB,0,ACT,Obert Logan,Obert,Logan,1941-12-06,70,182,,,,,,,,,,,,"https://static.www.nfl.com/image/private/f_auto,q_auto/league/lep3abxpou6hra5qe42i",,,,,,
1967,NO,DB,DB,0,ACT,Elijah Nevett,Elijah,Nevett,1944-04-28,72,185,,,,,,,,,,,,"https://static.www.nfl.com/image/private/f_auto,q_auto/league/r06zwq6vr5iqj6amgndu",,,,,,
1967,NO,DB,DB,0,ACT,George Rose,George,Rose,1942-01-01,71,200,,,,,,,,,,,,"https://static.www.nfl.com/image/private/f_auto,q_auto/league/pymn31swnjhozuogj4vs",,,,,,
1967,NO,DB,DB,0,ACT,Dave Whitsell,David,Whitsell,1936-06-14,72,190,,,,,,,,,,,,"https://static.www.nfl.com/image/private/f_auto,q_auto/league/wmkzzssr3nyll6fzk79u",,,,,,
1967,NO,DB,DB,0,ACT,George Youngblood,George,Youngblood,1945-01-04,75,205,,,,,,,,,,,,"https://static.www.nfl.com/image/private/f_auto,q_auto/league/jtobldbamfg9iku2bmw5",,,,,,
1967,NO,DL,DE,0,ACT,Doug Atkins,Douglas,Atkins,1930-05-08,80,275,,,,,,,,,,,,"https://static.www.nfl.com/image/private/f_auto,q_auto/league/qsguxvinyuskecsljeqg",,,,,,
1967,NO,DL,DT,0,ACT,Lou Cordileone,Louis,Cordileone,1937-08-04,73,250,,,,,,,,,,,,"https://static.www.nfl.com/image/private/f_auto,q_auto/league/h1orurnkrv6tlu8xc6ti",,,,,,
1967,NO,DL,DE,0,ACT,Jim Garcia,James,Garcia,1944-03-07,76,250,,,,,,,,,,,,"https://static.www.nfl.com/image/private/f_auto,q_auto/league/fr66a8jpxzr5rof9lqft",,,,,,
1967,NO,DL,DT,0,ACT,Earl Leggett,Earl,Leggett,1933-03-05,75,265,,,,,,,,,,,,"https://static.www.nfl.com/image/private/f_auto,q_auto/league/luaxb1k7nksfanj7waue",,,,,,
1967,NO,DL,DT,0,ACT,Dave Rowe,David,Rowe,1945-06-20,79,280,,,,,,,,,,,,"https://static.www.nfl.com/image/private/f_auto,q_auto/league/ynfz4jra6e8rxdk9gtyl",,,,,,
1967,NO,DL,DE,0,ACT,Brian Schweda,Brian,Schweda,1943-04-30,75,250,,,,,,,,,,,,"https://static.www.nfl.com/image/private/f_auto,q_auto/league/t9xc1fbryllgmpunmpiv",,,,,,
1967,NO,DL,DT,0,ACT,Mike Tilleman,Michael,Tilleman,1944-03-30,79,272,,,,,,,,,,,,"https://static.www.nfl.com/image/private/f_auto,q_auto/league/z838kbxuzyfkbzcfqqx6",,,,,,
1967,NO,K,K,0,ACT,Charlie Durkee,Charles,Durkee,1944-06-25,71,165,,,,,,,,,,,,"https://static.www.nfl.com/image/private/f_auto,q_auto/league/hajc8neyhbgblqscte1e",,,,,,
1967,NO,LB,LB,0,ACT,Jackie Burkett,Walter,Burkett,1936-12-16,76,230,,,,,,,,,,,,"https://static.www.nfl.com/image/private/f_auto,q_auto/league/p185lmeosrrldyqy7nsm",,,,,,
1967,NO,LB,LB,0,ACT,Bill Cody,William,Cody,1944-08-02,74,230,,,,,,,,,,,,"https://static.www.nfl.com/image/private/f_auto,q_auto/league/p8y92hflxaqjztvdxwpn",,,,,,
1967,NO,LB,LB,0,ACT,Ted Davis,Richard,Davis,1942-07-27,73,232,,,,,,,,,,,,"https://static.www.nfl.com/image/private/f_auto,q_auto/league/moui03gmerwoiwwrmd8j",,,,,,
1967,NO,LB,LB,0,ACT,Les Kelley,Leslie,Kelley,1944-12-09,75,233,,,,,,,,,,,,"https://static.www.nfl.com/image/private/f_auto,q_auto/league/neldkvgtyqta9ekbk7wc",,,,,,
1967,NO,LB,LB,0,ACT,Dave Simmons,David,Simmons,1943-08-03,76,245,,,,,,,,,,,,"https://static.www.nfl.com/image/private/f_auto,q_auto/league/toxcakl3326an9sfnycu",,,,,,
1967,NO,LB,OLB,0,ACT,Steve Stonebreaker,Thornton,Stonebreaker,1937-10-28,75,235,,,,,,,,,,,,"https://static.www.nfl.com/image/private/f_auto,q_auto/league/xsn3ronh34vlkgs4bqfv",,,,,,
1967,NO,LB,LB,0,ACT,Phil Vandersea,Phillip,Vandersea,1943-02-25,75,245,,,,,,,,,,,,"https://static.www.nfl.com/image/private/f_auto,q_auto/league/uxk7oenjqhd5qpwt72r0",,,,,,
1967,NO,LB,LB,0,ACT,Fred Whittingham,Fred,Whittingham,1939-02-04,74,235,,,,,,,,,,,,"https://static.www.nfl.com/image/private/f_auto,q_auto/league/crc9lx78aaojhg3hek7n",,,,,,
1967,NO,OL,OT,0,ACT,Dick Anderson,Richard,Anderson,1944-01-26,77,245,,,,,,,,,,,,"https://static.www.nfl.com/image/private/f_auto,q_auto/league/uyxeizslizpczwmdmg2n",,,,,,
1967,NO,OL,OT,0,ACT,George Harvey,George,Harvey,1945-08-18,76,245,,,,,,,,,,,,"https://static.www.nfl.com/image/private/f_auto,q_auto/league/whcwoa5snjjfn6ldk7g8",,,,,,
1967,NO,OL,OT,0,ACT,Jerry Jones,Gerald,Jones,1944-02-14,76,260,,,,,,,,,,,,"https://static.www.nfl.com/image/private/f_auto,q_auto/league/ql9n95roztouex4lvmiu",,,,,,
1967,NO,OL,G,0,TRC,Jake Kupp,Jacob,Kupp,1941-03-12,75,248,,,,,,,,,,,,"https://static.www.nfl.com/image/private/f_auto,q_auto/league/voiuk7nvs7vu8xcem4wn",,,,,,
1967,NO,OL,OT,0,ACT,Dave McCormick,David,McCormick,1943-07-10,78,250,,,,,,,,,,,,"https://static.www.nfl.com/image/private/f_auto,q_auto/league/lxshlh8jhrxfpye8a2yf",,,,,,
1967,NO,OL,OT,0,ACT,Ray Rissmiller,Raymond,Rissmiller,1942-07-22,76,250,,,,,,,,,,,,"https://static.www.nfl.com/image/private/f_auto,q_auto/league/fvx2xss618heji5cwtvf",,,,,,
1967,NO,OL,OT,0,TRC,Bill Sandeman,William,Sandeman,1942-11-30,78,252,,,,,,,,,,,,"https://static.www.nfl.com/image/private/f_auto,q_auto/league/cocnxcem3tgqteceoljg",,,,,,
1967,NO,OL,G,0,ACT,Roy Schmidt,Roy,Schmidt,1942-05-03,75,248,,,,,,,,,,,,"https://static.www.nfl.com/image/private/f_auto,q_auto/league/kchncxqgkz5rgy1solfb",,,,,,
1967,NO,OL,G,0,ACT,Eli Strand,Eli,Strand,1943-02-11,74,250,,,,,,,,,,,,"https://static.www.nfl.com/image/private/f_auto,q_auto/league/nepizdso3dky6nn9gr2e",,,,,,
1967,NO,OL,OT,0,ACT,Jerry Sturm,Jerry,Sturm,1936-12-31,75,260,,,,,,,,,,,,"https://static.www.nfl.com/image/private/f_auto,q_auto/league/fs9ryvy8oeuuia9dxnj3",,,,,,
1967,NO,OL,C,0,ACT,Joe Wendryhoski,Joseph,Wendryhoski,1938-03-01,74,245,,,,,,,,,,,,"https://static.www.nfl.com/image/private/f_auto,q_auto/league/lgrniwr4sv54s6li6fvn",,,,,,
1967,NO,OL,G,0,ACT,Del Williams,Delano,Williams,1945-11-09,74,240,,,,,,,,,,,,"https://static.www.nfl.com/image/private/f_auto,q_auto/league/cktivx6y5ssrxvo0qzpt",,,,,,
1967,NO,P,P,0,ACT,Tom McNeill,Thomas,McNeill,1942-08-12,73,195,,,,,,,,,,,,"https://static.www.nfl.com/image/private/f_auto,q_auto/league/mi8tg6t9f8ho9prsveil",,,,,,
1967,NO,QB,QB,0,ACT,Gary Cuozzo,Gary,Cuozzo,1941-04-26,72,195,,,,,,,,,,,,"https://static.www.nfl.com/image/private/f_auto,q_auto/league/hu8wt06hlwmyw8igvxpt",,,,,,
1967,NO,QB,QB,0,ACT,Billy Kilmer,William,Kilmer,1939-09-05,72,204,,,,,,,,,,,,"https://static.www.nfl.com/image/private/f_auto,q_auto/league/zjtagkdyapup1acwzywp",,,,,,
1967,NO,QB,QB,0,ACT,Gary Wood,Gary,Wood,1942-02-05,71,192,,,,,,,,,,,,"https://static.www.nfl.com/image/private/f_auto,q_auto/league/ycns7iwi3jfwyfnes7bf",,,,,,
1967,NO,RB,RB,0,ACT,Tom Barrington,George,Barrington,1944-01-29,73,213,,,,,,,,,,,,"https://static.www.nfl.com/image/private/f_auto,q_auto/league/wjvzypaj7nfcjwr5w1kc",,,,,,
1967,NO,RB,RB,0,ACT,Charlie Brown,Charles,Brown,1945-10-16,70,195,,,,,,,,,,,,"https://static.www.nfl.com/image/private/f_auto,q_auto/league/kwje5odbbihkosw1zdns",,,,,,
1967,NO,RB,RB,0,ACT,Jimmy Jordan,James,Jordan,1944-08-11,73,200,,,,,,,,,,,,"https://static.www.nfl.com/image/private/f_auto,q_auto/league/vwwvox0uytwavtocku4z",,,,,,
1967,NO,RB,RB,0,ACT,Don McCall,Donald,McCall,1944-09-21,71,195,,,,,,,,,,,,"https://static.www.nfl.com/image/private/f_auto,q_auto/league/r68bj3iwxqdtdq4b7wky",,,,,,
1967,NO,RB,RB,0,ACT,Randy Schultz,Randolph,Schultz,1943-11-17,72,210,,,,,,,,,,,,"https://static.www.nfl.com/image/private/f_auto,q_auto/league/l7x2skwxoowkdjnsplst",,,,,,
1967,NO,RB,RB,0,ACT,Jim Taylor,James,Taylor,1935-09-20,72,214,,,,,,,,,,,,"https://static.www.nfl.com/image/private/f_auto,q_auto/league/iegpmghocdl2shgkb4qf",,,,,,
1967,NO,RB,RB,0,ACT,Ernie Wheelwright,Ernest,Wheelwright,1939-11-28,75,239,,,,,,,,,,,,"https://static.www.nfl.com/image/private/f_auto,q_auto/league/kdu6fue2iqdn42hhjcy8",,,,,,
1967,NO,TE,TE,0,ACT,Vern Burke,Vernon,Burke,1941-04-30,76,215,,,,,,,,,,,,"https://static.www.nfl.com/image/private/f_auto,q_auto/league/utvg2jkzym7ld3bnktqb",,,,,,
1967,NO,TE,TE,0,ACT,Jim Hester,James,Hester,1944-12-13,76,250,,,,,,,,,,,,"https://static.www.nfl.com/image/private/f_auto,q_auto/league/m6t84b7fypl3j4e18edn",,,,,,
1967,NO,TE,TE,0,ACT,Kent Kramer,Kent,Kramer,1944-07-21,76,235,,,,,,,,,,,,"https://static.www.nfl.com/image/private/f_auto,q_auto/league/wjb7trdsfy0ljspdsbyq",,,,,,
1967,NO,WR,WR,0,ACT,Danny Abramowicz,Daniel,Abramowicz,1945-07-13,73,195,,,,,,,,,,,,"https://static.www.nfl.com/image/private/f_auto,q_auto/league/njn7ibtbvpkrkvwwclhe",,,,,,
1967,NO,WR,WR,0,ACT,John Gilliam,John,Gilliam,1945-08-07,73,195,,,,,,,,,,,,"https://static.www.nfl.com/image/private/f_auto,q_auto/league/j2pzoz8f0clmvglhf7oq",,,,,,
1967,NO,WR,WR,0,ACT,Tom Hall,Thomas,Hall,1940-04-03,73,195,,,,,,,,,,,,"https://static.www.nfl.com/image/private/f_auto,q_auto/league/lkn2acgbnfe5qm4uvcn0",,,,,,
1967,NO,WR,WR,0,TRC,Ray Ogden,Raymond,Ogden,1942-09-02,77,225,,,,,,,,,,,,"https://static.www.nfl.com/image/private/f_auto,q_auto/league/cipulzarrbntgpjcygdt",,,,,,
1967,NO,WR,WR,0,ACT,Ray Poage,Raymond,Poage,1940-11-14,75,215,,,,,,,,,,,,"https://static.www.nfl.com/image/private/f_auto,q_auto/league/hqpmv4rgobbhpugvkuzz",,,,,,
1967,NO,WR,WR,0,ACT,Walter Roberts,Walter,Roberts,1942-02-15,69,163,,,,,,,,,,,,"https://static.www.nfl.com/image/private/f_auto,q_auto/league/ptliqmymy6b1ahlkfw4y",,,,,,
1967,NO,WR,WR,0,TRC,Jerry Simmons,Jerry,Simmons,1942-11-14,72,190,,,,,,,,,,,,"https://static.www.nfl.com/image/private/f_auto,q_auto/league/tzcmpiqqnsvfdrdbumib",,,,,,
1967,NYG,DB,DB,0,ACT,Henry Carr,Henry,Carr,1942-11-27,75,190,,,,,,,,,,,,"https://static.www.nfl.com/image/private/f_auto,q_auto/league/gobjblsneb47inyqfpf7",,,,,,
1967,NYG,DB,DB,0,ACT,Clarence Childs,Clarence,Childs,1938-01-13,71,186,,,,,,,,,,,,"https://static.www.nfl.com/image/private/f_auto,q_auto/league/khjdfopwqf0pytbutf0o",,,,,,
1967,NYG,DB,DB,0,ACT,Scott Eaton,Thomas,Eaton,1944-08-20,75,205,,,,,,,,,,,,"https://static.www.nfl.com/image/private/f_auto,q_auto/league/cwmvmyxslg57wrdwlhun",,,,,,
1967,NYG,DB,DB,0,TRC,Mike Fitzgerald,Michael,Fitzgerald,1941-05-04,70,180,,,,,,,,,,,,"https://static.www.nfl.com/image/private/f_auto,q_auto/league/pov0t2dcqwwqz4xlkkn3",,,,,,
1967,NYG,DB,DB,0,ACT,Wendell Harris,Wendell,Harris,1940-10-02,71,185,,,,,,,,,,,,"https://static.www.nfl.com/image/private/f_auto,q_auto/league/strlfgnxhdj890fzadyn",,,,,,
1967,NYG,DB,DB,0,ACT,Dave Hathcock,David,Hathcock,1943-07-20,72,195,,,,,,,,,,,,"https://static.www.nfl.com/image/private/f_auto,q_auto/league/bzrzxwwtfnkbe6ujskw0",,,,,,
1967,NYG,DB,DB,0,ACT,Carl Lockhart,Carl,Lockhart,1943-04-06,74,175,,,,,,,,,,,,"https://static.www.nfl.com/image/private/f_auto,q_auto/league/irhucrmfumbbzxyeccjk",,,,,,
1967,NYG,DB,DB,0,ACT,Bobby Post,Robert,Post,1944-01-12,73,195,,,,,,,,,,,,"https://static.www.nfl.com/image/private/f_auto,q_auto/league/uwqfbwpm3zijvhsi1vz0",,,,,,
1967,NYG,DB,DB,0,ACT,Freeman White,Freeman,White,1943-12-17,77,225,,,,,,,,,,,,"https://static.www.nfl.com/image/private/f_auto,q_auto/league/mshalee6gcwumvrwqbsw",,,,,,
1967,NYG,DB,DB,0,ACT,Willie Williams,Willie,Williams,1942-12-29,72,190,,,,,,,,,,,,"https://static.www.nfl.com/image/private/f_auto,q_auto/league/q8v1fscudhrda18ushwl",,,,,,
1967,NYG,DL,DE,0,ACT,Bruce Anderson,Bruce,Anderson,1944-01-18,76,250,,,,,,,,,,,,"https://static.www.nfl.com/image/private/f_auto,q_auto/league/glldwt556lt8ablewnay",,,,,,
1967,NYG,DL,DT,0,ACT,Roger Anderson,Roger,Anderson,1942-11-11,77,265,,,,,,,,,,,,"https://static.www.nfl.com/image/private/f_auto,q_auto/league/y5arswroqaohsqtevg6k",,,,,,
1967,NYG,DL,DT,0,ACT,Jim Colvin,James,Colvin,1937-11-30,75,252,,,,,,,,,,,,"https://static.www.nfl.com/image/private/f_auto,q_auto/league/jnga4dazltkxp8yo8b8t",,,,,,
1967,NYG,DL,DE,0,ACT,Glen Condren,Glen,Condren,1942-06-10,76,251,,,,,,,,,,,,"https://static.www.nfl.com/image/private/f_auto,q_auto/league/znqpv9z5qtnpmsqeeegs",,,,,,
1967,NYG,DL,DE,0,ACT,Rosey Davis,Roosevelt,Davis,1941-11-29,77,260,,,,,,,,,,,,"https://static.www.nfl.com/image/private/f_auto,q_auto/league/hc6bqz6xitumnfwanfer",,,,,,
1967,NYG,DL,DE,0,ACT,Jim Katcavage,James,Katcavage,1934-10-28,75,240,,,,,,,,,,,,"https://static.www.nfl.com/image/private/f_auto,q_auto/league/pv26riwpgh3rukbocmnq",,,,,,
1967,NYG,DL,DT,0,ACT,Bob Lurtsema,Robert,Lurtsema,1942-03-29,78,250,,,,,,,,,,,,"https://static.www.nfl.com/image/private/f_auto,q_auto/league/buutkxlknuwkpoxzp58c",,,,,,
1967,NYG,DL,DT,0,ACT,Jim Moran,James,Moran,1942-05-04,77,275,,,,,,,,,,,,"https://static.www.nfl.com/image/private/f_auto,q_auto/league/sjbxdtbzhaxko6ig8i4q",,,,,,
1967,NYG,DL,DE,0,ACT,Randy Staten,Randolph,Staten,1944-01-24,73,225,,,,,,,,,,,,"https://static.www.nfl.com/image/private/f_auto,q_auto/league/gun4dlqrohwlkyd3vo9n",,,,,,
1967,NYG,K,K,0,ACT,Pete Gogolak,Peter,Gogolak,1942-04-18,73,190,,,,,,,,,,,,"https://static.www.nfl.com/image/private/f_auto,q_auto/league/gzt8pkdhkow0jeiowdim",,,,,,
1967,NYG,K,K,0,ACT,Les Murdock,Leslie,Murdock,1941-06-06,75,245,,,,,,,,,,,,"https://static.www.nfl.com/image/private/f_auto,q_auto/league/betm94dyuvhkoaffz3c6",,,,,,
1967,NYG,LB,LB,0,ACT,Ken Avery,Kenneth,Avery,1944-05-23,72,227,,,,,,,,,,,,"https://static.www.nfl.com/image/private/f_auto,q_auto/league/asyahyrq7quovndj1van",,,,,,
1967,NYG,LB,LB,0,ACT,Mike Ciccolella,Michael,Ciccolella,1943-10-19,72,225,,,,,,,,,,,,"https://static.www.nfl.com/image/private/f_auto,q_auto/league/oghoii5xcga6sq5lyt0x",,,,,,
1967,NYG,LB,LB,0,ACT,Vince Costello,Vincent,Costello,1932-08-04,72,228,,,,,,,,,,,,"https://static.www.nfl.com/image/private/f_auto,q_auto/league/pay741dakzocdzwdejth",,,,,,
1967,NYG,LB,LB,0,ACT,Bill Swain,William,Swain,1941-02-22,74,230,,,,,,,,,,,,"https://static.www.nfl.com/image/private/f_auto,q_auto/league/pdruq4unfr1ymt6pne8x",,,,,,
1967,NYG,LB,LB,0,ACT,Ed Weisacosky,Edward,Weisacosky,1944-05-04,73,230,,,,,,,,,,,,"https://static.www.nfl.com/image/private/f_auto,q_auto/league/uilkc9alqytq3rydh4y1",,,,,,
1967,NYG,OL,G,0,ACT,Bookie Bolin,Treva,Bolin,1940-06-17,74,240,,,,,,,,,,,,"https://static.www.nfl.com/image/private/f_auto,q_auto/league/wwmwcgqfv4fjjk9epzvl",,,,,,
1967,NYG,OL,G,0,ACT,Pete Case,Ronald,Case,1940-12-27,75,245,,,,,,,,,,,,"https://static.www.nfl.com/image/private/f_auto,q_auto/league/gysvt4feibuksybskln1",,,,,,
1967,NYG,OL,G,0,ACT,Darrell Dess,Darrell,Dess,1935-07-11,72,245,,,,,,,,,,,,"https://static.www.nfl.com/image/private/f_auto,q_auto/league/zsth95irhno0s7bmqluj",,,,,,
1967,NYG,OL,G,0,ACT,Andy Gross,Andrew,Gross,1945-10-13,72,230,,,,,,,,,,,,"https://static.www.nfl.com/image/private/f_auto,q_auto/league/cgfpbviuu73q08rtyvy2",,,,,,
1967,NYG,OL,OT,0,ACT,Charlie Harper,Charles,Harper,1944-08-14,72,250,,,,,,,,,,,,"https://static.www.nfl.com/image/private/f_auto,q_auto/league/dfvbvim8k0ky0zzlqz1e",,,,,,
1967,NYG,OL,C,0,ACT,Chuck Hinton,Charles,Hinton,1942-12-06,74,235,,,,,,,,,,,,"https://static.www.nfl.com/image/private/f_auto,q_auto/league/qa6jgutyzaan7ir6f72n",,,,,,
1967,NYG,OL,C,0,ACT,Greg Larson,Gregory,Larson,1939-11-15,75,250,,,,,,,,,,,,"https://static.www.nfl.com/image/private/f_auto,q_auto/league/syq1xjyfppz0up2ynmpq",,,,,,
1967,NYG,OL,OT,0,ACT,Francis Peay,Francis,Peay,1944-05-23,77,250,,,,,,,,,,,,"https://static.www.nfl.com/image/private/f_auto,q_auto/league/bvgffbgwsuzfxq1awrso",,,,,,
1967,NYG,OL,OT,0,ACT,Willie Young,William,Young,1943-06-27,72,265,,,,,,,,,,,,"https://static.www.nfl.com/image/private/f_auto,q_auto/league/lrhwenkjw8tai9vs1781",,,,,,
1967,NYG,QB,QB,15,ACT,Earl Morrall,Earl,Morrall,1934-05-17,73,210,,,,,,,,,,,,"https://static.www.nfl.com/image/private/f_auto,q_auto/league/tu0czgfywu5r5ybfgwzo",,,,,,
1967,NYG,QB,QB,0,ACT,Fran Tarkenton,Francis,Tarkenton,1940-02-03,72,190,,,,,,,,,,,,"https://static.www.nfl.com/image/private/f_auto,q_auto/league/ihf6rynix853sp4e3sjp",,,,,,
1967,NYG,RB,RB,0,ACT,Tucker Frederickson,Ivan,Frederickson,1943-01-12,74,220,,,,,,,,,,,,"https://static.www.nfl.com/image/private/f_auto,q_auto/league/rcqm6csfpjza4lfehs0h",,,,,,
1967,NYG,RB,FB,0,ACT,Allen Jacobs,Allen,Jacobs,1941-05-19,73,215,,,,,,,,,,,,"https://static.www.nfl.com/image/private/f_auto,q_auto/league/ibtqxyzpfcvbuf6qnxrt",,,,,,
1967,NYG,RB,RB,0,ACT,Ernie Koy,Ernest,Koy,1942-10-22,75,230,,,,,,,,,,,,"https://static.www.nfl.com/image/private/f_auto,q_auto/league/dqzp5lcfwgnx6ycxpkwx",,,,,,
1967,NYG,RB,RB,0,TRC,Chuck Mercein,Charles,Mercein,1943-04-09,74,225,,,,,,,,,,,,"https://static.www.nfl.com/image/private/f_auto,q_auto/league/myaffsq3rwp3csza3hhm",,,,,,
1967,NYG,RB,RB,0,ACT,Randy Minnear,Randall,Minnear,1943-12-27,73,210,,,,,,,,,,,,"https://static.www.nfl.com/image/private/f_auto,q_auto/league/xzhlincwzi0y2xpckxxf",,,,,,
1967,NYG,RB,HB,0,ACT,Joe Morrison,Joseph,Morrison,1937-08-21,73,212,,,,,,,,,,,,"https://static.www.nfl.com/image/private/f_auto,q_auto/league/yqbzljflvcxksel4javy",,,,,,
1967,NYG,RB,RB,0,ACT,Bill Triplett,William,Triplett,1940-05-09,74,215,,,,,,,,,,,,"https://static.www.nfl.com/image/private/f_auto,q_auto/league/jcpv4nnjwzm7tg22b1yb",,,,,,
1967,NYG,TE,TE,0,ACT,Bob Crespino,Robert,Crespino,1938-01-11,77,225,,,,,,,,,,,,"https://static.www.nfl.com/image/private/f_auto,q_auto/league/sdp6rwnyp9ix55jtifin",,,,,,
1967,NYG,TE,TE,0,ACT,Rich Kotite,Richard,Kotite,1942-10-13,75,230,,,,,,,,,,,,"https://static.www.nfl.com/image/private/f_auto,q_auto/league/m22exgwpelk9o83amykd",,,,,,
1967,NYG,TE,TE,0,ACT,Aaron Thomas,Aaron,Thomas,1937-11-07,75,210,,,,,,,,,,,,"https://static.www.nfl.com/image/private/f_auto,q_auto/league/w3wmbcjrjh7chiibawho",,,,,,
1967,NYG,WR,WR,0,ACT,Homer Jones,Homer,Jones,1941-02-18,74,215,,,,,,,,,,,,"https://static.www.nfl.com/image/private/f_auto,q_auto/league/pihd8htdnqgommswer4s",,,,,,
1967,NYG,WR,WR,0,ACT,Del Shofner,Delbert,Shofner,1934-12-11,75,186,,,,,,,,,,,,"https://static.www.nfl.com/image/private/f_auto,q_auto/league/jr7asvvg641mweagb489",,,,,,
1967,NYJ,DB,DB,0,ACT,Bill Baird,William,Baird,1939-03-01,70,180,,,,,,,,,,,,"https://static.www.nfl.com/image/private/f_auto,q_auto/league/okl0bovsony1trln3zn2",,,,,,
1967,NYJ,DB,DB,0,ACT,Randy Beverly,Randolph,Beverly,1944-04-03,71,190,,,,,,,,,,,,"https://static.www.nfl.com/image/private/f_auto,q_auto/league/c3n3ow3tuk5rsnctkcv1",,,,,,
1967,NYJ,DB,DB,0,ACT,Solomon Brannan,Solomon,Brannan,1941-09-05,73,188,,,,,,,,,,,,"https://static.www.nfl.com/image/private/f_auto,q_auto/league/covxz5mrubjpk735rxm4",,,,,,
1967,NYJ,DB,DB,0,ACT,Earl Christy,Earl,Christy,1943-03-19,70,195,,,,,,,,,,,,"https://static.www.nfl.com/image/private/f_auto,q_auto/league/ntdpjonkoswqrjenvoox",,,,,,
1967,NYJ,DB,DB,0,ACT,Cornell Gordon,Cornell,Gordon,1941-01-06,72,187,,,,,,,,,,,,"https://static.www.nfl.com/image/private/f_auto,q_auto/league/hhnkx7xsosmtmezt9r9s",,,,,,
1967,NYJ,DB,DB,0,ACT,Jim Hudson,James,Hudson,1943-03-31,74,210,,,,,,,,,,,,"https://static.www.nfl.com/image/private/f_auto,q_auto/league/a2kcmhs7jdrp4szpmnqn",,,,,,
1967,NYJ,DB,DB,0,ACT,Henry King,Henry,King,1945-01-25,76,205,,,,,,,,,,,,"https://static.www.nfl.com/image/private/f_auto,q_auto/league/k58ar27zhavc0p5ewd18",,,,,,
1967,NYJ,DB,DB,0,ACT,Sherman Lewis,Sherman,Lewis,1942-06-29,69,158,,,,,,,,,,,,"https://static.www.nfl.com/image/private/f_auto,q_auto/league/qv9kr8bhyh66yrzcdlmw",,,,,,
1967,NYJ,DB,DB,0,ACT,Johnny Sample,John,Sample,1937-06-15,73,205,,,,,,,,,,,,"https://static.www.nfl.com/image/private/f_auto,q_auto/league/eusdgogx20rqiellcv4s",,,,,,
1967,NYJ,DL,DE,0,ACT,Verlon Biggs,Verlon,Biggs,1943-03-16,76,275,,,,,,,,,,,,"https://static.www.nfl.com/image/private/f_auto,q_auto/league/frqc4n2n9g79zufwuaah",,,,,,
1967,NYJ,DL,DT,0,ACT,John Elliott,Darrell,Elliott,1944-10-26,76,244,,,,,,,,,,,,"https://static.www.nfl.com/image/private/f_auto,q_auto/league/cbyhusof1fnmodwof0aw",,,,,,
1967,NYJ,DL,DT,0,ACT,Jim Harris,James,Harris,1943-02-24,76,280,,,,,,,,,,,,"https://static.www.nfl.com/image/private/f_auto,q_auto/league/ge6wtbfgdwr8yocoboh6",,,,,,
1967,NYJ,DL,DT,0,ACT,Carl McAdams,Carl,McAdams,1944-04-26,75,240,,,,,,,,,,,,"https://static.www.nfl.com/image/private/f_auto,q_auto/league/figz7eoawwmt5wwqjlox",,,,,,
1967,NYJ,DL,DE,0,ACT,Gerry Philbin,Gerald,Philbin,1941-07-31,74,245,,,,,,,,,,,,"https://static.www.nfl.com/image/private/f_auto,q_auto/league/nmdx9plxben6vx39fn7h",,,,,,
1967,NYJ,DL,DE,0,ACT,Dennis Randall,Dennis,Randall,1945-07-07,79,250,,,,,,,,,,,,"https://static.www.nfl.com/image/private/f_auto,q_auto/league/ceh0ppmtmdvbvw6qbf6p",,,,,,
1967,NYJ,DL,DT,0,ACT,Paul Rochester,Paul,Rochester,1938-07-15,74,255,,,,,,,,,,,,"https://static.www.nfl.com/image/private/f_auto,q_auto/league/jhy9mistdakrp9cqrgkn",,,,,,
1967,NYJ,DL,DE,0,ACT,Bert Wilder,Albert,Wilder,1939-04-14,75,245,,,,,,,,,,,,"https://static.www.nfl.com/image/private/f_auto,q_auto/league/sbwebs9jcxmibfs8snr5",,,,,,
1967,NYJ,K,K,0,ACT,Jim Turner,James,Turner,1941-03-28,74,205,,,,,,,,,,,,"https://static.www.nfl.com/image/private/f_auto,q_auto/league/qx4zwgsedfstecjpnlfd",,,,,,
1967,NYJ,LB,LB,0,ACT,Al Atkinson,Allen,Atkinson,1943-07-28,74,230,,,,,,,,,,,,"https://static.www.nfl.com/image/private/f_auto,q_auto/league/wkqhenoi9dttrdq6vtgz",,,,,,
1967,NYJ,LB,LB,0,ACT,Ralph Baker,Ralph,Baker,1942-08-25,75,228,,,,,,,,,,,,"https://static.www.nfl.com/image/private/f_auto,q_auto/league/ar9tvnw0rntp6rn3hngk",,,,,,
1967,NYJ,LB,LB,0,ACT,Paul Crane,Paul,Crane,1944-01-29,75,212,,,,,,,,,,,,"https://static.www.nfl.com/image/private/f_auto,q_auto/league/uiffjmunoiczzayleogm",,,,,,
1967,NYJ,LB,LB,0,ACT,Larry Grantham,James,Grantham,1938-09-16,72,210,,,,,,,,,,,,"https://static.www.nfl.com/image/private/f_auto,q_auto/league/v6ku4jjekprkeenyrvra",,,,,,
1967,NYJ,OL,G,0,ACT,Dave Herman,David,Herman,1941-09-03,73,255,,,,,,,,,,,,"https://static.www.nfl.com/image/private/f_auto,q_auto/league/mfcu6cbvrucbabcblgzw",,,,,,
1967,NYJ,OL,OT,0,ACT,Winston Hill,Winston,Hill,1941-10-23,76,270,,,,,,,,,,,,"https://static.www.nfl.com/image/private/f_auto,q_auto/league/dmhy8mzoh0604fosiyok",,,,,,
1967,NYJ,OL,C,0,ACT,John Matlock,John,Matlock,1944-10-19,76,249,,,,,,,,,,,,"https://static.www.nfl.com/image/private/f_auto,q_auto/league/tdks7ehky29rpm0idr0w",,,,,,
1967,NYJ,OL,G,0,ACT,Pete Perreault,Peter,Perreault,1939-03-01,75,248,,,,,,,,,,,,"https://static.www.nfl.com/image/private/f_auto,q_auto/league/mtoqnuvgosc88avgwx90",,,,,,
1967,NYJ,OL,OT,0,ACT,Sherman Plunkett,Sherman,Plunkett,1933-04-17,76,290,,,,,,,,,,,,"https://static.www.nfl.com/image/private/f_auto,q_auto/league/fd3verg8k6poyg6y2cht",,,,,,
1967,NYJ,OL,G,0,ACT,Randy Rasmussen,Randall,Rasmussen,1945-05-10,74,255,,,,,,,,,,,,"https://static.www.nfl.com/image/private/f_auto,q_auto/league/salrbdrd7f52gmazkckx",,,,,,
1967,NYJ,OL,OT,0,ACT,Jeff Richardson,Jeffrey,Richardson,1944-09-01,75,250,,,,,,,,,,,,"https://static.www.nfl.com/image/private/f_auto,q_auto/league/j2s6bbtgcu61klf4uc29",,,,,,
1967,NYJ,OL,C,0,ACT,John Schmitt,John,Schmitt,1942-11-12,76,250,,,,,,,,,,,,"https://static.www.nfl.com/image/private/f_auto,q_auto/league/jcalxkvzstm2pspydb4y",,,,,,
1967,NYJ,OL,OT,0,ACT,Paul Seiler,Paul,Seiler,1945-11-01,76,260,,,,,,,,,,,,"https://static.www.nfl.com/image/private/f_auto,q_auto/league/c2ps8nbh9tfv3emsiaix",,,,,,
1967,NYJ,OL,C,0,ACT,Jim Waskiewicz,James,Waskiewicz,1944-02-10,76,240,,,,,,,,,,,,"https://static.www.nfl.com/image/private/f_auto,q_auto/league/o5qnmmqtyin6bih5qogm",,,,,,
1967,NYJ,QB,QB,12,ACT,Joe Namath,Joseph,Namath,1943-05-31,74,200,,,,,,,,,,,,"https://static.www.nfl.com/image/private/f_auto,q_auto/league/ssg1rcnvw9sdqcr6wz2f",,,,,,
1967,NYJ,QB,QB,0,ACT,Bob Schweickert,Robert,Schweickert,1942-09-17,73,190,,,,,,,,,,,,"https://static.www.nfl.com/image/private/f_auto,q_auto/league/qbu3pbi28jvfgwztun3s",,,,,,
1967,NYJ,QB,QB,0,ACT,Mike Taliaferro,Myron,Taliaferro,1941-07-26,74,202,,,,,,,,,,,,"https://static.www.nfl.com/image/private/f_auto,q_auto/league/hr3vl9qjnheo5z6qzmgg",,,,,,
1967,NYJ,RB,RB,0,ACT,Emerson Boozer,Emerson,Boozer,1943-07-04,71,195,,,,,,,,,,,,"https://static.www.nfl.com/image/private/f_auto,q_auto/league/kjnqbuefsrffzg5jhwiz",,,,,,
1967,NYJ,RB,HB,0,ACT,Abner Haynes,Abner,Haynes,1937-09-19,72,190,,,,,,,,,,,,"https://static.www.nfl.com/image/private/f_auto,q_auto/league/wsd6cybcicezv3acqutc",,,,,,
1967,NYJ,RB,RB,0,ACT,Billy Joe,William,Joe,1940-10-14,74,235,,,,,,,,,,,,"https://static.www.nfl.com/image/private/f_auto,q_auto/league/ft6mnvcbgs1bhnrchuqi",,,,,,
1967,NYJ,RB,RB,0,ACT,Curley Johnson,John,Johnson,1935-07-02,72,215,,,,,,,,,,,,"https://static.www.nfl.com/image/private/f_auto,q_auto/league/qgghjx3y7ioarhimotsr",,,,,,
1967,NYJ,RB,FB,0,ACT,Bill Mathis,William,Mathis,1938-12-10,73,220,,,,,,,,,,,,"https://static.www.nfl.com/image/private/f_auto,q_auto/league/ozpurv8dfqaicqwmgylq",,,,,,
1967,NYJ,RB,FB,0,ACT,Mark Smolinski,Mark,Smolinski,1939-05-09,73,215,,,,,,,,,,,,"https://static.www.nfl.com/image/private/f_auto,q_auto/league/nhxubstqhpamngjimzc9",,,,,,
1967,NYJ,RB,RB,0,ACT,Matt Snell,Matthews,Snell,1941-08-18,74,219,,,,,,,,,,,,"https://static.www.nfl.com/image/private/f_auto,q_auto/league/pcowmerwd8zaqokbotcd",,,,,,
1967,NYJ,TE,TE,0,ACT,Pete Lammons,Peter,Lammons,1943-10-20,75,230,,,,,,,,,,,,"https://static.www.nfl.com/image/private/f_auto,q_auto/league/b5aldhbk75b0gra36esg",,,,,,
1967,NYJ,WR,WR,0,ACT,Don Maynard,Donald,Maynard,1935-01-25,72,179,,,,,,,,,,,,"https://static.www.nfl.com/image/private/f_auto,q_auto/league/s6nh537r19nluxmpvmyr",,,,,,
1967,NYJ,WR,WR,0,ACT,Bill Rademacher,William,Rademacher,1942-05-13,73,190,,,,,,,,,,,,"https://static.www.nfl.com/image/private/f_auto,q_auto/league/oeex756bggjs79jitkuj",,,,,,
1967,NYJ,WR,WR,0,ACT,George Sauer,George,Sauer,1943-11-10,74,195,,,,,,,,,,,,"https://static.www.nfl.com/image/private/f_auto,q_auto/league/nxwurfvkfexdhzakteds",,,,,,
1967,NYJ,WR,WR,0,ACT,Bake Turner,Robert,Turner,1940-07-22,73,179,,,,,,,,,,,,"https://static.www.nfl.com/image/private/f_auto,q_auto/league/dsyg11psrxozihmf2zxn",,,,,,
1967,OAK,DB,DB,0,ACT,Rodger Bird,Rodger,Bird,1943-07-02,72,200,,,,,,,,,,,,"https://static.www.nfl.com/image/private/f_auto,q_auto/league/mg5dodawb2c5urh810oz",,,,,,
1967,OAK,DB,CB,0,ACT,Willie Brown,William,Brown,1940-12-02,73,195,,,,,,,,,,,,"https://static.www.nfl.com/image/private/f_auto,q_auto/league/wj0n82c2oeuw4qflc76q",,,,,,
1967,OAK,DB,DB,0,ACT,Dave Grayson,David,Grayson,1939-06-06,70,187,,,,,,,,,,,,"https://static.www.nfl.com/image/private/f_auto,q_auto/league/jwc87sgquijdcis7ener",,,,,,
1967,OAK,DB,DB,0,ACT,Kent McCloughan,Kent,McCloughan,1940-02-12,73,190,,,,,,,,,,,,"https://static.www.nfl.com/image/private/f_auto,q_auto/league/hcxelf9wa27gvpqxzjfq",,,,,,
1967,OAK,DB,DB,0,ACT,Warren Powers,Warren,Powers,1941-02-19,72,185,,,,,,,,,,,,"https://static.www.nfl.com/image/private/f_auto,q_auto/league/vnujhgvt2h4k53uvnu4e",,,,,,
1967,OAK,DB,DB,0,ACT,Howie Williams,Howard,Williams,1936-12-04,73,190,,,,,,,,,,,,"https://static.www.nfl.com/image/private/f_auto,q_auto/league/nfeo4vfgz0ew2qokbjik",,,,,,
1967,OAK,DL,DT,0,ACT,Dan Birdwell,Daniel,Birdwell,1940-10-14,76,250,,,,,,,,,,,,"https://static.www.nfl.com/image/private/f_auto,q_auto/league/pjhe1m7gv3ixuhgzzlq2",,,,,,
1967,OAK,DL,DE,0,ACT,Ben Davidson,Benjamin,Davidson,1940-06-14,80,275,,,,,,,,,,,,"https://static.www.nfl.com/image/private/f_auto,q_auto/league/pkniqu1alncgppr4ojmp",,,,,,
1967,OAK,DL,DT,0,ACT,Tom Keating,Thomas,Keating,1942-09-02,74,247,,,,,,,,,,,,"https://static.www.nfl.com/image/private/f_auto,q_auto/league/tpdwm81668ttowsadq1i",,,,,,
1967,OAK,DL,DE,0,ACT,Ike Lassiter,Isaac,Lassiter,1940-11-15,77,270,,,,,,,,,,,,"https://static.www.nfl.com/image/private/f_auto,q_auto/league/bvtfvekcoflcyntubs2o",,,,,,
1967,OAK,DL,DT,0,ACT,Carleton Oats,Carleton,Oats,1942-04-24,75,260,,,,,,,,,,,,"https://static.www.nfl.com/image/private/f_auto,q_auto/league/pzug7k7at3e3w9jpd8kk",,,,,,
1967,OAK,DL,DT,0,ACT,Richard Sligh,Richard,Sligh,1944-08-18,84,300,,,,,,,,,,,,"https://static.www.nfl.com/image/private/f_auto,q_auto/league/ltcwoe1opevg62xnsb7f",,,,,,
1967,OAK,LB,LB,0,ACT,Duane Benson,Dean,Benson,1945-08-05,74,215,,,,,,,,,,,,"https://static.www.nfl.com/image/private/f_auto,q_auto/league/dvknqe2kafjvocdix09b",,,,,,
1967,OAK,LB,LB,0,ACT,Bill Budness,William,Budness,1943-01-30,74,218,,,,,,,,,,,,"https://static.www.nfl.com/image/private/f_auto,q_auto/league/frgs3vvbdpasj3ujwq16",,,,,,
1967,OAK,LB,LB,0,ACT,Dan Conners,Daniel,Conners,1941-02-06,74,230,,,,,,,,,,,,"https://static.www.nfl.com/image/private/f_auto,q_auto/league/hdlqbafvr6m0jmpclbh9",,,,,,
1967,OAK,LB,LB,0,ACT,Bill Fairband,William,Fairband,1941-06-11,75,228,,,,,,,,,,,,"https://static.www.nfl.com/image/private/f_auto,q_auto/league/x0h6yccrebytdjhi4oug",,,,,,
1967,OAK,LB,LB,0,ACT,Bill Laskey,William,Laskey,1943-02-10,75,235,,,,,,,,,,,,"https://static.www.nfl.com/image/private/f_auto,q_auto/league/ir2mqzzpmgjssqygmex6",,,,,,
1967,OAK,LB,LB,0,ACT,Gus Otto,August,Otto,1943-12-08,73,220,,,,,,,,,,,,"https://static.www.nfl.com/image/private/f_auto,q_auto/league/dugnpyixjusqu7oulaw8",,,,,,
1967,OAK,LB,LB,0,ACT,J.R. Williamson,John,Williamson,1941-10-09,74,220,,,,,,,,,,,,"https://static.www.nfl.com/image/private/f_auto,q_auto/league/dhgqcbvovrbdsg6mk6zn",,,,,,
1967,OAK,OL,OT,0,ACT,Dan Archer,Daniel,Archer,1944-09-29,77,245,,,,,,,,,,,,"https://static.www.nfl.com/image/private/f_auto,q_auto/league/u1fel2xwtu4mpj9h967r",,,,,,
1967,OAK,OL,G,0,ACT,Jim Harvey,James,Harvey,1943-08-20,77,255,,,,,,,,,,,,"https://static.www.nfl.com/image/private/f_auto,q_auto/league/ilewmngwby0fgobc5dz3",,,,,,
1967,OAK,OL,G,0,ACT,Wayne Hawkins,Wayne,Hawkins,1938-06-17,72,240,,,,,,,,,,,,"https://static.www.nfl.com/image/private/f_auto,q_auto/league/sjjjpjcddkqnutm1traf",,,,,,
1967,OAK,OL,G,0,ACT,Bob Kruse,Robert,Kruse,1942-02-10,74,259,,,,,,,,,,,,"https://static.www.nfl.com/image/private/f_auto,q_auto/league/mxhtpsoqrrbwipu0umof",,,,,,
1967,OAK,OL,C,0,ACT,Jim Otto,James,Otto,1938-01-05,74,255,,,,,,,,,,,,"https://static.www.nfl.com/image/private/f_auto,q_auto/league/gkajrd2sxpmtwcueccog",,,,,,
1967,OAK,OL,OT,0,ACT,Harry Schuh,Harry,Schuh,1942-09-25,75,260,,,,,,,,,,,,"https://static.www.nfl.com/image/private/f_auto,q_auto/league/vrnhb4rlptxnodn65zc6",,,,,,
1967,OAK,OL,OT,0,ACT,Bob Svihus,Robert,Svihus,1943-06-21,76,245,,,,,,,,,,,,"https://static.www.nfl.com/image/private/f_auto,q_auto/league/chwrynby3zbgmxu0cueb",,,,,,
1967,OAK,OL,G,0,ACT,Gene Upshaw,Eugene,Upshaw,1945-08-15,77,255,,,,,,,,,,,,"https://static.www.nfl.com/image/private/f_auto,q_auto/league/klee6wrsaudhkonpaj9j",,,,,,
1967,OAK,P,P,0,ACT,Mike Eischeid,Michael,Eischeid,1940-09-29,72,190,,,,,,,,,,,,"https://static.www.nfl.com/image/private/f_auto,q_auto/league/zmq2lkmfonowmxxuo7no",,,,,,
1967,OAK,QB,QB,0,ACT,George Blanda,George,Blanda,1927-09-17,74,215,,,,,,,,,,,,"https://static.www.nfl.com/image/private/f_auto,q_auto/league/aofp1gfh2uwiundjxs4h",,,,,,
1967,OAK,QB,QB,3,ACT,Daryle Lamonica,Daryle,Lamonica,1941-07-17,75,215,,,,,,,,,,,,"https://static.www.nfl.com/image/private/f_auto,q_auto/league/hwx2mzehcjxjxtpwzba1",,,,,,
1967,OAK,RB,RB,0,ACT,Pete Banaszak,Peter,Banaszak,1944-05-21,71,210,,,,,,,,,,,,"https://static.www.nfl.com/image/private/f_auto,q_auto/league/hdmbwpukewulpvwfkwph",,,,,,
1967,OAK,RB,RB,0,ACT,Estes Banks,Estes,Banks,1945-12-18,75,215,,,,,,,,,,,,"https://static.www.nfl.com/image/private/f_auto,q_auto/league/scq8b6z4fml3obd4xena",,,,,,
1967,OAK,RB,HB,0,ACT,Clem Daniels,Clemon,Daniels,1935-10-03,73,220,,,,,,,,,,,,"https://static.www.nfl.com/image/private/f_auto,q_auto/league/ettil5x9bcrogvb86a47",,,,,,
1967,OAK,RB,RB,0,ACT,Hewritt Dixon,Hewritt,Dixon,1940-01-08,73,230,,,,,,,,,,,,"https://static.www.nfl.com/image/private/f_auto,q_auto/league/nlxapg7tyt2zsz2rpdgh",,,,,,
1967,OAK,RB,RB,0,ACT,Roger Hagberg,Roger,Hagberg,1939-02-28,73,215,,,,,,,,,,,,"https://static.www.nfl.com/image/private/f_auto,q_auto/league/oo1p2cgm1qwupgrkqef6",,,,,,
1967,OAK,RB,RB,0,ACT,Larry Todd,Larry,Todd,1942-10-07,73,185,,,,,,,,,,,,"https://static.www.nfl.com/image/private/f_auto,q_auto/league/gd76hcsccafdckpt8ddh",,,,,,
1967,OAK,TE,TE,0,ACT,Billy Cannon,William,Cannon,1937-08-02,73,207,,,,,,,,,,,,"https://static.www.nfl.com/image/private/f_auto,q_auto/league/bj5stzptxxecir6bsmvg",,,,,,
1967,OAK,TE,TE,0,ACT,Ken Herock,Kenneth,Herock,1941-07-16,74,230,,,,,,,,,,,,"https://static.www.nfl.com/image/private/f_auto,q_auto/league/jsawbxdp8y7ffl6wclca",,,,,,
1967,OAK,TE,TE,0,ACT,Dave Kocourek,David,Kocourek,1937-08-20,77,240,,,,,,,,,,,,"https://static.www.nfl.com/image/private/f_auto,q_auto/league/z5vneldlwncqknimbihm",,,,,,
1967,OAK,WR,WR,0,ACT,Fred Biletnikoff,Frederick,Biletnikoff,1943-02-23,73,190,,,,,,,,,,,,"https://static.www.nfl.com/image/private/f_auto,q_auto/league/twxofug0tyee97sp00vo",,,,,,
1967,OAK,WR,WR,0,ACT,Bill Miller,William,Miller,1940-04-17,73,195,,,,,,,,,,,,"https://static.www.nfl.com/image/private/f_auto,q_auto/league/cuyhpgqp4vxyofdp23y1",,,,,,
1967,OAK,WR,WR,0,ACT,Rod Sherman,Rodney,Sherman,1944-12-25,72,190,,,,,,,,,,,,"https://static.www.nfl.com/image/private/f_auto,q_auto/league/c5koknfxui1b3yafgih6",,,,,,
1967,OAK,WR,WR,0,ACT,Warren Wells,Warren,Wells,1942-11-14,73,190,,,,,,,,,,,,"https://static.www.nfl.com/image/private/f_auto,q_auto/league/w8te6pn3h9dexh5ldrrk",,,,,,
1967,PHI,DB,DB,0,ACT,Jim Gray,James,Gray,1941-08-23,72,180,,,,,,,,,,,,"https://static.www.nfl.com/image/private/f_auto,q_auto/league/igc5fh2khd997hsqyhaz",,,,,,
1967,PHI,DB,DB,0,ACT,Aaron Martin,Aaron,Martin,1942-02-10,72,190,,,,,,,,,,,,"https://static.www.nfl.com/image/private/f_auto,q_auto/league/ggqwzfmismozylpxrtr0",,,,,,
1967,PHI,DB,DB,0,ACT,Ron Medved,Ronald,Medved,1944-05-27,73,210,,,,,,,,,,,,"https://static.www.nfl.com/image/private/f_auto,q_auto/league/ocvpc6ysulart8iqt915",,,,,,
1967,PHI,DB,DB,0,ACT,Al Nelson,Albert,Nelson,1943-10-27,71,186,,,,,,,,,,,,"https://static.www.nfl.com/image/private/f_auto,q_auto/league/ay3frgmi2qso7f1o6a6s",,,,,,
1967,PHI,DB,DB,0,ACT,Jim Nettles,James,Nettles,1942-02-15,70,177,,,,,,,,,,,,"https://static.www.nfl.com/image/private/f_auto,q_auto/league/mhzxklvnpglm8hzx7aa2",,,,,,
1967,PHI,DB,DB,0,ACT,Nate Ramsey,Nathan,Ramsey,1941-07-12,73,200,,,,,,,,,,,,"https://static.www.nfl.com/image/private/f_auto,q_auto/league/d3h6npwaqq5vx5e62cqt",,,,,,
1967,PHI,DB,DB,0,ACT,Taft Reed,Taft,Reed,1942-06-12,74,200,,,,,,,,,,,,"https://static.www.nfl.com/image/private/f_auto,q_auto/league/spgmltg0fatfhiczgnoo",,,,,,
1967,PHI,DB,DB,0,ACT,Joe Scarpati,Joseph,Scarpati,1943-03-05,70,185,,,,,,,,,,,,"https://static.www.nfl.com/image/private/f_auto,q_auto/league/dyg85wzrp4kt9xldwjmr",,,,,,
1967,PHI,DB,DB,0,ACT,Bob Shann,Robert,Shann,1943-03-27,73,189,,,,,,,,,,,,"https://static.www.nfl.com/image/private/f_auto,q_auto/league/pdsrfp7ztt1avrqqtye0",,,,,,
1967,PHI,DL,DE,0,ACT,Don Hultz,William,Hultz,1940-12-16,75,241,,,,,,,,,,,,"https://static.www.nfl.com/image/private/f_auto,q_auto/league/w8ne1prerdroqorgb3hc",,,,,,
1967,PHI,DL,DT,0,ACT,Dave Lince,David,Lince,1944-05-17,79,265,,,,,,,,,,,,"https://static.www.nfl.com/image/private/f_auto,q_auto/league/oqlazvlkk5b31izs80ev",,,,,,
1967,PHI,DL,DT,0,ACT,John Meyers,John,Meyers,1940-01-16,78,276,,,,,,,,,,,,"https://static.www.nfl.com/image/private/f_auto,q_auto/league/xmdqqzvt4vajpsqfq1jm",,,,,,
1967,PHI,DL,DT,0,ACT,Floyd Peters,Floyd,Peters,1936-05-21,76,255,,,,,,,,,,,,"https://static.www.nfl.com/image/private/f_auto,q_auto/league/muftoxvlnfwzeknl770h",,,,,,
1967,PHI,DL,DE,0,ACT,Gary Pettigrew,Gary,Pettigrew,1944-10-10,77,255,,,,,,,,,,,,"https://static.www.nfl.com/image/private/f_auto,q_auto/league/yrrpz7evsbdo3ijrtjiy",,,,,,
1967,PHI,DL,DE,0,ACT,Mel Tom,Melvyn,Tom,1941-08-04,76,249,,,,,,,,,,,,"https://static.www.nfl.com/image/private/f_auto,q_auto/league/dmbcj3xzv5fccua5ssyy",,,,,,
1967,PHI,DL,DE,0,ACT,Dean Wink,Dean,Wink,1944-09-25,76,246,,,,,,,,,,,,"https://static.www.nfl.com/image/private/f_auto,q_auto/league/z12ztrlzypubxsckngyz",,,,,,
1967,PHI,K,K,0,ACT,Sam Baker,Loris,Baker,1929-11-12,74,210,,,,,,,,,,,,"https://static.www.nfl.com/image/private/f_auto,q_auto/league/ws4sge2uamvzvdh8uzeu",,,,,,
1967,PHI,LB,LB,0,ACT,Fred Brown,Fred,Brown,1943-05-04,76,240,,,,,,,,,,,,"https://static.www.nfl.com/image/private/f_auto,q_auto/league/zsecev6m2pq5xkx1q9tm",,,,,,
1967,PHI,LB,LB,0,ACT,Ike Kelley,Dwight,Kelley,1944-07-14,71,225,,,,,,,,,,,,"https://static.www.nfl.com/image/private/f_auto,q_auto/league/mw5psmohrgq9hxfsqzce",,,,,,
1967,PHI,LB,LB,0,ACT,Dave Lloyd,David,Lloyd,1936-11-09,75,248,,,,,,,,,,,,"https://static.www.nfl.com/image/private/f_auto,q_auto/league/inxttnuwtbluz5k5uc2i",,,,,,
1967,PHI,LB,LB,0,ACT,Mike Morgan,Michael,Morgan,1942-01-31,76,242,,,,,,,,,,,,"https://static.www.nfl.com/image/private/f_auto,q_auto/league/jfkrujsmwsqreezgtbv0",,,,,,
1967,PHI,LB,LB,0,ACT,Arunas Vasys,Arunas,Vasys,1943-08-18,74,235,,,,,,,,,,,,"https://static.www.nfl.com/image/private/f_auto,q_auto/league/rbkwsqb6xgsrjii1xhft",,,,,,
1967,PHI,LB,LB,0,ACT,Harold Wells,Harold,Wells,1938-11-26,74,220,,,,,,,,,,,,"https://static.www.nfl.com/image/private/f_auto,q_auto/league/spztfnhajxeothls34mo",,,,,,
1967,PHI,OL,OT,0,ACT,Randy Beisler,Randall,Beisler,1944-10-24,77,250,,,,,,,,,,,,"https://static.www.nfl.com/image/private/f_auto,q_auto/league/gciwumucmbed61noucpi",,,,,,
1967,PHI,OL,OT,0,ACT,Bob Brown,Robert,Brown,1941-12-08,76,280,,,,,,,,,,,,"https://static.www.nfl.com/image/private/f_auto,q_auto/league/qzmkjvyfho5u87vjzt6d",,,,,,
1967,PHI,OL,G,0,ACT,Dick Hart,Richard,Hart,1943-03-04,74,253,,,,,,,,,,,,"https://static.www.nfl.com/image/private/f_auto,q_auto/league/jcf5erfeffrigaxgocoq",,,,,,
1967,PHI,OL,OT,0,ACT,Lane Howell,Autrey,Howell,1941-07-28,77,257,,,,,,,,,,,,"https://static.www.nfl.com/image/private/f_auto,q_auto/league/ggff09zmqmak6zszxpke",,,,,,
1967,PHI,OL,OT,0,ACT,Lynn Hoyem,Lynn,Hoyem,1939-06-27,76,253,,,,,,,,,,,,"https://static.www.nfl.com/image/private/f_auto,q_auto/league/shr5enwa6bmrsaplfjzr",,,,,,
1967,PHI,OL,C,0,ACT,Dave Recher,David,Recher,1942-12-30,73,245,,,,,,,,,,,,"https://static.www.nfl.com/image/private/f_auto,q_auto/league/qkzknfsok35hwylz8lod",,,,,,
1967,PHI,OL,C,0,ACT,Jim Ringo,James,Ringo,1931-11-21,73,232,,,,,,,,,,,,"https://static.www.nfl.com/image/private/f_auto,q_auto/league/oe6gxlo5qwwi9f2at6ff",,,,,,
1967,PHI,OL,G,0,ACT,Jim Skaggs,James,Skaggs,1940-01-03,75,250,,,,,,,,,,,,"https://static.www.nfl.com/image/private/f_auto,q_auto/league/glmgrzknsbmanqedtaky",,,,,,
1967,PHI,OL,G,0,ACT,Bill Stetz,William,Stetz,1945-09-28,75,250,,,,,,,,,,,,"https://static.www.nfl.com/image/private/f_auto,q_auto/league/dxtbsrow4z9ddwtfvsmd",,,,,,
1967,PHI,OL,G,0,ACT,Gordon Wright,Gordon,Wright,1943-12-15,75,248,,,,,,,,,,,,"https://static.www.nfl.com/image/private/f_auto,q_auto/league/ozvn6yyu8skw5ne2qfzx",,,,,,
1967,PHI,QB,QB,0,ACT,Benjy Dial,Benjamin,Dial,1943-05-21,73,185,,,,,,,,,,,,"https://static.www.nfl.com/image/private/f_auto,q_auto/league/r9f9abgupmmb39lkvodu",,,,,,
1967,PHI,QB,QB,0,ACT,King Hill,Stuart,Hill,1936-11-08,75,215,,,,,,,,,,,,"https://static.www.nfl.com/image/private/f_auto,q_auto/league/hozlm0bojb9a5xnz5sdl",,,,,,
1967,PHI,QB,QB,0,ACT,Norm Snead,Norman,Snead,1939-07-31,76,215,,,,,,,,,,,,"https://static.www.nfl.com/image/private/f_auto,q_auto/league/ck0qwuqolqzuzhjh3j0x",,,,,,
1967,PHI,RB,RB,0,ACT,Dan Berry,Daniel,Berry,,,,,,,,,,,,,,,"https://static.www.nfl.com/image/private/f_auto,q_auto/league/sobdpovgv1kg3ialxuev",,,,,,
1967,PHI,RB,HB,0,ACT,Timmy Brown,Thomas,Brown,1937-05-24,71,198,,,,,,,,,,,,"https://static.www.nfl.com/image/private/f_auto,q_auto/league/t4e4pqpppwkwt6mjbrvt",,,,,,
1967,PHI,RB,RB,0,ACT,Harry Jones,Harry,Jones,1945-07-25,74,205,,,,,,,,,,,,"https://static.www.nfl.com/image/private/f_auto,q_auto/league/sikmoysqw9vbcgib20lw",,,,,,
1967,PHI,RB,RB,0,ACT,Izzy Lang,Israel,Lang,1942-02-02,73,232,,,,,,,,,,,,"https://static.www.nfl.com/image/private/f_auto,q_auto/league/ppkf7b4lnqghcqjnsc9c",,,,,,
1967,PHI,RB,RB,0,ACT,Harry Wilson,Harry,Wilson,1944-09-28,71,204,,,,,,,,,,,,"https://static.www.nfl.com/image/private/f_auto,q_auto/league/ixo4vyj2lkpldrej4wnp",,,,,,
1967,PHI,RB,RB,0,ACT,Tom Woodeshick,Thomas,Woodeshick,1941-12-03,72,225,,,,,,,,,,,,"https://static.www.nfl.com/image/private/f_auto,q_auto/league/fjukwqg80nexoryhuacj",,,,,,
1967,PHI,TE,TE,0,ACT,Mike Ditka,Michael,Ditka,1939-10-18,75,228,,,,,,,,,,,,"https://static.www.nfl.com/image/private/f_auto,q_auto/league/doliffqmycbagbdanxh3",,,,,,
1967,PHI,TE,TE,0,ACT,Jim Kelly,James,Kelly,1942-04-23,74,218,,,,,,,,,,,,"https://static.www.nfl.com/image/private/f_auto,q_auto/league/nc2s4tgxgfnyk5xpijgs",,,,,,
1967,PHI,WR,WR,0,ACT,Gary Ballman,Gary,Ballman,1940-07-06,73,215,,,,,,,,,,,,"https://static.www.nfl.com/image/private/f_auto,q_auto/league/q0gf48im87skcftjv0rm",,,,,,
1967,PHI,WR,WR,0,ACT,Pete Emelianchik,Peter,Emelianchik,1943-11-19,74,213,,,,,,,,,,,,"https://static.www.nfl.com/image/private/f_auto,q_auto/league/uugxrfc6midnmwictgxc",,,,,,
1967,PHI,WR,WR,0,ACT,Ron Goodwin,Ronald,Goodwin,1941-01-09,71,180,,,,,,,,,,,,"https://static.www.nfl.com/image/private/f_auto,q_auto/league/nhml6slpvwazz0f3gb2z",,,,,,
1967,PHI,WR,WR,0,ACT,Ben Hawkins,Benjamin,Hawkins,1944-03-22,73,180,,,,,,,,,,,,"https://static.www.nfl.com/image/private/f_auto,q_auto/league/mj940peiqtcmkqeulzsk",,,,,,
1967,PHI,WR,WR,0,ACT,Fred Hill,Frederick,Hill,1943-08-13,74,215,,,,,,,,,,,,"https://static.www.nfl.com/image/private/f_auto,q_auto/league/xoerlqdniu5fc4snko6w",,,,,,
1967,PHI,WR,WR,0,ACT,Chuck Hughes,Charles,Hughes,1943-03-24,71,175,,,,,,,,,,,,"https://static.www.nfl.com/image/private/f_auto,q_auto/league/u2wowewuvisuacaronll",,,,,,
1967,PIT,DB,DB,0,ACT,Jim Bradshaw,James,Bradshaw,1939-01-13,74,205,,,,,,,,,,,,"https://static.www.nfl.com/image/private/f_auto,q_auto/league/pbfwduimpkr0j4j1d5f8",,,,,,
1967,PIT,DB,DB,0,ACT,John Foruria,John,Foruria,1944-11-26,74,205,,,,,,,,,,,,"https://static.www.nfl.com/image/private/f_auto,q_auto/league/li7pikznbst1tqcqlzkc",,,,,,
1967,PIT,DB,DB,0,ACT,Bob Hohn,Robert,Hohn,1941-06-04,72,185,,,,,,,,,,,,"https://static.www.nfl.com/image/private/f_auto,q_auto/league/xyeldmhbzpqrb1bndfwz",,,,,,
1967,PIT,DB,DB,0,TRC,Brady Keys,Brady,Keys,1936-05-19,72,185,,,,,,,,,,,,"https://static.www.nfl.com/image/private/f_auto,q_auto/league/fai8nbdy6cih3atebmtb",,,,,,
1967,PIT,DB,DB,0,ACT,Paul Martha,John,Martha,1942-06-22,72,187,,,,,,,,,,,,"https://static.www.nfl.com/image/private/f_auto,q_auto/league/jpu4ibbb6kfzsg0ik4ix",,,,,,
1967,PIT,DB,DB,0,ACT,Bobby Morgan,Robert,Morgan,1940-08-07,72,205,,,,,,,,,,,,"https://static.www.nfl.com/image/private/f_auto,q_auto/league/tcx4gfc0iespfv7jzewx",,,,,,
1967,PIT,DB,DB,0,ACT,Clendon Thomas,Bobby,Thomas,1935-12-28,74,200,,,,,,,,,,,,"https://static.www.nfl.com/image/private/f_auto,q_auto/league/fbtbn0kygdomqujfwjbe",,,,,,
1967,PIT,DB,DB,0,ACT,Marv Woodson,Marvin,Woodson,1941-09-19,73,190,,,,,,,,,,,,"https://static.www.nfl.com/image/private/f_auto,q_auto/league/nplluurtggv2wulhbv2p",,,,,,
1967,PIT,DL,DT,0,ACT,Dick Arndt,Richard,Arndt,1944-03-12,77,265,,,,,,,,,,,,"https://static.www.nfl.com/image/private/f_auto,q_auto/league/oazhmmf2ain56bapwdne",,,,,,
1967,PIT,DL,DE,0,ACT,John Baker,John,Baker,1935-06-10,78,270,,,,,,,,,,,,"https://static.www.nfl.com/image/private/f_auto,q_auto/league/ihuydipueicsjz8tcbae",,,,,,
1967,PIT,DL,DT,0,ACT,Chuck Hinton,Charles,Hinton,1939-08-11,77,260,,,,,,,,,,,,"https://static.www.nfl.com/image/private/f_auto,q_auto/league/d04frtqh6nhfhwt9mzua",,,,,,
1967,PIT,DL,DT,0,ACT,Ken Kortas,Kenneth,Kortas,1942-05-17,76,280,,,,,,,,,,,,"https://static.www.nfl.com/image/private/f_auto,q_auto/league/cttjsdonyo2pwnxt0l27",,,,,,
1967,PIT,DL,DE,0,ACT,Jerry Mazzanti,Jerry,Mazzanti,1940-07-13,75,240,,,,,,,,,,,,"https://static.www.nfl.com/image/private/f_auto,q_auto/league/jpf5rdik6vd372uwsxhd",,,,,,
1967,PIT,DL,DE,0,ACT,Ben McGee,Ben,McGee,1939-01-26,75,250,,,,,,,,,,,,"https://static.www.nfl.com/image/private/f_auto,q_auto/league/krqogkt59diozmjoufld",,,,,,
1967,PIT,DL,DE,0,ACT,Lloyd Voss,Lloyd,Voss,1942-02-13,76,256,,,,,,,,,,,,"https://static.www.nfl.com/image/private/f_auto,q_auto/league/i9orrk9egkxrm3cmi2l9",,,,,,
1967,PIT,K,K,0,ACT,Mike Clark,Michael,Clark,1940-11-07,73,205,,,,,,,,,,,,"https://static.www.nfl.com/image/private/f_auto,q_auto/league/gw0vqizon8uz9utiffea",,,,,,
1967,PIT,LB,LB,0,ACT,Rod Breedlove,Rodney,Breedlove,1938-03-10,74,230,,,,,,,,,,,,"https://static.www.nfl.com/image/private/f_auto,q_auto/league/thymnivsoluqtb7t0tft",,,,,,
1967,PIT,LB,LB,0,ACT,John Campbell,John,Campbell,1938-10-07,75,225,,,,,,,,,,,,"https://static.www.nfl.com/image/private/f_auto,q_auto/league/djqgt2i5j9kacygjniq5",,,,,,
1967,PIT,LB,LB,0,ACT,Ray May,Reginald,May,1945-06-04,73,230,,,,,,,,,,,,"https://static.www.nfl.com/image/private/f_auto,q_auto/league/dzm8rtuw1m6took2f5rh",,,,,,
1967,PIT,LB,LB,0,ACT,Andy Russell,Charles,Russell,1941-10-29,74,225,,,,,,,,,,,,"https://static.www.nfl.com/image/private/f_auto,q_auto/league/id1dkskulvgpmfklzrah",,,,,,
1967,PIT,LB,LB,0,ACT,Bill Saul,William,Saul,1940-11-19,76,224,,,,,,,,,,,,"https://static.www.nfl.com/image/private/f_auto,q_auto/league/euovp6txmdbqpkwwjqkk",,,,,,
1967,PIT,OL,OT,0,ACT,John Brown,John,Brown,1939-06-09,74,248,,,,,,,,,,,,"https://static.www.nfl.com/image/private/f_auto,q_auto/league/xw9i4w5pb0jdnstf36pg",,,,,,
1967,PIT,OL,G,0,ACT,Sam Davis,Samuel,Davis,1944-07-05,73,255,,,,,,,,,,,,"https://static.www.nfl.com/image/private/f_auto,q_auto/league/hle5t4dz6cqy6v8rtlax",,,,,,
1967,PIT,OL,G,0,ACT,Larry Gagner,Lawrence,Gagner,1943-12-30,75,240,,,,,,,,,,,,"https://static.www.nfl.com/image/private/f_auto,q_auto/league/qhwhgay7waxnb1fyhjxa",,,,,,
1967,PIT,OL,OT,0,ACT,Mike Haggerty,Michael,Haggerty,1945-10-14,76,245,,,,,,,,,,,,"https://static.www.nfl.com/image/private/f_auto,q_auto/league/uuad5gf1jykjnr3dubdr",,,,,,
1967,PIT,OL,C,0,ACT,Ray Mansfield,James,Mansfield,1941-01-21,75,250,,,,,,,,,,,,"https://static.www.nfl.com/image/private/f_auto,q_auto/league/i7h0re4ny88didpduo9c",,,,,,
1967,PIT,OL,OT,0,ACT,Fran O'Brien,Francis,O'Brien,1936-04-17,73,265,,,,,,,,,,,,"https://static.www.nfl.com/image/private/f_auto,q_auto/league/urbxfc04o0msubkgr937",,,,,,
1967,PIT,OL,G,0,ACT,Bruce Van Dyke,Bruce,Van Dyke,1944-08-06,74,255,,,,,,,,,,,,"https://static.www.nfl.com/image/private/f_auto,q_auto/league/rj3lhsvsidbcvujwthed",,,,,,
1967,PIT,OL,G,0,ACT,Ralph Wenzel,Ralph,Wenzel,1943-03-13,74,250,,,,,,,,,,,,"https://static.www.nfl.com/image/private/f_auto,q_auto/league/g9fnecbfbjwcw7ld2rqk",,,,,,
1967,PIT,P,P,0,ACT,Jim Elliott,James,Elliott,1944-08-18,71,184,,,,,,,,,,,,"https://static.www.nfl.com/image/private/f_auto,q_auto/league/c109lhuyx4snftxovl0v",,,,,,
1967,PIT,QB,QB,0,ACT,Rich Badar,Richard,Badar,1943-03-08,73,190,,,,,,,,,,,,"https://static.www.nfl.com/image/private/f_auto,q_auto/league/h5rr7wirobaqpd0mliif",,,,,,
1967,PIT,QB,QB,0,ACT,Bill Nelsen,William,Nelsen,1941-01-29,72,195,,,,,,,,,,,,"https://static.www.nfl.com/image/private/f_auto,q_auto/league/ge8eq4oxzfj1w8vs6af8",,,,,,
1967,PIT,QB,QB,0,ACT,Kent Nix,Alvin,Nix,1944-03-12,74,195,,,,,,,,,,,,"https://static.www.nfl.com/image/private/f_auto,q_auto/league/to3gdqkj7tklqqxez1kz",,,,,,
1967,PIT,RB,RB,0,ACT,Willie Asbury,William,Asbury,1943-02-22,73,226,,,,,,,,,,,,"https://static.www.nfl.com/image/private/f_auto,q_auto/league/lqovdhewrbxmaw3xxqme",,,,,,
1967,PIT,RB,HB,0,TRL,Charlie Bivins,Charles,Bivins,1937-10-16,73,212,,,,,,,,,,,,"https://static.www.nfl.com/image/private/f_auto,q_auto/league/oims0l41xs1wvso586lr",,,,,,
1967,PIT,RB,RB,0,ACT,Cannonball Butler,James,Butler,1943-05-04,69,194,,,,,,,,,,,,"https://static.www.nfl.com/image/private/f_auto,q_auto/league/z8vv11knlh3bxdzgjm6j",,,,,,
1967,PIT,RB,RB,0,ACT,Earl Gros,Earl,Gros,1940-08-29,75,220,,,,,,,,,,,,"https://static.www.nfl.com/image/private/f_auto,q_auto/league/cdzfw9apzl92sn4z2g4e",,,,,,
1967,PIT,RB,RB,0,ACT,Dick Hoak,Richard,Hoak,1939-12-08,71,195,,,,,,,,,,,,"https://static.www.nfl.com/image/private/f_auto,q_auto/league/nvvzfje8l0eiogmxq9q7",,,,,,
1967,PIT,RB,RB,0,ACT,Don Shy,Donald,Shy,1945-11-15,73,210,,,,,,,,,,,,"https://static.www.nfl.com/image/private/f_auto,q_auto/league/uzces1ka3bw1ukstryux",,,,,,
1967,PIT,TE,TE,0,ACT,Chet Anderson,Chester,Anderson,1945-03-14,75,245,,,,,,,,,,,,"https://static.www.nfl.com/image/private/f_auto,q_auto/league/fgt4k627mgtapjflpld4",,,,,,
1967,PIT,TE,TE,0,ACT,John Hilton,John,Hilton,1942-03-12,77,225,,,,,,,,,,,,"https://static.www.nfl.com/image/private/f_auto,q_auto/league/rcs9kvwfsweywpiwtatz",,,,,,
1967,PIT,WR,WR,0,ACT,Dick Compton,Richard,Compton,1940-04-16,74,190,,,,,,,,,,,,"https://static.www.nfl.com/image/private/f_auto,q_auto/league/fh4wa2u4xfqyw5qqh4kj",,,,,,
1967,PIT,WR,WR,0,ACT,Marshall Cropper,Marshall,Cropper,1944-04-01,76,200,,,,,,,,,,,,"https://static.www.nfl.com/image/private/f_auto,q_auto/league/eivcquzy8vub1v11urlu",,,,,,
1967,PIT,WR,WR,0,ACT,Roy Jefferson,Roy,Jefferson,1943-11-09,74,195,,,,,,,,,,,,"https://static.www.nfl.com/image/private/f_auto,q_auto/league/wruwmgqsmbvfiixrn7gn",,,,,,
1967,PIT,WR,WR,0,ACT,Jerry Marion,Jerry,Marion,1944-08-07,70,175,,,,,,,,,,,,"https://static.www.nfl.com/image/private/f_auto,q_auto/league/sgbnyztgdux4ynxa6vsi",,,,,,
1967,PIT,WR,WR,0,ACT,J.R. Wilburn,Johnnie,Wilburn,1943-04-27,74,190,,,,,,,,,,,,"https://static.www.nfl.com/image/private/f_auto,q_auto/league/uhgitwrkzfftoroljasg",,,,,,
1967,SD,DB,DB,0,ACT,Joe Beauchamp,Joseph,Beauchamp,1944-04-11,72,188,,,,,,,,,,,,"https://static.www.nfl.com/image/private/f_auto,q_auto/league/k1e4eifsqbncgq4kwybl",,,,,,
1967,SD,DB,DB,0,ACT,Olie Cordill,Olie,Cordill,1943-06-20,75,185,,,,,,,,,,,,"https://static.www.nfl.com/image/private/f_auto,q_auto/league/atcypalbpgiwppn7gz3f",,,,,,
1967,SD,DB,DB,0,ACT,Speedy Duncan,Leslie,Duncan,1942-08-10,70,180,,,,,,,,,,,,"https://static.www.nfl.com/image/private/f_auto,q_auto/league/cq8kog2nvtvxocqew9by",,,,,,
1967,SD,DB,DB,0,ACT,Kenny Graham,James,Graham,1941-11-25,72,210,,,,,,,,,,,,"https://static.www.nfl.com/image/private/f_auto,q_auto/league/dyjwavknkfdyffsjq2nq",,,,,,
1967,SD,DB,DB,0,ACT,Bob Howard,Robert,Howard,1944-11-24,74,174,,,,,,,,,,,,"https://static.www.nfl.com/image/private/f_auto,q_auto/league/cgsnjoakebyfrgg8eqt8",,,,,,
1967,SD,DB,DB,0,ACT,Frank Marsh,Frank,Marsh,1940-06-19,74,205,,,,,,,,,,,,"https://static.www.nfl.com/image/private/f_auto,q_auto/league/xdneulbcphcqajotrimo",,,,,,
1967,SD,DB,DB,0,ACT,Jim Tolbert,Love,Tolbert,1944-03-12,76,200,,,,,,,,,,,,"https://static.www.nfl.com/image/private/f_auto,q_auto/league/rr0zkmkugpws6obxty0s",,,,,,
1967,SD,DB,DB,0,ACT,Bud Whitehead,Ruben,Whitehead,1939-01-01,72,185,,,,,,,,,,,,"https://static.www.nfl.com/image/private/f_auto,q_auto/league/r46891zfyjz4veuqb8me",,,,,,
1967,SD,DL,DT,0,ACT,Scott Appleton,Gordon,Appleton,1942-02-20,75,260,,,,,,,,,,,,"https://static.www.nfl.com/image/private/f_auto,q_auto/league/qt3komz4ju3ufg7gzloe",,,,,,
1967,SD,DL,DE,0,ACT,Ron Billingsley,Ronald,Billingsley,1945-04-06,80,290,,,,,,,,,,,,"https://static.www.nfl.com/image/private/f_auto,q_auto/league/ag5oqusajeevoeygw7fl",,,,,,
1967,SD,DL,DE,0,ACT,Tom Day,Thomas,Day,1935-08-20,74,262,,,,,,,,,,,,"https://static.www.nfl.com/image/private/f_auto,q_auto/league/ogfgkjs7pttpzko044c6",,,,,,
1967,SD,DL,DE,0,ACT,Steve DeLong,Steven,DeLong,1943-07-03,74,252,,,,,,,,,,,,"https://static.www.nfl.com/image/private/f_auto,q_auto/league/rcyzreecnsdncsazy0w3",,,,,,
1967,SD,DL,DE,0,ACT,Jim Griffin,James,Griffin,1942-02-08,75,265,,,,,,,,,,,,"https://static.www.nfl.com/image/private/f_auto,q_auto/league/y7ptu4g0wngqe42rxfgk",,,,,,
1967,SD,DL,DT,0,ACT,George Gross,George,Gross,1941-01-26,75,270,,,,,,,,,,,,"https://static.www.nfl.com/image/private/f_auto,q_auto/league/l7vktwec4edwg9lb1dq4",,,,,,
1967,SD,DL,DE,0,TRC,Howard Kindig,Howard,Kindig,1941-06-22,78,265,,,,,,,,,,,,"https://static.www.nfl.com/image/private/f_auto,q_auto/league/fgoii80ezanwnbmragrr",,,,,,
1967,SD,DL,DT,0,ACT,Houston Ridge,Houston,Ridge,1944-07-18,76,270,,,,,,,,,,,,"https://static.www.nfl.com/image/private/f_auto,q_auto/league/clad2grhr6dncozhrn0r",,,,,,
1967,SD,K,K,0,ACT,Dick Van Raaphorst,Richard,Van Raaphorst,1942-12-10,72,218,,,,,,,,,,,,"https://static.www.nfl.com/image/private/f_auto,q_auto/league/udgx88usnemc0ggljcln",,,,,,
1967,SD,LB,LB,0,ACT,Chuck Allen,Charles,Allen,1939-09-07,73,225,,,,,,,,,,,,"https://static.www.nfl.com/image/private/f_auto,q_auto/league/kuzaphj4zqmne8kz4egq",,,,,,
1967,SD,LB,LB,0,ACT,Johnny Baker,John,Baker,1941-03-15,75,230,,,,,,,,,,,,"https://static.www.nfl.com/image/private/f_auto,q_auto/league/g1aj7lxuhqpzhoohfmjl",,,,,,
1967,SD,LB,LB,0,ACT,Frank Buncom,Frank,Buncom,1939-11-02,74,235,,,,,,,,,,,,"https://static.www.nfl.com/image/private/f_auto,q_auto/league/trhakkjbcyj06bh8muxg",,,,,,
1967,SD,LB,LB,0,ACT,Bernie Erickson,John,Erickson,1944-10-16,74,240,,,,,,,,,,,,"https://static.www.nfl.com/image/private/f_auto,q_auto/league/ueh9s58gsus2vd74pvrv",,,,,,
1967,SD,LB,LB,0,ACT,Ron McCall,Ronald,McCall,1944-07-11,74,240,,,,,,,,,,,,"https://static.www.nfl.com/image/private/f_auto,q_auto/league/t41pfsifizhzlqbteteg",,,,,,
1967,SD,LB,LB,0,ACT,Bob Print,Robert,Print,1944-01-16,72,230,,,,,,,,,,,,"https://static.www.nfl.com/image/private/f_auto,q_auto/league/q6qtzbsu8ad7fyh1z08i",,,,,,
1967,SD,LB,LB,0,ACT,Rick Redman,Richard,Redman,1943-03-07,73,220,,,,,,,,,,,,"https://static.www.nfl.com/image/private/f_auto,q_auto/league/dhxn1aigsxbilrar0o2j",,,,,,
1967,SD,LB,LB,0,ACT,Jeff Staggs,Jeffery,Staggs,1944-05-14,73,240,,,,,,,,,,,,"https://static.www.nfl.com/image/private/f_auto,q_auto/league/mcjgthgpaf7pdfl7emls",,,,,,
1967,SD,OL,OT,0,ACT,Harold Akin,Harold,Akin,1945-01-11,77,260,,,,,,,,,,,,"https://static.www.nfl.com/image/private/f_auto,q_auto/league/qizgzc3rwdeerzj5xjpu",,,,,,
1967,SD,OL,C,0,ACT,Sam Gruneisen,Samuel,Gruneisen,1941-01-16,73,242,,,,,,,,,,,,"https://static.www.nfl.com/image/private/f_auto,q_auto/league/uxjxxu3eync3ngnxfpwp",,,,,,
1967,SD,OL,G,0,ACT,Gary Kirner,Gary,Kirner,1942-06-22,75,255,,,,,,,,,,,,"https://static.www.nfl.com/image/private/f_auto,q_auto/league/ut1b1iszsz13kih7spxh",,,,,,
1967,SD,OL,C,0,ACT,Paul Latzke,Paul,Latzke,1942-03-22,76,240,,,,,,,,,,,,"https://static.www.nfl.com/image/private/f_auto,q_auto/league/rdhvh6xfvv5dcqivjdo4",,,,,,
1967,SD,OL,G,0,ACT,Larry Little,Lawrence,Little,1945-11-02,73,265,,,,,,,,,,,,"https://static.www.nfl.com/image/private/f_auto,q_auto/league/qgzpedtmv8iic4v9vjj8",,,,,,
1967,SD,OL,G,0,ACT,Ed Mitchell,Edward,Mitchell,1942-09-05,74,285,,,,,,,,,,,,"https://static.www.nfl.com/image/private/f_auto,q_auto/league/gln163vdjv5lsetnn1nc",,,,,,
1967,SD,OL,OT,0,ACT,Ron Mix,Ronald,Mix,1938-03-10,76,250,,,,,,,,,,,,"https://static.www.nfl.com/image/private/f_auto,q_auto/league/kldfbnv73qias39fcfez",,,,,,
1967,SD,OL,OT,0,ACT,Terry Owens,Terry,Owens,1944-07-05,78,260,,,,,,,,,,,,"https://static.www.nfl.com/image/private/f_auto,q_auto/league/weo7anlbjyovadq7dks1",,,,,,
1967,SD,OL,G,0,ACT,Walt Sweeney,Walter,Sweeney,1941-04-18,76,256,,,,,,,,,,,,"https://static.www.nfl.com/image/private/f_auto,q_auto/league/ugct7gcdg3dagck7b9jq",,,,,,
1967,SD,OL,OT,0,ACT,Ernie Wright,Ernest,Wright,1939-11-06,76,270,,,,,,,,,,,,"https://static.www.nfl.com/image/private/f_auto,q_auto/league/f8iuzgukwoxyw7h6nxvs",,,,,,
1967,SD,QB,QB,0,ACT,John Hadl,John,Hadl,1940-02-15,73,214,,,,,,,,,,,,"https://static.www.nfl.com/image/private/f_auto,q_auto/league/jdjvuqku5r79js0b3p4p",,,,,,
1967,SD,QB,QB,0,ACT,Kay Stephenson,George,Stephenson,1944-12-17,73,210,,,,,,,,,,,,"https://static.www.nfl.com/image/private/f_auto,q_auto/league/zmu3wqnpusr81ykkckcv",,,,,,
1967,SD,RB,RB,0,ACT,Jim Allison,James,Allison,1943-03-02,72,215,,,,,,,,,,,,"https://static.www.nfl.com/image/private/f_auto,q_auto/league/br31cgzj8cecmeudjpiz",,,,,,
1967,SD,RB,RB,0,ACT,Gene Foster,Irving,Foster,1942-03-20,72,220,,,,,,,,,,,,"https://static.www.nfl.com/image/private/f_auto,q_auto/league/mtqe5h9mgcrlox8qscem",,,,,,
1967,SD,RB,RB,0,ACT,Brad Hubbert,Bradley,Hubbert,1941-06-05,73,235,,,,,,,,,,,,"https://static.www.nfl.com/image/private/f_auto,q_auto/league/kycs9aqxuouc9uvpjnjo",,,,,,
1967,SD,RB,HB,0,ACT,Paul Lowe,Paul,Lowe,1936-09-27,72,205,,,,,,,,,,,,"https://static.www.nfl.com/image/private/f_auto,q_auto/league/dxkk4pqcqcky4pmvdtos",,,,,,
1967,SD,RB,RB,0,ACT,Dickie Post,Richard,Post,1945-09-27,69,190,,,,,,,,,,,,"https://static.www.nfl.com/image/private/f_auto,q_auto/league/enr1olcjjv30oeny2kbe",,,,,,
1967,SD,RB,RB,0,ACT,Russ Smith,Russell,Smith,1944-08-04,72,212,,,,,,,,,,,,"https://static.www.nfl.com/image/private/f_auto,q_auto/league/s4qzigmgcntzbu9ezvdk",,,,,,
1967,SD,TE,TE,0,ACT,Willie Frazier,Willie,Frazier,1942-06-19,76,225,,,,,,,,,,,,"https://static.www.nfl.com/image/private/f_auto,q_auto/league/tanxmsfmpcylain48tie",,,,,,
1967,SD,TE,TE,0,ACT,Jacque MacKinnon,Jacque,MacKinnon,1938-11-10,76,235,,,,,,,,,,,,"https://static.www.nfl.com/image/private/f_auto,q_auto/league/wrrtdpdocucl5gzd33t7",,,,,,
1967,SD,WR,WR,0,ACT,Lance Alworth,Lance,Alworth,1940-08-03,72,184,,,,,,,,,,,,"https://static.www.nfl.com/image/private/f_auto,q_auto/league/a1otlgdgkwqz0oprktn7",,,,,,
1967,SD,WR,WR,0,ACT,Gary Garrison,Gary,Garrison,1944-01-21,74,193,,,,,,,,,,,,"https://static.www.nfl.com/image/private/f_auto,q_auto/league/drhfcvbzpohtnme4uqx2",,,,,,
1967,SD,WR,WR,0,ACT,Steve Newell,Stephen,Newell,1944-12-27,73,186,,,,,,,,,,,,"https://static.www.nfl.com/image/private/f_auto,q_auto/league/zruvzqt1wjws3ioiiybn",,,,,,
1967,SF,DB,DB,0,ACT,Kermit Alexander,Kermit,Alexander,1941-01-04,71,187,,,,,,,,,,,,"https://static.www.nfl.com/image/private/f_auto,q_auto/league/xrnijujdnu0itydmemsi",,,,,,
1967,SF,DB,DB,0,ACT,George Donnelly,George,Donnelly,1942-09-04,75,210,,,,,,,,,,,,"https://static.www.nfl.com/image/private/f_auto,q_auto/league/czbrjea3tsicjbmyhokm",,,,,,
1967,SF,DB,DB,0,ACT,Goose Gonsoulin,Austin,Gonsoulin,1938-06-07,75,210,,,,,,,,,,,,"https://static.www.nfl.com/image/private/f_auto,q_auto/league/r0hydwgiq28lu43m9gny",,,,,,
1967,SF,DB,CB,0,ACT,Jimmy Johnson,James,Johnson,1938-03-31,74,187,,,,,,,,,,,,"https://static.www.nfl.com/image/private/f_auto,q_auto/league/q2czdrpowvjrdwjkndxw",,,,,,
1967,SF,DB,DB,0,ACT,Mel Phillips,Melvin,Phillips,1942-01-06,74,198,,,,,,,,,,,,"https://static.www.nfl.com/image/private/f_auto,q_auto/league/n1s9bsswgsujexeoohc5",,,,,,
1967,SF,DB,DB,0,ACT,Al Randolph,Alvin,Randolph,1944-07-08,74,205,,,,,,,,,,,,"https://static.www.nfl.com/image/private/f_auto,q_auto/league/jjpibjvzsh5yswvvcltk",,,,,,
1967,SF,DB,DB,0,ACT,Wayne Swinford,Lenis,Swinford,1943-05-03,72,192,,,,,,,,,,,,"https://static.www.nfl.com/image/private/f_auto,q_auto/league/crp7ncc9breno0bi2c4a",,,,,,
1967,SF,DB,DB,0,ACT,Wayne Trimble,Wayne,Trimble,1944-12-10,75,203,,,,,,,,,,,,"https://static.www.nfl.com/image/private/f_auto,q_auto/league/mqyeoachgahcwqxe4fwz",,,,,,
1967,SF,DL,DE,0,ACT,Stan Hindman,Stanley,Hindman,1944-03-01,75,235,,,,,,,,,,,,"https://static.www.nfl.com/image/private/f_auto,q_auto/league/g8mgdwerzp5rabqnzuhj",,,,,,
1967,SF,DL,DE,0,ACT,Tom Holzer,Thomas,Holzer,1945-08-02,76,248,,,,,,,,,,,,"https://static.www.nfl.com/image/private/f_auto,q_auto/league/frifsagmj2wtkqeip2kg",,,,,,
1967,SF,DL,DT,0,ACT,Charlie Johnson,Charles,Johnson,1944-09-29,73,265,,,,,,,,,,,,"https://static.www.nfl.com/image/private/f_auto,q_auto/league/bwk46b9x7id41bbfeqtj",,,,,,
1967,SF,DL,DE,0,ACT,Walter Johnson,Walter,Johnson,1943-11-25,77,235,,,,,,,,,,,,"https://static.www.nfl.com/image/private/f_auto,q_auto/league/wa8ympyheo0uhsua7sl7",,,,,,
1967,SF,DL,DT,0,ACT,Charlie Krueger,Charles,Krueger,1937-01-28,76,255,,,,,,,,,,,,"https://static.www.nfl.com/image/private/f_auto,q_auto/league/jpapk15jieginrtllupk",,,,,,
1967,SF,DL,DT,0,ACT,Roland Lakes,Roland,Lakes,1939-12-25,76,279,,,,,,,,,,,,"https://static.www.nfl.com/image/private/f_auto,q_auto/league/wktpv5gouceqcrb8f3c7",,,,,,
1967,SF,DL,DE,0,ACT,Clark Miller,Franklin,Miller,1938-08-11,77,245,,,,,,,,,,,,"https://static.www.nfl.com/image/private/f_auto,q_auto/league/hegkexvpsye5zrqdgka6",,,,,,
1967,SF,K,K,0,ACT,Tommy Davis,Tommy,Davis,1934-10-13,72,220,,,,,,,,,,,,"https://static.www.nfl.com/image/private/f_auto,q_auto/league/k5qba5p1mmeosyebxxn8",,,,,,
1967,SF,LB,LB,0,ACT,Ed Beard,Edward,Beard,1939-12-09,73,226,,,,,,,,,,,,"https://static.www.nfl.com/image/private/f_auto,q_auto/league/uvjarnjcheqo8086no8d",,,,,,
1967,SF,LB,LB,0,ACT,Bob Harrison,Robert,Harrison,1937-08-08,74,225,,,,,,,,,,,,"https://static.www.nfl.com/image/private/f_auto,q_auto/league/ujwgbob0yj4iwvuho3ur",,,,,,
1967,SF,LB,LB,0,ACT,Matt Hazeltine,Matthew,Hazeltine,1933-08-02,73,230,,,,,,,,,,,,"https://static.www.nfl.com/image/private/f_auto,q_auto/league/mhc8zv7op8oqj59folfc",,,,,,
1967,SF,LB,LB,0,ACT,Frank Nunley,Frank,Nunley,1945-10-01,74,229,,,,,,,,,,,,"https://static.www.nfl.com/image/private/f_auto,q_auto/league/j21cvbujaaysiyvb2ode",,,,,,
1967,SF,LB,LB,0,ACT,Dave Olerich,David,Olerich,1944-11-14,73,220,,,,,,,,,,,,"https://static.www.nfl.com/image/private/f_auto,q_auto/league/gztydwf6hnrekzv6p4uu",,,,,,
1967,SF,LB,OLB,0,ACT,Dave Wilcox,David,Wilcox,1942-09-29,75,241,,,,,,,,,,,,"https://static.www.nfl.com/image/private/f_auto,q_auto/league/rmg7tbdhtnm2fqxmmdgv",,,,,,
1967,SF,OL,C,0,ACT,Bruce Bosley,Bruce,Bosley,1933-11-05,74,240,,,,,,,,,,,,"https://static.www.nfl.com/image/private/f_auto,q_auto/league/uyhjzklwbvbh2gxbcmfl",,,,,,
1967,SF,OL,C,0,ACT,Joe Cerne,Joseph,Cerne,1942-04-26,74,240,,,,,,,,,,,,"https://static.www.nfl.com/image/private/f_auto,q_auto/league/xwe7zhelrhnhmmg3y6bm",,,,,,
1967,SF,OL,G,0,ACT,Elmer Collett,Charles,Collett,1944-11-07,78,244,,,,,,,,,,,,"https://static.www.nfl.com/image/private/f_auto,q_auto/league/ebdd5oydu1yya9m02jzt",,,,,,
1967,SF,OL,OT,0,ACT,Dave Hettema,David,Hettema,1942-11-07,77,250,,,,,,,,,,,,"https://static.www.nfl.com/image/private/f_auto,q_auto/league/ggz1nwpzf6cwlge2saop",,,,,,
1967,SF,OL,G,0,ACT,Howard Mudd,Howard,Mudd,1942-02-10,74,254,,,,,,,,,,,,"https://static.www.nfl.com/image/private/f_auto,q_auto/league/pxtpli35aw8jwimyhrwt",,,,,,
1967,SF,OL,G,0,ACT,Don Parker,Donald,Parker,1944-08-09,75,258,,,,,,,,,,,,"https://static.www.nfl.com/image/private/f_auto,q_auto/league/ymvyzyn4iccyfmtq5mh0",,,,,,
1967,SF,OL,OT,0,ACT,Walt Rock,Walter,Rock,1941-11-04,77,255,,,,,,,,,,,,"https://static.www.nfl.com/image/private/f_auto,q_auto/league/etyx6zzzaiqe8toh6udh",,,,,,
1967,SF,OL,OT,0,ACT,Len Rohde,Leonard,Rohde,1938-04-16,76,247,,,,,,,,,,,,"https://static.www.nfl.com/image/private/f_auto,q_auto/league/puan1titka1kisryyfhq",,,,,,
1967,SF,OL,G,0,ACT,John Thomas,John,Thomas,1935-01-25,76,246,,,,,,,,,,,,"https://static.www.nfl.com/image/private/f_auto,q_auto/league/l7dsed1m5pu0xveubshu",,,,,,
1967,SF,QB,QB,0,ACT,John Brodie,John,Brodie,1935-08-14,73,206,,,,,,,,,,,,"https://static.www.nfl.com/image/private/f_auto,q_auto/league/mmtpgbextet0rtzcxjev",,,,,,
1967,SF,QB,QB,0,ACT,George Mira,George,Mira,1942-01-11,72,190,,,,,,,,,,,,"https://static.www.nfl.com/image/private/f_auto,q_auto/league/z91ph36q2gghkrkdi0pf",,,,,,
1967,SF,QB,QB,0,ACT,Steve Spurrier,Steven,Spurrier,1945-04-20,74,204,,,,,,,,,,,,"https://static.www.nfl.com/image/private/f_auto,q_auto/league/wwncsrabzl0h5xnraaca",,,,,,
1967,SF,RB,HB,0,ACT,John David Crow,John,Crow,1935-07-08,74,224,,,,,,,,,,,,"https://static.www.nfl.com/image/private/f_auto,q_auto/league/s0mkycpsqcmkauainuvo",,,,,,
1967,SF,RB,RB,0,ACT,Doug Cunningham,Julian,Cunningham,1945-09-14,72,200,,,,,,,,,,,,"https://static.www.nfl.com/image/private/f_auto,q_auto/league/gnn8l4kvwarcn0wx7gt2",,,,,,
1967,SF,RB,HB,0,ACT,Jim Jackson,James,Jackson,1944-04-19,71,193,,,,,,,,,,,,"https://static.www.nfl.com/image/private/f_auto,q_auto/league/hnddc6kewtoxgulmdu25",,,,,,
1967,SF,RB,RB,0,ACT,Dave Kopay,David,Kopay,1942-06-28,72,218,,,,,,,,,,,,"https://static.www.nfl.com/image/private/f_auto,q_auto/league/wj8ojx0sb7xxbex9rtjt",,,,,,
1967,SF,RB,RB,0,ACT,Gary Lewis,Gary,Lewis,1942-02-22,75,225,,,,,,,,,,,,"https://static.www.nfl.com/image/private/f_auto,q_auto/league/rrkyl3vtzeijsoaqbpne",,,,,,
1967,SF,RB,RB,0,ACT,Bill Tucker,William,Tucker,1943-09-14,74,219,,,,,,,,,,,,"https://static.www.nfl.com/image/private/f_auto,q_auto/league/g2lekaqqdpgeejlp61o3",,,,,,
1967,SF,RB,RB,0,ACT,Ken Willard,Kenneth,Willard,1943-07-14,73,219,,,,,,,,,,,,"https://static.www.nfl.com/image/private/f_auto,q_auto/league/cvzazhtbwbzzlk25ghyl",,,,,,
1967,SF,TE,TE,0,ACT,Monty Stickles,Montford,Stickles,1938-08-16,76,235,,,,,,,,,,,,"https://static.www.nfl.com/image/private/f_auto,q_auto/league/tm6c58tytwcuuzieuumk",,,,,,
1967,SF,TE,TE,0,ACT,Bob Windsor,Robert,Windsor,1942-12-19,76,220,,,,,,,,,,,,"https://static.www.nfl.com/image/private/f_auto,q_auto/league/ejlhtzvturbbjva5yycp",,,,,,
1967,SF,WR,WR,0,ACT,Chip Myers,Philip,Myers,1945-08-09,77,210,,,,,,,,,,,,"https://static.www.nfl.com/image/private/f_auto,q_auto/league/hxnbsgrxjrvaqp2c5dle",,,,,,
1967,SF,WR,WR,0,ACT,Dave Parks,David,Parks,1941-12-25,74,220,,,,,,,,,,,,"https://static.www.nfl.com/image/private/f_auto,q_auto/league/ycmrq2yhs3kqwxiejesb",,,,,,
1967,SF,WR,WR,0,ACT,Sonny Randle,Ulmo,Randle,1936-01-06,74,195,,,,,,,,,,,,"https://static.www.nfl.com/image/private/f_auto,q_auto/league/k5ay53z51je651oqjxoo",,,,,,
1967,SF,WR,WR,0,ACT,Dick Witcher,Richard,Witcher,1944-10-10,75,204,,,,,,,,,,,,"https://static.www.nfl.com/image/private/f_auto,q_auto/league/oeawhzv1g8dkhycwrk29",,,,,,
1967,STL,DB,DB,0,ACT,Mike Barnes,Michael,Barnes,1944-12-30,75,205,,,,,,,,,,,,"https://static.www.nfl.com/image/private/f_auto,q_auto/league/r7zw0wmtjvvl576w0diu",,,,,,
1967,STL,DB,DB,0,ACT,Jimmy Burson,James,Burson,1940-10-13,72,175,,,,,,,,,,,,"https://static.www.nfl.com/image/private/f_auto,q_auto/league/eevyxebr1ghgffyqwwkh",,,,,,
1967,STL,DB,DB,0,ACT,Pat Fischer,Patrick,Fischer,1940-01-02,69,170,,,,,,,,,,,,"https://static.www.nfl.com/image/private/f_auto,q_auto/league/e4tnvqnh33vmca6evyui",,,,,,
1967,STL,DB,DB,0,ACT,Chuck Latourette,Charles,Latourette,1945-07-21,72,190,,,,,,,,,,,,"https://static.www.nfl.com/image/private/f_auto,q_auto/league/l36orcm8cenjwx4kvgby",,,,,,
1967,STL,DB,DB,0,ACT,Phil Spiller,Philip,Spiller,1945-04-02,72,195,,,,,,,,,,,,"https://static.www.nfl.com/image/private/f_auto,q_auto/league/rjhwb40jmtn94zdedutl",,,,,,
1967,STL,DB,DB,0,ACT,Jerry Stovall,Jerry,Stovall,1941-04-30,74,205,,,,,,,,,,,,"https://static.www.nfl.com/image/private/f_auto,q_auto/league/sjrkluv3qfsplfbiwhx6",,,,,,
1967,STL,DB,DB,0,ACT,Bobby Williams,Bobby,Williams,1942-02-28,72,205,,,,,,,,,,,,"https://static.www.nfl.com/image/private/f_auto,q_auto/league/fy7q34jbdgozb6gvb3ob",,,,,,
1967,STL,DB,DB,0,ACT,Larry Wilson,Lawrence,Wilson,1938-03-24,72,190,,,,,,,,,,,,"https://static.www.nfl.com/image/private/f_auto,q_auto/league/hbcedrqxwxbvaealypk0",,,,,,
1967,STL,DL,DE,0,ACT,Don Brumm,Donald,Brumm,1941-10-04,75,245,,,,,,,,,,,,"https://static.www.nfl.com/image/private/f_auto,q_auto/league/j9gxbmqj7gfyupeckznw",,,,,,
1967,STL,DL,DE,0,ACT,Fred Heron,Frederick,Heron,1944-10-06,76,260,,,,,,,,,,,,"https://static.www.nfl.com/image/private/f_auto,q_auto/league/fvmze02ruxpf02yffp65",,,,,,
1967,STL,DL,DE,0,ACT,Dave Long,David,Long,1944-09-06,76,245,,,,,,,,,,,,"https://static.www.nfl.com/image/private/f_auto,q_auto/league/vfualbzu9ldtbbedlg3a",,,,,,
1967,STL,DL,DE,0,ACT,Joe Robb,Alvis,Robb,1937-03-15,75,245,,,,,,,,,,,,"https://static.www.nfl.com/image/private/f_auto,q_auto/league/xh18uikwwmwi6tki4oq9",,,,,,
1967,STL,DL,DT,0,ACT,Bob Rowe,Robert,Rowe,1945-05-23,76,270,,,,,,,,,,,,"https://static.www.nfl.com/image/private/f_auto,q_auto/league/aec6zafbrxd1exkt8kyd",,,,,,
1967,STL,DL,DT,0,ACT,Sam Silas,Samuel,Silas,1940-09-25,76,255,,,,,,,,,,,,"https://static.www.nfl.com/image/private/f_auto,q_auto/league/tifweeovlqc5ld2sgsjy",,,,,,
1967,STL,DL,DT,0,ACT,Chuck Walker,Charles,Walker,1941-08-10,75,250,,,,,,,,,,,,"https://static.www.nfl.com/image/private/f_auto,q_auto/league/rvtdcnz4xj7tullwglct",,,,,,
1967,STL,K,K,0,ACT,Jim Bakken,James,Bakken,1940-11-02,71,200,,,,,,,,,,,,"https://static.www.nfl.com/image/private/f_auto,q_auto/league/hlv9veqbwd26wmhfka2m",,,,,,
1967,STL,LB,LB,0,ACT,Jerry Hillebrand,Gerald,Hillebrand,1940-03-28,75,240,,,,,,,,,,,,"https://static.www.nfl.com/image/private/f_auto,q_auto/league/ldl268thmpfllowdae36",,,,,,
1967,STL,LB,LB,0,ACT,Bill Koman,William,Koman,1934-09-16,74,229,,,,,,,,,,,,"https://static.www.nfl.com/image/private/f_auto,q_auto/league/pmgabhlcissehifqmylm",,,,,,
1967,STL,LB,LB,0,ACT,Dave Meggyesy,David,Meggyesy,1941-11-01,74,220,,,,,,,,,,,,"https://static.www.nfl.com/image/private/f_auto,q_auto/league/xpcebr60trqc7zxittqt",,,,,,
1967,STL,LB,LB,0,ACT,Dale Meinert,Dale,Meinert,1933-12-18,74,220,,,,,,,,,,,,"https://static.www.nfl.com/image/private/f_auto,q_auto/league/wj6vvhxfjgn1bgsohd7i",,,,,,
1967,STL,LB,LB,0,ACT,Larry Stallings,Lawrence,Stallings,1941-12-11,73,230,,,,,,,,,,,,"https://static.www.nfl.com/image/private/f_auto,q_auto/league/w3mhcxqtsqyflstftrbi",,,,,,
1967,STL,LB,LB,0,ACT,Mike Strofolino,Michael,Strofolino,1944-02-06,74,230,,,,,,,,,,,,"https://static.www.nfl.com/image/private/f_auto,q_auto/league/exbtgt9svrdkq0exi8dk",,,,,,
1967,STL,OL,C,0,ACT,Bob DeMarco,Robert,DeMarco,1938-09-16,74,248,,,,,,,,,,,,"https://static.www.nfl.com/image/private/f_auto,q_auto/league/ml1ea3ixiy74atu2it46",,,,,,
1967,STL,OL,G,0,ACT,Irv Goode,Irvin,Goode,1940-10-12,77,255,,,,,,,,,,,,"https://static.www.nfl.com/image/private/f_auto,q_auto/league/pryjbhqjaccbzqimqoud",,,,,,
1967,STL,OL,G,0,ACT,Ken Gray,Kenneth,Gray,1936-03-10,74,250,,,,,,,,,,,,"https://static.www.nfl.com/image/private/f_auto,q_auto/league/fbmre0yiitixkkebaqte",,,,,,
1967,STL,OL,C,0,ACT,Dick Kasperek,Dick,Kasperek,1943-02-06,75,225,,,,,,,,,,,,"https://static.www.nfl.com/image/private/f_auto,q_auto/league/zekysh8egoznllqvjoin",,,,,,
1967,STL,OL,G,0,TRL,Ed Marcontell,Edmon,Marcontell,1945-07-10,72,240,,,,,,,,,,,,"https://static.www.nfl.com/image/private/f_auto,q_auto/league/yzzgciumdoj4cfyg2dut",,,,,,
1967,STL,OL,OT,0,ACT,Ernie McMillan,Ernest,McMillan,1938-02-21,77,275,,,,,,,,,,,,"https://static.www.nfl.com/image/private/f_auto,q_auto/league/aqywspz96wtnsxazqute",,,,,,
1967,STL,OL,G,0,ACT,Dave O'Brien,David,O'Brien,1941-06-13,75,247,,,,,,,,,,,,"https://static.www.nfl.com/image/private/f_auto,q_auto/league/hte90z8wjninw7j6kfi6",,,,,,
1967,STL,OL,OT,0,ACT,Bob Reynolds,Robert,Reynolds,1939-01-22,77,265,,,,,,,,,,,,"https://static.www.nfl.com/image/private/f_auto,q_auto/league/nzoc5i58vc4xu7dkmigz",,,,,,
1967,STL,OL,G,0,ACT,Rick Sortun,Henrik,Sortun,1942-09-26,74,235,,,,,,,,,,,,"https://static.www.nfl.com/image/private/f_auto,q_auto/league/djaav7qysfdics7gzdxy",,,,,,
1967,STL,OL,G,0,ACT,Ted Wheeler,Theodore,Wheeler,1945-09-16,75,245,,,,,,,,,,,,"https://static.www.nfl.com/image/private/f_auto,q_auto/league/ucfsrxtg6ji5jlc0xsec",,,,,,
1967,STL,OL,OT,0,ACT,Clyde Williams,Clyde,Williams,1940-07-27,75,250,,,,,,,,,,,,"https://static.www.nfl.com/image/private/f_auto,q_auto/league/nsfp73shs9xgjdhmoreq",,,,,,
1967,STL,QB,QB,0,ACT,Jim Hart,James,Hart,1944-04-29,73,215,,,,,,,,,,,,"https://static.www.nfl.com/image/private/f_auto,q_auto/league/wk8ttd1noffeqk9sy9qt",,,,,,
1967,STL,QB,QB,0,ACT,Charley Johnson,Charles,Johnson,1938-11-22,73,200,,,,,,,,,,,,"https://static.www.nfl.com/image/private/f_auto,q_auto/league/yg2xwz7tamnbhcxjhdny",,,,,,
1967,STL,QB,QB,0,ACT,Tim Van Galder,Thomas,Van Galder,1944-05-26,74,200,,,,,,,,,,,,"https://static.www.nfl.com/image/private/f_auto,q_auto/league/ruvtcqozmjhdahinjqxi",,,,,,
1967,STL,RB,RB,0,ACT,Charlie Bryant,Charles,Bryant,1941-03-07,72,207,,,,,,,,,,,,"https://static.www.nfl.com/image/private/f_auto,q_auto/league/v64iyb01jjgeccpgdlwu",,,,,,
1967,STL,RB,RB,0,ACT,Willis Crenshaw,Willis,Crenshaw,1941-07-16,74,230,,,,,,,,,,,,"https://static.www.nfl.com/image/private/f_auto,q_auto/league/zr8nxrmi0j2fm48dkqhj",,,,,,
1967,STL,RB,HB,0,ACT,Prentice Gautt,Prentice,Gautt,1938-02-08,73,210,,,,,,,,,,,,"https://static.www.nfl.com/image/private/f_auto,q_auto/league/bvlcnk3gn4ngtwmqd7wa",,,,,,
1967,STL,RB,RB,0,ACT,Johnny Roland,John,Roland,1943-05-21,74,220,,,,,,,,,,,,"https://static.www.nfl.com/image/private/f_auto,q_auto/league/jwmgc7kls2tgohwjk46u",,,,,,
1967,STL,RB,RB,0,ACT,Roy Shivers,Roy,Shivers,1941-07-05,71,200,,,,,,,,,,,,"https://static.www.nfl.com/image/private/f_auto,q_auto/league/usd33ip9zecp8utbggqa",,,,,,
1967,STL,RB,FB,0,ACT,Bill Thornton,William,Thornton,1939-09-20,73,215,,,,,,,,,,,,"https://static.www.nfl.com/image/private/f_auto,q_auto/league/i0xiktbhpn4mug8nxwyt",,,,,,
1967,STL,TE,TE,0,ACT,Chuck Logan,Charles,Logan,1943-04-10,76,210,,,,,,,,,,,,"https://static.www.nfl.com/image/private/f_auto,q_auto/league/yy3bk08uyurcglgpd04n",,,,,,
1967,STL,TE,TE,0,ACT,Jackie Smith,Jackie,Smith,1940-02-23,76,235,,,,,,,,,,,,"https://static.www.nfl.com/image/private/f_auto,q_auto/league/hzrh4o21xokexvn4h8yo",,,,,,
1967,STL,WR,WR,0,ACT,Bobby Joe Conrad,Robert,Conrad,1935-11-17,74,195,,,,,,,,,,,,"https://static.www.nfl.com/image/private/f_auto,q_auto/league/s1wzccp9vyjsbv4dywng",,,,,,
1967,STL,WR,WR,0,ACT,Billy Gambrell,William,Gambrell,1941-09-18,70,175,,,,,,,,,,,,"https://static.www.nfl.com/image/private/f_auto,q_auto/league/fzsxsedk5hp2xtg159ie",,,,,,
1967,STL,WR,WR,0,ACT,Dave Williams,David,Williams,1945-08-10,74,207,,,,,,,,,,,,"https://static.www.nfl.com/image/private/f_auto,q_auto/league/cyztoewuydbgc2ixexls",,,,,,
1967,WAS,DB,DB,0,ACT,Rickie Harris,Rickie,Harris,1943-05-15,71,182,,,,,,,,,,,,"https://static.www.nfl.com/image/private/f_auto,q_auto/league/az2tyvtshizahj1oyuj8",,,,,,
1967,WAS,DB,DB,0,ACT,Paul Krause,Paul,Krause,1942-02-19,75,200,,,,,,,,,,,,"https://static.www.nfl.com/image/private/f_auto,q_auto/league/afs7hxwe1t3vcbpgwsmc",,,,,,
1967,WAS,DB,DB,0,ACT,Brig Owens,Brigman,Owens,1943-02-16,71,190,,,,,,,,,,,,"https://static.www.nfl.com/image/private/f_auto,q_auto/league/wgwiwotd1jnyf6v2cv5z",,,,,,
1967,WAS,DB,DB,0,ACT,Lonnie Sanders,Lonnie,Sanders,1941-11-03,75,207,,,,,,,,,,,,"https://static.www.nfl.com/image/private/f_auto,q_auto/league/csonkdl6dgsufpza0s81",,,,,,
1967,WAS,DB,DB,0,ACT,Jim Shorter,James,Shorter,1939-06-08,71,185,,,,,,,,,,,,"https://static.www.nfl.com/image/private/f_auto,q_auto/league/usqzlh4gmwrpbtxyurvn",,,,,,
1967,WAS,DB,DB,0,ACT,Dick Smith,Richard,Smith,1944-06-19,72,205,,,,,,,,,,,,"https://static.www.nfl.com/image/private/f_auto,q_auto/league/wm2axohwxu9nutoxkitl",,,,,,
1967,WAS,DB,DB,0,ACT,Tom Walters,Thomas,Walters,1942-06-11,74,195,,,,,,,,,,,,"https://static.www.nfl.com/image/private/f_auto,q_auto/league/ew5aeovzfnq4aol51cae",,,,,,
1967,WAS,DL,DT,0,ACT,Walt Barnes,Walter,Barnes,1944-01-19,75,245,,,,,,,,,,,,"https://static.www.nfl.com/image/private/f_auto,q_auto/league/yftwji1zw7pf3bv1p915",,,,,,
1967,WAS,DL,DE,0,ACT,Bill Briggs,William,Briggs,1943-12-25,75,245,,,,,,,,,,,,"https://static.www.nfl.com/image/private/f_auto,q_auto/league/fclblkmvxlhovokxbvuj",,,,,,
1967,WAS,DL,DE,0,ACT,Carl Kammerer,Carlton,Kammerer,1937-03-20,75,243,,,,,,,,,,,,"https://static.www.nfl.com/image/private/f_auto,q_auto/league/dxul4dxsbw36wde0nzkv",,,,,,
1967,WAS,DL,DT,0,ACT,Spain Musgrove,Spain,Musgrove,1945-07-30,76,275,,,,,,,,,,,,"https://static.www.nfl.com/image/private/f_auto,q_auto/league/q0idh91v1nylfr69oyo6",,,,,,
1967,WAS,DL,DT,0,ACT,Jim Prestel,James,Prestel,1937-06-28,77,275,,,,,,,,,,,,"https://static.www.nfl.com/image/private/f_auto,q_auto/league/xfv3db4rmkfti1pqynri",,,,,,
1967,WAS,DL,DT,0,ACT,Joe Rutgens,Joseph,Rutgens,1939-01-26,74,255,,,,,,,,,,,,"https://static.www.nfl.com/image/private/f_auto,q_auto/league/ug8kxs0b49txszdfs0zq",,,,,,
1967,WAS,DL,DE,0,ACT,Ron Snidow,Ronald,Snidow,1941-12-30,75,250,,,,,,,,,,,,"https://static.www.nfl.com/image/private/f_auto,q_auto/league/l1v8ftvrwkltnji53bzc",,,,,,
1967,WAS,K,K,0,ACT,Bruce Alford,Herbert,Alford,1945-04-21,72,190,,,,,,,,,,,,"https://static.www.nfl.com/image/private/f_auto,q_auto/league/beuptaj6zovm5bukcvxj",,,,,,
1967,WAS,K,K,0,ACT,Charlie Gogolak,Charles,Gogolak,1944-12-29,70,165,,,,,,,,,,,,"https://static.www.nfl.com/image/private/f_auto,q_auto/league/nbbkdtu28dqnrkdvkdth",,,,,,
1967,WAS,LB,LB,0,TRC,Dick Absher,Richard,Absher,1944-04-19,76,230,,,,,,,,,,,,"https://static.www.nfl.com/image/private/f_auto,q_auto/league/fs1mju0l9cqz2izrcdmb",,,,,,
1967,WAS,LB,LB,0,ACT,Ed Breding,Edward,Breding,1944-11-03,76,235,,,,,,,,,,,,"https://static.www.nfl.com/image/private/f_auto,q_auto/league/rnjy5dazaluehclpl5ee",,,,,,
1967,WAS,LB,LB,0,ACT,Jim Carroll,James,Carroll,1943-05-06,74,230,,,,,,,,,,,,"https://static.www.nfl.com/image/private/f_auto,q_auto/league/q7omwbz1cgoqkwynjac3",,,,,,
1967,WAS,LB,OLB,0,ACT,Chris Hanburger,Christian,Hanburger,1941-08-13,74,218,,,,,,,,,,,,"https://static.www.nfl.com/image/private/f_auto,q_auto/league/cvetp0trgfhpdfi6girx",,,,,,
1967,WAS,LB,LB,0,ACT,Larry Hendershot,Lawrence,Hendershot,1944-01-15,75,240,,,,,,,,,,,,"https://static.www.nfl.com/image/private/f_auto,q_auto/league/x0pr1gjbqdnnoshzegmh",,,,,,
1967,WAS,LB,MLB,0,ACT,Sam Huff,Robert,Huff,1934-10-04,73,230,,,,,,,,,,,,"https://static.www.nfl.com/image/private/f_auto,q_auto/league/p3ncxojjjcqetzgoewij",,,,,,
1967,WAS,LB,LB,0,ACT,Steve Jackson,Stephen,Jackson,1942-12-08,73,225,,,,,,,,,,,,"https://static.www.nfl.com/image/private/f_auto,q_auto/league/qm7ztnqb3ctv7hte0tn4",,,,,,
1967,WAS,LB,LB,0,ACT,Sid Williams,Sidney,Williams,1942-03-24,74,235,,,,,,,,,,,,"https://static.www.nfl.com/image/private/f_auto,q_auto/league/ts3nefsnurvbbdu1anuv",,,,,,
1967,WAS,OL,G,0,ACT,Don Bandy,Donald,Bandy,1945-07-01,75,255,,,,,,,,,,,,"https://static.www.nfl.com/image/private/f_auto,q_auto/league/wfloujcjvgrarpy1hbsl",,,,,,
1967,WAS,OL,C,0,ACT,Dave Crossan,David,Crossan,1940-06-08,76,245,,,,,,,,,,,,"https://static.www.nfl.com/image/private/f_auto,q_auto/league/r3sb3ykdnstyqg5jnsnr",,,,,,
1967,WAS,OL,C,0,ACT,Len Hauss,Leonard,Hauss,1942-07-11,74,235,,,,,,,,,,,,"https://static.www.nfl.com/image/private/f_auto,q_auto/league/tnquewctjt5wcej3bmaw",,,,,,
1967,WAS,OL,OT,0,ACT,Mitch Johnson,Mitchell,Johnson,1942-03-01,76,251,,,,,,,,,,,,"https://static.www.nfl.com/image/private/f_auto,q_auto/league/sbbr0kjwcszzivzprljd",,,,,,
1967,WAS,OL,OT,0,ACT,John Kelly,John,Kelly,1944-03-31,75,250,,,,,,,,,,,,"https://static.www.nfl.com/image/private/f_auto,q_auto/league/snqb9fndyggfyzchcb9c",,,,,,
1967,WAS,OL,G,0,ACT,Vince Promuto,Vincent,Promuto,1938-06-08,73,245,,,,,,,,,,,,"https://static.www.nfl.com/image/private/f_auto,q_auto/league/xtznb8tvoe2jm7hvfsi1",,,,,,
1967,WAS,OL,G,0,ACT,Ray Schoenke,Raymond,Schoenke,1941-09-10,76,250,,,,,,,,,,,,"https://static.www.nfl.com/image/private/f_auto,q_auto/league/fdtz476qmqad8mqon10t",,,,,,
1967,WAS,OL,OT,0,ACT,Jim Snowden,James,Snowden,1942-01-12,75,255,,,,,,,,,,,,"https://static.www.nfl.com/image/private/f_auto,q_auto/league/p0m2dzka78iadcseo0st",,,,,,
1967,WAS,OL,C,0,ACT,Heath Wingate,Heath,Wingate,1944-12-05,74,240,,,,,,,,,,,,"https://static.www.nfl.com/image/private/f_auto,q_auto/league/x7kr2ay99pximyoum7cs",,,,,,
1967,WAS,QB,QB,0,ACT,Sonny Jurgensen,Christian,Jurgensen,1934-08-23,71,203,,,,,,,,,,,,"https://static.www.nfl.com/image/private/f_auto,q_auto/league/lchsfr6kvo3q1dpnyjes",,,,,,
1967,WAS,QB,QB,0,ACT,Jim Ninowski,James,Ninowski,1936-03-26,73,205,,,,,,,,,,,,"https://static.www.nfl.com/image/private/f_auto,q_auto/league/qls0jikodx6e1de2oqcm",,,,,,
1967,WAS,RB,RB,0,ACT,Jerry Allen,Gerald,Allen,1941-06-26,73,200,,,,,,,,,,,,"https://static.www.nfl.com/image/private/f_auto,q_auto/league/weccwscku2hopqhhbo5f",,,,,,
1967,WAS,RB,RB,0,ACT,Pete Larson,Harry,Larson,1944-05-30,73,200,,,,,,,,,,,,"https://static.www.nfl.com/image/private/f_auto,q_auto/league/zzpwwx0woxeg7nywj1ll",,,,,,
1967,WAS,RB,FB,0,ACT,Joe Don Looney,Joe,Looney,1942-10-10,73,230,,,,,,,,,,,,"https://static.www.nfl.com/image/private/f_auto,q_auto/league/jpp6sujjegkh2vhbgy3y",,,,,,
1967,WAS,RB,RB,0,ACT,Ray McDonald,Raymond,McDonald,1944-05-07,76,248,,,,,,,,,,,,"https://static.www.nfl.com/image/private/f_auto,q_auto/league/qgzd1vfik1mm3mujnzzb",,,,,,
1967,WAS,RB,HB,0,ACT,Gene Mingo,Eugene,Mingo,1938-09-22,74,216,,,,,,,,,,,,"https://static.www.nfl.com/image/private/f_auto,q_auto/league/ytx2o49wnzrv8peqxeuz",,,,,,
1967,WAS,RB,RB,0,ACT,Steve Thurlow,Stephen,Thurlow,1942-04-25,75,222,,,,,,,,,,,,"https://static.www.nfl.com/image/private/f_auto,q_auto/league/rhi8qvzdpjc6nqegbkxw",,,,,,
1967,WAS,RB,RB,0,ACT,A.D. Whitfield,A.,Whitfield,1943-09-02,70,200,,,,,,,,,,,,"https://static.www.nfl.com/image/private/f_auto,q_auto/league/usz7jgvpshus5fnivqh6",,,,,,
1967,WAS,TE,TE,0,ACT,Pat Richter,Hugh,Richter,1941-09-09,77,229,,,,,,,,,,,,"https://static.www.nfl.com/image/private/f_auto,q_auto/league/yfeeaxryw3zafzy2n4yf",,,,,,
1967,WAS,TE,TE,0,ACT,Jerry Smith,Gerald,Smith,1943-07-19,75,208,,,,,,,,,,,,"https://static.www.nfl.com/image/private/f_auto,q_auto/league/todu20pkppemp0onlqix",,,,,,
1967,WAS,WR,WR,0,ACT,John Burrell,Johnny,Burrell,1940-11-22,75,185,,,,,,,,,,,,"https://static.www.nfl.com/image/private/f_auto,q_auto/league/e4fwfndij7kb5umlfdwd",,,,,,
1967,WAS,WR,WR,0,ACT,T.J. Jackson,Trenton,Jackson,1943-02-28,72,180,,,,,,,,,,,,"https://static.www.nfl.com/image/private/f_auto,q_auto/league/jzbwxoctm6royvxknfih",,,,,,
1967,WAS,WR,WR,0,ACT,John Love,John,Love,1944-02-24,71,185,,,,,,,,,,,,"https://static.www.nfl.com/image/private/f_auto,q_auto/league/rdwhy88qkhbgypaa2rgd",,,,,,
1967,WAS,WR,WR,0,ACT,Bobby Mitchell,Robert,Mitchell,1935-06-06,72,196,,,,,,,,,,,,"https://static.www.nfl.com/image/private/f_auto,q_auto/league/c9vegaf38fkii2h2yoab",,,,,,
1967,WAS,WR,WR,0,ACT,Charley Taylor,Charles,Taylor,1941-09-28,75,210,,,,,,,,,,,,"https://static.www.nfl.com/image/private/f_auto,q_auto/league/ii7rywjrtsizqsmm5nqu",,,,,,
