season,team,position,depth_chart_position,jersey_number,status,full_name,first_name,last_name,birth_date,height,weight,college,gsis_id,espn_id,sportradar_id,yahoo_id,rotowire_id,pff_id,pfr_id,fantasy_data_id,sleeper_id,years_exp,headshot_url,esb_id,gsis_it_id,smart_id,entry_year,rookie_year,draft_club
1984,DAL,DB,DB,0,ACT,Vince Albritton,Vince,Albritton,1962-07-23,74,205,,00-0000123,,,,,,,,,,"https://static.www.nfl.com/image/private/f_auto,q_auto/league/g6nr4dntwoqmiaxmzjpp",ALB761365,,3200414c-4276-1365-64b0-e529b164763c,,,
1984,IND,SPEC,K,0,ACT,Raul Allegre,Raul,Allegre,1959-06-15,69,165,,00-0000179,,,,,,,,,,"https://static.www.nfl.com/image/private/f_auto,q_auto/league/tju3yges90ubourcleuo",ALL038630,,3200414c-4c03-8630-71a2-3875071b0f3e,,,
1984,RAI,RB,RB,0,ACT,Marcus Allen,Marcus,Allen,1960-03-26,74,205,,00-0000220,,,,,,,,,,"https://static.www.nfl.com/image/private/f_auto,q_auto/league/wy664ewj5sglsncnjakr",ALL598765,,3200414c-4c59-8765-9d33-196f8c26460c,,,
1984,KC,OL,OT,0,ACT,John Alt,John,Alt,1962-05-30,80,285,,00-0000252,,,,,,,,,,"https://static.www.nfl.com/image/private/f_auto,q_auto/league/qmumhvwglh2mfnbvv4ax",ALT276861,,3200414c-5427-6861-29b6-c67d96e9eb3d,,,
1984,NO,SPEC,K,0,ACT,Morten Andersen,Morten,Andersen,1960-08-19,74,190,,00-0000282,,,,,,,,,,"https://static.www.nfl.com/image/private/f_auto,q_auto/league/nk87h6cjuij14iofd5ix",AND020258,,3200414e-4402-0258-af5e-f904d4733d82,,,
1984,MIN,RB,RB,0,ACT,Alfred Anderson,Alfred,Anderson,1961-08-04,73,214,,00-0000284,,,,,,,,,,"https://static.www.nfl.com/image/private/f_auto,q_auto/league/hcvdjbauj5b86kyzcvgc",AND040516,,3200414e-4404-0516-98da-db32e7261c6c,,,
1984,PIT,SPEC,K,0,ACT,Gary Anderson,Gary,Anderson,1959-07-16,71,156,,00-0000313,,,,,,,,,,"https://static.www.nfl.com/image/private/f_auto,q_auto/league/fofzz3dwrg1vr2drmoak",AND273108,,3200414e-4427-3108-1809-a396fee76085,,,
1984,STL,RB,RB,0,ACT,Ottis Anderson,Ottis,Anderson,1957-01-19,74,220,,00-0000335,,,,,,,,,,"https://static.www.nfl.com/image/private/f_auto,q_auto/league/pwluez9civsa4xcuqskm",AND395031,,3200414e-4439-5031-7953-cd25409c072e,,,
1984,ATL,QB,QB,0,ACT,David Archer,David,Archer,1962-02-15,74,200,,00-0000406,,,,,,,,,,"https://static.www.nfl.com/image/private/f_auto,q_auto/league/evvc9571w3sqipjkkxl0",ARC415290,,32004152-4341-5290-36ca-56ca45fb9f75,,,
1984,NYG,OL,G,0,ACT,Billy Ard,William,Ard,1959-03-12,75,250,,00-0000410,,,,,,,,,,"https://static.www.nfl.com/image/private/f_auto,q_auto/league/xaqniielzq1gcdxpcwzh",ARD276861,,32004152-4427-6861-ec83-f084792fea69,,,
1984,KC,SPEC,P,0,ACT,Jim Arnold,James,Arnold,1961-01-31,74,216,,00-0000447,,,,,,,,,,"https://static.www.nfl.com/image/private/f_auto,q_auto/league/x9o6ovudmtr8yioupxgv",ARN484505,,32004152-4e48-4505-f303-b808632ddd52,,,
1984,CLE,OL,C,0,ACT,Mike Baab,Michael,Baab,1959-12-06,76,270,,00-0000561,,,,,,,,,,"https://static.www.nfl.com/image/private/f_auto,q_auto/league/vkbjwpponyvajqinzxyr",BAA276861,,32004241-4127-6861-91a0-37071a842bac,,,
1984,CLE,SPEC,K,0,ACT,Matt Bahr,Matthew,Bahr,1956-07-06,70,165,,00-0000581,,,,,,,,,,"https://static.www.nfl.com/image/private/f_auto,q_auto/league/pukxu8ic9up4to0zdbtv",BAH692150,,32004241-4869-2150-32d7-0e550f8925dc,,,
1984,SEA,OL,G,0,ACT,Edwin Bailey,Edwin,Bailey,1959-05-15,76,265,,00-0000591,,,,,,,,,,"https://static.www.nfl.com/image/private/f_auto,q_auto/league/hepj17eqasihwxvsm2xo",BAI242249,,32004241-4924-2249-5570-c09135d26002,,,
1984,DAL,OL,G,0,ACT,Brian Baldinger,Brian,Baldinger,1960-01-07,76,255,,00-0000653,,,,,,,,,,"https://static.www.nfl.com/image/private/f_auto,q_auto/league/kzoj9v8hbfxpaiplffem",BAL123048,,32004241-4c12-3048-1d7a-3f26650566c7,,,
1984,KC,OL,OT,0,ACT,Rich Baldinger,Richard,Baldinger,1959-12-31,76,285,,00-0000655,,,,,,,,,,"https://static.www.nfl.com/image/private/f_auto,q_auto/league/kjm87eydnrxfsitux5kl",BAL184572,,32004241-4c18-4572-b68e-e3ff04cf74f2,,,
1984,NYG,LB,OLB,0,ACT,Carl Banks,Carl,Banks,1962-08-29,76,232,,00-0000698,,,,,,,,,,"https://static.www.nfl.com/image/private/f_auto,q_auto/league/ej5o44tmydrv1ncbenuc",BAN415290,,32004241-4e41-5290-cf4a-bdc9e8db12fa,,,
1984,CLE,LB,OLB,0,ACT,Chip Banks,William,Banks,1959-09-18,76,233,,00-0000699,,,,,,,,,,"https://static.www.nfl.com/image/private/f_auto,q_auto/league/q9u9hmkmgffyfr7plx5c",BAN656214,,32004241-4e65-6214-f5ff-f63cb322a6a8,,,
1984,CIN,LB,LB,0,ACT,Leo Barker,Leonardo,Barker,1959-11-07,74,221,,00-0000756,,,,,,,,,,"https://static.www.nfl.com/image/private/f_auto,q_auto/league/suaeogykesifnd1ww0ya",BAR177960,,32004241-5217-7960-e8d0-f46655335c4a,,,
1984,DAL,DB,DB,40,ACT,Bill Bates,William,Bates,1961-06-06,73,199,,00-0000868,,,,,,,,,,"https://static.www.nfl.com/image/private/f_auto,q_auto/league/ndyfdkwheeqpurjhinx1",BAT207644,,32004241-5420-7644-fe72-844f3f885736,,,
1984,BUF,DB,S,0,ACT,Martin Bayless,Martin,Bayless,1962-10-11,74,195,,00-0000915,,,,,,,,,,"https://static.www.nfl.com/image/private/f_auto,q_auto/league/j1btpnt1rq0p05whbfsr",BAY083058,,32004241-5908-3058-40a1-45dad3333982,,,
1984,STL,DB,DB,0,TRC,Martin Bayless,Martin,Bayless,1962-10-11,74,195,,00-0000915,,,,,,,,,,"https://static.www.nfl.com/image/private/f_auto,q_auto/league/j1btpnt1rq0p05whbfsr",BAY083058,,32004241-5908-3058-40a1-45dad3333982,,,
1984,KC,DL,DE,0,ACT,Mike Bell,Mike,Bell,1957-08-30,76,255,,00-0001040,,,,,,,,,,"https://static.www.nfl.com/image/private/f_auto,q_auto/league/esorjujmuhjxc3w6eok1",BEL521120,,32004245-4c52-1120-4340-248a70584fe3,,,
1984,IND,SPEC,K,0,ACT,Dean Biasucci,Dean,Biasucci,1962-07-25,72,188,,00-0001229,,,,,,,,,,"https://static.www.nfl.com/image/private/f_auto,q_auto/league/rt2r54lzvt8e9yxag8tu",BIA622935,,32004249-4162-2935-eece-70c9873185cd,,,
1984,NYJ,OL,C,0,ACT,Guy Bingham,Guy,Bingham,1958-02-25,75,255,,00-0001251,,,,,,,,,,"https://static.www.nfl.com/image/private/f_auto,q_auto/league/wfhh0jbzlxy0qtu8akzr",BIN622932,,32004249-4e62-2932-ac57-5aafc8d56e95,,,
1984,CIN,OL,G,0,ACT,Brian Blados,Brian,Blados,1962-01-11,77,308,,00-0001323,,,,,,,,,,"https://static.www.nfl.com/image/private/f_auto,q_auto/league/fpsykcqitbaagzzixomb",BLA432575,,3200424c-4143-2575-aed7-dd1eda9186a3,,,
1984,CHI,OL,G,0,ACT,Mark Bortz,Mark,Bortz,1961-02-12,78,267,,00-0001516,,,,,,,,,,"https://static.www.nfl.com/image/private/f_auto,q_auto/league/fmuizhkksinhpngmcvhj",BOR719836,,3200424f-5271-9836-4ddd-10b459ae724c,,,
1984,WAS,OL,C,0,ACT,Jeff Bostic,Jeff,Bostic,1958-09-18,74,245,,00-0001527,,,,,,,,,,"https://static.www.nfl.com/image/private/f_auto,q_auto/league/qg5trgem5okfnvemcuiu",BOS439713,,3200424f-5343-9713-3a75-34585072c2bf,,,
1984,RAM,LB,LB,0,ACT,Ed Brady,Edward,Brady,1962-06-17,74,228,,00-0001657,,,,,,,,,,"https://static.www.nfl.com/image/private/f_auto,q_auto/league/hbfzpnyv75clj09m88ff",BRA332224,,32004252-4133-2224-a41d-4e1d21b79877,,,
1984,CIN,SPEC,K,0,ACT,Jim Breech,James,Breech,1956-04-11,66,161,,00-0001720,,,,,,,,,,"https://static.www.nfl.com/image/private/f_auto,q_auto/league/k26e5izxjzhmdmi7obsh",BRE109285,,32004252-4510-9285-81fa-9ab96d65cd8e,,,
1984,CLE,WR,WR,0,ACT,Brian Brennan,Brian,Brennan,1962-02-15,69,178,,00-0001727,,,,,,,,,,"https://static.www.nfl.com/image/private/f_auto,q_auto/league/cswhjukxpkwsgnaaztrn",BRE305998,,32004252-4530-5998-8115-d3c81a326b97,,,
1984,NO,TE,TE,0,ACT,Hoby Brenner,Hoby,Brenner,1959-06-02,76,240,,00-0001732,,,,,,,,,,"https://static.www.nfl.com/image/private/f_auto,q_auto/league/al5yibs8cwjsohaetspw",BRE480854,,32004252-4548-0854-5051-62641258fc0c,,,
1984,NO,OL,OT,0,ACT,Stan Brock,Stanley,Brock,1958-06-08,78,285,,00-0001803,,,,,,,,,,"https://static.www.nfl.com/image/private/f_auto,q_auto/league/mjoacc0ltpkygck4vuts",BRO051612,,32004252-4f05-1612-323f-add3ebee96c3,,,
1984,CIN,RB,RB,0,ACT,James Brooks,James,Brooks,1958-12-28,70,177,,00-0001837,,,,,,,,,,"https://static.www.nfl.com/image/private/f_auto,q_auto/league/dilcjdwlx0vwiky758zf",BRO126684,,32004252-4f12-6684-e723-cb7bce7b324b,,,
1984,MIA,LB,ILB,0,ACT,Mark Brown,Mark,Brown,1961-07-18,74,226,,00-0001994,,,,,,,,,,"https://static.www.nfl.com/image/private/f_auto,q_auto/league/z30jugkufjbigdd3zqpo",BRO558348,,32004252-4f55-8348-d3df-6b0620316e9d,,,
1984,GB,DL,DE,0,ACT,Robert Brown,Robert,Brown,1960-05-21,74,238,,00-0002032,,,,,,,,,,"https://static.www.nfl.com/image/private/f_auto,q_auto/league/bgk204bwximpryjf2zzi",BRO633420,,32004252-4f63-3420-4e85-ad0a0d93b2d8,,,
1984,MIN,DB,CB,0,ACT,Joey Browner,Joey,Browner,1960-05-15,74,202,,00-0002084,,,,,,,,,,"https://static.www.nfl.com/image/private/f_auto,q_auto/league/nswcxujuocym5nvop4qe",BRO792948,,32004252-4f79-2948-3c27-f15f2646bc97,,,
1984,ATL,DL,DT,0,ACT,Rick Bryan,Rick,Bryan,1962-03-20,76,260,,00-0002129,,,,,,,,,,"https://static.www.nfl.com/image/private/f_auto,q_auto/league/kjcvnxxkbjynlmsul9ai",BRY075506,,32004252-5907-5506-4b10-3283f2d91e8c,,,
1984,SEA,DL,DE,0,ACT,Jeff Bryant,Jeffrey,Bryant,1960-05-22,77,270,,00-0002140,,,,,,,,,,"https://static.www.nfl.com/image/private/f_auto,q_auto/league/k18scbkux9l24peloi04",BRY453036,,32004252-5945-3036-ff3c-140cb98a0124,,,
1984,SD,SPEC,P,0,ACT,Maury Buford,Maury,Buford,1960-02-18,73,191,,00-0002196,,,,,,,,,,"https://static.www.nfl.com/image/private/f_auto,q_auto/league/nrdaun8l5sjys5dqvdgo",BUF711924,,32004255-4671-1924-7e78-f97f6c2682ad,,,
1984,KC,DB,S,0,ACT,Lloyd Burruss,Lloyd,Burruss,1957-10-31,72,200,,00-0002344,,,,,,,,,,"https://static.www.nfl.com/image/private/f_auto,q_auto/league/lb83flufl5p79n8wy9ss",BUR692090,,32004255-5269-2090-dcfe-85f69285d859,,,
1984,NYG,DL,NT,0,ACT,Jim Burt,James,Burt,1959-06-07,73,255,,00-0002348,,,,,,,,,,"https://static.www.nfl.com/image/private/f_auto,q_auto/league/r07jruq0bvntofk8dlqt",BUR731638,,32004255-5273-1638-3873-c2b023fb8fec,,,
1984,SEA,OL,C,0,ACT,Blair Bush,Blair,Bush,1956-11-25,75,252,,00-0002371,,,,,,,,,,"https://static.www.nfl.com/image/private/f_auto,q_auto/league/rlzuovayivyvxakwny4o",BUS195428,,32004255-5319-5428-5178-f53ab41dbd19,,,
1984,ATL,DB,CB,0,ACT,Bobby Butler,Robert,Butler,1959-05-28,71,170,,00-0002401,,,,,,,,,,"https://static.www.nfl.com/image/private/f_auto,q_auto/league/joq8gkc6hcubcsylx4im",BUT571010,,32004255-5457-1010-209c-ca407f4c6857,,,
1984,CLE,RB,RB,0,ACT,Earnest Byner,Earnest,Byner,1962-09-15,70,215,,00-0002458,,,,,,,,,,"https://static.www.nfl.com/image/private/f_auto,q_auto/league/yb7xgclmqv5l26cqogzg",BYN276861,,32004259-4e27-6861-4144-5ce935c1e51f,,,
1984,SD,DB,CB,0,ACT,Gill Byrd,Gill,Byrd,1961-02-20,71,195,,00-0002468,,,,,,,,,,"https://static.www.nfl.com/image/private/f_auto,q_auto/league/eekkcasfzfnoiv37pvw6",BYR415290,,32004259-5241-5290-3559-a305e3b4d269,,,
1984,IND,OL,OT,0,ACT,Kevin Call,Kevin,Call,1961-11-13,79,289,,00-0002536,,,,,,,,,,"https://static.www.nfl.com/image/private/f_auto,q_auto/league/knsvg1hjgjhkb97hh24v",CAL498348,,32004341-4c49-8348-59f1-f7efdd30a5c8,,,
1984,NE,SPEC,P,0,ACT,Rich Camarillo,Richard,Camarillo,1959-11-29,71,191,,00-0002549,,,,,,,,,,"https://static.www.nfl.com/image/private/f_auto,q_auto/league/xm3xnm9ggd9ilbmlwf8z",CAM019315,,32004341-4d01-9315-4b88-05478b17315d,,,
1984,GB,OL,C,0,ACT,Mark Cannon,Mark,Cannon,1962-06-14,75,258,,00-0002607,,,,,,,,,,"https://static.www.nfl.com/image/private/f_auto,q_auto/league/wjytbdc6yo8ma0o4xb4u",CAN646002,,32004341-4e64-6002-b183-aa3adca6b917,,,
1984,GB,DL,DE,0,ACT,Alphonso Carreker,Alphonso,Carreker,1962-05-25,78,260,,00-0002684,,,,,,,,,,"https://static.www.nfl.com/image/private/f_auto,q_auto/league/rlrwyz3zwrdmfgx4x6ha",CAR448188,,32004341-5244-8188-95cb-c692ce6c956e,,,
1984,ATL,DB,DB,0,ACT,Scott Case,Jeffrey,Case,1962-05-17,73,178,,00-0002786,,,,,,,,,,"https://static.www.nfl.com/image/private/f_auto,q_auto/league/pwwkffu7vpeklkrtz0i3",CAS100676,,32004341-5310-0676-66af-92677454fdd0,,,
1984,SF,QB,QB,0,ACT,Matt Cavanaugh,Matthew,Cavanaugh,1956-10-27,74,212,,00-0002828,,,,,,,,,,"https://static.www.nfl.com/image/private/f_auto,q_auto/league/bl3tbkdqwye0kvjp7dwm",CAV237308,,32004341-5623-7308-8f31-6a55dccc6d20,,,
1984,DET,WR,WR,0,ACT,Jeff Chadwick,Jeffrey,Chadwick,1960-12-16,75,190,,00-0002856,,,,,,,,,,"https://static.www.nfl.com/image/private/f_auto,q_auto/league/ie0xdcrsm2lmoczh0bwy",CHA020258,,32004348-4102-0258-17cd-86640863e909,,,
1984,KC,DB,FS,0,ACT,Deron Cherry,Deron,Cherry,1959-09-12,71,185,,00-0002927,,,,,,,,,,"https://static.www.nfl.com/image/private/f_auto,q_auto/league/bdil0rprnmeawgnybzkp",CHE326293,,32004348-4532-6293-b1fa-ec3930412e10,,,
1984,PHI,DL,NT,0,ACT,Ken Clarke,Kenneth,Clarke,1956-08-28,74,255,,00-0003079,,,,,,,,,,"https://static.www.nfl.com/image/private/f_auto,q_auto/league/nfijye5dqqknvvee2mty",CLA637362,,3200434c-4163-7362-ff09-200ea80be5cd,,,
1984,NE,DB,CB,0,ACT,Raymond Clayborn,Raymond,Clayborn,1955-01-02,72,186,,00-0003094,,,,,,,,,,"https://static.www.nfl.com/image/private/f_auto,q_auto/league/ofbl6y9im1gojwmtoptv",CLA772560,,3200434c-4177-2560-2161-063befb14937,,,
1984,MIA,WR,WR,0,ACT,Mark Clayton,Mark,Clayton,1961-04-08,69,172,,00-0003097,,,,,,,,,,"https://static.www.nfl.com/image/private/f_auto,q_auto/league/nddirf764pyqjmwq1iaz",CLA801531,,3200434c-4180-1531-c93e-7df590d86b9b,,,
1984,NYJ,LB,MLB,0,ACT,Kyle Clifton,Ronald,Clifton,1962-08-23,76,230,,00-0003125,,,,,,,,,,"https://static.www.nfl.com/image/private/f_auto,q_auto/league/sdyx7iqra6kdny91fv2r",CLI083058,,3200434c-4908-3058-22c8-e34d0a7bd3b9,,,
1984,DET,DL,DE,0,ACT,Mike Cofer,Michael,Cofer,1960-04-07,77,245,,00-0003178,,,,,,,,,,"https://static.www.nfl.com/image/private/f_auto,q_auto/league/rmpximr1o3z5ibnpm3na",COF255564,,3200434f-4625-5564-1302-6fd28938cde7,,,
1984,WAS,LB,OLB,0,ACT,Monte Coleman,Monte,Coleman,1957-11-04,74,235,,00-0003233,,,,,,,,,,"https://static.www.nfl.com/image/private/f_auto,q_auto/league/fo8jzoctj0ur1ed7mtm8",COL307620,,3200434f-4c30-7620-1484-e6d1db6e52dc,,,
1984,DEN,LB,LB,0,ACT,Darren Comeaux,Darren,Comeaux,1960-04-15,73,227,,00-0003343,,,,,,,,,,"https://static.www.nfl.com/image/private/f_auto,q_auto/league/qf8fkbtp5s8n1eenbgfw",COM237308,,3200434f-4d23-7308-b785-068e26898b73,,,
1984,IND,LB,OLB,0,ACT,Johnie Cooks,Johnie,Cooks,1958-11-23,76,243,,00-0003431,,,,,,,,,,"https://static.www.nfl.com/image/private/f_auto,q_auto/league/pwc9fuqm8a83sszq7rs9",COO309040,,3200434f-4f30-9040-8986-6b57e7f6c603,,,
1984,CHI,OL,OT,0,ACT,Jim Covert,James,Covert,1960-03-22,76,271,,00-0003550,,,,,,,,,,"https://static.www.nfl.com/image/private/f_auto,q_auto/league/fy0ilymeyfasvdmxara0",COV276861,,3200434f-5627-6861-d474-d6282925d2bb,,,
1984,ATL,TE,TE,0,ACT,Arthur Cox,Arthur,Cox,1961-02-05,75,245,,00-0003571,,,,,,,,,,"https://static.www.nfl.com/image/private/f_auto,q_auto/league/wzkblifc6jtifa5eghkq",COX138430,,3200434f-5813-8430-d512-7935d2a12354,,,
1984,SF,RB,RB,0,ACT,Roger Craig,Roger,Craig,1960-07-10,72,222,,00-0003602,,,,,,,,,,"https://static.www.nfl.com/image/private/f_auto,q_auto/league/ewrcp7dcq0xaoaecjsqk",CRA303870,,32004352-4130-3870-e9b3-99b623a9e8bd,,,
1984,IND,DB,CB,0,ACT,Eugene Daniel,Eugene,Daniel,1961-05-04,71,181,,00-0003855,,,,,,,,,,"https://static.www.nfl.com/image/private/f_auto,q_auto/league/rt4r7jp7123nfbtsjym8",DAN249174,,32004441-4e24-9174-b49d-e611e69842bd,,,
1984,STL,OL,G,0,ACT,Doug Dawson,Douglas,Dawson,1961-12-27,75,267,,00-0004086,,,,,,,,,,"https://static.www.nfl.com/image/private/f_auto,q_auto/league/acypo1jsuepdl4viva6f",DAW467199,,32004441-5746-7199-ddf5-3c0885684bc7,,,
1984,TB,QB,QB,0,ACT,Steve DeBerg,Steven,DeBerg,1954-01-19,75,205,,00-0004116,,,,,,,,,,"https://static.www.nfl.com/image/private/f_auto,q_auto/league/v07li1l2otq0hlqdeymd",DEB207645,,32004445-4220-7645-fc89-f371e46a2eb0,,,
1984,GB,SPEC,K,0,ACT,Al Del Greco,Albert,Del Greco,1962-03-02,70,190,,00-0004147,,,,,,,,,,"https://static.www.nfl.com/image/private/f_auto,q_auto/league/u7rxuqu2qo0yc6i0syyo",DEL351395,,32004445-4c35-1395-c429-b9182e7e7bf5,,,
1984,CHI,DL,DE,0,ACT,Richard Dent,Richard,Dent,1960-12-13,77,240,,00-0004205,,,,,,,,,,"https://static.www.nfl.com/image/private/f_auto,q_auto/league/jfxk36oifu0wmpdxmxaw",DEN702790,,32004445-4e70-2790-b3e8-2fa66ae41f10,,,
1984,DAL,LB,LB,0,ACT,Steve DeOssie,Steven,DeOssie,1962-11-22,74,250,,00-0004209,,,,,,,,,,"https://static.www.nfl.com/image/private/f_auto,q_auto/league/jq2etnqy8q2pb9zm2xmp",DEO415291,,32004445-4f41-5291-aae7-3b055bce4837,,,
1984,RAM,RB,RB,0,ACT,Eric Dickerson,Eric,Dickerson,1960-09-02,75,220,,00-0004266,,,,,,,,,,"https://static.www.nfl.com/image/private/f_auto,q_auto/league/jhnq2bvn8ryvxiwlfhk8",DIC276860,,32004449-4327-6860-95d0-831eb297e1eb,,,
1984,HOU,DB,FS,0,ACT,Jeff Donaldson,Jeffrey,Donaldson,1962-04-19,72,180,,00-0004413,,,,,,,,,,"https://static.www.nfl.com/image/private/f_auto,q_auto/league/ydmnmero5fc4dk7p3eik",DON223615,,3200444f-4e22-3615-6819-727f499456fb,,,
1984,IND,OL,C,0,ACT,Ray Donaldson,Raymond,Donaldson,1958-05-18,75,260,,00-0004414,,,,,,,,,,"https://static.www.nfl.com/image/private/f_auto,q_auto/league/kkpyquofxdch66dpynyy",DON255560,,3200444f-4e25-5560-a17c-ab26537f3f75,,,
1984,HOU,TE,TE,0,ACT,Chris Dressel,Christopher,Dressel,1961-02-07,76,230,,00-0004531,,,,,,,,,,"https://static.www.nfl.com/image/private/f_auto,q_auto/league/yeaqgecblizp0nljeug8",DRE276861,,32004452-4527-6861-b58e-679be02b0a6d,,,
1984,MIA,WR,WR,0,ACT,Mark Duper,Mark,Duper,1959-01-25,69,185,,00-0004646,,,,,,,,,,"https://static.www.nfl.com/image/private/f_auto,q_auto/league/capbbsyre3yh8uj3nt8l",DUP207644,,32004455-5020-7644-63e1-3d4a16d11d70,,,
1984,RAM,WR,WR,0,ACT,Henry Ellard,Henry,Ellard,1961-07-21,71,170,,00-0004830,,,,,,,,,,"https://static.www.nfl.com/image/private/f_auto,q_auto/league/xvtbquqavblewrdgj4fn",ELL021297,,3200454c-4c02-1297-f648-4f2b5a61e34d,,,
1984,DEN,QB,QB,7,ACT,John Elway,John,Elway,1960-06-28,75,202,,00-0004884,,,,,,,,,,"https://static.www.nfl.com/image/private/f_auto,q_auto/league/qt8ysjlaemnfczfe9ffl",ELW276861,,3200454c-5727-6861-b2e7-376d564dfa2e,,,
1984,CIN,QB,QB,0,ACT,Boomer Esiason,Norman,Esiason,1961-04-17,77,220,,00-0004937,,,,,,,,,,"https://static.www.nfl.com/image/private/f_auto,q_auto/league/afg59qxfnusj3ebuqwyv",ESI415291,,32004553-4941-5291-d7e5-a90da4c94750,,,
1984,TB,OL,G,0,ACT,Sean Farrell,Sean,Farrell,1960-05-25,75,260,,00-0005080,,,,,,,,,,"https://static.www.nfl.com/image/private/f_auto,q_auto/league/utap8rmm8nrhhvl1tpik",FAR629225,,32004641-5262-9225-1e7f-763e2c32dc2a,,,
1984,CLE,OL,OT,0,ACT,Paul Farren,Paul,Farren,1960-12-24,77,251,,00-0005081,,,,,,,,,,"https://static.www.nfl.com/image/private/f_auto,q_auto/league/adkybvrfp83uwmo47sqq",FAR654394,,32004641-5265-4394-32df-cffccfc0aa66,,,
1984,IND,OL,C,0,TRC,Grant Feasel,Grant,Feasel,1960-06-28,79,255,,00-0005116,,,,,,,,,,"https://static.www.nfl.com/image/private/f_auto,q_auto/league/utexahzajngbuzxqhhoo",FEA484505,,32004645-4148-4505-b168-f6d62ce97cd2,,,
1984,MIN,OL,C,0,ACT,Grant Feasel,Grant,Feasel,1960-06-28,79,255,,00-0005116,,,,,,,,,,"https://static.www.nfl.com/image/private/f_auto,q_auto/league/utexahzajngbuzxqhhoo",FEA484505,,32004645-4148-4505-b168-f6d62ce97cd2,,,
1984,MIA,OL,G,0,ACT,Roy Foster,Roy,Foster,1960-05-24,76,275,,00-0005467,,,,,,,,,,"https://static.www.nfl.com/image/private/f_auto,q_auto/league/hmkvjpebrixer0dovz95",FOS711924,,3200464f-5371-1924-80e9-bef9b211cfdc,,,
1984,DET,DB,DB,0,ACT,William Frizzell,William,Frizzell,1962-09-08,75,198,,00-0005606,,,,,,,,,,"https://static.www.nfl.com/image/private/f_auto,q_auto/league/lpb3aaf6frfm98bazxji",FRI791020,,32004652-4979-1020-63be-94b3f16a7ca2,,,
1984,NE,WR,WR,0,ACT,Irving Fryar,Irving,Fryar,1962-09-28,72,198,,00-0005616,,,,,,,,,,"https://static.www.nfl.com/image/private/f_auto,q_auto/league/f1cetjfdapgnqaeonxzy",FRY369148,,32004652-5936-9148-ba45-62efe4663112,,,
1984,CHI,DB,CB,0,ACT,Shaun Gayle,Shaun,Gayle,1962-03-08,71,195,,00-0005847,,,,,,,,,,"https://static.www.nfl.com/image/private/f_auto,q_auto/league/fzizgglrdy7othzmiydu",GAY664464,,32004741-5966-4464-8918-31a056a6159f,,,
1984,NO,DL,DE,0,ACT,Jumpy Geathers,James,Geathers,1960-06-26,79,263,,00-0005857,,,,,,,,,,"https://static.www.nfl.com/image/private/f_auto,q_auto/league/dqcwsinkbhoiwb9cllza",GEA415291,,32004745-4141-5291-a11f-bc67500623a5,,,
1984,CHI,RB,RB,0,ACT,Dennis Gentry,Dennis,Gentry,1959-02-10,68,173,,00-0005876,,,,,,,,,,"https://static.www.nfl.com/image/private/f_auto,q_auto/league/z9pqxye61dmw2ppvnlvi",GEN474616,,32004745-4e47-4616-9afe-fe8d97358127,,,
1984,IND,DB,FS,0,ACT,Nesby Glasgow,Nesby,Glasgow,1957-04-15,70,180,,00-0006026,,,,,,,,,,"https://static.www.nfl.com/image/private/f_auto,q_auto/league/khvj2xrqxrimb274mfe7",GLA377530,,3200474c-4137-7530-e44c-f9f55f161b28,,,
1984,WAS,DL,DT,0,ACT,Darryl Grant,Darryl,Grant,1959-11-22,73,265,,00-0006233,,,,,,,,,,"https://static.www.nfl.com/image/private/f_auto,q_auto/league/pg4l1jw0yqrsa1j3xghy",GRA400932,,32004752-4140-0932-f415-b0f14b811d28,,,
1984,WAS,DB,CB,0,ACT,Darrell Green,Darrell,Green,1960-02-15,68,170,,00-0006316,,,,,,,,,,"https://static.www.nfl.com/image/private/f_auto,q_auto/league/cwcts1c4ok7r03ssniua",GRE152736,,32004752-4515-2736-107e-fa289c286924,,,
1984,TB,LB,OLB,0,ACT,Hugh Green,Hugh,Green,1959-07-27,74,225,,00-0006329,,,,,,,,,,"https://static.www.nfl.com/image/private/f_auto,q_auto/league/fyef9khhxvk5uxcepoik",GRE229104,,32004752-4522-9104-1a8f-5c32f4578bcc,,,
1984,SEA,DL,DE,0,ACT,Jacob Green,Jacob,Green,1957-01-21,75,255,,00-0006330,,,,,,,,,,"https://static.www.nfl.com/image/private/f_auto,q_auto/league/bkddmmnp7xnlgbtsod89",GRE248196,,32004752-4524-8196-8656-9af5eedc2f8d,,,
1984,STL,WR,WR,0,ACT,Roy Green,Roy,Green,1957-06-30,72,195,,00-0006349,,,,,,,,,,"https://static.www.nfl.com/image/private/f_auto,q_auto/league/wbzkqqfjj5t8l9yyrquc",GRE343656,,32004752-4534-3656-2e3c-efec8fc12fd9,,,
1984,TB,OL,C,0,ACT,Randy Grimes,Randall,Grimes,1960-07-20,76,280,,00-0006473,,,,,,,,,,"https://static.www.nfl.com/image/private/f_auto,q_auto/league/tqvmaqugsnqs0lk52nhj",GRI717288,,32004752-4971-7288-cc3f-a3bc7a2861e9,,,
1984,WAS,OL,G,0,ACT,Russ Grimm,Russell,Grimm,1959-05-02,75,273,,00-0006475,,,,,,,,,,"https://static.www.nfl.com/image/private/f_auto,q_auto/league/acaogvxemlbz4nqwlctq",GRI773916,,32004752-4977-3916-d0b8-fa4b19d613df,,,
1984,HOU,LB,LB,0,ACT,John Grimsley,John,Grimsley,1962-02-25,74,225,,00-0006479,,,,,,,,,,"https://static.www.nfl.com/image/private/f_auto,q_auto/league/dlnpbf6j6pbdkgtqrpw9",GRI811668,,32004752-4981-1668-a7f0-c5bef3266a1c,,,
1984,GB,OL,G,0,ACT,Ron Hallstrom,Ronald,Hallstrom,1959-06-11,78,286,,00-0006694,,,,,,,,,,"https://static.www.nfl.com/image/private/f_auto,q_auto/league/jsl0cottmophjdjvjstg",HAL711900,,32004841-4c71-1900-9abb-ec705f2a8eb7,,,
1984,NYJ,DB,DB,0,ACT,Harry Hamilton,Harry,Hamilton,1962-11-29,72,190,,00-0006715,,,,,,,,,,"https://static.www.nfl.com/image/private/f_auto,q_auto/league/nryevyfuzuq1n8mwvvsl",HAM226521,,32004841-4d22-6521-a213-a2c517a50064,,,
1984,NO,SPEC,P,0,ACT,Brian Hansen,Brian,Hansen,1960-10-26,76,207,,00-0006791,,,,,,,,,,"https://static.www.nfl.com/image/private/f_auto,q_auto/league/la6gqkslk3l3bxl6fpp6",HAN498339,,32004841-4e49-8339-29bd-560704f88968,,,
1984,NYJ,RB,RB,0,ACT,Johnny Hector,Johnny,Hector,1960-11-26,71,200,,00-0007197,,,,,,,,,,"https://static.www.nfl.com/image/private/f_auto,q_auto/league/e2rixyggdahfcjqjdmav",HEC622932,,32004845-4362-2932-cfde-6553b2bc2973,,,
1984,TB,OL,OT,0,ACT,Ron Heller,Ronald,Heller,1962-08-25,78,265,,00-0007224,,,,,,,,,,"https://static.www.nfl.com/image/private/f_auto,q_auto/league/o03gy6z6sr8ixgca7dar",HEL305635,,32004845-4c30-5635-9e3a-deec1aeae3c4,,,
1984,IND,QB,QB,0,ACT,Mark Herrmann,Mark,Herrmann,1959-01-08,76,184,,00-0007340,,,,,,,,,,"https://static.www.nfl.com/image/private/f_auto,q_auto/league/e9dkru9lgdil7s65rqpi",HER604056,,32004845-5260-4056-d102-ca6eb801767a,,,
1984,CHI,OL,C,0,ACT,Jay Hilgenberg,Jay,Hilgenberg,1959-03-21,75,250,,00-0007411,,,,,,,,,,"https://static.www.nfl.com/image/private/f_auto,q_auto/league/ibg5hudh2cvgkechcszk",HIL014831,,32004849-4c01-4831-aa40-8a123bf39645,,,
1984,NO,OL,C,0,ACT,Joel Hilgenberg,Joel,Hilgenberg,1962-07-10,75,250,,00-0007412,,,,,,,,,,"https://static.www.nfl.com/image/private/f_auto,q_auto/league/vqvn3g4fg2v5sqhiuwz0",HIL029662,,32004849-4c02-9662-bbf6-daa90e54d8bb,,,
1984,RAM,WR,WR,0,ACT,Drew Hill,Andrew,Hill,1956-10-05,69,170,,00-0007431,,,,,,,,,,"https://static.www.nfl.com/image/private/f_auto,q_auto/league/socupvhqhg0lvquxfn8p",HIL074155,,32004849-4c07-4155-db49-2e0cdbd5e249,,,
1984,PIT,LB,OLB,0,ACT,Bryan Hinkle,Bryan,Hinkle,1959-06-04,73,214,,00-0007492,,,,,,,,,,"https://static.www.nfl.com/image/private/f_auto,q_auto/league/ut7jromnovuzsqqmcvhf",HIN262284,,32004849-4e26-2284-ee9e-75c1c8097ec0,,,
1984,IND,OL,OT,0,ACT,Chris Hinton,Christopher,Hinton,1961-07-31,76,265,,00-0007497,,,,,,,,,,"https://static.www.nfl.com/image/private/f_auto,q_auto/league/z41g8zujb6oznylfhmoo",HIN655710,,32004849-4e65-5710-ffe4-4ab655a12cbf,,,
1984,NO,DB,DB,0,ACT,Terry Hoage,Terrell,Hoage,1962-04-11,75,197,,00-0007519,,,,,,,,,,"https://static.www.nfl.com/image/private/f_auto,q_auto/league/fvmzmo1z2kq7ii4zcn58",HOA138430,,3200484f-4113-8430-ada5-6e8680fc96d2,,,
1984,CIN,TE,TE,0,ACT,Rodney Holman,Rodney,Holman,1960-04-20,75,230,,00-0007637,,,,,,,,,,"https://static.www.nfl.com/image/private/f_auto,q_auto/league/mf3znenttcbuaujz0kye",HOL446256,,3200484f-4c44-6256-95bc-6842d50064e2,,,
1984,SD,TE,TE,0,ACT,Pete Holohan,Peter,Holohan,1959-07-25,76,249,,00-0007666,,,,,,,,,,"https://static.www.nfl.com/image/private/f_auto,q_auto/league/w1rijkq9trkk6khrmstx",HOL681780,,3200484f-4c68-1780-d796-cab0606fb9d5,,,
1984,PHI,DB,FS,0,ACT,Wes Hopkins,Wesley,Hopkins,1961-09-26,73,205,,00-0007732,,,,,,,,,,"https://static.www.nfl.com/image/private/f_auto,q_auto/league/eodot5ctp5ztbymwtojb",HOP484505,,3200484f-5048-4505-14d8-746afda1eb39,,,
1984,PHI,SPEC,P,0,ACT,Mike Horan,Michael,Horan,1959-02-01,71,190,,00-0007737,,,,,,,,,,"https://static.www.nfl.com/image/private/f_auto,q_auto/league/zksqwk19daesc04hoylk",HOR029663,,3200484f-5202-9663-f176-e3cef0e93f6c,,,
1984,CIN,DB,CB,0,ACT,Ray Horton,Raymond,Horton,1960-04-12,70,189,,00-0007758,,,,,,,,,,"https://static.www.nfl.com/image/private/f_auto,q_auto/league/dw7cwregwlcaapcbw31i",HOR682249,,3200484f-5268-2249-30e2-ab1c63d58c71,,,
1984,NYG,QB,QB,0,ACT,Jeff Hostetler,William,Hostetler,1961-04-22,75,212,,00-0007765,,,,,,,,,,"https://static.www.nfl.com/image/private/f_auto,q_auto/league/apjisc45plyskzivcfqe",HOS467201,,3200484f-5346-7201-995b-d7abb384cd0e,,,
1984,PIT,OL,OT,0,ACT,Tunch Ilkin,Tunch,Ilkin,1957-09-23,75,253,,00-0008006,,,,,,,,,,"https://static.www.nfl.com/image/private/f_auto,q_auto/league/spdfodji2exibctx1enq",ILK415291,,3200494c-4b41-5291-7963-51a88379f390,,,
1984,MIN,OL,OT,0,ACT,Tim Irwin,Timothy,Irwin,1958-12-13,79,275,,00-0008053,,,,,,,,,,"https://static.www.nfl.com/image/private/f_auto,q_auto/league/wawhjnkdalrwmcczkgas",IRW622935,,32004952-5762-2935-ac65-3bae2837c060,,,
1984,NO,LB,OLB,0,ACT,Rickey Jackson,Rickey,Jackson,1958-03-20,74,230,,00-0008179,,,,,,,,,,"https://static.www.nfl.com/image/private/f_auto,q_auto/league/aajr9wcjvgd7vddezkyl",JAC478484,,32004a41-4347-8484-e570-89601b9da994,,,
1984,WAS,OL,OT,0,ACT,Joe Jacoby,Joseph,Jacoby,1959-07-06,79,295,,00-0008223,,,,,,,,,,"https://static.www.nfl.com/image/private/f_auto,q_auto/league/xxi8cnhfhdspgt5jcv51",JAC803492,,32004a41-4380-3492-94f2-27dbacaab11d,,,
1984,DAL,DL,DE,0,ACT,Jim Jeffcoat,James,Jeffcoat,1961-04-01,77,264,,00-0008297,,,,,,,,,,"https://static.www.nfl.com/image/private/f_auto,q_auto/league/nq7risxb7zvss8sowqzc",JEF051911,,32004a45-4605-1911-d544-53c5f2662246,,,
1984,CIN,RB,RB,0,ACT,Stanford Jennings,Stanford,Jennings,1962-03-12,73,205,,00-0008377,,,,,,,,,,"https://static.www.nfl.com/image/private/f_auto,q_auto/league/di6kd7qwajq8pkk6siys",JEN622920,,32004a45-4e62-2920-8337-bb633d893b5e,,,
1984,MIA,WR,WR,0,ACT,Jim Jensen,James,Jensen,1958-11-14,76,212,,00-0008385,,,,,,,,,,"https://static.www.nfl.com/image/private/f_auto,q_auto/league/zn439kcpcl5b2xyanq0a",JEN700785,,32004a45-4e70-0785-b4a9-ae7b3e2037f5,,,
1984,GB,DL,DE,0,ACT,Ezra Johnson,Ezra,Johnson,1955-10-02,76,240,,00-0008503,,,,,,,,,,"https://static.www.nfl.com/image/private/f_auto,q_auto/league/ty6aqagxbvs0wixkbnup",JOH242850,,32004a4f-4824-2850-2dd6-2dfe91183e01,,,
1984,SEA,SPEC,K,0,ACT,Norm Johnson,Norman,Johnson,1960-05-31,74,193,,00-0008593,,,,,,,,,,"https://static.www.nfl.com/image/private/f_auto,q_auto/league/wdhcut1fjkdtpzvsxyqm",JOH553698,,32004a4f-4855-3698-f890-86772850dca4,,,
1984,DET,RB,RB,0,ACT,James Jones,James,Jones,1961-03-21,74,229,,00-0008765,,,,,,,,,,"https://static.www.nfl.com/image/private/f_auto,q_auto/league/s2dqldxm3j4maeitldei",JON448470,,32004a4f-4e44-8470-97f8-358e8f1a0b11,,,
1984,RAI,DL,DE,0,ACT,Sean Jones,Dwight,Jones,1962-12-19,79,265,,00-0008865,,,,,,,,,,"https://static.www.nfl.com/image/private/f_auto,q_auto/league/pzrfhrlxxlxvym6zssl2",JON245828,,32004a4f-4e24-5828-f5c0-175e95b4ceb8,,,
1984,MIN,TE,TE,0,ACT,Steve Jordan,Steven,Jordan,1961-01-10,75,230,,00-0008927,,,,,,,,,,"https://static.www.nfl.com/image/private/f_auto,q_auto/league/jo7cgflsgjgssdclwycm",JOR613904,,32004a4f-5261-3904-62cc-04f9d280b11d,,,
1984,STL,LB,OLB,0,ACT,E.J. Junior,Ester,Junior,1959-12-08,75,235,,00-0008959,,,,,,,,,,"https://static.www.nfl.com/image/private/f_auto,q_auto/league/gytb3lurrrsuoeugtweo",JUN166116,,32004a55-4e16-6116-feca-c4eb459001bf,,,
1984,BUF,LB,LB,0,TRC,Trey Junkin,Abner,Junkin,1961-01-23,74,221,,00-0008961,,,,,,,,,,"https://static.www.nfl.com/image/private/f_auto,q_auto/league/coo5knlaa6axzkrzq2rs",JUN498348,,32004a55-4e49-8348-c78d-09386823c18a,,,
1984,WAS,LB,LB,0,ACT,Trey Junkin,Abner,Junkin,1961-01-23,74,221,,00-0008961,,,,,,,,,,"https://static.www.nfl.com/image/private/f_auto,q_auto/league/coo5knlaa6axzkrzq2rs",JUN498348,,32004a55-4e49-8348-c78d-09386823c18a,,,
1984,SEA,OL,C,0,ACT,Kani Kauahi,Daniel,Kauahi,1959-09-06,74,260,,00-0009035,,,,,,,,,,"https://static.www.nfl.com/image/private/f_auto,q_auto/league/pqwsutodojvssl9rl4br",KAU118654,,32004b41-5511-8654-9d17-62d9bc16ad16,,,
1984,DEN,TE,TE,0,ACT,Clarence Kay,Clarence,Kay,1961-07-30,74,225,,00-0009045,,,,,,,,,,"https://static.www.nfl.com/image/private/f_auto,q_auto/league/hacf490w7zwvcgfooafn",KAY207645,,32004b41-5920-7645-f0c6-5da60aa3e3be,,,
1984,RAM,QB,QB,0,ACT,Jeff Kemp,Jeffrey,Kemp,1959-07-11,72,201,,00-0009131,,,,,,,,,,"https://static.www.nfl.com/image/private/f_auto,q_auto/league/xg0jissqub74w1kdp8kz",KEM184574,,32004b45-4d18-4574-6f51-05064e312465,,,
1984,ATL,OL,OT,0,ACT,Mike Kenn,Michael,Kenn,1956-02-09,79,257,,00-0009142,,,,,,,,,,"https://static.www.nfl.com/image/private/f_auto,q_auto/league/sq5lyi1fhy0qvm0h65ci",KEN166115,,32004b45-4e16-6115-cf39-139193de1f91,,,
1984,BUF,SPEC,P,0,ACT,John Kidd,Max,Kidd,1961-08-22,75,201,,00-0009204,,,,,,,,,,"https://static.www.nfl.com/image/private/f_auto,q_auto/league/ljpt6pzsnyns5an1efyl",KID415290,,32004b49-4441-5290-3591-77f061622866,,,
1984,TB,QB,QB,0,ACT,Blair Kiel,Blair,Kiel,1961-11-29,72,200,,00-0009209,,,,,,,,,,"https://static.www.nfl.com/image/private/f_auto,q_auto/league/eignwoh0c1ywbbkd20pz",KIE138430,,32004b49-4513-8430-c65f-beacb116760c,,,
1984,CIN,OL,G,0,ACT,Bruce Kozerski,Bruce,Kozerski,1962-04-02,76,275,,00-0009442,,,,,,,,,,"https://static.www.nfl.com/image/private/f_auto,q_auto/league/fy5r923gvwu38exqdas6",KOZ237308,,32004b4f-5a23-7308-a678-b3a248c2de25,,,
1984,SEA,QB,QB,0,ACT,Dave Krieg,David,Krieg,1958-10-20,73,185,,00-0009475,,,,,,,,,,"https://static.www.nfl.com/image/private/f_auto,q_auto/league/srx5ku7mit9cvbapch11",KRI069215,,32004b52-4906-9215-3bd1-0d591dba0fb9,,,
1984,CIN,DL,NT,0,ACT,Tim Krumrie,Timothy,Krumrie,1960-05-20,74,247,,00-0009488,,,,,,,,,,"https://static.www.nfl.com/image/private/f_auto,q_auto/league/lqdan6qqpgvfsfkiga7d",KRU575019,,32004b52-5557-5019-7d31-99400926bd50,,,
1984,DEN,QB,QB,0,ACT,Gary Kubiak,Gary,Kubiak,1961-08-15,72,192,,00-0009490,,,,,,,,,,"https://static.www.nfl.com/image/private/f_auto,q_auto/league/e9tkipvmkvz3zoopendk",KUB415290,,32004b55-4241-5290-65f8-1c0e22a82bf6,,,
1984,DEN,OL,OT,0,ACT,Ken Lanier,Kenneth,Lanier,1959-07-08,75,269,,00-0009625,,,,,,,,,,"https://static.www.nfl.com/image/private/f_auto,q_auto/league/nv964zgsf5hymt3imhbc",LAN618485,,32004c41-4e61-8485-38f9-ce8fdb812de7,,,
1984,MIA,DB,CB,0,ACT,Paul Lankford,Paul,Lankford,1958-06-15,73,178,,00-0009628,,,,,,,,,,"https://static.www.nfl.com/image/private/f_auto,q_auto/league/fy859cq1trw1pr7a695r",LAN671498,,32004c41-4e67-1498-c52f-21a7c393176c,,,
1984,NYJ,SPEC,K,0,ACT,Pat Leahy,Patrick,Leahy,1951-03-19,72,189,,00-0009716,,,,,,,,,,"https://static.www.nfl.com/image/private/f_auto,q_auto/league/jfnzyh66eospcquio1nq",LEA363377,,32004c45-4136-3377-2de6-ed68209b7976,,,
1984,MIN,DB,FS,0,ACT,Carl Lee,Carl,Lee,1961-02-06,71,176,,00-0009744,,,,,,,,,,"https://static.www.nfl.com/image/private/f_auto,q_auto/league/z66lpo71etqg7r5akzlv",LEE109285,,32004c45-4510-9285-4d05-181997dcb459,,,
1984,GB,DB,CB,0,ACT,Mark Lee,Mark,Lee,1958-03-20,71,187,,00-0009767,,,,,,,,,,"https://static.www.nfl.com/image/private/f_auto,q_auto/league/m3pjsljxoils1jcb7p9c",LEE458997,,32004c45-4545-8997-519d-7c77c877e515,,,
1984,MIA,OL,OT,0,ACT,Ronnie Lee,Ronald,Lee,1956-12-24,75,236,,00-0009774,,,,,,,,,,"https://static.www.nfl.com/image/private/f_auto,q_auto/league/tgxku51zpyeweb0avx5q",LEE633853,,32004c45-4563-3853-50fd-3d2e58cc0a70,,,
1984,KC,DB,CB,0,ACT,Albert Lewis,Albert,Lewis,1960-10-06,74,193,,00-0009836,,,,,,,,,,"https://static.www.nfl.com/image/private/f_auto,q_auto/league/ugdxehxjdhtlt4ppp20t",LEW034606,,32004c45-5703-4606-f605-ff2d8ae35795,,,
1984,MIN,WR,WR,0,ACT,Leo Lewis,Leo,Lewis,1956-09-17,68,170,,00-0009879,,,,,,,,,,"https://static.www.nfl.com/image/private/f_auto,q_auto/league/gxq8rmwgwn30plqfwqbs",LEW484484,,32004c45-5748-4484-e61b-38a59fa6da8f,,,
1984,KC,OL,C,0,ACT,Adam Lingner,Adam,Lingner,1960-11-02,76,240,,00-0009956,,,,,,,,,,"https://static.www.nfl.com/image/private/f_auto,q_auto/league/orjwxc4cufpthycu9ws6",LIN601440,,32004c49-4e60-1440-f3a5-96af7c74f718,,,
1984,NE,DB,CB,0,ACT,Ronnie Lippett,Ronnie,Lippett,1960-12-10,71,180,,00-0009962,,,,,,,,,,"https://static.www.nfl.com/image/private/f_auto,q_auto/league/esykyd2tk0utu6rqs0gj",LIP237308,,32004c49-5023-7308-de75-2a09b2e9945d,,,
1984,PIT,WR,WR,0,ACT,Louis Lipps,Louis,Lipps,1962-08-09,70,190,,00-0009963,,,,,,,,,,"https://static.www.nfl.com/image/private/f_auto,q_auto/league/o0yofq2gib2uh6wlaa7g",LIP355962,,32004c49-5035-5962-eaa9-825335ad00bf,,,
1984,KC,TE,TE,0,ACT,Dave Little,David,Little,1961-04-18,74,240,,00-0009967,,,,,,,,,,"https://static.www.nfl.com/image/private/f_auto,q_auto/league/y8hkwgqn6ctm4iu71t0d",LIT237308,,32004c49-5423-7308-275a-69fbca8641a1,,,
1984,PIT,LB,ILB,0,ACT,David Little,David,Little,1959-01-03,73,220,,00-0009968,,,,,,,,,,"https://static.www.nfl.com/image/private/f_auto,q_auto/league/iibhnkaq1ylqadp5am9d",LIT244058,,32004c49-5424-4058-476a-85fbe1a9e59a,,,
1984,DAL,LB,MLB,0,ACT,Eugene Lockhart,Eugene,Lockhart,1961-03-08,74,228,,00-0010010,,,,,,,,,,"https://static.www.nfl.com/image/private/f_auto,q_auto/league/ogailktpor6x0uafshm9",LOC581406,,32004c4f-4358-1406-5754-fdd30b0a9d08,,,
1984,GB,WR,WR,0,ACT,James Lofton,James,Lofton,1956-07-05,75,187,,00-0010023,,,,,,,,,,"https://static.www.nfl.com/image/private/f_auto,q_auto/league/ligcazckfbdlmcd2ekqv",LOF276861,,32004c4f-4627-6861-d09a-c92889cac8cf,,,
1984,PIT,OL,G,0,ACT,Terry Long,Terry,Long,1959-07-21,71,272,,00-0010068,,,,,,,,,,"https://static.www.nfl.com/image/private/f_auto,q_auto/league/yugthm2etp7o9dpuzhvm",LON561200,,32004c4f-4e56-1200-b33e-df956c33f69f,,,
1984,SF,DB,CB,0,ACT,Ronnie Lott,Ronald,Lott,1959-05-08,72,199,,00-0010088,,,,,,,,,,"https://static.www.nfl.com/image/private/f_auto,q_auto/league/atxlkaso6zkduzfqa3h7",LOT519110,,32004c4f-5451-9110-88f3-31d71093cc4e,,,
1984,KC,SPEC,K,0,ACT,Nick Lowery,Dominic,Lowery,1956-05-27,76,190,,00-0010124,,,,,,,,,,"https://static.www.nfl.com/image/private/f_auto,q_auto/league/p0rgqmy96igavbuv7ajn",LOW553720,,32004c4f-5755-3720-b2dc-99cb3cfbe58c,,,
1984,KC,OL,OT,0,ACT,Dave Lutz,David,Lutz,1959-12-20,78,282,,00-0010171,,,,,,,,,,"https://static.www.nfl.com/image/private/f_auto,q_auto/league/zepiccvc5pprbnw1v5ki",LUT553722,,32004c55-5455-3722-6de0-3af0f91fe506,,,
1984,HOU,LB,LB,0,ACT,Robert Lyles,Robert,Lyles,1961-03-21,73,210,,00-0010180,,,,,,,,,,"https://static.www.nfl.com/image/private/f_auto,q_auto/league/kzsjxxhlu8zqc7kifcnt",LYL692150,,32004c59-4c69-2150-ad71-f0067102ede7,,,
1984,KC,DL,NT,0,ACT,Bill Maas,William,Maas,1962-03-02,77,265,,00-0010210,,,,,,,,,,"https://static.www.nfl.com/image/private/f_auto,q_auto/league/ms3ksa2f9b7gcyrdid2u",MAA553722,,32004d41-4155-3722-de41-2bf79f9baf6d,,,
1984,STL,DB,DB,0,ACT,Cedric Mack,Cedric,Mack,1960-09-14,72,190,,00-0010227,,,,,,,,,,"https://static.www.nfl.com/image/private/f_auto,q_auto/league/ect15lvxl6zdupdgglkg",MAC284141,,32004d41-4328-4141-9f82-3afc4b2f9e77,,,
1984,WAS,DL,DE,0,ACT,Dexter Manley,Dexter,Manley,1959-07-02,75,253,,00-0010337,,,,,,,,,,"https://static.www.nfl.com/image/private/f_auto,q_auto/league/rlpgt481dne3ce7kjv3v",MAN351384,,32004d41-4e35-1384-4cc4-785399825378,,,
1984,WAS,DL,DE,0,ACT,Charles Mann,Charles,Mann,1961-04-12,78,250,,00-0010339,,,,,,,,,,"https://static.www.nfl.com/image/private/f_auto,q_auto/league/arknhemkjjfvmajksneb",MAN399300,,32004d41-4e39-9300-b408-0d1c44f2482a,,,
1984,MIA,QB,QB,13,ACT,Dan Marino,Daniel,Marino,1961-09-15,76,214,,00-0010379,,,,,,,,,,"https://static.www.nfl.com/image/private/f_auto,q_auto/league/jk97vzadmthvdyu8mbr2",MAR149079,,32004d41-5214-9079-a444-ee027ebabf98,,,
1984,NE,DB,FS,0,ACT,Fred Marion,Fred,Marion,1959-01-02,74,196,,00-0010383,,,,,,,,,,"https://static.www.nfl.com/image/private/f_auto,q_auto/league/ahb3qbglhisatq7d61ob",MAR170376,,32004d41-5217-0376-2697-1b879d86203b,,,
1984,NYG,DL,DE,0,ACT,Leonard Marshall,Leonard,Marshall,1961-10-22,75,285,,00-0010422,,,,,,,,,,"https://static.www.nfl.com/image/private/f_auto,q_auto/league/ezlri0rde4c8l6vs6jld",MAR440138,,32004d41-5244-0138-7f5b-74d4640aeac9,,,
1984,CHI,LB,LB,0,ACT,Wilber Marshall,Wilber,Marshall,1962-04-18,73,230,,00-0010431,,,,,,,,,,"https://static.www.nfl.com/image/private/f_auto,q_auto/league/igbdcw41ighuhynivr2w",MAR475633,,32004d41-5247-5633-39e1-a5bb6a6be38c,,,
1984,MIN,LB,LB,0,ACT,Chris Martin,Christopher,Martin,1960-12-19,74,220,,00-0010440,,,,,,,,,,"https://static.www.nfl.com/image/private/f_auto,q_auto/league/dtwwqjxqfx32untjxqyh",MAR539524,,32004d41-5253-9524-8a7f-a3b20cd40e03,,,
1984,BUF,LB,ILB,0,ACT,Eugene Marve,Eugene,Marve,1960-08-14,74,230,,00-0010488,,,,,,,,,,"https://static.www.nfl.com/image/private/f_auto,q_auto/league/rcygt2abgk6ipfin0g9t",MAR809286,,32004d41-5280-9286-bb7d-0ace0ea484b5,,,
1984,HOU,OL,C,74,ACT,Bruce Matthews,Bruce,Matthews,1961-08-08,77,276,,00-0010550,,,,,,,,,,"https://static.www.nfl.com/image/private/f_auto,q_auto/league/lwpxlqinrbtgchvk8uvb",MAT532814,,32004d41-5453-2814-2d51-b1549622bb0d,,,
1984,CLE,LB,OLB,0,ACT,Clay Matthews,William,Matthews,1956-03-15,74,230,,00-0010552,,,,,,,,,,"https://static.www.nfl.com/image/private/f_auto,q_auto/league/fwbsdl9tsqqopjndwj7k",MAT611169,,32004d41-5461-1169-f1aa-50dd6f136862,,,
1984,WAS,OL,OT,0,ACT,Mark May,Mark,May,1959-11-02,78,288,,00-0010591,,,,,,,,,,"https://static.www.nfl.com/image/private/f_auto,q_auto/league/fnoicpwkorkzfrpim3xb",MAY125845,,32004d41-5912-5845-9e85-d078e42c6e9c,,,
1984,RAM,LB,LB,0,ACT,Mike McDonald,Michael,McDonald,1958-06-22,73,235,,00-0010802,,,,,,,,,,"https://static.www.nfl.com/image/private/f_auto,q_auto/league/cmcrwrasbpihqnp8pstk",MCD474600,,32004d43-4447-4600-3667-417992fe230a,,,
1984,NYJ,OL,OT,0,ACT,Reggie McElroy,Reginald,McElroy,1960-03-04,78,270,,00-0010829,,,,,,,,,,"https://static.www.nfl.com/image/private/f_auto,q_auto/league/s9pv0sktr4jep6vtaddm",MCE184574,,32004d43-4518-4574-a959-aa69c8fcd0f5,,,
1984,RAI,DB,FS,0,ACT,Vann McElroy,Vann,McElroy,1960-01-13,74,190,,00-0010830,,,,,,,,,,"https://static.www.nfl.com/image/private/f_auto,q_auto/league/jet5q8wozkbt5ufeine3",MCE276861,,32004d43-4527-6861-a674-2519e153e90f,,,
1984,SD,RB,RB,0,ACT,Buford McGee,Buford,McGee,1960-08-16,72,206,,00-0010849,,,,,,,,,,"https://static.www.nfl.com/image/private/f_auto,q_auto/league/lyfvklpazdfgl1atc7tr",MCG095832,,32004d43-4709-5832-b981-23e0c80ee227,,,
1984,SF,OL,G,0,ACT,Guy McIntyre,Guy,McIntyre,1961-02-17,75,271,,00-0010915,,,,,,,,,,"https://static.www.nfl.com/image/private/f_auto,q_auto/league/rzkspecprorzxosqbphy",MCI609092,,32004d43-4960-9092-953b-686469fdf450,,,
1984,SD,OL,G,0,ACT,Dennis McKnight,Dennis,McKnight,1959-09-12,75,273,,00-0010973,,,,,,,,,,"https://static.www.nfl.com/image/private/f_auto,q_auto/league/wz3fpnl4goojqmak4w0n",MCK711912,,32004d43-4b71-1912-79eb-6cad4770bd25,,,
1984,CHI,QB,QB,0,ACT,Jim McMahon,James,McMahon,1959-08-21,73,187,,00-0010997,,,,,,,,,,"https://static.www.nfl.com/image/private/f_auto,q_auto/league/lebvefpsnyrrseabqo3i",MCM166115,,32004d43-4d16-6115-ff3f-11cf4f57112c,,,
1984,CHI,DL,DT,0,ACT,Steve McMichael,Steve,McMichael,1957-10-17,74,245,,00-0011001,,,,,,,,,,"https://static.www.nfl.com/image/private/f_auto,q_auto/league/yjvs2gdbdgetv4c7jkpb",MCM299007,,32004d43-4d29-9007-c3e4-e0873e5aacd7,,,
1984,NYJ,RB,RB,0,ACT,Freeman McNeil,Freeman,McNeil,1959-04-22,71,216,,00-0011035,,,,,,,,,,"https://static.www.nfl.com/image/private/f_auto,q_auto/league/heaedw8ihtywzevb8wvg",MCN519105,,32004d43-4e51-9105-a7e9-71db3a6b17f5,,,
1984,DET,DB,CB,0,ACT,Bruce McNorton,Bruce,McNorton,1959-02-28,71,175,,00-0011042,,,,,,,,,,"https://static.www.nfl.com/image/private/f_auto,q_auto/league/rkxcnqwjpvdo9qdymnui",MCN761354,,32004d43-4e76-1354-b5d5-4880d6d4abc9,,,
1984,HOU,LB,LB,0,ACT,Johnny Meads,Johnny,Meads,1961-06-25,74,220,,00-0011078,,,,,,,,,,"https://static.www.nfl.com/image/private/f_auto,q_auto/league/gnks2p7bui8tgjznj9lo",MEA575019,,32004d45-4157-5019-56d5-426bde66dd7a,,,
1984,DEN,LB,ILB,0,ACT,Karl Mecklenburg,Karl,Mecklenburg,1960-09-01,75,250,,00-0011082,,,,,,,,,,"https://static.www.nfl.com/image/private/f_auto,q_auto/league/bxjjfz7jx7bfvm1kclln",MEC553722,,32004d45-4355-3722-2b30-22f7aa9cd2b3,,,
1984,RAM,DL,NT,0,ACT,Greg Meisner,Gregory,Meisner,1959-04-23,75,253,,00-0011102,,,,,,,,,,"https://static.www.nfl.com/image/private/f_auto,q_auto/league/p0y4xhzgzwp5v6scfthd",MEI593270,,32004d45-4959-3270-f779-1b351a8a0e9d,,,
1984,PIT,LB,OLB,0,ACT,Mike Merriweather,Michael,Merriweather,1960-11-26,74,215,,00-0011140,,,,,,,,,,"https://static.www.nfl.com/image/private/f_auto,q_auto/league/cleutjc8fxbr3dkqflrx",MER622923,,32004d45-5262-2923-dd10-e3b0ad2950bb,,,
1984,SEA,TE,TE,0,ACT,Pete Metzelaars,Peter,Metzelaars,1960-05-24,79,240,,00-0011156,,,,,,,,,,"https://static.www.nfl.com/image/private/f_auto,q_auto/league/tfg14ohm2su1yr5hr3sd",MET593270,,32004d45-5459-3270-408f-58a4d1d2cb56,,,
1984,SEA,OL,OT,0,ACT,Bryan Millard,Bryan,Millard,1960-12-02,77,282,,00-0011227,,,,,,,,,,"https://static.www.nfl.com/image/private/f_auto,q_auto/league/vhtocxj8j9oujj74lcm5",MIL090453,,32004d49-4c09-0453-1865-3feb55aac4ff,,,
1984,RAI,LB,ILB,0,ACT,Matt Millen,Matthew,Millen,1958-03-12,74,250,,00-0011231,,,,,,,,,,"https://static.www.nfl.com/image/private/f_auto,q_auto/league/smc0ujeksjw9cgflh5ja",MIL115122,,32004d49-4c11-5122-c3b2-3915a702ee88,,,
1984,ATL,OL,OT,0,ACT,Brett Miller,Brett,Miller,1958-10-02,79,290,,00-0011239,,,,,,,,,,"https://static.www.nfl.com/image/private/f_auto,q_auto/league/fvvhx6792y1oupqlgnkn",MIL148014,,32004d49-4c14-8014-f4f6-c51e3774ad8c,,,
1984,CLE,DB,CB,0,ACT,Frank Minnifield,Frank,Minnifield,1960-01-01,69,180,,00-0011360,,,,,,,,,,"https://static.www.nfl.com/image/private/f_auto,q_auto/league/f5dysbkskyyorvtv0jph",MIN439713,,32004d49-4e43-9713-29fd-9f5398f3b411,,,
1984,STL,RB,RB,0,ACT,Stump Mitchell,Lyvonia,Mitchell,1959-03-15,69,188,,00-0011437,,,,,,,,,,"https://static.www.nfl.com/image/private/f_auto,q_auto/league/cxnaemm0sfhqixlmhemy",MIT471408,,32004d49-5447-1408-89e5-e30908b87220,,,
1984,WAS,WR,WR,0,ACT,Art Monk,James,Monk,1957-12-05,75,209,,00-0011483,,,,,,,,,,"https://static.www.nfl.com/image/private/f_auto,q_auto/league/lhnetc7kndqwtytjysi3",MON230710,,32004d4f-4e23-0710-1d31-caef8f192a86,,,
1984,SF,QB,QB,16,ACT,Joe Montana,Joseph,Montana,1956-06-11,74,200,,00-0011493,,,,,,,,,,"https://static.www.nfl.com/image/private/f_auto,q_auto/league/ueq3x4ldeixk2h5wq3n7",MON392207,,32004d4f-4e39-2207-dc8d-f68a92cca5ac,,,
1984,HOU,QB,QB,0,ACT,Warren Moon,Harold,Moon,1956-11-18,75,210,,00-0011524,,,,,,,,,,"https://static.www.nfl.com/image/private/f_auto,q_auto/league/nmnwarb1fy1d8xrefvfc",MOO057675,,32004d4f-4f05-7675-86d2-2829a12c6d4a,,,
1984,NYG,RB,RB,0,ACT,Joe Morris,Joseph,Morris,1960-09-15,67,190,,00-0011685,,,,,,,,,,"https://static.www.nfl.com/image/private/f_auto,q_auto/league/eghc9nhfbt6o7yin73ra",MOR449175,,32004d4f-5244-9175-dbe7-5793d6cc2ab7,,,
1984,RAI,OL,G,0,ACT,Don Mosebar,Donald,Mosebar,1961-09-11,78,270,,00-0011732,,,,,,,,,,"https://static.www.nfl.com/image/private/f_auto,q_auto/league/wgtczp0rbfjdfpwojear",MOS059326,,32004d4f-5305-9326-84d1-a67fdf066dcf,,,
1984,NYG,TE,TE,0,ACT,Zeke Mowatt,Ezekiel,Mowatt,1961-03-05,75,238,,00-0011774,,,,,,,,,,"https://static.www.nfl.com/image/private/f_auto,q_auto/league/pzp8bdjpisphve4iju2z",MOW415291,,32004d4f-5741-5291-1545-ee92f4ebcdda,,,
1984,MIN,TE,TE,0,ACT,Mike Mularkey,Michael,Mularkey,1961-11-19,76,245,,00-0011799,,,,,,,,,,"https://static.www.nfl.com/image/private/f_auto,q_auto/league/b4ejsrdahvduzsivc5gt",MUL039551,,32004d55-4c03-9551-97dd-4711fcb801ca,,,
1984,HOU,OL,G,0,ACT,Mike Munchak,Michael,Munchak,1960-03-05,75,263,,00-0011819,,,,,,,,,,"https://static.www.nfl.com/image/private/f_auto,q_auto/league/omegshmowbqrxvq7uk8f",MUN075507,,32004d55-4e07-5507-7a53-9966e6dd9829,,,
1984,CIN,OL,OT,0,ACT,Anthony Munoz,Michael,Munoz,1958-08-19,78,278,,00-0011825,,,,,,,,,,"https://static.www.nfl.com/image/private/f_auto,q_auto/league/gxq4pfj2dmx0xp66te4j",MUN604056,,32004d55-4e60-4056-a42d-5876dafe64d5,,,
1984,DET,SPEC,K,0,ACT,Eddie Murray,Edward,Murray,1956-08-29,70,175,,00-0011859,,,,,,,,,,"https://static.www.nfl.com/image/private/f_auto,q_auto/league/bxywc4m8gikzzzbancry",MUR607740,,32004d55-5260-7740-9f22-1de17e7a4532,,,
1984,SEA,DL,NT,0,ACT,Joe Nash,Joseph,Nash,1960-10-11,75,250,,00-0011929,,,,,,,,,,"https://static.www.nfl.com/image/private/f_auto,q_auto/league/hzqvc7bmt9mmqfa26zhb",NAS138430,,32004e41-5313-8430-f89a-5eca8e73e15d,,,
1984,MIN,RB,RB,0,ACT,Darrin Nelson,Darrin,Nelson,1959-01-02,69,180,,00-0011997,,,,,,,,,,"https://static.www.nfl.com/image/private/f_auto,q_auto/league/hncynvsmnndttnutlszs",NEL249174,,32004e45-4c24-9174-8c97-cb8940b031fb,,,
1984,RAM,DB,S,0,ACT,Vince Newsome,Vincent,Newsome,1961-01-22,73,179,,00-0012071,,,,,,,,,,"https://static.www.nfl.com/image/private/f_auto,q_auto/league/tuyyfqlzoj6pcg2wmsxe",NEW643032,,32004e45-5764-3032-4075-736544a54ffb,,,
1984,STL,LB,LB,0,ACT,Niko Noga,Falaniko,Noga,1962-03-01,73,230,,00-0012147,,,,,,,,,,"https://static.www.nfl.com/image/private/f_auto,q_auto/league/f3i8m7bobses6l7yupqx",NOG415290,,32004e4f-4741-5290-4a98-9d87f9b2daef,,,
1984,NYJ,QB,QB,0,ACT,Ken O'Brien,Kenneth,O'Brien,1960-11-27,76,210,,00-0012246,,,,,,,,,,"https://static.www.nfl.com/image/private/f_auto,q_auto/league/uvy0opr8dz2irype6l8l",OBR553720,,32004f42-5255-3720-ed24-753edec64aa6,,,
1984,IND,LB,ILB,0,ACT,Cliff Odom,Clifton,Odom,1958-08-15,74,225,,00-0012306,,,,,,,,,,"https://static.www.nfl.com/image/private/f_auto,q_auto/league/zo3nufo8hzcsetle8u17",ODO063891,,32004f44-4f06-3891-a3a1-4dbf7d6de760,,,
1984,KC,WR,WR,0,ACT,Stephone Paige,Stephone,Paige,1961-10-15,74,180,,00-0012505,,,,,,,,,,"https://static.www.nfl.com/image/private/f_auto,q_auto/league/usrm2skbgazookufetfd",PAI415290,,32005041-4941-5290-768d-d6a2129de6c3,,,
1984,NYJ,RB,RB,0,ACT,Tony Paige,Anthony,Paige,1962-10-14,70,225,,00-0012506,,,,,,,,,,"https://static.www.nfl.com/image/private/f_auto,q_auto/league/ffe7gawlhgdztxidgkfk",PAI138430,,32005041-4913-8430-8d0b-858cef1afa33,,,
1984,RAM,OL,OT,0,ACT,Irvin Pankey,Irvin,Pankey,1958-02-15,76,267,,00-0012531,,,,,,,,,,"https://static.www.nfl.com/image/private/f_auto,q_auto/league/bmpcq4qzwzvlmxzq3ntt",PAN664464,,32005041-4e66-4464-5d7f-e5b983df2bc1,,,
1984,SF,OL,OT,0,ACT,Bubba Paris,William,Paris,1960-10-06,78,293,,00-0012542,,,,,,,,,,"https://static.www.nfl.com/image/private/f_auto,q_auto/league/sta0vnjbyzyhek1zigsx",PAR081696,,32005041-5208-1696-f9b3-10a1bf118168,,,
1984,NYG,DB,DB,0,ACT,Elvis Patterson,Elvis,Patterson,1960-10-21,71,190,,00-0012648,,,,,,,,,,"https://static.www.nfl.com/image/private/f_auto,q_auto/league/smihdmtkipp7xglm9gi7",PAT441235,,32005041-5444-1235-4af7-e6d821b46a45,,,
1984,DAL,QB,QB,0,ACT,Steve Pelluer,Steven,Pelluer,1962-07-29,76,204,,00-0012748,,,,,,,,,,"https://static.www.nfl.com/image/private/f_auto,q_auto/league/u8z9jeni8iiwf18kzzju",PEL726754,,32005045-4c72-6754-301c-a557f5f44baa,,,
1984,RAI,DL,NT,0,ACT,Bill Pickel,William,Pickel,1959-11-05,77,255,,00-0012950,,,,,,,,,,"https://static.www.nfl.com/image/private/f_auto,q_auto/league/c0s3n6smd8qc0xslx4lz",PIC498348,,32005049-4349-8348-44a2-52c501ebc487,,,
1984,ATL,DL,DE,0,ACT,Mike Pitts,Michael,Pitts,1960-09-25,77,260,,00-0013017,,,,,,,,,,"https://static.www.nfl.com/image/private/f_auto,q_auto/league/stbintfokq8c3anisb5r",PIT553720,,32005049-5455-3720-7e2c-486cdaaf1cd6,,,
1984,ATL,LB,OLB,0,ACT,John Rade,John,Rade,1960-08-31,73,214,,00-0013356,,,,,,,,,,"https://static.www.nfl.com/image/private/f_auto,q_auto/league/cbmlgmemozdandcnt9gx",RAD118654,,32005241-4411-8654-25b2-5657f4ca0d42,,,
1984,KC,LB,ILB,0,ACT,Scott Radecic,Jude,Radecic,1962-06-14,75,240,,00-0013358,,,,,,,,,,"https://static.www.nfl.com/image/private/f_auto,q_auto/league/lzx1s7k0pogvv4rtsylb",RAD177981,,32005241-4417-7981-c77f-90686e14b667,,,
1984,NYG,LB,ILB,0,ACT,Gary Reasons,Gary,Reasons,1962-02-18,76,235,,00-0013474,,,,,,,,,,"https://static.www.nfl.com/image/private/f_auto,q_auto/league/hkja8cms3ljonb2l6kfo",REA553720,,32005245-4155-3720-ce10-50a7a3ac1877,,,
1984,PHI,LB,LB,0,ACT,Mike Reichenbach,Jon,Reichenbach,1961-09-14,74,235,,00-0013559,,,,,,,,,,"https://static.www.nfl.com/image/private/f_auto,q_auto/league/qpgmdmfudfwcba2prsnx",REI080379,,32005245-4908-0379-272e-e8e419849dab,,,
1984,CIN,OL,OT,0,ACT,Bruce Reimers,Bruce,Reimers,1960-09-28,79,280,,00-0013577,,,,,,,,,,"https://static.www.nfl.com/image/private/f_auto,q_auto/league/xlzgt3aymth8zqor6v0y",REI589446,,32005245-4958-9446-6664-6f6e32a067da,,,
1984,NE,LB,LB,0,ACT,Johnny Rembert,John,Rembert,1961-01-19,75,234,,00-0013583,,,,,,,,,,"https://static.www.nfl.com/image/private/f_auto,q_auto/league/ld7wwu0h11vhhcyxzake",REM166116,,32005245-4d16-6116-75a9-a52dbb554d39,,,
1984,NE,LB,LB,0,ACT,Ed Reynolds,Edward,Reynolds,1961-09-23,77,230,,00-0013613,,,,,,,,,,"https://static.www.nfl.com/image/private/f_auto,q_auto/league/q0kvkadmq3wph6nf9ch1",REY195428,,32005245-5919-5428-55a1-da70e1a860a4,,,
1984,MIN,RB,RB,0,ACT,Allen Rice,Allen,Rice,1962-04-05,70,200,,00-0013635,,,,,,,,,,"https://static.www.nfl.com/image/private/f_auto,q_auto/league/orunbqyzq19qttbuur3l",RIC042960,,32005249-4304-2960-162d-2dad052dab6c,,,
1984,ATL,RB,RB,0,ACT,Gerald Riggs,Gerald,Riggs,1960-11-06,73,230,,00-0013738,,,,,,,,,,"https://static.www.nfl.com/image/private/f_auto,q_auto/league/b95dwlkkxg4a63p4xz7d",RIG415288,,32005249-4741-5288-ed2e-3dbccb0990b9,,,
1984,BUF,OL,G,0,ACT,Jim Ritcher,James,Ritcher,1958-05-21,75,251,,00-0013771,,,,,,,,,,"https://static.www.nfl.com/image/private/f_auto,q_auto/league/x2pyqwhyca536cavt87n",RIT276861,,32005249-5427-6861-2258-96db088d841d,,,
1984,CHI,LB,LB,0,ACT,Ron Rivera,Ronald,Rivera,1962-01-07,75,235,,00-0013781,,,,,,,,,,"https://static.www.nfl.com/image/private/f_auto,q_auto/league/ypuhbfkoifoszczar5qi",RIV276861,,32005249-5627-6861-e553-cfad10e10c77,,,
1984,DEN,DB,S,0,ACT,Randy Robbins,Randy,Robbins,1962-09-14,74,182,,00-0013801,,,,,,,,,,"https://static.www.nfl.com/image/private/f_auto,q_auto/league/tuoe55nblgg3ey2q9uig",ROB063196,,3200524f-4206-3196-3239-1fc95b83b491,,,
1984,STL,OL,OT,0,ACT,Tootie Robbins,James,Robbins,1958-06-02,77,278,,00-0013802,,,,,,,,,,"https://static.www.nfl.com/image/private/f_auto,q_auto/league/pfa1qw7rivuu9fx1cquo",ROB036112,,3200524f-4203-6112-43bd-dd89d714ed8f,,,
1984,NYG,OL,OT,0,ACT,William Roberts,William,Roberts,1962-08-05,77,275,,00-0013827,,,,,,,,,,"https://static.www.nfl.com/image/private/f_auto,q_auto/league/lmcgsxv1iehtz0fnetyx",ROB293396,,3200524f-4229-3396-b56a-5e8ce116b3b8,,,
1984,KC,DB,DB,0,ACT,Mark Robinson,Mark,Robinson,1962-09-13,71,206,,00-0013889,,,,,,,,,,"https://static.www.nfl.com/image/private/f_auto,q_auto/league/q8k9sbjnz3dbbjkbrcpj",ROB631960,,3200524f-4263-1960-2782-185b0e060b5f,,,
1984,MIA,SPEC,P,0,ACT,Reggie Roby,Reginald,Roby,1961-07-30,75,243,,00-0013916,,,,,,,,,,"https://static.www.nfl.com/image/private/f_auto,q_auto/league/ptg4t5wyvmgpo2vc5agc",ROB821548,,3200524f-4282-1548-de4b-fed734194ce6,,,
1984,KC,DB,CB,0,ACT,Kevin Ross,Kevin,Ross,1962-01-16,69,180,,00-0014062,,,,,,,,,,"https://static.www.nfl.com/image/private/f_auto,q_auto/league/zmuzdqgjloiz8pgapbik",ROS616980,,3200524f-5361-6980-89d4-da4d261d2514,,,
1984,NYG,QB,QB,0,ACT,Jeff Rutledge,Jeffrey,Rutledge,1957-01-22,73,195,,00-0014208,,,,,,,,,,"https://static.www.nfl.com/image/private/f_auto,q_auto/league/fzvky5tblnydphnxfgsd",RUT738296,,32005255-5473-8296-6e1b-10928307ea4f,,,
1984,NYJ,QB,QB,0,ACT,Pat Ryan,Patrick,Ryan,1955-09-16,75,210,,00-0014225,,,,,,,,,,"https://static.www.nfl.com/image/private/f_auto,q_auto/league/ew5hmxj34sp3hdqpj8zw",RYA692150,,32005259-4169-2150-8262-b562101e8515,,,
1984,HOU,OL,OT,0,ACT,Harvey Salem,Harvey,Salem,1961-01-15,78,274,,00-0014266,,,,,,,,,,"https://static.www.nfl.com/image/private/f_auto,q_auto/league/cw9r706cgbquuuyika4y",SAL387604,,32005341-4c38-7604-99f1-d7611acd246f,,,
1984,ATL,OL,OT,0,ACT,Eric Sanders,Eric,Sanders,1958-10-22,78,255,,00-0014326,,,,,,,,,,"https://static.www.nfl.com/image/private/f_auto,q_auto/league/hwwtycwukfevtggou4ih",SAN300407,,32005341-4e30-0407-3d0c-37520305cac2,,,
1984,SF,OL,G,0,ACT,Jesse Sapolu,Manase,Sapolu,1961-03-10,76,260,,00-0014354,,,,,,,,,,"https://static.www.nfl.com/image/private/f_auto,q_auto/league/whhck5gdpbzevftjv0aa",SAP415290,,32005341-5041-5290-f891-991f6d1a1621,,,
1984,SEA,OL,G,0,ACT,Adam Schreiber,Adam,Schreiber,1962-02-20,76,284,,00-0014486,,,,,,,,,,"https://static.www.nfl.com/image/private/f_auto,q_auto/league/lw67jkldom891bzxus9t",SCH498318,,32005343-4849-8318-3d09-c58e236c847d,,,
1984,WAS,QB,QB,0,ACT,Jay Schroeder,Jay,Schroeder,1961-06-28,76,215,,00-0014490,,,,,,,,,,"https://static.www.nfl.com/image/private/f_auto,q_auto/league/s7029osiaxseohwol3la",SCH519984,,32005343-4851-9984-93d2-439234350fe6,,,
1984,RAI,WR,WR,0,ACT,Sam Seale,Samuel,Seale,1962-10-06,69,175,,00-0014607,,,,,,,,,,"https://static.www.nfl.com/image/private/f_auto,q_auto/league/s5dmba2etzvrydzvvaby",SEA305998,,32005345-4130-5998-7534-d0d94608ca78,,,
1984,STL,OL,OT,0,ACT,Luis Sharpe,Luis,Sharpe,1960-06-16,77,260,,00-0014720,,,,,,,,,,"https://static.www.nfl.com/image/private/f_auto,q_auto/league/ljq3kd1phepixk38qkli",SHA447237,,32005348-4144-7237-b025-dcab3bbc1a8c,,,
1984,NYJ,TE,TE,0,ACT,Mickey Shuler,Mickey,Shuler,1956-08-21,75,236,,00-0014844,,,,,,,,,,"https://static.www.nfl.com/image/private/f_auto,q_auto/league/ii1j0fdjy5l4rjpnfwpp",SHU332232,,32005348-5533-2232-1fc1-4b189e27c700,,,
1984,NYG,QB,QB,0,ACT,Phil Simms,Phillip,Simms,1954-11-03,75,216,,00-0014922,,,,,,,,,,"https://static.www.nfl.com/image/private/f_auto,q_auto/league/lhzj6vxddl0epe3sj0h8",SIM342758,,32005349-4d34-2758-f408-34c93a91e732,,,
1984,CHI,LB,MLB,0,ACT,Mike Singletary,Michael,Singletary,1958-10-09,72,230,,00-0014988,,,,,,,,,,"https://static.www.nfl.com/image/private/f_auto,q_auto/league/ge7hvicgirmq04dvzm8u",SIN207644,,32005349-4e20-7644-a69b-c186d4a42e0d,,,
1984,SEA,WR,WR,0,ACT,Paul Skansi,Paul,Skansi,1960-01-11,71,190,,00-0015011,,,,,,,,,,"https://static.www.nfl.com/image/private/f_auto,q_auto/league/a8lddhfuhndz9rgubmnj",SKA415290,,3200534b-4141-5290-93cb-d7de1680d108,,,
1984,RAM,OL,OT,0,ACT,Jackie Slater,Jackie,Slater,1954-05-27,76,280,,00-0015035,,,,,,,,,,"https://static.www.nfl.com/image/private/f_auto,q_auto/league/m92iuko3ddgrhcwhnldy",SLA363377,,3200534c-4136-3377-13fe-7f321cb0819c,,,
1984,BUF,DL,NT,0,ACT,Fred Smerlas,Frederic,Smerlas,1957-04-08,75,270,,00-0015072,,,,,,,,,,"https://static.www.nfl.com/image/private/f_auto,q_auto/league/lfz95g1nqs3op24aaxij",SME664464,,3200534d-4566-4464-a7bd-1b1a8cdcb33f,,,
1984,SD,LB,ILB,0,ACT,Billy Ray Smith Jr.,Billy,Smith,1961-08-10,75,231,,00-0015102,,,,,,,,,,"https://static.www.nfl.com/image/private/f_auto,q_auto/league/lwlz9qdpdsfcwgadyaag",SMI069600,,3200534d-4906-9600-a98f-a6a263440a9b,,,
1984,DEN,DB,S,0,ACT,Dennis Smith,Dennis,Smith,1959-02-03,75,200,,00-0015146,,,,,,,,,,"https://static.www.nfl.com/image/private/f_auto,q_auto/league/pmntutaiaumrq4o3vdbx",SMI194880,,3200534d-4919-4880-8b02-a2311477a619,,,
1984,STL,DB,S,0,ACT,Leonard Smith,Leonard,Smith,1960-09-02,71,190,,00-0015249,,,,,,,,,,"https://static.www.nfl.com/image/private/f_auto,q_auto/league/tcotahbkwz2zdmres0r6",SMI491840,,3200534d-4949-1840-ad2d-cf7e5fbb7abf,,,
1984,HOU,DL,NT,0,ACT,Brian Sochia,Brian,Sochia,1961-07-02,75,252,,00-0015380,,,,,,,,,,"https://static.www.nfl.com/image/private/f_auto,q_auto/league/twdsphh4epitoulfkvqa",SOC415291,,3200534f-4341-5291-efee-94ac0b54a599,,,
1984,IND,OL,G,0,ACT,Ron Solt,Ronald,Solt,1962-05-19,75,265,,00-0015396,,,,,,,,,,"https://static.www.nfl.com/image/private/f_auto,q_auto/league/l9hzfuvkfuih0zyupenx",SOL553722,,3200534f-4c55-3722-988c-36cb29791acf,,,
1984,IND,SPEC,P,0,ACT,Rohn Stark,Rohn,Stark,1959-05-04,75,195,,00-0015572,,,,,,,,,,"https://static.www.nfl.com/image/private/f_auto,q_auto/league/qfft9qxvqwqfkzv9cq0g",STA558256,,32005354-4155-8256-92a7-1883fdbfe0d3,,,
1984,HOU,OL,OT,0,ACT,Dean Steinkuhler,Dean,Steinkuhler,1961-01-27,75,275,,00-0015621,,,,,,,,,,"https://static.www.nfl.com/image/private/f_auto,q_auto/league/x7a5etgiol99bvcxhmnk",STE264264,,32005354-4526-4264-a419-06e4aed34bac,,,
1984,PHI,DL,DE,0,ACT,Thomas Strauthers,Thomas,Strauthers,1961-04-06,76,255,,00-0015806,,,,,,,,,,"https://static.www.nfl.com/image/private/f_auto,q_auto/league/dw8qo72ib9dtd5olfwts",STR267463,,32005354-5226-7463-c9be-1bfa6121f231,,,
1984,NYJ,OL,G,0,ACT,Jim Sweeney,James,Sweeney,1962-08-08,76,260,,00-0015962,,,,,,,,,,"https://static.www.nfl.com/image/private/f_auto,q_auto/league/bd0e5sz40gmh7ctwerkp",SWE177981,,32005357-4517-7981-14be-abfd2c246fbb,,,
1984,BUF,LB,OLB,0,ACT,Darryl Talley,Darryl,Talley,1960-07-10,76,231,,00-0016029,,,,,,,,,,"https://static.www.nfl.com/image/private/f_auto,q_auto/league/y8mr0c7ltwaqy5m4vstp",TAL533943,,32005441-4c53-3943-b77f-ef7a1b507bbb,,,
1984,NYG,LB,OLB,0,ACT,Lawrence Taylor,Lawrence,Taylor,1959-02-04,75,237,,00-0016128,,,,,,,,,,"https://static.www.nfl.com/image/private/f_auto,q_auto/league/iecfuykbns6xh1znmd9c",TAY508500,,32005441-5950-8500-bfae-ca45a296ec9c,,,
1984,SEA,DB,DB,0,ACT,Terry Taylor,Terry,Taylor,1961-07-18,70,175,,00-0016145,,,,,,,,,,"https://static.www.nfl.com/image/private/f_auto,q_auto/league/bjtj2522ihcrvium88uh",TAY728850,,32005441-5972-8850-bc34-5f7d7a3e68b6,,,
1984,IND,DL,DE,0,ACT,Donnell Thompson,Lawrence,Thompson,1958-10-27,76,254,,00-0016375,,,,,,,,,,"https://static.www.nfl.com/image/private/f_auto,q_auto/league/ez39x1ckfmzr8kiyz2fh",THO618324,,32005448-4f61-8324-9407-ef3a51f04c5a,,,
1984,NO,TE,TE,0,ACT,John Tice,John,Tice,1960-06-22,77,242,,00-0016456,,,,,,,,,,"https://static.www.nfl.com/image/private/f_auto,q_auto/league/hf3jxidiucv3jkhczacc",TIC276861,,32005449-4327-6861-fdaf-5bf1a25a7959,,,
1984,SEA,TE,TE,0,ACT,Mike Tice,Michael,Tice,1959-02-02,79,250,,00-0016457,,,,,,,,,,"https://static.www.nfl.com/image/private/f_auto,q_auto/league/bwznyn9jyntlfwagub5o",TIC553722,,32005449-4355-3722-4599-b756f5505ee6,,,
1984,NE,LB,OLB,0,ACT,Andre Tippett,Andre,Tippett,1959-12-27,75,231,,00-0016495,,,,,,,,,,"https://static.www.nfl.com/image/private/f_auto,q_auto/league/zcovthmmsi7sahgvxnq8",TIP103822,,32005449-5010-3822-5523-7f4f50799f3e,,,
1984,RAI,DL,DE,0,ACT,Greg Townsend,Gregory,Townsend,1961-11-03,75,240,,00-0016578,,,,,,,,,,"https://static.www.nfl.com/image/private/f_auto,q_auto/league/hwnynib0tdt4x60kb2ox",TOW702801,,3200544f-5770-2801-aafc-f34bf193a3a0,,,
1984,DAL,DL,DT,71,ACT,Mark Tuinei,Mark,Tuinei,1960-03-31,77,270,,00-0016673,,,,,,,,,,"https://static.www.nfl.com/image/private/f_auto,q_auto/league/oozrmjs8rmzu1dyxqrsh",TUI498348,,32005455-4949-8348-1d81-80d78dfcb075,,,
1984,GB,OL,G,0,ACT,Keith Uecker,Richard,Uecker,1960-06-20,77,260,,00-0016779,,,,,,,,,,"https://static.www.nfl.com/image/private/f_auto,q_auto/league/b1npufzicbouy3tft5tn",UEC415291,,32005545-4341-5291-73a5-5cc7f9f5680a,,,
1984,CHI,OL,OT,0,ACT,Keith Van Horne,Keith,Van Horne,1957-11-06,78,265,,00-0016823,,,,,,,,,,"https://static.www.nfl.com/image/private/f_auto,q_auto/league/o16iqsh39frrswucv4dm",VAN606096,,32005641-4e60-6096-61dc-ef674257f726,,,
1984,DAL,DB,CB,0,ACT,Everson Walls,Everson,Walls,1959-12-28,73,194,,00-0017104,,,,,,,,,,"https://static.www.nfl.com/image/private/f_auto,q_auto/league/hgtm9082ywudgwu3p1qa",WAL543048,,32005741-4c54-3048-1b3e-20e865897d30,,,
1984,SF,LB,LB,0,ACT,Michael Walter,Michael,Walter,1960-11-30,75,230,,00-0017128,,,,,,,,,,"https://static.www.nfl.com/image/private/f_auto,q_auto/league/wa2xxjwn6jbsyft5elcx",WAL654852,,32005741-4c65-4852-659b-53ef28a3b13c,,,
1984,WAS,TE,TE,0,ACT,Don Warren,Donald,Warren,1956-05-05,76,242,,00-0017212,,,,,,,,,,"https://static.www.nfl.com/image/private/f_auto,q_auto/league/wcabs11zkwaq9eaxzbj3",WAR611996,,32005741-5261-1996-a79a-298855f7dd81,,,
1984,NO,DL,DE,0,ACT,Frank Warren,Frank,Warren,1959-09-14,76,275,,00-0017213,,,,,,,,,,"https://static.www.nfl.com/image/private/f_auto,q_auto/league/zo6jgr1fnrl4praq7rcj",WAR633853,,32005741-5263-3853-518e-71814edcd73b,,,
1984,STL,DB,CB,0,ACT,Lionel Washington,Lionel,Washington,1960-10-21,72,184,,00-0017256,,,,,,,,,,"https://static.www.nfl.com/image/private/f_auto,q_auto/league/qt1y6himlxnfozdekhvl",WAS511128,,32005741-5351-1128-3896-f6a5bbe17ac4,,,
1984,PHI,DB,DB,0,ACT,Andre Waters,Andre,Waters,1962-03-10,71,182,,00-0017285,,,,,,,,,,"https://static.www.nfl.com/image/private/f_auto,q_auto/league/mcdpuuwjyzax8us1lpgg",WAT043714,,32005741-5404-3714-9692-92226f38f486,,,
1984,NO,DB,CB,0,ACT,Dave Waymer,David,Waymer,1958-07-01,73,195,,00-0017339,,,,,,,,,,"https://static.www.nfl.com/image/private/f_auto,q_auto/league/cru3vme0xcqkhu8wycqj",WAY415290,,32005741-5941-5290-34d1-43634d461319,,,
1984,NE,WR,WR,0,ACT,Clarence Weathers,Clarence,Weathers,1962-01-10,69,170,,00-0017343,,,,,,,,,,"https://static.www.nfl.com/image/private/f_auto,q_auto/league/jzb6xucn8dwwjcbbohg6",WEA276857,,32005745-4127-6857-c7e5-369b7aa42039,,,
1984,GB,TE,TE,0,ACT,Ed West,Edward,West,1961-08-02,73,242,,00-0017452,,,,,,,,,,"https://static.www.nfl.com/image/private/f_auto,q_auto/league/tiztplomwmzyqvdjnici",WES221488,,32005745-5322-1488-af89-7a6e7c97bbf8,,,
1984,RAM,LB,OLB,0,ACT,Mike Wilcher,Michael,Wilcher,1960-03-20,75,235,,00-0017657,,,,,,,,,,"https://static.www.nfl.com/image/private/f_auto,q_auto/league/siipisfww5hhfqpmphvf",WIL016155,,32005749-4c01-6155-a1a0-7431e9f7314c,,,
1984,NO,DL,DE,0,ACT,Jim Wilks,Jimmy,Wilks,1958-03-12,77,252,,00-0017703,,,,,,,,,,"https://static.www.nfl.com/image/private/f_auto,q_auto/league/fmuzzeate790yodr7njx",WIL106623,,32005749-4c10-6623-4548-ee15fbcc0fba,,,
1984,DET,DL,DT,0,ACT,Eric Williams,Eric,Williams,1962-02-24,76,260,,00-0017790,,,,,,,,,,"https://static.www.nfl.com/image/private/f_auto,q_auto/league/pwblpirfinmskgpcbjty",WIL268173,,32005749-4c26-8173-8e96-df8adebbfb87,,,
1984,HOU,TE,TE,0,ACT,Jamie Williams,Jamie,Williams,1960-02-25,76,230,,00-0017823,,,,,,,,,,"https://static.www.nfl.com/image/private/f_auto,q_auto/league/tfr9dcfdjybqjz5xhae5",WIL345717,,32005749-4c34-5717-db91-0aa9af8f8a8e,,,
1984,SD,DL,DE,0,ACT,Lee Williams,Lee,Williams,1962-10-15,78,270,,00-0017867,,,,,,,,,,"https://static.www.nfl.com/image/private/f_auto,q_auto/league/tryzqtfno5aluxcxdquf",WIL423261,,32005749-4c42-3261-c7cd-fa8606a77695,,,
1984,NYG,DB,CB,0,ACT,Perry Williams,Perry,Williams,1961-05-12,74,195,,00-0017902,,,,,,,,,,"https://static.www.nfl.com/image/private/f_auto,q_auto/league/h46iqx0upklmzegh3q9a",WIL468120,,32005749-4c46-8120-fd66-843959189b9c,,,
1984,PIT,DL,DE,0,ACT,Keith Willis,Keith,Willis,1959-07-29,73,251,,00-0017978,,,,,,,,,,"https://static.www.nfl.com/image/private/f_auto,q_auto/league/d2vh2dkjfiqulz410acn",WIL604197,,32005749-4c60-4197-e938-0693864961ea,,,
1984,MIN,QB,QB,0,ACT,Wade Wilson,Charles,Wilson,1959-02-01,75,210,,00-0018073,,,,,,,,,,"https://static.www.nfl.com/image/private/f_auto,q_auto/league/jqkevkzjckstueaaha3z",WIL662355,,32005749-4c66-2355-664a-d30870613cfa,,,
1984,PIT,OL,G,0,ACT,Craig Wolfley,Craig,Wolfley,1958-05-19,73,265,,00-0018158,,,,,,,,,,"https://static.www.nfl.com/image/private/f_auto,q_auto/league/y6ewtrfuvuvdtugzla3j",WOL447237,,3200574f-4c44-7237-56e3-b718e20961c3,,,
1984,ATL,DB,CB,0,ACT,Jim Britt,James,Britt,1960-09-12,72,185,,,,,,,,,,,,"https://static.www.nfl.com/image/private/f_auto,q_auto/league/bw2ftfkurl0ahsbbuqyh",,,,,,
1984,DEN,LB,LB,0,ACT,Ricky Hunley,Ricky,Hunley,1961-11-11,74,237,,,,,,,,,,,,"https://static.www.nfl.com/image/private/f_auto,q_auto/league/msbmqvmk4madwvuy2hyy",,,,,,
1984,DEN,LB,OLB,0,ACT,Tom Jackson,Thomas,Jackson,1951-04-04,71,220,,,,,,,,,,,,"https://static.www.nfl.com/image/private/f_auto,q_auto/league/p5jr2ksnffg6maea4c0u",,,,,,
1984,ATL,DB,DB,0,ACT,Blane Gaison,Blane,Gaison,1958-05-13,72,185,,,,,,,,,,,,"https://static.www.nfl.com/image/private/f_auto,q_auto/league/usab6lzbnku3shtiwmkv",,,,,,
1984,ATL,DB,DB,0,ACT,Steve Haworth,Steven,Haworth,1961-09-16,71,189,,,,,,,,,,,,"https://static.www.nfl.com/image/private/f_auto,q_auto/league/lab8tarfbzmywwzoyzmc",,,,,,
1984,ATL,DB,FS,0,ACT,Kenny Johnson,Kenneth,Johnson,1958-01-07,70,176,,,,,,,,,,,,"https://static.www.nfl.com/image/private/f_auto,q_auto/league/podfkoyt9zkhqzwfojhd",,,,,,
1984,ATL,DB,S,0,ACT,Tom Pridemore,Lawrence,Pridemore,1956-04-29,70,186,,,,,,,,,,,,"https://static.www.nfl.com/image/private/f_auto,q_auto/league/pgohjq6ldvprmxfhn9h4",,,,,,
1984,ATL,DB,DB,0,ACT,Gerald Small,Gerald,Small,1956-08-10,71,192,,,,,,,,,,,,"https://static.www.nfl.com/image/private/f_auto,q_auto/league/tkgbtwbbk7arsf577nfb",,,,,,
1984,ATL,DL,DT,0,ACT,Dan Benish,Daniel,Benish,1960-11-21,77,259,,,,,,,,,,,,"https://static.www.nfl.com/image/private/f_auto,q_auto/league/vnqo2hr7681favk6gjuf",,,,,,
1984,DEN,OL,G,0,ACT,Mark Cooper,Mark,Cooper,1960-02-14,77,270,,,,,,,,,,,,"https://static.www.nfl.com/image/private/f_auto,q_auto/league/kevp0yweedqh2xyckh9e",,,,,,
1984,ATL,DL,DT,0,ACT,Gary Burley,Gary,Burley,1952-12-08,75,272,,,,,,,,,,,,"https://static.www.nfl.com/image/private/f_auto,q_auto/league/zdvqv6g115ltgomojewz",,,,,,
1984,ATL,DL,DT,0,ACT,Roy Harris,Roy,Harris,1961-03-26,74,261,,,,,,,,,,,,"https://static.www.nfl.com/image/private/f_auto,q_auto/league/bazfx6nlg5hpyyr5dk8o",,,,,,
1984,DEN,OL,OT,0,ACT,Winford Hood,Winford,Hood,1962-03-29,75,262,,,,,,,,,,,,"https://static.www.nfl.com/image/private/f_auto,q_auto/league/mgwkjnaqcbclhicltvsa",,,,,,
1984,ATL,DL,DE,0,ACT,Andrew Provence,Andrew,Provence,1961-03-08,75,265,,,,,,,,,,,,"https://static.www.nfl.com/image/private/f_auto,q_auto/league/rcootaqrud7cpciso6i8",,,,,,
1984,ATL,DL,DE,0,ACT,Don Smith,Donald,Smith,1957-05-09,77,248,,,,,,,,,,,,"https://static.www.nfl.com/image/private/f_auto,q_auto/league/g0cb16y46yg1g7fm5p2d",,,,,,
1984,ATL,DL,DE,0,ACT,Jeff Yeates,Jeffrey,Yeates,1951-08-03,75,248,,,,,,,,,,,,"https://static.www.nfl.com/image/private/f_auto,q_auto/league/cmlfisdfncrvyrl70iwt",,,,,,
1984,ATL,LB,LB,0,ACT,Thomas Benson,Thomas,Benson,1961-09-06,74,235,,,,,,,,,,,,"https://static.www.nfl.com/image/private/f_auto,q_auto/league/xi7c14bydorqom3wwuja",,,,,,
1984,ATL,LB,MLB,0,ACT,Buddy Curry,George,Curry,1958-06-04,76,221,,,,,,,,,,,,"https://static.www.nfl.com/image/private/f_auto,q_auto/league/lp62onmpqksx4hkr3t8z",,,,,,
1984,ATL,LB,OLB,0,ACT,David Frye,David,Frye,1961-06-21,74,200,,,,,,,,,,,,"https://static.www.nfl.com/image/private/f_auto,q_auto/league/nxjhhba7ybruoqf3liwe",,,,,,
1984,ATL,LB,LB,0,ACT,Jeff Jackson,Jeffery,Jackson,1961-10-09,73,235,,,,,,,,,,,,"https://static.www.nfl.com/image/private/f_auto,q_auto/league/m2y0wemannhcjkqzlduq",,,,,,
1984,ATL,LB,LB,0,ACT,Fulton Kuykendall,Fulton,Kuykendall,1953-06-10,76,210,,,,,,,,,,,,"https://static.www.nfl.com/image/private/f_auto,q_auto/league/fjagee0vfo4kszzsk3sb",,,,,,
1984,ATL,LB,LB,0,ACT,Dave Levenick,David,Levenick,1959-05-28,75,222,,,,,,,,,,,,"https://static.www.nfl.com/image/private/f_auto,q_auto/league/shm6vqyyvr6pwdmddnpn",,,,,,
1984,ATL,LB,LB,0,ACT,Rydell Malancon,Rydell,Malancon,1962-01-10,74,219,,,,,,,,,,,,"https://static.www.nfl.com/image/private/f_auto,q_auto/league/vr1yunxxcpzfbwbnf0nl",,,,,,
1984,DEN,RB,RB,0,ACT,Rick Parros,Rick,Parros,1958-06-14,71,200,,,,,,,,,,,,"https://static.www.nfl.com/image/private/f_auto,q_auto/league/fuoiv63mwol9n6iepodf",,,,,,
1984,ATL,LB,OLB,0,ACT,Al Richardson,Alpette,Richardson,1957-09-23,74,206,,,,,,,,,,,,"https://static.www.nfl.com/image/private/f_auto,q_auto/league/mqgei2mjdmcwlazyrbpk",,,,,,
1984,ATL,LB,LB,0,ACT,Johnny Taylor,John,Taylor,1961-06-21,76,234,,,,,,,,,,,,"https://static.www.nfl.com/image/private/f_auto,q_auto/league/lwsjblobjjokjf0lnndz",,,,,,
1984,ATL,OL,OT,0,TRC,Warren Bryant,Warren,Bryant,1955-11-11,78,273,,,,,,,,,,,,"https://static.www.nfl.com/image/private/f_auto,q_auto/league/iui5sqibjnox78nq4sg5",,,,,,
1984,ATL,OL,C,0,ACT,Mike Chapman,Michael,Chapman,1961-02-10,76,250,,,,,,,,,,,,"https://static.www.nfl.com/image/private/f_auto,q_auto/league/jalg7gvava8n7qdcacz2",,,,,,
1984,ATL,OL,OT,0,ACT,Dan Dufour,Daniel,Dufour,1960-10-18,77,280,,,,,,,,,,,,"https://static.www.nfl.com/image/private/f_auto,q_auto/league/kwipsnk250zirphfefxx",,,,,,
1984,DEN,TE,TE,0,ACT,John Sawyer,John,Sawyer,1953-07-26,74,230,,,,,,,,,,,,"https://static.www.nfl.com/image/private/f_auto,q_auto/league/hspwiurchhz3ssgzfr98",,,,,,
1984,DEN,TE,TE,0,ACT,Don Summers,Donald,Summers,1961-02-22,76,226,,,,,,,,,,,,"https://static.www.nfl.com/image/private/f_auto,q_auto/league/gxymhcj1zebjyba7tlfm",,,,,,
1984,ATL,OL,C,0,ACT,Joseph Pellegrini,Joseph,Pellegrini,1957-04-08,76,252,,,,,,,,,,,,"https://static.www.nfl.com/image/private/f_auto,q_auto/league/i5qs8nncyahid0qbna15",,,,,,
1984,DEN,WR,WR,0,ACT,Ray Alexander,Vernest,Alexander,1962-01-08,76,177,,,,,,,,,,,,"https://static.www.nfl.com/image/private/f_auto,q_auto/league/bg3asjcizobvrxyxqwks",,,,,,
1984,ATL,OL,G,0,ACT,John Scully,John,Scully,1958-08-02,78,255,,,,,,,,,,,,"https://static.www.nfl.com/image/private/f_auto,q_auto/league/ewvea4n9ia9j9mo7ryu2",,,,,,
1984,ATL,OL,G,0,ACT,R.C. Thielemann,Ray,Thielemann,1955-08-12,76,247,,,,,,,,,,,,"https://static.www.nfl.com/image/private/f_auto,q_auto/league/skwbccybytgpwas5ypz6",,,,,,
1984,ATL,OL,C,0,ACT,Jeff Van Note,Jeffrey,Van Note,1946-02-07,74,247,,,,,,,,,,,,"https://static.www.nfl.com/image/private/f_auto,q_auto/league/tos5d0w8swgxegbtbela",,,,,,
1984,DEN,WR,WR,0,TRC,Zach Thomas,Zachary,Thomas,1960-09-08,72,182,,,,,,,,,,,,"https://static.www.nfl.com/image/private/f_auto,q_auto/league/oa296takgvwn4gojajtp",,,,,,
1984,ATL,QB,QB,0,ACT,Steve Bartkowski,Steven,Bartkowski,1952-11-12,76,213,,,,,,,,,,,,"https://static.www.nfl.com/image/private/f_auto,q_auto/league/vezswr0hfnk222ok87ju",,,,,,
1984,ATL,QB,QB,0,ACT,Bob Holly,Robert,Holly,1960-06-01,74,205,,,,,,,,,,,,"https://static.www.nfl.com/image/private/f_auto,q_auto/league/iyn6arywmtzoakrpyrbp",,,,,,
1984,ATL,QB,QB,0,ACT,Mike Moroski,Michael,Moroski,1957-09-04,76,200,,,,,,,,,,,,"https://static.www.nfl.com/image/private/f_auto,q_auto/league/ilrc9rsovxara03fog9o",,,,,,
1984,ATL,RB,RB,0,ACT,Cliff Austin,Clifford,Austin,1960-03-02,72,190,,,,,,,,,,,,"https://static.www.nfl.com/image/private/f_auto,q_auto/league/besikxbcnvhdnbb7zyhe",,,,,,
1984,ATL,RB,RB,0,ACT,Lynn Cain,Lynn,Cain,1955-10-16,73,205,,,,,,,,,,,,"https://static.www.nfl.com/image/private/f_auto,q_auto/league/hehjobp4p1ixfyk6ikvu",,,,,,
1984,DET,DB,DB,0,ACT,Al Latimer,Albert,Latimer,1957-10-14,71,176,,,,,,,,,,,,"https://static.www.nfl.com/image/private/f_auto,q_auto/league/u79ngzqdhmp79ruby9wk",,,,,,
1984,ATL,RB,RB,0,ACT,Sylvester Stamps,Sylvester,Stamps,1961-02-24,67,166,,,,,,,,,,,,"https://static.www.nfl.com/image/private/f_auto,q_auto/league/rq4vimgmh0kseo5rse25",,,,,,
1984,ATL,RB,RB,0,ACT,Rodney Tate,Rodney,Tate,1959-02-14,71,190,,,,,,,,,,,,"https://static.www.nfl.com/image/private/f_auto,q_auto/league/turbqk9vbqgyiybfdojg",,,,,,
1984,ATL,RB,RB,0,ACT,Tim Tyrrell,Timothy,Tyrrell,1961-02-19,73,201,,,,,,,,,,,,"https://static.www.nfl.com/image/private/f_auto,q_auto/league/mhnd7aaaro5n4l4byzyw",,,,,,
1984,ATL,RB,RB,0,TRC,Richard Williams,Richard,Williams,1960-08-13,72,205,,,,,,,,,,,,"https://static.www.nfl.com/image/private/f_auto,q_auto/league/izitpt8fbklubvlsussi",,,,,,
1984,ATL,SPEC,P,0,ACT,Ralph Giacomarro,Ralph,Giacomarro,1961-01-17,73,190,,,,,,,,,,,,"https://static.www.nfl.com/image/private/f_auto,q_auto/league/ojlccwqbvygnzbwqdagd",,,,,,
1984,ATL,SPEC,K,0,ACT,Mick Luckhurst,Michael,Luckhurst,1958-03-31,73,180,,,,,,,,,,,,"https://static.www.nfl.com/image/private/f_auto,q_auto/league/e6euwcf2vx0xpymjytym",,,,,,
1984,ATL,TE,TE,0,ACT,Cliff Benson,Clifford,Benson,1961-08-28,76,234,,,,,,,,,,,,"https://static.www.nfl.com/image/private/f_auto,q_auto/league/ku4ztunxndzffwhmpbc8",,,,,,
1984,DET,DL,DT,0,ACT,Curtis Green,Curtis,Green,1957-06-03,75,256,,,,,,,,,,,,"https://static.www.nfl.com/image/private/f_auto,q_auto/league/m1nemxaz2fcznt8re6a7",,,,,,
1984,ATL,TE,TE,0,ACT,Mike Landrum,Michael,Landrum,1961-11-06,74,231,,,,,,,,,,,,"https://static.www.nfl.com/image/private/f_auto,q_auto/league/v4je2lro7nihgteyv5cq",,,,,,
1984,ATL,TE,TE,0,ACT,Allama Matthews,Allama,Matthews,1961-08-24,75,230,,,,,,,,,,,,"https://static.www.nfl.com/image/private/f_auto,q_auto/league/ndbnmwgbshizyalazonc",,,,,,
1984,ATL,WR,WR,0,ACT,Stacey Bailey,Stacey,Bailey,1960-02-10,72,162,,,,,,,,,,,,"https://static.www.nfl.com/image/private/f_auto,q_auto/league/aqwut79wcte6eb3xpiwr",,,,,,
1984,ATL,WR,WR,0,ACT,Willie Curran,William,Curran,1959-12-30,70,175,,,,,,,,,,,,"https://static.www.nfl.com/image/private/f_auto,q_auto/league/acuenvafz9ossmiaiqqb",,,,,,
1984,ATL,WR,WR,0,ACT,Floyd Hodge,Floyd,Hodge,1959-07-18,72,195,,,,,,,,,,,,"https://static.www.nfl.com/image/private/f_auto,q_auto/league/ur4gcoezv2bxiv2gumo6",,,,,,
1984,ATL,WR,WR,0,ACT,Alfred Jackson,Alfred,Jackson,1955-08-03,71,176,,,,,,,,,,,,"https://static.www.nfl.com/image/private/f_auto,q_auto/league/t1is1z5lytawrmiknsnj",,,,,,
1984,ATL,WR,WR,0,ACT,Billy Johnson,William,Johnson,1952-01-27,69,170,,,,,,,,,,,,"https://static.www.nfl.com/image/private/f_auto,q_auto/league/th3wsugu08xgopwdevbl",,,,,,
1984,ATL,WR,WR,0,ACT,Virgil Seay,Virgil,Seay,1958-01-01,68,175,,,,,,,,,,,,"https://static.www.nfl.com/image/private/f_auto,q_auto/league/lgj3wnhzdcysxupr62yb",,,,,,
1984,ATL,WR,WR,0,ACT,Perry Tuttle,Perry,Tuttle,1959-08-02,72,178,,,,,,,,,,,,"https://static.www.nfl.com/image/private/f_auto,q_auto/league/wf5k5ivaaq17cqdq2guh",,,,,,
1984,DET,LB,LB,0,ACT,Terry Tautolo,Terry,Tautolo,1954-08-30,74,232,,,,,,,,,,,,"https://static.www.nfl.com/image/private/f_auto,q_auto/league/wz1czgxpiw14tgt1ru2t",,,,,,
1984,BUF,DB,CB,0,ACT,Rodney Bellinger,Rodney,Bellinger,1962-06-04,68,181,,,,,,,,,,,,"https://static.www.nfl.com/image/private/f_auto,q_auto/league/xjf0655ygomccno7npfv",,,,,,
1984,BUF,DB,CB,0,ACT,Brian Carpenter,Brian,Carpenter,1960-11-27,70,167,,,,,,,,,,,,"https://static.www.nfl.com/image/private/f_auto,q_auto/league/a3xyest0i8ku6dfphl8t",,,,,,
1984,BUF,DB,S,0,ACT,Steve Freeman,Steven,Freeman,1953-05-08,71,185,,,,,,,,,,,,"https://static.www.nfl.com/image/private/f_auto,q_auto/league/ebkdzdisfio4mr1vxxxv",,,,,,
1984,BUF,DB,DB,0,ACT,Rod Hill,Rodrick,Hill,1959-03-14,72,185,,,,,,,,,,,,"https://static.www.nfl.com/image/private/f_auto,q_auto/league/el0qdmpq0xayanfj3kyc",,,,,,
1984,BUF,DB,DB,0,ACT,Lawrence Johnson,Lawrence,Johnson,1957-09-11,71,204,,,,,,,,,,,,"https://static.www.nfl.com/image/private/f_auto,q_auto/league/gul4mf681csx4evvghbb",,,,,,
1984,BUF,DB,FS,0,ACT,Rod Kush,Rodney,Kush,1956-12-29,72,188,,,,,,,,,,,,"https://static.www.nfl.com/image/private/f_auto,q_auto/league/wejkdbljynhsnu7hk1wo",,,,,,
1984,BUF,DB,CB,0,ACT,Charles Romes,Charles,Romes,1954-12-16,73,191,,,,,,,,,,,,"https://static.www.nfl.com/image/private/f_auto,q_auto/league/o0v72b0bfpohmp3dsh91",,,,,,
1984,BUF,DB,CB,0,TRD,Lucious Smith,Lucious,Smith,1957-01-17,70,190,,,,,,,,,,,,"https://static.www.nfl.com/image/private/f_auto,q_auto/league/praejpmvxnzyqgu4czke",,,,,,
1984,BUF,DB,CB,0,ACT,Gary Thompson,Gary,Thompson,1959-02-23,72,180,,,,,,,,,,,,"https://static.www.nfl.com/image/private/f_auto,q_auto/league/mjtar1aklr1agugempx1",,,,,,
1984,BUF,DB,DB,0,ACT,Marco Tongue,Marco,Tongue,1960-04-06,69,177,,,,,,,,,,,,"https://static.www.nfl.com/image/private/f_auto,q_auto/league/vod0tjbmc841ddddarya",,,,,,
1984,BUF,DB,DB,0,ACT,Len Walterscheid,Leonard,Walterscheid,1954-09-13,71,190,,,,,,,,,,,,"https://static.www.nfl.com/image/private/f_auto,q_auto/league/fzjvfci6gs7wavjhjs4j",,,,,,
1984,BUF,DB,FS,0,ACT,Don Wilson,Donald,Wilson,1961-07-28,74,190,,,,,,,,,,,,"https://static.www.nfl.com/image/private/f_auto,q_auto/league/sd0cm6jbdwyobufuochw",,,,,,
1984,BUF,DL,NT,0,ACT,Bill Acker,William,Acker,1956-11-07,75,255,,,,,,,,,,,,"https://static.www.nfl.com/image/private/f_auto,q_auto/league/zr12jdbdoerycf8ojopn",,,,,,
1984,BUF,DL,DE,0,ACT,Leroy Howell,Leroy,Howell,1962-11-04,76,235,,,,,,,,,,,,"https://static.www.nfl.com/image/private/f_auto,q_auto/league/ugfzkvlcrqwnic06yxep",,,,,,
1984,BUF,DL,DE,0,ACT,Ken Johnson,Kenneth,Johnson,1955-03-25,77,253,,,,,,,,,,,,"https://static.www.nfl.com/image/private/f_auto,q_auto/league/tlbpc7ijj40k16z3iwmx",,,,,,
1984,BUF,DL,DE,0,ACT,Sean McNanie,Sean,McNanie,1961-09-09,77,252,,,,,,,,,,,,"https://static.www.nfl.com/image/private/f_auto,q_auto/league/eculcjykolteqycrrc7e",,,,,,
1984,BUF,DL,DE,0,ACT,Dean Prater,Troy,Prater,1958-09-29,76,245,,,,,,,,,,,,"https://static.www.nfl.com/image/private/f_auto,q_auto/league/ktm8ukpdpuc0bzyifn4f",,,,,,
1984,DET,RB,RB,0,ACT,Dave D'Addio,David,D'Addio,1961-07-13,74,235,,,,,,,,,,,,"https://static.www.nfl.com/image/private/f_auto,q_auto/league/tvsqhubgww58pkswde0g",,,,,,
1984,BUF,DL,DE,0,TRT,Scott Virkus,Scott,Virkus,1959-09-07,77,248,,,,,,,,,,,,"https://static.www.nfl.com/image/private/f_auto,q_auto/league/jckk0egx2quvsqsqbzuv",,,,,,
1984,BUF,DL,DE,0,ACT,Ben Williams,Robert,Williams,1954-09-01,75,245,,,,,,,,,,,,"https://static.www.nfl.com/image/private/f_auto,q_auto/league/ji62ovtxilnmqtik5ciy",,,,,,
1984,BUF,LB,LB,0,ACT,Joe Azelby,Joseph,Azelby,1962-03-05,73,225,,,,,,,,,,,,"https://static.www.nfl.com/image/private/f_auto,q_auto/league/pqfocf5lpd0gaqlpqlfg",,,,,,
1984,BUF,LB,OLB,0,ACT,Stan David,Stanley,David,1962-02-17,75,210,,,,,,,,,,,,"https://static.www.nfl.com/image/private/f_auto,q_auto/league/dzxzzrmezize1kpxqqci",,,,,,
1984,BUF,LB,ILB,0,ACT,Jim Haslett,James,Haslett,1955-12-09,75,232,,,,,,,,,,,,"https://static.www.nfl.com/image/private/f_auto,q_auto/league/sng3qadvurvum8qwye27",,,,,,
1984,NE,DB,CB,0,ACT,Ernest Gibson,Ernest,Gibson,1961-10-03,70,189,,,,,,,,,,,,"https://static.www.nfl.com/image/private/f_auto,q_auto/league/xq72hxh6m20imtl6udf7",,,,,,
1984,BUF,LB,OLB,0,ACT,Chris Keating,Christopher,Keating,1957-10-12,74,223,,,,,,,,,,,,"https://static.www.nfl.com/image/private/f_auto,q_auto/league/un9z5srl1m9zksazt43j",,,,,,
1984,DET,TE,TE,0,ACT,Reese McCall,Reese,McCall,1956-06-16,78,232,,,,,,,,,,,,"https://static.www.nfl.com/image/private/f_auto,q_auto/league/vvnawlnvtlcaqs04pako",,,,,,
1984,BUF,LB,LB,0,TRD,Mark Merrill,Mark,Merrill,1955-05-05,76,237,,,,,,,,,,,,"https://static.www.nfl.com/image/private/f_auto,q_auto/league/qblopnveeee9huu9ajlv",,,,,,
1984,BUF,LB,LB,0,ACT,Steve Potter,Stephen,Potter,1957-11-06,75,235,,,,,,,,,,,,"https://static.www.nfl.com/image/private/f_auto,q_auto/league/q8xly1klvyemmrpld3zb",,,,,,
1984,BUF,LB,OLB,0,ACT,Lucius Sanford,Lucius,Sanford,1956-02-14,74,216,,,,,,,,,,,,"https://static.www.nfl.com/image/private/f_auto,q_auto/league/ndntsnwpwf5xm8woxcql",,,,,,
1984,DET,WR,WR,0,ACT,Pete Mandley,William,Mandley,1961-07-29,70,191,,,,,,,,,,,,"https://static.www.nfl.com/image/private/f_auto,q_auto/league/ucu1vfjijevonp4zqdbz",,,,,,
1984,BUF,LB,LB,0,ACT,Al Wenglikowski,Alan,Wenglikowski,1960-08-03,73,220,,,,,,,,,,,,"https://static.www.nfl.com/image/private/f_auto,q_auto/league/t6f9rvv6stpllimatslm",,,,,,
1984,BUF,OL,G,0,ACT,Jon Borchardt,Jon,Borchardt,1957-08-13,77,255,,,,,,,,,,,,"https://static.www.nfl.com/image/private/f_auto,q_auto/league/vmmvjos1rstt6in22z1i",,,,,,
1984,BUF,OL,OT,0,ACT,Justin Cross,Justin,Cross,1959-04-29,78,257,,,,,,,,,,,,"https://static.www.nfl.com/image/private/f_auto,q_auto/league/wvjsitnwv7zp9cbevrid",,,,,,
1984,BUF,OL,OT,0,ACT,Joe Devlin,Joseph,Devlin,1954-02-23,77,258,,,,,,,,,,,,"https://static.www.nfl.com/image/private/f_auto,q_auto/league/jhttkbctfivhqld2re94",,,,,,
1984,BUF,OL,C,0,ACT,Will Grant,Wilfred,Grant,1954-03-07,75,248,,,,,,,,,,,,"https://static.www.nfl.com/image/private/f_auto,q_auto/league/yih3kckwcwbygy3ijvwg",,,,,,
1984,BUF,OL,OT,0,ACT,Ken Jones,Kenneth,Jones,1952-12-01,77,252,,,,,,,,,,,,"https://static.www.nfl.com/image/private/f_auto,q_auto/league/rnqtjnwaqjetld5rbeez",,,,,,
1984,BUF,OL,G,0,ACT,Tom Lynch,Thomas,Lynch,1955-05-24,77,256,,,,,,,,,,,,"https://static.www.nfl.com/image/private/f_auto,q_auto/league/rt2ovg4taa8dgpdirdqx",,,,,,
1984,GB,DB,DB,0,ACT,Daryll Jones,Daryll,Jones,1962-03-23,72,190,,,,,,,,,,,,"https://static.www.nfl.com/image/private/f_auto,q_auto/league/fvgkafpwjuoana4awfbt",,,,,,
1984,BUF,OL,G,0,ACT,Tim Vogler,Timothy,Vogler,1956-10-02,75,245,,,,,,,,,,,,"https://static.www.nfl.com/image/private/f_auto,q_auto/league/cwk8rofmcpmgoiaknokk",,,,,,
1984,BUF,QB,QB,0,ACT,Joe Dufek,Joseph,Dufek,1961-08-23,76,215,,,,,,,,,,,,"https://static.www.nfl.com/image/private/f_auto,q_auto/league/sjuxbk59eybn8plek9yc",,,,,,
1984,BUF,QB,QB,0,ACT,Joe Ferguson,Joe,Ferguson,1950-04-23,73,195,,,,,,,,,,,,"https://static.www.nfl.com/image/private/f_auto,q_auto/league/i76emcealpcn4gpsawpp",,,,,,
1984,BUF,QB,QB,0,ACT,Matt Kofler,Matthew,Kofler,1959-08-30,75,192,,,,,,,,,,,,"https://static.www.nfl.com/image/private/f_auto,q_auto/league/d0aftpzypgypu47d5pgi",,,,,,
1984,BUF,RB,RB,0,ACT,Greg Bell,Gregory,Bell,1962-08-01,70,210,,,,,,,,,,,,"https://static.www.nfl.com/image/private/f_auto,q_auto/league/i19vbfsodayvdrqt5b1p",,,,,,
1984,BUF,RB,FB,0,ACT,Booker Moore,Booker,Moore,1959-06-23,71,224,,,,,,,,,,,,"https://static.www.nfl.com/image/private/f_auto,q_auto/league/hgllge2lwfmyt1aavy8m",,,,,,
1984,BUF,RB,FB,0,ACT,Speedy Neal,Robert,Neal,1962-08-26,74,254,,,,,,,,,,,,"https://static.www.nfl.com/image/private/f_auto,q_auto/league/sihclidxh8jp3jaap6ja",,,,,,
1984,BUF,RB,RB,0,ACT,Robb Riddick,Robbert,Riddick,1957-04-26,72,195,,,,,,,,,,,,"https://static.www.nfl.com/image/private/f_auto,q_auto/league/wgfixue76ddiwzvw3jwr",,,,,,
1984,BUF,RB,RB,0,ACT,Van Williams,George,Williams,1959-03-15,72,208,,,,,,,,,,,,"https://static.www.nfl.com/image/private/f_auto,q_auto/league/lx1fy9j0ueojmmwq8pqn",,,,,,
1984,BUF,SPEC,K,0,ACT,Joe Danelo,Joseph,Danelo,1953-09-02,69,166,,,,,,,,,,,,"https://static.www.nfl.com/image/private/f_auto,q_auto/league/sokpcz5hm2nqi5wijye7",,,,,,
1984,GB,DL,DE,0,ACT,Charles Martin,Charles,Martin,1959-08-31,76,270,,,,,,,,,,,,"https://static.www.nfl.com/image/private/f_auto,q_auto/league/t8k9vvsmel5c7ihmcqca",,,,,,
1984,BUF,SPEC,K,0,ACT,Chuck Nelson,Charles,Nelson,1960-02-23,71,175,,,,,,,,,,,,"https://static.www.nfl.com/image/private/f_auto,q_auto/league/c8sn5ohyc43uwqtrtkj5",,,,,,
1984,BUF,TE,TE,0,ACT,Buster Barnett,Buster,Barnett,1958-11-24,77,228,,,,,,,,,,,,"https://static.www.nfl.com/image/private/f_auto,q_auto/league/kpygtwt6gxsrv1wk7mzc",,,,,,
1984,BUF,TE,TE,0,ACT,Mark Brammer,Mark,Brammer,1958-05-03,75,238,,,,,,,,,,,,"https://static.www.nfl.com/image/private/f_auto,q_auto/league/fgoyuhme8wzwvncgi3rb",,,,,,
1984,BUF,TE,TE,0,ACT,Tony Hunter,Tony,Hunter,1960-05-22,76,237,,,,,,,,,,,,"https://static.www.nfl.com/image/private/f_auto,q_auto/league/ecy3kpkpmnmbmsdfp6sp",,,,,,
1984,BUF,TE,TE,0,ACT,Ulysses Norris,Ulysses,Norris,1957-01-15,76,225,,,,,,,,,,,,"https://static.www.nfl.com/image/private/f_auto,q_auto/league/jyn0agpdtkuewzs79wfd",,,,,,
1984,BUF,WR,WR,0,ACT,Mitchell Brookins,Mitchell,Brookins,1960-12-10,71,196,,,,,,,,,,,,"https://static.www.nfl.com/image/private/f_auto,q_auto/league/tfzkjygwjg15atf9l6rl",,,,,,
1984,BUF,WR,WR,0,ACT,Julius Dawkins,Julius,Dawkins,1961-01-04,73,196,,,,,,,,,,,,"https://static.www.nfl.com/image/private/f_auto,q_auto/league/iuh4trwgkn7t4gmus02s",,,,,,
1984,BUF,WR,WR,0,ACT,Preston Dennard,Preston,Dennard,1955-11-28,73,185,,,,,,,,,,,,"https://static.www.nfl.com/image/private/f_auto,q_auto/league/mmv6szii4urtzxthplnw",,,,,,
1984,BUF,WR,WR,0,ACT,Byron Franklin,Byron,Franklin,1958-09-04,73,179,,,,,,,,,,,,"https://static.www.nfl.com/image/private/f_auto,q_auto/league/syjusuxvtlkhyaask1ql",,,,,,
1984,BUF,WR,WR,0,TRC,John Mistler,John,Mistler,1958-10-28,74,186,,,,,,,,,,,,"https://static.www.nfl.com/image/private/f_auto,q_auto/league/mus448t57bnypzwmns38",,,,,,
1984,BUF,WR,WR,0,ACT,Mike Mosley,Michael,Mosley,1958-06-06,74,192,,,,,,,,,,,,"https://static.www.nfl.com/image/private/f_auto,q_auto/league/h2iniqybnlvs4wpjjeyi",,,,,,
1984,BUF,WR,WR,0,ACT,Joseph Smith,Joseph,Smith,1959-06-10,72,190,,,,,,,,,,,,"https://static.www.nfl.com/image/private/f_auto,q_auto/league/hoqdug9hoxzmovldkmpg",,,,,,
1984,BUF,WR,WR,0,ACT,Craig White,Craig,White,1961-10-08,73,194,,,,,,,,,,,,"https://static.www.nfl.com/image/private/f_auto,q_auto/league/zfj2u4juak6bhzhmmptr",,,,,,
1984,CHI,DB,S,0,ACT,Todd Bell,Todd,Bell,1958-11-28,73,207,,,,,,,,,,,,"https://static.www.nfl.com/image/private/f_auto,q_auto/league/zzrdtstwymldpbspdlki",,,,,,
1984,CHI,DB,DB,0,ACT,Dave Duerson,David,Duerson,1960-11-28,73,202,,,,,,,,,,,,"https://static.www.nfl.com/image/private/f_auto,q_auto/league/fuilnprtjkg9vmnwrldy",,,,,,
1984,CHI,DB,FS,0,ACT,Gary Fencik,John,Fencik,1954-06-11,73,190,,,,,,,,,,,,"https://static.www.nfl.com/image/private/f_auto,q_auto/league/kdeua5gbqcldvpcmoad0",,,,,,
1984,CHI,DB,DB,0,ACT,Jeff Fisher,Jeffrey,Fisher,1958-02-25,71,188,,,,,,,,,,,,"https://static.www.nfl.com/image/private/f_auto,q_auto/league/q7mo7mckdel3ecppj9yq",,,,,,
1984,CHI,DB,CB,0,ACT,Leslie Frazier,Leslie,Frazier,1959-04-03,72,189,,,,,,,,,,,,"https://static.www.nfl.com/image/private/f_auto,q_auto/league/xamdewf1zdlzs7dejhyr",,,,,,
1984,GB,OL,C,0,ACT,Larry McCarren,Laurence,McCarren,1951-11-09,75,246,,,,,,,,,,,,"https://static.www.nfl.com/image/private/f_auto,q_auto/league/inwph4au3oepsvqyzdb4",,,,,,
1984,CHI,DB,DB,0,ACT,Kevin Potter,Kevin,Potter,1959-12-19,70,188,,,,,,,,,,,,"https://static.www.nfl.com/image/private/f_auto,q_auto/league/ut8fvknb1iannlfyz1f3",,,,,,
1984,CHI,DB,CB,0,ACT,Mike Richardson,Michael,Richardson,1961-05-23,72,197,,,,,,,,,,,,"https://static.www.nfl.com/image/private/f_auto,q_auto/league/h7jpwpjtsagwu49li7zk",,,,,,
1984,CHI,DB,DB,0,ACT,Terry Schmidt,Terrence,Schmidt,1952-05-28,72,177,,,,,,,,,,,,"https://static.www.nfl.com/image/private/f_auto,q_auto/league/uhhuqgtpoatlu5jhnbre",,,,,,
1984,GB,QB,QB,0,ACT,Rich Campbell,Richard,Campbell,1958-12-22,76,224,,,,,,,,,,,,"https://static.www.nfl.com/image/private/f_auto,q_auto/league/puqupuogusa4wlbjdd9b",,,,,,
1984,CHI,DL,DT,0,ACT,Dan Hampton,Daniel,Hampton,1957-09-19,77,255,,,,,,,,,,,,"https://static.www.nfl.com/image/private/f_auto,q_auto/league/m0aik3u45uipbvgyzcli",,,,,,
1984,CHI,DL,DE,0,ACT,Mike Hartenstine,Michael,Hartenstine,1953-07-27,75,240,,,,,,,,,,,,"https://static.www.nfl.com/image/private/f_auto,q_auto/league/k7ftg4wt6hl8oxustsfu",,,,,,
1984,CHI,DL,DE,0,ACT,Tyrone Keys,Tyrone,Keys,1959-10-24,79,260,,,,,,,,,,,,"https://static.www.nfl.com/image/private/f_auto,q_auto/league/ehz5oygmi633kr39gg7e",,,,,,
1984,GB,RB,RB,0,ACT,Ray Crouse,Marlon,Crouse,1959-03-16,71,214,,,,,,,,,,,,"https://static.www.nfl.com/image/private/f_auto,q_auto/league/qsb5bqk0s6yvkkwom8og",,,,,,
1984,CHI,DL,DT,0,ACT,Jim Osborne,James,Osborne,1949-09-07,75,250,,,,,,,,,,,,"https://static.www.nfl.com/image/private/f_auto,q_auto/league/hq1lzkahhkzbqeppc1b4",,,,,,
1984,CHI,DL,DE,0,ACT,Henry Waechter,Henry,Waechter,1959-02-13,77,270,,,,,,,,,,,,"https://static.www.nfl.com/image/private/f_auto,q_auto/league/k1as0htkddxeeocbsaxq",,,,,,
1984,CHI,LB,LB,0,ACT,Brian Cabral,Kealiihaaheo,Cabral,1956-06-23,73,209,,,,,,,,,,,,"https://static.www.nfl.com/image/private/f_auto,q_auto/league/ktif7phjn8j04vt3a0wh",,,,,,
1984,CHI,LB,OLB,0,ACT,Al Harris,Alfred,Harris,1956-12-31,77,250,,,,,,,,,,,,"https://static.www.nfl.com/image/private/f_auto,q_auto/league/kwrpdo4lnsb7js6igujj",,,,,,
1984,GB,RB,RB,0,ACT,Jimmy Smith,James,Smith,1960-09-25,72,195,,,,,,,,,,,,"https://static.www.nfl.com/image/private/f_auto,q_auto/league/dlqkc311vewzhoptt9xf",,,,,,
1984,CHI,LB,LB,0,ACT,Dan Rains,Daniel,Rains,1956-04-26,73,220,,,,,,,,,,,,"https://static.www.nfl.com/image/private/f_auto,q_auto/league/f5c3kodjg5lpwvpwbtgi",,,,,,
1984,GB,SPEC,K,0,ACT,Eddie Garcia,Edgar,Garcia,1959-04-15,68,178,,,,,,,,,,,,"https://static.www.nfl.com/image/private/f_auto,q_auto/league/agwrzrzmfjyawi88ahtn",,,,,,
1984,GB,SPEC,P,0,ACT,Bucky Scribner,William,Scribner,1960-07-11,72,203,,,,,,,,,,,,"https://static.www.nfl.com/image/private/f_auto,q_auto/league/iq6qjxfvrlkt0qrric8g",,,,,,
1984,CHI,LB,OLB,0,ACT,Otis Wilson,Otis,Wilson,1957-09-15,74,222,,,,,,,,,,,,"https://static.www.nfl.com/image/private/f_auto,q_auto/league/khvppdt7mrvnyzq6a6vs",,,,,,
1984,CHI,OL,OT,0,ACT,Tom Andrews,Thomas,Andrews,1962-01-11,76,261,,,,,,,,,,,,"https://static.www.nfl.com/image/private/f_auto,q_auto/league/zq1ubyx9tlsla5bcmghr",,,,,,
1984,CHI,OL,G,0,ACT,Kurt Becker,Kurt,Becker,1958-12-22,77,251,,,,,,,,,,,,"https://static.www.nfl.com/image/private/f_auto,q_auto/league/nq9lzsbh72uxs6vw2rqb",,,,,,
1984,NO,DL,NT,0,ACT,Tony Elliott,Anthony,Elliott,1959-04-23,74,247,,,,,,,,,,,,"https://static.www.nfl.com/image/private/f_auto,q_auto/league/gysgtn8wdeyd1feakp3z",,,,,,
1984,GB,WR,WR,0,ACT,Ron Cassidy,Ronald,Cassidy,1957-07-23,72,184,,,,,,,,,,,,"https://static.www.nfl.com/image/private/f_auto,q_auto/league/jk28z29ru7k9cwzuhibc",,,,,,
1984,CHI,OL,G,0,ACT,Rob Fada,Robert,Fada,1961-05-07,74,258,,,,,,,,,,,,"https://static.www.nfl.com/image/private/f_auto,q_auto/league/cgoxdgzudz26eoftrxz2",,,,,,
1984,CHI,OL,OT,0,ACT,Andy Frederick,Andrew,Frederick,1954-07-25,78,241,,,,,,,,,,,,"https://static.www.nfl.com/image/private/f_auto,q_auto/league/qiulvmtzlvzvsj47c7ze",,,,,,
1984,NO,DL,DT,0,ACT,Don Thorp,Donald,Thorp,1962-07-10,76,238,,,,,,,,,,,,"https://static.www.nfl.com/image/private/f_auto,q_auto/league/fagkq32rgkt9giqthjvf",,,,,,
1984,CHI,OL,G,0,ACT,Stefan Humphries,Stefan,Humphries,1962-01-20,75,265,,,,,,,,,,,,"https://static.www.nfl.com/image/private/f_auto,q_auto/league/pb1j9tujd54emtdp6odu",,,,,,
1984,HOU,DB,DB,0,ACT,Patrick Allen,Lloyd,Allen,1961-08-26,70,173,,,,,,,,,,,,"https://static.www.nfl.com/image/private/f_auto,q_auto/league/wmlj88l6ys6nlju9ttrz",,,,,,
1984,CHI,QB,QB,0,TRC,Bob Avellini,Robert,Avellini,1953-08-28,74,208,,,,,,,,,,,,"https://static.www.nfl.com/image/private/f_auto,q_auto/league/tgl1g39ujpswzxt64yci",,,,,,
1984,CHI,QB,QB,0,ACT,Steve Fuller,Stephen,Fuller,1957-01-05,76,198,,,,,,,,,,,,"https://static.www.nfl.com/image/private/f_auto,q_auto/league/pwpriz9wpd0epedysmbl",,,,,,
1984,CHI,QB,QB,0,ACT,Greg Landry,Gregory,Landry,1946-12-18,76,210,,,,,,,,,,,,"https://static.www.nfl.com/image/private/f_auto,q_auto/league/z4iewz102t4jrdsayiz0",,,,,,
1984,CHI,QB,QB,0,ACT,Rusty Lisch,Russell,Lisch,1956-12-21,75,213,,,,,,,,,,,,"https://static.www.nfl.com/image/private/f_auto,q_auto/league/tsixqrsmrpmqv5nluo7c",,,,,,
1984,HOU,DB,FS,0,ACT,Carter Hartwig,Carter,Hartwig,1956-02-27,72,205,,,,,,,,,,,,"https://static.www.nfl.com/image/private/f_auto,q_auto/league/dx2aqhwfnvbyo0vjhx99",,,,,,
1984,HOU,DB,DB,0,ACT,Mike Kennedy,Michael,Kennedy,1959-02-26,72,195,,,,,,,,,,,,"https://static.www.nfl.com/image/private/f_auto,q_auto/league/jibwbxme7jgu7brjfdhi",,,,,,
1984,CHI,RB,RB,0,ACT,Anthony Hutchison,Anthony,Hutchison,1961-02-04,70,180,,,,,,,,,,,,"https://static.www.nfl.com/image/private/f_auto,q_auto/league/eydvwgs0hadmv8sdf9mn",,,,,,
1984,CHI,RB,RB,0,ACT,Donald Jordan,Donald,Jordan,1962-02-09,72,210,,,,,,,,,,,,"https://static.www.nfl.com/image/private/f_auto,q_auto/league/mf1nadssgahr41l3s1sw",,,,,,
1984,CHI,RB,RB,0,ACT,Walter Payton,Walter,Payton,1954-07-25,70,200,,,,,,,,,,,,"https://static.www.nfl.com/image/private/f_auto,q_auto/league/yjatyzmf5yhgs0v9qcze",,,,,,
1984,CHI,RB,RB,0,ACT,Matt Suhey,Matthew,Suhey,1958-07-07,71,217,,,,,,,,,,,,"https://static.www.nfl.com/image/private/f_auto,q_auto/league/ttcwdlgssxl8vgosj06j",,,,,,
1984,CHI,RB,RB,0,ACT,Calvin Thomas,Calvin,Thomas,1960-01-07,71,220,,,,,,,,,,,,"https://static.www.nfl.com/image/private/f_auto,q_auto/league/bw6sirik6acjjdmqtjbb",,,,,,
1984,CHI,SPEC,P,0,ACT,Dave Finzer,David,Finzer,1959-02-03,73,195,,,,,,,,,,,,"https://static.www.nfl.com/image/private/f_auto,q_auto/league/ulon9rtskqyz72tafiht",,,,,,
1984,CHI,SPEC,K,0,ACT,Bob Thomas,Robert,Thomas,1952-08-07,70,178,,,,,,,,,,,,"https://static.www.nfl.com/image/private/f_auto,q_auto/league/qdbpyijzkbiomplsh1jv",,,,,,
1984,CHI,TE,TE,0,ACT,Pat Dunsmore,Patrick,Dunsmore,1957-10-02,75,237,,,,,,,,,,,,"https://static.www.nfl.com/image/private/f_auto,q_auto/league/kdmlbdnixxr4jsdm837u",,,,,,
1984,CHI,TE,TE,0,ACT,Mitch Krenk,Mitchell,Krenk,1959-11-19,74,225,,,,,,,,,,,,"https://static.www.nfl.com/image/private/f_auto,q_auto/league/elle8maganchhmgeemld",,,,,,
1984,CHI,TE,TE,0,ACT,Emery Moorehead,Emery,Moorehead,1954-03-22,74,210,,,,,,,,,,,,"https://static.www.nfl.com/image/private/f_auto,q_auto/league/bsloik0nr27udtkhpuok",,,,,,
1984,CHI,TE,TE,0,ACT,Jay Saldi,John,Saldi,1954-10-08,75,225,,,,,,,,,,,,"https://static.www.nfl.com/image/private/f_auto,q_auto/league/ktioqedjvuroa0ffyk0d",,,,,,
1984,CHI,WR,WR,0,ACT,Brad Anderson,Bradley,Anderson,1961-01-12,74,196,,,,,,,,,,,,"https://static.www.nfl.com/image/private/f_auto,q_auto/league/otrr17yemgjd11hzvdz1",,,,,,
1984,CHI,WR,WR,0,ACT,Brian Baschnagel,Brian,Baschnagel,1954-01-08,71,187,,,,,,,,,,,,"https://static.www.nfl.com/image/private/f_auto,q_auto/league/twq94ryzif5zg74wt7in",,,,,,
1984,CHI,WR,WR,0,ACT,Jack Cameron,Jack,Cameron,1961-11-05,72,182,,,,,,,,,,,,"https://static.www.nfl.com/image/private/f_auto,q_auto/league/uskeggh58chacenviiks",,,,,,
1984,CHI,WR,WR,0,ACT,Willie Gault,Willie,Gault,1960-09-05,72,178,,,,,,,,,,,,"https://static.www.nfl.com/image/private/f_auto,q_auto/league/dpvqbhippy603k1skdtv",,,,,,
1984,CHI,WR,WR,0,ACT,Dennis McKinnon,Dennis,McKinnon,1961-08-22,73,185,,,,,,,,,,,,"https://static.www.nfl.com/image/private/f_auto,q_auto/league/ixlvodm4cd99nhctp11m",,,,,,
1984,CIN,DB,DB,0,ACT,Ralph Battle,Ralph,Battle,1961-06-15,74,205,,,,,,,,,,,,"https://static.www.nfl.com/image/private/f_auto,q_auto/league/dp1mog6vlcsgwqvical2",,,,,,
1984,CIN,DB,CB,0,ACT,Louis Breeden,Louis,Breeden,1953-10-26,71,185,,,,,,,,,,,,"https://static.www.nfl.com/image/private/f_auto,q_auto/league/jwuxrsmu6du8yxsleo7m",,,,,,
1984,CIN,DB,DB,0,ACT,James Griffin,James,Griffin,1961-09-07,74,197,,,,,,,,,,,,"https://static.www.nfl.com/image/private/f_auto,q_auto/league/biomqlhyjlpp0imr6pog",,,,,,
1984,CIN,DB,CB,0,ACT,Ray Griffin,Raymond,Griffin,1956-06-29,70,186,,,,,,,,,,,,"https://static.www.nfl.com/image/private/f_auto,q_auto/league/pwqps66cxiaqkdichxqj",,,,,,
1984,HOU,LB,LB,0,ACT,Ted Thompson,Ted,Thompson,1953-01-17,73,220,,,,,,,,,,,,"https://static.www.nfl.com/image/private/f_auto,q_auto/league/ldprbqrohrekxuuh3usi",,,,,,
1984,CIN,DB,FS,0,ACT,Robert Jackson,Robert,Jackson,1958-10-10,70,184,,,,,,,,,,,,"https://static.www.nfl.com/image/private/f_auto,q_auto/league/jldmqnyyipofgpfmyw3g",,,,,,
1984,CIN,DB,S,0,ACT,Bobby Kemp,Bobby,Kemp,1959-05-29,72,192,,,,,,,,,,,,"https://static.www.nfl.com/image/private/f_auto,q_auto/league/u1nevu7zy1e9s8scgxhu",,,,,,
1984,CIN,DB,CB,0,ACT,John Simmons,John,Simmons,1958-12-01,71,192,,,,,,,,,,,,"https://static.www.nfl.com/image/private/f_auto,q_auto/league/dd6qulu3w5ww9am3kbhs",,,,,,
1984,CIN,DB,S,0,ACT,Jimmy Turner,James,Turner,1959-06-15,72,187,,,,,,,,,,,,"https://static.www.nfl.com/image/private/f_auto,q_auto/league/geocqs8yekhirmz8224l",,,,,,
1984,CIN,DL,NT,0,ACT,Jerry Boyarsky,Gerard,Boyarsky,1959-05-15,75,290,,,,,,,,,,,,"https://static.www.nfl.com/image/private/f_auto,q_auto/league/qfsjcs8wbmyvajw0ce11",,,,,,
1984,CIN,DL,DE,0,ACT,Ross Browner,Ross,Browner,1954-03-22,75,262,,,,,,,,,,,,"https://static.www.nfl.com/image/private/f_auto,q_auto/league/wgcgfiqmja0bwnppf4qa",,,,,,
1984,CIN,DL,DE,0,ACT,Glen Collins,Glen,Collins,1959-07-10,78,260,,,,,,,,,,,,"https://static.www.nfl.com/image/private/f_auto,q_auto/league/a3qrch7e5lpltaua9vdc",,,,,,
1984,CIN,DL,DE,0,ACT,Eddie Edwards,Eddie,Edwards,1954-04-25,77,256,,,,,,,,,,,,"https://static.www.nfl.com/image/private/f_auto,q_auto/league/vr6q3m8jvwxfxcmicrsn",,,,,,
1984,CIN,DL,NT,0,ACT,Pete Koch,Peter,Koch,1962-01-23,78,275,,,,,,,,,,,,"https://static.www.nfl.com/image/private/f_auto,q_auto/league/znxgate4asqdrzlrmvlg",,,,,,
1984,NO,WR,WR,0,ACT,Jeff Groth,Jeffrey,Groth,1957-07-02,70,172,,,,,,,,,,,,"https://static.www.nfl.com/image/private/f_auto,q_auto/league/mkfph6p5laskjjyrpttd",,,,,,
1984,HOU,QB,QB,0,ACT,Oliver Luck,Oliver,Luck,1960-04-05,74,190,,,,,,,,,,,,"https://static.www.nfl.com/image/private/f_auto,q_auto/league/sgzxt8fimu3heizcx4mc",,,,,,
1984,CIN,LB,ILB,0,ACT,Glenn Cameron,Glenn,Cameron,1953-02-21,74,229,,,,,,,,,,,,"https://static.www.nfl.com/image/private/f_auto,q_auto/league/jitw5undzmsht4bvj3ga",,,,,,
1984,CIN,LB,OLB,0,ACT,Guy Frazier,Guy,Frazier,1959-07-20,74,215,,,,,,,,,,,,"https://static.www.nfl.com/image/private/f_auto,q_auto/league/cxwy6usk5rmtf8bpdlks",,,,,,
1984,CIN,LB,ILB,0,ACT,Steve Maidlow,Steven,Maidlow,1960-06-06,74,234,,,,,,,,,,,,"https://static.www.nfl.com/image/private/f_auto,q_auto/league/lxbebv6y6gl4ucbw2wua",,,,,,
1984,CIN,LB,LB,0,ACT,Brian Pillman,Brian,Pillman,1962-05-22,70,228,,,,,,,,,,,,"https://static.www.nfl.com/image/private/f_auto,q_auto/league/h5qrlljcjwxdszsy4h48",,,,,,
1984,CIN,LB,ILB,0,ACT,Rick Razzano,Richard,Razzano,1955-11-15,71,227,,,,,,,,,,,,"https://static.www.nfl.com/image/private/f_auto,q_auto/league/cyp30xhx0moobstmp1vw",,,,,,
1984,CIN,LB,OLB,0,ACT,Jeff Schuh,Jeffrey,Schuh,1958-05-22,74,228,,,,,,,,,,,,"https://static.www.nfl.com/image/private/f_auto,q_auto/league/k9477iicgddyjth4gc7y",,,,,,
1984,CIN,LB,ILB,0,ACT,Ron Simpkins,Ronald,Simpkins,1958-04-02,73,235,,,,,,,,,,,,"https://static.www.nfl.com/image/private/f_auto,q_auto/league/pk5bwkpwbgjjyzyq3ulu",,,,,,
1984,CIN,LB,OLB,0,ACT,Reggie Williams,Reginald,Williams,1954-09-19,73,228,,,,,,,,,,,,"https://static.www.nfl.com/image/private/f_auto,q_auto/league/f4gfjrom1favz8hpo0nl",,,,,,
1984,HOU,SPEC,K,0,ACT,Joe Cooper,Joseph,Cooper,1960-10-30,70,168,,,,,,,,,,,,"https://static.www.nfl.com/image/private/f_auto,q_auto/league/dlkdg2okjtvycx1ekst4",,,,,,
1984,HOU,SPEC,P,0,ACT,John James,John,James,1949-01-21,75,197,,,,,,,,,,,,"https://static.www.nfl.com/image/private/f_auto,q_auto/league/ybsq1ocqndfgset44itz",,,,,,
1984,CIN,OL,G,0,ACT,Max Montoya,Max,Montoya,1956-05-12,77,275,,,,,,,,,,,,"https://static.www.nfl.com/image/private/f_auto,q_auto/league/lmgdawhwtxqc6zipaiye",,,,,,
1984,SD,LB,LB,0,ACT,Ray Preston,Raymond,Preston,1954-01-25,72,218,,,,,,,,,,,,"https://static.www.nfl.com/image/private/f_auto,q_auto/league/rs0wlf2u3iqqgi8rchqp",,,,,,
1984,HOU,TE,TE,0,ACT,Mike McCloskey,Michael,McCloskey,1961-02-02,77,244,,,,,,,,,,,,"https://static.www.nfl.com/image/private/f_auto,q_auto/league/ajqgjhfgl1f9xsfxccvs",,,,,,
1984,CIN,OL,C,0,ACT,Dave Rimington,David,Rimington,1960-05-22,75,292,,,,,,,,,,,,"https://static.www.nfl.com/image/private/f_auto,q_auto/league/iopor3qp2uhpuqe9ol8f",,,,,,
1984,CIN,OL,G,0,ACT,Gary Smith,Gary,Smith,1960-01-27,74,265,,,,,,,,,,,,"https://static.www.nfl.com/image/private/f_auto,q_auto/league/dou3uurmcac7g20tkqjx",,,,,,
1984,CIN,OL,OT,0,ACT,Mike Wilson,William,Wilson,1955-05-28,77,271,,,,,,,,,,,,"https://static.www.nfl.com/image/private/f_auto,q_auto/league/ty6rcbabfq9bxlkceuxq",,,,,,
1984,CIN,QB,QB,0,ACT,Ken Anderson,Kenneth,Anderson,1949-02-15,74,212,,,,,,,,,,,,"https://static.www.nfl.com/image/private/f_auto,q_auto/league/qlilbvrc2y7gvr35lr9c",,,,,,
1984,CIN,QB,QB,0,ACT,Bryan Clark,Monte,Clark,1960-07-27,74,198,,,,,,,,,,,,"https://static.www.nfl.com/image/private/f_auto,q_auto/league/eqb1o6o2oyug61ncgzwi",,,,,,
1984,HOU,WR,WR,0,ACT,Tim Smith,Timothy,Smith,1957-03-20,74,192,,,,,,,,,,,,"https://static.www.nfl.com/image/private/f_auto,q_auto/league/tylng4tkmttp7zmo4oi9",,,,,,
1984,CIN,QB,QB,0,ACT,Turk Schonert,Turk,Schonert,1957-01-15,73,185,,,,,,,,,,,,"https://static.www.nfl.com/image/private/f_auto,q_auto/league/oc4pdlwogbmau0yi80fq",,,,,,
1984,CIN,RB,RB,0,ACT,Charles Alexander,Charles,Alexander,1957-07-28,73,221,,,,,,,,,,,,"https://static.www.nfl.com/image/private/f_auto,q_auto/league/yitbmkbvblyb19jtrkhd",,,,,,
1984,IND,DB,DB,0,ACT,Larry Anderson,Lawrence,Anderson,1956-09-25,71,183,,,,,,,,,,,,"https://static.www.nfl.com/image/private/f_auto,q_auto/league/fuayxzsxtokergrf2dry",,,,,,
1984,CIN,RB,RB,0,ACT,John Farley,John,Farley,1961-08-11,70,202,,,,,,,,,,,,"https://static.www.nfl.com/image/private/f_auto,q_auto/league/z3ire4awqhbecnqd5em1",,,,,,
1984,NYG,LB,LB,0,ACT,Robbie Jones,Robert,Jones,1959-12-25,74,230,,,,,,,,,,,,"https://static.www.nfl.com/image/private/f_auto,q_auto/league/vverenzaaoxqvqdgdfg3",,,,,,
1984,CIN,RB,RB,0,ACT,Larry Kinnebrew,Lawrence,Kinnebrew,1959-06-11,73,266,,,,,,,,,,,,"https://static.www.nfl.com/image/private/f_auto,q_auto/league/wu9kxqbvmfm35cz0tniz",,,,,,
1984,CIN,RB,RB,0,ACT,Stanley Wilson,Stanley,Wilson,1961-08-23,70,209,,,,,,,,,,,,"https://static.www.nfl.com/image/private/f_auto,q_auto/league/bczhxbjdwmafyyclnui3",,,,,,
1984,IND,DB,S,0,ACT,Mark Kafentzis,Mark,Kafentzis,1958-06-30,70,190,,,,,,,,,,,,"https://static.www.nfl.com/image/private/f_auto,q_auto/league/l70eedemeqvawfwsgja7",,,,,,
1984,CIN,SPEC,P,0,ACT,Pat McInally,John,McInally,1953-05-07,78,210,,,,,,,,,,,,"https://static.www.nfl.com/image/private/f_auto,q_auto/league/xydkpqjkun5cc2r5csp6",,,,,,
1984,CIN,TE,TE,0,ACT,M.L. Harris,Michael,Harris,1954-01-16,77,242,,,,,,,,,,,,"https://static.www.nfl.com/image/private/f_auto,q_auto/league/ngbfjxe3c6wjreowtd6c",,,,,,
1984,IND,DB,CB,0,ACT,Tate Randle,Ernest,Randle,1959-08-15,72,197,,,,,,,,,,,,"https://static.www.nfl.com/image/private/f_auto,q_auto/league/nsuksixyvbdibvl6rz22",,,,,,
1984,CIN,TE,TE,0,ACT,Don Kern,Donald,Kern,1962-08-25,76,225,,,,,,,,,,,,"https://static.www.nfl.com/image/private/f_auto,q_auto/league/xygjh3gyoqsi8qtx4hxd",,,,,,
1984,CIN,WR,WR,0,ACT,Cris Collinsworth,Anthony,Collinsworth,1959-01-27,77,192,,,,,,,,,,,,"https://static.www.nfl.com/image/private/f_auto,q_auto/league/fim4z7r60ne7auyeivr4",,,,,,
1984,CIN,WR,WR,0,ACT,Isaac Curtis,Isaac,Curtis,1950-10-20,73,192,,,,,,,,,,,,"https://static.www.nfl.com/image/private/f_auto,q_auto/league/tyarud0a82ss11taqpsr",,,,,,
1984,CIN,WR,WR,0,ACT,Steve Kreider,Steven,Kreider,1958-05-12,75,192,,,,,,,,,,,,"https://static.www.nfl.com/image/private/f_auto,q_auto/league/jfkzfz4plvdpczvmj85n",,,,,,
1984,CIN,WR,WR,0,ACT,Mike Martin,Michael,Martin,1960-11-18,70,186,,,,,,,,,,,,"https://static.www.nfl.com/image/private/f_auto,q_auto/league/ktbo1rhgujjckydtkhc4",,,,,,
1984,CIN,WR,WR,0,ACT,Clay Pickering,Clay,Pickering,1961-06-02,77,215,,,,,,,,,,,,"https://static.www.nfl.com/image/private/f_auto,q_auto/league/ftrqvht7bejbbybhg1to",,,,,,
1984,CIN,WR,WR,0,ACT,David Verser,David,Verser,1958-03-01,73,200,,,,,,,,,,,,"https://static.www.nfl.com/image/private/f_auto,q_auto/league/bjm8qrilulysp1bwx32l",,,,,,
1984,CIN,WR,WR,0,ACT,Gary Williams,Gary,Williams,1959-09-04,74,215,,,,,,,,,,,,"https://static.www.nfl.com/image/private/f_auto,q_auto/league/payfsnimgoh3cxgmkxh6",,,,,,
1984,CLE,DB,DB,0,ACT,Greg Best,Gregory,Best,1960-01-14,70,185,,,,,,,,,,,,"https://static.www.nfl.com/image/private/f_auto,q_auto/league/kem04ckgbi6wjrxdkski",,,,,,
1984,CLE,DB,DB,0,ACT,Larry Braziel,Larry,Braziel,1954-09-25,72,188,,,,,,,,,,,,"https://static.www.nfl.com/image/private/f_auto,q_auto/league/e21qby7wsk6crtb9bujk",,,,,,
1984,CLE,DB,DB,0,ACT,Clinton Burrell,Clinton,Burrell,1956-09-04,73,192,,,,,,,,,,,,"https://static.www.nfl.com/image/private/f_auto,q_auto/league/aumydfn0644xbvfm06li",,,,,,
1984,CLE,DB,CB,0,ACT,Hanford Dixon,Hanford,Dixon,1958-12-25,71,182,,,,,,,,,,,,"https://static.www.nfl.com/image/private/f_auto,q_auto/league/xidozxfcl6t7dndup4vc",,,,,,
1984,CLE,DB,S,0,ACT,Al Gross,Alfred,Gross,1961-01-04,75,186,,,,,,,,,,,,"https://static.www.nfl.com/image/private/f_auto,q_auto/league/xx4fayrcje32qyqxolkc",,,,,,
1984,CLE,DB,CB,0,TRD,Lawrence Johnson,Lawrence,Johnson,1957-09-11,71,204,,,,,,,,,,,,"https://static.www.nfl.com/image/private/f_auto,q_auto/league/gul4mf681csx4evvghbb",,,,,,
1984,IND,LB,ILB,0,ACT,Mike Humiston,Michael,Humiston,1959-01-08,75,238,,,,,,,,,,,,"https://static.www.nfl.com/image/private/f_auto,q_auto/league/zqv0xiha2fdcz5e2jvpd",,,,,,
1984,CLE,DB,DB,0,ACT,Rod Perry,Rodney,Perry,1953-09-11,69,178,,,,,,,,,,,,"https://static.www.nfl.com/image/private/f_auto,q_auto/league/ff3n3i3fzw5fvrct17fk",,,,,,
1984,CLE,DB,FS,0,ACT,Chris Rockins,Christopher,Rockins,1962-05-18,72,195,,,,,,,,,,,,"https://static.www.nfl.com/image/private/f_auto,q_auto/league/dvgy1ltvbghiwtdh8ct6",,,,,,
1984,CLE,DB,FS,0,ACT,Don Rogers,Donald,Rogers,1962-09-17,73,206,,,,,,,,,,,,"https://static.www.nfl.com/image/private/f_auto,q_auto/league/uzygfmvslym8uazznzuq",,,,,,
1984,CLE,DL,DE,0,ACT,Keith Baldwin,Keith,Baldwin,1960-10-13,76,245,,,,,,,,,,,,"https://static.www.nfl.com/image/private/f_auto,q_auto/league/hvymgvbd149zknyl2r6m",,,,,,
1984,CLE,DL,DE,0,ACT,Reggie Camp,Reginald,Camp,1961-02-28,76,264,,,,,,,,,,,,"https://static.www.nfl.com/image/private/f_auto,q_auto/league/dfgozsdbcqgbjb6cqdjx",,,,,,
1984,CLE,DL,DE,0,ACT,Elvis Franks,Elvis,Franks,1957-07-09,76,238,,,,,,,,,,,,"https://static.www.nfl.com/image/private/f_auto,q_auto/league/o51oqf6lps8q7ogyalas",,,,,,
1984,CLE,DL,NT,0,ACT,Bob Golic,Robert,Golic,1957-10-26,74,248,,,,,,,,,,,,"https://static.www.nfl.com/image/private/f_auto,q_auto/league/ot4eli9ohqljvdmzgfod",,,,,,
1984,CLE,DL,DE,0,ACT,Carl Hairston,Carl,Hairston,1952-12-15,75,260,,,,,,,,,,,,"https://static.www.nfl.com/image/private/f_auto,q_auto/league/cf39ss7rswxfi78tx2nd",,,,,,
1984,CLE,DL,NT,0,ACT,Dave Puzzuoli,Phillip,Puzzuoli,1961-01-12,75,260,,,,,,,,,,,,"https://static.www.nfl.com/image/private/f_auto,q_auto/league/qfps4ctx032y3t1lu94u",,,,,,
1984,CLE,LB,LB,0,ACT,Stuart Anderson,Stuart,Anderson,1959-12-25,73,247,,,,,,,,,,,,"https://static.www.nfl.com/image/private/f_auto,q_auto/league/oflfo5kjhwr4gksseqrv",,,,,,
1984,NYJ,DB,CB,0,ACT,Mike Dennis,Michael,Dennis,1958-06-06,70,190,,,,,,,,,,,,"https://static.www.nfl.com/image/private/f_auto,q_auto/league/su0zom0gsngx0hyh3b6l",,,,,,
1984,CLE,LB,ILB,0,ACT,Tom Cousineau,Thomas,Cousineau,1957-05-06,75,225,,,,,,,,,,,,"https://static.www.nfl.com/image/private/f_auto,q_auto/league/dqijqjbgktjpexwz5evf",,,,,,
1984,CLE,LB,LB,0,ACT,Jim Dumont,James,Dumont,1961-07-16,73,224,,,,,,,,,,,,"https://static.www.nfl.com/image/private/f_auto,q_auto/league/brhrgriivelftryptdeq",,,,,,
1984,CLE,LB,ILB,0,ACT,Eddie Johnson,Eddie,Johnson,1959-02-03,73,210,,,,,,,,,,,,"https://static.www.nfl.com/image/private/f_auto,q_auto/league/g0h1tiixqse1vqudfgn9",,,,,,
1984,CLE,LB,LB,0,ACT,David Marshall,David,Marshall,1961-01-03,75,220,,,,,,,,,,,,"https://static.www.nfl.com/image/private/f_auto,q_auto/league/axwjxp9gsx11stkieeud",,,,,,
1984,IND,OL,G,0,ACT,Ben Utt,Benjamin,Utt,1959-06-13,77,255,,,,,,,,,,,,"https://static.www.nfl.com/image/private/f_auto,q_auto/league/zhaywyuzyvawelzjqxzh",,,,,,
1984,CLE,LB,LB,0,ACT,Scott Nicolas,Scott,Nicolas,1960-08-07,75,226,,,,,,,,,,,,"https://static.www.nfl.com/image/private/f_auto,q_auto/league/civok0refg7kuxjcnnok",,,,,,
1984,CLE,LB,LB,0,ACT,Curtis Weathers,Curtis,Weathers,1956-09-16,77,220,,,,,,,,,,,,"https://static.www.nfl.com/image/private/f_auto,q_auto/league/gdewbsoquxbctkr4z5k8",,,,,,
1984,IND,QB,QB,0,ACT,Mike Pagel,Michael,Pagel,1960-09-13,74,201,,,,,,,,,,,,"https://static.www.nfl.com/image/private/f_auto,q_auto/league/sjcjnlxuxwllgtthxkwm",,,,,,
1984,CLE,OL,OT,0,ACT,Bill Contz,Julius,Contz,1961-05-12,77,260,,,,,,,,,,,,"https://static.www.nfl.com/image/private/f_auto,q_auto/league/ni1xgyjw9qcfffqimb6i",,,,,,
1984,CLE,OL,G,0,ACT,Joe DeLamielleure,Joseph,DeLamielleure,1951-03-16,75,254,,,,,,,,,,,,"https://static.www.nfl.com/image/private/f_auto,q_auto/league/ymsc8z9jlnc6xenpalg3",,,,,,
1984,CLE,OL,C,0,ACT,Tom DeLeone,Thomas,DeLeone,1950-08-13,74,248,,,,,,,,,,,,"https://static.www.nfl.com/image/private/f_auto,q_auto/league/tldcaybd692wqsz5vjxr",,,,,,
1984,CLE,OL,OT,0,ACT,Doug Dieken,Douglas,Dieken,1949-02-12,77,254,,,,,,,,,,,,"https://static.www.nfl.com/image/private/f_auto,q_auto/league/ifkrjrr6hbul0strcxp6",,,,,,
1984,IND,RB,RB,0,ACT,Alvin Moore,Alvin,Moore,1959-05-03,72,197,,,,,,,,,,,,"https://static.www.nfl.com/image/private/f_auto,q_auto/league/ajpl7vgdfbom1ytxejmu",,,,,,
1984,CLE,OL,G,0,ACT,Robert Jackson,Robert,Jackson,1953-04-01,77,245,,,,,,,,,,,,"https://static.www.nfl.com/image/private/f_auto,q_auto/league/ajbtkinf8mpwxdegzrvi",,,,,,
1984,CLE,OL,OT,0,ACT,George Lilja,George,Lilja,1958-03-03,76,250,,,,,,,,,,,,"https://static.www.nfl.com/image/private/f_auto,q_auto/league/zlknuypoqmom8fspl0rl",,,,,,
1984,CLE,OL,OT,0,TRD,Ted Petersen,Theodore,Petersen,1955-02-07,77,244,,,,,,,,,,,,"https://static.www.nfl.com/image/private/f_auto,q_auto/league/hr1d93xwawfyhw71maqn",,,,,,
1984,CLE,OL,OT,0,ACT,Bob Sikora,Robert,Sikora,1962-06-14,80,285,,,,,,,,,,,,"https://static.www.nfl.com/image/private/f_auto,q_auto/league/wwcvrhjabpj8xbn0nvqh",,,,,,
1984,CLE,QB,QB,0,ACT,Tom Flick,Thomas,Flick,1958-08-30,74,185,,,,,,,,,,,,"https://static.www.nfl.com/image/private/f_auto,q_auto/league/hf9sir6osopx21hr4e9m",,,,,,
1984,CLE,QB,QB,0,ACT,Paul McDonald,Paul,McDonald,1958-02-23,74,185,,,,,,,,,,,,"https://static.www.nfl.com/image/private/f_auto,q_auto/league/blqpdzbxui2hijbeqex5",,,,,,
1984,CLE,QB,QB,0,ACT,Terry Nugent,Terence,Nugent,1961-12-05,76,218,,,,,,,,,,,,"https://static.www.nfl.com/image/private/f_auto,q_auto/league/ztnqksofbwoshsa4sznl",,,,,,
1984,CLE,RB,RB,0,ACT,James Black,James,Black,1962-04-03,71,198,,,,,,,,,,,,"https://static.www.nfl.com/image/private/f_auto,q_auto/league/ifrv9qfo2s3u4vlpaubv",,,,,,
1984,IND,WR,WR,0,ACT,Bernard Henry,Bernard,Henry,1960-04-09,73,180,,,,,,,,,,,,"https://static.www.nfl.com/image/private/f_auto,q_auto/league/zual94ea4kohldyuz1dc",,,,,,
1984,CLE,RB,RB,0,ACT,Johnny Davis,Johnny,Davis,1956-07-17,73,230,,,,,,,,,,,,"https://static.www.nfl.com/image/private/f_auto,q_auto/league/z3qo9oxsoqs1iee29o4n",,,,,,
1984,CLE,RB,RB,0,ACT,Boyce Green,Boyce,Green,1960-06-24,71,215,,,,,,,,,,,,"https://static.www.nfl.com/image/private/f_auto,q_auto/league/mkhcvuo0lto0imshljbw",,,,,,
1984,CLE,RB,RB,0,ACT,Mike Pruitt,Michael,Pruitt,1954-04-03,72,214,,,,,,,,,,,,"https://static.www.nfl.com/image/private/f_auto,q_auto/league/cjqm31bc0e6bmrijauft",,,,,,
1984,CLE,RB,RB,0,ACT,Dwight Walker,Dwight,Walker,1959-01-10,70,185,,,,,,,,,,,,"https://static.www.nfl.com/image/private/f_auto,q_auto/league/mdo8f8lvratzkbmmaont",,,,,,
1984,CLE,RB,RB,0,ACT,Charles White,Charles,White,1958-01-22,70,190,,,,,,,,,,,,"https://static.www.nfl.com/image/private/f_auto,q_auto/league/nqtmdvvvyr0xu7t2rypf",,,,,,
1984,KC,DB,DB,0,ACT,Van Jakes,Van,Jakes,1961-05-10,72,185,,,,,,,,,,,,"https://static.www.nfl.com/image/private/f_auto,q_auto/league/qg2gyxdbss71dpfizxdv",,,,,,
1984,CLE,SPEC,P,0,ACT,Steve Cox,Stephen,Cox,1958-05-11,76,195,,,,,,,,,,,,"https://static.www.nfl.com/image/private/f_auto,q_auto/league/srar2tgv7vh0brzln91b",,,,,,
1984,CLE,TE,TE,0,ACT,Rickey Bolden,Rickey,Bolden,1961-09-08,78,250,,,,,,,,,,,,"https://static.www.nfl.com/image/private/f_auto,q_auto/league/jgna8etnq34e2lkkqjma",,,,,,
1984,CLE,TE,TE,0,ACT,Harry Holt,Harry,Holt,1957-12-29,76,230,,,,,,,,,,,,"https://static.www.nfl.com/image/private/f_auto,q_auto/league/vy7f81psbidvrgzmeh40",,,,,,
1984,CLE,TE,TE,0,ACT,Darryl Lewis,Darryl,Lewis,1961-04-16,78,232,,,,,,,,,,,,"https://static.www.nfl.com/image/private/f_auto,q_auto/league/ubfhyohhf6u4xt8wesyb",,,,,,
1984,CLE,TE,TE,0,ACT,Ozzie Newsome,Ozzie,Newsome,1956-03-15,74,232,,,,,,,,,,,,"https://static.www.nfl.com/image/private/f_auto,q_auto/league/eh5h2ezne6jcjwyhcugw",,,,,,
1984,CLE,TE,TE,0,ACT,Tim Stracka,Timothy,Stracka,1959-09-27,75,225,,,,,,,,,,,,"https://static.www.nfl.com/image/private/f_auto,q_auto/league/pr94ynpfdx7kwxj0gzeb",,,,,,
1984,CLE,WR,WR,0,ACT,Willis Adams,Willis,Adams,1956-08-22,74,194,,,,,,,,,,,,"https://static.www.nfl.com/image/private/f_auto,q_auto/league/zlpqp40wpnonzhvscqxf",,,,,,
1984,KC,DL,NT,0,ACT,Eric Holle,Eric,Holle,1960-09-05,77,250,,,,,,,,,,,,"https://static.www.nfl.com/image/private/f_auto,q_auto/league/kau23czf6e1lrrtl4414",,,,,,
1984,CLE,WR,WR,0,ACT,Preston Brown,Preston,Brown,1958-03-02,70,184,,,,,,,,,,,,"https://static.www.nfl.com/image/private/f_auto,q_auto/league/e04o7zvw3bnc9exs7txz",,,,,,
1984,CLE,WR,WR,0,ACT,Bruce Davis,Bruce,Davis,1963-02-25,68,160,,,,,,,,,,,,"https://static.www.nfl.com/image/private/f_auto,q_auto/league/s4sqt5fvnle8zns6tbrr",,,,,,
1984,CLE,WR,WR,0,ACT,Ricky Feacher,Ivory,Feacher,1954-02-11,70,174,,,,,,,,,,,,"https://static.www.nfl.com/image/private/f_auto,q_auto/league/l2oywf2gusqgw4wa7wba",,,,,,
1984,CLE,WR,WR,0,TRC,Duriel Harris,Duriel,Harris,1954-11-27,71,175,,,,,,,,,,,,"https://static.www.nfl.com/image/private/f_auto,q_auto/league/daftz0dbnkmvcyl5ccrc",,,,,,
1984,CLE,WR,WR,0,ACT,Glen Young,Glen,Young,1960-10-11,74,205,,,,,,,,,,,,"https://static.www.nfl.com/image/private/f_auto,q_auto/league/ghr5mottbss6fgvzervd",,,,,,
1984,KC,LB,OLB,0,ACT,Calvin Daniels,Calvin,Daniels,1958-12-26,75,236,,,,,,,,,,,,"https://static.www.nfl.com/image/private/f_auto,q_auto/league/y7d7szheolm06nrqhghu",,,,,,
1984,KC,LB,OLB,0,ACT,Charles Jackson,Charles,Jackson,1955-03-22,74,236,,,,,,,,,,,,"https://static.www.nfl.com/image/private/f_auto,q_auto/league/lkkphj8vc4m6uaxyrbr5",,,,,,
1984,DAL,DB,S,0,ACT,Dextor Clinkscale,Frederick,Clinkscale,1958-04-13,71,189,,,,,,,,,,,,"https://static.www.nfl.com/image/private/f_auto,q_auto/league/q34lahdlxtliookl4anf",,,,,,
1984,DAL,DB,FS,0,ACT,Michael Downs,Michael,Downs,1959-06-09,75,198,,,,,,,,,,,,"https://static.www.nfl.com/image/private/f_auto,q_auto/league/hmwe8mhvm9pkzdwebcgs",,,,,,
1984,DAL,DB,CB,0,ACT,Ron Fellows,Ronald,Fellows,1958-11-07,72,178,,,,,,,,,,,,"https://static.www.nfl.com/image/private/f_auto,q_auto/league/cszsqo7g4itxzj0eu15e",,,,,,
1984,DAL,DB,DB,0,ACT,Carl Howard,Carl,Howard,1961-09-20,74,188,,,,,,,,,,,,"https://static.www.nfl.com/image/private/f_auto,q_auto/league/ruoqjiesady4nvvmpcsk",,,,,,
1984,DAL,DB,DB,0,ACT,Victor Scott,Victor,Scott,1962-06-01,72,188,,,,,,,,,,,,"https://static.www.nfl.com/image/private/f_auto,q_auto/league/lm0taj0z4xqgpthmoaka",,,,,,
1984,DAL,DB,DB,0,ACT,Dennis Thurman,Dennis,Thurman,1956-04-13,71,182,,,,,,,,,,,,"https://static.www.nfl.com/image/private/f_auto,q_auto/league/g6isswae4kdc6v7xawhb",,,,,,
1984,SF,DB,FS,0,ACT,Dwight Hicks,Dwight,Hicks,1956-04-05,73,185,,,,,,,,,,,,"https://static.www.nfl.com/image/private/f_auto,q_auto/league/avzrm7dzy3vngayswkss",,,,,,
1984,DAL,DL,DT,0,ACT,Dowe Aughtman,Lorenzo,Aughtman,1961-01-28,74,260,,,,,,,,,,,,"https://static.www.nfl.com/image/private/f_auto,q_auto/league/ps7wqex8eqbgqadv6fjy",,,,,,
1984,DAL,DL,DT,0,ACT,John Dutton,John,Dutton,1951-02-06,78,260,,,,,,,,,,,,"https://static.www.nfl.com/image/private/f_auto,q_auto/league/hb3vpzem5trph2f73pyt",,,,,,
1984,KC,OL,G,0,ACT,Brad Budde,Brad,Budde,1958-05-09,76,255,,,,,,,,,,,,"https://static.www.nfl.com/image/private/f_auto,q_auto/league/yszrhpc4iik9oolfpqj9",,,,,,
1984,DAL,DL,DE,0,ACT,Too Tall Jones,Edward,Jones,1951-02-23,81,260,,,,,,,,,,,,"https://static.www.nfl.com/image/private/f_auto,q_auto/league/efris3chbjw1odaigct2",,,,,,
1984,DAL,DL,DT,0,ACT,Don Smerek,Donald,Smerek,1957-12-20,79,255,,,,,,,,,,,,"https://static.www.nfl.com/image/private/f_auto,q_auto/league/lawe6d1toez1jtjth2op",,,,,,
1984,NYJ,WR,WR,0,ACT,Lam Jones,John,Jones,1958-04-04,71,180,,,,,,,,,,,,"https://static.www.nfl.com/image/private/f_auto,q_auto/league/duqztee5c98pze6nf1mg",,,,,,
1984,DAL,DL,DT,0,ACT,Randy White,Randy,White,1953-01-15,76,268,,,,,,,,,,,,"https://static.www.nfl.com/image/private/f_auto,q_auto/league/npald08ao6ahrj8diwhn",,,,,,
1984,DAL,LB,MLB,0,ACT,Bob Breunig,Robert,Breunig,1953-07-04,74,226,,,,,,,,,,,,"https://static.www.nfl.com/image/private/f_auto,q_auto/league/mxbh76wdlbphcfl5tmvv",,,,,,
1984,DAL,LB,LB,0,ACT,Billy Cannon,William,Cannon,1961-10-08,76,231,,,,,,,,,,,,"https://static.www.nfl.com/image/private/f_auto,q_auto/league/d2xlw6o3yrh6lkqphplx",,,,,,
1984,KC,QB,QB,0,ACT,Todd Blackledge,Todd,Blackledge,1961-02-25,75,225,,,,,,,,,,,,"https://static.www.nfl.com/image/private/f_auto,q_auto/league/gy3cxtfxetgbeiorhyga",,,,,,
1984,DAL,LB,OLB,0,ACT,Anthony Dickerson,Anthony,Dickerson,1957-06-09,74,214,,,,,,,,,,,,"https://static.www.nfl.com/image/private/f_auto,q_auto/league/sn9vvviuysvgdlqhsxaz",,,,,,
1984,DAL,LB,OLB,0,ACT,Mike Hegman,Michael,Hegman,1953-01-17,73,221,,,,,,,,,,,,"https://static.www.nfl.com/image/private/f_auto,q_auto/league/ila9eon0bw71hwafjdev",,,,,,
1984,KC,QB,QB,0,ACT,David Whitehurst,Charles,Whitehurst,1955-04-27,74,204,,,,,,,,,,,,"https://static.www.nfl.com/image/private/f_auto,q_auto/league/llgg5esqg5yxw961lonq",,,,,,
1984,DAL,LB,LB,0,ACT,Jeff Rohrer,Jeffrey,Rohrer,1958-12-25,75,225,,,,,,,,,,,,"https://static.www.nfl.com/image/private/f_auto,q_auto/league/tye5o68l4p8ws59xroy5",,,,,,
1984,DAL,LB,LB,0,ACT,Jimmie Turner,Jimmie,Turner,1962-02-16,74,220,,,,,,,,,,,,"https://static.www.nfl.com/image/private/f_auto,q_auto/league/job97r6on0yohicqhdmm",,,,,,
1984,KC,RB,RB,0,ACT,Herman Heard,Herman,Heard,1961-11-24,70,184,,,,,,,,,,,,"https://static.www.nfl.com/image/private/f_auto,q_auto/league/v5fqgdow9irnfqjhdjrs",,,,,,
1984,DAL,OL,OT,0,ACT,Jim Cooper,James,Cooper,1955-09-28,77,267,,,,,,,,,,,,"https://static.www.nfl.com/image/private/f_auto,q_auto/league/ybg9qzjzdzyoxyuyinam",,,,,,
1984,DAL,OL,G,0,ACT,John Hunt,John,Hunt,1962-11-06,76,254,,,,,,,,,,,,"https://static.www.nfl.com/image/private/f_auto,q_auto/league/xk8gmxg7dn2kjcqinnut",,,,,,
1984,DAL,OL,G,0,ACT,Syd Kitson,Sydney,Kitson,1958-09-27,76,258,,,,,,,,,,,,"https://static.www.nfl.com/image/private/f_auto,q_auto/league/t3dhcbf6mnbcvjwh5q4q",,,,,,
1984,DAL,OL,G,0,ACT,Kurt Petersen,Kurt,Petersen,1957-06-17,76,255,,,,,,,,,,,,"https://static.www.nfl.com/image/private/f_auto,q_auto/league/vuajpojlm7ldmumvecnz",,,,,,
1984,DAL,OL,OT,0,ACT,Phil Pozderac,Philip,Pozderac,1959-12-19,81,260,,,,,,,,,,,,"https://static.www.nfl.com/image/private/f_auto,q_auto/league/l9zjvun6o3bleti5f54c",,,,,,
1984,DAL,OL,C,0,ACT,Tom Rafferty,Thomas,Rafferty,1954-08-02,75,250,,,,,,,,,,,,"https://static.www.nfl.com/image/private/f_auto,q_auto/league/gmkinpapyyazbrqcq0jc",,,,,,
1984,DAL,OL,OT,0,ACT,Howard Richards,Howard,Richards,1959-08-07,78,248,,,,,,,,,,,,"https://static.www.nfl.com/image/private/f_auto,q_auto/league/bnb5bxp51qagpuqrwuol",,,,,,
1984,DAL,OL,OT,0,ACT,Herbert Scott,Herbert,Scott,1953-01-18,74,254,,,,,,,,,,,,"https://static.www.nfl.com/image/private/f_auto,q_auto/league/fofvq00qyreepesetale",,,,,,
1984,DAL,OL,G,0,ACT,Glen Titensor,Glen,Titensor,1958-02-21,76,251,,,,,,,,,,,,"https://static.www.nfl.com/image/private/f_auto,q_auto/league/winnn44i04ozgtmbu9tl",,,,,,
1984,DAL,QB,QB,0,ACT,Gary Hogeboom,Gary,Hogeboom,1958-08-21,76,200,,,,,,,,,,,,"https://static.www.nfl.com/image/private/f_auto,q_auto/league/w9inwhfdml5yn7rxn8au",,,,,,
1984,KC,WR,WR,0,ACT,Anthony Hancock,Anthony,Hancock,1960-06-10,72,187,,,,,,,,,,,,"https://static.www.nfl.com/image/private/f_auto,q_auto/league/xlrnb6axu72qiw2e3wqw",,,,,,
1984,DAL,QB,QB,0,ACT,Danny White,Wilford,White,1952-02-09,74,193,,,,,,,,,,,,"https://static.www.nfl.com/image/private/f_auto,q_auto/league/z0qceljtywyvmj2z0jis",,,,,,
1984,DAL,RB,RB,0,ACT,Gary Allen,Gary,Allen,1960-04-23,70,183,,,,,,,,,,,,"https://static.www.nfl.com/image/private/f_auto,q_auto/league/xryhq62iztd6ooutzeyj",,,,,,
1984,DAL,RB,RB,0,ACT,Tony Dorsett,Anthony,Dorsett,1954-04-07,71,192,,,,,,,,,,,,"https://static.www.nfl.com/image/private/f_auto,q_auto/league/b6vvjgq2tpxrzhvwjt1y",,,,,,
1984,DAL,RB,RB,0,ACT,Norm Granger,Norman,Granger,1961-09-14,69,217,,,,,,,,,,,,"https://static.www.nfl.com/image/private/f_auto,q_auto/league/mkdlkio962uyo9aedzhn",,,,,,
1984,DAL,RB,RB,0,ACT,James Jones,James,Jones,1958-12-06,70,200,,,,,,,,,,,,"https://static.www.nfl.com/image/private/f_auto,q_auto/league/kzku5ov9o7w8qvo6rckd",,,,,,
1984,DAL,RB,RB,0,ACT,Chuck McSwain,Anthony,McSwain,1961-02-21,72,190,,,,,,,,,,,,"https://static.www.nfl.com/image/private/f_auto,q_auto/league/oztzersmbj4q3qwdhpcc",,,,,,
1984,DAL,RB,RB,0,ACT,Timmy Newsome,Timothy,Newsome,1958-05-17,73,228,,,,,,,,,,,,"https://static.www.nfl.com/image/private/f_auto,q_auto/league/u2dussdwpbg0qzzefiae",,,,,,
1984,DAL,RB,RB,0,ACT,Ron Springs,Ronald,Springs,1956-11-04,72,197,,,,,,,,,,,,"https://static.www.nfl.com/image/private/f_auto,q_auto/league/vr3hkcgggerkqi56uz6s",,,,,,
1984,DAL,SPEC,P,0,ACT,Jim Miller,James,Miller,1957-07-05,71,183,,,,,,,,,,,,"https://static.www.nfl.com/image/private/f_auto,q_auto/league/s6m8eazuulmod1qygho1",,,,,,
1984,DAL,SPEC,K,0,ACT,Rafael Septien,Jose,Septien,1953-12-12,70,171,,,,,,,,,,,,"https://static.www.nfl.com/image/private/f_auto,q_auto/league/x3uyerf2vorrozuz0tqm",,,,,,
1984,DAL,SPEC,P,0,ACT,John Warren,John,Warren,1960-11-08,72,207,,,,,,,,,,,,"https://static.www.nfl.com/image/private/f_auto,q_auto/league/x3rfxhen1dhbk3ywskdy",,,,,,
1984,DAL,TE,TE,0,ACT,Fred Cornwell,Frederick,Cornwell,1961-08-07,78,236,,,,,,,,,,,,"https://static.www.nfl.com/image/private/f_auto,q_auto/league/uxwdktgendp0e5hkvtyk",,,,,,
1984,DAL,TE,TE,0,ACT,Doug Cosbie,Douglas,Cosbie,1956-03-27,78,236,,,,,,,,,,,,"https://static.www.nfl.com/image/private/f_auto,q_auto/league/c662iu41klw5muhmirua",,,,,,
1984,DAL,TE,TE,0,ACT,Brian Salonen,Brian,Salonen,1961-07-29,75,229,,,,,,,,,,,,"https://static.www.nfl.com/image/private/f_auto,q_auto/league/upcx5grkxzjdfcy0l92o",,,,,,
1984,DAL,WR,WR,0,ACT,Harold Carmichael,Lee,Carmichael,1949-09-22,80,225,,,,,,,,,,,,"https://static.www.nfl.com/image/private/f_auto,q_auto/league/wefoaneozr3aqjxdl6ix",,,,,,
1984,DAL,WR,WR,0,ACT,Doug Donley,Douglas,Donley,1959-02-06,72,175,,,,,,,,,,,,"https://static.www.nfl.com/image/private/f_auto,q_auto/league/xv7n8gpbugdqlvxs76tb",,,,,,
1984,DAL,WR,WR,0,ACT,Duriel Harris,Duriel,Harris,1954-11-27,71,175,,,,,,,,,,,,"https://static.www.nfl.com/image/private/f_auto,q_auto/league/daftz0dbnkmvcyl5ccrc",,,,,,
1984,DAL,WR,WR,0,ACT,Tony Hill,Leroy,Hill,1956-06-23,74,196,,,,,,,,,,,,"https://static.www.nfl.com/image/private/f_auto,q_auto/league/td7brllgcoorejhmltnj",,,,,,
1984,DAL,WR,WR,0,ACT,Kirk Phillips,Kirk,Phillips,1960-07-31,73,195,,,,,,,,,,,,"https://static.www.nfl.com/image/private/f_auto,q_auto/league/eb10hntqmjwuylq3dxnd",,,,,,
1984,DAL,WR,WR,0,ACT,Mike Renfro,Michael,Renfro,1955-06-19,72,184,,,,,,,,,,,,"https://static.www.nfl.com/image/private/f_auto,q_auto/league/jsxmedvi9vlqhdvtcjmp",,,,,,
1984,DAL,WR,WR,0,ACT,Waddell Smith,James,Smith,1955-08-24,74,180,,,,,,,,,,,,"https://static.www.nfl.com/image/private/f_auto,q_auto/league/mgef4ntoip8x4barp5ne",,,,,,
1984,DEN,DB,FS,0,ACT,Steve Foley,Stephen,Foley,1953-11-11,74,181,,,,,,,,,,,,"https://static.www.nfl.com/image/private/f_auto,q_auto/league/yaxvbmwzotxtz2g2theg",,,,,,
1984,DEN,DB,CB,0,ACT,Mike Harden,Michael,Harden,1958-02-16,73,188,,,,,,,,,,,,"https://static.www.nfl.com/image/private/f_auto,q_auto/league/glkgy46lxw0jlbnpzpg2",,,,,,
1984,DEN,DB,DB,0,ACT,Roger Jackson,Roger,Jackson,1959-02-28,72,186,,,,,,,,,,,,"https://static.www.nfl.com/image/private/f_auto,q_auto/league/gumhug68rkzd3xc84jnv",,,,,,
1984,DEN,DB,DB,0,ACT,Tony Lilly,Robert,Lilly,1962-02-16,72,199,,,,,,,,,,,,"https://static.www.nfl.com/image/private/f_auto,q_auto/league/qvr8nl86supa6wtb2xjl",,,,,,
1984,MIA,LB,ILB,0,ACT,Earnest Rhone,Earnest,Rhone,1953-08-20,74,220,,,,,,,,,,,,"https://static.www.nfl.com/image/private/f_auto,q_auto/league/nz4tp6wgdhry67odp90z",,,,,,
1984,MIA,LB,LB,0,ACT,Jackie Shipp,Jackie,Shipp,1962-03-17,74,235,,,,,,,,,,,,"https://static.www.nfl.com/image/private/f_auto,q_auto/league/w7mtt8vjl1msdgtexmis",,,,,,
1984,DEN,DB,CB,0,ACT,Steve Wilson,Steven,Wilson,1957-08-24,70,195,,,,,,,,,,,,"https://static.www.nfl.com/image/private/f_auto,q_auto/league/momdj8pea8j9bksiorxu",,,,,,
1984,DEN,DB,CB,0,ACT,Louis Wright,Louis,Wright,1953-01-31,74,200,,,,,,,,,,,,"https://static.www.nfl.com/image/private/f_auto,q_auto/league/etvdhxbzk7ztcm8kmfip",,,,,,
1984,DEN,DL,DE,0,ACT,Walt Bowyer,Walter,Bowyer,1960-09-08,76,245,,,,,,,,,,,,"https://static.www.nfl.com/image/private/f_auto,q_auto/league/uuis0hmuwyspasfwkqai",,,,,,
1984,DEN,DL,NT,0,ACT,Rubin Carter,Rubin,Carter,1952-12-12,72,256,,,,,,,,,,,,"https://static.www.nfl.com/image/private/f_auto,q_auto/league/g2cwkiiydnuptcknj18c",,,,,,
1984,DEN,DL,DE,0,ACT,Barney Chavous,Barney,Chavous,1951-03-22,75,252,,,,,,,,,,,,"https://static.www.nfl.com/image/private/f_auto,q_auto/league/fx5fikpurkbtokrcucor",,,,,,
1984,DEN,DL,NT,0,ACT,Scott Garnett,Scott,Garnett,1962-12-03,74,271,,,,,,,,,,,,"https://static.www.nfl.com/image/private/f_auto,q_auto/league/mywlry84c91wqatycw9z",,,,,,
1984,DEN,DL,DE,0,ACT,Rulon Jones,Rulon,Jones,1958-03-25,78,260,,,,,,,,,,,,"https://static.www.nfl.com/image/private/f_auto,q_auto/league/brtvc9lzil9qrfz5ofjw",,,,,,
1984,DEN,DL,DE,0,ACT,Brison Manor,Brison,Manor,1952-08-10,76,247,,,,,,,,,,,,"https://static.www.nfl.com/image/private/f_auto,q_auto/league/hutmzmcx02uqcpuuq9fn",,,,,,
1984,DEN,DL,NT,0,ACT,Andre Townsend,Andre,Townsend,1962-10-08,75,253,,,,,,,,,,,,"https://static.www.nfl.com/image/private/f_auto,q_auto/league/q3pbjkgeplnnw2hzd6d2",,,,,,
1984,DEN,LB,ILB,0,ACT,Steve Busick,Steven,Busick,1958-12-10,76,227,,,,,,,,,,,,"https://static.www.nfl.com/image/private/f_auto,q_auto/league/esjklosxvsbmdf4ud9fy",,,,,,
1984,PIT,DB,DB,0,ACT,Harvey Clayton,Harvey,Clayton,1961-04-04,69,170,,,,,,,,,,,,"https://static.www.nfl.com/image/private/f_auto,q_auto/league/zm68ikz2n6kcsed7hw7s",,,,,,
1984,DEN,LB,ILB,0,ACT,Rick Dennison,Rick,Dennison,1958-06-22,75,215,,,,,,,,,,,,"https://static.www.nfl.com/image/private/f_auto,q_auto/league/w82leiovirznikkquhfq",,,,,,
1984,MIA,RB,RB,0,ACT,Woody Bennett,Woodrow,Bennett,1955-03-24,74,217,,,,,,,,,,,,"https://static.www.nfl.com/image/private/f_auto,q_auto/league/hdj9zjuwj3lvnkyxkmjn",,,,,,
1984,MIA,RB,RB,0,ACT,Joe Carter,Joseph,Carter,1962-06-23,71,198,,,,,,,,,,,,"https://static.www.nfl.com/image/private/f_auto,q_auto/league/hdwntnhbk51du9rxiq8n",,,,,,
1984,MIA,RB,RB,0,ACT,Andra Franklin,Andra,Franklin,1959-08-22,70,225,,,,,,,,,,,,"https://static.www.nfl.com/image/private/f_auto,q_auto/league/bttaocoeywkha2fvlaeu",,,,,,
1984,DEN,LB,OLB,0,ACT,Jim Ryan,James,Ryan,1957-05-18,73,212,,,,,,,,,,,,"https://static.www.nfl.com/image/private/f_auto,q_auto/league/rwlxzpwsrerwtxybvxjz",,,,,,
1984,DEN,LB,LB,0,ACT,Aaron Smith,Aaron,Smith,1962-08-10,74,223,,,,,,,,,,,,"https://static.www.nfl.com/image/private/f_auto,q_auto/league/nsuhkmobutcub1izhyti",,,,,,
1984,DEN,LB,OLB,0,ACT,Ken Woodard,Kenneth,Woodard,1960-01-22,73,218,,,,,,,,,,,,"https://static.www.nfl.com/image/private/f_auto,q_auto/league/wji31bhbpdk05y561xv7",,,,,,
1984,DEN,OL,G,0,ACT,Keith Bishop,Keith,Bishop,1957-03-10,75,260,,,,,,,,,,,,"https://static.www.nfl.com/image/private/f_auto,q_auto/league/o3ixbfmy2hayt6kkcrg3",,,,,,
1984,DEN,OL,C,0,ACT,Billy Bryan,William,Bryan,1955-06-21,74,246,,,,,,,,,,,,"https://static.www.nfl.com/image/private/f_auto,q_auto/league/j8zhqfifwv9jqmucve1y",,,,,,
1984,MIA,TE,TE,0,ACT,John Chesley,John,Chesley,1962-07-02,77,225,,,,,,,,,,,,"https://static.www.nfl.com/image/private/f_auto,q_auto/league/mlk6dfuntzs8pt7atwlr",,,,,,
1984,DEN,OL,G,0,ACT,Mike Freeman,Michael,Freeman,1961-10-13,75,249,,,,,,,,,,,,"https://static.www.nfl.com/image/private/f_auto,q_auto/league/avxa1bz8h1virnvg4x5j",,,,,,
1984,DEN,OL,OT,0,ACT,Marsharne Graves,Marsharne,Graves,1962-07-08,75,272,,,,,,,,,,,,"https://static.www.nfl.com/image/private/f_auto,q_auto/league/pgn28vgzbhwi4ktsjayr",,,,,,
1984,MIA,TE,TE,0,ACT,Joe Rose,Joseph,Rose,1957-06-24,75,228,,,,,,,,,,,,"https://static.www.nfl.com/image/private/f_auto,q_auto/league/ow0dwox1bpgadbzyuk5r",,,,,,
1984,DEN,OL,G,0,ACT,Paul Howard,Paul,Howard,1950-09-12,75,260,,,,,,,,,,,,"https://static.www.nfl.com/image/private/f_auto,q_auto/league/kfl2pymluqex1vlrtnnx",,,,,,
1984,DEN,OL,C,0,ACT,Glenn Hyde,Glenn,Hyde,1951-03-14,75,250,,,,,,,,,,,,"https://static.www.nfl.com/image/private/f_auto,q_auto/league/ektyj6fzsyyqbbvdw595",,,,,,
1984,STL,LB,OLB,0,ACT,Tom Howard,James,Howard,1954-08-18,74,208,,,,,,,,,,,,"https://static.www.nfl.com/image/private/f_auto,q_auto/league/j4k0vll7keqj0sbyd67q",,,,,,
1984,DEN,OL,OT,0,ACT,Dave Studdard,David,Studdard,1955-11-22,76,260,,,,,,,,,,,,"https://static.www.nfl.com/image/private/f_auto,q_auto/league/t5h9rguzhtbpwpbf0df5",,,,,,
1984,MIA,WR,WR,0,ACT,Vince Heflin,Vincent,Heflin,1959-07-07,72,185,,,,,,,,,,,,"https://static.www.nfl.com/image/private/f_auto,q_auto/league/x2mtwrz0clw4irwm9vd5",,,,,,
1984,STL,LB,LB,0,ACT,Craig Shaffer,Craig,Shaffer,1959-03-31,72,230,,,,,,,,,,,,"https://static.www.nfl.com/image/private/f_auto,q_auto/league/egxiotodvsxyltxhwxdc",,,,,,
1984,DEN,QB,QB,0,ACT,Scott Stankavage,Leo,Stankavage,1962-07-05,73,194,,,,,,,,,,,,"https://static.www.nfl.com/image/private/f_auto,q_auto/league/yjhnwbgwksygkicwdv0m",,,,,,
1984,DEN,RB,RB,0,ACT,Chris Brewer,Christopher,Brewer,1962-01-23,73,203,,,,,,,,,,,,"https://static.www.nfl.com/image/private/f_auto,q_auto/league/ymypzski8kgpz2cnagpn",,,,,,
1984,DEN,RB,RB,0,ACT,Gene Lang,Gene,Lang,1962-03-15,70,196,,,,,,,,,,,,"https://static.www.nfl.com/image/private/f_auto,q_auto/league/vox8eyj8btauhose5iuh",,,,,,
1984,DEN,RB,RB,0,ACT,Jesse Myles,Jesse,Myles,1960-09-28,70,210,,,,,,,,,,,,"https://static.www.nfl.com/image/private/f_auto,q_auto/league/wv8i2yx2bmkudnuuvmcx",,,,,,
1984,MIN,DB,DB,0,ACT,Marcellus Greene,Marcellus,Greene,1957-12-12,72,185,,,,,,,,,,,,"https://static.www.nfl.com/image/private/f_auto,q_auto/league/vyxnsvx3c8mbpyb4o58x",,,,,,
1984,DEN,RB,RB,0,ACT,Gerald Willhite,Gerald,Willhite,1959-05-30,70,200,,,,,,,,,,,,"https://static.www.nfl.com/image/private/f_auto,q_auto/league/zjmqmpkrs9akb6ziwt7u",,,,,,
1984,DEN,RB,RB,0,ACT,Sammy Winder,Sammy,Winder,1959-07-15,71,203,,,,,,,,,,,,"https://static.www.nfl.com/image/private/f_auto,q_auto/league/v39r535soc9s4rskfhf7",,,,,,
1984,DEN,SPEC,K,0,ACT,Rich Karlis,Richard,Karlis,1959-05-23,72,180,,,,,,,,,,,,"https://static.www.nfl.com/image/private/f_auto,q_auto/league/scvvgldutxv1dyrxmva6",,,,,,
1984,DEN,SPEC,P,0,ACT,Chris Norman,Christopher,Norman,1962-05-25,74,198,,,,,,,,,,,,"https://static.www.nfl.com/image/private/f_auto,q_auto/league/xmklt6zj8uj7ow5bhhyy",,,,,,
1984,MIN,DB,DB,0,ACT,Dan Wagoner,Daniel,Wagoner,1959-12-12,70,177,,,,,,,,,,,,"https://static.www.nfl.com/image/private/f_auto,q_auto/league/ltj1rilngypebstspf5b",,,,,,
1984,MIN,DL,DE,0,ACT,Hasson Arbubakrr,Hasson,Arbubakrr,1960-12-09,76,250,,,,,,,,,,,,"https://static.www.nfl.com/image/private/f_auto,q_auto/league/s0wo66biyg3kiqcvcycw",,,,,,
1984,MIN,DL,DE,0,ACT,Bob Cobb,Robert,Cobb,1957-10-12,76,248,,,,,,,,,,,,"https://static.www.nfl.com/image/private/f_auto,q_auto/league/f0zkkrwibr4kdoiznipo",,,,,,
1984,DEN,TE,TE,0,ACT,James Wright,James,Wright,1956-09-01,75,240,,,,,,,,,,,,"https://static.www.nfl.com/image/private/f_auto,q_auto/league/kbduv6urnhs6hfuzh0gh",,,,,,
1984,MIN,DL,DT,0,ACT,John Haines,John,Haines,1961-12-16,78,266,,,,,,,,,,,,"https://static.www.nfl.com/image/private/f_auto,q_auto/league/vfywu4wofujrd1etqkf5",,,,,,
1984,DEN,WR,WR,0,ACT,Butch Johnson,Michael,Johnson,1954-05-28,73,187,,,,,,,,,,,,"https://static.www.nfl.com/image/private/f_auto,q_auto/league/wvtpsv8h47cm39up9qt6",,,,,,
1984,DEN,WR,WR,0,ACT,Dave Logan,David,Logan,1954-02-02,76,219,,,,,,,,,,,,"https://static.www.nfl.com/image/private/f_auto,q_auto/league/lc0uim8wtoxao3x8ab8c",,,,,,
1984,DEN,WR,WR,0,ACT,Clint Sampson,Clinton,Sampson,1961-01-04,71,183,,,,,,,,,,,,"https://static.www.nfl.com/image/private/f_auto,q_auto/league/bty0fmd1ihylbxsrt1po",,,,,,
1984,MIN,DL,DE,0,ACT,Mark Mullaney,Mark,Mullaney,1953-04-30,78,242,,,,,,,,,,,,"https://static.www.nfl.com/image/private/f_auto,q_auto/league/gf4dzlvvteduciiau15v",,,,,,
1984,DEN,WR,WR,0,ACT,Steve Watson,Stephen,Watson,1957-05-28,76,195,,,,,,,,,,,,"https://static.www.nfl.com/image/private/f_auto,q_auto/league/dvxzjkjazsztwuvsmg8z",,,,,,
1984,MIN,DL,NT,0,ACT,Paul Sverchek,Paul,Sverchek,1961-05-09,75,252,,,,,,,,,,,,"https://static.www.nfl.com/image/private/f_auto,q_auto/league/prvcoyncced2oyfcabyu",,,,,,
1984,DET,DB,S,0,ACT,William Graham,William,Graham,1959-09-27,71,188,,,,,,,,,,,,"https://static.www.nfl.com/image/private/f_auto,q_auto/league/nkveuqrdt5hhnkdgdm39",,,,,,
1984,DET,DB,FS,0,ACT,Alvin Hall,Alvin,Hall,1958-08-12,70,193,,,,,,,,,,,,"https://static.www.nfl.com/image/private/f_auto,q_auto/league/fxn7b7lkjqzqagqgom13",,,,,,
1984,DET,DB,DB,0,ACT,Demetrious Johnson,Demetrious,Johnson,1961-07-21,71,186,,,,,,,,,,,,"https://static.www.nfl.com/image/private/f_auto,q_auto/league/lnf52wxvdqefk5qkabyq",,,,,,
1984,MIN,LB,LB,0,ACT,Dennis Fowlkes,Dennis,Fowlkes,1961-03-11,74,230,,,,,,,,,,,,"https://static.www.nfl.com/image/private/f_auto,q_auto/league/m6j5w6jcplcfgvtzrl65",,,,,,
1984,MIN,LB,ILB,0,ACT,Dennis Johnson,Dennis,Johnson,1958-06-19,75,234,,,,,,,,,,,,"https://static.www.nfl.com/image/private/f_auto,q_auto/league/aa2txyommjsy7v4uhsy4",,,,,,
1984,DET,DB,DB,0,TRT,Dan Wagoner,Daniel,Wagoner,1959-12-12,70,177,,,,,,,,,,,,"https://static.www.nfl.com/image/private/f_auto,q_auto/league/ltj1rilngypebstspf5b",,,,,,
1984,DET,DB,CB,0,ACT,Bobby Watkins,Bobby,Watkins,1960-05-31,70,184,,,,,,,,,,,,"https://static.www.nfl.com/image/private/f_auto,q_auto/league/hszkqv0ohdqbqkjyymcu",,,,,,
1984,DET,DB,DB,0,ACT,Gardner Williams,Gardner,Williams,1961-12-11,74,199,,,,,,,,,,,,"https://static.www.nfl.com/image/private/f_auto,q_auto/league/pkl04nzeqq0yoxjjmnau",,,,,,
1984,MIN,LB,LB,0,ACT,Mark Stewart,Mark,Stewart,1959-10-13,74,230,,,,,,,,,,,,"https://static.www.nfl.com/image/private/f_auto,q_auto/league/lmkn0oba0j4x5ym1cy1k",,,,,,
1984,DET,DL,DT,0,ACT,Doug English,Lowell,English,1953-08-25,77,250,,,,,,,,,,,,"https://static.www.nfl.com/image/private/f_auto,q_auto/league/im6jqm3x3k6fma1ghkqz",,,,,,
1984,DET,DL,DE,0,ACT,Bill Gay,William,Gay,1955-05-28,77,225,,,,,,,,,,,,"https://static.www.nfl.com/image/private/f_auto,q_auto/league/rmf9fbxmiuztvzbyesto",,,,,,
1984,MIN,OL,G,0,ACT,Bill Dugan,William,Dugan,1959-06-05,76,271,,,,,,,,,,,,"https://static.www.nfl.com/image/private/f_auto,q_auto/league/ybxq7b2awbbynaivb5ck",,,,,,
1984,DET,DL,DE,0,ACT,Martin Moss,Martin,Moss,1958-12-16,76,250,,,,,,,,,,,,"https://static.www.nfl.com/image/private/f_auto,q_auto/league/fokzeapjnwimdgurx5l4",,,,,,
1984,MIN,OL,G,0,ACT,Wes Hamilton,Wesley,Hamilton,1953-04-24,75,261,,,,,,,,,,,,"https://static.www.nfl.com/image/private/f_auto,q_auto/league/gnubagx0anihoyjcigrh",,,,,,
1984,DET,LB,LB,0,ACT,Roosevelt Barnes,Roosevelt,Barnes,1958-08-03,74,215,,,,,,,,,,,,"https://static.www.nfl.com/image/private/f_auto,q_auto/league/aqdsxqhvmdyq3ebufj5x",,,,,,
1984,DET,LB,OLB,0,ACT,Garry Cobb,Garry,Cobb,1957-03-16,74,227,,,,,,,,,,,,"https://static.www.nfl.com/image/private/f_auto,q_auto/league/indv09nrbnxdmguenm1b",,,,,,
1984,DET,LB,LB,0,ACT,August Curley,August,Curley,1960-01-24,75,226,,,,,,,,,,,,"https://static.www.nfl.com/image/private/f_auto,q_auto/league/yrygovdfs1ww0z5qokxz",,,,,,
1984,DET,LB,LB,0,ACT,Kirk Dodge,Kirk,Dodge,1962-06-04,73,231,,,,,,,,,,,,"https://static.www.nfl.com/image/private/f_auto,q_auto/league/ukq1vlvtrkukxpetojhw",,,,,,
1984,DET,LB,MLB,0,ACT,Steve Doig,Stephen,Doig,1960-03-28,74,240,,,,,,,,,,,,"https://static.www.nfl.com/image/private/f_auto,q_auto/league/gxoyi4dio092wftpnjfz",,,,,,
1984,DET,LB,MLB,0,ACT,Ken Fantetti,Kenneth,Fantetti,1957-04-07,74,230,,,,,,,,,,,,"https://static.www.nfl.com/image/private/f_auto,q_auto/league/o27thfhyrdohvyfwkskz",,,,,,
1984,DET,LB,LB,0,ACT,Angelo King,Angelo,King,1958-02-10,73,220,,,,,,,,,,,,"https://static.www.nfl.com/image/private/f_auto,q_auto/league/outgl0aby5wd8k5y2urn",,,,,,
1984,MIN,QB,QB,0,TRD,Steve Dils,Stephen,Dils,1955-12-08,73,190,,,,,,,,,,,,"https://static.www.nfl.com/image/private/f_auto,q_auto/league/ih0z25eoj7ommwssthmv",,,,,,
1984,DET,LB,OLB,0,ACT,Jimmy Williams,James,Williams,1960-11-15,75,230,,,,,,,,,,,,"https://static.www.nfl.com/image/private/f_auto,q_auto/league/wd1akbgxq9iiplnaqmci",,,,,,
1984,DET,OL,OT,0,ACT,Steve Baack,Steven,Baack,1960-11-16,76,252,,,,,,,,,,,,"https://static.www.nfl.com/image/private/f_auto,q_auto/league/umewvpkxgk3q57vg9df6",,,,,,
1984,DET,OL,G,0,ACT,Chris Dieterich,Christian,Dieterich,1958-07-27,75,255,,,,,,,,,,,,"https://static.www.nfl.com/image/private/f_auto,q_auto/league/y0vngeyennmr4f8rtzjk",,,,,,
1984,DET,OL,OT,0,ACT,Keith Dorney,Keith,Dorney,1957-12-03,77,265,,,,,,,,,,,,"https://static.www.nfl.com/image/private/f_auto,q_auto/league/opr67nyiqpxbdmarvuyk",,,,,,
1984,DET,OL,G,0,ACT,Homer Elias,Homer,Elias,1955-05-01,75,255,,,,,,,,,,,,"https://static.www.nfl.com/image/private/f_auto,q_auto/league/olweu2l5alno1j1c5o38",,,,,,
1984,DET,OL,C,0,ACT,Amos Fowler,Amos,Fowler,1956-02-11,75,250,,,,,,,,,,,,"https://static.www.nfl.com/image/private/f_auto,q_auto/league/wjox3xoykici7pbxwlv7",,,,,,
1984,DET,OL,G,0,ACT,Don Greco,Donald,Greco,1959-04-01,75,260,,,,,,,,,,,,"https://static.www.nfl.com/image/private/f_auto,q_auto/league/th1layyowerrfsm7nkba",,,,,,
1984,DET,OL,C,0,ACT,David Jones,David,Jones,1961-10-25,75,266,,,,,,,,,,,,"https://static.www.nfl.com/image/private/f_auto,q_auto/league/yjrxflt3u7nzvsg3eo65",,,,,,
1984,DET,OL,OT,0,ACT,Don Laster,Anthony,Laster,1958-12-13,77,285,,,,,,,,,,,,"https://static.www.nfl.com/image/private/f_auto,q_auto/league/syyizwr0vzaywuea8kty",,,,,,
1984,DET,OL,C,0,ACT,Larry Lee,Larry,Lee,1959-09-10,74,274,,,,,,,,,,,,"https://static.www.nfl.com/image/private/f_auto,q_auto/league/kolec30vliiy0aohka9p",,,,,,
1984,DET,OL,C,0,ACT,Steve Mott,Walter,Mott,1961-03-24,75,259,,,,,,,,,,,,"https://static.www.nfl.com/image/private/f_auto,q_auto/league/ch5r1yhhvj7dlys57e4g",,,,,,
1984,DET,OL,OT,0,ACT,Rich Strenger,Richard,Strenger,1960-03-10,79,280,,,,,,,,,,,,"https://static.www.nfl.com/image/private/f_auto,q_auto/league/epkmcuyzsikf82x9xeu0",,,,,,
1984,DET,QB,QB,0,ACT,Gary Danielson,Gary,Danielson,1951-09-10,74,195,,,,,,,,,,,,"https://static.www.nfl.com/image/private/f_auto,q_auto/league/vag08i1oekw4yvjxphto",,,,,,
1984,DET,QB,QB,0,ACT,Eric Hipple,Eric,Hipple,1957-09-16,74,196,,,,,,,,,,,,"https://static.www.nfl.com/image/private/f_auto,q_auto/league/bmbixu0mxxrxmdsc3grb",,,,,,
1984,DET,QB,QB,0,ACT,Mike Machurek,Michael,Machurek,1960-07-22,73,205,,,,,,,,,,,,"https://static.www.nfl.com/image/private/f_auto,q_auto/league/a6zvpvml0khzpziwgfsv",,,,,,
1984,DET,QB,QB,0,ACT,John Witkowski,John,Witkowski,1962-06-18,73,200,,,,,,,,,,,,"https://static.www.nfl.com/image/private/f_auto,q_auto/league/kms4wif6ieei9jbddlxg",,,,,,
1984,DET,RB,RB,0,ACT,Dexter Bussey,Dexter,Bussey,1952-03-11,73,195,,,,,,,,,,,,"https://static.www.nfl.com/image/private/f_auto,q_auto/league/mynjggmpx7me7cukv6rw",,,,,,
1984,MIN,WR,WR,0,ACT,Terry LeCount,Terry,LeCount,1956-07-09,70,172,,,,,,,,,,,,"https://static.www.nfl.com/image/private/f_auto,q_auto/league/xyinrizbcndagdteczrd",,,,,,
1984,DET,RB,RB,0,ACT,Ken Jenkins,Kenneth,Jenkins,1959-05-08,68,183,,,,,,,,,,,,"https://static.www.nfl.com/image/private/f_auto,q_auto/league/qjqrj8nwpmf60blpkptj",,,,,,
1984,MIN,WR,WR,0,ACT,Billy Waddy,William,Waddy,1954-02-19,71,187,,,,,,,,,,,,"https://static.www.nfl.com/image/private/f_auto,q_auto/league/e87hbudunnf0zekwbsqt",,,,,,
1984,DET,RB,RB,0,ACT,Mike Meade,Michael,Meade,1960-02-12,71,228,,,,,,,,,,,,"https://static.www.nfl.com/image/private/f_auto,q_auto/league/tv3yeeboniiq1sv6mici",,,,,,
1984,DET,RB,RB,0,ACT,Billy Sims,Billy,Sims,1955-09-18,72,212,,,,,,,,,,,,"https://static.www.nfl.com/image/private/f_auto,q_auto/league/klbuonro96ludylbxd0d",,,,,,
1984,DET,SPEC,P,0,ACT,Mike Black,Peter,Black,1961-01-18,73,205,,,,,,,,,,,,"https://static.www.nfl.com/image/private/f_auto,q_auto/league/t18azkp5epoinaf4zgun",,,,,,
1984,RAI,OL,OT,0,ACT,Bruce Davis,Bruce,Davis,1956-06-21,78,280,,,,,,,,,,,,"https://static.www.nfl.com/image/private/f_auto,q_auto/league/lwgxmx3zj5gbs8tjpjp8",,,,,,
1984,DET,TE,TE,0,ACT,David Lewis,David,Lewis,1961-06-08,75,240,,,,,,,,,,,,"https://static.www.nfl.com/image/private/f_auto,q_auto/league/umh88oieumscujay0xtb",,,,,,
1984,NE,DB,DB,0,ACT,Keith Lee,Keith,Lee,1957-12-22,71,192,,,,,,,,,,,,"https://static.www.nfl.com/image/private/f_auto,q_auto/league/rgv9zcpchxidwrjolre8",,,,,,
1984,DET,TE,TE,0,ACT,Rob Rubick,Robin,Rubick,1960-09-27,75,225,,,,,,,,,,,,"https://static.www.nfl.com/image/private/f_auto,q_auto/league/fiowvfc4tmjwpvjpto6d",,,,,,
1984,DET,WR,WR,0,ACT,Carl Bland,Carl,Bland,1961-08-17,71,182,,,,,,,,,,,,"https://static.www.nfl.com/image/private/f_auto,q_auto/league/xihk7g5lwolevgfari8n",,,,,,
1984,NE,DB,DB,0,ACT,Rod McSwain,Rodney,McSwain,1962-01-28,73,198,,,,,,,,,,,,"https://static.www.nfl.com/image/private/f_auto,q_auto/league/ntaf5kfgmalcwylp5o8f",,,,,,
1984,NE,DB,FS,0,ACT,Rick Sanford,Richard,Sanford,1957-01-09,73,192,,,,,,,,,,,,"https://static.www.nfl.com/image/private/f_auto,q_auto/league/ljqnwnss8t6rpbelpcp9",,,,,,
1984,DET,WR,WR,0,ACT,Robbie Martin,Robbie,Martin,1958-12-03,68,179,,,,,,,,,,,,"https://static.www.nfl.com/image/private/f_auto,q_auto/league/ft21inijzzk4apnrtwnd",,,,,,
1984,DET,WR,WR,0,ACT,Mark Nichols,Mark,Nichols,1959-10-29,74,213,,,,,,,,,,,,"https://static.www.nfl.com/image/private/f_auto,q_auto/league/uv9jpj10mwvgdge2o0ic",,,,,,
1984,DET,WR,WR,0,ACT,Leonard Thompson,Leonard,Thompson,1952-07-28,71,192,,,,,,,,,,,,"https://static.www.nfl.com/image/private/f_auto,q_auto/league/n90airs9gbylsyvxvgvm",,,,,,
1984,GB,DB,FS,0,ACT,Tom Flynn,Thomas,Flynn,1962-03-24,72,195,,,,,,,,,,,,"https://static.www.nfl.com/image/private/f_auto,q_auto/league/g4gc1fcbh0zpnvgkxvcr",,,,,,
1984,GB,DB,DB,0,ACT,Johnnie Gray,Johnnie,Gray,1953-12-18,71,185,,,,,,,,,,,,"https://static.www.nfl.com/image/private/f_auto,q_auto/league/jikjb8udqq7mgxccvb0h",,,,,,
1984,GB,DB,DB,0,ACT,Gary Hayes,Gary,Hayes,1957-08-19,70,180,,,,,,,,,,,,"https://static.www.nfl.com/image/private/f_auto,q_auto/league/diuf3cky3liargtl7b1h",,,,,,
1984,GB,DB,DB,0,ACT,Estus Hood,Estus,Hood,1955-11-14,71,183,,,,,,,,,,,,"https://static.www.nfl.com/image/private/f_auto,q_auto/league/bgrqygaxciczjaofdkyx",,,,,,
1984,NE,DL,NT,0,ACT,Lester Williams,Lester,Williams,1959-01-19,75,272,,,,,,,,,,,,"https://static.www.nfl.com/image/private/f_auto,q_auto/league/qh8zic9snx9gkfkwutwj",,,,,,
1984,NE,DL,DE,0,ACT,Toby Williams,Tobias,Williams,1959-11-19,75,254,,,,,,,,,,,,"https://static.www.nfl.com/image/private/f_auto,q_auto/league/mahr3z7g6icdtendkbxw",,,,,,
1984,GB,DB,CB,0,ACT,Tim Lewis,Timothy,Lewis,1961-12-18,71,194,,,,,,,,,,,,"https://static.www.nfl.com/image/private/f_auto,q_auto/league/guj5zdpbaag9mdljfibd",,,,,,
1984,GB,DB,DB,0,ACT,Mike McLeod,Michael,McLeod,1958-05-04,72,180,,,,,,,,,,,,"https://static.www.nfl.com/image/private/f_auto,q_auto/league/yymjmkilemg3a8exnv7t",,,,,,
1984,GB,DB,S,0,ACT,Mark Murphy,Mark,Murphy,1958-04-22,74,199,,,,,,,,,,,,"https://static.www.nfl.com/image/private/f_auto,q_auto/league/menkoykgzqp0pde3fuqm",,,,,,
1984,GB,DB,DB,0,ACT,Dwayne O'Steen,Dwayne,O'Steen,1954-12-20,73,193,,,,,,,,,,,,"https://static.www.nfl.com/image/private/f_auto,q_auto/league/hqaplh4ns5juszensbyx",,,,,,
1984,NE,LB,ILB,0,ACT,Steve Nelson,Steven,Nelson,1951-04-26,74,230,,,,,,,,,,,,"https://static.www.nfl.com/image/private/f_auto,q_auto/league/tert4y4jynhz9gzibsby",,,,,,
1984,RAI,RB,RB,0,ACT,Chester Willis,Chester,Willis,1958-05-02,71,195,,,,,,,,,,,,"https://static.www.nfl.com/image/private/f_auto,q_auto/league/sgb0ezqjnygbwddz6s1c",,,,,,
1984,GB,DL,DE,0,ACT,Donnie Humphrey,Donnie,Humphrey,1961-04-20,75,275,,,,,,,,,,,,"https://static.www.nfl.com/image/private/f_auto,q_auto/league/gvabcionynk8gb7i895r",,,,,,
1984,RAI,SPEC,P,0,ACT,Ray Guy,William,Guy,1949-12-22,75,190,,,,,,,,,,,,"https://static.www.nfl.com/image/private/f_auto,q_auto/league/ho8elpqtloeudnzwlhdl",,,,,,
1984,GB,DL,NT,0,ACT,Terry Jones,Terry,Jones,1956-11-08,74,259,,,,,,,,,,,,"https://static.www.nfl.com/image/private/f_auto,q_auto/league/rm1wd7j4pel6dkqh7h3s",,,,,,
1984,NE,LB,LB,0,ACT,Ed Williams,Edward,Williams,1961-09-08,76,244,,,,,,,,,,,,"https://static.www.nfl.com/image/private/f_auto,q_auto/league/sgftcdu0qnf4fybfkf7i",,,,,,
1984,GB,DL,DT,0,ACT,Bill Neill,William,Neill,1959-03-15,76,258,,,,,,,,,,,,"https://static.www.nfl.com/image/private/f_auto,q_auto/league/f4lqeskxzloidqvrckjn",,,,,,
1984,GB,LB,OLB,0,ACT,John Anderson,Roger,Anderson,1956-02-14,75,221,,,,,,,,,,,,"https://static.www.nfl.com/image/private/f_auto,q_auto/league/gucx4nx412bv6iuj5gwp",,,,,,
1984,GB,LB,ILB,0,ACT,George Cumby,George,Cumby,1956-07-05,72,215,,,,,,,,,,,,"https://static.www.nfl.com/image/private/f_auto,q_auto/league/pcprcs7fk5gx161jl1sj",,,,,,
1984,GB,LB,LB,0,ACT,John Dorsey,John,Dorsey,1960-08-31,74,235,,,,,,,,,,,,"https://static.www.nfl.com/image/private/f_auto,q_auto/league/yiotrfnssgz3f9gsafrs",,,,,,
1984,GB,LB,OLB,0,ACT,Mike Douglass,Michael,Douglass,1955-03-15,72,224,,,,,,,,,,,,"https://static.www.nfl.com/image/private/f_auto,q_auto/league/agaskncjwymqqolssivo",,,,,,
1984,GB,LB,LB,0,ACT,Cliff Lewis,Clifford,Lewis,1959-11-09,73,226,,,,,,,,,,,,"https://static.www.nfl.com/image/private/f_auto,q_auto/league/dhyvdbrygoskuavbua1g",,,,,,
1984,GB,LB,LB,0,ACT,Guy Prather,Guy,Prather,1958-03-28,74,230,,,,,,,,,,,,"https://static.www.nfl.com/image/private/f_auto,q_auto/league/htnnbpqcckay3akukszw",,,,,,
1984,GB,LB,ILB,0,ACT,Randy Scott,Randolph,Scott,1959-01-31,73,220,,,,,,,,,,,,"https://static.www.nfl.com/image/private/f_auto,q_auto/league/ev8qitwlvcvmci1uxqss",,,,,,
1984,GB,LB,LB,0,ACT,Rich Wingo,Richard,Wingo,1956-07-16,73,230,,,,,,,,,,,,"https://static.www.nfl.com/image/private/f_auto,q_auto/league/ascykjulpkofuw0zyke2",,,,,,
1984,NE,QB,QB,0,ACT,Steve Grogan,Steven,Grogan,1953-07-24,76,210,,,,,,,,,,,,"https://static.www.nfl.com/image/private/f_auto,q_auto/league/lgtwr9h2e8bey2lyqkco",,,,,,
1984,GB,OL,G,0,ACT,Tony DeLuca,Anthony,DeLuca,1960-11-16,76,250,,,,,,,,,,,,"https://static.www.nfl.com/image/private/f_auto,q_auto/league/aqkfyd9swgbe9cpqfsyo",,,,,,
1984,GB,OL,G,0,ACT,Dave Drechsler,David,Drechsler,1960-07-18,75,264,,,,,,,,,,,,"https://static.www.nfl.com/image/private/f_auto,q_auto/league/diutqwildystrtqxwy1k",,,,,,
1984,NE,RB,RB,0,ACT,Greg Hawthorne,Gregory,Hawthorne,1956-09-05,74,225,,,,,,,,,,,,"https://static.www.nfl.com/image/private/f_auto,q_auto/league/gn9ea43dgpn3x734ed0f",,,,,,
1984,GB,OL,OT,0,ACT,Gary Hoffman,Gary,Hoffman,1961-09-28,79,285,,,,,,,,,,,,"https://static.www.nfl.com/image/private/f_auto,q_auto/league/o8i6oig6amytufbudnkq",,,,,,
1984,GB,OL,G,0,ACT,Tim Huffman,Timothy,Huffman,1959-08-31,77,277,,,,,,,,,,,,"https://static.www.nfl.com/image/private/f_auto,q_auto/league/j03dcddajwfrewywmxvs",,,,,,
1984,GB,OL,OT,0,ACT,Boyd Jones,Boyd,Jones,1961-05-30,75,265,,,,,,,,,,,,"https://static.www.nfl.com/image/private/f_auto,q_auto/league/yqzecrktzfqlbgfvug4x",,,,,,
1984,GB,OL,G,0,TRD,Syd Kitson,Sydney,Kitson,1958-09-27,76,258,,,,,,,,,,,,"https://static.www.nfl.com/image/private/f_auto,q_auto/league/t3dhcbf6mnbcvjwh5q4q",,,,,,
1984,GB,OL,OT,0,ACT,Greg Koch,Gregory,Koch,1955-06-14,76,265,,,,,,,,,,,,"https://static.www.nfl.com/image/private/f_auto,q_auto/league/m0xgqn19ijscefcr7grp",,,,,,
1984,RAM,DL,DE,0,ACT,Shawn Miller,Shawn,Miller,1961-03-14,76,255,,,,,,,,,,,,"https://static.www.nfl.com/image/private/f_auto,q_auto/league/pdycpw7dvjmgwrw6fldq",,,,,,
1984,GB,OL,C,0,ACT,Blake Moore,Edward,Moore,1958-05-08,77,255,,,,,,,,,,,,"https://static.www.nfl.com/image/private/f_auto,q_auto/league/csnh8q6q5ydn8lshavpf",,,,,,
1984,GB,OL,OT,0,ACT,Karl Swanke,Karl,Swanke,1957-12-29,78,251,,,,,,,,,,,,"https://static.www.nfl.com/image/private/f_auto,q_auto/league/pyqdqgwtrwkfe5ndzk6w",,,,,,
1984,NE,TE,TE,0,ACT,Lin Dawson,James,Dawson,1959-06-24,75,240,,,,,,,,,,,,"https://static.www.nfl.com/image/private/f_auto,q_auto/league/mdm4nfhl0g2cn7rynguc",,,,,,
1984,NE,TE,TE,0,ACT,Derrick Ramsey,Derrick,Ramsey,1956-12-23,76,220,,,,,,,,,,,,"https://static.www.nfl.com/image/private/f_auto,q_auto/league/aae8ytxqpwmqnh2gtaet",,,,,,
1984,GB,QB,QB,0,ACT,Lynn Dickey,Clifford,Dickey,1949-10-19,75,214,,,,,,,,,,,,"https://static.www.nfl.com/image/private/f_auto,q_auto/league/gwlwkc0uggwu94p260y5",,,,,,
1984,GB,QB,QB,0,ACT,Randy Wright,Randall,Wright,1961-01-12,74,194,,,,,,,,,,,,"https://static.www.nfl.com/image/private/f_auto,q_auto/league/i683zerheglgdirtjx0q",,,,,,
1984,GB,RB,RB,0,ACT,Jessie Clark,Jessie,Clark,1960-01-03,72,226,,,,,,,,,,,,"https://static.www.nfl.com/image/private/f_auto,q_auto/league/z1twtanvv7xjt7qu5gp8",,,,,,
1984,NE,WR,WR,0,ACT,Stephen Starring,Stephen,Starring,1961-07-30,70,172,,,,,,,,,,,,"https://static.www.nfl.com/image/private/f_auto,q_auto/league/g46ytqxteq70xgxq465y",,,,,,
1984,GB,RB,RB,0,ACT,Gerry Ellis,Gerry,Ellis,1957-11-12,71,215,,,,,,,,,,,,"https://static.www.nfl.com/image/private/f_auto,q_auto/league/h9ltxvlkbzbval2kkrbn",,,,,,
1984,GB,RB,RB,0,ACT,Harlan Huckleby,Harlan,Huckleby,1957-12-30,73,199,,,,,,,,,,,,"https://static.www.nfl.com/image/private/f_auto,q_auto/league/v6wowxlcoibmmzy9tq3d",,,,,,
1984,GB,RB,RB,0,ACT,Eddie Lee Ivery,Eddie,Ivery,1957-07-30,72,210,,,,,,,,,,,,"https://static.www.nfl.com/image/private/f_auto,q_auto/league/fwx0ce258pvztzgnzrtl",,,,,,
1984,GB,RB,RB,0,ACT,Del Rodgers,Roderick,Rodgers,1960-06-22,70,197,,,,,,,,,,,,"https://static.www.nfl.com/image/private/f_auto,q_auto/league/tfi9yrrgx8efemiajysi",,,,,,
1984,RAM,LB,LB,0,ACT,Jim Youngblood,James,Youngblood,1950-02-23,75,235,,,,,,,,,,,,"https://static.www.nfl.com/image/private/f_auto,q_auto/league/lsoeohtmoadr8kjekmf0",,,,,,
1984,NO,DB,DB,0,ACT,Bobby Johnson,Bobby,Johnson,1960-09-01,72,191,,,,,,,,,,,,"https://static.www.nfl.com/image/private/f_auto,q_auto/league/days2nshb3qjaaxhibt2",,,,,,
1984,NO,DB,DB,0,ACT,Rodney Lewis,Rodney,Lewis,1959-04-02,71,190,,,,,,,,,,,,"https://static.www.nfl.com/image/private/f_auto,q_auto/league/tncht06ubzwftb2bfzvp",,,,,,
1984,NO,DB,CB,0,ACT,Johnnie Poe,Johnnie,Poe,1959-08-29,73,182,,,,,,,,,,,,"https://static.www.nfl.com/image/private/f_auto,q_auto/league/clxytizah1bzhamtu2tn",,,,,,
1984,GB,TE,TE,0,ACT,Henry Childs,Henry,Childs,1951-04-16,74,223,,,,,,,,,,,,"https://static.www.nfl.com/image/private/f_auto,q_auto/league/c3qmyfwkdlpybyt23kjj",,,,,,
1984,GB,TE,TE,0,ACT,Paul Coffman,Paul,Coffman,1956-03-29,75,218,,,,,,,,,,,,"https://static.www.nfl.com/image/private/f_auto,q_auto/league/r9lstv5d64jpp5eliama",,,,,,
1984,GB,TE,TE,0,ACT,Gary Lewis,Gary,Lewis,1958-12-30,77,234,,,,,,,,,,,,"https://static.www.nfl.com/image/private/f_auto,q_auto/league/r9wuu8o1imqak66wqp85",,,,,,
1984,WAS,QB,QB,0,ACT,Jim Hart,James,Hart,1944-04-29,73,215,,,,,,,,,,,,"https://static.www.nfl.com/image/private/f_auto,q_auto/league/wk8ttd1noffeqk9sy9qt",,,,,,
1984,RAM,OL,C,0,ACT,Tony Slaton,Tony,Slaton,1961-04-12,75,269,,,,,,,,,,,,"https://static.www.nfl.com/image/private/f_auto,q_auto/league/d0zoei54ce76njkclezc",,,,,,
1984,GB,WR,WR,0,ACT,Phil Epps,Phillip,Epps,1958-11-11,70,165,,,,,,,,,,,,"https://static.www.nfl.com/image/private/f_auto,q_auto/league/ubw9ykq2dj0rt4mj5bkk",,,,,,
1984,GB,WR,WR,0,ACT,John Jefferson,John,Jefferson,1956-02-03,73,190,,,,,,,,,,,,"https://static.www.nfl.com/image/private/f_auto,q_auto/league/rggmc0xrwtiq5u8afrad",,,,,,
1984,RAM,QB,QB,0,ACT,Vince Ferragamo,Vincent,Ferragamo,1954-04-24,75,208,,,,,,,,,,,,"https://static.www.nfl.com/image/private/f_auto,q_auto/league/tc2qspexlyzkc3dqreog",,,,,,
1984,GB,WR,WR,0,ACT,Lenny Taylor,Leonard,Taylor,1961-02-15,70,173,,,,,,,,,,,,"https://static.www.nfl.com/image/private/f_auto,q_auto/league/ofniwvcp5betkihrwc0d",,,,,,
1984,RAM,RB,RB,0,ACT,Dwayne Crutchfield,Dwayne,Crutchfield,1959-09-30,72,235,,,,,,,,,,,,"https://static.www.nfl.com/image/private/f_auto,q_auto/league/mferg8gwzcpt5f8milva",,,,,,
1984,HOU,DB,S,0,ACT,Keith Bostic,William,Bostic,1961-01-17,73,209,,,,,,,,,,,,"https://static.www.nfl.com/image/private/f_auto,q_auto/league/rrtywu13e5f26xfhsneu",,,,,,
1984,HOU,DB,CB,0,ACT,Steve Brown,Steven,Brown,1960-05-20,71,178,,,,,,,,,,,,"https://static.www.nfl.com/image/private/f_auto,q_auto/league/bz7covdm7rapdxk9xllk",,,,,,
1984,NO,LB,ILB,0,ACT,Jim Kovach,James,Kovach,1956-05-01,74,230,,,,,,,,,,,,"https://static.www.nfl.com/image/private/f_auto,q_auto/league/wnasyy4zi3d4uod2y3td",,,,,,
1984,HOU,DB,FS,0,ACT,Bo Eason,James,Eason,1961-03-10,74,200,,,,,,,,,,,,"https://static.www.nfl.com/image/private/f_auto,q_auto/league/pmr6ca2kxppop8zvhe0f",,,,,,
1984,NO,LB,LB,0,ACT,Scott Pelluer,Scott,Pelluer,1959-04-28,74,215,,,,,,,,,,,,"https://static.www.nfl.com/image/private/f_auto,q_auto/league/lpfvevoesxfqqoiddrto",,,,,,
1984,NO,LB,LB,0,ACT,Glen Redd,Glen,Redd,1958-06-17,73,229,,,,,,,,,,,,"https://static.www.nfl.com/image/private/f_auto,q_auto/league/p6ktbrf5cpvbw8qew0vm",,,,,,
1984,HOU,DB,DB,0,ACT,Allen Lyday,Allen,Lyday,1960-09-16,70,186,,,,,,,,,,,,"https://static.www.nfl.com/image/private/f_auto,q_auto/league/mqse0pbsoac7m7btz5ix",,,,,,
1984,HOU,DB,DB,0,ACT,Darryl Meadows,Darryl,Meadows,1961-02-15,73,202,,,,,,,,,,,,"https://static.www.nfl.com/image/private/f_auto,q_auto/league/y1ytb7ht8swvz3h8fmui",,,,,,
1984,HOU,DB,CB,0,ACT,Willie Tullis,Willie,Tullis,1958-04-05,72,190,,,,,,,,,,,,"https://static.www.nfl.com/image/private/f_auto,q_auto/league/k4bw1foogv8la9oypiih",,,,,,
1984,HOU,DL,DE,0,ACT,Jesse Baker,Jesse,Baker,1957-07-10,77,265,,,,,,,,,,,,"https://static.www.nfl.com/image/private/f_auto,q_auto/league/sog3czbmyrfeo0pubt44",,,,,,
1984,HOU,DL,DE,0,ACT,Bryan Caldwell,Bryan,Caldwell,1960-05-06,76,248,,,,,,,,,,,,"https://static.www.nfl.com/image/private/f_auto,q_auto/league/byai6e96qa2r9edyfd78",,,,,,
1984,HOU,DL,DE,0,ACT,Jerome Foster,Jerome,Foster,1960-07-25,74,268,,,,,,,,,,,,"https://static.www.nfl.com/image/private/f_auto,q_auto/league/wzxln0omlgewzkcpyds4",,,,,,
1984,HOU,DL,DE,0,ACT,Bob Hamm,Robert,Hamm,1959-04-24,76,248,,,,,,,,,,,,"https://static.www.nfl.com/image/private/f_auto,q_auto/league/qqxdmnon8swfsco7lfsd",,,,,,
1984,HOU,DL,DE,0,ACT,Mike Johnson,Michael,Johnson,1962-04-24,77,253,,,,,,,,,,,,"https://static.www.nfl.com/image/private/f_auto,q_auto/league/v3eyrjd9qbkywlm2lrx8",,,,,,
1984,NO,OL,OT,0,ACT,Dave Lafary,David,Lafary,1955-01-13,79,280,,,,,,,,,,,,"https://static.www.nfl.com/image/private/f_auto,q_auto/league/ejzc26ymdjl5pckbxxks",,,,,,
1984,HOU,DL,NT,0,ACT,Mike Stensrud,Michael,Stensrud,1956-02-19,77,290,,,,,,,,,,,,"https://static.www.nfl.com/image/private/f_auto,q_auto/league/xkn2xckwkpnpeqk2vvqz",,,,,,
1984,HOU,DL,DE,0,ACT,Mark Studaway,Mark,Studaway,1960-09-20,75,250,,,,,,,,,,,,"https://static.www.nfl.com/image/private/f_auto,q_auto/league/minahjo9hlnxljtzdcw4",,,,,,
1984,HOU,LB,ILB,0,ACT,Robert Abraham,Robert,Abraham,1960-07-13,73,212,,,,,,,,,,,,"https://static.www.nfl.com/image/private/f_auto,q_auto/league/f4vaohzliud8xj2ymxch",,,,,,
1984,HOU,LB,ILB,0,ACT,Gregg Bingham,Gregory,Bingham,1951-03-13,73,227,,,,,,,,,,,,"https://static.www.nfl.com/image/private/f_auto,q_auto/league/hfbbjlhyrohbm0ttkys0",,,,,,
1984,HOU,LB,OLB,0,ACT,Robert Brazile,Robert,Brazile,1953-02-07,76,241,,,,,,,,,,,,"https://static.www.nfl.com/image/private/f_auto,q_auto/league/yyef5qsqyhjbfb0cd81o",,,,,,
1984,NO,QB,QB,0,ACT,Dave Wilson,David,Wilson,1959-04-27,75,210,,,,,,,,,,,,"https://static.www.nfl.com/image/private/f_auto,q_auto/league/lxppdhwvuubfppm4uuzd",,,,,,
1984,HOU,LB,LB,0,ACT,Daryl Hunt,Daryl,Hunt,1956-11-03,75,229,,,,,,,,,,,,"https://static.www.nfl.com/image/private/f_auto,q_auto/league/ubqwpcjiqeuwmga7cfdd",,,,,,
1984,HOU,LB,LB,0,ACT,Tim Joiner,Timothy,Joiner,1961-01-07,76,230,,,,,,,,,,,,"https://static.www.nfl.com/image/private/f_auto,q_auto/league/ekqy8yx8ojglnsypsq8r",,,,,,
1984,NO,RB,RB,0,ACT,Hokie Gajan,Howard,Gajan,1959-09-06,71,214,,,,,,,,,,,,"https://static.www.nfl.com/image/private/f_auto,q_auto/league/jvx2kn896f9iggvctyqf",,,,,,
1984,NO,RB,RB,0,ACT,George Rogers,George,Rogers,1958-12-08,74,220,,,,,,,,,,,,"https://static.www.nfl.com/image/private/f_auto,q_auto/league/z3rsy4cg7zwa8gnlk0e7",,,,,,
1984,HOU,LB,OLB,0,ACT,Avon Riley,Avon,Riley,1958-02-10,75,213,,,,,,,,,,,,"https://static.www.nfl.com/image/private/f_auto,q_auto/league/vqlm0fybc3dpdv5wh9q3",,,,,,
1984,NO,RB,RB,0,ACT,Tim Wilson,Timothy,Wilson,1954-01-14,75,226,,,,,,,,,,,,"https://static.www.nfl.com/image/private/f_auto,q_auto/league/v3qtcmrtmwzb2cmiaqy4",,,,,,
1984,HOU,OL,C,0,TRC,David Carter,David,Carter,1953-11-27,74,225,,,,,,,,,,,,"https://static.www.nfl.com/image/private/f_auto,q_auto/league/vebdthmprqlj6pci8tbj",,,,,,
1984,HOU,OL,OT,0,TRD,Ellis Gardner,Ellis,Gardner,1961-09-16,77,257,,,,,,,,,,,,"https://static.www.nfl.com/image/private/f_auto,q_auto/league/lhq71s96v4o7fd9eu4nl",,,,,,
1984,HOU,OL,G,0,ACT,Pat Howell,Patrick,Howell,1957-03-12,77,253,,,,,,,,,,,,"https://static.www.nfl.com/image/private/f_auto,q_auto/league/hax37u96i2inxicib2zk",,,,,,
1984,SD,DB,CB,0,ACT,John Turner,John,Turner,1956-02-22,72,193,,,,,,,,,,,,"https://static.www.nfl.com/image/private/f_auto,q_auto/league/ecvn1rbidfuii9hbkuat",,,,,,
1984,HOU,OL,OT,0,ACT,Eric Moran,Eric,Moran,1960-06-10,77,280,,,,,,,,,,,,"https://static.www.nfl.com/image/private/f_auto,q_auto/league/m5ray2m4wql68ylz85hk",,,,,,
1984,NO,TE,TE,0,ACT,Junior Miller,Selvia,Miller,1957-11-26,76,239,,,,,,,,,,,,"https://static.www.nfl.com/image/private/f_auto,q_auto/league/byvfuiz5ppvnj7z1aurc",,,,,,
1984,HOU,OL,C,0,ACT,Jim Romano,James,Romano,1959-09-07,75,260,,,,,,,,,,,,"https://static.www.nfl.com/image/private/f_auto,q_auto/league/b6ubyuz6y1ghtk0iuc23",,,,,,
1984,NO,WR,WR,0,ACT,Kenny Duckett,Kenneth,Duckett,1959-10-01,72,187,,,,,,,,,,,,"https://static.www.nfl.com/image/private/f_auto,q_auto/league/sx7apg66hmaavyyx7byp",,,,,,
1984,HOU,OL,G,0,ACT,John Schuhmacher,John,Schuhmacher,1955-09-23,75,271,,,,,,,,,,,,"https://static.www.nfl.com/image/private/f_auto,q_auto/league/ssjiz5bmwqecao9u1yl6",,,,,,
1984,SD,DL,NT,0,ACT,Bill Elko,William,Elko,1959-12-28,77,278,,,,,,,,,,,,"https://static.www.nfl.com/image/private/f_auto,q_auto/league/atr1mpzqfjn0yaybfwkp",,,,,,
1984,NO,WR,WR,0,ACT,Guido Merkens,Guido,Merkens,1955-08-14,73,200,,,,,,,,,,,,"https://static.www.nfl.com/image/private/f_auto,q_auto/league/qpxvrcfvbexqwzgf0p3b",,,,,,
1984,NO,WR,WR,0,ACT,Lindsay Scott,Lindsay,Scott,1960-12-06,73,190,,,,,,,,,,,,"https://static.www.nfl.com/image/private/f_auto,q_auto/league/udqiw64tohipduldyn2l",,,,,,
1984,HOU,QB,QB,0,ACT,Brian Ransom,Brian,Ransom,1960-07-09,75,205,,,,,,,,,,,,"https://static.www.nfl.com/image/private/f_auto,q_auto/league/abw7masrargmwztksygw",,,,,,
1984,HOU,RB,RB,0,TRC,Earl Campbell,Earl,Campbell,1955-03-29,71,224,,,,,,,,,,,,"https://static.www.nfl.com/image/private/f_auto,q_auto/league/svozyfy3gco5j6seywed",,,,,,
1984,HOU,RB,RB,0,ACT,Donnie Craft,Donald,Craft,1959-11-19,72,206,,,,,,,,,,,,"https://static.www.nfl.com/image/private/f_auto,q_auto/league/oet47mgkxpid4cdqgonr",,,,,,
1984,HOU,RB,RB,0,ACT,Stan Edwards,Stanley,Edwards,1960-05-20,72,208,,,,,,,,,,,,"https://static.www.nfl.com/image/private/f_auto,q_auto/league/z92vjnq8hpvsjdaczf12",,,,,,
1984,HOU,RB,RB,0,ACT,Willie Joyner,Willie,Joyner,1962-04-02,70,200,,,,,,,,,,,,"https://static.www.nfl.com/image/private/f_auto,q_auto/league/ncjjv2su5nqjvpfnxyda",,,,,,
1984,HOU,RB,RB,0,ACT,Larry Moriarty,Larry,Moriarty,1958-04-24,73,228,,,,,,,,,,,,"https://static.www.nfl.com/image/private/f_auto,q_auto/league/cx8hdvbvxn5m912qkrty",,,,,,
1984,HOU,RB,RB,0,ACT,Richard Williams,Richard,Williams,1960-08-13,72,205,,,,,,,,,,,,"https://static.www.nfl.com/image/private/f_auto,q_auto/league/izitpt8fbklubvlsussi",,,,,,
1984,NYG,DB,DB,0,ACT,LeCharls McDaniel,LeCharls,McDaniel,1958-10-15,69,183,,,,,,,,,,,,"https://static.www.nfl.com/image/private/f_auto,q_auto/league/iqp0k7jsjfp4swmzle0n",,,,,,
1984,SD,LB,LB,0,ACT,Derrie Nelson,Derald,Nelson,1958-02-08,74,236,,,,,,,,,,,,"https://static.www.nfl.com/image/private/f_auto,q_auto/league/k1olayd7jpxpbbcqnol2",,,,,,
1984,HOU,SPEC,K,0,ACT,Florian Kempf,Florian,Kempf,1956-05-25,69,160,,,,,,,,,,,,"https://static.www.nfl.com/image/private/f_auto,q_auto/league/f4ybw4ywjgc49xedoxwi",,,,,,
1984,SF,OL,G,0,ACT,Randy Cross,Randall,Cross,1954-04-25,75,265,,,,,,,,,,,,"https://static.www.nfl.com/image/private/f_auto,q_auto/league/yj8f9wfdh1iwht2fitio",,,,,,
1984,KC,WR,WR,0,ACT,Henry Marshall,Henry,Marshall,1954-08-09,74,205,,,,,,,,,,,,"https://static.www.nfl.com/image/private/f_auto,q_auto/league/p05podyhqo7lae0prtmz",,,,,,
1984,NYG,DL,DE,0,ACT,Dee Hardison,William,Hardison,1956-05-02,76,269,,,,,,,,,,,,"https://static.www.nfl.com/image/private/f_auto,q_auto/league/rkqigdbrbqj5aikgkzaj",,,,,,
1984,HOU,WR,WR,0,ACT,Steve Bryant,Stephen,Bryant,1959-10-10,74,185,,,,,,,,,,,,"https://static.www.nfl.com/image/private/f_auto,q_auto/league/ve2ljcn4ljls3jnbynxx",,,,,,
1984,HOU,WR,WR,0,ACT,Mike Holston,Michael,Holston,1958-01-08,75,183,,,,,,,,,,,,"https://static.www.nfl.com/image/private/f_auto,q_auto/league/tmoel8bjfg0vjpuygp92",,,,,,
1984,HOU,WR,WR,0,ACT,Eric Mullins,Eric,Mullins,1962-07-30,71,181,,,,,,,,,,,,"https://static.www.nfl.com/image/private/f_auto,q_auto/league/aiovwuroumfklon2hx07",,,,,,
1984,HOU,WR,WR,0,ACT,Carl Roaches,Carl,Roaches,1953-10-02,68,165,,,,,,,,,,,,"https://static.www.nfl.com/image/private/f_auto,q_auto/league/hgihaxfknx7kbrre27m2",,,,,,
1984,NYG,DL,DT,0,ACT,Jerome Sally,Jerome,Sally,1959-02-24,75,260,,,,,,,,,,,,"https://static.www.nfl.com/image/private/f_auto,q_auto/league/mddp8sbamss6inv9gk5r",,,,,,
1984,HOU,WR,WR,0,ACT,Herkie Walls,McCurey,Walls,1961-07-18,68,154,,,,,,,,,,,,"https://static.www.nfl.com/image/private/f_auto,q_auto/league/jkvbjaic09qjl7auv4l0",,,,,,
1984,IND,DB,DB,0,ACT,Kim Anderson,Kim,Anderson,1957-07-19,71,183,,,,,,,,,,,,"https://static.www.nfl.com/image/private/f_auto,q_auto/league/smb0htwcj3uctbigdpf5",,,,,,
1984,NYG,LB,OLB,0,ACT,Andy Headen,Andrew,Headen,1960-07-08,77,230,,,,,,,,,,,,"https://static.www.nfl.com/image/private/f_auto,q_auto/league/b3xbajywhaalublid15g",,,,,,
1984,IND,DB,CB,0,ACT,James Burroughs,James,Burroughs,1958-01-21,73,190,,,,,,,,,,,,"https://static.www.nfl.com/image/private/f_auto,q_auto/league/l8goo609vl1gnwr1zjcm",,,,,,
1984,SD,QB,QB,0,ACT,Dan Fouts,Daniel,Fouts,1951-06-10,75,193,,,,,,,,,,,,"https://static.www.nfl.com/image/private/f_auto,q_auto/league/jubsyezxh2cl5gzo4dow",,,,,,
1984,IND,DB,CB,0,ACT,Preston Davis,Preston,Davis,1962-03-10,71,180,,,,,,,,,,,,"https://static.www.nfl.com/image/private/f_auto,q_auto/league/oihl4ujwpgjp3f42cf0k",,,,,,
1984,SD,QB,QB,0,ACT,Bruce Mathison,Bruce,Mathison,1959-04-25,75,210,,,,,,,,,,,,"https://static.www.nfl.com/image/private/f_auto,q_auto/league/mfh4naoydptvc7d80oy9",,,,,,
1984,SD,RB,RB,0,ACT,Earnest Jackson,Earnest,Jackson,1959-12-18,69,208,,,,,,,,,,,,"https://static.www.nfl.com/image/private/f_auto,q_auto/league/khkwbowglxejdt9zhrr1",,,,,,
1984,IND,DB,DB,0,ACT,Bo Metcalf,Isaac,Metcalf,1961-04-18,74,193,,,,,,,,,,,,"https://static.www.nfl.com/image/private/f_auto,q_auto/league/ax5pfozhvh86mxudooj3",,,,,,
1984,IND,DB,DB,0,ACT,George Radachowsky,George,Radachowsky,1962-09-07,71,178,,,,,,,,,,,,"https://static.www.nfl.com/image/private/f_auto,q_auto/league/mvbrekjnmtwkg1c5kcf6",,,,,,
1984,NYG,OL,G,0,ACT,Brad Benson,Bradley,Benson,1955-11-25,75,258,,,,,,,,,,,,"https://static.www.nfl.com/image/private/f_auto,q_auto/league/mshphphrj1tnkzxmg9tp",,,,,,
1984,IND,DB,S,0,ACT,Vaughn Williams,Vaughn,Williams,1961-12-14,74,193,,,,,,,,,,,,"https://static.www.nfl.com/image/private/f_auto,q_auto/league/ksgvq8h3pmr01v5wxkg3",,,,,,
1984,IND,DL,DE,0,ACT,Mark Bell,Mark,Bell,1957-08-30,77,241,,,,,,,,,,,,"https://static.www.nfl.com/image/private/f_auto,q_auto/league/c5yjzgqi7tp3sny70yzu",,,,,,
1984,IND,DL,DE,0,ACT,Steve Parker,Steven,Parker,1959-09-21,76,256,,,,,,,,,,,,"https://static.www.nfl.com/image/private/f_auto,q_auto/league/v8jvtcmlwg7bjfrw1evk",,,,,,
1984,IND,DL,DE,0,ACT,Chris Scott,Christopher,Scott,1961-12-11,77,245,,,,,,,,,,,,"https://static.www.nfl.com/image/private/f_auto,q_auto/league/cfverg6mpkaaok42alsw",,,,,,
1984,IND,DL,DT,0,ACT,Byron Smith,Byron,Smith,1962-12-21,77,259,,,,,,,,,,,,"https://static.www.nfl.com/image/private/f_auto,q_auto/league/wwt1bcpva1fll3uf9msw",,,,,,
1984,NYG,OL,C,0,ACT,Rich Umphrey,Richard,Umphrey,1958-12-13,75,255,,,,,,,,,,,,"https://static.www.nfl.com/image/private/f_auto,q_auto/league/xjqhibrir1qveuh0iyxr",,,,,,
1984,IND,DL,DE,0,ACT,Scott Virkus,Scott,Virkus,1959-09-07,77,248,,,,,,,,,,,,"https://static.www.nfl.com/image/private/f_auto,q_auto/league/jckk0egx2quvsqsqbzuv",,,,,,
1984,IND,DL,DE,0,TRC,Henry Waechter,Henry,Waechter,1959-02-13,77,270,,,,,,,,,,,,"https://static.www.nfl.com/image/private/f_auto,q_auto/league/k1as0htkddxeeocbsaxq",,,,,,
1984,IND,DL,NT,0,ACT,Brad White,Bradley,White,1958-08-18,74,250,,,,,,,,,,,,"https://static.www.nfl.com/image/private/f_auto,q_auto/league/fuq5j2ec93bvvngjmojt",,,,,,
1984,IND,DL,DT,0,ACT,Blaise Winter,Blaise,Winter,1962-01-31,75,262,,,,,,,,,,,,"https://static.www.nfl.com/image/private/f_auto,q_auto/league/tbcslgocma670rlmfa3o",,,,,,
1984,IND,DL,NT,0,ACT,Leo Wisniewski,Leo,Wisniewski,1959-11-06,73,263,,,,,,,,,,,,"https://static.www.nfl.com/image/private/f_auto,q_auto/league/zcb1pstryendjr7a37ep",,,,,,
1984,IND,LB,OLB,0,ACT,Greg Bracelin,Gregory,Bracelin,1957-04-16,73,214,,,,,,,,,,,,"https://static.www.nfl.com/image/private/f_auto,q_auto/league/wm45dbaqdkiiioqd3jxd",,,,,,
1984,SD,WR,WR,0,ACT,Jesse Bendross,Jesse,Bendross,1962-07-19,72,196,,,,,,,,,,,,"https://static.www.nfl.com/image/private/f_auto,q_auto/league/y57592j3pxrnl8c8wmrq",,,,,,
1984,IND,LB,OLB,0,ACT,Steve Hathaway,Steven,Hathaway,1962-04-26,76,238,,,,,,,,,,,,"https://static.www.nfl.com/image/private/f_auto,q_auto/league/eos8d1pk7qz7hz09h2px",,,,,,
1984,NYG,SPEC,K,0,ACT,Ali Haji-Sheikh,Ali,Haji-Sheikh,1961-01-11,72,172,,,,,,,,,,,,"https://static.www.nfl.com/image/private/f_auto,q_auto/league/zquhcwq63dom3pblyou7",,,,,,
1984,IND,LB,ILB,0,ACT,Barry Krauss,Richard,Krauss,1957-03-17,75,232,,,,,,,,,,,,"https://static.www.nfl.com/image/private/f_auto,q_auto/league/vvg6wjboszaytgpxfa37",,,,,,
1984,IND,LB,OLB,0,ACT,Vernon Maxwell,Vernon,Maxwell,1961-10-25,74,225,,,,,,,,,,,,"https://static.www.nfl.com/image/private/f_auto,q_auto/league/p2uwz9cqatgnatylktop",,,,,,
1984,NYG,WR,WR,0,ACT,Earnest Gray,Earnest,Gray,1957-03-02,75,195,,,,,,,,,,,,"https://static.www.nfl.com/image/private/f_auto,q_auto/league/kmfjk0q9b5zcdvwkl1b0",,,,,,
1984,IND,LB,LB,0,ACT,Gary Padjen,Gary,Padjen,1958-07-02,74,240,,,,,,,,,,,,"https://static.www.nfl.com/image/private/f_auto,q_auto/league/ps1brhxkofadbknnrolo",,,,,,
1984,IND,OL,C,0,ACT,Don Bailey,William,Bailey,1961-03-24,76,257,,,,,,,,,,,,"https://static.www.nfl.com/image/private/f_auto,q_auto/league/pge0xw9wlce2km5wyu8e",,,,,,
1984,NYG,WR,WR,0,ACT,Phil McConkey,Philip,McConkey,1957-02-24,70,170,,,,,,,,,,,,"https://static.www.nfl.com/image/private/f_auto,q_auto/league/ha7ib4vdf1qtsdyvkpk9",,,,,,
1984,NYG,WR,WR,0,ACT,John Mistler,John,Mistler,1958-10-28,74,186,,,,,,,,,,,,"https://static.www.nfl.com/image/private/f_auto,q_auto/league/mus448t57bnypzwmns38",,,,,,
1984,IND,OL,OT,0,ACT,Andy Ekern,Anderson,Ekern,1961-07-26,78,265,,,,,,,,,,,,"https://static.www.nfl.com/image/private/f_auto,q_auto/league/iebuxqltdcyt3ymvoco8",,,,,,
1984,NYG,WR,WR,0,ACT,Byron Williams,Byron,Williams,1960-10-31,74,177,,,,,,,,,,,,"https://static.www.nfl.com/image/private/f_auto,q_auto/league/inke3ouslcp7wizbrm1a",,,,,,
1984,IND,OL,OT,0,ACT,Ellis Gardner,Ellis,Gardner,1961-09-16,77,257,,,,,,,,,,,,"https://static.www.nfl.com/image/private/f_auto,q_auto/league/lhq71s96v4o7fd9eu4nl",,,,,,
1984,SEA,DB,DB,0,ACT,Ray Wilmer,Bonnie,Wilmer,1962-06-27,74,190,,,,,,,,,,,,"https://static.www.nfl.com/image/private/f_auto,q_auto/league/zy8ljfmqdgkes7eabeqv",,,,,,
1984,IND,OL,G,0,ACT,Mark Kirchner,Mark,Kirchner,1959-10-19,75,261,,,,,,,,,,,,"https://static.www.nfl.com/image/private/f_auto,q_auto/league/aprjnyberbyeze4ulmtn",,,,,,
1984,IND,OL,OT,0,ACT,Jim Mills,James,Mills,1961-09-23,81,276,,,,,,,,,,,,"https://static.www.nfl.com/image/private/f_auto,q_auto/league/alpzz97zbxxvgz7xfqqq",,,,,,
1984,IND,OL,OT,0,ACT,Ted Petersen,Theodore,Petersen,1955-02-07,77,244,,,,,,,,,,,,"https://static.www.nfl.com/image/private/f_auto,q_auto/league/hr1d93xwawfyhw71maqn",,,,,,
1984,NYJ,DB,DB,0,TRD,Skip Lane,Paul,Lane,1960-01-30,73,210,,,,,,,,,,,,"https://static.www.nfl.com/image/private/f_auto,q_auto/league/o1aiqaewdmiekdfhldbe",,,,,,
1984,NYJ,DB,CB,0,ACT,Johnny Lynn,Johnny,Lynn,1956-12-19,72,190,,,,,,,,,,,,"https://static.www.nfl.com/image/private/f_auto,q_auto/league/m2vwlefajflazieb4rdb",,,,,,
1984,IND,OL,OT,0,ACT,Steve Wright,Stephen,Wright,1959-04-08,78,263,,,,,,,,,,,,"https://static.www.nfl.com/image/private/f_auto,q_auto/league/g0k3ftmsgfonvjz3bosh",,,,,,
1984,NYJ,DB,FS,0,ACT,Darrol Ray,Darrol,Ray,1958-06-25,73,200,,,,,,,,,,,,"https://static.www.nfl.com/image/private/f_auto,q_auto/league/zqe3kcwejm43j9v9rnuh",,,,,,
1984,NYJ,DB,S,0,ACT,Ken Schroy,Kenneth,Schroy,1952-09-22,74,198,,,,,,,,,,,,"https://static.www.nfl.com/image/private/f_auto,q_auto/league/a4havjwkqzrvde5fzabc",,,,,,
1984,IND,QB,QB,0,ACT,Art Schlichter,Arthur,Schlichter,1960-04-25,75,208,,,,,,,,,,,,"https://static.www.nfl.com/image/private/f_auto,q_auto/league/ajizynzp512ccmfvnyyt",,,,,,
1984,IND,RB,RB,0,ACT,Curtis Dickey,Curtis,Dickey,1956-11-27,73,205,,,,,,,,,,,,"https://static.www.nfl.com/image/private/f_auto,q_auto/league/e9wmuxaybikgvjnjgtik",,,,,,
1984,IND,RB,RB,0,ACT,Randy McMillan,Lewis,McMillan,1958-12-17,72,226,,,,,,,,,,,,"https://static.www.nfl.com/image/private/f_auto,q_auto/league/jkzlpkc2kzffnayh1vfw",,,,,,
1984,IND,RB,RB,0,ACT,Frank Middleton,Franklin,Middleton,1960-10-28,71,205,,,,,,,,,,,,"https://static.www.nfl.com/image/private/f_auto,q_auto/league/crwidc1oqbjndi3ffb9y",,,,,,
1984,NYJ,DL,DE,0,ACT,Mark Gastineau,Marcus,Gastineau,1956-11-20,77,253,,,,,,,,,,,,"https://static.www.nfl.com/image/private/f_auto,q_auto/league/nxairn7j3zdh7a0fohzi",,,,,,
1984,IND,RB,RB,0,ACT,George Wonsley,George,Wonsley,1960-11-23,70,205,,,,,,,,,,,,"https://static.www.nfl.com/image/private/f_auto,q_auto/league/qyiq2yis2ulqdmhggmc8",,,,,,
1984,NYJ,DL,DT,0,ACT,Marty Lyons,Martin,Lyons,1957-01-05,77,269,,,,,,,,,,,,"https://static.www.nfl.com/image/private/f_auto,q_auto/league/hprxq5lkptsmwc9gvree",,,,,,
1984,NYJ,DL,DE,0,ACT,Ben Rudolph,Benjamin,Rudolph,1957-08-29,77,271,,,,,,,,,,,,"https://static.www.nfl.com/image/private/f_auto,q_auto/league/xz1ceidhh5dkjcl4sxwu",,,,,,
1984,NYJ,LB,OLB,0,ACT,Bobby Bell,Bobby,Bell,1962-02-07,75,217,,,,,,,,,,,,"https://static.www.nfl.com/image/private/f_auto,q_auto/league/m65e0hyitcgjsfbhgs2v",,,,,,
1984,IND,TE,TE,0,ACT,Tim Sherwin,Timothy,Sherwin,1958-05-04,78,237,,,,,,,,,,,,"https://static.www.nfl.com/image/private/f_auto,q_auto/league/bvlq1hohxmehwgral0qe",,,,,,
1984,IND,TE,TE,0,ACT,Dave Young,David,Young,1959-02-09,77,242,,,,,,,,,,,,"https://static.www.nfl.com/image/private/f_auto,q_auto/league/p2zxrols4ikf9ns3dibq",,,,,,
1984,IND,WR,WR,0,ACT,Matt Bouza,Matthew,Bouza,1958-04-08,75,211,,,,,,,,,,,,"https://static.www.nfl.com/image/private/f_auto,q_auto/league/mk5g65a3rk6ljjjrboil",,,,,,
1984,IND,WR,WR,0,ACT,Ray Butler,Raymond,Butler,1956-06-28,75,200,,,,,,,,,,,,"https://static.www.nfl.com/image/private/f_auto,q_auto/league/wzze65dbj1wp2w7c750h",,,,,,
1984,NYJ,LB,OLB,0,ACT,Rusty Guilbeau,David,Guilbeau,1958-11-20,76,250,,,,,,,,,,,,"https://static.www.nfl.com/image/private/f_auto,q_auto/league/uhfnueqzjar8jl66xdsq",,,,,,
1984,IND,WR,WR,0,ACT,Tracy Porter,Tracy,Porter,1959-06-01,74,196,,,,,,,,,,,,"https://static.www.nfl.com/image/private/f_auto,q_auto/league/fdedsx2kzndlrdohtdsi",,,,,,
1984,IND,WR,WR,0,ACT,Phil Smith,Phillip,Smith,1960-04-28,75,190,,,,,,,,,,,,"https://static.www.nfl.com/image/private/f_auto,q_auto/league/ka4kklyzzeuclqooci5l",,,,,,
1984,NYJ,OL,G,0,ACT,Dan Alexander,Daniel,Alexander,1955-06-17,76,260,,,,,,,,,,,,"https://static.www.nfl.com/image/private/f_auto,q_auto/league/sxnp09rqnagdaoaoejeu",,,,,,
1984,NYJ,OL,C,0,ACT,Ted Banker,Theodore,Banker,1961-02-17,74,260,,,,,,,,,,,,"https://static.www.nfl.com/image/private/f_auto,q_auto/league/xcsvl3i808ywbz9qijsj",,,,,,
1984,KC,DB,DB,0,ACT,Greg Hill,Gregory,Hill,1961-02-12,73,194,,,,,,,,,,,,"https://static.www.nfl.com/image/private/f_auto,q_auto/league/z4kebx4zxktlz4bmpftm",,,,,,
1984,NYJ,OL,C,0,ACT,Joe Fields,Joseph,Fields,1953-11-14,74,250,,,,,,,,,,,,"https://static.www.nfl.com/image/private/f_auto,q_auto/league/o14fm4kupqriubvpdh0q",,,,,,
1984,KC,DB,DB,0,ACT,Skip Lane,Paul,Lane,1960-01-30,73,210,,,,,,,,,,,,"https://static.www.nfl.com/image/private/f_auto,q_auto/league/o1aiqaewdmiekdfhldbe",,,,,,
1984,SEA,RB,RB,0,ACT,Zachary Dixon,Zachary,Dixon,1956-03-05,72,203,,,,,,,,,,,,"https://static.www.nfl.com/image/private/f_auto,q_auto/league/mbxaeeef5pv47nyavoiu",,,,,,
1984,KC,DB,DB,0,ACT,Kerry Parker,Kerry,Parker,1955-10-03,73,200,,,,,,,,,,,,"https://static.www.nfl.com/image/private/f_auto,q_auto/league/tio4ity5gdavlpqhrsji",,,,,,
1984,SEA,RB,RB,0,ACT,Franco Harris,Franco,Harris,1950-03-07,74,230,,,,,,,,,,,,"https://static.www.nfl.com/image/private/f_auto,q_auto/league/ajagqtwni1q9a0lcbzwq",,,,,,
1984,NYJ,OL,G,0,ACT,Stan Waldemore,Stanley,Waldemore,1955-02-20,76,263,,,,,,,,,,,,"https://static.www.nfl.com/image/private/f_auto,q_auto/league/uwdo9l66vskbv0gjutj3",,,,,,
1984,NYJ,QB,QB,0,RET,Bob Avellini,Robert,Avellini,1953-08-28,74,208,,,,,,,,,,,,"https://static.www.nfl.com/image/private/f_auto,q_auto/league/tgl1g39ujpswzxt64yci",,,,,,
1984,KC,DL,DT,0,ACT,Mike Dawson,Michael,Dawson,1953-10-16,76,270,,,,,,,,,,,,"https://static.www.nfl.com/image/private/f_auto,q_auto/league/mvkuwh5gdnxoielc8dqw",,,,,,
1984,SEA,RB,RB,0,ACT,Curt Warner,Curtis,Warner,1961-03-18,71,205,,,,,,,,,,,,"https://static.www.nfl.com/image/private/f_auto,q_auto/league/ixigsctdlqxfp14edflm",,,,,,
1984,KC,DL,NT,0,ACT,Ken Kremer,James,Kremer,1957-07-16,76,250,,,,,,,,,,,,"https://static.www.nfl.com/image/private/f_auto,q_auto/league/csuxsltszoocuhpdqyga",,,,,,
1984,KC,DL,DE,0,ACT,Dave Lindstrom,David,Lindstrom,1954-11-16,78,249,,,,,,,,,,,,"https://static.www.nfl.com/image/private/f_auto,q_auto/league/wag6g1bbbzxyu8kzgsr1",,,,,,
1984,NYJ,RB,RB,0,ACT,Marion Barber,Marion,Barber,1959-12-06,75,224,,,,,,,,,,,,"https://static.www.nfl.com/image/private/f_auto,q_auto/league/nn7h2i4kz9eag0dvxv09",,,,,,
1984,KC,DL,DE,0,ACT,Art Still,Arthur,Still,1955-12-05,79,250,,,,,,,,,,,,"https://static.www.nfl.com/image/private/f_auto,q_auto/league/arrfxd85a8kzdjefudax",,,,,,
1984,KC,LB,ILB,0,ACT,Jerry Blanton,Gerald,Blanton,1956-12-20,73,225,,,,,,,,,,,,"https://static.www.nfl.com/image/private/f_auto,q_auto/league/eqgystiul4ub9oelwj9b",,,,,,
1984,SEA,WR,WR,0,ACT,Chris Castor,Christopher,Castor,1960-08-13,72,170,,,,,,,,,,,,"https://static.www.nfl.com/image/private/f_auto,q_auto/league/ep0igrdzqw4hjhhongsa",,,,,,
1984,SEA,WR,WR,0,ACT,Paul Johns,Paul,Johns,1958-11-14,71,173,,,,,,,,,,,,"https://static.www.nfl.com/image/private/f_auto,q_auto/league/s6py223onm83hkbwshi0",,,,,,
1984,KC,LB,LB,0,ACT,Ken Jolly,Kenneth,Jolly,1962-02-28,74,220,,,,,,,,,,,,"https://static.www.nfl.com/image/private/f_auto,q_auto/league/ldkd8idpd7nyblsaof39",,,,,,
1984,KC,LB,OLB,0,ACT,Ken McAlister,Kenneth,McAlister,1960-04-15,77,210,,,,,,,,,,,,"https://static.www.nfl.com/image/private/f_auto,q_auto/league/ytscrhrkxicxbqbcxg9g",,,,,,
1984,KC,LB,OLB,0,ACT,Jeff Paine,Jeffrey,Paine,1961-08-19,74,224,,,,,,,,,,,,"https://static.www.nfl.com/image/private/f_auto,q_auto/league/fmzxbhrflqsjdk76rxg2",,,,,,
1984,NYJ,SPEC,P,0,ACT,Chuck Ramsey,Lowell,Ramsey,1952-02-24,74,191,,,,,,,,,,,,"https://static.www.nfl.com/image/private/f_auto,q_auto/league/wjthxpkta5ifnjxtdeon",,,,,,
1984,KC,LB,ILB,0,ACT,Gary Spani,Gary,Spani,1956-01-09,74,222,,,,,,,,,,,,"https://static.www.nfl.com/image/private/f_auto,q_auto/league/mv3txpiilojhq04wmymq",,,,,,
1984,KC,LB,ILB,0,ACT,John Zamberlin,John,Zamberlin,1956-02-13,74,230,,,,,,,,,,,,"https://static.www.nfl.com/image/private/f_auto,q_auto/league/yz6uhmtnl5edrmtkdyiu",,,,,,
1984,RAI,DB,DB,0,ACT,James Davis,James,Davis,1957-06-12,72,205,,,,,,,,,,,,"https://static.www.nfl.com/image/private/f_auto,q_auto/league/hp7tvcpubhqs1khoire3",,,,,,
1984,KC,OL,G,0,ACT,Scott Auer,Scott,Auer,1961-10-04,77,255,,,,,,,,,,,,"https://static.www.nfl.com/image/private/f_auto,q_auto/league/fcqj3avtzkqnox7cm3bk",,,,,,
1984,NYJ,WR,WR,0,ACT,Fernanza Burgess,Fernanza,Burgess,1960-03-06,73,210,,,,,,,,,,,,"https://static.www.nfl.com/image/private/f_auto,q_auto/league/wf3bi5jtwhogma6skchv",,,,,,
1984,NYJ,WR,WR,0,ACT,Chy Davidson,Chy,Davidson,1959-05-09,71,175,,,,,,,,,,,,"https://static.www.nfl.com/image/private/f_auto,q_auto/league/ntcxpnmqmut8nesuhjgt",,,,,,
1984,KC,OL,G,0,ACT,Tom Condon,Thomas,Condon,1952-10-26,75,275,,,,,,,,,,,,"https://static.www.nfl.com/image/private/f_auto,q_auto/league/boezbkcdxtpb9ao6hrj5",,,,,,
1984,KC,OL,OT,0,ACT,Matt Herkenhoff,Matthew,Herkenhoff,1951-04-02,76,255,,,,,,,,,,,,"https://static.www.nfl.com/image/private/f_auto,q_auto/league/tbfybgolwbi9wtt6xngv",,,,,,
1984,SF,DL,DE,0,TRC,Greg Boyd,Gregory,Boyd,1952-09-15,78,274,,,,,,,,,,,,"https://static.www.nfl.com/image/private/f_auto,q_auto/league/ioldsiavuexz9wqzb7kg",,,,,,
1984,NYJ,WR,WR,0,ACT,Kurt Sohn,Kurt,Sohn,1957-06-26,71,180,,,,,,,,,,,,"https://static.www.nfl.com/image/private/f_auto,q_auto/league/jxnsxgw1xl3n76sipvp8",,,,,,
1984,KC,OL,OT,0,ACT,Jim Rourke,James,Rourke,1957-02-10,77,264,,,,,,,,,,,,"https://static.www.nfl.com/image/private/f_auto,q_auto/league/jkcizjrozqr4or1jqelo",,,,,,
1984,KC,OL,C,0,ACT,Bob Rush,Robert,Rush,1955-02-27,77,258,,,,,,,,,,,,"https://static.www.nfl.com/image/private/f_auto,q_auto/league/pjzeakkef8tregqpc43w",,,,,,
1984,PHI,DB,CB,0,ACT,Herman Edwards,Herman,Edwards,1954-04-27,72,194,,,,,,,,,,,,"https://static.www.nfl.com/image/private/f_auto,q_auto/league/ibrkwyhfrh7rzzmvwroq",,,,,,
1984,KC,QB,QB,0,ACT,Bill Kenney,William,Kenney,1955-01-20,76,211,,,,,,,,,,,,"https://static.www.nfl.com/image/private/f_auto,q_auto/league/p4hyyptwqvmfmor75d7m",,,,,,
1984,KC,QB,QB,0,ACT,Sandy Osiecki,Stanley,Osiecki,1960-05-18,77,202,,,,,,,,,,,,"https://static.www.nfl.com/image/private/f_auto,q_auto/league/zfeavifetvejtmhh3rah",,,,,,
1984,SF,DL,DE,0,ACT,Jim Stuckey,James,Stuckey,1958-06-21,76,251,,,,,,,,,,,,"https://static.www.nfl.com/image/private/f_auto,q_auto/league/zrrqkqyx5cdin2ceu88u",,,,,,
1984,KC,RB,RB,0,ACT,Theotis Brown,Theotis,Brown,1957-04-20,74,225,,,,,,,,,,,,"https://static.www.nfl.com/image/private/f_auto,q_auto/league/l99b5wbir2u4odtinlhs",,,,,,
1984,KC,RB,RB,0,ACT,Mike Gunter,Micheal,Gunter,1961-02-18,71,205,,,,,,,,,,,,"https://static.www.nfl.com/image/private/f_auto,q_auto/league/us8983mbytbksdjkvjtq",,,,,,
1984,PHI,DB,CB,0,ACT,Brenard Wilson,Brenard,Wilson,1955-08-15,72,175,,,,,,,,,,,,"https://static.www.nfl.com/image/private/f_auto,q_auto/league/hce21857wrelh3i2nftd",,,,,,
1984,KC,RB,RB,0,ACT,Billy Jackson,Billy,Jackson,1959-09-13,70,217,,,,,,,,,,,,"https://static.www.nfl.com/image/private/f_auto,q_auto/league/db1mpa2aeszh4y3ccwnn",,,,,,
1984,KC,RB,RB,0,ACT,Ken Lacy,Kenneth,Lacy,1960-11-01,72,222,,,,,,,,,,,,"https://static.www.nfl.com/image/private/f_auto,q_auto/league/m96xkxugsvq6ieph3tlz",,,,,,
1984,KC,RB,RB,0,ACT,Lawrence Ricks,Lawrence,Ricks,1961-06-04,69,194,,,,,,,,,,,,"https://static.www.nfl.com/image/private/f_auto,q_auto/league/r7slgkniwl5aisycehg3",,,,,,
1984,SF,LB,LB,0,ACT,Milt McColl,Milton,McColl,1959-08-28,78,220,,,,,,,,,,,,"https://static.www.nfl.com/image/private/f_auto,q_auto/league/hwbizpfru41lipjq7vyy",,,,,,
1984,PHI,DL,DT,0,ACT,Byron Darby,Byron,Darby,1960-06-04,76,250,,,,,,,,,,,,"https://static.www.nfl.com/image/private/f_auto,q_auto/league/vb2ra9cqqgjoyhe5vter",,,,,,
1984,KC,TE,TE,0,ACT,Walt Arnold,Walter,Arnold,1958-08-31,75,225,,,,,,,,,,,,"https://static.www.nfl.com/image/private/f_auto,q_auto/league/igfwjyq3r76sivzxhozz",,,,,,
1984,KC,TE,TE,0,ACT,Ed Beckman,Edwin,Beckman,1955-01-02,76,229,,,,,,,,,,,,"https://static.www.nfl.com/image/private/f_auto,q_auto/league/hqnkswumohyys356lqf8",,,,,,
1984,PHI,LB,LB,0,ACT,Bill Cowher,William,Cowher,1957-05-08,75,225,,,,,,,,,,,,"https://static.www.nfl.com/image/private/f_auto,q_auto/league/v6lybnmrwhuadarhfj4z",,,,,,
1984,KC,TE,TE,0,ACT,Willie Scott,Willie,Scott,1959-02-13,76,245,,,,,,,,,,,,"https://static.www.nfl.com/image/private/f_auto,q_auto/league/dhhrvco2a358mvbarmzz",,,,,,
1984,KC,WR,WR,0,ACT,Carlos Carson,Carlos,Carson,1958-12-28,71,172,,,,,,,,,,,,"https://static.www.nfl.com/image/private/f_auto,q_auto/league/lvwrky7vpnqv1fwuitds",,,,,,
1984,RAI,OL,OT,0,ACT,Warren Bryant,Warren,Bryant,1955-11-11,78,273,,,,,,,,,,,,"https://static.www.nfl.com/image/private/f_auto,q_auto/league/iui5sqibjnox78nq4sg5",,,,,,
1984,NE,DB,DB,0,ACT,Paul Dombroski,Paul,Dombroski,1956-08-08,72,185,,,,,,,,,,,,"https://static.www.nfl.com/image/private/f_auto,q_auto/league/saesnxhgcrfm61thjanp",,,,,,
1984,PHI,LB,OLB,0,ACT,Jody Schulz,Jody,Schulz,1960-08-17,75,235,,,,,,,,,,,,"https://static.www.nfl.com/image/private/f_auto,q_auto/league/xaubadnbfyzmaezykb6n",,,,,,
1984,KC,WR,WR,0,ACT,J.T. Smith,John,Smith,1955-10-29,74,185,,,,,,,,,,,,"https://static.www.nfl.com/image/private/f_auto,q_auto/league/xgkniyfyfqqk3ggehriy",,,,,,
1984,MIA,DB,S,0,ACT,Glenn Blackwood,Glenn,Blackwood,1957-02-23,72,183,,,,,,,,,,,,"https://static.www.nfl.com/image/private/f_auto,q_auto/league/yxo7tqzdoabs3p4jiplp",,,,,,
1984,MIA,DB,FS,0,ACT,Lyle Blackwood,Lyle,Blackwood,1951-05-02,73,188,,,,,,,,,,,,"https://static.www.nfl.com/image/private/f_auto,q_auto/league/kzk48x4ekp3pcqzwrjqk",,,,,,
1984,MIA,DB,DB,0,ACT,Bud Brown,Charles,Brown,1961-04-19,72,187,,,,,,,,,,,,"https://static.www.nfl.com/image/private/f_auto,q_auto/league/xbsqujk5tcevlqcd9g2q",,,,,,
1984,MIA,DB,CB,0,ACT,William Judson,William,Judson,1959-03-26,73,181,,,,,,,,,,,,"https://static.www.nfl.com/image/private/f_auto,q_auto/league/qvvqeo6ykjernul8qb1t",,,,,,
1984,MIA,DB,DB,0,ACT,Mike Kozlowski,Michael,Kozlowski,1956-02-24,72,187,,,,,,,,,,,,"https://static.www.nfl.com/image/private/f_auto,q_auto/league/fz6si8xa2xso4ozofihe",,,,,,
1984,PHI,OL,OT,0,ACT,Dean Miraldi,Dean,Miraldi,1958-04-08,77,254,,,,,,,,,,,,"https://static.www.nfl.com/image/private/f_auto,q_auto/league/uyqr4awbrrsrlalrjcwx",,,,,,
1984,MIA,DB,CB,0,ACT,Don McNeal,Donald,McNeal,1958-05-06,71,190,,,,,,,,,,,,"https://static.www.nfl.com/image/private/f_auto,q_auto/league/ncf4e9fqbr5jotd8kdyu",,,,,,
1984,MIA,DB,DB,0,ACT,Robert Sowell,Robert,Sowell,1961-06-23,71,175,,,,,,,,,,,,"https://static.www.nfl.com/image/private/f_auto,q_auto/league/rpug6jzbshvvgnwlzdl3",,,,,,
1984,MIA,DB,DB,0,ACT,Fulton Walker,Fulton,Walker,1958-04-30,70,193,,,,,,,,,,,,"https://static.www.nfl.com/image/private/f_auto,q_auto/league/bhgc9rfkczzqwmivbbh9",,,,,,
1984,MIA,DL,NT,0,ACT,Bill Barnett,William,Barnett,1956-05-10,76,252,,,,,,,,,,,,"https://static.www.nfl.com/image/private/f_auto,q_auto/league/r3esnd2mqovr1v8ict9z",,,,,,
1984,MIA,DL,NT,0,ACT,Bob Baumhower,Robert,Baumhower,1955-08-04,77,258,,,,,,,,,,,,"https://static.www.nfl.com/image/private/f_auto,q_auto/league/amtgj4sikpb8q2acurhz",,,,,,
1984,MIA,DL,DE,0,ACT,Charles Benson,Charles,Benson,1960-11-21,75,267,,,,,,,,,,,,"https://static.www.nfl.com/image/private/f_auto,q_auto/league/ixeemgqick3o9ue57vea",,,,,,
1984,MIA,DL,DE,0,ACT,Doug Betters,Douglas,Betters,1956-06-11,79,250,,,,,,,,,,,,"https://static.www.nfl.com/image/private/f_auto,q_auto/league/pbgzvluaovmixaughcbk",,,,,,
1984,MIA,DL,DE,0,ACT,Kim Bokamper,Kim,Bokamper,1954-09-25,78,245,,,,,,,,,,,,"https://static.www.nfl.com/image/private/f_auto,q_auto/league/gipxvt97cunpxnmaohzz",,,,,,
1984,MIA,DL,DE,0,ACT,Mike Charles,Michael,Charles,1962-09-23,76,283,,,,,,,,,,,,"https://static.www.nfl.com/image/private/f_auto,q_auto/league/bi5cvjeznrrtv6hbg07z",,,,,,
1984,MIA,DL,DT,0,ACT,Steve Clark,Stephen,Clark,1960-08-02,76,255,,,,,,,,,,,,"https://static.www.nfl.com/image/private/f_auto,q_auto/league/r5godh5kzkmfbsk3bv4n",,,,,,
1984,MIA,LB,OLB,0,ACT,Charles Bowser,Charles,Bowser,1959-10-02,75,222,,,,,,,,,,,,"https://static.www.nfl.com/image/private/f_auto,q_auto/league/xnnjf2awe6emnypqg1ah",,,,,,
1984,MIA,LB,ILB,0,ACT,Jay Brophy,James,Brophy,1960-07-27,75,227,,,,,,,,,,,,"https://static.www.nfl.com/image/private/f_auto,q_auto/league/aprectfvo7t0od2p8czi",,,,,,
1984,PHI,RB,RB,0,ACT,Andre Hardy,Andre,Hardy,1961-11-28,73,233,,,,,,,,,,,,"https://static.www.nfl.com/image/private/f_auto,q_auto/league/zxtdk2xc2qewadizcrok",,,,,,
1984,MIA,LB,OLB,0,ACT,Bob Brudzinski,Robert,Brudzinski,1955-01-01,76,230,,,,,,,,,,,,"https://static.www.nfl.com/image/private/f_auto,q_auto/league/a0odbidptg333oegzehl",,,,,,
1984,MIA,LB,ILB,0,ACT,A.J. Duhe,Adam,Duhe,1955-11-27,76,247,,,,,,,,,,,,"https://static.www.nfl.com/image/private/f_auto,q_auto/league/smmdsb9xxbvepyl97vz9",,,,,,
1984,MIA,LB,LB,0,ACT,Ed Judie,Edward,Judie,1959-07-06,74,231,,,,,,,,,,,,"https://static.www.nfl.com/image/private/f_auto,q_auto/league/ahdg1mmchnhhyhirnkuy",,,,,,
1984,PHI,RB,RB,0,ACT,Michael Williams,Michael,Williams,1961-07-16,74,225,,,,,,,,,,,,"https://static.www.nfl.com/image/private/f_auto,q_auto/league/gwdrk7iqroxvf88o2vzl",,,,,,
1984,SF,WR,WR,0,ACT,Freddie Solomon,Fred,Solomon,1953-01-11,71,185,,,,,,,,,,,,"https://static.www.nfl.com/image/private/f_auto,q_auto/league/aej5ul7c9bjwmkybroi3",,,,,,
1984,MIA,LB,LB,0,ACT,Sanders Shiver,Sanders,Shiver,1954-02-14,74,227,,,,,,,,,,,,"https://static.www.nfl.com/image/private/f_auto,q_auto/league/yawp28whjkkktmmsuzpl",,,,,,
1984,MIA,LB,LB,0,ACT,Rodell Thomas,Rodell,Thomas,1958-08-02,74,225,,,,,,,,,,,,"https://static.www.nfl.com/image/private/f_auto,q_auto/league/tcqpr8hqircm31jmtaib",,,,,,
1984,PHI,TE,TE,0,ACT,Lawrence Sampleton,Lawrence,Sampleton,1959-09-25,77,233,,,,,,,,,,,,"https://static.www.nfl.com/image/private/f_auto,q_auto/league/pakps1fdezzc5wzdanox",,,,,,
1984,MIA,OL,OT,0,ACT,Jon Giesler,Jon,Giesler,1956-12-23,77,255,,,,,,,,,,,,"https://static.www.nfl.com/image/private/f_auto,q_auto/league/gur24noivuvsga6epad9",,,,,,
1984,MIA,OL,OT,0,ACT,Cleveland Green,Cleveland,Green,1957-09-11,75,265,,,,,,,,,,,,"https://static.www.nfl.com/image/private/f_auto,q_auto/league/vta6xgnyj5zh4dxucei8",,,,,,
1984,MIA,OL,OT,0,ACT,Eric Laakso,Eric,Laakso,1956-11-29,76,265,,,,,,,,,,,,"https://static.www.nfl.com/image/private/f_auto,q_auto/league/afo7ps8ixsf2sq2o57nd",,,,,,
1984,PHI,WR,WR,0,ACT,Kenny Jackson,Kenneth,Jackson,1962-02-15,72,180,,,,,,,,,,,,"https://static.www.nfl.com/image/private/f_auto,q_auto/league/zcvlahw64aza0kpjjsk5",,,,,,
1984,MIA,OL,G,0,ACT,Ed Newman,Edward,Newman,1951-06-04,74,245,,,,,,,,,,,,"https://static.www.nfl.com/image/private/f_auto,q_auto/league/gdpbqlkytvjuqrpwsxxr",,,,,,
1984,MIA,OL,C,0,ACT,Dwight Stephenson,Dwight,Stephenson,1957-11-20,74,255,,,,,,,,,,,,"https://static.www.nfl.com/image/private/f_auto,q_auto/league/stkoqlkkn6wirfbrfzcv",,,,,,
1984,MIA,OL,G,0,ACT,Jeff Toews,Jeffrey,Toews,1957-11-04,75,255,,,,,,,,,,,,"https://static.www.nfl.com/image/private/f_auto,q_auto/league/zbqmffq5twmrebvfrxkt",,,,,,
1984,NE,QB,QB,0,ACT,Mike Kerrigan,Michael,Kerrigan,1960-04-27,75,205,,,,,,,,,,,,"https://static.www.nfl.com/image/private/f_auto,q_auto/league/pjwz46qvzv5ejwvwkv8f",,,,,,
1984,MIA,QB,QB,0,ACT,Don Strock,Donald,Strock,1950-11-27,77,220,,,,,,,,,,,,"https://static.www.nfl.com/image/private/f_auto,q_auto/league/n9pjpwjn4d3xda0llwzi",,,,,,
1984,PIT,DB,S,0,ACT,Donnie Shell,Donnie,Shell,1952-08-26,71,190,,,,,,,,,,,,"https://static.www.nfl.com/image/private/f_auto,q_auto/league/rycwahqk4mmbjqrux4cx",,,,,,
1984,PIT,DB,CB,0,ACT,Sam Washington,Samuel,Washington,1960-03-07,68,180,,,,,,,,,,,,"https://static.www.nfl.com/image/private/f_auto,q_auto/league/cong3tsbpcdcaemav93f",,,,,,
1984,PIT,DB,FS,0,ACT,Eric Williams,Eric,Williams,1960-02-21,73,183,,,,,,,,,,,,"https://static.www.nfl.com/image/private/f_auto,q_auto/league/yz7fsrbuhumjehpaacjb",,,,,,
1984,MIA,RB,RB,0,ACT,Eddie Hill,Eddie,Hill,1957-05-13,74,205,,,,,,,,,,,,"https://static.www.nfl.com/image/private/f_auto,q_auto/league/tzdmcss0ssf5qxpovewx",,,,,,
1984,MIA,RB,RB,0,ACT,Pete Johnson,Pete,Johnson,1954-03-02,72,252,,,,,,,,,,,,"https://static.www.nfl.com/image/private/f_auto,q_auto/league/n23sixte23zak5c7vrfq",,,,,,
1984,MIA,RB,RB,0,ACT,Tony Nathan,Tony,Nathan,1956-12-14,72,201,,,,,,,,,,,,"https://static.www.nfl.com/image/private/f_auto,q_auto/league/zxs41bvgv51zokfcucrc",,,,,,
1984,PIT,DL,NT,0,ACT,Gary Dunn,Gary,Dunn,1953-08-24,75,240,,,,,,,,,,,,"https://static.www.nfl.com/image/private/f_auto,q_auto/league/t5uj7ee9dfugqxntktiz",,,,,,
1984,MIA,SPEC,K,0,ACT,Uwe von Schamann,Uwe,von Schamann,1956-04-23,72,190,,,,,,,,,,,,"https://static.www.nfl.com/image/private/f_auto,q_auto/league/cdnwabhgwk1ojmhcifiw",,,,,,
1984,PIT,DL,DE,0,ACT,John Goodman,John,Goodman,1958-11-21,78,250,,,,,,,,,,,,"https://static.www.nfl.com/image/private/f_auto,q_auto/league/taex0s4c9cytc8djfxvw",,,,,,
1984,MIA,TE,TE,0,ACT,Bruce Hardy,Bruce,Hardy,1956-06-01,77,235,,,,,,,,,,,,"https://static.www.nfl.com/image/private/f_auto,q_auto/league/oyizimpyuouhekqebzcd",,,,,,
1984,MIA,TE,TE,0,ACT,Dan Johnson,Daniel,Johnson,1960-05-17,75,240,,,,,,,,,,,,"https://static.www.nfl.com/image/private/f_auto,q_auto/league/vgiowxn58mbtxhifsju3",,,,,,
1984,PIT,LB,LB,0,ACT,Craig Bingham,Craig,Bingham,1959-09-26,74,211,,,,,,,,,,,,"https://static.www.nfl.com/image/private/f_auto,q_auto/league/diarzq7rkdewllvjiy5m",,,,,,
1984,MIA,WR,WR,0,TRT,Fernanza Burgess,Fernanza,Burgess,1960-03-06,73,210,,,,,,,,,,,,"https://static.www.nfl.com/image/private/f_auto,q_auto/league/wf3bi5jtwhogma6skchv",,,,,,
1984,MIA,WR,WR,0,ACT,Jimmy Cefalo,James,Cefalo,1956-10-06,71,190,,,,,,,,,,,,"https://static.www.nfl.com/image/private/f_auto,q_auto/league/p6aep1xoy0ucdxwleoxp",,,,,,
1984,RAM,LB,LB,0,ACT,Mark Jerue,Mark,Jerue,1960-01-15,75,229,,,,,,,,,,,,"https://static.www.nfl.com/image/private/f_auto,q_auto/league/kkw4bghuuj4gjcjlrexw",,,,,,
1984,PIT,LB,LB,0,ACT,Bob Kohrs,Robert,Kohrs,1958-11-08,75,245,,,,,,,,,,,,"https://static.www.nfl.com/image/private/f_auto,q_auto/league/keugjfw75bjznf2vnuid",,,,,,
1984,PIT,LB,ILB,0,ACT,Jack Lambert,John,Lambert,1952-07-08,76,220,,,,,,,,,,,,"https://static.www.nfl.com/image/private/f_auto,q_auto/league/vvtzut8dhtj3e4edj5a0",,,,,,
1984,NO,DB,S,0,ACT,Russell Gary,Russell,Gary,1959-07-31,71,195,,,,,,,,,,,,"https://static.www.nfl.com/image/private/f_auto,q_auto/league/glsulpno8qhipvi17wv0",,,,,,
1984,MIA,WR,WR,0,ACT,Nat Moore,Nathaniel,Moore,1951-09-19,69,180,,,,,,,,,,,,"https://static.www.nfl.com/image/private/f_auto,q_auto/league/l7jir7npzrkt89xzozpg",,,,,,
1984,MIN,DB,CB,0,ACT,Rufus Bess,Rufus,Bess,1956-09-13,69,180,,,,,,,,,,,,"https://static.www.nfl.com/image/private/f_auto,q_auto/league/kzyqnqqlqjtrw9zeo8pw",,,,,,
1984,PIT,OL,OT,0,ACT,Steve August,Steven,August,1954-09-04,76,255,,,,,,,,,,,,"https://static.www.nfl.com/image/private/f_auto,q_auto/league/htvbsnnjvacisaaz5zqe",,,,,,
1984,MIN,DB,DB,0,ACT,Jeff Colter,Jeffrey,Colter,1961-04-23,70,164,,,,,,,,,,,,"https://static.www.nfl.com/image/private/f_auto,q_auto/league/r0dztoaxe1wixcj5qpqk",,,,,,
1984,PIT,OL,OT,0,ACT,Larry Brown,Lawrence,Brown,1949-06-16,76,246,,,,,,,,,,,,"https://static.www.nfl.com/image/private/f_auto,q_auto/league/wiybtd79or3dmwbefk2s",,,,,,
1984,MIN,DB,S,0,ACT,Tom Hannon,Thomas,Hannon,1955-03-05,71,193,,,,,,,,,,,,"https://static.www.nfl.com/image/private/f_auto,q_auto/league/wjrpxupj9r9sriuz6tdt",,,,,,
1984,STL,OL,C,0,ACT,Carlos Scott,Carlos,Scott,1960-07-02,76,300,,,,,,,,,,,,"https://static.www.nfl.com/image/private/f_auto,q_auto/league/siiin37stvw9kaw3eqif",,,,,,
1984,MIN,DB,CB,0,ACT,John Swain,John,Swain,1959-09-04,73,195,,,,,,,,,,,,"https://static.www.nfl.com/image/private/f_auto,q_auto/league/uwr6tkyvar4szskzih3s",,,,,,
1984,MIN,DB,CB,0,ACT,Willie Teal,Willie,Teal,1957-12-20,70,195,,,,,,,,,,,,"https://static.www.nfl.com/image/private/f_auto,q_auto/league/nerd3tzqtxe2ochftarr",,,,,,
1984,PIT,OL,OT,0,ACT,Pete Rostosky,Peter,Rostosky,1961-07-29,76,255,,,,,,,,,,,,"https://static.www.nfl.com/image/private/f_auto,q_auto/league/r1vfgs2l2dpohkyexhm2",,,,,,
1984,PIT,OL,OT,0,ACT,Ray Snell,Ray,Snell,1958-02-24,76,265,,,,,,,,,,,,"https://static.www.nfl.com/image/private/f_auto,q_auto/league/knsedh6aowlxwxicojge",,,,,,
1984,PIT,OL,C,0,ACT,Mike Webster,Michael,Webster,1952-03-18,73,255,,,,,,,,,,,,"https://static.www.nfl.com/image/private/f_auto,q_auto/league/dug8igmlid9ute5fqpj9",,,,,,
1984,MIN,DL,DE,0,ACT,Neil Elshire,Neil,Elshire,1958-03-08,78,250,,,,,,,,,,,,"https://static.www.nfl.com/image/private/f_auto,q_auto/league/xjzdpugdwer5gyyowomi",,,,,,
1984,STL,RB,RB,0,ACT,Earl Ferrell,Earl,Ferrell,1958-03-27,72,215,,,,,,,,,,,,"https://static.www.nfl.com/image/private/f_auto,q_auto/league/fbu6kwdblqjlrnxa3xmn",,,,,,
1984,MIN,DL,DE,0,TRD,Randy Holloway,Randolph,Holloway,1955-08-26,77,250,,,,,,,,,,,,"https://static.www.nfl.com/image/private/f_auto,q_auto/league/dy6cbceks80awuijxzsa",,,,,,
1984,MIN,DL,NT,0,ACT,Charlie Johnson,Charles,Johnson,1952-02-17,75,266,,,,,,,,,,,,"https://static.www.nfl.com/image/private/f_auto,q_auto/league/rhnzmofntkedb5f8gwuw",,,,,,
1984,MIN,DL,DE,0,ACT,Doug Martin,Douglas,Martin,1957-05-22,75,255,,,,,,,,,,,,"https://static.www.nfl.com/image/private/f_auto,q_auto/league/ewmzwnsutwfjjjgcvzqx",,,,,,
1984,PIT,RB,RB,0,ACT,Walter Abercrombie,Walter,Abercrombie,1959-09-26,72,201,,,,,,,,,,,,"https://static.www.nfl.com/image/private/f_auto,q_auto/league/pydzhyktsi8fx5mxiybr",,,,,,
1984,MIN,DL,DE,0,ACT,Greg Smith,Gregory,Smith,1959-10-22,75,270,,,,,,,,,,,,"https://static.www.nfl.com/image/private/f_auto,q_auto/league/fuo0zlhlno5kqrmjzfrr",,,,,,
1984,PIT,RB,RB,0,ACT,Rich Erenberg,Richard,Erenberg,1962-04-17,70,200,,,,,,,,,,,,"https://static.www.nfl.com/image/private/f_auto,q_auto/league/dqi4ijzza2jqotiuvos2",,,,,,
1984,MIN,DL,DT,0,ACT,Ruben Vaughan,Ruben,Vaughan,1956-08-05,74,261,,,,,,,,,,,,"https://static.www.nfl.com/image/private/f_auto,q_auto/league/vjdb5ebikwzhnxlhrdjb",,,,,,
1984,MIN,LB,LB,0,ACT,Walker Lee Ashley,Walker,Ashley,1960-07-28,72,234,,,,,,,,,,,,"https://static.www.nfl.com/image/private/f_auto,q_auto/league/f1q9whfc9buzorqeraql",,,,,,
1984,MIN,LB,OLB,0,ACT,Matt Blair,Matthew,Blair,1950-09-20,77,229,,,,,,,,,,,,"https://static.www.nfl.com/image/private/f_auto,q_auto/league/tgda6fdeawcvmlezq039",,,,,,
1984,PIT,RB,RB,0,ACT,Elton Veals,Elton,Veals,1961-03-26,71,230,,,,,,,,,,,,"https://static.www.nfl.com/image/private/f_auto,q_auto/league/gcsosbr3oju1jspokq3a",,,,,,
1984,STL,WR,WR,0,TRC,Steve Bird,Steven,Bird,1960-10-20,71,171,,,,,,,,,,,,"https://static.www.nfl.com/image/private/f_auto,q_auto/league/c5af45zsdiosjhul7eax",,,,,,
1984,PIT,SPEC,P,0,ACT,Craig Colquitt,Joseph,Colquitt,1954-06-09,73,182,,,,,,,,,,,,"https://static.www.nfl.com/image/private/f_auto,q_auto/league/qhwxlhrhmdm9az70cynz",,,,,,
1984,MIN,LB,OLB,0,ACT,Fred McNeill,Frederick,McNeill,1952-05-06,74,230,,,,,,,,,,,,"https://static.www.nfl.com/image/private/f_auto,q_auto/league/fmbyfaonsxv9kuisky8p",,,,,,
1984,MIN,LB,OLB,0,ACT,Robin Sendlein,Robin,Sendlein,1958-12-01,75,225,,,,,,,,,,,,"https://static.www.nfl.com/image/private/f_auto,q_auto/league/bfyw2ocxxtcdhlpuamht",,,,,,
1984,PIT,TE,TE,0,ACT,Darrell Nelson,Darrell,Nelson,1961-10-27,74,235,,,,,,,,,,,,"https://static.www.nfl.com/image/private/f_auto,q_auto/league/tquazokehyhxggih9bqs",,,,,,
1984,MIN,LB,ILB,55,ACT,Scott Studwell,John,Studwell,1954-08-27,74,225,,,,,,,,,,,,"https://static.www.nfl.com/image/private/f_auto,q_auto/league/yrptjl3sjwyometkh3ry",,,,,,
1984,MIN,OL,G,0,ACT,Malcolm Carson,Malcolm,Carson,1959-11-01,74,260,,,,,,,,,,,,"https://static.www.nfl.com/image/private/f_auto,q_auto/league/rdi9xokwmn93pd1jdsaa",,,,,,
1984,PIT,WR,WR,0,TRC,Gregg Garrity,Gregg,Garrity,1960-11-24,70,171,,,,,,,,,,,,"https://static.www.nfl.com/image/private/f_auto,q_auto/league/i0shlm17zhyucjdgu5id",,,,,,
1984,TB,DB,CB,0,ACT,Jeremiah Castille,Jeremiah,Castille,1961-01-15,70,180,,,,,,,,,,,,"https://static.www.nfl.com/image/private/f_auto,q_auto/league/mmdwouyuts5nnsu29bso",,,,,,
1984,PIT,WR,WR,0,ACT,John Stallworth,Johnny,Stallworth,1952-07-15,74,191,,,,,,,,,,,,"https://static.www.nfl.com/image/private/f_auto,q_auto/league/qyhrxpoq3sklq4qnugy3",,,,,,
1984,MIN,OL,OT,0,ACT,Matt Hernandez,Matthew,Hernandez,1961-10-16,78,260,,,,,,,,,,,,"https://static.www.nfl.com/image/private/f_auto,q_auto/league/rfbdetzjagdlwpxbpetd",,,,,,
1984,MIN,OL,C,0,ACT,Jim Hough,James,Hough,1956-08-04,74,267,,,,,,,,,,,,"https://static.www.nfl.com/image/private/f_auto,q_auto/league/vlcemuej9nszwqiaglkv",,,,,,
1984,NO,RB,RB,0,ACT,Edward Anthony,Edward,Anthony,1962-03-03,71,200,,,,,,,,,,,,"https://static.www.nfl.com/image/private/f_auto,q_auto/league/zcnb72m6py3rnkwupzex",,,,,,
1984,MIN,OL,OT,0,ACT,Steve Riley,Steven,Riley,1952-11-23,77,258,,,,,,,,,,,,"https://static.www.nfl.com/image/private/f_auto,q_auto/league/rgfdbk8wdavf1ij4xqgv",,,,,,
1984,MIN,OL,G,0,ACT,Curtis Rouse,Curtis,Rouse,1960-07-13,75,304,,,,,,,,,,,,"https://static.www.nfl.com/image/private/f_auto,q_auto/league/v1elbwkwrbpxecvivgkn",,,,,,
1984,MIN,OL,C,0,ACT,Ron Sams,Ronald,Sams,1961-04-12,75,261,,,,,,,,,,,,"https://static.www.nfl.com/image/private/f_auto,q_auto/league/tkskpqp3qhvdukwnk8ln",,,,,,
1984,MIN,OL,G,0,ACT,Terry Tausch,Terry,Tausch,1959-02-05,77,275,,,,,,,,,,,,"https://static.www.nfl.com/image/private/f_auto,q_auto/league/qczzn5mozafpmttwvexu",,,,,,
1984,RAI,DB,DB,0,ACT,Odis McKinney,Odis,McKinney,1957-05-19,74,187,,,,,,,,,,,,"https://static.www.nfl.com/image/private/f_auto,q_auto/league/p7eos0putwsj4ti10p0a",,,,,,
1984,MIN,QB,QB,0,ACT,Tommy Kramer,Thomas,Kramer,1955-03-07,74,200,,,,,,,,,,,,"https://static.www.nfl.com/image/private/f_auto,q_auto/league/a6ritwqkenxrqsrtuvfj",,,,,,
1984,MIN,QB,QB,0,ACT,Archie Manning,Elisha,Manning,1949-05-19,75,212,,,,,,,,,,,,"https://static.www.nfl.com/image/private/f_auto,q_auto/league/g9vyzturkqi7oguzxqry",,,,,,
1984,RAI,DL,DT,0,ACT,Rick Ackerman,Richard,Ackerman,1959-06-16,76,255,,,,,,,,,,,,"https://static.www.nfl.com/image/private/f_auto,q_auto/league/dikh49cadskd6n3jgztf",,,,,,
1984,RAI,DL,DE,0,ACT,Lyle Alzado,Lyle,Alzado,1949-04-03,75,252,,,,,,,,,,,,"https://static.www.nfl.com/image/private/f_auto,q_auto/league/cqw7fny2wssmveq8m3rq",,,,,,
1984,MIN,RB,RB,0,ACT,Ted Brown,Thomas,Brown,1957-02-15,70,198,,,,,,,,,,,,"https://static.www.nfl.com/image/private/f_auto,q_auto/league/dcw07qpdqg9ddiqdsdfd",,,,,,
1984,TB,DL,DE,0,TRD,Booker Reese,Booker,Reese,1959-09-20,78,260,,,,,,,,,,,,"https://static.www.nfl.com/image/private/f_auto,q_auto/league/xe8yz8fycmxjvcgxghec",,,,,,
1984,MIN,RB,RB,0,ACT,David Nelson,David,Nelson,1963-11-23,74,230,,,,,,,,,,,,"https://static.www.nfl.com/image/private/f_auto,q_auto/league/c1u0gcx0gxviyvgrnkyj",,,,,,
1984,RAI,DL,DE,0,ACT,Howie Long,Howard,Long,1960-01-06,77,265,,,,,,,,,,,,"https://static.www.nfl.com/image/private/f_auto,q_auto/league/l2tzxwytpvg4zllxme4y",,,,,,
1984,MIN,RB,RB,0,ACT,Maurice Turner,Maurice,Turner,1960-09-10,71,200,,,,,,,,,,,,"https://static.www.nfl.com/image/private/f_auto,q_auto/league/dihc8n6rrnx5qrkq9qlf",,,,,,
1984,MIN,SPEC,P,0,ACT,Greg Coleman,Gregory,Coleman,1954-09-09,72,185,,,,,,,,,,,,"https://static.www.nfl.com/image/private/f_auto,q_auto/league/jao2nismff9lybqoqoqt",,,,,,
1984,MIN,SPEC,K,0,ACT,Jan Stenerud,Jan,Stenerud,1942-11-26,74,187,,,,,,,,,,,,"https://static.www.nfl.com/image/private/f_auto,q_auto/league/pqigsjib3srqwxgurhfa",,,,,,
1984,MIN,TE,TE,0,ACT,Don Hasselbeck,Donald,Hasselbeck,1955-04-01,79,245,,,,,,,,,,,,"https://static.www.nfl.com/image/private/f_auto,q_auto/league/x8etmam0wfxuyp6os5pk",,,,,,
1984,RAI,LB,ILB,0,ACT,Darryl Byrd,Darryl,Byrd,1960-09-03,73,220,,,,,,,,,,,,"https://static.www.nfl.com/image/private/f_auto,q_auto/league/q2px7qj8haea80s9ih9v",,,,,,
1984,RAI,LB,LB,0,ACT,Tony Caldwell,Anthony,Caldwell,1961-04-01,73,225,,,,,,,,,,,,"https://static.www.nfl.com/image/private/f_auto,q_auto/league/kzmv5nfj26blwne1p2rn",,,,,,
1984,MIN,TE,TE,0,ACT,Joe Senser,Joseph,Senser,1956-08-18,76,235,,,,,,,,,,,,"https://static.www.nfl.com/image/private/f_auto,q_auto/league/edlklqqngctxlvqk8frg",,,,,,
1984,MIN,WR,WR,0,ACT,Dwight Collins,Dwight,Collins,1961-08-23,73,208,,,,,,,,,,,,"https://static.www.nfl.com/image/private/f_auto,q_auto/league/hsxgy9euvlgbf8ediwij",,,,,,
1984,MIN,WR,WR,0,ACT,Mike Jones,Michael,Jones,1960-04-14,71,175,,,,,,,,,,,,"https://static.www.nfl.com/image/private/f_auto,q_auto/league/dcetcv8jbxqkzjbbtcj7",,,,,,
1984,TB,OL,G,0,ACT,Steve Courson,Stephen,Courson,1955-10-01,73,260,,,,,,,,,,,,"https://static.www.nfl.com/image/private/f_auto,q_auto/league/ita0ot6ou3xsywiazupp",,,,,,
1984,RAI,LB,ILB,0,ACT,Bob Nelson,Robert,Nelson,1953-06-30,76,232,,,,,,,,,,,,"https://static.www.nfl.com/image/private/f_auto,q_auto/league/loy9jd7pzargeyex9oba",,,,,,
1984,RAI,LB,ILB,0,ACT,Jack Squirek,Jack,Squirek,1959-02-16,76,230,,,,,,,,,,,,"https://static.www.nfl.com/image/private/f_auto,q_auto/league/r71sxfi8omuztkpyj2rq",,,,,,
1984,MIN,WR,WR,0,ACT,Sammy White,Samuel,White,1954-03-16,71,190,,,,,,,,,,,,"https://static.www.nfl.com/image/private/f_auto,q_auto/league/olwfmk5wtkltdlzduuav",,,,,,
1984,NYG,DB,DB,0,ACT,Pete Shaw,Kenneth,Shaw,1954-08-25,70,183,,,,,,,,,,,,"https://static.www.nfl.com/image/private/f_auto,q_auto/league/fvhxbafo6auqwhdhvpt7",,,,,,
1984,TB,OL,G,0,ACT,Noah Jackson,Noah,Jackson,1951-04-14,74,267,,,,,,,,,,,,"https://static.www.nfl.com/image/private/f_auto,q_auto/league/bmt2zmy7yihnjay08j2h",,,,,,
1984,TB,OL,OT,0,ACT,Gene Sanders,Eugene,Sanders,1956-11-10,75,270,,,,,,,,,,,,"https://static.www.nfl.com/image/private/f_auto,q_auto/league/mfritcrczvt92bspqlt5",,,,,,
1984,NE,DB,S,0,ACT,Roland James,Roland,James,1958-02-18,74,191,,,,,,,,,,,,"https://static.www.nfl.com/image/private/f_auto,q_auto/league/um8rkvvvexhllos1aas7",,,,,,
1984,RAI,OL,OT,0,ACT,Shelby Jordan,Shelby,Jordan,1952-01-23,79,260,,,,,,,,,,,,"https://static.www.nfl.com/image/private/f_auto,q_auto/league/lrhawr1pwehycamewkep",,,,,,
1984,RAI,OL,OT,0,ACT,Henry Lawrence,Henry,Lawrence,1951-09-26,76,268,,,,,,,,,,,,"https://static.www.nfl.com/image/private/f_auto,q_auto/league/o1b9fkrnijsscpngvzxu",,,,,,
1984,RAI,OL,G,0,ACT,Curt Marsh,Curtiss,Marsh,1959-08-25,77,270,,,,,,,,,,,,"https://static.www.nfl.com/image/private/f_auto,q_auto/league/v6d99efvk80fxgjm39p9",,,,,,
1984,RAI,OL,G,0,ACT,Mickey Marvin,Phillip,Marvin,1955-10-05,76,270,,,,,,,,,,,,"https://static.www.nfl.com/image/private/f_auto,q_auto/league/uredgsu7v4inf9w4hgdv",,,,,,
1984,TB,RB,RB,0,ACT,Adger Armstrong,Adger,Armstrong,1957-06-21,72,210,,,,,,,,,,,,"https://static.www.nfl.com/image/private/f_auto,q_auto/league/u6qeqb6qml00d9srzbuz",,,,,,
1984,NE,DB,DB,0,TRC,Ricky Smith,Ricky,Smith,1960-07-20,72,174,,,,,,,,,,,,"https://static.www.nfl.com/image/private/f_auto,q_auto/league/bgljjcswoaxhcw7hvhsu",,,,,,
1984,NE,DL,DE,0,ACT,Julius Adams,Julius,Adams,1948-04-26,75,270,,,,,,,,,,,,"https://static.www.nfl.com/image/private/f_auto,q_auto/league/mkulv0yzwzkfimxzw5hd",,,,,,
1984,NE,DL,NT,0,ACT,Luther Henson,Luther,Henson,1959-03-25,72,275,,,,,,,,,,,,"https://static.www.nfl.com/image/private/f_auto,q_auto/league/dih7iravt1j4k4xj9thl",,,,,,
1984,NE,DL,NT,0,ACT,Dennis Owens,Dennis,Owens,1960-02-24,73,252,,,,,,,,,,,,"https://static.www.nfl.com/image/private/f_auto,q_auto/league/ww5lkzdubdlouqoqylnx",,,,,,
1984,NE,DL,DE,0,ACT,Doug Rogers,Douglas,Rogers,1960-06-23,77,255,,,,,,,,,,,,"https://static.www.nfl.com/image/private/f_auto,q_auto/league/oujtc9qixkrum6sswegp",,,,,,
1984,NE,DL,DE,0,ACT,Kenneth Sims,Kenneth,Sims,1959-10-31,77,279,,,,,,,,,,,,"https://static.www.nfl.com/image/private/f_auto,q_auto/league/mgck4hy5hgftcuvliuhh",,,,,,
1984,NE,DL,DE,0,TRT,Scott Virkus,Scott,Virkus,1959-09-07,77,248,,,,,,,,,,,,"https://static.www.nfl.com/image/private/f_auto,q_auto/league/jckk0egx2quvsqsqbzuv",,,,,,
1984,TB,SPEC,K,0,ACT,Obed Ariri,Obed,Ariri,1956-04-07,68,170,,,,,,,,,,,,"https://static.www.nfl.com/image/private/f_auto,q_auto/league/ngaf5cko1xeq2mre1a2d",,,,,,
1984,RAI,RB,RB,0,ACT,Frank Hawkins,Frank,Hawkins,1959-07-03,69,210,,,,,,,,,,,,"https://static.www.nfl.com/image/private/f_auto,q_auto/league/haqw9l7ckh7lvqsxobp9",,,,,,
1984,NE,LB,OLB,0,ACT,Don Blackmon,Donald,Blackmon,1958-03-14,75,235,,,,,,,,,,,,"https://static.www.nfl.com/image/private/f_auto,q_auto/league/elx4u4narknlqpbvl895",,,,,,
1984,NE,LB,LB,0,ACT,Tim Golden,Timothy,Golden,1959-11-15,73,220,,,,,,,,,,,,"https://static.www.nfl.com/image/private/f_auto,q_auto/league/dth9r36jh8gcelnhmoay",,,,,,
1984,NE,LB,LB,0,ACT,Brian Ingram,Brian,Ingram,1959-10-31,76,230,,,,,,,,,,,,"https://static.www.nfl.com/image/private/f_auto,q_auto/league/f57nfzzzalct62bpyqel",,,,,,
1984,NE,LB,ILB,0,ACT,Larry McGrew,Lawrence,McGrew,1957-07-23,77,233,,,,,,,,,,,,"https://static.www.nfl.com/image/private/f_auto,q_auto/league/khu7paqazenopvlquedw",,,,,,
1984,RAI,RB,RB,0,TRC,Jimmy Smith,James,Smith,1960-09-25,72,195,,,,,,,,,,,,"https://static.www.nfl.com/image/private/f_auto,q_auto/league/dlqkc311vewzhoptt9xf",,,,,,
1984,TB,WR,WR,0,ACT,Gerald Carter,Gerald,Carter,1957-06-19,73,185,,,,,,,,,,,,"https://static.www.nfl.com/image/private/f_auto,q_auto/league/q4db1hbxogakgrydotcz",,,,,,
1984,RAI,SPEC,K,0,ACT,Chris Bahr,Christopher,Bahr,1953-02-03,70,170,,,,,,,,,,,,"https://static.www.nfl.com/image/private/f_auto,q_auto/league/mtqqli2jm0my416zh4rr",,,,,,
1984,TB,WR,WR,0,ACT,Kevin House,Kevin,House,1957-12-20,73,175,,,,,,,,,,,,"https://static.www.nfl.com/image/private/f_auto,q_auto/league/ytqmyq3n1nlhglmn9rlw",,,,,,
1984,NE,LB,LB,0,ACT,Clayton Weishuhn,Clayton,Weishuhn,1959-10-09,74,220,,,,,,,,,,,,"https://static.www.nfl.com/image/private/f_auto,q_auto/league/fkwuz4lyx61hcoewkumu",,,,,,
1984,RAI,TE,TE,0,ACT,Todd Christensen,Todd,Christensen,1956-08-03,75,225,,,,,,,,,,,,"https://static.www.nfl.com/image/private/f_auto,q_auto/league/ab7yhfyi0nbqfby476hm",,,,,,
1984,NE,OL,C,0,ACT,Pete Brock,Peter,Brock,1954-07-14,77,253,,,,,,,,,,,,"https://static.www.nfl.com/image/private/f_auto,q_auto/league/bsyo8decj8opg7aw03di",,,,,,
1984,NE,OL,G,0,ACT,Paul Fairchild,Paul,Fairchild,1961-09-14,76,267,,,,,,,,,,,,"https://static.www.nfl.com/image/private/f_auto,q_auto/league/twxbtvwqa4bq1bpq7vs7",,,,,,
1984,NE,OL,OT,0,ACT,Darryl Haley,Darryl,Haley,1961-02-16,76,279,,,,,,,,,,,,"https://static.www.nfl.com/image/private/f_auto,q_auto/league/ssbhnizs4nac9yvbxjx1",,,,,,
1984,NE,OL,G,0,ACT,John Hannah,John,Hannah,1951-04-04,74,265,,,,,,,,,,,,"https://static.www.nfl.com/image/private/f_auto,q_auto/league/ebc8zlctxozwriiwemda",,,,,,
1984,NE,OL,OT,0,ACT,Brian Holloway,Brian,Holloway,1959-07-25,79,273,,,,,,,,,,,,"https://static.www.nfl.com/image/private/f_auto,q_auto/league/rem22j2mpkokelbe94ua",,,,,,
1984,NE,OL,OT,0,ACT,Steve Moore,Stephen,Moore,1960-10-01,76,285,,,,,,,,,,,,"https://static.www.nfl.com/image/private/f_auto,q_auto/league/jcgjlbcvr1fyxd21yolt",,,,,,
1984,NE,OL,C,0,ACT,Guy Morriss,Guy,Morriss,1951-05-13,76,255,,,,,,,,,,,,"https://static.www.nfl.com/image/private/f_auto,q_auto/league/fl8rfyqp5vw2p6zwlzgf",,,,,,
1984,NE,OL,G,0,ACT,Ron Wooten,Ronald,Wooten,1959-06-28,76,280,,,,,,,,,,,,"https://static.www.nfl.com/image/private/f_auto,q_auto/league/okmiq1mas2e5lugcbk4p",,,,,,
1984,NE,QB,QB,0,ACT,Tony Eason,Charles,Eason,1959-10-08,76,212,,,,,,,,,,,,"https://static.www.nfl.com/image/private/f_auto,q_auto/league/myvko8qvzooxmjisnkbo",,,,,,
1984,RAM,DB,S,0,ACT,Eric Harris,Eric,Harris,1955-08-11,75,191,,,,,,,,,,,,"https://static.www.nfl.com/image/private/f_auto,q_auto/league/uqovlq3zpgoty0jcjwel",,,,,,
1984,NYG,WR,WR,0,ACT,Bobby Johnson,Bobby,Johnson,1961-12-14,71,170,,,,,,,,,,,,"https://static.www.nfl.com/image/private/f_auto,q_auto/league/yhzw8wjszubwgvrdjjvc",,,,,,
1984,NE,RB,RB,0,ACT,Tony Collins,Anthony,Collins,1959-05-27,71,203,,,,,,,,,,,,"https://static.www.nfl.com/image/private/f_auto,q_auto/league/hx74hjqlfrm4qnbcufys",,,,,,
1984,WAS,DL,DT,0,ACT,Perry Brooks,Perry,Brooks,1954-12-04,75,264,,,,,,,,,,,,"https://static.www.nfl.com/image/private/f_auto,q_auto/league/orwqnxvxyao0ky6ainno",,,,,,
1984,NE,RB,RB,0,ACT,Craig James,Jesse,James,1961-01-02,72,215,,,,,,,,,,,,"https://static.www.nfl.com/image/private/f_auto,q_auto/league/fareq05djtkfjiqlkscr",,,,,,
1984,NE,RB,RB,0,ACT,Bo Robinson,Melvin,Robinson,1956-05-27,74,228,,,,,,,,,,,,"https://static.www.nfl.com/image/private/f_auto,q_auto/league/ysgcoshxhlqzg1vtnlga",,,,,,
1984,NE,RB,RB,0,ACT,Mosi Tatupu,Mosiula,Tatupu,1955-04-26,72,227,,,,,,,,,,,,"https://static.www.nfl.com/image/private/f_auto,q_auto/league/jge79vwu3wvwpixwpriy",,,,,,
1984,NE,RB,RB,0,ACT,Robert Weathers,Robert,Weathers,1960-09-13,74,217,,,,,,,,,,,,"https://static.www.nfl.com/image/private/f_auto,q_auto/league/szvxibcyh2q7nspvezpd",,,,,,
1984,NE,RB,RB,0,ACT,Jon Williams,Jonathan,Williams,1961-06-01,69,205,,,,,,,,,,,,"https://static.www.nfl.com/image/private/f_auto,q_auto/league/lpyuu4mts4kqetb9hyje",,,,,,
1984,WAS,DL,DE,0,ACT,Tony McGee,Anthony,McGee,1949-01-18,76,250,,,,,,,,,,,,"https://static.www.nfl.com/image/private/f_auto,q_auto/league/tdcwoq4mi250boifunwa",,,,,,
1984,NE,SPEC,K,0,ACT,Tony Franklin,Anthony,Franklin,1956-11-18,68,182,,,,,,,,,,,,"https://static.www.nfl.com/image/private/f_auto,q_auto/league/kdny8zuuw6bziazg2zs5",,,,,,
1984,NE,SPEC,P,0,ACT,Luke Prestridge,Luke,Prestridge,1956-09-17,76,235,,,,,,,,,,,,"https://static.www.nfl.com/image/private/f_auto,q_auto/league/yyye6lrfg3y14szb9dr6",,,,,,
1984,RAM,DL,DE,0,ACT,Jack Youngblood,Herbert,Youngblood,1950-01-26,76,247,,,,,,,,,,,,"https://static.www.nfl.com/image/private/f_auto,q_auto/league/mwd8umz9bedz1xkls7ro",,,,,,
1984,RAM,LB,OLB,0,ACT,George Andrews,George,Andrews,1955-11-28,75,226,,,,,,,,,,,,"https://static.www.nfl.com/image/private/f_auto,q_auto/league/ceqtgmtulqgvpvpcdnda",,,,,,
1984,WAS,LB,OLB,0,ACT,Mel Kaufman,Melvin,Kaufman,1958-02-24,74,214,,,,,,,,,,,,"https://static.www.nfl.com/image/private/f_auto,q_auto/league/vyxsbi4zitmwwxjj7myb",,,,,,
1984,NE,WR,WR,0,ACT,Cedric Jones,Cedric,Jones,1960-06-01,73,184,,,,,,,,,,,,"https://static.www.nfl.com/image/private/f_auto,q_auto/league/hrgdgm2q8eifzcvsixix",,,,,,
1984,NE,WR,WR,0,ACT,Stanley Morgan,Stanley,Morgan,1955-02-17,71,181,,,,,,,,,,,,"https://static.www.nfl.com/image/private/f_auto,q_auto/league/n3oxs232reufr0sdqptv",,,,,,
1984,NYJ,DB,S,0,ACT,Kirk Springs,Kirk,Springs,1958-08-16,72,192,,,,,,,,,,,,"https://static.www.nfl.com/image/private/f_auto,q_auto/league/ysefqcz1uv9xphhuatxj",,,,,,
1984,RAM,LB,LB,0,ACT,Jim Laughlin,James,Laughlin,1958-07-05,72,212,,,,,,,,,,,,"https://static.www.nfl.com/image/private/f_auto,q_auto/league/ep6ycdyd86udex2jxd5t",,,,,,
1984,NO,DB,DB,0,ACT,Jitter Fields,Alfred,Fields,1962-08-16,68,185,,,,,,,,,,,,"https://static.www.nfl.com/image/private/f_auto,q_auto/league/mfhydedjeuey4oo12kmf",,,,,,
1984,NYJ,DL,DE,0,ACT,Ron Faurot,Ronald,Faurot,1962-01-27,79,262,,,,,,,,,,,,"https://static.www.nfl.com/image/private/f_auto,q_auto/league/r2zybwsu38etztz3vkfr",,,,,,
1984,NO,DB,DB,0,ACT,Greg Harding,Gregory,Harding,1960-07-31,74,202,,,,,,,,,,,,"https://static.www.nfl.com/image/private/f_auto,q_auto/league/ck4vbxumpqrqjc0txpwh",,,,,,
1984,WAS,OL,G,0,ACT,Ken Huff,Kenneth,Huff,1953-02-21,76,260,,,,,,,,,,,,"https://static.www.nfl.com/image/private/f_auto,q_auto/league/w5n8vixxtaf4we8ascic",,,,,,
1984,RAM,OL,OT,0,ACT,Bill Bain,William,Bain,1952-08-09,76,269,,,,,,,,,,,,"https://static.www.nfl.com/image/private/f_auto,q_auto/league/aqsimfiy5z4xld3rh3yv",,,,,,
1984,RAM,OL,G,0,ACT,Russ Bolinger,Russell,Bolinger,1954-09-10,77,255,,,,,,,,,,,,"https://static.www.nfl.com/image/private/f_auto,q_auto/league/v5vnmbkqvcfyyruztg93",,,,,,
1984,RAM,OL,G,0,ACT,Dennis Harrah,Dennis,Harrah,1953-03-09,77,257,,,,,,,,,,,,"https://static.www.nfl.com/image/private/f_auto,q_auto/league/xtcwndawrx82ywiaz7wj",,,,,,
1984,NO,DB,FS,0,ACT,Frank Wattelet,Frank,Wattelet,1958-10-25,72,185,,,,,,,,,,,,"https://static.www.nfl.com/image/private/f_auto,q_auto/league/s8prythag7gr6sjwkmb5",,,,,,
1984,WAS,OL,OT,0,ACT,Morris Towns,Morris,Towns,1954-01-10,76,270,,,,,,,,,,,,"https://static.www.nfl.com/image/private/f_auto,q_auto/league/bjpxyfvzlx9zudkrfayf",,,,,,
1984,NO,DL,DE,0,ACT,Bruce Clark,Bruce,Clark,1958-03-31,75,250,,,,,,,,,,,,"https://static.www.nfl.com/image/private/f_auto,q_auto/league/ejuiuxexvqbxgqdpzccp",,,,,,
1984,NYJ,LB,LB,0,ACT,Jim Eliopulos,James,Eliopulos,1959-04-18,74,230,,,,,,,,,,,,"https://static.www.nfl.com/image/private/f_auto,q_auto/league/bq8u9cf8v4ln3ic1uhwv",,,,,,
1984,PIT,OL,C,0,ACT,Randy Rasmussen,Randy,Rasmussen,1960-09-27,74,253,,,,,,,,,,,,"https://static.www.nfl.com/image/private/f_auto,q_auto/league/go0suomhs9xnbhizqiou",,,,,,
1984,NO,DL,DE,0,ACT,Reggie Lewis,Reginald,Lewis,1954-01-20,74,252,,,,,,,,,,,,"https://static.www.nfl.com/image/private/f_auto,q_auto/league/yq2byco7azibjm9oyejz",,,,,,
1984,NO,DL,NT,0,ACT,Derland Moore,Derland,Moore,1951-10-07,76,250,,,,,,,,,,,,"https://static.www.nfl.com/image/private/f_auto,q_auto/league/tlu2umdhgsjyw1or4qgz",,,,,,
1984,WAS,RB,RB,0,ACT,Rick Kane,Richard,Kane,1954-11-12,71,200,,,,,,,,,,,,"https://static.www.nfl.com/image/private/f_auto,q_auto/league/jc7szz9xhcv6p14akikh",,,,,,
1984,WAS,RB,RB,0,ACT,Jeff Moore,Jeffrey,Moore,1956-08-20,72,195,,,,,,,,,,,,"https://static.www.nfl.com/image/private/f_auto,q_auto/league/a397izhg2k2pw2yh2pdo",,,,,,
1984,WAS,RB,RB,0,ACT,John Riggins,Robert,Riggins,1949-08-04,74,230,,,,,,,,,,,,"https://static.www.nfl.com/image/private/f_auto,q_auto/league/wehkyczr6mbhgqeeon5i",,,,,,
1984,NO,LB,LB,0,ACT,James Haynes,James,Haynes,1960-08-09,74,230,,,,,,,,,,,,"https://static.www.nfl.com/image/private/f_auto,q_auto/league/lovimsgmz9sui9x0cnva",,,,,,
1984,RAM,RB,RB,0,ACT,Mike Guman,Michael,Guman,1958-04-21,74,210,,,,,,,,,,,,"https://static.www.nfl.com/image/private/f_auto,q_auto/league/ila865odwfkcjcphawdu",,,,,,
1984,RAM,RB,RB,0,ACT,A.J. Jones,Anthony,Jones,1959-05-30,73,202,,,,,,,,,,,,"https://static.www.nfl.com/image/private/f_auto,q_auto/league/i47p5wxvv2ee8d1jalyo",,,,,,
1984,NO,LB,OLB,0,ACT,Whitney Paul,Whitney,Paul,1953-10-08,75,220,,,,,,,,,,,,"https://static.www.nfl.com/image/private/f_auto,q_auto/league/v7ghu44zer7ofjcv6gvc",,,,,,
1984,RAM,RB,RB,0,ACT,Barry Redden,Barry,Redden,1960-07-21,70,205,,,,,,,,,,,,"https://static.www.nfl.com/image/private/f_auto,q_auto/league/vhjzix2e1okqhigctwlo",,,,,,
1984,RAM,SPEC,K,0,ACT,Mike Lansford,Michael,Lansford,1958-07-20,72,183,,,,,,,,,,,,"https://static.www.nfl.com/image/private/f_auto,q_auto/league/toh8h6q7g5vmj5mcio4b",,,,,,
1984,NO,LB,ILB,0,ACT,Dennis Winston,Dennis,Winston,1955-10-25,72,228,,,,,,,,,,,,"https://static.www.nfl.com/image/private/f_auto,q_auto/league/z3eupshfjqccknzpzwww",,,,,,
1984,RAM,TE,TE,0,ACT,Mike Barber,Michael,Barber,1953-06-04,75,235,,,,,,,,,,,,"https://static.www.nfl.com/image/private/f_auto,q_auto/league/luyvmprztvgexjsvd5ol",,,,,,
1984,NO,OL,C,0,ACT,David Carter,David,Carter,1953-11-27,74,225,,,,,,,,,,,,"https://static.www.nfl.com/image/private/f_auto,q_auto/league/vebdthmprqlj6pci8tbj",,,,,,
1984,NO,OL,OT,0,ACT,Kelvin Clark,Kelvin,Clark,1956-01-30,75,267,,,,,,,,,,,,"https://static.www.nfl.com/image/private/f_auto,q_auto/league/ascbue7vodyrwevihcrg",,,,,,
1984,NO,OL,G,0,ACT,Brad Edelman,Bradley,Edelman,1960-09-03,78,255,,,,,,,,,,,,"https://static.www.nfl.com/image/private/f_auto,q_auto/league/qxin2fqhtvumxlwbta4z",,,,,,
1984,RAM,TE,TE,0,ACT,Norwood Vann,Norwood,Vann,1962-02-18,73,225,,,,,,,,,,,,"https://static.www.nfl.com/image/private/f_auto,q_auto/league/x2lvjkc3d9cjc47dpftz",,,,,,
1984,NO,OL,C,0,ACT,John Hill,John,Hill,1950-04-16,74,245,,,,,,,,,,,,"https://static.www.nfl.com/image/private/f_auto,q_auto/league/x1qqyt70yz4tz0dzm7h1",,,,,,
1984,NO,OL,G,0,ACT,Steve Korte,Steven,Korte,1960-01-15,75,270,,,,,,,,,,,,"https://static.www.nfl.com/image/private/f_auto,q_auto/league/ykcjr1muytkmf7aqp0uf",,,,,,
1984,RAM,WR,WR,0,ACT,George Farmer,George,Farmer,1958-12-05,70,175,,,,,,,,,,,,"https://static.www.nfl.com/image/private/f_auto,q_auto/league/o66hd9feghfcpkx74yi7",,,,,,
1984,NO,OL,G,0,ACT,Louis Oubre,Louis,Oubre,1958-05-15,76,262,,,,,,,,,,,,"https://static.www.nfl.com/image/private/f_auto,q_auto/league/us5djkvkbt1x1oblgn75",,,,,,
1984,NO,OL,C,0,ACT,Jim Pietrzak,James,Pietrzak,1953-02-21,77,260,,,,,,,,,,,,"https://static.www.nfl.com/image/private/f_auto,q_auto/league/k4rhr9vqu6g0yxvowqun",,,,,,
1984,NO,OL,OT,0,ACT,Chris Ward,Christopher,Ward,1955-12-16,75,267,,,,,,,,,,,,"https://static.www.nfl.com/image/private/f_auto,q_auto/league/t7txpwa2cmpqdhnciwz0",,,,,,
1984,NO,QB,QB,0,ACT,Ken Stabler,Kenneth,Stabler,1945-12-25,75,215,,,,,,,,,,,,"https://static.www.nfl.com/image/private/f_auto,q_auto/league/anwcmgpsprhjrkrwwklo",,,,,,
1984,NO,QB,QB,0,ACT,Richard Todd,Carl,Todd,1953-11-19,74,210,,,,,,,,,,,,"https://static.www.nfl.com/image/private/f_auto,q_auto/league/t4h6eqguru0fe5prcbo7",,,,,,
1984,NYJ,TE,TE,0,ACT,Glenn Dennison,Glenn,Dennison,1961-11-17,75,225,,,,,,,,,,,,"https://static.www.nfl.com/image/private/f_auto,q_auto/league/nyknz9mvzybb2sp1ecjx",,,,,,
1984,NYJ,TE,TE,0,ACT,Rocky Klever,Victor,Klever,1959-07-10,75,225,,,,,,,,,,,,"https://static.www.nfl.com/image/private/f_auto,q_auto/league/q5f3ghqdrrgokbownl2z",,,,,,
1984,NO,RB,RB,0,ACT,Earl Campbell,Earl,Campbell,1955-03-29,71,224,,,,,,,,,,,,"https://static.www.nfl.com/image/private/f_auto,q_auto/league/svozyfy3gco5j6seywed",,,,,,
1984,SD,DB,S,0,ACT,Ken Greene,Kenneth,Greene,1956-05-08,75,203,,,,,,,,,,,,"https://static.www.nfl.com/image/private/f_auto,q_auto/league/g9tnduhvtj5ka1mgm0nm",,,,,,
1984,SD,DB,FS,0,ACT,Bob Gregor,Robert,Gregor,1957-02-10,74,192,,,,,,,,,,,,"https://static.www.nfl.com/image/private/f_auto,q_auto/league/n2hytz7lwzcjjgo3csrm",,,,,,
1984,NO,RB,RB,0,ACT,Jimmy Rogers,James,Rogers,1955-06-29,70,190,,,,,,,,,,,,"https://static.www.nfl.com/image/private/f_auto,q_auto/league/t8csexyilrc9trlka8qa",,,,,,
1984,SD,DB,CB,0,ACT,Bill Kay,William,Kay,1960-01-10,73,190,,,,,,,,,,,,"https://static.www.nfl.com/image/private/f_auto,q_auto/league/hmaoz2ajzf08bydlt37p",,,,,,
1984,NO,RB,RB,0,ACT,Wayne Wilson,Wayne,Wilson,1957-09-04,75,208,,,,,,,,,,,,"https://static.www.nfl.com/image/private/f_auto,q_auto/league/qwc0jsq0iawmb7r4zh15",,,,,,
1984,SD,DB,DB,0,ACT,Johnny Ray Smith,Johnny,Smith,1957-09-07,69,183,,,,,,,,,,,,"https://static.www.nfl.com/image/private/f_auto,q_auto/league/a8wclnbzhxmebhf8wfd9",,,,,,
1984,SD,DB,CB,0,ACT,Lucious Smith,Lucious,Smith,1957-01-17,70,190,,,,,,,,,,,,"https://static.www.nfl.com/image/private/f_auto,q_auto/league/praejpmvxnzyqgu4czke",,,,,,
1984,NYJ,WR,WR,0,ACT,Wesley Walker,Wesley,Walker,1955-05-26,72,179,,,,,,,,,,,,"https://static.www.nfl.com/image/private/f_auto,q_auto/league/kk7qtibzfcvylhllcrjs",,,,,,
1984,NO,TE,TE,0,ACT,Larry Hardy,Larry,Hardy,1956-07-09,75,230,,,,,,,,,,,,"https://static.www.nfl.com/image/private/f_auto,q_auto/league/fqj17usyczchsqabgfuc",,,,,,
1984,SD,DB,S,0,ACT,Andre Young,Andre,Young,1960-11-22,72,199,,,,,,,,,,,,"https://static.www.nfl.com/image/private/f_auto,q_auto/league/uhqwrpzfdepv4dxfehkt",,,,,,
1984,SD,DL,DT,0,TRT,Rick Ackerman,Richard,Ackerman,1959-06-16,76,255,,,,,,,,,,,,"https://static.www.nfl.com/image/private/f_auto,q_auto/league/dikh49cadskd6n3jgztf",,,,,,
1984,SD,DL,NT,0,ACT,Tony Chickillo,Anthony,Chickillo,1960-07-08,75,225,,,,,,,,,,,,"https://static.www.nfl.com/image/private/f_auto,q_auto/league/nkbfffum8owfweya1af0",,,,,,
1984,NO,WR,WR,0,ACT,Eugene Goodlow,Eugene,Goodlow,1958-12-19,74,190,,,,,,,,,,,,"https://static.www.nfl.com/image/private/f_auto,q_auto/league/gqkcimrlqccf515muzcd",,,,,,
1984,PHI,DB,DB,0,ACT,Lou Rash,Louis,Rash,1960-06-05,69,170,,,,,,,,,,,,"https://static.www.nfl.com/image/private/f_auto,q_auto/league/av9vtxsjqqcciy6x4vrc",,,,,,
1984,SD,DL,DE,0,ACT,Keith Ferguson,Keith,Ferguson,1959-04-03,77,241,,,,,,,,,,,,"https://static.www.nfl.com/image/private/f_auto,q_auto/league/dyguwyewr03x0wcd52a6",,,,,,
1984,SD,DL,NT,0,ACT,Keith Guthrie,Keith,Guthrie,1961-08-17,76,264,,,,,,,,,,,,"https://static.www.nfl.com/image/private/f_auto,q_auto/league/tikoqp1lvxvoppsycwp6",,,,,,
1984,NO,WR,WR,0,ACT,Tyrone Young,Tyrone,Young,1960-04-29,78,190,,,,,,,,,,,,"https://static.www.nfl.com/image/private/f_auto,q_auto/league/cbqo2w2bljp0uljb1lmc",,,,,,
1984,NYG,DB,S,0,ACT,Bill Currier,William,Currier,1955-01-05,72,202,,,,,,,,,,,,"https://static.www.nfl.com/image/private/f_auto,q_auto/league/fpotm4uxyeae6kwofhbu",,,,,,
1984,NYG,DB,DB,0,ACT,Kenny Daniel,Kenneth,Daniel,1960-06-01,70,180,,,,,,,,,,,,"https://static.www.nfl.com/image/private/f_auto,q_auto/league/s5orszi1fyxltksxi1o0",,,,,,
1984,NYG,DB,DB,0,ACT,Larry Flowers,Larry,Flowers,1958-04-19,73,190,,,,,,,,,,,,"https://static.www.nfl.com/image/private/f_auto,q_auto/league/ivazho1lnqycqdjpkmh4",,,,,,
1984,NYG,DB,CB,0,ACT,Mark Haynes,Mark,Haynes,1958-11-06,71,185,,,,,,,,,,,,"https://static.www.nfl.com/image/private/f_auto,q_auto/league/wuytgmd5un2jxb1v7oxx",,,,,,
1984,NYG,DB,S,0,ACT,Kenny Hill,Kenneth,Hill,1958-07-25,72,190,,,,,,,,,,,,"https://static.www.nfl.com/image/private/f_auto,q_auto/league/kdylbzj8ghwlbqutbize",,,,,,
1984,NYG,DB,FS,0,ACT,Terry Kinard,Alfred,Kinard,1959-11-24,73,190,,,,,,,,,,,,"https://static.www.nfl.com/image/private/f_auto,q_auto/league/xfndf06pcqwa7vhsj5ki",,,,,,
1984,SD,LB,OLB,0,ACT,Woodrow Lowe,Woodrow,Lowe,1954-06-09,72,227,,,,,,,,,,,,"https://static.www.nfl.com/image/private/f_auto,q_auto/league/cmo6nx9bc3ypxezswoao",,,,,,
1984,PHI,LB,ILB,0,ACT,Anthony Griggs,Anthony,Griggs,1960-02-12,75,220,,,,,,,,,,,,"https://static.www.nfl.com/image/private/f_auto,q_auto/league/ewbhsxhzl92xiyydyxog",,,,,,
1984,PHI,LB,LB,0,ACT,Rich Kraynak,Richard,Kraynak,1961-01-20,73,221,,,,,,,,,,,,"https://static.www.nfl.com/image/private/f_auto,q_auto/league/xf9wefwuwv4gs6afyjok",,,,,,
1984,SD,LB,LB,0,ACT,Vince Osby,Vincent,Osby,1961-07-08,71,220,,,,,,,,,,,,"https://static.www.nfl.com/image/private/f_auto,q_auto/league/bdsdh2gvyuda5tqqxisa",,,,,,
1984,PHI,LB,ILB,0,ACT,Jerry Robinson,Jerry,Robinson,1956-12-18,74,218,,,,,,,,,,,,"https://static.www.nfl.com/image/private/f_auto,q_auto/league/samlivayga2xdqulvxd3",,,,,,
1984,SD,LB,LB,0,ACT,Cliff Thrift,Clifford,Thrift,1956-05-03,73,237,,,,,,,,,,,,"https://static.www.nfl.com/image/private/f_auto,q_auto/league/vwmmfcrgwuypsndbd5u0",,,,,,
1984,SD,LB,LB,0,ACT,Eric Williams,Eric,Williams,1955-06-17,74,227,,,,,,,,,,,,"https://static.www.nfl.com/image/private/f_auto,q_auto/league/hmw93sfpqa0wkqajksvv",,,,,,
1984,NYG,DL,DE,0,ACT,George Martin,George,Martin,1953-02-16,76,245,,,,,,,,,,,,"https://static.www.nfl.com/image/private/f_auto,q_auto/league/zekzxk5hqy8gvdsdymr4",,,,,,
1984,NYG,DL,DE,0,ACT,Curtis McGriff,Curtis,McGriff,1958-05-17,77,270,,,,,,,,,,,,"https://static.www.nfl.com/image/private/f_auto,q_auto/league/tb1ecilxsmep2dstgqyk",,,,,,
1984,NYG,DL,DE,0,ACT,Casey Merrill,Richard,Merrill,1957-07-16,76,254,,,,,,,,,,,,"https://static.www.nfl.com/image/private/f_auto,q_auto/league/btz9hops7fxztsbch21h",,,,,,
1984,SD,OL,G,0,ACT,Chuck Loewen,Charles,Loewen,1957-01-23,75,263,,,,,,,,,,,,"https://static.www.nfl.com/image/private/f_auto,q_auto/league/a9qv95sfirp65vseojql",,,,,,
1984,SD,OL,C,0,ACT,Don Macek,Donald,Macek,1954-07-21,75,253,,,,,,,,,,,,"https://static.www.nfl.com/image/private/f_auto,q_auto/league/pmsjfghtsem0ybjmvdod",,,,,,
1984,NYG,LB,ILB,0,ACT,Harry Carson,Harold,Carson,1953-11-26,74,228,,,,,,,,,,,,"https://static.www.nfl.com/image/private/f_auto,q_auto/league/pwg5h5pd6vfhmqqqizvz",,,,,,
1984,SD,OL,OT,0,ACT,Ed White,Edward,White,1947-04-04,73,269,,,,,,,,,,,,"https://static.www.nfl.com/image/private/f_auto,q_auto/league/xcpzpqgkhdwu5hbidmob",,,,,,
1984,NYG,LB,OLB,0,ACT,Byron Hunt,Byron,Hunt,1958-12-17,77,230,,,,,,,,,,,,"https://static.www.nfl.com/image/private/f_auto,q_auto/league/wbpwr2wd0jbdp8niwsop",,,,,,
1984,PHI,OL,G,0,ACT,Petey Perot,Edward,Perot,1957-04-28,74,261,,,,,,,,,,,,"https://static.www.nfl.com/image/private/f_auto,q_auto/league/kzjfdwkynwzlej16bhcs",,,,,,
1984,NYG,LB,ILB,0,ACT,Joe McLaughlin,Joseph,McLaughlin,1957-07-01,73,235,,,,,,,,,,,,"https://static.www.nfl.com/image/private/f_auto,q_auto/league/tjmrpj0nuqtknmplv2np",,,,,,
1984,PHI,OL,OT,0,ACT,Jerry Sisemore,Jerald,Sisemore,1951-07-16,76,265,,,,,,,,,,,,"https://static.www.nfl.com/image/private/f_auto,q_auto/league/njfc2paoymuq0fhu4z4x",,,,,,
1984,PHI,QB,QB,0,ACT,Jeff Christensen,Jeffrey,Christensen,1960-01-08,75,202,,,,,,,,,,,,"https://static.www.nfl.com/image/private/f_auto,q_auto/league/lnzyki5dleptgteqihsu",,,,,,
1984,SD,RB,RB,0,ACT,Lionel James,Lionel,James,1962-05-25,66,171,,,,,,,,,,,,"https://static.www.nfl.com/image/private/f_auto,q_auto/league/w2kxtok6rlyjzrytiqga",,,,,,
1984,NYG,OL,C,0,ACT,Kevin Belcher,Kevin,Belcher,1961-02-23,75,266,,,,,,,,,,,,"https://static.www.nfl.com/image/private/f_auto,q_auto/league/qxnwybwcuq26l8qxyg2e",,,,,,
1984,PHI,QB,QB,0,ACT,Dean May,Dean,May,1962-05-26,77,220,,,,,,,,,,,,"https://static.www.nfl.com/image/private/f_auto,q_auto/league/opocyqawuhowo5lbeont",,,,,,
1984,NYG,OL,G,0,ACT,Chris Godfrey,Christopher,Godfrey,1958-05-17,75,242,,,,,,,,,,,,"https://static.www.nfl.com/image/private/f_auto,q_auto/league/r8kmzamccnh4rzau4dgc",,,,,,
1984,NYG,OL,OT,0,ACT,Conrad Goode,Conrad,Goode,1962-01-19,78,275,,,,,,,,,,,,"https://static.www.nfl.com/image/private/f_auto,q_auto/league/o2mfsncwondd2reeag42",,,,,,
1984,NYG,OL,G,0,ACT,David Jordan,David,Jordan,1962-06-14,78,267,,,,,,,,,,,,"https://static.www.nfl.com/image/private/f_auto,q_auto/league/znoqvhcexhhh1n8gwmim",,,,,,
1984,NYG,OL,OT,0,ACT,Karl Nelson,Karl,Nelson,1960-06-14,78,285,,,,,,,,,,,,"https://static.www.nfl.com/image/private/f_auto,q_auto/league/axyytlz8ugkvvo8mtp4u",,,,,,
1984,PHI,RB,RB,0,ACT,Joe Hayes,Joe,Hayes,1960-09-15,69,185,,,,,,,,,,,,"https://static.www.nfl.com/image/private/f_auto,q_auto/league/kqky6lq4cryg4u55mt4t",,,,,,
1984,SD,SPEC,K,0,ACT,Benny Ricardo,Benito,Ricardo,1954-01-04,70,175,,,,,,,,,,,,"https://static.www.nfl.com/image/private/f_auto,q_auto/league/ky99fcjmsqvmgbi8uh3v",,,,,,
1984,SD,TE,TE,0,TRC,Al Dixon,Albert,Dixon,1954-04-05,77,230,,,,,,,,,,,,"https://static.www.nfl.com/image/private/f_auto,q_auto/league/jnagwfswvpvhloplqv4o",,,,,,
1984,SD,TE,TE,0,ACT,Ron Egloff,Ronald,Egloff,1955-10-03,77,230,,,,,,,,,,,,"https://static.www.nfl.com/image/private/f_auto,q_auto/league/gfj5rnenbtms8ujdsu9r",,,,,,
1984,TB,WR,WR,0,TRD,Perry Tuttle,Perry,Tuttle,1959-08-02,72,178,,,,,,,,,,,,"https://static.www.nfl.com/image/private/f_auto,q_auto/league/wf5k5ivaaq17cqdq2guh",,,,,,
1984,NYG,RB,RB,0,ACT,Rob Carpenter,Robert,Carpenter,1955-04-20,73,214,,,,,,,,,,,,"https://static.www.nfl.com/image/private/f_auto,q_auto/league/wqovk0zypgc7aecpff4q",,,,,,
1984,NYG,RB,RB,0,ACT,Frank Cephous,Frank,Cephous,1961-07-04,70,205,,,,,,,,,,,,"https://static.www.nfl.com/image/private/f_auto,q_auto/league/agazixuprdtyderbu1ji",,,,,,
1984,NYG,RB,RB,0,ACT,Tony Galbreath,Anthony,Galbreath,1954-01-29,72,220,,,,,,,,,,,,"https://static.www.nfl.com/image/private/f_auto,q_auto/league/gujudr4qtmjewh62evwq",,,,,,
1984,PHI,TE,TE,0,ACT,John Spagnola,John,Spagnola,1957-08-01,76,240,,,,,,,,,,,,"https://static.www.nfl.com/image/private/f_auto,q_auto/league/jy8z3zwacqnj1pfzaaj0",,,,,,
1984,NYG,RB,RB,0,ACT,Butch Woolfolk,Harold,Woolfolk,1960-03-01,73,207,,,,,,,,,,,,"https://static.www.nfl.com/image/private/f_auto,q_auto/league/ighcwwwvcf3kwrcmysy2",,,,,,
1984,SD,WR,WR,0,ACT,Wes Chandler,Wesley,Chandler,1956-08-22,72,186,,,,,,,,,,,,"https://static.www.nfl.com/image/private/f_auto,q_auto/league/iyfdyzhifflqyiuywv25",,,,,,
1984,NYG,SPEC,P,0,ACT,Dave Jennings,David,Jennings,1952-06-08,76,215,,,,,,,,,,,,"https://static.www.nfl.com/image/private/f_auto,q_auto/league/cyz1jmnzrjkhirfdnakm",,,,,,
1984,SD,WR,WR,0,ACT,Charlie Joiner,Charles,Joiner,1947-10-14,71,188,,,,,,,,,,,,"https://static.www.nfl.com/image/private/f_auto,q_auto/league/rvnwuud1omemquowcor7",,,,,,
1984,SEA,DB,CB,0,ACT,Dave Brown,David,Brown,1953-01-16,73,190,,,,,,,,,,,,"https://static.www.nfl.com/image/private/f_auto,q_auto/league/yc4frxbcsmlhmk5lych7",,,,,,
1984,PIT,DB,CB,0,ACT,Chris Brown,Christopher,Brown,1962-04-11,72,195,,,,,,,,,,,,"https://static.www.nfl.com/image/private/f_auto,q_auto/league/rmfbq2qbbnggsff7rxed",,,,,,
1984,NYG,WR,WR,0,ACT,Lionel Manuel,Lionel,Manuel,1962-04-13,71,175,,,,,,,,,,,,"https://static.www.nfl.com/image/private/f_auto,q_auto/league/iztlfhpbhcrebhljegvt",,,,,,
1984,SEA,DB,FS,0,ACT,John Harris,John,Harris,1956-06-13,74,200,,,,,,,,,,,,"https://static.www.nfl.com/image/private/f_auto,q_auto/league/zxdy79wathkz1sfpxxh1",,,,,,
1984,SEA,DB,DB,0,ACT,Terry Jackson,Terence,Jackson,1955-12-09,70,187,,,,,,,,,,,,"https://static.www.nfl.com/image/private/f_auto,q_auto/league/uv2rctwhuind7nmv982i",,,,,,
1984,NYG,WR,WR,0,ACT,Tom Mullady,Thomas,Mullady,1957-01-30,75,232,,,,,,,,,,,,"https://static.www.nfl.com/image/private/f_auto,q_auto/league/ipysxjvpelerongfpa2j",,,,,,
1984,SEA,DB,CB,0,ACT,Keith Simpson,Keith,Simpson,1956-03-09,73,195,,,,,,,,,,,,"https://static.www.nfl.com/image/private/f_auto,q_auto/league/yn2msuk2vnntovs5ptyx",,,,,,
1984,NYJ,DB,CB,0,ACT,Russell Carter,Russell,Carter,1962-02-10,74,195,,,,,,,,,,,,"https://static.www.nfl.com/image/private/f_auto,q_auto/league/zxsntkttd9g2kcqeu6zs",,,,,,
1984,PIT,DB,CB,0,ACT,Dwayne Woodruff,Dwayne,Woodruff,1957-02-18,71,198,,,,,,,,,,,,"https://static.www.nfl.com/image/private/f_auto,q_auto/league/co62nkdnjubohjizlecn",,,,,,
1984,NYJ,DB,CB,0,ACT,George Floyd,George,Floyd,1960-12-21,71,190,,,,,,,,,,,,"https://static.www.nfl.com/image/private/f_auto,q_auto/league/iu8ajwwsrbndy2lgrzjv",,,,,,
1984,SEA,DL,DE,0,ACT,Randy Edwards,Richard,Edwards,1961-03-09,76,255,,,,,,,,,,,,"https://static.www.nfl.com/image/private/f_auto,q_auto/league/rvo703durlqly2fu5lmx",,,,,,
1984,NYJ,DB,CB,0,ACT,Bobby Jackson,Robert,Jackson,1956-12-23,69,175,,,,,,,,,,,,"https://static.www.nfl.com/image/private/f_auto,q_auto/league/cxeawqlwnp20i2hlc7yn",,,,,,
1984,STL,DL,DT,0,ACT,Dan Ralph,Daniel,Ralph,1961-03-09,76,260,,,,,,,,,,,,"https://static.www.nfl.com/image/private/f_auto,q_auto/league/pjgbheyo4rvtyrsh6qb8",,,,,,
1984,SEA,DL,NT,0,ACT,Dino Mangiero,Dino,Mangiero,1958-12-19,74,265,,,,,,,,,,,,"https://static.www.nfl.com/image/private/f_auto,q_auto/league/sjmh47pvvcpqetl3w03j",,,,,,
1984,NYJ,DB,CB,0,ACT,Davlin Mullen,Davlin,Mullen,1960-02-17,73,175,,,,,,,,,,,,"https://static.www.nfl.com/image/private/f_auto,q_auto/league/jptldt5vqr3mtbn8zus9",,,,,,
1984,SEA,LB,LB,0,ACT,Chuck Butler,Charles,Butler,1961-12-18,72,220,,,,,,,,,,,,"https://static.www.nfl.com/image/private/f_auto,q_auto/league/qvwo4nkdaf2neltzvnax",,,,,,
1984,SEA,LB,ILB,0,ACT,Keith Butler,John,Butler,1956-05-16,76,225,,,,,,,,,,,,"https://static.www.nfl.com/image/private/f_auto,q_auto/league/nixuqklh5wao7vxnogc6",,,,,,
1984,PIT,LB,LB,0,ACT,Terry Echols,Terry,Echols,1962-01-10,72,220,,,,,,,,,,,,"https://static.www.nfl.com/image/private/f_auto,q_auto/league/efi4oy2eolgwzm8upmss",,,,,,
1984,NYJ,DL,DT,0,ACT,Tom Baldwin,Thomas,Baldwin,1961-05-13,76,270,,,,,,,,,,,,"https://static.www.nfl.com/image/private/f_auto,q_auto/league/j9pq5sou777w5vevzme3",,,,,,
1984,NYJ,DL,DT,0,ACT,Barry Bennett,Barry,Bennett,1955-12-10,76,257,,,,,,,,,,,,"https://static.www.nfl.com/image/private/f_auto,q_auto/league/bi0r7ofp1erbjhx6sxjx",,,,,,
1984,SEA,LB,LB,0,ACT,John Kaiser,John,Kaiser,1962-06-06,75,221,,,,,,,,,,,,"https://static.www.nfl.com/image/private/f_auto,q_auto/league/q7iftqko79etcrj2ndzn",,,,,,
1984,SEA,LB,ILB,0,ACT,Shelton Robinson,Shelton,Robinson,1960-09-14,74,233,,,,,,,,,,,,"https://static.www.nfl.com/image/private/f_auto,q_auto/league/mnbjdvu00ykuct3z3bi1",,,,,,
1984,NYJ,DL,DT,0,ACT,Joe Klecko,Joseph,Klecko,1953-10-15,75,256,,,,,,,,,,,,"https://static.www.nfl.com/image/private/f_auto,q_auto/league/js0y8susc4eshbwbuhbl",,,,,,
1984,SEA,LB,LB,0,ACT,Fredd Young,Frederick,Young,1961-11-14,73,220,,,,,,,,,,,,"https://static.www.nfl.com/image/private/f_auto,q_auto/league/wngfqiudgxfpoxaqtgfy",,,,,,
1984,SEA,OL,OT,0,ACT,Sid Abramowitz,Sidney,Abramowitz,1960-05-21,78,280,,,,,,,,,,,,"https://static.www.nfl.com/image/private/f_auto,q_auto/league/nmlfrhy6vggpm6msftwy",,,,,,
1984,SEA,OL,OT,0,TRD,Steve August,Steven,August,1954-09-04,76,255,,,,,,,,,,,,"https://static.www.nfl.com/image/private/f_auto,q_auto/league/htvbsnnjvacisaaz5zqe",,,,,,
1984,NYJ,LB,OLB,0,ACT,Greg Buttle,Gregory,Buttle,1954-06-20,75,235,,,,,,,,,,,,"https://static.www.nfl.com/image/private/f_auto,q_auto/league/gn0jecuktjbw27jqr2w1",,,,,,
1984,PIT,OL,G,0,ACT,Mark Catano,Mark,Catano,1962-01-26,75,265,,,,,,,,,,,,"https://static.www.nfl.com/image/private/f_auto,q_auto/league/anadxycueoxo983wco65",,,,,,
1984,NYJ,LB,MLB,0,ACT,Bob Crable,Robert,Crable,1959-09-22,75,228,,,,,,,,,,,,"https://static.www.nfl.com/image/private/f_auto,q_auto/league/alg9mx8tud0lqi7mds9n",,,,,,
1984,RAM,OL,G,0,ACT,Joe Shearin,Joseph,Shearin,1960-04-16,76,250,,,,,,,,,,,,"https://static.www.nfl.com/image/private/f_auto,q_auto/league/v1butgualreamprgakzu",,,,,,
1984,SEA,OL,OT,0,ACT,Ron Essink,Ronald,Essink,1958-07-30,78,246,,,,,,,,,,,,"https://static.www.nfl.com/image/private/f_auto,q_auto/league/x9sxqludqdhovemnhipd",,,,,,
1984,NYJ,LB,OLB,0,ACT,Lance Mehl,Lance,Mehl,1958-02-14,75,235,,,,,,,,,,,,"https://static.www.nfl.com/image/private/f_auto,q_auto/league/va2aui35g9imn9nqogbt",,,,,,
1984,NYJ,LB,MLB,0,ACT,John Woodring,John,Woodring,1959-04-04,74,232,,,,,,,,,,,,"https://static.www.nfl.com/image/private/f_auto,q_auto/league/baq2gsgyv7whyrjwvx4q",,,,,,
1984,SEA,OL,G,0,ACT,Bob Pratt,Robert,Pratt,1951-05-25,75,255,,,,,,,,,,,,"https://static.www.nfl.com/image/private/f_auto,q_auto/league/ulueb6b5ig4yesfprgcf",,,,,,
1984,PIT,OL,G,0,ACT,Blake Wingle,Blake,Wingle,1960-04-17,74,267,,,,,,,,,,,,"https://static.www.nfl.com/image/private/f_auto,q_auto/league/pbzfclauthvi28tf58kn",,,,,,
1984,PHI,DB,DB,0,ACT,Roynell Young,Roynell,Young,1957-12-01,73,181,,,,,,,,,,,,"https://static.www.nfl.com/image/private/f_auto,q_auto/league/hvktkgzkeehawtdrpiqk",,,,,,
1984,SEA,QB,QB,0,ACT,Jim Zorn,James,Zorn,1953-05-10,74,200,,,,,,,,,,,,"https://static.www.nfl.com/image/private/f_auto,q_auto/league/xburzguemvvfk9okdp9e",,,,,,
1984,NYJ,OL,C,0,TRD,George Lilja,George,Lilja,1958-03-03,76,250,,,,,,,,,,,,"https://static.www.nfl.com/image/private/f_auto,q_auto/league/zlknuypoqmom8fspl0rl",,,,,,
1984,PIT,QB,QB,0,ACT,David Woodley,David,Woodley,1958-10-25,74,183,,,,,,,,,,,,"https://static.www.nfl.com/image/private/f_auto,q_auto/league/oopqirpipkq1coe9z8dg",,,,,,
1984,NYJ,OL,OT,0,ACT,Marvin Powell,Marvin,Powell,1955-08-30,77,264,,,,,,,,,,,,"https://static.www.nfl.com/image/private/f_auto,q_auto/league/gbduli1cut1rn5prsxyd",,,,,,
1984,PIT,RB,RB,0,ACT,Anthony Corley,Anthony,Corley,1960-08-10,72,210,,,,,,,,,,,,"https://static.www.nfl.com/image/private/f_auto,q_auto/league/it2drafrwrok0nnmo8rp",,,,,,
1984,SEA,RB,RB,0,ACT,David Hughes,David,Hughes,1959-06-01,72,220,,,,,,,,,,,,"https://static.www.nfl.com/image/private/f_auto,q_auto/league/qtwrqk9oswiiuh1u68tk",,,,,,
1984,SEA,RB,RB,0,ACT,Eric Lane,Eric,Lane,1959-01-06,72,195,,,,,,,,,,,,"https://static.www.nfl.com/image/private/f_auto,q_auto/league/sec35yn1ave7gnarxnpj",,,,,,
1984,NYJ,QB,QB,0,ACT,Glenn Inverso,Glenn,Inverso,1958-06-24,73,199,,,,,,,,,,,,"https://static.www.nfl.com/image/private/f_auto,q_auto/league/xenxio3ffdc82hczc2ke",,,,,,
1984,PIT,RB,RB,0,ACT,Todd Spencer,Todd,Spencer,1962-07-26,72,195,,,,,,,,,,,,"https://static.www.nfl.com/image/private/f_auto,q_auto/league/iplssdvqeyiqnam0q5ze",,,,,,
1984,NYJ,QB,QB,0,ACT,Mark Reed,Mark,Reed,1959-02-21,75,201,,,,,,,,,,,,"https://static.www.nfl.com/image/private/f_auto,q_auto/league/w9mgimdar0qgpqto3mia",,,,,,
1984,SEA,SPEC,P,0,ACT,Jeff West,Jeffrey,West,1953-04-06,75,220,,,,,,,,,,,,"https://static.www.nfl.com/image/private/f_auto,q_auto/league/j6uyaxt5iooocvwjbjuy",,,,,,
1984,STL,WR,WR,0,ACT,Clyde Duncan,Clyde,Duncan,1961-02-05,73,192,,,,,,,,,,,,"https://static.www.nfl.com/image/private/f_auto,q_auto/league/gqydtpkgjpqxyirfdlqh",,,,,,
1984,NYJ,RB,RB,0,ACT,Dennis Bligen,Dennis,Bligen,1962-03-03,71,215,,,,,,,,,,,,"https://static.www.nfl.com/image/private/f_auto,q_auto/league/vp8thav8q0tugd1ocdsw",,,,,,
1984,NYJ,RB,RB,0,ACT,Bruce Harper,Bruce,Harper,1955-06-20,68,174,,,,,,,,,,,,"https://static.www.nfl.com/image/private/f_auto,q_auto/league/onfg0i2gzwpjpbaxs34u",,,,,,
1984,STL,WR,WR,0,ACT,Pat Tilley,Patrick,Tilley,1953-02-15,70,178,,,,,,,,,,,,"https://static.www.nfl.com/image/private/f_auto,q_auto/league/ykkbelxkambo4i1ekbbn",,,,,,
1984,PIT,TE,TE,0,ACT,John Rodgers,John,Rodgers,1960-02-07,74,226,,,,,,,,,,,,"https://static.www.nfl.com/image/private/f_auto,q_auto/league/tip4tsdudltfwfxbvjv1",,,,,,
1984,NYJ,RB,RB,0,ACT,Cedric Minter,Cedric,Minter,1958-11-13,70,190,,,,,,,,,,,,"https://static.www.nfl.com/image/private/f_auto,q_auto/league/jyxd8eobrnshaacfb8a0",,,,,,
1984,SEA,WR,WR,0,ACT,Dwight Scales,Dwight,Scales,1953-05-30,74,178,,,,,,,,,,,,"https://static.www.nfl.com/image/private/f_auto,q_auto/league/lhpspwwnak7yurccq3nj",,,,,,
1984,RAM,WR,WR,0,ACT,Gordon Jones,Gordon,Jones,1957-07-25,72,190,,,,,,,,,,,,"https://static.www.nfl.com/image/private/f_auto,q_auto/league/ameqo1hpljs9wswxfs1o",,,,,,
1984,SEA,WR,WR,0,ACT,Daryl Turner,Daryl,Turner,1961-12-15,75,198,,,,,,,,,,,,"https://static.www.nfl.com/image/private/f_auto,q_auto/league/phkjufelcynyqjmhllmb",,,,,,
1984,PIT,WR,WR,0,ACT,Calvin Sweeney,Calvin,Sweeney,1955-01-12,74,190,,,,,,,,,,,,"https://static.www.nfl.com/image/private/f_auto,q_auto/league/fcmhixvtrnmee4iz40vy",,,,,,
1984,PIT,WR,WR,0,ACT,Weegie Thompson,Willis,Thompson,1961-03-21,78,210,,,,,,,,,,,,"https://static.www.nfl.com/image/private/f_auto,q_auto/league/qhnqqxlv0xjnlraz0azn",,,,,,
1984,TB,DB,DB,0,ACT,Maurice Harvey,Maurice,Harvey,1956-01-14,70,190,,,,,,,,,,,,"https://static.www.nfl.com/image/private/f_auto,q_auto/league/mr93pjmwj9q7bdwnfs8r",,,,,,
1984,NYJ,WR,WR,0,ACT,Nick Bruckner,Nicholas,Bruckner,1961-05-19,71,185,,,,,,,,,,,,"https://static.www.nfl.com/image/private/f_auto,q_auto/league/ufgilxjgotc8czdr18qm",,,,,,
1984,RAI,DB,CB,0,ACT,Lester Hayes,Lester,Hayes,1955-01-22,72,208,,,,,,,,,,,,"https://static.www.nfl.com/image/private/f_auto,q_auto/league/yxegnulyldao8qxgtida",,,,,,
1984,SF,DB,S,0,ACT,Carlton Williamson,Carlton,Williamson,1958-06-12,72,204,,,,,,,,,,,,"https://static.www.nfl.com/image/private/f_auto,q_auto/league/rlqmg1nlp9ux9fw4umaq",,,,,,
1984,NYJ,WR,WR,0,ACT,Derrick Gaffney,Derrick,Gaffney,1955-05-24,73,175,,,,,,,,,,,,"https://static.www.nfl.com/image/private/f_auto,q_auto/league/pgxg8ebvgn5y6nl4h3lx",,,,,,
1984,NYJ,WR,WR,0,ACT,Bobby Humphery,Robert,Humphery,1961-08-23,70,170,,,,,,,,,,,,"https://static.www.nfl.com/image/private/f_auto,q_auto/league/habw1vaak3axpdzytdxh",,,,,,
1984,RAI,DB,DB,0,ACT,Stacey Toran,Stacey,Toran,1961-11-10,74,200,,,,,,,,,,,,"https://static.www.nfl.com/image/private/f_auto,q_auto/league/pspylpadozj5o622ekie",,,,,,
1984,SF,DL,NT,0,ACT,Michael Carter,Michael,Carter,1960-10-29,74,281,,,,,,,,,,,,"https://static.www.nfl.com/image/private/f_auto,q_auto/league/baxz7o3zqbx5gx1d6kux",,,,,,
1984,TB,DL,NT,0,ACT,David Logan,David,Logan,1956-10-25,74,250,,,,,,,,,,,,"https://static.www.nfl.com/image/private/f_auto,q_auto/league/poj5yyd3pntfiuel2jpb",,,,,,
1984,PHI,DB,DB,0,ACT,Evan Cooper,Evan,Cooper,1962-06-25,71,180,,,,,,,,,,,,"https://static.www.nfl.com/image/private/f_auto,q_auto/league/pr2cyc6o4tuxrmbyg8zz",,,,,,
1984,SF,DL,NT,0,ACT,Louie Kelcher,Louie,Kelcher,1953-08-23,77,291,,,,,,,,,,,,"https://static.www.nfl.com/image/private/f_auto,q_auto/league/ipbzvai959puwfhmly7w",,,,,,
1984,PHI,DB,S,0,ACT,Ray Ellis,Kerwin,Ellis,1959-04-27,73,192,,,,,,,,,,,,"https://static.www.nfl.com/image/private/f_auto,q_auto/league/tbggppiguvwlg0bya08w",,,,,,
1984,PHI,DB,CB,0,ACT,Elbert Foules,Elbert,Foules,1961-07-04,71,185,,,,,,,,,,,,"https://static.www.nfl.com/image/private/f_auto,q_auto/league/nnbfrskdgyi7ypjd97al",,,,,,
1984,TB,LB,ILB,0,ACT,Scot Brantley,Scot,Brantley,1958-02-24,73,230,,,,,,,,,,,,"https://static.www.nfl.com/image/private/f_auto,q_auto/league/icn2svzeywrw8nh6iamj",,,,,,
1984,TB,LB,OLB,0,ACT,Keith Browner,Keith,Browner,1962-01-24,78,230,,,,,,,,,,,,"https://static.www.nfl.com/image/private/f_auto,q_auto/league/gltu0urdpqtk3illinrh",,,,,,
1984,SF,LB,OLB,0,ACT,Dan Bunz,Danny,Bunz,1955-10-07,76,230,,,,,,,,,,,,"https://static.www.nfl.com/image/private/f_auto,q_auto/league/yo1bxhfhismbea3g71wp",,,,,,
1984,SF,LB,ILB,0,ACT,Riki Ellison,Riki,Ellison,1960-08-15,74,220,,,,,,,,,,,,"https://static.www.nfl.com/image/private/f_auto,q_auto/league/bnjhurgbrszu8rtekbyc",,,,,,
1984,STL,DB,DB,0,ACT,Jeff Griffin,Jeffrey,Griffin,1958-07-19,72,185,,,,,,,,,,,,"https://static.www.nfl.com/image/private/f_auto,q_auto/league/v1i6gudbuvmqnkydsjdx",,,,,,
1984,PHI,DL,NT,0,ACT,Harvey Armstrong,Harvey,Armstrong,1959-12-29,75,255,,,,,,,,,,,,"https://static.www.nfl.com/image/private/f_auto,q_auto/league/tct78p4lncnmdn2hexhz",,,,,,
1984,PHI,DL,DE,0,ACT,Greg Brown,Gregory,Brown,1957-01-05,77,235,,,,,,,,,,,,"https://static.www.nfl.com/image/private/f_auto,q_auto/league/b4ihhkdg06l0j2hbfaff",,,,,,
1984,RAI,LB,OLB,0,ACT,Rod Martin,Roderick,Martin,1954-04-07,74,205,,,,,,,,,,,,"https://static.www.nfl.com/image/private/f_auto,q_auto/league/le2n1nfmd1ca6mx4i4ix",,,,,,
1984,SF,LB,LB,0,ACT,Blanchard Montgomery,Blanchard,Montgomery,1961-02-17,74,236,,,,,,,,,,,,"https://static.www.nfl.com/image/private/f_auto,q_auto/league/jiphw3uc22mwqzethdzu",,,,,,
1984,PHI,DL,DE,0,ACT,Dennis Harrison,Dennis,Harrison,1956-07-31,80,275,,,,,,,,,,,,"https://static.www.nfl.com/image/private/f_auto,q_auto/league/ymhxg8rxxoazf0fjpy5f",,,,,,
1984,SF,LB,LB,0,ACT,Todd Shell,Todd,Shell,1962-06-24,76,225,,,,,,,,,,,,"https://static.www.nfl.com/image/private/f_auto,q_auto/league/gjgeghj27imfyfzk62np",,,,,,
1984,SF,LB,OLB,0,ACT,Keena Turner,Keena,Turner,1958-10-22,74,219,,,,,,,,,,,,"https://static.www.nfl.com/image/private/f_auto,q_auto/league/g47vahmsz18abi6fdrju",,,,,,
1984,RAM,DB,CB,0,ACT,LeRoy Irvin,LeRoy,Irvin,1957-09-15,71,184,,,,,,,,,,,,"https://static.www.nfl.com/image/private/f_auto,q_auto/league/gzhas1ulupo9kg3uronh",,,,,,
1984,RAI,LB,OLB,0,ACT,Brad Van Pelt,Bradley,Van Pelt,1951-04-05,77,235,,,,,,,,,,,,"https://static.www.nfl.com/image/private/f_auto,q_auto/league/mfnxwgcg8jpfws6ufyl4",,,,,,
1984,SF,OL,G,0,ACT,John Ayers,John,Ayers,1953-04-14,77,247,,,,,,,,,,,,"https://static.www.nfl.com/image/private/f_auto,q_auto/league/anm39l1uyticqvjac8s7",,,,,,
1984,RAI,OL,C,0,ACT,Dave Dalby,David,Dalby,1950-10-19,74,240,,,,,,,,,,,,"https://static.www.nfl.com/image/private/f_auto,q_auto/league/ilx0jimbx1zpk4gvdb0r",,,,,,
1984,SF,OL,OT,0,ACT,Allan Kennedy,Allan,Kennedy,1958-01-08,79,273,,,,,,,,,,,,"https://static.www.nfl.com/image/private/f_auto,q_auto/league/gcnswkhv0y0hwlcw6zqy",,,,,,
1984,PHI,LB,OLB,0,ACT,Reggie Wilkes,Reginald,Wilkes,1956-05-27,76,230,,,,,,,,,,,,"https://static.www.nfl.com/image/private/f_auto,q_auto/league/scxvqgr7w3lp1s6u0qkf",,,,,,
1984,PHI,LB,OLB,0,ACT,Joel Williams,Joel,Williams,1956-12-13,73,215,,,,,,,,,,,,"https://static.www.nfl.com/image/private/f_auto,q_auto/league/dnmfkj5ll1jnibylh8na",,,,,,
1984,PHI,OL,G,0,ACT,Ron Baker,Ronald,Baker,1954-11-19,76,247,,,,,,,,,,,,"https://static.www.nfl.com/image/private/f_auto,q_auto/league/wzsl0wb0dlb4hq8cgjnd",,,,,,
1984,PHI,OL,C,0,ACT,Mark Dennard,Mark,Dennard,1955-11-02,73,250,,,,,,,,,,,,"https://static.www.nfl.com/image/private/f_auto,q_auto/league/ml35mkop28l3xiov8khe",,,,,,
1984,PHI,OL,C,0,ACT,Gerry Feehery,Gerald,Feehery,1960-03-09,74,268,,,,,,,,,,,,"https://static.www.nfl.com/image/private/f_auto,q_auto/league/nosx3buetgtpxiceaowr",,,,,,
1984,PHI,OL,G,0,ACT,Steve Kenney,Steven,Kenney,1955-12-26,76,262,,,,,,,,,,,,"https://static.www.nfl.com/image/private/f_auto,q_auto/league/lvvko8isdtlqjvrktm7z",,,,,,
1984,RAI,OL,G,0,ACT,Ed Muransky,Edward,Muransky,1960-01-20,79,277,,,,,,,,,,,,"https://static.www.nfl.com/image/private/f_auto,q_auto/league/kginnlnnzttjoxeygnkk",,,,,,
1984,PHI,OL,OT,0,ACT,Leonard Mitchell,Leonard,Mitchell,1958-10-12,79,272,,,,,,,,,,,,"https://static.www.nfl.com/image/private/f_auto,q_auto/league/kkrm9amud5mslk15kur9",,,,,,
1984,PHI,OL,C,0,ACT,Dave Pacella,David,Pacella,1960-02-07,74,266,,,,,,,,,,,,"https://static.www.nfl.com/image/private/f_auto,q_auto/league/ljxrshiaaskiemke1gd3",,,,,,
1984,RAI,QB,QB,0,RET,Jerry Golsteyn,Jerry,Golsteyn,1954-08-06,76,207,,,,,,,,,,,,"https://static.www.nfl.com/image/private/f_auto,q_auto/league/aftjg1ig2ubhm54nv5gq",,,,,,
1984,PHI,OL,OT,0,ACT,Rusty Russell,William,Russell,1963-08-16,77,295,,,,,,,,,,,,"https://static.www.nfl.com/image/private/f_auto,q_auto/league/jdvwtf5dkynak6syzwhx",,,,,,
1984,RAI,QB,QB,0,ACT,Jim Plunkett,James,Plunkett,1947-12-05,75,220,,,,,,,,,,,,"https://static.www.nfl.com/image/private/f_auto,q_auto/league/gnumm8kvsrqnvcs9ql6u",,,,,,
1984,RAI,QB,QB,0,ACT,Marc Wilson,Marc,Wilson,1957-02-15,78,205,,,,,,,,,,,,"https://static.www.nfl.com/image/private/f_auto,q_auto/league/ockryga7mbp25q7qpooc",,,,,,
1984,PHI,QB,QB,0,TRD,Bob Holly,Robert,Holly,1960-06-01,74,205,,,,,,,,,,,,"https://static.www.nfl.com/image/private/f_auto,q_auto/league/iyn6arywmtzoakrpyrbp",,,,,,
1984,PHI,QB,QB,0,ACT,Ron Jaworski,Ronald,Jaworski,1951-03-23,74,196,,,,,,,,,,,,"https://static.www.nfl.com/image/private/f_auto,q_auto/league/aamsifwf5pezavdmdtcr",,,,,,
1984,RAI,RB,RB,0,ACT,Derrick Jensen,Derrick,Jensen,1956-04-27,73,230,,,,,,,,,,,,"https://static.www.nfl.com/image/private/f_auto,q_auto/league/philxveag0opseezb4nc",,,,,,
1984,PHI,QB,QB,0,ACT,Joe Pisarcik,Joseph,Pisarcik,1952-07-02,76,220,,,,,,,,,,,,"https://static.www.nfl.com/image/private/f_auto,q_auto/league/pbwswfziizv3njt5ouqd",,,,,,
1984,PHI,RB,RB,0,ACT,Major Everett,Major,Everett,1960-01-04,70,207,,,,,,,,,,,,"https://static.www.nfl.com/image/private/f_auto,q_auto/league/nzlmigcw9bw7gmoapy0z",,,,,,
1984,PHI,RB,RB,0,ACT,Michael Haddix,Michael,Haddix,1961-12-27,74,225,,,,,,,,,,,,"https://static.www.nfl.com/image/private/f_auto,q_auto/league/xq5ocihsf6ac343nbmkc",,,,,,
1984,SF,TE,TE,0,ACT,Al Dixon,Albert,Dixon,1954-04-05,77,230,,,,,,,,,,,,"https://static.www.nfl.com/image/private/f_auto,q_auto/league/jnagwfswvpvhloplqv4o",,,,,,
1984,SD,SPEC,K,0,ACT,Rolf Benirschke,Rolf,Benirschke,1955-02-07,72,165,,,,,,,,,,,,"https://static.www.nfl.com/image/private/f_auto,q_auto/league/wqmhwxnmubydmh2oiapf",,,,,,
1984,PHI,RB,RB,0,ACT,Wilbert Montgomery,Wilbert,Montgomery,1954-09-16,70,195,,,,,,,,,,,,"https://static.www.nfl.com/image/private/f_auto,q_auto/league/hmxwi0xct7i22w1xdk14",,,,,,
1984,PHI,RB,RB,0,ACT,Hubie Oliver,Hubert,Oliver,1957-11-12,70,212,,,,,,,,,,,,"https://static.www.nfl.com/image/private/f_auto,q_auto/league/eloicwknjqw878vllqhl",,,,,,
1984,SF,WR,WR,0,ACT,Renaldo Nehemiah,Renaldo,Nehemiah,1959-03-24,73,181,,,,,,,,,,,,"https://static.www.nfl.com/image/private/f_auto,q_auto/league/rfzhwhd4kx5amwn2szs2",,,,,,
1984,TB,WR,WR,0,ACT,Zach Thomas,Zachary,Thomas,1960-09-08,72,182,,,,,,,,,,,,"https://static.www.nfl.com/image/private/f_auto,q_auto/league/oa296takgvwn4gojajtp",,,,,,
1984,PHI,SPEC,K,0,ACT,Paul McFadden,Paul,McFadden,1961-09-24,71,160,,,,,,,,,,,,"https://static.www.nfl.com/image/private/f_auto,q_auto/league/fi64dcsafphgmgk4bamp",,,,,,
1984,PHI,TE,TE,0,ACT,Vyto Kab,Vyto,Kab,1959-12-23,77,255,,,,,,,,,,,,"https://static.www.nfl.com/image/private/f_auto,q_auto/league/n9eafxj0tdlcvkcpsiwf",,,,,,
1984,WAS,RB,RB,0,ACT,Keith Griffin,Keith,Griffin,1961-10-26,68,185,,,,,,,,,,,,"https://static.www.nfl.com/image/private/f_auto,q_auto/league/vq2ypwneeo1fja6w9fm6",,,,,,
1984,RAI,WR,WR,0,ACT,Cleo Montgomery,Cleotha,Montgomery,1955-07-01,68,183,,,,,,,,,,,,"https://static.www.nfl.com/image/private/f_auto,q_auto/league/xsm3trvhar2oev9swayk",,,,,,
1984,PHI,WR,WR,0,ACT,Gregg Garrity,Gregg,Garrity,1960-11-24,70,171,,,,,,,,,,,,"https://static.www.nfl.com/image/private/f_auto,q_auto/league/i0shlm17zhyucjdgu5id",,,,,,
1984,PHI,WR,WR,0,ACT,Melvin Hoover,Melvin,Hoover,1959-09-21,72,185,,,,,,,,,,,,"https://static.www.nfl.com/image/private/f_auto,q_auto/league/av2aqvnwah80pbdvjjec",,,,,,
1984,STL,DB,S,0,ACT,Lee Nelson,Lee,Nelson,1954-01-30,70,185,,,,,,,,,,,,"https://static.www.nfl.com/image/private/f_auto,q_auto/league/djl4tnjptisenwosmllt",,,,,,
1984,PHI,WR,WR,0,ACT,Mike Quick,Michael,Quick,1959-05-14,74,190,,,,,,,,,,,,"https://static.www.nfl.com/image/private/f_auto,q_auto/league/pvgxk0hkyqmhu9txqmbk",,,,,,
1984,PHI,WR,WR,0,ACT,Tony Woodruff,Anthony,Woodruff,1958-11-12,72,178,,,,,,,,,,,,"https://static.www.nfl.com/image/private/f_auto,q_auto/league/rujpceniquiyazujes4i",,,,,,
1984,WAS,DB,DB,0,ACT,Anthony Washington,Anthony,Washington,1958-02-04,73,204,,,,,,,,,,,,"https://static.www.nfl.com/image/private/f_auto,q_auto/league/fjps2f3ix9sdhjvb0abg",,,,,,
1984,PIT,RB,RB,0,ACT,Fernandars Gillespie,Fernandars,Gillespie,1962-02-26,70,185,,,,,,,,,,,,"https://static.www.nfl.com/image/private/f_auto,q_auto/league/vo7h5yj5xqtvwwjxun9m",,,,,,
1984,PIT,DB,DB,0,ACT,Ron Johnson,Ronald,Johnson,1956-06-08,70,200,,,,,,,,,,,,"https://static.www.nfl.com/image/private/f_auto,q_auto/league/mtuhup2wbgttoodd2joh",,,,,,
1984,STL,DL,DE,0,ACT,Al Baker,James,Baker,1956-12-09,78,260,,,,,,,,,,,,"https://static.www.nfl.com/image/private/f_auto,q_auto/league/i0zkqgm5fbl8bxywu4gg",,,,,,
1984,STL,DL,DT,0,ACT,Ramsey Dardar,James,Dardar,1959-10-03,74,264,,,,,,,,,,,,"https://static.www.nfl.com/image/private/f_auto,q_auto/league/nvlmvkbhyxvgsbdsrdem",,,,,,
1984,STL,DL,DT,0,ACT,Mark Duda,Mark,Duda,1961-02-04,75,263,,,,,,,,,,,,"https://static.www.nfl.com/image/private/f_auto,q_auto/league/k4boond6cuch7mv75p3v",,,,,,
1984,PIT,DB,DB,0,ACT,Robert Williams,Robert,Williams,1962-09-26,71,202,,,,,,,,,,,,"https://static.www.nfl.com/image/private/f_auto,q_auto/league/way01vvoswbfmklbvfio",,,,,,
1984,RAM,DL,DE,0,ACT,Gary Jeter,Gary,Jeter,1955-01-24,76,250,,,,,,,,,,,,"https://static.www.nfl.com/image/private/f_auto,q_auto/league/i5txyjprureulz6gpasv",,,,,,
1984,PIT,DB,FS,0,ACT,Rick Woods,Rick,Woods,1959-11-16,72,196,,,,,,,,,,,,"https://static.www.nfl.com/image/private/f_auto,q_auto/league/cuaegoqqmazwchwkhwh3",,,,,,
1984,STL,DL,DE,0,ACT,Randy Holloway,Randolph,Holloway,1955-08-26,77,250,,,,,,,,,,,,"https://static.www.nfl.com/image/private/f_auto,q_auto/league/dy6cbceks80awuijxzsa",,,,,,
1984,PIT,DL,DE,0,ACT,Keith Gary,Keith,Gary,1959-09-14,75,255,,,,,,,,,,,,"https://static.www.nfl.com/image/private/f_auto,q_auto/league/xuxl1wooleeurd7rrffk",,,,,,
1984,RAM,DL,DE,0,ACT,Booker Reese,Booker,Reese,1959-09-20,78,260,,,,,,,,,,,,"https://static.www.nfl.com/image/private/f_auto,q_auto/league/xe8yz8fycmxjvcgxghec",,,,,,
1984,PIT,DL,DE,0,ACT,Ed Nelson,Edmund,Nelson,1960-04-30,75,247,,,,,,,,,,,,"https://static.www.nfl.com/image/private/f_auto,q_auto/league/fgorbcry6qyqrvbefpxc",,,,,,
1984,STL,LB,MLB,0,ACT,Kurt Allerman,Kurt,Allerman,1955-08-30,75,222,,,,,,,,,,,,"https://static.www.nfl.com/image/private/f_auto,q_auto/league/a5s2vjhjpwrhm7apmjp5",,,,,,
1984,STL,LB,OLB,0,ACT,Charles Baker,Charles,Baker,1957-09-26,74,217,,,,,,,,,,,,"https://static.www.nfl.com/image/private/f_auto,q_auto/league/fcwioz8vbuetynx896pq",,,,,,
1984,PIT,LB,ILB,0,ACT,Robin Cole,Robin,Cole,1955-09-11,74,220,,,,,,,,,,,,"https://static.www.nfl.com/image/private/f_auto,q_auto/league/xyazrxs5lh2xjqrwavfq",,,,,,
1984,RAM,LB,ILB,0,ACT,Carl Ekern,Carl,Ekern,1954-05-27,75,220,,,,,,,,,,,,"https://static.www.nfl.com/image/private/f_auto,q_auto/league/bbomvcnxlx10rbbwjisx",,,,,,
1984,WAS,LB,MLB,0,ACT,Neal Olkewicz,Neal,Olkewicz,1957-01-30,72,218,,,,,,,,,,,,"https://static.www.nfl.com/image/private/f_auto,q_auto/league/fsj1icdu1g3paonphq2m",,,,,,
1984,WAS,LB,LB,0,TRD,Jim Youngblood,James,Youngblood,1950-02-23,75,235,,,,,,,,,,,,"https://static.www.nfl.com/image/private/f_auto,q_auto/league/lsoeohtmoadr8kjekmf0",,,,,,
1984,SF,DB,DB,0,ACT,Tom Holmoe,Thomas,Holmoe,1960-03-07,74,180,,,,,,,,,,,,"https://static.www.nfl.com/image/private/f_auto,q_auto/league/kcijj4s0kcfhf7nk6ldq",,,,,,
1984,RAM,LB,OLB,0,ACT,Mel Owens,Mel,Owens,1958-12-07,74,224,,,,,,,,,,,,"https://static.www.nfl.com/image/private/f_auto,q_auto/league/fehnx0dqdsjq1efecskg",,,,,,
1984,STL,OL,G,0,ACT,Dan Audick,Daniel,Audick,1954-11-15,75,252,,,,,,,,,,,,"https://static.www.nfl.com/image/private/f_auto,q_auto/league/sefxwap9xg1e18s9mclg",,,,,,
1984,PIT,LB,LB,0,ACT,Todd Seabaugh,Raymond,Seabaugh,1961-03-16,76,225,,,,,,,,,,,,"https://static.www.nfl.com/image/private/f_auto,q_auto/league/tmvyvzcufuewjmzo8nwf",,,,,,
1984,STL,OL,C,0,ACT,Randy Clark,Randall,Clark,1957-07-27,75,254,,,,,,,,,,,,"https://static.www.nfl.com/image/private/f_auto,q_auto/league/sqnzgaeoim7brvdxx2sz",,,,,,
1984,PIT,OL,G,0,ACT,Emil Boures,Emil,Boures,1960-01-29,73,262,,,,,,,,,,,,"https://static.www.nfl.com/image/private/f_auto,q_auto/league/vpb7besojropzsxkiz2z",,,,,,
1984,STL,OL,OT,0,ACT,Art Plunkett,Arthur,Plunkett,1959-03-08,79,260,,,,,,,,,,,,"https://static.www.nfl.com/image/private/f_auto,q_auto/league/yfy1juyjg9lnrmuluzy2",,,,,,
1984,RAM,OL,G,0,ACT,Kent Hill,Kent,Hill,1957-03-07,77,260,,,,,,,,,,,,"https://static.www.nfl.com/image/private/f_auto,q_auto/league/jpgb3wdvjh00on4ioi4o",,,,,,
1984,WAS,OL,OT,0,ACT,George Starke,George,Starke,1948-07-18,77,260,,,,,,,,,,,,"https://static.www.nfl.com/image/private/f_auto,q_auto/league/jqmy4me5lcrv0opyiy9a",,,,,,
1984,SEA,OL,OT,0,ACT,Bob Cryder,Robert,Cryder,1956-09-07,76,284,,,,,,,,,,,,"https://static.www.nfl.com/image/private/f_auto,q_auto/league/fiu2h92orzdegixijksr",,,,,,
1984,WAS,OL,G,0,ACT,J.T. Turner,James,Turner,1953-04-17,75,253,,,,,,,,,,,,"https://static.www.nfl.com/image/private/f_auto,q_auto/league/ibuxo2qi6xiitqcv6k7e",,,,,,
1984,STL,QB,QB,0,ACT,Neil Lomax,Neil,Lomax,1959-02-17,75,215,,,,,,,,,,,,"https://static.www.nfl.com/image/private/f_auto,q_auto/league/hicme3xr4rub1jc6ixsr",,,,,,
1984,STL,QB,QB,0,ACT,Kyle Mackey,Kyle,Mackey,1962-03-02,75,220,,,,,,,,,,,,"https://static.www.nfl.com/image/private/f_auto,q_auto/league/fxqckdmlnhhnjnlymmwo",,,,,,
1984,STL,QB,QB,0,ACT,Rick McIvor,Richard,McIvor,1960-09-26,76,210,,,,,,,,,,,,"https://static.www.nfl.com/image/private/f_auto,q_auto/league/omuakrcxp0hi9oelm5h9",,,,,,
1984,RAI,LB,OLB,0,ACT,Stan Adams,Stanley,Adams,1960-05-22,74,215,,,,,,,,,,,,"https://static.www.nfl.com/image/private/f_auto,q_auto/league/aqb8yo0fxath56pzaokp",,,,,,
1984,RAI,LB,OLB,0,ACT,Jeff Barnes,Jeffrey,Barnes,1955-03-01,74,215,,,,,,,,,,,,"https://static.www.nfl.com/image/private/f_auto,q_auto/league/g7ynrior0ce6kvqneu3n",,,,,,
1984,PIT,QB,QB,0,ACT,Scott Campbell,Robert,Campbell,1962-04-15,72,201,,,,,,,,,,,,"https://static.www.nfl.com/image/private/f_auto,q_auto/league/ltcpr2wxnwcqgq60fm5p",,,,,,
1984,PIT,QB,QB,0,ACT,Mark Malone,Mark,Malone,1958-11-22,76,223,,,,,,,,,,,,"https://static.www.nfl.com/image/private/f_auto,q_auto/league/ey0kryydkdjgkhv1qnaq",,,,,,
1984,WAS,RB,RB,0,ACT,Joe Washington,Joe,Washington,1953-09-24,70,179,,,,,,,,,,,,"https://static.www.nfl.com/image/private/f_auto,q_auto/league/s3g5nwoh8qgn2ecsrhhm",,,,,,
1984,WAS,RB,RB,0,ACT,Otis Wonsley,Otis,Wonsley,1957-08-13,70,214,,,,,,,,,,,,"https://static.www.nfl.com/image/private/f_auto,q_auto/league/zi62svljnjzuhwjuv3j6",,,,,,
1984,RAM,RB,RB,0,ACT,John Kamana,John,Kamana,1961-12-03,74,215,,,,,,,,,,,,"https://static.www.nfl.com/image/private/f_auto,q_auto/league/f10ptl4560ygypzujzck",,,,,,
1984,STL,SPEC,P,0,ACT,Carl Birdsong,George,Birdsong,1959-01-01,72,192,,,,,,,,,,,,"https://static.www.nfl.com/image/private/f_auto,q_auto/league/flek8qed6tbsmfrkncy3",,,,,,
1984,SD,LB,OLB,0,ACT,Linden King,Linden,King,1955-06-28,76,217,,,,,,,,,,,,"https://static.www.nfl.com/image/private/f_auto,q_auto/league/riaec3wopxjjqbwpyahl",,,,,,
1984,PIT,RB,RB,0,ACT,Frank Pollard,Frank,Pollard,1957-06-15,70,210,,,,,,,,,,,,"https://static.www.nfl.com/image/private/f_auto,q_auto/league/osvclb4mi0mzcrenduhh",,,,,,
1984,WAS,TE,TE,0,ACT,Anthony Jones,Anthony,Jones,1960-05-16,75,248,,,,,,,,,,,,"https://static.www.nfl.com/image/private/f_auto,q_auto/league/zekkothcamncoozinxbp",,,,,,
1984,STL,TE,TE,0,ACT,Doug Marsh,Douglas,Marsh,1958-06-18,75,236,,,,,,,,,,,,"https://static.www.nfl.com/image/private/f_auto,q_auto/league/wrxxqaixxlspjflqxxri",,,,,,
1984,RAM,TE,TE,0,ACT,David Hill,David,Hill,1954-01-01,74,220,,,,,,,,,,,,"https://static.www.nfl.com/image/private/f_auto,q_auto/league/cuasnlb47l6i9wqkyp4h",,,,,,
1984,RAM,TE,TE,0,ACT,James McDonald,James,McDonald,1961-03-29,77,218,,,,,,,,,,,,"https://static.www.nfl.com/image/private/f_auto,q_auto/league/mievza4cra7tgia8eifb",,,,,,
1984,PIT,TE,TE,0,ACT,Bennie Cunningham,Bennie,Cunningham,1954-12-23,77,260,,,,,,,,,,,,"https://static.www.nfl.com/image/private/f_auto,q_auto/league/x2yyg64ukdf2rbi7ucgs",,,,,,
1984,PIT,TE,TE,0,ACT,Chris Kolodziejski,Christopher,Kolodziejski,1961-02-05,75,231,,,,,,,,,,,,"https://static.www.nfl.com/image/private/f_auto,q_auto/league/b60vozk5k5xxh2xtxu4r",,,,,,
1984,WAS,WR,WR,0,ACT,Rich Mauti,Richard,Mauti,1954-05-25,72,190,,,,,,,,,,,,"https://static.www.nfl.com/image/private/f_auto,q_auto/league/m2a03detdjubjkfkjesy",,,,,,
1984,WAS,WR,WR,0,ACT,Mark McGrath,Mark,McGrath,1957-12-17,71,175,,,,,,,,,,,,"https://static.www.nfl.com/image/private/f_auto,q_auto/league/hr9fodvrzzw1cm65h7gn",,,,,,
1984,PIT,WR,WR,0,ACT,Wayne Capers,Wayne,Capers,1961-05-17,74,193,,,,,,,,,,,,"https://static.www.nfl.com/image/private/f_auto,q_auto/league/ucnitles8qhycu1thxvr",,,,,,
1984,TB,DB,FS,0,ACT,Cedric Brown,Cedric,Brown,1954-05-06,73,199,,,,,,,,,,,,"https://static.www.nfl.com/image/private/f_auto,q_auto/league/qviq1lffqmprehgpnlef",,,,,,
1984,SF,OL,OT,0,ACT,Billy Shields,William,Shields,1953-08-23,80,284,,,,,,,,,,,,"https://static.www.nfl.com/image/private/f_auto,q_auto/league/oticxphkr2dfqlzsqdle",,,,,,
1984,TB,DB,DB,0,ACT,Randy Clark,Randall,Clark,1962-02-18,72,195,,,,,,,,,,,,"https://static.www.nfl.com/image/private/f_auto,q_auto/league/jltnvbvotrbbf8t4tprr",,,,,,
1984,SD,DB,DB,0,ACT,Scott Byers,Norman,Byers,1958-07-03,71,170,,,,,,,,,,,,"https://static.www.nfl.com/image/private/f_auto,q_auto/league/gvajc5lzjvdw5qtpuwav",,,,,,
1984,SEA,WR,WR,0,ACT,Byron Walker,Byron,Walker,1960-07-28,76,190,,,,,,,,,,,,"https://static.www.nfl.com/image/private/f_auto,q_auto/league/r13d9t4u5sjrfmxycw5w",,,,,,
1984,SD,DB,DB,0,TRD,Mike Dennis,Michael,Dennis,1958-06-06,70,190,,,,,,,,,,,,"https://static.www.nfl.com/image/private/f_auto,q_auto/league/su0zom0gsngx0hyh3b6l",,,,,,
1984,RAI,DB,S,0,ACT,Mike Davis,Michael,Davis,1956-04-15,75,200,,,,,,,,,,,,"https://static.www.nfl.com/image/private/f_auto,q_auto/league/t6cdos1gbq91hlqukiln",,,,,,
1984,SF,RB,RB,0,ACT,Dana McLemore,Dana,McLemore,1960-07-01,70,183,,,,,,,,,,,,"https://static.www.nfl.com/image/private/f_auto,q_auto/league/qqo8bmobqyqgtxxkbqkw",,,,,,
1984,RAI,DB,CB,0,ACT,Mike Haynes,Michael,Haynes,1953-07-01,74,189,,,,,,,,,,,,"https://static.www.nfl.com/image/private/f_auto,q_auto/league/ettsvjeegh7sxuajvy1m",,,,,,
1984,TB,DB,DB,0,ACT,Mike Washington,Michael,Washington,1953-07-01,74,197,,,,,,,,,,,,"https://static.www.nfl.com/image/private/f_auto,q_auto/league/mv0tazy4ajfudzgcklqr",,,,,,
1984,TB,DL,DT,0,ACT,Byron Braggs,Byron,Braggs,1959-10-10,76,290,,,,,,,,,,,,"https://static.www.nfl.com/image/private/f_auto,q_auto/league/cmzjsdpoeenuf6eiasae",,,,,,
1984,SD,DB,FS,0,ACT,Miles McPherson,Miles,McPherson,1960-03-30,71,175,,,,,,,,,,,,"https://static.www.nfl.com/image/private/f_auto,q_auto/league/chls3dbggyfbg6hlxfd0",,,,,,
1984,RAI,DB,DB,0,ACT,Ted Watts,Ted,Watts,1959-05-29,72,195,,,,,,,,,,,,"https://static.www.nfl.com/image/private/f_auto,q_auto/league/zs3gjrqccqwzaz9oe3d6",,,,,,
1984,TB,DL,DE,0,ACT,Phil Darns,Phillip,Darns,1959-07-27,75,245,,,,,,,,,,,,"https://static.www.nfl.com/image/private/f_auto,q_auto/league/jkhzzj2o82f02uv0n8le",,,,,,
1984,TB,DL,DE,0,TRC,Brison Manor,Brison,Manor,1952-08-10,76,247,,,,,,,,,,,,"https://static.www.nfl.com/image/private/f_auto,q_auto/league/hutmzmcx02uqcpuuq9fn",,,,,,
1984,RAI,DL,DE,0,ACT,Greg Boyd,Gregory,Boyd,1952-09-15,78,274,,,,,,,,,,,,"https://static.www.nfl.com/image/private/f_auto,q_auto/league/ioldsiavuexz9wqzb7kg",,,,,,
1984,TB,DL,NT,0,ACT,Karl Morgan,Michael,Morgan,1961-02-23,73,255,,,,,,,,,,,,"https://static.www.nfl.com/image/private/f_auto,q_auto/league/yv1t2cqux3pyg2etzjlc",,,,,,
1984,RAI,DL,NT,0,ACT,Reggie Kinlaw,Reginald,Kinlaw,1957-01-09,74,240,,,,,,,,,,,,"https://static.www.nfl.com/image/private/f_auto,q_auto/league/xlr6nppk3k2pexlsrrm3",,,,,,
1984,SF,DL,DE,0,ACT,Jeff Stover,Jeffrey,Stover,1958-05-22,77,275,,,,,,,,,,,,"https://static.www.nfl.com/image/private/f_auto,q_auto/league/koyh66zzkjujfnbr4svf",,,,,,
1984,SD,DL,DE,0,ACT,Chuck Ehin,Charles,Ehin,1961-07-01,76,255,,,,,,,,,,,,"https://static.www.nfl.com/image/private/f_auto,q_auto/league/v8xrmmxc1e6puzqpnz7j",,,,,,
1984,TB,LB,ILB,0,ACT,Jeff Davis,Jeffrey,Davis,1960-01-26,72,225,,,,,,,,,,,,"https://static.www.nfl.com/image/private/f_auto,q_auto/league/zibthakzlzm2lbf9pyor",,,,,,
1984,RAI,WR,WR,0,ACT,Malcolm Barnwell,Malcolm,Barnwell,1958-06-28,71,180,,,,,,,,,,,,"https://static.www.nfl.com/image/private/f_auto,q_auto/league/u7nsmtf5bly13q891ada",,,,,,
1984,RAI,WR,WR,0,ACT,Cliff Branch,Clifford,Branch,1948-08-01,71,170,,,,,,,,,,,,"https://static.www.nfl.com/image/private/f_auto,q_auto/league/ldgr9ahzhwqvujkxtsxi",,,,,,
1984,TB,LB,LB,0,ACT,Danny Spradlin,Daniel,Spradlin,1959-03-03,73,241,,,,,,,,,,,,"https://static.www.nfl.com/image/private/f_auto,q_auto/league/wvwmo6ch8zfn7lbxmdnp",,,,,,
1984,TB,LB,LB,0,ACT,Robert Thompson,Robert,Thompson,1960-02-04,75,221,,,,,,,,,,,,"https://static.www.nfl.com/image/private/f_auto,q_auto/league/qs9krfllzjbualzogmqw",,,,,,
1984,SD,DL,DE,0,ACT,Fred Robinson,Fred,Robinson,1961-10-22,76,240,,,,,,,,,,,,"https://static.www.nfl.com/image/private/f_auto,q_auto/league/qelczsjtnozqosydml2n",,,,,,
1984,RAI,LB,LB,0,ACT,Larry McCoy,Larry,McCoy,1961-08-12,74,235,,,,,,,,,,,,"https://static.www.nfl.com/image/private/f_auto,q_auto/league/dtqpauxycz0z7iyy4qjw",,,,,,
1984,RAI,LB,LB,0,ACT,Mark Merrill,Mark,Merrill,1955-05-05,76,237,,,,,,,,,,,,"https://static.www.nfl.com/image/private/f_auto,q_auto/league/qblopnveeee9huu9ajlv",,,,,,
1984,SD,LB,ILB,0,ACT,Mike Green,Michael,Green,1961-06-29,72,226,,,,,,,,,,,,"https://static.www.nfl.com/image/private/f_auto,q_auto/league/cyxdrt6fdi3uiomhwhdp",,,,,,
1984,WAS,DB,DB,0,ACT,Ricky Smith,Ricky,Smith,1960-07-20,72,174,,,,,,,,,,,,"https://static.www.nfl.com/image/private/f_auto,q_auto/league/bgljjcswoaxhcw7hvhsu",,,,,,
1984,SEA,DB,DB,0,ACT,Don Dufek,Donald,Dufek,1954-04-28,72,195,,,,,,,,,,,,"https://static.www.nfl.com/image/private/f_auto,q_auto/league/zvovsb1lntarbuoo4rf7",,,,,,
1984,RAM,DB,FS,0,ACT,Johnnie Johnson,Johnnie,Johnson,1956-10-08,73,185,,,,,,,,,,,,"https://static.www.nfl.com/image/private/f_auto,q_auto/league/leitspb10cqqdcxdzcvp",,,,,,
1984,STL,DB,DB,0,ACT,Bill Whitaker,William,Whitaker,1959-11-18,72,182,,,,,,,,,,,,"https://static.www.nfl.com/image/private/f_auto,q_auto/league/aqolsibk0ca5eyewxzft",,,,,,
1984,RAM,DB,DB,0,ACT,Ivory Sully,Ivory,Sully,1957-06-20,72,201,,,,,,,,,,,,"https://static.www.nfl.com/image/private/f_auto,q_auto/league/qzdk92spd8wjnlygvczo",,,,,,
1984,SF,OL,OT,0,ACT,Keith Fahnhorst,Keith,Fahnhorst,1952-02-06,78,273,,,,,,,,,,,,"https://static.www.nfl.com/image/private/f_auto,q_auto/league/tjpnvgomx04j6yscyeyv",,,,,,
1984,RAI,OL,G,0,ACT,Charley Hannah,Charles,Hannah,1955-07-26,77,250,,,,,,,,,,,,"https://static.www.nfl.com/image/private/f_auto,q_auto/league/zerjhs64kerhyqstj13f",,,,,,
1984,TB,OL,C,0,ACT,Steve Wilson,Steven,Wilson,1954-05-19,76,265,,,,,,,,,,,,"https://static.www.nfl.com/image/private/f_auto,q_auto/league/fwdivc8bwxgm6iyxqzlu",,,,,,
1984,SD,OL,OT,0,ACT,Sam Claphan,Samuel,Claphan,1956-10-10,78,267,,,,,,,,,,,,"https://static.www.nfl.com/image/private/f_auto,q_auto/league/e9otfsmhxollmhveqcxh",,,,,,
1984,SD,OL,OT,0,ACT,Andrew Gissinger,Andrew,Gissinger,1959-07-04,77,280,,,,,,,,,,,,"https://static.www.nfl.com/image/private/f_auto,q_auto/league/ledgnzpwmvgsgzg2kyai",,,,,,
1984,TB,QB,QB,0,ACT,Jack Thompson,Jack,Thompson,1956-05-19,75,217,,,,,,,,,,,,"https://static.www.nfl.com/image/private/f_auto,q_auto/league/bhudzwjqrqr6xkl6ljvp",,,,,,
1984,SEA,DL,DT,0,ACT,Mike Fanning,Michael,Fanning,1953-02-02,78,255,,,,,,,,,,,,"https://static.www.nfl.com/image/private/f_auto,q_auto/league/mt0j12pn9nsm6o61rfgp",,,,,,
1984,WAS,LB,LB,0,ACT,Pete Cronan,Peter,Cronan,1955-01-13,74,238,,,,,,,,,,,,"https://static.www.nfl.com/image/private/f_auto,q_auto/league/n9vkxjhxczjkmcbi33oe",,,,,,
1984,RAI,OL,C,0,TRD,Jim Romano,James,Romano,1959-09-07,75,260,,,,,,,,,,,,"https://static.www.nfl.com/image/private/f_auto,q_auto/league/b6ubyuz6y1ghtk0iuc23",,,,,,
1984,RAI,OL,C,0,ACT,Dwight Wheeler,Dwight,Wheeler,1955-01-13,75,269,,,,,,,,,,,,"https://static.www.nfl.com/image/private/f_auto,q_auto/league/wkcm9kjpjsjigdrzywqw",,,,,,
1984,SD,OL,G,0,ACT,Doug Wilkerson,Douglas,Wilkerson,1947-03-27,75,253,,,,,,,,,,,,"https://static.www.nfl.com/image/private/f_auto,q_auto/league/mqcwnq2zwolsrazxbvpk",,,,,,
1984,RAI,QB,QB,0,ACT,David Humm,David,Humm,1952-04-02,74,188,,,,,,,,,,,,"https://static.www.nfl.com/image/private/f_auto,q_auto/league/jmsabgyygnp8aig2qpfr",,,,,,
1984,SD,QB,QB,0,ACT,Ed Luther,Edward,Luther,1957-01-02,75,206,,,,,,,,,,,,"https://static.www.nfl.com/image/private/f_auto,q_auto/league/p8bumbsjftk9d56tszhc",,,,,,
1984,SEA,LB,OLB,0,ACT,Michael Jackson,Michael,Jackson,1957-07-15,73,220,,,,,,,,,,,,"https://static.www.nfl.com/image/private/f_auto,q_auto/league/oeobxp6vgnqkpscy63nz",,,,,,
1984,SF,RB,RB,0,ACT,Carl Monroe,Carl,Monroe,1960-02-20,68,166,,,,,,,,,,,,"https://static.www.nfl.com/image/private/f_auto,q_auto/league/vkd8i4yrx9l0si81ufu2",,,,,,
1984,TB,SPEC,P,0,ACT,Frank Garcia,Frank,Garcia,1957-06-05,72,190,,,,,,,,,,,,"https://static.www.nfl.com/image/private/f_auto,q_auto/league/lskchxaikxpjnurhrlf2",,,,,,
1984,SD,RB,RB,0,TRD,Pete Johnson,Pete,Johnson,1954-03-02,72,252,,,,,,,,,,,,"https://static.www.nfl.com/image/private/f_auto,q_auto/league/n23sixte23zak5c7vrfq",,,,,,
1984,RAI,RB,RB,0,ACT,Kenny King,Kenneth,King,1957-03-07,71,203,,,,,,,,,,,,"https://static.www.nfl.com/image/private/f_auto,q_auto/league/xtpielom7uqyojclylvf",,,,,,
1984,RAI,RB,RB,0,ACT,Joe McCall,Joseph,McCall,1962-02-17,71,205,,,,,,,,,,,,"https://static.www.nfl.com/image/private/f_auto,q_auto/league/vlqybale2qiuue4tjikj",,,,,,
1984,RAI,RB,RB,0,ACT,Greg Pruitt,Gregory,Pruitt,1951-08-18,70,190,,,,,,,,,,,,"https://static.www.nfl.com/image/private/f_auto,q_auto/league/kcfhqaxhwtew8qinlxxu",,,,,,
1984,TB,WR,WR,0,ACT,Theo Bell,Theopolis,Bell,1953-12-21,72,190,,,,,,,,,,,,"https://static.www.nfl.com/image/private/f_auto,q_auto/league/tx2pk2nufpwqwlli4nmu",,,,,,
1984,SF,DL,DE,0,ACT,Fred Dean,Frederick,Dean,1952-02-24,75,224,,,,,,,,,,,,"https://static.www.nfl.com/image/private/f_auto,q_auto/league/i435t5xtxdtfv7yyfpck",,,,,,
1984,TB,WR,WR,0,ACT,Dwayne Dixon,Dwayne,Dixon,1962-08-02,73,205,,,,,,,,,,,,"https://static.www.nfl.com/image/private/f_auto,q_auto/league/ywfoipgktekdriiaaamy",,,,,,
1984,SF,TE,TE,0,ACT,John Frank,John,Frank,1962-04-17,75,225,,,,,,,,,,,,"https://static.www.nfl.com/image/private/f_auto,q_auto/league/slig7hpqqmrcafjuruxw",,,,,,
1984,RAI,TE,TE,0,ACT,Dave Casper,David,Casper,1951-09-26,76,240,,,,,,,,,,,,"https://static.www.nfl.com/image/private/f_auto,q_auto/league/njpwjyzxtmgh7jt6oznj",,,,,,
1984,STL,OL,G,0,ACT,Terry Stieve,Terrence,Stieve,1954-03-10,74,256,,,,,,,,,,,,"https://static.www.nfl.com/image/private/f_auto,q_auto/league/helhzjz79a3bui5gnbde",,,,,,
1984,RAI,TE,TE,0,ACT,Andy Parker,Andrew,Parker,1961-09-08,77,235,,,,,,,,,,,,"https://static.www.nfl.com/image/private/f_auto,q_auto/league/r7guom5y83wt3lsgw1jc",,,,,,
1984,RAM,QB,QB,0,ACT,Steve Dils,Stephen,Dils,1955-12-08,73,190,,,,,,,,,,,,"https://static.www.nfl.com/image/private/f_auto,q_auto/league/ih0z25eoj7ommwssthmv",,,,,,
1984,SD,TE,TE,0,ACT,Bobby Micho,Robert,Micho,1962-03-07,75,227,,,,,,,,,,,,"https://static.www.nfl.com/image/private/f_auto,q_auto/league/qfbiqsmzdeeljyxazrwh",,,,,,
1984,SD,TE,TE,0,ACT,Kellen Winslow,Kellen,Winslow,1957-11-05,77,251,,,,,,,,,,,,"https://static.www.nfl.com/image/private/f_auto,q_auto/league/dcashdpfhfh8bp4cbjg6",,,,,,
1984,WAS,DB,FS,0,ACT,Curtis Jordan,Curtis,Jordan,1954-01-25,74,182,,,,,,,,,,,,"https://static.www.nfl.com/image/private/f_auto,q_auto/league/vydzo5rlogpkm4yd50cz",,,,,,
1984,RAI,WR,WR,0,ACT,Dokie Williams,Darryl,Williams,1960-08-25,71,180,,,,,,,,,,,,"https://static.www.nfl.com/image/private/f_auto,q_auto/league/zd5ryslofca9fhhhubiu",,,,,,
1984,RAM,DB,FS,0,ACT,Nolan Cromwell,Nolan,Cromwell,1955-01-30,73,200,,,,,,,,,,,,"https://static.www.nfl.com/image/private/f_auto,q_auto/league/ay0enkhpn1xqzybzpw9b",,,,,,
1984,RAM,DB,DB,0,ACT,David Croudip,David,Croudip,1958-01-25,68,183,,,,,,,,,,,,"https://static.www.nfl.com/image/private/f_auto,q_auto/league/vdqz7d3kqdgyoy4hgmae",,,,,,
1984,RAM,DB,CB,0,ACT,Gary Green,Gary,Green,1955-10-22,71,184,,,,,,,,,,,,"https://static.www.nfl.com/image/private/f_auto,q_auto/league/eddzsdtweelnt5qzs7x4",,,,,,
1984,WAS,SPEC,K,0,ACT,Mark Moseley,Mark,Moseley,1948-03-12,71,202,,,,,,,,,,,,"https://static.www.nfl.com/image/private/f_auto,q_auto/league/e0nazvgxlhpugswjaxjf",,,,,,
1984,WAS,TE,TE,0,TRC,Walt Arnold,Walter,Arnold,1958-08-31,75,225,,,,,,,,,,,,"https://static.www.nfl.com/image/private/f_auto,q_auto/league/igfwjyq3r76sivzxhozz",,,,,,
1984,RAM,SPEC,P,0,ACT,John Misko,John,Misko,1954-10-01,77,207,,,,,,,,,,,,"https://static.www.nfl.com/image/private/f_auto,q_auto/league/n4shrieqycuuwkh1ph5y",,,,,,
1984,SEA,RB,RB,0,ACT,Randall Morris,Randall,Morris,1961-04-22,72,200,,,,,,,,,,,,"https://static.www.nfl.com/image/private/f_auto,q_auto/league/gswk4uibf1hi0eavljpd",,,,,,
1984,RAM,TE,TE,0,ACT,Chris Faulkner,Christopher,Faulkner,1960-04-13,76,260,,,,,,,,,,,,"https://static.www.nfl.com/image/private/f_auto,q_auto/league/gjrs4gbxsj3ppn7u1rbr",,,,,,
1984,RAM,DL,DT,0,ACT,Charles DeJurnett,Charles,DeJurnett,1952-06-17,76,270,,,,,,,,,,,,"https://static.www.nfl.com/image/private/f_auto,q_auto/league/iu2kszd5kcd7v4zvszkc",,,,,,
1984,RAM,DL,DE,0,ACT,Reggie Doss,Reginald,Doss,1956-12-07,76,256,,,,,,,,,,,,"https://static.www.nfl.com/image/private/f_auto,q_auto/league/svvp7ixgbecrpmwm1phr",,,,,,
1984,STL,DL,DT,0,ACT,David Galloway,David,Galloway,1959-02-16,75,277,,,,,,,,,,,,"https://static.www.nfl.com/image/private/f_auto,q_auto/league/ed43vbfsgzxaueanz5ux",,,,,,
1984,STL,DL,DE,0,ACT,Curtis Greer,Curtis,Greer,1957-11-10,76,252,,,,,,,,,,,,"https://static.www.nfl.com/image/private/f_auto,q_auto/league/f44ygjh48cg6tgzujui9",,,,,,
1984,STL,DL,DT,0,ACT,Elois Grooms,Elois,Grooms,1953-05-20,76,240,,,,,,,,,,,,"https://static.www.nfl.com/image/private/f_auto,q_auto/league/vp1ztbeclwwnmxwqmjw3",,,,,,
1984,RAM,DL,DE,0,ACT,Doug Reed,Douglass,Reed,1960-07-16,75,250,,,,,,,,,,,,"https://static.www.nfl.com/image/private/f_auto,q_auto/league/yond95dnmx6caydikdya",,,,,,
1984,RAM,WR,WR,0,ACT,Otis Grant,Otis,Grant,1961-08-13,75,197,,,,,,,,,,,,"https://static.www.nfl.com/image/private/f_auto,q_auto/league/szf7usafrw6kgwwtrjhv",,,,,,
1984,WAS,WR,WR,0,ACT,Calvin Muhammad,Calvin,Muhammad,1958-12-10,71,185,,,,,,,,,,,,"https://static.www.nfl.com/image/private/f_auto,q_auto/league/o6iowolnyrjf1eo7s6ol",,,,,,
1984,STL,LB,LB,0,ACT,Dave Ahrens,David,Ahrens,1958-12-05,75,228,,,,,,,,,,,,"https://static.www.nfl.com/image/private/f_auto,q_auto/league/bphxkrqjkwi87hl47ign",,,,,,
1984,RAM,WR,WR,0,ACT,Mike Pleasant,Michael,Pleasant,1955-08-16,74,193,,,,,,,,,,,,"https://static.www.nfl.com/image/private/f_auto,q_auto/league/lzjs7et63gizqjtbml3x",,,,,,
1984,RAM,LB,ILB,0,ACT,Jim Collins,James,Collins,1958-06-11,74,230,,,,,,,,,,,,"https://static.www.nfl.com/image/private/f_auto,q_auto/league/tn6ofooihei577gdokbf",,,,,,
1984,STL,LB,LB,0,ACT,Billy Davis,William,Davis,1961-12-06,76,210,,,,,,,,,,,,"https://static.www.nfl.com/image/private/f_auto,q_auto/league/icerltgtil6eoe1o6lqr",,,,,,
1984,SEA,LB,OLB,0,ACT,Greg Gaines,Gregory,Gaines,1958-10-16,75,202,,,,,,,,,,,,"https://static.www.nfl.com/image/private/f_auto,q_auto/league/s8qpssedprajbttcjg2c",,,,,,
1984,SD,DB,FS,0,ACT,Tim Fox,Timothy,Fox,1953-11-01,71,186,,,,,,,,,,,,"https://static.www.nfl.com/image/private/f_auto,q_auto/league/jdmydp4lk5lxjlstj601",,,,,,
1984,TB,DB,CB,0,ACT,John Holt,John,Holt,1959-05-14,71,180,,,,,,,,,,,,"https://static.www.nfl.com/image/private/f_auto,q_auto/league/gyl0krupsemphzonor93",,,,,,
1984,SEA,LB,LB,0,ACT,Sam Merriman,Samuel,Merriman,1961-05-05,75,225,,,,,,,,,,,,"https://static.www.nfl.com/image/private/f_auto,q_auto/league/ztkwpn0nsvxlkju5aarz",,,,,,
1984,WAS,OL,C,0,ACT,Rick Donnalley,William,Donnalley,1958-12-11,74,247,,,,,,,,,,,,"https://static.www.nfl.com/image/private/f_auto,q_auto/league/za0uzp1gumscwci4vjat",,,,,,
1984,SEA,LB,OLB,0,ACT,Bruce Scholtz,Bruce,Scholtz,1958-09-26,78,240,,,,,,,,,,,,"https://static.www.nfl.com/image/private/f_auto,q_auto/league/uc3s4qzbabylveaa7jtf",,,,,,
1984,STL,OL,G,0,ACT,Joe Bostic,Joe,Bostic,1957-04-20,75,265,,,,,,,,,,,,"https://static.www.nfl.com/image/private/f_auto,q_auto/league/yb00dd3oj0xxjwjgrgf2",,,,,,
1984,WAS,OL,G,0,ACT,Bruce Kimball,Bruce,Kimball,1956-08-19,74,260,,,,,,,,,,,,"https://static.www.nfl.com/image/private/f_auto,q_auto/league/fsjgrystflubasazxtzn",,,,,,
1984,SD,RB,RB,0,ACT,Chuck Muncie,Harry,Muncie,1953-03-17,75,227,,,,,,,,,,,,"https://static.www.nfl.com/image/private/f_auto,q_auto/league/mpmj684cfreiqk9vmxzi",,,,,,
1984,SD,RB,RB,0,ACT,Jewerl Thomas,Jewerl,Thomas,1957-09-10,70,230,,,,,,,,,,,,"https://static.www.nfl.com/image/private/f_auto,q_auto/league/a82vgxl1p2nhasvhfhrp",,,,,,
1984,SD,DB,CB,0,ACT,Danny Walters,Daniel,Walters,1960-11-04,73,180,,,,,,,,,,,,"https://static.www.nfl.com/image/private/f_auto,q_auto/league/bu1vbrn51f8zkcuatmo6",,,,,,
1984,SF,TE,TE,0,ACT,Russ Francis,Russell,Francis,1953-04-03,78,240,,,,,,,,,,,,"https://static.www.nfl.com/image/private/f_auto,q_auto/league/mery59a5g4kfrlcm9rax",,,,,,
1984,SF,DL,DE,0,ACT,Lawrence Pillers,Lawrence,Pillers,1952-11-04,76,250,,,,,,,,,,,,"https://static.www.nfl.com/image/private/f_auto,q_auto/league/tzugceb3oqf1kmddr4jj",,,,,,
1984,TB,DL,DE,0,ACT,Lee Roy Selmon,Lee Roy,Selmon,1954-10-20,75,256,,,,,,,,,,,,"https://static.www.nfl.com/image/private/f_auto,q_auto/league/wkbsaelqyvvqjny5xknk",,,,,,
1984,RAM,OL,C,0,ACT,Doug Smith,Carl,Smith,1956-11-25,75,253,,,,,,,,,,,,"https://static.www.nfl.com/image/private/f_auto,q_auto/league/miuu0h5m724kzi8d2s9c",,,,,,
1984,SF,DL,NT,0,ACT,Manu Tuiasosopo,Manu'ula,Tuiasosopo,1957-08-30,75,252,,,,,,,,,,,,"https://static.www.nfl.com/image/private/f_auto,q_auto/league/uhg9qlh1qthle7qt5ce5",,,,,,
1984,WAS,QB,QB,0,ACT,Joe Theismann,Joseph,Theismann,1949-09-09,72,184,,,,,,,,,,,,"https://static.www.nfl.com/image/private/f_auto,q_auto/league/eota6vsxtdaefkrs0oie",,,,,,
1984,SD,TE,TE,0,ACT,Eric Sievers,Eric,Sievers,1957-11-09,76,236,,,,,,,,,,,,"https://static.www.nfl.com/image/private/f_auto,q_auto/league/wy2fwgtut1e5scsyb5ib",,,,,,
1984,SD,DL,NT,0,ACT,Rickey Hagood,Rickey,Hagood,1961-04-24,74,286,,,,,,,,,,,,"https://static.www.nfl.com/image/private/f_auto,q_auto/league/bckzk1stllj8o4bu0kxb",,,,,,
1984,WAS,RB,RB,0,TRD,Jimmy Smith,James,Smith,1960-09-25,72,195,,,,,,,,,,,,"https://static.www.nfl.com/image/private/f_auto,q_auto/league/dlqkc311vewzhoptt9xf",,,,,,
1984,SEA,RB,RB,0,ACT,Cullen Bryant,William,Bryant,1951-05-20,73,210,,,,,,,,,,,,"https://static.www.nfl.com/image/private/f_auto,q_auto/league/mdok1lltawqo9jylcyyq",,,,,,
1984,STL,RB,RB,0,ACT,Randy Love,Randy,Love,1956-09-30,73,205,,,,,,,,,,,,"https://static.www.nfl.com/image/private/f_auto,q_auto/league/spec3slpfhremzlppose",,,,,,
1984,SEA,RB,RB,0,ACT,Dan Doornink,Daniel,Doornink,1956-02-01,75,210,,,,,,,,,,,,"https://static.www.nfl.com/image/private/f_auto,q_auto/league/h3ruav3buu8wlsdjjovm",,,,,,
1984,SF,LB,ILB,0,ACT,Jack Reynolds,John,Reynolds,1947-11-22,73,232,,,,,,,,,,,,"https://static.www.nfl.com/image/private/f_auto,q_auto/league/ffb1h2cxjxe5hugtjoya",,,,,,
1984,STL,RB,RB,0,ACT,Quentin Walker,LaQuentin,Walker,1961-08-27,73,205,,,,,,,,,,,,"https://static.www.nfl.com/image/private/f_auto,q_auto/league/hnsitnhvmz871g1v5bie",,,,,,
1984,STL,DB,CB,0,ACT,Wayne Smith,Wayne,Smith,1957-05-09,72,175,,,,,,,,,,,,"https://static.www.nfl.com/image/private/f_auto,q_auto/league/npiq2liipmirrhrvtwgi",,,,,,
1984,SEA,DB,S,0,ACT,Kenny Easley,Kenneth,Easley,1959-01-15,75,206,,,,,,,,,,,,"https://static.www.nfl.com/image/private/f_auto,q_auto/league/acj2ycvkxytlvzjdjucv",,,,,,
1984,WAS,DL,DE,0,ACT,Tom Beasley,Thomas,Beasley,1954-08-11,77,253,,,,,,,,,,,,"https://static.www.nfl.com/image/private/f_auto,q_auto/league/sncp1ceehiee4en7ywfe",,,,,,
1984,WAS,TE,TE,0,ACT,Rick Walker,Richard,Walker,1955-05-28,76,235,,,,,,,,,,,,"https://static.www.nfl.com/image/private/f_auto,q_auto/league/dldwph63ufl914k1wc1h",,,,,,
1984,TB,OL,OT,0,ACT,Ken Kaplan,Kenneth,Kaplan,1960-01-12,76,270,,,,,,,,,,,,"https://static.www.nfl.com/image/private/f_auto,q_auto/league/xzr8avaovqwbnjy119pg",,,,,,
1984,WAS,WR,WR,0,ACT,Charlie Brown,Charles,Brown,1958-10-29,70,179,,,,,,,,,,,,"https://static.www.nfl.com/image/private/f_auto,q_auto/league/vvwahlufdsozrn26w7ka",,,,,,
1984,RAM,WR,WR,0,ACT,Ron Brown,Ronald,Brown,1961-03-31,71,181,,,,,,,,,,,,"https://static.www.nfl.com/image/private/f_auto,q_auto/league/tfk7vbcmipbbcv9gvg4f",,,,,,
1984,SEA,TE,TE,0,ACT,Charle Young,Charle,Young,1951-02-05,76,234,,,,,,,,,,,,"https://static.www.nfl.com/image/private/f_auto,q_auto/league/jzxovblfenppxgfifcor",,,,,,
1984,STL,WR,WR,0,ACT,Danny Pittman,Danny,Pittman,1958-04-03,74,205,,,,,,,,,,,,"https://static.www.nfl.com/image/private/f_auto,q_auto/league/shksqdtvao3vtitehust",,,,,,
1984,SD,OL,G,0,ACT,Derrel Gofourth,Derrel,Gofourth,1955-03-20,75,260,,,,,,,,,,,,"https://static.www.nfl.com/image/private/f_auto,q_auto/league/e57wotrv96vihozny3r0",,,,,,
1984,STL,DL,DE,0,ACT,Stafford Mays,Stafford,Mays,1958-03-13,74,242,,,,,,,,,,,,"https://static.www.nfl.com/image/private/f_auto,q_auto/league/rpnwu7puaengeyxh0wgv",,,,,,
1984,SEA,WR,WR,0,ACT,Steve Largent,Stephen,Largent,1954-09-28,71,184,,,,,,,,,,,,"https://static.www.nfl.com/image/private/f_auto,q_auto/league/uwi8mvpiavmova7skp7q",,,,,,
1984,TB,RB,RB,0,ACT,Leon Bright,Leon,Bright,1955-05-19,69,192,,,,,,,,,,,,"https://static.www.nfl.com/image/private/f_auto,q_auto/league/w2do2ioycohxamyeykn7",,,,,,
1984,SF,QB,QB,0,TRC,Bryan Clark,Monte,Clark,1960-07-27,74,198,,,,,,,,,,,,"https://static.www.nfl.com/image/private/f_auto,q_auto/league/eqb1o6o2oyug61ncgzwi",,,,,,
1984,TB,DB,FS,0,ACT,Mark Cotney,John,Cotney,1952-06-26,72,204,,,,,,,,,,,,"https://static.www.nfl.com/image/private/f_auto,q_auto/league/ejyqicrttocn4qzhwu8i",,,,,,
1984,SF,DB,CB,0,ACT,Mario Clark,Mario,Clark,1954-03-29,74,194,,,,,,,,,,,,"https://static.www.nfl.com/image/private/f_auto,q_auto/league/t4p7isgovwgujkwhlhfr",,,,,,
1984,SF,RB,RB,0,ACT,Derrick Harmon,Derrick,Harmon,1963-04-26,70,202,,,,,,,,,,,,"https://static.www.nfl.com/image/private/f_auto,q_auto/league/xmpohbszzi9qh0fpp1ht",,,,,,
1984,TB,RB,RB,0,ACT,George Peoples,George,Peoples,1960-08-25,72,211,,,,,,,,,,,,"https://static.www.nfl.com/image/private/f_auto,q_auto/league/hdn0f6gxzzfvedxxspap",,,,,,
1984,TB,DB,S,0,ACT,Beasley Reece,Beasley,Reece,1954-03-18,73,193,,,,,,,,,,,,"https://static.www.nfl.com/image/private/f_auto,q_auto/league/aico9qbjpquu8iclx3rx",,,,,,
1984,SD,DB,DB,0,ACT,Reuben Henderson,Reuben,Henderson,1958-10-03,73,196,,,,,,,,,,,,"https://static.www.nfl.com/image/private/f_auto,q_auto/league/gcop02pxkw3iqmwd3sim",,,,,,
1984,SF,DB,CB,0,ACT,Eric Wright,Eric,Wright,1959-04-18,73,180,,,,,,,,,,,,"https://static.www.nfl.com/image/private/f_auto,q_auto/league/pso9hibzg2awe7busttp",,,,,,
1984,SF,DL,DE,0,ACT,Dwaine Board,Dwaine,Board,1956-11-29,77,241,,,,,,,,,,,,"https://static.www.nfl.com/image/private/f_auto,q_auto/league/tcuqiltxnpkr2kaonvgn",,,,,,
1984,TB,DL,DE,0,ACT,John Cannon,John,Cannon,1960-07-30,77,250,,,,,,,,,,,,"https://static.www.nfl.com/image/private/f_auto,q_auto/league/xjvtwdv9z0fqa1diceqy",,,,,,
1984,SF,SPEC,P,0,ACT,Max Runager,Max,Runager,1956-03-24,73,189,,,,,,,,,,,,"https://static.www.nfl.com/image/private/f_auto,q_auto/league/dcwffqpvrylp9q9yabjo",,,,,,
1984,SF,SPEC,K,0,ACT,Ray Wersching,Raimund,Wersching,1950-08-21,71,210,,,,,,,,,,,,"https://static.www.nfl.com/image/private/f_auto,q_auto/league/monbaa7te6wjl1c0zkjk",,,,,,
1984,SF,TE,TE,0,ACT,Earl Cooper,Marion,Cooper,1957-09-17,74,227,,,,,,,,,,,,"https://static.www.nfl.com/image/private/f_auto,q_auto/league/jop1r0vhfgvlqcv3yp3p",,,,,,
1984,SF,DL,DT,0,ACT,Gary Johnson,Gary,Johnson,1952-08-31,74,257,,,,,,,,,,,,"https://static.www.nfl.com/image/private/f_auto,q_auto/league/xeixyfks6qwlx0ghowth",,,,,,
1984,WAS,SPEC,P,0,ACT,Jeff Hayes,Jeffrey,Hayes,1959-08-19,71,175,,,,,,,,,,,,"https://static.www.nfl.com/image/private/f_auto,q_auto/league/k0f0zkih0o8y2uilw9il",,,,,,
1984,SF,WR,WR,0,ACT,Dwight Clark,Dwight,Clark,1957-01-08,76,212,,,,,,,,,,,,"https://static.www.nfl.com/image/private/f_auto,q_auto/league/zzqgj9w7by4f8bn2bisg",,,,,,
1984,STL,TE,TE,0,ACT,John Goode,John,Goode,1962-11-05,74,222,,,,,,,,,,,,"https://static.www.nfl.com/image/private/f_auto,q_auto/league/tlycbylhgubar8ayd2kf",,,,,,
1984,SEA,OL,G,0,ACT,Reggie McKenzie,Reginald,McKenzie,1950-07-27,76,255,,,,,,,,,,,,"https://static.www.nfl.com/image/private/f_auto,q_auto/league/gern2hgtqycgvhg2cxvk",,,,,,
1984,SEA,DB,DB,0,ACT,Paul Moyer,Paul,Moyer,1961-07-26,73,201,,,,,,,,,,,,"https://static.www.nfl.com/image/private/f_auto,q_auto/league/ukp8ypitlciquw9mf0n3",,,,,,
1984,SF,WR,WR,0,ACT,Mike Wilson,Michael,Wilson,1958-12-19,75,210,,,,,,,,,,,,"https://static.www.nfl.com/image/private/f_auto,q_auto/league/ex5j6z4wwcl9qs2bpb0r",,,,,,
1984,WAS,DB,CB,0,ACT,Vernon Dean,Vernon,Dean,1959-05-05,71,178,,,,,,,,,,,,"https://static.www.nfl.com/image/private/f_auto,q_auto/league/cr6htckxk7q2ccec1p0e",,,,,,
1984,SD,DL,DT,0,TRC,Gary Johnson,Gary,Johnson,1952-08-31,74,257,,,,,,,,,,,,"https://static.www.nfl.com/image/private/f_auto,q_auto/league/xeixyfks6qwlx0ghowth",,,,,,
1984,SF,LB,LB,0,ACT,Jeff Fuller,Jeffery,Fuller,1962-08-08,74,216,,,,,,,,,,,,"https://static.www.nfl.com/image/private/f_auto,q_auto/league/e1mpugk0sgihqgengslp",,,,,,
1984,TB,LB,OLB,0,ACT,Chris Washington,Christopher,Washington,1962-03-06,76,220,,,,,,,,,,,,"https://static.www.nfl.com/image/private/f_auto,q_auto/league/qtzshjnjdiubry6hba9r",,,,,,
1984,SD,LB,OLB,0,ACT,Carlos Bradley,Carlos,Bradley,1960-04-27,72,221,,,,,,,,,,,,"https://static.www.nfl.com/image/private/f_auto,q_auto/league/tomjcfyprvpq7loajorl",,,,,,
1984,STL,DB,FS,0,ACT,Benny Perrin,Jesse,Perrin,1959-10-20,74,175,,,,,,,,,,,,"https://static.www.nfl.com/image/private/f_auto,q_auto/league/hffrt8kjaa4jrcga3ukb",,,,,,
1984,TB,OL,G,0,ACT,Glenn Bujnoch,Glenn,Bujnoch,1953-12-20,77,260,,,,,,,,,,,,"https://static.www.nfl.com/image/private/f_auto,q_auto/league/wdrywtdwcp5mm2vgao05",,,,,,
1984,WAS,WR,WR,0,TRD,Virgil Seay,Virgil,Seay,1958-01-01,68,175,,,,,,,,,,,,"https://static.www.nfl.com/image/private/f_auto,q_auto/league/lgj3wnhzdcysxupr62yb",,,,,,
1984,STL,SPEC,K,0,ACT,Neil O'Donoghue,Cornelius,O'Donoghue,1953-01-18,78,204,,,,,,,,,,,,"https://static.www.nfl.com/image/private/f_auto,q_auto/league/a8otc1abrohtb7ryhakt",,,,,,
1984,TB,RB,RB,0,ACT,Michael Morton,Michael,Morton,1960-02-06,68,180,,,,,,,,,,,,"https://static.www.nfl.com/image/private/f_auto,q_auto/league/fkxnutfqfuxshtevi3lo",,,,,,
1984,STL,TE,TE,0,ACT,Greg LaFleur,Gregory,LaFleur,1958-09-16,76,236,,,,,,,,,,,,"https://static.www.nfl.com/image/private/f_auto,q_auto/league/eqejnhk2jztwr8f1yup8",,,,,,
1984,TB,RB,RB,0,ACT,James Owens,James,Owens,1955-07-05,71,192,,,,,,,,,,,,"https://static.www.nfl.com/image/private/f_auto,q_auto/league/wqpeuihoicjxvfqqrqyv",,,,,,
1984,WAS,DL,DT,0,ACT,Dave Butz,David,Butz,1950-06-23,79,280,,,,,,,,,,,,"https://static.www.nfl.com/image/private/f_auto,q_auto/league/fvcm2xjyodb6lrzjda5l",,,,,,
1984,SF,OL,C,0,ACT,John Macaulay,John,Macaulay,1959-04-27,75,254,,,,,,,,,,,,"https://static.www.nfl.com/image/private/f_auto,q_auto/league/thfwi78pn1b1fkn8izvy",,,,,,
1984,TB,OL,OT,0,ACT,Kelly Thomas,Kelly,Thomas,1960-09-09,78,270,,,,,,,,,,,,"https://static.www.nfl.com/image/private/f_auto,q_auto/league/jtx1xpvhvtc0zj9zbspx",,,,,,
1984,SF,SPEC,P,0,ACT,Tom Orosz,Thomas,Orosz,1959-09-26,73,204,,,,,,,,,,,,"https://static.www.nfl.com/image/private/f_auto,q_auto/league/wboahsh5wmss4n2uy8og",,,,,,
1984,WAS,WR,WR,0,ACT,Alvin Garrett,Alvin,Garrett,1956-10-01,67,178,,,,,,,,,,,,"https://static.www.nfl.com/image/private/f_auto,q_auto/league/mcv4d8maozl8ftqbzdng",,,,,,
1984,STL,WR,WR,0,TRC,Glen Young,Glen,Young,1960-10-11,74,205,,,,,,,,,,,,"https://static.www.nfl.com/image/private/f_auto,q_auto/league/ghr5mottbss6fgvzervd",,,,,,
1984,WAS,LB,LB,0,TRC,Stuart Anderson,Stuart,Anderson,1959-12-25,73,247,,,,,,,,,,,,"https://static.www.nfl.com/image/private/f_auto,q_auto/league/oflfo5kjhwr4gksseqrv",,,,,,
1984,TB,DB,CB,0,ACT,Fred Acorn,Frederick,Acorn,1961-03-17,70,185,,,,,,,,,,,,"https://static.www.nfl.com/image/private/f_auto,q_auto/league/sqy1fqbye0486bkxas2k",,,,,,
1984,TB,TE,TE,0,ACT,Mark Witte,Mark,Witte,1959-12-03,75,230,,,,,,,,,,,,"https://static.www.nfl.com/image/private/f_auto,q_auto/league/qufcm2mwozag310fw9b4",,,,,,
1984,TB,RB,RB,0,ACT,Scott Dierking,Scott,Dierking,1955-05-24,70,218,,,,,,,,,,,,"https://static.www.nfl.com/image/private/f_auto,q_auto/league/nm43imvhhgqxcj79i6qj",,,,,,
1984,TB,RB,RB,0,ACT,Mel Carver,Melvin,Carver,1959-07-14,71,210,,,,,,,,,,,,"https://static.www.nfl.com/image/private/f_auto,q_auto/league/shmtrqnhd1laxetegj8r",,,,,,
1984,STL,LB,OLB,0,ACT,Bob Harris,Robert,Harris,1960-11-11,74,205,,,,,,,,,,,,"https://static.www.nfl.com/image/private/f_auto,q_auto/league/dvfb5vqxgkcvjzv5xoff",,,,,,
1984,WAS,TE,TE,0,ACT,Clint Didier,Clint,Didier,1959-04-04,77,240,,,,,,,,,,,,"https://static.www.nfl.com/image/private/f_auto,q_auto/league/ybov960jqtvrec2zxnfw",,,,,,
1984,TB,RB,RB,0,ACT,James Wilder,James,Wilder,1958-05-12,75,225,,,,,,,,,,,,"https://static.www.nfl.com/image/private/f_auto,q_auto/league/afnn71ljk6s12c7eu0dp",,,,,,
1984,SF,RB,RB,0,ACT,Bill Ring,William,Ring,1956-12-13,70,215,,,,,,,,,,,,"https://static.www.nfl.com/image/private/f_auto,q_auto/league/c7kn1jj6lpu6tbrpcqwq",,,,,,
1984,SF,RB,RB,0,ACT,Wendell Tyler,Wendell,Tyler,1955-05-20,70,198,,,,,,,,,,,,"https://static.www.nfl.com/image/private/f_auto,q_auto/league/wbmygxckjzlmkjjpxt1h",,,,,,
1984,STL,DB,DB,0,ACT,Victor Heflin,Victor,Heflin,1959-07-07,72,184,,,,,,,,,,,,"https://static.www.nfl.com/image/private/f_auto,q_auto/league/o59vhmjjnig2j0x2onjt",,,,,,
1984,SD,RB,RB,0,ACT,Wayne Morris,Wayne,Morris,1954-05-03,72,207,,,,,,,,,,,,"https://static.www.nfl.com/image/private/f_auto,q_auto/league/umwehsy0v9ysvgqydbic",,,,,,
1984,WAS,DB,DB,0,ACT,Mark Murphy,Mark,Murphy,1955-07-13,76,210,,,,,,,,,,,,"https://static.www.nfl.com/image/private/f_auto,q_auto/league/kjk2rmwtbu0giybwqmuo",,,,,,
1984,TB,TE,TE,0,ACT,Jay Carroll,Jay,Carroll,1961-11-08,76,230,,,,,,,,,,,,"https://static.www.nfl.com/image/private/f_auto,q_auto/league/gqsijb9te3olcpl256i3",,,,,,
1984,TB,TE,TE,0,ACT,Jimmie Giles,Jimmie,Giles,1954-11-08,75,225,,,,,,,,,,,,"https://static.www.nfl.com/image/private/f_auto,q_auto/league/u8xh5oxykc5bnchgrmpq",,,,,,
1984,WAS,DB,S,0,ACT,Tony Peters,Anthony,Peters,1953-04-28,73,187,,,,,,,,,,,,"https://static.www.nfl.com/image/private/f_auto,q_auto/league/nphfytu1bjsuogqlmrpb",,,,,,
1984,WAS,LB,OLB,0,ACT,Rich Milot,Richard,Milot,1957-05-28,76,220,,,,,,,,,,,,"https://static.www.nfl.com/image/private/f_auto,q_auto/league/iugjaruggxvx1zxdatgz",,,,,,
1984,TB,TE,TE,0,ACT,Jerry Bell,Gerald,Bell,1959-03-07,77,230,,,,,,,,,,,,"https://static.www.nfl.com/image/private/f_auto,q_auto/league/kclerudd80h0gwovsdkh",,,,,,
1984,WAS,DB,DB,0,ACT,Greg Williams,Gregory,Williams,1959-08-01,71,185,,,,,,,,,,,,"https://static.www.nfl.com/image/private/f_auto,q_auto/league/wwmrivuu7ymricaicdbe",,,,,,
1984,TB,DB,DB,0,ACT,Craig Curry,Craig,Curry,1961-07-20,72,187,,,,,,,,,,,,"https://static.www.nfl.com/image/private/f_auto,q_auto/league/klujnycpvtgxj9ht8uv8",,,,,,
1984,SD,WR,WR,0,ACT,Steve Bird,Steven,Bird,1960-10-20,71,171,,,,,,,,,,,,"https://static.www.nfl.com/image/private/f_auto,q_auto/league/c5af45zsdiosjhul7eax",,,,,,
1984,SF,LB,ILB,0,ACT,Jim Fahnhorst,James,Fahnhorst,1958-11-08,76,230,,,,,,,,,,,,"https://static.www.nfl.com/image/private/f_auto,q_auto/league/rkrokv6fas66t8b3zvzl",,,,,,
1984,WAS,DB,S,0,ACT,Ken Coffey,Kenneth,Coffey,1960-11-07,72,190,,,,,,,,,,,,"https://static.www.nfl.com/image/private/f_auto,q_auto/league/a9vuce1acwin8yq73sy8",,,,,,
1984,TB,DB,DB,0,ACT,Norris Thomas,Norris,Thomas,1954-05-03,72,180,,,,,,,,,,,,"https://static.www.nfl.com/image/private/f_auto,q_auto/league/qmc6wke8du3sxlvitkxv",,,,,,
1984,WAS,DB,DB,0,ACT,Mike Nelms,Michael,Nelms,1955-04-08,73,188,,,,,,,,,,,,"https://static.www.nfl.com/image/private/f_auto,q_auto/league/jpdipn59bccdb3qigyuo",,,,,,
1984,WAS,TE,TE,0,ACT,Mike Williams,Michael,Williams,1959-08-27,76,249,,,,,,,,,,,,"https://static.www.nfl.com/image/private/f_auto,q_auto/league/qqeyyxaowdy1nbmbxotw",,,,,,
1984,SD,WR,WR,0,ACT,Bobby Duckworth,Bobby,Duckworth,1958-11-27,75,198,,,,,,,,,,,,"https://static.www.nfl.com/image/private/f_auto,q_auto/league/gi3fqtjcna8ak8jxjxqt",,,,,,
1984,TB,LB,LB,0,ACT,Richard Wood,Richard,Wood,1953-05-31,74,224,,,,,,,,,,,,"https://static.www.nfl.com/image/private/f_auto,q_auto/league/slgowhwu1j1zsfzcb0bh",,,,,,
1984,WAS,DB,DB,0,TRC,Brian Carpenter,Brian,Carpenter,1960-11-27,70,167,,,,,,,,,,,,"https://static.www.nfl.com/image/private/f_auto,q_auto/league/a3xyest0i8ku6dfphl8t",,,,,,
1984,TB,LB,OLB,0,ACT,Cecil Johnson,Cecil,Johnson,1955-08-19,74,220,,,,,,,,,,,,"https://static.www.nfl.com/image/private/f_auto,q_auto/league/aray0byzyxssvld1ltiz",,,,,,
1984,STL,RB,RB,0,ACT,Willard Harrell,Willard,Harrell,1952-09-16,68,182,,,,,,,,,,,,"https://static.www.nfl.com/image/private/f_auto,q_auto/league/x6nmeypknvgyjhraxnts",,,,,,
1984,WAS,LB,LB,0,ACT,Larry Kubin,Lawrence,Kubin,1959-02-26,74,234,,,,,,,,,,,,"https://static.www.nfl.com/image/private/f_auto,q_auto/league/myogb5mzsmhl5s2ewj9p",,,,,,
1984,STL,DB,DB,0,TRC,Bill Kay,William,Kay,1960-01-10,73,190,,,,,,,,,,,,"https://static.www.nfl.com/image/private/f_auto,q_auto/league/hmaoz2ajzf08bydlt37p",,,,,,
1984,SF,LB,LB,0,ACT,Ron Ferrari,Ronald,Ferrari,1959-07-30,72,212,,,,,,,,,,,,"https://static.www.nfl.com/image/private/f_auto,q_auto/league/i09l5lajzdbmab3dqnn8",,,,,,
1984,WAS,DL,DE,0,ACT,Todd Liebenstein,Todd,Liebenstein,1960-01-09,78,245,,,,,,,,,,,,"https://static.www.nfl.com/image/private/f_auto,q_auto/league/jqkgsgm8x1ljtnumtyhs",,,,,,
1984,STL,RB,RB,0,ACT,Perry Harrington,Perry,Harrington,1958-03-13,71,210,,,,,,,,,,,,"https://static.www.nfl.com/image/private/f_auto,q_auto/league/wopvw0xhh4rm5xjjhysl",,,,,,
1984,SF,OL,C,0,ACT,Fred Quillan,Frederick,Quillan,1956-01-27,77,240,,,,,,,,,,,,"https://static.www.nfl.com/image/private/f_auto,q_auto/league/sptbot43srrlro1gssxx",,,,,,
