season,team,position,depth_chart_position,jersey_number,status,full_name,first_name,last_name,birth_date,height,weight,college,gsis_id,espn_id,sportradar_id,yahoo_id,rotowire_id,pff_id,pfr_id,fantasy_data_id,sleeper_id,years_exp,headshot_url,esb_id,gsis_it_id,smart_id,entry_year,rookie_year,draft_club
1980,STL,RB,RB,0,ACT,Ottis Anderson,Ottis,Anderson,1957-01-19,74,220,,00-0000335,,,,,,,,,,"https://static.www.nfl.com/image/private/f_auto,q_auto/league/pwluez9civsa4xcuqskm",AND395031,,3200414e-4439-5031-7953-cd25409c072e,,,
1980,PIT,K,K,0,ACT,Matt Bahr,Matthew,Bahr,1956-07-06,70,165,,00-0000581,,,,,,,,,,"https://static.www.nfl.com/image/private/f_auto,q_auto/league/pukxu8ic9up4to0zdbtv",BAH692150,,32004241-4869-2150-32d7-0e550f8925dc,,,
1980,KC,DL,DE,0,ACT,Mike Bell,Mike,Bell,1957-08-30,76,255,,00-0001040,,,,,,,,,,"https://static.www.nfl.com/image/private/f_auto,q_auto/league/esorjujmuhjxc3w6eok1",BEL521120,,32004245-4c52-1120-4340-248a70584fe3,,,
1980,NYJ,OL,G,0,ACT,Guy Bingham,Guy,Bingham,1958-02-25,75,255,,00-0001251,,,,,,,,,,"https://static.www.nfl.com/image/private/f_auto,q_auto/league/wfhh0jbzlxy0qtu8akzr",BIN622932,,32004249-4e62-2932-ac57-5aafc8d56e95,,,
1980,WAS,OL,C,0,ACT,Jeff Bostic,Jeff,Bostic,1958-09-18,74,245,,00-0001527,,,,,,,,,,"https://static.www.nfl.com/image/private/f_auto,q_auto/league/qg5trgem5okfnvemcuiu",BOS439713,,3200424f-5343-9713-3a75-34585072c2bf,,,
1980,CIN,K,K,0,ACT,Jim Breech,James,Breech,1956-04-11,66,161,,00-0001720,,,,,,,,,,"https://static.www.nfl.com/image/private/f_auto,q_auto/league/k26e5izxjzhmdmi7obsh",BRE109285,,32004252-4510-9285-81fa-9ab96d65cd8e,,,
1980,NO,OL,OT,0,ACT,Stan Brock,Stanley,Brock,1958-06-08,78,285,,00-0001803,,,,,,,,,,"https://static.www.nfl.com/image/private/f_auto,q_auto/league/mjoacc0ltpkygck4vuts",BRO051612,,32004252-4f05-1612-323f-add3ebee96c3,,,
1980,CIN,OL,C,0,ACT,Blair Bush,Blair,Bush,1956-11-25,75,252,,00-0002371,,,,,,,,,,"https://static.www.nfl.com/image/private/f_auto,q_auto/league/rlzuovayivyvxakwny4o",BUS195428,,32004255-5319-5428-5178-f53ab41dbd19,,,
1980,NE,QB,QB,0,ACT,Matt Cavanaugh,Matthew,Cavanaugh,1956-10-27,74,212,,00-0002828,,,,,,,,,,"https://static.www.nfl.com/image/private/f_auto,q_auto/league/bl3tbkdqwye0kvjp7dwm",CAV237308,,32004341-5623-7308-8f31-6a55dccc6d20,,,
1980,PHI,DL,NT,0,ACT,Ken Clarke,Kenneth,Clarke,1956-08-28,74,255,,00-0003079,,,,,,,,,,"https://static.www.nfl.com/image/private/f_auto,q_auto/league/nfijye5dqqknvvee2mty",CLA637362,,3200434c-4163-7362-ff09-200ea80be5cd,,,
1980,NE,DB,CB,0,ACT,Raymond Clayborn,Raymond,Clayborn,1955-01-02,72,186,,00-0003094,,,,,,,,,,"https://static.www.nfl.com/image/private/f_auto,q_auto/league/ofbl6y9im1gojwmtoptv",CLA772560,,3200434c-4177-2560-2161-063befb14937,,,
1980,WAS,LB,OLB,0,ACT,Monte Coleman,Monte,Coleman,1957-11-04,74,235,,00-0003233,,,,,,,,,,"https://static.www.nfl.com/image/private/f_auto,q_auto/league/fo8jzoctj0ur1ed7mtm8",COL307620,,3200434f-4c30-7620-1484-e6d1db6e52dc,,,
1980,SF,QB,QB,0,ACT,Steve DeBerg,Steven,DeBerg,1954-01-19,75,205,,00-0004116,,,,,,,,,,"https://static.www.nfl.com/image/private/f_auto,q_auto/league/v07li1l2otq0hlqdeymd",DEB207645,,32004445-4220-7645-fc89-f371e46a2eb0,,,
1980,BAL,OL,C,0,ACT,Ray Donaldson,Raymond,Donaldson,1958-05-18,75,260,,00-0004414,,,,,,,,,,"https://static.www.nfl.com/image/private/f_auto,q_auto/league/kkpyquofxdch66dpynyy",DON255560,,3200444f-4e25-5560-a17c-ab26537f3f75,,,
1980,CHI,QB,QB,0,ACT,Vince Evans,Vincent,Evans,1955-06-14,74,212,,00-0005010,,,,,,,,,,"https://static.www.nfl.com/image/private/f_auto,q_auto/league/zfacengwqw596mxqdxgf",EVA800901,,32004556-4180-0901-3e5b-05d0584bc156,,,
1980,BAL,OL,C,0,ACT,Chris Foote,Christopher,Foote,1956-12-02,75,250,,00-0005402,,,,,,,,,,"https://static.www.nfl.com/image/private/f_auto,q_auto/league/ypkvh2enqpealbb0rklh",FOO415291,,3200464f-4f41-5291-20f6-c7d5df81f492,,,
1980,BAL,DB,FS,0,ACT,Nesby Glasgow,Nesby,Glasgow,1957-04-15,70,180,,00-0006026,,,,,,,,,,"https://static.www.nfl.com/image/private/f_auto,q_auto/league/khvj2xrqxrimb274mfe7",GLA377530,,3200474c-4137-7530-e44c-f9f55f161b28,,,
1980,SEA,DL,DE,0,ACT,Jacob Green,Jacob,Green,1957-01-21,75,255,,00-0006330,,,,,,,,,,"https://static.www.nfl.com/image/private/f_auto,q_auto/league/bkddmmnp7xnlgbtsod89",GRE248196,,32004752-4524-8196-8656-9af5eedc2f8d,,,
1980,STL,DB,S,0,ACT,Roy Green,Roy,Green,1957-06-30,72,195,,00-0006349,,,,,,,,,,"https://static.www.nfl.com/image/private/f_auto,q_auto/league/wbzkqqfjj5t8l9yyrquc",GRE343656,,32004752-4534-3656-2e3c-efec8fc12fd9,,,
1980,LA,WR,WR,0,ACT,Drew Hill,Andrew,Hill,1956-10-05,69,170,,00-0007431,,,,,,,,,,"https://static.www.nfl.com/image/private/f_auto,q_auto/league/socupvhqhg0lvquxfn8p",HIL074155,,32004849-4c07-4155-db49-2e0cdbd5e249,,,
1980,PIT,OL,OT,0,ACT,Tunch Ilkin,Tunch,Ilkin,1957-09-23,75,253,,00-0008006,,,,,,,,,,"https://static.www.nfl.com/image/private/f_auto,q_auto/league/spdfodji2exibctx1enq",ILK415291,,3200494c-4b41-5291-7963-51a88379f390,,,
1980,GB,DL,DE,0,ACT,Ezra Johnson,Ezra,Johnson,1955-10-02,76,240,,00-0008503,,,,,,,,,,"https://static.www.nfl.com/image/private/f_auto,q_auto/league/ty6aqagxbvs0wixkbnup",JOH242850,,32004a4f-4824-2850-2dd6-2dfe91183e01,,,
1980,ATL,OL,OT,0,ACT,Mike Kenn,Michael,Kenn,1956-02-09,79,257,,00-0009142,,,,,,,,,,"https://static.www.nfl.com/image/private/f_auto,q_auto/league/sq5lyi1fhy0qvm0h65ci",KEN166115,,32004b45-4e16-6115-cf39-139193de1f91,,,
1980,SEA,QB,QB,0,ACT,Dave Krieg,David,Krieg,1958-10-20,73,185,,00-0009475,,,,,,,,,,"https://static.www.nfl.com/image/private/f_auto,q_auto/league/srx5ku7mit9cvbapch11",KRI069215,,32004b52-4906-9215-3bd1-0d591dba0fb9,,,
1980,NYJ,K,K,0,ACT,Pat Leahy,Patrick,Leahy,1951-03-19,72,189,,00-0009716,,,,,,,,,,"https://static.www.nfl.com/image/private/f_auto,q_auto/league/jfnzyh66eospcquio1nq",LEA363377,,32004c45-4136-3377-2de6-ed68209b7976,,,
1980,GB,DB,CB,0,ACT,Mark Lee,Mark,Lee,1958-03-20,71,187,,00-0009767,,,,,,,,,,"https://static.www.nfl.com/image/private/f_auto,q_auto/league/m3pjsljxoils1jcb7p9c",LEE458997,,32004c45-4545-8997-519d-7c77c877e515,,,
1980,MIA,TE,TE,0,ACT,Ronnie Lee,Ronald,Lee,1956-12-24,75,236,,00-0009774,,,,,,,,,,"https://static.www.nfl.com/image/private/f_auto,q_auto/league/tgxku51zpyeweb0avx5q",LEE633853,,32004c45-4563-3853-50fd-3d2e58cc0a70,,,
1980,GB,WR,WR,0,ACT,James Lofton,James,Lofton,1956-07-05,75,187,,00-0010023,,,,,,,,,,"https://static.www.nfl.com/image/private/f_auto,q_auto/league/ligcazckfbdlmcd2ekqv",LOF276861,,32004c4f-4627-6861-d09a-c92889cac8cf,,,
1980,KC,K,K,0,ACT,Nick Lowery,Dominic,Lowery,1956-05-27,76,190,,00-0010124,,,,,,,,,,"https://static.www.nfl.com/image/private/f_auto,q_auto/league/p0rgqmy96igavbuv7ajn",LOW553720,,32004c4f-5755-3720-b2dc-99cb3cfbe58c,,,
1980,CLE,LB,OLB,0,ACT,Clay Matthews,William,Matthews,1956-03-15,74,230,,00-0010552,,,,,,,,,,"https://static.www.nfl.com/image/private/f_auto,q_auto/league/fwbsdl9tsqqopjndwj7k",MAT611169,,32004d41-5461-1169-f1aa-50dd6f136862,,,
1980,NE,DL,DT,0,ACT,Steve McMichael,Steve,McMichael,1957-10-17,74,245,,00-0011001,,,,,,,,,,"https://static.www.nfl.com/image/private/f_auto,q_auto/league/yjvs2gdbdgetv4c7jkpb",MCM299007,,32004d43-4d29-9007-c3e4-e0873e5aacd7,,,
1980,OAK,LB,ILB,0,ACT,Matt Millen,Matthew,Millen,1958-03-12,74,250,,00-0011231,,,,,,,,,,"https://static.www.nfl.com/image/private/f_auto,q_auto/league/smc0ujeksjw9cgflh5ja",MIL115122,,32004d49-4c11-5122-c3b2-3915a702ee88,,,
1980,WAS,WR,WR,0,ACT,Art Monk,James,Monk,1957-12-05,75,209,,00-0011483,,,,,,,,,,"https://static.www.nfl.com/image/private/f_auto,q_auto/league/lhnetc7kndqwtytjysi3",MON230710,,32004d4f-4e23-0710-1d31-caef8f192a86,,,
1980,SF,QB,QB,0,ACT,Joe Montana,Joseph,Montana,1956-06-11,74,200,,00-0011493,,,,,,,,,,"https://static.www.nfl.com/image/private/f_auto,q_auto/league/ueq3x4ldeixk2h5wq3n7",MON392207,,32004d4f-4e39-2207-dc8d-f68a92cca5ac,,,
1980,CIN,OL,OT,0,ACT,Anthony Munoz,Michael,Munoz,1958-08-19,78,278,,00-0011825,,,,,,,,,,"https://static.www.nfl.com/image/private/f_auto,q_auto/league/gxq4pfj2dmx0xp66te4j",MUN604056,,32004d55-4e60-4056-a42d-5876dafe64d5,,,
1980,DET,K,K,0,ACT,Eddie Murray,Edward,Murray,1956-08-29,70,175,,00-0011859,,,,,,,,,,"https://static.www.nfl.com/image/private/f_auto,q_auto/league/bxywc4m8gikzzzbancry",MUR607740,,32004d55-5260-7740-9f22-1de17e7a4532,,,
1980,CLE,LB,LB,0,ACT,Cliff Odom,Clifton,Odom,1958-08-15,74,225,,00-0012306,,,,,,,,,,"https://static.www.nfl.com/image/private/f_auto,q_auto/league/zo3nufo8hzcsetle8u17",ODO063891,,32004f44-4f06-3891-a3a1-4dbf7d6de760,,,
1980,LA,OL,OT,0,ACT,Irvin Pankey,Irvin,Pankey,1958-02-15,76,267,,00-0012531,,,,,,,,,,"https://static.www.nfl.com/image/private/f_auto,q_auto/league/bmpcq4qzwzvlmxzq3ntt",PAN664464,,32005041-4e66-4464-5d7f-e5b983df2bc1,,,
1980,BUF,OL,G,0,ACT,Jim Ritcher,James,Ritcher,1958-05-21,75,251,,00-0013771,,,,,,,,,,"https://static.www.nfl.com/image/private/f_auto,q_auto/league/x2pyqwhyca536cavt87n",RIT276861,,32005249-5427-6861-2258-96db088d841d,,,
1980,LA,QB,QB,0,ACT,Jeff Rutledge,Jeffrey,Rutledge,1957-01-22,73,195,,00-0014208,,,,,,,,,,"https://static.www.nfl.com/image/private/f_auto,q_auto/league/fzvky5tblnydphnxfgsd",RUT738296,,32005255-5473-8296-6e1b-10928307ea4f,,,
1980,NYJ,QB,QB,0,ACT,Pat Ryan,Patrick,Ryan,1955-09-16,75,210,,00-0014225,,,,,,,,,,"https://static.www.nfl.com/image/private/f_auto,q_auto/league/ew5hmxj34sp3hdqpj8zw",RYA692150,,32005259-4169-2150-8262-b562101e8515,,,
1980,NYJ,TE,TE,0,ACT,Mickey Shuler,Mickey,Shuler,1956-08-21,75,236,,00-0014844,,,,,,,,,,"https://static.www.nfl.com/image/private/f_auto,q_auto/league/ii1j0fdjy5l4rjpnfwpp",SHU332232,,32005348-5533-2232-1fc1-4b189e27c700,,,
1980,NYG,QB,QB,0,ACT,Phil Simms,Phillip,Simms,1954-11-03,75,216,,00-0014922,,,,,,,,,,"https://static.www.nfl.com/image/private/f_auto,q_auto/league/lhzj6vxddl0epe3sj0h8",SIM342758,,32005349-4d34-2758-f408-34c93a91e732,,,
1980,LA,OL,OT,0,ACT,Jackie Slater,Jackie,Slater,1954-05-27,76,280,,00-0015035,,,,,,,,,,"https://static.www.nfl.com/image/private/f_auto,q_auto/league/m92iuko3ddgrhcwhnldy",SLA363377,,3200534c-4136-3377-13fe-7f321cb0819c,,,
1980,BUF,DL,NT,0,ACT,Fred Smerlas,Frederic,Smerlas,1957-04-08,75,270,,00-0015072,,,,,,,,,,"https://static.www.nfl.com/image/private/f_auto,q_auto/league/lfz95g1nqs3op24aaxij",SME664464,,3200534d-4566-4464-a7bd-1b1a8cdcb33f,,,
1980,PIT,QB,QB,0,ACT,Cliff Stoudt,Clifford,Stoudt,1955-03-27,76,215,,00-0015777,,,,,,,,,,"https://static.www.nfl.com/image/private/f_auto,q_auto/league/lhkeihzoy2tletzrlfn9",STO672632,,32005354-4f67-2632-d451-0507ae7113fb,,,
1980,WAS,TE,TE,0,ACT,Don Warren,Donald,Warren,1956-05-05,76,242,,00-0017212,,,,,,,,,,"https://static.www.nfl.com/image/private/f_auto,q_auto/league/wcabs11zkwaq9eaxzbj3",WAR611996,,32005741-5261-1996-a79a-298855f7dd81,,,
1980,NO,DB,CB,0,ACT,Dave Waymer,David,Waymer,1958-07-01,73,195,,00-0017339,,,,,,,,,,"https://static.www.nfl.com/image/private/f_auto,q_auto/league/cru3vme0xcqkhu8wycqj",WAY415290,,32005741-5941-5290-34d1-43634d461319,,,
1980,PIT,OL,G,0,ACT,Craig Wolfley,Craig,Wolfley,1958-05-19,73,265,,00-0018158,,,,,,,,,,"https://static.www.nfl.com/image/private/f_auto,q_auto/league/y6ewtrfuvuvdtugzla3j",WOL447237,,3200574f-4c44-7237-56e3-b718e20961c3,,,
1980,ATL,DB,DB,0,ACT,Rick Byas,Richard,Byas,1950-10-19,69,180,,,,,,,,,,,,"https://static.www.nfl.com/image/private/f_auto,q_auto/league/zcdunzk6lfdyvv1excpr",,,,,,
1980,ATL,DB,S,0,ACT,Bob Glazebrook,Robert,Glazebrook,1956-03-07,73,200,,,,,,,,,,,,"https://static.www.nfl.com/image/private/f_auto,q_auto/league/tl48l03p4ebemautvnpq",,,,,,
1980,ATL,DB,CB,0,ACT,Kenny Johnson,Kenneth,Johnson,1958-01-07,70,176,,,,,,,,,,,,"https://static.www.nfl.com/image/private/f_auto,q_auto/league/podfkoyt9zkhqzwfojhd",,,,,,
1980,ATL,DB,DB,0,ACT,Earl Jones,Darrel,Jones,1957-07-19,72,178,,,,,,,,,,,,"https://static.www.nfl.com/image/private/f_auto,q_auto/league/ubo0n0itlebu6lbsfuwj",,,,,,
1980,ATL,DB,CB,0,TRD,Jerome King,Jerome,King,1955-01-04,70,175,,,,,,,,,,,,"https://static.www.nfl.com/image/private/f_auto,q_auto/league/cu1q77vfqdxchb4bjzt8",,,,,,
1980,ATL,DB,CB,0,ACT,Rolland Lawrence,Rolland,Lawrence,1951-03-24,70,179,,,,,,,,,,,,"https://static.www.nfl.com/image/private/f_auto,q_auto/league/j0xnfzbf0paqvoouoexp",,,,,,
1980,ATL,DB,FS,0,ACT,Tom Pridemore,Lawrence,Pridemore,1956-04-29,70,186,,,,,,,,,,,,"https://static.www.nfl.com/image/private/f_auto,q_auto/league/pgohjq6ldvprmxfhn9h4",,,,,,
1980,ATL,DB,S,0,ACT,Frank Reed,Frank,Reed,1954-05-13,71,193,,,,,,,,,,,,"https://static.www.nfl.com/image/private/f_auto,q_auto/league/ohagwwobdwsmeuikukor",,,,,,
1980,ATL,DL,NT,0,ACT,Wilson Faumuina,Wilson,Faumuina,1954-08-11,77,275,,,,,,,,,,,,"https://static.www.nfl.com/image/private/f_auto,q_auto/league/tlc4dfkjmohd7l9y6or9",,,,,,
1980,ATL,DL,NT,0,ACT,Edgar Fields,Edgar,Fields,1954-03-10,74,255,,,,,,,,,,,,"https://static.www.nfl.com/image/private/f_auto,q_auto/league/aevpzibutiuyecfl5zoc",,,,,,
1980,ATL,DL,DE,0,ACT,Jeff Merrow,Jeffrey,Merrow,1953-07-12,76,245,,,,,,,,,,,,"https://static.www.nfl.com/image/private/f_auto,q_auto/league/iltwggoplio3akat0rty",,,,,,
1980,ATL,DL,DT,0,ACT,Calvin Miller,Calvin,Miller,1953-08-31,74,260,,,,,,,,,,,,"https://static.www.nfl.com/image/private/f_auto,q_auto/league/c0jmxxjcbufqn2sr1oss",,,,,,
1980,ATL,DL,NT,0,ACT,Don Smith,Donald,Smith,1957-05-09,77,248,,,,,,,,,,,,"https://static.www.nfl.com/image/private/f_auto,q_auto/league/g0cb16y46yg1g7fm5p2d",,,,,,
1980,ATL,DL,DE,0,ACT,Jeff Yeates,Jeffrey,Yeates,1951-08-03,75,248,,,,,,,,,,,,"https://static.www.nfl.com/image/private/f_auto,q_auto/league/cmlfisdfncrvyrl70iwt",,,,,,
1980,ATL,DL,NT,0,ACT,Mike Zele,Michael,Zele,1956-07-03,75,236,,,,,,,,,,,,"https://static.www.nfl.com/image/private/f_auto,q_auto/league/woy72bzuhr6xtrv5y0qw",,,,,,
1980,ATL,K,K,0,ACT,Tim Mazzetti,Timothy,Mazzetti,1956-02-01,73,175,,,,,,,,,,,,"https://static.www.nfl.com/image/private/f_auto,q_auto/league/dq3tibt5h7mpi75jtpqj",,,,,,
1980,ATL,LB,LB,0,TRD,Jon Brooks,Jonathan,Brooks,1957-06-22,74,215,,,,,,,,,,,,"https://static.www.nfl.com/image/private/f_auto,q_auto/league/jkdka92upaeax2rzwaut",,,,,,
1980,ATL,LB,ILB,0,ACT,Buddy Curry,George,Curry,1958-06-04,76,221,,,,,,,,,,,,"https://static.www.nfl.com/image/private/f_auto,q_auto/league/lp62onmpqksx4hkr3t8z",,,,,,
1980,ATL,LB,LB,0,ACT,Tony Daykin,Anthony,Daykin,1955-05-13,73,215,,,,,,,,,,,,"https://static.www.nfl.com/image/private/f_auto,q_auto/league/g54kzqvu0t77f3tjvfvm",,,,,,
1980,ATL,LB,ILB,0,ACT,Fulton Kuykendall,Fulton,Kuykendall,1953-06-10,76,210,,,,,,,,,,,,"https://static.www.nfl.com/image/private/f_auto,q_auto/league/fjagee0vfo4kszzsk3sb",,,,,,
1980,ATL,LB,ILB,0,ACT,Jim Laughlin,James,Laughlin,1958-07-05,72,212,,,,,,,,,,,,"https://static.www.nfl.com/image/private/f_auto,q_auto/league/ep6ycdyd86udex2jxd5t",,,,,,
1980,ATL,LB,LB,0,ACT,Dewey McClain,Dewey,McClain,1954-04-25,75,236,,,,,,,,,,,,"https://static.www.nfl.com/image/private/f_auto,q_auto/league/beztafk82uasexrsvtgk",,,,,,
1980,ATL,LB,ILB,0,ACT,Robert Pennywell,Robert,Pennywell,1954-11-06,73,222,,,,,,,,,,,,"https://static.www.nfl.com/image/private/f_auto,q_auto/league/aoklhsgbo7ydkd0bsdfp",,,,,,
1980,ATL,LB,OLB,0,ACT,Al Richardson,Alpette,Richardson,1957-09-23,74,206,,,,,,,,,,,,"https://static.www.nfl.com/image/private/f_auto,q_auto/league/mqgei2mjdmcwlazyrbpk",,,,,,
1980,ATL,LB,LB,0,ACT,Stan Sytsma,Stanley,Sytsma,1956-05-03,74,220,,,,,,,,,,,,"https://static.www.nfl.com/image/private/f_auto,q_auto/league/dmgl0fyb1yul8tb1fjwf",,,,,,
1980,ATL,LB,OLB,0,ACT,Joel Williams,Joel,Williams,1956-12-13,73,215,,,,,,,,,,,,"https://static.www.nfl.com/image/private/f_auto,q_auto/league/dnmfkj5ll1jnibylh8na",,,,,,
1980,ATL,OL,OT,0,ACT,Warren Bryant,Warren,Bryant,1955-11-11,78,270,,,,,,,,,,,,"https://static.www.nfl.com/image/private/f_auto,q_auto/league/iui5sqibjnox78nq4sg5",,,,,,
1980,ATL,OL,C,0,ACT,Chuck Correal,Charles,Correal,1956-05-17,75,247,,,,,,,,,,,,"https://static.www.nfl.com/image/private/f_auto,q_auto/league/mgtbfn5tg0sireijrrgj",,,,,,
1980,ATL,OL,G,0,ACT,Chuck Herman,Charles,Herman,1958-10-07,75,250,,,,,,,,,,,,"https://static.www.nfl.com/image/private/f_auto,q_auto/league/hcdusuws6s8iw1rftlad",,,,,,
1980,ATL,OL,G,0,ACT,Pat Howell,Patrick,Howell,1957-03-12,77,253,,,,,,,,,,,,"https://static.www.nfl.com/image/private/f_auto,q_auto/league/hax37u96i2inxicib2zk",,,,,,
1980,DEN,RB,RB,0,ACT,Rob Lytle,Robert,Lytle,1954-11-12,73,198,,,,,,,,,,,,"https://static.www.nfl.com/image/private/f_auto,q_auto/league/rtgzdtnvzzy5mqj7nj5x",,,,,,
1980,ATL,OL,OT,0,ACT,Phil McKinnely,Philip,McKinnely,1954-07-08,76,248,,,,,,,,,,,,"https://static.www.nfl.com/image/private/f_auto,q_auto/league/tvrjurves76gmcwmykpc",,,,,,
1980,ATL,OL,G,0,ACT,Dave Scott,Arthur,Scott,1953-12-26,76,285,,,,,,,,,,,,"https://static.www.nfl.com/image/private/f_auto,q_auto/league/bjrjmrwaff7vqlmfjyf0",,,,,,
1980,ATL,OL,G,0,ACT,R.C. Thielemann,Ray,Thielemann,1955-08-12,76,247,,,,,,,,,,,,"https://static.www.nfl.com/image/private/f_auto,q_auto/league/skwbccybytgpwas5ypz6",,,,,,
1980,ATL,OL,C,0,ACT,Jeff Van Note,Jeffrey,Van Note,1946-02-07,74,247,,,,,,,,,,,,"https://static.www.nfl.com/image/private/f_auto,q_auto/league/tos5d0w8swgxegbtbela",,,,,,
1980,ATL,P,P,0,ACT,John James,John,James,1949-01-21,75,197,,,,,,,,,,,,"https://static.www.nfl.com/image/private/f_auto,q_auto/league/ybsq1ocqndfgset44itz",,,,,,
1980,ATL,QB,QB,0,ACT,Steve Bartkowski,Steven,Bartkowski,1952-11-12,76,213,,,,,,,,,,,,"https://static.www.nfl.com/image/private/f_auto,q_auto/league/vezswr0hfnk222ok87ju",,,,,,
1980,ATL,QB,QB,0,RET,Larry Fortner,Lawrence,Fortner,1955-12-24,76,209,,,,,,,,,,,,"https://static.www.nfl.com/image/private/f_auto,q_auto/league/ivxm9hxkddkdz3pzkbut",,,,,,
1980,ATL,QB,QB,0,ACT,Mike Moroski,Michael,Moroski,1957-09-04,76,200,,,,,,,,,,,,"https://static.www.nfl.com/image/private/f_auto,q_auto/league/ilrc9rsovxara03fog9o",,,,,,
1980,ATL,RB,RB,0,ACT,Anthony Anderson,Anthony,Anderson,1956-09-27,72,197,,,,,,,,,,,,"https://static.www.nfl.com/image/private/f_auto,q_auto/league/xbf2qanh5itwczk2bgxp",,,,,,
1980,ATL,RB,RB,0,ACT,William Andrews,William,Andrews,1955-12-25,72,200,,,,,,,,,,,,"https://static.www.nfl.com/image/private/f_auto,q_auto/league/giqzoqdifmvfrgskpcck",,,,,,
1980,ATL,RB,RB,0,ACT,Lynn Cain,Lynn,Cain,1955-10-16,73,205,,,,,,,,,,,,"https://static.www.nfl.com/image/private/f_auto,q_auto/league/hehjobp4p1ixfyk6ikvu",,,,,,
1980,ATL,RB,RB,0,ACT,James Mayberry,James,Mayberry,1957-11-05,71,210,,,,,,,,,,,,"https://static.www.nfl.com/image/private/f_auto,q_auto/league/w9lasdkilbmtdpzmolhi",,,,,,
1980,ATL,RB,RB,0,ACT,Ray Strong,Raymond,Strong,1956-05-07,69,184,,,,,,,,,,,,"https://static.www.nfl.com/image/private/f_auto,q_auto/league/diw7xl2roi449ghegdso",,,,,,
1980,ATL,TE,TE,0,ACT,Russ Mikeska,Russell,Mikeska,1955-09-10,75,225,,,,,,,,,,,,"https://static.www.nfl.com/image/private/f_auto,q_auto/league/bsrxacslevki6jtjkewi",,,,,,
1980,ATL,TE,TE,0,ACT,Junior Miller,Selvia,Miller,1957-11-26,76,235,,,,,,,,,,,,"https://static.www.nfl.com/image/private/f_auto,q_auto/league/byvfuiz5ppvnj7z1aurc",,,,,,
1980,ATL,WR,WR,0,ACT,Wally Francis,Wallace,Francis,1951-11-07,71,190,,,,,,,,,,,,"https://static.www.nfl.com/image/private/f_auto,q_auto/league/fsorcpuspjz2xoyv2ehq",,,,,,
1980,ATL,WR,WR,0,ACT,Alfred Jackson,Alfred,Jackson,1955-08-03,71,176,,,,,,,,,,,,"https://static.www.nfl.com/image/private/f_auto,q_auto/league/t1is1z5lytawrmiknsnj",,,,,,
1980,ATL,WR,WR,0,ACT,Alfred Jenkins,Alfred,Jenkins,1952-01-25,70,165,,,,,,,,,,,,"https://static.www.nfl.com/image/private/f_auto,q_auto/league/pt8gfvqimtobjlvhet0n",,,,,,
1980,ATL,WR,WR,0,ACT,Mike Smith,Michael,Smith,1958-04-28,70,194,,,,,,,,,,,,"https://static.www.nfl.com/image/private/f_auto,q_auto/league/qnrllmlt7j2porrypq2r",,,,,,
1980,ATL,WR,WR,0,ACT,Reggie Smith,Reginald,Smith,1956-07-15,64,168,,,,,,,,,,,,"https://static.www.nfl.com/image/private/f_auto,q_auto/league/jlbbkbr4gdzw7vljjo51",,,,,,
1980,BAL,DB,DB,0,ACT,Kim Anderson,Kim,Anderson,1957-07-19,71,172,,,,,,,,,,,,"https://static.www.nfl.com/image/private/f_auto,q_auto/league/smb0htwcj3uctbigdpf5",,,,,,
1980,BAL,DB,FS,0,ACT,Lyle Blackwood,Lyle,Blackwood,1951-05-02,73,188,,,,,,,,,,,,"https://static.www.nfl.com/image/private/f_auto,q_auto/league/kzk48x4ekp3pcqzwrjqk",,,,,,
1980,BAL,DB,CB,0,ACT,Larry Braziel,Larry,Braziel,1954-09-25,72,188,,,,,,,,,,,,"https://static.www.nfl.com/image/private/f_auto,q_auto/league/e21qby7wsk6crtb9bujk",,,,,,
1980,DET,DL,DT,0,ACT,Alva Liles,Alva,Liles,1956-03-06,75,255,,,,,,,,,,,,"https://static.www.nfl.com/image/private/f_auto,q_auto/league/throamhiq5zmip6etiih",,,,,,
1980,BAL,DB,CB,0,ACT,Derrick Hatchett,Derrick,Hatchett,1958-08-14,71,182,,,,,,,,,,,,"https://static.www.nfl.com/image/private/f_auto,q_auto/league/pkgevxawegv2izegficu",,,,,,
1980,BAL,DB,S,0,ACT,Bruce Laird,Bruce,Laird,1950-05-23,72,185,,,,,,,,,,,,"https://static.www.nfl.com/image/private/f_auto,q_auto/league/neh3bfh41epuqljeotv0",,,,,,
1980,BAL,DB,S,0,ACT,Reggie Pinkney,Vernon,Pinkney,1955-05-27,71,190,,,,,,,,,,,,"https://static.www.nfl.com/image/private/f_auto,q_auto/league/jljzj7yu5itlvz4snqa2",,,,,,
1980,BAL,DL,DT,0,ACT,Mike Barnes,Michael,Barnes,1950-12-24,78,255,,,,,,,,,,,,"https://static.www.nfl.com/image/private/f_auto,q_auto/league/xowqtj52iuul3s8ji4hq",,,,,,
1980,BAL,DL,DE,0,ACT,Fred Cook,Frederick,Cook,1952-04-15,76,244,,,,,,,,,,,,"https://static.www.nfl.com/image/private/f_auto,q_auto/league/dx32xczftyat7xbcs0b6",,,,,,
1980,BAL,DL,DT,0,ACT,Joe Ehrmann,Joseph,Ehrmann,1949-03-29,77,260,,,,,,,,,,,,"https://static.www.nfl.com/image/private/f_auto,q_auto/league/d3atet7d7jlupib84vjn",,,,,,
1980,BAL,DL,DE,0,ACT,Greg Fields,Gregory,Fields,1955-01-23,79,260,,,,,,,,,,,,"https://static.www.nfl.com/image/private/f_auto,q_auto/league/gmdk25cucofvnfphji76",,,,,,
1980,BAL,DL,DE,0,ACT,Gary Johnson,Gary,Johnson,1955-10-02,76,240,,,,,,,,,,,,"https://static.www.nfl.com/image/private/f_auto,q_auto/league/s1p3gsfrrd62obc1iwpn",,,,,,
1980,BAL,DL,DT,0,TRC,Jim Krahl,James,Krahl,1953-11-19,77,252,,,,,,,,,,,,"https://static.www.nfl.com/image/private/f_auto,q_auto/league/sxe9sdxfrhkp78gbdecr",,,,,,
1980,BAL,DL,DT,0,ACT,Herb Orvis,Herbert,Orvis,1946-10-17,77,240,,,,,,,,,,,,"https://static.www.nfl.com/image/private/f_auto,q_auto/league/vwcn82fajohdvqpitovv",,,,,,
1980,BAL,DL,DE,0,ACT,Mike Ozdowski,Michael,Ozdowski,1955-09-24,77,243,,,,,,,,,,,,"https://static.www.nfl.com/image/private/f_auto,q_auto/league/ebautpsk4qtotrm2kpel",,,,,,
1980,BAL,K,K,0,ACT,Steve Mike-Mayer,Istvan,Mike-Mayer,1947-09-08,72,180,,,,,,,,,,,,"https://static.www.nfl.com/image/private/f_auto,q_auto/league/afq1wvhzu1jc959mev2v",,,,,,
1980,BAL,LB,LB,0,ACT,Steve Heimkreiter,Steven,Heimkreiter,1957-06-09,74,228,,,,,,,,,,,,"https://static.www.nfl.com/image/private/f_auto,q_auto/league/vbtrf8ajtqw9mounp5i6",,,,,,
1980,BAL,LB,LB,0,ACT,Ricky Jones,Broderick,Jones,1955-03-09,73,195,,,,,,,,,,,,"https://static.www.nfl.com/image/private/f_auto,q_auto/league/vusd66pwgao6txtnajxz",,,,,,
1980,BAL,LB,OLB,0,ACT,Barry Krauss,Richard,Krauss,1957-03-17,75,232,,,,,,,,,,,,"https://static.www.nfl.com/image/private/f_auto,q_auto/league/vvg6wjboszaytgpxfa37",,,,,,
1980,BAL,LB,OLB,0,ACT,Sanders Shiver,Sanders,Shiver,1954-02-14,74,227,,,,,,,,,,,,"https://static.www.nfl.com/image/private/f_auto,q_auto/league/yawp28whjkkktmmsuzpl",,,,,,
1980,BAL,LB,MLB,0,ACT,Ed Simonini,Edward,Simonini,1954-02-02,72,220,,,,,,,,,,,,"https://static.www.nfl.com/image/private/f_auto,q_auto/league/ipznlc9iiaqjcgxpxk8b",,,,,,
1980,BAL,LB,LB,0,ACT,Ed Smith,Henry,Smith,1957-05-18,74,216,,,,,,,,,,,,"https://static.www.nfl.com/image/private/f_auto,q_auto/league/iugin92eaix6eogixesc",,,,,,
1980,BAL,LB,OLB,0,ACT,Mike Woods,Michael,Woods,1954-11-01,74,237,,,,,,,,,,,,"https://static.www.nfl.com/image/private/f_auto,q_auto/league/mpfrtrhlvz3j3j0wkcjl",,,,,,
1980,DET,OL,OT,0,ACT,Keith Dorney,Keith,Dorney,1957-12-03,77,265,,,,,,,,,,,,"https://static.www.nfl.com/image/private/f_auto,q_auto/league/opr67nyiqpxbdmarvuyk",,,,,,
1980,DET,OL,G,0,ACT,Homer Elias,Homer,Elias,1955-05-01,75,255,,,,,,,,,,,,"https://static.www.nfl.com/image/private/f_auto,q_auto/league/olweu2l5alno1j1c5o38",,,,,,
1980,BAL,OL,OT,0,ACT,Wade Griffin,Wade,Griffin,1954-08-07,77,238,,,,,,,,,,,,"https://static.www.nfl.com/image/private/f_auto,q_auto/league/nyfwec0vgh8nqeg8hxpz",,,,,,
1980,BAL,OL,OT,0,ACT,Jeff Hart,Jeffery,Hart,1953-09-10,77,266,,,,,,,,,,,,"https://static.www.nfl.com/image/private/f_auto,q_auto/league/qzp01l3icjesn79rh0nd",,,,,,
1980,BAL,OL,G,0,ACT,Ken Huff,Kenneth,Huff,1953-02-21,76,260,,,,,,,,,,,,"https://static.www.nfl.com/image/private/f_auto,q_auto/league/w5n8vixxtaf4we8ascic",,,,,,
1980,BAL,OL,OT,0,ACT,George Kunz,George,Kunz,1947-07-05,77,257,,,,,,,,,,,,"https://static.www.nfl.com/image/private/f_auto,q_auto/league/xefpsfsescdm7n3teiq6",,,,,,
1980,BAL,OL,C,0,ACT,Ken Mendenhall,Kenneth,Mendenhall,1948-08-11,75,242,,,,,,,,,,,,"https://static.www.nfl.com/image/private/f_auto,q_auto/league/r7b4qosbkd9wleahtkdb",,,,,,
1980,BAL,OL,G,0,ACT,Bob Pratt,Robert,Pratt,1951-05-25,75,255,,,,,,,,,,,,"https://static.www.nfl.com/image/private/f_auto,q_auto/league/ulueb6b5ig4yesfprgcf",,,,,,
1980,BAL,OL,G,0,ACT,Bob Van Duyne,Robert,Van Duyne,1952-05-15,77,243,,,,,,,,,,,,"https://static.www.nfl.com/image/private/f_auto,q_auto/league/pgdmr1cm18omsizbjzbp",,,,,,
1980,BAL,P,P,0,ACT,Mike Bragg,Michael,Bragg,1946-09-26,71,186,,,,,,,,,,,,"https://static.www.nfl.com/image/private/f_auto,q_auto/league/lifj5myvxqarnd1kae1o",,,,,,
1980,BAL,QB,QB,0,ACT,Bert Jones,Bertram,Jones,1951-09-07,75,205,,,,,,,,,,,,"https://static.www.nfl.com/image/private/f_auto,q_auto/league/yxv9nbawmjlhmsudaobo",,,,,,
1980,BAL,QB,QB,0,ACT,Greg Landry,Gregory,Landry,1946-12-18,76,210,,,,,,,,,,,,"https://static.www.nfl.com/image/private/f_auto,q_auto/league/z4iewz102t4jrdsayiz0",,,,,,
1980,BAL,RB,RB,0,ACT,Curtis Dickey,Curtis,Dickey,1956-11-27,73,205,,,,,,,,,,,,"https://static.www.nfl.com/image/private/f_auto,q_auto/league/e9wmuxaybikgvjnjgtik",,,,,,
1980,BAL,RB,RB,0,ACT,Zachary Dixon,Zachary,Dixon,1956-03-05,72,200,,,,,,,,,,,,"https://static.www.nfl.com/image/private/f_auto,q_auto/league/mbxaeeef5pv47nyavoiu",,,,,,
1980,BAL,RB,RB,0,ACT,Cleveland Franklin,Cleveland,Franklin,1955-04-24,74,216,,,,,,,,,,,,"https://static.www.nfl.com/image/private/f_auto,q_auto/league/bu3aizkmzfr116blp4za",,,,,,
1980,BAL,RB,RB,0,ACT,Ben Garry,Benjamin,Garry,1956-02-11,72,215,,,,,,,,,,,,"https://static.www.nfl.com/image/private/f_auto,q_auto/league/oweplyo7mzx1wfo7cmzv",,,,,,
1980,BAL,RB,RB,0,ACT,Don McCauley,Donald,McCauley,1949-05-12,73,207,,,,,,,,,,,,"https://static.www.nfl.com/image/private/f_auto,q_auto/league/tv3f6osain0wrr7dp6bg",,,,,,
1980,BAL,RB,FB,0,ACT,Marvin Sims,Marvin,Sims,1957-06-08,76,234,,,,,,,,,,,,"https://static.www.nfl.com/image/private/f_auto,q_auto/league/hnh94yejth4bbpf0xcae",,,,,,
1980,BAL,RB,RB,0,ACT,Joe Washington,Joe,Washington,1953-09-24,70,179,,,,,,,,,,,,"https://static.www.nfl.com/image/private/f_auto,q_auto/league/s3g5nwoh8qgn2ecsrhhm",,,,,,
1980,BAL,TE,TE,0,ACT,Mack Alston,Mack,Alston,1947-04-27,74,230,,,,,,,,,,,,"https://static.www.nfl.com/image/private/f_auto,q_auto/league/orpo4gw9fvivpbedgoj1",,,,,,
1980,BAL,TE,TE,0,ACT,Ron LaPointe,Ronald,LaPointe,1957-02-28,74,235,,,,,,,,,,,,"https://static.www.nfl.com/image/private/f_auto,q_auto/league/l80zdbhhqteq5imaysqx",,,,,,
1980,BAL,TE,TE,0,ACT,Reese McCall,Reese,McCall,1956-06-16,78,232,,,,,,,,,,,,"https://static.www.nfl.com/image/private/f_auto,q_auto/league/vvnawlnvtlcaqs04pako",,,,,,
1980,BAL,TE,TE,0,ACT,Bob Raba,Robert,Raba,1955-04-23,73,222,,,,,,,,,,,,"https://static.www.nfl.com/image/private/f_auto,q_auto/league/zjrvhck15bei5q9uw25p",,,,,,
1980,BAL,WR,WR,0,ACT,Randy Burke,Randall,Burke,1955-05-26,74,185,,,,,,,,,,,,"https://static.www.nfl.com/image/private/f_auto,q_auto/league/aj4aopuqlmepenh09j0r",,,,,,
1980,BAL,WR,WR,0,ACT,Ray Butler,Raymond,Butler,1956-06-28,75,200,,,,,,,,,,,,"https://static.www.nfl.com/image/private/f_auto,q_auto/league/wzze65dbj1wp2w7c750h",,,,,,
1980,BAL,WR,WR,0,ACT,Roger Carr,Roger,Carr,1952-07-01,75,200,,,,,,,,,,,,"https://static.www.nfl.com/image/private/f_auto,q_auto/league/hqmqcxmzrcolwumodd6u",,,,,,
1980,BAL,WR,WR,0,ACT,Brian DeRoo,Brian,DeRoo,1956-04-25,75,190,,,,,,,,,,,,"https://static.www.nfl.com/image/private/f_auto,q_auto/league/ajwwsynumqwppmyjcxz5",,,,,,
1980,BAL,WR,WR,0,ACT,Mike Siani,Michael,Siani,1950-05-27,74,195,,,,,,,,,,,,"https://static.www.nfl.com/image/private/f_auto,q_auto/league/fw9t5l95wf66n0l4xi8v",,,,,,
1980,BUF,DB,CB,0,ACT,Rufus Bess,Rufus,Bess,1956-09-13,69,180,,,,,,,,,,,,"https://static.www.nfl.com/image/private/f_auto,q_auto/league/kzyqnqqlqjtrw9zeo8pw",,,,,,
1980,BUF,DB,CB,0,ACT,Mario Clark,Mario,Clark,1954-03-29,74,190,,,,,,,,,,,,"https://static.www.nfl.com/image/private/f_auto,q_auto/league/t4p7isgovwgujkwhlhfr",,,,,,
1980,BUF,DB,S,0,ACT,Steve Freeman,Steven,Freeman,1953-05-08,71,185,,,,,,,,,,,,"https://static.www.nfl.com/image/private/f_auto,q_auto/league/ebkdzdisfio4mr1vxxxv",,,,,,
1980,BUF,DB,DB,0,ACT,Doug Greene,Douglas,Greene,1956-02-10,74,205,,,,,,,,,,,,"https://static.www.nfl.com/image/private/f_auto,q_auto/league/ixbijjxkjgysetg9liqg",,,,,,
1980,BUF,DB,DB,0,ACT,Rod Kush,Rodney,Kush,1956-12-29,72,188,,,,,,,,,,,,"https://static.www.nfl.com/image/private/f_auto,q_auto/league/wejkdbljynhsnu7hk1wo",,,,,,
1980,BUF,DB,FS,0,ACT,Jeff Nixon,Jeffrey,Nixon,1956-10-13,75,190,,,,,,,,,,,,"https://static.www.nfl.com/image/private/f_auto,q_auto/league/ghjh2mgjsvaftqydiwu4",,,,,,
1980,BUF,DB,CB,0,ACT,Charles Romes,Charles,Romes,1954-12-16,73,191,,,,,,,,,,,,"https://static.www.nfl.com/image/private/f_auto,q_auto/league/o0v72b0bfpohmp3dsh91",,,,,,
1980,BUF,DB,FS,0,ACT,Bill Simpson,William,Simpson,1951-12-05,73,180,,,,,,,,,,,,"https://static.www.nfl.com/image/private/f_auto,q_auto/league/mrdnvgui12ff9je4ni3n",,,,,,
1980,BUF,DB,CB,0,ACT,Roland Solomon,Roland,Solomon,1956-02-06,72,189,,,,,,,,,,,,"https://static.www.nfl.com/image/private/f_auto,q_auto/league/ig2ifwk4gs7gdni751bq",,,,,,
1980,BUF,DL,DE,0,ACT,Dee Hardison,William,Hardison,1956-05-02,76,269,,,,,,,,,,,,"https://static.www.nfl.com/image/private/f_auto,q_auto/league/rkqigdbrbqj5aikgkzaj",,,,,,
1980,BUF,DL,DE,0,ACT,Scott Hutchinson,Scott,Hutchinson,1956-05-27,76,243,,,,,,,,,,,,"https://static.www.nfl.com/image/private/f_auto,q_auto/league/kmffte30rladiant0ryl",,,,,,
1980,BUF,DL,DE,0,ACT,Darrell Irvin,Darrell,Irvin,1957-01-21,76,255,,,,,,,,,,,,"https://static.www.nfl.com/image/private/f_auto,q_auto/league/kq8ijcq7nhpu6uvjelil",,,,,,
1980,BUF,DL,DE,0,ACT,Ken Johnson,Kenneth,Johnson,1955-03-25,77,253,,,,,,,,,,,,"https://static.www.nfl.com/image/private/f_auto,q_auto/league/tlbpc7ijj40k16z3iwmx",,,,,,
1980,BUF,DL,DT,0,ACT,Mike Kadish,Michael,Kadish,1950-05-27,77,265,,,,,,,,,,,,"https://static.www.nfl.com/image/private/f_auto,q_auto/league/kzy4amykvseg4avcyitn",,,,,,
1980,GB,DL,DT,0,ACT,Mike Lewis,Michael,Lewis,1949-07-14,76,261,,,,,,,,,,,,"https://static.www.nfl.com/image/private/f_auto,q_auto/league/ynl9hq4ynij1nmgxg3u9",,,,,,
1980,BUF,DL,DE,0,ACT,Sherman White,Sherman,White,1948-10-06,77,250,,,,,,,,,,,,"https://static.www.nfl.com/image/private/f_auto,q_auto/league/ec3nmw9r1saueauuyrg3",,,,,,
1980,BUF,DL,DE,0,ACT,Ben Williams,Robert,Williams,1954-09-01,75,245,,,,,,,,,,,,"https://static.www.nfl.com/image/private/f_auto,q_auto/league/ji62ovtxilnmqtik5ciy",,,,,,
1980,BUF,K,K,0,ACT,Nick Mike-Mayer,Nicholas,Mike-Mayer,1950-03-01,68,186,,,,,,,,,,,,"https://static.www.nfl.com/image/private/f_auto,q_auto/league/w4dxdw01xuodwbnqyhnz",,,,,,
1980,BUF,LB,ILB,0,ACT,Jim Haslett,James,Haslett,1955-12-09,75,232,,,,,,,,,,,,"https://static.www.nfl.com/image/private/f_auto,q_auto/league/sng3qadvurvum8qwye27",,,,,,
1980,BUF,LB,LB,0,ACT,Chris Keating,Christopher,Keating,1957-10-12,74,223,,,,,,,,,,,,"https://static.www.nfl.com/image/private/f_auto,q_auto/league/un9z5srl1m9zksazt43j",,,,,,
1980,BUF,LB,ILB,0,ACT,Shane Nelson,Curtis,Nelson,1955-05-25,73,222,,,,,,,,,,,,"https://static.www.nfl.com/image/private/f_auto,q_auto/league/hur0todxjtukpxsfdvib",,,,,,
1980,BUF,LB,LB,0,ACT,Ervin Parker,Ervin,Parker,1958-08-19,76,225,,,,,,,,,,,,"https://static.www.nfl.com/image/private/f_auto,q_auto/league/wutj3yoxthbbxtuzqeal",,,,,,
1980,BUF,LB,OLB,0,ACT,Isiah Robertson,Isiah,Robertson,1949-08-17,75,225,,,,,,,,,,,,"https://static.www.nfl.com/image/private/f_auto,q_auto/league/mqgvnykkrsxtezd72bz9",,,,,,
1980,BUF,LB,OLB,0,ACT,Lucius Sanford,Lucius,Sanford,1956-02-14,74,216,,,,,,,,,,,,"https://static.www.nfl.com/image/private/f_auto,q_auto/league/ndntsnwpwf5xm8woxcql",,,,,,
1980,BUF,LB,LB,0,ACT,Phil Villapiano,Philip,Villapiano,1949-02-26,74,225,,,,,,,,,,,,"https://static.www.nfl.com/image/private/f_auto,q_auto/league/bjoc3k2rv1irt5g8yt6b",,,,,,
1980,BUF,OL,G,0,ACT,Jon Borchardt,Jon,Borchardt,1957-08-13,77,255,,,,,,,,,,,,"https://static.www.nfl.com/image/private/f_auto,q_auto/league/vmmvjos1rstt6in22z1i",,,,,,
1980,BUF,OL,OT,0,ACT,Joe Devlin,Joseph,Devlin,1954-02-23,77,258,,,,,,,,,,,,"https://static.www.nfl.com/image/private/f_auto,q_auto/league/jhttkbctfivhqld2re94",,,,,,
1980,BUF,OL,G,0,ACT,Conrad Dobler,Conrad,Dobler,1950-10-01,75,250,,,,,,,,,,,,"https://static.www.nfl.com/image/private/f_auto,q_auto/league/dpladzj4g26dqfb7mzpp",,,,,,
1980,BUF,OL,C,0,ACT,Will Grant,Wilfred,Grant,1954-03-07,75,248,,,,,,,,,,,,"https://static.www.nfl.com/image/private/f_auto,q_auto/league/yih3kckwcwbygy3ijvwg",,,,,,
1980,BUF,OL,OT,0,ACT,Ken Jones,Kenneth,Jones,1952-12-01,77,252,,,,,,,,,,,,"https://static.www.nfl.com/image/private/f_auto,q_auto/league/rnqtjnwaqjetld5rbeez",,,,,,
1980,BUF,OL,G,0,ACT,Reggie McKenzie,Reginald,McKenzie,1950-07-27,76,255,,,,,,,,,,,,"https://static.www.nfl.com/image/private/f_auto,q_auto/league/gern2hgtqycgvhg2cxvk",,,,,,
1980,GB,OL,C,0,ACT,Ken Brown,Kenneth,Brown,1954-04-19,73,245,,,,,,,,,,,,"https://static.www.nfl.com/image/private/f_auto,q_auto/league/tqqkajssnef59ug8q3tz",,,,,,
1980,BUF,OL,C,0,ACT,Tim Vogler,Timothy,Vogler,1956-10-02,75,245,,,,,,,,,,,,"https://static.www.nfl.com/image/private/f_auto,q_auto/league/cwk8rofmcpmgoiaknokk",,,,,,
1980,BUF,P,P,0,ACT,Greg Cater,Gregory,Cater,1957-04-17,72,191,,,,,,,,,,,,"https://static.www.nfl.com/image/private/f_auto,q_auto/league/gbkzph9knjjmczwxar5a",,,,,,
1980,BUF,QB,QB,0,ACT,Joe Ferguson,Joe,Ferguson,1950-04-23,73,195,,,,,,,,,,,,"https://static.www.nfl.com/image/private/f_auto,q_auto/league/i76emcealpcn4gpsawpp",,,,,,
1980,BUF,QB,QB,0,ACT,David Humm,David,Humm,1952-04-02,74,180,,,,,,,,,,,,"https://static.www.nfl.com/image/private/f_auto,q_auto/league/jmsabgyygnp8aig2qpfr",,,,,,
1980,BUF,QB,QB,0,ACT,Dan Manucci,Daniel,Manucci,1957-09-03,74,193,,,,,,,,,,,,"https://static.www.nfl.com/image/private/f_auto,q_auto/league/jot949cryyg8md5op1d9",,,,,,
1980,BUF,RB,FB,0,ACT,Curtis Brown,Curtis,Brown,1954-12-07,70,203,,,,,,,,,,,,"https://static.www.nfl.com/image/private/f_auto,q_auto/league/y2qgdytosjr9s6a0zg8s",,,,,,
1980,BUF,RB,RB,0,ACT,Joe Cribbs,Joe,Cribbs,1958-01-05,71,190,,,,,,,,,,,,"https://static.www.nfl.com/image/private/f_auto,q_auto/league/fqgkdlewofifm2sabike",,,,,,
1980,BUF,RB,RB,0,ACT,Roland Hooks,Roland,Hooks,1953-01-02,72,197,,,,,,,,,,,,"https://static.www.nfl.com/image/private/f_auto,q_auto/league/jckv0onqyudyldu2igxp",,,,,,
1980,BUF,RB,RB,0,ACT,Roosevelt Leaks,Roosevelt,Leaks,1953-01-31,70,220,,,,,,,,,,,,"https://static.www.nfl.com/image/private/f_auto,q_auto/league/brhnwc7y48c0ztjvvf7t",,,,,,
1980,BUF,RB,RB,0,ACT,Terry Miller,Terry,Miller,1956-01-07,70,196,,,,,,,,,,,,"https://static.www.nfl.com/image/private/f_auto,q_auto/league/rumr9wyhpb8xi9747mra",,,,,,
1980,BUF,TE,TE,0,ACT,Mark Brammer,Mark,Brammer,1958-05-03,75,238,,,,,,,,,,,,"https://static.www.nfl.com/image/private/f_auto,q_auto/league/fgoyuhme8wzwvncgi3rb",,,,,,
1980,BUF,TE,TE,0,ACT,Reuben Gant,Reuben,Gant,1952-04-12,76,230,,,,,,,,,,,,"https://static.www.nfl.com/image/private/f_auto,q_auto/league/bdaoauglthakbwumziqq",,,,,,
1980,BUF,WR,WR,0,ACT,Jerry Butler,Jerry,Butler,1957-10-12,72,178,,,,,,,,,,,,"https://static.www.nfl.com/image/private/f_auto,q_auto/league/trgwnwiqurohks4hsoyo",,,,,,
1980,BUF,WR,WR,0,ACT,Duke Fergerson,Duke,Fergerson,1954-04-21,73,189,,,,,,,,,,,,"https://static.www.nfl.com/image/private/f_auto,q_auto/league/w8urzrskvmbpo8pxmres",,,,,,
1980,BUF,WR,WR,0,ACT,Ron Jessie,Ronald,Jessie,1948-02-04,72,185,,,,,,,,,,,,"https://static.www.nfl.com/image/private/f_auto,q_auto/league/zjkid3asp1lfqzw0jtys",,,,,,
1980,BUF,WR,WR,0,ACT,Frank Lewis,Frank,Lewis,1947-07-04,73,196,,,,,,,,,,,,"https://static.www.nfl.com/image/private/f_auto,q_auto/league/lmmh3fgdt3xu45gjssm0",,,,,,
1980,BUF,WR,WR,0,TRC,Artie Owens,Arthur,Owens,1953-01-14,70,176,,,,,,,,,,,,"https://static.www.nfl.com/image/private/f_auto,q_auto/league/mdsi42zd1anphkubxytt",,,,,,
1980,BUF,WR,WR,0,ACT,Lou Piccone,Louis,Piccone,1949-07-17,69,175,,,,,,,,,,,,"https://static.www.nfl.com/image/private/f_auto,q_auto/league/l8zzkxifsba0xt6p2xak",,,,,,
1980,CHI,DB,DB,0,ACT,Dave Becker,David,Becker,1957-01-15,74,190,,,,,,,,,,,,"https://static.www.nfl.com/image/private/f_auto,q_auto/league/ctkgy8eap8eoyyvix6mc",,,,,,
1980,CHI,DB,CB,0,ACT,Allan Ellis,Allan,Ellis,1951-08-19,71,185,,,,,,,,,,,,"https://static.www.nfl.com/image/private/f_auto,q_auto/league/lojjbtp10ugxez7nlluk",,,,,,
1980,CHI,DB,S,0,ACT,Gary Fencik,John,Fencik,1954-06-11,73,190,,,,,,,,,,,,"https://static.www.nfl.com/image/private/f_auto,q_auto/league/kdeua5gbqcldvpcmoad0",,,,,,
1980,CHI,DB,DB,0,ACT,Wentford Gaines,Wentford,Gaines,1953-02-04,72,185,,,,,,,,,,,,"https://static.www.nfl.com/image/private/f_auto,q_auto/league/cz2czl6r542yxwtcq3ck",,,,,,
1980,CHI,DB,DB,0,ACT,Jonathan Hoke,Jonathan,Hoke,1957-01-24,71,175,,,,,,,,,,,,"https://static.www.nfl.com/image/private/f_auto,q_auto/league/x9gv8wbwjpqvjmby9rj5",,,,,,
1980,CHI,DB,CB,0,ACT,Vaughn Lusby,Alawndra,Lusby,1956-08-23,70,178,,,,,,,,,,,,"https://static.www.nfl.com/image/private/f_auto,q_auto/league/cyhgqy9u5gbo7iuh6bfz",,,,,,
1980,CHI,DB,FS,0,ACT,Doug Plank,Douglas,Plank,1953-03-04,72,197,,,,,,,,,,,,"https://static.www.nfl.com/image/private/f_auto,q_auto/league/frbwpz5yuu3wtna2yseo",,,,,,
1980,CHI,DB,CB,0,ACT,Terry Schmidt,Terrence,Schmidt,1952-05-28,72,177,,,,,,,,,,,,"https://static.www.nfl.com/image/private/f_auto,q_auto/league/uhhuqgtpoatlu5jhnbre",,,,,,
1980,CHI,DB,DB,0,ACT,Mike Ulmer,Michael,Ulmer,1954-12-28,72,201,,,,,,,,,,,,"https://static.www.nfl.com/image/private/f_auto,q_auto/league/vakqij91gphgabou5348",,,,,,
1980,CHI,DB,S,0,ACT,Len Walterscheid,Leonard,Walterscheid,1954-09-13,71,190,,,,,,,,,,,,"https://static.www.nfl.com/image/private/f_auto,q_auto/league/fzjvfci6gs7wavjhjs4j",,,,,,
1980,CHI,DL,DE,0,ACT,Dan Hampton,Daniel,Hampton,1957-09-19,77,255,,,,,,,,,,,,"https://static.www.nfl.com/image/private/f_auto,q_auto/league/m0aik3u45uipbvgyzcli",,,,,,
1980,CHI,DL,DE,0,ACT,Mike Hartenstine,Michael,Hartenstine,1953-07-27,75,240,,,,,,,,,,,,"https://static.www.nfl.com/image/private/f_auto,q_auto/league/k7ftg4wt6hl8oxustsfu",,,,,,
1980,CHI,DL,DT,0,ACT,Jim Osborne,James,Osborne,1949-09-07,75,250,,,,,,,,,,,,"https://static.www.nfl.com/image/private/f_auto,q_auto/league/hq1lzkahhkzbqeppc1b4",,,,,,
1980,CHI,DL,DT,0,ACT,Alan Page,Alan,Page,1945-08-07,76,245,,,,,,,,,,,,"https://static.www.nfl.com/image/private/f_auto,q_auto/league/qfuoxs6wh2fcz9jmd2t9",,,,,,
1980,CHI,DL,DT,0,ACT,Ron Rydalch,Ronald,Rydalch,1952-01-01,76,260,,,,,,,,,,,,"https://static.www.nfl.com/image/private/f_auto,q_auto/league/hnvwwvnm9or6ewqhg0cm",,,,,,
1980,CHI,DL,DT,0,ACT,Brad Shearer,Sterling,Shearer,1955-08-10,75,254,,,,,,,,,,,,"https://static.www.nfl.com/image/private/f_auto,q_auto/league/chm1gj6vdwbeo6e6khjw",,,,,,
1980,CHI,K,K,0,ACT,Bob Thomas,Robert,Thomas,1952-08-07,70,178,,,,,,,,,,,,"https://static.www.nfl.com/image/private/f_auto,q_auto/league/qdbpyijzkbiomplsh1jv",,,,,,
1980,CHI,LB,OLB,0,ACT,Gary Campbell,Gary,Campbell,1952-03-04,73,218,,,,,,,,,,,,"https://static.www.nfl.com/image/private/f_auto,q_auto/league/n60nhxp9emqhthnbffqf",,,,,,
1980,CHI,LB,LB,0,ACT,Al Harris,Alfred,Harris,1956-12-31,77,250,,,,,,,,,,,,"https://static.www.nfl.com/image/private/f_auto,q_auto/league/kwrpdo4lnsb7js6igujj",,,,,,
1980,CHI,LB,LB,0,ACT,Bruce Herron,Bruce,Herron,1954-04-14,74,220,,,,,,,,,,,,"https://static.www.nfl.com/image/private/f_auto,q_auto/league/k5jfe3u6tsrf4vcnjv52",,,,,,
1980,CHI,LB,MLB,0,ACT,Tom Hicks,Thomas,Hicks,1952-12-18,76,235,,,,,,,,,,,,"https://static.www.nfl.com/image/private/f_auto,q_auto/league/og5iwwxrdds9wznw965i",,,,,,
1980,CHI,LB,MLB,0,ACT,Lee Kunz,Lee,Kunz,1957-04-21,74,226,,,,,,,,,,,,"https://static.www.nfl.com/image/private/f_auto,q_auto/league/rcc6x7ctkil57kp6rjgv",,,,,,
1980,CHI,LB,OLB,0,ACT,Jerry Muckensturm,Jerry,Muckensturm,1953-10-13,76,226,,,,,,,,,,,,"https://static.www.nfl.com/image/private/f_auto,q_auto/league/ixpx18oj3oru4nlw44ru",,,,,,
1980,CHI,LB,OLB,0,ACT,Otis Wilson,Otis,Wilson,1957-09-15,74,222,,,,,,,,,,,,"https://static.www.nfl.com/image/private/f_auto,q_auto/league/khvppdt7mrvnyzq6a6vs",,,,,,
1980,CHI,OL,OT,0,ACT,Ted Albrecht,Theodore,Albrecht,1954-10-08,76,253,,,,,,,,,,,,"https://static.www.nfl.com/image/private/f_auto,q_auto/league/vd6oloao5xwdez9oeot0",,,,,,
1980,CHI,OL,G,0,ACT,Noah Jackson,Noah,Jackson,1951-04-14,74,263,,,,,,,,,,,,"https://static.www.nfl.com/image/private/f_auto,q_auto/league/bmt2zmy7yihnjay08j2h",,,,,,
1980,CHI,OL,OT,0,ACT,Dan Jiggetts,Daniel,Jiggetts,1954-03-10,76,274,,,,,,,,,,,,"https://static.www.nfl.com/image/private/f_auto,q_auto/league/xi0dxqsxj1ssqutry9sk",,,,,,
1980,CHI,OL,OT,0,ACT,Dennis Lick,Dennis,Lick,1954-04-26,75,271,,,,,,,,,,,,"https://static.www.nfl.com/image/private/f_auto,q_auto/league/ycigjjvwty7g594xcljw",,,,,,
1980,CHI,OL,OT,0,ACT,Rocco Moore,Rocco,Moore,1955-03-31,77,276,,,,,,,,,,,,"https://static.www.nfl.com/image/private/f_auto,q_auto/league/atgpkgmqlvw2vyo5cxfe",,,,,,
1980,CHI,OL,C,0,ACT,Dan Neal,Thomas,Neal,1949-08-30,76,240,,,,,,,,,,,,"https://static.www.nfl.com/image/private/f_auto,q_auto/league/ihjq9umens3szwrdmf0c",,,,,,
1980,CHI,OL,G,0,ACT,Revie Sorey,Revie,Sorey,1953-09-10,74,260,,,,,,,,,,,,"https://static.www.nfl.com/image/private/f_auto,q_auto/league/ebkkngldfqsletp5c9bf",,,,,,
1980,CHI,OL,C,0,ACT,Paul Tabor,Paul,Tabor,1956-11-30,76,241,,,,,,,,,,,,"https://static.www.nfl.com/image/private/f_auto,q_auto/league/ydzmeepcsjeihy98maje",,,,,,
1980,CHI,P,P,0,ACT,Bob Parsons,Robert,Parsons,1950-06-29,76,234,,,,,,,,,,,,"https://static.www.nfl.com/image/private/f_auto,q_auto/league/zyvnzwqhi6wkx2tawd41",,,,,,
1980,CHI,QB,QB,0,RET,Bob Avellini,Robert,Avellini,1953-08-28,74,,,,,,,,,,,,,"https://static.www.nfl.com/image/private/f_auto,q_auto/league/tgl1g39ujpswzxt64yci",,,,,,
1980,HOU,LB,ILB,0,ACT,Art Stringer,Arthur,Stringer,1954-01-30,73,223,,,,,,,,,,,,"https://static.www.nfl.com/image/private/f_auto,q_auto/league/urbeqbypjfldbuk6vlfa",,,,,,
1980,CHI,QB,QB,0,ACT,Mike Phipps,Michael,Phipps,1947-11-19,75,208,,,,,,,,,,,,"https://static.www.nfl.com/image/private/f_auto,q_auto/league/qfibjhkwworzac3b5ibo",,,,,,
1980,CHI,RB,RB,0,ACT,Roland Harper,Roland,Harper,1953-02-28,71,194,,,,,,,,,,,,"https://static.www.nfl.com/image/private/f_auto,q_auto/league/tjuuumtp3dr3vtae92q8",,,,,,
1980,CHI,RB,RB,0,ACT,Willie McClendon,Willie,McClendon,1957-09-13,73,205,,,,,,,,,,,,"https://static.www.nfl.com/image/private/f_auto,q_auto/league/yc2kf045ox02um9h8wwu",,,,,,
1980,CHI,RB,RB,0,ACT,Walter Payton,Walter,Payton,1954-07-25,70,200,,,,,,,,,,,,"https://static.www.nfl.com/image/private/f_auto,q_auto/league/yjatyzmf5yhgs0v9qcze",,,,,,
1980,CHI,RB,RB,0,ACT,John Skibinski,John,Skibinski,1955-04-27,72,218,,,,,,,,,,,,"https://static.www.nfl.com/image/private/f_auto,q_auto/league/gaa193nsnvpc9ngfscmm",,,,,,
1980,CHI,RB,RB,0,ACT,Matt Suhey,Matthew,Suhey,1958-07-07,71,217,,,,,,,,,,,,"https://static.www.nfl.com/image/private/f_auto,q_auto/league/ttcwdlgssxl8vgosj06j",,,,,,
1980,CHI,RB,RB,0,ACT,Dave Williams,David,Williams,1954-03-10,74,200,,,,,,,,,,,,"https://static.www.nfl.com/image/private/f_auto,q_auto/league/x9md1119mnnoctsvtntt",,,,,,
1980,CHI,TE,TE,0,ACT,Mike Cobb,Michael,Cobb,1955-12-10,77,248,,,,,,,,,,,,"https://static.www.nfl.com/image/private/f_auto,q_auto/league/tfdggsocbslj3mdrxilt",,,,,,
1980,CHI,TE,TE,0,ACT,Robin Earl,Robin,Earl,1955-03-18,77,247,,,,,,,,,,,,"https://static.www.nfl.com/image/private/f_auto,q_auto/league/c08xijdpivzk6anevuc2",,,,,,
1980,CHI,TE,TE,0,ACT,Bob Fisher,Robert,Fisher,1958-03-17,75,240,,,,,,,,,,,,"https://static.www.nfl.com/image/private/f_auto,q_auto/league/tixvo9i2z2qduaufrntu",,,,,,
1980,CHI,TE,TE,0,ACT,Greg Latta,Gregory,Latta,1952-10-13,75,226,,,,,,,,,,,,"https://static.www.nfl.com/image/private/f_auto,q_auto/league/zloybz6a0hrtacow8se6",,,,,,
1980,CHI,WR,WR,0,ACT,Brian Baschnagel,Brian,Baschnagel,1954-01-08,71,195,,,,,,,,,,,,"https://static.www.nfl.com/image/private/f_auto,q_auto/league/twq94ryzif5zg74wt7in",,,,,,
1980,CHI,WR,WR,0,ACT,Kris Haines,David,Haines,1957-07-23,71,183,,,,,,,,,,,,"https://static.www.nfl.com/image/private/f_auto,q_auto/league/roxx1qjk7zuzdodc9lkq",,,,,,
1980,CHI,WR,WR,0,ACT,James Scott,Bernard,Scott,1952-03-28,73,190,,,,,,,,,,,,"https://static.www.nfl.com/image/private/f_auto,q_auto/league/rkf5q73lfyivv84evrhb",,,,,,
1980,CHI,WR,WR,0,ACT,Rickey Watts,Rickey,Watts,1957-05-16,73,203,,,,,,,,,,,,"https://static.www.nfl.com/image/private/f_auto,q_auto/league/wwgjn1k4hlcia9nh5rr2",,,,,,
1980,CIN,DB,CB,0,ACT,Louis Breeden,Louis,Breeden,1953-10-26,71,185,,,,,,,,,,,,"https://static.www.nfl.com/image/private/f_auto,q_auto/league/jwuxrsmu6du8yxsleo7m",,,,,,
1980,CIN,DB,S,0,ACT,Greg Bright,Gregory,Bright,1957-08-02,72,204,,,,,,,,,,,,"https://static.www.nfl.com/image/private/f_auto,q_auto/league/p0bl97x0qndckhb58kv6",,,,,,
1980,CIN,DB,DB,0,ACT,Jim Browner,Jimmie,Browner,1955-12-04,73,209,,,,,,,,,,,,"https://static.www.nfl.com/image/private/f_auto,q_auto/league/wfwfhuacmyibecaxyzwd",,,,,,
1980,CIN,DB,CB,0,ACT,Clarence Chapman,Clarence,Chapman,1953-12-10,70,185,,,,,,,,,,,,"https://static.www.nfl.com/image/private/f_auto,q_auto/league/oqbkb4zammfcsnqyx6da",,,,,,
1980,CIN,DB,CB,0,ACT,Ray Griffin,Raymond,Griffin,1956-06-29,70,186,,,,,,,,,,,,"https://static.www.nfl.com/image/private/f_auto,q_auto/league/pwqps66cxiaqkdichxqj",,,,,,
1980,CIN,DB,DB,0,ACT,Jo Jo Heath,Joseph,Heath,1957-03-09,70,182,,,,,,,,,,,,"https://static.www.nfl.com/image/private/f_auto,q_auto/league/tdrphia9p3khbxnpx5ww",,,,,,
1980,CIN,DB,FS,0,ACT,Bryan Hicks,Mark,Hicks,1957-01-24,72,192,,,,,,,,,,,,"https://static.www.nfl.com/image/private/f_auto,q_auto/league/cdgfxop37n8i5jnjoqcd",,,,,,
1980,CIN,DB,FS,0,ACT,Dick Jauron,Richard,Jauron,1950-10-07,72,190,,,,,,,,,,,,"https://static.www.nfl.com/image/private/f_auto,q_auto/league/jjmtp6dipkbwhgdhigi8",,,,,,
1980,CIN,DB,CB,0,ACT,Ken Riley,Kenneth,Riley,1947-08-06,71,181,,,,,,,,,,,,"https://static.www.nfl.com/image/private/f_auto,q_auto/league/cthqmuyievwex8qtt7fs",,,,,,
1980,CIN,DB,S,0,ACT,Shafer Suggs,Shafer,Suggs,1953-04-28,73,200,,,,,,,,,,,,"https://static.www.nfl.com/image/private/f_auto,q_auto/league/yg4vzvzx538jrc2ujrwg",,,,,,
1980,CIN,DL,DE,0,ACT,Ross Browner,Ross,Browner,1954-03-22,75,262,,,,,,,,,,,,"https://static.www.nfl.com/image/private/f_auto,q_auto/league/wgcgfiqmja0bwnppf4qa",,,,,,
1980,CIN,DL,DE,0,ACT,Gary Burley,Gary,Burley,1952-12-08,75,255,,,,,,,,,,,,"https://static.www.nfl.com/image/private/f_auto,q_auto/league/zdvqv6g115ltgomojewz",,,,,,
1980,CIN,DL,DE,0,ACT,Eddie Edwards,Eddie,Edwards,1954-04-25,77,256,,,,,,,,,,,,"https://static.www.nfl.com/image/private/f_auto,q_auto/league/vr6q3m8jvwxfxcmicrsn",,,,,,
1980,CIN,DL,NT,0,ACT,Rod Horn,Rodney,Horn,1956-11-23,76,268,,,,,,,,,,,,"https://static.www.nfl.com/image/private/f_auto,q_auto/league/xb3zwzukqe0gqabpjqe7",,,,,,
1980,CIN,DL,DE,0,ACT,Mike St. Clair,Richard,St. Clair,1953-09-02,77,245,,,,,,,,,,,,"https://static.www.nfl.com/image/private/f_auto,q_auto/league/hzpggmynpjl9rvzzdmoc",,,,,,
1980,CIN,DL,DE,0,ACT,Mike White,James,White,1957-08-11,77,266,,,,,,,,,,,,"https://static.www.nfl.com/image/private/f_auto,q_auto/league/bykrdmgcniul0ktwqwlr",,,,,,
1980,CIN,DL,NT,0,ACT,Wilson Whitley,Wilson,Whitley,1955-04-28,75,265,,,,,,,,,,,,"https://static.www.nfl.com/image/private/f_auto,q_auto/league/s1ebxbwbrciebrqraiiu",,,,,,
1980,KC,DB,CB,0,ACT,M.L. Carter,Milton,Carter,1955-12-09,69,173,,,,,,,,,,,,"https://static.www.nfl.com/image/private/f_auto,q_auto/league/gakatym2urfykqpbe2wd",,,,,,
1980,CIN,K,K,0,ACT,Ian Sunter,Ian,Sunter,1952-12-21,73,215,,,,,,,,,,,,"https://static.www.nfl.com/image/private/f_auto,q_auto/league/wsxnsraaesejgzlxjw0y",,,,,,
1980,CIN,K,K,0,ACT,Sandro Vitiello,Sandro,Vitiello,1958-02-21,74,197,,,,,,,,,,,,"https://static.www.nfl.com/image/private/f_auto,q_auto/league/p4cipjm2xa1mnpa6cjxu",,,,,,
1980,CIN,LB,ILB,0,ACT,Glenn Cameron,Glenn,Cameron,1953-02-21,74,229,,,,,,,,,,,,"https://static.www.nfl.com/image/private/f_auto,q_auto/league/jitw5undzmsht4bvj3ga",,,,,,
1980,CIN,LB,OLB,0,ACT,Tom Dinkel,Thomas,Dinkel,1956-07-25,75,246,,,,,,,,,,,,"https://static.www.nfl.com/image/private/f_auto,q_auto/league/mocrhyxqlcavzib6zrcw",,,,,,
1980,CIN,LB,OLB,0,ACT,Bo Harris,Clinton,Harris,1953-01-16,75,230,,,,,,,,,,,,"https://static.www.nfl.com/image/private/f_auto,q_auto/league/zpboiwn3nims6crc2ywd",,,,,,
1980,CIN,LB,ILB,0,ACT,Jim LeClair,James,LeClair,1950-10-30,75,234,,,,,,,,,,,,"https://static.www.nfl.com/image/private/f_auto,q_auto/league/vtiszg8op1wf1d85tatb",,,,,,
1980,CIN,LB,LB,0,ACT,Andrew Melontree,Andrew,Melontree,1957-12-01,76,228,,,,,,,,,,,,"https://static.www.nfl.com/image/private/f_auto,q_auto/league/t3e2zk4b2r7w7gdmmzlx",,,,,,
1980,CIN,LB,LB,0,ACT,Rick Razzano,Richard,Razzano,1955-11-15,71,227,,,,,,,,,,,,"https://static.www.nfl.com/image/private/f_auto,q_auto/league/cyp30xhx0moobstmp1vw",,,,,,
1980,CIN,LB,ILB,0,ACT,Ron Simpkins,Ronald,Simpkins,1958-04-02,73,235,,,,,,,,,,,,"https://static.www.nfl.com/image/private/f_auto,q_auto/league/pk5bwkpwbgjjyzyq3ulu",,,,,,
1980,CIN,LB,OLB,0,ACT,Reggie Williams,Reginald,Williams,1954-09-19,73,228,,,,,,,,,,,,"https://static.www.nfl.com/image/private/f_auto,q_auto/league/f4gfjrom1favz8hpo0nl",,,,,,
1980,CIN,OL,G,0,ACT,Glenn Bujnoch,Glenn,Bujnoch,1953-12-20,77,260,,,,,,,,,,,,"https://static.www.nfl.com/image/private/f_auto,q_auto/league/wdrywtdwcp5mm2vgao05",,,,,,
1980,KC,DL,DT,0,ACT,Jerry Meyers,Jerry,Meyers,1954-02-21,76,249,,,,,,,,,,,,"https://static.www.nfl.com/image/private/f_auto,q_auto/league/qkt16a2flelfug5vhvgm",,,,,,
1980,CIN,OL,G,0,ACT,William Glass,William,Glass,1957-12-21,76,261,,,,,,,,,,,,"https://static.www.nfl.com/image/private/f_auto,q_auto/league/nggp1nsnlwlz2dfewclk",,,,,,
1980,CIN,OL,OT,0,ACT,Dave Lapham,David,Lapham,1952-06-24,76,255,,,,,,,,,,,,"https://static.www.nfl.com/image/private/f_auto,q_auto/league/htf2slhnfcsjtrga8eof",,,,,,
1980,CIN,OL,G,0,ACT,Max Montoya,Max,Montoya,1956-05-12,77,275,,,,,,,,,,,,"https://static.www.nfl.com/image/private/f_auto,q_auto/league/lmgdawhwtxqc6zipaiye",,,,,,
1980,CIN,OL,C,0,ACT,Blake Moore,Edward,Moore,1958-05-08,77,255,,,,,,,,,,,,"https://static.www.nfl.com/image/private/f_auto,q_auto/league/csnh8q6q5ydn8lshavpf",,,,,,
1980,KC,LB,OLB,0,ACT,Tom Howard,James,Howard,1954-08-18,74,208,,,,,,,,,,,,"https://static.www.nfl.com/image/private/f_auto,q_auto/league/j4k0vll7keqj0sbyd67q",,,,,,
1980,CIN,OL,OT,0,ACT,Mike Wilson,William,Wilson,1955-05-28,77,271,,,,,,,,,,,,"https://static.www.nfl.com/image/private/f_auto,q_auto/league/ty6rcbabfq9bxlkceuxq",,,,,,
1980,CIN,P,P,0,ACT,Pat McInally,John,McInally,1953-05-07,78,210,,,,,,,,,,,,"https://static.www.nfl.com/image/private/f_auto,q_auto/league/xydkpqjkun5cc2r5csp6",,,,,,
1980,CIN,QB,QB,0,ACT,Ken Anderson,Kenneth,Anderson,1949-02-15,74,212,,,,,,,,,,,,"https://static.www.nfl.com/image/private/f_auto,q_auto/league/qlilbvrc2y7gvr35lr9c",,,,,,
1980,CIN,QB,QB,0,ACT,Turk Schonert,Turk,Schonert,1957-01-15,73,185,,,,,,,,,,,,"https://static.www.nfl.com/image/private/f_auto,q_auto/league/oc4pdlwogbmau0yi80fq",,,,,,
1980,CIN,QB,QB,0,ACT,Jack Thompson,Jack,Thompson,1956-05-19,75,217,,,,,,,,,,,,"https://static.www.nfl.com/image/private/f_auto,q_auto/league/bhudzwjqrqr6xkl6ljvp",,,,,,
1980,CIN,RB,RB,0,ACT,Charles Alexander,Charles,Alexander,1957-07-28,73,221,,,,,,,,,,,,"https://static.www.nfl.com/image/private/f_auto,q_auto/league/yitbmkbvblyb19jtrkhd",,,,,,
1980,CIN,RB,RB,0,ACT,Archie Griffin,Archie,Griffin,1954-08-24,69,189,,,,,,,,,,,,"https://static.www.nfl.com/image/private/f_auto,q_auto/league/gtztnvyntjvjrmbmfisv",,,,,,
1980,CIN,RB,RB,0,ACT,Pete Johnson,Pete,Johnson,1954-03-02,72,240,,,,,,,,,,,,"https://static.www.nfl.com/image/private/f_auto,q_auto/league/n23sixte23zak5c7vrfq",,,,,,
1980,CIN,RB,RB,0,ACT,Nathan Poole,Nathan,Poole,1956-12-17,69,210,,,,,,,,,,,,"https://static.www.nfl.com/image/private/f_auto,q_auto/league/sshi5p9sibpi3vwoj4bh",,,,,,
1980,CIN,RB,RB,0,ACT,Deacon Turner,David,Turner,1955-01-02,71,212,,,,,,,,,,,,"https://static.www.nfl.com/image/private/f_auto,q_auto/league/zrlfiljl6aavoyr5btam",,,,,,
1980,CIN,TE,TE,0,ACT,James Corbett,James,Corbett,1955-02-22,76,218,,,,,,,,,,,,"https://static.www.nfl.com/image/private/f_auto,q_auto/league/aejeoqjnfjrrhxc60fm8",,,,,,
1980,CIN,TE,TE,0,ACT,M.L. Harris,Michael,Harris,1954-01-16,77,242,,,,,,,,,,,,"https://static.www.nfl.com/image/private/f_auto,q_auto/league/ngbfjxe3c6wjreowtd6c",,,,,,
1980,CIN,TE,TE,0,ACT,Dan Ross,Daniel,Ross,1957-02-09,76,238,,,,,,,,,,,,"https://static.www.nfl.com/image/private/f_auto,q_auto/league/sdgxg6dxxyj9hanhifcc",,,,,,
1980,CIN,WR,WR,0,ACT,Alton Alexis,Alton,Alexis,1957-11-16,72,184,,,,,,,,,,,,"https://static.www.nfl.com/image/private/f_auto,q_auto/league/bz39jfm38bnqz2gtwrnz",,,,,,
1980,CIN,WR,WR,0,ACT,Don Bass,Donald,Bass,1954-10-17,74,218,,,,,,,,,,,,"https://static.www.nfl.com/image/private/f_auto,q_auto/league/eilvpbo3bcvpw8gwd3or",,,,,,
1980,CIN,WR,WR,0,ACT,Isaac Curtis,Isaac,Curtis,1950-10-20,73,192,,,,,,,,,,,,"https://static.www.nfl.com/image/private/f_auto,q_auto/league/tyarud0a82ss11taqpsr",,,,,,
1980,CIN,WR,WR,0,ACT,Steve Kreider,Steven,Kreider,1958-05-12,75,192,,,,,,,,,,,,"https://static.www.nfl.com/image/private/f_auto,q_auto/league/jfkzfz4plvdpczvmj85n",,,,,,
1980,CIN,WR,WR,0,ACT,Mike Levenseller,Michael,Levenseller,1956-02-21,73,180,,,,,,,,,,,,"https://static.www.nfl.com/image/private/f_auto,q_auto/league/hg3fr5penkxf165d0nhh",,,,,,
1980,CIN,WR,WR,0,ACT,Cleo Montgomery,Cleotha,Montgomery,1955-07-01,68,183,,,,,,,,,,,,"https://static.www.nfl.com/image/private/f_auto,q_auto/league/xsm3trvhar2oev9swayk",,,,,,
1980,CLE,DB,SAF,0,ACT,Autry Beamon,Autry,Beamon,1953-11-12,73,190,,,,,,,,,,,,"https://static.www.nfl.com/image/private/f_auto,q_auto/league/twpf5dzk6yebcfg7nqk9",,,,,,
1980,CLE,DB,CB,0,ACT,Ron Bolton,Ronald,Bolton,1950-04-16,74,180,,,,,,,,,,,,"https://static.www.nfl.com/image/private/f_auto,q_auto/league/b0in73fax4es8ucme8zr",,,,,,
1980,CLE,DB,CB,0,ACT,Clinton Burrell,Clinton,Burrell,1956-09-04,73,192,,,,,,,,,,,,"https://static.www.nfl.com/image/private/f_auto,q_auto/league/aumydfn0644xbvfm06li",,,,,,
1980,CLE,DB,FS,0,ACT,Thom Darden,Thomas,Darden,1950-08-28,74,195,,,,,,,,,,,,"https://static.www.nfl.com/image/private/f_auto,q_auto/league/ilhjyyc9tclwyvk9asyu",,,,,,
1980,CLE,DB,CB,0,ACT,Oliver Davis,Oliver,Davis,1954-08-29,73,200,,,,,,,,,,,,"https://static.www.nfl.com/image/private/f_auto,q_auto/league/nrswsktweyolwjgx3yoa",,,,,,
1980,CLE,DB,DB,0,ACT,Judson Flint,Judson,Flint,1957-01-26,72,201,,,,,,,,,,,,"https://static.www.nfl.com/image/private/f_auto,q_auto/league/ii6dxhz6zzgg2f5bfj05",,,,,,
1980,CLE,DB,CB,0,ACT,Lawrence Johnson,Lawrence,Johnson,1957-09-11,71,204,,,,,,,,,,,,"https://static.www.nfl.com/image/private/f_auto,q_auto/league/gul4mf681csx4evvghbb",,,,,,
1980,CLE,DB,S,0,ACT,Clarence Scott,Clarence,Scott,1949-04-09,72,190,,,,,,,,,,,,"https://static.www.nfl.com/image/private/f_auto,q_auto/league/sykaaq1amlrepjcxfyfr",,,,,,
1980,CLE,DL,DE,0,ACT,Lyle Alzado,Lyle,Alzado,1949-04-03,75,252,,,,,,,,,,,,"https://static.www.nfl.com/image/private/f_auto,q_auto/league/cqw7fny2wssmveq8m3rq",,,,,,
1980,CLE,DL,NT,0,ACT,Henry Bradley,Henry,Bradley,1953-09-04,74,265,,,,,,,,,,,,"https://static.www.nfl.com/image/private/f_auto,q_auto/league/srpeqfccrphkyplc3b5f",,,,,,
1980,CLE,DL,DE,0,ACT,Ron Crews,Ronald,Crews,1956-10-09,76,256,,,,,,,,,,,,"https://static.www.nfl.com/image/private/f_auto,q_auto/league/bvsldlmrn8jedvyedkka",,,,,,
1980,CLE,DL,DE,0,ACT,Cleveland Crosby,Cleveland,Crosby,1956-04-03,77,250,,,,,,,,,,,,"https://static.www.nfl.com/image/private/f_auto,q_auto/league/w9tks6mkc1l5vl6xpmaj",,,,,,
1980,CLE,DL,DE,0,ACT,Elvis Franks,Elvis,Franks,1957-07-09,76,238,,,,,,,,,,,,"https://static.www.nfl.com/image/private/f_auto,q_auto/league/o51oqf6lps8q7ogyalas",,,,,,
1980,CLE,DL,DE,0,ACT,Marshall Harris,Marshall,Harris,1955-12-06,78,261,,,,,,,,,,,,"https://static.www.nfl.com/image/private/f_auto,q_auto/league/lyh3riqu42pweuhi38mk",,,,,,
1980,CLE,DL,DE,0,ACT,Jerry Sherk,Jerry,Sherk,1948-07-07,76,258,,,,,,,,,,,,"https://static.www.nfl.com/image/private/f_auto,q_auto/league/t284phwgupmd4fkrtnje",,,,,,
1980,CLE,DL,DE,0,TRC,Jerry Wilkinson,Gerald,Wilkinson,1956-02-27,81,248,,,,,,,,,,,,"https://static.www.nfl.com/image/private/f_auto,q_auto/league/wgzztohgjb4xpmkvws2q",,,,,,
1980,CLE,K,K,0,ACT,Don Cockroft,Donald,Cockroft,1945-02-06,74,195,,,,,,,,,,,,"https://static.www.nfl.com/image/private/f_auto,q_auto/league/mghu1h1eobmphjqqpgx1",,,,,,
1980,CLE,LB,ILB,0,ACT,Dick Ambrose,Richard,Ambrose,1953-01-17,72,235,,,,,,,,,,,,"https://static.www.nfl.com/image/private/f_auto,q_auto/league/zndilvno4jukgvh8ner0",,,,,,
1980,CLE,LB,ILB,0,ACT,Bill Cowher,William,Cowher,1957-05-08,75,225,,,,,,,,,,,,"https://static.www.nfl.com/image/private/f_auto,q_auto/league/v6lybnmrwhuadarhfj4z",,,,,,
1980,CLE,LB,OLB,0,ACT,Don Goode,Donald,Goode,1951-06-21,74,234,,,,,,,,,,,,"https://static.www.nfl.com/image/private/f_auto,q_auto/league/ny3jwjiyqrbidtmovjtz",,,,,,
1980,CLE,LB,OLB,0,ACT,Charlie Hall,Charles,Hall,1948-12-02,75,220,,,,,,,,,,,,"https://static.www.nfl.com/image/private/f_auto,q_auto/league/v5tq1knrvu2zcbtorsjd",,,,,,
1980,CLE,LB,ILB,0,ACT,Robert Jackson,Robert,Jackson,1954-08-07,73,230,,,,,,,,,,,,"https://static.www.nfl.com/image/private/f_auto,q_auto/league/pdlpm5yjpbouvmvdbopp",,,,,,
1980,LA,DB,S,0,ACT,Johnnie Johnson,Johnnie,Johnson,1956-10-08,73,185,,,,,,,,,,,,"https://static.www.nfl.com/image/private/f_auto,q_auto/league/leitspb10cqqdcxdzcvp",,,,,,
1980,CLE,LB,LB,0,ACT,John Mohring,John,Mohring,1956-11-14,75,240,,,,,,,,,,,,"https://static.www.nfl.com/image/private/f_auto,q_auto/league/cz4n7qx4fcbe2ew6kfrj",,,,,,
1980,LA,DB,DB,0,ACT,Lucious Smith,Lucious,Smith,1957-01-17,70,190,,,,,,,,,,,,"https://static.www.nfl.com/image/private/f_auto,q_auto/league/praejpmvxnzyqgu4czke",,,,,,
1980,CLE,LB,LB,0,ACT,Curtis Weathers,Curtis,Weathers,1956-09-16,77,220,,,,,,,,,,,,"https://static.www.nfl.com/image/private/f_auto,q_auto/league/gdewbsoquxbctkr4z5k8",,,,,,
1980,CLE,OL,G,0,ACT,Joe DeLamielleure,Joseph,DeLamielleure,1951-03-16,75,254,,,,,,,,,,,,"https://static.www.nfl.com/image/private/f_auto,q_auto/league/ymsc8z9jlnc6xenpalg3",,,,,,
1980,CLE,OL,C,0,ACT,Tom DeLeone,Thomas,DeLeone,1950-08-13,74,248,,,,,,,,,,,,"https://static.www.nfl.com/image/private/f_auto,q_auto/league/tldcaybd692wqsz5vjxr",,,,,,
1980,CLE,OL,OT,0,ACT,Doug Dieken,Douglas,Dieken,1949-02-12,77,254,,,,,,,,,,,,"https://static.www.nfl.com/image/private/f_auto,q_auto/league/ifkrjrr6hbul0strcxp6",,,,,,
1980,CLE,OL,G,0,ACT,Robert Jackson,Robert,Jackson,1953-04-01,77,245,,,,,,,,,,,,"https://static.www.nfl.com/image/private/f_auto,q_auto/league/ajbtkinf8mpwxdegzrvi",,,,,,
1980,CLE,OL,OT,0,ACT,Joel Patten,John,Patten,1958-02-07,79,240,,,,,,,,,,,,"https://static.www.nfl.com/image/private/f_auto,q_auto/league/vm3ygpmdanixbawlgatq",,,,,,
1980,CLE,OL,OT,0,ACT,Cody Risien,Cody,Risien,1957-03-22,79,255,,,,,,,,,,,,"https://static.www.nfl.com/image/private/f_auto,q_auto/league/zcq0pfjhetxgrvuj8smb",,,,,,
1980,CLE,OL,G,0,ACT,Henry Sheppard,Henry,Sheppard,1952-11-12,78,246,,,,,,,,,,,,"https://static.www.nfl.com/image/private/f_auto,q_auto/league/gogcfyjhnop3trsgghj2",,,,,,
1980,CLE,OL,OT,0,ACT,Gerry Sullivan,Gerald,Sullivan,1952-01-15,76,250,,,,,,,,,,,,"https://static.www.nfl.com/image/private/f_auto,q_auto/league/u8uj3o18pg3yadbk8obf",,,,,,
1980,CLE,P,P,0,ACT,Johnny Evans,John,Evans,1956-02-18,73,197,,,,,,,,,,,,"https://static.www.nfl.com/image/private/f_auto,q_auto/league/bumwf0fp1v046qwgaeif",,,,,,
1980,CLE,QB,QB,0,ACT,Paul McDonald,Paul,McDonald,1958-02-23,74,185,,,,,,,,,,,,"https://static.www.nfl.com/image/private/f_auto,q_auto/league/blqpdzbxui2hijbeqex5",,,,,,
1980,CLE,QB,QB,0,ACT,Brian Sipe,Brian,Sipe,1949-08-08,73,195,,,,,,,,,,,,"https://static.www.nfl.com/image/private/f_auto,q_auto/league/jhbdhtvt0rltvbzlgzlx",,,,,,
1980,CLE,RB,RB,0,ACT,Dino Hall,Donald,Hall,1955-12-06,67,165,,,,,,,,,,,,"https://static.www.nfl.com/image/private/f_auto,q_auto/league/zdme3wzby3ocngckpr8q",,,,,,
1980,CLE,RB,RB,0,ACT,Calvin Hill,Calvin,Hill,1947-01-02,76,227,,,,,,,,,,,,"https://static.www.nfl.com/image/private/f_auto,q_auto/league/jlbh324i1zihwkcfio6w",,,,,,
1980,CLE,RB,RB,0,ACT,Cleo Miller,Cleophus,Miller,1952-09-05,71,202,,,,,,,,,,,,"https://static.www.nfl.com/image/private/f_auto,q_auto/league/bofv94j0ollo9oqp8gt4",,,,,,
1980,CLE,RB,RB,0,ACT,Greg Pruitt,Gregory,Pruitt,1951-08-18,70,186,,,,,,,,,,,,"https://static.www.nfl.com/image/private/f_auto,q_auto/league/kcfhqaxhwtew8qinlxxu",,,,,,
1980,CLE,RB,RB,0,ACT,Mike Pruitt,Michael,Pruitt,1954-04-03,72,214,,,,,,,,,,,,"https://static.www.nfl.com/image/private/f_auto,q_auto/league/cjqm31bc0e6bmrijauft",,,,,,
1980,CLE,RB,RB,0,ACT,Charles White,Charles,White,1958-01-22,70,190,,,,,,,,,,,,"https://static.www.nfl.com/image/private/f_auto,q_auto/league/nqtmdvvvyr0xu7t2rypf",,,,,,
1980,CLE,TE,TE,0,ACT,Ozzie Newsome,Ozzie,Newsome,1956-03-15,74,232,,,,,,,,,,,,"https://static.www.nfl.com/image/private/f_auto,q_auto/league/eh5h2ezne6jcjwyhcugw",,,,,,
1980,CLE,TE,TE,0,ACT,McDonald Oden,McDonald,Oden,1958-03-28,76,215,,,,,,,,,,,,"https://static.www.nfl.com/image/private/f_auto,q_auto/league/zewsa0vxm7rugsyqxejv",,,,,,
1980,CLE,WR,WR,0,ACT,Willis Adams,Willis,Adams,1956-08-22,74,194,,,,,,,,,,,,"https://static.www.nfl.com/image/private/f_auto,q_auto/league/zlpqp40wpnonzhvscqxf",,,,,,
1980,CLE,WR,WR,0,ACT,Ricky Feacher,Ivory,Feacher,1954-02-11,70,174,,,,,,,,,,,,"https://static.www.nfl.com/image/private/f_auto,q_auto/league/l2oywf2gusqgw4wa7wba",,,,,,
1980,CLE,WR,WR,0,ACT,Dave Logan,David,Logan,1954-02-02,76,226,,,,,,,,,,,,"https://static.www.nfl.com/image/private/f_auto,q_auto/league/lc0uim8wtoxao3x8ab8c",,,,,,
1980,CLE,WR,WR,0,ACT,Reggie Rucker,Reginald,Rucker,1947-09-21,74,195,,,,,,,,,,,,"https://static.www.nfl.com/image/private/f_auto,q_auto/league/dpmr3ntl1wft9qz9jy2c",,,,,,
1980,CLE,WR,WR,0,ACT,Keith Wright,William,Wright,1956-01-30,70,172,,,,,,,,,,,,"https://static.www.nfl.com/image/private/f_auto,q_auto/league/jtwqnu0t0banddqazn1c",,,,,,
1980,DAL,DB,CB,0,ACT,Benny Barnes,Benny,Barnes,1951-03-03,73,190,,,,,,,,,,,,"https://static.www.nfl.com/image/private/f_auto,q_auto/league/k5o5pmdiqmdj9hilr3xj",,,,,,
1980,DAL,DB,DB,0,ACT,Dextor Clinkscale,Frederick,Clinkscale,1958-04-13,71,189,,,,,,,,,,,,"https://static.www.nfl.com/image/private/f_auto,q_auto/league/q34lahdlxtliookl4anf",,,,,,
1980,DAL,DB,DB,0,ACT,Randy Hughes,James,Hughes,1953-04-03,76,209,,,,,,,,,,,,"https://static.www.nfl.com/image/private/f_auto,q_auto/league/nyaiqadk80hprxf3iubz",,,,,,
1980,DAL,DB,CB,0,ACT,Eric Hurt,Eric,Hurt,1957-06-11,71,171,,,,,,,,,,,,"https://static.www.nfl.com/image/private/f_auto,q_auto/league/hyhfwmaanzp6bata2ts3",,,,,,
1980,DAL,DB,CB,0,ACT,Aaron Mitchell,Aaron,Mitchell,1956-12-15,73,196,,,,,,,,,,,,"https://static.www.nfl.com/image/private/f_auto,q_auto/league/w6hfhmepa6z3h4qtavbv",,,,,,
1980,DAL,DB,CB,0,TRC,Roland Solomon,Roland,Solomon,1956-02-06,72,189,,,,,,,,,,,,"https://static.www.nfl.com/image/private/f_auto,q_auto/league/ig2ifwk4gs7gdni751bq",,,,,,
1980,DAL,DB,FS,0,ACT,Dennis Thurman,Dennis,Thurman,1956-04-13,71,182,,,,,,,,,,,,"https://static.www.nfl.com/image/private/f_auto,q_auto/league/g6isswae4kdc6v7xawhb",,,,,,
1980,DAL,DB,S,0,ACT,Charlie Waters,Charlie,Waters,1948-09-10,73,193,,,,,,,,,,,,"https://static.www.nfl.com/image/private/f_auto,q_auto/league/ahbwrgd8qx4r2ifxg9xz",,,,,,
1980,DAL,DB,CB,0,ACT,Steve Wilson,Steven,Wilson,1957-08-24,70,195,,,,,,,,,,,,"https://static.www.nfl.com/image/private/f_auto,q_auto/league/momdj8pea8j9bksiorxu",,,,,,
1980,DAL,DL,DT,0,ACT,Larry Bethea,Larry,Bethea,1956-07-21,77,254,,,,,,,,,,,,"https://static.www.nfl.com/image/private/f_auto,q_auto/league/i1fj0umt8pnumdqb1cxq",,,,,,
1980,DAL,DL,DT,0,ACT,Larry Cole,Lawrence,Cole,1946-11-15,77,252,,,,,,,,,,,,"https://static.www.nfl.com/image/private/f_auto,q_auto/league/napcbyqx4d4j2cmwculh",,,,,,
1980,DAL,DL,DT,0,ACT,John Dutton,John,Dutton,1951-02-06,78,260,,,,,,,,,,,,"https://static.www.nfl.com/image/private/f_auto,q_auto/league/hb3vpzem5trph2f73pyt",,,,,,
1980,DAL,DL,DE,0,ACT,Too Tall Jones,Edward,Jones,1951-02-23,81,260,,,,,,,,,,,,"https://static.www.nfl.com/image/private/f_auto,q_auto/league/efris3chbjw1odaigct2",,,,,,
1980,DAL,DL,DE,0,ACT,Harvey Martin,Harvey,Martin,1950-11-16,77,262,,,,,,,,,,,,"https://static.www.nfl.com/image/private/f_auto,q_auto/league/xy1hbdfu4vhka27f3fz7",,,,,,
1980,DAL,DL,DE,0,ACT,Bruce Thornton,Bruce,Thornton,1958-02-14,77,263,,,,,,,,,,,,"https://static.www.nfl.com/image/private/f_auto,q_auto/league/poejqi3tabb6kjmlfjvo",,,,,,
1980,DAL,DL,DT,0,ACT,Norm Wells,Norman,Wells,1957-09-08,77,261,,,,,,,,,,,,"https://static.www.nfl.com/image/private/f_auto,q_auto/league/ne2qmpseyum9gmriyvpq",,,,,,
1980,DAL,DL,DT,0,ACT,Randy White,Randy,White,1953-01-15,76,268,,,,,,,,,,,,"https://static.www.nfl.com/image/private/f_auto,q_auto/league/npald08ao6ahrj8diwhn",,,,,,
1980,DAL,K,K,0,ACT,Rafael Septien,Jose,Septien,1953-12-12,70,171,,,,,,,,,,,,"https://static.www.nfl.com/image/private/f_auto,q_auto/league/x3uyerf2vorrozuz0tqm",,,,,,
1980,DAL,LB,MLB,0,ACT,Bob Breunig,Robert,Breunig,1953-07-04,74,236,,,,,,,,,,,,"https://static.www.nfl.com/image/private/f_auto,q_auto/league/mxbh76wdlbphcfl5tmvv",,,,,,
1980,DAL,LB,LB,0,ACT,Guy Brown,Guy,Brown,1955-06-01,76,215,,,,,,,,,,,,"https://static.www.nfl.com/image/private/f_auto,q_auto/league/gphmgvzi2ezvpgizuqyr",,,,,,
1980,DAL,LB,LB,0,ACT,Anthony Dickerson,Anthony,Dickerson,1957-06-09,74,214,,,,,,,,,,,,"https://static.www.nfl.com/image/private/f_auto,q_auto/league/sn9vvviuysvgdlqhsxaz",,,,,,
1980,DAL,LB,OLB,0,ACT,Mike Hegman,Michael,Hegman,1953-01-17,73,221,,,,,,,,,,,,"https://static.www.nfl.com/image/private/f_auto,q_auto/league/ila9eon0bw71hwafjdev",,,,,,
1980,DAL,LB,LB,0,ACT,Bruce Huther,Bruce,Huther,1954-07-23,73,217,,,,,,,,,,,,"https://static.www.nfl.com/image/private/f_auto,q_auto/league/gbmhgqqtfb5pw8i3xik4",,,,,,
1980,DAL,LB,OLB,0,ACT,D.D. Lewis,Dwight,Lewis,1945-10-16,73,225,,,,,,,,,,,,"https://static.www.nfl.com/image/private/f_auto,q_auto/league/hv7anrspey01e8iqtz5e",,,,,,
1980,DAL,LB,LB,0,ACT,Bill Roe,William,Roe,1958-02-06,75,220,,,,,,,,,,,,"https://static.www.nfl.com/image/private/f_auto,q_auto/league/udyzo6pakwgsvuxjslst",,,,,,
1980,DAL,OL,OT,0,ACT,Jim Cooper,James,Cooper,1955-09-28,77,267,,,,,,,,,,,,"https://static.www.nfl.com/image/private/f_auto,q_auto/league/ybg9qzjzdzyoxyuyinam",,,,,,
1980,DAL,OL,OT,0,ACT,Pat Donovan,Patrick,Donovan,1953-07-01,77,240,,,,,,,,,,,,"https://static.www.nfl.com/image/private/f_auto,q_auto/league/ncilbxe74trdstclnkix",,,,,,
1980,DAL,OL,C,0,ACT,John Fitzgerald,John,Fitzgerald,1948-04-16,77,255,,,,,,,,,,,,"https://static.www.nfl.com/image/private/f_auto,q_auto/league/yuahzmsmcewjmuigzmbc",,,,,,
1980,DAL,OL,OT,0,ACT,Andy Frederick,Andrew,Frederick,1954-07-25,78,241,,,,,,,,,,,,"https://static.www.nfl.com/image/private/f_auto,q_auto/league/qiulvmtzlvzvsj47c7ze",,,,,,
1980,DAL,OL,G,0,ACT,Kurt Petersen,Kurt,Petersen,1957-06-17,76,255,,,,,,,,,,,,"https://static.www.nfl.com/image/private/f_auto,q_auto/league/vuajpojlm7ldmumvecnz",,,,,,
1980,DAL,OL,G,0,ACT,Tom Rafferty,Thomas,Rafferty,1954-08-02,75,250,,,,,,,,,,,,"https://static.www.nfl.com/image/private/f_auto,q_auto/league/gmkinpapyyazbrqcq0jc",,,,,,
1980,DAL,OL,G,0,ACT,Herbert Scott,Herbert,Scott,1953-01-18,74,263,,,,,,,,,,,,"https://static.www.nfl.com/image/private/f_auto,q_auto/league/fofvq00qyreepesetale",,,,,,
1980,DAL,OL,C,0,ACT,Robert Shaw,Robert,Shaw,1956-10-15,76,261,,,,,,,,,,,,"https://static.www.nfl.com/image/private/f_auto,q_auto/league/nlyvkwqacvspyrcpbhng",,,,,,
1980,DAL,QB,QB,0,ACT,Glenn Carano,Glenn,Carano,1955-11-18,75,195,,,,,,,,,,,,"https://static.www.nfl.com/image/private/f_auto,q_auto/league/tpsrhddvz1jlvekntyu5",,,,,,
1980,DAL,QB,QB,0,ACT,Gary Hogeboom,Gary,Hogeboom,1958-08-21,76,200,,,,,,,,,,,,"https://static.www.nfl.com/image/private/f_auto,q_auto/league/w9inwhfdml5yn7rxn8au",,,,,,
1980,DAL,QB,QB,0,ACT,Danny White,Wilford,White,1952-02-09,74,193,,,,,,,,,,,,"https://static.www.nfl.com/image/private/f_auto,q_auto/league/z0qceljtywyvmj2z0jis",,,,,,
1980,DAL,RB,RB,0,ACT,Tony Dorsett,Anthony,Dorsett,1954-04-07,71,192,,,,,,,,,,,,"https://static.www.nfl.com/image/private/f_auto,q_auto/league/b6vvjgq2tpxrzhvwjt1y",,,,,,
1980,DAL,RB,RB,0,ACT,James Jones,James,Jones,1958-12-06,70,200,,,,,,,,,,,,"https://static.www.nfl.com/image/private/f_auto,q_auto/league/kzku5ov9o7w8qvo6rckd",,,,,,
1980,DAL,RB,RB,0,ACT,Robert Newhouse,Robert,Newhouse,1950-01-09,70,202,,,,,,,,,,,,"https://static.www.nfl.com/image/private/f_auto,q_auto/league/reutjtvbbukopwxf8tg6",,,,,,
1980,DAL,RB,RB,0,ACT,Timmy Newsome,Timothy,Newsome,1958-05-17,73,228,,,,,,,,,,,,"https://static.www.nfl.com/image/private/f_auto,q_auto/league/u2dussdwpbg0qzzefiae",,,,,,
1980,DAL,RB,RB,0,ACT,Preston Pearson,Preston,Pearson,1945-01-17,73,205,,,,,,,,,,,,"https://static.www.nfl.com/image/private/f_auto,q_auto/league/mx01aacbm1dphkcxwi1c",,,,,,
1980,DAL,RB,RB,0,ACT,Ron Springs,Ronald,Springs,1956-11-04,72,197,,,,,,,,,,,,"https://static.www.nfl.com/image/private/f_auto,q_auto/league/vr3hkcgggerkqi56uz6s",,,,,,
1980,DAL,TE,TE,0,ACT,Doug Cosbie,Douglas,Cosbie,1956-03-27,78,236,,,,,,,,,,,,"https://static.www.nfl.com/image/private/f_auto,q_auto/league/c662iu41klw5muhmirua",,,,,,
1980,DAL,TE,TE,0,ACT,Billy Joe DuPree,Billy,DuPree,1950-03-07,76,225,,,,,,,,,,,,"https://static.www.nfl.com/image/private/f_auto,q_auto/league/qahvvy6nst7jk98iwmbg",,,,,,
1980,DAL,TE,TE,0,ACT,Jay Saldi,John,Saldi,1954-10-08,75,217,,,,,,,,,,,,"https://static.www.nfl.com/image/private/f_auto,q_auto/league/ktioqedjvuroa0ffyk0d",,,,,,
1980,DAL,WR,WR,0,ACT,Tony Hill,Leroy,Hill,1956-06-23,74,196,,,,,,,,,,,,"https://static.www.nfl.com/image/private/f_auto,q_auto/league/td7brllgcoorejhmltnj",,,,,,
1980,DAL,WR,WR,0,ACT,Butch Johnson,Michael,Johnson,1954-05-28,73,187,,,,,,,,,,,,"https://static.www.nfl.com/image/private/f_auto,q_auto/league/wvtpsv8h47cm39up9qt6",,,,,,
1980,DAL,WR,WR,0,ACT,Drew Pearson,Drew,Pearson,1951-01-12,72,175,,,,,,,,,,,,"https://static.www.nfl.com/image/private/f_auto,q_auto/league/j4qa2jefavaeprnvnxze",,,,,,
1980,DEN,DB,FS,0,ACT,Steve Foley,Stephen,Foley,1953-11-11,74,181,,,,,,,,,,,,"https://static.www.nfl.com/image/private/f_auto,q_auto/league/yaxvbmwzotxtz2g2theg",,,,,,
1980,DEN,DB,DB,0,ACT,Mike Harden,Michael,Harden,1958-02-16,73,188,,,,,,,,,,,,"https://static.www.nfl.com/image/private/f_auto,q_auto/league/glkgy46lxw0jlbnpzpg2",,,,,,
1980,DEN,DB,FS,0,ACT,Maurice Harvey,Maurice,Harvey,1956-01-14,70,190,,,,,,,,,,,,"https://static.www.nfl.com/image/private/f_auto,q_auto/league/mr93pjmwj9q7bdwnfs8r",,,,,,
1980,DEN,DB,FS,0,TRT,Bernard Jackson,Bernard,Jackson,1950-08-24,72,178,,,,,,,,,,,,"https://static.www.nfl.com/image/private/f_auto,q_auto/league/dtfvdk5a4ccv8zntvqep",,,,,,
1980,DEN,DB,CB,0,ACT,Aaron Kyle,Aaron,Kyle,1954-04-06,71,181,,,,,,,,,,,,"https://static.www.nfl.com/image/private/f_auto,q_auto/league/l1xrszisxbqkrs9g5xxl",,,,,,
1980,DEN,DB,CB,0,ACT,Perry Smith,Ealthon,Smith,1951-03-29,73,195,,,,,,,,,,,,"https://static.www.nfl.com/image/private/f_auto,q_auto/league/wswbcj3lvjfeqjrqvic2",,,,,,
1980,DEN,DB,S,0,ACT,Bill Thompson,William,Thompson,1946-10-10,73,201,,,,,,,,,,,,"https://static.www.nfl.com/image/private/f_auto,q_auto/league/tsqlfsqaorgi3m4gquix",,,,,,
1980,DEN,DB,CB,0,ACT,Louis Wright,Louis,Wright,1953-01-31,74,200,,,,,,,,,,,,"https://static.www.nfl.com/image/private/f_auto,q_auto/league/etvdhxbzk7ztcm8kmfip",,,,,,
1980,DEN,DL,DE,0,ACT,Greg Boyd,Gregory,Boyd,1952-09-15,78,270,,,,,,,,,,,,"https://static.www.nfl.com/image/private/f_auto,q_auto/league/ioldsiavuexz9wqzb7kg",,,,,,
1980,DEN,DL,NT,0,ACT,Rubin Carter,Rubin,Carter,1952-12-12,72,256,,,,,,,,,,,,"https://static.www.nfl.com/image/private/f_auto,q_auto/league/g2cwkiiydnuptcknj18c",,,,,,
1980,DEN,DL,DE,0,ACT,Barney Chavous,Barney,Chavous,1951-03-22,75,252,,,,,,,,,,,,"https://static.www.nfl.com/image/private/f_auto,q_auto/league/fx5fikpurkbtokrcucor",,,,,,
1980,DEN,DL,DE,0,ACT,Rulon Jones,Rulon,Jones,1958-03-25,78,260,,,,,,,,,,,,"https://static.www.nfl.com/image/private/f_auto,q_auto/league/brtvc9lzil9qrfz5ofjw",,,,,,
1980,DEN,DL,NT,0,ACT,Don Latimer,Don,Latimer,1955-03-01,75,265,,,,,,,,,,,,"https://static.www.nfl.com/image/private/f_auto,q_auto/league/o2hz7alnedigerq6bepy",,,,,,
1980,DEN,DL,DE,0,ACT,Brison Manor,Brison,Manor,1952-08-10,76,247,,,,,,,,,,,,"https://static.www.nfl.com/image/private/f_auto,q_auto/league/hutmzmcx02uqcpuuq9fn",,,,,,
1980,DEN,DL,DT,0,ACT,Laval Short,Laval,Short,1958-09-29,75,250,,,,,,,,,,,,"https://static.www.nfl.com/image/private/f_auto,q_auto/league/ib3qkeqhpjpstqaasgna",,,,,,
1980,DEN,K,K,0,ACT,Fred Steinfort,Frederick,Steinfort,1952-11-03,71,180,,,,,,,,,,,,"https://static.www.nfl.com/image/private/f_auto,q_auto/league/sh78ivzkhm5hoyixho65",,,,,,
1980,DEN,LB,LB,0,ACT,Greg Bracelin,Gregory,Bracelin,1957-04-16,73,218,,,,,,,,,,,,"https://static.www.nfl.com/image/private/f_auto,q_auto/league/wm45dbaqdkiiioqd3jxd",,,,,,
1980,DEN,LB,ILB,0,ACT,Larry Evans,Lawrence,Evans,1953-07-11,74,216,,,,,,,,,,,,"https://static.www.nfl.com/image/private/f_auto,q_auto/league/zauwo3esm5nciyze5mcm",,,,,,
1980,DEN,LB,ILB,0,ACT,Randy Gradishar,Randolph,Gradishar,1952-03-03,75,233,,,,,,,,,,,,"https://static.www.nfl.com/image/private/f_auto,q_auto/league/j26v365gypzpexzie5ef",,,,,,
1980,DEN,LB,OLB,0,ACT,Tom Jackson,Thomas,Jackson,1951-04-04,71,220,,,,,,,,,,,,"https://static.www.nfl.com/image/private/f_auto,q_auto/league/p5jr2ksnffg6maea4c0u",,,,,,
1980,DEN,LB,OLB,0,ACT,Rob Nairne,Robert,Nairne,1954-03-24,76,220,,,,,,,,,,,,"https://static.www.nfl.com/image/private/f_auto,q_auto/league/gn5s1ocxyg1xdi8qaabl",,,,,,
1980,DEN,LB,ILB,0,ACT,Joe Rizzo,Joseph,Rizzo,1950-12-17,73,220,,,,,,,,,,,,"https://static.www.nfl.com/image/private/f_auto,q_auto/league/zfgfh5ppgmfoc0jy0zff",,,,,,
1980,DEN,LB,LB,0,ACT,Jim Ryan,James,Ryan,1957-05-18,73,212,,,,,,,,,,,,"https://static.www.nfl.com/image/private/f_auto,q_auto/league/rwlxzpwsrerwtxybvxjz",,,,,,
1980,DEN,LB,LB,0,ACT,Art Smith,Arthur,Smith,1956-04-20,73,222,,,,,,,,,,,,"https://static.www.nfl.com/image/private/f_auto,q_auto/league/ezk1dvgn3azjysxsurf8",,,,,,
1980,DEN,OL,G,0,ACT,Keith Bishop,Keith,Bishop,1957-03-10,75,260,,,,,,,,,,,,"https://static.www.nfl.com/image/private/f_auto,q_auto/league/o3ixbfmy2hayt6kkcrg3",,,,,,
1980,DEN,OL,C,0,ACT,Billy Bryan,William,Bryan,1955-06-21,74,246,,,,,,,,,,,,"https://static.www.nfl.com/image/private/f_auto,q_auto/league/j8zhqfifwv9jqmucve1y",,,,,,
1980,DEN,OL,OT,0,ACT,Kelvin Clark,Kelvin,Clark,1956-01-30,75,267,,,,,,,,,,,,"https://static.www.nfl.com/image/private/f_auto,q_auto/league/ascbue7vodyrwevihcrg",,,,,,
1980,DEN,OL,G,0,ACT,Tom Glassic,Thomas,Glassic,1954-04-17,75,254,,,,,,,,,,,,"https://static.www.nfl.com/image/private/f_auto,q_auto/league/ymgiur7evmp20yekw1t8",,,,,,
1980,DEN,OL,G,0,ACT,Paul Howard,Paul,Howard,1950-09-12,75,260,,,,,,,,,,,,"https://static.www.nfl.com/image/private/f_auto,q_auto/league/kfl2pymluqex1vlrtnnx",,,,,,
1980,DEN,OL,G,0,ACT,Glenn Hyde,Glenn,Hyde,1951-03-14,75,250,,,,,,,,,,,,"https://static.www.nfl.com/image/private/f_auto,q_auto/league/ektyj6fzsyyqbbvdw595",,,,,,
1980,DEN,OL,OT,0,ACT,Claudie Minor,Claudie,Minor,1951-04-21,76,280,,,,,,,,,,,,"https://static.www.nfl.com/image/private/f_auto,q_auto/league/lbmsxshwyjwecwvp7bib",,,,,,
1980,DEN,OL,OT,0,ACT,Dave Studdard,David,Studdard,1955-11-22,76,260,,,,,,,,,,,,"https://static.www.nfl.com/image/private/f_auto,q_auto/league/t5h9rguzhtbpwpbf0df5",,,,,,
1980,DEN,OL,G,0,ACT,Arland Thompson,Arland,Thompson,1957-09-19,76,265,,,,,,,,,,,,"https://static.www.nfl.com/image/private/f_auto,q_auto/league/dowtnnywxkdanavatan1",,,,,,
1980,DEN,P,P,0,ACT,Luke Prestridge,Luke,Prestridge,1956-09-17,76,225,,,,,,,,,,,,"https://static.www.nfl.com/image/private/f_auto,q_auto/league/yyye6lrfg3y14szb9dr6",,,,,,
1980,DEN,QB,QB,0,ACT,Jeff Knapple,Jeffrey,Knapple,1956-08-27,74,200,,,,,,,,,,,,"https://static.www.nfl.com/image/private/f_auto,q_auto/league/qk4w8cs6bzfutsfwpolc",,,,,,
1980,DEN,QB,QB,0,ACT,Craig Morton,Larry,Morton,1943-02-05,76,214,,,,,,,,,,,,"https://static.www.nfl.com/image/private/f_auto,q_auto/league/l6oeiikjiactlghgkf6o",,,,,,
1980,DEN,QB,QB,0,ACT,Matt Robinson,Matthew,Robinson,1955-06-28,74,196,,,,,,,,,,,,"https://static.www.nfl.com/image/private/f_auto,q_auto/league/cyylhz3zlyomcyokkovh",,,,,,
1980,DEN,RB,RB,0,ACT,Otis Armstrong,Otis,Armstrong,1950-11-15,70,196,,,,,,,,,,,,"https://static.www.nfl.com/image/private/f_auto,q_auto/league/wohqejaijvbjhxr6uxvb",,,,,,
1980,DEN,RB,RB,0,ACT,Jim Jensen,James,Jensen,1953-11-28,75,230,,,,,,,,,,,,"https://static.www.nfl.com/image/private/f_auto,q_auto/league/vkz9ozf1vgz9drtcuhir",,,,,,
1980,DEN,RB,RB,0,ACT,Jon Keyworth,Jonathan,Keyworth,1950-12-15,75,230,,,,,,,,,,,,"https://static.www.nfl.com/image/private/f_auto,q_auto/league/rowt15tgeugzhc1eajjb",,,,,,
1980,MIN,DL,DT,0,ACT,Dave Roller,David,Roller,1949-10-28,74,270,,,,,,,,,,,,"https://static.www.nfl.com/image/private/f_auto,q_auto/league/okyh25ns3ylxhsxnxsrj",,,,,,
1980,DEN,RB,RB,0,TRT,Lawrence McCutcheon,Lawrence,McCutcheon,1950-06-02,73,205,,,,,,,,,,,,"https://static.www.nfl.com/image/private/f_auto,q_auto/league/gehglkmn99x7zdkkhuoq",,,,,,
1980,DEN,RB,RB,0,ACT,Ben Norman,Benjamin,Norman,1955-12-16,73,212,,,,,,,,,,,,"https://static.www.nfl.com/image/private/f_auto,q_auto/league/ermzjrcvspzspbgbbic2",,,,,,
1980,DEN,RB,RB,0,ACT,Dave Preston,Richard,Preston,1955-05-29,70,195,,,,,,,,,,,,"https://static.www.nfl.com/image/private/f_auto,q_auto/league/zxklvhixlchytojf8ggy",,,,,,
1980,DEN,TE,TE,0,ACT,Ron Egloff,Ronald,Egloff,1955-10-03,77,227,,,,,,,,,,,,"https://static.www.nfl.com/image/private/f_auto,q_auto/league/gfj5rnenbtms8ujdsu9r",,,,,,
1980,DEN,TE,TE,0,TRC,Bill Larson,William,Larson,1953-10-07,76,225,,,,,,,,,,,,"https://static.www.nfl.com/image/private/f_auto,q_auto/league/n7ajodrwnnjg2wtnlc1b",,,,,,
1980,DEN,TE,TE,0,ACT,Emery Moorehead,Emery,Moorehead,1954-03-22,74,210,,,,,,,,,,,,"https://static.www.nfl.com/image/private/f_auto,q_auto/league/bsloik0nr27udtkhpuok",,,,,,
1980,DEN,TE,TE,0,ACT,Riley Odoms,Riley,Odoms,1950-03-01,76,230,,,,,,,,,,,,"https://static.www.nfl.com/image/private/f_auto,q_auto/league/xwhfsosc1mj3sa6mzrfg",,,,,,
1980,DEN,TE,TE,0,ACT,James Wright,James,Wright,1956-09-01,75,240,,,,,,,,,,,,"https://static.www.nfl.com/image/private/f_auto,q_auto/league/kbduv6urnhs6hfuzh0gh",,,,,,
1980,DEN,WR,WR,0,ACT,Larry Brunson,Larry,Brunson,1949-08-11,71,180,,,,,,,,,,,,"https://static.www.nfl.com/image/private/f_auto,q_auto/league/vaiv8n2bd9wzy90o9jvr",,,,,,
1980,DEN,WR,WR,0,ACT,Haven Moses,Haven,Moses,1946-07-27,74,208,,,,,,,,,,,,"https://static.www.nfl.com/image/private/f_auto,q_auto/league/chfr5iwhzsthi8sg2eno",,,,,,
1980,DEN,WR,WR,0,ACT,Rick Upchurch,Richard,Upchurch,1952-05-20,70,170,,,,,,,,,,,,"https://static.www.nfl.com/image/private/f_auto,q_auto/league/ur6o8rbnx0nqz7nhwccp",,,,,,
1980,DEN,WR,WR,0,ACT,Steve Watson,Stephen,Watson,1957-05-28,76,195,,,,,,,,,,,,"https://static.www.nfl.com/image/private/f_auto,q_auto/league/dvxzjkjazsztwuvsmg8z",,,,,,
1980,DET,DB,FS,0,ACT,Jimmy Allen,James,Allen,1952-03-06,74,194,,,,,,,,,,,,"https://static.www.nfl.com/image/private/f_auto,q_auto/league/xarqfiz7pjfispzz0on4",,,,,,
1980,DET,DB,S,0,ACT,Luther Bradley,Luther,Bradley,1955-05-07,74,195,,,,,,,,,,,,"https://static.www.nfl.com/image/private/f_auto,q_auto/league/phcrng3ytackrc9dvmup",,,,,,
1980,DET,DB,CB,0,ACT,James Hunter,James,Hunter,1954-03-08,75,195,,,,,,,,,,,,"https://static.www.nfl.com/image/private/f_auto,q_auto/league/kxfaihseae4ahlfydbwa",,,,,,
1980,DET,DB,S,0,ACT,Eddie Lewis,Edward,Lewis,1953-12-15,72,177,,,,,,,,,,,,"https://static.www.nfl.com/image/private/f_auto,q_auto/league/ibre7inuiuqiahlfdyid",,,,,,
1980,DET,DB,DB,0,ACT,Prentice McCray,Prentice,McCray,1951-03-01,73,188,,,,,,,,,,,,"https://static.www.nfl.com/image/private/f_auto,q_auto/league/yjq2w5gezfi06mf8mssh",,,,,,
1980,DET,DB,S,0,ACT,Ray Oldham,Donnil,Oldham,1951-02-23,72,200,,,,,,,,,,,,"https://static.www.nfl.com/image/private/f_auto,q_auto/league/lekwyz4xcziqdxbsee2n",,,,,,
1980,DET,DB,CB,0,ACT,Wayne Smith,Wayne,Smith,1957-05-09,72,175,,,,,,,,,,,,"https://static.www.nfl.com/image/private/f_auto,q_auto/league/npiq2liipmirrhrvtwgi",,,,,,
1980,DET,DB,CB,0,ACT,Walt Williams,Walter,Williams,1954-07-10,73,185,,,,,,,,,,,,"https://static.www.nfl.com/image/private/f_auto,q_auto/league/vppsrkgifxbyg1fajycl",,,,,,
1980,DET,DL,DE,0,ACT,Al Baker,James,Baker,1956-12-09,78,260,,,,,,,,,,,,"https://static.www.nfl.com/image/private/f_auto,q_auto/league/i0zkqgm5fbl8bxywu4gg",,,,,,
1980,DET,DL,DT,0,ACT,Curley Culp,Curley,Culp,1946-03-10,74,265,,,,,,,,,,,,"https://static.www.nfl.com/image/private/f_auto,q_auto/league/cnfqeg8rgogvsnh6tksp",,,,,,
1980,DET,DL,DT,0,ACT,Bill Gay,William,Gay,1955-05-28,77,225,,,,,,,,,,,,"https://static.www.nfl.com/image/private/f_auto,q_auto/league/rmf9fbxmiuztvzbyesto",,,,,,
1980,MIN,QB,QB,0,ACT,Steve Dils,Stephen,Dils,1955-12-08,73,190,,,,,,,,,,,,"https://static.www.nfl.com/image/private/f_auto,q_auto/league/ih0z25eoj7ommwssthmv",,,,,,
1980,DET,DL,DT,0,ACT,Mike McCoy,Michael,McCoy,1948-09-06,77,284,,,,,,,,,,,,"https://static.www.nfl.com/image/private/f_auto,q_auto/league/mksmcyzafzzin0t7twia",,,,,,
1980,DET,DL,DT,0,ACT,John Mendenhall,John,Mendenhall,1948-12-03,73,255,,,,,,,,,,,,"https://static.www.nfl.com/image/private/f_auto,q_auto/league/lfy3wz2deg0jb2zhhe9l",,,,,,
1980,DET,DL,DE,0,ACT,Wally Pesuit,Walter,Pesuit,1954-03-04,76,252,,,,,,,,,,,,"https://static.www.nfl.com/image/private/f_auto,q_auto/league/hwnbuvivchdebydz8tgt",,,,,,
1980,DET,DL,DE,0,ACT,Dave Pureifory,David,Pureifory,1949-07-12,73,260,,,,,,,,,,,,"https://static.www.nfl.com/image/private/f_auto,q_auto/league/jxf0lfh1fdj2605qjv0a",,,,,,
1980,DET,DL,DT,0,ACT,Tom Tuinei,Tumua,Tuinei,1958-02-21,76,250,,,,,,,,,,,,"https://static.www.nfl.com/image/private/f_auto,q_auto/league/rlhijnoyxxeobivuirqs",,,,,,
1980,DET,DL,DT,0,ACT,John Woodcock,John,Woodcock,1954-03-19,75,257,,,,,,,,,,,,"https://static.www.nfl.com/image/private/f_auto,q_auto/league/wo3qxr5ay6zmwkykr0w6",,,,,,
1980,MIN,RB,RB,0,ACT,Rickey Young,Rickey,Young,1953-12-07,74,200,,,,,,,,,,,,"https://static.www.nfl.com/image/private/f_auto,q_auto/league/jsuu0buzpoxfw6d69ktm",,,,,,
1980,DET,LB,LB,0,ACT,Garry Cobb,Garry,Cobb,1957-03-16,74,227,,,,,,,,,,,,"https://static.www.nfl.com/image/private/f_auto,q_auto/league/indv09nrbnxdmguenm1b",,,,,,
1980,DET,LB,LB,0,ACT,Eddie Cole,Edward,Cole,1956-12-16,74,235,,,,,,,,,,,,"https://static.www.nfl.com/image/private/f_auto,q_auto/league/acnm5fhhjszfldwq5vlf",,,,,,
1980,DET,LB,MLB,0,ACT,Ken Fantetti,Kenneth,Fantetti,1957-04-07,74,230,,,,,,,,,,,,"https://static.www.nfl.com/image/private/f_auto,q_auto/league/o27thfhyrdohvyfwkskz",,,,,,
1980,DET,LB,LB,0,ACT,James Harrell,James,Harrell,1957-07-19,73,215,,,,,,,,,,,,"https://static.www.nfl.com/image/private/f_auto,q_auto/league/iih7kqgejse7eaos65ve",,,,,,
1980,DET,LB,LB,0,ACT,Derrel Luce,Derrel,Luce,1952-09-29,75,226,,,,,,,,,,,,"https://static.www.nfl.com/image/private/f_auto,q_auto/league/jtuwyucge0a1lzokgsq7",,,,,,
1980,DET,LB,LB,0,TRC,John Mohring,John,Mohring,1956-11-14,75,240,,,,,,,,,,,,"https://static.www.nfl.com/image/private/f_auto,q_auto/league/cz4n7qx4fcbe2ew6kfrj",,,,,,
1980,DET,LB,LB,0,ACT,Dave Simmons,David,Simmons,1957-01-19,76,219,,,,,,,,,,,,"https://static.www.nfl.com/image/private/f_auto,q_auto/league/hvt7uzetkkqwhaxzetsn",,,,,,
1980,DET,LB,OLB,0,ACT,Charlie Weaver,Charles,Weaver,1949-07-12,74,220,,,,,,,,,,,,"https://static.www.nfl.com/image/private/f_auto,q_auto/league/t1ovjzmiud9zgtu6m3ak",,,,,,
1980,DET,LB,OLB,0,ACT,Stan White,Stanley,White,1949-10-24,73,225,,,,,,,,,,,,"https://static.www.nfl.com/image/private/f_auto,q_auto/league/qndwoyun2cqo3y1hbmg0",,,,,,
1980,DET,OL,OT,0,ACT,Karl Baldischwiler,John,Baldischwiler,1956-01-19,77,265,,,,,,,,,,,,"https://static.www.nfl.com/image/private/f_auto,q_auto/league/c8dwbqoqf7j3ujosrrtg",,,,,,
1980,DET,OL,G,0,ACT,Russ Bolinger,Russell,Bolinger,1954-09-10,77,255,,,,,,,,,,,,"https://static.www.nfl.com/image/private/f_auto,q_auto/league/v5vnmbkqvcfyyruztg93",,,,,,
1980,DET,OL,OT,0,ACT,Chris Dieterich,Christian,Dieterich,1958-07-27,75,255,,,,,,,,,,,,"https://static.www.nfl.com/image/private/f_auto,q_auto/league/y0vngeyennmr4f8rtzjk",,,,,,
1980,NE,DB,S,0,ACT,Roland James,Roland,James,1958-02-18,74,191,,,,,,,,,,,,"https://static.www.nfl.com/image/private/f_auto,q_auto/league/um8rkvvvexhllos1aas7",,,,,,
1980,NE,DB,DB,0,TRC,Prentice McCray,Prentice,McCray,1951-03-01,73,188,,,,,,,,,,,,"https://static.www.nfl.com/image/private/f_auto,q_auto/league/yjq2w5gezfi06mf8mssh",,,,,,
1980,DET,OL,C,0,ACT,Amos Fowler,Amos,Fowler,1956-02-11,75,250,,,,,,,,,,,,"https://static.www.nfl.com/image/private/f_auto,q_auto/league/wjox3xoykici7pbxwlv7",,,,,,
1980,DET,OL,C,0,ACT,Tommie Ginn,Tommie,Ginn,1958-01-25,75,250,,,,,,,,,,,,"https://static.www.nfl.com/image/private/f_auto,q_auto/league/d6ycifn13uo6yray1fmj",,,,,,
1980,DET,OL,OT,0,TRD,Vern Holland,Vernon,Holland,1948-06-27,77,268,,,,,,,,,,,,"https://static.www.nfl.com/image/private/f_auto,q_auto/league/wlaxrevgd6ssgddvdzwy",,,,,,
1980,DET,OL,G,0,ACT,Burton Lawless,Richard,Lawless,1953-11-01,76,253,,,,,,,,,,,,"https://static.www.nfl.com/image/private/f_auto,q_auto/league/nqa7r6qnw3hbkz3qsfny",,,,,,
1980,DET,OL,C,0,ACT,Willie Parker,William,Parker,1948-12-28,75,245,,,,,,,,,,,,"https://static.www.nfl.com/image/private/f_auto,q_auto/league/qdhbvmrgfppiymqrh274",,,,,,
1980,DET,OL,C,0,ACT,Tom Turnure,Thomas,Turnure,1957-07-09,76,250,,,,,,,,,,,,"https://static.www.nfl.com/image/private/f_auto,q_auto/league/vkiged7oen67fsm0gi5g",,,,,,
1980,DET,OL,G,0,ACT,Rod Walters,Wayne,Walters,1954-02-27,75,258,,,,,,,,,,,,"https://static.www.nfl.com/image/private/f_auto,q_auto/league/usqylaig3yxrv0vhtftd",,,,,,
1980,DET,OL,OT,0,ACT,Mike Whited,Michael,Whited,1958-03-30,76,250,,,,,,,,,,,,"https://static.www.nfl.com/image/private/f_auto,q_auto/league/qccpskc2inxs0xojk3m6",,,,,,
1980,DET,P,P,0,ACT,Tom Skladany,Thomas,Skladany,1955-06-29,72,195,,,,,,,,,,,,"https://static.www.nfl.com/image/private/f_auto,q_auto/league/otpkkxcsss2hseqamdwh",,,,,,
1980,DET,QB,QB,0,ACT,Gary Danielson,Gary,Danielson,1951-09-10,74,195,,,,,,,,,,,,"https://static.www.nfl.com/image/private/f_auto,q_auto/league/vag08i1oekw4yvjxphto",,,,,,
1980,DET,QB,QB,0,ACT,Eric Hipple,Eric,Hipple,1957-09-16,74,196,,,,,,,,,,,,"https://static.www.nfl.com/image/private/f_auto,q_auto/league/bmbixu0mxxrxmdsc3grb",,,,,,
1980,DET,QB,QB,0,ACT,Jeff Komlo,William,Komlo,1956-07-30,74,205,,,,,,,,,,,,"https://static.www.nfl.com/image/private/f_auto,q_auto/league/sbc8bc62mord5wpah2nv",,,,,,
1980,DET,RB,RB,0,ACT,Dexter Bussey,Dexter,Bussey,1952-03-11,73,195,,,,,,,,,,,,"https://static.www.nfl.com/image/private/f_auto,q_auto/league/mynjggmpx7me7cukv6rw",,,,,,
1980,DET,RB,RB,0,ACT,Ken Callicutt,Kenneth,Callicutt,1955-08-20,72,190,,,,,,,,,,,,"https://static.www.nfl.com/image/private/f_auto,q_auto/league/rrkgvkub8tj8yxkn63rs",,,,,,
1980,DET,RB,RB,0,ACT,Rick Kane,Richard,Kane,1954-11-12,71,200,,,,,,,,,,,,"https://static.www.nfl.com/image/private/f_auto,q_auto/league/jc7szz9xhcv6p14akikh",,,,,,
1980,DET,RB,RB,0,ACT,Horace King,Horace,King,1953-03-05,70,200,,,,,,,,,,,,"https://static.www.nfl.com/image/private/f_auto,q_auto/league/i6ms9ajzlvozkg8gccyc",,,,,,
1980,DET,RB,RB,0,ACT,Bo Robinson,Melvin,Robinson,1956-05-27,74,225,,,,,,,,,,,,"https://static.www.nfl.com/image/private/f_auto,q_auto/league/ysgcoshxhlqzg1vtnlga",,,,,,
1980,DET,RB,RB,0,ACT,Billy Sims,Billy,Sims,1955-09-18,72,212,,,,,,,,,,,,"https://static.www.nfl.com/image/private/f_auto,q_auto/league/klbuonro96ludylbxd0d",,,,,,
1980,DET,RB,RB,0,ACT,Ray Williams,Raymond,Williams,1958-09-22,69,170,,,,,,,,,,,,"https://static.www.nfl.com/image/private/f_auto,q_auto/league/xbtpahiujiwzyaqfbbp5",,,,,,
1980,DET,TE,TE,0,ACT,David Hill,David,Hill,1954-01-01,74,220,,,,,,,,,,,,"https://static.www.nfl.com/image/private/f_auto,q_auto/league/cuasnlb47l6i9wqkyp4h",,,,,,
1980,DET,TE,TE,0,ACT,Ulysses Norris,Ulysses,Norris,1957-01-15,76,225,,,,,,,,,,,,"https://static.www.nfl.com/image/private/f_auto,q_auto/league/jyn0agpdtkuewzs79wfd",,,,,,
1980,DET,WR,WR,0,ACT,John Arnold,John,Arnold,1955-10-05,70,175,,,,,,,,,,,,"https://static.www.nfl.com/image/private/f_auto,q_auto/league/xkjn6uvznloqxoz5rccx",,,,,,
1980,DET,WR,WR,0,TRD,Mike Friede,Michael,Friede,1957-09-22,75,205,,,,,,,,,,,,"https://static.www.nfl.com/image/private/f_auto,q_auto/league/g6qmuw2frcztrmdhjxpo",,,,,,
1980,DET,WR,WR,0,ACT,Freddie Scott,Fred,Scott,1952-08-05,74,190,,,,,,,,,,,,"https://static.www.nfl.com/image/private/f_auto,q_auto/league/cjlnwsp93zrxhzf9bixy",,,,,,
1980,DET,WR,WR,0,ACT,Jesse Thompson,Jesse,Thompson,1956-03-12,73,185,,,,,,,,,,,,"https://static.www.nfl.com/image/private/f_auto,q_auto/league/zqrcdpentnpd3rlivdtx",,,,,,
1980,DET,WR,WR,0,ACT,Leonard Thompson,Leonard,Thompson,1952-07-28,71,192,,,,,,,,,,,,"https://static.www.nfl.com/image/private/f_auto,q_auto/league/n90airs9gbylsyvxvgvm",,,,,,
1980,GB,DB,FS,0,ACT,Johnnie Gray,Johnnie,Gray,1953-12-18,71,185,,,,,,,,,,,,"https://static.www.nfl.com/image/private/f_auto,q_auto/league/jikjb8udqq7mgxccvb0h",,,,,,
1980,GB,DB,CB,0,ACT,Estus Hood,Estus,Hood,1955-11-14,71,180,,,,,,,,,,,,"https://static.www.nfl.com/image/private/f_auto,q_auto/league/bgrqygaxciczjaofdkyx",,,,,,
1980,GB,DB,DB,0,ACT,Mike Jolly,Michael,Jolly,1958-03-19,75,185,,,,,,,,,,,,"https://static.www.nfl.com/image/private/f_auto,q_auto/league/jw5ihlj9hy226wdwdilg",,,,,,
1980,NE,RB,RB,0,ACT,Don Calhoun,Donald,Calhoun,1952-04-29,72,198,,,,,,,,,,,,"https://static.www.nfl.com/image/private/f_auto,q_auto/league/mmrjd435bho0bvmcjvpy",,,,,,
1980,GB,DB,S,0,ACT,Steve Luke,Steven,Luke,1953-09-04,74,205,,,,,,,,,,,,"https://static.www.nfl.com/image/private/f_auto,q_auto/league/zq6ovqvqpq1s1nxrfdnk",,,,,,
1980,GB,DB,CB,0,ACT,Mike McCoy,Michael,McCoy,1953-08-16,71,183,,,,,,,,,,,,"https://static.www.nfl.com/image/private/f_auto,q_auto/league/yg3esdov57wrne3gn4nq",,,,,,
1980,GB,DB,DB,0,ACT,Mark Murphy,Mark,Murphy,1958-04-22,74,199,,,,,,,,,,,,"https://static.www.nfl.com/image/private/f_auto,q_auto/league/menkoykgzqp0pde3fuqm",,,,,,
1980,GB,DB,DB,0,ACT,Wylie Turner,Wylie,Turner,1957-04-19,70,182,,,,,,,,,,,,"https://static.www.nfl.com/image/private/f_auto,q_auto/league/sn0wfj88s0qqrgndrw4a",,,,,,
1980,GB,DL,DE,0,ACT,Mike Butler,Michael,Butler,1954-04-04,77,265,,,,,,,,,,,,"https://static.www.nfl.com/image/private/f_auto,q_auto/league/qtlo2lisg5rfacseperd",,,,,,
1980,GB,DL,DT,0,ACT,Rich Dimler,Richard,Dimler,1956-07-18,78,260,,,,,,,,,,,,"https://static.www.nfl.com/image/private/f_auto,q_auto/league/gryv5ibam4kddozkqddc",,,,,,
1980,GB,DL,NT,0,ACT,Charles Johnson,Charles,Johnson,1957-06-29,73,262,,,,,,,,,,,,"https://static.www.nfl.com/image/private/f_auto,q_auto/league/qent19yrtt5f3sm0tivz",,,,,,
1980,NE,TE,TE,0,ACT,Don Hasselbeck,Donald,Hasselbeck,1955-04-01,79,245,,,,,,,,,,,,"https://static.www.nfl.com/image/private/f_auto,q_auto/league/x8etmam0wfxuyp6os5pk",,,,,,
1980,GB,DL,NT,0,ACT,Terry Jones,Terry,Jones,1956-11-08,74,259,,,,,,,,,,,,"https://static.www.nfl.com/image/private/f_auto,q_auto/league/rm1wd7j4pel6dkqh7h3s",,,,,,
1980,GB,DL,DT,0,ACT,Kit Lathrop,Kit,Lathrop,1956-05-10,77,255,,,,,,,,,,,,"https://static.www.nfl.com/image/private/f_auto,q_auto/league/iwwnuy4euktqzfjqzqbv",,,,,,
1980,NE,WR,WR,0,ACT,Stanley Morgan,Stanley,Morgan,1955-02-17,71,181,,,,,,,,,,,,"https://static.www.nfl.com/image/private/f_auto,q_auto/league/n3oxs232reufr0sdqptv",,,,,,
1980,GB,DL,DE,0,ACT,Casey Merrill,Richard,Merrill,1957-07-16,76,254,,,,,,,,,,,,"https://static.www.nfl.com/image/private/f_auto,q_auto/league/btz9hops7fxztsbch21h",,,,,,
1980,GB,K,K,0,ACT,Tom Birney,Thomas,Birney,1956-08-11,76,220,,,,,,,,,,,,"https://static.www.nfl.com/image/private/f_auto,q_auto/league/e3hdvazce2161nxxj3ks",,,,,,
1980,GB,K,K,0,TRC,Chester Marcol,Czeslaw,Marcol,1949-10-24,72,190,,,,,,,,,,,,"https://static.www.nfl.com/image/private/f_auto,q_auto/league/bjeziknfso2zd92lsczc",,,,,,
1980,GB,K,K,0,ACT,Jan Stenerud,Jan,Stenerud,1942-11-26,74,187,,,,,,,,,,,,"https://static.www.nfl.com/image/private/f_auto,q_auto/league/pqigsjib3srqwxgurhfa",,,,,,
1980,GB,LB,ILB,0,ACT,Kurt Allerman,Kurt,Allerman,1955-08-30,75,222,,,,,,,,,,,,"https://static.www.nfl.com/image/private/f_auto,q_auto/league/a5s2vjhjpwrhm7apmjp5",,,,,,
1980,GB,LB,OLB,0,ACT,John Anderson,Roger,Anderson,1956-02-14,75,221,,,,,,,,,,,,"https://static.www.nfl.com/image/private/f_auto,q_auto/league/gucx4nx412bv6iuj5gwp",,,,,,
1980,GB,LB,ILB,0,ACT,Bruce Beekley,Bruce,Beekley,1956-12-15,74,225,,,,,,,,,,,,"https://static.www.nfl.com/image/private/f_auto,q_auto/league/gt8x3h3ersrfjsagwnsg",,,,,,
1980,GB,LB,LB,0,ACT,Brian Cabral,Kealiihaaheo,Cabral,1956-06-23,73,209,,,,,,,,,,,,"https://static.www.nfl.com/image/private/f_auto,q_auto/league/ktif7phjn8j04vt3a0wh",,,,,,
1980,GB,LB,ILB,0,ACT,George Cumby,George,Cumby,1956-07-05,72,215,,,,,,,,,,,,"https://static.www.nfl.com/image/private/f_auto,q_auto/league/pcprcs7fk5gx161jl1sj",,,,,,
1980,GB,LB,OLB,0,ACT,Mike Douglass,Michael,Douglass,1955-03-15,72,224,,,,,,,,,,,,"https://static.www.nfl.com/image/private/f_auto,q_auto/league/agaskncjwymqqolssivo",,,,,,
1980,GB,LB,OLB,0,ACT,Jim Gueno,James,Gueno,1954-01-15,74,220,,,,,,,,,,,,"https://static.www.nfl.com/image/private/f_auto,q_auto/league/idqkzyhallwkafy3hifg",,,,,,
1980,GB,LB,ILB,0,ACT,Mike Hunt,Michael,Hunt,1956-10-06,74,240,,,,,,,,,,,,"https://static.www.nfl.com/image/private/f_auto,q_auto/league/w1ctyhwbednvlvfuzuhv",,,,,,
1980,GB,LB,LB,0,ACT,Sam Hunt,Samuel,Hunt,1951-08-06,73,248,,,,,,,,,,,,"https://static.www.nfl.com/image/private/f_auto,q_auto/league/ptpc4cejdtmiiootdtks",,,,,,
1980,GB,LB,ILB,0,ACT,Ed O'Neil,Edward,O'Neil,1952-09-08,75,236,,,,,,,,,,,,"https://static.www.nfl.com/image/private/f_auto,q_auto/league/uvnwlkuxbflbpvdqon1l",,,,,,
1980,GB,LB,ILB,0,ACT,Paul Rudzinski,Paul,Rudzinski,1956-07-28,73,220,,,,,,,,,,,,"https://static.www.nfl.com/image/private/f_auto,q_auto/league/qaihd4ff1o5lapfraf7t",,,,,,
1980,GB,OL,OT,0,ACT,Buddy Aydelette,William,Aydelette,1956-08-19,76,250,,,,,,,,,,,,"https://static.www.nfl.com/image/private/f_auto,q_auto/league/oofiuuwelkclwfrlgoiu",,,,,,
1980,NO,DL,DT,0,ACT,Derland Moore,Derland,Moore,1951-10-07,76,250,,,,,,,,,,,,"https://static.www.nfl.com/image/private/f_auto,q_auto/league/tlu2umdhgsjyw1or4qgz",,,,,,
1980,GB,OL,G,0,ACT,Derrel Gofourth,Derrel,Gofourth,1955-03-20,75,260,,,,,,,,,,,,"https://static.www.nfl.com/image/private/f_auto,q_auto/league/e57wotrv96vihozny3r0",,,,,,
1980,GB,OL,G,0,ACT,Leotis Harris,Leotis,Harris,1955-06-28,73,267,,,,,,,,,,,,"https://static.www.nfl.com/image/private/f_auto,q_auto/league/mlrt8sgi4tuuijeusqfi",,,,,,
1980,GB,OL,G,0,ACT,Melvin Jackson,Melvin,Jackson,1954-05-05,73,267,,,,,,,,,,,,"https://static.www.nfl.com/image/private/f_auto,q_auto/league/fdedrjnhfwcc7cu5xdts",,,,,,
1980,GB,OL,G,0,ACT,Syd Kitson,Sydney,Kitson,1958-09-27,76,252,,,,,,,,,,,,"https://static.www.nfl.com/image/private/f_auto,q_auto/league/t3dhcbf6mnbcvjwh5q4q",,,,,,
1980,GB,OL,OT,0,ACT,Greg Koch,Gregory,Koch,1955-06-14,76,265,,,,,,,,,,,,"https://static.www.nfl.com/image/private/f_auto,q_auto/league/m0xgqn19ijscefcr7grp",,,,,,
1980,GB,OL,OT,0,ACT,Mark Koncar,Mark,Koncar,1953-05-05,77,271,,,,,,,,,,,,"https://static.www.nfl.com/image/private/f_auto,q_auto/league/wz0m4y7uslr98aso1wja",,,,,,
1980,GB,OL,C,0,ACT,Larry McCarren,Laurence,McCarren,1951-11-09,75,238,,,,,,,,,,,,"https://static.www.nfl.com/image/private/f_auto,q_auto/league/inwph4au3oepsvqyzdb4",,,,,,
1980,GB,OL,OT,0,ACT,Timothy Stokes,Timothy,Stokes,1950-03-16,77,252,,,,,,,,,,,,"https://static.www.nfl.com/image/private/f_auto,q_auto/league/ntt8wjr5euffzxzitzjx",,,,,,
1980,GB,OL,OT,0,ACT,Karl Swanke,Karl,Swanke,1957-12-29,78,251,,,,,,,,,,,,"https://static.www.nfl.com/image/private/f_auto,q_auto/league/pyqdqgwtrwkfe5ndzk6w",,,,,,
1980,GB,OL,C,0,ACT,Mike Wellman,Michael,Wellman,1956-07-15,75,253,,,,,,,,,,,,"https://static.www.nfl.com/image/private/f_auto,q_auto/league/q3k2ymqgwyjl7iu1kmeq",,,,,,
1980,GB,P,P,0,ACT,David Beverly,David,Beverly,1950-08-19,74,180,,,,,,,,,,,,"https://static.www.nfl.com/image/private/f_auto,q_auto/league/wfkvlrwkinvheuktie4z",,,,,,
1980,GB,QB,QB,0,ACT,Lynn Dickey,Clifford,Dickey,1949-10-19,75,214,,,,,,,,,,,,"https://static.www.nfl.com/image/private/f_auto,q_auto/league/gwlwkc0uggwu94p260y5",,,,,,
1980,GB,QB,QB,0,ACT,Mark Miller,Mark,Miller,1956-08-13,74,176,,,,,,,,,,,,"https://static.www.nfl.com/image/private/f_auto,q_auto/league/olzy3tobiiqjrl8g1anf",,,,,,
1980,GB,QB,QB,0,ACT,Steve Pisarkiewicz,Stephen,Pisarkiewicz,1953-11-10,74,205,,,,,,,,,,,,"https://static.www.nfl.com/image/private/f_auto,q_auto/league/i0jmaimc8rksdtwqmius",,,,,,
1980,GB,QB,QB,0,ACT,Bill Troup,Paul,Troup,1951-04-02,77,220,,,,,,,,,,,,"https://static.www.nfl.com/image/private/f_auto,q_auto/league/mq6qhwiizj3m5bfxlhhb",,,,,,
1980,GB,QB,QB,0,ACT,David Whitehurst,Charles,Whitehurst,1955-04-27,74,204,,,,,,,,,,,,"https://static.www.nfl.com/image/private/f_auto,q_auto/league/llgg5esqg5yxw961lonq",,,,,,
1980,GB,RB,RB,0,ACT,Vickey Ray Anderson,Vickey,Anderson,1956-05-03,72,205,,,,,,,,,,,,"https://static.www.nfl.com/image/private/f_auto,q_auto/league/my6vyq9jue5fvgino5bl",,,,,,
1980,GB,RB,RB,0,ACT,Steve Atkins,Steven,Atkins,1956-06-22,72,216,,,,,,,,,,,,"https://static.www.nfl.com/image/private/f_auto,q_auto/league/bz84rcgkdxkiavsesnm5",,,,,,
1980,GB,RB,RB,0,ACT,Gerry Ellis,Gerry,Ellis,1957-11-12,71,215,,,,,,,,,,,,"https://static.www.nfl.com/image/private/f_auto,q_auto/league/h9ltxvlkbzbval2kkrbn",,,,,,
1980,GB,RB,RB,0,ACT,Harlan Huckleby,Harlan,Huckleby,1957-12-30,73,199,,,,,,,,,,,,"https://static.www.nfl.com/image/private/f_auto,q_auto/league/v6wowxlcoibmmzy9tq3d",,,,,,
1980,GB,RB,RB,0,ACT,Eddie Lee Ivery,Eddie,Ivery,1957-07-30,72,210,,,,,,,,,,,,"https://static.www.nfl.com/image/private/f_auto,q_auto/league/fwx0ce258pvztzgnzrtl",,,,,,
1980,GB,RB,RB,0,ACT,Terdell Middleton,Terdell,Middleton,1955-04-08,72,195,,,,,,,,,,,,"https://static.www.nfl.com/image/private/f_auto,q_auto/league/fz2icjbtfc1lsrnl3aa6",,,,,,
1980,GB,RB,RB,0,ACT,Barty Smith,Barton,Smith,1952-04-23,75,240,,,,,,,,,,,,"https://static.www.nfl.com/image/private/f_auto,q_auto/league/ivdovcvbnorq2cka3e6o",,,,,,
1980,GB,TE,TE,0,ACT,Paul Coffman,Paul,Coffman,1956-03-29,75,218,,,,,,,,,,,,"https://static.www.nfl.com/image/private/f_auto,q_auto/league/r9lstv5d64jpp5eliama",,,,,,
1980,GB,TE,TE,0,ACT,Bill Larson,William,Larson,1953-10-07,76,225,,,,,,,,,,,,"https://static.www.nfl.com/image/private/f_auto,q_auto/league/n7ajodrwnnjg2wtnlc1b",,,,,,
1980,GB,TE,TE,0,ACT,John Thompson,John,Thompson,1957-01-18,75,228,,,,,,,,,,,,"https://static.www.nfl.com/image/private/f_auto,q_auto/league/k90pdji4dmlowylu19ck",,,,,,
1980,GB,WR,WR,0,ACT,Ron Cassidy,Ronald,Cassidy,1957-07-23,72,175,,,,,,,,,,,,"https://static.www.nfl.com/image/private/f_auto,q_auto/league/jk28z29ru7k9cwzuhibc",,,,,,
1980,GB,WR,WR,0,ACT,Bobby Kimball,Robert,Kimball,1957-03-12,73,190,,,,,,,,,,,,"https://static.www.nfl.com/image/private/f_auto,q_auto/league/xyhq9dmjbi02lvvvfprp",,,,,,
1980,NO,RB,RB,0,TRC,Chuck Muncie,Harry,Muncie,1953-03-17,75,220,,,,,,,,,,,,"https://static.www.nfl.com/image/private/f_auto,q_auto/league/mpmj684cfreiqk9vmxzi",,,,,,
1980,GB,WR,WR,0,ACT,Fred Nixon,Frederick,Nixon,1958-09-22,71,191,,,,,,,,,,,,"https://static.www.nfl.com/image/private/f_auto,q_auto/league/dgh1sptmgywnv1unvp8e",,,,,,
1980,GB,WR,WR,0,ACT,Aundra Thompson,Aundra,Thompson,1953-01-02,73,186,,,,,,,,,,,,"https://static.www.nfl.com/image/private/f_auto,q_auto/league/no2qxbgwhpveoevech6c",,,,,,
1980,HOU,DB,DB,0,ACT,Carter Hartwig,Carter,Hartwig,1956-02-27,72,205,,,,,,,,,,,,"https://static.www.nfl.com/image/private/f_auto,q_auto/league/dx2aqhwfnvbyo0vjhx99",,,,,,
1980,HOU,DB,S,0,ACT,Vernon Perry,Vernon,Perry,1953-09-22,74,211,,,,,,,,,,,,"https://static.www.nfl.com/image/private/f_auto,q_auto/league/j4tyxjfukp5orjokyl1f",,,,,,
1980,HOU,DB,FS,0,ACT,Mike Reinfeldt,Michael,Reinfeldt,1953-05-06,74,185,,,,,,,,,,,,"https://static.www.nfl.com/image/private/f_auto,q_auto/league/trf8x7omhqc2hw0r3iho",,,,,,
1980,HOU,DB,CB,0,ACT,Greg Stemrick,Gregory,Stemrick,1951-10-25,71,185,,,,,,,,,,,,"https://static.www.nfl.com/image/private/f_auto,q_auto/league/f3lam5rcbea8uxm7on9l",,,,,,
1980,HOU,DB,DB,0,ACT,Jack Tatum,John,Tatum,1948-11-18,70,200,,,,,,,,,,,,"https://static.www.nfl.com/image/private/f_auto,q_auto/league/w5i14xb8s84vmtucbz19",,,,,,
1980,HOU,DB,CB,0,ACT,J.C. Wilson,James,Wilson,1956-03-11,72,178,,,,,,,,,,,,"https://static.www.nfl.com/image/private/f_auto,q_auto/league/vwlktlxgxcidtb9299gp",,,,,,
1980,HOU,DL,DE,0,ACT,Jesse Baker,Jesse,Baker,1957-07-10,77,265,,,,,,,,,,,,"https://static.www.nfl.com/image/private/f_auto,q_auto/league/sog3czbmyrfeo0pubt44",,,,,,
1980,HOU,DL,DE,0,ACT,Elvin Bethea,Elvin,Bethea,1946-03-01,74,260,,,,,,,,,,,,"https://static.www.nfl.com/image/private/f_auto,q_auto/league/ztbyqbmttw7svf0lorum",,,,,,
1980,HOU,DL,NT,0,TRC,Curley Culp,Curley,Culp,1946-03-10,74,265,,,,,,,,,,,,"https://static.www.nfl.com/image/private/f_auto,q_auto/league/cnfqeg8rgogvsnh6tksp",,,,,,
1980,HOU,DL,DT,0,ACT,Charles Davis,Charles,Davis,1951-11-17,73,269,,,,,,,,,,,,"https://static.www.nfl.com/image/private/f_auto,q_auto/league/obsgofxtywewjsmepwgg",,,,,,
1980,HOU,DL,DE,0,ACT,Andy Dorris,Andrew,Dorris,1951-08-11,76,225,,,,,,,,,,,,"https://static.www.nfl.com/image/private/f_auto,q_auto/league/cqgrpjm2v5denmftsdj5",,,,,,
1980,HOU,DL,NT,0,ACT,Ken Kennard,Kenneth,Kennard,1954-10-04,74,245,,,,,,,,,,,,"https://static.www.nfl.com/image/private/f_auto,q_auto/league/pjoduiz4eqervwdywaw6",,,,,,
1980,HOU,DL,NT,0,ACT,Mike Stensrud,Michael,Stensrud,1956-02-19,77,290,,,,,,,,,,,,"https://static.www.nfl.com/image/private/f_auto,q_auto/league/xkn2xckwkpnpeqk2vvqz",,,,,,
1980,HOU,K,K,0,ACT,Toni Fritsch,Anton,Fritsch,1945-07-10,67,185,,,,,,,,,,,,"https://static.www.nfl.com/image/private/f_auto,q_auto/league/izvqmoi1t6a2wusdik76",,,,,,
1980,HOU,K,K,0,ACT,Chester Marcol,Czeslaw,Marcol,1949-10-24,72,190,,,,,,,,,,,,"https://static.www.nfl.com/image/private/f_auto,q_auto/league/bjeziknfso2zd92lsczc",,,,,,
1980,HOU,LB,ILB,0,ACT,Gregg Bingham,Gregory,Bingham,1951-03-13,73,227,,,,,,,,,,,,"https://static.www.nfl.com/image/private/f_auto,q_auto/league/hfbbjlhyrohbm0ttkys0",,,,,,
1980,HOU,LB,OLB,0,ACT,Robert Brazile,Robert,Brazile,1953-02-07,76,235,,,,,,,,,,,,"https://static.www.nfl.com/image/private/f_auto,q_auto/league/yyef5qsqyhjbfb0cd81o",,,,,,
1980,HOU,LB,LB,0,ACT,John Corker,John,Corker,1958-12-29,77,240,,,,,,,,,,,,"https://static.www.nfl.com/image/private/f_auto,q_auto/league/qxvjneyvlrokwhjfh4q1",,,,,,
1980,HOU,LB,LB,0,ACT,Sammy Green,Samuel,Green,1954-10-12,74,228,,,,,,,,,,,,"https://static.www.nfl.com/image/private/f_auto,q_auto/league/zaaax9hgjreqgll69hxq",,,,,,
1980,HOU,LB,LB,0,ACT,Tom Henderson,Thomas,Henderson,1953-03-01,74,221,,,,,,,,,,,,"https://static.www.nfl.com/image/private/f_auto,q_auto/league/ri3bgcvzofpjh1kmddh9",,,,,,
1980,HOU,LB,ILB,0,ACT,Daryl Hunt,Daryl,Hunt,1956-11-03,75,220,,,,,,,,,,,,"https://static.www.nfl.com/image/private/f_auto,q_auto/league/ubqwpcjiqeuwmga7cfdd",,,,,,
1980,NYG,DB,CB,0,ACT,Don Patterson,Donald,Patterson,1957-10-31,71,175,,,,,,,,,,,,"https://static.www.nfl.com/image/private/f_auto,q_auto/league/vmlxpl1b8cziqhihkvrq",,,,,,
1980,HOU,LB,LB,0,ACT,Ted Thompson,Ted,Thompson,1953-01-17,73,229,,,,,,,,,,,,"https://static.www.nfl.com/image/private/f_auto,q_auto/league/ldprbqrohrekxuuh3usi",,,,,,
1980,HOU,LB,OLB,0,ACT,Ted Washington,Theodore,Washington,1948-02-16,73,250,,,,,,,,,,,,"https://static.www.nfl.com/image/private/f_auto,q_auto/league/kzbzthlmuaeckde1nzsp",,,,,,
1980,HOU,OL,G,0,ACT,David Carter,David,Carter,1953-11-27,74,225,,,,,,,,,,,,"https://static.www.nfl.com/image/private/f_auto,q_auto/league/vebdthmprqlj6pci8tbj",,,,,,
1980,HOU,OL,C,0,ACT,Greg Davidson,Gregory,Davidson,1958-04-24,74,250,,,,,,,,,,,,"https://static.www.nfl.com/image/private/f_auto,q_auto/league/nuubdikbpieu5mt0ifyw",,,,,,
1980,HOU,OL,OT,0,ACT,Angelo Fields,Angelo,Fields,1957-09-15,78,330,,,,,,,,,,,,"https://static.www.nfl.com/image/private/f_auto,q_auto/league/rvcaurvd96iryxj94uju",,,,,,
1980,HOU,OL,G,0,ACT,Ed Fisher,Edwin,Fisher,1949-05-31,75,245,,,,,,,,,,,,"https://static.www.nfl.com/image/private/f_auto,q_auto/league/iadug1cbkdjhaft6kpxn",,,,,,
1980,HOU,OL,OT,0,ACT,Leon Gray,Leon,Gray,1951-11-15,75,256,,,,,,,,,,,,"https://static.www.nfl.com/image/private/f_auto,q_auto/league/j1xijsgjgwtiuxirrrnk",,,,,,
1980,HOU,OL,OT,0,ACT,Conway Hayman,Conway,Hayman,1949-01-09,75,264,,,,,,,,,,,,"https://static.www.nfl.com/image/private/f_auto,q_auto/league/mj5iuth09eb7ayfx1krs",,,,,,
1980,HOU,OL,C,0,ACT,Carl Mauck,Carl,Mauck,1947-07-07,76,243,,,,,,,,,,,,"https://static.www.nfl.com/image/private/f_auto,q_auto/league/z3k1vusyvvcupim0hyym",,,,,,
1980,HOU,OL,OT,0,ACT,Morris Towns,Morris,Towns,1954-01-10,76,261,,,,,,,,,,,,"https://static.www.nfl.com/image/private/f_auto,q_auto/league/bjpxyfvzlx9zudkrfayf",,,,,,
1980,HOU,OL,G,0,ACT,Bob Young,Robert,Young,1942-09-03,73,270,,,,,,,,,,,,"https://static.www.nfl.com/image/private/f_auto,q_auto/league/llhts07z5pewhdj5y7k1",,,,,,
1980,HOU,P,P,0,ACT,Cliff Parsley,Clifford,Parsley,1954-12-26,73,211,,,,,,,,,,,,"https://static.www.nfl.com/image/private/f_auto,q_auto/league/zczzdjqv86bg2lmoe9z2",,,,,,
1980,HOU,QB,QB,0,ACT,Craig Bradshaw,William,Bradshaw,1957-08-14,77,215,,,,,,,,,,,,"https://static.www.nfl.com/image/private/f_auto,q_auto/league/k6nt6rtegn8sc36cxxri",,,,,,
1980,HOU,QB,QB,0,ACT,Gifford Nielsen,Stanley,Nielsen,1954-10-25,76,205,,,,,,,,,,,,"https://static.www.nfl.com/image/private/f_auto,q_auto/league/gqcxmm0f00h6ezzth6qg",,,,,,
1980,HOU,QB,QB,0,ACT,Ken Stabler,Kenneth,Stabler,1945-12-25,75,215,,,,,,,,,,,,"https://static.www.nfl.com/image/private/f_auto,q_auto/league/anwcmgpsprhjrkrwwklo",,,,,,
1980,HOU,RB,RB,0,ACT,Adger Armstrong,Adger,Armstrong,1957-06-21,72,210,,,,,,,,,,,,"https://static.www.nfl.com/image/private/f_auto,q_auto/league/u6qeqb6qml00d9srzbuz",,,,,,
1980,HOU,RB,RB,0,ACT,Earl Campbell,Earl,Campbell,1955-03-29,71,224,,,,,,,,,,,,"https://static.www.nfl.com/image/private/f_auto,q_auto/league/svozyfy3gco5j6seywed",,,,,,
1980,HOU,RB,RB,0,ACT,Rob Carpenter,Robert,Carpenter,1955-04-20,73,214,,,,,,,,,,,,"https://static.www.nfl.com/image/private/f_auto,q_auto/league/wqovk0zypgc7aecpff4q",,,,,,
1980,HOU,RB,RB,0,ACT,Boobie Clark,Charles,Clark,1949-11-08,74,245,,,,,,,,,,,,"https://static.www.nfl.com/image/private/f_auto,q_auto/league/y60gw18midyp8sqlppcj",,,,,,
1980,HOU,RB,RB,0,ACT,Ronnie Coleman,Ronald,Coleman,1951-07-09,70,195,,,,,,,,,,,,"https://static.www.nfl.com/image/private/f_auto,q_auto/league/b503rw5rmpquu0oducjc",,,,,,
1980,HOU,RB,RB,0,ACT,Tim Wilson,Timothy,Wilson,1954-01-14,75,235,,,,,,,,,,,,"https://static.www.nfl.com/image/private/f_auto,q_auto/league/v3qtcmrtmwzb2cmiaqy4",,,,,,
1980,HOU,TE,TE,0,ACT,Mike Barber,Michael,Barber,1953-06-04,75,235,,,,,,,,,,,,"https://static.www.nfl.com/image/private/f_auto,q_auto/league/luyvmprztvgexjsvd5ol",,,,,,
1980,HOU,TE,TE,0,ACT,Dave Casper,David,Casper,1951-09-26,76,250,,,,,,,,,,,,"https://static.www.nfl.com/image/private/f_auto,q_auto/league/njpwjyzxtmgh7jt6oznj",,,,,,
1980,HOU,TE,TE,0,ACT,Rich Caster,Richard,Caster,1948-10-16,77,228,,,,,,,,,,,,"https://static.www.nfl.com/image/private/f_auto,q_auto/league/g3qfwwhulljmz5xyxlz5",,,,,,
1980,HOU,WR,WR,0,ACT,Ken Burrough,Kenneth,Burrough,1948-07-14,75,215,,,,,,,,,,,,"https://static.www.nfl.com/image/private/f_auto,q_auto/league/xkx802ihchz3ondxh4mj",,,,,,
1980,HOU,WR,WR,0,ACT,Jeff Groth,Jeffrey,Groth,1957-07-02,70,172,,,,,,,,,,,,"https://static.www.nfl.com/image/private/f_auto,q_auto/league/mkfph6p5laskjjyrpttd",,,,,,
1980,HOU,WR,WR,0,ACT,Billy Johnson,William,Johnson,1952-01-27,69,170,,,,,,,,,,,,"https://static.www.nfl.com/image/private/f_auto,q_auto/league/th3wsugu08xgopwdevbl",,,,,,
1980,HOU,WR,WR,0,TRC,Guido Merkens,Guido,Merkens,1955-08-14,73,200,,,,,,,,,,,,"https://static.www.nfl.com/image/private/f_auto,q_auto/league/qpxvrcfvbexqwzgf0p3b",,,,,,
1980,HOU,WR,WR,0,ACT,Mike Renfro,Michael,Renfro,1955-06-19,72,184,,,,,,,,,,,,"https://static.www.nfl.com/image/private/f_auto,q_auto/league/jsxmedvi9vlqhdvtcjmp",,,,,,
1980,HOU,WR,WR,0,ACT,Carl Roaches,Carl,Roaches,1953-10-02,68,165,,,,,,,,,,,,"https://static.www.nfl.com/image/private/f_auto,q_auto/league/hgihaxfknx7kbrre27m2",,,,,,
1980,HOU,WR,WR,0,ACT,Tim Smith,Timothy,Smith,1957-03-20,74,192,,,,,,,,,,,,"https://static.www.nfl.com/image/private/f_auto,q_auto/league/tylng4tkmttp7zmo4oi9",,,,,,
1980,KC,DB,FS,0,ACT,Gary Barbaro,Gary,Barbaro,1954-02-11,76,198,,,,,,,,,,,,"https://static.www.nfl.com/image/private/f_auto,q_auto/league/omsflu5siqijgnxjfdvv",,,,,,
1980,NYG,OL,G,0,ACT,Roy Simmons,Roy,Simmons,1956-11-08,75,264,,,,,,,,,,,,"https://static.www.nfl.com/image/private/f_auto,q_auto/league/z4ktd4tqfh5yktrtqznu",,,,,,
1980,KC,DB,S,0,ACT,Herb Christopher,Herbert,Christopher,1954-04-07,70,190,,,,,,,,,,,,"https://static.www.nfl.com/image/private/f_auto,q_auto/league/ov4bdbtttcttivhpmn5o",,,,,,
1980,KC,DB,DB,0,ACT,Paul Dombroski,Paul,Dombroski,1956-08-08,72,185,,,,,,,,,,,,"https://static.www.nfl.com/image/private/f_auto,q_auto/league/saesnxhgcrfm61thjanp",,,,,,
1980,KC,DB,CB,0,ACT,Gary Green,Gary,Green,1955-10-22,71,184,,,,,,,,,,,,"https://static.www.nfl.com/image/private/f_auto,q_auto/league/eddzsdtweelnt5qzs7x4",,,,,,
1980,KC,DB,CB,0,ACT,Eric Harris,Eric,Harris,1955-08-11,75,191,,,,,,,,,,,,"https://static.www.nfl.com/image/private/f_auto,q_auto/league/uqovlq3zpgoty0jcjwel",,,,,,
1980,KC,DB,DB,0,ACT,Jerry Reese,Jerry,Reese,1955-01-07,75,192,,,,,,,,,,,,"https://static.www.nfl.com/image/private/f_auto,q_auto/league/h8pwuh2hzwslqg4ghbmr",,,,,,
1980,KC,DB,DB,0,ACT,Donovan Rose,Donovan,Rose,1957-03-09,73,180,,,,,,,,,,,,"https://static.www.nfl.com/image/private/f_auto,q_auto/league/fp0r5yh3u8exzgcpccjk",,,,,,
1980,NYG,QB,QB,0,ACT,Cliff Olander,Clifford,Olander,1955-05-15,77,196,,,,,,,,,,,,"https://static.www.nfl.com/image/private/f_auto,q_auto/league/yg2adbkvexc1jr0xe7vv",,,,,,
1980,KC,DL,DE,0,ACT,Sylvester Hicks,Sylvester,Hicks,1955-04-02,76,248,,,,,,,,,,,,"https://static.www.nfl.com/image/private/f_auto,q_auto/league/cxsh20jmqp65umlsavpy",,,,,,
1980,KC,DL,NT,0,ACT,Ken Kremer,James,Kremer,1957-07-16,76,250,,,,,,,,,,,,"https://static.www.nfl.com/image/private/f_auto,q_auto/league/csuxsltszoocuhpdqyga",,,,,,
1980,KC,DL,DE,0,ACT,Dave Lindstrom,David,Lindstrom,1954-11-16,78,249,,,,,,,,,,,,"https://static.www.nfl.com/image/private/f_auto,q_auto/league/wag6g1bbbzxyu8kzgsr1",,,,,,
1980,KC,DL,NT,0,ACT,Dino Mangiero,Dino,Mangiero,1958-12-19,74,265,,,,,,,,,,,,"https://static.www.nfl.com/image/private/f_auto,q_auto/league/sjmh47pvvcpqetl3w03j",,,,,,
1980,NYG,RB,RB,0,ACT,Eddie Hicks,Edward,Hicks,1955-07-26,74,210,,,,,,,,,,,,"https://static.www.nfl.com/image/private/f_auto,q_auto/league/qssxhpzbhbso5gskmvqw",,,,,,
1980,KC,DL,NT,0,ACT,Don Parrish,Don,Parrish,1955-04-06,74,255,,,,,,,,,,,,"https://static.www.nfl.com/image/private/f_auto,q_auto/league/hfilvqcn045m11p5ljl8",,,,,,
1980,KC,DL,DE,0,ACT,Art Still,Arthur,Still,1955-12-05,79,250,,,,,,,,,,,,"https://static.www.nfl.com/image/private/f_auto,q_auto/league/arrfxd85a8kzdjefudax",,,,,,
1980,NYG,RB,RB,0,ACT,Scott Laidlaw,Robert,Laidlaw,1953-02-17,72,206,,,,,,,,,,,,"https://static.www.nfl.com/image/private/f_auto,q_auto/league/fnmlblzkkxhk9mgzbel2",,,,,,
1980,KC,LB,ILB,0,ACT,Jerry Blanton,Gerald,Blanton,1956-12-20,73,225,,,,,,,,,,,,"https://static.www.nfl.com/image/private/f_auto,q_auto/league/eqgystiul4ub9oelwj9b",,,,,,
1980,NYG,RB,RB,0,ACT,Leon Perry,Leon,Perry,1957-08-14,71,224,,,,,,,,,,,,"https://static.www.nfl.com/image/private/f_auto,q_auto/league/vqtcsd1mytqxqvlyfkwf",,,,,,
1980,KC,LB,LB,0,ACT,Charles Jackson,Charles,Jackson,1955-03-22,74,236,,,,,,,,,,,,"https://static.www.nfl.com/image/private/f_auto,q_auto/league/lkkphj8vc4m6uaxyrbr5",,,,,,
1980,KC,LB,LB,0,ACT,Kelly Kirchbaum,Kelly,Kirchbaum,1957-06-14,74,240,,,,,,,,,,,,"https://static.www.nfl.com/image/private/f_auto,q_auto/league/kcveowayiliqdq8s8lpm",,,,,,
1980,KC,LB,ILB,0,ACT,Frank Manumaleuga,Toto'a,Manumaleuga,1956-05-09,74,245,,,,,,,,,,,,"https://static.www.nfl.com/image/private/f_auto,q_auto/league/jctoujbcuedh2p5xybuc",,,,,,
1980,KC,LB,OLB,0,ACT,Whitney Paul,Whitney,Paul,1953-10-08,75,220,,,,,,,,,,,,"https://static.www.nfl.com/image/private/f_auto,q_auto/league/v7ghu44zer7ofjcv6gvc",,,,,,
1980,KC,LB,OLB,0,ACT,Cal Peterson,Calvin,Peterson,1952-10-16,75,220,,,,,,,,,,,,"https://static.www.nfl.com/image/private/f_auto,q_auto/league/t5a7zrnoxls6usbibo2m",,,,,,
1980,KC,LB,LB,0,ACT,Clarence Sanders,Clarence,Sanders,1952-12-28,76,228,,,,,,,,,,,,"https://static.www.nfl.com/image/private/f_auto,q_auto/league/k2lavr7ku9k2eek1zv05",,,,,,
1980,KC,LB,ILB,0,ACT,Gary Spani,Gary,Spani,1956-01-09,74,222,,,,,,,,,,,,"https://static.www.nfl.com/image/private/f_auto,q_auto/league/mv3txpiilojhq04wmymq",,,,,,
1980,KC,OL,C,0,ACT,Charlie Ane,Charles,Ane,1952-08-12,73,233,,,,,,,,,,,,"https://static.www.nfl.com/image/private/f_auto,q_auto/league/bdh7ubv3whjcfvufnzqv",,,,,,
1980,KC,OL,G,0,ACT,Brad Budde,Brad,Budde,1958-05-09,76,255,,,,,,,,,,,,"https://static.www.nfl.com/image/private/f_auto,q_auto/league/yszrhpc4iik9oolfpqj9",,,,,,
1980,KC,OL,G,0,ACT,Tom Condon,Thomas,Condon,1952-10-26,75,275,,,,,,,,,,,,"https://static.www.nfl.com/image/private/f_auto,q_auto/league/boezbkcdxtpb9ao6hrj5",,,,,,
1980,KC,OL,OT,0,ACT,Charlie Getty,Charles,Getty,1952-07-24,76,260,,,,,,,,,,,,"https://static.www.nfl.com/image/private/f_auto,q_auto/league/guf9acsudryqhx2qyfz4",,,,,,
1980,KC,OL,OT,0,ACT,Matt Herkenhoff,Matthew,Herkenhoff,1951-04-02,76,255,,,,,,,,,,,,"https://static.www.nfl.com/image/private/f_auto,q_auto/league/tbfybgolwbi9wtt6xngv",,,,,,
1980,KC,OL,OT,0,ACT,Brad Oates,Robert,Oates,1953-09-30,78,270,,,,,,,,,,,,"https://static.www.nfl.com/image/private/f_auto,q_auto/league/eytsyglj6jtvmhncyosr",,,,,,
1980,KC,OL,OT,0,ACT,Jim Rourke,James,Rourke,1957-02-10,77,264,,,,,,,,,,,,"https://static.www.nfl.com/image/private/f_auto,q_auto/league/jkcizjrozqr4or1jqelo",,,,,,
1980,KC,OL,C,0,ACT,Jack Rudnay,John,Rudnay,1947-11-20,75,240,,,,,,,,,,,,"https://static.www.nfl.com/image/private/f_auto,q_auto/league/c8cdihwqtcszf5e10xju",,,,,,
1980,KC,OL,G,0,ACT,Bob Simmons,Robert,Simmons,1954-07-07,76,255,,,,,,,,,,,,"https://static.www.nfl.com/image/private/f_auto,q_auto/league/wzfotqk20fn5dxp0o5bt",,,,,,
1980,KC,OL,OT,0,ACT,Franky Smith,Frank,Smith,1956-01-16,78,279,,,,,,,,,,,,"https://static.www.nfl.com/image/private/f_auto,q_auto/league/dlxpq5jkw1frwhnqmsmr",,,,,,
1980,KC,OL,G,0,TRC,Rod Walters,Wayne,Walters,1954-02-27,75,258,,,,,,,,,,,,"https://static.www.nfl.com/image/private/f_auto,q_auto/league/usqylaig3yxrv0vhtftd",,,,,,
1980,KC,P,P,0,ACT,Bob Grupp,Robert,Grupp,1955-05-08,71,193,,,,,,,,,,,,"https://static.www.nfl.com/image/private/f_auto,q_auto/league/c1wsic58pljbaikxyhns",,,,,,
1980,KC,QB,QB,0,ACT,Tom Clements,Thomas,Clements,1953-06-18,72,183,,,,,,,,,,,,"https://static.www.nfl.com/image/private/f_auto,q_auto/league/gh9yqedqunkvvd1fnfat",,,,,,
1980,KC,QB,QB,0,ACT,Steve Fuller,Stephen,Fuller,1957-01-05,76,198,,,,,,,,,,,,"https://static.www.nfl.com/image/private/f_auto,q_auto/league/pwpriz9wpd0epedysmbl",,,,,,
1980,KC,QB,QB,0,ACT,Bill Kenney,William,Kenney,1955-01-20,76,211,,,,,,,,,,,,"https://static.www.nfl.com/image/private/f_auto,q_auto/league/p4hyyptwqvmfmor75d7m",,,,,,
1980,KC,RB,RB,0,ACT,Horace Belton,Horace,Belton,1955-07-16,68,200,,,,,,,,,,,,"https://static.www.nfl.com/image/private/f_auto,q_auto/league/er5jx9p7818tol18jrbi",,,,,,
1980,KC,RB,RB,0,ACT,Earl Gant,Earl,Gant,1957-07-06,72,207,,,,,,,,,,,,"https://static.www.nfl.com/image/private/f_auto,q_auto/league/uxs0eduveahgugavbv03",,,,,,
1980,KC,RB,RB,0,ACT,Jim Hadnot,James,Hadnot,1957-07-11,74,244,,,,,,,,,,,,"https://static.www.nfl.com/image/private/f_auto,q_auto/league/yidnlilggntvxckrdxoo",,,,,,
1980,KC,RB,RB,0,ACT,Ted McKnight,Theodore,McKnight,1954-02-26,73,203,,,,,,,,,,,,"https://static.www.nfl.com/image/private/f_auto,q_auto/league/ow1kcgk8t42tf5xzy9js",,,,,,
1980,KC,RB,RB,0,ACT,Arnold Morgado,Arnold,Morgado,1952-03-27,72,210,,,,,,,,,,,,"https://static.www.nfl.com/image/private/f_auto,q_auto/league/rwznkingu4q1fzmcm8lf",,,,,,
1980,KC,RB,RB,0,ACT,Tony Reed,Anthony,Reed,1955-03-30,71,197,,,,,,,,,,,,"https://static.www.nfl.com/image/private/f_auto,q_auto/league/hdzov7ptwpapgucfentb",,,,,,
1980,KC,RB,RB,0,ACT,Ken Talton,Kenneth,Talton,1956-06-25,72,208,,,,,,,,,,,,"https://static.www.nfl.com/image/private/f_auto,q_auto/league/cifbb1qzciue5a4vl3if",,,,,,
1980,KC,TE,TE,0,ACT,Ed Beckman,Edwin,Beckman,1955-01-02,76,223,,,,,,,,,,,,"https://static.www.nfl.com/image/private/f_auto,q_auto/league/hqnkswumohyys356lqf8",,,,,,
1980,KC,TE,TE,0,ACT,Al Dixon,Albert,Dixon,1954-04-05,77,220,,,,,,,,,,,,"https://static.www.nfl.com/image/private/f_auto,q_auto/league/jnagwfswvpvhloplqv4o",,,,,,
1980,KC,TE,TE,0,TRC,Tony Samuels,Andre,Samuels,1954-12-30,76,229,,,,,,,,,,,,"https://static.www.nfl.com/image/private/f_auto,q_auto/league/or0ity2zsgc2h0ghnjyb",,,,,,
1980,KC,TE,TE,0,ACT,Mike Williams,Michael,Williams,1957-10-14,75,222,,,,,,,,,,,,"https://static.www.nfl.com/image/private/f_auto,q_auto/league/pzmuocw3yzgbqftjccam",,,,,,
1980,KC,WR,WR,0,ACT,Carlos Carson,Carlos,Carson,1958-12-28,71,172,,,,,,,,,,,,"https://static.www.nfl.com/image/private/f_auto,q_auto/league/lvwrky7vpnqv1fwuitds",,,,,,
1980,KC,WR,WR,0,ACT,Bubba Garcia,Jesse,Garcia,1957-10-18,71,185,,,,,,,,,,,,"https://static.www.nfl.com/image/private/f_auto,q_auto/league/lqjny6nyfimzifphebjr",,,,,,
1980,KC,WR,WR,0,ACT,Henry Marshall,Henry,Marshall,1954-08-09,74,205,,,,,,,,,,,,"https://static.www.nfl.com/image/private/f_auto,q_auto/league/p05podyhqo7lae0prtmz",,,,,,
1980,KC,WR,WR,0,ACT,Stan Rome,Stanford,Rome,1956-06-04,77,205,,,,,,,,,,,,"https://static.www.nfl.com/image/private/f_auto,q_auto/league/narkoyf2xp8veehvhy6l",,,,,,
1980,KC,WR,WR,0,ACT,J.T. Smith,John,Smith,1955-10-29,74,185,,,,,,,,,,,,"https://static.www.nfl.com/image/private/f_auto,q_auto/league/xgkniyfyfqqk3ggehriy",,,,,,
1980,LA,DB,FS,0,ACT,Nolan Cromwell,Nolan,Cromwell,1955-01-30,73,200,,,,,,,,,,,,"https://static.www.nfl.com/image/private/f_auto,q_auto/league/ay0enkhpn1xqzybzpw9b",,,,,,
1980,LA,DB,DB,0,ACT,Jeff Delaney,Jeffrey,Delaney,1956-10-25,72,195,,,,,,,,,,,,"https://static.www.nfl.com/image/private/f_auto,q_auto/league/azykeoasonbs50ezcf9x",,,,,,
1980,LA,DB,CB,0,ACT,LeRoy Irvin,LeRoy,Irvin,1957-09-15,71,184,,,,,,,,,,,,"https://static.www.nfl.com/image/private/f_auto,q_auto/league/gzhas1ulupo9kg3uronh",,,,,,
1980,NYJ,OL,OT,0,ACT,John Roman,John,Roman,1952-08-31,76,248,,,,,,,,,,,,"https://static.www.nfl.com/image/private/f_auto,q_auto/league/tfuzh2lyuysaxtfocv00",,,,,,
1980,LA,DB,CB,0,ACT,Rod Perry,Rodney,Perry,1953-09-11,69,170,,,,,,,,,,,,"https://static.www.nfl.com/image/private/f_auto,q_auto/league/ff3n3i3fzw5fvrct17fk",,,,,,
1980,NYJ,OL,OT,0,ACT,Chris Ward,Christopher,Ward,1955-12-16,75,267,,,,,,,,,,,,"https://static.www.nfl.com/image/private/f_auto,q_auto/league/t7txpwa2cmpqdhnciwz0",,,,,,
1980,LA,DB,DB,0,ACT,Ivory Sully,Ivory,Sully,1957-06-20,72,201,,,,,,,,,,,,"https://static.www.nfl.com/image/private/f_auto,q_auto/league/qzdk92spd8wjnlygvczo",,,,,,
1980,LA,DB,CB,0,ACT,Pat Thomas,Patrick,Thomas,1954-09-01,69,180,,,,,,,,,,,,"https://static.www.nfl.com/image/private/f_auto,q_auto/league/a0tvqcdk2skcohmeafo1",,,,,,
1980,LA,DL,DT,0,ACT,Larry Brooks,Larry,Brooks,1950-06-10,75,255,,,,,,,,,,,,"https://static.www.nfl.com/image/private/f_auto,q_auto/league/uvyqqyjttur4llqyeg1c",,,,,,
1980,LA,DL,DT,0,ACT,Reggie Doss,Reginald,Doss,1956-12-07,76,256,,,,,,,,,,,,"https://static.www.nfl.com/image/private/f_auto,q_auto/league/svvp7ixgbecrpmwm1phr",,,,,,
1980,LA,DL,DE,0,ACT,Fred Dryer,John,Dryer,1946-07-06,78,240,,,,,,,,,,,,"https://static.www.nfl.com/image/private/f_auto,q_auto/league/qkbqoqu8dwhauc1gcpti",,,,,,
1980,LA,DL,DT,0,ACT,Mike Fanning,Michael,Fanning,1953-02-02,78,255,,,,,,,,,,,,"https://static.www.nfl.com/image/private/f_auto,q_auto/league/mt0j12pn9nsm6o61rfgp",,,,,,
1980,LA,DL,DT,0,ACT,Cody Jones,Cody,Jones,1951-05-03,77,240,,,,,,,,,,,,"https://static.www.nfl.com/image/private/f_auto,q_auto/league/iwpurhek6kub5cgwt9ex",,,,,,
1980,LA,DL,DT,0,ACT,Phil Murphy,Philip,Murphy,1957-09-26,77,280,,,,,,,,,,,,"https://static.www.nfl.com/image/private/f_auto,q_auto/league/fz1j1bfd6nkoeaylgyqm",,,,,,
1980,LA,DL,DE,0,ACT,Jack Youngblood,Herbert,Youngblood,1950-01-26,76,242,,,,,,,,,,,,"https://static.www.nfl.com/image/private/f_auto,q_auto/league/mwd8umz9bedz1xkls7ro",,,,,,
1980,LA,K,K,0,ACT,Frank Corral,John,Corral,1955-06-16,74,213,,,,,,,,,,,,"https://static.www.nfl.com/image/private/f_auto,q_auto/league/la0xsjzunlus936r9avq",,,,,,
1980,LA,LB,OLB,0,ACT,George Andrews,George,Andrews,1955-11-28,75,226,,,,,,,,,,,,"https://static.www.nfl.com/image/private/f_auto,q_auto/league/ceqtgmtulqgvpvpcdnda",,,,,,
1980,LA,LB,OLB,0,ACT,Bob Brudzinski,Robert,Brudzinski,1955-01-01,76,230,,,,,,,,,,,,"https://static.www.nfl.com/image/private/f_auto,q_auto/league/a0odbidptg333oegzehl",,,,,,
1980,LA,LB,LB,0,ACT,Carl Ekern,Carl,Ekern,1954-05-27,75,220,,,,,,,,,,,,"https://static.www.nfl.com/image/private/f_auto,q_auto/league/bbomvcnxlx10rbbwjisx",,,,,,
1980,LA,LB,OLB,0,ACT,Joe Harris,Joseph,Harris,1952-12-06,73,225,,,,,,,,,,,,"https://static.www.nfl.com/image/private/f_auto,q_auto/league/w0dg2mem5ttvuqdeuv8q",,,,,,
1980,LA,LB,MLB,0,ACT,Jack Reynolds,John,Reynolds,1947-11-22,73,232,,,,,,,,,,,,"https://static.www.nfl.com/image/private/f_auto,q_auto/league/ffb1h2cxjxe5hugtjoya",,,,,,
1980,LA,LB,LB,0,ACT,Greg Westbrooks,Gregory,Westbrooks,1953-02-24,74,215,,,,,,,,,,,,"https://static.www.nfl.com/image/private/f_auto,q_auto/league/zqjxuyo0a2vg84htotan",,,,,,
1980,LA,LB,OLB,0,ACT,Jim Youngblood,James,Youngblood,1950-02-23,75,231,,,,,,,,,,,,"https://static.www.nfl.com/image/private/f_auto,q_auto/league/lsoeohtmoadr8kjekmf0",,,,,,
1980,LA,OL,G,0,ACT,Bill Bain,William,Bain,1952-08-09,76,269,,,,,,,,,,,,"https://static.www.nfl.com/image/private/f_auto,q_auto/league/aqsimfiy5z4xld3rh3yv",,,,,,
1980,LA,OL,OT,0,ACT,Doug France,Frederick,France,1953-04-26,77,260,,,,,,,,,,,,"https://static.www.nfl.com/image/private/f_auto,q_auto/league/xmospu5fhouwifmkra3a",,,,,,
1980,LA,OL,G,0,ACT,Dennis Harrah,Dennis,Harrah,1953-03-09,77,257,,,,,,,,,,,,"https://static.www.nfl.com/image/private/f_auto,q_auto/league/xtcwndawrx82ywiaz7wj",,,,,,
1980,LA,OL,G,0,ACT,Kent Hill,Kent,Hill,1957-03-07,77,260,,,,,,,,,,,,"https://static.www.nfl.com/image/private/f_auto,q_auto/league/jpgb3wdvjh00on4ioi4o",,,,,,
1980,LA,OL,G,0,ACT,Greg Horton,Gregory,Horton,1951-01-07,76,245,,,,,,,,,,,,"https://static.www.nfl.com/image/private/f_auto,q_auto/league/qktti0mfpvpetinm0fr6",,,,,,
1980,LA,OL,C,0,ACT,Ed McGlasson,Edward,McGlasson,1956-07-11,76,248,,,,,,,,,,,,"https://static.www.nfl.com/image/private/f_auto,q_auto/league/wlmpmz38ctq9zjn9b2og",,,,,,
1980,OAK,DB,DB,0,ACT,Odis McKinney,Odis,McKinney,1957-05-19,74,187,,,,,,,,,,,,"https://static.www.nfl.com/image/private/f_auto,q_auto/league/p7eos0putwsj4ti10p0a",,,,,,
1980,LA,OL,C,0,ACT,Rich Saul,Richard,Saul,1948-02-05,75,235,,,,,,,,,,,,"https://static.www.nfl.com/image/private/f_auto,q_auto/league/zstluj7obtaxsirdgfsf",,,,,,
1980,OAK,DB,CB,0,ACT,Dwayne O'Steen,Dwayne,O'Steen,1954-12-20,73,185,,,,,,,,,,,,"https://static.www.nfl.com/image/private/f_auto,q_auto/league/hqaplh4ns5juszensbyx",,,,,,
1980,LA,OL,G,0,ACT,Doug Smith,Carl,Smith,1956-11-25,75,253,,,,,,,,,,,,"https://static.www.nfl.com/image/private/f_auto,q_auto/league/miuu0h5m724kzi8d2s9c",,,,,,
1980,LA,QB,QB,0,ACT,Vince Ferragamo,Vincent,Ferragamo,1954-04-24,75,208,,,,,,,,,,,,"https://static.www.nfl.com/image/private/f_auto,q_auto/league/tc2qspexlyzkc3dqreog",,,,,,
1980,LA,QB,QB,0,ACT,Pat Haden,Patrick,Haden,1953-01-23,71,182,,,,,,,,,,,,"https://static.www.nfl.com/image/private/f_auto,q_auto/league/yhmy6rtjgynoxuwayxh8",,,,,,
1980,LA,QB,QB,0,ACT,Bob Lee,Robert,Lee,1945-08-07,74,195,,,,,,,,,,,,"https://static.www.nfl.com/image/private/f_auto,q_auto/league/unrg2tx8kapf7ctnqpra",,,,,,
1980,OAK,DL,DE,0,ACT,Cedrick Hardman,Cedrick,Hardman,1948-10-04,75,255,,,,,,,,,,,,"https://static.www.nfl.com/image/private/f_auto,q_auto/league/ubj4zk7kfryr9i2eelpx",,,,,,
1980,LA,RB,RB,0,ACT,Cullen Bryant,William,Bryant,1951-05-20,73,210,,,,,,,,,,,,"https://static.www.nfl.com/image/private/f_auto,q_auto/league/mdok1lltawqo9jylcyyq",,,,,,
1980,LA,RB,RB,0,ACT,Mike Guman,Michael,Guman,1958-04-21,74,210,,,,,,,,,,,,"https://static.www.nfl.com/image/private/f_auto,q_auto/league/ila865odwfkcjcphawdu",,,,,,
1980,LA,RB,RB,0,ACT,Eddie Hill,Eddie,Hill,1957-05-13,74,197,,,,,,,,,,,,"https://static.www.nfl.com/image/private/f_auto,q_auto/league/tzdmcss0ssf5qxpovewx",,,,,,
1980,LA,RB,RB,0,ACT,Lydell Mitchell,Lydell,Mitchell,1949-05-30,71,204,,,,,,,,,,,,"https://static.www.nfl.com/image/private/f_auto,q_auto/league/qbzzibd7mw0rt8mzm2jj",,,,,,
1980,LA,RB,RB,0,ACT,Elvis Peacock,Elvis,Peacock,1956-11-07,73,220,,,,,,,,,,,,"https://static.www.nfl.com/image/private/f_auto,q_auto/league/qkjyteriotkbhjpmlsq2",,,,,,
1980,LA,RB,RB,0,ACT,Jewerl Thomas,Jewerl,Thomas,1957-09-10,70,230,,,,,,,,,,,,"https://static.www.nfl.com/image/private/f_auto,q_auto/league/a82vgxl1p2nhasvhfhrp",,,,,,
1980,LA,RB,RB,0,ACT,Wendell Tyler,Wendell,Tyler,1955-05-20,70,198,,,,,,,,,,,,"https://static.www.nfl.com/image/private/f_auto,q_auto/league/wbmygxckjzlmkjjpxt1h",,,,,,
1980,LA,TE,TE,0,ACT,Walt Arnold,Walter,Arnold,1958-08-31,75,225,,,,,,,,,,,,"https://static.www.nfl.com/image/private/f_auto,q_auto/league/igfwjyq3r76sivzxhozz",,,,,,
1980,LA,TE,TE,0,ACT,Victor Hicks,Victor,Hicks,1957-01-19,75,250,,,,,,,,,,,,"https://static.www.nfl.com/image/private/f_auto,q_auto/league/iydl1ibjd8mh5uupvfr3",,,,,,
1980,LA,TE,TE,0,ACT,Terry Nelson,Terry,Nelson,1951-05-20,74,233,,,,,,,,,,,,"https://static.www.nfl.com/image/private/f_auto,q_auto/league/fpvy0omrgajvpnfunaqx",,,,,,
1980,LA,TE,TE,0,ACT,Conrad Rucker,Conrad,Rucker,1954-11-15,75,255,,,,,,,,,,,,"https://static.www.nfl.com/image/private/f_auto,q_auto/league/vzexlrzfhrter7vlr9ta",,,,,,
1980,LA,WR,WR,0,ACT,Preston Dennard,Preston,Dennard,1955-11-28,73,185,,,,,,,,,,,,"https://static.www.nfl.com/image/private/f_auto,q_auto/league/mmv6szii4urtzxthplnw",,,,,,
1980,OAK,LB,ILB,0,ACT,Bob Nelson,Robert,Nelson,1953-06-30,76,232,,,,,,,,,,,,"https://static.www.nfl.com/image/private/f_auto,q_auto/league/loy9jd7pzargeyex9oba",,,,,,
1980,LA,WR,WR,0,ACT,Willie Miller,Willie,Miller,1947-04-26,69,172,,,,,,,,,,,,"https://static.www.nfl.com/image/private/f_auto,q_auto/league/htokrpmb9tuhenpgkyy4",,,,,,
1980,LA,WR,WR,0,ACT,Jeff Moore,Jeffrey,Moore,1957-03-02,73,200,,,,,,,,,,,,"https://static.www.nfl.com/image/private/f_auto,q_auto/league/ffe9kfvgqdse8o9ik0hd",,,,,,
1980,LA,WR,WR,0,ACT,Billy Waddy,William,Waddy,1954-02-19,71,190,,,,,,,,,,,,"https://static.www.nfl.com/image/private/f_auto,q_auto/league/e87hbudunnf0zekwbsqt",,,,,,
1980,MIA,DB,CB,0,ACT,Jeffrey Allen,Jeffrey,Allen,1957-07-18,71,190,,,,,,,,,,,,"https://static.www.nfl.com/image/private/f_auto,q_auto/league/yazjgpwed3fw54syvp9y",,,,,,
1980,MIA,DB,SAF,0,ACT,Doug Beaudoin,Douglas,Beaudoin,1954-05-15,73,200,,,,,,,,,,,,"https://static.www.nfl.com/image/private/f_auto,q_auto/league/vf4gbao0ztsldixxsvfq",,,,,,
1980,MIA,DB,S,0,ACT,Don Bessillieu,Donald,Bessillieu,1956-05-04,73,199,,,,,,,,,,,,"https://static.www.nfl.com/image/private/f_auto,q_auto/league/muhnwwk7obad1gxkyewr",,,,,,
1980,MIA,DB,FS,0,ACT,Glenn Blackwood,Glenn,Blackwood,1957-02-23,72,183,,,,,,,,,,,,"https://static.www.nfl.com/image/private/f_auto,q_auto/league/yxo7tqzdoabs3p4jiplp",,,,,,
1980,MIA,DB,CB,0,ACT,Billy Cesare,William,Cesare,1955-06-02,71,190,,,,,,,,,,,,"https://static.www.nfl.com/image/private/f_auto,q_auto/league/iiqadyulhzkw3kckgxcs",,,,,,
1980,MIA,DB,S,0,ACT,Tim Foley,Thomas,Foley,1948-01-22,72,194,,,,,,,,,,,,"https://static.www.nfl.com/image/private/f_auto,q_auto/league/zhgdzir5off19o6wwsma",,,,,,
1980,MIA,DB,CB,0,ACT,Don McNeal,Donald,McNeal,1958-05-06,71,190,,,,,,,,,,,,"https://static.www.nfl.com/image/private/f_auto,q_auto/league/ncf4e9fqbr5jotd8kdyu",,,,,,
1980,MIA,DB,CB,0,ACT,Gerald Small,Gerald,Small,1956-08-10,71,192,,,,,,,,,,,,"https://static.www.nfl.com/image/private/f_auto,q_auto/league/tkgbtwbbk7arsf577nfb",,,,,,
1980,MIA,DB,CB,0,ACT,Ed Taylor,Everett,Taylor,1953-05-13,72,170,,,,,,,,,,,,"https://static.www.nfl.com/image/private/f_auto,q_auto/league/cm2alhbzqpctcbhe4xdc",,,,,,
1980,MIA,DL,DT,0,ACT,Carl Barisich,Carl,Barisich,1951-07-12,76,258,,,,,,,,,,,,"https://static.www.nfl.com/image/private/f_auto,q_auto/league/gi2yti7b0dqhjqokwh92",,,,,,
1980,MIA,DL,DE,0,ACT,Bill Barnett,William,Barnett,1956-05-10,76,252,,,,,,,,,,,,"https://static.www.nfl.com/image/private/f_auto,q_auto/league/r3esnd2mqovr1v8ict9z",,,,,,
1980,MIA,DL,NT,0,ACT,Bob Baumhower,Robert,Baumhower,1955-08-04,77,258,,,,,,,,,,,,"https://static.www.nfl.com/image/private/f_auto,q_auto/league/amtgj4sikpb8q2acurhz",,,,,,
1980,MIA,DL,DE,0,ACT,Doug Betters,Douglas,Betters,1956-06-11,79,250,,,,,,,,,,,,"https://static.www.nfl.com/image/private/f_auto,q_auto/league/pbgzvluaovmixaughcbk",,,,,,
1980,MIA,DL,DE,0,ACT,Vern Den Herder,Vern,Den Herder,1948-11-28,78,250,,,,,,,,,,,,"https://static.www.nfl.com/image/private/f_auto,q_auto/league/alkii0kewaao1pjh1bff",,,,,,
1980,MIA,K,K,0,ACT,Uwe von Schamann,Uwe,von Schamann,1956-04-23,72,200,,,,,,,,,,,,"https://static.www.nfl.com/image/private/f_auto,q_auto/league/cdnwabhgwk1ojmhcifiw",,,,,,
1980,MIA,LB,OLB,0,ACT,Kim Bokamper,Kim,Bokamper,1954-09-25,78,245,,,,,,,,,,,,"https://static.www.nfl.com/image/private/f_auto,q_auto/league/gipxvt97cunpxnmaohzz",,,,,,
1980,MIA,LB,ILB,0,ACT,Rusty Chambers,Russell,Chambers,1953-11-10,73,218,,,,,,,,,,,,"https://static.www.nfl.com/image/private/f_auto,q_auto/league/zefq9lkw8mwptnacrdgk",,,,,,
1980,MIA,LB,ILB,0,ACT,A.J. Duhe,Adam,Duhe,1955-11-27,76,247,,,,,,,,,,,,"https://static.www.nfl.com/image/private/f_auto,q_auto/league/smmdsb9xxbvepyl97vz9",,,,,,
1980,MIA,LB,OLB,0,ACT,Larry Gordon,Larry,Gordon,1953-07-08,76,230,,,,,,,,,,,,"https://static.www.nfl.com/image/private/f_auto,q_auto/league/lqvr0xkf7qydr8mlvzzc",,,,,,
1980,MIA,LB,ILB,0,ACT,Ralph Ortega,Ralph,Ortega,1953-07-06,74,220,,,,,,,,,,,,"https://static.www.nfl.com/image/private/f_auto,q_auto/league/cx6e5ph3axy6r5vxr1lq",,,,,,
1980,MIA,LB,LB,0,ACT,Earnest Rhone,Earnest,Rhone,1953-08-20,74,212,,,,,,,,,,,,"https://static.www.nfl.com/image/private/f_auto,q_auto/league/nz4tp6wgdhry67odp90z",,,,,,
1980,MIA,LB,LB,0,ACT,Steve Shull,Steven,Shull,1958-03-27,73,220,,,,,,,,,,,,"https://static.www.nfl.com/image/private/f_auto,q_auto/league/igsdabcxfxxwogj2c2ga",,,,,,
1980,MIA,LB,LB,0,ACT,Steve Towle,Stephen,Towle,1953-10-23,74,233,,,,,,,,,,,,"https://static.www.nfl.com/image/private/f_auto,q_auto/league/hvqbsb7mn3ohru6ga576",,,,,,
1980,MIA,OL,C,0,ACT,Mark Dennard,Mark,Dennard,1955-11-02,73,250,,,,,,,,,,,,"https://static.www.nfl.com/image/private/f_auto,q_auto/league/ml35mkop28l3xiov8khe",,,,,,
1980,MIA,OL,G,0,ACT,Thom Dornbrook,Thomas,Dornbrook,1956-12-01,74,240,,,,,,,,,,,,"https://static.www.nfl.com/image/private/f_auto,q_auto/league/xsfmskgeqcm90rnomytm",,,,,,
1980,MIA,OL,OT,0,ACT,Jon Giesler,Jon,Giesler,1956-12-23,77,255,,,,,,,,,,,,"https://static.www.nfl.com/image/private/f_auto,q_auto/league/gur24noivuvsga6epad9",,,,,,
1980,MIA,OL,OT,0,ACT,Cleveland Green,Cleveland,Green,1957-09-11,75,265,,,,,,,,,,,,"https://static.www.nfl.com/image/private/f_auto,q_auto/league/vta6xgnyj5zh4dxucei8",,,,,,
1980,MIA,OL,G,0,ACT,Bob Kuechenberg,Robert,Kuechenberg,1947-10-14,74,248,,,,,,,,,,,,"https://static.www.nfl.com/image/private/f_auto,q_auto/league/hddatevguftddhpyapdn",,,,,,
1980,MIA,OL,OT,0,ACT,Eric Laakso,Eric,Laakso,1956-11-29,76,265,,,,,,,,,,,,"https://static.www.nfl.com/image/private/f_auto,q_auto/league/afo7ps8ixsf2sq2o57nd",,,,,,
1980,MIA,OL,G,0,ACT,Larry Little,Lawrence,Little,1945-11-02,73,265,,,,,,,,,,,,"https://static.www.nfl.com/image/private/f_auto,q_auto/league/qgzpedtmv8iic4v9vjj8",,,,,,
1980,MIA,OL,G,0,ACT,Ed Newman,Edward,Newman,1951-06-04,74,245,,,,,,,,,,,,"https://static.www.nfl.com/image/private/f_auto,q_auto/league/gdpbqlkytvjuqrpwsxxr",,,,,,
1980,MIA,OL,C,0,ACT,Dwight Stephenson,Dwight,Stephenson,1957-11-20,74,255,,,,,,,,,,,,"https://static.www.nfl.com/image/private/f_auto,q_auto/league/stkoqlkkn6wirfbrfzcv",,,,,,
1980,MIA,OL,G,0,ACT,Jeff Toews,Jeffrey,Toews,1957-11-04,75,255,,,,,,,,,,,,"https://static.www.nfl.com/image/private/f_auto,q_auto/league/zbqmffq5twmrebvfrxkt",,,,,,
1980,MIA,OL,G,0,TRC,Rod Walters,Wayne,Walters,1954-02-27,75,258,,,,,,,,,,,,"https://static.www.nfl.com/image/private/f_auto,q_auto/league/usqylaig3yxrv0vhtftd",,,,,,
1980,MIA,P,P,0,ACT,George Roberts,George,Roberts,1955-06-10,72,172,,,,,,,,,,,,"https://static.www.nfl.com/image/private/f_auto,q_auto/league/dnto7twbquuh9pkpnx2f",,,,,,
1980,MIA,QB,QB,0,ACT,Bob Griese,Robert,Griese,1945-02-03,73,190,,,,,,,,,,,,"https://static.www.nfl.com/image/private/f_auto,q_auto/league/ganvnmltnuhgmnmdhed5",,,,,,
1980,MIA,QB,QB,0,ACT,Don Strock,Donald,Strock,1950-11-27,77,220,,,,,,,,,,,,"https://static.www.nfl.com/image/private/f_auto,q_auto/league/n9pjpwjn4d3xda0llwzi",,,,,,
1980,MIA,QB,QB,0,ACT,David Woodley,David,Woodley,1958-10-25,74,183,,,,,,,,,,,,"https://static.www.nfl.com/image/private/f_auto,q_auto/league/oopqirpipkq1coe9z8dg",,,,,,
1980,MIA,QB,QB,0,RET,Pete Woods,Peter,Woods,1955-11-29,75,214,,,,,,,,,,,,"https://static.www.nfl.com/image/private/f_auto,q_auto/league/snsufdjfzmgcorft2mv7",,,,,,
1980,MIA,RB,RB,0,ACT,Woody Bennett,Woodrow,Bennett,1955-03-24,74,217,,,,,,,,,,,,"https://static.www.nfl.com/image/private/f_auto,q_auto/league/hdj9zjuwj3lvnkyxkmjn",,,,,,
1980,MIA,RB,RB,0,ACT,Nick Giaquinto,Nicholas,Giaquinto,1955-04-04,71,205,,,,,,,,,,,,"https://static.www.nfl.com/image/private/f_auto,q_auto/league/zowrok5rhib96j8gmmjc",,,,,,
1980,MIA,RB,FB,0,ACT,Steve Howell,Stephen,Howell,1956-12-20,74,222,,,,,,,,,,,,"https://static.www.nfl.com/image/private/f_auto,q_auto/league/yhwvvgyqabptws9iquic",,,,,,
1980,MIA,RB,RB,0,ACT,Rick Moser,Richard,Moser,1956-12-18,72,210,,,,,,,,,,,,"https://static.www.nfl.com/image/private/f_auto,q_auto/league/fnoevdqqqdmeseoyrgof",,,,,,
1980,MIA,RB,RB,0,ACT,Tony Nathan,Tony,Nathan,1956-12-14,72,201,,,,,,,,,,,,"https://static.www.nfl.com/image/private/f_auto,q_auto/league/zxs41bvgv51zokfcucrc",,,,,,
1980,MIA,RB,RB,0,ACT,Terry Robiskie,Terry,Robiskie,1954-11-12,73,210,,,,,,,,,,,,"https://static.www.nfl.com/image/private/f_auto,q_auto/league/hbvueqglck3ppoowgwes",,,,,,
1980,MIA,RB,RB,0,ACT,Don Testerman,Donald,Testerman,1952-11-07,74,230,,,,,,,,,,,,"https://static.www.nfl.com/image/private/f_auto,q_auto/league/di6zboipa6afgnfogbf1",,,,,,
1980,MIA,RB,RB,0,ACT,Delvin Williams,Delvin,Williams,1951-04-17,72,195,,,,,,,,,,,,"https://static.www.nfl.com/image/private/f_auto,q_auto/league/qkyfifzl3vydqgcvhp2w",,,,,,
1980,MIA,TE,TE,0,ACT,Bruce Hardy,Bruce,Hardy,1956-06-01,77,235,,,,,,,,,,,,"https://static.www.nfl.com/image/private/f_auto,q_auto/league/oyizimpyuouhekqebzcd",,,,,,
1980,PHI,OL,G,0,ACT,Ron Baker,Ronald,Baker,1954-11-19,76,247,,,,,,,,,,,,"https://static.www.nfl.com/image/private/f_auto,q_auto/league/wzsl0wb0dlb4hq8cgjnd",,,,,,
1980,MIA,TE,TE,0,ACT,Joe Rose,Joseph,Rose,1957-06-24,75,228,,,,,,,,,,,,"https://static.www.nfl.com/image/private/f_auto,q_auto/league/ow0dwox1bpgadbzyuk5r",,,,,,
1980,MIA,WR,WR,0,ACT,Elmer Bailey,Elmer,Bailey,1957-12-13,72,196,,,,,,,,,,,,"https://static.www.nfl.com/image/private/f_auto,q_auto/league/arwg8fmwo6syxxo70teg",,,,,,
1980,MIA,WR,WR,0,ACT,Jimmy Cefalo,James,Cefalo,1956-10-06,71,190,,,,,,,,,,,,"https://static.www.nfl.com/image/private/f_auto,q_auto/league/p6aep1xoy0ucdxwleoxp",,,,,,
1980,MIA,WR,WR,0,ACT,Duriel Harris,Duriel,Harris,1954-11-27,71,175,,,,,,,,,,,,"https://static.www.nfl.com/image/private/f_auto,q_auto/league/daftz0dbnkmvcyl5ccrc",,,,,,
1980,MIA,WR,WR,0,ACT,Nat Moore,Nathaniel,Moore,1951-09-19,69,180,,,,,,,,,,,,"https://static.www.nfl.com/image/private/f_auto,q_auto/league/l7jir7npzrkt89xzozpg",,,,,,
1980,MIN,DB,DB,0,ACT,Larry Brune,Lawrence,Brune,1953-05-04,74,202,,,,,,,,,,,,"https://static.www.nfl.com/image/private/f_auto,q_auto/league/en4fokvkpd6isblhxo34",,,,,,
1980,MIN,DB,CB,0,ACT,Bobby Bryant,Bobby,Bryant,1944-01-24,73,170,,,,,,,,,,,,"https://static.www.nfl.com/image/private/f_auto,q_auto/league/zw5xl1bg4wrzlv6wzbtj",,,,,,
1980,MIN,DB,DB,0,ACT,Marvin Cobb,Marvin,Cobb,1953-08-06,72,189,,,,,,,,,,,,"https://static.www.nfl.com/image/private/f_auto,q_auto/league/vcqabbybah6govsrkn47",,,,,,
1980,MIN,DB,S,0,ACT,Tom Hannon,Thomas,Hannon,1955-03-05,71,193,,,,,,,,,,,,"https://static.www.nfl.com/image/private/f_auto,q_auto/league/wjrpxupj9r9sriuz6tdt",,,,,,
1980,MIN,DB,FS,0,ACT,Kurt Knoff,Kurt,Knoff,1954-04-06,74,188,,,,,,,,,,,,"https://static.www.nfl.com/image/private/f_auto,q_auto/league/lhreuweoveewasdyhrlz",,,,,,
1980,MIN,DB,DB,0,ACT,Keith Nord,Keith,Nord,1957-03-03,72,197,,,,,,,,,,,,"https://static.www.nfl.com/image/private/f_auto,q_auto/league/a9w7zjngo8dmhrs7dv1x",,,,,,
1980,MIN,DB,DB,0,ACT,Willie Teal,Willie,Teal,1957-12-20,70,195,,,,,,,,,,,,"https://static.www.nfl.com/image/private/f_auto,q_auto/league/nerd3tzqtxe2ochftarr",,,,,,
1980,MIN,DB,CB,0,ACT,John Turner,John,Turner,1956-02-22,72,193,,,,,,,,,,,,"https://static.www.nfl.com/image/private/f_auto,q_auto/league/ecvn1rbidfuii9hbkuat",,,,,,
1980,MIN,DB,CB,0,ACT,Nate Wright,Nathaniel,Wright,1946-12-21,71,180,,,,,,,,,,,,"https://static.www.nfl.com/image/private/f_auto,q_auto/league/qhkxwkoykztqv9eh4yjd",,,,,,
1980,MIN,DL,DE,0,ACT,Randy Holloway,Randolph,Holloway,1955-08-26,77,245,,,,,,,,,,,,"https://static.www.nfl.com/image/private/f_auto,q_auto/league/dy6cbceks80awuijxzsa",,,,,,
1980,MIN,DL,DE,0,ACT,Doug Martin,Douglas,Martin,1957-05-22,75,255,,,,,,,,,,,,"https://static.www.nfl.com/image/private/f_auto,q_auto/league/ewmzwnsutwfjjjgcvzqx",,,,,,
1980,MIN,DL,DE,0,ACT,Mark Mullaney,Mark,Mullaney,1953-04-30,78,242,,,,,,,,,,,,"https://static.www.nfl.com/image/private/f_auto,q_auto/league/gf4dzlvvteduciiau15v",,,,,,
1980,PHI,RB,RB,0,TRT,Mike Hogan,Michael,Hogan,1954-11-01,74,213,,,,,,,,,,,,"https://static.www.nfl.com/image/private/f_auto,q_auto/league/adtd4qhyaxmig1wyy9fp",,,,,,
1980,MIN,DL,DE,0,ACT,Ken Sanders,Kenneth,Sanders,1950-08-22,77,240,,,,,,,,,,,,"https://static.www.nfl.com/image/private/f_auto,q_auto/league/ukute9avv1rnu6ziwmuw",,,,,,
1980,MIN,DL,DT,0,ACT,Doug Sutherland,Douglas,Sutherland,1948-08-01,75,250,,,,,,,,,,,,"https://static.www.nfl.com/image/private/f_auto,q_auto/league/cpuaz1kr6awlvw32bgsa",,,,,,
1980,MIN,DL,DT,0,ACT,James White,James,White,1953-10-26,75,270,,,,,,,,,,,,"https://static.www.nfl.com/image/private/f_auto,q_auto/league/s8oct5oeywzudqyfpimq",,,,,,
1980,MIN,K,K,0,ACT,Rick Danmeier,Richard,Danmeier,1952-04-08,72,183,,,,,,,,,,,,"https://static.www.nfl.com/image/private/f_auto,q_auto/league/vyw01awoacnfbw7thqvq",,,,,,
1980,MIN,LB,OLB,0,ACT,Matt Blair,Matthew,Blair,1950-09-20,77,229,,,,,,,,,,,,"https://static.www.nfl.com/image/private/f_auto,q_auto/league/tgda6fdeawcvmlezq039",,,,,,
1980,MIN,LB,OLB,0,ACT,Dennis Johnson,Dennis,Johnson,1958-06-19,75,234,,,,,,,,,,,,"https://static.www.nfl.com/image/private/f_auto,q_auto/league/aa2txyommjsy7v4uhsy4",,,,,,
1980,MIN,LB,LB,0,ACT,Henry Johnson,Henry,Johnson,1958-03-20,73,227,,,,,,,,,,,,"https://static.www.nfl.com/image/private/f_auto,q_auto/league/wvjqyps3vfxzkltgvhfa",,,,,,
1980,MIN,LB,LB,0,TRT,Derrel Luce,Derrel,Luce,1952-09-29,75,226,,,,,,,,,,,,"https://static.www.nfl.com/image/private/f_auto,q_auto/league/jtuwyucge0a1lzokgsq7",,,,,,
1980,MIN,LB,OLB,0,ACT,Fred McNeill,Frederick,McNeill,1952-05-06,74,230,,,,,,,,,,,,"https://static.www.nfl.com/image/private/f_auto,q_auto/league/fmbyfaonsxv9kuisky8p",,,,,,
1980,MIN,LB,MLB,50,ACT,Jeff Siemon,Jeffrey,Siemon,1950-06-02,74,230,,,,,,,,,,,,"https://static.www.nfl.com/image/private/f_auto,q_auto/league/hqf3c7kmwyhasoyd3kkr",,,,,,
1980,MIN,LB,MLB,55,ACT,Scott Studwell,John,Studwell,1954-08-27,74,225,,,,,,,,,,,,"https://static.www.nfl.com/image/private/f_auto,q_auto/league/yrptjl3sjwyometkh3ry",,,,,,
1980,MIN,OL,OT,0,ACT,Nick Bebout,Nicholas,Bebout,1951-05-05,77,261,,,,,,,,,,,,"https://static.www.nfl.com/image/private/f_auto,q_auto/league/kvcsqguhvheqdfpv9bil",,,,,,
1980,MIN,OL,G,0,ACT,Brent Boyd,Brent,Boyd,1957-03-23,75,242,,,,,,,,,,,,"https://static.www.nfl.com/image/private/f_auto,q_auto/league/fhuqyn9zt5spavrvlrxg",,,,,,
1980,MIN,OL,G,0,ACT,Wes Hamilton,Wesley,Hamilton,1953-04-24,75,255,,,,,,,,,,,,"https://static.www.nfl.com/image/private/f_auto,q_auto/league/gnubagx0anihoyjcigrh",,,,,,
1980,MIN,OL,G,0,ACT,Jim Hough,James,Hough,1956-08-04,74,267,,,,,,,,,,,,"https://static.www.nfl.com/image/private/f_auto,q_auto/league/vlcemuej9nszwqiaglkv",,,,,,
1980,MIN,OL,OT,0,ACT,Dave Huffman,David,Huffman,1957-04-04,78,255,,,,,,,,,,,,"https://static.www.nfl.com/image/private/f_auto,q_auto/league/lljlf8m63jrewngjep3a",,,,,,
1980,MIN,OL,C,0,ACT,Jim Langer,James,Langer,1948-05-16,74,250,,,,,,,,,,,,"https://static.www.nfl.com/image/private/f_auto,q_auto/league/pdmvolbozwh2t2j39tyt",,,,,,
1980,MIN,OL,G,0,ACT,Mel Mitchell,Melvin,Mitchell,1953-02-21,75,260,,,,,,,,,,,,"https://static.www.nfl.com/image/private/f_auto,q_auto/league/btnfhvmp68mzcb5hxvva",,,,,,
1980,MIN,OL,OT,0,ACT,Steve Riley,Steven,Riley,1952-11-23,77,258,,,,,,,,,,,,"https://static.www.nfl.com/image/private/f_auto,q_auto/league/rgfdbk8wdavf1ij4xqgv",,,,,,
1980,MIN,OL,C,0,ACT,Dennis Swilley,Dennis,Swilley,1955-06-28,75,241,,,,,,,,,,,,"https://static.www.nfl.com/image/private/f_auto,q_auto/league/ynp8wokbfgnjazfulaj2",,,,,,
1980,MIN,OL,OT,0,ACT,John Vella,John,Vella,1950-04-21,76,258,,,,,,,,,,,,"https://static.www.nfl.com/image/private/f_auto,q_auto/league/uscyu3outwwlfnsrggcs",,,,,,
1980,MIN,OL,OT,0,ACT,Ron Yary,Anthony,Yary,1946-07-16,77,255,,,,,,,,,,,,"https://static.www.nfl.com/image/private/f_auto,q_auto/league/s0odvm4q18kqn4hmg4by",,,,,,
1980,MIN,P,P,0,ACT,Greg Coleman,Gregory,Coleman,1954-09-09,72,185,,,,,,,,,,,,"https://static.www.nfl.com/image/private/f_auto,q_auto/league/jao2nismff9lybqoqoqt",,,,,,
1980,PIT,DL,DT,0,ACT,Gary Dunn,Gary,Dunn,1953-08-24,75,240,,,,,,,,,,,,"https://static.www.nfl.com/image/private/f_auto,q_auto/league/t5uj7ee9dfugqxntktiz",,,,,,
1980,MIN,QB,QB,0,ACT,Tommy Kramer,Thomas,Kramer,1955-03-07,74,200,,,,,,,,,,,,"https://static.www.nfl.com/image/private/f_auto,q_auto/league/a6ritwqkenxrqsrtuvfj",,,,,,
1980,MIN,QB,QB,0,ACT,Mike Livingston,Michael,Livingston,1945-11-14,76,212,,,,,,,,,,,,"https://static.www.nfl.com/image/private/f_auto,q_auto/league/g3pykcenr6kpi8nxl9r4",,,,,,
1980,MIN,RB,RB,0,ACT,Ted Brown,Thomas,Brown,1957-02-15,70,198,,,,,,,,,,,,"https://static.www.nfl.com/image/private/f_auto,q_auto/league/dcw07qpdqg9ddiqdsdfd",,,,,,
1980,MIN,RB,RB,0,ACT,Robert Miller,Robert,Miller,1953-01-09,71,204,,,,,,,,,,,,"https://static.www.nfl.com/image/private/f_auto,q_auto/league/hcxmkd8myevjzpiu4vky",,,,,,
1980,MIN,RB,RB,0,ACT,Doug Paschal,Douglas,Paschal,1958-03-05,74,217,,,,,,,,,,,,"https://static.www.nfl.com/image/private/f_auto,q_auto/league/zkjtylkffffljfivrzvu",,,,,,
1980,MIN,RB,RB,0,ACT,Eddie Payton,Edward,Payton,1951-08-03,68,175,,,,,,,,,,,,"https://static.www.nfl.com/image/private/f_auto,q_auto/league/tvkc5jqgxj6ya9q8icva",,,,,,
1980,PIT,LB,OLB,0,ACT,Jack Ham,Jack,Ham,1948-12-23,73,225,,,,,,,,,,,,"https://static.www.nfl.com/image/private/f_auto,q_auto/league/ttxn1pbgpgc1gamxssox",,,,,,
1980,MIN,TE,TE,0,ACT,Bob Bruer,Robert,Bruer,1953-05-22,77,230,,,,,,,,,,,,"https://static.www.nfl.com/image/private/f_auto,q_auto/league/ilftw1x27njvnfomp6ej",,,,,,
1980,MIN,TE,TE,0,ACT,Joe Senser,Joseph,Senser,1956-08-18,76,235,,,,,,,,,,,,"https://static.www.nfl.com/image/private/f_auto,q_auto/league/edlklqqngctxlvqk8frg",,,,,,
1980,MIN,TE,TE,0,ACT,Bob Tucker,Robert,Tucker,1945-06-08,75,230,,,,,,,,,,,,"https://static.www.nfl.com/image/private/f_auto,q_auto/league/geexl9uk2hcnc4eaipbw",,,,,,
1980,MIN,TE,TE,0,ACT,Stu Voigt,Stuart,Voigt,1948-08-12,73,223,,,,,,,,,,,,"https://static.www.nfl.com/image/private/f_auto,q_auto/league/ancbcwmqurgd8gwxd3on",,,,,,
1980,MIN,WR,WR,0,ACT,Terry LeCount,Terry,LeCount,1956-07-09,70,172,,,,,,,,,,,,"https://static.www.nfl.com/image/private/f_auto,q_auto/league/xyinrizbcndagdteczrd",,,,,,
1980,MIN,WR,WR,0,ACT,Kevin Miller,Kevin,Miller,1955-03-21,70,180,,,,,,,,,,,,"https://static.www.nfl.com/image/private/f_auto,q_auto/league/ipg3fc9fnpf2sltnezqu",,,,,,
1980,MIN,WR,WR,0,ACT,Ahmad Rashad,Ahmad,Rashad,1949-11-19,74,200,,,,,,,,,,,,"https://static.www.nfl.com/image/private/f_auto,q_auto/league/nule4ps4yn3fjjholgqe",,,,,,
1980,MIN,WR,WR,0,ACT,Sammy White,Samuel,White,1954-03-16,71,190,,,,,,,,,,,,"https://static.www.nfl.com/image/private/f_auto,q_auto/league/olwfmk5wtkltdlzduuav",,,,,,
1980,PIT,OL,G,0,ACT,Tyrone McGriff,Tyrone,McGriff,1958-01-13,72,273,,,,,,,,,,,,"https://static.www.nfl.com/image/private/f_auto,q_auto/league/mb1mtawqy1whnytqh2md",,,,,,
1980,NE,DB,DB,0,ACT,Bill Currier,William,Currier,1955-01-05,72,202,,,,,,,,,,,,"https://static.www.nfl.com/image/private/f_auto,q_auto/league/fpotm4uxyeae6kwofhbu",,,,,,
1980,NE,DB,FS,0,ACT,Tim Fox,Timothy,Fox,1953-11-01,71,186,,,,,,,,,,,,"https://static.www.nfl.com/image/private/f_auto,q_auto/league/jdmydp4lk5lxjlstj601",,,,,,
1980,NE,DB,CB,0,ACT,Mike Haynes,Michael,Haynes,1953-07-01,74,189,,,,,,,,,,,,"https://static.www.nfl.com/image/private/f_auto,q_auto/league/ettsvjeegh7sxuajvy1m",,,,,,
1980,NYG,DL,DT,0,ACT,George Small,George,Small,1956-11-18,74,260,,,,,,,,,,,,"https://static.www.nfl.com/image/private/f_auto,q_auto/league/o1v8ox9tcgh5yjyczvwy",,,,,,
1980,PIT,P,P,0,ACT,Craig Colquitt,Joseph,Colquitt,1954-06-09,73,182,,,,,,,,,,,,"https://static.www.nfl.com/image/private/f_auto,q_auto/league/qhwxlhrhmdm9az70cynz",,,,,,
1980,NE,DB,S,0,ACT,Rick Sanford,Richard,Sanford,1957-01-09,73,192,,,,,,,,,,,,"https://static.www.nfl.com/image/private/f_auto,q_auto/league/ljqnwnss8t6rpbelpcp9",,,,,,
1980,NE,DL,DE,0,ACT,Julius Adams,Julius,Adams,1948-04-26,75,270,,,,,,,,,,,,"https://static.www.nfl.com/image/private/f_auto,q_auto/league/mkulv0yzwzkfimxzw5hd",,,,,,
1980,NE,DL,DE,0,ACT,Richard Bishop,Richard,Bishop,1950-03-23,73,275,,,,,,,,,,,,"https://static.www.nfl.com/image/private/f_auto,q_auto/league/wwnr9ywddsutq06rprk7",,,,,,
1980,NE,DL,NT,0,ACT,Ray Hamilton,Raymond,Hamilton,1951-01-20,73,232,,,,,,,,,,,,"https://static.www.nfl.com/image/private/f_auto,q_auto/league/dk0k7ztkazal2cyb8wsk",,,,,,
1980,NE,DL,DE,0,ACT,Mel Lunsford,Melvin,Lunsford,1950-06-13,75,256,,,,,,,,,,,,"https://static.www.nfl.com/image/private/f_auto,q_auto/league/f6jom9g1ezno7t4c7n9l",,,,,,
1980,NE,DL,DE,0,ACT,Doug McDougald,Douglas,McDougald,1957-02-06,77,271,,,,,,,,,,,,"https://static.www.nfl.com/image/private/f_auto,q_auto/league/x5jignixgcbqjo1h9g9m",,,,,,
1980,NE,DL,DE,0,ACT,Tony McGee,Anthony,McGee,1949-01-18,76,250,,,,,,,,,,,,"https://static.www.nfl.com/image/private/f_auto,q_auto/league/tdcwoq4mi250boifunwa",,,,,,
1980,PIT,RB,RB,0,ACT,Frank Pollard,Frank,Pollard,1957-06-15,70,210,,,,,,,,,,,,"https://static.www.nfl.com/image/private/f_auto,q_auto/league/osvclb4mi0mzcrenduhh",,,,,,
1980,NE,K,K,0,ACT,John Smith,John,Smith,1949-12-30,72,180,,,,,,,,,,,,"https://static.www.nfl.com/image/private/f_auto,q_auto/league/pjur6mhiu6e9bbrnjced",,,,,,
1980,NE,LB,ILB,0,ACT,Bob Golic,Robert,Golic,1957-10-26,74,248,,,,,,,,,,,,"https://static.www.nfl.com/image/private/f_auto,q_auto/league/ot4eli9ohqljvdmzgfod",,,,,,
1980,NE,LB,OLB,0,ACT,Mike Hawkins,Michael,Hawkins,1955-10-29,74,232,,,,,,,,,,,,"https://static.www.nfl.com/image/private/f_auto,q_auto/league/g9jrzppuabt7cwtwhcjj",,,,,,
1980,NE,LB,LB,0,ACT,Steve King,George,King,1951-06-10,76,220,,,,,,,,,,,,"https://static.www.nfl.com/image/private/f_auto,q_auto/league/n6evousfjxptjdc7akkw",,,,,,
1980,NE,LB,LB,0,ACT,Bill Matthews,William,Matthews,1956-03-12,74,235,,,,,,,,,,,,"https://static.www.nfl.com/image/private/f_auto,q_auto/league/at6ma7porrdu8tewnpoy",,,,,,
1980,NE,LB,LB,0,ACT,Larry McGrew,Lawrence,McGrew,1957-07-23,77,233,,,,,,,,,,,,"https://static.www.nfl.com/image/private/f_auto,q_auto/league/khu7paqazenopvlquedw",,,,,,
1980,NE,LB,ILB,0,ACT,Steve Nelson,Steven,Nelson,1951-04-26,74,230,,,,,,,,,,,,"https://static.www.nfl.com/image/private/f_auto,q_auto/league/tert4y4jynhz9gzibsby",,,,,,
1980,NE,LB,OLB,0,ACT,Rod Shoate,Roderick,Shoate,1953-04-26,73,211,,,,,,,,,,,,"https://static.www.nfl.com/image/private/f_auto,q_auto/league/bu74wxwdtrh77nurtwky",,,,,,
1980,NE,LB,ILB,0,ACT,John Zamberlin,John,Zamberlin,1956-02-13,74,230,,,,,,,,,,,,"https://static.www.nfl.com/image/private/f_auto,q_auto/league/yz6uhmtnl5edrmtkdyiu",,,,,,
1980,NE,OL,G,0,ACT,Sam Adams,Samuel,Adams,1948-09-20,75,252,,,,,,,,,,,,"https://static.www.nfl.com/image/private/f_auto,q_auto/league/ywynqkqkpb5xfargtexq",,,,,,
1980,NE,OL,C,0,ACT,Pete Brock,Peter,Brock,1954-07-14,77,253,,,,,,,,,,,,"https://static.www.nfl.com/image/private/f_auto,q_auto/league/bsyo8decj8opg7aw03di",,,,,,
1980,NE,OL,G,0,ACT,Bob Cryder,Robert,Cryder,1956-09-07,76,284,,,,,,,,,,,,"https://static.www.nfl.com/image/private/f_auto,q_auto/league/fiu2h92orzdegixijksr",,,,,,
1980,NE,OL,G,0,ACT,John Hannah,John,Hannah,1951-04-04,74,265,,,,,,,,,,,,"https://static.www.nfl.com/image/private/f_auto,q_auto/league/ebc8zlctxozwriiwemda",,,,,,
1980,NE,OL,OT,0,ACT,Shelby Jordan,Shelby,Jordan,1952-01-23,79,260,,,,,,,,,,,,"https://static.www.nfl.com/image/private/f_auto,q_auto/league/lrhawr1pwehycamewkep",,,,,,
1980,NE,OL,C,0,ACT,Bill Lenkaitis,William,Lenkaitis,1946-06-30,76,255,,,,,,,,,,,,"https://static.www.nfl.com/image/private/f_auto,q_auto/league/liqwvol8acnjz96pfdkr",,,,,,
1980,NE,OL,OT,0,ACT,Garry Puetz,Garry,Puetz,1952-03-14,75,255,,,,,,,,,,,,"https://static.www.nfl.com/image/private/f_auto,q_auto/league/uzjfnsjwfs0nyxe6lnvk",,,,,,
1980,NE,OL,OT,0,ACT,Dwight Wheeler,Dwight,Wheeler,1955-01-13,75,269,,,,,,,,,,,,"https://static.www.nfl.com/image/private/f_auto,q_auto/league/wkcm9kjpjsjigdrzywqw",,,,,,
1980,NE,P,P,0,ACT,Mike Hubach,Michael,Hubach,1958-01-26,70,185,,,,,,,,,,,,"https://static.www.nfl.com/image/private/f_auto,q_auto/league/pxyge7qwvrl4biqrhlsj",,,,,,
1980,SD,DL,DE,0,ACT,Fred Dean,Frederick,Dean,1952-02-24,75,224,,,,,,,,,,,,"https://static.www.nfl.com/image/private/f_auto,q_auto/league/i435t5xtxdtfv7yyfpck",,,,,,
1980,NE,QB,QB,0,ACT,Steve Grogan,Steven,Grogan,1953-07-24,76,210,,,,,,,,,,,,"https://static.www.nfl.com/image/private/f_auto,q_auto/league/lgtwr9h2e8bey2lyqkco",,,,,,
1980,NE,QB,QB,0,ACT,Tom Owen,Willis,Owen,1952-09-01,73,195,,,,,,,,,,,,"https://static.www.nfl.com/image/private/f_auto,q_auto/league/bhf4giw7dijqfcrgnevs",,,,,,
1980,SD,DL,DE,0,ACT,Leroy Jones,Leroy,Jones,1950-09-29,80,245,,,,,,,,,,,,"https://static.www.nfl.com/image/private/f_auto,q_auto/league/xlalaftpgvyqf9yuh2pt",,,,,,
1980,NE,RB,RB,0,ACT,Allan Clark,Allan,Clark,1957-06-08,70,186,,,,,,,,,,,,"https://static.www.nfl.com/image/private/f_auto,q_auto/league/xvnly2tngpqzseymjrgb",,,,,,
1980,NE,RB,RB,0,ACT,Vagas Ferguson,Vasquero,Ferguson,1957-03-06,73,194,,,,,,,,,,,,"https://static.www.nfl.com/image/private/f_auto,q_auto/league/h58dbxudwugtbakla6sh",,,,,,
1980,NE,RB,RB,44,ACT,Chuck Foreman,Walter,Foreman,1950-10-26,74,210,,,,,,,,,,,,"https://static.www.nfl.com/image/private/f_auto,q_auto/league/a3h17dlr4bau5y8gdnqi",,,,,,
1980,NE,RB,RB,0,ACT,Horace Ivory,Horace,Ivory,1954-08-08,72,197,,,,,,,,,,,,"https://static.www.nfl.com/image/private/f_auto,q_auto/league/rgvldpmbagd1adjumouv",,,,,,
1980,NE,RB,RB,0,ACT,Andy Johnson,Anderson,Johnson,1952-10-18,72,204,,,,,,,,,,,,"https://static.www.nfl.com/image/private/f_auto,q_auto/league/xfxy71vopesyqclmjvua",,,,,,
1980,NE,RB,RB,0,ACT,Mosi Tatupu,Mosiula,Tatupu,1955-04-26,72,227,,,,,,,,,,,,"https://static.www.nfl.com/image/private/f_auto,q_auto/league/jge79vwu3wvwpixwpriy",,,,,,
1980,NE,TE,TE,0,ACT,Russ Francis,Russell,Francis,1953-04-03,78,240,,,,,,,,,,,,"https://static.www.nfl.com/image/private/f_auto,q_auto/league/mery59a5g4kfrlcm9rax",,,,,,
1980,SD,LB,LB,0,ACT,Jim Laslavic,James,Laslavic,1951-10-24,74,230,,,,,,,,,,,,"https://static.www.nfl.com/image/private/f_auto,q_auto/league/kvor6n9ysvgx21hfc2zr",,,,,,
1980,NE,WR,WR,0,ACT,Preston Brown,Preston,Brown,1958-03-02,70,184,,,,,,,,,,,,"https://static.www.nfl.com/image/private/f_auto,q_auto/league/e04o7zvw3bnc9exs7txz",,,,,,
1980,NE,WR,WR,0,ACT,Harold Jackson,Harold,Jackson,1946-01-06,70,175,,,,,,,,,,,,"https://static.www.nfl.com/image/private/f_auto,q_auto/league/wdvvpjd2dctzlhortfwc",,,,,,
1980,SD,LB,OLB,0,ACT,Ray Preston,Raymond,Preston,1954-01-25,72,223,,,,,,,,,,,,"https://static.www.nfl.com/image/private/f_auto,q_auto/league/rs0wlf2u3iqqgi8rchqp",,,,,,
1980,NE,WR,WR,0,ACT,Carlos Pennywell,Carlos,Pennywell,1956-03-18,74,180,,,,,,,,,,,,"https://static.www.nfl.com/image/private/f_auto,q_auto/league/lxv88zji84ykphrvzhsh",,,,,,
1980,NE,WR,WR,0,ACT,Donald Westbrook,Donald,Westbrook,1952-11-01,70,188,,,,,,,,,,,,"https://static.www.nfl.com/image/private/f_auto,q_auto/league/dgpjjqgjhxwfx1dbcttz",,,,,,
1980,NO,DB,S,0,ACT,Ray Brown,Raymond,Brown,1949-01-12,73,208,,,,,,,,,,,,"https://static.www.nfl.com/image/private/f_auto,q_auto/league/lhlndotiniyznrljxeda",,,,,,
1980,NO,DB,CB,0,TRC,Clarence Chapman,Clarence,Chapman,1953-12-10,70,185,,,,,,,,,,,,"https://static.www.nfl.com/image/private/f_auto,q_auto/league/oqbkb4zammfcsnqyx6da",,,,,,
1980,NO,DB,CB,0,ACT,James Marshall,James,Marshall,1952-09-08,72,187,,,,,,,,,,,,"https://static.www.nfl.com/image/private/f_auto,q_auto/league/hhrgzeu7fnlz8zdq2dyp",,,,,,
1980,NO,DB,FS,0,ACT,Guido Merkens,Guido,Merkens,1955-08-14,73,200,,,,,,,,,,,,"https://static.www.nfl.com/image/private/f_auto,q_auto/league/qpxvrcfvbexqwzgf0p3b",,,,,,
1980,NO,DB,FS,0,ACT,Tom Myers,Thomas,Myers,1950-10-24,71,184,,,,,,,,,,,,"https://static.www.nfl.com/image/private/f_auto,q_auto/league/ph3nqdw8ag926pae95v2",,,,,,
1980,NO,DB,CB,0,ACT,Ricky Ray,Ricky,Ray,1957-05-30,71,180,,,,,,,,,,,,"https://static.www.nfl.com/image/private/f_auto,q_auto/league/d2ijyjbdaijrj7ydkadr",,,,,,
1980,NO,DB,S,0,ACT,Donald Schwartz,Donald,Schwartz,1956-02-24,73,191,,,,,,,,,,,,"https://static.www.nfl.com/image/private/f_auto,q_auto/league/fnxexommpemcatp9qxeh",,,,,,
1980,NO,DB,CB,0,ACT,Mike Spivey,Michael,Spivey,1954-03-10,72,194,,,,,,,,,,,,"https://static.www.nfl.com/image/private/f_auto,q_auto/league/qizobwzvmdcog82be0l0",,,,,,
1980,SD,P,P,0,ACT,Rick Partridge,Richard,Partridge,1957-08-26,73,175,,,,,,,,,,,,"https://static.www.nfl.com/image/private/f_auto,q_auto/league/br7ncs2xw7deovb7uxr6",,,,,,
1980,NO,DL,DT,0,ACT,Barry Bennett,Barry,Bennett,1955-12-10,76,257,,,,,,,,,,,,"https://static.www.nfl.com/image/private/f_auto,q_auto/league/bi0r7ofp1erbjhx6sxjx",,,,,,
1980,NO,DL,DE,0,TRC,Joe Campbell,Joseph,Campbell,1955-05-08,78,254,,,,,,,,,,,,"https://static.www.nfl.com/image/private/f_auto,q_auto/league/vaedpfwxsy33hualwsyv",,,,,,
1980,NO,DL,DT,0,ACT,Mike Fultz,Michael,Fultz,1954-01-28,77,278,,,,,,,,,,,,"https://static.www.nfl.com/image/private/f_auto,q_auto/league/uhxbijbdhapsua7yd4pl",,,,,,
1980,NO,DL,DE,0,ACT,Elois Grooms,Elois,Grooms,1953-05-20,76,240,,,,,,,,,,,,"https://static.www.nfl.com/image/private/f_auto,q_auto/league/vp1ztbeclwwnmxwqmjw3",,,,,,
1980,NO,DL,DE,0,ACT,Tommy Hart,Tommy,Hart,1944-11-07,76,245,,,,,,,,,,,,"https://static.www.nfl.com/image/private/f_auto,q_auto/league/wu5q0vtki0pw1cjozseu",,,,,,
1980,SD,RB,RB,0,ACT,LaRue Harrington,LaRue,Harrington,1957-06-28,72,210,,,,,,,,,,,,"https://static.www.nfl.com/image/private/f_auto,q_auto/league/n94p2rwwtmh4cwl0zsbh",,,,,,
1980,NO,DL,DE,0,ACT,Steve Parker,Steven,Parker,1956-12-08,78,265,,,,,,,,,,,,"https://static.www.nfl.com/image/private/f_auto,q_auto/league/uiuqn5g4zk9vqtcqmfuv",,,,,,
1980,NO,DL,DT,0,ACT,Elex Price,Elex,Price,1950-08-11,75,260,,,,,,,,,,,,"https://static.www.nfl.com/image/private/f_auto,q_auto/league/u7cqblwbj1v9kshr96gp",,,,,,
1980,NO,DL,DE,0,ACT,Don Reese,Donald,Reese,1951-09-04,78,255,,,,,,,,,,,,"https://static.www.nfl.com/image/private/f_auto,q_auto/league/crts7vlh1beroop5akht",,,,,,
1980,NO,K,K,0,ACT,Benny Ricardo,Benito,Ricardo,1954-01-04,70,175,,,,,,,,,,,,"https://static.www.nfl.com/image/private/f_auto,q_auto/league/ky99fcjmsqvmgbi8uh3v",,,,,,
1980,NO,LB,OLB,0,ACT,Ken Bordelon,Kenneth,Bordelon,1954-08-26,76,236,,,,,,,,,,,,"https://static.www.nfl.com/image/private/f_auto,q_auto/league/t4g7fpipu4t1e9tbgbgo",,,,,,
1980,NO,LB,MLB,0,ACT,Chuck Evans,Charles,Evans,1956-12-19,75,235,,,,,,,,,,,,"https://static.www.nfl.com/image/private/f_auto,q_auto/league/cq6novon61v8nswyd45v",,,,,,
1980,NO,LB,MLB,0,ACT,Joe Federspiel,Joseph,Federspiel,1950-05-06,73,225,,,,,,,,,,,,"https://static.www.nfl.com/image/private/f_auto,q_auto/league/vhraslryvdcwkv3ulz4h",,,,,,
1980,NO,LB,OLB,0,ACT,Stan Holloway,Stanley,Holloway,1957-09-28,74,218,,,,,,,,,,,,"https://static.www.nfl.com/image/private/f_auto,q_auto/league/nudf5yexrcwvucdejjtz",,,,,,
1980,NO,LB,MLB,0,ACT,Jim Kovach,James,Kovach,1956-05-01,74,230,,,,,,,,,,,,"https://static.www.nfl.com/image/private/f_auto,q_auto/league/wnasyy4zi3d4uod2y3td",,,,,,
1980,NO,LB,OLB,0,ACT,Reggie Mathis,Reginald,Mathis,1956-03-18,74,220,,,,,,,,,,,,"https://static.www.nfl.com/image/private/f_auto,q_auto/league/yf1cnmgc3jnzrlkcejdd",,,,,,
1980,NO,LB,LB,0,ACT,Dave Washington,David,Washington,1948-09-12,77,223,,,,,,,,,,,,"https://static.www.nfl.com/image/private/f_auto,q_auto/league/byytjene3nyiheaqplyo",,,,,,
1980,SEA,DB,CB,0,ACT,Dave Brown,David,Brown,1953-01-16,73,190,,,,,,,,,,,,"https://static.www.nfl.com/image/private/f_auto,q_auto/league/yc4frxbcsmlhmk5lych7",,,,,,
1980,NO,OL,C,0,ACT,Larry Coombs,Lawrence,Coombs,1957-08-09,76,260,,,,,,,,,,,,"https://static.www.nfl.com/image/private/f_auto,q_auto/league/grpsrugngfhie47gvbhq",,,,,,
1980,NO,OL,C,0,ACT,John Hill,John,Hill,1950-04-16,74,245,,,,,,,,,,,,"https://static.www.nfl.com/image/private/f_auto,q_auto/league/x1qqyt70yz4tz0dzm7h1",,,,,,
1980,NO,OL,OT,0,ACT,Dave Lafary,David,Lafary,1955-01-13,79,280,,,,,,,,,,,,"https://static.www.nfl.com/image/private/f_auto,q_auto/league/ejzc26ymdjl5pckbxxks",,,,,,
1980,NO,OL,C,0,ACT,Jim Pietrzak,James,Pietrzak,1953-02-21,77,260,,,,,,,,,,,,"https://static.www.nfl.com/image/private/f_auto,q_auto/league/k4rhr9vqu6g0yxvowqun",,,,,,
1980,NO,OL,G,0,ACT,Fred Sturt,Frederick,Sturt,1951-01-06,76,255,,,,,,,,,,,,"https://static.www.nfl.com/image/private/f_auto,q_auto/league/gvjedpfyl3xjcaxqz6fs",,,,,,
1980,NO,OL,OT,0,ACT,J.T. Taylor,James,Taylor,1956-08-12,76,265,,,,,,,,,,,,"https://static.www.nfl.com/image/private/f_auto,q_auto/league/dxdyrzurb8pxawyrfjea",,,,,,
1980,NO,OL,G,0,ACT,Robert Woods,Robert,Woods,1950-07-26,75,255,,,,,,,,,,,,"https://static.www.nfl.com/image/private/f_auto,q_auto/league/bjstsn1fjpe5ofde0x6y",,,,,,
1980,NO,OL,G,0,ACT,Emanuel Zanders,Emanuel,Zanders,1951-07-31,73,263,,,,,,,,,,,,"https://static.www.nfl.com/image/private/f_auto,q_auto/league/rjaws2u0uwpdk5opf9p8",,,,,,
1980,NO,P,P,0,ACT,Russell Erxleben,Russell,Erxleben,1957-01-13,76,218,,,,,,,,,,,,"https://static.www.nfl.com/image/private/f_auto,q_auto/league/ygsesle54pltdrg5u0tb",,,,,,
1980,NO,QB,QB,0,ACT,Guy Benjamin,Guy,Benjamin,1955-06-27,76,210,,,,,,,,,,,,"https://static.www.nfl.com/image/private/f_auto,q_auto/league/mdwqy3is7wjppfpp0zd6",,,,,,
1980,NO,QB,QB,0,ACT,Ed Burns,Edward,Burns,1954-12-07,75,210,,,,,,,,,,,,"https://static.www.nfl.com/image/private/f_auto,q_auto/league/plc29jfrbxtgb4ak0ndw",,,,,,
1980,NO,QB,QB,0,ACT,Archie Manning,Elisha,Manning,1949-05-19,75,212,,,,,,,,,,,,"https://static.www.nfl.com/image/private/f_auto,q_auto/league/g9vyzturkqi7oguzxqry",,,,,,
1980,NO,QB,QB,0,ACT,Bobby Scott,Robert,Scott,1949-04-02,73,201,,,,,,,,,,,,"https://static.www.nfl.com/image/private/f_auto,q_auto/league/lfydxufv5kftwagogh8c",,,,,,
1980,NO,RB,RB,0,ACT,Larry Collins,Daniel,Collins,1955-08-08,71,189,,,,,,,,,,,,"https://static.www.nfl.com/image/private/f_auto,q_auto/league/ktk9qlj84tdeqta5npgb",,,,,,
1980,NO,RB,RB,0,ACT,Tony Galbreath,Anthony,Galbreath,1954-01-29,72,220,,,,,,,,,,,,"https://static.www.nfl.com/image/private/f_auto,q_auto/league/gujudr4qtmjewh62evwq",,,,,,
1980,NO,RB,RB,0,ACT,Jack Holmes,John,Holmes,1953-06-20,71,210,,,,,,,,,,,,"https://static.www.nfl.com/image/private/f_auto,q_auto/league/ju8iewp9wni17egyqk8l",,,,,,
1980,SEA,LB,MLB,0,ACT,Terry Beeson,Terry,Beeson,1955-09-19,75,240,,,,,,,,,,,,"https://static.www.nfl.com/image/private/f_auto,q_auto/league/newbv6zrnmb1goyiawcd",,,,,,
1980,NO,RB,RB,0,ACT,Jimmy Rogers,James,Rogers,1955-06-29,70,190,,,,,,,,,,,,"https://static.www.nfl.com/image/private/f_auto,q_auto/league/t8csexyilrc9trlka8qa",,,,,,
1980,NO,RB,RB,0,ACT,Michael Strachan,Michael,Strachan,1953-05-24,72,199,,,,,,,,,,,,"https://static.www.nfl.com/image/private/f_auto,q_auto/league/zpdzgfpmrfakqvy5oafm",,,,,,
1980,NO,RB,RB,0,ACT,Wayne Wilson,Wayne,Wilson,1957-09-04,75,208,,,,,,,,,,,,"https://static.www.nfl.com/image/private/f_auto,q_auto/league/qwc0jsq0iawmb7r4zh15",,,,,,
1980,NO,TE,TE,0,ACT,Henry Childs,Henry,Childs,1951-04-16,74,223,,,,,,,,,,,,"https://static.www.nfl.com/image/private/f_auto,q_auto/league/c3qmyfwkdlpybyt23kjj",,,,,,
1980,NO,TE,TE,0,ACT,Larry Hardy,Larry,Hardy,1956-07-09,75,230,,,,,,,,,,,,"https://static.www.nfl.com/image/private/f_auto,q_auto/league/fqj17usyczchsqabgfuc",,,,,,
1980,NO,TE,TE,0,ACT,Brooks Williams,Kim,Williams,1954-12-07,76,226,,,,,,,,,,,,"https://static.www.nfl.com/image/private/f_auto,q_auto/league/aq0uwk8tfyrkpjasime7",,,,,,
1980,NO,WR,WR,0,ACT,Gordon Banks,Gordon,Banks,1958-03-12,70,175,,,,,,,,,,,,"https://static.www.nfl.com/image/private/f_auto,q_auto/league/hrxmving8qeykepxf9uo",,,,,,
1980,NO,WR,WR,0,ACT,Wes Chandler,Wesley,Chandler,1956-08-22,72,186,,,,,,,,,,,,"https://static.www.nfl.com/image/private/f_auto,q_auto/league/iyfdyzhifflqyiuywv25",,,,,,
1980,NO,WR,WR,0,ACT,Tom Donovan,Thomas,Donovan,1957-01-13,71,179,,,,,,,,,,,,"https://static.www.nfl.com/image/private/f_auto,q_auto/league/nyypvytqf4zfncdsshad",,,,,,
1980,NO,WR,WR,0,ACT,Ike Harris,Isiah,Harris,1952-11-27,75,210,,,,,,,,,,,,"https://static.www.nfl.com/image/private/f_auto,q_auto/league/baedfhmjwf3lepdpcqiz",,,,,,
1980,NO,WR,WR,0,ACT,Rich Mauti,Richard,Mauti,1954-05-25,72,190,,,,,,,,,,,,"https://static.www.nfl.com/image/private/f_auto,q_auto/league/m2a03detdjubjkfkjesy",,,,,,
1980,NO,WR,WR,0,ACT,Artie Owens,Arthur,Owens,1953-01-14,70,176,,,,,,,,,,,,"https://static.www.nfl.com/image/private/f_auto,q_auto/league/mdsi42zd1anphkubxytt",,,,,,
1980,NO,WR,WR,0,ACT,Tinker Owens,Charles,Owens,1954-10-03,71,170,,,,,,,,,,,,"https://static.www.nfl.com/image/private/f_auto,q_auto/league/nmkz70b2rgwfcexz8tqx",,,,,,
1980,NYG,DB,DB,0,ACT,Tony Blount,Anthony,Blount,1958-11-05,73,195,,,,,,,,,,,,"https://static.www.nfl.com/image/private/f_auto,q_auto/league/ghcl41dj3sbosan0mnkt",,,,,,
1980,NYG,DB,CB,0,ACT,Mike Dennis,Michael,Dennis,1958-06-06,70,190,,,,,,,,,,,,"https://static.www.nfl.com/image/private/f_auto,q_auto/league/su0zom0gsngx0hyh3b6l",,,,,,
1980,NYG,DB,CB,0,ACT,Eric Felton,Eric,Felton,1955-10-08,72,200,,,,,,,,,,,,"https://static.www.nfl.com/image/private/f_auto,q_auto/league/yqs7t7xd1eyr2exobixh",,,,,,
1980,NYG,DB,S,0,ACT,Don Harris,Donald,Harris,1954-02-08,74,185,,,,,,,,,,,,"https://static.www.nfl.com/image/private/f_auto,q_auto/league/d1pt2jahhzagv3odtlab",,,,,,
1980,NYG,DB,CB,0,ACT,Mark Haynes,Mark,Haynes,1958-11-06,71,185,,,,,,,,,,,,"https://static.www.nfl.com/image/private/f_auto,q_auto/league/wuytgmd5un2jxb1v7oxx",,,,,,
1980,NYG,DB,FS,0,ACT,Bud Hebert,Darryl,Hebert,1956-10-12,72,190,,,,,,,,,,,,"https://static.www.nfl.com/image/private/f_auto,q_auto/league/pmkbrwgxgv0k6yygeft5",,,,,,
1980,NYG,DB,CB,0,ACT,Steve Henry,Steven,Henry,1957-03-05,74,190,,,,,,,,,,,,"https://static.www.nfl.com/image/private/f_auto,q_auto/league/r78rzpca99l62a0tld9k",,,,,,
1980,NYG,DB,CB,0,ACT,Terry Jackson,Terence,Jackson,1955-12-09,70,187,,,,,,,,,,,,"https://static.www.nfl.com/image/private/f_auto,q_auto/league/uv2rctwhuind7nmv982i",,,,,,
1980,NYG,DB,CB,0,ACT,Jerome King,Jerome,King,1955-01-04,70,175,,,,,,,,,,,,"https://static.www.nfl.com/image/private/f_auto,q_auto/league/cu1q77vfqdxchb4bjzt8",,,,,,
1980,NYG,DB,DB,0,ACT,Doug Nettles,Gordon,Nettles,1951-08-13,72,179,,,,,,,,,,,,"https://static.www.nfl.com/image/private/f_auto,q_auto/league/satoiarw72xzdlznkkiz",,,,,,
1980,SEA,RB,RB,0,ACT,Jeff Moore,Jeffrey,Moore,1956-08-20,72,195,,,,,,,,,,,,"https://static.www.nfl.com/image/private/f_auto,q_auto/league/a397izhg2k2pw2yh2pdo",,,,,,
1980,NYG,DB,S,0,ACT,Beasley Reece,Beasley,Reece,1954-03-18,73,186,,,,,,,,,,,,"https://static.www.nfl.com/image/private/f_auto,q_auto/league/aico9qbjpquu8iclx3rx",,,,,,
1980,NYG,DB,FS,0,ACT,Gary Woolford,Gary,Woolford,1954-05-04,72,180,,,,,,,,,,,,"https://static.www.nfl.com/image/private/f_auto,q_auto/league/xze5yfq03uv4t2ejuyib",,,,,,
1980,NYG,DL,DE,0,ACT,Gary Jeter,Gary,Jeter,1955-01-24,76,250,,,,,,,,,,,,"https://static.www.nfl.com/image/private/f_auto,q_auto/league/i5txyjprureulz6gpasv",,,,,,
1980,NYG,DL,DT,0,ACT,Myron Lapka,Myron,Lapka,1956-05-10,76,255,,,,,,,,,,,,"https://static.www.nfl.com/image/private/f_auto,q_auto/league/u25fqsdlihcbbgjg99nu",,,,,,
1980,NYG,DL,DE,0,ACT,Dale Markham,Dale,Markham,1957-07-24,80,274,,,,,,,,,,,,"https://static.www.nfl.com/image/private/f_auto,q_auto/league/rwzmlljgiitdwlirvlnv",,,,,,
1980,NYG,DL,DE,0,ACT,George Martin,George,Martin,1953-02-16,76,245,,,,,,,,,,,,"https://static.www.nfl.com/image/private/f_auto,q_auto/league/zekzxk5hqy8gvdsdymr4",,,,,,
1980,NYG,DL,DT,0,TRD,Mike McCoy,Michael,McCoy,1948-09-06,77,284,,,,,,,,,,,,"https://static.www.nfl.com/image/private/f_auto,q_auto/league/mksmcyzafzzin0t7twia",,,,,,
1980,NYG,DL,NT,0,ACT,Curtis McGriff,Curtis,McGriff,1958-05-17,77,270,,,,,,,,,,,,"https://static.www.nfl.com/image/private/f_auto,q_auto/league/tb1ecilxsmep2dstgqyk",,,,,,
1980,OAK,DL,NT,0,ACT,Dave Pear,David,Pear,1953-06-01,74,250,,,,,,,,,,,,"https://static.www.nfl.com/image/private/f_auto,q_auto/league/e7ojkbur9ilsmduwtouy",,,,,,
1980,NYG,DL,NT,0,ACT,Philip Tabor,Philip,Tabor,1956-11-30,76,255,,,,,,,,,,,,"https://static.www.nfl.com/image/private/f_auto,q_auto/league/c2x6btzqcbde4ypuydyn",,,,,,
1980,NYG,K,K,0,ACT,Joe Danelo,Joseph,Danelo,1953-09-02,69,166,,,,,,,,,,,,"https://static.www.nfl.com/image/private/f_auto,q_auto/league/sokpcz5hm2nqi5wijye7",,,,,,
1980,NYG,LB,ILB,0,ACT,Ben Apuna,Benjamin,Apuna,1957-06-26,73,222,,,,,,,,,,,,"https://static.www.nfl.com/image/private/f_auto,q_auto/league/x9luqa3zzwpfod4rlv5e",,,,,,
1980,NYG,LB,LB,0,ACT,Rik Bonness,Richard,Bonness,1954-03-20,75,220,,,,,,,,,,,,"https://static.www.nfl.com/image/private/f_auto,q_auto/league/pgfwn4wnjq5muhi1pvkm",,,,,,
1980,NYG,LB,ILB,0,ACT,Phil Cancik,Phillip,Cancik,1957-04-19,73,225,,,,,,,,,,,,"https://static.www.nfl.com/image/private/f_auto,q_auto/league/rhynldjtnmm6uvxuqlkt",,,,,,
1980,NYG,LB,ILB,0,ACT,Harry Carson,Harold,Carson,1953-11-26,74,228,,,,,,,,,,,,"https://static.www.nfl.com/image/private/f_auto,q_auto/league/pwg5h5pd6vfhmqqqizvz",,,,,,
1980,NYG,LB,OLB,0,ACT,Brian Kelley,Brian,Kelley,1951-09-01,75,230,,,,,,,,,,,,"https://static.www.nfl.com/image/private/f_auto,q_auto/league/bpuswrkix01o7jy1ktdb",,,,,,
1980,NYG,LB,ILB,0,ACT,Chris Linnin,Christopher,Linnin,1957-05-04,76,255,,,,,,,,,,,,"https://static.www.nfl.com/image/private/f_auto,q_auto/league/gywsrwue7ln9b6vwqvez",,,,,,
1980,NYG,LB,ILB,0,ACT,Frank Marion,Frank,Marion,1951-03-16,75,230,,,,,,,,,,,,"https://static.www.nfl.com/image/private/f_auto,q_auto/league/zqcnlgfusp4mkml7l5ef",,,,,,
1980,NYG,LB,ILB,0,ACT,Joe McLaughlin,Joseph,McLaughlin,1957-07-01,73,235,,,,,,,,,,,,"https://static.www.nfl.com/image/private/f_auto,q_auto/league/tjmrpj0nuqtknmplv2np",,,,,,
1980,NYG,LB,OLB,0,ACT,John Skorupan,John,Skorupan,1951-05-17,74,222,,,,,,,,,,,,"https://static.www.nfl.com/image/private/f_auto,q_auto/league/bpvoarw3wfgzg7kadncz",,,,,,
1980,NYG,LB,OLB,0,ACT,Kevin Turner,Kevin,Turner,1958-02-05,74,223,,,,,,,,,,,,"https://static.www.nfl.com/image/private/f_auto,q_auto/league/uoyysmyc2t9mswugiukq",,,,,,
1980,NYG,LB,OLB,0,ACT,Brad Van Pelt,Bradley,Van Pelt,1951-04-05,77,235,,,,,,,,,,,,"https://static.www.nfl.com/image/private/f_auto,q_auto/league/mfnxwgcg8jpfws6ufyl4",,,,,,
1980,NYG,LB,LB,0,ACT,Whip Walton,Anthony,Walton,1955-07-16,74,225,,,,,,,,,,,,"https://static.www.nfl.com/image/private/f_auto,q_auto/league/mrpa91vhhgbk0njr4lwe",,,,,,
1980,NYG,LB,OLB,0,ACT,Mike Whittington,Michael,Whittington,1958-08-09,74,220,,,,,,,,,,,,"https://static.www.nfl.com/image/private/f_auto,q_auto/league/o3ngl4jjer5yhpusacne",,,,,,
1980,NYG,LB,ILB,0,ACT,Kervin Wyatt,Kervin,Wyatt,1957-10-17,73,235,,,,,,,,,,,,"https://static.www.nfl.com/image/private/f_auto,q_auto/league/vbug2qfixn4qajrjqtr4",,,,,,
1980,NYG,OL,OT,0,ACT,Brad Benson,Bradley,Benson,1955-11-25,75,258,,,,,,,,,,,,"https://static.www.nfl.com/image/private/f_auto,q_auto/league/mshphphrj1tnkzxmg9tp",,,,,,
1980,NYG,OL,C,0,ACT,Jim Clack,James,Clack,1947-10-26,75,250,,,,,,,,,,,,"https://static.www.nfl.com/image/private/f_auto,q_auto/league/ipz1mlx0wevptqqnwkck",,,,,,
1980,NYG,OL,G,0,ACT,Terry Falcon,Theodore,Falcon,1955-08-30,75,260,,,,,,,,,,,,"https://static.www.nfl.com/image/private/f_auto,q_auto/league/nxkiz6kvfyl4mxbve6ne",,,,,,
1980,NYG,OL,OT,0,ACT,Vern Holland,Vernon,Holland,1948-06-27,77,268,,,,,,,,,,,,"https://static.www.nfl.com/image/private/f_auto,q_auto/league/wlaxrevgd6ssgddvdzwy",,,,,,
1980,NYG,OL,OT,0,ACT,Gordon King,Gordon,King,1956-02-03,78,275,,,,,,,,,,,,"https://static.www.nfl.com/image/private/f_auto,q_auto/league/mx9zu6lffuepv7ymy6ja",,,,,,
1980,NYG,OL,C,0,TRC,Ralph Perretta,Ralph,Perretta,1953-01-30,74,252,,,,,,,,,,,,"https://static.www.nfl.com/image/private/f_auto,q_auto/league/vovosvyqraoybkkflc5m",,,,,,
1980,NYG,OL,C,0,ACT,Kelly Saalfeld,Kelly,Saalfeld,1956-02-15,75,246,,,,,,,,,,,,"https://static.www.nfl.com/image/private/f_auto,q_auto/league/sz1o9pndf2194nfybgnd",,,,,,
1980,SF,LB,MLB,0,ACT,Scott Hilton,Scott,Hilton,1954-05-28,76,230,,,,,,,,,,,,"https://static.www.nfl.com/image/private/f_auto,q_auto/league/hbapfsturqr7bu6vs5ek",,,,,,
1980,NYG,OL,OT,0,ACT,John Sinnott,John,Sinnott,1958-04-18,76,275,,,,,,,,,,,,"https://static.www.nfl.com/image/private/f_auto,q_auto/league/zl8najgwgywfioyq4xq6",,,,,,
1980,NYG,OL,C,0,ACT,Steven Tobin,Steven,Tobin,1957-03-29,76,258,,,,,,,,,,,,"https://static.www.nfl.com/image/private/f_auto,q_auto/league/zsqudw8qrsm8bgw5hvbf",,,,,,
1980,NYG,OL,G,0,ACT,J.T. Turner,James,Turner,1953-04-17,75,250,,,,,,,,,,,,"https://static.www.nfl.com/image/private/f_auto,q_auto/league/ibuxo2qi6xiitqcv6k7e",,,,,,
1980,NYG,OL,OT,0,ACT,Jeff Weston,Jeffrey,Weston,1956-04-10,77,252,,,,,,,,,,,,"https://static.www.nfl.com/image/private/f_auto,q_auto/league/bgw86jvwsvvhauxyphyb",,,,,,
1980,NYG,P,P,0,ACT,Dave Jennings,David,Jennings,1952-06-08,76,215,,,,,,,,,,,,"https://static.www.nfl.com/image/private/f_auto,q_auto/league/cyz1jmnzrjkhirfdnakm",,,,,,
1980,NYG,QB,QB,0,ACT,Scott Brunner,Scott,Brunner,1957-03-24,77,200,,,,,,,,,,,,"https://static.www.nfl.com/image/private/f_auto,q_auto/league/ozvipaqr9w5xzlermqga",,,,,,
1980,SF,OL,G,0,ACT,John Ayers,John,Ayers,1953-04-14,77,247,,,,,,,,,,,,"https://static.www.nfl.com/image/private/f_auto,q_auto/league/anm39l1uyticqvjac8s7",,,,,,
1980,SF,OL,OT,0,ACT,Jean Barrett,Jean,Barrett,1951-05-24,78,253,,,,,,,,,,,,"https://static.www.nfl.com/image/private/f_auto,q_auto/league/iyjacfzvi7bygiawisql",,,,,,
1980,NYG,RB,RB,0,ACT,Art Best,Arthur,Best,1953-03-18,73,205,,,,,,,,,,,,"https://static.www.nfl.com/image/private/f_auto,q_auto/league/cuvvel4bk7oftzzrq0v6",,,,,,
1980,NYG,RB,RB,0,ACT,Jim Culbreath,James,Culbreath,1952-10-21,72,209,,,,,,,,,,,,"https://static.www.nfl.com/image/private/f_auto,q_auto/league/h1sbp8ihscjo20ueyjiu",,,,,,
1980,NYG,RB,RB,0,ACT,Larry Heater,Larry,Heater,1958-01-09,71,200,,,,,,,,,,,,"https://static.www.nfl.com/image/private/f_auto,q_auto/league/zq3j6yvsomkh2geskoie",,,,,,
1980,SF,OL,OT,0,ACT,Keith Fahnhorst,Keith,Fahnhorst,1952-02-06,78,273,,,,,,,,,,,,"https://static.www.nfl.com/image/private/f_auto,q_auto/league/tjpnvgomx04j6yscyeyv",,,,,,
1980,NYG,RB,RB,0,ACT,Mike Hogan,Michael,Hogan,1954-11-01,74,213,,,,,,,,,,,,"https://static.www.nfl.com/image/private/f_auto,q_auto/league/adtd4qhyaxmig1wyy9fp",,,,,,
1980,NYG,RB,RB,0,ACT,Dennis Johnson,Dennis,Johnson,1956-02-26,75,220,,,,,,,,,,,,"https://static.www.nfl.com/image/private/f_auto,q_auto/league/lpb5sm5vrowofn83w0aj",,,,,,
1980,SF,OL,OT,0,ACT,Ron Singleton,Ronald,Singleton,1952-04-15,79,260,,,,,,,,,,,,"https://static.www.nfl.com/image/private/f_auto,q_auto/league/cjvf4i20g1hjkde8rh0j",,,,,,
1980,NYG,RB,RB,0,ACT,Bo Matthews,William,Matthews,1951-11-15,76,230,,,,,,,,,,,,"https://static.www.nfl.com/image/private/f_auto,q_auto/league/warqn4wrsdysbsvbggvl",,,,,,
1980,PHI,DB,S,0,ACT,Randy Logan,Randolph,Logan,1951-05-01,73,195,,,,,,,,,,,,"https://static.www.nfl.com/image/private/f_auto,q_auto/league/pywf84op2xywgb4nx0re",,,,,,
1980,NYG,RB,RB,0,ACT,Billy Taylor,William,Taylor,1956-07-06,72,215,,,,,,,,,,,,"https://static.www.nfl.com/image/private/f_auto,q_auto/league/cdj0zca8qmfavugoxwkm",,,,,,
1980,NYG,TE,TE,0,ACT,Tom Mullady,Thomas,Mullady,1957-01-30,75,232,,,,,,,,,,,,"https://static.www.nfl.com/image/private/f_auto,q_auto/league/ipysxjvpelerongfpa2j",,,,,,
1980,NYG,TE,TE,0,ACT,Gary Shirk,Gary,Shirk,1950-02-23,73,220,,,,,,,,,,,,"https://static.www.nfl.com/image/private/f_auto,q_auto/league/gvqjx6thxhvaadyyladj",,,,,,
1980,NYG,WR,WR,0,ACT,Mike Friede,Michael,Friede,1957-09-22,75,205,,,,,,,,,,,,"https://static.www.nfl.com/image/private/f_auto,q_auto/league/g6qmuw2frcztrmdhjxpo",,,,,,
1980,NYG,WR,WR,0,ACT,Alvin Garrett,Alvin,Garrett,1956-10-01,67,178,,,,,,,,,,,,"https://static.www.nfl.com/image/private/f_auto,q_auto/league/mcv4d8maozl8ftqbzdng",,,,,,
1980,NYG,WR,WR,0,ACT,Earnest Gray,Earnest,Gray,1957-03-02,75,195,,,,,,,,,,,,"https://static.www.nfl.com/image/private/f_auto,q_auto/league/kmfjk0q9b5zcdvwkl1b0",,,,,,
1980,NYG,WR,WR,0,ACT,Nate Johnson,Nathaniel,Johnson,1957-05-12,71,192,,,,,,,,,,,,"https://static.www.nfl.com/image/private/f_auto,q_auto/league/f2lrjgfbdnpc8alnhyy9",,,,,,
1980,NYG,WR,WR,0,ACT,Johnny Perkins,John,Perkins,1953-04-21,74,205,,,,,,,,,,,,"https://static.www.nfl.com/image/private/f_auto,q_auto/league/jgcwwaccje1rgajxzcqr",,,,,,
1980,NYG,WR,WR,0,ACT,Danny Pittman,Danny,Pittman,1958-04-03,74,205,,,,,,,,,,,,"https://static.www.nfl.com/image/private/f_auto,q_auto/league/shksqdtvao3vtitehust",,,,,,
1980,NYG,WR,WR,0,ACT,Nate Rivers,Nathaniel,Rivers,1955-08-31,75,215,,,,,,,,,,,,"https://static.www.nfl.com/image/private/f_auto,q_auto/league/qfun5f6dgz92m1xmcubf",,,,,,
1980,NYJ,DB,DB,0,ACT,Steve Carpenter,Steven,Carpenter,1958-01-22,74,195,,,,,,,,,,,,"https://static.www.nfl.com/image/private/f_auto,q_auto/league/idrkkmtf3oldqcsbjhbc",,,,,,
1980,NYJ,DB,CB,0,ACT,Donald Dykes,Donald,Dykes,1955-08-24,71,182,,,,,,,,,,,,"https://static.www.nfl.com/image/private/f_auto,q_auto/league/hmzkpzvvywm7b0jkpayw",,,,,,
1980,NYJ,DB,DB,0,ACT,Jerry Holmes,Jerry,Holmes,1957-12-22,74,175,,,,,,,,,,,,"https://static.www.nfl.com/image/private/f_auto,q_auto/league/ga3kpvmuvtkhegnwh2ap",,,,,,
1980,NYJ,DB,CB,0,ACT,Bobby Jackson,Robert,Jackson,1956-12-23,69,175,,,,,,,,,,,,"https://static.www.nfl.com/image/private/f_auto,q_auto/league/cxeawqlwnp20i2hlc7yn",,,,,,
1980,NYJ,DB,CB,0,ACT,Jesse Johnson,Jesse,Johnson,1958-01-10,75,185,,,,,,,,,,,,"https://static.www.nfl.com/image/private/f_auto,q_auto/league/oojqf5toyreihv7vhcyf",,,,,,
1980,NYJ,DB,CB,0,ACT,Saladin Martin,Saladin,Martin,1956-01-17,72,180,,,,,,,,,,,,"https://static.www.nfl.com/image/private/f_auto,q_auto/league/jb8cspbqj9x9a2zdn8ut",,,,,,
1980,NYJ,DB,S,0,ACT,Tim Moresco,Timothy,Moresco,1954-10-03,71,176,,,,,,,,,,,,"https://static.www.nfl.com/image/private/f_auto,q_auto/league/z55rtqbs0td7wax5yu5x",,,,,,
1980,NYJ,DB,FS,0,ACT,Darrol Ray,Darrol,Ray,1958-06-25,73,206,,,,,,,,,,,,"https://static.www.nfl.com/image/private/f_auto,q_auto/league/zqe3kcwejm43j9v9rnuh",,,,,,
1980,NYJ,DB,S,0,ACT,Ken Schroy,Kenneth,Schroy,1952-09-22,74,198,,,,,,,,,,,,"https://static.www.nfl.com/image/private/f_auto,q_auto/league/a4havjwkqzrvde5fzabc",,,,,,
1980,NYJ,DB,S,0,TRD,Shafer Suggs,Shafer,Suggs,1953-04-28,73,200,,,,,,,,,,,,"https://static.www.nfl.com/image/private/f_auto,q_auto/league/yg4vzvzx538jrc2ujrwg",,,,,,
1980,NYJ,DL,DE,0,ACT,Mark Gastineau,Marcus,Gastineau,1956-11-20,77,253,,,,,,,,,,,,"https://static.www.nfl.com/image/private/f_auto,q_auto/league/nxairn7j3zdh7a0fohzi",,,,,,
1980,NYJ,DL,DE,0,ACT,Joe Klecko,Joseph,Klecko,1953-10-15,75,256,,,,,,,,,,,,"https://static.www.nfl.com/image/private/f_auto,q_auto/league/js0y8susc4eshbwbuhbl",,,,,,
1980,NYJ,DL,DT,0,ACT,Marty Lyons,Martin,Lyons,1957-01-05,77,269,,,,,,,,,,,,"https://static.www.nfl.com/image/private/f_auto,q_auto/league/hprxq5lkptsmwc9gvree",,,,,,
1980,NYJ,DL,DE,0,TRC,Lawrence Pillers,Lawrence,Pillers,1952-11-04,76,250,,,,,,,,,,,,"https://static.www.nfl.com/image/private/f_auto,q_auto/league/tzugceb3oqf1kmddr4jj",,,,,,
1980,NYJ,DL,DE,0,ACT,Wes Roberts,Wesley,Roberts,1957-08-01,78,253,,,,,,,,,,,,"https://static.www.nfl.com/image/private/f_auto,q_auto/league/epstcy69suy2iwe0qb66",,,,,,
1980,NYJ,DL,DT,0,ACT,Abdul Salaam,Abdul,Salaam,1953-02-12,75,249,,,,,,,,,,,,"https://static.www.nfl.com/image/private/f_auto,q_auto/league/yky3y6xwrmk19tkmvd9s",,,,,,
1980,NYJ,DL,DT,0,ACT,Bob Winkel,Bob,Winkel,1955-10-23,76,253,,,,,,,,,,,,"https://static.www.nfl.com/image/private/f_auto,q_auto/league/nc1ubd14l1alplgrlfq5",,,,,,
1980,STL,DL,NT,0,ACT,Bill Acker,William,Acker,1956-11-07,75,255,,,,,,,,,,,,"https://static.www.nfl.com/image/private/f_auto,q_auto/league/zr12jdbdoerycf8ojopn",,,,,,
1980,NYJ,LB,MLB,0,ACT,Stan Blinka,Stanley,Blinka,1957-04-29,74,230,,,,,,,,,,,,"https://static.www.nfl.com/image/private/f_auto,q_auto/league/qqveshb5mybehnfrm9vx",,,,,,
1980,NYJ,LB,OLB,0,ACT,Greg Buttle,Gregory,Buttle,1954-06-20,75,235,,,,,,,,,,,,"https://static.www.nfl.com/image/private/f_auto,q_auto/league/gn0jecuktjbw27jqr2w1",,,,,,
1980,NYJ,LB,OLB,0,ACT,Ron Crosby,Ronald,Crosby,1955-03-02,75,227,,,,,,,,,,,,"https://static.www.nfl.com/image/private/f_auto,q_auto/league/caqslgqx38dr0r45v9i1",,,,,,
1980,NYJ,LB,OLB,0,ACT,Mike McKibben,Michael,McKibben,1956-09-03,75,228,,,,,,,,,,,,"https://static.www.nfl.com/image/private/f_auto,q_auto/league/jdnzpmbgpxzb9ojebnfj",,,,,,
1980,NYJ,LB,OLB,0,ACT,Lance Mehl,Lance,Mehl,1958-02-14,75,235,,,,,,,,,,,,"https://static.www.nfl.com/image/private/f_auto,q_auto/league/va2aui35g9imn9nqogbt",,,,,,
1980,NYJ,LB,LB,0,ACT,John Sullivan,John,Sullivan,1956-10-01,73,221,,,,,,,,,,,,"https://static.www.nfl.com/image/private/f_auto,q_auto/league/s0a0go0srfrqnxq3yvaq",,,,,,
1980,NYJ,OL,G,0,ACT,Dan Alexander,Daniel,Alexander,1955-06-17,76,260,,,,,,,,,,,,"https://static.www.nfl.com/image/private/f_auto,q_auto/league/sxnp09rqnagdaoaoejeu",,,,,,
1980,STL,K,K,0,ACT,Steve Little,Steven,Little,1956-02-19,72,180,,,,,,,,,,,,"https://static.www.nfl.com/image/private/f_auto,q_auto/league/uuowwdotusug1iphhfn7",,,,,,
1980,NYJ,OL,G,0,ACT,Eric Cunningham,Eric,Cunningham,1957-03-16,75,257,,,,,,,,,,,,"https://static.www.nfl.com/image/private/f_auto,q_auto/league/gwpavwyklzjyagg6uwtw",,,,,,
1980,NYJ,OL,C,0,ACT,Joe Fields,Joseph,Fields,1953-11-14,74,250,,,,,,,,,,,,"https://static.www.nfl.com/image/private/f_auto,q_auto/league/o14fm4kupqriubvpdh0q",,,,,,
1980,NYJ,OL,G,0,ACT,Chris Godfrey,Christopher,Godfrey,1958-05-17,75,242,,,,,,,,,,,,"https://static.www.nfl.com/image/private/f_auto,q_auto/league/r8kmzamccnh4rzau4dgc",,,,,,
1980,NYJ,OL,OT,0,ACT,Marvin Powell,Marvin,Powell,1955-08-30,77,264,,,,,,,,,,,,"https://static.www.nfl.com/image/private/f_auto,q_auto/league/gbduli1cut1rn5prsxyd",,,,,,
1980,NYJ,OL,G,0,ACT,Randy Rasmussen,Randall,Rasmussen,1945-05-10,74,255,,,,,,,,,,,,"https://static.www.nfl.com/image/private/f_auto,q_auto/league/salrbdrd7f52gmazkckx",,,,,,
1980,STL,LB,LB,0,ACT,Kirby Criswell,Kirby,Criswell,1957-08-31,77,232,,,,,,,,,,,,"https://static.www.nfl.com/image/private/f_auto,q_auto/league/yinlws8wqiwl28uejysj",,,,,,
1980,NYJ,OL,G,0,ACT,Stan Waldemore,Stanley,Waldemore,1955-02-20,76,269,,,,,,,,,,,,"https://static.www.nfl.com/image/private/f_auto,q_auto/league/uwdo9l66vskbv0gjutj3",,,,,,
1980,STL,LB,ILB,0,ACT,Tim Kearney,Timothy,Kearney,1950-11-05,74,227,,,,,,,,,,,,"https://static.www.nfl.com/image/private/f_auto,q_auto/league/at16hlso9ds7gfhv0coi",,,,,,
1980,NYJ,P,P,0,ACT,Chuck Ramsey,Lowell,Ramsey,1952-02-24,74,195,,,,,,,,,,,,"https://static.www.nfl.com/image/private/f_auto,q_auto/league/wjthxpkta5ifnjxtdeon",,,,,,
1980,NYJ,QB,QB,0,ACT,Craig Penrose,Craig,Penrose,1953-07-25,75,211,,,,,,,,,,,,"https://static.www.nfl.com/image/private/f_auto,q_auto/league/vmpeojoc8ejd0lhxv4oh",,,,,,
1980,STL,LB,LB,0,ACT,Thomas Seabron,Thomas,Seabron,1957-05-24,75,215,,,,,,,,,,,,"https://static.www.nfl.com/image/private/f_auto,q_auto/league/lmdkvmflzskojpbjivpw",,,,,,
1980,NYJ,QB,QB,0,ACT,Richard Todd,Carl,Todd,1953-11-19,74,210,,,,,,,,,,,,"https://static.www.nfl.com/image/private/f_auto,q_auto/league/t4h6eqguru0fe5prcbo7",,,,,,
1980,NYJ,RB,RB,0,ACT,Bobby Batton,Robert,Batton,1957-03-17,71,190,,,,,,,,,,,,"https://static.www.nfl.com/image/private/f_auto,q_auto/league/mhtzipvhsxbakzlcmf4h",,,,,,
1980,NYJ,RB,RB,0,TRT,Woody Bennett,Woodrow,Bennett,1955-03-24,74,217,,,,,,,,,,,,"https://static.www.nfl.com/image/private/f_auto,q_auto/league/hdj9zjuwj3lvnkyxkmjn",,,,,,
1980,NYJ,RB,RB,0,ACT,Scott Dierking,Scott,Dierking,1955-05-24,70,215,,,,,,,,,,,,"https://static.www.nfl.com/image/private/f_auto,q_auto/league/nm43imvhhgqxcj79i6qj",,,,,,
1980,NYJ,RB,RB,0,ACT,Clark Gaines,Clark,Gaines,1954-02-01,73,192,,,,,,,,,,,,"https://static.www.nfl.com/image/private/f_auto,q_auto/league/hx0hxm56i6nq7nzxaqjl",,,,,,
1980,NYJ,RB,RB,0,ACT,Bruce Harper,Bruce,Harper,1955-06-20,68,174,,,,,,,,,,,,"https://static.www.nfl.com/image/private/f_auto,q_auto/league/onfg0i2gzwpjpbaxs34u",,,,,,
1980,NYJ,RB,RB,0,ACT,Kenny Lewis,Kenneth,Lewis,1957-10-02,72,190,,,,,,,,,,,,"https://static.www.nfl.com/image/private/f_auto,q_auto/league/xwpquucaxdhqfp6mkjom",,,,,,
1980,NYJ,RB,RB,0,ACT,Kevin Long,Kevin,Long,1955-01-20,73,205,,,,,,,,,,,,"https://static.www.nfl.com/image/private/f_auto,q_auto/league/ylq1vwq4fnnudhnrhrws",,,,,,
1980,NYJ,RB,RB,0,ACT,Tom Newton,Thomas,Newton,1954-03-08,72,205,,,,,,,,,,,,"https://static.www.nfl.com/image/private/f_auto,q_auto/league/vrzud9a7fnj4gthvti1s",,,,,,
1980,NYJ,TE,TE,0,ACT,Jerome Barkum,Jerome,Barkum,1950-07-18,75,215,,,,,,,,,,,,"https://static.www.nfl.com/image/private/f_auto,q_auto/league/srtu2wycavvwrrfsk15w",,,,,,
1980,STL,OL,OT,0,ACT,Mark Goodspeed,Mark,Goodspeed,1956-12-01,77,270,,,,,,,,,,,,"https://static.www.nfl.com/image/private/f_auto,q_auto/league/rzdg7dfsxlph6soqlbk4",,,,,,
1980,NYJ,WR,WR,0,TRC,Gerald Carter,Gerald,Carter,1957-06-19,73,185,,,,,,,,,,,,"https://static.www.nfl.com/image/private/f_auto,q_auto/league/q4db1hbxogakgrydotcz",,,,,,
1980,NYJ,WR,WR,0,ACT,Paul Darby,Paul,Darby,1956-10-22,70,192,,,,,,,,,,,,"https://static.www.nfl.com/image/private/f_auto,q_auto/league/imbteeubslonquvsv3ao",,,,,,
1980,NYJ,WR,WR,0,ACT,Derrick Gaffney,Derrick,Gaffney,1955-05-24,73,175,,,,,,,,,,,,"https://static.www.nfl.com/image/private/f_auto,q_auto/league/pgxg8ebvgn5y6nl4h3lx",,,,,,
1980,NYJ,WR,WR,0,ACT,Lam Jones,John,Jones,1958-04-04,71,180,,,,,,,,,,,,"https://static.www.nfl.com/image/private/f_auto,q_auto/league/duqztee5c98pze6nf1mg",,,,,,
1980,NYJ,WR,WR,0,ACT,Bobby Jones,Robert,Jones,1955-07-12,71,180,,,,,,,,,,,,"https://static.www.nfl.com/image/private/f_auto,q_auto/league/ooqbzkq7vqvxok3blaty",,,,,,
1980,NYJ,WR,WR,0,ACT,Wesley Walker,Wesley,Walker,1955-05-26,72,179,,,,,,,,,,,,"https://static.www.nfl.com/image/private/f_auto,q_auto/league/kk7qtibzfcvylhllcrjs",,,,,,
1980,OAK,DB,S,0,ACT,Mike Davis,Michael,Davis,1956-04-15,75,200,,,,,,,,,,,,"https://static.www.nfl.com/image/private/f_auto,q_auto/league/t6cdos1gbq91hlqukiln",,,,,,
1980,OAK,DB,CB,0,ACT,Lester Hayes,Lester,Hayes,1955-01-22,72,208,,,,,,,,,,,,"https://static.www.nfl.com/image/private/f_auto,q_auto/league/yxegnulyldao8qxgtida",,,,,,
1980,OAK,DB,CB,0,ACT,Monte Jackson,Monte,Jackson,1953-07-14,71,189,,,,,,,,,,,,"https://static.www.nfl.com/image/private/f_auto,q_auto/league/xlsxlaauv6g9bmbgcbeq",,,,,,
1980,STL,RB,RB,0,ACT,Randy Love,Randy,Love,1956-09-30,73,205,,,,,,,,,,,,"https://static.www.nfl.com/image/private/f_auto,q_auto/league/spec3slpfhremzlppose",,,,,,
1980,OAK,DB,CB,0,ACT,Keith Moody,Keith,Moody,1953-06-13,71,171,,,,,,,,,,,,"https://static.www.nfl.com/image/private/f_auto,q_auto/league/mxiiyy5lqem2ist4stwd",,,,,,
1980,STL,RB,RB,0,ACT,Rod Phillips,Rodney,Phillips,1952-12-23,72,220,,,,,,,,,,,,"https://static.www.nfl.com/image/private/f_auto,q_auto/league/qu8ba53ofybvv3dvztqt",,,,,,
1980,OAK,DB,FS,0,ACT,Burgess Owens,Clarence,Owens,1951-08-02,74,200,,,,,,,,,,,,"https://static.www.nfl.com/image/private/f_auto,q_auto/league/ikysregbz4af9qfnd088",,,,,,
1980,OAK,DB,CB,0,TRC,Mike Spivey,Michael,Spivey,1954-03-10,72,194,,,,,,,,,,,,"https://static.www.nfl.com/image/private/f_auto,q_auto/league/qizobwzvmdcog82be0l0",,,,,,
1980,OAK,DL,DE,0,ACT,Dave Browning,David,Browning,1956-08-18,77,240,,,,,,,,,,,,"https://static.www.nfl.com/image/private/f_auto,q_auto/league/unvwhygdwfwwf7ujejk1",,,,,,
1980,OAK,DL,DE,0,ACT,Joe Campbell,Joseph,Campbell,1955-05-08,78,254,,,,,,,,,,,,"https://static.www.nfl.com/image/private/f_auto,q_auto/league/vaedpfwxsy33hualwsyv",,,,,,
1980,STL,WR,WR,0,ACT,Mel Gray,Melvin,Gray,1948-09-28,69,175,,,,,,,,,,,,"https://static.www.nfl.com/image/private/f_auto,q_auto/league/kj19s0fqsgem1vuhuty5",,,,,,
1980,OAK,DL,DE,0,ACT,Willie Jones,Willie,Jones,1957-11-22,76,240,,,,,,,,,,,,"https://static.www.nfl.com/image/private/f_auto,q_auto/league/ardoecrjjekqnl9wcnqy",,,,,,
1980,OAK,DL,NT,0,ACT,Reggie Kinlaw,Reginald,Kinlaw,1957-01-09,74,240,,,,,,,,,,,,"https://static.www.nfl.com/image/private/f_auto,q_auto/league/xlr6nppk3k2pexlsrrm3",,,,,,
1980,OAK,DL,DT,0,TRC,Alva Liles,Alva,Liles,1956-03-06,75,255,,,,,,,,,,,,"https://static.www.nfl.com/image/private/f_auto,q_auto/league/throamhiq5zmip6etiih",,,,,,
1980,OAK,DL,DE,0,ACT,John Matuszak,John,Matuszak,1950-10-25,80,282,,,,,,,,,,,,"https://static.www.nfl.com/image/private/f_auto,q_auto/league/m1kh8fv0pwof7fzvog1u",,,,,,
1980,PIT,OL,C,0,ACT,Mike Webster,Michael,Webster,1952-03-18,73,255,,,,,,,,,,,,"https://static.www.nfl.com/image/private/f_auto,q_auto/league/dug8igmlid9ute5fqpj9",,,,,,
1980,OAK,K,K,0,ACT,Chris Bahr,Christopher,Bahr,1953-02-03,70,170,,,,,,,,,,,,"https://static.www.nfl.com/image/private/f_auto,q_auto/league/mtqqli2jm0my416zh4rr",,,,,,
1980,OAK,LB,OLB,0,ACT,Jeff Barnes,Jeffrey,Barnes,1955-03-01,74,215,,,,,,,,,,,,"https://static.www.nfl.com/image/private/f_auto,q_auto/league/g7ynrior0ce6kvqneu3n",,,,,,
1980,OAK,LB,LB,0,ACT,Mario Celotto,Mario,Celotto,1956-08-23,75,234,,,,,,,,,,,,"https://static.www.nfl.com/image/private/f_auto,q_auto/league/jagllxydf0aakh1xsnpz",,,,,,
1980,OAK,LB,OLB,0,ACT,Ted Hendricks,Theodore,Hendricks,1947-11-01,79,220,,,,,,,,,,,,"https://static.www.nfl.com/image/private/f_auto,q_auto/league/evt0wnpbcfi1eu1xqi0i",,,,,,
1980,OAK,LB,OLB,0,ACT,Rod Martin,Roderick,Martin,1954-04-07,74,205,,,,,,,,,,,,"https://static.www.nfl.com/image/private/f_auto,q_auto/league/le2n1nfmd1ca6mx4i4ix",,,,,,
1980,OAK,LB,ILB,0,ACT,Randy McClanahan,Randy,McClanahan,1954-12-12,77,225,,,,,,,,,,,,"https://static.www.nfl.com/image/private/f_auto,q_auto/league/bavz97cvx2lqdkexbnca",,,,,,
1980,TB,DL,NT,0,ACT,Randy Crowder,Randolph,Crowder,1953-07-30,74,242,,,,,,,,,,,,"https://static.www.nfl.com/image/private/f_auto,q_auto/league/upribyvbjvntma0hjaeo",,,,,,
1980,TB,DL,DE,0,ACT,Bill Kollar,William,Kollar,1952-11-27,75,255,,,,,,,,,,,,"https://static.www.nfl.com/image/private/f_auto,q_auto/league/puivjibi1xiqixwg63a6",,,,,,
1980,OAK,LB,LB,0,TRC,Greg Westbrooks,Gregory,Westbrooks,1953-02-24,74,215,,,,,,,,,,,,"https://static.www.nfl.com/image/private/f_auto,q_auto/league/zqjxuyo0a2vg84htotan",,,,,,
1980,OAK,OL,C,0,ACT,Dave Dalby,David,Dalby,1950-10-19,74,240,,,,,,,,,,,,"https://static.www.nfl.com/image/private/f_auto,q_auto/league/ilx0jimbx1zpk4gvdb0r",,,,,,
1980,OAK,OL,OT,0,ACT,Bruce Davis,Bruce,Davis,1956-06-21,78,280,,,,,,,,,,,,"https://static.www.nfl.com/image/private/f_auto,q_auto/league/lwgxmx3zj5gbs8tjpjp8",,,,,,
1980,OAK,OL,OT,0,ACT,Henry Lawrence,Henry,Lawrence,1951-09-26,76,268,,,,,,,,,,,,"https://static.www.nfl.com/image/private/f_auto,q_auto/league/o1b9fkrnijsscpngvzxu",,,,,,
1980,OAK,OL,G,0,ACT,Mickey Marvin,Phillip,Marvin,1955-10-05,76,270,,,,,,,,,,,,"https://static.www.nfl.com/image/private/f_auto,q_auto/league/uredgsu7v4inf9w4hgdv",,,,,,
1980,OAK,OL,OT,0,ACT,Lindsey Mason,Lindsey,Mason,1955-08-01,77,250,,,,,,,,,,,,"https://static.www.nfl.com/image/private/f_auto,q_auto/league/qx4z5lqx3odrfh51hf8g",,,,,,
1980,OAK,OL,OT,0,ACT,Art Shell,Arthur,Shell,1946-11-26,77,265,,,,,,,,,,,,"https://static.www.nfl.com/image/private/f_auto,q_auto/league/ifov4wg1r1dn1yhdkuhv",,,,,,
1980,OAK,OL,C,0,ACT,Steve Sylvester,Steven,Sylvester,1953-03-04,76,260,,,,,,,,,,,,"https://static.www.nfl.com/image/private/f_auto,q_auto/league/l7euvzpwj8kyjpbw5xt5",,,,,,
1980,OAK,OL,G,0,ACT,Gene Upshaw,Eugene,Upshaw,1945-08-15,77,255,,,,,,,,,,,,"https://static.www.nfl.com/image/private/f_auto,q_auto/league/klee6wrsaudhkonpaj9j",,,,,,
1980,OAK,P,P,0,ACT,Ray Guy,William,Guy,1949-12-22,75,190,,,,,,,,,,,,"https://static.www.nfl.com/image/private/f_auto,q_auto/league/ho8elpqtloeudnzwlhdl",,,,,,
1980,OAK,QB,QB,0,RET,Kyle Grossart,Kyle,Grossart,1955-01-19,76,215,,,,,,,,,,,,"https://static.www.nfl.com/image/private/f_auto,q_auto/league/scnlz4khigpiw7ewgoll",,,,,,
1980,OAK,QB,QB,0,ACT,Dan Pastorini,Dante,Pastorini,1949-05-26,74,200,,,,,,,,,,,,"https://static.www.nfl.com/image/private/f_auto,q_auto/league/mu1zq5rtlvvdlaeb4sfa",,,,,,
1980,OAK,QB,QB,16,ACT,Jim Plunkett,James,Plunkett,1947-12-05,75,220,,,,,,,,,,,,"https://static.www.nfl.com/image/private/f_auto,q_auto/league/gnumm8kvsrqnvcs9ql6u",,,,,,
1980,OAK,QB,QB,0,ACT,Marc Wilson,Marc,Wilson,1957-02-15,78,205,,,,,,,,,,,,"https://static.www.nfl.com/image/private/f_auto,q_auto/league/ockryga7mbp25q7qpooc",,,,,,
1980,OAK,RB,RB,0,ACT,I.M. Hipp,Isiah,Hipp,1956-02-15,71,201,,,,,,,,,,,,"https://static.www.nfl.com/image/private/f_auto,q_auto/league/qugavkvjhpx9o4y6upq3",,,,,,
1980,OAK,RB,RB,0,ACT,Derrick Jensen,Derrick,Jensen,1956-04-27,73,230,,,,,,,,,,,,"https://static.www.nfl.com/image/private/f_auto,q_auto/league/philxveag0opseezb4nc",,,,,,
1980,OAK,RB,RB,0,ACT,Kenny King,Kenneth,King,1957-03-07,71,203,,,,,,,,,,,,"https://static.www.nfl.com/image/private/f_auto,q_auto/league/xtpielom7uqyojclylvf",,,,,,
1980,OAK,RB,RB,0,ACT,Ira Matthews,Ira,Matthews,1957-08-23,68,175,,,,,,,,,,,,"https://static.www.nfl.com/image/private/f_auto,q_auto/league/o55jqnyylqe8gdnqayp5",,,,,,
1980,OAK,RB,RB,0,ACT,Mark van Eeghen,Mark,van Eeghen,1952-04-19,74,220,,,,,,,,,,,,"https://static.www.nfl.com/image/private/f_auto,q_auto/league/w06vvzst3qtiah8jyvzl",,,,,,
1980,OAK,RB,RB,0,ACT,Art Whittington,Arthur,Whittington,1955-09-04,71,185,,,,,,,,,,,,"https://static.www.nfl.com/image/private/f_auto,q_auto/league/ricgrybd4dfn0pyuvtrv",,,,,,
1980,OAK,TE,TE,0,TRD,Dave Casper,David,Casper,1951-09-26,76,250,,,,,,,,,,,,"https://static.www.nfl.com/image/private/f_auto,q_auto/league/njpwjyzxtmgh7jt6oznj",,,,,,
1980,OAK,TE,TE,0,ACT,Raymond Chester,Raymond,Chester,1948-06-28,75,225,,,,,,,,,,,,"https://static.www.nfl.com/image/private/f_auto,q_auto/league/tnhulbfj5x5di0dkwube",,,,,,
1980,OAK,TE,TE,0,ACT,Todd Christensen,Todd,Christensen,1956-08-03,75,225,,,,,,,,,,,,"https://static.www.nfl.com/image/private/f_auto,q_auto/league/ab7yhfyi0nbqfby476hm",,,,,,
1980,OAK,TE,TE,0,ACT,Derrick Ramsey,Derrick,Ramsey,1956-12-23,76,220,,,,,,,,,,,,"https://static.www.nfl.com/image/private/f_auto,q_auto/league/aae8ytxqpwmqnh2gtaet",,,,,,
1980,OAK,WR,WR,0,ACT,Morris Bradshaw,Morris,Bradshaw,1952-10-19,73,195,,,,,,,,,,,,"https://static.www.nfl.com/image/private/f_auto,q_auto/league/ud6nx9b6rypzz2ngbwap",,,,,,
1980,OAK,WR,WR,0,ACT,Cliff Branch,Clifford,Branch,1948-08-01,71,170,,,,,,,,,,,,"https://static.www.nfl.com/image/private/f_auto,q_auto/league/ldgr9ahzhwqvujkxtsxi",,,,,,
1980,OAK,WR,WR,0,ACT,Bob Chandler,Robert,Chandler,1949-04-24,72,179,,,,,,,,,,,,"https://static.www.nfl.com/image/private/f_auto,q_auto/league/z2jen0feyqxavkzkszsc",,,,,,
1980,OAK,WR,WR,0,ACT,Dwight Harrison,Dwight,Harrison,1948-10-12,73,187,,,,,,,,,,,,"https://static.www.nfl.com/image/private/f_auto,q_auto/league/otbztuf7hxvrjlw9ipvb",,,,,,
1980,OAK,WR,WR,0,ACT,Rich Martini,Richard,Martini,1955-11-19,74,185,,,,,,,,,,,,"https://static.www.nfl.com/image/private/f_auto,q_auto/league/jcd4ktbsnuxs09etx3eo",,,,,,
1980,PHI,DB,DB,0,ACT,Richard Blackmore,Richard,Blackmore,1956-08-14,70,174,,,,,,,,,,,,"https://static.www.nfl.com/image/private/f_auto,q_auto/league/g7fbttlqlgmkro0wild9",,,,,,
1980,PHI,DB,CB,0,ACT,Herman Edwards,Herman,Edwards,1954-04-27,72,194,,,,,,,,,,,,"https://static.www.nfl.com/image/private/f_auto,q_auto/league/ibrkwyhfrh7rzzmvwroq",,,,,,
1980,PHI,DB,DB,0,ACT,Zac Henderson,Zachary,Henderson,1955-10-14,73,190,,,,,,,,,,,,"https://static.www.nfl.com/image/private/f_auto,q_auto/league/uh5fjvhxplfcdhobprz3",,,,,,
1980,SD,LB,OLB,0,ACT,Woodrow Lowe,Woodrow,Lowe,1954-06-09,72,227,,,,,,,,,,,,"https://static.www.nfl.com/image/private/f_auto,q_auto/league/cmo6nx9bc3ypxezswoao",,,,,,
1980,PHI,DB,DB,0,ACT,John Sciarra,John,Sciarra,1954-03-02,71,185,,,,,,,,,,,,"https://static.www.nfl.com/image/private/f_auto,q_auto/league/fg5k3wupn2loriebizjh",,,,,,
1980,PHI,DB,SAF,0,ACT,Steve Wagner,Steven,Wagner,1954-04-18,74,208,,,,,,,,,,,,"https://static.www.nfl.com/image/private/f_auto,q_auto/league/fju6komku55ysg2pgzuj",,,,,,
1980,PHI,DB,FS,0,ACT,Brenard Wilson,Brenard,Wilson,1955-08-15,72,175,,,,,,,,,,,,"https://static.www.nfl.com/image/private/f_auto,q_auto/league/hce21857wrelh3i2nftd",,,,,,
1980,PHI,DB,CB,0,ACT,Roynell Young,Roynell,Young,1957-12-01,73,181,,,,,,,,,,,,"https://static.www.nfl.com/image/private/f_auto,q_auto/league/hvktkgzkeehawtdrpiqk",,,,,,
1980,PHI,DL,DE,0,ACT,Thomas Brown,Thomas,Brown,1957-07-08,76,240,,,,,,,,,,,,"https://static.www.nfl.com/image/private/f_auto,q_auto/league/s142qgbrlsnzvsxjikdo",,,,,,
1980,TB,WR,WR,0,ACT,Kevin House,Kevin,House,1957-12-20,73,175,,,,,,,,,,,,"https://static.www.nfl.com/image/private/f_auto,q_auto/league/ytqmyq3n1nlhglmn9rlw",,,,,,
1980,PHI,DL,DE,0,ACT,Carl Hairston,Carl,Hairston,1952-12-15,75,260,,,,,,,,,,,,"https://static.www.nfl.com/image/private/f_auto,q_auto/league/cf39ss7rswxfi78tx2nd",,,,,,
1980,PHI,DL,DE,0,ACT,Dennis Harrison,Dennis,Harrison,1956-07-31,80,275,,,,,,,,,,,,"https://static.www.nfl.com/image/private/f_auto,q_auto/league/ymhxg8rxxoazf0fjpy5f",,,,,,
1980,PHI,DL,DE,0,ACT,Claude Humphrey,Claude,Humphrey,1944-06-29,76,252,,,,,,,,,,,,"https://static.www.nfl.com/image/private/f_auto,q_auto/league/aua8wjgrmqalkqwvupeb",,,,,,
1980,PHI,DL,NT,0,ACT,Charlie Johnson,Charles,Johnson,1952-02-17,75,262,,,,,,,,,,,,"https://static.www.nfl.com/image/private/f_auto,q_auto/league/rhnzmofntkedb5f8gwuw",,,,,,
1980,PHI,K,K,0,ACT,Tony Franklin,Anthony,Franklin,1956-11-18,68,182,,,,,,,,,,,,"https://static.www.nfl.com/image/private/f_auto,q_auto/league/kdny8zuuw6bziazg2zs5",,,,,,
1980,PHI,LB,ILB,0,ACT,Bill Bergey,William,Bergey,1945-02-09,74,243,,,,,,,,,,,,"https://static.www.nfl.com/image/private/f_auto,q_auto/league/j5g7duajrqamxtf3xmvx",,,,,,
1980,PHI,LB,OLB,0,ACT,John Bunting,John,Bunting,1950-07-15,73,220,,,,,,,,,,,,"https://static.www.nfl.com/image/private/f_auto,q_auto/league/g9hyux5sdowyn6l2jzmn",,,,,,
1980,PHI,LB,LB,0,ACT,Al Chesley,Albert,Chesley,1957-08-23,75,240,,,,,,,,,,,,"https://static.www.nfl.com/image/private/f_auto,q_auto/league/g8omkbrzby5g1pazx6cl",,,,,,
1980,PHI,LB,ILB,0,ACT,Frank LeMaster,Frank,LeMaster,1952-03-12,74,224,,,,,,,,,,,,"https://static.www.nfl.com/image/private/f_auto,q_auto/league/tyjpna88vqgnjlw6io26",,,,,,
1980,PHI,LB,LB,0,ACT,Ray Phillips,Ray,Phillips,1954-03-18,76,221,,,,,,,,,,,,"https://static.www.nfl.com/image/private/f_auto,q_auto/league/woyfpxlrgdmpjryczpgd",,,,,,
1980,PHI,LB,OLB,0,ACT,Jerry Robinson,Jerry,Robinson,1956-12-18,74,218,,,,,,,,,,,,"https://static.www.nfl.com/image/private/f_auto,q_auto/league/samlivayga2xdqulvxd3",,,,,,
1980,PHI,LB,LB,0,ACT,Reggie Wilkes,Reginald,Wilkes,1956-05-27,76,230,,,,,,,,,,,,"https://static.www.nfl.com/image/private/f_auto,q_auto/league/scxvqgr7w3lp1s6u0qkf",,,,,,
1980,WAS,DL,DT,0,ACT,Perry Brooks,Perry,Brooks,1954-12-04,75,260,,,,,,,,,,,,"https://static.www.nfl.com/image/private/f_auto,q_auto/league/orwqnxvxyao0ky6ainno",,,,,,
1980,PHI,OL,G,0,ACT,Steve Kenney,Steven,Kenney,1955-12-26,76,262,,,,,,,,,,,,"https://static.www.nfl.com/image/private/f_auto,q_auto/league/lvvko8isdtlqjvrktm7z",,,,,,
1980,PHI,OL,C,0,ACT,Guy Morriss,Guy,Morriss,1951-05-13,76,255,,,,,,,,,,,,"https://static.www.nfl.com/image/private/f_auto,q_auto/league/fl8rfyqp5vw2p6zwlzgf",,,,,,
1980,PHI,OL,G,0,ACT,Woody Peoples,Woodrow,Peoples,1943-08-16,74,252,,,,,,,,,,,,"https://static.www.nfl.com/image/private/f_auto,q_auto/league/jfs1wolzloga6vanuhy6",,,,,,
1980,PHI,OL,G,0,ACT,Petey Perot,Edward,Perot,1957-04-28,74,261,,,,,,,,,,,,"https://static.www.nfl.com/image/private/f_auto,q_auto/league/kzjfdwkynwzlej16bhcs",,,,,,
1980,PHI,OL,OT,0,ACT,Jerry Sisemore,Jerald,Sisemore,1951-07-16,76,265,,,,,,,,,,,,"https://static.www.nfl.com/image/private/f_auto,q_auto/league/njfc2paoymuq0fhu4z4x",,,,,,
1980,PHI,OL,C,0,ACT,Mark Slater,Mark,Slater,1955-02-01,74,257,,,,,,,,,,,,"https://static.www.nfl.com/image/private/f_auto,q_auto/league/nmszpuyjgyhdjk8zxc2x",,,,,,
1980,PHI,OL,OT,0,ACT,Stan Walters,Stanley,Walters,1948-05-27,78,275,,,,,,,,,,,,"https://static.www.nfl.com/image/private/f_auto,q_auto/league/ixowgkfjsrke1o1dizmm",,,,,,
1980,PHI,P,P,0,ACT,Max Runager,Max,Runager,1956-03-24,73,189,,,,,,,,,,,,"https://static.www.nfl.com/image/private/f_auto,q_auto/league/dcwffqpvrylp9q9yabjo",,,,,,
1980,PHI,QB,QB,0,ACT,Rob Hertel,Robert,Hertel,1955-02-21,74,195,,,,,,,,,,,,"https://static.www.nfl.com/image/private/f_auto,q_auto/league/adty5odwz7fv9qnr4d2z",,,,,,
1980,PHI,QB,QB,7,ACT,Ron Jaworski,Ronald,Jaworski,1951-03-23,74,196,,,,,,,,,,,,"https://static.www.nfl.com/image/private/f_auto,q_auto/league/aamsifwf5pezavdmdtcr",,,,,,
1980,PHI,QB,QB,0,ACT,Joe Pisarcik,Joseph,Pisarcik,1952-07-02,76,220,,,,,,,,,,,,"https://static.www.nfl.com/image/private/f_auto,q_auto/league/pbwswfziizv3njt5ouqd",,,,,,
1980,PHI,RB,RB,0,ACT,Billy Campfield,William,Campfield,1956-08-20,71,185,,,,,,,,,,,,"https://static.www.nfl.com/image/private/f_auto,q_auto/league/n4pa3yu5mttasunqdmb2",,,,,,
1980,PHI,RB,RB,0,TRT,Jim Culbreath,James,Culbreath,1952-10-21,72,209,,,,,,,,,,,,"https://static.www.nfl.com/image/private/f_auto,q_auto/league/h1sbp8ihscjo20ueyjiu",,,,,,
1980,PHI,RB,RB,0,TRC,Zachary Dixon,Zachary,Dixon,1956-03-05,72,200,,,,,,,,,,,,"https://static.www.nfl.com/image/private/f_auto,q_auto/league/mbxaeeef5pv47nyavoiu",,,,,,
1980,PHI,RB,RB,0,ACT,Louie Giammona,Louis,Giammona,1953-03-03,69,180,,,,,,,,,,,,"https://static.www.nfl.com/image/private/f_auto,q_auto/league/knogueiv1ajtkycpcofj",,,,,,
1980,PHI,RB,RB,0,ACT,Perry Harrington,Perry,Harrington,1958-03-13,71,210,,,,,,,,,,,,"https://static.www.nfl.com/image/private/f_auto,q_auto/league/wopvw0xhh4rm5xjjhysl",,,,,,
1980,PHI,RB,RB,0,ACT,Leroy Harris,Leroy,Harris,1954-07-03,69,220,,,,,,,,,,,,"https://static.www.nfl.com/image/private/f_auto,q_auto/league/a1p7v1uzvhnkenlvrt9d",,,,,,
1980,WAS,OL,G,0,ACT,Dan Nugent,Daniel,Nugent,1953-08-22,75,250,,,,,,,,,,,,"https://static.www.nfl.com/image/private/f_auto,q_auto/league/wwt8zj74j4ivcrb6g6oh",,,,,,
1980,PHI,RB,RB,0,ACT,Wilbert Montgomery,Wilbert,Montgomery,1954-09-16,70,195,,,,,,,,,,,,"https://static.www.nfl.com/image/private/f_auto,q_auto/league/hmxwi0xct7i22w1xdk14",,,,,,
1980,PHI,RB,RB,0,ACT,Bob Torrey,Robert,Torrey,1957-01-30,76,231,,,,,,,,,,,,"https://static.www.nfl.com/image/private/f_auto,q_auto/league/unkfkkurnkw7pckiumad",,,,,,
1980,PHI,TE,TE,0,ACT,Ken Dunek,Kenneth,Dunek,1957-06-20,78,235,,,,,,,,,,,,"https://static.www.nfl.com/image/private/f_auto,q_auto/league/o4n8cwn7v5upytpgqkve",,,,,,
1980,PHI,TE,TE,0,TRD,Lewis Gilbert,Lewis,Gilbert,1956-05-24,76,225,,,,,,,,,,,,"https://static.www.nfl.com/image/private/f_auto,q_auto/league/elzvelv2hiwktnztsbvj",,,,,,
1980,PHI,TE,TE,0,ACT,Keith Krepfle,Keith,Krepfle,1952-02-04,75,220,,,,,,,,,,,,"https://static.www.nfl.com/image/private/f_auto,q_auto/league/aqvu6g5xg0uy2og5sez9",,,,,,
1980,PHI,TE,TE,0,ACT,John Spagnola,John,Spagnola,1957-08-01,76,240,,,,,,,,,,,,"https://static.www.nfl.com/image/private/f_auto,q_auto/league/jy8z3zwacqnj1pfzaaj0",,,,,,
1980,PHI,WR,WR,0,ACT,Luther Blue,Luther,Blue,1954-10-21,71,185,,,,,,,,,,,,"https://static.www.nfl.com/image/private/f_auto,q_auto/league/gjbkox33n5k9xkrhxqoj",,,,,,
1980,PHI,WR,WR,0,ACT,Harold Carmichael,Lee,Carmichael,1949-09-22,80,225,,,,,,,,,,,,"https://static.www.nfl.com/image/private/f_auto,q_auto/league/wefoaneozr3aqjxdl6ix",,,,,,
1980,PHI,WR,WR,0,ACT,Scott Fitzkee,Scott,Fitzkee,1957-04-08,72,187,,,,,,,,,,,,"https://static.www.nfl.com/image/private/f_auto,q_auto/league/rogvkakyedpu3tfdor2j",,,,,,
1980,PHI,WR,WR,0,ACT,Wally Henry,Wallace,Henry,1954-10-30,68,170,,,,,,,,,,,,"https://static.www.nfl.com/image/private/f_auto,q_auto/league/xdgryklppqgepg71lpvk",,,,,,
1980,PHI,WR,WR,0,ACT,Rod Parker,Rodney,Parker,1953-07-18,73,190,,,,,,,,,,,,"https://static.www.nfl.com/image/private/f_auto,q_auto/league/se4wj0ntsjzj04hivk4m",,,,,,
1980,PHI,WR,WR,0,ACT,Charlie Smith,Charles,Smith,1950-07-26,73,185,,,,,,,,,,,,"https://static.www.nfl.com/image/private/f_auto,q_auto/league/jgyzxoduzzacu1exxbuz",,,,,,
1980,PIT,DB,DB,0,ACT,Larry Anderson,Lawrence,Anderson,1956-09-25,71,177,,,,,,,,,,,,"https://static.www.nfl.com/image/private/f_auto,q_auto/league/fuayxzsxtokergrf2dry",,,,,,
1980,PIT,DB,CB,0,ACT,Mel Blount,Melvin,Blount,1948-04-10,75,205,,,,,,,,,,,,"https://static.www.nfl.com/image/private/f_auto,q_auto/league/wviofwlrq4vveyd7che4",,,,,,
1980,PIT,DB,DB,0,TRC,Marvin Cobb,Marvin,Cobb,1953-08-06,72,189,,,,,,,,,,,,"https://static.www.nfl.com/image/private/f_auto,q_auto/league/vcqabbybah6govsrkn47",,,,,,
1980,PIT,DB,CB,0,ACT,Ron Johnson,Ronald,Johnson,1956-06-08,70,200,,,,,,,,,,,,"https://static.www.nfl.com/image/private/f_auto,q_auto/league/mtuhup2wbgttoodd2joh",,,,,,
1980,PIT,DB,DB,0,ACT,Tom Moriarty,Thomas,Moriarty,1953-04-07,72,185,,,,,,,,,,,,"https://static.www.nfl.com/image/private/f_auto,q_auto/league/uldzip4rkkf8dvpk0dte",,,,,,
1980,PIT,DB,S,0,ACT,Donnie Shell,Donnie,Shell,1952-08-26,71,190,,,,,,,,,,,,"https://static.www.nfl.com/image/private/f_auto,q_auto/league/rycwahqk4mmbjqrux4cx",,,,,,
1980,PIT,DB,FS,0,ACT,J.T. Thomas,James,Thomas,1951-04-22,74,196,,,,,,,,,,,,"https://static.www.nfl.com/image/private/f_auto,q_auto/league/b8io15qff9mextmenlpt",,,,,,
1980,PIT,DB,FS,0,ACT,Mike Wagner,Michael,Wagner,1949-06-22,73,210,,,,,,,,,,,,"https://static.www.nfl.com/image/private/f_auto,q_auto/league/kktmnsaklplucrutfvjs",,,,,,
1980,PIT,DB,DB,0,ACT,Dwayne Woodruff,Dwayne,Woodruff,1957-02-18,71,198,,,,,,,,,,,,"https://static.www.nfl.com/image/private/f_auto,q_auto/league/co62nkdnjubohjizlecn",,,,,,
1980,PIT,DL,DE,0,ACT,John Banaszak,John,Banaszak,1950-08-24,75,232,,,,,,,,,,,,"https://static.www.nfl.com/image/private/f_auto,q_auto/league/waxzhh08u3phijc5kbgt",,,,,,
1980,PIT,DL,DE,0,ACT,Tom Beasley,Thomas,Beasley,1954-08-11,77,253,,,,,,,,,,,,"https://static.www.nfl.com/image/private/f_auto,q_auto/league/sncp1ceehiee4en7ywfe",,,,,,
1980,WAS,WR,WR,0,ACT,Ricky Thompson,Ricky,Thompson,1954-05-15,72,170,,,,,,,,,,,,"https://static.www.nfl.com/image/private/f_auto,q_auto/league/noxkw9jggbzud8azo0oh",,,,,,
1980,PIT,DL,DT,0,ACT,Steve Furness,Stephen,Furness,1950-12-05,76,255,,,,,,,,,,,,"https://static.www.nfl.com/image/private/f_auto,q_auto/league/ehkaqm7dnvwexjrbhajc",,,,,,
1980,PIT,DL,DT,0,ACT,Joe Greene,Charles,Greene,1946-09-24,76,275,,,,,,,,,,,,"https://static.www.nfl.com/image/private/f_auto,q_auto/league/o2d17czw2re05xp4b3wj",,,,,,
1980,PIT,DL,DE,0,ACT,L.C. Greenwood,L.C.,Greenwood,1946-09-08,78,245,,,,,,,,,,,,"https://static.www.nfl.com/image/private/f_auto,q_auto/league/rxka4seqm4yclut8obwm",,,,,,
1980,PIT,DL,DE,0,ACT,Dwight White,Dwight,White,1949-07-30,76,255,,,,,,,,,,,,"https://static.www.nfl.com/image/private/f_auto,q_auto/league/sdhqozlnyqcepmve6mh9",,,,,,
1980,SEA,QB,QB,0,ACT,Jim Zorn,James,Zorn,1953-05-10,74,200,,,,,,,,,,,,"https://static.www.nfl.com/image/private/f_auto,q_auto/league/xburzguemvvfk9okdp9e",,,,,,
1980,PIT,LB,OLB,0,ACT,Robin Cole,Robin,Cole,1955-09-11,74,220,,,,,,,,,,,,"https://static.www.nfl.com/image/private/f_auto,q_auto/league/xyazrxs5lh2xjqrwavfq",,,,,,
1980,SEA,RB,RB,0,ACT,Dan Doornink,Daniel,Doornink,1956-02-01,75,210,,,,,,,,,,,,"https://static.www.nfl.com/image/private/f_auto,q_auto/league/h3ruav3buu8wlsdjjovm",,,,,,
1980,PIT,LB,MLB,0,ACT,Jack Lambert,John,Lambert,1952-07-08,76,215,,,,,,,,,,,,"https://static.www.nfl.com/image/private/f_auto,q_auto/league/vvtzut8dhtj3e4edj5a0",,,,,,
1980,PIT,LB,OLB,0,ACT,Loren Toews,Loren,Toews,1951-11-03,75,220,,,,,,,,,,,,"https://static.www.nfl.com/image/private/f_auto,q_auto/league/rg0msvut9oupcjzr8nvd",,,,,,
1980,PIT,LB,LB,0,ACT,Zack Valentine,Zachary,Valentine,1957-05-29,74,220,,,,,,,,,,,,"https://static.www.nfl.com/image/private/f_auto,q_auto/league/tiogch8aywln48iycrm0",,,,,,
1980,PIT,LB,MLB,0,ACT,Dennis Winston,Dennis,Winston,1955-10-25,72,228,,,,,,,,,,,,"https://static.www.nfl.com/image/private/f_auto,q_auto/league/z3eupshfjqccknzpzwww",,,,,,
1980,PIT,OL,OT,0,ACT,Larry Brown,Lawrence,Brown,1949-06-16,76,229,,,,,,,,,,,,"https://static.www.nfl.com/image/private/f_auto,q_auto/league/wiybtd79or3dmwbefk2s",,,,,,
1980,PIT,OL,G,0,ACT,Steve Courson,Stephen,Courson,1955-10-01,73,260,,,,,,,,,,,,"https://static.www.nfl.com/image/private/f_auto,q_auto/league/ita0ot6ou3xsywiazupp",,,,,,
1980,SEA,TE,TE,0,ACT,John Sawyer,John,Sawyer,1953-07-26,74,230,,,,,,,,,,,,"https://static.www.nfl.com/image/private/f_auto,q_auto/league/hspwiurchhz3ssgzfr98",,,,,,
1980,PIT,OL,OT,0,ACT,Jon Kolb,Jon,Kolb,1947-08-30,74,262,,,,,,,,,,,,"https://static.www.nfl.com/image/private/f_auto,q_auto/league/adfcfmkpmeki4hdawqbz",,,,,,
1980,SEA,WR,WR,0,ACT,Steve Largent,Stephen,Largent,1954-09-28,71,184,,,,,,,,,,,,"https://static.www.nfl.com/image/private/f_auto,q_auto/league/uwi8mvpiavmova7skp7q",,,,,,
1980,PIT,OL,OT,0,ACT,Ted Petersen,Theodore,Petersen,1955-02-07,77,244,,,,,,,,,,,,"https://static.www.nfl.com/image/private/f_auto,q_auto/league/hr1d93xwawfyhw71maqn",,,,,,
1980,PIT,OL,G,0,ACT,Ray Pinney,Raymond,Pinney,1954-06-29,76,240,,,,,,,,,,,,"https://static.www.nfl.com/image/private/f_auto,q_auto/league/kvqwmc9nojyvptaic9uh",,,,,,
1980,SF,DB,S,0,ACT,Ricky Churchman,Richard,Churchman,1958-03-14,73,195,,,,,,,,,,,,"https://static.www.nfl.com/image/private/f_auto,q_auto/league/iexmcr6cjdhhwzxnn8vh",,,,,,
1980,SF,DB,CB,0,ACT,Charles Cornelius,Charles,Cornelius,1952-07-27,69,176,,,,,,,,,,,,"https://static.www.nfl.com/image/private/f_auto,q_auto/league/qbm7axgsebxvsydainvr",,,,,,
1980,SF,DB,FS,0,ACT,Dwight Hicks,Dwight,Hicks,1956-04-05,73,185,,,,,,,,,,,,"https://static.www.nfl.com/image/private/f_auto,q_auto/league/avzrm7dzy3vngayswkss",,,,,,
1980,PIT,QB,QB,0,ACT,Terry Bradshaw,Terry,Bradshaw,1948-09-02,75,215,,,,,,,,,,,,"https://static.www.nfl.com/image/private/f_auto,q_auto/league/xmjv8lqrxaspc8joz0v4",,,,,,
1980,PIT,QB,QB,0,ACT,Mark Malone,Mark,Malone,1958-11-22,76,223,,,,,,,,,,,,"https://static.www.nfl.com/image/private/f_auto,q_auto/league/ey0kryydkdjgkhv1qnaq",,,,,,
1980,SF,DB,CB,0,ACT,Melvin Morgan,Melvin,Morgan,1953-03-31,72,183,,,,,,,,,,,,"https://static.www.nfl.com/image/private/f_auto,q_auto/league/fcatadggyvhrkywkbkab",,,,,,
1980,PIT,RB,RB,0,ACT,Rocky Bleier,Robert,Bleier,1946-03-05,71,210,,,,,,,,,,,,"https://static.www.nfl.com/image/private/f_auto,q_auto/league/nztesquveymkzmptix8m",,,,,,
1980,PIT,RB,RB,0,ACT,Russell Davis,Russell,Davis,1956-09-15,72,215,,,,,,,,,,,,"https://static.www.nfl.com/image/private/f_auto,q_auto/league/oejhzu91ahmb1j6bpcil",,,,,,
1980,PIT,RB,RB,0,ACT,Franco Harris,Franco,Harris,1950-03-07,74,230,,,,,,,,,,,,"https://static.www.nfl.com/image/private/f_auto,q_auto/league/ajagqtwni1q9a0lcbzwq",,,,,,
1980,PIT,RB,RB,0,ACT,Greg Hawthorne,Gregory,Hawthorne,1956-09-05,74,225,,,,,,,,,,,,"https://static.www.nfl.com/image/private/f_auto,q_auto/league/gn9ea43dgpn3x734ed0f",,,,,,
1980,SF,DL,DE,0,ACT,Dwaine Board,Dwaine,Board,1956-11-29,77,241,,,,,,,,,,,,"https://static.www.nfl.com/image/private/f_auto,q_auto/league/tcuqiltxnpkr2kaonvgn",,,,,,
1980,PIT,RB,RB,0,ACT,Sidney Thornton,Sidney,Thornton,1954-09-02,71,230,,,,,,,,,,,,"https://static.www.nfl.com/image/private/f_auto,q_auto/league/clfnxmhwxvasma9qgzgr",,,,,,
1980,PIT,TE,TE,0,ACT,Bennie Cunningham,Bennie,Cunningham,1954-12-23,77,260,,,,,,,,,,,,"https://static.www.nfl.com/image/private/f_auto,q_auto/league/x2yyg64ukdf2rbi7ucgs",,,,,,
1980,PIT,TE,TE,0,ACT,Randy Grossman,Curt,Grossman,1952-09-20,73,215,,,,,,,,,,,,"https://static.www.nfl.com/image/private/f_auto,q_auto/league/wuzplhridywlfwnbb1ha",,,,,,
1980,PIT,WR,WR,0,ACT,Theo Bell,Theopolis,Bell,1953-12-21,72,190,,,,,,,,,,,,"https://static.www.nfl.com/image/private/f_auto,q_auto/league/tx2pk2nufpwqwlli4nmu",,,,,,
1980,PIT,WR,WR,0,ACT,Jim Smith,James,Smith,1955-07-20,74,205,,,,,,,,,,,,"https://static.www.nfl.com/image/private/f_auto,q_auto/league/antpcpugjbycthjhgicl",,,,,,
1980,PIT,WR,WR,0,ACT,John Stallworth,Johnny,Stallworth,1952-07-15,74,191,,,,,,,,,,,,"https://static.www.nfl.com/image/private/f_auto,q_auto/league/qyhrxpoq3sklq4qnugy3",,,,,,
1980,PIT,WR,WR,0,ACT,Lynn Swann,Lynn,Swann,1952-03-07,71,178,,,,,,,,,,,,"https://static.www.nfl.com/image/private/f_auto,q_auto/league/jesvcslja0ilrjjbdngy",,,,,,
1980,PIT,WR,WR,0,ACT,Calvin Sweeney,Calvin,Sweeney,1955-01-12,74,190,,,,,,,,,,,,"https://static.www.nfl.com/image/private/f_auto,q_auto/league/fcmhixvtrnmee4iz40vy",,,,,,
1980,SD,DB,CB,0,ACT,Willie Buchanon,Willie,Buchanon,1950-11-04,72,190,,,,,,,,,,,,"https://static.www.nfl.com/image/private/f_auto,q_auto/league/zddkiyulf74l9oqhisfn",,,,,,
1980,SD,DB,CB,0,ACT,Jerome Dove,Jerome,Dove,1953-10-03,72,190,,,,,,,,,,,,"https://static.www.nfl.com/image/private/f_auto,q_auto/league/r3rmwz3rnsgfjbpy1eof",,,,,,
1980,SD,DB,DB,0,ACT,Frank Duncan,Frank,Duncan,1956-11-16,73,190,,,,,,,,,,,,"https://static.www.nfl.com/image/private/f_auto,q_auto/league/a7pgjgb0ihjacwopkqca",,,,,,
1980,SD,DB,FS,0,ACT,Glen Edwards,Glen,Edwards,1947-07-31,72,185,,,,,,,,,,,,"https://static.www.nfl.com/image/private/f_auto,q_auto/league/lca9xximqat2l8qgvkxb",,,,,,
1980,SD,DB,S,0,ACT,Mike Fuller,Michael,Fuller,1953-04-07,70,188,,,,,,,,,,,,"https://static.www.nfl.com/image/private/f_auto,q_auto/league/jenygbz39waknbmdd4xk",,,,,,
1980,SD,DB,FS,0,ACT,Bernard Jackson,Bernard,Jackson,1950-08-24,72,178,,,,,,,,,,,,"https://static.www.nfl.com/image/private/f_auto,q_auto/league/dtfvdk5a4ccv8zntvqep",,,,,,
1980,SD,DB,DB,0,ACT,Scott Perry,Scott,Perry,1954-03-11,72,180,,,,,,,,,,,,"https://static.www.nfl.com/image/private/f_auto,q_auto/league/nbygiwnexbpsawu9ndjc",,,,,,
1980,SD,DB,S,0,ACT,Pete Shaw,Kenneth,Shaw,1954-08-25,70,183,,,,,,,,,,,,"https://static.www.nfl.com/image/private/f_auto,q_auto/league/fvhxbafo6auqwhdhvpt7",,,,,,
1980,SD,DB,DB,0,ACT,Hal Stringert,Harold,Stringert,1952-01-02,71,185,,,,,,,,,,,,"https://static.www.nfl.com/image/private/f_auto,q_auto/league/umegjuabdquf6gch9wql",,,,,,
1980,SD,DB,CB,0,ACT,Mike Williams,Mikell,Williams,1953-11-22,70,186,,,,,,,,,,,,"https://static.www.nfl.com/image/private/f_auto,q_auto/league/ckvfjoahwflg8sfvtmaq",,,,,,
1980,SF,LB,LB,0,TRD,Thomas Seabron,Thomas,Seabron,1957-05-24,75,215,,,,,,,,,,,,"https://static.www.nfl.com/image/private/f_auto,q_auto/league/lmdkvmflzskojpbjivpw",,,,,,
1980,SD,DL,DE,0,ACT,Charles DeJurnett,Charles,DeJurnett,1952-06-17,76,270,,,,,,,,,,,,"https://static.www.nfl.com/image/private/f_auto,q_auto/league/iu2kszd5kcd7v4zvszkc",,,,,,
1980,SD,DL,DT,0,ACT,Gary Johnson,Gary,Johnson,1952-08-31,74,257,,,,,,,,,,,,"https://static.www.nfl.com/image/private/f_auto,q_auto/league/xeixyfks6qwlx0ghowth",,,,,,
1980,TB,P,P,0,ACT,Tom Blanchard,Thomas,Blanchard,1948-05-28,72,190,,,,,,,,,,,,"https://static.www.nfl.com/image/private/f_auto,q_auto/league/sfq53tyv0z9tkzyx17ah",,,,,,
1980,SD,DL,DT,0,ACT,Louie Kelcher,Louie,Kelcher,1953-08-23,77,291,,,,,,,,,,,,"https://static.www.nfl.com/image/private/f_auto,q_auto/league/ipbzvai959puwfhmly7w",,,,,,
1980,SD,DL,DT,0,ACT,John Lee,John,Lee,1953-02-17,74,247,,,,,,,,,,,,"https://static.www.nfl.com/image/private/f_auto,q_auto/league/iwudvlxrdtuefyp3xedh",,,,,,
1980,SD,DL,DE,0,ACT,Wilbur Young,Wilbur,Young,1949-04-20,78,285,,,,,,,,,,,,"https://static.www.nfl.com/image/private/f_auto,q_auto/league/d0egaqrcj2tkvcyjwvql",,,,,,
1980,SD,K,K,0,ACT,Rolf Benirschke,Rolf,Benirschke,1955-02-07,72,165,,,,,,,,,,,,"https://static.www.nfl.com/image/private/f_auto,q_auto/league/wqmhwxnmubydmh2oiapf",,,,,,
1980,SD,K,K,0,ACT,Mike Wood,Michael,Wood,1954-09-03,71,199,,,,,,,,,,,,"https://static.www.nfl.com/image/private/f_auto,q_auto/league/jkuwmpwyyzdg4eezamtb",,,,,,
1980,SD,LB,MLB,0,ACT,Bob Horn,Robert,Horn,1954-02-06,75,235,,,,,,,,,,,,"https://static.www.nfl.com/image/private/f_auto,q_auto/league/dinf0cwrpffn4a5umk6m",,,,,,
1980,SD,LB,LB,0,ACT,Linden King,Linden,King,1955-06-28,76,217,,,,,,,,,,,,"https://static.www.nfl.com/image/private/f_auto,q_auto/league/riaec3wopxjjqbwpyahl",,,,,,
1980,TB,RB,RB,0,ACT,Tony Davis,Michael,Davis,1953-01-21,71,212,,,,,,,,,,,,"https://static.www.nfl.com/image/private/f_auto,q_auto/league/d9bcsq0jotszod0qrtgi",,,,,,
1980,SF,P,P,0,ACT,Jim Miller,James,Miller,1957-07-05,71,183,,,,,,,,,,,,"https://static.www.nfl.com/image/private/f_auto,q_auto/league/s6m8eazuulmod1qygho1",,,,,,
1980,SD,LB,LB,0,ACT,Carl McGee,Carl,McGee,1956-07-15,75,228,,,,,,,,,,,,"https://static.www.nfl.com/image/private/f_auto,q_auto/league/jnrqhjfvd2ozfsklf82t",,,,,,
1980,SF,QB,QB,0,ACT,Gary Huff,Gary,Huff,1951-04-27,73,195,,,,,,,,,,,,"https://static.www.nfl.com/image/private/f_auto,q_auto/league/cv8ivflpgd6ojol8b4lc",,,,,,
1980,SD,LB,LB,0,ACT,Cliff Thrift,Clifford,Thrift,1956-05-03,73,237,,,,,,,,,,,,"https://static.www.nfl.com/image/private/f_auto,q_auto/league/vwmmfcrgwuypsndbd5u0",,,,,,
1980,SD,OL,OT,0,ACT,Dan Audick,Daniel,Audick,1954-11-15,75,246,,,,,,,,,,,,"https://static.www.nfl.com/image/private/f_auto,q_auto/league/sefxwap9xg1e18s9mclg",,,,,,
1980,SD,OL,G,0,ACT,Chuck Loewen,Charles,Loewen,1957-01-23,75,259,,,,,,,,,,,,"https://static.www.nfl.com/image/private/f_auto,q_auto/league/a9qv95sfirp65vseojql",,,,,,
1980,SD,OL,C,0,ACT,Don Macek,Donald,Macek,1954-07-21,75,253,,,,,,,,,,,,"https://static.www.nfl.com/image/private/f_auto,q_auto/league/pmsjfghtsem0ybjmvdod",,,,,,
1980,SD,OL,C,0,ACT,Ralph Perretta,Ralph,Perretta,1953-01-30,74,252,,,,,,,,,,,,"https://static.www.nfl.com/image/private/f_auto,q_auto/league/vovosvyqraoybkkflc5m",,,,,,
1980,SD,OL,OT,0,ACT,Bob Rush,Robert,Rush,1955-02-27,77,258,,,,,,,,,,,,"https://static.www.nfl.com/image/private/f_auto,q_auto/league/pjzeakkef8tregqpc43w",,,,,,
1980,SD,OL,OT,0,ACT,Billy Shields,William,Shields,1953-08-23,80,284,,,,,,,,,,,,"https://static.www.nfl.com/image/private/f_auto,q_auto/league/oticxphkr2dfqlzsqdle",,,,,,
1980,SD,OL,OT,0,ACT,Russ Washington,Russell,Washington,1946-12-17,78,289,,,,,,,,,,,,"https://static.www.nfl.com/image/private/f_auto,q_auto/league/iash1ggc0ptcflicvidb",,,,,,
1980,SD,OL,G,0,ACT,Ed White,Edward,White,1947-04-04,73,269,,,,,,,,,,,,"https://static.www.nfl.com/image/private/f_auto,q_auto/league/xcpzpqgkhdwu5hbidmob",,,,,,
1980,SD,OL,G,0,ACT,Doug Wilkerson,Douglas,Wilkerson,1947-03-27,75,253,,,,,,,,,,,,"https://static.www.nfl.com/image/private/f_auto,q_auto/league/mqcwnq2zwolsrazxbvpk",,,,,,
1980,SF,TE,TE,0,ACT,Lewis Gilbert,Lewis,Gilbert,1956-05-24,76,225,,,,,,,,,,,,"https://static.www.nfl.com/image/private/f_auto,q_auto/league/elzvelv2hiwktnztsbvj",,,,,,
1980,SD,QB,QB,0,ACT,Dan Fouts,Daniel,Fouts,1951-06-10,75,193,,,,,,,,,,,,"https://static.www.nfl.com/image/private/f_auto,q_auto/league/jubsyezxh2cl5gzo4dow",,,,,,
1980,SD,QB,QB,0,ACT,James Harris,James,Harris,1947-07-20,76,210,,,,,,,,,,,,"https://static.www.nfl.com/image/private/f_auto,q_auto/league/xsldgx7helbpshqaiule",,,,,,
1980,SD,QB,QB,0,ACT,Ed Luther,Edward,Luther,1957-01-02,75,206,,,,,,,,,,,,"https://static.www.nfl.com/image/private/f_auto,q_auto/league/p8bumbsjftk9d56tszhc",,,,,,
1980,SD,RB,RB,0,ACT,Hank Bauer,Henry,Bauer,1954-07-15,70,195,,,,,,,,,,,,"https://static.www.nfl.com/image/private/f_auto,q_auto/league/mknsgwkfq3hhipnndbwf",,,,,,
1980,SD,RB,RB,0,ACT,John Cappelletti,John,Cappelletti,1952-06-09,73,215,,,,,,,,,,,,"https://static.www.nfl.com/image/private/f_auto,q_auto/league/izotslils1n4pvqnyvbo",,,,,,
1980,SF,WR,WR,0,ACT,Jimmy Robinson,James,Robinson,1953-01-03,69,170,,,,,,,,,,,,"https://static.www.nfl.com/image/private/f_auto,q_auto/league/hcuhfvpyvn3e2qwu6bmv",,,,,,
1980,SD,RB,RB,0,ACT,Chuck Muncie,Harry,Muncie,1953-03-17,75,220,,,,,,,,,,,,"https://static.www.nfl.com/image/private/f_auto,q_auto/league/mpmj684cfreiqk9vmxzi",,,,,,
1980,SD,RB,RB,0,ACT,Booker Russell,Booker,Russell,1956-02-28,74,230,,,,,,,,,,,,"https://static.www.nfl.com/image/private/f_auto,q_auto/league/dxoedptw6rw5uabfg4ff",,,,,,
1980,SD,RB,RB,0,ACT,Mike Thomas,Malcolm,Thomas,1953-07-17,71,190,,,,,,,,,,,,"https://static.www.nfl.com/image/private/f_auto,q_auto/league/ulg18taftviyygwmmrci",,,,,,
1980,SD,RB,RB,0,ACT,Clarence Williams,Clarence,Williams,1955-01-25,69,198,,,,,,,,,,,,"https://static.www.nfl.com/image/private/f_auto,q_auto/league/pygran9gciogwrhhqtjf",,,,,,
1980,SD,RB,RB,0,TRC,Don Woods,Donald,Woods,1951-02-17,73,210,,,,,,,,,,,,"https://static.www.nfl.com/image/private/f_auto,q_auto/league/d3pfemuynpi8vth458sv",,,,,,
1980,SD,TE,TE,0,ACT,Greg McCrary,Gregory,McCrary,1952-03-24,73,216,,,,,,,,,,,,"https://static.www.nfl.com/image/private/f_auto,q_auto/league/r044kqeaj0g0zxpbltyf",,,,,,
1980,SD,TE,TE,0,ACT,Kellen Winslow,Kellen,Winslow,1957-11-05,77,251,,,,,,,,,,,,"https://static.www.nfl.com/image/private/f_auto,q_auto/league/dcashdpfhfh8bp4cbjg6",,,,,,
1980,SD,WR,WR,0,ACT,John Floyd,John,Floyd,1956-09-10,73,195,,,,,,,,,,,,"https://static.www.nfl.com/image/private/f_auto,q_auto/league/bb8p46facb3efbxunju8",,,,,,
1980,SD,WR,WR,0,ACT,John Jefferson,John,Jefferson,1956-02-03,73,190,,,,,,,,,,,,"https://static.www.nfl.com/image/private/f_auto,q_auto/league/rggmc0xrwtiq5u8afrad",,,,,,
1980,SD,WR,WR,0,ACT,Charlie Joiner,Charles,Joiner,1947-10-14,71,188,,,,,,,,,,,,"https://static.www.nfl.com/image/private/f_auto,q_auto/league/rvnwuud1omemquowcor7",,,,,,
1980,SD,WR,WR,0,ACT,Ron Smith,Ronnie,Smith,1956-11-20,72,190,,,,,,,,,,,,"https://static.www.nfl.com/image/private/f_auto,q_auto/league/gpphkhbsxycylzidyfs5",,,,,,
1980,STL,DL,NT,0,ACT,Mike Dawson,Michael,Dawson,1953-10-16,76,270,,,,,,,,,,,,"https://static.www.nfl.com/image/private/f_auto,q_auto/league/mvkuwh5gdnxoielc8dqw",,,,,,
1980,SEA,DB,DB,0,ACT,Don Dufek,Donald,Dufek,1954-04-28,72,195,,,,,,,,,,,,"https://static.www.nfl.com/image/private/f_auto,q_auto/league/zvovsb1lntarbuoo4rf7",,,,,,
1980,SEA,DB,FS,0,ACT,John Harris,John,Harris,1956-06-13,74,200,,,,,,,,,,,,"https://static.www.nfl.com/image/private/f_auto,q_auto/league/zxdy79wathkz1sfpxxh1",,,,,,
1980,SEA,DB,CB,0,ACT,Kerry Justin,Kerry,Justin,1955-05-03,71,175,,,,,,,,,,,,"https://static.www.nfl.com/image/private/f_auto,q_auto/league/a4aa9bivllpzgvkrw2dj",,,,,,
1980,SEA,DB,CB,0,ACT,Will Lewis,William,Lewis,1958-01-16,69,185,,,,,,,,,,,,"https://static.www.nfl.com/image/private/f_auto,q_auto/league/z1f5ck3wtkqmml55ltmh",,,,,,
1980,SEA,DB,DB,0,ACT,Vic Minor,Victor,Minor,1958-11-28,72,198,,,,,,,,,,,,"https://static.www.nfl.com/image/private/f_auto,q_auto/league/l22kkmotrmmi0j0vrxwy",,,,,,
1980,SEA,DB,S,0,ACT,Keith Simpson,Keith,Simpson,1956-03-09,73,195,,,,,,,,,,,,"https://static.www.nfl.com/image/private/f_auto,q_auto/league/yn2msuk2vnntovs5ptyx",,,,,,
1980,SEA,DB,CB,0,ACT,Cornell Webster,Cornell,Webster,1954-11-02,72,180,,,,,,,,,,,,"https://static.www.nfl.com/image/private/f_auto,q_auto/league/kpsbwlql2jenoga4pkmh",,,,,,
1980,SEA,DL,DE,0,ACT,Fred Anderson,Fredell,Anderson,1954-10-30,76,235,,,,,,,,,,,,"https://static.www.nfl.com/image/private/f_auto,q_auto/league/cockzxplmmiuc5wjclun",,,,,,
1980,SEA,DL,DE,0,ACT,Mark Bell,Mark,Bell,1957-08-30,77,235,,,,,,,,,,,,"https://static.www.nfl.com/image/private/f_auto,q_auto/league/c5yjzgqi7tp3sny70yzu",,,,,,
1980,SEA,DL,DE,0,ACT,Bill Cooke,William,Cooke,1951-02-26,77,249,,,,,,,,,,,,"https://static.www.nfl.com/image/private/f_auto,q_auto/league/od0ck5vyfrhco5ls0srg",,,,,,
1980,SEA,DL,DE,0,ACT,Terry Dion,Terry,Dion,1957-11-22,78,254,,,,,,,,,,,,"https://static.www.nfl.com/image/private/f_auto,q_auto/league/cwo9rly2m7suito7qij3",,,,,,
1980,WAS,OL,G,0,ACT,Jeff Williams,Jeffrey,Williams,1955-04-15,76,256,,,,,,,,,,,,"https://static.www.nfl.com/image/private/f_auto,q_auto/league/zuiqylubzlz91jen0nlj",,,,,,
1980,SEA,DL,DE,0,ACT,Bill Gregory,William,Gregory,1949-12-14,77,255,,,,,,,,,,,,"https://static.www.nfl.com/image/private/f_auto,q_auto/league/hjw2ommhm6nwocbauwtd",,,,,,
1980,SEA,DL,DT,0,ACT,Robert Hardy,Robert,Hardy,1956-07-03,74,250,,,,,,,,,,,,"https://static.www.nfl.com/image/private/f_auto,q_auto/league/g7adh3ayfha4tmfolqmv",,,,,,
1980,SEA,DL,DT,0,ACT,Manu Tuiasosopo,Manu'ula,Tuiasosopo,1957-08-30,75,252,,,,,,,,,,,,"https://static.www.nfl.com/image/private/f_auto,q_auto/league/uhg9qlh1qthle7qt5ce5",,,,,,
1980,SEA,K,K,0,ACT,Efren Herrera,Efren,Herrera,1951-07-30,69,185,,,,,,,,,,,,"https://static.www.nfl.com/image/private/f_auto,q_auto/league/aqt2iehjpgfiigmdfsb2",,,,,,
1980,WAS,RB,RB,0,ACT,Rickey Claitt,Rickey,Claitt,1957-04-12,70,206,,,,,,,,,,,,"https://static.www.nfl.com/image/private/f_auto,q_auto/league/y4kkemz86vuqqw3ebwl5",,,,,,
1980,SEA,LB,OLB,0,ACT,Keith Butler,John,Butler,1956-05-16,76,225,,,,,,,,,,,,"https://static.www.nfl.com/image/private/f_auto,q_auto/league/nixuqklh5wao7vxnogc6",,,,,,
1980,SEA,LB,OLB,0,ACT,Michael Jackson,Michael,Jackson,1957-07-15,73,220,,,,,,,,,,,,"https://static.www.nfl.com/image/private/f_auto,q_auto/league/oeobxp6vgnqkpscy63nz",,,,,,
1980,SEA,LB,LB,0,ACT,Joe Norman,Josef,Norman,1956-10-15,73,220,,,,,,,,,,,,"https://static.www.nfl.com/image/private/f_auto,q_auto/league/ho5z0oq6uvlxipqsgqcx",,,,,,
1980,SEA,LB,LB,0,ACT,Terry Rennaker,Terry,Rennaker,1958-05-01,78,225,,,,,,,,,,,,"https://static.www.nfl.com/image/private/f_auto,q_auto/league/pouyqwf8uq0wzv7aqocq",,,,,,
1980,SEA,LB,LB,0,ACT,Tim Walker,Timothy,Walker,1958-05-12,73,230,,,,,,,,,,,,"https://static.www.nfl.com/image/private/f_auto,q_auto/league/xtechqdvdusszcsoulnp",,,,,,
1980,SEA,OL,OT,0,ACT,Steve August,Steven,August,1954-09-04,76,243,,,,,,,,,,,,"https://static.www.nfl.com/image/private/f_auto,q_auto/league/htvbsnnjvacisaaz5zqe",,,,,,
1980,SEA,OL,OT,0,ACT,Louis Bullard,Louis,Bullard,1956-05-06,78,265,,,,,,,,,,,,"https://static.www.nfl.com/image/private/f_auto,q_auto/league/cymcekwdt7capsw4m6k6",,,,,,
1980,SEA,OL,OT,0,ACT,Ron Essink,Ronald,Essink,1958-07-30,78,246,,,,,,,,,,,,"https://static.www.nfl.com/image/private/f_auto,q_auto/league/x9sxqludqdhovemnhipd",,,,,,
1980,SEA,OL,OT,0,ACT,Andre Hines,Andre,Hines,1958-02-28,78,275,,,,,,,,,,,,"https://static.www.nfl.com/image/private/f_auto,q_auto/league/dmv9tvwdzzhgmo1aozob",,,,,,
1980,SEA,OL,C,0,ACT,Art Kuehn,Arthur,Kuehn,1953-02-12,75,270,,,,,,,,,,,,"https://static.www.nfl.com/image/private/f_auto,q_auto/league/pxvpm4e6whptwypkxg2u",,,,,,
1980,SEA,OL,G,0,ACT,Tom Lynch,Thomas,Lynch,1955-05-24,77,260,,,,,,,,,,,,"https://static.www.nfl.com/image/private/f_auto,q_auto/league/rt2ovg4taa8dgpdirdqx",,,,,,
1980,SEA,OL,G,0,ACT,Bob Newton,Robert,Newton,1949-08-16,76,250,,,,,,,,,,,,"https://static.www.nfl.com/image/private/f_auto,q_auto/league/cfzfccsajvamiikfohij",,,,,,
1980,SEA,OL,G,0,ACT,Jeff Sevy,Jeffrey,Sevy,1951-10-24,77,260,,,,,,,,,,,,"https://static.www.nfl.com/image/private/f_auto,q_auto/league/n6msn1reqqgvqqnrbbxn",,,,,,
1980,SEA,OL,C,0,ACT,John Yarno,John,Yarno,1954-12-17,77,251,,,,,,,,,,,,"https://static.www.nfl.com/image/private/f_auto,q_auto/league/e5bkklhlnxlslexxjowp",,,,,,
1980,SEA,P,P,0,ACT,Herman Weaver,William,Weaver,1948-11-17,76,210,,,,,,,,,,,,"https://static.www.nfl.com/image/private/f_auto,q_auto/league/kvfa2bx5ehkmo10lcytu",,,,,,
1980,SEA,QB,QB,0,ACT,Sam Adkins,Samuel,Adkins,1955-05-21,74,214,,,,,,,,,,,,"https://static.www.nfl.com/image/private/f_auto,q_auto/league/yrc68elxd1fl4r5cw4od",,,,,,
1980,STL,QB,QB,0,ACT,Mike Loyd,Charles,Loyd,1956-05-06,74,216,,,,,,,,,,,,"https://static.www.nfl.com/image/private/f_auto,q_auto/league/mm00kympqzunqkdnlshe",,,,,,
1980,SF,LB,LB,0,ACT,Mel Land,Melvin,Land,1955-11-30,75,243,,,,,,,,,,,,"https://static.www.nfl.com/image/private/f_auto,q_auto/league/msmavidbn9t3diurmby6",,,,,,
1980,SEA,RB,RB,0,ACT,Larry Brinson,Lawrence,Brinson,1954-06-06,72,214,,,,,,,,,,,,"https://static.www.nfl.com/image/private/f_auto,q_auto/league/xpkcdm2ztvprlhddkadf",,,,,,
1980,STL,RB,RB,0,ACT,Willard Harrell,Willard,Harrell,1952-09-16,68,182,,,,,,,,,,,,"https://static.www.nfl.com/image/private/f_auto,q_auto/league/x6nmeypknvgyjhraxnts",,,,,,
1980,SEA,RB,RB,0,ACT,Al Hunter,Alfonse,Hunter,1955-02-21,71,195,,,,,,,,,,,,"https://static.www.nfl.com/image/private/f_auto,q_auto/league/i2vmkyf5fofgigewgvuz",,,,,,
1980,SEA,RB,RB,0,ACT,Jim Jodat,James,Jodat,1954-03-03,71,210,,,,,,,,,,,,"https://static.www.nfl.com/image/private/f_auto,q_auto/league/xogolo98ozdofs4yhdvt",,,,,,
1980,SEA,RB,RB,0,ACT,Lawrence McCutcheon,Lawrence,McCutcheon,1950-06-02,73,205,,,,,,,,,,,,"https://static.www.nfl.com/image/private/f_auto,q_auto/league/gehglkmn99x7zdkkhuoq",,,,,,
1980,STL,TE,TE,0,ACT,Chris Combs,Christopher,Combs,1958-03-17,76,242,,,,,,,,,,,,"https://static.www.nfl.com/image/private/f_auto,q_auto/league/lev75pedi4xqjprd4oy8",,,,,,
1980,SEA,RB,RB,0,ACT,Sherman Smith,Sherman,Smith,1954-11-01,76,225,,,,,,,,,,,,"https://static.www.nfl.com/image/private/f_auto,q_auto/league/oeqryaldcdsgduzeqnx1",,,,,,
1980,SEA,RB,RB,0,ACT,Jim Walsh,James,Walsh,1956-12-17,71,220,,,,,,,,,,,,"https://static.www.nfl.com/image/private/f_auto,q_auto/league/qrnqll5msqum5ihaa6fy",,,,,,
1980,STL,WR,WR,0,ACT,Mark Bell,Mark,Bell,1957-06-14,69,175,,,,,,,,,,,,"https://static.www.nfl.com/image/private/f_auto,q_auto/league/iknwmdzuierbro78d5zg",,,,,,
1980,SEA,WR,WR,0,ACT,Jessie Green,Jessie,Green,1954-02-21,75,191,,,,,,,,,,,,"https://static.www.nfl.com/image/private/f_auto,q_auto/league/tdhcmwdakbqgpfphljku",,,,,,
1980,STL,WR,WR,0,ACT,Jeff Lee,Jeffrey,Lee,1955-05-23,74,195,,,,,,,,,,,,"https://static.www.nfl.com/image/private/f_auto,q_auto/league/unxazaxkve8u7nyco9mq",,,,,,
1980,SEA,WR,WR,0,ACT,Sam McCullum,Samuel,McCullum,1952-11-30,74,203,,,,,,,,,,,,"https://static.www.nfl.com/image/private/f_auto,q_auto/league/miufyoow7dczjh24gh6e",,,,,,
1980,SEA,WR,WR,0,ACT,Steve Raible,Steven,Raible,1954-06-02,74,195,,,,,,,,,,,,"https://static.www.nfl.com/image/private/f_auto,q_auto/league/ofo3abpoe7ohitsdnwjo",,,,,,
1980,TB,DB,FS,0,ACT,Cedric Brown,Cedric,Brown,1954-05-06,73,190,,,,,,,,,,,,"https://static.www.nfl.com/image/private/f_auto,q_auto/league/qviq1lffqmprehgpnlef",,,,,,
1980,TB,DB,FS,0,ACT,Neal Colzie,Cornelius,Colzie,1953-02-28,74,200,,,,,,,,,,,,"https://static.www.nfl.com/image/private/f_auto,q_auto/league/z9tjqfr0u8mtbxtk9nxf",,,,,,
1980,TB,DB,S,0,ACT,Mark Cotney,John,Cotney,1952-06-26,72,200,,,,,,,,,,,,"https://static.www.nfl.com/image/private/f_auto,q_auto/league/ejyqicrttocn4qzhwu8i",,,,,,
1980,SF,DB,CB,0,ACT,Charles Johnson,Charles,Johnson,1956-05-08,70,182,,,,,,,,,,,,"https://static.www.nfl.com/image/private/f_auto,q_auto/league/cx5cp6eabvrvno8mg3t5",,,,,,
1980,SF,DB,DB,0,ACT,Al Latimer,Albert,Latimer,1957-10-14,71,172,,,,,,,,,,,,"https://static.www.nfl.com/image/private/f_auto,q_auto/league/u79ngzqdhmp79ruby9wk",,,,,,
1980,TB,DB,CB,0,ACT,Norris Thomas,Norris,Thomas,1954-05-03,72,185,,,,,,,,,,,,"https://static.www.nfl.com/image/private/f_auto,q_auto/league/qmc6wke8du3sxlvitkxv",,,,,,
1980,SF,DB,DB,0,TRC,Scott Perry,Scott,Perry,1954-03-11,72,180,,,,,,,,,,,,"https://static.www.nfl.com/image/private/f_auto,q_auto/league/nbygiwnexbpsawu9ndjc",,,,,,
1980,SF,DB,CB,0,ACT,Ray Rhodes,Raymond,Rhodes,1950-10-20,71,185,,,,,,,,,,,,"https://static.www.nfl.com/image/private/f_auto,q_auto/league/erq7dn85ogmzgbhxdb45",,,,,,
1980,SF,DB,CB,0,TRD,Gerard Williams,Gerard,Williams,1952-05-25,73,184,,,,,,,,,,,,"https://static.www.nfl.com/image/private/f_auto,q_auto/league/k4rvncea5rh1hvqwkudm",,,,,,
1980,SF,DB,CB,0,ACT,Herb Williams,Herbert,Williams,1958-08-30,72,198,,,,,,,,,,,,"https://static.www.nfl.com/image/private/f_auto,q_auto/league/z86jf4ghidkcrsvcpakb",,,,,,
1980,TB,DL,DE,0,ACT,Reggie Lewis,Reginald,Lewis,1956-05-06,75,260,,,,,,,,,,,,"https://static.www.nfl.com/image/private/f_auto,q_auto/league/jvgky5ckw3iu8jikmxf1",,,,,,
1980,SF,DL,DT,0,ACT,Mike Calhoun,Michael,Calhoun,1957-05-06,76,260,,,,,,,,,,,,"https://static.www.nfl.com/image/private/f_auto,q_auto/league/kh775amq3w8bmsxiojji",,,,,,
1980,SF,DL,DT,0,ACT,Jim Krahl,James,Krahl,1953-11-19,77,252,,,,,,,,,,,,"https://static.www.nfl.com/image/private/f_auto,q_auto/league/sxe9sdxfrhkp78gbdecr",,,,,,
1980,SF,DL,DE,0,ACT,Lawrence Pillers,Lawrence,Pillers,1952-11-04,76,250,,,,,,,,,,,,"https://static.www.nfl.com/image/private/f_auto,q_auto/league/tzugceb3oqf1kmddr4jj",,,,,,
1980,SF,DL,DT,0,ACT,Archie Reese,Archie,Reese,1956-02-04,75,263,,,,,,,,,,,,"https://static.www.nfl.com/image/private/f_auto,q_auto/league/swvqdhn0anoqq1l45zaq",,,,,,
1980,SF,DL,DE,0,ACT,Jim Stuckey,James,Stuckey,1958-06-21,76,251,,,,,,,,,,,,"https://static.www.nfl.com/image/private/f_auto,q_auto/league/zrrqkqyx5cdin2ceu88u",,,,,,
1980,SF,DL,DT,0,ACT,Ken Times,Kenneth,Times,1956-01-26,74,246,,,,,,,,,,,,"https://static.www.nfl.com/image/private/f_auto,q_auto/league/swpglecqp7cvtgcgafj8",,,,,,
1980,SF,DL,DT,0,ACT,Ted Vincent,Theodore,Vincent,1956-08-10,76,262,,,,,,,,,,,,"https://static.www.nfl.com/image/private/f_auto,q_auto/league/k24wcbqsrsiyfbigxvkw",,,,,,
1980,SF,DL,DT,0,ACT,George Visger,George,Visger,1958-09-26,76,250,,,,,,,,,,,,"https://static.www.nfl.com/image/private/f_auto,q_auto/league/jf4os3mcpcnvms2j21zm",,,,,,
1980,SF,DL,DE,0,ACT,Jimmy Webb,James,Webb,1952-04-13,77,247,,,,,,,,,,,,"https://static.www.nfl.com/image/private/f_auto,q_auto/league/hv1vgcniwmtmvhilwdzw",,,,,,
1980,SF,DL,DE,0,ACT,Jerry Wilkinson,Gerald,Wilkinson,1956-02-27,81,248,,,,,,,,,,,,"https://static.www.nfl.com/image/private/f_auto,q_auto/league/wgzztohgjb4xpmkvws2q",,,,,,
1980,SF,K,K,0,ACT,Ray Wersching,Raimund,Wersching,1950-08-21,71,210,,,,,,,,,,,,"https://static.www.nfl.com/image/private/f_auto,q_auto/league/monbaa7te6wjl1c0zkjk",,,,,,
1980,SF,LB,MLB,0,ACT,Dan Bunz,Danny,Bunz,1955-10-07,76,230,,,,,,,,,,,,"https://static.www.nfl.com/image/private/f_auto,q_auto/league/yo1bxhfhismbea3g71wp",,,,,,
1980,SF,LB,OLB,0,ACT,Willie Harper,Willie,Harper,1950-07-30,74,215,,,,,,,,,,,,"https://static.www.nfl.com/image/private/f_auto,q_auto/league/jrulqxxzje3ljj6mitdq",,,,,,
1980,SF,LB,LB,0,TRC,Tom Henderson,Thomas,Henderson,1953-03-01,74,221,,,,,,,,,,,,"https://static.www.nfl.com/image/private/f_auto,q_auto/league/ri3bgcvzofpjh1kmddh9",,,,,,
1980,TB,OL,C,0,ACT,Jim Leonard,James,Leonard,1957-10-19,75,250,,,,,,,,,,,,"https://static.www.nfl.com/image/private/f_auto,q_auto/league/yqdym0rhnjfniwhdqjtt",,,,,,
1980,STL,DB,S,0,ACT,Lee Nelson,Lee,Nelson,1954-01-30,70,185,,,,,,,,,,,,"https://static.www.nfl.com/image/private/f_auto,q_auto/league/djl4tnjptisenwosmllt",,,,,,
1980,SF,LB,OLB,0,ACT,Bobby Leopold,Leroy,Leopold,1957-10-18,73,215,,,,,,,,,,,,"https://static.www.nfl.com/image/private/f_auto,q_auto/league/kgejqfrgw2o3xqehlgrj",,,,,,
1980,SF,LB,LB,0,ACT,Craig Puki,Craig,Puki,1957-01-18,73,231,,,,,,,,,,,,"https://static.www.nfl.com/image/private/f_auto,q_auto/league/yybfypredicje3y98dxf",,,,,,
1980,TB,OL,G,0,ACT,Ray Snell,Ray,Snell,1958-02-24,76,265,,,,,,,,,,,,"https://static.www.nfl.com/image/private/f_auto,q_auto/league/knsedh6aowlxwxicojge",,,,,,
1980,SF,LB,ILB,0,ACT,Terry Tautolo,Terry,Tautolo,1954-08-30,74,227,,,,,,,,,,,,"https://static.www.nfl.com/image/private/f_auto,q_auto/league/wz1czgxpiw14tgt1ru2t",,,,,,
1980,SF,LB,OLB,0,ACT,Keena Turner,Keena,Turner,1958-10-22,74,219,,,,,,,,,,,,"https://static.www.nfl.com/image/private/f_auto,q_auto/league/g47vahmsz18abi6fdrju",,,,,,
1980,WAS,LB,MLB,0,ACT,Neal Olkewicz,Neal,Olkewicz,1957-01-30,72,218,,,,,,,,,,,,"https://static.www.nfl.com/image/private/f_auto,q_auto/league/fsj1icdu1g3paonphq2m",,,,,,
1980,TB,QB,QB,0,ACT,Chuck Fusina,Charles,Fusina,1957-05-31,73,200,,,,,,,,,,,,"https://static.www.nfl.com/image/private/f_auto,q_auto/league/orae1kznn5sm43irzrnp",,,,,,
1980,SF,OL,OT,0,ACT,Ken Bungarda,Kestutis,Bungarda,1957-01-25,78,270,,,,,,,,,,,,"https://static.www.nfl.com/image/private/f_auto,q_auto/league/fgwjhyvq8ftxwmhb89p9",,,,,,
1980,SF,OL,G,0,ACT,Randy Cross,Randall,Cross,1954-04-25,75,265,,,,,,,,,,,,"https://static.www.nfl.com/image/private/f_auto,q_auto/league/yj8f9wfdh1iwht2fitio",,,,,,
1980,SF,OL,C,0,ACT,Walt Downing,Walter,Downing,1956-06-11,75,254,,,,,,,,,,,,"https://static.www.nfl.com/image/private/f_auto,q_auto/league/mgddzlsbtd0bkqrlunuo",,,,,,
1980,TB,RB,RB,0,ACT,Rick Berns,Richard,Berns,1956-02-05,74,205,,,,,,,,,,,,"https://static.www.nfl.com/image/private/f_auto,q_auto/league/w1xhh4al8qxiroqqiqmr",,,,,,
1980,SF,OL,C,0,ACT,Ernie Hughes,Ernest,Hughes,1955-01-24,75,250,,,,,,,,,,,,"https://static.www.nfl.com/image/private/f_auto,q_auto/league/rpyovwdnifo9ovygf9nw",,,,,,
1980,SF,OL,C,0,ACT,Fred Quillan,Frederick,Quillan,1956-01-27,77,240,,,,,,,,,,,,"https://static.www.nfl.com/image/private/f_auto,q_auto/league/sptbot43srrlro1gssxx",,,,,,
1980,STL,LB,OLB,0,ACT,Mark Arneson,Mark,Arneson,1949-09-09,74,220,,,,,,,,,,,,"https://static.www.nfl.com/image/private/f_auto,q_auto/league/sbmk7bf6jhvqh6iqetii",,,,,,
1980,TB,RB,RB,0,ACT,Jerry Eckwood,Jerry,Eckwood,1954-12-26,72,195,,,,,,,,,,,,"https://static.www.nfl.com/image/private/f_auto,q_auto/league/nlaf7kuhjxyc9gzbghbo",,,,,,
1980,TB,TE,TE,0,ACT,Jimmie Giles,Jimmie,Giles,1954-11-08,75,225,,,,,,,,,,,,"https://static.www.nfl.com/image/private/f_auto,q_auto/league/u8xh5oxykc5bnchgrmpq",,,,,,
1980,TB,TE,TE,0,ACT,Jim Obradovich,James,Obradovich,1953-04-02,74,225,,,,,,,,,,,,"https://static.www.nfl.com/image/private/f_auto,q_auto/league/bpkjs1z3vkl7yqdi0kav",,,,,,
1980,TB,TE,TE,0,TRD,Conrad Rucker,Conrad,Rucker,1954-11-15,75,255,,,,,,,,,,,,"https://static.www.nfl.com/image/private/f_auto,q_auto/league/vzexlrzfhrter7vlr9ta",,,,,,
1980,SF,RB,RB,0,ACT,Jerry Aldridge,Jerry,Aldridge,1956-09-17,74,220,,,,,,,,,,,,"https://static.www.nfl.com/image/private/f_auto,q_auto/league/haogg9dazow5sazyh5x4",,,,,,
1980,SF,RB,RB,0,ACT,Earl Cooper,Marion,Cooper,1957-09-17,74,227,,,,,,,,,,,,"https://static.www.nfl.com/image/private/f_auto,q_auto/league/jop1r0vhfgvlqcv3yp3p",,,,,,
1980,SF,RB,RB,0,ACT,Lenvil Elliott,Lenvil,Elliott,1951-09-02,72,205,,,,,,,,,,,,"https://static.www.nfl.com/image/private/f_auto,q_auto/league/uxqud2niqvijwt5rjphy",,,,,,
1980,SF,RB,RB,0,ACT,Bob Ferrell,Robert,Ferrell,1952-11-13,72,216,,,,,,,,,,,,"https://static.www.nfl.com/image/private/f_auto,q_auto/league/vhwsnmbvdxox9dub2yzi",,,,,,
1980,SF,RB,RB,0,ACT,Phil Francis,Phillip,Francis,1957-01-10,73,205,,,,,,,,,,,,"https://static.www.nfl.com/image/private/f_auto,q_auto/league/rgmvora5bzhusqfgf6l2",,,,,,
1980,SF,RB,RB,0,ACT,Paul Hofer,Paul,Hofer,1952-05-13,72,195,,,,,,,,,,,,"https://static.www.nfl.com/image/private/f_auto,q_auto/league/y3sk42pgis2bn7tezo3r",,,,,,
1980,SF,RB,RB,0,ACT,Ricky Patton,Ricky,Patton,1954-04-06,71,185,,,,,,,,,,,,"https://static.www.nfl.com/image/private/f_auto,q_auto/league/n23meb6bahjsnnxwefba",,,,,,
1980,SF,RB,RB,0,ACT,Don Woods,Donald,Woods,1951-02-17,73,210,,,,,,,,,,,,"https://static.www.nfl.com/image/private/f_auto,q_auto/league/d3pfemuynpi8vth458sv",,,,,,
1980,SF,TE,TE,0,TRD,Bob Bruer,Robert,Bruer,1953-05-22,77,230,,,,,,,,,,,,"https://static.www.nfl.com/image/private/f_auto,q_auto/league/ilftw1x27njvnfomp6ej",,,,,,
1980,WAS,DB,FS,0,ACT,Mark Murphy,Mark,Murphy,1955-07-13,76,210,,,,,,,,,,,,"https://static.www.nfl.com/image/private/f_auto,q_auto/league/kjk2rmwtbu0giybwqmuo",,,,,,
1980,SF,TE,TE,0,ACT,Eason Ramson,Eason,Ramson,1956-04-30,74,239,,,,,,,,,,,,"https://static.www.nfl.com/image/private/f_auto,q_auto/league/ohbflu6qiu0lcpquot0k",,,,,,
1980,SF,TE,TE,0,ACT,Charle Young,Charle,Young,1951-02-05,76,234,,,,,,,,,,,,"https://static.www.nfl.com/image/private/f_auto,q_auto/league/jzxovblfenppxgfifcor",,,,,,
1980,SF,WR,WR,0,ACT,Terry Anderson,Terry,Anderson,1955-01-10,69,182,,,,,,,,,,,,"https://static.www.nfl.com/image/private/f_auto,q_auto/league/ynnjroh9thg4bviqnhym",,,,,,
1980,SF,WR,WR,0,ACT,Dwight Clark,Dwight,Clark,1957-01-08,76,212,,,,,,,,,,,,"https://static.www.nfl.com/image/private/f_auto,q_auto/league/zzqgj9w7by4f8bn2bisg",,,,,,
1980,SF,WR,WR,0,ACT,James Owens,James,Owens,1955-07-05,71,188,,,,,,,,,,,,"https://static.www.nfl.com/image/private/f_auto,q_auto/league/wqpeuihoicjxvfqqrqyv",,,,,,
1980,WAS,DL,DE,0,ACT,Coy Bacon,Lander,Bacon,1942-08-30,76,270,,,,,,,,,,,,"https://static.www.nfl.com/image/private/f_auto,q_auto/league/nueni9eh3tjwswehuofy",,,,,,
1980,SF,WR,WR,0,ACT,Freddie Solomon,Fred,Solomon,1953-01-11,71,185,,,,,,,,,,,,"https://static.www.nfl.com/image/private/f_auto,q_auto/league/aej5ul7c9bjwmkybroi3",,,,,,
1980,STL,DB,CB,0,ACT,Carl Allen,Joseph,Allen,1955-12-21,72,185,,,,,,,,,,,,"https://static.www.nfl.com/image/private/f_auto,q_auto/league/ozozatimp743effgrl9b",,,,,,
1980,STL,DB,CB,0,ACT,Tim Collier,Timothy,Collier,1954-05-31,72,176,,,,,,,,,,,,"https://static.www.nfl.com/image/private/f_auto,q_auto/league/qtkzp3f1bnzh0v9bqpr6",,,,,,
1980,WAS,DL,DE,0,ACT,Joe Jones,Joe,Jones,1948-01-07,78,250,,,,,,,,,,,,"https://static.www.nfl.com/image/private/f_auto,q_auto/league/vu9rgkaql5oz0zajvi6k",,,,,,
1980,STL,DB,FS,0,ACT,Ken Greene,Kenneth,Greene,1956-05-08,75,203,,,,,,,,,,,,"https://static.www.nfl.com/image/private/f_auto,q_auto/league/g9tnduhvtj5ka1mgm0nm",,,,,,
1980,WAS,DL,DE,0,ACT,Karl Lorch,Karl,Lorch,1950-06-14,75,258,,,,,,,,,,,,"https://static.www.nfl.com/image/private/f_auto,q_auto/league/q9c4xzvwoevpvvprorll",,,,,,
1980,STL,DB,FS,0,ACT,Ken Stone,Kenneth,Stone,1950-09-14,73,179,,,,,,,,,,,,"https://static.www.nfl.com/image/private/f_auto,q_auto/league/cuqzdwbz0lhkmmti0rnb",,,,,,
1980,STL,DB,CB,0,ACT,Roger Wehrli,Roger,Wehrli,1947-11-26,72,190,,,,,,,,,,,,"https://static.www.nfl.com/image/private/f_auto,q_auto/league/lykwyohaenfqxf036d50",,,,,,
1980,STL,DB,CB,0,ACT,Gerard Williams,Gerard,Williams,1952-05-25,73,184,,,,,,,,,,,,"https://static.www.nfl.com/image/private/f_auto,q_auto/league/k4rvncea5rh1hvqwkudm",,,,,,
1980,WAS,LB,OLB,0,ACT,Brad Dusek,John,Dusek,1950-12-13,74,214,,,,,,,,,,,,"https://static.www.nfl.com/image/private/f_auto,q_auto/league/hmrrcdmofrevvosburgs",,,,,,
1980,STL,DL,NT,0,ACT,Rush Brown,Rush,Brown,1954-06-27,74,257,,,,,,,,,,,,"https://static.www.nfl.com/image/private/f_auto,q_auto/league/kcp6hufji4kuywjiq5vt",,,,,,
1980,TB,OL,G,0,ACT,George Yarno,George,Yarno,1957-08-12,74,260,,,,,,,,,,,,"https://static.www.nfl.com/image/private/f_auto,q_auto/league/r7780a5fggoljpyin8vz",,,,,,
1980,STL,DL,DE,0,ACT,Curtis Greer,Curtis,Greer,1957-11-10,76,252,,,,,,,,,,,,"https://static.www.nfl.com/image/private/f_auto,q_auto/league/f44ygjh48cg6tgzujui9",,,,,,
1980,STL,DL,DT,0,ACT,Oudious Lee,Oudious,Lee,1956-06-14,73,253,,,,,,,,,,,,"https://static.www.nfl.com/image/private/f_auto,q_auto/league/yu4kfntwhrswkxjaxpyf",,,,,,
1980,STL,DL,DE,0,ACT,Stafford Mays,Stafford,Mays,1958-03-13,74,242,,,,,,,,,,,,"https://static.www.nfl.com/image/private/f_auto,q_auto/league/rpnwu7puaengeyxh0wgv",,,,,,
1980,STL,DL,DE,0,ACT,Bob Pollard,Robert,Pollard,1948-12-30,75,250,,,,,,,,,,,,"https://static.www.nfl.com/image/private/f_auto,q_auto/league/eoszzuzgu3hdrelj6pvf",,,,,,
1980,STL,DL,DE,0,ACT,Ron Yankowski,Ronald,Yankowski,1946-10-23,77,244,,,,,,,,,,,,"https://static.www.nfl.com/image/private/f_auto,q_auto/league/k6sugwx2extfanqdlymd",,,,,,
1980,WAS,OL,C,0,ACT,Bob Kuziel,Robert,Kuziel,1950-07-24,76,255,,,,,,,,,,,,"https://static.www.nfl.com/image/private/f_auto,q_auto/league/pebsd9ifeqqztdpu5dmv",,,,,,
1980,STL,K,K,0,ACT,Neil O'Donoghue,Cornelius,O'Donoghue,1953-01-18,78,204,,,,,,,,,,,,"https://static.www.nfl.com/image/private/f_auto,q_auto/league/a8otc1abrohtb7ryhakt",,,,,,
1980,STL,WR,WR,0,ACT,Pat Tilley,Patrick,Tilley,1953-02-15,70,178,,,,,,,,,,,,"https://static.www.nfl.com/image/private/f_auto,q_auto/league/ykkbelxkambo4i1ekbbn",,,,,,
1980,STL,LB,OLB,0,ACT,Charles Baker,Charles,Baker,1957-09-26,74,217,,,,,,,,,,,,"https://static.www.nfl.com/image/private/f_auto,q_auto/league/fcwioz8vbuetynx896pq",,,,,,
1980,STL,LB,LB,0,ACT,John Barefield,John,Barefield,1955-03-23,74,224,,,,,,,,,,,,"https://static.www.nfl.com/image/private/f_auto,q_auto/league/jlmuhvtreemwxecobaml",,,,,,
1980,STL,LB,LB,0,ACT,Jon Brooks,Jonathan,Brooks,1957-06-22,74,215,,,,,,,,,,,,"https://static.www.nfl.com/image/private/f_auto,q_auto/league/jkdka92upaeax2rzwaut",,,,,,
1980,TB,DB,CB,0,ACT,Curtis Jordan,Curtis,Jordan,1954-01-25,74,182,,,,,,,,,,,,"https://static.www.nfl.com/image/private/f_auto,q_auto/league/vydzo5rlogpkm4yd50cz",,,,,,
1980,STL,LB,ILB,0,ACT,Calvin Favron,Calvin,Favron,1957-07-03,73,225,,,,,,,,,,,,"https://static.www.nfl.com/image/private/f_auto,q_auto/league/preotkxte5nxwxcttje4",,,,,,
1980,WAS,QB,QB,0,ACT,Mike Kruczek,Michael,Kruczek,1953-03-15,73,202,,,,,,,,,,,,"https://static.www.nfl.com/image/private/f_auto,q_auto/league/ak7rowm9lqybljnw065s",,,,,,
1980,STL,LB,ILB,0,ACT,Jeff McIntyre,Jeffrey,McIntyre,1955-09-20,75,232,,,,,,,,,,,,"https://static.www.nfl.com/image/private/f_auto,q_auto/league/e8kwhqai83ep468m1t1g",,,,,,
1980,STL,LB,OLB,0,ACT,Steve Neils,Steven,Neils,1951-05-02,74,217,,,,,,,,,,,,"https://static.www.nfl.com/image/private/f_auto,q_auto/league/i9mmsyswv4qzd0cbtpfr",,,,,,
1980,WAS,QB,QB,0,ACT,Joe Theismann,Joseph,Theismann,1949-09-09,72,184,,,,,,,,,,,,"https://static.www.nfl.com/image/private/f_auto,q_auto/league/eota6vsxtdaefkrs0oie",,,,,,
1980,STL,LB,ILB,0,ACT,Eric Williams,Eric,Williams,1955-06-17,74,235,,,,,,,,,,,,"https://static.www.nfl.com/image/private/f_auto,q_auto/league/hmw93sfpqa0wkqajksvv",,,,,,
1980,STL,OL,G,0,ACT,Tom Banks,Thomas,Banks,1948-08-20,73,245,,,,,,,,,,,,"https://static.www.nfl.com/image/private/f_auto,q_auto/league/tqbuenlgorpqiimlyoyx",,,,,,
1980,STL,OL,G,0,ACT,Joe Bostic,Joe,Bostic,1957-04-20,75,265,,,,,,,,,,,,"https://static.www.nfl.com/image/private/f_auto,q_auto/league/yb00dd3oj0xxjwjgrgf2",,,,,,
1980,STL,OL,C,0,ACT,Tom Brahaney,Thomas,Brahaney,1951-10-23,74,225,,,,,,,,,,,,"https://static.www.nfl.com/image/private/f_auto,q_auto/league/nsu2mstvv54bgbwl21v9",,,,,,
1980,STL,OL,C,0,ACT,Randy Clark,Randall,Clark,1957-07-27,75,254,,,,,,,,,,,,"https://static.www.nfl.com/image/private/f_auto,q_auto/league/sqnzgaeoim7brvdxx2sz",,,,,,
1980,STL,OL,G,0,ACT,Ron Coder,Ronald,Coder,1954-05-24,76,250,,,,,,,,,,,,"https://static.www.nfl.com/image/private/f_auto,q_auto/league/rtqh2qkoj4pk0bbzb5un",,,,,,
1980,STL,OL,OT,0,ACT,George Collins,George,Collins,1955-12-09,74,248,,,,,,,,,,,,"https://static.www.nfl.com/image/private/f_auto,q_auto/league/ole2fimxlgns4aru6n2t",,,,,,
1980,STL,OL,G,0,ACT,Barney Cotton,Barney,Cotton,1956-09-30,77,261,,,,,,,,,,,,"https://static.www.nfl.com/image/private/f_auto,q_auto/league/aw1lzrfkgsynx4pymd4p",,,,,,
1980,STL,OL,G,0,TRC,Eric Cunningham,Eric,Cunningham,1957-03-16,75,257,,,,,,,,,,,,"https://static.www.nfl.com/image/private/f_auto,q_auto/league/gwpavwyklzjyagg6uwtw",,,,,,
1980,STL,OL,OT,0,ACT,Dan Dierdorf,Daniel,Dierdorf,1949-06-29,75,275,,,,,,,,,,,,"https://static.www.nfl.com/image/private/f_auto,q_auto/league/uuub7jyggjqvsvz3i5ka",,,,,,
1980,WAS,WR,WR,0,ACT,Johnnie McDaniel,Johnnie,McDaniel,1951-09-23,73,193,,,,,,,,,,,,"https://static.www.nfl.com/image/private/f_auto,q_auto/league/rqafyzgwmphllqm7pbhj",,,,,,
1980,STL,OL,OT,0,TRC,Brad Oates,Robert,Oates,1953-09-30,78,270,,,,,,,,,,,,"https://static.www.nfl.com/image/private/f_auto,q_auto/league/eytsyglj6jtvmhncyosr",,,,,,
1980,STL,OL,OT,0,ACT,Keith Wortman,Keith,Wortman,1950-07-20,74,245,,,,,,,,,,,,"https://static.www.nfl.com/image/private/f_auto,q_auto/league/wyd2h600jucmknwewq3z",,,,,,
1980,STL,P,P,0,ACT,Larry Swider,Lawrence,Swider,1955-02-01,74,187,,,,,,,,,,,,"https://static.www.nfl.com/image/private/f_auto,q_auto/league/qt6wz9uc4fxu2vezif6m",,,,,,
1980,STL,QB,QB,0,ACT,Jim Hart,James,Hart,1944-04-29,73,215,,,,,,,,,,,,"https://static.www.nfl.com/image/private/f_auto,q_auto/league/wk8ttd1noffeqk9sy9qt",,,,,,
1980,STL,QB,QB,0,ACT,Rusty Lisch,Russell,Lisch,1956-12-21,75,213,,,,,,,,,,,,"https://static.www.nfl.com/image/private/f_auto,q_auto/league/tsixqrsmrpmqv5nluo7c",,,,,,
1980,STL,WR,WR,0,ACT,Dave Stief,David,Stief,1956-01-29,75,195,,,,,,,,,,,,"https://static.www.nfl.com/image/private/f_auto,q_auto/league/gsbn9ncddqtfxqzv7vhb",,,,,,
1980,TB,OL,OT,0,ACT,Dave Reavis,David,Reavis,1950-06-19,77,250,,,,,,,,,,,,"https://static.www.nfl.com/image/private/f_auto,q_auto/league/jy2logpdwlbcqnovaq2x",,,,,,
1980,STL,RB,RB,0,ACT,Theotis Brown,Theotis,Brown,1957-04-20,74,225,,,,,,,,,,,,"https://static.www.nfl.com/image/private/f_auto,q_auto/league/l99b5wbir2u4odtinlhs",,,,,,
1980,TB,OL,G,0,ACT,Gene Sanders,Eugene,Sanders,1956-11-10,75,270,,,,,,,,,,,,"https://static.www.nfl.com/image/private/f_auto,q_auto/league/mfritcrczvt92bspqlt5",,,,,,
1980,WAS,OL,OT,0,ACT,Jerry Scanlan,Jerry,Scanlan,1957-01-04,77,270,,,,,,,,,,,,"https://static.www.nfl.com/image/private/f_auto,q_auto/league/wmhw0toiznvo6l0jbt7x",,,,,,
1980,STL,RB,RB,0,ACT,Wayne Morris,Wayne,Morris,1954-05-03,72,200,,,,,,,,,,,,"https://static.www.nfl.com/image/private/f_auto,q_auto/league/umwehsy0v9ysvgqydbic",,,,,,
1980,WAS,LB,MLB,0,ACT,Rich Milot,Richard,Milot,1957-05-28,76,220,,,,,,,,,,,,"https://static.www.nfl.com/image/private/f_auto,q_auto/league/iugjaruggxvx1zxdatgz",,,,,,
1980,TB,TE,TE,0,ACT,Tony Samuels,Andre,Samuels,1954-12-30,76,229,,,,,,,,,,,,"https://static.www.nfl.com/image/private/f_auto,q_auto/league/or0ity2zsgc2h0ghnjyb",,,,,,
1980,STL,TE,TE,0,ACT,Doug Marsh,Douglas,Marsh,1958-06-18,75,236,,,,,,,,,,,,"https://static.www.nfl.com/image/private/f_auto,q_auto/league/wrxxqaixxlspjflqxxri",,,,,,
1980,STL,TE,TE,0,ACT,Gary Parris,Gary,Parris,1950-06-13,74,226,,,,,,,,,,,,"https://static.www.nfl.com/image/private/f_auto,q_auto/league/hrs8w2qq3yodfiylx31q",,,,,,
1980,TB,QB,QB,0,ACT,Doug Williams,Douglas,Williams,1955-08-09,76,220,,,,,,,,,,,,"https://static.www.nfl.com/image/private/f_auto,q_auto/league/bfbjfeajryl0w71u5rwk",,,,,,
1980,TB,RB,RB,0,ACT,Ricky Bell,Ricky,Bell,1955-04-08,74,220,,,,,,,,,,,,"https://static.www.nfl.com/image/private/f_auto,q_auto/league/c1oiyluczwxv8dgjaadk",,,,,,
1980,WAS,OL,OT,0,ACT,Terry Hermeling,Terry,Hermeling,1946-04-25,77,255,,,,,,,,,,,,"https://static.www.nfl.com/image/private/f_auto,q_auto/league/btsznydwyq7c9nr3znok",,,,,,
1980,TB,DL,NT,0,ACT,David Logan,David,Logan,1956-10-25,74,250,,,,,,,,,,,,"https://static.www.nfl.com/image/private/f_auto,q_auto/league/poj5yyd3pntfiuel2jpb",,,,,,
1980,TB,RB,RB,0,ACT,Johnny Davis,Johnny,Davis,1956-07-17,73,230,,,,,,,,,,,,"https://static.www.nfl.com/image/private/f_auto,q_auto/league/z3qo9oxsoqs1iee29o4n",,,,,,
1980,WAS,OL,C,0,ACT,Dan Peiffer,Daniel,Peiffer,1951-03-29,75,252,,,,,,,,,,,,"https://static.www.nfl.com/image/private/f_auto,q_auto/league/wl7ars7lpaul2pvtdgu7",,,,,,
1980,WAS,OL,G,0,ACT,Ron Saul,Ronald,Saul,1948-02-05,74,255,,,,,,,,,,,,"https://static.www.nfl.com/image/private/f_auto,q_auto/league/tzvn3cbxm9vxrxsw4v4x",,,,,,
1980,TB,K,K,0,ACT,Garo Yepremian,Garabed,Yepremian,1944-06-02,68,175,,,,,,,,,,,,"https://static.www.nfl.com/image/private/f_auto,q_auto/league/dhwxvgo8zonppky9pwcg",,,,,,
1980,WAS,OL,OT,0,ACT,George Starke,George,Starke,1948-07-18,77,260,,,,,,,,,,,,"https://static.www.nfl.com/image/private/f_auto,q_auto/league/jqmy4me5lcrv0opyiy9a",,,,,,
1980,TB,DB,FS,0,ACT,Danny Reece,Daniel,Reece,1955-01-28,71,190,,,,,,,,,,,,"https://static.www.nfl.com/image/private/f_auto,q_auto/league/awimeduiiyovrsjuypw6",,,,,,
1980,TB,LB,OLB,0,ACT,Andy Hawkins,Anthony,Hawkins,1958-03-31,74,230,,,,,,,,,,,,"https://static.www.nfl.com/image/private/f_auto,q_auto/league/mkxdhzrpwfhntlg6rkbx",,,,,,
1980,TB,DB,CB,0,ACT,Mike Washington,Michael,Washington,1953-07-01,74,200,,,,,,,,,,,,"https://static.www.nfl.com/image/private/f_auto,q_auto/league/mv0tazy4ajfudzgcklqr",,,,,,
1980,TB,DL,DT,0,TRD,Mike Calhoun,Michael,Calhoun,1957-05-06,76,260,,,,,,,,,,,,"https://static.www.nfl.com/image/private/f_auto,q_auto/league/kh775amq3w8bmsxiojji",,,,,,
1980,TB,LB,ILB,0,ACT,Dewey Selmon,Dewey,Selmon,1953-11-19,73,254,,,,,,,,,,,,"https://static.www.nfl.com/image/private/f_auto,q_auto/league/qk4mhy3szxsixnxkscti",,,,,,
1980,TB,WR,WR,0,ACT,Gordon Jones,Gordon,Jones,1957-07-25,72,180,,,,,,,,,,,,"https://static.www.nfl.com/image/private/f_auto,q_auto/league/ameqo1hpljs9wswxfs1o",,,,,,
1980,TB,WR,WR,0,ACT,Larry Mucker,Larry,Mucker,1954-12-15,71,190,,,,,,,,,,,,"https://static.www.nfl.com/image/private/f_auto,q_auto/league/bqeg7l4xtpp9zjcjlr4m",,,,,,
1980,TB,OL,OT,0,ACT,Charley Hannah,Charles,Hannah,1955-07-26,77,250,,,,,,,,,,,,"https://static.www.nfl.com/image/private/f_auto,q_auto/league/zerjhs64kerhyqstj13f",,,,,,
1980,TB,DL,DE,0,ACT,Bruce Radford,Bruce,Radford,1955-10-05,77,253,,,,,,,,,,,,"https://static.www.nfl.com/image/private/f_auto,q_auto/league/uzcmsoevf02vfkumcnrz",,,,,,
1980,TB,DL,DE,0,ACT,Lee Roy Selmon,Lee Roy,Selmon,1954-10-20,75,250,,,,,,,,,,,,"https://static.www.nfl.com/image/private/f_auto,q_auto/league/wkbsaelqyvvqjny5xknk",,,,,,
1980,TB,DL,DE,0,ACT,Dave Stalls,David,Stalls,1955-09-19,77,250,,,,,,,,,,,,"https://static.www.nfl.com/image/private/f_auto,q_auto/league/mysr3zbmxaeyrn0ktsn5",,,,,,
1980,WAS,K,K,0,ACT,Mark Moseley,Mark,Moseley,1948-03-12,71,202,,,,,,,,,,,,"https://static.www.nfl.com/image/private/f_auto,q_auto/league/e0nazvgxlhpugswjaxjf",,,,,,
1980,TB,LB,LB,0,ACT,Scot Brantley,Scot,Brantley,1958-02-24,73,230,,,,,,,,,,,,"https://static.www.nfl.com/image/private/f_auto,q_auto/league/icn2svzeywrw8nh6iamj",,,,,,
1980,TB,LB,ILB,0,ACT,Aaron Brown,Aaron,Brown,1956-01-13,74,235,,,,,,,,,,,,"https://static.www.nfl.com/image/private/f_auto,q_auto/league/lbp0khsb7ogdjcqevjma",,,,,,
1980,WAS,DB,S,0,ACT,Tony Peters,Anthony,Peters,1953-04-28,73,187,,,,,,,,,,,,"https://static.www.nfl.com/image/private/f_auto,q_auto/league/nphfytu1bjsuogqlmrpb",,,,,,
1980,TB,LB,OLB,0,ACT,Cecil Johnson,Cecil,Johnson,1955-08-19,74,220,,,,,,,,,,,,"https://static.www.nfl.com/image/private/f_auto,q_auto/league/aray0byzyxssvld1ltiz",,,,,,
1980,TB,LB,OLB,0,ACT,Dave Lewis,David,Lewis,1954-10-15,76,230,,,,,,,,,,,,"https://static.www.nfl.com/image/private/f_auto,q_auto/league/khb5gzc1cr8i73c7uubm",,,,,,
1980,TB,QB,QB,0,ACT,Mike Rae,Michael,Rae,1951-07-26,72,190,,,,,,,,,,,,"https://static.www.nfl.com/image/private/f_auto,q_auto/league/iogizfndddfpz7jwznaw",,,,,,
1980,TB,LB,ILB,0,ACT,Richard Wood,Richard,Wood,1953-05-31,74,230,,,,,,,,,,,,"https://static.www.nfl.com/image/private/f_auto,q_auto/league/slgowhwu1j1zsfzcb0bh",,,,,,
1980,TB,OL,G,0,ACT,Darrell Austin,Kenneth,Austin,1951-11-06,76,250,,,,,,,,,,,,"https://static.www.nfl.com/image/private/f_auto,q_auto/league/a8kcvpi2668vnky4oglo",,,,,,
1980,WAS,RB,RB,0,ACT,Ike Forte,Donald,Forte,1954-03-08,72,196,,,,,,,,,,,,"https://static.www.nfl.com/image/private/f_auto,q_auto/league/cdupvfmx2systrxiix5z",,,,,,
1980,TB,RB,RB,0,ACT,Gary Davis,Gary,Davis,1954-09-07,70,202,,,,,,,,,,,,"https://static.www.nfl.com/image/private/f_auto,q_auto/league/u0f9plssr6owllm38yrw",,,,,,
1980,WAS,DL,DT,0,ACT,Paul Smith,Paul,Smith,1945-08-13,75,256,,,,,,,,,,,,"https://static.www.nfl.com/image/private/f_auto,q_auto/league/cpcbtgvrmgqdmdck8lsl",,,,,,
1980,TB,OL,G,0,ACT,Greg Roberts,Gregory,Roberts,1956-11-19,75,255,,,,,,,,,,,,"https://static.www.nfl.com/image/private/f_auto,q_auto/league/unugllme6bh6axm6h5ff",,,,,,
1980,WAS,RB,RB,0,ACT,Wilbur Jackson,Wilbur,Jackson,1951-11-19,73,215,,,,,,,,,,,,"https://static.www.nfl.com/image/private/f_auto,q_auto/league/daprque5aw2p70snhvqa",,,,,,
1980,WAS,DB,DB,0,ACT,Mike Nelms,Michael,Nelms,1955-04-08,73,185,,,,,,,,,,,,"https://static.www.nfl.com/image/private/f_auto,q_auto/league/jpdipn59bccdb3qigyuo",,,,,,
1980,TB,OL,C,0,ACT,Steve Wilson,Steven,Wilson,1954-05-19,76,265,,,,,,,,,,,,"https://static.www.nfl.com/image/private/f_auto,q_auto/league/fwdivc8bwxgm6iyxqzlu",,,,,,
1980,WAS,TE,TE,0,ACT,Grady Richardson,Grady,Richardson,1952-04-02,76,225,,,,,,,,,,,,"https://static.www.nfl.com/image/private/f_auto,q_auto/league/snt4h6kmyd5zw2g20qcd",,,,,,
1980,WAS,P,P,0,ACT,Mike Connell,Michael,Connell,1956-03-15,73,200,,,,,,,,,,,,"https://static.www.nfl.com/image/private/f_auto,q_auto/league/tvhz8df5p0eq2xkppxqt",,,,,,
1980,WAS,LB,OLB,0,ACT,Pete Wysocki,Peter,Wysocki,1948-10-03,73,224,,,,,,,,,,,,"https://static.www.nfl.com/image/private/f_auto,q_auto/league/teiujt0v2odyoymj42xu",,,,,,
1980,TB,WR,WR,0,ACT,Isaac Hagins,Isaac,Hagins,1954-03-02,69,179,,,,,,,,,,,,"https://static.www.nfl.com/image/private/f_auto,q_auto/league/leb8dz6shkmi60wcvesu",,,,,,
1980,WAS,WR,WR,0,ACT,Zion McKinney,Zion,McKinney,1958-02-10,72,200,,,,,,,,,,,,"https://static.www.nfl.com/image/private/f_auto,q_auto/league/ijqvtfggozxtywwga66m",,,,,,
1980,WAS,OL,OT,0,ACT,Fred Dean,Frederick,Dean,1955-03-30,75,253,,,,,,,,,,,,"https://static.www.nfl.com/image/private/f_auto,q_auto/league/icxjwe6uzqmvle6o3njz",,,,,,
1980,WAS,DL,DE,0,ACT,Dallas Hickman,Dallas,Hickman,1952-02-16,78,235,,,,,,,,,,,,"https://static.www.nfl.com/image/private/f_auto,q_auto/league/cmhjhymhd2kltqx8gvt5",,,,,,
1980,TB,WR,WR,0,ACT,Mike Shumann,Michael,Shumann,1955-10-13,73,185,,,,,,,,,,,,"https://static.www.nfl.com/image/private/f_auto,q_auto/league/smp720viucbykr8cwbz2",,,,,,
1980,WAS,DB,S,0,ACT,Ken Houston,Kenneth,Houston,1944-11-12,75,197,,,,,,,,,,,,"https://static.www.nfl.com/image/private/f_auto,q_auto/league/i1cbjgmbk3okezcqjzfr",,,,,,
1980,WAS,DB,CB,0,ACT,Joe Lavender,Joseph,Lavender,1949-02-10,76,190,,,,,,,,,,,,"https://static.www.nfl.com/image/private/f_auto,q_auto/league/kgefeq2mbibsl21synus",,,,,,
1980,WAS,DL,DT,0,ACT,Diron Talbert,Diron,Talbert,1944-07-01,77,255,,,,,,,,,,,,"https://static.www.nfl.com/image/private/f_auto,q_auto/league/ria3aglzgbrgrxztfr4b",,,,,,
1980,TB,WR,WR,0,ACT,Gerald Carter,Gerald,Carter,1957-06-19,73,185,,,,,,,,,,,,"https://static.www.nfl.com/image/private/f_auto,q_auto/league/q4db1hbxogakgrydotcz",,,,,,
1980,WAS,DB,CB,0,ACT,Lemar Parrish,Lemar,Parrish,1947-12-13,71,185,,,,,,,,,,,,"https://static.www.nfl.com/image/private/f_auto,q_auto/league/atvlihoepiptqwl2jkca",,,,,,
1980,WAS,OL,OT,0,ACT,Gary Anderson,Gary,Anderson,1955-09-22,75,253,,,,,,,,,,,,"https://static.www.nfl.com/image/private/f_auto,q_auto/league/l88lswwzdh4muawibpwa",,,,,,
1980,WAS,DB,CB,0,ACT,Ray Waddy,Raymond,Waddy,1956-08-21,71,175,,,,,,,,,,,,"https://static.www.nfl.com/image/private/f_auto,q_auto/league/o9sulytwmw6urz4pbuq0",,,,,,
1980,WAS,RB,RB,0,ACT,Clarence Harmon,Clarence,Harmon,1955-11-30,71,190,,,,,,,,,,,,"https://static.www.nfl.com/image/private/f_auto,q_auto/league/nwy1f4cumhbwyhmhxrxm",,,,,,
1980,WAS,WR,WR,0,ACT,Kenny Harrison,Kenneth,Harrison,1953-12-12,72,176,,,,,,,,,,,,"https://static.www.nfl.com/image/private/f_auto,q_auto/league/txxijcf9t9xb7dzz4zbm",,,,,,
1980,WAS,RB,RB,0,ACT,Bobby Hammond,Robert,Hammond,1952-02-20,70,171,,,,,,,,,,,,"https://static.www.nfl.com/image/private/f_auto,q_auto/league/ciaz4cp8sqgp4kupgoum",,,,,,
1980,WAS,DL,DT,0,ACT,Dave Butz,David,Butz,1950-06-23,79,280,,,,,,,,,,,,"https://static.www.nfl.com/image/private/f_auto,q_auto/league/fvcm2xjyodb6lrzjda5l",,,,,,
1980,WAS,TE,TE,0,ACT,Rick Walker,Richard,Walker,1955-05-28,76,235,,,,,,,,,,,,"https://static.www.nfl.com/image/private/f_auto,q_auto/league/dldwph63ufl914k1wc1h",,,,,,
1980,WAS,DB,CB,0,ACT,Jeris White,Jeris,White,1952-09-03,69,188,,,,,,,,,,,,"https://static.www.nfl.com/image/private/f_auto,q_auto/league/muiph93kongvdl9qyp6d",,,,,,
1980,WAS,TE,TE,0,ACT,Phil DuBois,Philip,DuBois,1956-11-16,74,220,,,,,,,,,,,,"https://static.www.nfl.com/image/private/f_auto,q_auto/league/o0dkcqaldm98bl5yehxs",,,,,,
1980,WAS,RB,RB,0,ACT,Buddy Hardeman,Willie,Hardeman,1954-10-21,72,196,,,,,,,,,,,,"https://static.www.nfl.com/image/private/f_auto,q_auto/league/knzuek3fac8jwjagvj3c",,,,,,
1980,WAS,QB,QB,0,ACT,Kim McQuilken,Kim,McQuilken,1951-02-26,74,203,,,,,,,,,,,,"https://static.www.nfl.com/image/private/f_auto,q_auto/league/p9k4eo8gaa4wsxoxmo0r",,,,,,
