team_code,team_name,player_id,name,position,games,games_started,overall,status,confidence,needs_review,pass_yds,pass_td,pass_int,rush_yds,rush_td,receptions,rec_yds,rec_td
ARI,Arizona Cardinals,00-0014328,Frank Sanders,WR,16,16,85,generated_high_confidence,0.78,,,,,,,79,954,1
ARI,Arizona Cardinals,00-0011869,Adrian Murrell,RB,16,16,84,generated_high_confidence,0.78,,,,,554,,48,328,
ARI,Arizona Cardinals,00-0002919,Corey Chavous,CB,14,,82,generated_low_confidence,0.45,,,,,,,,,
ARI,Arizona Cardinals,00-0008595,Paris Johnson,CB,14,,82,generated_low_confidence,0.45,,,,,,,,,
ARI,Arizona Cardinals,00-0011601,Rob Moore,WR,13,13,81,generated_high_confidence,0.78,,,,,,,37,621,5
ARI,Arizona Cardinals,00-0006848,Terry Hardy,TE,14,14,81,generated_high_confidence,0.78,,,,,,,30,222,
ARI,Arizona Cardinals,00-0001532,David Boston,WR,15,15,80,generated_high_confidence,0.78,,,,,,,40,473,2
ARI,Arizona Cardinals,00-0001114,Tommy Bennett,S,14,,80,generated_low_confidence,0.45,,,,,,,,,
ARI,Arizona Cardinals,00-0009360,Tom Knight,CB,14,,79,generated_low_confidence,0.45,,,,,,,,,
ARI,Arizona Cardinals,00-0009659,Kwamie Lassiter,S,14,,76,generated_low_confidence,0.45,,,,,,,,,
ARI,Arizona Cardinals,00-0008080,Chris Jacke,K,14,,75,generated_low_confidence,0.45,,,,,,,,,
ARI,Arizona Cardinals,00-0003105,Anthony Clement,LT,14,,74,generated_low_confidence,0.33,,,,,,,,,
ARI,Arizona Cardinals,00-0004678,Ernest Dye,LT,14,,74,generated_low_confidence,0.33,,,,,,,,,
ARI,Arizona Cardinals,00-0013042,Jake Plummer,QB,12,12,74,generated_high_confidence,0.78,,2104,9,23,114,2,,,
ARI,Arizona Cardinals,00-0003869,Jerome Daniels,LT,14,,74,generated_low_confidence,0.33,,,,,,,,,
ARI,Arizona Cardinals,00-0010292,Joel Makovicka,RB,12,12,74,generated_high_confidence,0.78,,,,,7,,10,70,1
ARI,Arizona Cardinals,00-0014776,L.J. Shelton,LT,14,,74,generated_low_confidence,0.33,,,,,,,,,
ARI,Arizona Cardinals,00-0000871,Mario Bates,RB,10,10,74,generated_high_confidence,0.78,,,,,202,9,5,34,
ARI,Arizona Cardinals,00-0008950,Matt Joyce,LT,14,,74,generated_low_confidence,0.33,,,,,,,,,
ARI,Arizona Cardinals,00-0011068,Johnny McWilliams,TE,11,11,73,generated_high_confidence,0.78,,,,,,,11,71,1
ARI,Arizona Cardinals,00-0015255,Mark Smith,EDGE,14,,72,generated_low_confidence,0.33,,,,,,,,,
ARI,Arizona Cardinals,00-0013644,Simeon Rice,EDGE,14,,72,generated_low_confidence,0.33,,,,,,,,,
ARI,Arizona Cardinals,00-0006197,Aaron Graham,C,14,,71,generated_low_confidence,0.33,,,,,,,,,
ARI,Arizona Cardinals,00-0016976,Andre Wadsworth,EDGE,14,,71,generated_low_confidence,0.33,,,,,,,,,
ARI,Arizona Cardinals,00-0014128,Angel Rubio,EDGE,14,,71,generated_low_confidence,0.33,,,,,,,,,
ARI,Arizona Cardinals,00-0012446,Brad Ottis,EDGE,14,,71,generated_low_confidence,0.33,,,,,,,,,
ARI,Arizona Cardinals,00-0004336,Chris Dishman,LG,14,,71,generated_low_confidence,0.33,,,,,,,,,
ARI,Arizona Cardinals,00-0014618,Corey Sears,DT,14,,71,generated_low_confidence,0.33,,,,,,,,,
ARI,Arizona Cardinals,00-0015947,Eric Swann,EDGE,14,,71,generated_low_confidence,0.33,,,,,,,,,
ARI,Arizona Cardinals,00-0004250,James Dexter,LG,14,,71,generated_low_confidence,0.33,,,,,,,,,
ARI,Arizona Cardinals,00-0005392,James Folston,LB,14,,71,generated_low_confidence,0.33,,,,,,,,,
ARI,Arizona Cardinals,00-0004514,Jerry Drake,DT,14,,71,generated_low_confidence,0.33,,,,,,,,,
ARI,Arizona Cardinals,00-0014209,Johnny Rutledge,LB,14,,71,generated_low_confidence,0.33,,,,,,,,,
ARI,Arizona Cardinals,00-0007660,Lester Holmes,LG,14,,71,generated_low_confidence,0.33,,,,,,,,,
ARI,Arizona Cardinals,00-0010259,Mark Maddox,LB,14,,71,generated_low_confidence,0.33,,,,,,,,,
ARI,Arizona Cardinals,00-0001647,Melvin Bradley,LB,14,,71,generated_low_confidence,0.33,,,,,,,,,
ARI,Arizona Cardinals,00-0013013,Michael Pittman,RB,10,10,71,generated_high_confidence,0.78,,26,,,287,2,16,196,
ARI,Arizona Cardinals,00-0004241,Mike Devlin,C,14,,71,generated_low_confidence,0.33,,,,,,,,,
ARI,Arizona Cardinals,00-0011764,Mike Moten,DT,14,,71,generated_low_confidence,0.33,,,,,,,,,
ARI,Arizona Cardinals,00-0014357,Patrick Sapp,LB,14,,71,generated_low_confidence,0.33,,,,,,,,,
ARI,Arizona Cardinals,00-0015976,Rashod Swinger,DT,14,,71,generated_low_confidence,0.33,,,,,,,,,
ARI,Arizona Cardinals,00-0005560,Rob Fredrickson,LB,14,,71,generated_low_confidence,0.33,,,,,,,,,
ARI,Arizona Cardinals,00-0010970,Ronald McKinnon,LB,14,,71,generated_low_confidence,0.33,,,,,,,,,
ARI,Arizona Cardinals,00-0002257,Tom Burke,DT,14,,71,generated_low_confidence,0.33,,,,,,,,,
ARI,Arizona Cardinals,00-0014589,Yusuf Scott,LG,14,,71,generated_low_confidence,0.33,,,,,,,,,
ARI,Arizona Cardinals,00-0017148,Zack Walz,LB,14,,71,generated_low_confidence,0.33,,,,,,,,,
ARI,Arizona Cardinals,00-0013623,Coby Rhinehart,CB,14,,70,generated_low_confidence,0.45,,,,,,,,,
ARI,Arizona Cardinals,00-0001907,Dave Brown,QB,8,8,70,generated_high_confidence,0.78,,944,2,5,49,,,,
ARI,Arizona Cardinals,00-0010700,J.J. McCleskey,CB,14,,70,generated_low_confidence,0.45,,,,,,,,,
ARI,Arizona Cardinals,00-0013028,Scott Player,P,1,,68,generated_low_confidence,0.45,,,,,-18,,,,
ARI,Arizona Cardinals,00-0008357,MarTay Jenkins,WR,14,,67,generated_low_confidence,0.45,,,,,,,,,
ARI,Arizona Cardinals,00-0008961,Trey Junkin,TE,14,,67,generated_low_confidence,0.45,,,,,,,,,
ARI,Arizona Cardinals,00-0017710,Aeneas Williams,CB,14,,66,generated_low_confidence,0.45,,,,,,,,,
ARI,Arizona Cardinals,00-0018563,Justin Lucas,CB,14,,66,generated_low_confidence,0.45,,,,,,,,,
ARI,Arizona Cardinals,00-0003175,Mac Cody,WR,6,,62,generated_medium_confidence,0.6,,,,,,,6,60,1
ARI,Arizona Cardinals,00-0010762,Andy McCullough,WR,2,,59,generated_medium_confidence,0.6,,,,,,,3,45,
ARI,Arizona Cardinals,00-0001919,Derek Brown,TE,1,,58,generated_low_confidence,0.45,,,,,,,,,
ARI,Arizona Cardinals,00-0016479,Pat Tillman,CB,1,,58,generated_low_confidence,0.45,,,,,4,,,,
ARI,Arizona Cardinals,00-0006410,Chris Greisen,QB,1,,53,generated_medium_confidence,0.6,,4,,,,,,,
ARI,Arizona Cardinals,00-0010951,Dennis McKinley,RB,2,,51,generated_medium_confidence,0.6,,,,,,,1,4,
ATL,Atlanta Falcons,00-0010539,Terance Mathis,WR,16,16,89,generated_high_confidence,0.78,,,,,,,81,1016,6
ATL,Atlanta Falcons,00-0002876,Chris Chandler,QB,12,12,81,generated_high_confidence,0.78,,2335,16,11,46,1,,,
ATL,Atlanta Falcons,00-0002970,Bob Christian,RB,16,16,80,generated_high_confidence,0.78,,,,,174,5,40,354,2
ATL,Atlanta Falcons,00-0004673,Tim Dwight,WR,10,10,77,generated_high_confidence,0.78,,,,,28,1,32,669,7
ATL,Atlanta Falcons,00-0012480,Ken Oxendine,RB,12,12,76,generated_high_confidence,0.78,,,,,442,1,17,172,1
ATL,Atlanta Falcons,00-0006803,Byron Hanspard,RB,12,12,75,generated_high_confidence,0.78,,,,,383,1,7,64,
ATL,Atlanta Falcons,00-0015842,Dan Stryzinski,P,14,,75,generated_low_confidence,0.45,,,,,,,,,
ATL,Atlanta Falcons,00-0000282,Morten Andersen,K,14,,75,generated_low_confidence,0.45,,,,,,,,,
ATL,Atlanta Falcons,00-0017592,Bob Whitfield,LT,14,,74,generated_low_confidence,0.33,,,,,,,,,
ATL,Atlanta Falcons,00-0014255,Ephraim Salaam,LT,14,,74,generated_low_confidence,0.33,,,,,,,,,
ATL,Atlanta Falcons,00-0013138,Jose Portilla,LT,14,,74,generated_low_confidence,0.33,,,,,,,,,
ATL,Atlanta Falcons,00-0014350,O.J. Santiago,TE,10,10,74,generated_high_confidence,0.78,,,,,,,15,174,
ATL,Atlanta Falcons,00-0009443,Brian Kozlowski,TE,10,10,73,generated_high_confidence,0.78,,,,,,,11,122,2
ATL,Atlanta Falcons,00-0002544,Chris Calloway,WR,11,11,72,generated_high_confidence,0.78,,,,,,,22,314,1
ATL,Atlanta Falcons,00-0015124,Chuck Smith,EDGE,14,,72,generated_low_confidence,0.33,,,,,,,,,
ATL,Atlanta Falcons,derrick-gardner,Derrick Gardner,CB,14,,72,generated_low_confidence,0.33,,,,,,,,,
ATL,Atlanta Falcons,00-0017787,Elijah Williams,CB,14,,72,generated_low_confidence,0.33,,,,,,,,,
ATL,Atlanta Falcons,00-0016667,Jessie Tuggle,LB,14,,72,generated_low_confidence,0.33,,,,,,,,,
ATL,Atlanta Falcons,00-0002775,Johndale Carty,CB,14,,72,generated_low_confidence,0.33,,,,,,,,,
ATL,Atlanta Falcons,00-0001820,Keith Brooking,LB,14,,72,generated_low_confidence,0.33,,,,,,,,,
ATL,Atlanta Falcons,00-0000405,Lester Archambeau,EDGE,14,,72,generated_low_confidence,0.33,,,,,,,,,
ATL,Atlanta Falcons,00-0001478,Michael Booker,CB,14,,72,generated_low_confidence,0.33,,,,,,,,,
ATL,Atlanta Falcons,00-0002010,Omar Brown,CB,14,,72,generated_low_confidence,0.33,,,,,,,,,
ATL,Atlanta Falcons,00-0009173,Patrick Kerney,EDGE,14,,72,generated_low_confidence,0.33,,,,,,,,,
ATL,Atlanta Falcons,00-0010792,Pellom McDaniels,EDGE,14,,72,generated_low_confidence,0.33,,,,,,,,,
ATL,Atlanta Falcons,00-0002166,Ray Buchanan,CB,14,,72,generated_low_confidence,0.33,,,,,,,,,
ATL,Atlanta Falcons,00-0001630,Ronnie Bradford,CB,14,,72,generated_low_confidence,0.33,,,,,,,,,
ATL,Atlanta Falcons,00-0006728,Ruffin Hamilton,LB,14,,72,generated_low_confidence,0.33,,,,,,,,,
ATL,Atlanta Falcons,00-0015957,Shawn Swayda,EDGE,14,,72,generated_low_confidence,0.33,,,,,,,,,
ATL,Atlanta Falcons,00-0006299,Tony Graziani,QB,11,11,72,generated_high_confidence,0.78,,753,2,3,11,,,,
ATL,Atlanta Falcons,00-0010430,Whit Marshall,LB,14,,72,generated_low_confidence,0.33,,,,,,,,,
ATL,Atlanta Falcons,00-0006688,Bob Hallen,LG,14,,71,generated_low_confidence,0.33,,,,,,,,,
ATL,Atlanta Falcons,00-0003269,Calvin Collins,LG,14,,71,generated_low_confidence,0.33,,,,,,,,,
ATL,Atlanta Falcons,00-0014376,Craig Sauer,LB,14,,71,generated_low_confidence,0.33,,,,,,,,,
ATL,Atlanta Falcons,00-0008284,Ed Jasper,DT,14,,71,generated_low_confidence,0.33,,,,,,,,,
ATL,Atlanta Falcons,00-0013860,Eugene Robinson,S,14,,71,generated_low_confidence,0.33,,,,,,,,,
ATL,Atlanta Falcons,00-0012990,Evan Pilgrim,LG,14,,71,generated_low_confidence,0.33,,,,,,,,,
ATL,Atlanta Falcons,00-0017796,Gene Williams,LG,14,,71,generated_low_confidence,0.33,,,,,,,,,
ATL,Atlanta Falcons,00-0010646,Gerald McBurrows,S,14,,71,generated_low_confidence,0.33,,,,,,,,,
ATL,Atlanta Falcons,00-0001267,Greg Bishop,LG,14,,71,generated_low_confidence,0.33,,,,,,,,,
ATL,Atlanta Falcons,00-0003660,Henri Crockett,LB,14,,71,generated_low_confidence,0.33,,,,,,,,,
ATL,Atlanta Falcons,00-0009110,Jeff Kelly,LB,14,,71,generated_low_confidence,0.33,,,,,,,,,
ATL,Atlanta Falcons,00-0002748,Marty Carter,S,14,,71,generated_low_confidence,0.33,,,,,,,,,
ATL,Atlanta Falcons,00-0016505,Robbie Tobeck,C,14,,71,generated_low_confidence,0.33,,,,,,,,,
ATL,Atlanta Falcons,00-0004543,Shane Dronett,DT,14,,71,generated_low_confidence,0.33,,,,,,,,,
ATL,Atlanta Falcons,00-0010711,Todd McClure,C,14,,71,generated_low_confidence,0.33,,,,,,,,,
ATL,Atlanta Falcons,00-0006684,Travis Hall,DT,14,,71,generated_low_confidence,0.33,,,,,,,,,
ATL,Atlanta Falcons,00-0012368,Winslow Oliver,RB,8,8,68,generated_high_confidence,0.78,,,,,32,,8,74,
ATL,Atlanta Falcons,00-0005903,Jammi German,WR,7,,64,generated_medium_confidence,0.6,,,,,,,12,219,3
ATL,Atlanta Falcons,00-0004495,Gary Downs,RB,14,,63,generated_low_confidence,0.45,,,,,,,,,
ATL,Atlanta Falcons,00-0012675,Jeff Paulk,RB,14,,63,generated_low_confidence,0.45,,,,,,,,,
ATL,Atlanta Falcons,00-0013695,Wally Richardson,QB,14,,63,generated_low_confidence,0.45,,,,,,,,,
ATL,Atlanta Falcons,00-0006994,Ronnie Harris,WR,5,,61,generated_medium_confidence,0.6,,,,,,,10,164,
ATL,Atlanta Falcons,00-0009119,Reggie Kelly,TE,6,,59,generated_medium_confidence,0.6,,,,,,,8,146,
ATL,Atlanta Falcons,00-0000627,Eugene Baker,WR,3,,55,generated_medium_confidence,0.6,,,,,,,7,118,
ATL,Atlanta Falcons,00-0009007,Danny Kanell,QB,3,,54,generated_medium_confidence,0.6,,574,4,4,,,,,
ATL,Atlanta Falcons,00-0000316,Jamal Anderson,RB,2,,51,generated_medium_confidence,0.6,,,,,59,,2,34,
ATL,Atlanta Falcons,00-0011488,Rod Monroe,TE,1,,51,generated_medium_confidence,0.6,,,,,,,1,8,
BAL,Baltimore Ravens,00-0012322,Jonathan Ogden,LT,14,,96,manual_override,0.95,,,,,,,,,
BAL,Baltimore Ravens,00-0018229,Rod Woodson,S,14,,95,manual_override,0.95,,,,,,,,,
BAL,Baltimore Ravens,00-0008059,Qadry Ismail,WR,15,15,87,generated_high_confidence,0.78,,,,,4,,64,1059,6
BAL,Baltimore Ravens,00-0013622,Errict Rhett,RB,14,14,82,generated_high_confidence,0.78,,,,,810,5,24,169,2
BAL,Baltimore Ravens,00-0000422,Justin Armour,WR,14,14,80,generated_high_confidence,0.78,,,,,,,33,462,4
BAL,Baltimore Ravens,00-0007334,Kim Herring,S,14,,80,generated_low_confidence,0.45,,,,,,,,,
BAL,Baltimore Ravens,00-0004972,Chuck Evans,RB,15,15,77,generated_high_confidence,0.78,,,,,125,,28,208,1
BAL,Baltimore Ravens,00-0013682,Kyle Richardson,P,14,,75,generated_low_confidence,0.45,,,,,,,,,
BAL,Baltimore Ravens,00-0015784,Matt Stover,K,14,,75,generated_low_confidence,0.45,,,,,,,,,
BAL,Baltimore Ravens,00-0000722,Tony Banks,QB,11,11,75,generated_high_confidence,0.78,,2093,16,8,93,,,,
BAL,Baltimore Ravens,00-0015958,Harry Swayne,LT,14,,74,generated_low_confidence,0.33,,,,,,,,,
BAL,Baltimore Ravens,00-0000485,James Atkins,LT,14,,74,generated_low_confidence,0.33,,,,,,,,,
BAL,Baltimore Ravens,00-0008598,Pat Johnson,WR,10,10,74,generated_high_confidence,0.78,,,,,12,,27,504,3
BAL,Baltimore Ravens,00-0017927,Sammy Williams,LT,14,,74,generated_low_confidence,0.33,,,,,,,,,
BAL,Baltimore Ravens,00-0005377,Spencer Folau,LT,14,,74,generated_low_confidence,0.33,,,,,,,,,
BAL,Baltimore Ravens,00-0010094,Clarence Love,CB,14,,73,generated_low_confidence,0.33,,,,,,,,,
BAL,Baltimore Ravens,00-0006927,Corey Harris,CB,14,,73,generated_low_confidence,0.33,,,,,,,,,
BAL,Baltimore Ravens,00-0008339,DeRon Jenkins,CB,14,,73,generated_low_confidence,0.33,,,,,,,,,
BAL,Baltimore Ravens,00-0015577,Duane Starks,CB,14,,73,generated_low_confidence,0.33,,,,,,,,,
BAL,Baltimore Ravens,00-0016591,James Trapp,CB,14,,73,generated_low_confidence,0.33,,,,,,,,,
BAL,Baltimore Ravens,00-0011613,Stevon Moore,CB,14,,73,generated_low_confidence,0.33,,,,,,,,,
BAL,Baltimore Ravens,00-0011390,Anthony Mitchell,CB,14,,72,generated_low_confidence,0.33,,,,,,,,,
BAL,Baltimore Ravens,00-0013052,Anthony Poindexter,CB,14,,72,generated_low_confidence,0.33,,,,,,,,,
BAL,Baltimore Ravens,00-0016355,Bennie Thompson,CB,14,,72,generated_low_confidence,0.33,,,,,,,,,
BAL,Baltimore Ravens,00-0008097,Brad Jackson,LB,14,,72,generated_low_confidence,0.33,,,,,,,,,
BAL,Baltimore Ravens,00-0010634,Chris McAlister,CB,14,,72,generated_low_confidence,0.33,,,,,,,,,
BAL,Baltimore Ravens,00-0001896,Cornell Brown,LB,14,,72,generated_low_confidence,0.33,,,,,,,,,
BAL,Baltimore Ravens,00-0015171,Fernando Smith,EDGE,14,,72,generated_low_confidence,0.33,,,,,,,,,
BAL,Baltimore Ravens,00-0004172,Greg DeLong,TE,10,10,72,generated_high_confidence,0.78,,,,,,,12,47,1
BAL,Baltimore Ravens,00-0014725,Jamie Sharper,LB,14,,72,generated_low_confidence,0.33,,,,,,,,,
BAL,Baltimore Ravens,00-0009869,Jermaine Lewis,WR,11,11,72,generated_high_confidence,0.78,,,,,11,,25,281,2
BAL,Baltimore Ravens,00-0017255,Keith Washington,EDGE,14,,72,generated_low_confidence,0.33,,,,,,,,,
BAL,Baltimore Ravens,00-0004472,Marques Douglas,EDGE,14,,72,generated_low_confidence,0.33,,,,,,,,,
BAL,Baltimore Ravens,00-0010749,Michael McCrary,EDGE,14,,72,generated_low_confidence,0.33,,,,,,,,,
BAL,Baltimore Ravens,00-0001544,Peter Boulware,LB,14,,72,generated_low_confidence,0.33,,,,,,,,,
BAL,Baltimore Ravens,00-0009889,Ray Lewis,LB,14,,72,generated_low_confidence,0.33,,,,,,,,,
BAL,Baltimore Ravens,00-0002294,Rob Burnett,EDGE,14,,72,generated_low_confidence,0.33,,,,,,,,,
BAL,Baltimore Ravens,00-0002787,Stoney Case,QB,10,10,72,generated_high_confidence,0.78,,975,3,8,140,2,,,
BAL,Baltimore Ravens,00-0012849,Tyrell Peters,LB,14,,72,generated_low_confidence,0.33,,,,,,,,,
BAL,Baltimore Ravens,00-0012971,Aaron Pierce,TE,8,8,71,generated_high_confidence,0.78,,,,,,,10,99,
BAL,Baltimore Ravens,00-0011803,Edwin Mulitalo,LG,14,,71,generated_low_confidence,0.33,,,,,,,,,
BAL,Baltimore Ravens,00-0009941,Everett Lindsay,LG,14,,71,generated_low_confidence,0.33,,,,,,,,,
BAL,Baltimore Ravens,00-0001307,Jeff Blackshear,LG,14,,71,generated_low_confidence,0.33,,,,,,,,,
BAL,Baltimore Ravens,00-0011411,Jeff Mitchell,C,14,,71,generated_low_confidence,0.33,,,,,,,,,
BAL,Baltimore Ravens,00-0017378,Larry Webster,DT,14,,71,generated_low_confidence,0.33,,,,,,,,,
BAL,Baltimore Ravens,00-0003838,Lional Dalton,DT,14,,71,generated_low_confidence,0.33,,,,,,,,,
BAL,Baltimore Ravens,00-0002908,Martin Chase,DT,14,,71,generated_low_confidence,0.33,,,,,,,,,
BAL,Baltimore Ravens,00-0005366,Mike Flynn,LG,14,,71,generated_low_confidence,0.33,,,,,,,,,
BAL,Baltimore Ravens,00-0015002,Tony Siragusa,DT,14,,71,generated_low_confidence,0.33,,,,,,,,,
BAL,Baltimore Ravens,00-0015754,Brandon Stokley,WR,1,,63,generated_low_confidence,0.45,,,,,,,,,
BAL,Baltimore Ravens,00-0006208,Jay Graham,RB,14,,63,generated_low_confidence,0.45,,,,,,,,,
BAL,Baltimore Ravens,00-0011932,Marcus Nash,WR,2,,63,generated_low_confidence,0.45,,,,,,,,,
BAL,Baltimore Ravens,00-0016931,Tony Vinson,RB,14,,63,generated_low_confidence,0.45,,,,,,,,,
BAL,Baltimore Ravens,00-0003944,Billy Davis,WR,7,,62,generated_medium_confidence,0.6,,,,,,,6,121,
BAL,Baltimore Ravens,00-0016993,Frank Wainright,TE,14,,62,generated_low_confidence,0.45,,,,,,,,,
BAL,Baltimore Ravens,00-0007661,Priest Holmes,RB,7,,61,generated_medium_confidence,0.6,,,,,454,1,10,67,
BAL,Baltimore Ravens,00-0012317,A.J. Ofodile,TE,5,,57,generated_medium_confidence,0.6,,,,,,,4,25,
BAL,Baltimore Ravens,00-0011434,Scott Mitchell,QB,1,,54,generated_medium_confidence,0.6,,48,,2,1,,,,
BAL,Baltimore Ravens,00-0003310,Ryan Collins,TE,4,,52,generated_medium_confidence,0.6,,,,,,,4,62,
BAL,Baltimore Ravens,00-0000552,Obafemi Ayanbadejo,RB,1,,51,generated_medium_confidence,0.6,,,,,,,1,2,
BUF,Buffalo Bills,00-0015111,Bruce Smith,EDGE,14,,97,manual_override,0.95,,,,,,,,,
BUF,Buffalo Bills,00-0011770,Eric Moulds,WR,14,14,86,generated_high_confidence,0.78,,,,,1,,65,994,7
BUF,Buffalo Bills,00-0005363,Doug Flutie,QB,15,15,85,generated_high_confidence,0.78,,3145,18,14,462,1,,,
BUF,Buffalo Bills,00-0013728,Jay Riemersma,TE,14,14,85,generated_high_confidence,0.78,,,,,,,37,496,4
BUF,Buffalo Bills,00-0009960,Jonathan Linton,RB,16,16,82,generated_high_confidence,0.78,,,,,695,5,28,223,
BUF,Buffalo Bills,00-0013499,Andre Reed,WR,16,16,81,generated_high_confidence,0.78,,,,,,,52,536,1
BUF,Buffalo Bills,00-0015091,Antowain Smith,RB,14,14,80,generated_high_confidence,0.78,,,,,602,6,2,32,
BUF,Buffalo Bills,00-0000121,Ethan Albright,LG,14,,80,generated_low_confidence,0.45,,,,,,,,,
BUF,Buffalo Bills,00-0014512,Kurt Schulz,S,14,,80,generated_low_confidence,0.45,,,,,,,,,
BUF,Buffalo Bills,00-0002041,Ruben Brown,LG,14,,80,generated_low_confidence,0.45,,,,,,,,,
BUF,Buffalo Bills,00-0000240,Victor Allotey,LG,14,,80,generated_low_confidence,0.45,,,,,,,,,
BUF,Buffalo Bills,00-0013232,Peerless Price,WR,15,15,79,generated_high_confidence,0.78,,,,,-7,,31,393,3
BUF,Buffalo Bills,00-0005822,Sam Gash,RB,13,13,79,generated_high_confidence,0.78,,,,,,,19,156,2
BUF,Buffalo Bills,00-0005217,John Fina,LT,14,,78,generated_low_confidence,0.45,,,,,,,,,
BUF,Buffalo Bills,00-0017860,Kevin R. Williams,WR,13,13,78,generated_high_confidence,0.78,,,,,13,,30,367,
BUF,Buffalo Bills,00-0003356,Bill Conaty,C,14,,77,generated_low_confidence,0.45,,,,,,,,,
BUF,Buffalo Bills,00-0002975,Steve Christie,K,14,,76,generated_low_confidence,0.45,,,,,,,,,
BUF,Buffalo Bills,00-0008612,Rob Johnson,QB,2,,75,generated_medium_confidence,0.6,,298,2,,61,,,,
BUF,Buffalo Bills,00-0018093,Antoine Winfield,CB,14,,73,generated_low_confidence,0.33,,,,,,,,,
BUF,Buffalo Bills,00-0003266,Bobby Collins,TE,9,9,73,generated_high_confidence,0.78,,,,,,,9,124,2
BUF,Buffalo Bills,00-0013122,Daryl Porter,CB,14,,73,generated_low_confidence,0.33,,,,,,,,,
BUF,Buffalo Bills,00-0006395,Donovan Greer,CB,14,,73,generated_low_confidence,0.33,,,,,,,,,
BUF,Buffalo Bills,00-0002666,Keion Carpenter,CB,14,,73,generated_low_confidence,0.33,,,,,,,,,
BUF,Buffalo Bills,00-0008041,Ken Irvin,CB,14,,73,generated_low_confidence,0.33,,,,,,,,,
BUF,Buffalo Bills,00-0010450,Manny Martin,CB,14,,73,generated_low_confidence,0.33,,,,,,,,,
BUF,Buffalo Bills,00-0015314,Thomas Smith,CB,14,,73,generated_low_confidence,0.33,,,,,,,,,
BUF,Buffalo Bills,00-0001681,Dan Brandenburg,LB,14,,72,generated_low_confidence,0.33,,,,,,,,,
BUF,Buffalo Bills,00-0012191,Gabe Northern,LB,14,,72,generated_low_confidence,0.33,,,,,,,,,
BUF,Buffalo Bills,00-0005434,Jay Foreman,LB,14,,72,generated_low_confidence,0.33,,,,,,,,,
BUF,Buffalo Bills,00-0003748,Joe Cummings,LB,14,,72,generated_low_confidence,0.33,,,,,,,,,
BUF,Buffalo Bills,00-0007587,John Holecek,LB,14,,72,generated_low_confidence,0.33,,,,,,,,,
BUF,Buffalo Bills,00-0012059,Keith Newman,LB,14,,72,generated_low_confidence,0.33,,,,,,,,,
BUF,Buffalo Bills,00-0017670,Marcellus Wiley,EDGE,14,,72,generated_low_confidence,0.33,,,,,,,,,
BUF,Buffalo Bills,00-0012820,Marlo Perry,LB,14,,72,generated_low_confidence,0.33,,,,,,,,,
BUF,Buffalo Bills,00-0006795,Phil Hansen,EDGE,14,,72,generated_low_confidence,0.33,,,,,,,,,
BUF,Buffalo Bills,00-0003563,Sam Cowart,LB,14,,72,generated_low_confidence,0.33,,,,,,,,,
BUF,Buffalo Bills,00-0013979,Sam Rogers,LB,14,,72,generated_low_confidence,0.33,,,,,,,,,
BUF,Buffalo Bills,00-0013235,Shawn Price,EDGE,14,,72,generated_low_confidence,0.33,,,,,,,,,
BUF,Buffalo Bills,00-0017899,Pat Williams,DT,14,,71,generated_low_confidence,0.33,,,,,,,,,
BUF,Buffalo Bills,00-0011634,Sean Moran,DT,14,,71,generated_low_confidence,0.33,,,,,,,,,
BUF,Buffalo Bills,00-0017277,Ted Washington,DT,14,,71,generated_low_confidence,0.33,,,,,,,,,
BUF,Buffalo Bills,00-0015491,T. Marcus Spriggs,LT,14,,70,generated_low_confidence,0.45,,,,,,,,,
BUF,Buffalo Bills,00-0011463,Chris Mohr,P,1,,69,generated_low_confidence,0.45,,,,,,,,,
BUF,Buffalo Bills,00-0008761,Henry Jones,S,1,,69,generated_low_confidence,0.45,,,,,,,,,
BUF,Buffalo Bills,00-0011908,Jamie Nails,LG,14,,69,generated_low_confidence,0.45,,,,,,,,,
BUF,Buffalo Bills,00-0012437,Jerry Ostroski,C,14,,69,generated_low_confidence,0.45,,,,,,,,,
BUF,Buffalo Bills,00-0012532,Joe Panos,LG,14,,69,generated_low_confidence,0.45,,,,,,,,,
BUF,Buffalo Bills,00-0016838,Alex Van Pelt,QB,1,,67,generated_medium_confidence,0.6,,9,,,-1,,,,
BUF,Buffalo Bills,00-0010786,Jeremy McDaniel,WR,14,,67,generated_low_confidence,0.45,,,,,,,,,
BUF,Buffalo Bills,00-0018484,Dusty Zeigler,LG,14,,65,generated_low_confidence,0.45,,,,,,,,,
BUF,Buffalo Bills,00-0002159,Shawn Bryson,RB,14,,63,generated_low_confidence,0.45,,,,,,,,,
BUF,Buffalo Bills,00-0007387,Robert Hicks,LT,2,,62,generated_low_confidence,0.45,,,,,-2,,1,-6,
BUF,Buffalo Bills,00-0010092,Kamil Loud,WR,3,,60,generated_medium_confidence,0.6,,,,,,,6,66,
BUF,Buffalo Bills,00-0008190,Sheldon Jackson,TE,5,,58,generated_medium_confidence,0.6,,,,,,,4,34,
BUF,Buffalo Bills,00-0016331,Thurman Thomas,RB,4,,53,generated_medium_confidence,0.6,,,,,152,,3,37,1
BUF,Buffalo Bills,00-0006155,Lennox Gordon,RB,3,,51,generated_medium_confidence,0.6,,,,,35,,,,
CAR,Carolina Panthers,00-0001218,Steve Beuerlein,QB,16,16,96,generated_high_confidence,0.78,,4413,36,14,105,1,,,
CAR,Carolina Panthers,00-0017109,Wesley Walls,TE,16,16,94,generated_high_confidence,0.78,,,,,,,63,822,12
CAR,Carolina Panthers,00-0011795,Muhsin Muhammad,WR,15,15,93,generated_high_confidence,0.78,,,,,,,95,1249,8
CAR,Carolina Panthers,00-0008300,Patrick Jeffers,WR,14,14,91,generated_high_confidence,0.78,,,,,16,,63,1082,12
CAR,Carolina Panthers,00-0006373,Kevin Greene,LB,14,,81,generated_low_confidence,0.45,,,,,,,,,
CAR,Carolina Panthers,00-0000829,Micheal Barrow,LB,14,,81,generated_low_confidence,0.45,,,,,,,,,
CAR,Carolina Panthers,00-0000136,Brent Alexander,S,14,,80,generated_low_confidence,0.45,,,,,,,,,
CAR,Carolina Panthers,00-0009599,Fred Lane,RB,15,15,78,generated_high_confidence,0.78,,,,,450,1,22,160,
CAR,Carolina Panthers,00-0008383,Jerry Jensen,LB,14,,78,generated_low_confidence,0.45,,,,,,,,,
CAR,Carolina Panthers,00-0005361,William Floyd,RB,15,15,77,generated_high_confidence,0.78,,,,,78,3,21,179,
CAR,Carolina Panthers,00-0007144,Donald Hayes,WR,12,12,76,generated_high_confidence,0.78,,,,,,,11,270,2
CAR,Carolina Panthers,00-0011372,Mike Minter,S,14,,76,generated_low_confidence,0.45,,,,,,,,,
CAR,Carolina Panthers,00-0001224,Tim Biakabutuka,RB,11,11,76,generated_high_confidence,0.78,,,,,718,6,23,189,
CAR,Carolina Panthers,00-0017127,Ken Walter,P,14,,75,generated_low_confidence,0.45,,,,,,,,,
CAR,Carolina Panthers,00-0008430,Anthony Johnson,RB,12,12,74,generated_high_confidence,0.78,,,,,70,,13,103,
CAR,Carolina Panthers,00-0016183,Chris Terry,LT,14,,74,generated_low_confidence,0.33,,,,,,,,,
CAR,Carolina Panthers,00-0008711,Clarence Jones,LT,14,,74,generated_low_confidence,0.33,,,,,,,,,
CAR,Carolina Panthers,00-0003930,Norberto Davidds-Garrido,LT,14,,74,generated_low_confidence,0.33,,,,,,,,,
CAR,Carolina Panthers,00-0013675,Damien Richardson,CB,14,,73,generated_low_confidence,0.33,,,,,,,,,
CAR,Carolina Panthers,00-0004978,Doug Evans,CB,14,,73,generated_low_confidence,0.33,,,,,,,,,
CAR,Carolina Panthers,00-0003977,Eric Davis,CB,14,,73,generated_low_confidence,0.33,,,,,,,,,
CAR,Carolina Panthers,00-0017490,Leonard Wheeler,CB,14,,73,generated_low_confidence,0.33,,,,,,,,,
CAR,Carolina Panthers,00-0015971,Michael Swift,CB,14,,73,generated_low_confidence,0.33,,,,,,,,,
CAR,Carolina Panthers,00-0014600,Mike Scurlock,CB,14,,73,generated_low_confidence,0.33,,,,,,,,,
CAR,Carolina Panthers,00-0011811,Roderick Mullen,CB,14,,73,generated_low_confidence,0.33,,,,,,,,,
CAR,Carolina Panthers,00-0010024,Steve Lofton,CB,14,,73,generated_low_confidence,0.33,,,,,,,,,
CAR,Carolina Panthers,00-0001495,Tony Booth,CB,14,,73,generated_low_confidence,0.33,,,,,,,,,
CAR,Carolina Panthers,00-0004746,Antonio Edwards,EDGE,14,,72,generated_low_confidence,0.33,,,,,,,,,
CAR,Carolina Panthers,00-0017668,Chuck Wiley,EDGE,14,,72,generated_low_confidence,0.33,,,,,,,,,
CAR,Carolina Panthers,00-0016643,Esera Tuaolo,DT,14,,72,generated_low_confidence,0.33,,,,,,,,,
CAR,Carolina Panthers,00-0012842,Jason Peter,EDGE,14,,72,generated_low_confidence,0.33,,,,,,,,,
CAR,Carolina Panthers,00-0014132,Mike Rucker,EDGE,14,,72,generated_low_confidence,0.33,,,,,,,,,
CAR,Carolina Panthers,00-0003857,Robert Daniel,EDGE,14,,72,generated_low_confidence,0.33,,,,,,,,,
CAR,Carolina Panthers,00-0005962,Sean Gilbert,DT,14,,72,generated_low_confidence,0.33,,,,,,,,,
CAR,Carolina Panthers,00-0011629,Tim Morabito,DT,14,,72,generated_low_confidence,0.33,,,,,,,,,
CAR,Carolina Panthers,00-0010572,Vili Maumau,DT,14,,72,generated_low_confidence,0.33,,,,,,,,,
CAR,Carolina Panthers,00-0013493,Anthony Redmon,LG,14,,71,generated_low_confidence,0.33,,,,,,,,,
CAR,Carolina Panthers,00-0004321,Antonio Dingle,DT,14,,71,generated_low_confidence,0.33,,,,,,,,,
CAR,Carolina Panthers,00-0009237,Brian Kinchen,TE,8,8,71,generated_high_confidence,0.78,,,,,,,5,45,2
CAR,Carolina Panthers,00-0015755,Bryan Stoltenberg,LG,14,,71,generated_low_confidence,0.33,,,,,,,,,
CAR,Carolina Panthers,00-0014820,Clay Shiver,C,14,,71,generated_low_confidence,0.33,,,,,,,,,
CAR,Carolina Panthers,00-0005753,Frank Garcia,C,14,,71,generated_low_confidence,0.33,,,,,,,,,
CAR,Carolina Panthers,00-0012023,Jamar Nesbit,C,14,,71,generated_low_confidence,0.33,,,,,,,,,
CAR,Carolina Panthers,00-0002587,Matt Campbell,LG,14,,71,generated_low_confidence,0.33,,,,,,,,,
CAR,Carolina Panthers,00-0012081,Nate Newton,LG,14,,71,generated_low_confidence,0.33,,,,,,,,,
CAR,Carolina Panthers,00-0009028,John Kasay,K,14,,70,generated_low_confidence,0.33,,,,,,,,,
CAR,Carolina Panthers,00-0003762,Richie Cunningham,K,14,,70,generated_low_confidence,0.33,,,,,,,,,
CAR,Carolina Panthers,00-0008738,Donta Jones,LB,14,,69,generated_low_confidence,0.45,,,,,,,,,
CAR,Carolina Panthers,00-0011151,Eric Metcalf,WR,10,10,69,generated_high_confidence,0.78,,,,,20,,11,133,
CAR,Carolina Panthers,00-0008745,Ernest Jones,LB,14,,69,generated_low_confidence,0.45,,,,,,,,,
CAR,Carolina Panthers,00-0002266,Dialleo Burks,WR,14,,67,generated_low_confidence,0.45,,,,,,,,,
CAR,Carolina Panthers,00-0016716,Jim Turner,WR,14,,67,generated_low_confidence,0.45,,,,,,,,,
CAR,Carolina Panthers,00-0011945,Hannibal Navies,LB,14,,65,generated_low_confidence,0.45,,,,,,,,,
CAR,Carolina Panthers,00-0011366,Kory Minor,LB,14,,65,generated_low_confidence,0.45,,,,,,,,,
CAR,Carolina Panthers,00-0003600,Dameyune Craig,QB,14,,63,generated_low_confidence,0.45,,,,,,,,,
CAR,Carolina Panthers,00-0016568,Steve Tovar,LB,14,,61,generated_low_confidence,0.45,,,,,,,,,
CAR,Carolina Panthers,00-0009868,Jeff Lewis,QB,2,,60,generated_medium_confidence,0.6,,11,,,1,,,,
CAR,Carolina Panthers,00-0000872,Michael Bates,WR,5,,60,generated_medium_confidence,0.6,,,,,12,,1,2,
CAR,Carolina Panthers,00-0017421,Dean Wells,LB,1,,57,generated_low_confidence,0.45,,,,,,,,,
CAR,Carolina Panthers,00-0010333,Kris Mangum,TE,2,,56,generated_medium_confidence,0.6,,,,,,,1,6,
CAR,Carolina Panthers,00-0001471,Steve Bono,QB,1,,54,generated_medium_confidence,0.6,,,,,-2,,,,
CAR,Carolina Panthers,00-0007357,Chris Hetherington,RB,1,,50,generated_medium_confidence,0.6,,,,,7,,,,
CHI,Chicago Bears,00-0013888,Marcus Robinson,WR,16,16,94,generated_high_confidence,0.78,,,,,,,83,1389,9
CHI,Chicago Bears,00-0004915,Bobby Engram,WR,16,16,87,generated_high_confidence,0.78,,,,,11,,87,934,4
CHI,Chicago Bears,00-0004916,Curtis Enis,RB,15,15,83,generated_high_confidence,0.78,,,,,888,3,45,340,2
CHI,Chicago Bears,00-0017480,Ryan Wetnight,TE,16,16,81,generated_high_confidence,0.78,,,,,,,38,277,1
CHI,Chicago Bears,00-0007849,Chris Hudson,S,14,,80,generated_low_confidence,0.45,,,,,,,,,
CHI,Chicago Bears,00-0011044,Cade McNown,QB,15,15,78,generated_high_confidence,0.78,,1452,8,8,150,,,,
CHI,Chicago Bears,00-0012614,Tony Parrish,S,14,,76,generated_low_confidence,0.45,,,,,,,,,
CHI,Chicago Bears,00-0011213,Glyn Milburn,RB,14,14,75,generated_high_confidence,0.78,,,,,102,1,20,151,
CHI,Chicago Bears,00-0001804,Blake Brockermeyer,LT,14,,74,generated_low_confidence,0.33,,,,,,,,,
CHI,Chicago Bears,00-0012452,Chad Overhauser,LT,14,,74,generated_low_confidence,0.33,,,,,,,,,
CHI,Chicago Bears,00-0003396,Curtis Conway,WR,9,9,74,generated_high_confidence,0.78,,,,,-2,,42,412,4
CHI,Chicago Bears,00-0001103,Edgar Bennett,RB,12,12,74,generated_high_confidence,0.78,,,,,28,,14,116,
CHI,Chicago Bears,00-0017821,James O. Williams,LT,14,,74,generated_low_confidence,0.33,,,,,,,,,
CHI,Chicago Bears,00-0007324,Jimmy Herndon,LT,14,,74,generated_low_confidence,0.33,,,,,,,,,
CHI,Chicago Bears,00-0007472,Keno Hills,LT,14,,74,generated_low_confidence,0.33,,,,,,,,,
CHI,Chicago Bears,00-0010341,Patrick Mannelly,LT,14,,74,generated_low_confidence,0.33,,,,,,,,,
CHI,Chicago Bears,00-0016659,Rex Tucker,LT,14,,74,generated_low_confidence,0.33,,,,,,,,,
CHI,Chicago Bears,00-0016085,Cordell Taylor,CB,14,,73,generated_low_confidence,0.33,,,,,,,,,
CHI,Chicago Bears,00-0001738,Dorian Brew,CB,14,,73,generated_low_confidence,0.33,,,,,,,,,
CHI,Chicago Bears,00-0015173,Frankie Smith,CB,14,,73,generated_low_confidence,0.33,,,,,,,,,
CHI,Chicago Bears,00-0008775,Jermaine Jones,CB,14,,73,generated_low_confidence,0.33,,,,,,,,,
CHI,Chicago Bears,00-0000559,Jerry Azumah,CB,14,,73,generated_low_confidence,0.33,,,,,,,,,
CHI,Chicago Bears,00-0002610,Jim Cantelupe,CB,14,,73,generated_low_confidence,0.33,,,,,,,,,
CHI,Chicago Bears,00-0000242,John Allred,TE,11,11,73,generated_high_confidence,0.78,,,,,,,12,94,1
CHI,Chicago Bears,00-0000529,Ray Austin,CB,14,,73,generated_low_confidence,0.33,,,,,,,,,
CHI,Chicago Bears,00-0010560,Shane Matthews,QB,8,8,73,generated_high_confidence,0.78,,1621,10,6,31,,,,
CHI,Chicago Bears,00-0003547,Terry Cousin,CB,14,,73,generated_low_confidence,0.33,,,,,,,,,
CHI,Chicago Bears,00-0007007,Walt Harris,CB,14,,73,generated_low_confidence,0.33,,,,,,,,,
CHI,Chicago Bears,00-0011369,Barry Minter,LB,14,,72,generated_low_confidence,0.33,,,,,,,,,
CHI,Chicago Bears,00-0013845,Bryan Robinson,EDGE,14,,72,generated_low_confidence,0.33,,,,,,,,,
CHI,Chicago Bears,00-0014894,Clyde Simmons,EDGE,14,,72,generated_low_confidence,0.33,,,,,,,,,
CHI,Chicago Bears,00-0005296,Jim Flanigan,DT,14,,72,generated_low_confidence,0.33,,,,,,,,,
CHI,Chicago Bears,00-0002312,Keith Burns,LB,14,,72,generated_low_confidence,0.33,,,,,,,,,
CHI,Chicago Bears,00-0000325,Ken Anderson,DT,14,,72,generated_low_confidence,0.33,,,,,,,,,
CHI,Chicago Bears,00-0014298,Khari Samuel,LB,14,,72,generated_low_confidence,0.33,,,,,,,,,
CHI,Chicago Bears,00-0017428,Mike Wells,DT,14,,72,generated_low_confidence,0.33,,,,,,,,,
CHI,Chicago Bears,00-0010807,Ricardo McDonald,LB,14,,72,generated_low_confidence,0.33,,,,,,,,,
CHI,Chicago Bears,00-0003338,Rosevelt Colvin,LB,14,,72,generated_low_confidence,0.33,,,,,,,,,
CHI,Chicago Bears,00-0004046,Russell Davis,EDGE,14,,72,generated_low_confidence,0.33,,,,,,,,,
CHI,Chicago Bears,00-0006997,Sean Harris,LB,14,,72,generated_low_confidence,0.33,,,,,,,,,
CHI,Chicago Bears,00-0002365,Shane Burton,DT,14,,72,generated_low_confidence,0.33,,,,,,,,,
CHI,Chicago Bears,00-0016674,Van Tuinei,EDGE,14,,72,generated_low_confidence,0.33,,,,,,,,,
CHI,Chicago Bears,00-0007586,Warrick Holdman,LB,14,,72,generated_low_confidence,0.33,,,,,,,,,
CHI,Chicago Bears,00-0010598,Alonzo Mayes,TE,9,9,71,generated_high_confidence,0.78,,,,,,,8,82,1
CHI,Chicago Bears,00-0017638,Casey Wiegmann,C,14,,71,generated_low_confidence,0.33,,,,,,,,,
CHI,Chicago Bears,00-0016916,Chris Villarrial,LG,14,,71,generated_low_confidence,0.33,,,,,,,,,
CHI,Chicago Bears,00-0012514,Dan Palmer,C,14,,71,generated_low_confidence,0.33,,,,,,,,,
CHI,Chicago Bears,00-0007967,Greg Huntington,LG,14,,71,generated_low_confidence,0.33,,,,,,,,,
CHI,Chicago Bears,00-0008231,Jeff Jaeger,K,14,,71,generated_low_confidence,0.33,,,,,,,,,
CHI,Chicago Bears,00-0018127,Jerry Wisne,LG,14,,71,generated_low_confidence,0.33,,,,,,,,,
CHI,Chicago Bears,00-0001477,Marty Booker,WR,8,8,71,generated_high_confidence,0.78,,,,,8,,19,219,3
CHI,Chicago Bears,00-0009472,Olin Kreutz,C,14,,71,generated_low_confidence,0.33,,,,,,,,,
CHI,Chicago Bears,00-0012828,Todd Perry,LG,14,,71,generated_low_confidence,0.33,,,,,,,,,
CHI,Chicago Bears,00-0007655,Jaret Holmes,K,14,,70,generated_low_confidence,0.33,,,,,,,,,
CHI,Chicago Bears,00-0000210,James Allen,RB,8,8,69,generated_high_confidence,0.78,,,,,119,,9,91,
CHI,Chicago Bears,00-0014377,Todd Sauerbrun,P,1,,69,generated_low_confidence,0.45,,,,,-2,,,,
CHI,Chicago Bears,00-0001842,Macey Brooks,WR,9,9,68,generated_high_confidence,0.78,,,,,7,,14,160,
CHI,Chicago Bears,00-0014348,Sulecio Sanford,WR,14,,67,generated_low_confidence,0.45,,,,,,,,,
CHI,Chicago Bears,00-0004925,Craig Erickson,QB,14,,63,generated_low_confidence,0.45,,,,,,,,,
CHI,Chicago Bears,00-0011276,Jim Miller,QB,5,,58,generated_medium_confidence,0.6,,1233,7,6,9,,,,
CHI,Chicago Bears,00-0000869,D'Wayne Bates,WR,4,,55,generated_medium_confidence,0.6,,,,,,,2,19,
CHI,Chicago Bears,00-0006692,Ty Hallock,RB,5,,55,generated_medium_confidence,0.6,,,,,,,6,22,
CIN,Cincinnati Bengals,00-0014544,Darnay Scott,WR,16,16,87,generated_high_confidence,0.78,,,,,,,67,1012,6
CIN,Cincinnati Bengals,00-0012953,Carl Pickens,WR,16,16,85,generated_high_confidence,0.78,,6,,,,,57,737,6
CIN,Cincinnati Bengals,00-0004304,Corey Dillon,RB,15,15,85,generated_high_confidence,0.78,,,,,1172,5,28,260,1
CIN,Cincinnati Bengals,00-0001303,Roosevelt Blackmon,CB,14,,82,generated_low_confidence,0.45,,,,,,,,,
CIN,Cincinnati Bengals,00-0002765,Tom Carter,CB,14,,82,generated_low_confidence,0.45,,,,,,,,,
CIN,Cincinnati Bengals,00-0001335,Jeff Blake,QB,14,14,81,generated_high_confidence,0.78,,2630,15,12,315,2,,,
CIN,Cincinnati Bengals,00-0005939,Oliver Gibson,DT,14,,81,generated_low_confidence,0.45,,,,,,,,,
CIN,Cincinnati Bengals,00-0010859,Tony McGee,TE,16,16,81,generated_high_confidence,0.78,,,,,,,26,344,2
CIN,Cincinnati Bengals,00-0005244,Charles Fisher,CB,14,,79,generated_low_confidence,0.45,,,,,,,,,
CIN,Cincinnati Bengals,00-0016956,Kimo von Oelhoffen,DT,14,,78,generated_low_confidence,0.45,,,,,,,,,
CIN,Cincinnati Bengals,00-0008210,Willie Jackson,WR,15,15,78,generated_high_confidence,0.78,,,,,,,31,369,2
CIN,Cincinnati Bengals,00-0003512,Brad Costello,P,14,,76,generated_low_confidence,0.45,,,,,,,,,
CIN,Cincinnati Bengals,00-0012742,Doug Pelfrey,K,14,,76,generated_low_confidence,0.45,,,,,,,,,
CIN,Cincinnati Bengals,00-0000856,Michael Basnight,RB,12,12,76,generated_high_confidence,0.78,,,,,305,,16,172,
CIN,Cincinnati Bengals,00-0006482,Clif Groce,RB,14,14,75,generated_high_confidence,0.78,,,,,22,1,25,154,
CIN,Cincinnati Bengals,00-0015640,Jamain Stephens,LT,14,,74,generated_low_confidence,0.33,,,,,,,,,
CIN,Cincinnati Bengals,00-0000883,Marco Battaglia,TE,11,11,74,generated_high_confidence,0.78,,,,,,,14,153,
CIN,Cincinnati Bengals,00-0004461,Mike Doughty,LT,14,,74,generated_low_confidence,0.33,,,,,,,,,
CIN,Cincinnati Bengals,00-0008856,Rod Jones,LT,14,,74,generated_low_confidence,0.33,,,,,,,,,
CIN,Cincinnati Bengals,00-0000352,Willie Anderson,LT,14,,74,generated_low_confidence,0.33,,,,,,,,,
CIN,Cincinnati Bengals,00-0000725,Michael Bankston,EDGE,14,,73,generated_low_confidence,0.33,,,,,,,,,
CIN,Cincinnati Bengals,00-0014051,Adrian Ross,LB,14,,72,generated_low_confidence,0.33,,,,,,,,,
CIN,Cincinnati Bengals,00-0013310,Andre Purvis,EDGE,14,,72,generated_low_confidence,0.33,,,,,,,,,
CIN,Cincinnati Bengals,00-0006250,Billy Granville,LB,14,,72,generated_low_confidence,0.33,,,,,,,,,
CIN,Cincinnati Bengals,00-0014891,Brian Simmons,LB,14,,72,generated_low_confidence,0.33,,,,,,,,,
CIN,Cincinnati Bengals,00-0006562,Brock Gutierrez,LG,14,,72,generated_low_confidence,0.33,,,,,,,,,
CIN,Cincinnati Bengals,00-0003794,Canute Curtis,LB,14,,72,generated_low_confidence,0.33,,,,,,,,,
CIN,Cincinnati Bengals,00-0015607,Glen Steele,EDGE,14,,72,generated_low_confidence,0.33,,,,,,,,,
CIN,Cincinnati Bengals,00-0016632,Greg Truitt,C,14,,72,generated_low_confidence,0.33,,,,,,,,,
CIN,Cincinnati Bengals,00-0009783,Jay Leeuwenburg,LG,14,,72,generated_low_confidence,0.33,,,,,,,,,
CIN,Cincinnati Bengals,00-0009619,Jevon Langford,EDGE,14,,72,generated_low_confidence,0.33,,,,,,,,,
CIN,Cincinnati Bengals,00-0003470,John Copeland,EDGE,14,,72,generated_low_confidence,0.33,,,,,,,,,
CIN,Cincinnati Bengals,00-0000421,JoJuan Armour,LB,14,,72,generated_low_confidence,0.33,,,,,,,,,
CIN,Cincinnati Bengals,00-0012263,Matt O'Dwyer,LG,14,,72,generated_low_confidence,0.33,,,,,,,,,
CIN,Cincinnati Bengals,00-0006072,Mike Goff,LG,14,,72,generated_low_confidence,0.33,,,,,,,,,
CIN,Cincinnati Bengals,00-0018054,Reinard Wilson,LB,14,,72,generated_low_confidence,0.33,,,,,,,,,
CIN,Cincinnati Bengals,00-0001669,Rich Braham,C,14,,72,generated_low_confidence,0.33,,,,,,,,,
CIN,Cincinnati Bengals,00-0005384,Steve Foley,LB,14,,72,generated_low_confidence,0.33,,,,,,,,,
CIN,Cincinnati Bengals,00-0015474,Takeo Spikes,LB,14,,72,generated_low_confidence,0.33,,,,,,,,,
CIN,Cincinnati Bengals,00-0016680,Tom Tumulty,LB,14,,72,generated_low_confidence,0.33,,,,,,,,,
CIN,Cincinnati Bengals,00-0003144,Tony Coats,LG,14,,72,generated_low_confidence,0.33,,,,,,,,,
CIN,Cincinnati Bengals,00-0004180,Brian DeMarco,LG,14,,71,generated_low_confidence,0.33,,,,,,,,,
CIN,Cincinnati Bengals,00-0006647,Cory Hall,S,14,,71,generated_low_confidence,0.33,,,,,,,,,
CIN,Cincinnati Bengals,00-0011885,Greg Myers,S,14,,71,generated_low_confidence,0.33,,,,,,,,,
CIN,Cincinnati Bengals,00-0001041,Myron Bell,S,14,,71,generated_low_confidence,0.33,,,,,,,,,
CIN,Cincinnati Bengals,00-0007115,Artrell Hawkins,CB,14,,70,generated_low_confidence,0.45,,,,,,,,,
CIN,Cincinnati Bengals,00-0007186,Rodney Heath,CB,14,,70,generated_low_confidence,0.45,,,,,,,,,
CIN,Cincinnati Bengals,00-0010531,Ric Mathias,CB,14,,66,generated_low_confidence,0.45,,,,,,,,,
CIN,Cincinnati Bengals,00-0007815,Ty Howard,CB,14,,66,generated_low_confidence,0.45,,,,,,,,,
CIN,Cincinnati Bengals,00-0001098,Brandon Bennett,RB,14,,63,generated_low_confidence,0.45,,,,,,,,,
CIN,Cincinnati Bengals,00-0009471,Eric Kresser,QB,14,,63,generated_low_confidence,0.45,,,,,,,,,
CIN,Cincinnati Bengals,00-0015082,Akili Smith,QB,7,,62,generated_medium_confidence,0.6,,793,2,6,105,1,1,6,
CIN,Cincinnati Bengals,00-0018382,Craig Yeast,WR,6,,61,generated_medium_confidence,0.6,,,,,-16,,3,20,
CIN,Cincinnati Bengals,00-0006431,Damon Griffin,WR,6,,61,generated_medium_confidence,0.6,,,,,,,11,100,
CIN,Cincinnati Bengals,00-0011580,Kelvin Moore,CB,14,,61,generated_low_confidence,0.45,,,,,,,,,
CIN,Cincinnati Bengals,00-0018310,Lawrence Wright,CB,14,,61,generated_low_confidence,0.45,,,,,,,,,
CIN,Cincinnati Bengals,00-0003557,Scott Covington,QB,3,,59,generated_medium_confidence,0.6,,23,,,-4,,,,
CIN,Cincinnati Bengals,00-0010243,Tremain Mack,CB,1,,58,generated_low_confidence,0.45,,,,,,,,,
CIN,Cincinnati Bengals,00-0002380,Steve Bush,TE,1,,55,generated_medium_confidence,0.6,,,,,,,1,4,
CIN,Cincinnati Bengals,00-0007924,James Hundon,WR,1,,54,generated_medium_confidence,0.6,,,,,,,1,5,
CIN,Cincinnati Bengals,00-0017896,Nicolas Luchey,RB,7,,54,generated_medium_confidence,0.6,,,,,30,,10,96,
CIN,Cincinnati Bengals,00-0014742,Sedrick Shaw,RB,3,,53,generated_medium_confidence,0.6,,,,,22,1,3,4,
CIN,Cincinnati Bengals,00-0002743,Ki-Jana Carter,RB,3,,52,generated_medium_confidence,0.6,,,,,15,1,3,24,
CLE,Cleveland Browns,00-0008560,Kevin Johnson,WR,16,16,89,generated_high_confidence,0.78,,,,,-6,,65,983,8
CLE,Cleveland Browns,00-0009288,Terry Kirby,RB,16,16,83,generated_high_confidence,0.78,,2,,,452,6,57,527,3
CLE,Cleveland Browns,00-0001990,Lomas Brown,LT,14,,82,generated_low_confidence,0.45,,,,,,,,,
CLE,Cleveland Browns,00-0002012,Orlando Brown,LT,14,,82,generated_low_confidence,0.45,,,,,,,,,
CLE,Cleveland Browns,00-0005627,Corey Fuller,S,14,,80,generated_low_confidence,0.45,,,,,,,,,
CLE,Cleveland Browns,00-0002942,Darrin Chiaverini,WR,13,13,80,generated_high_confidence,0.78,,,,,,,42,453,4
CLE,Cleveland Browns,00-0002216,Jim Bundren,C,14,,80,generated_low_confidence,0.45,,,,,,,,,
CLE,Cleveland Browns,00-0003535,Tim Couch,QB,15,15,79,generated_high_confidence,0.78,,2409,15,12,256,1,,,
CLE,Cleveland Browns,00-0010962,Jeremy McKinney,LT,14,,78,generated_low_confidence,0.45,,,,,,,,,
CLE,Cleveland Browns,00-0002885,Roger Chanoine,LT,14,,78,generated_low_confidence,0.45,,,,,,,,,
CLE,Cleveland Browns,00-0000003,Abdul-Karim al-Jabbar,RB,13,13,77,generated_high_confidence,0.78,,,,,443,1,17,84,1
CLE,Cleveland Browns,00-0005771,Chris Gardocki,P,14,,76,generated_low_confidence,0.45,,,,,,,,,
CLE,Cleveland Browns,00-0004768,Marc Edwards,RB,14,14,76,generated_high_confidence,0.78,,,,,35,,27,212,2
CLE,Cleveland Browns,00-0013111,Marquez Pope,S,14,,76,generated_low_confidence,0.45,,,,,,,,,
CLE,Cleveland Browns,00-0015195,Irv Smith,TE,11,11,75,generated_high_confidence,0.78,,,,,,,24,222,1
CLE,Cleveland Browns,00-0009620,Antonio Langham,CB,14,,73,generated_low_confidence,0.33,,,,,,,,,
CLE,Cleveland Browns,00-0011234,Arnold Miller,EDGE,14,,73,generated_low_confidence,0.33,,,,,,,,,
CLE,Cleveland Browns,00-0010777,Daylon McCutcheon,CB,14,,73,generated_low_confidence,0.33,,,,,,,,,
CLE,Cleveland Browns,00-0000146,Derrick L. Alexander,EDGE,14,,73,generated_low_confidence,0.33,,,,,,,,,
CLE,Cleveland Browns,00-0009971,Earl Little,CB,14,,73,generated_low_confidence,0.33,,,,,,,,,
CLE,Cleveland Browns,00-0010729,Hurvin McCormack,EDGE,14,,73,generated_low_confidence,0.33,,,,,,,,,
CLE,Cleveland Browns,00-0016210,John Thierry,EDGE,14,,73,generated_low_confidence,0.33,,,,,,,,,
CLE,Cleveland Browns,00-0005405,Marlon Forbes,CB,14,,73,generated_low_confidence,0.33,,,,,,,,,
CLE,Cleveland Browns,00-0015257,Marquis Smith,CB,14,,73,generated_low_confidence,0.33,,,,,,,,,
CLE,Cleveland Browns,00-0008178,Raymond Jackson,CB,14,,73,generated_low_confidence,0.33,,,,,,,,,
CLE,Cleveland Browns,00-0011038,Ryan McNeil,CB,14,,73,generated_low_confidence,0.33,,,,,,,,,
CLE,Cleveland Browns,00-0011064,Tim McTyer,CB,14,,73,generated_low_confidence,0.33,,,,,,,,,
CLE,Cleveland Browns,00-0004581,Bill Duff,DT,14,,72,generated_low_confidence,0.33,,,,,,,,,
CLE,Cleveland Browns,00-0015469,Chris Spielman,LB,14,,72,generated_low_confidence,0.33,,,,,,,,,
CLE,Cleveland Browns,00-0007590,Darius Holland,DT,14,,72,generated_low_confidence,0.33,,,,,,,,,
CLE,Cleveland Browns,james-e-williams,James E. Williams,LB,14,,72,generated_low_confidence,0.33,,,,,,,,,
CLE,Cleveland Browns,00-0011268,Jamir Miller,LB,14,,72,generated_low_confidence,0.33,,,,,,,,,
CLE,Cleveland Browns,00-0009530,Jason Kyle,LB,14,,72,generated_low_confidence,0.33,,,,,,,,,
CLE,Cleveland Browns,00-0008966,John Jurkovic,DT,14,,72,generated_low_confidence,0.33,,,,,,,,,
CLE,Cleveland Browns,00-0012323,Kendall Ogle,LB,14,,72,generated_low_confidence,0.33,,,,,,,,,
CLE,Cleveland Browns,00-0008811,Lenoy Jones,LB,14,,72,generated_low_confidence,0.33,,,,,,,,,
CLE,Cleveland Browns,00-0015492,Marcus Spriggs,DT,14,,72,generated_low_confidence,0.33,,,,,,,,,
CLE,Cleveland Browns,00-0002586,Mark Campbell,TE,9,9,72,generated_high_confidence,0.78,,,,,,,9,131,
CLE,Cleveland Browns,00-0016399,Mike Thompson,DT,14,,72,generated_low_confidence,0.33,,,,,,,,,
CLE,Cleveland Browns,00-0000008,Rahim Abdullah,LB,14,,72,generated_low_confidence,0.33,,,,,,,,,
CLE,Cleveland Browns,00-0009496,Ryan Kuehl,DT,14,,72,generated_low_confidence,0.33,,,,,,,,,
CLE,Cleveland Browns,00-0003248,Stalin Colinet,DT,14,,72,generated_low_confidence,0.33,,,,,,,,,
CLE,Cleveland Browns,00-0013986,Tyrone Rogers,LB,14,,72,generated_low_confidence,0.33,,,,,,,,,
CLE,Cleveland Browns,00-0013375,Wali Rainer,LB,14,,72,generated_low_confidence,0.33,,,,,,,,,
CLE,Cleveland Browns,00-0014790,Leslie Shepherd,WR,9,9,71,generated_high_confidence,0.78,,,,,5,,23,274,
CLE,Cleveland Browns,00-0014159,Chris Ruhman,LT,14,,70,generated_low_confidence,0.45,,,,,,,,,
CLE,Cleveland Browns,00-0018150,Dave Wohlabaugh,C,14,,69,generated_low_confidence,0.45,,,,,,,,,
CLE,Cleveland Browns,00-0013317,Jim Pyne,LG,14,,69,generated_low_confidence,0.45,,,,,,,,,
CLE,Cleveland Browns,00-0004091,Phil Dawson,K,1,,69,generated_low_confidence,0.45,,,,,4,1,,,
CLE,Cleveland Browns,00-0013555,Scott Rehberg,LG,14,,69,generated_low_confidence,0.45,,,,,,,,,
CLE,Cleveland Browns,00-0010455,Jamie Martin,QB,14,,68,generated_low_confidence,0.45,,,,,,,,,
CLE,Cleveland Browns,00-0004633,Damon Dunn,WR,14,,67,generated_low_confidence,0.45,,,,,,,,,
CLE,Cleveland Browns,00-0004112,James Dearth,TE,14,,67,generated_low_confidence,0.45,,,,,,,,,
CLE,Cleveland Browns,00-0018468,Steve Zahursky,LG,14,,65,generated_low_confidence,0.45,,,,,,,,,
CLE,Cleveland Browns,00-0007447,Madre Hill,RB,14,,63,generated_low_confidence,0.45,,,,,,,,,
CLE,Cleveland Browns,00-0012522,Randy Palmer,TE,14,,63,generated_low_confidence,0.45,,,,,,,,,
CLE,Cleveland Browns,00-0014265,Tarek Saleh,RB,14,,63,generated_low_confidence,0.45,,,,,,,,,
CLE,Cleveland Browns,00-0004230,Ty Detmer,QB,5,,62,generated_medium_confidence,0.6,,548,4,2,38,1,,,
CLE,Cleveland Browns,00-0001397,Orlando Bobo,LG,1,,61,generated_low_confidence,0.45,,,,,,,1,3,
CLE,Cleveland Browns,00-0004071,Zola Davis,WR,4,,60,generated_medium_confidence,0.6,,,,,,,2,38,
CLE,Cleveland Browns,00-0013176,Ronnie Powell,WR,2,,59,generated_medium_confidence,0.6,,,,,-14,,1,45,
DAL,Dallas Cowboys,00-0014324,Deion Sanders,CB,5,,98,manual_override,0.95,,,,,,,4,24,
DAL,Dallas Cowboys,00-0000217,Larry Allen,LG,14,,96,manual_override,0.95,,,,,,,,,
DAL,Dallas Cowboys,00-0015165,Emmitt Smith,RB,15,15,91,generated_high_confidence,0.78,,,,,1392,11,27,119,2
DAL,Dallas Cowboys,00-0008060,Raghib Ismail,WR,16,16,90,generated_high_confidence,0.78,,,,,110,1,79,1090,6
DAL,Dallas Cowboys,00-0009550,David LaFleur,TE,16,16,86,generated_high_confidence,0.78,,,,,,,34,316,7
DAL,Dallas Cowboys,00-0000104,Troy Aikman,QB,14,14,83,generated_high_confidence,0.78,,2920,17,11,10,1,,,
DAL,Dallas Cowboys,00-0017209,Chris Warren,RB,15,15,79,generated_high_confidence,0.78,,,,,399,2,34,224,
DAL,Dallas Cowboys,00-0016654,Jason Tucker,WR,14,14,78,generated_high_confidence,0.78,,,,,8,,22,422,2
DAL,Dallas Cowboys,00-0011859,Eddie Murray,K,14,,76,generated_low_confidence,0.45,,,,,,,,,
DAL,Dallas Cowboys,00-0006181,Toby Gowin,P,14,,76,generated_low_confidence,0.45,,,,,,,,,
DAL,Dallas Cowboys,00-0017792,Erik Williams,LT,14,,75,generated_low_confidence,0.33,,,,,,,,,
DAL,Dallas Cowboys,00-0000045,Flozell Adams,LT,14,,75,generated_low_confidence,0.33,,,,,,,,,
DAL,Dallas Cowboys,00-0007226,Dale Hellestrae,LT,14,,74,generated_low_confidence,0.33,,,,,,,,,
DAL,Dallas Cowboys,00-0012321,Jeff Ogden,WR,13,13,74,generated_high_confidence,0.78,,,,,,,12,144,
DAL,Dallas Cowboys,00-0017750,Charlie Williams,CB,14,,73,generated_low_confidence,0.33,,,,,,,,,
DAL,Dallas Cowboys,00-0000112,Chris Akins,CB,14,,73,generated_low_confidence,0.33,,,,,,,,,
DAL,Dallas Cowboys,00-0003140,Dexter Coakley,LB,14,,73,generated_low_confidence,0.33,,,,,,,,,
DAL,Dallas Cowboys,00-0018575,Duane Hawthorne,CB,14,,73,generated_low_confidence,0.33,,,,,,,,,
DAL,Dallas Cowboys,00-0004808,Ebenezer Ekuban,EDGE,14,,73,generated_low_confidence,0.33,,,,,,,,,
DAL,Dallas Cowboys,00-0004851,Greg Ellis,EDGE,14,,73,generated_low_confidence,0.33,,,,,,,,,
DAL,Dallas Cowboys,00-0008992,Jason Kaiser,CB,14,,73,generated_low_confidence,0.33,,,,,,,,,
DAL,Dallas Cowboys,00-0013012,Kavika Pittman,EDGE,14,,73,generated_low_confidence,0.33,,,,,,,,,
DAL,Dallas Cowboys,00-0017487,Kenny Wheaton,CB,14,,73,generated_low_confidence,0.33,,,,,,,,,
DAL,Dallas Cowboys,00-0010535,Kevin Mathis,CB,14,,73,generated_low_confidence,0.33,,,,,,,,,
DAL,Dallas Cowboys,00-0015238,Kevin Smith,CB,14,,73,generated_low_confidence,0.33,,,,,,,,,
DAL,Dallas Cowboys,00-0006668,Lemanski Hall,LB,14,,73,generated_low_confidence,0.33,,,,,,,,,
DAL,Dallas Cowboys,00-0009823,Leon Lett,EDGE,14,,73,generated_low_confidence,0.33,,,,,,,,,
DAL,Dallas Cowboys,00-0018489,Peppi Zellner,EDGE,14,,73,generated_low_confidence,0.33,,,,,,,,,
DAL,Dallas Cowboys,00-0003504,Quentin Coryatt,LB,14,,73,generated_low_confidence,0.33,,,,,,,,,
DAL,Dallas Cowboys,00-0006063,Randall Godfrey,LB,14,,73,generated_low_confidence,0.33,,,,,,,,,
DAL,Dallas Cowboys,00-0011451,Singor Mobley,CB,14,,73,generated_low_confidence,0.33,,,,,,,,,
DAL,Dallas Cowboys,00-0000072,Vashone Adams,CB,14,,73,generated_low_confidence,0.33,,,,,,,,,
DAL,Dallas Cowboys,00-0004067,Wendell Davis,CB,14,,73,generated_low_confidence,0.33,,,,,,,,,
DAL,Dallas Cowboys,00-0015450,Alonzo Spellman,DT,14,,72,generated_low_confidence,0.33,,,,,,,,,
DAL,Dallas Cowboys,00-0005592,Ben Fricke,C,14,,72,generated_low_confidence,0.33,,,,,,,,,
DAL,Dallas Cowboys,00-0012135,Brandon Noble,DT,14,,72,generated_low_confidence,0.33,,,,,,,,,
DAL,Dallas Cowboys,00-0016520,Brandon Tolbert,LB,14,,72,generated_low_confidence,0.33,,,,,,,,,
DAL,Dallas Cowboys,00-0007283,Chad Hennings,DT,14,,72,generated_low_confidence,0.33,,,,,,,,,
DAL,Dallas Cowboys,00-0006702,Darren Hambrick,LB,14,,72,generated_low_confidence,0.33,,,,,,,,,
DAL,Dallas Cowboys,00-0012085,Dat Nguyen,LB,14,,72,generated_low_confidence,0.33,,,,,,,,,
DAL,Dallas Cowboys,00-0001281,Eric Bjornson,TE,9,9,72,generated_high_confidence,0.78,,,,,20,1,10,131,
DAL,Dallas Cowboys,00-0011328,Ernie Mills,WR,11,11,72,generated_high_confidence,0.78,,,,,-1,,29,317,
DAL,Dallas Cowboys,00-0010917,Everett McIver,LG,14,,72,generated_low_confidence,0.33,,,,,,,,,
DAL,Dallas Cowboys,00-0013536,Izell Reese,S,14,,72,generated_low_confidence,0.33,,,,,,,,,
DAL,Dallas Cowboys,00-0005778,Kelvin Garmon,LG,14,,72,generated_low_confidence,0.33,,,,,,,,,
DAL,Dallas Cowboys,00-0015663,Mark Stepnoski,C,14,,72,generated_low_confidence,0.33,,,,,,,,,
DAL,Dallas Cowboys,00-0011886,Michael Myers,DT,14,,72,generated_low_confidence,0.33,,,,,,,,,
DAL,Dallas Cowboys,00-0009307,Mike Kiselak,LG,14,,72,generated_low_confidence,0.33,,,,,,,,,
DAL,Dallas Cowboys,00-0012499,Solomon Page,LG,14,,72,generated_low_confidence,0.33,,,,,,,,,
DAL,Dallas Cowboys,00-0011902,Tom Myslinski,LG,14,,72,generated_low_confidence,0.33,,,,,,,,,
DAL,Dallas Cowboys,00-0007992,Tony Hutson,LG,14,,72,generated_low_confidence,0.33,,,,,,,,,
DAL,Dallas Cowboys,00-0018228,Darren Woodson,S,14,,71,generated_low_confidence,0.33,,,,,,,,,
DAL,Dallas Cowboys,00-0016157,George Teague,S,14,,71,generated_low_confidence,0.33,,,,,,,,,
DAL,Dallas Cowboys,00-0016316,Robert Thomas,RB,10,10,69,generated_high_confidence,0.78,,,,,35,,9,58,
DAL,Dallas Cowboys,00-0013341,Mike Quinn,QB,14,,68,generated_low_confidence,0.45,,,,,,,,,
DAL,Dallas Cowboys,00-0003090,Hayward Clay,TE,14,,63,generated_low_confidence,0.45,,,,,,,,,
DAL,Dallas Cowboys,00-0018578,Ryan Neufeld,TE,14,,63,generated_low_confidence,0.45,,,,,,,,,
DAL,Dallas Cowboys,00-0015309,Tarik Smith,RB,14,,63,generated_low_confidence,0.45,,,,,,,,,
DAL,Dallas Cowboys,00-0010974,James McKnight,WR,14,,62,generated_low_confidence,0.45,,,,,,,,,
DAL,Dallas Cowboys,00-0005794,Jason Garrett,QB,5,,61,generated_medium_confidence,0.6,,314,3,1,12,,,,
DAL,Dallas Cowboys,00-0010843,Wane McGarity,WR,5,,60,generated_medium_confidence,0.6,,,,,,,7,70,
DAL,Dallas Cowboys,00-0008044,Michael Irvin,WR,4,,57,generated_medium_confidence,0.6,,,,,,,10,167,3
DAL,Dallas Cowboys,00-0010146,Mike Lucky,TE,4,,57,generated_medium_confidence,0.6,,,,,,,5,25,
DAL,Dallas Cowboys,00-0001719,Chris Brazzell,WR,4,,55,generated_medium_confidence,0.6,,,,,,,5,114,
DAL,Dallas Cowboys,00-0008660,Daryl Johnston,RB,1,,51,generated_medium_confidence,0.6,,,,,,,1,4,
DAL,Dallas Cowboys,00-0002873,Robert Chancey,RB,1,,50,generated_medium_confidence,0.6,,,,,57,,,,
DEN,Denver Broncos,00-0010650,Ed McCaffrey,WR,15,15,88,generated_high_confidence,0.78,,,,,,,70,1001,7
DEN,Denver Broncos,00-0015290,Rod Smith,WR,15,15,86,generated_high_confidence,0.78,,,,,,,77,1004,4
DEN,Denver Broncos,00-0005816,Olandis Gary,RB,12,12,85,generated_high_confidence,0.78,,,,,1159,7,21,159,
DEN,Denver Broncos,00-0002861,Byron Chamberlain,TE,14,14,83,generated_high_confidence,0.78,,,,,,,32,488,2
DEN,Denver Broncos,00-0002722,Dale Carter,CB,14,,82,generated_low_confidence,0.45,,,,,,,,,
DEN,Denver Broncos,00-0003661,Ray Crockett,CB,14,,82,generated_low_confidence,0.45,,,,,,,,,
DEN,Denver Broncos,00-0006423,Brian Griese,QB,14,14,81,generated_high_confidence,0.78,,3006,14,14,117,2,,,
DEN,Denver Broncos,00-0002709,Dwayne Carswell,TE,13,13,79,generated_high_confidence,0.78,,,,,,,24,201,2
DEN,Denver Broncos,00-0008265,Tory James,CB,14,,79,generated_low_confidence,0.45,,,,,,,,,
DEN,Denver Broncos,00-0006456,Howard Griffith,RB,16,16,76,generated_high_confidence,0.78,,,,,66,1,25,184,1
DEN,Denver Broncos,00-0004811,Jason Elam,K,14,,76,generated_low_confidence,0.45,,,,,,,,,
DEN,Denver Broncos,00-0009810,Matt Lepsis,LT,14,,75,generated_low_confidence,0.33,,,,,,,,,
DEN,Denver Broncos,00-0016752,Melvin Tuten,LT,14,,75,generated_low_confidence,0.33,,,,,,,,,
DEN,Denver Broncos,00-0008886,Tony Jones,LT,14,,75,generated_low_confidence,0.33,,,,,,,,,
DEN,Denver Broncos,00-0016160,Trey Teague,LT,14,,75,generated_low_confidence,0.33,,,,,,,,,
DEN,Denver Broncos,00-0017998,Al Wilson,LB,14,,73,generated_low_confidence,0.33,,,,,,,,,
DEN,Denver Broncos,00-0017712,Alfred Williams,EDGE,14,,73,generated_low_confidence,0.33,,,,,,,,,
DEN,Denver Broncos,00-0016782,Artie Ulmer,LB,14,,73,generated_low_confidence,0.33,,,,,,,,,
DEN,Denver Broncos,00-0014004,Bill Romanowski,LB,14,,73,generated_low_confidence,0.33,,,,,,,,,
DEN,Denver Broncos,00-0001902,Cyron Brown,EDGE,14,,73,generated_low_confidence,0.33,,,,,,,,,
DEN,Denver Broncos,00-0001563,David Bowens,LB,14,,73,generated_low_confidence,0.33,,,,,,,,,
DEN,Denver Broncos,00-0002493,Glenn Cadrez,LB,14,,73,generated_low_confidence,0.33,,,,,,,,,
DEN,Denver Broncos,00-0007089,Harald Hasselbach,EDGE,14,,73,generated_low_confidence,0.33,,,,,,,,,
DEN,Denver Broncos,00-0011449,John Mobley,LB,14,,73,generated_low_confidence,0.33,,,,,,,,,
DEN,Denver Broncos,00-0016044,Maa Tanuvasa,EDGE,14,,73,generated_low_confidence,0.33,,,,,,,,,
DEN,Denver Broncos,00-0013471,Montae Reagor,EDGE,14,,73,generated_low_confidence,0.33,,,,,,,,,
DEN,Denver Broncos,00-0017340,Nate Wayne,LB,14,,73,generated_low_confidence,0.33,,,,,,,,,
DEN,Denver Broncos,00-0015267,Neil Smith,EDGE,14,,73,generated_low_confidence,0.33,,,,,,,,,
DEN,Denver Broncos,00-0014182,Steve Russ,LB,14,,73,generated_low_confidence,0.33,,,,,,,,,
DEN,Denver Broncos,00-0000700,Chris Banks,LG,14,,72,generated_low_confidence,0.33,,,,,,,,,
DEN,Denver Broncos,00-0005228,Dan Finn,LG,14,,72,generated_low_confidence,0.33,,,,,,,,,
DEN,Denver Broncos,00-0011983,Dan Neil,LG,14,,72,generated_low_confidence,0.33,,,,,,,,,
DEN,Denver Broncos,00-0001931,Eric Brown,S,14,,72,generated_low_confidence,0.33,,,,,,,,,
DEN,Denver Broncos,00-0003187,George Coghill,S,14,,72,generated_low_confidence,0.33,,,,,,,,,
DEN,Denver Broncos,00-0008790,K.C. Jones,C,14,,72,generated_low_confidence,0.33,,,,,,,,,
DEN,Denver Broncos,00-0016599,Keith Traylor,DT,14,,72,generated_low_confidence,0.33,,,,,,,,,
DEN,Denver Broncos,00-0005596,Lennie Friedman,C,14,,72,generated_low_confidence,0.33,,,,,,,,,
DEN,Denver Broncos,00-0014449,Mark Schlereth,LG,14,,72,generated_low_confidence,0.33,,,,,,,,,
DEN,Denver Broncos,00-0010019,Mike Lodish,DT,14,,72,generated_low_confidence,0.33,,,,,,,,,
DEN,Denver Broncos,00-0006251,Paul Grasmanis,DT,14,,72,generated_low_confidence,0.33,,,,,,,,,
DEN,Denver Broncos,00-0011915,Tom Nalen,C,14,,72,generated_low_confidence,0.33,,,,,,,,,
DEN,Denver Broncos,00-0013282,Trevor Pryce,DT,14,,72,generated_low_confidence,0.33,,,,,,,,,
DEN,Denver Broncos,00-0001713,Tyrone Braxton,S,14,,72,generated_low_confidence,0.33,,,,,,,,,
DEN,Denver Broncos,00-0008471,Darrius Johnson,CB,14,,70,generated_low_confidence,0.45,,,,,,,,,
DEN,Denver Broncos,00-0010107,Derek Loville,RB,9,9,70,generated_high_confidence,0.78,,,,,203,1,11,50,
DEN,Denver Broncos,00-0011570,Jason Moore,CB,14,,70,generated_low_confidence,0.45,,,,,,,,,
DEN,Denver Broncos,00-0014083,Tom Rouen,P,1,,69,generated_low_confidence,0.45,,,,,,,,,
DEN,Denver Broncos,00-0003441,Andre Cooper,WR,7,,68,generated_medium_confidence,0.6,,,,,,,9,98,
DEN,Denver Broncos,00-0015920,Jason Suttle,CB,14,,66,generated_low_confidence,0.45,,,,,,,,,
DEN,Denver Broncos,00-0012145,Tori Noel,CB,14,,66,generated_low_confidence,0.45,,,,,,,,,
DEN,Denver Broncos,00-0001810,Jeff Brohm,QB,14,,63,generated_low_confidence,0.45,,,,,,,,,
DEN,Denver Broncos,00-0011244,Chris Miller,QB,3,,62,generated_medium_confidence,0.6,,512,2,1,40,,,,
DEN,Denver Broncos,00-0011236,Billy Miller,WR,6,,61,generated_medium_confidence,0.6,,,,,,,5,59,
DEN,Denver Broncos,00-0014722,Shannon Sharpe,TE,5,,61,generated_medium_confidence,0.6,,,,,,,23,224,
DEN,Denver Broncos,00-0010892,Travis McGriff,WR,5,,61,generated_medium_confidence,0.6,,,,,,,3,37,
DEN,Denver Broncos,00-0017299,Chris Watson,CB,1,,58,generated_low_confidence,0.45,,,,,,,,,
DEN,Denver Broncos,00-0001785,Bubby Brister,QB,2,,55,generated_medium_confidence,0.6,,87,,3,17,,,,
DEN,Denver Broncos,00-0004386,Chris Doering,WR,3,,55,generated_medium_confidence,0.6,,,,,,,3,22,
DEN,Denver Broncos,00-0004054,Terrell Davis,RB,4,,54,generated_medium_confidence,0.6,,,,,211,2,3,26,
DEN,Denver Broncos,00-0000541,John Avery,RB,5,,53,generated_medium_confidence,0.6,,,,,21,,4,24,
DEN,Denver Broncos,00-0003035,Desmond Clark,TE,1,,51,generated_medium_confidence,0.6,,,,,,,1,5,
DEN,Denver Broncos,00-0015152,Detron Smith,RB,2,,51,generated_medium_confidence,0.6,,,,,7,,4,23,
DEN,Denver Broncos,00-0010194,Anthony Lynn,RB,2,,50,generated_medium_confidence,0.6,,,,,2,,,,
DET,Detroit Lions,00-0003700,Germane Crowell,WR,16,16,92,generated_high_confidence,0.78,,,,,38,,81,1338,7
DET,Detroit Lions,00-0011727,Johnnie Morton,WR,16,16,89,generated_high_confidence,0.78,,,,,,,79,1084,5
DET,Detroit Lions,00-0015048,David Sloan,TE,16,16,88,generated_high_confidence,0.78,,,,,,,47,591,4
DET,Detroit Lions,00-0002688,Mark Carrier,S,14,,80,generated_low_confidence,0.45,,,,,,,,,
DET,Detroit Lions,00-0007436,Greg Hill,RB,14,14,78,generated_high_confidence,0.78,,,,,501,2,13,77,
DET,Detroit Lions,00-0008046,Sedrick Irvin,RB,13,13,77,generated_high_confidence,0.78,,,,,133,4,24,227,
DET,Detroit Lions,00-0014450,Cory Schlesinger,RB,16,16,76,generated_high_confidence,0.78,,,,,121,,21,151,1
DET,Detroit Lions,00-0006800,Jason Hanson,K,14,,76,generated_low_confidence,0.45,,,,,,,,,
DET,Detroit Lions,00-0013643,Ron Rice,S,14,,76,generated_low_confidence,0.45,,,,,,,,,
DET,Detroit Lions,00-0005927,Aaron Gibson,LT,14,,75,generated_low_confidence,0.33,,,,,,,,,
DET,Detroit Lions,00-0001825,Barrett Brooks,LT,14,,75,generated_low_confidence,0.33,,,,,,,,,
DET,Detroit Lions,00-0000865,Charlie Batch,QB,11,11,75,generated_high_confidence,0.78,,1908,13,7,87,2,,,
DET,Detroit Lions,00-0014022,Juan Roque,LT,14,,75,generated_low_confidence,0.33,,,,,,,,,
DET,Detroit Lions,00-0008274,Paul Janus,LT,14,,75,generated_low_confidence,0.33,,,,,,,,,
DET,Detroit Lions,00-0013822,Ray Roberts,LT,14,,75,generated_low_confidence,0.33,,,,,,,,,
DET,Detroit Lions,00-0013385,Tony Ramirez,LT,14,,75,generated_low_confidence,0.33,,,,,,,,,
DET,Detroit Lions,00-0017467,Bryant Westbrook,CB,14,,74,generated_low_confidence,0.33,,,,,,,,,
DET,Detroit Lions,00-0001897,Corwin Brown,CB,14,,74,generated_low_confidence,0.33,,,,,,,,,
DET,Detroit Lions,00-0006881,Dwayne Harper,CB,14,,74,generated_low_confidence,0.33,,,,,,,,,
DET,Detroit Lions,00-0005589,Gus Frerotte,QB,9,9,74,generated_high_confidence,0.78,,2111,9,7,33,,,,
DET,Detroit Lions,00-0001953,J.B. Brown,CB,14,,74,generated_low_confidence,0.33,,,,,,,,,
DET,Detroit Lions,00-0000025,Kevin Abrams,CB,14,,74,generated_low_confidence,0.33,,,,,,,,,
DET,Detroit Lions,00-0015914,Kywin Supernaw,CB,14,,74,generated_low_confidence,0.33,,,,,,,,,
DET,Detroit Lions,00-0002583,Lamar Campbell,CB,14,,74,generated_low_confidence,0.33,,,,,,,,,
DET,Detroit Lions,00-0000601,Robert Bailey,CB,14,,74,generated_low_confidence,0.33,,,,,,,,,
DET,Detroit Lions,00-0015711,Ryan Stewart,CB,14,,74,generated_low_confidence,0.33,,,,,,,,,
DET,Detroit Lions,00-0005044,Terry Fair,CB,14,,74,generated_low_confidence,0.33,,,,,,,,,
DET,Detroit Lions,00-0016036,Tyree Talton,CB,14,,74,generated_low_confidence,0.33,,,,,,,,,
DET,Detroit Lions,00-0000129,Allen Aldridge,LB,14,,73,generated_low_confidence,0.33,,,,,,,,,
DET,Detroit Lions,00-0004344,Andre Dixon,CB,14,,73,generated_low_confidence,0.33,,,,,,,,,
DET,Detroit Lions,00-0003005,Chris Claiborne,LB,14,,73,generated_low_confidence,0.33,,,,,,,,,
DET,Detroit Lions,00-0009477,Clint Kriewaldt,LB,14,,73,generated_low_confidence,0.33,,,,,,,,,
DET,Detroit Lions,00-0004242,Jared DeVries,EDGE,14,,73,generated_low_confidence,0.33,,,,,,,,,
DET,Detroit Lions,00-0012282,Kevin O'Neill,LB,14,,73,generated_low_confidence,0.33,,,,,,,,,
DET,Detroit Lions,00-0014194,Matt Russell,LB,14,,73,generated_low_confidence,0.33,,,,,,,,,
DET,Detroit Lions,00-0013253,Mike Pringley,EDGE,14,,73,generated_low_confidence,0.33,,,,,,,,,
DET,Detroit Lions,00-0008922,Richard Jordan,LB,14,,73,generated_low_confidence,0.33,,,,,,,,,
DET,Detroit Lions,00-0013118,Robert Porcher,EDGE,14,,73,generated_low_confidence,0.33,,,,,,,,,
DET,Detroit Lions,00-0009438,Scott Kowalkowski,LB,14,,73,generated_low_confidence,0.33,,,,,,,,,
DET,Detroit Lions,00-0001604,Stephen Boyd,LB,14,,73,generated_low_confidence,0.33,,,,,,,,,
DET,Detroit Lions,00-0014596,Tracy Scroggins,EDGE,14,,73,generated_low_confidence,0.33,,,,,,,,,
DET,Detroit Lions,00-0009305,Travis Kirschke,EDGE,14,,73,generated_low_confidence,0.33,,,,,,,,,
DET,Detroit Lions,00-0012463,Dan Owens,DT,14,,72,generated_low_confidence,0.33,,,,,,,,,
DET,Detroit Lions,00-0001222,Eric Beverly,C,14,,72,generated_low_confidence,0.33,,,,,,,,,
DET,Detroit Lions,00-0008764,James Jones,DT,14,,72,generated_low_confidence,0.33,,,,,,,,,
DET,Detroit Lions,00-0007051,Jeff Hartings,LG,14,,72,generated_low_confidence,0.33,,,,,,,,,
DET,Detroit Lions,00-0013261,Kelvin Pritchett,DT,14,,72,generated_low_confidence,0.33,,,,,,,,,
DET,Detroit Lions,00-0001333,Kerlin Blaise,LG,14,,72,generated_low_confidence,0.33,,,,,,,,,
DET,Detroit Lions,00-0004874,Luther Elliss,DT,14,,72,generated_low_confidence,0.33,,,,,,,,,
DET,Detroit Lions,00-0003354,Mike Compton,C,14,,72,generated_low_confidence,0.33,,,,,,,,,
DET,Detroit Lions,00-0014660,Tony Semple,LG,14,,72,generated_low_confidence,0.33,,,,,,,,,
DET,Detroit Lions,00-0015507,Brian Stablein,WR,11,11,70,generated_high_confidence,0.78,,,,,,,10,115,1
DET,Detroit Lions,00-0008401,John Jett,P,2,,70,generated_low_confidence,0.45,,,,,-8,,,,
DET,Detroit Lions,00-0014384,Cory Sauter,QB,14,,68,generated_low_confidence,0.45,,,,,,,,,
DET,Detroit Lions,00-0007798,Desmond Howard,WR,2,,63,generated_low_confidence,0.45,,,,,,,,,
DET,Detroit Lions,00-0011568,Herman Moore,WR,6,,63,generated_medium_confidence,0.6,,,,,,,16,197,2
DET,Detroit Lions,jeff-fox,Jeff Fox,QB,14,,63,generated_low_confidence,0.45,,,,,,,,,
DET,Detroit Lions,00-0013498,Travis Reece,RB,14,,63,generated_low_confidence,0.45,,,,,,,,,
DET,Detroit Lions,00-0013422,Walter Rasby,TE,4,,63,generated_medium_confidence,0.6,,,,,,,3,19,1
DET,Detroit Lions,00-0015161,Ed Smith,TE,2,,59,generated_low_confidence,0.45,,,,,,,,,
DET,Detroit Lions,00-0016811,Iheanyi Uwaezuoke,WR,2,,59,generated_medium_confidence,0.6,,,,,,,1,5,
DET,Detroit Lions,00-0013785,Ron Rivers,RB,7,,57,generated_medium_confidence,0.6,,,,,295,,22,173,1
DET,Detroit Lions,00-0002985,Pete Chryplewicz,TE,1,,56,generated_medium_confidence,0.6,,,,,,,2,18,
DET,Detroit Lions,00-0012370,Brock Olivo,RB,2,,51,generated_medium_confidence,0.6,,,,,1,,4,24,
GB,Green Bay Packers,00-0009829,Dorsey Levens,RB,14,14,90,generated_high_confidence,0.78,,,,,1019,9,69,564,1
GB,Green Bay Packers,00-0005562,Antonio Freeman,WR,16,16,89,generated_high_confidence,0.78,,,,,-2,,74,1074,6
GB,Green Bay Packers,00-0014489,Bill Schroeder,WR,16,16,88,generated_high_confidence,0.78,,,,,,,74,1051,5
GB,Green Bay Packers,00-0005106,Brett Favre,QB,16,16,84,generated_high_confidence,0.78,,4068,22,23,131,,,,
GB,Green Bay Packers,00-0001627,Corey Bradford,WR,16,16,82,generated_high_confidence,0.78,,,,,,,36,623,5
GB,Green Bay Packers,00-0004063,Tyrone Davis,TE,15,15,80,generated_high_confidence,0.78,,,,,,,20,204,2
GB,Green Bay Packers,00-0010072,Ryan Longwell,K,14,,76,generated_low_confidence,0.45,,,,,,,,,
GB,Green Bay Packers,00-0007254,William Henderson,RB,14,14,76,generated_high_confidence,0.78,,,,,29,2,30,203,1
GB,Green Bay Packers,00-0004455,Earl Dotson,LT,14,,75,generated_low_confidence,0.33,,,,,,,,,
GB,Green Bay Packers,00-0016990,Mike Wahle,LT,14,,75,generated_low_confidence,0.33,,,,,,,,,
GB,Green Bay Packers,00-0016878,Ross Verba,LT,14,,75,generated_low_confidence,0.33,,,,,,,,,
GB,Green Bay Packers,00-0003788,Scott Curry,LT,14,,75,generated_low_confidence,0.33,,,,,,,,,
GB,Green Bay Packers,00-0004747,Antuan Edwards,CB,14,,74,generated_low_confidence,0.33,,,,,,,,,
GB,Green Bay Packers,00-0016929,Fred Vinson,CB,14,,74,generated_low_confidence,0.33,,,,,,,,,
GB,Green Bay Packers,00-0017814,Jamel Williams,CB,14,,74,generated_low_confidence,0.33,,,,,,,,,
GB,Green Bay Packers,00-0016347,Jeff Thomason,TE,10,10,74,generated_high_confidence,0.78,,,,,,,14,140,2
GB,Green Bay Packers,00-0010944,Mike McKenzie,CB,14,,74,generated_low_confidence,0.33,,,,,,,,,
GB,Green Bay Packers,00-0010844,Scott McGarrahan,CB,14,,74,generated_low_confidence,0.33,,,,,,,,,
GB,Green Bay Packers,00-0010645,Tod McBride,CB,14,,74,generated_low_confidence,0.33,,,,,,,,,
GB,Green Bay Packers,00-0001054,Tyrone Bell,CB,14,,74,generated_low_confidence,0.33,,,,,,,,,
GB,Green Bay Packers,00-0017948,Tyrone Williams,CB,14,,74,generated_low_confidence,0.33,,,,,,,,,
GB,Green Bay Packers,00-0003942,Anthony Davis,LB,14,,73,generated_low_confidence,0.33,,,,,,,,,
GB,Green Bay Packers,00-0006920,Bernardo Harris,LB,14,,73,generated_low_confidence,0.33,,,,,,,,,
GB,Green Bay Packers,00-0010196,Billy Lyon,DT,14,,73,generated_low_confidence,0.33,,,,,,,,,
GB,Green Bay Packers,00-0017737,Brian Williams,LB,14,,73,generated_low_confidence,0.33,,,,,,,,,
GB,Green Bay Packers,00-0007929,Cletidus Hunt,EDGE,14,,73,generated_low_confidence,0.33,,,,,,,,,
GB,Green Bay Packers,00-0009418,George Koonce,LB,14,,73,generated_low_confidence,0.33,,,,,,,,,
GB,Green Bay Packers,00-0001940,Gilbert Brown,DT,14,,73,generated_low_confidence,0.33,,,,,,,,,
GB,Green Bay Packers,00-0015212,Jermaine Smith,DT,14,,73,generated_low_confidence,0.33,,,,,,,,,
GB,Green Bay Packers,00-0012005,Jim Nelson,LB,14,,73,generated_low_confidence,0.33,,,,,,,,,
GB,Green Bay Packers,00-0006962,Jon Harris,EDGE,14,,73,generated_low_confidence,0.33,,,,,,,,,
GB,Green Bay Packers,00-0016968,Jude Waddy,LB,14,,73,generated_low_confidence,0.33,,,,,,,,,
GB,Green Bay Packers,00-0010941,Keith McKenzie,LB,14,,73,generated_low_confidence,0.33,,,,,,,,,
GB,Green Bay Packers,00-0010619,Kivuusama Mays,LB,14,,73,generated_low_confidence,0.33,,,,,,,,,
GB,Green Bay Packers,00-0004456,Santana Dotson,DT,14,,73,generated_low_confidence,0.33,,,,,,,,,
GB,Green Bay Packers,00-0001481,Vaughn Booker,EDGE,14,,73,generated_low_confidence,0.33,,,,,,,,,
GB,Green Bay Packers,00-0007611,Vonnie Holliday,EDGE,14,,73,generated_low_confidence,0.33,,,,,,,,,
GB,Green Bay Packers,00-0007215,Craig Heimburger,C,14,,72,generated_low_confidence,0.33,,,,,,,,,
GB,Green Bay Packers,00-0014724,Darren Sharper,S,14,,72,generated_low_confidence,0.33,,,,,,,,,
GB,Green Bay Packers,00-0018115,Frank Winters,C,14,,72,generated_low_confidence,0.33,,,,,,,,,
GB,Green Bay Packers,00-0000374,Joe Andruzzi,LG,14,,72,generated_low_confidence,0.33,,,,,,,,,
GB,Green Bay Packers,00-0001231,Josh Bidwell,P,14,,72,generated_low_confidence,0.33,,,,,,,,,
GB,Green Bay Packers,00-0002424,LeRoy Butler,S,14,,72,generated_low_confidence,0.33,,,,,,,,,
GB,Green Bay Packers,00-0000098,Louie Aguiar,P,14,,72,generated_low_confidence,0.33,,,,,,,,,
GB,Green Bay Packers,00-0013780,Marco Rivera,LG,14,,72,generated_low_confidence,0.33,,,,,,,,,
GB,Green Bay Packers,00-0005293,Mike Flanagan,C,14,,72,generated_low_confidence,0.33,,,,,,,,,
GB,Green Bay Packers,00-0012050,Mike Newell,C,14,,72,generated_low_confidence,0.33,,,,,,,,,
GB,Green Bay Packers,00-0010945,Raleigh McKenzie,LG,14,,72,generated_low_confidence,0.33,,,,,,,,,
GB,Green Bay Packers,00-0000457,Rodney Artmore,S,14,,72,generated_low_confidence,0.33,,,,,,,,,
GB,Green Bay Packers,00-0001823,Aaron Brooks,QB,14,,68,generated_low_confidence,0.45,,,,,,,,,
GB,Green Bay Packers,00-0000446,Jahine Arnold,WR,14,,67,generated_low_confidence,0.45,,,,,,,,,
GB,Green Bay Packers,00-0006130,Tyrone Goodson,WR,14,,67,generated_low_confidence,0.45,,,,,,,,,
GB,Green Bay Packers,00-0015362,Matt Snider,RB,14,,63,generated_low_confidence,0.45,,,,,,,,,
GB,Green Bay Packers,00-0007091,Matt Hasselbeck,QB,5,,62,generated_medium_confidence,0.6,,41,1,,15,,,,
GB,Green Bay Packers,00-0004541,Donald Driver,WR,4,,61,generated_medium_confidence,0.6,,,,,,,3,31,1
GB,Green Bay Packers,00-0008907,Charles Jordan,WR,4,,60,generated_medium_confidence,0.6,,,,,,,3,60,
GB,Green Bay Packers,00-0011392,Basil Mitchell,RB,5,,58,generated_medium_confidence,0.6,,,,,108,,6,48,
GB,Green Bay Packers,00-0006666,Lamont Hall,TE,3,,57,generated_medium_confidence,0.6,,,,,,,3,33,
GB,Green Bay Packers,00-0012556,De'Mond Parker,RB,5,,54,generated_medium_confidence,0.6,,,,,184,2,4,15,
GB,Green Bay Packers,00-0002958,Mark Chmura,TE,2,,52,generated_medium_confidence,0.6,,,,,,,5,55,
GB,Green Bay Packers,00-0014256,Rashaan Salaam,RB,1,,50,generated_medium_confidence,0.6,,,,,2,,,,
IND,Indianapolis Colts,00-0007024,Marvin Harrison,WR,16,16,98,generated_high_confidence,0.78,,,,,4,,114,1635,12
IND,Indianapolis Colts,00-0008241,Edgerrin James,RB,16,16,94,generated_high_confidence,0.78,,,,,1474,13,61,579,4
IND,Indianapolis Colts,00-0010346,Peyton Manning,QB,16,16,92,generated_high_confidence,0.78,,4047,26,15,62,2,,,
IND,Indianapolis Colts,00-0004294,Ken Dilger,TE,15,15,85,generated_high_confidence,0.78,,,,,,,40,479,2
IND,Indianapolis Colts,00-0013080,Marcus Pollard,TE,15,15,84,generated_high_confidence,0.78,,,,,,,33,361,4
IND,Indianapolis Colts,00-0017697,Terrence Wilkins,WR,14,14,81,generated_high_confidence,0.78,,,,,2,,40,525,4
IND,Indianapolis Colts,00-0001068,Jason Belser,S,14,,80,generated_low_confidence,0.45,,,,,,,,,
IND,Indianapolis Colts,00-0003516,Chad Cota,S,14,,76,generated_low_confidence,0.45,,,,,,,,,
IND,Indianapolis Colts,00-0015194,Hunter Smith,P,14,,76,generated_low_confidence,0.45,,,,,,,,,
IND,Indianapolis Colts,00-0011075,Adam Meadows,LT,14,,75,generated_low_confidence,0.33,,,,,,,,,
IND,Indianapolis Colts,00-0018033,Jamie Wilson,LT,14,,75,generated_low_confidence,0.33,,,,,,,,,
IND,Indianapolis Colts,00-0006042,Tarik Glenn,LT,14,,75,generated_low_confidence,0.33,,,,,,,,,
IND,Indianapolis Colts,00-0014367,Trey Sartin,LT,14,,75,generated_low_confidence,0.33,,,,,,,,,
IND,Indianapolis Colts,00-0000518,Billy Austin,CB,14,,74,generated_low_confidence,0.33,,,,,,,,,
IND,Indianapolis Colts,00-0015069,Eric Smedley,CB,14,,74,generated_low_confidence,0.33,,,,,,,,,
IND,Indianapolis Colts,00-0002328,Jeff Burris,CB,14,,74,generated_low_confidence,0.33,,,,,,,,,
IND,Indianapolis Colts,00-0011796,Mustafah Muhammad,CB,14,,74,generated_low_confidence,0.33,,,,,,,,,
IND,Indianapolis Colts,00-0011377,Paul Miranda,CB,14,,74,generated_low_confidence,0.33,,,,,,,,,
IND,Indianapolis Colts,00-0009267,Shawn King,EDGE,14,,74,generated_low_confidence,0.33,,,,,,,,,
IND,Indianapolis Colts,00-0013411,Thomas Randolph,CB,14,,74,generated_low_confidence,0.33,,,,,,,,,
IND,Indianapolis Colts,00-0001368,Tony Blevins,CB,14,,74,generated_low_confidence,0.33,,,,,,,,,
IND,Indianapolis Colts,00-0013102,Tyrone Poole,CB,14,,74,generated_low_confidence,0.33,,,,,,,,,
IND,Indianapolis Colts,00-0017619,Bernard Whittington,DT,14,,73,generated_low_confidence,0.33,,,,,,,,,
IND,Indianapolis Colts,00-0001176,Bertrand Berry,LB,14,,73,generated_low_confidence,0.33,,,,,,,,,
IND,Indianapolis Colts,00-0014530,Brad Scioli,EDGE,14,,73,generated_low_confidence,0.33,,,,,,,,,
IND,Indianapolis Colts,00-0001707,Chad Bratzke,EDGE,14,,73,generated_low_confidence,0.33,,,,,,,,,
IND,Indianapolis Colts,00-0012229,Chukie Nwokorie,DT,14,,73,generated_low_confidence,0.33,,,,,,,,,
IND,Indianapolis Colts,00-0001100,Cornelius Bennett,LB,14,,73,generated_low_confidence,0.33,,,,,,,,,
IND,Indianapolis Colts,00-0008494,Ellis Johnson,DT,14,,73,generated_low_confidence,0.33,,,,,,,,,
IND,Indianapolis Colts,00-0001658,Jeff Brady,LB,14,,73,generated_low_confidence,0.33,,,,,,,,,
IND,Indianapolis Colts,00-0002938,Larry Chester,DT,14,,73,generated_low_confidence,0.33,,,,,,,,,
IND,Indianapolis Colts,00-0016295,Mark Thomas,EDGE,14,,73,generated_low_confidence,0.33,,,,,,,,,
IND,Indianapolis Colts,00-0000740,Mike Barber,LB,14,,73,generated_low_confidence,0.33,,,,,,,,,
IND,Indianapolis Colts,00-0012871,Mike Peterson,LB,14,,73,generated_low_confidence,0.33,,,,,,,,,
IND,Indianapolis Colts,00-0016311,Ratcliff Thomas,LB,14,,73,generated_low_confidence,0.33,,,,,,,,,
IND,Indianapolis Colts,00-0001458,Shane Bonham,DT,14,,73,generated_low_confidence,0.33,,,,,,,,,
IND,Indianapolis Colts,00-0013570,Spencer Reid,LB,14,,73,generated_low_confidence,0.33,,,,,,,,,
IND,Indianapolis Colts,00-0010746,Tony McCoy,DT,14,,73,generated_low_confidence,0.33,,,,,,,,,
IND,Indianapolis Colts,00-0008532,Jason Johnson,C,14,,72,generated_low_confidence,0.33,,,,,,,,,
IND,Indianapolis Colts,00-0014375,Jeff Saturday,LG,14,,72,generated_low_confidence,0.33,,,,,,,,,
IND,Indianapolis Colts,00-0011585,Larry Moore,C,14,,72,generated_low_confidence,0.33,,,,,,,,,
IND,Indianapolis Colts,00-0000423,Phil Armour,C,14,,72,generated_low_confidence,0.33,,,,,,,,,
IND,Indianapolis Colts,00-0010966,Steve McKinney,LG,14,,72,generated_low_confidence,0.33,,,,,,,,,
IND,Indianapolis Colts,00-0008207,Waverly Jackson,LG,14,,72,generated_low_confidence,0.33,,,,,,,,,
IND,Indianapolis Colts,00-0009212,Danny Kight,K,14,,71,generated_low_confidence,0.33,,,,,,,,,
IND,Indianapolis Colts,00-0006322,E.G. Green,WR,11,11,71,generated_high_confidence,0.78,,,,,,,21,287,
IND,Indianapolis Colts,00-0016830,Mike Vanderjagt,K,14,,71,generated_low_confidence,0.33,,,,,,,,,
IND,Indianapolis Colts,00-0007576,Kelly Holcomb,QB,14,,68,generated_low_confidence,0.45,,,,,,,,,
IND,Indianapolis Colts,00-0000727,Brad Banta,TE,14,,67,generated_low_confidence,0.45,,,,,,,,,
IND,Indianapolis Colts,00-0013040,Chad Plummer,WR,14,,67,generated_low_confidence,0.45,,,,,,,,,
IND,Indianapolis Colts,00-0004088,Lake Dawson,WR,14,,67,generated_low_confidence,0.45,,,,,,,,,
IND,Indianapolis Colts,00-0007647,Darick Holmes,RB,14,,63,generated_low_confidence,0.45,,,,,,,,,
IND,Indianapolis Colts,00-0010827,Leeland McElroy,RB,14,,63,generated_low_confidence,0.45,,,,,,,,,
IND,Indianapolis Colts,00-0014809,Paul Shields,RB,6,,63,generated_medium_confidence,0.6,,,,,,,4,37,
IND,Indianapolis Colts,00-0012637,Jerome Pathon,WR,7,,62,generated_medium_confidence,0.6,,,,,,,14,163,
IND,Indianapolis Colts,00-0017121,Steve Walsh,QB,2,,60,generated_medium_confidence,0.6,,47,,2,,,,,
IND,Indianapolis Colts,00-0008763,Isaac Jones,WR,1,,59,generated_medium_confidence,0.6,,,,,,,1,8,
IND,Indianapolis Colts,00-0004824,Keith Elias,RB,2,,57,generated_medium_confidence,0.6,,,,,28,,4,16,
IND,Indianapolis Colts,00-0006380,Scott Greene,RB,1,,51,generated_medium_confidence,0.6,,,,,,,1,4,
JAX,Jacksonville Jaguars,00-0015218,Jimmy Smith,WR,16,16,96,generated_high_confidence,0.78,,,,,,,116,1636,6
JAX,Jacksonville Jaguars,00-0015698,James Stewart,RB,14,14,88,generated_high_confidence,0.78,,,,,917,13,21,108,
JAX,Jacksonville Jaguars,00-0010668,Keenan McCardell,WR,16,16,87,generated_high_confidence,0.78,,,,,,,78,891,5
JAX,Jacksonville Jaguars,00-0002110,Mark Brunell,QB,15,15,84,generated_high_confidence,0.78,,3060,14,8,186,1,,,
JAX,Jacksonville Jaguars,00-0000939,Aaron Beasley,CB,14,,82,generated_low_confidence,0.45,,,,,,,,,
JAX,Jacksonville Jaguars,00-0002138,Fernando Bryant,CB,14,,82,generated_low_confidence,0.45,,,,,,,,,
JAX,Jacksonville Jaguars,00-0001519,Tony Boselli,LT,14,,82,generated_low_confidence,0.45,,,,,,,,,
JAX,Jacksonville Jaguars,00-0002852,Anthony Cesario,LG,14,,80,generated_low_confidence,0.45,,,,,,,,,
JAX,Jacksonville Jaguars,00-0003212,Ben Coleman,LG,14,,80,generated_low_confidence,0.45,,,,,,,,,
JAX,Jacksonville Jaguars,00-0008723,Damon Jones,TE,14,14,80,generated_high_confidence,0.78,,,,,,,19,221,4
JAX,Jacksonville Jaguars,00-0003897,Donovin Darius,S,14,,80,generated_low_confidence,0.45,,,,,,,,,
JAX,Jacksonville Jaguars,00-0001661,Kyle Brady,TE,13,13,80,generated_high_confidence,0.78,,,,,,,32,346,1
JAX,Jacksonville Jaguars,00-0002868,Corey Chamblin,CB,14,,79,generated_low_confidence,0.45,,,,,,,,,
JAX,Jacksonville Jaguars,00-0008027,Steve Ingram,LT,14,,78,generated_low_confidence,0.45,,,,,,,,,
JAX,Jacksonville Jaguars,00-0005432,Todd Fordham,LT,14,,78,generated_low_confidence,0.45,,,,,,,,,
JAX,Jacksonville Jaguars,00-0009561,Carnell Lake,S,14,,76,generated_low_confidence,0.45,,,,,,,,,
JAX,Jacksonville Jaguars,00-0016098,Fred Taylor,RB,10,10,75,generated_high_confidence,0.78,,,,,732,6,10,83,
JAX,Jacksonville Jaguars,00-0017523,Chris White,EDGE,14,,74,generated_low_confidence,0.33,,,,,,,,,
JAX,Jacksonville Jaguars,00-0016184,Corey Terry,EDGE,14,,74,generated_low_confidence,0.33,,,,,,,,,
JAX,Jacksonville Jaguars,00-0003781,Eric Curry,EDGE,14,,74,generated_low_confidence,0.33,,,,,,,,,
JAX,Jacksonville Jaguars,00-0015070,Joel Smeenge,EDGE,14,,74,generated_low_confidence,0.33,,,,,,,,,
JAX,Jacksonville Jaguars,00-0016802,Regan Upshaw,EDGE,14,,74,generated_low_confidence,0.33,,,,,,,,,
JAX,Jacksonville Jaguars,00-0018351,Renaldo Wynn,EDGE,14,,74,generated_low_confidence,0.33,,,,,,,,,
JAX,Jacksonville Jaguars,00-0001623,Tony Brackens,EDGE,14,,74,generated_low_confidence,0.33,,,,,,,,,
JAX,Jacksonville Jaguars,00-0001611,Brant Boyer,LB,14,,73,generated_low_confidence,0.33,,,,,,,,,
JAX,Jacksonville Jaguars,00-0014519,Bryan Schwartz,LB,14,,73,generated_low_confidence,0.33,,,,,,,,,
JAX,Jacksonville Jaguars,00-0012679,Bryce Paup,LB,14,,73,generated_low_confidence,0.33,,,,,,,,,
JAX,Jacksonville Jaguars,00-0002286,Chester Burnett,LB,14,,73,generated_low_confidence,0.33,,,,,,,,,
JAX,Jacksonville Jaguars,00-0009811,Emarlos Leroy,DT,14,,73,generated_low_confidence,0.33,,,,,,,,,
JAX,Jacksonville Jaguars,00-0015776,Erik Storz,LB,14,,73,generated_low_confidence,0.33,,,,,,,,,
JAX,Jacksonville Jaguars,00-0017033,Gary Walker,DT,14,,73,generated_low_confidence,0.33,,,,,,,,,
JAX,Jacksonville Jaguars,00-0012038,Jason Nevadomsky,LB,14,,73,generated_low_confidence,0.33,,,,,,,,,
JAX,Jacksonville Jaguars,00-0006843,Kevin Hardy,LB,14,,73,generated_low_confidence,0.33,,,,,,,,,
JAX,Jacksonville Jaguars,00-0009585,Kevin Landolt,DT,14,,73,generated_low_confidence,0.33,,,,,,,,,
JAX,Jacksonville Jaguars,00-0015247,Larry Smith,DT,14,,73,generated_low_confidence,0.33,,,,,,,,,
JAX,Jacksonville Jaguars,00-0010486,Lonnie Marts,LB,14,,73,generated_low_confidence,0.33,,,,,,,,,
JAX,Jacksonville Jaguars,00-0012689,Seth Payne,DT,14,,73,generated_low_confidence,0.33,,,,,,,,,
JAX,Jacksonville Jaguars,00-0011000,Tom McManus,LB,14,,73,generated_low_confidence,0.33,,,,,,,,,
JAX,Jacksonville Jaguars,00-0007622,Mike Hollis,K,14,,71,generated_low_confidence,0.33,,,,,,,,,
JAX,Jacksonville Jaguars,00-0009946,Steve Lindsey,K,14,,71,generated_low_confidence,0.33,,,,,,,,,
JAX,Jacksonville Jaguars,00-0010825,Blaine McElmurry,CB,14,,70,generated_low_confidence,0.45,,,,,,,,,
JAX,Jacksonville Jaguars,00-0012664,Joe Patton,LT,14,,70,generated_low_confidence,0.45,,,,,,,,,
JAX,Jacksonville Jaguars,00-0014616,Leon Searcy,LT,14,,70,generated_low_confidence,0.45,,,,,,,,,
JAX,Jacksonville Jaguars,00-0010031,Mike Logan,CB,14,,70,generated_low_confidence,0.45,,,,,,,,,
JAX,Jacksonville Jaguars,00-0000765,Reggie Barlow,WR,11,11,70,generated_high_confidence,0.78,,,,,,,16,202,
JAX,Jacksonville Jaguars,00-0017611,Alvis Whitted,WR,5,,69,generated_low_confidence,0.45,,,,,9,,,,
JAX,Jacksonville Jaguars,00-0000754,Bryan Barker,P,1,,69,generated_low_confidence,0.45,,,,,6,,,,
JAX,Jacksonville Jaguars,00-0014775,Daimon Shelton,RB,10,10,69,generated_high_confidence,0.78,,,,,2,,12,87,
JAX,Jacksonville Jaguars,00-0012037,Quentin Neujahr,C,14,,69,generated_low_confidence,0.45,,,,,,,,,
JAX,Jacksonville Jaguars,00-0016771,Rich Tylski,LG,14,,69,generated_low_confidence,0.45,,,,,,,,,
JAX,Jacksonville Jaguars,00-0000721,Tavian Banks,RB,8,8,69,generated_high_confidence,0.78,,,,,82,,14,137,
JAX,Jacksonville Jaguars,00-0013338,Jonathan Quinn,QB,14,,68,generated_low_confidence,0.45,,,,,,,,,
JAX,Jacksonville Jaguars,00-0008156,Lenzie Jackson,WR,2,,68,generated_low_confidence,0.45,,,,,,,,,
JAX,Jacksonville Jaguars,00-0006458,Rich Griffith,TE,14,,67,generated_low_confidence,0.45,,,,,,,,,
JAX,Jacksonville Jaguars,00-0011666,Dee Moronkola,CB,14,,66,generated_low_confidence,0.45,,,,,,,,,
JAX,Jacksonville Jaguars,00-0005180,Jay Fiedler,QB,7,,66,generated_medium_confidence,0.6,,656,2,2,20,,,,
JAX,Jacksonville Jaguars,00-0015705,Rayna Stewart,CB,14,,66,generated_low_confidence,0.45,,,,,,,,,
JAX,Jacksonville Jaguars,00-0016972,John Wade,C,14,,65,generated_low_confidence,0.45,,,,,,,,,
JAX,Jacksonville Jaguars,00-0001438,Trevor Bollers,RB,14,,63,generated_low_confidence,0.45,,,,,,,,,
JAX,Jacksonville Jaguars,00-0016242,Dave Thomas,CB,14,,61,generated_low_confidence,0.45,,,,,,,,,
JAX,Jacksonville Jaguars,00-0017637,Zach Wiegert,LG,1,,61,generated_low_confidence,0.45,,,,,,,1,-3,
JAX,Jacksonville Jaguars,00-0003597,Jason Craft,CB,1,,58,generated_low_confidence,0.45,,,,,,,,,
JAX,Jacksonville Jaguars,00-0007795,Chris Howard,RB,6,,53,generated_medium_confidence,0.6,,,,,55,,1,8,
JAX,Jacksonville Jaguars,00-0010240,Stacey Mack,RB,2,,50,generated_medium_confidence,0.6,,,,,37,,,,
KC,Kansas City Chiefs,00-0016248,Derrick Thomas,LB,14,,95,manual_override,0.95,,,,,,,,,
KC,Kansas City Chiefs,00-0006101,Tony Gonzalez,TE,15,15,94,generated_high_confidence,0.78,,,,,,,76,849,11
KC,Kansas City Chiefs,00-0006300,Elvis Grbac,QB,16,16,87,generated_high_confidence,0.78,,3360,22,13,10,,,,
KC,Kansas City Chiefs,00-0000145,Derrick Alexander,WR,16,16,83,generated_high_confidence,0.78,,,,,82,1,54,832,2
KC,Kansas City Chiefs,00-0007744,Joe Horn,WR,15,15,82,generated_high_confidence,0.78,,,,,15,,35,586,6
KC,Kansas City Chiefs,00-0001102,Donnell Bennett,RB,13,13,81,generated_high_confidence,0.78,,,,,625,8,10,41,
KC,Kansas City Chiefs,00-0016549,Reggie Tongue,S,14,,80,generated_low_confidence,0.45,,,,,,,,,
KC,Kansas City Chiefs,00-0010007,Kevin Lockett,WR,16,16,79,generated_high_confidence,0.78,,,,,,,34,426,2
KC,Kansas City Chiefs,00-0013694,Tony Richardson,RB,16,16,78,generated_high_confidence,0.78,,,,,382,1,23,112,
KC,Kansas City Chiefs,00-0011675,Bam Morris,RB,12,12,77,generated_high_confidence,0.78,,,,,414,3,7,37,
KC,Kansas City Chiefs,00-0013770,Andre Rison,WR,15,15,76,generated_high_confidence,0.78,,,,,,,21,218,
KC,Kansas City Chiefs,00-0018212,Jerome Woods,S,14,,76,generated_low_confidence,0.45,,,,,,,,,
KC,Kansas City Chiefs,00-0012561,Glenn Parker,LT,14,,75,generated_low_confidence,0.33,,,,,,,,,
KC,Kansas City Chiefs,00-0016021,John Tait,LT,14,,75,generated_low_confidence,0.33,,,,,,,,,
KC,Kansas City Chiefs,00-0015441,Marcus Spears,LT,14,,75,generated_low_confidence,0.33,,,,,,,,,
KC,Kansas City Chiefs,00-0013759,Victor Riley,LT,14,,75,generated_low_confidence,0.33,,,,,,,,,
KC,Kansas City Chiefs,00-0017012,Bracy Walker,CB,14,,74,generated_low_confidence,0.33,,,,,,,,,
KC,Kansas City Chiefs,00-0006265,Carlton Gray,CB,14,,74,generated_low_confidence,0.33,,,,,,,,,
KC,Kansas City Chiefs,00-0004337,Cris Dishman,CB,14,,74,generated_low_confidence,0.33,,,,,,,,,
KC,Kansas City Chiefs,00-0017762,Dan Williams,EDGE,14,,74,generated_low_confidence,0.33,,,,,,,,,
KC,Kansas City Chiefs,00-0007375,Eric Hicks,EDGE,14,,74,generated_low_confidence,0.33,,,,,,,,,
KC,Kansas City Chiefs,00-0017193,Eric Warfield,CB,14,,74,generated_low_confidence,0.33,,,,,,,,,
KC,Kansas City Chiefs,00-0007095,James Hasty,CB,14,,74,generated_low_confidence,0.33,,,,,,,,,
KC,Kansas City Chiefs,00-0000488,Larry Atkins,CB,14,,74,generated_low_confidence,0.33,,,,,,,,,
KC,Kansas City Chiefs,00-0012274,Leslie O'Neal,EDGE,14,,74,generated_low_confidence,0.33,,,,,,,,,
KC,Kansas City Chiefs,00-0018249,Mark Word,EDGE,14,,74,generated_low_confidence,0.33,,,,,,,,,
KC,Kansas City Chiefs,00-0012666,Marvcus Patton,LB,14,,74,generated_low_confidence,0.33,,,,,,,,,
KC,Kansas City Chiefs,00-0010496,Mike Maslowski,LB,14,,74,generated_low_confidence,0.33,,,,,,,,,
KC,Kansas City Chiefs,00-0005890,Ron George,LB,14,,74,generated_low_confidence,0.33,,,,,,,,,
KC,Kansas City Chiefs,00-0010874,Chester McGlockton,DT,14,,73,generated_low_confidence,0.33,,,,,,,,,
KC,Kansas City Chiefs,00-0013418,Derrick Ransom,DT,14,,73,generated_low_confidence,0.33,,,,,,,,,
KC,Kansas City Chiefs,00-0004757,Donnie Edwards,LB,14,,73,generated_low_confidence,0.33,,,,,,,,,
KC,Kansas City Chiefs,00-0015725,Gary Stills,LB,14,,73,generated_low_confidence,0.33,,,,,,,,,
KC,Kansas City Chiefs,00-0010366,Greg Manusky,LB,14,,73,generated_low_confidence,0.33,,,,,,,,,
KC,Kansas City Chiefs,00-0002090,John Browning,DT,14,,73,generated_low_confidence,0.33,,,,,,,,,
KC,Kansas City Chiefs,00-0000768,Tom Barndt,DT,14,,73,generated_low_confidence,0.33,,,,,,,,,
KC,Kansas City Chiefs,00-0012620,Ty Parten,DT,14,,73,generated_low_confidence,0.33,,,,,,,,,
KC,Kansas City Chiefs,00-0009492,Brad Kubik,LG,14,,72,generated_low_confidence,0.33,,,,,,,,,
KC,Kansas City Chiefs,00-0016002,David Szott,LG,14,,72,generated_low_confidence,0.33,,,,,,,,,
KC,Kansas City Chiefs,00-0015207,Jeff Smith,LG,14,,72,generated_low_confidence,0.33,,,,,,,,,
KC,Kansas City Chiefs,00-0012569,Larry Parker,WR,14,,72,generated_low_confidence,0.45,,,,,,,,,
KC,Kansas City Chiefs,00-0016038,Ralph Tamm,LG,14,,72,generated_low_confidence,0.33,,,,,,,,,
KC,Kansas City Chiefs,00-0006513,Tim Grunhard,C,14,,72,generated_low_confidence,0.33,,,,,,,,,
KC,Kansas City Chiefs,00-0014811,Will Shields,LG,14,,72,generated_low_confidence,0.33,,,,,,,,,
KC,Kansas City Chiefs,00-0000634,Jon Baker,K,14,,71,generated_low_confidence,0.33,,,,,,,,,
KC,Kansas City Chiefs,00-0008572,Lonnie Johnson,TE,8,8,71,generated_high_confidence,0.78,,,,,,,10,98,1
KC,Kansas City Chiefs,00-0015791,Pete Stoyanovich,K,14,,71,generated_low_confidence,0.33,,,,,,,,,
KC,Kansas City Chiefs,00-0014759,Rashaan Shehee,RB,8,8,70,generated_high_confidence,0.78,,,,,238,1,18,136,
KC,Kansas City Chiefs,00-0013108,Daniel Pope,P,1,,69,generated_low_confidence,0.45,,,,,,,,,
KC,Kansas City Chiefs,00-0003136,Mike Cloud,RB,8,8,68,generated_high_confidence,0.78,,,,,128,,3,25,
KC,Kansas City Chiefs,00-0003315,Todd Collins,QB,14,,68,generated_low_confidence,0.45,,,,,,,,,
KC,Kansas City Chiefs,00-0016837,Tamarick Vanover,WR,2,,63,generated_low_confidence,0.45,,,,,,,,,
KC,Kansas City Chiefs,00-0018589,Ted White,QB,14,,63,generated_low_confidence,0.45,,,,,,,,,
KC,Kansas City Chiefs,00-0011524,Warren Moon,QB,1,,59,generated_medium_confidence,0.6,,20,,,,,,,
KC,Kansas City Chiefs,00-0008224,Mitch Jacoby,TE,1,,55,generated_medium_confidence,0.6,,,,,,,1,6,
KC,Kansas City Chiefs,00-0000279,Kimble Anders,RB,2,,52,generated_medium_confidence,0.6,,,,,179,,2,14,
LAC,Los Angeles Chargers,00-0014619,Junior Seau,LB,4,,95,manual_override,0.95,,,,,,,2,8,
LAC,Los Angeles Chargers,00-0010747,Fred McCrary,RB,15,15,87,generated_high_confidence,0.78,,,,,,,37,201,1
LAC,Los Angeles Chargers,00-0008749,Freddie Jones,TE,16,16,87,generated_high_confidence,0.78,,,,,,,54,630,2
LAC,Los Angeles Chargers,00-0006210,Jeff Graham,WR,16,16,83,generated_high_confidence,0.78,,,,,,,54,882,2
LAC,Los Angeles Chargers,00-0004318,Charles Dimry,CB,14,,82,generated_low_confidence,0.45,,,,,,,,,
LAC,Los Angeles Chargers,00-0001934,Fakhir Brown,CB,14,,82,generated_low_confidence,0.45,,,,,,,,,
LAC,Los Angeles Chargers,00-0004353,Gerald Dixon,LB,14,,81,generated_low_confidence,0.45,,,,,,,,,
LAC,Los Angeles Chargers,00-0002377,Lewis Bush,LB,14,,81,generated_low_confidence,0.45,,,,,,,,,
LAC,Los Angeles Chargers,00-0013712,Mikhael Ricks,WR,16,16,80,generated_high_confidence,0.78,,,,,11,,40,429,
LAC,Los Angeles Chargers,00-0012813,Jason Perry,CB,14,,79,generated_low_confidence,0.45,,,,,,,,,
LAC,Los Angeles Chargers,00-0005324,Terrell Fletcher,RB,15,15,79,generated_high_confidence,0.78,,,,,126,,45,360,
LAC,Los Angeles Chargers,00-0006808,Jim Harbaugh,QB,14,14,78,generated_high_confidence,0.78,,2654,10,14,118,,,,
LAC,Los Angeles Chargers,00-0006724,Michael Hamilton,LB,14,,78,generated_low_confidence,0.45,,,,,,,,,
LAC,Los Angeles Chargers,00-0011640,Moses Moreno,QB,1,,77,generated_medium_confidence,0.6,,78,,,,,,,
LAC,Los Angeles Chargers,00-0012764,Chris Penn,WR,13,13,76,generated_high_confidence,0.78,,,,,,,17,257,1
LAC,Los Angeles Chargers,00-0002655,John Carney,K,14,,76,generated_low_confidence,0.45,,,,,,,,,
LAC,Los Angeles Chargers,00-0002459,Kenny Bynum,RB,14,14,76,generated_high_confidence,0.78,,,,,287,1,16,209,2
LAC,Los Angeles Chargers,00-0001503,Ben Bordelon,LT,14,,75,generated_low_confidence,0.33,,,,,,,,,
LAC,Los Angeles Chargers,00-0008142,John Jackson,LT,14,,75,generated_low_confidence,0.33,,,,,,,,,
LAC,Los Angeles Chargers,00-0012588,Vaughn Parker,LT,14,,75,generated_low_confidence,0.33,,,,,,,,,
LAC,Los Angeles Chargers,00-0004320,Adrian Dingle,EDGE,14,,74,generated_low_confidence,0.33,,,,,,,,,
LAC,Los Angeles Chargers,00-0005395,Albert Fontenot,EDGE,14,,74,generated_low_confidence,0.33,,,,,,,,,
LAC,Los Angeles Chargers,00-0006818,Cedric Harden,EDGE,14,,74,generated_low_confidence,0.33,,,,,,,,,
LAC,Los Angeles Chargers,00-0008001,Israel Ifeanyichukwu,EDGE,14,,74,generated_low_confidence,0.33,,,,,,,,,
LAC,Los Angeles Chargers,00-0001030,Jimmie Bell,EDGE,14,,74,generated_low_confidence,0.33,,,,,,,,,
LAC,Los Angeles Chargers,00-0008603,Raylee Johnson,EDGE,14,,74,generated_low_confidence,0.33,,,,,,,,,
LAC,Los Angeles Chargers,00-0017813,Jamal Williams,DT,14,,73,generated_low_confidence,0.33,,,,,,,,,
LAC,Los Angeles Chargers,00-0012607,John Parrella,DT,14,,73,generated_low_confidence,0.33,,,,,,,,,
LAC,Los Angeles Chargers,00-0011464,Mike Mohring,DT,14,,73,generated_low_confidence,0.33,,,,,,,,,
LAC,Los Angeles Chargers,00-0006766,Norman Hand,DT,14,,73,generated_low_confidence,0.33,,,,,,,,,
LAC,Los Angeles Chargers,00-0016077,Aaron Taylor,LG,14,,72,generated_low_confidence,0.33,,,,,,,,,
LAC,Los Angeles Chargers,00-0006202,DeMingo Graham,LG,14,,72,generated_low_confidence,0.33,,,,,,,,,
LAC,Los Angeles Chargers,00-0008126,Greg Jackson,S,14,,72,generated_low_confidence,0.33,,,,,,,,,
LAC,Los Angeles Chargers,00-0008225,Kendyl Jacox,LG,14,,72,generated_low_confidence,0.33,,,,,,,,,
LAC,Los Angeles Chargers,00-0004609,Mike Dumas,S,14,,72,generated_low_confidence,0.33,,,,,,,,,
LAC,Los Angeles Chargers,00-0014086,Raleigh Roundtree,LG,14,,72,generated_low_confidence,0.33,,,,,,,,,
LAC,Los Angeles Chargers,00-0012015,Reggie Nelson,LG,14,,72,generated_low_confidence,0.33,,,,,,,,,
LAC,Los Angeles Chargers,00-0007030,Rodney Harrison,S,14,,72,generated_low_confidence,0.33,,,,,,,,,
LAC,Los Angeles Chargers,00-0005446,Roman Fortin,C,14,,72,generated_low_confidence,0.33,,,,,,,,,
LAC,Los Angeles Chargers,00-0002074,Wilbert Brown,LG,14,,72,generated_low_confidence,0.33,,,,,,,,,
LAC,Los Angeles Chargers,00-0015655,Tremayne Stephens,RB,9,9,71,generated_high_confidence,0.78,,,,,61,3,18,133,1
LAC,Los Angeles Chargers,00-0014179,Reggie Rusk,CB,14,,70,generated_low_confidence,0.45,,,,,,,,,
LAC,Los Angeles Chargers,00-0014743,Terrance Shaw,CB,14,,70,generated_low_confidence,0.45,,,,,,,,,
LAC,Los Angeles Chargers,00-0001101,Darren Bennett,P,1,,69,generated_low_confidence,0.45,,,,,,,,,
LAC,Los Angeles Chargers,00-0007433,Eric Hill,LB,14,,69,generated_low_confidence,0.45,,,,,,,,,
LAC,Los Angeles Chargers,00-0007084,Jon Haskins,LB,14,,69,generated_low_confidence,0.45,,,,,,,,,
LAC,Los Angeles Chargers,00-0007213,Steve Heiden,TE,14,,67,generated_low_confidence,0.45,,,,,,,,,
LAC,Los Angeles Chargers,00-0015460,Jimmy Spencer,CB,14,,66,generated_low_confidence,0.45,,,,,,,,,
LAC,Los Angeles Chargers,00-0018608,Reggie Davis,TE,7,,66,generated_medium_confidence,0.6,,,,,,,12,137,1
LAC,Los Angeles Chargers,00-0016739,Scott Turner,CB,14,,66,generated_low_confidence,0.45,,,,,,,,,
LAC,Los Angeles Chargers,00-0013548,John Reeves,LB,14,,65,generated_low_confidence,0.45,,,,,,,,,
LAC,Los Angeles Chargers,00-0007564,Richard Hogans,LB,14,,65,generated_low_confidence,0.45,,,,,,,,,
LAC,Los Angeles Chargers,00-0009715,Ryan Leaf,QB,14,,63,generated_low_confidence,0.45,,,,,,,,,
LAC,Los Angeles Chargers,00-0001470,Sherdrick Bonner,QB,14,,63,generated_low_confidence,0.45,,,,,,,,,
LAC,Los Angeles Chargers,00-0008704,Charlie Jones,WR,6,,62,generated_medium_confidence,0.6,,,,,-8,,10,90,1
LAC,Los Angeles Chargers,00-0015554,Israel Stanley,LB,14,,61,generated_low_confidence,0.45,,,,,,,,,
LAC,Los Angeles Chargers,00-0014153,Orlando Ruff,LB,14,,61,generated_low_confidence,0.45,,,,,,,,,
LAC,Los Angeles Chargers,00-0013523,Robert Reed,WR,1,,59,generated_medium_confidence,0.6,,,,,,,1,1,
LAC,Los Angeles Chargers,00-0009849,Darryll Lewis,CB,1,,58,generated_low_confidence,0.45,,,,,,,,,
LAC,Los Angeles Chargers,00-0011081,Natrone Means,RB,7,,57,generated_medium_confidence,0.6,,,,,273,4,9,51,1
LAC,Los Angeles Chargers,00-0009451,Erik Kramer,QB,6,,56,generated_medium_confidence,0.6,,769,2,10,1,,,,
LAC,Los Angeles Chargers,00-0005110,Jermaine Fazande,RB,7,,56,generated_medium_confidence,0.6,,,,,356,2,,,
LAR,Los Angeles Rams,kurt-warner,Kurt Warner,QB,16,16,97,manual_override,0.95,,,,,,,,,
LAR,Los Angeles Rams,marshall-faulk,Marshall Faulk,RB,16,16,97,manual_override,0.95,,,,,,,,,
LAR,Los Angeles Rams,kevin-carter,Kevin Carter,EDGE,16,16,94,generated_medium_confidence,0.73,true,,,,,,,,
LAR,Los Angeles Rams,orlando-pace,Orlando Pace,LT,16,16,93,manual_override,0.95,,,,,,,,,
LAR,Los Angeles Rams,todd-lyght,Todd Lyght,CB,16,16,91,generated_medium_confidence,0.73,true,,,,,,,,
LAR,Los Angeles Rams,torry-holt,Torry Holt,WR,16,16,91,generated_medium_confidence,0.73,true,,,,,,,,
LAR,Los Angeles Rams,grant-wistrom,Grant Wistrom,EDGE,16,16,90,generated_medium_confidence,0.73,true,,,,,,,,
LAR,Los Angeles Rams,isaac-bruce,Isaac Bruce,WR,16,16,90,manual_override,0.95,,,,,,,,,
LAR,Los Angeles Rams,london-fletcher,London Fletcher,LB,16,16,90,generated_medium_confidence,0.73,true,,,,,,,,
LAR,Los Angeles Rams,adam-timmerman,Adam Timmerman,RG,16,16,89,generated_medium_confidence,0.73,true,,,,,,,,
LAR,Los Angeles Rams,d-marco-farr,D'Marco Farr,DT,16,16,89,generated_medium_confidence,0.73,true,,,,,,,,
LAR,Los Angeles Rams,mike-jones,Mike Jones,LB,16,16,89,generated_medium_confidence,0.73,true,,,,,,,,
LAR,Los Angeles Rams,dexter-mccleon,Dexter McCleon,CB,16,16,88,generated_medium_confidence,0.73,true,,,,,,,,
LAR,Los Angeles Rams,fred-miller,Fred Miller,RT,16,16,88,generated_medium_confidence,0.73,true,,,,,,,,
LAR,Los Angeles Rams,jeff-wilkins,Jeff Wilkins,K,16,16,88,generated_medium_confidence,0.73,true,,,,,,,,
LAR,Los Angeles Rams,keith-lyle,Keith Lyle,S,16,16,88,generated_medium_confidence,0.73,true,,,,,,,,
LAR,Los Angeles Rams,tom-nutten,Tom Nutten,LG,16,16,88,generated_medium_confidence,0.73,true,,,,,,,,
LAR,Los Angeles Rams,billy-jenkins,Billy Jenkins,S,16,12,87,generated_medium_confidence,0.73,,,,,,,,,
LAR,Los Angeles Rams,ray-agnew,Ray Agnew,DT,16,12,87,generated_medium_confidence,0.73,,,,,,,,,
LAR,Los Angeles Rams,mike-gruttadauria,Mike Gruttadauria,C,16,12,86,generated_medium_confidence,0.73,,,,,,,,,
LAR,Los Angeles Rams,az-zahir-hakim,Az-Zahir Hakim,WR,16,16,84,generated_medium_confidence,0.73,,,,,,,,,
LAR,Los Angeles Rams,mike-horan,Mike Horan,P,16,12,83,generated_medium_confidence,0.73,,,,,,,,,
LAR,Los Angeles Rams,roland-williams,Roland Williams,TE,16,12,82,generated_medium_confidence,0.73,,,,,,,,,
LV,Las Vegas Raiders,00-0002058,Tim Brown,WR,16,16,92,generated_high_confidence,0.78,,,,,4,,89,1335,6
LV,Las Vegas Raiders,00-0005741,Rich Gannon,QB,16,16,90,generated_high_confidence,0.78,,3819,24,13,272,2,1,-3,
LV,Las Vegas Raiders,00-0004574,Rickey Dudley,TE,16,16,90,generated_high_confidence,0.78,,,,,,,39,555,9
LV,Las Vegas Raiders,00-0017486,Tyrone Wheatley,RB,16,16,86,generated_high_confidence,0.78,,,,,929,8,21,196,3
LV,Las Vegas Raiders,00-0008400,James Jett,WR,16,16,80,generated_high_confidence,0.78,,,,,,,39,552,2
LV,Las Vegas Raiders,00-0009038,Napoleon Kaufman,RB,16,16,80,generated_high_confidence,0.78,,,,,714,2,18,181,1
LV,Las Vegas Raiders,00-0013773,Jon Ritchie,RB,16,16,79,generated_high_confidence,0.78,,,,,12,,45,408,1
LV,Las Vegas Raiders,00-0000400,Leo Araguz,P,14,,76,generated_low_confidence,0.45,,,,,,,,,
LV,Las Vegas Raiders,00-0011187,Terry Mickens,WR,14,14,76,generated_high_confidence,0.78,,,,,,,20,261,
LV,Las Vegas Raiders,00-0000472,Darryl Ashmore,LT,14,,75,generated_low_confidence,0.33,,,,,,,,,
LV,Las Vegas Raiders,00-0009150,Lincoln Kennedy,LT,14,,75,generated_low_confidence,0.33,,,,,,,,,
LV,Las Vegas Raiders,00-0015728,Matt Stinchcomb,LT,14,,75,generated_low_confidence,0.33,,,,,,,,,
LV,Las Vegas Raiders,00-0003305,Mo Collins,LT,14,,75,generated_low_confidence,0.33,,,,,,,,,
LV,Las Vegas Raiders,00-0012595,Nathan Parks,LT,14,,75,generated_low_confidence,0.33,,,,,,,,,
LV,Las Vegas Raiders,00-0009398,Tim Kohn,LT,14,,75,generated_low_confidence,0.33,,,,,,,,,
LV,Las Vegas Raiders,00-0001828,Bobby Brooks,LB,14,,74,generated_low_confidence,0.33,,,,,,,,,
LV,Las Vegas Raiders,00-0001676,Calvin Branch,CB,14,,74,generated_low_confidence,0.33,,,,,,,,,
LV,Las Vegas Raiders,00-0006148,Darrien Gordon,CB,14,,74,generated_low_confidence,0.33,,,,,,,,,
LV,Las Vegas Raiders,00-0000204,Eric Allen,CB,14,,74,generated_low_confidence,0.33,,,,,,,,,
LV,Las Vegas Raiders,00-0000846,Eric Barton,LB,14,,74,generated_low_confidence,0.33,,,,,,,,,
LV,Las Vegas Raiders,00-0008124,Grady Jackson,EDGE,14,,74,generated_low_confidence,0.33,,,,,,,,,
LV,Las Vegas Raiders,00-0001232,Greg Biekert,LB,14,,74,generated_low_confidence,0.33,,,,,,,,,
LV,Las Vegas Raiders,00-0006953,James Harris,EDGE,14,,74,generated_low_confidence,0.33,,,,,,,,,
LV,Las Vegas Raiders,00-0006960,Johnnie Harris,CB,14,,74,generated_low_confidence,0.33,,,,,,,,,
LV,Las Vegas Raiders,00-0008664,Lance Johnstone,EDGE,14,,74,generated_low_confidence,0.33,,,,,,,,,
LV,Las Vegas Raiders,00-0013444,Marcus Ray,CB,14,,74,generated_low_confidence,0.33,,,,,,,,,
LV,Las Vegas Raiders,00-0017052,Marquis Walker,CB,14,,74,generated_low_confidence,0.33,,,,,,,,,
LV,Las Vegas Raiders,00-0007075,Richard Harvey,LB,14,,74,generated_low_confidence,0.33,,,,,,,,,
LV,Las Vegas Raiders,00-0003239,Rod Coleman,DT,14,,74,generated_low_confidence,0.33,,,,,,,,,
LV,Las Vegas Raiders,00-0010491,Russell Maryland,DT,14,,74,generated_low_confidence,0.33,,,,,,,,,
LV,Las Vegas Raiders,00-0015986,Sam Sword,LB,14,,74,generated_low_confidence,0.33,,,,,,,,,
LV,Las Vegas Raiders,00-0002151,Tony Bryant,EDGE,14,,74,generated_low_confidence,0.33,,,,,,,,,
LV,Las Vegas Raiders,00-0015329,Travian Smith,LB,14,,74,generated_low_confidence,0.33,,,,,,,,,
LV,Las Vegas Raiders,00-0012423,Chuck Osborne,DT,14,,73,generated_low_confidence,0.33,,,,,,,,,
LV,Las Vegas Raiders,00-0014185,Darrell Russell,DT,14,,73,generated_low_confidence,0.33,,,,,,,,,
LV,Las Vegas Raiders,00-0016610,Adam Treu,C,14,,72,generated_low_confidence,0.33,,,,,,,,,
LV,Las Vegas Raiders,00-0012056,Anthony Newman,S,14,,72,generated_low_confidence,0.33,,,,,,,,,
LV,Las Vegas Raiders,00-0013797,Barret Robbins,C,14,,72,generated_low_confidence,0.33,,,,,,,,,
LV,Las Vegas Raiders,00-0018925,Barry Sims,LG,14,,72,generated_low_confidence,0.33,,,,,,,,,
LV,Las Vegas Raiders,00-0015744,Barry Stokes,LG,14,,72,generated_low_confidence,0.33,,,,,,,,,
LV,Las Vegas Raiders,00-0011353,Charles Mincy,S,14,,72,generated_low_confidence,0.33,,,,,,,,,
LV,Las Vegas Raiders,00-0016710,Eric Turner,S,14,,72,generated_low_confidence,0.33,,,,,,,,,
LV,Las Vegas Raiders,00-0004252,Gennaro DiNapoli,LG,14,,72,generated_low_confidence,0.33,,,,,,,,,
LV,Las Vegas Raiders,00-0003467,Horace Copeland,WR,14,,72,generated_low_confidence,0.45,,,,,,,,,
LV,Las Vegas Raiders,00-0011970,Joe Nedney,K,14,,72,generated_low_confidence,0.33,,,,,,,,,
LV,Las Vegas Raiders,00-0007983,Michael Husted,K,14,,72,generated_low_confidence,0.33,,,,,,,,,
LV,Las Vegas Raiders,00-0018129,Steve Wisniewski,LG,14,,72,generated_low_confidence,0.33,,,,,,,,,
LV,Las Vegas Raiders,00-0001766,Jeremy Brigham,TE,9,9,71,generated_high_confidence,0.78,,,,,,,8,108,
LV,Las Vegas Raiders,00-0003663,Zack Crockett,RB,11,11,71,generated_high_confidence,0.78,,,,,91,4,8,56,1
LV,Las Vegas Raiders,00-0018227,Charles Woodson,CB,1,,68,generated_low_confidence,0.33,,,,,,,1,19,
LV,Las Vegas Raiders,00-0014753,Kenny Shedd,WR,2,,68,generated_low_confidence,0.45,,,,,,,,,
LV,Las Vegas Raiders,00-0004527,Scott Dreisbach,QB,14,,68,generated_low_confidence,0.45,,,,,,,,,
LV,Las Vegas Raiders,00-0017922,Rodney A. Williams,WR,1,,63,generated_low_confidence,0.45,,,,,,,,,
LV,Las Vegas Raiders,00-0018073,Wade Wilson,QB,14,,63,generated_low_confidence,0.45,,,,,,,,,
LV,Las Vegas Raiders,00-0007832,Bobby Hoying,QB,2,,60,generated_medium_confidence,0.6,,10,,,-3,,,,
LV,Las Vegas Raiders,00-0017027,Derrick Walker,TE,6,,59,generated_medium_confidence,0.6,,,,,,,7,71,1
LV,Las Vegas Raiders,00-0008921,Randy Jordan,RB,7,,55,generated_medium_confidence,0.6,,,,,32,2,7,70,
LV,Las Vegas Raiders,00-0017829,Jermaine Williams,RB,2,,51,generated_medium_confidence,0.6,,,,,,,1,20,
MIA,Miami Dolphins,00-0016112,Jason Taylor,EDGE,14,,93,manual_override,0.95,,,,,,,,,
MIA,Miami Dolphins,00-0016344,Zach Thomas,LB,14,,91,manual_override,0.95,,,,,,,,,
MIA,Miami Dolphins,00-0010477,Tony Martin,WR,15,15,86,generated_high_confidence,0.78,,,,,-6,,66,1012,5
MIA,Miami Dolphins,00-0005668,Oronde Gadsden,WR,15,15,84,generated_high_confidence,0.78,,,,,,,47,784,6
MIA,Miami Dolphins,00-0004524,Troy Drayton,TE,12,12,80,generated_high_confidence,0.78,,,,,,,32,299,1
MIA,Miami Dolphins,00-0008529,J.J. Johnson,RB,13,13,79,generated_high_confidence,0.78,,,,,554,4,15,100,
MIA,Miami Dolphins,00-0010824,O.J. McDuffie,WR,12,12,79,generated_high_confidence,0.78,,,,,,,42,503,2
MIA,Miami Dolphins,00-0009417,Rob Konrad,RB,15,15,77,generated_high_confidence,0.78,,,,,16,,32,235,1
MIA,Miami Dolphins,00-0013262,Stanley Pritchett,RB,14,14,77,generated_high_confidence,0.78,,,,,158,1,42,307,4
MIA,Miami Dolphins,00-0010373,Olindo Mare,K,14,,76,generated_low_confidence,0.45,,,,,,,,,
MIA,Miami Dolphins,00-0015107,Brent Smith,LT,14,,75,generated_low_confidence,0.33,,,,,,,,,
MIA,Miami Dolphins,00-0001956,James Brown,LT,14,,75,generated_low_confidence,0.33,,,,,,,,,
MIA,Miami Dolphins,00-0018167,Joe Wong,LT,14,,75,generated_low_confidence,0.33,,,,,,,,,
MIA,Miami Dolphins,00-0014760,Mike Sheldon,LT,14,,75,generated_low_confidence,0.33,,,,,,,,,
MIA,Miami Dolphins,00-0017370,Richmond Webb,LT,14,,75,generated_low_confidence,0.33,,,,,,,,,
MIA,Miami Dolphins,00-0006918,Anthony Harris,LB,14,,74,generated_low_confidence,0.33,,,,,,,,,
MIA,Miami Dolphins,00-0014939,Antoine Simpson,DT,14,,74,generated_low_confidence,0.33,,,,,,,,,
MIA,Miami Dolphins,00-0005760,Daryl Gardener,DT,14,,74,generated_low_confidence,0.33,,,,,,,,,
MIA,Miami Dolphins,00-0013935,Derrick Rodgers,LB,14,,74,generated_low_confidence,0.33,,,,,,,,,
MIA,Miami Dolphins,00-0007614,Dwight Hollier,LB,14,,74,generated_low_confidence,0.33,,,,,,,,,
MIA,Miami Dolphins,00-0008323,Greg Jeffries,CB,14,,74,generated_low_confidence,0.33,,,,,,,,,
MIA,Miami Dolphins,00-0018036,Jerry Wilson,CB,14,,74,generated_low_confidence,0.33,,,,,,,,,
MIA,Miami Dolphins,00-0011446,Kenny Mixon,EDGE,14,,74,generated_low_confidence,0.33,,,,,,,,,
MIA,Miami Dolphins,00-0008075,Larry Izzo,LB,14,,74,generated_low_confidence,0.33,,,,,,,,,
MIA,Miami Dolphins,00-0001811,Lorenzo Bromell,EDGE,14,,74,generated_low_confidence,0.33,,,,,,,,,
MIA,Miami Dolphins,00-0001760,O.J. Brigance,LB,14,,74,generated_low_confidence,0.33,,,,,,,,,
MIA,Miami Dolphins,00-0015915,Patrick Surtain,CB,14,,74,generated_low_confidence,0.33,,,,,,,,,
MIA,Miami Dolphins,00-0007452,Ray Hill,CB,14,,74,generated_low_confidence,0.33,,,,,,,,,
MIA,Miami Dolphins,00-0012476,Rich Owens,EDGE,14,,74,generated_low_confidence,0.33,,,,,,,,,
MIA,Miami Dolphins,00-0008853,Robert Jones,LB,14,,74,generated_low_confidence,0.33,,,,,,,,,
MIA,Miami Dolphins,00-0010264,Sam Madison,CB,14,,74,generated_low_confidence,0.33,,,,,,,,,
MIA,Miami Dolphins,00-0002185,Terrell Buckley,CB,14,,74,generated_low_confidence,0.33,,,,,,,,,
MIA,Miami Dolphins,00-0001566,Tim Bowens,DT,14,,74,generated_low_confidence,0.33,,,,,,,,,
MIA,Miami Dolphins,00-0000439,Trace Armstrong,EDGE,14,,74,generated_low_confidence,0.33,,,,,,,,,
MIA,Miami Dolphins,00-0014586,Walter Scott,DT,14,,74,generated_low_confidence,0.33,,,,,,,,,
MIA,Miami Dolphins,00-0000838,Brent Bartholomew,P,14,,73,generated_low_confidence,0.33,,,,,,,,,
MIA,Miami Dolphins,00-0008099,Calvin Jackson,S,14,,73,generated_low_confidence,0.33,,,,,,,,,
MIA,Miami Dolphins,00-0007835,Damon Huard,QB,9,9,73,generated_high_confidence,0.78,,1280,8,4,124,,1,,
MIA,Miami Dolphins,00-0018194,Shawn Wooden,S,14,,73,generated_low_confidence,0.33,,,,,,,,,
MIA,Miami Dolphins,00-0007993,Tom Hutton,P,14,,73,generated_low_confidence,0.33,,,,,,,,,
MIA,Miami Dolphins,00-0010381,Brock Marion,S,14,,72,generated_low_confidence,0.33,,,,,,,,,
MIA,Miami Dolphins,00-0014148,Grey Ruegamer,C,14,,72,generated_low_confidence,0.33,,,,,,,,,
MIA,Miami Dolphins,00-0001401,John Bock,LG,14,,72,generated_low_confidence,0.33,,,,,,,,,
MIA,Miami Dolphins,00-0004419,Kevin Donnalley,LG,14,,72,generated_low_confidence,0.33,,,,,,,,,
MIA,Miami Dolphins,00-0006078,Kevin Gogan,LG,14,,72,generated_low_confidence,0.33,,,,,,,,,
MIA,Miami Dolphins,00-0004360,Mark Dixon,LG,14,,72,generated_low_confidence,0.33,,,,,,,,,
MIA,Miami Dolphins,00-0014136,Tim Ruddy,C,14,,72,generated_low_confidence,0.33,,,,,,,,,
MIA,Miami Dolphins,00-0003271,Cecil Collins,RB,8,8,71,generated_high_confidence,0.78,,,,,414,2,6,32,
MIA,Miami Dolphins,00-0010379,Dan Marino,QB,11,11,71,generated_high_confidence,0.78,,2378,12,17,-6,,,,
MIA,Miami Dolphins,00-0006359,Yatil Green,WR,8,8,69,generated_high_confidence,0.78,,,,,,,18,234,
MIA,Miami Dolphins,00-0014344,Kio Sanford,WR,14,,67,generated_low_confidence,0.45,,,,,,,,,
MIA,Miami Dolphins,00-0006133,Hunter Goodwin,TE,6,,65,generated_medium_confidence,0.6,,,,,,,8,55,
MIA,Miami Dolphins,00-0004752,Brian Edwards,RB,14,,63,generated_low_confidence,0.45,,,,,,,,,
MIA,Miami Dolphins,00-0004546,Jim Druckenmiller,QB,14,,63,generated_low_confidence,0.45,,,,,,,,,
MIA,Miami Dolphins,00-0000735,Kantroy Barber,RB,14,,63,generated_low_confidence,0.45,,,,,,,,,
MIA,Miami Dolphins,00-0016289,Lamar Thomas,WR,14,,62,generated_low_confidence,0.45,,,,,,,,,
MIA,Miami Dolphins,00-0019454,Robert Baker,WR,14,,62,generated_low_confidence,0.45,,,,,,,,,
MIA,Miami Dolphins,00-0008229,Nate Jacquet,WR,5,,61,generated_medium_confidence,0.6,,,,,4,,1,18,
MIA,Miami Dolphins,00-0012809,Ed Perry,TE,1,,56,generated_medium_confidence,0.6,,,,,,,3,8,1
MIA,Miami Dolphins,00-0010942,Kevin McKenzie,WR,1,,54,generated_medium_confidence,0.6,,,,,,,2,18,
MIA,Miami Dolphins,00-0018518,Scott Zolak,QB,1,,54,generated_medium_confidence,0.6,,,,,-2,,,,
MIA,Miami Dolphins,00-0004200,Autry Denson,RB,3,,52,generated_medium_confidence,0.6,,,,,98,,4,28,
MIN,Minnesota Vikings,00-0011754,Randy Moss,WR,16,16,95,generated_high_confidence,0.78,,27,1,,43,,79,1392,11
MIN,Minnesota Vikings,00-0002721,Cris Carter,WR,15,15,94,generated_high_confidence,0.78,,,,,,,87,1194,12
MIN,Minnesota Vikings,00-0013405,John Randle,EDGE,14,,93,manual_override,0.95,,,,,,,,,
MIN,Minnesota Vikings,00-0004396,Chris Doleman,EDGE,14,,92,manual_override,0.95,,,,,,,,,
MIN,Minnesota Vikings,00-0005885,Jeff George,QB,12,12,88,generated_high_confidence,0.78,,2769,22,12,41,,,,
MIN,Minnesota Vikings,00-0007520,Leroy Hoard,RB,15,15,84,generated_high_confidence,0.78,,,,,555,10,17,166,
MIN,Minnesota Vikings,00-0000857,Anthony Bass,CB,14,,82,generated_low_confidence,0.45,,,,,,,,,
MIN,Minnesota Vikings,00-0000696,Antonio Banks,CB,14,,82,generated_low_confidence,0.45,,,,,,,,,
MIN,Minnesota Vikings,00-0013512,Jake Reed,WR,15,15,81,generated_high_confidence,0.78,,,,,,,43,625,2
MIN,Minnesota Vikings,00-0015286,Robert Smith,RB,13,13,81,generated_high_confidence,0.78,,,,,1010,2,24,166,
MIN,Minnesota Vikings,00-0006047,Andrew Glover,TE,14,14,80,generated_high_confidence,0.78,,,,,,,28,327,1
MIN,Minnesota Vikings,00-0006459,Robert Griffith,S,14,,80,generated_low_confidence,0.45,,,,,,,,,
MIN,Minnesota Vikings,00-0001762,Gregg Briggs,CB,14,,79,generated_low_confidence,0.45,,,,,,,,,
MIN,Minnesota Vikings,00-0000313,Gary Anderson,K,14,,77,generated_low_confidence,0.45,,,,,,,,,
MIN,Minnesota Vikings,00-0001157,Mitch Berger,P,14,,76,generated_low_confidence,0.45,,,,,,,,,
MIN,Minnesota Vikings,00-0016307,Orlando Thomas,S,14,,76,generated_low_confidence,0.45,,,,,,,,,
MIN,Minnesota Vikings,00-0009992,Chris Liwienski,LT,14,,75,generated_low_confidence,0.33,,,,,,,,,
MIN,Minnesota Vikings,00-0007913,Jay Humphrey,LT,14,,75,generated_low_confidence,0.33,,,,,,,,,
MIN,Minnesota Vikings,00-0002332,John Burrough,EDGE,14,,75,generated_low_confidence,0.33,,,,,,,,,
MIN,Minnesota Vikings,00-0015822,Korey Stringer,LT,14,,75,generated_low_confidence,0.33,,,,,,,,,
MIN,Minnesota Vikings,00-0001263,Matt Birk,LT,14,,75,generated_low_confidence,0.33,,,,,,,,,
MIN,Minnesota Vikings,00-0014401,Talance Sawyer,EDGE,14,,75,generated_low_confidence,0.33,,,,,,,,,
MIN,Minnesota Vikings,00-0015668,Todd Steussie,LT,14,,75,generated_low_confidence,0.33,,,,,,,,,
MIN,Minnesota Vikings,00-0011249,Corey Miller,LB,14,,74,generated_low_confidence,0.33,,,,,,,,,
MIN,Minnesota Vikings,00-0003112,Duane Clemons,EDGE,14,,74,generated_low_confidence,0.33,,,,,,,,,
MIN,Minnesota Vikings,00-0014135,Dwayne Rudd,LB,14,,74,generated_low_confidence,0.33,,,,,,,,,
MIN,Minnesota Vikings,00-0010784,Ed McDaniel,LB,14,,74,generated_low_confidence,0.33,,,,,,,,,
MIN,Minnesota Vikings,00-0000673,Jerry Ball,DT,14,,74,generated_low_confidence,0.33,,,,,,,,,
MIN,Minnesota Vikings,00-0012925,Joe Phillips,DT,14,,74,generated_low_confidence,0.33,,,,,,,,,
MIN,Minnesota Vikings,00-0018168,Kailee Wong,LB,14,,74,generated_low_confidence,0.33,,,,,,,,,
MIN,Minnesota Vikings,00-0003536,Keith Council,DT,14,,74,generated_low_confidence,0.33,,,,,,,,,
MIN,Minnesota Vikings,00-0008594,Olrick Johnson,LB,14,,74,generated_low_confidence,0.33,,,,,,,,,
MIN,Minnesota Vikings,00-0001151,Pete Bercich,LB,14,,74,generated_low_confidence,0.33,,,,,,,,,
MIN,Minnesota Vikings,00-0007640,Rob Holmberg,LB,14,,74,generated_low_confidence,0.33,,,,,,,,,
MIN,Minnesota Vikings,00-0017945,Tony Williams,DT,14,,74,generated_low_confidence,0.33,,,,,,,,,
MIN,Minnesota Vikings,00-0009542,Corbin Lacina,LG,14,,73,generated_low_confidence,0.33,,,,,,,,,
MIN,Minnesota Vikings,00-0004349,David Dixon,LG,14,,73,generated_low_confidence,0.33,,,,,,,,,
MIN,Minnesota Vikings,00-0002983,Jeff Christy,C,14,,73,generated_low_confidence,0.33,,,,,,,,,
MIN,Minnesota Vikings,00-0011691,Mike Morris,C,14,,73,generated_low_confidence,0.33,,,,,,,,,
MIN,Minnesota Vikings,00-0010790,Randall McDaniel,LG,14,,73,generated_low_confidence,0.33,,,,,,,,,
MIN,Minnesota Vikings,00-0007512,Jimmy Hitchcock,CB,14,,71,generated_low_confidence,0.45,,,,,,,,,
MIN,Minnesota Vikings,00-0006292,Torrian Gray,CB,14,,71,generated_low_confidence,0.45,,,,,,,,,
MIN,Minnesota Vikings,00-0007103,Matt Hatchette,WR,9,9,70,generated_high_confidence,0.78,,,,,,,9,180,2
MIN,Minnesota Vikings,00-0013959,Chris Rogers,CB,14,,66,generated_low_confidence,0.45,,,,,,,,,
MIN,Minnesota Vikings,00-0016207,Keith Thibodeaux,CB,14,,66,generated_low_confidence,0.45,,,,,,,,,
MIN,Minnesota Vikings,00-0008903,Andrew Jordan,TE,5,,63,generated_medium_confidence,0.6,,,,,,,5,40,1
MIN,Minnesota Vikings,00-0003761,Randall Cunningham,QB,6,,63,generated_medium_confidence,0.6,,1436,8,9,58,,,,
MIN,Minnesota Vikings,00-0001545,Todd Bouman,QB,14,,63,generated_low_confidence,0.45,,,,,,,,,
MIN,Minnesota Vikings,00-0018308,Kenny Wright,CB,14,,62,generated_low_confidence,0.45,,,,,,,,,
MIN,Minnesota Vikings,00-0017110,Chris Walsh,WR,3,,61,generated_medium_confidence,0.6,,,,,,,2,24,1
MIN,Minnesota Vikings,00-0018587,Don Morgan,CB,14,,61,generated_low_confidence,0.45,,,,,,,,,
MIN,Minnesota Vikings,00-0003739,Daunte Culpepper,QB,1,,59,generated_medium_confidence,0.6,,,,,6,,,,
MIN,Minnesota Vikings,00-0017892,Moe Williams,RB,7,,59,generated_medium_confidence,0.6,,,,,69,1,1,12,
MIN,Minnesota Vikings,00-0016061,Robert Tate,CB,4,,59,generated_low_confidence,0.45,,,,,4,,1,3,
MIN,Minnesota Vikings,00-0003715,Carlester Crumpler,TE,3,,57,generated_medium_confidence,0.6,,,,,,,2,35,1
MIN,Minnesota Vikings,00-0009323,Jimmy Kleinsasser,RB,6,,55,generated_medium_confidence,0.6,,,,,,,6,13,
MIN,Minnesota Vikings,00-0012515,David Palmer,RB,6,,53,generated_medium_confidence,0.6,,,,,12,,4,25,
MIN,Minnesota Vikings,00-0011333,John Henry Mills,RB,2,,52,generated_medium_confidence,0.6,,,,,,,3,30,
MIN,Minnesota Vikings,00-0011718,Harold Morrow,RB,1,,50,generated_medium_confidence,0.6,,,,,1,,,,
NE,New England Patriots,00-0006043,Terry Glenn,WR,14,14,86,generated_high_confidence,0.78,,,,,,,68,1135,4
NE,New England Patriots,00-0000232,Terry Allen,RB,16,16,85,generated_high_confidence,0.78,,,,,887,8,14,125,1
NE,New England Patriots,00-0001361,Drew Bledsoe,QB,16,16,84,generated_high_confidence,0.78,,3969,19,21,101,,,,
NE,New England Patriots,00-0008313,Shawn Jefferson,WR,16,16,83,generated_high_confidence,0.78,,,,,,,40,698,6
NE,New England Patriots,00-0003142,Ben Coates,TE,15,15,82,generated_high_confidence,0.78,,,,,,,32,370,2
NE,New England Patriots,00-0002720,Chris Carter,S,14,,80,generated_low_confidence,0.45,,,,,,,,,
NE,New England Patriots,00-0017218,Lamont Warren,RB,16,16,78,generated_high_confidence,0.78,,,,,120,,29,262,1
NE,New England Patriots,00-0002068,Troy Brown,WR,12,12,78,generated_high_confidence,0.78,,,,,,,36,471,1
NE,New England Patriots,00-0016919,Adam Vinatieri,K,14,,77,generated_low_confidence,0.45,,,,,,,,,
NE,New England Patriots,00-0011326,Lawyer Milloy,S,14,,76,generated_low_confidence,0.45,,,,,,,,,
NE,New England Patriots,00-0011398,Brandon Mitchell,EDGE,14,,75,generated_low_confidence,0.33,,,,,,,,,
NE,New England Patriots,00-0000429,Bruce Armstrong,LT,14,,75,generated_low_confidence,0.33,,,,,,,,,
NE,New England Patriots,00-0015885,Chris Sullivan,EDGE,14,,75,generated_low_confidence,0.33,,,,,,,,,
NE,New England Patriots,00-0005318,Derrick Fletcher,LT,14,,75,generated_low_confidence,0.33,,,,,,,,,
NE,New England Patriots,00-0004848,Ed Ellis,LT,14,,75,generated_low_confidence,0.33,,,,,,,,,
NE,New England Patriots,00-0003319,Ferric Collons,EDGE,14,,75,generated_low_confidence,0.33,,,,,,,,,
NE,New England Patriots,00-0015477,Greg Spires,EDGE,14,,75,generated_low_confidence,0.33,,,,,,,,,
NE,New England Patriots,00-0003060,Rico Clark,CB,14,,75,generated_low_confidence,0.33,,,,,,,,,
NE,New England Patriots,00-0008063,Steve Israel,CB,14,,75,generated_low_confidence,0.33,,,,,,,,,
NE,New England Patriots,00-0008874,Tebucky Jones,CB,14,,75,generated_low_confidence,0.33,,,,,,,,,
NE,New England Patriots,00-0001247,Terry Billups,CB,14,,75,generated_low_confidence,0.33,,,,,,,,,
NE,New England Patriots,00-0005893,Tony George,CB,14,,75,generated_low_confidence,0.33,,,,,,,,,
NE,New England Patriots,00-0009687,Ty Law,CB,14,,75,generated_low_confidence,0.33,,,,,,,,,
NE,New England Patriots,00-0010872,Willie McGinest,EDGE,14,,75,generated_low_confidence,0.33,,,,,,,,,
NE,New England Patriots,00-0011758,Zefross Moss,LT,14,,75,generated_low_confidence,0.33,,,,,,,,,
NE,New England Patriots,00-0009034,Andy Katzenmoyer,LB,14,,74,generated_low_confidence,0.33,,,,,,,,,
NE,New England Patriots,00-0009489,Bob Kuberski,DT,14,,74,generated_low_confidence,0.33,,,,,,,,,
NE,New England Patriots,00-0004717,Chad Eaton,DT,14,,74,generated_low_confidence,0.33,,,,,,,,,
NE,New England Patriots,00-0015030,Chris Slade,LB,14,,74,generated_low_confidence,0.33,,,,,,,,,
NE,New England Patriots,00-0018605,Corey Ivy,CB,14,,74,generated_low_confidence,0.33,,,,,,,,,
NE,New England Patriots,00-0005990,Cory Gilliard,CB,14,,74,generated_low_confidence,0.33,,,,,,,,,
NE,New England Patriots,00-0016269,Henry Thomas,DT,14,,74,generated_low_confidence,0.33,,,,,,,,,
NE,New England Patriots,00-0018928,J'Juan Cherry,CB,14,,74,generated_low_confidence,0.33,,,,,,,,,
NE,New England Patriots,00-0009420,Jeff Kopp,LB,14,,74,generated_low_confidence,0.33,,,,,,,,,
NE,New England Patriots,00-0014674,Kato Serwanga,CB,14,,74,generated_low_confidence,0.33,,,,,,,,,
NE,New England Patriots,00-0017501,Larry Whigham,CB,14,,74,generated_low_confidence,0.33,,,,,,,,,
NE,New England Patriots,00-0011097,Marc Megna,LB,14,,74,generated_low_confidence,0.33,,,,,,,,,
NE,New England Patriots,00-0011592,Marty Moore,LB,14,,74,generated_low_confidence,0.33,,,,,,,,,
NE,New England Patriots,00-0008629,Ted Johnson,LB,14,,74,generated_low_confidence,0.33,,,,,,,,,
NE,New England Patriots,00-0002123,Tedy Bruschi,LB,14,,74,generated_low_confidence,0.33,,,,,,,,,
NE,New England Patriots,00-0003629,Vernon Crawford,LB,14,,74,generated_low_confidence,0.33,,,,,,,,,
NE,New England Patriots,00-0018234,Damien Woody,C,14,,73,generated_low_confidence,0.33,,,,,,,,,
NE,New England Patriots,00-0008052,Heath Irwin,LG,14,,73,generated_low_confidence,0.33,,,,,,,,,
NE,New England Patriots,00-0000281,Jason Andersen,C,14,,73,generated_low_confidence,0.33,,,,,,,,,
NE,New England Patriots,00-0009604,Max Lane,LG,14,,73,generated_low_confidence,0.33,,,,,,,,,
NE,New England Patriots,00-0014130,Todd Rucci,LG,14,,73,generated_low_confidence,0.33,,,,,,,,,
NE,New England Patriots,00-0005091,Kevin Faulk,RB,11,11,71,generated_high_confidence,0.78,,,,,227,1,12,98,1
NE,New England Patriots,00-0014211,Rod Rutledge,TE,9,9,71,generated_high_confidence,0.78,,,,,,,7,66,
NE,New England Patriots,00-0014918,Tony Simmons,WR,10,10,71,generated_high_confidence,0.78,,,,,,,19,276,2
NE,New England Patriots,00-0001783,Vincent Brisby,WR,11,11,71,generated_high_confidence,0.78,,,,,,,18,266,
NE,New England Patriots,00-0008566,Lee Johnson,P,2,,70,generated_low_confidence,0.45,,,,,13,,,,
NE,New England Patriots,00-0002713,Tony Carter,RB,11,11,70,generated_high_confidence,0.78,,,,,26,,19,104,
NE,New England Patriots,00-0001272,Michael Bishop,QB,14,,68,generated_low_confidence,0.45,,,,,,,,,
NE,New England Patriots,00-0011641,Sean Morey,WR,14,,67,generated_low_confidence,0.45,,,,,,,,,
NE,New England Patriots,00-0005600,John Friesz,QB,1,,66,generated_medium_confidence,0.6,,,,,-2,,,,
NE,New England Patriots,00-0003736,Derrick Cullors,RB,14,,63,generated_low_confidence,0.45,,,,,,,,,
NE,New England Patriots,00-0015153,Devon Smith,TE,14,,63,generated_low_confidence,0.45,,,,,,,,,
NE,New England Patriots,00-0004774,Robert Edwards,RB,14,,63,generated_low_confidence,0.45,,,,,,,,,
NE,New England Patriots,00-0000849,Mike Bartrum,TE,1,,56,generated_medium_confidence,0.6,,,,,,,1,1,1
NE,New England Patriots,00-0005348,Chris Floyd,RB,6,,53,generated_medium_confidence,0.6,,,,,12,,2,16,
NE,New England Patriots,00-0004871,Jerry Ellison,RB,2,,52,generated_medium_confidence,0.6,,,,,10,,4,50,
NE,New England Patriots,00-0014733,Harold Shaw,RB,2,,51,generated_medium_confidence,0.6,,,,,23,,2,31,
NO,New Orleans Saints,00-0009163,Eddie Kennison,WR,16,16,84,generated_high_confidence,0.78,,,,,20,,60,830,4
NO,New Orleans Saints,00-0013097,Keith Poole,WR,15,15,83,generated_high_confidence,0.78,,,,,14,,40,777,6
NO,New Orleans Saints,00-0000261,Ashley Ambrose,CB,14,,82,generated_low_confidence,0.45,,,,,,,,,
NO,New Orleans Saints,00-0002928,Je'Rod Cherry,CB,14,,82,generated_low_confidence,0.45,,,,,,,,,
NO,New Orleans Saints,00-0007093,Andre Hastings,WR,15,15,80,generated_high_confidence,0.78,,,,,4,,40,564,1
NO,New Orleans Saints,00-0017915,Ricky Williams,RB,12,12,80,generated_high_confidence,0.78,,,,,868,2,28,172,
NO,New Orleans Saints,00-0007359,Chris Hewitt,CB,14,,79,generated_low_confidence,0.45,,,,,,,,,
NO,New Orleans Saints,00-0001759,Doug Brien,K,14,,77,generated_low_confidence,0.45,,,,,,,,,
NO,New Orleans Saints,00-0015242,Lamar Smith,RB,13,13,76,generated_high_confidence,0.78,,,,,205,,20,151,1
NO,New Orleans Saints,00-0015106,Brady Smith,EDGE,14,,75,generated_low_confidence,0.33,,,,,,,,,
NO,New Orleans Saints,00-0018615,Bryan LaBelle,LT,14,,75,generated_low_confidence,0.33,,,,,,,,,
NO,New Orleans Saints,00-0003103,Cameron Cleeland,TE,11,11,75,generated_high_confidence,0.78,,,,,,,26,325,1
NO,New Orleans Saints,00-0016178,Daryl Terrell,LT,14,,75,generated_low_confidence,0.33,,,,,,,,,
NO,New Orleans Saints,00-0016539,Jared Tomich,EDGE,14,,75,generated_low_confidence,0.33,,,,,,,,,
NO,New Orleans Saints,00-0008541,Joe Johnson,EDGE,14,,75,generated_low_confidence,0.33,,,,,,,,,
NO,New Orleans Saints,00-0016691,Kyle Turley,LT,14,,75,generated_low_confidence,0.33,,,,,,,,,
NO,New Orleans Saints,00-0018072,Troy Wilson,EDGE,14,,75,generated_low_confidence,0.33,,,,,,,,,
NO,New Orleans Saints,00-0006733,Uhuru Hamiter,EDGE,14,,75,generated_low_confidence,0.33,,,,,,,,,
NO,New Orleans Saints,00-0013791,Willie Roaf,LT,14,,75,generated_low_confidence,0.33,,,,,,,,,
NO,New Orleans Saints,00-0017585,Willie Whitehead,EDGE,14,,75,generated_low_confidence,0.33,,,,,,,,,
NO,New Orleans Saints,00-0013796,Austin Robbins,DT,14,,74,generated_low_confidence,0.33,,,,,,,,,
NO,New Orleans Saints,00-0001502,Chris Bordano,LB,14,,74,generated_low_confidence,0.33,,,,,,,,,
NO,New Orleans Saints,00-0015487,Donnie Spragan,LB,14,,74,generated_low_confidence,0.33,,,,,,,,,
NO,New Orleans Saints,00-0000134,Ink Aleaga,LB,14,,74,generated_low_confidence,0.33,,,,,,,,,
NO,New Orleans Saints,00-0018599,Joe Tuipala,LB,14,,74,generated_low_confidence,0.33,,,,,,,,,
NO,New Orleans Saints,00-0011413,Keith Mitchell,LB,14,,74,generated_low_confidence,0.33,,,,,,,,,
NO,New Orleans Saints,00-0011415,Kevin Mitchell,LB,14,,74,generated_low_confidence,0.33,,,,,,,,,
NO,New Orleans Saints,00-0006051,La'Roi Glover,DT,14,,74,generated_low_confidence,0.33,,,,,,,,,
NO,New Orleans Saints,00-0009925,Marc Lillibridge,LB,14,,74,generated_low_confidence,0.33,,,,,,,,,
NO,New Orleans Saints,00-0005202,Mark Fields,LB,14,,74,generated_low_confidence,0.33,,,,,,,,,
NO,New Orleans Saints,00-0018612,Phil Clarke,LB,14,,74,generated_low_confidence,0.33,,,,,,,,,
NO,New Orleans Saints,00-0018579,Robert Newkirk,DT,14,,74,generated_low_confidence,0.33,,,,,,,,,
NO,New Orleans Saints,00-0015336,Vinson Smith,LB,14,,74,generated_low_confidence,0.33,,,,,,,,,
NO,New Orleans Saints,00-0010479,Wayne Martin,DT,14,,74,generated_low_confidence,0.33,,,,,,,,,
NO,New Orleans Saints,00-0011905,Chris Naeole,LG,14,,73,generated_low_confidence,0.33,,,,,,,,,
NO,New Orleans Saints,00-0005399,Jerry Fontenot,C,14,,73,generated_low_confidence,0.33,,,,,,,,,
NO,New Orleans Saints,00-0002336,Justin Burroughs,C,14,,73,generated_low_confidence,0.33,,,,,,,,,
NO,New Orleans Saints,00-0006628,Mike Halapin,LG,14,,73,generated_low_confidence,0.33,,,,,,,,,
NO,New Orleans Saints,00-0009120,Rob Kelly,S,14,,73,generated_low_confidence,0.33,,,,,,,,,
NO,New Orleans Saints,00-0007937,Robert Hunt,LG,14,,73,generated_low_confidence,0.33,,,,,,,,,
NO,New Orleans Saints,00-0009357,Sammy Knight,S,14,,73,generated_low_confidence,0.33,,,,,,,,,
NO,New Orleans Saints,00-0000032,Tom Ackerman,LG,14,,73,generated_low_confidence,0.33,,,,,,,,,
NO,New Orleans Saints,00-0017954,Wally Williams,LG,14,,73,generated_low_confidence,0.33,,,,,,,,,
NO,New Orleans Saints,00-0003093,Willie Clay,S,14,,73,generated_low_confidence,0.33,,,,,,,,,
NO,New Orleans Saints,00-0011470,Alex Molden,CB,14,,71,generated_low_confidence,0.45,,,,,,,,,
NO,New Orleans Saints,00-0007530,Billy Joe Hobert,QB,9,9,71,generated_high_confidence,0.78,,965,6,5,47,1,,,
NO,New Orleans Saints,00-0016534,Billy Joe Tolliver,QB,10,10,71,generated_high_confidence,0.78,,1897,7,13,135,3,,,
NO,New Orleans Saints,00-0017341,Fred Weary,CB,14,,71,generated_low_confidence,0.45,,,,,,,,,
NO,New Orleans Saints,00-0003610,Aaron Craver,RB,11,11,70,generated_high_confidence,0.78,,,,,37,,19,154,
NO,New Orleans Saints,00-0004079,Lawrence Dawsey,WR,8,8,69,generated_high_confidence,0.78,,,,,,,16,196,1
NO,New Orleans Saints,00-0000811,Tommy Barnhardt,P,1,,69,generated_low_confidence,0.45,,,,,4,,,,
NO,New Orleans Saints,p-j-franklin,P.J. Franklin,WR,14,,67,generated_low_confidence,0.45,,,,,,,,,
NO,New Orleans Saints,00-0018614,Corey Harris,CB,14,,66,generated_low_confidence,0.45,,,,,,,,,
NO,New Orleans Saints,00-0017920,Robert Williams,CB,14,,66,generated_low_confidence,0.45,,,,,,,,,
NO,New Orleans Saints,00-0015053,Scott Slutzker,TE,7,,66,generated_medium_confidence,0.6,,,,,,,11,164,1
NO,New Orleans Saints,00-0005073,John Farquhar,TE,14,,63,generated_low_confidence,0.45,,,,,,,,,
NO,New Orleans Saints,00-0005732,Kendall Gammon,TE,14,,63,generated_low_confidence,0.45,,,,,,,,,
NO,New Orleans Saints,00-0000969,Brett Bech,WR,6,,62,generated_medium_confidence,0.6,,,,,,,4,65,1
NO,New Orleans Saints,00-0017662,Josh Wilcox,TE,4,,58,generated_medium_confidence,0.6,,,,,,,6,61,
NO,New Orleans Saints,00-0004519,Tyronne Drakeford,CB,1,,58,generated_low_confidence,0.45,,,,,,,,,
NO,New Orleans Saints,00-0018333,Danny Wuerffel,QB,4,,56,generated_medium_confidence,0.6,,187,,3,29,1,,,
NO,New Orleans Saints,00-0004060,Troy Davis,RB,6,,54,generated_medium_confidence,0.6,,,,,32,,5,49,
NO,New Orleans Saints,00-0012832,Wilmont Perry,RB,5,,54,generated_medium_confidence,0.6,,,,,180,,4,26,
NO,New Orleans Saints,00-0012946,Dino Philyaw,RB,3,,52,generated_medium_confidence,0.6,,,,,16,,2,23,
NO,New Orleans Saints,00-0013173,Marvin Powell,RB,2,,51,generated_medium_confidence,0.6,,,,,1,,,,
NO,New Orleans Saints,00-0004161,Jake Delhomme,QB,2,,50,generated_medium_confidence,0.6,,521,3,5,72,2,,,
NYG,New York Giants,00-0016550,Amani Toomer,WR,16,16,90,generated_high_confidence,0.78,,,,,4,,79,1183,6
NYG,New York Giants,00-0011425,Pete Mitchell,TE,15,15,87,generated_high_confidence,0.78,,,,,,,58,520,3
NYG,New York Giants,00-0007468,Ike Hilliard,WR,16,16,85,generated_high_confidence,0.78,,,,,16,,72,996,3
NYG,New York Giants,00-0000745,Tiki Barber,RB,16,16,83,generated_high_confidence,0.78,,,,,253,,66,609,2
NYG,New York Giants,00-0008703,Cedric Jones,EDGE,14,,82,generated_low_confidence,0.45,,,,,,,,,
NYG,New York Giants,00-0004875,Percy Ellsworth,S,14,,80,generated_low_confidence,0.45,,,,,,,,,
NYG,New York Giants,00-0015795,Michael Strahan,EDGE,14,,79,generated_low_confidence,0.45,,,,,,,,,
NYG,New York Giants,00-0010609,Brad Maynard,P,14,,77,generated_low_confidence,0.45,,,,,,,,,
NYG,New York Giants,00-0003681,Howard Cross,TE,13,13,77,generated_high_confidence,0.78,,,,,,,9,55,
NYG,New York Giants,00-0008962,Joe Jurevicius,WR,13,13,76,generated_high_confidence,0.78,,,,,,,18,318,1
NYG,New York Giants,00-0005785,Sam Garnes,S,14,,76,generated_low_confidence,0.45,,,,,,,,,
NYG,New York Giants,00-0017342,Andre Weathers,CB,14,,75,generated_low_confidence,0.33,,,,,,,,,
NYG,New York Giants,00-0009833,Bashir Levingston,CB,14,,75,generated_low_confidence,0.33,,,,,,,,,
NYG,New York Giants,00-0014315,Brandon Sanders,CB,14,,75,generated_low_confidence,0.33,,,,,,,,,
NYG,New York Giants,00-0006711,Conrad Hamilton,CB,14,,75,generated_low_confidence,0.33,,,,,,,,,
NYG,New York Giants,00-0010785,Emmanuel McDaniel,CB,14,,75,generated_low_confidence,0.33,,,,,,,,,
NYG,New York Giants,00-0014637,Jason Sehorn,CB,14,,75,generated_low_confidence,0.33,,,,,,,,,
NYG,New York Giants,00-0017621,Jason Whittle,LT,14,,75,generated_low_confidence,0.33,,,,,,,,,
NYG,New York Giants,00-0009933,Jeremy Lincoln,CB,14,,75,generated_low_confidence,0.33,,,,,,,,,
NYG,New York Giants,00-0017460,Lyle West,CB,14,,75,generated_low_confidence,0.33,,,,,,,,,
NYG,New York Giants,00-0015437,Phillippi Sparks,CB,14,,75,generated_low_confidence,0.33,,,,,,,,,
NYG,New York Giants,00-0012293,Roman Oben,LT,14,,75,generated_low_confidence,0.33,,,,,,,,,
NYG,New York Giants,00-0005723,Scott Galyon,LB,14,,75,generated_low_confidence,0.33,,,,,,,,,
NYG,New York Giants,00-0006196,Scott Gragg,LT,14,,75,generated_low_confidence,0.33,,,,,,,,,
NYG,New York Giants,00-0017930,Shaun Williams,CB,14,,75,generated_low_confidence,0.33,,,,,,,,,
NYG,New York Giants,00-0011899,Toby Myles,LT,14,,75,generated_low_confidence,0.33,,,,,,,,,
NYG,New York Giants,00-0007667,Bernard Holsey,DT,14,,74,generated_low_confidence,0.33,,,,,,,,,
NYG,New York Giants,00-0012841,Christian Peter,DT,14,,74,generated_low_confidence,0.33,,,,,,,,,
NYG,New York Giants,00-0017630,Corey Widmer,LB,14,,74,generated_low_confidence,0.33,,,,,,,,,
NYG,New York Giants,00-0012642,David Patten,WR,13,13,74,generated_high_confidence,0.78,,,,,27,,9,115,
NYG,New York Giants,00-0017799,George Williams,DT,14,,74,generated_low_confidence,0.33,,,,,,,,,
NYG,New York Giants,00-0000426,Jessie Armstead,LB,14,,74,generated_low_confidence,0.33,,,,,,,,,
NYG,New York Giants,00-0006719,Keith Hamilton,DT,14,,74,generated_low_confidence,0.33,,,,,,,,,
NYG,New York Giants,00-0002184,Marcus Buckley,LB,14,,74,generated_low_confidence,0.33,,,,,,,,,
NYG,New York Giants,00-0002946,O.J. Childress,LB,14,,74,generated_low_confidence,0.33,,,,,,,,,
NYG,New York Giants,00-0011516,Pete Monty,LB,14,,74,generated_low_confidence,0.33,,,,,,,,,
NYG,New York Giants,00-0006991,Robert Harris,DT,14,,74,generated_low_confidence,0.33,,,,,,,,,
NYG,New York Giants,00-0006631,Ryan Hale,DT,14,,74,generated_low_confidence,0.33,,,,,,,,,
NYG,New York Giants,00-0012940,Ryan Phillips,LB,14,,74,generated_low_confidence,0.33,,,,,,,,,
NYG,New York Giants,00-0017735,Brian Williams,C,14,,73,generated_low_confidence,0.33,,,,,,,,,
NYG,New York Giants,00-0004909,Derek Engler,C,14,,73,generated_low_confidence,0.33,,,,,,,,,
NYG,New York Giants,00-0014562,Lance Scott,C,14,,73,generated_low_confidence,0.33,,,,,,,,,
NYG,New York Giants,00-0012879,Luke Petitgout,LG,14,,73,generated_low_confidence,0.33,,,,,,,,,
NYG,New York Giants,00-0014047,Mike Rosenthal,LG,14,,73,generated_low_confidence,0.33,,,,,,,,,
NYG,New York Giants,00-0015761,Ron Stone,LG,14,,73,generated_low_confidence,0.33,,,,,,,,,
NYG,New York Giants,00-0003841,Brad Daluiso,K,14,,72,generated_low_confidence,0.33,,,,,,,,,
NYG,New York Giants,00-0001343,Cary Blanchard,K,14,,72,generated_low_confidence,0.33,,,,,,,,,
NYG,New York Giants,00-0006212,Kent Graham,QB,9,9,72,generated_high_confidence,0.78,,1697,9,8,111,1,1,-1,
NYG,New York Giants,00-0003292,Kerry Collins,QB,10,10,72,generated_high_confidence,0.78,,2318,8,10,36,2,,,
NYG,New York Giants,00-0017337,Charles Way,RB,11,11,71,generated_high_confidence,0.78,,,,,141,2,11,59,
NYG,New York Giants,00-0008570,LeShon Johnson,RB,8,8,70,generated_high_confidence,0.78,,,,,143,2,12,86,1
NYG,New York Giants,00-0002930,Mike Cherry,QB,14,,68,generated_low_confidence,0.45,,,,,,,,,
NYG,New York Giants,00-0001112,Sean Bennett,RB,8,8,68,generated_high_confidence,0.78,,,,,126,1,4,27,
NYG,New York Giants,00-0012415,Chris Ortiz,WR,14,,67,generated_low_confidence,0.45,,,,,,,,,
NYG,New York Giants,00-0002565,Dan Campbell,TE,1,,63,generated_low_confidence,0.45,,,,,,,,,
NYG,New York Giants,00-0000172,Brian Alford,WR,2,,60,generated_medium_confidence,0.6,,,,,,,1,7,1
NYG,New York Giants,00-0016296,Mark Thomas,TE,1,,59,generated_low_confidence,0.45,,,,,,,,,
NYG,New York Giants,00-0011506,Joe Montgomery,RB,6,,56,generated_medium_confidence,0.6,,,,,348,3,,,
NYG,New York Giants,00-0003344,Greg Comella,RB,4,,55,generated_medium_confidence,0.6,,,,,,,8,39,
NYG,New York Giants,00-0001938,Gary Brown,RB,3,,53,generated_medium_confidence,0.6,,,,,170,,2,2,
NYJ,New York Jets,00-0008561,Keyshawn Johnson,WR,16,16,92,generated_high_confidence,0.78,,,,,6,,88,1166,8
NYJ,New York Jets,00-0010442,Curtis Martin,RB,16,16,89,generated_high_confidence,0.78,,,,,1453,5,45,259,
NYJ,New York Jets,00-0017160,Dedric Ward,WR,16,16,78,generated_high_confidence,0.78,,,,,,,22,325,3
NYJ,New York Jets,00-0006662,John Hall,K,14,,77,generated_low_confidence,0.45,,,,,,,,,
NYJ,New York Jets,00-0000339,Richie Anderson,RB,16,16,77,generated_high_confidence,0.78,,,,,84,,29,302,3
NYJ,New York Jets,00-0010137,Ray Lucas,QB,9,9,76,generated_high_confidence,0.78,,1669,14,6,144,1,,,
NYJ,New York Jets,00-0002962,Wayne Chrebet,WR,11,11,76,generated_high_confidence,0.78,,,,,,,47,622,3
NYJ,New York Jets,00-0006034,Aaron Glenn,CB,14,,75,generated_low_confidence,0.33,,,,,,,,,
NYJ,New York Jets,00-0013029,Anthony Pleasant,EDGE,14,,75,generated_low_confidence,0.33,,,,,,,,,
NYJ,New York Jets,00-0012603,Bernie Parmalee,RB,14,14,75,generated_high_confidence,0.78,,,,,133,,13,97,
NYJ,New York Jets,00-0006708,Bobby Hamilton,EDGE,14,,75,generated_low_confidence,0.33,,,,,,,,,
NYJ,New York Jets,00-0003572,Bryan Cox,LB,14,,75,generated_low_confidence,0.33,,,,,,,,,
NYJ,New York Jets,00-0003718,Buddy Crutchfield,CB,14,,75,generated_low_confidence,0.33,,,,,,,,,
NYJ,New York Jets,00-0003825,Casey Dailey,LB,14,,75,generated_low_confidence,0.33,,,,,,,,,
NYJ,New York Jets,00-0002784,Chad Cascadden,LB,14,,75,generated_low_confidence,0.33,,,,,,,,,
NYJ,New York Jets,00-0009748,Del Lee,CB,14,,75,generated_low_confidence,0.33,,,,,,,,,
NYJ,New York Jets,00-0001488,Dorian Boose,EDGE,14,,75,generated_low_confidence,0.33,,,,,,,,,
NYJ,New York Jets,00-0006149,Dwayne Gordon,LB,14,,75,generated_low_confidence,0.33,,,,,,,,,
NYJ,New York Jets,00-0012320,Eric Ogbogu,EDGE,14,,75,generated_low_confidence,0.33,,,,,,,,,
NYJ,New York Jets,00-0013366,Ian Rafferty,LT,14,,75,generated_low_confidence,0.33,,,,,,,,,
NYJ,New York Jets,00-0015999,J.J. Syvrud,LB,14,,75,generated_low_confidence,0.33,,,,,,,,,
NYJ,New York Jets,00-0005082,James Farrior,LB,14,,75,generated_low_confidence,0.33,,,,,,,,,
NYJ,New York Jets,00-0005031,Jason Fabini,LT,14,,75,generated_low_confidence,0.33,,,,,,,,,
NYJ,New York Jets,00-0018078,Jason Wiltz,DT,14,,75,generated_low_confidence,0.33,,,,,,,,,
NYJ,New York Jets,00-0004836,Jumbo Elliott,LT,14,,75,generated_low_confidence,0.33,,,,,,,,,
NYJ,New York Jets,00-0017861,Kevin Williams,CB,14,,75,generated_low_confidence,0.33,,,,,,,,,
NYJ,New York Jets,00-0003231,Marcus Coleman,CB,14,,75,generated_low_confidence,0.33,,,,,,,,,
NYJ,New York Jets,00-0008819,Marvin Jones,LB,14,,75,generated_low_confidence,0.33,,,,,,,,,
NYJ,New York Jets,00-0009886,Mo Lewis,LB,14,,75,generated_low_confidence,0.33,,,,,,,,,
NYJ,New York Jets,00-0015270,Otis Smith,CB,14,,75,generated_low_confidence,0.33,,,,,,,,,
NYJ,New York Jets,00-0011186,Ray Mickens,CB,14,,75,generated_low_confidence,0.33,,,,,,,,,
NYJ,New York Jets,00-0010175,Rick Lyle,EDGE,14,,75,generated_low_confidence,0.33,,,,,,,,,
NYJ,New York Jets,00-0012909,Roman Phifer,LB,14,,75,generated_low_confidence,0.33,,,,,,,,,
NYJ,New York Jets,00-0018440,Ryan Young,LT,14,,75,generated_low_confidence,0.33,,,,,,,,,
NYJ,New York Jets,00-0010293,Siupeli Malamala,LT,14,,75,generated_low_confidence,0.33,,,,,,,,,
NYJ,New York Jets,00-0012287,Dennis O'Sullivan,DT,14,,74,generated_low_confidence,0.33,,,,,,,,,
NYJ,New York Jets,00-0010028,Ernie Logan,DT,14,,74,generated_low_confidence,0.33,,,,,,,,,
NYJ,New York Jets,00-0005150,Jason Ferguson,DT,14,,74,generated_low_confidence,0.33,,,,,,,,,
NYJ,New York Jets,00-0007143,Chris Hayes,S,14,,73,generated_low_confidence,0.33,,,,,,,,,
NYJ,New York Jets,00-0010105,David Loverne,LG,14,,73,generated_low_confidence,0.33,,,,,,,,,
NYJ,New York Jets,00-0010222,J.P. Machado,LG,14,,73,generated_low_confidence,0.33,,,,,,,,,
NYJ,New York Jets,00-0007857,John Hudson,C,14,,73,generated_low_confidence,0.33,,,,,,,,,
NYJ,New York Jets,00-0008351,Kerry Jenkins,LG,14,,73,generated_low_confidence,0.33,,,,,,,,,
NYJ,New York Jets,00-0010577,Kevin Mawae,C,14,,73,generated_low_confidence,0.33,,,,,,,,,
NYJ,New York Jets,00-0006009,Mike Gisler,C,14,,73,generated_low_confidence,0.33,,,,,,,,,
NYJ,New York Jets,00-0015781,Omar Stoutmire,S,14,,73,generated_low_confidence,0.33,,,,,,,,,
NYJ,New York Jets,00-0016310,Randy Thomas,LG,14,,73,generated_low_confidence,0.33,,,,,,,,,
NYJ,New York Jets,00-0005609,Scott Frost,S,14,,73,generated_low_confidence,0.33,,,,,,,,,
NYJ,New York Jets,00-0000500,Steve Atwater,S,14,,73,generated_low_confidence,0.33,,,,,,,,,
NYJ,New York Jets,00-0006356,Victor Green,S,14,,73,generated_low_confidence,0.33,,,,,,,,,
NYJ,New York Jets,00-0000911,Fred Baxter,TE,10,10,72,generated_high_confidence,0.78,,,,,,,8,66,2
NYJ,New York Jets,00-0016683,Tom Tupa,P,2,,70,generated_low_confidence,0.45,,165,2,,8,,,,
NYJ,New York Jets,00-0015759,Dwight Stone,WR,5,,69,generated_low_confidence,0.45,,,,,27,,,,
NYJ,New York Jets,00-0004705,Quinn Early,WR,9,9,68,generated_high_confidence,0.78,,,,,,,6,83,
NYJ,New York Jets,00-0006324,Eric Green,TE,7,,66,generated_medium_confidence,0.6,,,,,,,7,37,2
NYJ,New York Jets,00-0005071,Robert Farmer,RB,14,,63,generated_low_confidence,0.45,,,,,,,,,
NYJ,New York Jets,00-0011378,Rick Mirer,QB,7,,62,generated_medium_confidence,0.6,,1042,5,9,89,1,,,
NYJ,New York Jets,00-0016193,Vinny Testaverde,QB,1,,55,generated_medium_confidence,0.6,,96,1,1,,,,,
NYJ,New York Jets,00-0015452,Blake Spence,RB,4,,53,generated_medium_confidence,0.6,,,,,,,3,15,1
NYJ,New York Jets,00-0015420,Jerald Sowell,RB,2,,51,generated_medium_confidence,0.6,,,,,5,,,,
NYJ,New York Jets,00-0008568,Leon Johnson,RB,1,,50,generated_medium_confidence,0.6,,,,,2,,,,
PHI,Philadelphia Eagles,00-0015523,Duce Staley,RB,16,16,87,generated_high_confidence,0.78,,,,,1257,4,41,294,2
PHI,Philadelphia Eagles,00-0001862,Luther Broughton,TE,16,16,83,generated_high_confidence,0.78,,,,,,,26,295,4
PHI,Philadelphia Eagles,00-0003422,Rashard Cook,CB,14,,83,generated_low_confidence,0.45,,,,,,,,,
PHI,Philadelphia Eagles,00-0001526,Jason Bostic,CB,14,,82,generated_low_confidence,0.45,,,,,,,,,
PHI,Philadelphia Eagles,00-0015063,Torrance Small,WR,15,15,82,generated_high_confidence,0.78,,,,,,,48,636,4
PHI,Philadelphia Eagles,00-0006915,Al Harris,CB,14,,79,generated_low_confidence,0.45,,,,,,,,,
PHI,Philadelphia Eagles,00-0017356,Jed Weaver,TE,13,13,77,generated_high_confidence,0.78,,,,,,,11,91,
PHI,Philadelphia Eagles,00-0009584,Sean Landeta,P,14,,77,generated_low_confidence,0.45,,,,,,,,,
PHI,Philadelphia Eagles,00-0008329,Dietrich Jells,WR,14,14,76,generated_high_confidence,0.78,,,,,,,10,180,2
PHI,Philadelphia Eagles,00-0017077,Al Wallace,EDGE,14,,75,generated_low_confidence,0.33,,,,,,,,,
PHI,Philadelphia Eagles,00-0005763,Barry Gardner,LB,14,,75,generated_low_confidence,0.33,,,,,,,,,
PHI,Philadelphia Eagles,00-0017594,Brandon Whiting,DT,14,,75,generated_low_confidence,0.33,,,,,,,,,
PHI,Philadelphia Eagles,00-0008306,Greg Jefferson,EDGE,14,,75,generated_low_confidence,0.33,,,,,,,,,
PHI,Philadelphia Eagles,00-0016271,Hollis Thomas,DT,14,,75,generated_low_confidence,0.33,,,,,,,,,
PHI,Philadelphia Eagles,00-0004470,Hugh Douglas,EDGE,14,,75,generated_low_confidence,0.33,,,,,,,,,
PHI,Philadelphia Eagles,00-0013535,Ike Reese,LB,14,,75,generated_low_confidence,0.33,,,,,,,,,
PHI,Philadelphia Eagles,00-0003902,James Darling,LB,14,,75,generated_low_confidence,0.33,,,,,,,,,
PHI,Philadelphia Eagles,00-0016624,Jeremiah Trotter,LB,14,,75,generated_low_confidence,0.33,,,,,,,,,
PHI,Philadelphia Eagles,00-0010595,Jermane Mayberry,LT,14,,75,generated_low_confidence,0.33,,,,,,,,,
PHI,Philadelphia Eagles,00-0017410,John Welbourn,LT,14,,75,generated_low_confidence,0.33,,,,,,,,,
PHI,Philadelphia Eagles,00-0006398,Kelly Gregg,DT,14,,75,generated_low_confidence,0.33,,,,,,,,,
PHI,Philadelphia Eagles,00-0012512,Lonnie Palelei,LT,14,,75,generated_low_confidence,0.33,,,,,,,,,
PHI,Philadelphia Eagles,00-0017492,Mark Wheeler,DT,14,,75,generated_low_confidence,0.33,,,,,,,,,
PHI,Philadelphia Eagles,00-0002518,Mike Caldwell,LB,14,,75,generated_low_confidence,0.33,,,,,,,,,
PHI,Philadelphia Eagles,00-0010318,Mike Mamula,EDGE,14,,75,generated_low_confidence,0.33,,,,,,,,,
PHI,Philadelphia Eagles,00-0014063,Oliver Ross,LT,14,,75,generated_low_confidence,0.33,,,,,,,,,
PHI,Philadelphia Eagles,00-0004031,Pernell Davis,DT,14,,75,generated_low_confidence,0.33,,,,,,,,,
PHI,Philadelphia Eagles,00-0010472,Steve Martin,DT,14,,75,generated_low_confidence,0.33,,,,,,,,,
PHI,Philadelphia Eagles,00-0016334,Tra Thomas,LT,14,,75,generated_low_confidence,0.33,,,,,,,,,
PHI,Philadelphia Eagles,00-0017947,Tyrone M. Williams,EDGE,14,,75,generated_low_confidence,0.33,,,,,,,,,
PHI,Philadelphia Eagles,00-0016340,William Thomas,LB,14,,75,generated_low_confidence,0.33,,,,,,,,,
PHI,Philadelphia Eagles,00-0004073,Brian Dawkins,S,14,,73,generated_low_confidence,0.33,,,,,,,,,
PHI,Philadelphia Eagles,00-0011241,Bubba Miller,C,14,,73,generated_low_confidence,0.33,,,,,,,,,
PHI,Philadelphia Eagles,00-0008454,Charles Johnson,WR,11,11,73,generated_high_confidence,0.78,,,,,,,33,400,1
PHI,Philadelphia Eagles,00-0011545,Damon Moore,S,14,,73,generated_low_confidence,0.33,,,,,,,,,
PHI,Philadelphia Eagles,00-0004257,David Diaz-Infante,LG,14,,73,generated_low_confidence,0.33,,,,,,,,,
PHI,Philadelphia Eagles,00-0011022,Donovan McNabb,QB,11,11,73,generated_high_confidence,0.78,,934,8,6,309,,1,-6,
PHI,Philadelphia Eagles,00-0002160,Doug Brzezinski,LG,14,,73,generated_low_confidence,0.33,,,,,,,,,
PHI,Philadelphia Eagles,00-0004168,Jeff Dellenbach,LG,14,,73,generated_low_confidence,0.33,,,,,,,,,
PHI,Philadelphia Eagles,00-0014433,Ryan Schau,LG,14,,73,generated_low_confidence,0.33,,,,,,,,,
PHI,Philadelphia Eagles,00-0005020,Steve Everitt,C,14,,73,generated_low_confidence,0.33,,,,,,,,,
PHI,Philadelphia Eagles,00-0007108,Tim Hauck,S,14,,73,generated_low_confidence,0.33,,,,,,,,,
PHI,Philadelphia Eagles,00-0000108,David Akers,K,14,,72,generated_low_confidence,0.33,,,,,,,,,
PHI,Philadelphia Eagles,00-0008593,Norm Johnson,K,14,,72,generated_low_confidence,0.33,,,,,,,,,
PHI,Philadelphia Eagles,00-0016082,Bobby Taylor,CB,14,,71,generated_low_confidence,0.45,,,,,,,,,
PHI,Philadelphia Eagles,00-0012726,Doug Pederson,QB,10,10,71,generated_high_confidence,0.78,,1257,7,9,31,,,,
PHI,Philadelphia Eagles,00-0006965,Kenny Harris,CB,14,,71,generated_low_confidence,0.45,,,,,,,,,
PHI,Philadelphia Eagles,00-0010436,Cecil Martin,RB,8,8,69,generated_high_confidence,0.78,,,,,3,,11,22,
PHI,Philadelphia Eagles,00-0004463,Dameane Douglas,WR,8,8,69,generated_high_confidence,0.78,,,,,,,8,79,1
PHI,Philadelphia Eagles,00-0002005,Na Brown,WR,8,8,69,generated_high_confidence,0.78,,,,,,,18,188,1
PHI,Philadelphia Eagles,00-0016924,Troy Vincent,CB,14,,66,generated_low_confidence,0.45,,,,,,,,,
PHI,Philadelphia Eagles,00-0016821,Alex Van Dyke,WR,1,,63,generated_low_confidence,0.45,,,,,,,,,
PHI,Philadelphia Eagles,00-0000466,Jamie Asher,TE,14,,63,generated_low_confidence,0.45,,,,,,,,,
PHI,Philadelphia Eagles,00-0014977,Kaseem Sinceno,TE,14,,63,generated_low_confidence,0.45,,,,,,,,,
PHI,Philadelphia Eagles,00-0014071,Allen Rossum,CB,1,,62,generated_low_confidence,0.45,,,,,,,,,
PHI,Philadelphia Eagles,00-0009842,Chad Lewis,TE,6,,60,generated_medium_confidence,0.6,,,,,,,7,76,3
PHI,Philadelphia Eagles,00-0016723,Kevin Turner,RB,7,,59,generated_medium_confidence,0.6,,,,,15,,9,46,
PHI,Philadelphia Eagles,00-0004229,Koy Detmer,QB,1,,54,generated_medium_confidence,0.6,,181,3,2,-2,,,,
PHI,Philadelphia Eagles,00-0015331,Troy Smith,WR,1,,54,generated_medium_confidence,0.6,,,,,,,1,14,
PHI,Philadelphia Eagles,00-0001233,Eric Bieniemy,RB,5,,53,generated_medium_confidence,0.6,,,,,75,1,2,28,
PHI,Philadelphia Eagles,00-0017301,Edwin Watson,RB,2,,51,generated_medium_confidence,0.6,,,,,17,,,,
PIT,Pittsburgh Steelers,00-0001215,Jerome Bettis,RB,16,16,86,generated_high_confidence,0.78,,21,1,,1082,7,21,110,
PIT,Pittsburgh Steelers,00-0017162,Hines Ward,WR,16,16,85,generated_high_confidence,0.78,,,,,-2,,60,596,7
PIT,Pittsburgh Steelers,00-0004780,Troy Edwards,WR,16,16,84,generated_high_confidence,0.78,,,,,,,61,714,5
PIT,Pittsburgh Steelers,00-0001875,Anthony Brown,LT,14,,82,generated_low_confidence,0.45,,,,,,,,,
PIT,Pittsburgh Steelers,00-0003388,Chris Conrad,LT,14,,82,generated_low_confidence,0.45,,,,,,,,,
PIT,Pittsburgh Steelers,00-0004901,Carlos Emmons,LB,14,,81,generated_low_confidence,0.45,,,,,,,,,
PIT,Pittsburgh Steelers,00-0005176,John Fiala,LB,14,,81,generated_low_confidence,0.45,,,,,,,,,
PIT,Pittsburgh Steelers,00-0007969,Richard Huntley,RB,16,16,81,generated_high_confidence,0.78,,,,,571,5,26,235,3
PIT,Pittsburgh Steelers,00-0004059,Travis Davis,S,14,,81,generated_low_confidence,0.45,,,,,,,,,
PIT,Pittsburgh Steelers,00-0004085,Dermontti Dawson,C,14,,80,generated_low_confidence,0.45,,,,,,,,,
PIT,Pittsburgh Steelers,00-0005967,Jason Gildon,LB,14,,78,generated_low_confidence,0.45,,,,,,,,,
PIT,Pittsburgh Steelers,00-0015700,Kordell Stewart,QB,15,15,78,generated_high_confidence,0.78,,1422,6,10,256,2,9,113,1
PIT,Pittsburgh Steelers,00-0002102,Mark Bruener,TE,13,13,78,generated_high_confidence,0.78,,,,,,,18,176,
PIT,Pittsburgh Steelers,00-0005058,Alan Faneca,LG,14,,77,generated_low_confidence,0.45,,,,,,,,,
PIT,Pittsburgh Steelers,00-0001980,Kris Brown,K,14,,77,generated_low_confidence,0.45,,,,,,,,,
PIT,Pittsburgh Steelers,00-0004586,Roger Duffy,C,14,,77,generated_low_confidence,0.45,,,,,,,,,
PIT,Pittsburgh Steelers,00-0005346,Lee Flowers,S,14,,76,generated_low_confidence,0.45,,,,,,,,,
PIT,Pittsburgh Steelers,00-0010116,Reggie Lowe,EDGE,14,,76,generated_low_confidence,0.33,,,,,,,,,
PIT,Pittsburgh Steelers,00-0015080,Aaron Smith,EDGE,14,,75,generated_low_confidence,0.33,,,,,,,,,
PIT,Pittsburgh Steelers,00-0014539,Chad Scott,CB,14,,75,generated_low_confidence,0.33,,,,,,,,,
PIT,Pittsburgh Steelers,00-0012340,Chris Oldham,CB,14,,75,generated_low_confidence,0.33,,,,,,,,,
PIT,Pittsburgh Steelers,00-0016577,Deshea Townsend,CB,14,,75,generated_low_confidence,0.33,,,,,,,,,
PIT,Pittsburgh Steelers,00-0017241,Dewayne Washington,CB,14,,75,generated_low_confidence,0.33,,,,,,,,,
PIT,Pittsburgh Steelers,00-0001933,Ernie Brown,EDGE,14,,75,generated_low_confidence,0.33,,,,,,,,,
PIT,Pittsburgh Steelers,00-0014902,Jason Simmons,CB,14,,75,generated_low_confidence,0.33,,,,,,,,,
PIT,Pittsburgh Steelers,00-0015506,Jeremy Staat,DT,14,,75,generated_low_confidence,0.33,,,,,,,,,
PIT,Pittsburgh Steelers,00-0015603,Joel Steed,DT,14,,75,generated_low_confidence,0.33,,,,,,,,,
PIT,Pittsburgh Steelers,00-0007296,Kevin Henry,EDGE,14,,75,generated_low_confidence,0.33,,,,,,,,,
PIT,Pittsburgh Steelers,00-0001981,Lance Brown,CB,14,,75,generated_low_confidence,0.33,,,,,,,,,
PIT,Pittsburgh Steelers,00-0018926,Mike Schneck,CB,14,,75,generated_low_confidence,0.33,,,,,,,,,
PIT,Pittsburgh Steelers,00-0007026,Nolan Harrison,DT,14,,75,generated_low_confidence,0.33,,,,,,,,,
PIT,Pittsburgh Steelers,00-0014116,Orpheus Roye,EDGE,14,,75,generated_low_confidence,0.33,,,,,,,,,
PIT,Pittsburgh Steelers,00-0014810,Scott Shields,CB,14,,75,generated_low_confidence,0.33,,,,,,,,,
PIT,Pittsburgh Steelers,00-0018141,Jon Witman,RB,13,13,74,generated_high_confidence,0.78,,,,,18,,12,106,
PIT,Pittsburgh Steelers,00-0014729,Bobby Shaw,WR,9,9,73,generated_high_confidence,0.78,,,,,,,27,376,3
PIT,Pittsburgh Steelers,00-0007120,Courtney Hawkins,WR,11,11,72,generated_high_confidence,0.78,,,,,,,30,285,
PIT,Pittsburgh Steelers,00-0016538,Mike Tomczak,QB,9,9,72,generated_high_confidence,0.78,,1596,12,8,19,,,,
PIT,Pittsburgh Steelers,00-0011279,Josh Miller,P,2,,71,generated_low_confidence,0.45,,,,,-9,,,,
PIT,Pittsburgh Steelers,00-0005084,Kris Farris,LT,14,,70,generated_low_confidence,0.45,,,,,,,,,
PIT,Pittsburgh Steelers,00-0013155,Shar Pourdanesh,LT,14,,70,generated_low_confidence,0.45,,,,,,,,,
PIT,Pittsburgh Steelers,00-0005736,Wayne Gandy,LT,14,,70,generated_low_confidence,0.45,,,,,,,,,
PIT,Pittsburgh Steelers,00-0001317,Will Blackwell,WR,10,10,70,generated_high_confidence,0.78,,,,,,,20,186,
PIT,Pittsburgh Steelers,00-0015522,Brenden Stai,LG,14,,69,generated_low_confidence,0.45,,,,,,,,,
PIT,Pittsburgh Steelers,00-0009125,Chad Kelsay,LB,14,,69,generated_low_confidence,0.45,,,,,,,,,
PIT,Pittsburgh Steelers,00-0007652,Earl Holmes,LB,14,,69,generated_low_confidence,0.45,,,,,,,,,
PIT,Pittsburgh Steelers,00-0016205,Ryan Thelwell,WR,14,,67,generated_low_confidence,0.45,,,,,,,,,
PIT,Pittsburgh Steelers,00-0013126,Joey Porter,LB,14,,65,generated_low_confidence,0.45,,,,,,,,,
PIT,Pittsburgh Steelers,00-0015843,Justin Strzelczyk,LT,14,,65,generated_low_confidence,0.45,,,,,,,,,
PIT,Pittsburgh Steelers,00-0016960,Mike Vrabel,LB,14,,65,generated_low_confidence,0.45,,,,,,,,,
PIT,Pittsburgh Steelers,00-0010202,Mitch Lyons,TE,7,,65,generated_medium_confidence,0.6,,,,,,,8,81,
PIT,Pittsburgh Steelers,00-0006100,Pete Gonzalez,QB,1,,65,generated_medium_confidence,0.6,,8,,,-3,,,,
PIT,Pittsburgh Steelers,00-0018272,Anthony Wright,QB,14,,63,generated_low_confidence,0.45,,,,,,,,,
PIT,Pittsburgh Steelers,00-0015962,Jim Sweeney,C,1,,61,generated_low_confidence,0.45,,,,,,,,,
PIT,Pittsburgh Steelers,00-0016677,Jerame Tuman,TE,1,,59,generated_low_confidence,0.45,,,,,,,,,
PIT,Pittsburgh Steelers,00-0009298,Levon Kirkland,LB,1,,57,generated_low_confidence,0.45,,,,,,,,,
PIT,Pittsburgh Steelers,00-0003128,Tony Cline,TE,3,,57,generated_medium_confidence,0.6,,,,,,,4,45,
PIT,Pittsburgh Steelers,00-0008575,Malcolm Johnson,WR,3,,55,generated_medium_confidence,0.6,,,,,,,2,23,
PIT,Pittsburgh Steelers,00-0003803,Matt Cushing,TE,3,,52,generated_medium_confidence,0.6,,,,,,,2,29,
PIT,Pittsburgh Steelers,00-0018501,Amos Zereoue,RB,2,,51,generated_medium_confidence,0.6,,,,,42,,2,17,
PIT,Pittsburgh Steelers,00-0005620,Chris Fuamatu-Ma'afala,RB,1,,50,generated_medium_confidence,0.6,,,,,4,,,,
SEA,Seattle Seahawks,00-0010599,Derrick Mayes,WR,16,16,89,generated_high_confidence,0.78,,,,,,,62,829,10
SEA,Seattle Seahawks,00-0017322,Ricky Watters,RB,16,16,87,generated_high_confidence,0.78,,,,,1198,5,39,380,2
SEA,Seattle Seahawks,00-0004077,Sean Dawkins,WR,16,16,87,generated_high_confidence,0.78,,,,,,,58,992,7
SEA,Seattle Seahawks,00-0009311,Jon Kitna,QB,15,15,86,generated_high_confidence,0.78,,3328,23,16,53,,,,
SEA,Seattle Seahawks,00-0005101,Christian Fauria,TE,15,15,84,generated_high_confidence,0.78,,,,,,,34,368,
SEA,Seattle Seahawks,00-0013258,Mike Pritchard,WR,13,13,77,generated_high_confidence,0.78,,,,,,,26,375,2
SEA,Seattle Seahawks,00-0002027,Reggie Brown,RB,14,14,77,generated_high_confidence,0.78,,,,,38,,33,225,1
SEA,Seattle Seahawks,00-0012875,Todd Peterson,K,14,,77,generated_low_confidence,0.45,,,,,,,,,
SEA,Seattle Seahawks,00-0003161,Antonio Cochran,EDGE,14,,76,generated_low_confidence,0.33,,,,,,,,,
SEA,Seattle Seahawks,00-0009263,Lamar King,EDGE,14,,76,generated_low_confidence,0.33,,,,,,,,,
SEA,Seattle Seahawks,00-0009539,Matt LaBounty,EDGE,14,,76,generated_low_confidence,0.33,,,,,,,,,
SEA,Seattle Seahawks,00-0014980,Michael Sinclair,EDGE,14,,76,generated_low_confidence,0.33,,,,,,,,,
SEA,Seattle Seahawks,00-0003874,Phillip Daniels,EDGE,14,,76,generated_low_confidence,0.33,,,,,,,,,
SEA,Seattle Seahawks,00-0017399,Todd Weiner,LT,14,,76,generated_low_confidence,0.33,,,,,,,,,
SEA,Seattle Seahawks,00-0008894,Walter Jones,LT,14,,76,generated_low_confidence,0.33,,,,,,,,,
SEA,Seattle Seahawks,00-0014889,Anthony Simmons,LB,14,,75,generated_low_confidence,0.33,,,,,,,,,
SEA,Seattle Seahawks,00-0017013,Brian Walker,CB,14,,75,generated_low_confidence,0.33,,,,,,,,,
SEA,Seattle Seahawks,00-0001887,Chad Brown,LB,14,,75,generated_low_confidence,0.33,,,,,,,,,
SEA,Seattle Seahawks,00-0002613,Chris Canty,CB,14,,75,generated_low_confidence,0.33,,,,,,,,,
SEA,Seattle Seahawks,00-0009148,Cortez Kennedy,DT,14,,75,generated_low_confidence,0.33,,,,,,,,,
SEA,Seattle Seahawks,00-0015132,Darrin Smith,LB,14,,75,generated_low_confidence,0.33,,,,,,,,,
SEA,Seattle Seahawks,00-0011894,DeShone Myles,LB,14,,75,generated_low_confidence,0.33,,,,,,,,,
SEA,Seattle Seahawks,00-0017383,Floyd Wedderburn,LT,14,,75,generated_low_confidence,0.33,,,,,,,,,
SEA,Seattle Seahawks,00-0016263,Fred Thomas,CB,14,,75,generated_low_confidence,0.33,,,,,,,,,
SEA,Seattle Seahawks,00-0017804,Grant Williams,LT,14,,75,generated_low_confidence,0.33,,,,,,,,,
SEA,Seattle Seahawks,00-0010029,James Logan,LB,14,,75,generated_low_confidence,0.33,,,,,,,,,
SEA,Seattle Seahawks,00-0017975,James Willis,LB,14,,75,generated_low_confidence,0.33,,,,,,,,,
SEA,Seattle Seahawks,00-0004881,Joey Eloms,CB,14,,75,generated_low_confidence,0.33,,,,,,,,,
SEA,Seattle Seahawks,00-0006775,Merton Hanks,CB,14,,75,generated_low_confidence,0.33,,,,,,,,,
SEA,Seattle Seahawks,00-0005635,Randy Fuller,CB,14,,75,generated_low_confidence,0.33,,,,,,,,,
SEA,Seattle Seahawks,00-0012578,Riddick Parker,DT,14,,75,generated_low_confidence,0.33,,,,,,,,,
SEA,Seattle Seahawks,00-0000065,Sam Adams,DT,14,,75,generated_low_confidence,0.33,,,,,,,,,
SEA,Seattle Seahawks,00-0015495,Shawn Springs,CB,14,,75,generated_low_confidence,0.33,,,,,,,,,
SEA,Seattle Seahawks,00-0017961,Willie Williams,CB,14,,75,generated_low_confidence,0.33,,,,,,,,,
SEA,Seattle Seahawks,00-0008941,Kerry Joseph,S,14,,74,generated_low_confidence,0.33,,,,,,,,,
SEA,Seattle Seahawks,00-0006577,Brian Habib,LG,14,,73,generated_low_confidence,0.33,,,,,,,,,
SEA,Seattle Seahawks,00-0006268,Chris Gray,C,14,,73,generated_low_confidence,0.33,,,,,,,,,
SEA,Seattle Seahawks,00-0017766,Darryl Williams,S,14,,73,generated_low_confidence,0.33,,,,,,,,,
SEA,Seattle Seahawks,00-0000999,Frank Beede,C,14,,73,generated_low_confidence,0.33,,,,,,,,,
SEA,Seattle Seahawks,00-0005379,Glenn Foley,QB,1,,73,generated_medium_confidence,0.6,,283,2,,-1,,,,
SEA,Seattle Seahawks,00-0001373,Greg Bloedorn,C,14,,73,generated_low_confidence,0.33,,,,,,,,,
SEA,Seattle Seahawks,00-0001058,Jay Bellamy,S,14,,73,generated_low_confidence,0.33,,,,,,,,,
SEA,Seattle Seahawks,00-0006050,Kevin Glover,C,14,,73,generated_low_confidence,0.33,,,,,,,,,
SEA,Seattle Seahawks,00-0013932,Mark Rodenhauser,C,14,,73,generated_low_confidence,0.33,,,,,,,,,
SEA,Seattle Seahawks,00-0003474,Mondell Corbett,LG,14,,73,generated_low_confidence,0.33,,,,,,,,,
SEA,Seattle Seahawks,00-0009137,Pete Kendall,LG,14,,73,generated_low_confidence,0.33,,,,,,,,,
SEA,Seattle Seahawks,00-0005113,Jeff Feagles,P,2,,71,generated_low_confidence,0.45,,,,,,,,,
SEA,Seattle Seahawks,00-0005720,Joey Galloway,WR,8,8,71,generated_high_confidence,0.78,,,,,-1,,22,335,1
SEA,Seattle Seahawks,00-0006305,Ahman Green,RB,8,8,68,generated_high_confidence,0.78,,,,,120,,,,
SEA,Seattle Seahawks,00-0007834,Brock Huard,QB,14,,68,generated_low_confidence,0.45,,,,,,,,,
SEA,Seattle Seahawks,00-0000598,Karsten Bailey,WR,14,,67,generated_low_confidence,0.45,,,,,,,,,
SEA,Seattle Seahawks,00-0005588,Rufus French,TE,14,,67,generated_low_confidence,0.45,,,,,,,,,
SEA,Seattle Seahawks,00-0011224,Itula Mili,TE,7,,65,generated_medium_confidence,0.6,,,,,,,5,28,1
SEA,Seattle Seahawks,00-0013958,Charlie Rogers,WR,1,,63,generated_low_confidence,0.45,,,,,,,,,
SEA,Seattle Seahawks,00-0010589,Deems May,TE,14,,63,generated_low_confidence,0.45,,,,,,,,,
SEA,Seattle Seahawks,00-0008488,Dustin Johnson,RB,14,,63,generated_low_confidence,0.45,,,,,,,,,
SEA,Seattle Seahawks,00-0001582,Fabien Bownes,WR,4,,61,generated_medium_confidence,0.6,,,,,-14,,4,68,1
SEA,Seattle Seahawks,00-0015830,Mack Strong,RB,4,,52,generated_medium_confidence,0.6,,,,,,,1,5,
SEA,Seattle Seahawks,00-0011341,Brian Milne,RB,1,,50,generated_medium_confidence,0.6,,,,,30,,,,
SF,San Francisco 49ers,00-0005779,Charlie Garner,RB,16,16,88,generated_high_confidence,0.78,,,,,1200,4,55,532,2
SF,San Francisco 49ers,00-0013639,Jerry Rice,WR,16,16,85,generated_high_confidence,0.78,,,,,13,,67,830,5
SF,San Francisco 49ers,00-0012478,Terrell Owens,WR,14,14,83,generated_high_confidence,0.78,,,,,,,59,747,4
SF,San Francisco 49ers,00-0010810,Tim McDonald,S,14,,81,generated_low_confidence,0.45,,,,,,,,,
SF,San Francisco 49ers,00-0015751,J.J. Stokes,WR,16,16,80,generated_high_confidence,0.78,,,,,,,34,429,3
SF,San Francisco 49ers,00-0000942,Fred Beasley,RB,13,13,79,generated_high_confidence,0.78,,,,,276,4,32,282,
SF,San Francisco 49ers,00-0005755,Jeff Garcia,QB,13,13,79,generated_high_confidence,0.78,,2516,11,11,229,2,,,
SF,San Francisco 49ers,00-0003039,Greg Clark,TE,11,11,77,generated_high_confidence,0.78,,,,,,,33,329,
SF,San Francisco 49ers,00-0013699,Wade Richey,K,14,,77,generated_low_confidence,0.45,,,,,,,,,
SF,San Francisco 49ers,00-0006633,Charles Haley,EDGE,14,,76,generated_low_confidence,0.33,,,,,,,,,
SF,San Francisco 49ers,00-0004214,Dan Dercher,LT,14,,76,generated_low_confidence,0.33,,,,,,,,,
SF,San Francisco 49ers,00-0005234,Dave Fiore,LT,14,,76,generated_low_confidence,0.33,,,,,,,,,
SF,San Francisco 49ers,00-0004128,Derrick Deese,LT,14,,76,generated_low_confidence,0.33,,,,,,,,,
SF,San Francisco 49ers,00-0009735,Dwayne Ledford,LT,14,,76,generated_low_confidence,0.33,,,,,,,,,
SF,San Francisco 49ers,00-0017691,Gabe Wilkins,EDGE,14,,76,generated_low_confidence,0.33,,,,,,,,,
SF,San Francisco 49ers,00-0013141,Jeff Posey,EDGE,14,,76,generated_low_confidence,0.33,,,,,,,,,
SF,San Francisco 49ers,00-0014504,Lance Schulters,S,14,,76,generated_low_confidence,0.45,,,,,,,,,
SF,San Francisco 49ers,00-0017259,Marvin Washington,EDGE,14,,76,generated_low_confidence,0.33,,,,,,,,,
SF,San Francisco 49ers,00-0012547,Anthony Parker,CB,14,,75,generated_low_confidence,0.33,,,,,,,,,
SF,San Francisco 49ers,00-0002186,Brentson Buckner,DT,14,,75,generated_low_confidence,0.33,,,,,,,,,
SF,San Francisco 49ers,00-0018405,Bryant Young,DT,14,,75,generated_low_confidence,0.33,,,,,,,,,
SF,San Francisco 49ers,00-0012333,Chike Okeafor,LB,14,,75,generated_low_confidence,0.33,,,,,,,,,
SF,San Francisco 49ers,00-0004505,Chris Draft,LB,14,,75,generated_low_confidence,0.33,,,,,,,,,
SF,San Francisco 49ers,00-0012066,Craig Newsome,CB,14,,75,generated_low_confidence,0.33,,,,,,,,,
SF,San Francisco 49ers,00-0017023,Darnell Walker,CB,14,,75,generated_low_confidence,0.33,,,,,,,,,
SF,San Francisco 49ers,00-0013700,David Richie,DT,14,,75,generated_low_confidence,0.33,,,,,,,,,
SF,San Francisco 49ers,00-0017448,Joe Wesley,LB,14,,75,generated_low_confidence,0.33,,,,,,,,,
SF,San Francisco 49ers,00-0002142,Junior Bryant,DT,14,,75,generated_low_confidence,0.33,,,,,,,,,
SF,San Francisco 49ers,00-0012196,Ken Norton,LB,14,,75,generated_low_confidence,0.33,,,,,,,,,
SF,San Francisco 49ers,00-0018186,Lee Woodall,LB,14,,75,generated_low_confidence,0.33,,,,,,,,,
SF,San Francisco 49ers,00-0009141,Matt Keneley,DT,14,,75,generated_low_confidence,0.33,,,,,,,,,
SF,San Francisco 49ers,00-0011502,Monty Montgomery,CB,14,,75,generated_low_confidence,0.33,,,,,,,,,
SF,San Francisco 49ers,00-0013255,Pierson Prioleau,CB,14,,75,generated_low_confidence,0.33,,,,,,,,,
SF,San Francisco 49ers,00-0011053,R.W. McQuarters,CB,14,,75,generated_low_confidence,0.33,,,,,,,,,
SF,San Francisco 49ers,00-0010805,Ramos McDonald,CB,14,,75,generated_low_confidence,0.33,,,,,,,,,
SF,San Francisco 49ers,00-0006014,Reggie Givens,LB,14,,75,generated_low_confidence,0.33,,,,,,,,,
SF,San Francisco 49ers,00-0010889,Reggie McGrew,DT,14,,75,generated_low_confidence,0.33,,,,,,,,,
SF,San Francisco 49ers,00-0012876,Tony Peterson,LB,14,,75,generated_low_confidence,0.33,,,,,,,,,
SF,San Francisco 49ers,00-0014675,Wasswa Serwanga,CB,14,,75,generated_low_confidence,0.33,,,,,,,,,
SF,San Francisco 49ers,00-0016647,Winfred Tubbs,LB,14,,75,generated_low_confidence,0.33,,,,,,,,,
SF,San Francisco 49ers,00-0001816,Zack Bronson,CB,14,,75,generated_low_confidence,0.33,,,,,,,,,
SF,San Francisco 49ers,00-0010183,Ben Lynch,C,14,,73,generated_low_confidence,0.33,,,,,,,,,
SF,San Francisco 49ers,00-0003835,Chris Dalman,C,14,,73,generated_low_confidence,0.33,,,,,,,,,
SF,San Francisco 49ers,00-0002177,Jeff Buckey,LG,14,,73,generated_low_confidence,0.33,,,,,,,,,
SF,San Francisco 49ers,00-0012042,Jeremy Newberry,LG,14,,73,generated_low_confidence,0.33,,,,,,,,,
SF,San Francisco 49ers,00-0012439,Phil Ostrowski,LG,14,,73,generated_low_confidence,0.33,,,,,,,,,
SF,San Francisco 49ers,00-0009293,Randy Kirk,C,14,,73,generated_low_confidence,0.33,,,,,,,,,
SF,San Francisco 49ers,00-0002020,Ray Brown,LG,14,,73,generated_low_confidence,0.33,,,,,,,,,
SF,San Francisco 49ers,00-0007735,Tyrone Hopson,LG,14,,73,generated_low_confidence,0.33,,,,,,,,,
SF,San Francisco 49ers,00-0015550,Chad Stanley,P,1,,70,generated_low_confidence,0.45,,,,,,,,,
SF,San Francisco 49ers,00-0006977,Mark Harris,WR,10,10,69,generated_high_confidence,0.78,,,,,,,6,66,
SF,San Francisco 49ers,00-0001027,Shonn Bell,TE,14,,68,generated_low_confidence,0.45,,,,,,,,,
SF,San Francisco 49ers,00-0013214,Roell Preston,WR,14,,67,generated_low_confidence,0.45,,,,,,,,,
SF,San Francisco 49ers,00-0005060,Chad Fann,TE,7,,63,generated_medium_confidence,0.6,,,,,,,2,8,
SF,San Francisco 49ers,00-0007180,Garrison Hearst,RB,14,,63,generated_low_confidence,0.45,,,,,,,,,
SF,San Francisco 49ers,00-0018486,Joe Zelenka,TE,14,,63,generated_low_confidence,0.45,,,,,,,,,
SF,San Francisco 49ers,00-0000785,Pat Barnes,QB,14,,63,generated_low_confidence,0.45,,,,,,,,,
SF,San Francisco 49ers,00-0015627,Steve Stenstrom,QB,6,,62,generated_medium_confidence,0.6,,536,,3,15,,1,9,
SF,San Francisco 49ers,00-0015811,Tai Streets,WR,1,,59,generated_medium_confidence,0.6,,,,,,,2,25,
SF,San Francisco 49ers,00-0016842,Tommy Vardell,RB,5,,58,generated_medium_confidence,0.6,,,,,6,1,7,36,
SF,San Francisco 49ers,00-0018441,Steve Young,QB,3,,55,generated_medium_confidence,0.6,,446,3,4,50,,,,
SF,San Francisco 49ers,00-0008196,Terry Jackson,RB,4,,52,generated_medium_confidence,0.6,,,,,75,,3,6,
SF,San Francisco 49ers,00-0008391,Travis Jervey,RB,2,,52,generated_medium_confidence,0.6,,,,,49,1,1,2,
TB,Tampa Bay Buccaneers,00-0000251,Mike Alstott,RB,16,16,86,generated_high_confidence,0.78,,,,,956,7,27,239,2
TB,Tampa Bay Buccaneers,00-0004640,Warrick Dunn,RB,15,15,86,generated_high_confidence,0.78,,,,,614,,63,521,2
TB,Tampa Bay Buccaneers,00-0011551,Dave Moore,TE,16,16,83,generated_high_confidence,0.78,,,,,,,23,276,5
TB,Tampa Bay Buccaneers,00-0006331,Jacquez Green,WR,16,16,83,generated_high_confidence,0.78,,,,,8,,56,791,3
TB,Tampa Bay Buccaneers,00-0010188,John Lynch,S,14,,81,generated_low_confidence,0.45,,,,,,,,,
TB,Tampa Bay Buccaneers,00-0006223,Martin Gramatica,K,14,,78,generated_low_confidence,0.45,,,,,,,,,
TB,Tampa Bay Buccaneers,00-0000387,Reidel Anthony,WR,13,13,77,generated_high_confidence,0.78,,,,,2,,30,296,1
TB,Tampa Bay Buccaneers,00-0000100,Chidi Ahanotu,EDGE,14,,76,generated_low_confidence,0.33,,,,,,,,,
TB,Tampa Bay Buccaneers,00-0003780,DeMarcus Curry,LT,14,,76,generated_low_confidence,0.33,,,,,,,,,
TB,Tampa Bay Buccaneers,00-0000017,Donnie Abraham,CB,14,,76,generated_low_confidence,0.33,,,,,,,,,
TB,Tampa Bay Buccaneers,00-0018414,Floyd Young,CB,14,,76,generated_low_confidence,0.33,,,,,,,,,
TB,Tampa Bay Buccaneers,00-0007207,George Hegamin,LT,14,,76,generated_low_confidence,0.33,,,,,,,,,
TB,Tampa Bay Buccaneers,00-0012309,Jason Odom,LT,14,,76,generated_low_confidence,0.33,,,,,,,,,
TB,Tampa Bay Buccaneers,00-0018335,Jerry Wunsch,LT,14,,76,generated_low_confidence,0.33,,,,,,,,,
TB,Tampa Bay Buccaneers,00-0008817,Marcus Jones,EDGE,14,,76,generated_low_confidence,0.33,,,,,,,,,
TB,Tampa Bay Buccaneers,00-0006508,Paul Gruber,LT,14,,76,generated_low_confidence,0.33,,,,,,,,,
TB,Tampa Bay Buccaneers,00-0012983,Pete Pierson,LT,14,,76,generated_low_confidence,0.33,,,,,,,,,
TB,Tampa Bay Buccaneers,00-0000741,Ronde Barber,CB,14,,76,generated_low_confidence,0.33,,,,,,,,,
TB,Tampa Bay Buccaneers,00-0015302,Shevin Smith,CB,14,,76,generated_low_confidence,0.33,,,,,,,,,
TB,Tampa Bay Buccaneers,00-0017576,Steve White,EDGE,14,,76,generated_low_confidence,0.33,,,,,,,,,
TB,Tampa Bay Buccaneers,00-0008202,Tyoka Jackson,EDGE,14,,76,generated_low_confidence,0.33,,,,,,,,,
TB,Tampa Bay Buccaneers,00-0014991,Alshermond Singleton,LB,14,,75,generated_low_confidence,0.33,,,,,,,,,
TB,Tampa Bay Buccaneers,00-0010840,Anthony McFarland,DT,14,,75,generated_low_confidence,0.33,,,,,,,,,
TB,Tampa Bay Buccaneers,00-0008934,Antony Jordan,LB,14,,75,generated_low_confidence,0.33,,,,,,,,,
TB,Tampa Bay Buccaneers,00-0003738,Brad Culpepper,DT,14,,75,generated_low_confidence,0.33,,,,,,,,,
TB,Tampa Bay Buccaneers,00-0009106,Brian Kelly,CB,14,,75,generated_low_confidence,0.33,,,,,,,,,
TB,Tampa Bay Buccaneers,00-0001833,Derrick Brooks,LB,14,,75,generated_low_confidence,0.33,,,,,,,,,
TB,Tampa Bay Buccaneers,00-0008115,Dexter Jackson,CB,14,,75,generated_low_confidence,0.33,,,,,,,,,
TB,Tampa Bay Buccaneers,00-0003970,Don Davis,LB,14,,75,generated_low_confidence,0.33,,,,,,,,,
TB,Tampa Bay Buccaneers,00-0012102,Hardy Nickerson,LB,14,,75,generated_low_confidence,0.33,,,,,,,,,
TB,Tampa Bay Buccaneers,00-0002604,James Cannida,DT,14,,75,generated_low_confidence,0.33,,,,,,,,,
TB,Tampa Bay Buccaneers,00-0004624,Jamie Duncan,LB,14,,75,generated_low_confidence,0.33,,,,,,,,,
TB,Tampa Bay Buccaneers,00-0006103,Jeff Gooch,LB,14,,75,generated_low_confidence,0.33,,,,,,,,,
TB,Tampa Bay Buccaneers,00-0010982,John McLaughlin,LB,14,,75,generated_low_confidence,0.33,,,,,,,,,
TB,Tampa Bay Buccaneers,00-0012519,Mitch Palmer,LB,14,,75,generated_low_confidence,0.33,,,,,,,,,
TB,Tampa Bay Buccaneers,00-0013322,Shelton Quarles,LB,14,,75,generated_low_confidence,0.33,,,,,,,,,
TB,Tampa Bay Buccaneers,00-0014358,Warren Sapp,DT,14,,75,generated_low_confidence,0.33,,,,,,,,,
TB,Tampa Bay Buccaneers,00-0011192,Frank Middleton,LG,14,,73,generated_low_confidence,0.33,,,,,,,,,
TB,Tampa Bay Buccaneers,00-0004256,Jorge Diaz,LG,14,,73,generated_low_confidence,0.33,,,,,,,,,
TB,Tampa Bay Buccaneers,00-0001299,Ken Blackman,LG,14,,73,generated_low_confidence,0.33,,,,,,,,,
TB,Tampa Bay Buccaneers,00-0004388,Kevin Dogins,LG,14,,73,generated_low_confidence,0.33,,,,,,,,,
TB,Tampa Bay Buccaneers,00-0016795,Morris Unutoa,C,14,,73,generated_low_confidence,0.33,,,,,,,,,
TB,Tampa Bay Buccaneers,00-0017279,Todd Washington,C,14,,73,generated_low_confidence,0.33,,,,,,,,,
TB,Tampa Bay Buccaneers,00-0010596,Tony Mayberry,C,14,,73,generated_low_confidence,0.33,,,,,,,,,
TB,Tampa Bay Buccaneers,00-0004293,Trent Dilfer,QB,10,10,73,generated_high_confidence,0.78,,1610,11,10,143,,,,
TB,Tampa Bay Buccaneers,00-0004888,Bert Emanuel,WR,11,11,71,generated_high_confidence,0.78,,,,,,,22,238,1
TB,Tampa Bay Buccaneers,00-0014115,Mark Royals,P,2,,71,generated_low_confidence,0.45,,17,,,,,,,
TB,Tampa Bay Buccaneers,00-0017847,Karl Williams,WR,10,10,70,generated_high_confidence,0.78,,,,,,,20,167,
TB,Tampa Bay Buccaneers,00-0013850,Damien Robinson,S,1,,69,generated_low_confidence,0.45,,,,,,,1,17,
TB,Tampa Bay Buccaneers,00-0011210,Scott Milanovich,QB,14,,64,generated_low_confidence,0.45,,,,,,,,,
TB,Tampa Bay Buccaneers,00-0009266,Shaun King,QB,6,,64,generated_medium_confidence,0.6,,807,7,4,38,,,,
TB,Tampa Bay Buccaneers,00-0010632,Fred McAfee,RB,14,,63,generated_low_confidence,0.45,,,,,,,,,
TB,Tampa Bay Buccaneers,00-0006804,Patrick Hape,TE,5,,63,generated_medium_confidence,0.6,,,,,,,5,12,1
TB,Tampa Bay Buccaneers,00-0010796,Darnell McDonald,WR,7,,62,generated_medium_confidence,0.6,,,,,,,9,96,1
TB,Tampa Bay Buccaneers,00-0004004,John Davis,TE,2,,57,generated_medium_confidence,0.6,,,,,,,2,7,1
TB,Tampa Bay Buccaneers,00-0000007,Rabih Abdullah,RB,4,,57,generated_medium_confidence,0.6,,,,,12,,2,11,
TB,Tampa Bay Buccaneers,00-0018483,Eric Zeier,QB,2,,55,generated_medium_confidence,0.6,,270,,1,7,,,,
TB,Tampa Bay Buccaneers,00-0010994,Kevin McLeod,RB,2,,52,generated_medium_confidence,0.6,,,,,,,2,5,1
TEN,Tennessee Titans,00-0005883,Eddie George,RB,16,16,90,generated_high_confidence,0.78,,,,,1277,9,46,454,4
TEN,Tennessee Titans,00-0018343,Frank Wycheck,TE,16,16,89,generated_high_confidence,0.78,,61,1,,,,68,637,2
TEN,Tennessee Titans,00-0004694,Kevin Dyson,WR,16,16,83,generated_high_confidence,0.78,,,,,3,,54,658,4
TEN,Tennessee Titans,00-0001266,Blaine Bishop,S,14,,81,generated_low_confidence,0.45,,,,,,,,,
TEN,Tennessee Titans,00-0004147,Al Del Greco,K,14,,78,generated_low_confidence,0.45,,,,,,,,,
TEN,Tennessee Titans,00-0014319,Chris Sanders,WR,15,15,77,generated_high_confidence,0.78,,,,,,,19,314,1
TEN,Tennessee Titans,00-0004440,Anthony Dorsett,CB,14,,76,generated_low_confidence,0.33,,,,,,,,,
TEN,Tennessee Titans,00-0007719,Brad Hopkins,LT,14,,76,generated_low_confidence,0.33,,,,,,,,,
TEN,Tennessee Titans,00-0014859,Dainon Sidney,CB,14,,76,generated_low_confidence,0.33,,,,,,,,,
TEN,Tennessee Titans,00-0017026,Denard Walker,CB,14,,76,generated_low_confidence,0.33,,,,,,,,,
TEN,Tennessee Titans,00-0011407,Donald Mitchell,CB,14,,76,generated_low_confidence,0.33,,,,,,,,,
TEN,Tennessee Titans,00-0010765,George McCullough,CB,14,,76,generated_low_confidence,0.33,,,,,,,,,
TEN,Tennessee Titans,00-0005417,Henry Ford,EDGE,14,,76,generated_low_confidence,0.33,,,,,,,,,
TEN,Tennessee Titans,00-0010530,Jason Mathews,LT,14,,76,generated_low_confidence,0.33,,,,,,,,,
TEN,Tennessee Titans,00-0009056,Jevon Kearse,EDGE,14,,76,generated_low_confidence,0.33,,,,,,,,,
TEN,Tennessee Titans,00-0014169,Jon Runyan,LT,14,,76,generated_low_confidence,0.33,,,,,,,,,
TEN,Tennessee Titans,00-0004989,Josh Evans,DT,14,,76,generated_low_confidence,0.33,,,,,,,,,
TEN,Tennessee Titans,00-0007659,Kenny Holmes,EDGE,14,,76,generated_low_confidence,0.33,,,,,,,,,
TEN,Tennessee Titans,00-0013835,Marcus Robertson,S,14,,76,generated_low_confidence,0.45,,,,,,,,,
TEN,Tennessee Titans,00-0008831,Mike D. Jones,DT,14,,76,generated_low_confidence,0.33,,,,,,,,,
TEN,Tennessee Titans,00-0005558,Mike Frederick,EDGE,14,,76,generated_low_confidence,0.33,,,,,,,,,
TEN,Tennessee Titans,00-0012261,Neil O'Donnell,QB,8,8,76,generated_high_confidence,0.78,,1374,10,4,1,,,,
TEN,Tennessee Titans,00-0012908,Perry Phenix,CB,14,,76,generated_low_confidence,0.33,,,,,,,,,
TEN,Tennessee Titans,00-0010203,Pratt Lyons,DT,14,,76,generated_low_confidence,0.33,,,,,,,,,
TEN,Tennessee Titans,00-0013995,Samari Rolle,CB,14,,76,generated_low_confidence,0.33,,,,,,,,,
TEN,Tennessee Titans,00-0008193,Steve Jackson,CB,14,,76,generated_low_confidence,0.33,,,,,,,,,
TEN,Tennessee Titans,00-0009219,Terry Killens,LB,14,,76,generated_low_confidence,0.33,,,,,,,,,
TEN,Tennessee Titans,00-0012991,Zach Piller,LT,14,,76,generated_low_confidence,0.33,,,,,,,,,
TEN,Tennessee Titans,00-0018259,Barron Wortham,LB,14,,75,generated_low_confidence,0.33,,,,,,,,,
TEN,Tennessee Titans,00-0015526,Dennis Stallings,LB,14,,75,generated_low_confidence,0.33,,,,,,,,,
TEN,Tennessee Titans,00-0003320,Doug Colman,LB,14,,75,generated_low_confidence,0.33,,,,,,,,,
TEN,Tennessee Titans,00-0013858,Eddie Robinson,LB,14,,75,generated_low_confidence,0.33,,,,,,,,,
TEN,Tennessee Titans,00-0005105,Greg Favors,LB,14,,75,generated_low_confidence,0.33,,,,,,,,,
TEN,Tennessee Titans,00-0006949,Jackie Harris,TE,9,9,75,generated_high_confidence,0.78,,,,,,,26,297,1
TEN,Tennessee Titans,00-0005263,Jason Fisk,DT,14,,75,generated_low_confidence,0.33,,,,,,,,,
TEN,Tennessee Titans,00-0001557,Joe Bowden,LB,14,,75,generated_low_confidence,0.33,,,,,,,,,
TEN,Tennessee Titans,00-0014260,Joe Salave'a,DT,14,,75,generated_low_confidence,0.33,,,,,,,,,
TEN,Tennessee Titans,00-0016431,John Thornton,DT,14,,75,generated_low_confidence,0.33,,,,,,,,,
TEN,Tennessee Titans,00-0006052,Phil Glover,LB,14,,75,generated_low_confidence,0.33,,,,,,,,,
TEN,Tennessee Titans,00-0016321,Rodney Thomas,RB,14,14,75,generated_high_confidence,0.78,,,,,164,1,8,67,
TEN,Tennessee Titans,00-0016214,Yancey Thigpen,WR,10,10,75,generated_high_confidence,0.78,,,,,,,38,648,4
TEN,Tennessee Titans,00-0011024,Steve McNair,QB,11,11,74,generated_high_confidence,0.78,,2152,12,8,328,8,,,
TEN,Tennessee Titans,00-0012381,Benji Olson,LG,14,,73,generated_low_confidence,0.33,,,,,,,,,
TEN,Tennessee Titans,00-0010550,Bruce Matthews,LG,14,,73,generated_low_confidence,0.33,,,,,,,,,
TEN,Tennessee Titans,00-0012497,Craig Page,C,14,,73,generated_low_confidence,0.33,,,,,,,,,
TEN,Tennessee Titans,00-0009709,Jason Layman,LG,14,,73,generated_low_confidence,0.33,,,,,,,,,
TEN,Tennessee Titans,00-0010059,Kevin Long,C,14,,73,generated_low_confidence,0.33,,,,,,,,,
TEN,Tennessee Titans,00-0013792,Michael Roan,TE,9,9,73,generated_high_confidence,0.78,,,,,,,9,93,3
TEN,Tennessee Titans,00-0014339,Scott Sanderson,LG,14,,73,generated_low_confidence,0.33,,,,,,,,,
TEN,Tennessee Titans,00-0007308,Craig Hentrich,P,2,,71,generated_low_confidence,0.45,,,,,1,,,,
TEN,Tennessee Titans,00-0002469,Isaac Byrd,WR,11,11,71,generated_high_confidence,0.78,,,,,,,14,261,2
TEN,Tennessee Titans,00-0003819,Kevin Daft,QB,14,,69,generated_low_confidence,0.45,,,,,,,,,
TEN,Tennessee Titans,00-0011958,Lorenzo Neal,RB,9,9,69,generated_high_confidence,0.78,,,,,1,1,7,27,2
TEN,Tennessee Titans,00-0001641,Josh Bradley,TE,14,,63,generated_low_confidence,0.45,,,,,,,,,
TEN,Tennessee Titans,00-0001986,Larry Brown,TE,14,,63,generated_low_confidence,0.45,,,,,,,,,
TEN,Tennessee Titans,00-0005891,Spencer George,RB,14,,63,generated_low_confidence,0.45,,,,,,,,,
TEN,Tennessee Titans,00-0010500,Derrick Mason,WR,6,,61,generated_medium_confidence,0.6,,,,,,,8,89,
TEN,Tennessee Titans,00-0009165,Joey Kent,WR,3,,55,generated_medium_confidence,0.6,,,,,,,3,42,
WAS,Washington Commanders,00-0004052,Stephen Davis,RB,14,14,93,generated_high_confidence,0.78,,,,,1366,17,22,111,
WAS,Washington Commanders,00-0008442,Brad Johnson,QB,16,16,91,generated_high_confidence,0.78,,3988,24,13,31,2,,,
WAS,Washington Commanders,00-0017470,Michael Westbrook,WR,16,16,91,generated_high_confidence,0.78,,,,,26,,65,1191,9
WAS,Washington Commanders,00-0003378,Albert Connell,WR,15,15,88,generated_high_confidence,0.78,,,,,8,,61,1121,7
WAS,Washington Commanders,00-0000166,Stephen Alexander,TE,15,15,82,generated_high_confidence,0.78,,,,,,,28,318,3
WAS,Washington Commanders,00-0002846,Larry Centers,RB,16,16,81,generated_high_confidence,0.78,,,,,51,,69,544,3
WAS,Washington Commanders,00-0004993,Leomont Evans,S,14,,81,generated_low_confidence,0.45,,,,,,,,,
WAS,Washington Commanders,00-0011399,Brian Mitchell,RB,16,16,78,generated_high_confidence,0.78,,,,,220,1,31,305,
WAS,Washington Commanders,00-0005616,Irving Fryar,WR,14,14,77,generated_high_confidence,0.78,,,,,,,26,254,2
WAS,Washington Commanders,00-0016689,Matt Turk,P,14,,77,generated_low_confidence,0.45,,,,,,,,,
WAS,Washington Commanders,00-0014692,Sam Shade,S,14,,77,generated_low_confidence,0.45,,,,,,,,,
WAS,Washington Commanders,00-0007195,Andy Heck,LT,14,,76,generated_low_confidence,0.33,,,,,,,,,
WAS,Washington Commanders,00-0003404,Anthony Cook,EDGE,14,,76,generated_low_confidence,0.33,,,,,,,,,
WAS,Washington Commanders,00-0016041,Barron Tanner,DT,14,,76,generated_low_confidence,0.33,,,,,,,,,
WAS,Washington Commanders,00-0000585,Champ Bailey,CB,14,,76,generated_low_confidence,0.33,,,,,,,,,
WAS,Washington Commanders,00-0002180,Curtis Buckley,CB,14,,76,generated_low_confidence,0.33,,,,,,,,,
WAS,Washington Commanders,00-0017698,Dan Wilkinson,DT,14,,76,generated_low_confidence,0.33,,,,,,,,,
WAS,Washington Commanders,00-0015847,Dana Stubblefield,DT,14,,76,generated_low_confidence,0.33,,,,,,,,,
WAS,Washington Commanders,00-0006316,Darrell Green,CB,14,,76,generated_low_confidence,0.33,,,,,,,,,
WAS,Washington Commanders,00-0013154,Darryl Pounds,CB,14,,76,generated_low_confidence,0.33,,,,,,,,,
WAS,Washington Commanders,00-0007548,David Hoelscher,EDGE,14,,76,generated_low_confidence,0.33,,,,,,,,,
WAS,Washington Commanders,00-0015151,Derek M. Smith,LB,14,,76,generated_low_confidence,0.33,,,,,,,,,
WAS,Washington Commanders,00-0001922,Doug Brown,DT,14,,76,generated_low_confidence,0.33,,,,,,,,,
WAS,Washington Commanders,00-0010501,Eddie Mason,LB,14,,76,generated_low_confidence,0.33,,,,,,,,,
WAS,Washington Commanders,00-0015817,Fred Strickland,LB,14,,76,generated_low_confidence,0.33,,,,,,,,,
WAS,Washington Commanders,00-0008755,Greg Jones,LB,14,,76,generated_low_confidence,0.33,,,,,,,,,
WAS,Washington Commanders,00-0005504,James Francis,LB,14,,76,generated_low_confidence,0.33,,,,,,,,,
WAS,Washington Commanders,00-0001957,Jamie Brown,LT,14,,76,generated_low_confidence,0.33,,,,,,,,,
WAS,Washington Commanders,00-0008271,Jon Jansen,LT,14,,76,generated_low_confidence,0.33,,,,,,,,,
WAS,Washington Commanders,00-0009612,Kenard Lang,EDGE,14,,76,generated_low_confidence,0.33,,,,,,,,,
WAS,Washington Commanders,00-0016906,Kipp Vickers,LT,14,,76,generated_low_confidence,0.33,,,,,,,,,
WAS,Washington Commanders,00-0006178,Kurt Gouveia,LB,14,,76,generated_low_confidence,0.33,,,,,,,,,
WAS,Washington Commanders,00-0006722,Malcolm Hamilton,LB,14,,76,generated_low_confidence,0.33,,,,,,,,,
WAS,Washington Commanders,00-0001551,Marc Boutte,DT,14,,76,generated_low_confidence,0.33,,,,,,,,,
WAS,Washington Commanders,00-0003230,Marco Coleman,EDGE,14,,76,generated_low_confidence,0.33,,,,,,,,,
WAS,Washington Commanders,00-0011013,Mark McMillian,CB,14,,76,generated_low_confidence,0.33,,,,,,,,,
WAS,Washington Commanders,00-0015674,Matt Stevens,CB,14,,76,generated_low_confidence,0.33,,,,,,,,,
WAS,Washington Commanders,00-0009001,N. D. Kalu,EDGE,14,,76,generated_low_confidence,0.33,,,,,,,,,
WAS,Washington Commanders,00-0000743,Shawn Barber,LB,14,,76,generated_low_confidence,0.33,,,,,,,,,
WAS,Washington Commanders,00-0004208,Tim Denton,CB,14,,76,generated_low_confidence,0.33,,,,,,,,,
WAS,Washington Commanders,00-0012673,Tito Paul,CB,14,,76,generated_low_confidence,0.33,,,,,,,,,
WAS,Washington Commanders,00-0014200,Twan Russell,LB,14,,76,generated_low_confidence,0.33,,,,,,,,,
WAS,Washington Commanders,00-0016686,Dan Turk,C,14,,74,generated_low_confidence,0.33,,,,,,,,,
WAS,Washington Commanders,00-0015150,Derek G. Smith,LG,14,,74,generated_low_confidence,0.33,,,,,,,,,
WAS,Washington Commanders,00-0014960,Keith Sims,LG,14,,74,generated_low_confidence,0.33,,,,,,,,,
WAS,Washington Commanders,00-0005236,Mark Fischer,C,14,,74,generated_low_confidence,0.33,,,,,,,,,
WAS,Washington Commanders,00-0011344,Rod Milstead,LG,14,,74,generated_low_confidence,0.33,,,,,,,,,
WAS,Washington Commanders,00-0008640,Tre' Johnson,LG,14,,74,generated_low_confidence,0.33,,,,,,,,,
WAS,Washington Commanders,00-0000576,Brad Badger,LG,14,,73,generated_low_confidence,0.33,,,,,,,,,
WAS,Washington Commanders,00-0013458,Cory Raymer,C,14,,73,generated_low_confidence,0.33,,,,,,,,,
WAS,Washington Commanders,00-0016373,Derrius Thompson,WR,14,,72,generated_low_confidence,0.45,,,,,,,,,
WAS,Washington Commanders,00-0014655,Mike Sellers,TE,8,8,72,generated_high_confidence,0.78,,,,,,,7,105,2
WAS,Washington Commanders,00-0007389,Skip Hicks,RB,9,9,71,generated_high_confidence,0.78,,,,,238,3,8,72,
WAS,Washington Commanders,00-0003395,Brett Conway,K,1,,69,generated_low_confidence,0.45,,,,,,,,,
WAS,Washington Commanders,00-0001573,Larry Bowie,RB,14,,63,generated_low_confidence,0.45,,,,,,,,,
WAS,Washington Commanders,00-0012732,Rodney Peete,QB,2,,63,generated_medium_confidence,0.6,,107,2,1,-1,,,,
WAS,Washington Commanders,00-0016440,James Thrash,WR,5,,61,generated_medium_confidence,0.6,,,,,37,,3,44,
WAS,Washington Commanders,00-0017415,Casey Weldon,QB,2,,59,generated_medium_confidence,0.6,,,,,-4,,,,
WAS,Washington Commanders,00-0008346,James Jenkins,TE,3,,56,generated_medium_confidence,0.6,,,,,,,1,30,
