team_code,team_name,season,player_id,name,position,old_overall,new_overall,change,old_confidence,new_confidence,reason_for_change
ARI,Arizona Cardinals,1999,00-0017710,Aeneas Williams,CB,66,90,24,0.45,0.9,"Perennial All-Pro shutdown corner [by ratings-overhaul-1999, 2026-06-08]"
ARI,Arizona Cardinals,1999,00-0013644,Simeon Rice,EDGE,72,86,14,0.33,0.9,"Elite pass rusher, 16.5 sacks [by ratings-overhaul-1999, 2026-06-08]"
ARI,Arizona Cardinals,1999,00-0014328,Frank Sanders,WR,85,84,-1,0.78,0.9,"Lead WR, 79-954 [by ratings-overhaul-1999, 2026-06-08]"
ARI,Arizona Cardinals,1999,00-0001532,David Boston,WR,80,79,-1,0.78,0.9,"Ascending sophomore WR [by ratings-overhaul-1999, 2026-06-08]"
ARI,Arizona Cardinals,1999,00-0009659,Kwamie Lassiter,S,76,78,2,0.45,0.9,"Ballhawk safety [by ratings-overhaul-1999, 2026-06-08]"
ARI,Arizona Cardinals,1999,00-0010970,Ronald McKinnon,LB,71,78,7,0.33,0.9,"Tackle-machine middle linebacker [by ratings-overhaul-1999, 2026-06-08]"
ARI,Arizona Cardinals,1999,00-0016976,Andre Wadsworth,EDGE,71,77,6,0.33,0.9,"Former top pick, solid edge [by ratings-overhaul-1999, 2026-06-08]"
ARI,Arizona Cardinals,1999,00-0015976,Rashod Swinger,DT,71,77,6,0.33,0.33,Engine re-derivation after 1999 roster/override changes
ARI,Arizona Cardinals,1999,00-0003105,Anthony Clement,LT,74,76,2,0.33,0.33,Engine re-derivation after 1999 roster/override changes
ARI,Arizona Cardinals,1999,00-0003869,Jerome Daniels,LT,74,76,2,0.33,0.33,Engine re-derivation after 1999 roster/override changes
ARI,Arizona Cardinals,1999,00-0001647,Melvin Bradley,LB,71,76,5,0.33,0.33,Engine re-derivation after 1999 roster/override changes
ARI,Arizona Cardinals,1999,00-0017148,Zack Walz,LB,71,76,5,0.33,0.33,Engine re-derivation after 1999 roster/override changes
ARI,Arizona Cardinals,1999,00-0006197,Aaron Graham,C,71,75,4,0.33,0.33,Engine re-derivation after 1999 roster/override changes
ARI,Arizona Cardinals,1999,00-0011869,Adrian Murrell,RB,84,75,-9,0.78,0.9,"Lead back, 554 rush [by ratings-overhaul-1999, 2026-06-08]"
ARI,Arizona Cardinals,1999,00-0015947,Eric Swann,EDGE,71,75,4,0.33,0.9,"Aging veteran defensive tackle [by ratings-overhaul-1999, 2026-06-08]"
ARI,Arizona Cardinals,1999,00-0005560,Rob Fredrickson,LB,71,75,4,0.33,0.9,"Starting linebacker [by ratings-overhaul-1999, 2026-06-08]"
ARI,Arizona Cardinals,1999,00-0011601,Rob Moore,WR,81,75,-6,0.78,0.9,"Injury-limited veteran #1 [by ratings-overhaul-1999, 2026-06-08]"
ARI,Arizona Cardinals,1999,00-0010292,Joel Makovicka,RB,74,74,0,0.78,0.78,
ARI,Arizona Cardinals,1999,00-0014776,L.J. Shelton,LT,74,74,0,0.33,0.33,
ARI,Arizona Cardinals,1999,00-0010259,Mark Maddox,LB,71,74,3,0.33,0.33,Engine re-derivation after 1999 roster/override changes
ARI,Arizona Cardinals,1999,00-0016479,Pat Tillman,CB,58,74,16,0.45,0.9,"Hard-hitting starting safety [by ratings-overhaul-1999, 2026-06-08]"
ARI,Arizona Cardinals,1999,00-0000871,Mario Bates,RB,74,73,-1,0.78,0.78,Engine re-derivation after 1999 roster/override changes
ARI,Arizona Cardinals,1999,00-0008080,Chris Jacke,K,75,72,-3,0.45,0.45,Engine re-derivation after 1999 roster/override changes
ARI,Arizona Cardinals,1999,00-0002919,Corey Chavous,CB,82,72,-10,0.45,0.9,"Nickel/rotational defensive back [by ratings-overhaul-1999, 2026-06-08]"
ARI,Arizona Cardinals,1999,00-0014618,Corey Sears,DT,71,72,1,0.33,0.33,Engine re-derivation after 1999 roster/override changes
ARI,Arizona Cardinals,1999,00-0013042,Jake Plummer,QB,74,72,-2,0.78,0.9,"Regressed badly: 9 TD vs 24 INT [by ratings-overhaul-1999, 2026-06-08]"
ARI,Arizona Cardinals,1999,00-0005392,James Folston,LB,71,72,1,0.33,0.33,Engine re-derivation after 1999 roster/override changes
ARI,Arizona Cardinals,1999,00-0011068,Johnny McWilliams,TE,73,72,-1,0.78,0.78,Engine re-derivation after 1999 roster/override changes
ARI,Arizona Cardinals,1999,00-0015255,Mark Smith,EDGE,72,72,0,0.33,0.33,
ARI,Arizona Cardinals,1999,00-0014357,Patrick Sapp,LB,71,72,1,0.33,0.33,Engine re-derivation after 1999 roster/override changes
ARI,Arizona Cardinals,1999,00-0004336,Chris Dishman,LG,71,71,0,0.33,0.33,
ARI,Arizona Cardinals,1999,00-0004678,Ernest Dye,LT,74,71,-3,0.33,0.33,Engine re-derivation after 1999 roster/override changes
ARI,Arizona Cardinals,1999,00-0013013,Michael Pittman,RB,71,71,0,0.78,0.78,
ARI,Arizona Cardinals,1999,00-0008595,Paris Johnson,CB,82,71,-11,0.45,0.45,Engine re-derivation after 1999 roster/override changes
ARI,Arizona Cardinals,1999,00-0001907,Dave Brown,QB,70,70,0,0.78,0.78,
ARI,Arizona Cardinals,1999,00-0010700,J.J. McCleskey,CB,70,70,0,0.45,0.45,
ARI,Arizona Cardinals,1999,00-0004250,James Dexter,LG,71,70,-1,0.33,0.33,Engine re-derivation after 1999 roster/override changes
ARI,Arizona Cardinals,1999,00-0004514,Jerry Drake,DT,71,70,-1,0.33,0.33,Engine re-derivation after 1999 roster/override changes
ARI,Arizona Cardinals,1999,00-0014209,Johnny Rutledge,LB,71,70,-1,0.33,0.33,Engine re-derivation after 1999 roster/override changes
ARI,Arizona Cardinals,1999,00-0008357,MarTay Jenkins,WR,67,70,3,0.45,0.45,Engine re-derivation after 1999 roster/override changes
ARI,Arizona Cardinals,1999,00-0006848,Terry Hardy,TE,81,70,-11,0.78,0.9,"Rotational tight end [by ratings-overhaul-1999, 2026-06-08]"
ARI,Arizona Cardinals,1999,00-0007660,Lester Holmes,LG,71,68,-3,0.33,0.33,Engine re-derivation after 1999 roster/override changes
ARI,Arizona Cardinals,1999,00-0008950,Matt Joyce,LT,74,68,-6,0.33,0.33,Engine re-derivation after 1999 roster/override changes
ARI,Arizona Cardinals,1999,00-0009360,Tom Knight,CB,79,68,-11,0.45,0.45,Engine re-derivation after 1999 roster/override changes
ARI,Arizona Cardinals,1999,00-0013028,Scott Player,P,68,67,-1,0.45,0.45,Engine re-derivation after 1999 roster/override changes
ARI,Arizona Cardinals,1999,00-0014589,Yusuf Scott,LG,71,67,-4,0.33,0.33,Engine re-derivation after 1999 roster/override changes
ARI,Arizona Cardinals,1999,00-0018563,Justin Lucas,CB,66,66,0,0.45,0.45,
ARI,Arizona Cardinals,1999,00-0014128,Angel Rubio,EDGE,71,65,-6,0.33,0.33,Engine re-derivation after 1999 roster/override changes
ARI,Arizona Cardinals,1999,00-0012446,Brad Ottis,EDGE,71,65,-6,0.33,0.33,Engine re-derivation after 1999 roster/override changes
ARI,Arizona Cardinals,1999,00-0013623,Coby Rhinehart,CB,70,65,-5,0.45,0.45,Engine re-derivation after 1999 roster/override changes
ARI,Arizona Cardinals,1999,00-0004241,Mike Devlin,C,71,65,-6,0.33,0.33,Engine re-derivation after 1999 roster/override changes
ARI,Arizona Cardinals,1999,00-0002257,Tom Burke,DT,71,65,-6,0.33,0.33,Engine re-derivation after 1999 roster/override changes
ARI,Arizona Cardinals,1999,00-0001114,Tommy Bennett,S,80,64,-16,0.45,0.45,Engine re-derivation after 1999 roster/override changes
ARI,Arizona Cardinals,1999,00-0008961,Trey Junkin,TE,67,64,-3,0.45,0.45,Engine re-derivation after 1999 roster/override changes
ARI,Arizona Cardinals,1999,00-0011764,Mike Moten,DT,71,63,-8,0.33,0.33,Engine re-derivation after 1999 roster/override changes
ARI,Arizona Cardinals,1999,00-0003175,Mac Cody,WR,62,62,0,0.6,0.6,
ARI,Arizona Cardinals,1999,00-0010762,Andy McCullough,WR,59,59,0,0.6,0.6,
ARI,Arizona Cardinals,1999,00-0001919,Derek Brown,TE,58,54,-4,0.45,0.45,Engine re-derivation after 1999 roster/override changes
ARI,Arizona Cardinals,1999,00-0006410,Chris Greisen,QB,53,53,0,0.6,0.6,
ARI,Arizona Cardinals,1999,00-0010951,Dennis McKinley,RB,51,51,0,0.6,0.6,
ATL,Atlanta Falcons,1999,00-0000282,Morten Andersen,K,75,84,9,0.45,0.9,"All-time great kicker, still elite [by ratings-overhaul-1999, 2026-06-08]"
ATL,Atlanta Falcons,1999,00-0002166,Ray Buchanan,CB,72,82,10,0.33,0.9,"Pro Bowl shutdown corner [by ratings-overhaul-1999, 2026-06-08]"
ATL,Atlanta Falcons,1999,00-0010539,Terance Mathis,WR,89,82,-7,0.78,0.9,"Lead WR, 1016 yds [by ratings-overhaul-1999, 2026-06-08]"
ATL,Atlanta Falcons,1999,00-0017592,Bob Whitfield,LT,74,80,6,0.33,0.9,"Longtime starting left tackle [by ratings-overhaul-1999, 2026-06-08]"
ATL,Atlanta Falcons,1999,00-0002876,Chris Chandler,QB,81,80,-1,0.78,0.9,"Pro Bowl-caliber when healthy, injury-hit [by ratings-overhaul-1999, 2026-06-08]"
ATL,Atlanta Falcons,1999,00-0001820,Keith Brooking,LB,72,80,8,0.33,0.9,"Ascending Pro Bowl-caliber linebacker [by ratings-overhaul-1999, 2026-06-08]"
ATL,Atlanta Falcons,1999,00-0006684,Travis Hall,DT,71,80,9,0.33,0.9,"Pro Bowl-caliber interior anchor [by ratings-overhaul-1999, 2026-06-08]"
ATL,Atlanta Falcons,1999,00-0015124,Chuck Smith,EDGE,72,78,6,0.33,0.9,"Pass rusher (injury-shortened) [by ratings-overhaul-1999, 2026-06-08]"
ATL,Atlanta Falcons,1999,00-0002748,Marty Carter,S,71,77,6,0.33,0.33,Engine re-derivation after 1999 roster/override changes
ATL,Atlanta Falcons,1999,00-0006688,Bob Hallen,LG,71,76,5,0.33,0.33,Engine re-derivation after 1999 roster/override changes
ATL,Atlanta Falcons,1999,00-0001267,Greg Bishop,LG,71,76,5,0.33,0.33,Engine re-derivation after 1999 roster/override changes
ATL,Atlanta Falcons,1999,00-0016667,Jessie Tuggle,LB,72,76,4,0.33,0.9,"Veteran tackle machine (final years) [by ratings-overhaul-1999, 2026-06-08]"
ATL,Atlanta Falcons,1999,00-0009173,Patrick Kerney,EDGE,72,76,4,0.33,0.9,"Ascending rookie edge [by ratings-overhaul-1999, 2026-06-08]"
ATL,Atlanta Falcons,1999,00-0004543,Shane Dronett,DT,71,76,5,0.33,0.9,"Disruptive defensive tackle [by ratings-overhaul-1999, 2026-06-08]"
ATL,Atlanta Falcons,1999,00-0004673,Tim Dwight,WR,77,76,-1,0.78,0.9,"Explosive returns + slot [by ratings-overhaul-1999, 2026-06-08]"
ATL,Atlanta Falcons,1999,00-0006803,Byron Hanspard,RB,75,75,0,0.78,0.78,
ATL,Atlanta Falcons,1999,00-0014376,Craig Sauer,LB,71,75,4,0.33,0.33,Engine re-derivation after 1999 roster/override changes
ATL,Atlanta Falcons,1999,00-0010711,Todd McClure,C,71,75,4,0.33,0.33,Engine re-derivation after 1999 roster/override changes
ATL,Atlanta Falcons,1999,00-0010430,Whit Marshall,LB,72,75,3,0.33,0.33,Engine re-derivation after 1999 roster/override changes
ATL,Atlanta Falcons,1999,00-0013860,Eugene Robinson,S,71,74,3,0.33,0.9,"Aged veteran ballhawk safety [by ratings-overhaul-1999, 2026-06-08]"
ATL,Atlanta Falcons,1999,00-0010646,Gerald McBurrows,S,71,74,3,0.33,0.33,Engine re-derivation after 1999 roster/override changes
ATL,Atlanta Falcons,1999,00-0000405,Lester Archambeau,EDGE,72,74,2,0.33,0.9,"Solid base defensive end [by ratings-overhaul-1999, 2026-06-08]"
ATL,Atlanta Falcons,1999,00-0016505,Robbie Tobeck,C,71,74,3,0.33,0.9,"Starting center [by ratings-overhaul-1999, 2026-06-08]"
ATL,Atlanta Falcons,1999,00-0009443,Brian Kozlowski,TE,73,73,0,0.78,0.78,
ATL,Atlanta Falcons,1999,00-0017787,Elijah Williams,CB,72,73,1,0.33,0.33,Engine re-derivation after 1999 roster/override changes
ATL,Atlanta Falcons,1999,00-0000316,Jamal Anderson,RB,51,73,22,0.6,0.9,"1998 All-Pro, torn ACL Week 2 (lost season) [by ratings-overhaul-1999, 2026-06-08]"
ATL,Atlanta Falcons,1999,00-0002775,Johndale Carty,CB,72,73,1,0.33,0.33,Engine re-derivation after 1999 roster/override changes
ATL,Atlanta Falcons,1999,00-0014350,O.J. Santiago,TE,74,73,-1,0.78,0.9,"Receiving tight end [by ratings-overhaul-1999, 2026-06-08]"
ATL,Atlanta Falcons,1999,00-0002970,Bob Christian,RB,80,72,-8,0.78,0.9,"Receiving fullback [by ratings-overhaul-1999, 2026-06-08]"
ATL,Atlanta Falcons,1999,00-0002544,Chris Calloway,WR,72,72,0,0.78,0.9,"Veteran possession WR [by ratings-overhaul-1999, 2026-06-08]"
ATL,Atlanta Falcons,1999,00-0008284,Ed Jasper,DT,71,71,0,0.33,0.33,
ATL,Atlanta Falcons,1999,00-0006728,Ruffin Hamilton,LB,72,71,-1,0.33,0.33,Engine re-derivation after 1999 roster/override changes
ATL,Atlanta Falcons,1999,derrick-gardner,Derrick Gardner,CB,72,70,-2,0.33,0.33,Engine re-derivation after 1999 roster/override changes
ATL,Atlanta Falcons,1999,00-0012480,Ken Oxendine,RB,76,70,-6,0.78,0.9,"Committee back [by ratings-overhaul-1999, 2026-06-08]"
ATL,Atlanta Falcons,1999,00-0002010,Omar Brown,CB,72,70,-2,0.33,0.33,Engine re-derivation after 1999 roster/override changes
ATL,Atlanta Falcons,1999,00-0003660,Henri Crockett,LB,71,69,-2,0.33,0.33,Engine re-derivation after 1999 roster/override changes
ATL,Atlanta Falcons,1999,00-0009110,Jeff Kelly,LB,71,69,-2,0.33,0.33,Engine re-derivation after 1999 roster/override changes
ATL,Atlanta Falcons,1999,00-0010792,Pellom McDaniels,EDGE,72,69,-3,0.33,0.33,Engine re-derivation after 1999 roster/override changes
ATL,Atlanta Falcons,1999,00-0012368,Winslow Oliver,RB,68,68,0,0.78,0.78,
ATL,Atlanta Falcons,1999,00-0003269,Calvin Collins,LG,71,67,-4,0.33,0.33,Engine re-derivation after 1999 roster/override changes
ATL,Atlanta Falcons,1999,00-0015842,Dan Stryzinski,P,75,67,-8,0.45,0.45,Engine re-derivation after 1999 roster/override changes
ATL,Atlanta Falcons,1999,00-0014255,Ephraim Salaam,LT,74,67,-7,0.33,0.33,Engine re-derivation after 1999 roster/override changes
ATL,Atlanta Falcons,1999,00-0013138,Jose Portilla,LT,74,67,-7,0.33,0.33,Engine re-derivation after 1999 roster/override changes
ATL,Atlanta Falcons,1999,00-0001478,Michael Booker,CB,72,66,-6,0.33,0.33,Engine re-derivation after 1999 roster/override changes
ATL,Atlanta Falcons,1999,00-0006299,Tony Graziani,QB,72,66,-6,0.78,0.9,"Backup QB [by ratings-overhaul-1999, 2026-06-08]"
ATL,Atlanta Falcons,1999,00-0001630,Ronnie Bradford,CB,72,65,-7,0.33,0.33,Engine re-derivation after 1999 roster/override changes
ATL,Atlanta Falcons,1999,00-0015957,Shawn Swayda,EDGE,72,65,-7,0.33,0.33,Engine re-derivation after 1999 roster/override changes
ATL,Atlanta Falcons,1999,00-0017796,Gene Williams,LG,71,64,-7,0.33,0.33,Engine re-derivation after 1999 roster/override changes
ATL,Atlanta Falcons,1999,00-0005903,Jammi German,WR,64,64,0,0.6,0.6,
ATL,Atlanta Falcons,1999,00-0012675,Jeff Paulk,RB,63,62,-1,0.45,0.45,Engine re-derivation after 1999 roster/override changes
ATL,Atlanta Falcons,1999,00-0012990,Evan Pilgrim,LG,71,61,-10,0.33,0.33,Engine re-derivation after 1999 roster/override changes
ATL,Atlanta Falcons,1999,00-0006994,Ronnie Harris,WR,61,61,0,0.6,0.6,
ATL,Atlanta Falcons,1999,00-0004495,Gary Downs,RB,63,60,-3,0.45,0.45,Engine re-derivation after 1999 roster/override changes
ATL,Atlanta Falcons,1999,00-0013695,Wally Richardson,QB,63,60,-3,0.45,0.45,Engine re-derivation after 1999 roster/override changes
ATL,Atlanta Falcons,1999,00-0009119,Reggie Kelly,TE,59,59,0,0.6,0.6,
ATL,Atlanta Falcons,1999,00-0000627,Eugene Baker,WR,55,55,0,0.6,0.6,
ATL,Atlanta Falcons,1999,00-0009007,Danny Kanell,QB,54,54,0,0.6,0.6,
ATL,Atlanta Falcons,1999,00-0011488,Rod Monroe,TE,51,51,0,0.6,0.6,
BAL,Baltimore Ravens,1999,00-0012322,Jonathan Ogden,LT,96,96,0,0.95,0.9,"Elite All-Pro left tackle [by ratings-overhaul-1999, 2026-06-08]"
BAL,Baltimore Ravens,1999,00-0009889,Ray Lewis,LB,72,94,22,0.33,0.9,"All-Pro, best LB in football [by ratings-overhaul-1999, 2026-06-08]"
BAL,Baltimore Ravens,1999,00-0018229,Rod Woodson,S,95,91,-4,0.95,0.9,"All-Pro safety, 7 INT ballhawk [by ratings-overhaul-1999, 2026-06-08]"
BAL,Baltimore Ravens,1999,00-0015784,Matt Stover,K,75,86,11,0.45,0.9,"Elite accurate kicker [by ratings-overhaul-1999, 2026-06-08]"
BAL,Baltimore Ravens,1999,00-0001544,Peter Boulware,LB,72,86,14,0.33,0.9,"Double-digit-sack edge [by ratings-overhaul-1999, 2026-06-08]"
BAL,Baltimore Ravens,1999,00-0010749,Michael McCrary,EDGE,72,85,13,0.33,0.9,"11.5 sacks, Pro Bowl edge [by ratings-overhaul-1999, 2026-06-08]"
BAL,Baltimore Ravens,1999,00-0010634,Chris McAlister,CB,72,82,10,0.33,0.9,"Ascending shutdown corner [by ratings-overhaul-1999, 2026-06-08]"
BAL,Baltimore Ravens,1999,00-0013622,Errict Rhett,RB,82,82,0,0.78,0.78,
BAL,Baltimore Ravens,1999,00-0008059,Qadry Ismail,WR,87,82,-5,0.78,0.9,"Breakout deep threat, 1105 yds [by ratings-overhaul-1999, 2026-06-08]"
BAL,Baltimore Ravens,1999,00-0015577,Duane Starks,CB,73,80,7,0.33,0.9,"Good young corner [by ratings-overhaul-1999, 2026-06-08]"
BAL,Baltimore Ravens,1999,00-0000422,Justin Armour,WR,80,80,0,0.78,0.78,
BAL,Baltimore Ravens,1999,00-0015002,Tony Siragusa,DT,71,80,9,0.33,0.9,"Mountain NT, run anchor [by ratings-overhaul-1999, 2026-06-08]"
BAL,Baltimore Ravens,1999,00-0016355,Bennie Thompson,CB,72,78,6,0.33,0.33,Engine re-derivation after 1999 roster/override changes
BAL,Baltimore Ravens,1999,00-0014725,Jamie Sharper,LB,72,78,6,0.33,0.9,"Solid every-down LB [by ratings-overhaul-1999, 2026-06-08]"
BAL,Baltimore Ravens,1999,00-0004972,Chuck Evans,RB,77,77,0,0.78,0.78,
BAL,Baltimore Ravens,1999,00-0008339,DeRon Jenkins,CB,73,77,4,0.33,0.33,Engine re-derivation after 1999 roster/override changes
BAL,Baltimore Ravens,1999,00-0005377,Spencer Folau,LT,74,77,3,0.33,0.33,Engine re-derivation after 1999 roster/override changes
BAL,Baltimore Ravens,1999,00-0011803,Edwin Mulitalo,LG,71,76,5,0.33,0.9,"Young starting guard [by ratings-overhaul-1999, 2026-06-08]"
BAL,Baltimore Ravens,1999,00-0009869,Jermaine Lewis,WR,72,76,4,0.78,0.9,"Pro Bowl returner + slot [by ratings-overhaul-1999, 2026-06-08]"
BAL,Baltimore Ravens,1999,00-0017255,Keith Washington,EDGE,72,76,4,0.33,0.33,Engine re-derivation after 1999 roster/override changes
BAL,Baltimore Ravens,1999,00-0003838,Lional Dalton,DT,71,76,5,0.33,0.33,Engine re-derivation after 1999 roster/override changes
BAL,Baltimore Ravens,1999,00-0004472,Marques Douglas,EDGE,72,76,4,0.33,0.33,Engine re-derivation after 1999 roster/override changes
BAL,Baltimore Ravens,1999,00-0007661,Priest Holmes,RB,61,76,15,0.6,0.9,"Lead back (injury-limited 1999) [by ratings-overhaul-1999, 2026-06-08]"
BAL,Baltimore Ravens,1999,00-0002294,Rob Burnett,EDGE,72,76,4,0.33,0.9,"Veteran defensive end [by ratings-overhaul-1999, 2026-06-08]"
BAL,Baltimore Ravens,1999,00-0002908,Martin Chase,DT,71,75,4,0.33,0.33,Engine re-derivation after 1999 roster/override changes
BAL,Baltimore Ravens,1999,00-0012849,Tyrell Peters,LB,72,75,3,0.33,0.33,Engine re-derivation after 1999 roster/override changes
BAL,Baltimore Ravens,1999,00-0011411,Jeff Mitchell,C,71,74,3,0.33,0.9,"Starting center [by ratings-overhaul-1999, 2026-06-08]"
BAL,Baltimore Ravens,1999,00-0007334,Kim Herring,S,80,74,-6,0.45,0.9,"Starting safety [by ratings-overhaul-1999, 2026-06-08]"
BAL,Baltimore Ravens,1999,00-0008598,Pat Johnson,WR,74,74,0,0.78,0.78,
BAL,Baltimore Ravens,1999,00-0000722,Tony Banks,QB,75,74,-1,0.78,0.9,"Game-manager starter [by ratings-overhaul-1999, 2026-06-08]"
BAL,Baltimore Ravens,1999,00-0011390,Anthony Mitchell,CB,72,72,0,0.33,0.33,
BAL,Baltimore Ravens,1999,00-0010094,Clarence Love,CB,73,72,-1,0.33,0.33,Engine re-derivation after 1999 roster/override changes
BAL,Baltimore Ravens,1999,00-0006927,Corey Harris,CB,73,72,-1,0.33,0.33,Engine re-derivation after 1999 roster/override changes
BAL,Baltimore Ravens,1999,00-0001896,Cornell Brown,LB,72,72,0,0.33,0.33,
BAL,Baltimore Ravens,1999,00-0004172,Greg DeLong,TE,72,72,0,0.78,0.78,
BAL,Baltimore Ravens,1999,00-0002787,Stoney Case,QB,72,72,0,0.78,0.78,
BAL,Baltimore Ravens,1999,00-0012971,Aaron Pierce,TE,71,71,0,0.78,0.78,
BAL,Baltimore Ravens,1999,00-0015171,Fernando Smith,EDGE,72,69,-3,0.33,0.33,Engine re-derivation after 1999 roster/override changes
BAL,Baltimore Ravens,1999,00-0016591,James Trapp,CB,73,69,-4,0.33,0.33,Engine re-derivation after 1999 roster/override changes
BAL,Baltimore Ravens,1999,00-0013682,Kyle Richardson,P,75,69,-6,0.45,0.45,Engine re-derivation after 1999 roster/override changes
BAL,Baltimore Ravens,1999,00-0015958,Harry Swayne,LT,74,68,-6,0.33,0.33,Engine re-derivation after 1999 roster/override changes
BAL,Baltimore Ravens,1999,00-0011613,Stevon Moore,CB,73,68,-5,0.33,0.33,Engine re-derivation after 1999 roster/override changes
BAL,Baltimore Ravens,1999,00-0009941,Everett Lindsay,LG,71,67,-4,0.33,0.33,Engine re-derivation after 1999 roster/override changes
BAL,Baltimore Ravens,1999,00-0006208,Jay Graham,RB,63,67,4,0.45,0.45,Engine re-derivation after 1999 roster/override changes
BAL,Baltimore Ravens,1999,00-0000485,James Atkins,LT,74,66,-8,0.33,0.33,Engine re-derivation after 1999 roster/override changes
BAL,Baltimore Ravens,1999,00-0001307,Jeff Blackshear,LG,71,66,-5,0.33,0.33,Engine re-derivation after 1999 roster/override changes
BAL,Baltimore Ravens,1999,00-0017378,Larry Webster,DT,71,66,-5,0.33,0.33,Engine re-derivation after 1999 roster/override changes
BAL,Baltimore Ravens,1999,00-0016931,Tony Vinson,RB,63,66,3,0.45,0.45,Engine re-derivation after 1999 roster/override changes
BAL,Baltimore Ravens,1999,00-0013052,Anthony Poindexter,CB,72,65,-7,0.33,0.33,Engine re-derivation after 1999 roster/override changes
BAL,Baltimore Ravens,1999,00-0008097,Brad Jackson,LB,72,64,-8,0.33,0.33,Engine re-derivation after 1999 roster/override changes
BAL,Baltimore Ravens,1999,00-0017927,Sammy Williams,LT,74,64,-10,0.33,0.33,Engine re-derivation after 1999 roster/override changes
BAL,Baltimore Ravens,1999,00-0003944,Billy Davis,WR,62,62,0,0.6,0.6,
BAL,Baltimore Ravens,1999,00-0005366,Mike Flynn,LG,71,62,-9,0.33,0.33,Engine re-derivation after 1999 roster/override changes
BAL,Baltimore Ravens,1999,00-0016993,Frank Wainright,TE,62,60,-2,0.45,0.45,Engine re-derivation after 1999 roster/override changes
BAL,Baltimore Ravens,1999,00-0012317,A.J. Ofodile,TE,57,58,1,0.6,0.6,Engine re-derivation after 1999 roster/override changes
BAL,Baltimore Ravens,1999,00-0011932,Marcus Nash,WR,63,56,-7,0.45,0.45,Engine re-derivation after 1999 roster/override changes
BAL,Baltimore Ravens,1999,00-0015754,Brandon Stokley,WR,63,54,-9,0.45,0.45,Engine re-derivation after 1999 roster/override changes
BAL,Baltimore Ravens,1999,00-0011434,Scott Mitchell,QB,54,54,0,0.6,0.6,
BAL,Baltimore Ravens,1999,00-0003310,Ryan Collins,TE,52,53,1,0.6,0.6,Engine re-derivation after 1999 roster/override changes
BAL,Baltimore Ravens,1999,00-0000552,Obafemi Ayanbadejo,RB,51,51,0,0.6,0.6,
BUF,Buffalo Bills,1999,00-0015111,Bruce Smith,EDGE,97,94,-3,0.95,0.9,"All-Pro edge, future Hall of Famer [by ratings-overhaul-1999, 2026-06-08]"
BUF,Buffalo Bills,1999,00-0017277,Ted Washington,DT,71,88,17,0.33,0.9,"Elite run-stuffing nose tackle [by ratings-overhaul-1999, 2026-06-08]"
BUF,Buffalo Bills,1999,00-0011770,Eric Moulds,WR,86,86,0,0.78,0.9,"Pro Bowl WR, 994 yds [by ratings-overhaul-1999, 2026-06-08]"
BUF,Buffalo Bills,1999,00-0002041,Ruben Brown,LG,80,86,6,0.45,0.9,"Pro Bowl LG [by ratings-overhaul-1999, 2026-06-08]"
BUF,Buffalo Bills,1999,00-0009960,Jonathan Linton,RB,82,83,1,0.78,0.78,Engine re-derivation after 1999 roster/override changes
BUF,Buffalo Bills,1999,00-0005363,Doug Flutie,QB,85,82,-3,0.78,0.9,"Playoff QB, dual-threat, 19 pass TD [by ratings-overhaul-1999, 2026-06-08]"
BUF,Buffalo Bills,1999,00-0003563,Sam Cowart,LB,72,82,10,0.33,0.9,"Breakout tackle machine [by ratings-overhaul-1999, 2026-06-08]"
BUF,Buffalo Bills,1999,00-0018093,Antoine Winfield,CB,73,80,7,0.33,0.9,"Tough young cover/run-support CB [by ratings-overhaul-1999, 2026-06-08]"
BUF,Buffalo Bills,1999,00-0005822,Sam Gash,RB,79,80,1,0.78,0.78,Engine re-derivation after 1999 roster/override changes
BUF,Buffalo Bills,1999,00-0002975,Steve Christie,K,76,80,4,0.45,0.9,"Reliable veteran kicker [by ratings-overhaul-1999, 2026-06-08]"
BUF,Buffalo Bills,1999,00-0017860,Kevin R. Williams,WR,78,78,0,0.78,0.78,
BUF,Buffalo Bills,1999,00-0015314,Thomas Smith,CB,73,78,5,0.33,0.9,"Steady starting corner [by ratings-overhaul-1999, 2026-06-08]"
BUF,Buffalo Bills,1999,00-0013499,Andre Reed,WR,81,77,-4,0.78,0.9,"Veteran possession WR [by ratings-overhaul-1999, 2026-06-08]"
BUF,Buffalo Bills,1999,00-0008761,Henry Jones,S,69,77,8,0.45,0.9,"Veteran starting safety [by ratings-overhaul-1999, 2026-06-08]"
BUF,Buffalo Bills,1999,00-0005217,John Fina,LT,78,77,-1,0.45,0.9,"Steady starting LT [by ratings-overhaul-1999, 2026-06-08]"
BUF,Buffalo Bills,1999,00-0012059,Keith Newman,LB,72,77,5,0.33,0.33,Engine re-derivation after 1999 roster/override changes
BUF,Buffalo Bills,1999,00-0010450,Manny Martin,CB,73,77,4,0.33,0.33,Engine re-derivation after 1999 roster/override changes
BUF,Buffalo Bills,1999,00-0017670,Marcellus Wiley,EDGE,72,77,5,0.33,0.9,"Ascending pass rusher [by ratings-overhaul-1999, 2026-06-08]"
BUF,Buffalo Bills,1999,00-0006795,Phil Hansen,EDGE,72,77,5,0.33,0.9,"Solid base end [by ratings-overhaul-1999, 2026-06-08]"
BUF,Buffalo Bills,1999,00-0006395,Donovan Greer,CB,73,76,3,0.33,0.33,Engine re-derivation after 1999 roster/override changes
BUF,Buffalo Bills,1999,00-0011463,Chris Mohr,P,69,75,6,0.45,0.45,Engine re-derivation after 1999 roster/override changes
BUF,Buffalo Bills,1999,00-0002666,Keion Carpenter,CB,73,75,2,0.33,0.33,Engine re-derivation after 1999 roster/override changes
BUF,Buffalo Bills,1999,00-0014512,Kurt Schulz,S,80,75,-5,0.45,0.9,"Starting safety [by ratings-overhaul-1999, 2026-06-08]"
BUF,Buffalo Bills,1999,00-0013232,Peerless Price,WR,79,75,-4,0.78,0.9,"Ascending #2 WR [by ratings-overhaul-1999, 2026-06-08]"
BUF,Buffalo Bills,1999,00-0013979,Sam Rogers,LB,72,75,3,0.33,0.9,"Starting linebacker [by ratings-overhaul-1999, 2026-06-08]"
BUF,Buffalo Bills,1999,00-0003266,Bobby Collins,TE,73,74,1,0.78,0.78,Engine re-derivation after 1999 roster/override changes
BUF,Buffalo Bills,1999,00-0013122,Daryl Porter,CB,73,74,1,0.33,0.33,Engine re-derivation after 1999 roster/override changes
BUF,Buffalo Bills,1999,00-0007587,John Holecek,LB,72,74,2,0.33,0.33,Engine re-derivation after 1999 roster/override changes
BUF,Buffalo Bills,1999,00-0017899,Pat Williams,DT,71,74,3,0.33,0.9,"Young rotational NT [by ratings-overhaul-1999, 2026-06-08]"
BUF,Buffalo Bills,1999,00-0015091,Antowain Smith,RB,80,73,-7,0.78,0.9,"Committee lead back [by ratings-overhaul-1999, 2026-06-08]"
BUF,Buffalo Bills,1999,00-0013728,Jay Riemersma,TE,85,73,-12,0.78,0.9,"Receiving TE [by ratings-overhaul-1999, 2026-06-08]"
BUF,Buffalo Bills,1999,00-0008612,Rob Johnson,QB,75,73,-2,0.6,0.9,"Capable swing starter [by ratings-overhaul-1999, 2026-06-08]"
BUF,Buffalo Bills,1999,00-0011634,Sean Moran,DT,71,73,2,0.33,0.33,Engine re-derivation after 1999 roster/override changes
BUF,Buffalo Bills,1999,00-0012191,Gabe Northern,LB,72,72,0,0.33,0.33,
BUF,Buffalo Bills,1999,00-0016331,Thurman Thomas,RB,53,72,19,0.6,0.9,"Aging legend in reduced role [by ratings-overhaul-1999, 2026-06-08]"
BUF,Buffalo Bills,1999,00-0001681,Dan Brandenburg,LB,72,71,-1,0.33,0.33,Engine re-derivation after 1999 roster/override changes
BUF,Buffalo Bills,1999,00-0012437,Jerry Ostroski,C,69,71,2,0.45,0.45,Engine re-derivation after 1999 roster/override changes
BUF,Buffalo Bills,1999,00-0015491,T. Marcus Spriggs,LT,70,71,1,0.45,0.45,Engine re-derivation after 1999 roster/override changes
BUF,Buffalo Bills,1999,00-0011908,Jamie Nails,LG,69,70,1,0.45,0.45,Engine re-derivation after 1999 roster/override changes
BUF,Buffalo Bills,1999,00-0013235,Shawn Price,EDGE,72,70,-2,0.33,0.33,Engine re-derivation after 1999 roster/override changes
BUF,Buffalo Bills,1999,00-0018484,Dusty Zeigler,LG,65,69,4,0.45,0.45,Engine re-derivation after 1999 roster/override changes
BUF,Buffalo Bills,1999,00-0003748,Joe Cummings,LB,72,69,-3,0.33,0.33,Engine re-derivation after 1999 roster/override changes
BUF,Buffalo Bills,1999,00-0016838,Alex Van Pelt,QB,67,68,1,0.6,0.6,Engine re-derivation after 1999 roster/override changes
BUF,Buffalo Bills,1999,00-0002159,Shawn Bryson,RB,63,68,5,0.45,0.45,Engine re-derivation after 1999 roster/override changes
BUF,Buffalo Bills,1999,00-0012532,Joe Panos,LG,69,67,-2,0.45,0.45,Engine re-derivation after 1999 roster/override changes
BUF,Buffalo Bills,1999,00-0008041,Ken Irvin,CB,73,67,-6,0.33,0.33,Engine re-derivation after 1999 roster/override changes
BUF,Buffalo Bills,1999,00-0000240,Victor Allotey,LG,80,67,-13,0.45,0.45,Engine re-derivation after 1999 roster/override changes
BUF,Buffalo Bills,1999,00-0005434,Jay Foreman,LB,72,66,-6,0.33,0.33,Engine re-derivation after 1999 roster/override changes
BUF,Buffalo Bills,1999,00-0012820,Marlo Perry,LB,72,65,-7,0.33,0.33,Engine re-derivation after 1999 roster/override changes
BUF,Buffalo Bills,1999,00-0003356,Bill Conaty,C,77,64,-13,0.45,0.45,Engine re-derivation after 1999 roster/override changes
BUF,Buffalo Bills,1999,00-0000121,Ethan Albright,LG,80,64,-16,0.45,0.45,Engine re-derivation after 1999 roster/override changes
BUF,Buffalo Bills,1999,00-0010786,Jeremy McDaniel,WR,67,64,-3,0.45,0.45,Engine re-derivation after 1999 roster/override changes
BUF,Buffalo Bills,1999,00-0007387,Robert Hicks,LT,62,63,1,0.45,0.45,Engine re-derivation after 1999 roster/override changes
BUF,Buffalo Bills,1999,00-0010092,Kamil Loud,WR,60,61,1,0.6,0.6,Engine re-derivation after 1999 roster/override changes
BUF,Buffalo Bills,1999,00-0008190,Sheldon Jackson,TE,58,58,0,0.6,0.6,
BUF,Buffalo Bills,1999,00-0006155,Lennox Gordon,RB,51,52,1,0.6,0.6,Engine re-derivation after 1999 roster/override changes
CAR,Carolina Panthers,1999,00-0001218,Steve Beuerlein,QB,96,88,-8,0.78,0.9,"Career year, 4436 yds, 36 TD, Pro Bowl [by ratings-overhaul-1999, 2026-06-08]"
CAR,Carolina Panthers,1999,00-0011795,Muhsin Muhammad,WR,93,87,-6,0.78,0.9,"Star #1 WR, 1253 yds [by ratings-overhaul-1999, 2026-06-08]"
CAR,Carolina Panthers,1999,00-0017109,Wesley Walls,TE,94,87,-7,0.78,0.9,"Pro Bowl receiving TE, 822 yds, 12 TD [by ratings-overhaul-1999, 2026-06-08]"
CAR,Carolina Panthers,1999,00-0006373,Kevin Greene,LB,81,84,3,0.45,0.9,"12 sacks in final season, elite rusher [by ratings-overhaul-1999, 2026-06-08]"
CAR,Carolina Panthers,1999,00-0009028,John Kasay,K,70,80,10,0.33,0.9,"Accurate veteran kicker [by ratings-overhaul-1999, 2026-06-08]"
CAR,Carolina Panthers,1999,00-0000829,Micheal Barrow,LB,81,80,-1,0.45,0.9,"Every-down tackle machine [by ratings-overhaul-1999, 2026-06-08]"
CAR,Carolina Panthers,1999,00-0011372,Mike Minter,S,76,80,4,0.45,0.9,"Hard-hitting Pro Bowl-caliber safety [by ratings-overhaul-1999, 2026-06-08]"
CAR,Carolina Panthers,1999,00-0008300,Patrick Jeffers,WR,91,80,-11,0.78,0.9,"One-year wonder, 1082 yds, 12 TD [by ratings-overhaul-1999, 2026-06-08]"
CAR,Carolina Panthers,1999,00-0004978,Doug Evans,CB,73,78,5,0.33,0.9,"Veteran starting corner [by ratings-overhaul-1999, 2026-06-08]"
CAR,Carolina Panthers,1999,00-0003977,Eric Davis,CB,73,78,5,0.33,0.9,"Veteran ballhawk corner [by ratings-overhaul-1999, 2026-06-08]"
CAR,Carolina Panthers,1999,00-0012081,Nate Newton,LG,71,78,7,0.33,0.33,Engine re-derivation after 1999 roster/override changes
CAR,Carolina Panthers,1999,00-0005962,Sean Gilbert,DT,72,78,6,0.33,0.9,"Big-money run-stuffing tackle [by ratings-overhaul-1999, 2026-06-08]"
CAR,Carolina Panthers,1999,00-0003762,Richie Cunningham,K,70,77,7,0.33,0.33,Engine re-derivation after 1999 roster/override changes
CAR,Carolina Panthers,1999,00-0011629,Tim Morabito,DT,72,77,5,0.33,0.33,Engine re-derivation after 1999 roster/override changes
CAR,Carolina Panthers,1999,00-0000136,Brent Alexander,S,80,76,-4,0.45,0.9,"Starting safety [by ratings-overhaul-1999, 2026-06-08]"
CAR,Carolina Panthers,1999,00-0014132,Mike Rucker,EDGE,72,76,4,0.33,0.9,"Ascending rookie edge [by ratings-overhaul-1999, 2026-06-08]"
CAR,Carolina Panthers,1999,00-0001224,Tim Biakabutuka,RB,76,76,0,0.78,0.9,"Lead back when healthy, 718 yds [by ratings-overhaul-1999, 2026-06-08]"
CAR,Carolina Panthers,1999,00-0013493,Anthony Redmon,LG,71,75,4,0.33,0.33,Engine re-derivation after 1999 roster/override changes
CAR,Carolina Panthers,1999,00-0015755,Bryan Stoltenberg,LG,71,75,4,0.33,0.33,Engine re-derivation after 1999 roster/override changes
CAR,Carolina Panthers,1999,00-0008430,Anthony Johnson,RB,74,74,0,0.78,0.78,
CAR,Carolina Panthers,1999,00-0016183,Chris Terry,LT,74,74,0,0.33,0.9,"Starting left tackle [by ratings-overhaul-1999, 2026-06-08]"
CAR,Carolina Panthers,1999,00-0008745,Ernest Jones,LB,69,74,5,0.45,0.45,Engine re-derivation after 1999 roster/override changes
CAR,Carolina Panthers,1999,00-0005753,Frank Garcia,C,71,73,2,0.33,0.9,"Starting center [by ratings-overhaul-1999, 2026-06-08]"
CAR,Carolina Panthers,1999,00-0009599,Fred Lane,RB,78,73,-5,0.78,0.9,"Committee back [by ratings-overhaul-1999, 2026-06-08]"
CAR,Carolina Panthers,1999,00-0014600,Mike Scurlock,CB,73,73,0,0.33,0.33,
CAR,Carolina Panthers,1999,00-0011811,Roderick Mullen,CB,73,73,0,0.33,0.33,
CAR,Carolina Panthers,1999,00-0010024,Steve Lofton,CB,73,73,0,0.33,0.33,
CAR,Carolina Panthers,1999,00-0007144,Donald Hayes,WR,76,72,-4,0.78,0.9,"Rotational receiver [by ratings-overhaul-1999, 2026-06-08]"
CAR,Carolina Panthers,1999,00-0012842,Jason Peter,EDGE,72,72,0,0.33,0.9,"Rotational defensive tackle [by ratings-overhaul-1999, 2026-06-08]"
CAR,Carolina Panthers,1999,00-0008383,Jerry Jensen,LB,78,72,-6,0.45,0.9,"Starting linebacker [by ratings-overhaul-1999, 2026-06-08]"
CAR,Carolina Panthers,1999,00-0005361,William Floyd,RB,77,72,-5,0.78,0.9,"Lead-blocking fullback [by ratings-overhaul-1999, 2026-06-08]"
CAR,Carolina Panthers,1999,00-0009237,Brian Kinchen,TE,71,71,0,0.78,0.78,
CAR,Carolina Panthers,1999,00-0002587,Matt Campbell,LG,71,70,-1,0.33,0.33,Engine re-derivation after 1999 roster/override changes
CAR,Carolina Panthers,1999,00-0011151,Eric Metcalf,WR,69,69,0,0.78,0.78,
CAR,Carolina Panthers,1999,00-0003930,Norberto Davidds-Garrido,LT,74,69,-5,0.33,0.33,Engine re-derivation after 1999 roster/override changes
CAR,Carolina Panthers,1999,00-0001495,Tony Booth,CB,73,68,-5,0.33,0.33,Engine re-derivation after 1999 roster/override changes
CAR,Carolina Panthers,1999,00-0003600,Dameyune Craig,QB,63,67,4,0.45,0.45,Engine re-derivation after 1999 roster/override changes
CAR,Carolina Panthers,1999,00-0016716,Jim Turner,WR,67,67,0,0.45,0.45,
CAR,Carolina Panthers,1999,00-0015971,Michael Swift,CB,73,67,-6,0.33,0.33,Engine re-derivation after 1999 roster/override changes
CAR,Carolina Panthers,1999,00-0017668,Chuck Wiley,EDGE,72,66,-6,0.33,0.33,Engine re-derivation after 1999 roster/override changes
CAR,Carolina Panthers,1999,00-0017127,Ken Walter,P,75,66,-9,0.45,0.45,Engine re-derivation after 1999 roster/override changes
CAR,Carolina Panthers,1999,00-0013675,Damien Richardson,CB,73,65,-8,0.33,0.33,Engine re-derivation after 1999 roster/override changes
CAR,Carolina Panthers,1999,00-0016643,Esera Tuaolo,DT,72,65,-7,0.33,0.33,Engine re-derivation after 1999 roster/override changes
CAR,Carolina Panthers,1999,00-0003857,Robert Daniel,EDGE,72,65,-7,0.33,0.33,Engine re-derivation after 1999 roster/override changes
CAR,Carolina Panthers,1999,00-0004321,Antonio Dingle,DT,71,64,-7,0.33,0.33,Engine re-derivation after 1999 roster/override changes
CAR,Carolina Panthers,1999,00-0014820,Clay Shiver,C,71,64,-7,0.33,0.33,Engine re-derivation after 1999 roster/override changes
CAR,Carolina Panthers,1999,00-0010572,Vili Maumau,DT,72,64,-8,0.33,0.33,Engine re-derivation after 1999 roster/override changes
CAR,Carolina Panthers,1999,00-0012023,Jamar Nesbit,C,71,63,-8,0.33,0.33,Engine re-derivation after 1999 roster/override changes
CAR,Carolina Panthers,1999,00-0017490,Leonard Wheeler,CB,73,63,-10,0.33,0.33,Engine re-derivation after 1999 roster/override changes
CAR,Carolina Panthers,1999,00-0004746,Antonio Edwards,EDGE,72,62,-10,0.33,0.33,Engine re-derivation after 1999 roster/override changes
CAR,Carolina Panthers,1999,00-0008711,Clarence Jones,LT,74,62,-12,0.33,0.33,Engine re-derivation after 1999 roster/override changes
CAR,Carolina Panthers,1999,00-0002266,Dialleo Burks,WR,67,62,-5,0.45,0.45,Engine re-derivation after 1999 roster/override changes
CAR,Carolina Panthers,1999,00-0008738,Donta Jones,LB,69,62,-7,0.45,0.45,Engine re-derivation after 1999 roster/override changes
CAR,Carolina Panthers,1999,00-0016568,Steve Tovar,LB,61,62,1,0.45,0.45,Engine re-derivation after 1999 roster/override changes
CAR,Carolina Panthers,1999,00-0009868,Jeff Lewis,QB,60,61,1,0.6,0.6,Engine re-derivation after 1999 roster/override changes
CAR,Carolina Panthers,1999,00-0000872,Michael Bates,WR,60,61,1,0.6,0.6,Engine re-derivation after 1999 roster/override changes
CAR,Carolina Panthers,1999,00-0017421,Dean Wells,LB,57,59,2,0.45,0.45,Engine re-derivation after 1999 roster/override changes
CAR,Carolina Panthers,1999,00-0011945,Hannibal Navies,LB,65,57,-8,0.45,0.45,Engine re-derivation after 1999 roster/override changes
CAR,Carolina Panthers,1999,00-0011366,Kory Minor,LB,65,57,-8,0.45,0.45,Engine re-derivation after 1999 roster/override changes
CAR,Carolina Panthers,1999,00-0010333,Kris Mangum,TE,56,56,0,0.6,0.6,
CAR,Carolina Panthers,1999,00-0001471,Steve Bono,QB,54,55,1,0.6,0.6,Engine re-derivation after 1999 roster/override changes
CAR,Carolina Panthers,1999,00-0007357,Chris Hetherington,RB,50,50,0,0.6,0.6,
CHI,Chicago Bears,1999,00-0013888,Marcus Robinson,WR,94,84,-10,0.78,0.9,"Breakout, 1400 yds, 9 TD [by ratings-overhaul-1999, 2026-06-08]"
CHI,Chicago Bears,1999,00-0009472,Olin Kreutz,C,71,82,11,0.33,0.9,"Ascending Pro Bowl center [by ratings-overhaul-1999, 2026-06-08]"
CHI,Chicago Bears,1999,00-0017480,Ryan Wetnight,TE,81,81,0,0.78,0.78,
CHI,Chicago Bears,1999,00-0004915,Bobby Engram,WR,87,78,-9,0.78,0.9,"Reliable slot receiver [by ratings-overhaul-1999, 2026-06-08]"
CHI,Chicago Bears,1999,00-0018127,Jerry Wisne,LG,71,78,7,0.33,0.33,Engine re-derivation after 1999 roster/override changes
CHI,Chicago Bears,1999,00-0005296,Jim Flanigan,DT,72,78,6,0.33,0.9,"Disruptive interior lineman [by ratings-overhaul-1999, 2026-06-08]"
CHI,Chicago Bears,1999,00-0014377,Todd Sauerbrun,P,69,78,9,0.45,0.9,"Big-leg Pro Bowl punter [by ratings-overhaul-1999, 2026-06-08]"
CHI,Chicago Bears,1999,00-0012614,Tony Parrish,S,76,78,2,0.45,0.9,"Hard-hitting starting safety [by ratings-overhaul-1999, 2026-06-08]"
CHI,Chicago Bears,1999,00-0007007,Walt Harris,CB,73,78,5,0.33,0.9,"Steady starting corner [by ratings-overhaul-1999, 2026-06-08]"
CHI,Chicago Bears,1999,00-0000559,Jerry Azumah,CB,73,77,4,0.33,0.33,Engine re-derivation after 1999 roster/override changes
CHI,Chicago Bears,1999,00-0013845,Bryan Robinson,EDGE,72,76,4,0.33,0.9,"Solid run-stuffer (blocked the kick) [by ratings-overhaul-1999, 2026-06-08]"
CHI,Chicago Bears,1999,00-0017638,Casey Wiegmann,C,71,76,5,0.33,0.33,Engine re-derivation after 1999 roster/override changes
CHI,Chicago Bears,1999,00-0000325,Ken Anderson,DT,72,76,4,0.33,0.33,Engine re-derivation after 1999 roster/override changes
CHI,Chicago Bears,1999,00-0003338,Rosevelt Colvin,LB,72,76,4,0.33,0.9,"Ascending pass rusher [by ratings-overhaul-1999, 2026-06-08]"
CHI,Chicago Bears,1999,00-0011213,Glyn Milburn,RB,75,75,0,0.78,0.78,
CHI,Chicago Bears,1999,00-0007967,Greg Huntington,LG,71,75,4,0.33,0.33,Engine re-derivation after 1999 roster/override changes
CHI,Chicago Bears,1999,00-0017821,James O. Williams,LT,74,75,1,0.33,0.33,Engine re-derivation after 1999 roster/override changes
CHI,Chicago Bears,1999,00-0011369,Barry Minter,LB,72,74,2,0.33,0.9,"Every-down middle linebacker [by ratings-overhaul-1999, 2026-06-08]"
CHI,Chicago Bears,1999,00-0001804,Blake Brockermeyer,LT,74,74,0,0.33,0.9,"Starting left tackle [by ratings-overhaul-1999, 2026-06-08]"
CHI,Chicago Bears,1999,00-0016916,Chris Villarrial,LG,71,74,3,0.33,0.9,"Starting guard [by ratings-overhaul-1999, 2026-06-08]"
CHI,Chicago Bears,1999,00-0003396,Curtis Conway,WR,74,74,0,0.78,0.78,
CHI,Chicago Bears,1999,00-0001103,Edgar Bennett,RB,74,74,0,0.78,0.78,
CHI,Chicago Bears,1999,00-0007655,Jaret Holmes,K,70,74,4,0.33,0.33,Engine re-derivation after 1999 roster/override changes
CHI,Chicago Bears,1999,00-0007472,Keno Hills,LT,74,74,0,0.33,0.33,
CHI,Chicago Bears,1999,00-0004046,Russell Davis,EDGE,72,74,2,0.33,0.33,Engine re-derivation after 1999 roster/override changes
CHI,Chicago Bears,1999,00-0012828,Todd Perry,LG,71,74,3,0.33,0.33,Engine re-derivation after 1999 roster/override changes
CHI,Chicago Bears,1999,00-0000242,John Allred,TE,73,73,0,0.78,0.78,
CHI,Chicago Bears,1999,00-0012452,Chad Overhauser,LT,74,72,-2,0.33,0.33,Engine re-derivation after 1999 roster/override changes
CHI,Chicago Bears,1999,00-0008231,Jeff Jaeger,K,71,72,1,0.33,0.9,"Veteran kicker [by ratings-overhaul-1999, 2026-06-08]"
CHI,Chicago Bears,1999,00-0011276,Jim Miller,QB,58,72,14,0.6,0.9,"Backup QB [by ratings-overhaul-1999, 2026-06-08]"
CHI,Chicago Bears,1999,00-0017428,Mike Wells,DT,72,72,0,0.33,0.9,"Rotational defensive tackle [by ratings-overhaul-1999, 2026-06-08]"
CHI,Chicago Bears,1999,00-0000529,Ray Austin,CB,73,72,-1,0.33,0.33,Engine re-derivation after 1999 roster/override changes
CHI,Chicago Bears,1999,00-0010560,Shane Matthews,QB,73,72,-1,0.78,0.9,"Spot starter [by ratings-overhaul-1999, 2026-06-08]"
CHI,Chicago Bears,1999,00-0010598,Alonzo Mayes,TE,71,71,0,0.78,0.78,
CHI,Chicago Bears,1999,00-0001477,Marty Booker,WR,71,71,0,0.78,0.78,
CHI,Chicago Bears,1999,00-0011044,Cade McNown,QB,78,70,-8,0.78,0.9,"Rookie QB, struggled [by ratings-overhaul-1999, 2026-06-08]"
CHI,Chicago Bears,1999,00-0004916,Curtis Enis,RB,83,70,-13,0.78,0.9,"Disappointing former first-rounder [by ratings-overhaul-1999, 2026-06-08]"
CHI,Chicago Bears,1999,00-0012514,Dan Palmer,C,71,70,-1,0.33,0.33,Engine re-derivation after 1999 roster/override changes
CHI,Chicago Bears,1999,00-0010341,Patrick Mannelly,LT,74,70,-4,0.33,0.33,Engine re-derivation after 1999 roster/override changes
CHI,Chicago Bears,1999,00-0007586,Warrick Holdman,LB,72,70,-2,0.33,0.9,"Young starting linebacker [by ratings-overhaul-1999, 2026-06-08]"
CHI,Chicago Bears,1999,00-0002365,Shane Burton,DT,72,69,-3,0.33,0.33,Engine re-derivation after 1999 roster/override changes
CHI,Chicago Bears,1999,00-0000210,James Allen,RB,69,68,-1,0.78,0.9,"Committee back [by ratings-overhaul-1999, 2026-06-08]"
CHI,Chicago Bears,1999,00-0001842,Macey Brooks,WR,68,68,0,0.78,0.78,
CHI,Chicago Bears,1999,00-0003547,Terry Cousin,CB,73,68,-5,0.33,0.33,Engine re-derivation after 1999 roster/override changes
CHI,Chicago Bears,1999,00-0016674,Van Tuinei,EDGE,72,68,-4,0.33,0.33,Engine re-derivation after 1999 roster/override changes
CHI,Chicago Bears,1999,00-0008775,Jermaine Jones,CB,73,67,-6,0.33,0.33,Engine re-derivation after 1999 roster/override changes
CHI,Chicago Bears,1999,00-0016659,Rex Tucker,LT,74,67,-7,0.33,0.33,Engine re-derivation after 1999 roster/override changes
CHI,Chicago Bears,1999,00-0002610,Jim Cantelupe,CB,73,65,-8,0.33,0.33,Engine re-derivation after 1999 roster/override changes
CHI,Chicago Bears,1999,00-0014298,Khari Samuel,LB,72,65,-7,0.33,0.33,Engine re-derivation after 1999 roster/override changes
CHI,Chicago Bears,1999,00-0015173,Frankie Smith,CB,73,64,-9,0.33,0.33,Engine re-derivation after 1999 roster/override changes
CHI,Chicago Bears,1999,00-0006997,Sean Harris,LB,72,64,-8,0.33,0.33,Engine re-derivation after 1999 roster/override changes
CHI,Chicago Bears,1999,00-0007849,Chris Hudson,S,80,63,-17,0.45,0.45,Engine re-derivation after 1999 roster/override changes
CHI,Chicago Bears,1999,00-0014894,Clyde Simmons,EDGE,72,63,-9,0.33,0.33,Engine re-derivation after 1999 roster/override changes
CHI,Chicago Bears,1999,00-0016085,Cordell Taylor,CB,73,63,-10,0.33,0.33,Engine re-derivation after 1999 roster/override changes
CHI,Chicago Bears,1999,00-0002312,Keith Burns,LB,72,63,-9,0.33,0.33,Engine re-derivation after 1999 roster/override changes
CHI,Chicago Bears,1999,00-0010807,Ricardo McDonald,LB,72,63,-9,0.33,0.33,Engine re-derivation after 1999 roster/override changes
CHI,Chicago Bears,1999,00-0001738,Dorian Brew,CB,73,62,-11,0.33,0.33,Engine re-derivation after 1999 roster/override changes
CHI,Chicago Bears,1999,00-0007324,Jimmy Herndon,LT,74,62,-12,0.33,0.33,Engine re-derivation after 1999 roster/override changes
CHI,Chicago Bears,1999,00-0014348,Sulecio Sanford,WR,67,60,-7,0.45,0.45,Engine re-derivation after 1999 roster/override changes
CHI,Chicago Bears,1999,00-0004925,Craig Erickson,QB,63,59,-4,0.45,0.45,Engine re-derivation after 1999 roster/override changes
CHI,Chicago Bears,1999,00-0000869,D'Wayne Bates,WR,55,55,0,0.6,0.6,
CHI,Chicago Bears,1999,00-0006692,Ty Hallock,RB,55,54,-1,0.6,0.6,Engine re-derivation after 1999 roster/override changes
CIN,Cincinnati Bengals,1999,00-0004304,Corey Dillon,RB,85,88,3,0.78,0.9,"Star RB on bad team, 1200 yds [by ratings-overhaul-1999, 2026-06-08]"
CIN,Cincinnati Bengals,1999,00-0000352,Willie Anderson,LT,74,86,12,0.33,0.9,"Elite Pro Bowl right tackle [by ratings-overhaul-1999, 2026-06-08]"
CIN,Cincinnati Bengals,1999,00-0012953,Carl Pickens,WR,85,82,-3,0.78,0.9,"Veteran #1 WR [by ratings-overhaul-1999, 2026-06-08]"
CIN,Cincinnati Bengals,1999,00-0015474,Takeo Spikes,LB,72,82,10,0.33,0.9,"Ascending tackle machine [by ratings-overhaul-1999, 2026-06-08]"
CIN,Cincinnati Bengals,1999,00-0010859,Tony McGee,TE,81,81,0,0.78,0.78,
CIN,Cincinnati Bengals,1999,00-0014544,Darnay Scott,WR,87,80,-7,0.78,0.9,"1000-yd deep threat [by ratings-overhaul-1999, 2026-06-08]"
CIN,Cincinnati Bengals,1999,00-0008210,Willie Jackson,WR,78,78,0,0.78,0.78,
CIN,Cincinnati Bengals,1999,00-0000856,Michael Basnight,RB,76,76,0,0.78,0.78,
CIN,Cincinnati Bengals,1999,00-0004461,Mike Doughty,LT,74,76,2,0.33,0.33,Engine re-derivation after 1999 roster/override changes
CIN,Cincinnati Bengals,1999,00-0001669,Rich Braham,C,72,76,4,0.33,0.9,"Solid starting center [by ratings-overhaul-1999, 2026-06-08]"
CIN,Cincinnati Bengals,1999,00-0008856,Rod Jones,LT,74,76,2,0.33,0.33,Engine re-derivation after 1999 roster/override changes
CIN,Cincinnati Bengals,1999,00-0001303,Roosevelt Blackmon,CB,82,76,-6,0.45,0.45,Engine re-derivation after 1999 roster/override changes
CIN,Cincinnati Bengals,1999,00-0003794,Canute Curtis,LB,72,75,3,0.33,0.33,Engine re-derivation after 1999 roster/override changes
CIN,Cincinnati Bengals,1999,00-0006482,Clif Groce,RB,75,75,0,0.78,0.78,
CIN,Cincinnati Bengals,1999,00-0003512,Brad Costello,P,76,74,-2,0.45,0.45,Engine re-derivation after 1999 roster/override changes
CIN,Cincinnati Bengals,1999,00-0012742,Doug Pelfrey,K,76,74,-2,0.45,0.9,"Veteran kicker [by ratings-overhaul-1999, 2026-06-08]"
CIN,Cincinnati Bengals,1999,00-0001335,Jeff Blake,QB,81,74,-7,0.78,0.9,"Dual-threat starter [by ratings-overhaul-1999, 2026-06-08]"
CIN,Cincinnati Bengals,1999,00-0000421,JoJuan Armour,LB,72,74,2,0.33,0.33,Engine re-derivation after 1999 roster/override changes
CIN,Cincinnati Bengals,1999,00-0006072,Mike Goff,LG,72,74,2,0.33,0.33,Engine re-derivation after 1999 roster/override changes
CIN,Cincinnati Bengals,1999,00-0005384,Steve Foley,LB,72,74,2,0.33,0.9,"Young pass rusher [by ratings-overhaul-1999, 2026-06-08]"
CIN,Cincinnati Bengals,1999,00-0002765,Tom Carter,CB,82,74,-8,0.45,0.9,"Starting corner [by ratings-overhaul-1999, 2026-06-08]"
CIN,Cincinnati Bengals,1999,00-0006647,Cory Hall,S,71,73,2,0.33,0.33,Engine re-derivation after 1999 roster/override changes
CIN,Cincinnati Bengals,1999,00-0003470,John Copeland,EDGE,72,73,1,0.33,0.9,"Veteran defensive end [by ratings-overhaul-1999, 2026-06-08]"
CIN,Cincinnati Bengals,1999,00-0000883,Marco Battaglia,TE,74,73,-1,0.78,0.78,Engine re-derivation after 1999 roster/override changes
CIN,Cincinnati Bengals,1999,00-0007115,Artrell Hawkins,CB,70,72,2,0.45,0.9,"Young starting corner [by ratings-overhaul-1999, 2026-06-08]"
CIN,Cincinnati Bengals,1999,00-0014891,Brian Simmons,LB,72,72,0,0.33,0.33,
CIN,Cincinnati Bengals,1999,00-0006562,Brock Gutierrez,LG,72,72,0,0.33,0.33,
CIN,Cincinnati Bengals,1999,00-0016632,Greg Truitt,C,72,71,-1,0.33,0.33,Engine re-derivation after 1999 roster/override changes
CIN,Cincinnati Bengals,1999,00-0006250,Billy Granville,LB,72,70,-2,0.33,0.33,Engine re-derivation after 1999 roster/override changes
CIN,Cincinnati Bengals,1999,00-0011885,Greg Myers,S,71,70,-1,0.33,0.33,Engine re-derivation after 1999 roster/override changes
CIN,Cincinnati Bengals,1999,00-0016956,Kimo von Oelhoffen,DT,78,70,-8,0.45,0.45,Engine re-derivation after 1999 roster/override changes
CIN,Cincinnati Bengals,1999,00-0001041,Myron Bell,S,71,70,-1,0.33,0.33,Engine re-derivation after 1999 roster/override changes
CIN,Cincinnati Bengals,1999,00-0007186,Rodney Heath,CB,70,70,0,0.45,0.45,
CIN,Cincinnati Bengals,1999,00-0016680,Tom Tumulty,LB,72,70,-2,0.33,0.33,Engine re-derivation after 1999 roster/override changes
CIN,Cincinnati Bengals,1999,00-0014051,Adrian Ross,LB,72,69,-3,0.33,0.33,Engine re-derivation after 1999 roster/override changes
CIN,Cincinnati Bengals,1999,00-0004180,Brian DeMarco,LG,71,69,-2,0.33,0.33,Engine re-derivation after 1999 roster/override changes
CIN,Cincinnati Bengals,1999,00-0005939,Oliver Gibson,DT,81,69,-12,0.45,0.45,Engine re-derivation after 1999 roster/override changes
CIN,Cincinnati Bengals,1999,00-0005244,Charles Fisher,CB,79,68,-11,0.45,0.45,Engine re-derivation after 1999 roster/override changes
CIN,Cincinnati Bengals,1999,00-0003144,Tony Coats,LG,72,68,-4,0.33,0.33,Engine re-derivation after 1999 roster/override changes
CIN,Cincinnati Bengals,1999,00-0012263,Matt O'Dwyer,LG,72,67,-5,0.33,0.33,Engine re-derivation after 1999 roster/override changes
CIN,Cincinnati Bengals,1999,00-0015082,Akili Smith,QB,62,66,4,0.6,0.9,"Rookie, struggled badly [by ratings-overhaul-1999, 2026-06-08]"
CIN,Cincinnati Bengals,1999,00-0013310,Andre Purvis,EDGE,72,66,-6,0.33,0.33,Engine re-derivation after 1999 roster/override changes
CIN,Cincinnati Bengals,1999,00-0009619,Jevon Langford,EDGE,72,66,-6,0.33,0.33,Engine re-derivation after 1999 roster/override changes
CIN,Cincinnati Bengals,1999,00-0000725,Michael Bankston,EDGE,73,66,-7,0.33,0.33,Engine re-derivation after 1999 roster/override changes
CIN,Cincinnati Bengals,1999,00-0018054,Reinard Wilson,LB,72,66,-6,0.33,0.33,Engine re-derivation after 1999 roster/override changes
CIN,Cincinnati Bengals,1999,00-0009783,Jay Leeuwenburg,LG,72,65,-7,0.33,0.33,Engine re-derivation after 1999 roster/override changes
CIN,Cincinnati Bengals,1999,00-0009471,Eric Kresser,QB,63,64,1,0.45,0.45,Engine re-derivation after 1999 roster/override changes
CIN,Cincinnati Bengals,1999,00-0015607,Glen Steele,EDGE,72,64,-8,0.33,0.33,Engine re-derivation after 1999 roster/override changes
CIN,Cincinnati Bengals,1999,00-0015640,Jamain Stephens,LT,74,64,-10,0.33,0.33,Engine re-derivation after 1999 roster/override changes
CIN,Cincinnati Bengals,1999,00-0010531,Ric Mathias,CB,66,63,-3,0.45,0.45,Engine re-derivation after 1999 roster/override changes
CIN,Cincinnati Bengals,1999,00-0001098,Brandon Bennett,RB,63,62,-1,0.45,0.45,Engine re-derivation after 1999 roster/override changes
CIN,Cincinnati Bengals,1999,00-0018382,Craig Yeast,WR,61,60,-1,0.6,0.6,Engine re-derivation after 1999 roster/override changes
CIN,Cincinnati Bengals,1999,00-0006431,Damon Griffin,WR,61,60,-1,0.6,0.6,Engine re-derivation after 1999 roster/override changes
CIN,Cincinnati Bengals,1999,00-0003557,Scott Covington,QB,59,59,0,0.6,0.6,
CIN,Cincinnati Bengals,1999,00-0007815,Ty Howard,CB,66,59,-7,0.45,0.45,Engine re-derivation after 1999 roster/override changes
CIN,Cincinnati Bengals,1999,00-0002380,Steve Bush,TE,55,55,0,0.6,0.6,
CIN,Cincinnati Bengals,1999,00-0007924,James Hundon,WR,54,54,0,0.6,0.6,
CIN,Cincinnati Bengals,1999,00-0011580,Kelvin Moore,CB,61,54,-7,0.45,0.45,Engine re-derivation after 1999 roster/override changes
CIN,Cincinnati Bengals,1999,00-0018310,Lawrence Wright,CB,61,54,-7,0.45,0.45,Engine re-derivation after 1999 roster/override changes
CIN,Cincinnati Bengals,1999,00-0017896,Nicolas Luchey,RB,54,54,0,0.6,0.6,
CIN,Cincinnati Bengals,1999,00-0010243,Tremain Mack,CB,58,54,-4,0.45,0.45,Engine re-derivation after 1999 roster/override changes
CIN,Cincinnati Bengals,1999,00-0002743,Ki-Jana Carter,RB,52,52,0,0.6,0.6,
CIN,Cincinnati Bengals,1999,00-0014742,Sedrick Shaw,RB,53,52,-1,0.6,0.6,Engine re-derivation after 1999 roster/override changes
CLE,Cleveland Browns,1999,00-0005771,Chris Gardocki,P,76,80,4,0.45,0.9,"Pro Bowl-caliber punter [by ratings-overhaul-1999, 2026-06-08]"
CLE,Cleveland Browns,1999,00-0011268,Jamir Miller,LB,72,80,8,0.33,0.9,"Best defender, every-down LB [by ratings-overhaul-1999, 2026-06-08]"
CLE,Cleveland Browns,1999,00-0008560,Kevin Johnson,WR,89,80,-9,0.78,0.9,"Rookie standout, 986 yds [by ratings-overhaul-1999, 2026-06-08]"
CLE,Cleveland Browns,1999,00-0002942,Darrin Chiaverini,WR,80,79,-1,0.78,0.78,Engine re-derivation after 1999 roster/override changes
CLE,Cleveland Browns,1999,00-0002012,Orlando Brown,LT,82,79,-3,0.45,0.9,"Massive run-blocking RT [by ratings-overhaul-1999, 2026-06-08]"
CLE,Cleveland Browns,1999,00-0001990,Lomas Brown,LT,82,78,-4,0.45,0.9,"Veteran starting left tackle [by ratings-overhaul-1999, 2026-06-08]"
CLE,Cleveland Browns,1999,00-0008178,Raymond Jackson,CB,73,78,5,0.33,0.33,Engine re-derivation after 1999 roster/override changes
CLE,Cleveland Browns,1999,00-0002885,Roger Chanoine,LT,78,78,0,0.45,0.45,
CLE,Cleveland Browns,1999,00-0000003,Abdul-Karim al-Jabbar,RB,77,76,-1,0.78,0.78,Engine re-derivation after 1999 roster/override changes
CLE,Cleveland Browns,1999,00-0012323,Kendall Ogle,LB,72,76,4,0.33,0.33,Engine re-derivation after 1999 roster/override changes
CLE,Cleveland Browns,1999,00-0004091,Phil Dawson,K,69,76,7,0.45,0.9,"Reliable rookie kicker [by ratings-overhaul-1999, 2026-06-08]"
CLE,Cleveland Browns,1999,00-0011038,Ryan McNeil,CB,73,76,3,0.33,0.33,Engine re-derivation after 1999 roster/override changes
CLE,Cleveland Browns,1999,james-e-williams,James E. Williams,LB,72,75,3,0.33,0.33,Engine re-derivation after 1999 roster/override changes
CLE,Cleveland Browns,1999,00-0008811,Lenoy Jones,LB,72,75,3,0.33,0.33,Engine re-derivation after 1999 roster/override changes
CLE,Cleveland Browns,1999,00-0004768,Marc Edwards,RB,76,75,-1,0.78,0.78,Engine re-derivation after 1999 roster/override changes
CLE,Cleveland Browns,1999,00-0005627,Corey Fuller,S,80,74,-6,0.45,0.9,"Veteran starting corner [by ratings-overhaul-1999, 2026-06-08]"
CLE,Cleveland Browns,1999,00-0015195,Irv Smith,TE,75,74,-1,0.78,0.78,Engine re-derivation after 1999 roster/override changes
CLE,Cleveland Browns,1999,00-0015469,Chris Spielman,LB,72,73,1,0.33,0.9,"Veteran LB (injury-shortened) [by ratings-overhaul-1999, 2026-06-08]"
CLE,Cleveland Browns,1999,00-0010777,Daylon McCutcheon,CB,73,73,0,0.33,0.9,"Rookie starting corner [by ratings-overhaul-1999, 2026-06-08]"
CLE,Cleveland Browns,1999,00-0011064,Tim McTyer,CB,73,73,0,0.33,0.33,
CLE,Cleveland Browns,1999,00-0010962,Jeremy McKinney,LT,78,72,-6,0.45,0.45,Engine re-derivation after 1999 roster/override changes
CLE,Cleveland Browns,1999,00-0013317,Jim Pyne,LG,69,72,3,0.45,0.9,"Starting interior lineman [by ratings-overhaul-1999, 2026-06-08]"
CLE,Cleveland Browns,1999,00-0014790,Leslie Shepherd,WR,71,72,1,0.78,0.9,"Veteran possession WR [by ratings-overhaul-1999, 2026-06-08]"
CLE,Cleveland Browns,1999,00-0013111,Marquez Pope,S,76,72,-4,0.45,0.9,"Veteran starting safety [by ratings-overhaul-1999, 2026-06-08]"
CLE,Cleveland Browns,1999,00-0013555,Scott Rehberg,LG,69,72,3,0.45,0.45,Engine re-derivation after 1999 roster/override changes
CLE,Cleveland Browns,1999,00-0009288,Terry Kirby,RB,83,72,-11,0.78,0.9,"Lead back by default [by ratings-overhaul-1999, 2026-06-08]"
CLE,Cleveland Browns,1999,00-0003535,Tim Couch,QB,79,72,-7,0.78,0.9,"Rookie #1 pick, rough on expansion team [by ratings-overhaul-1999, 2026-06-08]"
CLE,Cleveland Browns,1999,00-0007590,Darius Holland,DT,72,71,-1,0.33,0.33,Engine re-derivation after 1999 roster/override changes
CLE,Cleveland Browns,1999,00-0009971,Earl Little,CB,73,71,-2,0.33,0.33,Engine re-derivation after 1999 roster/override changes
CLE,Cleveland Browns,1999,00-0009530,Jason Kyle,LB,72,71,-1,0.33,0.33,Engine re-derivation after 1999 roster/override changes
CLE,Cleveland Browns,1999,00-0016210,John Thierry,EDGE,73,71,-2,0.33,0.33,Engine re-derivation after 1999 roster/override changes
CLE,Cleveland Browns,1999,00-0002586,Mark Campbell,TE,72,71,-1,0.78,0.78,Engine re-derivation after 1999 roster/override changes
CLE,Cleveland Browns,1999,00-0013986,Tyrone Rogers,LB,72,71,-1,0.33,0.33,Engine re-derivation after 1999 roster/override changes
CLE,Cleveland Browns,1999,00-0018150,Dave Wohlabaugh,C,69,70,1,0.45,0.45,Engine re-derivation after 1999 roster/override changes
CLE,Cleveland Browns,1999,00-0008966,John Jurkovic,DT,72,70,-2,0.33,0.33,Engine re-derivation after 1999 roster/override changes
CLE,Cleveland Browns,1999,00-0000008,Rahim Abdullah,LB,72,70,-2,0.33,0.33,Engine re-derivation after 1999 roster/override changes
CLE,Cleveland Browns,1999,00-0009620,Antonio Langham,CB,73,69,-4,0.33,0.33,Engine re-derivation after 1999 roster/override changes
CLE,Cleveland Browns,1999,00-0011234,Arnold Miller,EDGE,73,69,-4,0.33,0.33,Engine re-derivation after 1999 roster/override changes
CLE,Cleveland Browns,1999,00-0004112,James Dearth,TE,67,69,2,0.45,0.45,Engine re-derivation after 1999 roster/override changes
CLE,Cleveland Browns,1999,00-0009496,Ryan Kuehl,DT,72,69,-3,0.33,0.33,Engine re-derivation after 1999 roster/override changes
CLE,Cleveland Browns,1999,00-0015492,Marcus Spriggs,DT,72,68,-4,0.33,0.33,Engine re-derivation after 1999 roster/override changes
CLE,Cleveland Browns,1999,00-0016399,Mike Thompson,DT,72,68,-4,0.33,0.33,Engine re-derivation after 1999 roster/override changes
CLE,Cleveland Browns,1999,00-0014159,Chris Ruhman,LT,70,67,-3,0.45,0.45,Engine re-derivation after 1999 roster/override changes
CLE,Cleveland Browns,1999,00-0005405,Marlon Forbes,CB,73,67,-6,0.33,0.33,Engine re-derivation after 1999 roster/override changes
CLE,Cleveland Browns,1999,00-0000146,Derrick L. Alexander,EDGE,73,66,-7,0.33,0.33,Engine re-derivation after 1999 roster/override changes
CLE,Cleveland Browns,1999,00-0004230,Ty Detmer,QB,62,66,4,0.6,0.9,"Veteran backup [by ratings-overhaul-1999, 2026-06-08]"
CLE,Cleveland Browns,1999,00-0004581,Bill Duff,DT,72,65,-7,0.33,0.33,Engine re-derivation after 1999 roster/override changes
CLE,Cleveland Browns,1999,00-0002216,Jim Bundren,C,80,65,-15,0.45,0.45,Engine re-derivation after 1999 roster/override changes
CLE,Cleveland Browns,1999,00-0015257,Marquis Smith,CB,73,64,-9,0.33,0.33,Engine re-derivation after 1999 roster/override changes
CLE,Cleveland Browns,1999,00-0003248,Stalin Colinet,DT,72,64,-8,0.33,0.33,Engine re-derivation after 1999 roster/override changes
CLE,Cleveland Browns,1999,00-0010729,Hurvin McCormack,EDGE,73,63,-10,0.33,0.33,Engine re-derivation after 1999 roster/override changes
CLE,Cleveland Browns,1999,00-0014265,Tarek Saleh,RB,63,62,-1,0.45,0.45,Engine re-derivation after 1999 roster/override changes
CLE,Cleveland Browns,1999,00-0013375,Wali Rainer,LB,72,62,-10,0.33,0.33,Engine re-derivation after 1999 roster/override changes
CLE,Cleveland Browns,1999,00-0018468,Steve Zahursky,LG,65,61,-4,0.45,0.45,Engine re-derivation after 1999 roster/override changes
CLE,Cleveland Browns,1999,00-0007447,Madre Hill,RB,63,60,-3,0.45,0.45,Engine re-derivation after 1999 roster/override changes
CLE,Cleveland Browns,1999,00-0013176,Ronnie Powell,WR,59,59,0,0.6,0.6,
CLE,Cleveland Browns,1999,00-0004071,Zola Davis,WR,60,59,-1,0.6,0.6,Engine re-derivation after 1999 roster/override changes
CLE,Cleveland Browns,1999,00-0004633,Damon Dunn,WR,67,58,-9,0.45,0.45,Engine re-derivation after 1999 roster/override changes
CLE,Cleveland Browns,1999,00-0010455,Jamie Martin,QB,68,57,-11,0.45,0.45,Engine re-derivation after 1999 roster/override changes
CLE,Cleveland Browns,1999,00-0012522,Randy Palmer,TE,63,55,-8,0.45,0.45,Engine re-derivation after 1999 roster/override changes
CLE,Cleveland Browns,1999,00-0001397,Orlando Bobo,LG,61,54,-7,0.45,0.45,Engine re-derivation after 1999 roster/override changes
DAL,Dallas Cowboys,1999,00-0000217,Larry Allen,LG,96,96,0,0.95,0.9,"Dominant All-Pro guard, strongest in NFL [by ratings-overhaul-1999, 2026-06-08]"
DAL,Dallas Cowboys,1999,00-0014324,Deion Sanders,CB,98,95,-3,0.95,0.9,"Elite shutdown corner + returner, All-Pro [by ratings-overhaul-1999, 2026-06-08]"
DAL,Dallas Cowboys,1999,00-0015165,Emmitt Smith,RB,91,88,-3,0.78,0.9,"Still elite workhorse, 1397 yds, 11 TD [by ratings-overhaul-1999, 2026-06-08]"
DAL,Dallas Cowboys,1999,00-0009550,David LaFleur,TE,86,87,1,0.78,0.78,Engine re-derivation after 1999 roster/override changes
DAL,Dallas Cowboys,1999,00-0018228,Darren Woodson,S,71,86,15,0.33,0.9,"Pro Bowl hard-hitting safety [by ratings-overhaul-1999, 2026-06-08]"
DAL,Dallas Cowboys,1999,00-0008060,Raghib Ismail,WR,90,84,-6,0.78,0.9,"Deep threat, 1097 yds (Rocket) [by ratings-overhaul-1999, 2026-06-08]"
DAL,Dallas Cowboys,1999,00-0000104,Troy Aikman,QB,83,83,0,0.78,0.9,"Veteran franchise QB, 2964 yds [by ratings-overhaul-1999, 2026-06-08]"
DAL,Dallas Cowboys,1999,00-0003140,Dexter Coakley,LB,73,82,9,0.33,0.9,"Fast Pro Bowl linebacker [by ratings-overhaul-1999, 2026-06-08]"
DAL,Dallas Cowboys,1999,00-0000045,Flozell Adams,LT,75,82,7,0.33,0.9,"Ascending young left tackle [by ratings-overhaul-1999, 2026-06-08]"
DAL,Dallas Cowboys,1999,00-0004851,Greg Ellis,EDGE,73,80,7,0.33,0.9,"Ascending edge rusher [by ratings-overhaul-1999, 2026-06-08]"
DAL,Dallas Cowboys,1999,00-0017209,Chris Warren,RB,79,79,0,0.78,0.78,
DAL,Dallas Cowboys,1999,00-0017792,Erik Williams,LT,75,78,3,0.33,0.9,"Veteran right tackle, declining [by ratings-overhaul-1999, 2026-06-08]"
DAL,Dallas Cowboys,1999,00-0013536,Izell Reese,S,72,78,6,0.33,0.33,Engine re-derivation after 1999 roster/override changes
DAL,Dallas Cowboys,1999,00-0016654,Jason Tucker,WR,78,78,0,0.78,0.78,
DAL,Dallas Cowboys,1999,00-0006063,Randall Godfrey,LB,73,78,5,0.33,0.9,"Tackle-machine linebacker [by ratings-overhaul-1999, 2026-06-08]"
DAL,Dallas Cowboys,1999,00-0007226,Dale Hellestrae,LT,74,77,3,0.33,0.33,Engine re-derivation after 1999 roster/override changes
DAL,Dallas Cowboys,1999,00-0009307,Mike Kiselak,LG,72,77,5,0.33,0.33,Engine re-derivation after 1999 roster/override changes
DAL,Dallas Cowboys,1999,00-0015450,Alonzo Spellman,DT,72,76,4,0.33,0.33,Engine re-derivation after 1999 roster/override changes
DAL,Dallas Cowboys,1999,00-0010917,Everett McIver,LG,72,76,4,0.33,0.33,Engine re-derivation after 1999 roster/override changes
DAL,Dallas Cowboys,1999,00-0009823,Leon Lett,EDGE,73,76,3,0.33,0.9,"Disruptive DT when available [by ratings-overhaul-1999, 2026-06-08]"
DAL,Dallas Cowboys,1999,00-0015663,Mark Stepnoski,C,72,76,4,0.33,0.33,Engine re-derivation after 1999 roster/override changes
DAL,Dallas Cowboys,1999,00-0008044,Michael Irvin,WR,57,76,19,0.6,0.9,"Career-ending neck injury early [by ratings-overhaul-1999, 2026-06-08]"
DAL,Dallas Cowboys,1999,00-0011859,Eddie Murray,K,76,75,-1,0.45,0.45,Engine re-derivation after 1999 roster/override changes
DAL,Dallas Cowboys,1999,00-0012321,Jeff Ogden,WR,74,75,1,0.78,0.78,Engine re-derivation after 1999 roster/override changes
DAL,Dallas Cowboys,1999,00-0013012,Kavika Pittman,EDGE,73,75,2,0.33,0.33,Engine re-derivation after 1999 roster/override changes
DAL,Dallas Cowboys,1999,00-0007283,Chad Hennings,DT,72,74,2,0.33,0.9,"Veteran interior lineman [by ratings-overhaul-1999, 2026-06-08]"
DAL,Dallas Cowboys,1999,00-0016157,George Teague,S,71,74,3,0.33,0.9,"Starting safety [by ratings-overhaul-1999, 2026-06-08]"
DAL,Dallas Cowboys,1999,00-0015238,Kevin Smith,CB,73,74,1,0.33,0.9,"Veteran starting corner [by ratings-overhaul-1999, 2026-06-08]"
DAL,Dallas Cowboys,1999,00-0016520,Brandon Tolbert,LB,72,73,1,0.33,0.33,Engine re-derivation after 1999 roster/override changes
DAL,Dallas Cowboys,1999,00-0004808,Ebenezer Ekuban,EDGE,73,73,0,0.33,0.9,"Rotational pass rusher [by ratings-overhaul-1999, 2026-06-08]"
DAL,Dallas Cowboys,1999,00-0011328,Ernie Mills,WR,72,73,1,0.78,0.78,Engine re-derivation after 1999 roster/override changes
DAL,Dallas Cowboys,1999,00-0005778,Kelvin Garmon,LG,72,73,1,0.33,0.33,Engine re-derivation after 1999 roster/override changes
DAL,Dallas Cowboys,1999,00-0011902,Tom Myslinski,LG,72,73,1,0.33,0.33,Engine re-derivation after 1999 roster/override changes
DAL,Dallas Cowboys,1999,00-0004067,Wendell Davis,CB,73,73,0,0.33,0.33,
DAL,Dallas Cowboys,1999,00-0012085,Dat Nguyen,LB,72,72,0,0.33,0.9,"Rookie inside linebacker [by ratings-overhaul-1999, 2026-06-08]"
DAL,Dallas Cowboys,1999,00-0001281,Eric Bjornson,TE,72,72,0,0.78,0.78,
DAL,Dallas Cowboys,1999,00-0011451,Singor Mobley,CB,73,72,-1,0.33,0.33,Engine re-derivation after 1999 roster/override changes
DAL,Dallas Cowboys,1999,00-0018575,Duane Hawthorne,CB,73,71,-2,0.33,0.33,Engine re-derivation after 1999 roster/override changes
DAL,Dallas Cowboys,1999,00-0000112,Chris Akins,CB,73,70,-3,0.33,0.33,Engine re-derivation after 1999 roster/override changes
DAL,Dallas Cowboys,1999,00-0017487,Kenny Wheaton,CB,73,69,-4,0.33,0.33,Engine re-derivation after 1999 roster/override changes
DAL,Dallas Cowboys,1999,00-0003504,Quentin Coryatt,LB,73,69,-4,0.33,0.33,Engine re-derivation after 1999 roster/override changes
DAL,Dallas Cowboys,1999,00-0016316,Robert Thomas,RB,69,69,0,0.78,0.78,
DAL,Dallas Cowboys,1999,00-0007992,Tony Hutson,LG,72,69,-3,0.33,0.33,Engine re-derivation after 1999 roster/override changes
DAL,Dallas Cowboys,1999,00-0005592,Ben Fricke,C,72,68,-4,0.33,0.33,Engine re-derivation after 1999 roster/override changes
DAL,Dallas Cowboys,1999,00-0010974,James McKnight,WR,62,68,6,0.45,0.45,Engine re-derivation after 1999 roster/override changes
DAL,Dallas Cowboys,1999,00-0006668,Lemanski Hall,LB,73,67,-6,0.33,0.33,Engine re-derivation after 1999 roster/override changes
DAL,Dallas Cowboys,1999,00-0018489,Peppi Zellner,EDGE,73,67,-6,0.33,0.33,Engine re-derivation after 1999 roster/override changes
DAL,Dallas Cowboys,1999,00-0010535,Kevin Mathis,CB,73,66,-7,0.33,0.33,Engine re-derivation after 1999 roster/override changes
DAL,Dallas Cowboys,1999,00-0013341,Mike Quinn,QB,68,66,-2,0.45,0.45,Engine re-derivation after 1999 roster/override changes
DAL,Dallas Cowboys,1999,00-0012499,Solomon Page,LG,72,65,-7,0.33,0.33,Engine re-derivation after 1999 roster/override changes
DAL,Dallas Cowboys,1999,00-0011886,Michael Myers,DT,72,64,-8,0.33,0.33,Engine re-derivation after 1999 roster/override changes
DAL,Dallas Cowboys,1999,00-0018578,Ryan Neufeld,TE,63,64,1,0.45,0.45,Engine re-derivation after 1999 roster/override changes
DAL,Dallas Cowboys,1999,00-0006181,Toby Gowin,P,76,64,-12,0.45,0.45,Engine re-derivation after 1999 roster/override changes
DAL,Dallas Cowboys,1999,00-0000072,Vashone Adams,CB,73,64,-9,0.33,0.33,Engine re-derivation after 1999 roster/override changes
DAL,Dallas Cowboys,1999,00-0006702,Darren Hambrick,LB,72,63,-9,0.33,0.33,Engine re-derivation after 1999 roster/override changes
DAL,Dallas Cowboys,1999,00-0015309,Tarik Smith,RB,63,63,0,0.45,0.45,
DAL,Dallas Cowboys,1999,00-0012135,Brandon Noble,DT,72,62,-10,0.33,0.33,Engine re-derivation after 1999 roster/override changes
DAL,Dallas Cowboys,1999,00-0017750,Charlie Williams,CB,73,62,-11,0.33,0.33,Engine re-derivation after 1999 roster/override changes
DAL,Dallas Cowboys,1999,00-0005794,Jason Garrett,QB,61,62,1,0.6,0.6,Engine re-derivation after 1999 roster/override changes
DAL,Dallas Cowboys,1999,00-0008992,Jason Kaiser,CB,73,62,-11,0.33,0.33,Engine re-derivation after 1999 roster/override changes
DAL,Dallas Cowboys,1999,00-0010843,Wane McGarity,WR,60,61,1,0.6,0.6,Engine re-derivation after 1999 roster/override changes
DAL,Dallas Cowboys,1999,00-0003090,Hayward Clay,TE,63,59,-4,0.45,0.45,Engine re-derivation after 1999 roster/override changes
DAL,Dallas Cowboys,1999,00-0010146,Mike Lucky,TE,57,57,0,0.6,0.6,
DAL,Dallas Cowboys,1999,00-0001719,Chris Brazzell,WR,55,56,1,0.6,0.6,Engine re-derivation after 1999 roster/override changes
DAL,Dallas Cowboys,1999,00-0008660,Daryl Johnston,RB,51,51,0,0.6,0.6,
DAL,Dallas Cowboys,1999,00-0002873,Robert Chancey,RB,50,50,0,0.6,0.6,
DEN,Denver Broncos,1999,00-0004811,Jason Elam,K,76,86,10,0.45,0.9,"Elite kicker [by ratings-overhaul-1999, 2026-06-08]"
DEN,Denver Broncos,1999,00-0015290,Rod Smith,WR,86,86,0,0.78,0.9,"Pro Bowl WR, 1020 yds [by ratings-overhaul-1999, 2026-06-08]"
DEN,Denver Broncos,1999,00-0011915,Tom Nalen,C,72,86,14,0.33,0.9,"All-Pro center [by ratings-overhaul-1999, 2026-06-08]"
DEN,Denver Broncos,1999,00-0013282,Trevor Pryce,DT,72,85,13,0.33,0.9,"Disruptive Pro Bowl DT, 13 sacks [by ratings-overhaul-1999, 2026-06-08]"
DEN,Denver Broncos,1999,00-0010650,Ed McCaffrey,WR,88,84,-4,0.78,0.9,"Reliable big WR, 1018 yds [by ratings-overhaul-1999, 2026-06-08]"
DEN,Denver Broncos,1999,00-0014722,Shannon Sharpe,TE,61,84,23,0.6,0.9,"Pro Bowl receiving tight end [by ratings-overhaul-1999, 2026-06-08]"
DEN,Denver Broncos,1999,00-0002861,Byron Chamberlain,TE,83,83,0,0.78,0.78,
DEN,Denver Broncos,1999,00-0014004,Bill Romanowski,LB,73,80,7,0.33,0.9,"Intense veteran linebacker [by ratings-overhaul-1999, 2026-06-08]"
DEN,Denver Broncos,1999,00-0011449,John Mobley,LB,73,80,7,0.33,0.9,"Every-down playmaking LB [by ratings-overhaul-1999, 2026-06-08]"
DEN,Denver Broncos,1999,00-0014449,Mark Schlereth,LG,72,80,8,0.33,0.9,"Pro Bowl guard [by ratings-overhaul-1999, 2026-06-08]"
DEN,Denver Broncos,1999,00-0005816,Olandis Gary,RB,85,80,-5,0.78,0.9,"Stepped in for 1159 yds [by ratings-overhaul-1999, 2026-06-08]"
DEN,Denver Broncos,1999,00-0004054,Terrell Davis,RB,54,80,26,0.6,0.9,"Reigning MVP, torn ACL Week 4 (lost season) [by ratings-overhaul-1999, 2026-06-08]"
DEN,Denver Broncos,1999,00-0008886,Tony Jones,LT,75,80,5,0.33,0.9,"Veteran Pro Bowl left tackle [by ratings-overhaul-1999, 2026-06-08]"
DEN,Denver Broncos,1999,00-0002709,Dwayne Carswell,TE,79,79,0,0.78,0.78,
DEN,Denver Broncos,1999,00-0016599,Keith Traylor,DT,72,78,6,0.33,0.9,"Stout nose tackle [by ratings-overhaul-1999, 2026-06-08]"
DEN,Denver Broncos,1999,00-0015267,Neil Smith,EDGE,73,78,5,0.33,0.9,"Veteran pass rusher [by ratings-overhaul-1999, 2026-06-08]"
DEN,Denver Broncos,1999,00-0003661,Ray Crockett,CB,82,78,-4,0.45,0.9,"Steady starting corner [by ratings-overhaul-1999, 2026-06-08]"
DEN,Denver Broncos,1999,00-0008265,Tory James,CB,79,78,-1,0.45,0.45,Engine re-derivation after 1999 roster/override changes
DEN,Denver Broncos,1999,00-0005596,Lennie Friedman,C,72,77,5,0.33,0.33,Engine re-derivation after 1999 roster/override changes
DEN,Denver Broncos,1999,00-0001713,Tyrone Braxton,S,72,76,4,0.33,0.9,"Veteran ballhawk safety [by ratings-overhaul-1999, 2026-06-08]"
DEN,Denver Broncos,1999,00-0006423,Brian Griese,QB,81,74,-7,0.78,0.9,"First year starting post-Elway [by ratings-overhaul-1999, 2026-06-08]"
DEN,Denver Broncos,1999,00-0002722,Dale Carter,CB,82,74,-8,0.45,0.9,"Veteran corner, down/suspension-affected year [by ratings-overhaul-1999, 2026-06-08]"
DEN,Denver Broncos,1999,00-0003187,George Coghill,S,72,74,2,0.33,0.33,Engine re-derivation after 1999 roster/override changes
DEN,Denver Broncos,1999,00-0011570,Jason Moore,CB,70,74,4,0.45,0.45,Engine re-derivation after 1999 roster/override changes
DEN,Denver Broncos,1999,00-0001902,Cyron Brown,EDGE,73,73,0,0.33,0.33,
DEN,Denver Broncos,1999,00-0017340,Nate Wayne,LB,73,73,0,0.33,0.33,
DEN,Denver Broncos,1999,00-0006251,Paul Grasmanis,DT,72,73,1,0.33,0.33,Engine re-derivation after 1999 roster/override changes
DEN,Denver Broncos,1999,00-0000700,Chris Banks,LG,72,72,0,0.33,0.33,
DEN,Denver Broncos,1999,00-0006456,Howard Griffith,RB,76,72,-4,0.78,0.9,"Lead-blocking fullback [by ratings-overhaul-1999, 2026-06-08]"
DEN,Denver Broncos,1999,00-0015920,Jason Suttle,CB,66,72,6,0.45,0.45,Engine re-derivation after 1999 roster/override changes
DEN,Denver Broncos,1999,00-0009810,Matt Lepsis,LT,75,72,-3,0.33,0.33,Engine re-derivation after 1999 roster/override changes
DEN,Denver Broncos,1999,00-0010019,Mike Lodish,DT,72,72,0,0.33,0.33,
DEN,Denver Broncos,1999,00-0005228,Dan Finn,LG,72,71,-1,0.33,0.33,Engine re-derivation after 1999 roster/override changes
DEN,Denver Broncos,1999,00-0010107,Derek Loville,RB,70,70,0,0.78,0.78,
DEN,Denver Broncos,1999,00-0002493,Glenn Cadrez,LB,73,70,-3,0.33,0.33,Engine re-derivation after 1999 roster/override changes
DEN,Denver Broncos,1999,00-0016782,Artie Ulmer,LB,73,69,-4,0.33,0.33,Engine re-derivation after 1999 roster/override changes
DEN,Denver Broncos,1999,00-0011983,Dan Neil,LG,72,69,-3,0.33,0.33,Engine re-derivation after 1999 roster/override changes
DEN,Denver Broncos,1999,00-0017712,Alfred Williams,EDGE,73,67,-6,0.33,0.33,Engine re-derivation after 1999 roster/override changes
DEN,Denver Broncos,1999,00-0003441,Andre Cooper,WR,68,67,-1,0.6,0.6,Engine re-derivation after 1999 roster/override changes
DEN,Denver Broncos,1999,00-0016752,Melvin Tuten,LT,75,67,-8,0.33,0.33,Engine re-derivation after 1999 roster/override changes
DEN,Denver Broncos,1999,00-0008471,Darrius Johnson,CB,70,66,-4,0.45,0.45,Engine re-derivation after 1999 roster/override changes
DEN,Denver Broncos,1999,00-0001931,Eric Brown,S,72,66,-6,0.33,0.33,Engine re-derivation after 1999 roster/override changes
DEN,Denver Broncos,1999,00-0007089,Harald Hasselbach,EDGE,73,66,-7,0.33,0.33,Engine re-derivation after 1999 roster/override changes
DEN,Denver Broncos,1999,00-0013471,Montae Reagor,EDGE,73,66,-7,0.33,0.33,Engine re-derivation after 1999 roster/override changes
DEN,Denver Broncos,1999,00-0001563,David Bowens,LB,73,65,-8,0.33,0.33,Engine re-derivation after 1999 roster/override changes
DEN,Denver Broncos,1999,00-0016044,Maa Tanuvasa,EDGE,73,65,-8,0.33,0.33,Engine re-derivation after 1999 roster/override changes
DEN,Denver Broncos,1999,00-0012145,Tori Noel,CB,66,65,-1,0.45,0.45,Engine re-derivation after 1999 roster/override changes
DEN,Denver Broncos,1999,00-0016160,Trey Teague,LT,75,65,-10,0.33,0.33,Engine re-derivation after 1999 roster/override changes
DEN,Denver Broncos,1999,00-0017998,Al Wilson,LB,73,64,-9,0.33,0.33,Engine re-derivation after 1999 roster/override changes
DEN,Denver Broncos,1999,00-0017299,Chris Watson,CB,58,64,6,0.45,0.45,Engine re-derivation after 1999 roster/override changes
DEN,Denver Broncos,1999,00-0008790,K.C. Jones,C,72,63,-9,0.33,0.33,Engine re-derivation after 1999 roster/override changes
DEN,Denver Broncos,1999,00-0014182,Steve Russ,LB,73,63,-10,0.33,0.33,Engine re-derivation after 1999 roster/override changes
DEN,Denver Broncos,1999,00-0011244,Chris Miller,QB,62,62,0,0.6,0.6,
DEN,Denver Broncos,1999,00-0011236,Billy Miller,WR,61,61,0,0.6,0.6,
DEN,Denver Broncos,1999,00-0014083,Tom Rouen,P,69,61,-8,0.45,0.45,Engine re-derivation after 1999 roster/override changes
DEN,Denver Broncos,1999,00-0010892,Travis McGriff,WR,61,61,0,0.6,0.6,
DEN,Denver Broncos,1999,00-0001810,Jeff Brohm,QB,63,59,-4,0.45,0.45,Engine re-derivation after 1999 roster/override changes
DEN,Denver Broncos,1999,00-0001785,Bubby Brister,QB,55,55,0,0.6,0.6,
DEN,Denver Broncos,1999,00-0004386,Chris Doering,WR,55,55,0,0.6,0.6,
DEN,Denver Broncos,1999,00-0000541,John Avery,RB,53,53,0,0.6,0.6,
DEN,Denver Broncos,1999,00-0010194,Anthony Lynn,RB,50,51,1,0.6,0.6,Engine re-derivation after 1999 roster/override changes
DEN,Denver Broncos,1999,00-0003035,Desmond Clark,TE,51,51,0,0.6,0.6,
DEN,Denver Broncos,1999,00-0015152,Detron Smith,RB,51,51,0,0.6,0.6,
DET,Detroit Lions,1999,00-0006800,Jason Hanson,K,76,84,8,0.45,0.9,"Elite accurate kicker [by ratings-overhaul-1999, 2026-06-08]"
DET,Detroit Lions,1999,00-0013118,Robert Porcher,EDGE,73,83,10,0.33,0.9,"Disruptive Pro Bowl edge [by ratings-overhaul-1999, 2026-06-08]"
DET,Detroit Lions,1999,00-0003700,Germane Crowell,WR,92,82,-10,0.78,0.9,"Breakout, 1338 yds [by ratings-overhaul-1999, 2026-06-08]"
DET,Detroit Lions,1999,00-0011727,Johnnie Morton,WR,89,82,-7,0.78,0.9,"Lead WR, 1107 yds [by ratings-overhaul-1999, 2026-06-08]"
DET,Detroit Lions,1999,00-0004874,Luther Elliss,DT,72,82,10,0.33,0.9,"Pro Bowl interior anchor [by ratings-overhaul-1999, 2026-06-08]"
DET,Detroit Lions,1999,00-0001604,Stephen Boyd,LB,73,82,9,0.33,0.9,"Pro Bowl tackle-machine MLB [by ratings-overhaul-1999, 2026-06-08]"
DET,Detroit Lions,1999,00-0007051,Jeff Hartings,LG,72,80,8,0.33,0.9,"Ascending Pro Bowl-caliber center [by ratings-overhaul-1999, 2026-06-08]"
DET,Detroit Lions,1999,00-0017467,Bryant Westbrook,CB,74,78,4,0.33,0.9,"Athletic starting corner [by ratings-overhaul-1999, 2026-06-08]"
DET,Detroit Lions,1999,00-0011568,Herman Moore,WR,63,78,15,0.6,0.9,"Declining veteran star WR [by ratings-overhaul-1999, 2026-06-08]"
DET,Detroit Lions,1999,00-0002688,Mark Carrier,S,80,78,-2,0.45,0.9,"Veteran ballhawk safety [by ratings-overhaul-1999, 2026-06-08]"
DET,Detroit Lions,1999,00-0009477,Clint Kriewaldt,LB,73,77,4,0.33,0.33,Engine re-derivation after 1999 roster/override changes
DET,Detroit Lions,1999,00-0014450,Cory Schlesinger,RB,76,77,1,0.78,0.78,Engine re-derivation after 1999 roster/override changes
DET,Detroit Lions,1999,00-0004242,Jared DeVries,EDGE,73,77,4,0.33,0.33,Engine re-derivation after 1999 roster/override changes
DET,Detroit Lions,1999,00-0015711,Ryan Stewart,CB,74,77,3,0.33,0.33,Engine re-derivation after 1999 roster/override changes
DET,Detroit Lions,1999,00-0000865,Charlie Batch,QB,75,76,1,0.78,0.9,"Young starter, decent [by ratings-overhaul-1999, 2026-06-08]"
DET,Detroit Lions,1999,00-0012463,Dan Owens,DT,72,76,4,0.33,0.33,Engine re-derivation after 1999 roster/override changes
DET,Detroit Lions,1999,00-0015048,David Sloan,TE,88,76,-12,0.78,0.9,"Pro Bowl tight end [by ratings-overhaul-1999, 2026-06-08]"
DET,Detroit Lions,1999,00-0014022,Juan Roque,LT,75,76,1,0.33,0.33,Engine re-derivation after 1999 roster/override changes
DET,Detroit Lions,1999,00-0014596,Tracy Scroggins,EDGE,73,76,3,0.33,0.9,"Veteran pass rusher [by ratings-overhaul-1999, 2026-06-08]"
DET,Detroit Lions,1999,00-0014660,Tony Semple,LG,72,75,3,0.33,0.33,Engine re-derivation after 1999 roster/override changes
DET,Detroit Lions,1999,00-0004344,Andre Dixon,CB,73,74,1,0.33,0.33,Engine re-derivation after 1999 roster/override changes
DET,Detroit Lions,1999,00-0001825,Barrett Brooks,LT,75,74,-1,0.33,0.33,Engine re-derivation after 1999 roster/override changes
DET,Detroit Lions,1999,00-0003005,Chris Claiborne,LB,73,74,1,0.33,0.9,"Rookie linebacker [by ratings-overhaul-1999, 2026-06-08]"
DET,Detroit Lions,1999,00-0001333,Kerlin Blaise,LG,72,74,2,0.33,0.33,Engine re-derivation after 1999 roster/override changes
DET,Detroit Lions,1999,00-0003354,Mike Compton,C,72,74,2,0.33,0.9,"Starting guard [by ratings-overhaul-1999, 2026-06-08]"
DET,Detroit Lions,1999,00-0013822,Ray Roberts,LT,75,74,-1,0.33,0.9,"Starting left tackle [by ratings-overhaul-1999, 2026-06-08]"
DET,Detroit Lions,1999,00-0000601,Robert Bailey,CB,74,74,0,0.33,0.33,
DET,Detroit Lions,1999,00-0013643,Ron Rice,S,76,74,-2,0.45,0.9,"Starting safety [by ratings-overhaul-1999, 2026-06-08]"
DET,Detroit Lions,1999,00-0000129,Allen Aldridge,LB,73,73,0,0.33,0.9,"Starting linebacker [by ratings-overhaul-1999, 2026-06-08]"
DET,Detroit Lions,1999,00-0008401,John Jett,P,70,73,3,0.45,0.45,Engine re-derivation after 1999 roster/override changes
DET,Detroit Lions,1999,00-0012282,Kevin O'Neill,LB,73,73,0,0.33,0.33,
DET,Detroit Lions,1999,00-0009438,Scott Kowalkowski,LB,73,73,0,0.33,0.33,
DET,Detroit Lions,1999,00-0005044,Terry Fair,CB,74,73,-1,0.33,0.9,"Young starting corner [by ratings-overhaul-1999, 2026-06-08]"
DET,Detroit Lions,1999,00-0001222,Eric Beverly,C,72,72,0,0.33,0.33,
DET,Detroit Lions,1999,00-0008764,James Jones,DT,72,72,0,0.33,0.9,"Run-stuffing tackle [by ratings-overhaul-1999, 2026-06-08]"
DET,Detroit Lions,1999,00-0015507,Brian Stablein,WR,70,70,0,0.78,0.78,
DET,Detroit Lions,1999,00-0007436,Greg Hill,RB,78,70,-8,0.78,0.9,"Committee back [by ratings-overhaul-1999, 2026-06-08]"
DET,Detroit Lions,1999,00-0005589,Gus Frerotte,QB,74,70,-4,0.78,0.9,"Veteran backup [by ratings-overhaul-1999, 2026-06-08]"
DET,Detroit Lions,1999,00-0002583,Lamar Campbell,CB,74,70,-4,0.33,0.33,Engine re-derivation after 1999 roster/override changes
DET,Detroit Lions,1999,00-0001953,J.B. Brown,CB,74,69,-5,0.33,0.33,Engine re-derivation after 1999 roster/override changes
DET,Detroit Lions,1999,00-0005927,Aaron Gibson,LT,75,68,-7,0.33,0.33,Engine re-derivation after 1999 roster/override changes
DET,Detroit Lions,1999,00-0008046,Sedrick Irvin,RB,77,68,-9,0.78,0.9,"Rookie back [by ratings-overhaul-1999, 2026-06-08]"
DET,Detroit Lions,1999,00-0007798,Desmond Howard,WR,63,67,4,0.45,0.45,Engine re-derivation after 1999 roster/override changes
DET,Detroit Lions,1999,00-0000025,Kevin Abrams,CB,74,67,-7,0.33,0.33,Engine re-derivation after 1999 roster/override changes
DET,Detroit Lions,1999,00-0008922,Richard Jordan,LB,73,67,-6,0.33,0.33,Engine re-derivation after 1999 roster/override changes
DET,Detroit Lions,1999,00-0006881,Dwayne Harper,CB,74,66,-8,0.33,0.33,Engine re-derivation after 1999 roster/override changes
DET,Detroit Lions,1999,00-0013261,Kelvin Pritchett,DT,72,65,-7,0.33,0.33,Engine re-derivation after 1999 roster/override changes
DET,Detroit Lions,1999,00-0015914,Kywin Supernaw,CB,74,65,-9,0.33,0.33,Engine re-derivation after 1999 roster/override changes
DET,Detroit Lions,1999,00-0013253,Mike Pringley,EDGE,73,65,-8,0.33,0.33,Engine re-derivation after 1999 roster/override changes
DET,Detroit Lions,1999,00-0008274,Paul Janus,LT,75,65,-10,0.33,0.33,Engine re-derivation after 1999 roster/override changes
DET,Detroit Lions,1999,00-0013385,Tony Ramirez,LT,75,65,-10,0.33,0.33,Engine re-derivation after 1999 roster/override changes
DET,Detroit Lions,1999,00-0001897,Corwin Brown,CB,74,64,-10,0.33,0.33,Engine re-derivation after 1999 roster/override changes
DET,Detroit Lions,1999,00-0016036,Tyree Talton,CB,74,64,-10,0.33,0.33,Engine re-derivation after 1999 roster/override changes
DET,Detroit Lions,1999,00-0014194,Matt Russell,LB,73,63,-10,0.33,0.33,Engine re-derivation after 1999 roster/override changes
DET,Detroit Lions,1999,00-0013422,Walter Rasby,TE,63,63,0,0.6,0.6,
DET,Detroit Lions,1999,00-0009305,Travis Kirschke,EDGE,73,62,-11,0.33,0.33,Engine re-derivation after 1999 roster/override changes
DET,Detroit Lions,1999,00-0014384,Cory Sauter,QB,68,60,-8,0.45,0.45,Engine re-derivation after 1999 roster/override changes
DET,Detroit Lions,1999,00-0016811,Iheanyi Uwaezuoke,WR,59,60,1,0.6,0.6,Engine re-derivation after 1999 roster/override changes
DET,Detroit Lions,1999,00-0015161,Ed Smith,TE,59,59,0,0.45,0.45,
DET,Detroit Lions,1999,00-0013785,Ron Rivers,RB,57,57,0,0.6,0.6,
DET,Detroit Lions,1999,jeff-fox,Jeff Fox,QB,63,56,-7,0.45,0.45,Engine re-derivation after 1999 roster/override changes
DET,Detroit Lions,1999,00-0002985,Pete Chryplewicz,TE,56,56,0,0.6,0.6,
DET,Detroit Lions,1999,00-0013498,Travis Reece,RB,63,54,-9,0.45,0.45,Engine re-derivation after 1999 roster/override changes
DET,Detroit Lions,1999,00-0012370,Brock Olivo,RB,51,52,1,0.6,0.6,Engine re-derivation after 1999 roster/override changes
GB,Green Bay Packers,1999,00-0005106,Brett Favre,QB,84,88,4,0.78,0.9,"Star QB, 4091 yds, 22 TD [by ratings-overhaul-1999, 2026-06-08]"
GB,Green Bay Packers,1999,00-0002424,LeRoy Butler,S,72,88,16,0.33,0.9,"All-Pro safety, leader [by ratings-overhaul-1999, 2026-06-08]"
GB,Green Bay Packers,1999,00-0005562,Antonio Freeman,WR,89,85,-4,0.78,0.9,"#1 WR, 1074 yds [by ratings-overhaul-1999, 2026-06-08]"
GB,Green Bay Packers,1999,00-0014724,Darren Sharper,S,72,82,10,0.33,0.9,"Ascending ballhawk safety [by ratings-overhaul-1999, 2026-06-08]"
GB,Green Bay Packers,1999,00-0010072,Ryan Longwell,K,76,82,6,0.45,0.9,"Reliable accurate kicker [by ratings-overhaul-1999, 2026-06-08]"
GB,Green Bay Packers,1999,00-0014489,Bill Schroeder,WR,88,80,-8,0.78,0.9,"Breakout, 1051 yds [by ratings-overhaul-1999, 2026-06-08]"
GB,Green Bay Packers,1999,00-0009829,Dorsey Levens,RB,90,80,-10,0.78,0.9,"Lead back, 1034 yds [by ratings-overhaul-1999, 2026-06-08]"
GB,Green Bay Packers,1999,00-0004063,Tyrone Davis,TE,80,80,0,0.78,0.78,
GB,Green Bay Packers,1999,00-0007611,Vonnie Holliday,EDGE,73,80,7,0.33,0.9,"Disruptive young defensive tackle [by ratings-overhaul-1999, 2026-06-08]"
GB,Green Bay Packers,1999,00-0013780,Marco Rivera,LG,72,78,6,0.33,0.9,"Ascending guard [by ratings-overhaul-1999, 2026-06-08]"
GB,Green Bay Packers,1999,00-0016878,Ross Verba,LT,75,78,3,0.33,0.9,"Starting left tackle [by ratings-overhaul-1999, 2026-06-08]"
GB,Green Bay Packers,1999,00-0016968,Jude Waddy,LB,73,77,4,0.33,0.33,Engine re-derivation after 1999 roster/override changes
GB,Green Bay Packers,1999,00-0000457,Rodney Artmore,S,72,77,5,0.33,0.33,Engine re-derivation after 1999 roster/override changes
GB,Green Bay Packers,1999,00-0010645,Tod McBride,CB,74,77,3,0.33,0.33,Engine re-derivation after 1999 roster/override changes
GB,Green Bay Packers,1999,00-0006920,Bernardo Harris,LB,73,76,3,0.33,0.9,"Every-down middle linebacker [by ratings-overhaul-1999, 2026-06-08]"
GB,Green Bay Packers,1999,00-0017737,Brian Williams,LB,73,76,3,0.33,0.9,"Starting linebacker [by ratings-overhaul-1999, 2026-06-08]"
GB,Green Bay Packers,1999,00-0007215,Craig Heimburger,C,72,76,4,0.33,0.33,Engine re-derivation after 1999 roster/override changes
GB,Green Bay Packers,1999,00-0018115,Frank Winters,C,72,76,4,0.33,0.9,"Veteran center [by ratings-overhaul-1999, 2026-06-08]"
GB,Green Bay Packers,1999,00-0016990,Mike Wahle,LT,75,76,1,0.33,0.33,Engine re-derivation after 1999 roster/override changes
GB,Green Bay Packers,1999,00-0004456,Santana Dotson,DT,73,76,3,0.33,0.9,"Veteran interior lineman [by ratings-overhaul-1999, 2026-06-08]"
GB,Green Bay Packers,1999,00-0017948,Tyrone Williams,CB,74,76,2,0.33,0.9,"Starting corner [by ratings-overhaul-1999, 2026-06-08]"
GB,Green Bay Packers,1999,00-0007254,William Henderson,RB,76,76,0,0.78,0.9,"Pro Bowl blocking fullback [by ratings-overhaul-1999, 2026-06-08]"
GB,Green Bay Packers,1999,00-0000098,Louie Aguiar,P,72,75,3,0.33,0.33,Engine re-derivation after 1999 roster/override changes
GB,Green Bay Packers,1999,00-0016929,Fred Vinson,CB,74,74,0,0.33,0.33,
GB,Green Bay Packers,1999,00-0001940,Gilbert Brown,DT,73,74,1,0.33,0.33,Engine re-derivation after 1999 roster/override changes
GB,Green Bay Packers,1999,00-0016347,Jeff Thomason,TE,74,74,0,0.78,0.78,
GB,Green Bay Packers,1999,00-0006962,Jon Harris,EDGE,73,74,1,0.33,0.33,Engine re-derivation after 1999 roster/override changes
GB,Green Bay Packers,1999,00-0010941,Keith McKenzie,LB,73,74,1,0.33,0.9,"Pass-rushing edge [by ratings-overhaul-1999, 2026-06-08]"
GB,Green Bay Packers,1999,00-0010944,Mike McKenzie,CB,74,74,0,0.33,0.9,"Rookie starting corner [by ratings-overhaul-1999, 2026-06-08]"
GB,Green Bay Packers,1999,00-0017814,Jamel Williams,CB,74,73,-1,0.33,0.33,Engine re-derivation after 1999 roster/override changes
GB,Green Bay Packers,1999,00-0009418,George Koonce,LB,73,72,-1,0.33,0.9,"Veteran linebacker [by ratings-overhaul-1999, 2026-06-08]"
GB,Green Bay Packers,1999,00-0012005,Jim Nelson,LB,73,71,-2,0.33,0.33,Engine re-derivation after 1999 roster/override changes
GB,Green Bay Packers,1999,00-0010945,Raleigh McKenzie,LG,72,71,-1,0.33,0.33,Engine re-derivation after 1999 roster/override changes
GB,Green Bay Packers,1999,00-0006130,Tyrone Goodson,WR,67,71,4,0.45,0.45,Engine re-derivation after 1999 roster/override changes
GB,Green Bay Packers,1999,00-0001627,Corey Bradford,WR,82,70,-12,0.78,0.9,"Rotational deep threat [by ratings-overhaul-1999, 2026-06-08]"
GB,Green Bay Packers,1999,00-0007929,Cletidus Hunt,EDGE,73,69,-4,0.33,0.33,Engine re-derivation after 1999 roster/override changes
GB,Green Bay Packers,1999,00-0001481,Vaughn Booker,EDGE,73,69,-4,0.33,0.33,Engine re-derivation after 1999 roster/override changes
GB,Green Bay Packers,1999,00-0015212,Jermaine Smith,DT,73,68,-5,0.33,0.33,Engine re-derivation after 1999 roster/override changes
GB,Green Bay Packers,1999,00-0000446,Jahine Arnold,WR,67,67,0,0.45,0.45,
GB,Green Bay Packers,1999,00-0001231,Josh Bidwell,P,72,67,-5,0.33,0.33,Engine re-derivation after 1999 roster/override changes
GB,Green Bay Packers,1999,00-0001823,Aaron Brooks,QB,68,66,-2,0.45,0.45,Engine re-derivation after 1999 roster/override changes
GB,Green Bay Packers,1999,00-0004747,Antuan Edwards,CB,74,66,-8,0.33,0.33,Engine re-derivation after 1999 roster/override changes
GB,Green Bay Packers,1999,00-0012050,Mike Newell,C,72,66,-6,0.33,0.33,Engine re-derivation after 1999 roster/override changes
GB,Green Bay Packers,1999,00-0001054,Tyrone Bell,CB,74,66,-8,0.33,0.33,Engine re-derivation after 1999 roster/override changes
GB,Green Bay Packers,1999,00-0010196,Billy Lyon,DT,73,65,-8,0.33,0.33,Engine re-derivation after 1999 roster/override changes
GB,Green Bay Packers,1999,00-0003942,Anthony Davis,LB,73,64,-9,0.33,0.33,Engine re-derivation after 1999 roster/override changes
GB,Green Bay Packers,1999,00-0004455,Earl Dotson,LT,75,64,-11,0.33,0.33,Engine re-derivation after 1999 roster/override changes
GB,Green Bay Packers,1999,00-0010619,Kivuusama Mays,LB,73,64,-9,0.33,0.33,Engine re-derivation after 1999 roster/override changes
GB,Green Bay Packers,1999,00-0000374,Joe Andruzzi,LG,72,63,-9,0.33,0.33,Engine re-derivation after 1999 roster/override changes
GB,Green Bay Packers,1999,00-0007091,Matt Hasselbeck,QB,62,63,1,0.6,0.6,Engine re-derivation after 1999 roster/override changes
GB,Green Bay Packers,1999,00-0005293,Mike Flanagan,C,72,63,-9,0.33,0.33,Engine re-derivation after 1999 roster/override changes
GB,Green Bay Packers,1999,00-0003788,Scott Curry,LT,75,63,-12,0.33,0.33,Engine re-derivation after 1999 roster/override changes
GB,Green Bay Packers,1999,00-0010844,Scott McGarrahan,CB,74,62,-12,0.33,0.33,Engine re-derivation after 1999 roster/override changes
GB,Green Bay Packers,1999,00-0004541,Donald Driver,WR,61,61,0,0.6,0.6,
GB,Green Bay Packers,1999,00-0008907,Charles Jordan,WR,60,60,0,0.6,0.6,
GB,Green Bay Packers,1999,00-0011392,Basil Mitchell,RB,58,58,0,0.6,0.6,
GB,Green Bay Packers,1999,00-0006666,Lamont Hall,TE,57,57,0,0.6,0.6,
GB,Green Bay Packers,1999,00-0015362,Matt Snider,RB,63,56,-7,0.45,0.45,Engine re-derivation after 1999 roster/override changes
GB,Green Bay Packers,1999,00-0012556,De'Mond Parker,RB,54,55,1,0.6,0.6,Engine re-derivation after 1999 roster/override changes
GB,Green Bay Packers,1999,00-0002958,Mark Chmura,TE,52,52,0,0.6,0.6,
GB,Green Bay Packers,1999,00-0014256,Rashaan Salaam,RB,50,50,0,0.6,0.6,
IND,Indianapolis Colts,1999,00-0007024,Marvin Harrison,WR,98,93,-5,0.78,0.9,"Elite WR, 1663 yds, 12 TD [by ratings-overhaul-1999, 2026-06-08]"
IND,Indianapolis Colts,1999,00-0008241,Edgerrin James,RB,94,92,-2,0.78,0.9,"Offensive ROY, NFL rushing leader 1553 yds [by ratings-overhaul-1999, 2026-06-08]"
IND,Indianapolis Colts,1999,00-0010346,Peyton Manning,QB,92,90,-2,0.78,0.9,"Ascending franchise QB, 4135 yds, 26 TD [by ratings-overhaul-1999, 2026-06-08]"
IND,Indianapolis Colts,1999,00-0006042,Tarik Glenn,LT,75,85,10,0.33,0.9,"Pro Bowl-caliber left tackle [by ratings-overhaul-1999, 2026-06-08]"
IND,Indianapolis Colts,1999,00-0001707,Chad Bratzke,EDGE,73,83,10,0.33,0.9,"12 sacks, team sack leader [by ratings-overhaul-1999, 2026-06-08]"
IND,Indianapolis Colts,1999,00-0016830,Mike Vanderjagt,K,71,80,9,0.33,0.9,"Accurate placekicker [by ratings-overhaul-1999, 2026-06-08]"
IND,Indianapolis Colts,1999,00-0011075,Adam Meadows,LT,75,78,3,0.33,0.9,"Solid starting right tackle [by ratings-overhaul-1999, 2026-06-08]"
IND,Indianapolis Colts,1999,00-0014375,Jeff Saturday,LG,72,78,6,0.33,0.9,"Ascending starting center [by ratings-overhaul-1999, 2026-06-08]"
IND,Indianapolis Colts,1999,00-0004294,Ken Dilger,TE,85,78,-7,0.78,0.9,"Reliable starting tight end [by ratings-overhaul-1999, 2026-06-08]"
IND,Indianapolis Colts,1999,00-0002938,Larry Chester,DT,73,78,5,0.33,0.33,Engine re-derivation after 1999 roster/override changes
IND,Indianapolis Colts,1999,00-0016295,Mark Thomas,EDGE,73,77,4,0.33,0.33,Engine re-derivation after 1999 roster/override changes
IND,Indianapolis Colts,1999,00-0003516,Chad Cota,S,76,76,0,0.45,0.45,
IND,Indianapolis Colts,1999,00-0001100,Cornelius Bennett,LB,73,76,3,0.33,0.9,"Veteran leader LB [by ratings-overhaul-1999, 2026-06-08]"
IND,Indianapolis Colts,1999,00-0008494,Ellis Johnson,DT,73,76,3,0.33,0.9,"Starting defensive tackle [by ratings-overhaul-1999, 2026-06-08]"
IND,Indianapolis Colts,1999,00-0001068,Jason Belser,S,80,76,-4,0.45,0.9,"Veteran starting safety [by ratings-overhaul-1999, 2026-06-08]"
IND,Indianapolis Colts,1999,00-0002328,Jeff Burris,CB,74,76,2,0.33,0.9,"Starting corner [by ratings-overhaul-1999, 2026-06-08]"
IND,Indianapolis Colts,1999,00-0012871,Mike Peterson,LB,73,76,3,0.33,0.9,"Rookie tackle machine [by ratings-overhaul-1999, 2026-06-08]"
IND,Indianapolis Colts,1999,00-0001458,Shane Bonham,DT,73,76,3,0.33,0.33,Engine re-derivation after 1999 roster/override changes
IND,Indianapolis Colts,1999,00-0008207,Waverly Jackson,LG,72,76,4,0.33,0.33,Engine re-derivation after 1999 roster/override changes
IND,Indianapolis Colts,1999,00-0015069,Eric Smedley,CB,74,75,1,0.33,0.33,Engine re-derivation after 1999 roster/override changes
IND,Indianapolis Colts,1999,00-0013080,Marcus Pollard,TE,84,74,-10,0.78,0.9,"Receiving #2 TE [by ratings-overhaul-1999, 2026-06-08]"
IND,Indianapolis Colts,1999,00-0009267,Shawn King,EDGE,74,74,0,0.33,0.33,
IND,Indianapolis Colts,1999,00-0013570,Spencer Reid,LB,73,74,1,0.33,0.33,Engine re-derivation after 1999 roster/override changes
IND,Indianapolis Colts,1999,00-0010966,Steve McKinney,LG,72,74,2,0.33,0.9,"Young starting guard [by ratings-overhaul-1999, 2026-06-08]"
IND,Indianapolis Colts,1999,00-0017619,Bernard Whittington,DT,73,73,0,0.33,0.9,"Rotational lineman [by ratings-overhaul-1999, 2026-06-08]"
IND,Indianapolis Colts,1999,00-0011377,Paul Miranda,CB,74,73,-1,0.33,0.33,Engine re-derivation after 1999 roster/override changes
IND,Indianapolis Colts,1999,00-0017697,Terrence Wilkins,WR,81,73,-8,0.78,0.9,"Slot/return rookie [by ratings-overhaul-1999, 2026-06-08]"
IND,Indianapolis Colts,1999,00-0014530,Brad Scioli,EDGE,73,72,-1,0.33,0.33,Engine re-derivation after 1999 roster/override changes
IND,Indianapolis Colts,1999,00-0013040,Chad Plummer,WR,67,72,5,0.45,0.45,Engine re-derivation after 1999 roster/override changes
IND,Indianapolis Colts,1999,00-0006322,E.G. Green,WR,71,72,1,0.78,0.9,"Rotational receiver [by ratings-overhaul-1999, 2026-06-08]"
IND,Indianapolis Colts,1999,00-0013411,Thomas Randolph,CB,74,72,-2,0.33,0.33,Engine re-derivation after 1999 roster/override changes
IND,Indianapolis Colts,1999,00-0001658,Jeff Brady,LB,73,70,-3,0.33,0.33,Engine re-derivation after 1999 roster/override changes
IND,Indianapolis Colts,1999,00-0016311,Ratcliff Thomas,LB,73,70,-3,0.33,0.33,Engine re-derivation after 1999 roster/override changes
IND,Indianapolis Colts,1999,00-0010746,Tony McCoy,DT,73,70,-3,0.33,0.33,Engine re-derivation after 1999 roster/override changes
IND,Indianapolis Colts,1999,00-0013102,Tyrone Poole,CB,74,70,-4,0.33,0.33,Engine re-derivation after 1999 roster/override changes
IND,Indianapolis Colts,1999,00-0009212,Danny Kight,K,71,69,-2,0.33,0.33,Engine re-derivation after 1999 roster/override changes
IND,Indianapolis Colts,1999,00-0014367,Trey Sartin,LT,75,69,-6,0.33,0.33,Engine re-derivation after 1999 roster/override changes
IND,Indianapolis Colts,1999,00-0000727,Brad Banta,TE,67,68,1,0.45,0.45,Engine re-derivation after 1999 roster/override changes
IND,Indianapolis Colts,1999,00-0011585,Larry Moore,C,72,68,-4,0.33,0.33,Engine re-derivation after 1999 roster/override changes
IND,Indianapolis Colts,1999,00-0000423,Phil Armour,C,72,68,-4,0.33,0.33,Engine re-derivation after 1999 roster/override changes
IND,Indianapolis Colts,1999,00-0000518,Billy Austin,CB,74,67,-7,0.33,0.33,Engine re-derivation after 1999 roster/override changes
IND,Indianapolis Colts,1999,00-0007576,Kelly Holcomb,QB,68,67,-1,0.45,0.45,Engine re-derivation after 1999 roster/override changes
IND,Indianapolis Colts,1999,00-0015194,Hunter Smith,P,76,66,-10,0.45,0.45,Engine re-derivation after 1999 roster/override changes
IND,Indianapolis Colts,1999,00-0008532,Jason Johnson,C,72,66,-6,0.33,0.33,Engine re-derivation after 1999 roster/override changes
IND,Indianapolis Colts,1999,00-0001176,Bertrand Berry,LB,73,65,-8,0.33,0.33,Engine re-derivation after 1999 roster/override changes
IND,Indianapolis Colts,1999,00-0007647,Darick Holmes,RB,63,65,2,0.45,0.45,Engine re-derivation after 1999 roster/override changes
IND,Indianapolis Colts,1999,00-0011796,Mustafah Muhammad,CB,74,65,-9,0.33,0.33,Engine re-derivation after 1999 roster/override changes
IND,Indianapolis Colts,1999,00-0001368,Tony Blevins,CB,74,65,-9,0.33,0.33,Engine re-derivation after 1999 roster/override changes
IND,Indianapolis Colts,1999,00-0000740,Mike Barber,LB,73,64,-9,0.33,0.33,Engine re-derivation after 1999 roster/override changes
IND,Indianapolis Colts,1999,00-0014809,Paul Shields,RB,63,64,1,0.6,0.6,Engine re-derivation after 1999 roster/override changes
IND,Indianapolis Colts,1999,00-0012229,Chukie Nwokorie,DT,73,63,-10,0.33,0.33,Engine re-derivation after 1999 roster/override changes
IND,Indianapolis Colts,1999,00-0018033,Jamie Wilson,LT,75,63,-12,0.33,0.33,Engine re-derivation after 1999 roster/override changes
IND,Indianapolis Colts,1999,00-0012637,Jerome Pathon,WR,62,63,1,0.6,0.6,Engine re-derivation after 1999 roster/override changes
IND,Indianapolis Colts,1999,00-0017121,Steve Walsh,QB,60,61,1,0.6,0.6,Engine re-derivation after 1999 roster/override changes
IND,Indianapolis Colts,1999,00-0008763,Isaac Jones,WR,59,60,1,0.6,0.6,Engine re-derivation after 1999 roster/override changes
IND,Indianapolis Colts,1999,00-0004088,Lake Dawson,WR,67,60,-7,0.45,0.45,Engine re-derivation after 1999 roster/override changes
IND,Indianapolis Colts,1999,00-0004824,Keith Elias,RB,57,58,1,0.6,0.6,Engine re-derivation after 1999 roster/override changes
IND,Indianapolis Colts,1999,00-0010827,Leeland McElroy,RB,63,55,-8,0.45,0.45,Engine re-derivation after 1999 roster/override changes
IND,Indianapolis Colts,1999,00-0006380,Scott Greene,RB,51,52,1,0.6,0.6,Engine re-derivation after 1999 roster/override changes
JAX,Jacksonville Jaguars,1999,00-0001519,Tony Boselli,LT,82,93,11,0.45,0.9,"Best LT in football, dominant All-Pro [by ratings-overhaul-1999, 2026-06-08]"
JAX,Jacksonville Jaguars,1999,00-0015218,Jimmy Smith,WR,96,92,-4,0.78,0.9,"Elite All-Pro WR, 116 cat / 1636 yds [by ratings-overhaul-1999, 2026-06-08]"
JAX,Jacksonville Jaguars,1999,00-0010668,Keenan McCardell,WR,87,86,-1,0.78,0.9,"Excellent #2, 1164 yds [by ratings-overhaul-1999, 2026-06-08]"
JAX,Jacksonville Jaguars,1999,00-0001623,Tony Brackens,EDGE,74,86,12,0.33,0.9,"12 sacks, Pro Bowl edge [by ratings-overhaul-1999, 2026-06-08]"
JAX,Jacksonville Jaguars,1999,00-0016098,Fred Taylor,RB,75,85,10,0.78,0.9,"Explosive lead back, elite when healthy [by ratings-overhaul-1999, 2026-06-08]"
JAX,Jacksonville Jaguars,1999,00-0006843,Kevin Hardy,LB,73,85,12,0.33,0.9,"Versatile star linebacker [by ratings-overhaul-1999, 2026-06-08]"
JAX,Jacksonville Jaguars,1999,00-0002110,Mark Brunell,QB,84,84,0,0.78,0.9,"Pro Bowl dual-threat QB, led 14-2 [by ratings-overhaul-1999, 2026-06-08]"
JAX,Jacksonville Jaguars,1999,00-0017033,Gary Walker,DT,73,83,10,0.33,0.9,"Disruptive Pro Bowl DT [by ratings-overhaul-1999, 2026-06-08]"
JAX,Jacksonville Jaguars,1999,00-0009561,Carnell Lake,S,76,82,6,0.45,0.9,"Pro Bowl-caliber veteran DB [by ratings-overhaul-1999, 2026-06-08]"
JAX,Jacksonville Jaguars,1999,00-0008723,Damon Jones,TE,80,82,2,0.78,0.78,Engine re-derivation after 1999 roster/override changes
JAX,Jacksonville Jaguars,1999,00-0007622,Mike Hollis,K,71,82,11,0.33,0.9,"Accurate Pro Bowl kicker [by ratings-overhaul-1999, 2026-06-08]"
JAX,Jacksonville Jaguars,1999,00-0014616,Leon Searcy,LT,70,80,10,0.45,0.9,"Quality right tackle [by ratings-overhaul-1999, 2026-06-08]"
JAX,Jacksonville Jaguars,1999,00-0000939,Aaron Beasley,CB,82,78,-4,0.45,0.9,"Starting corner [by ratings-overhaul-1999, 2026-06-08]"
JAX,Jacksonville Jaguars,1999,00-0003897,Donovin Darius,S,80,78,-2,0.45,0.9,"Hard-hitting young safety [by ratings-overhaul-1999, 2026-06-08]"
JAX,Jacksonville Jaguars,1999,00-0011000,Tom McManus,LB,73,78,5,0.33,0.33,Engine re-derivation after 1999 roster/override changes
JAX,Jacksonville Jaguars,1999,00-0014519,Bryan Schwartz,LB,73,77,4,0.33,0.33,Engine re-derivation after 1999 roster/override changes
JAX,Jacksonville Jaguars,1999,00-0017611,Alvis Whitted,WR,69,76,7,0.45,0.45,Engine re-derivation after 1999 roster/override changes
JAX,Jacksonville Jaguars,1999,00-0002138,Fernando Bryant,CB,82,76,-6,0.45,0.9,"Rookie starting corner [by ratings-overhaul-1999, 2026-06-08]"
JAX,Jacksonville Jaguars,1999,00-0015698,James Stewart,RB,88,76,-12,0.78,0.9,"Goal-line back, 13 TD [by ratings-overhaul-1999, 2026-06-08]"
JAX,Jacksonville Jaguars,1999,00-0001661,Kyle Brady,TE,80,76,-4,0.78,0.9,"Blocking tight end [by ratings-overhaul-1999, 2026-06-08]"
JAX,Jacksonville Jaguars,1999,00-0012689,Seth Payne,DT,73,76,3,0.33,0.9,"Stout nose tackle [by ratings-overhaul-1999, 2026-06-08]"
JAX,Jacksonville Jaguars,1999,00-0015070,Joel Smeenge,EDGE,74,75,1,0.33,0.33,Engine re-derivation after 1999 roster/override changes
JAX,Jacksonville Jaguars,1999,00-0018351,Renaldo Wynn,EDGE,74,75,1,0.33,0.9,"Base defensive end [by ratings-overhaul-1999, 2026-06-08]"
JAX,Jacksonville Jaguars,1999,00-0012679,Bryce Paup,LB,73,74,1,0.33,0.9,"Veteran rusher, declining [by ratings-overhaul-1999, 2026-06-08]"
JAX,Jacksonville Jaguars,1999,00-0009811,Emarlos Leroy,DT,73,74,1,0.33,0.33,Engine re-derivation after 1999 roster/override changes
JAX,Jacksonville Jaguars,1999,00-0009585,Kevin Landolt,DT,73,74,1,0.33,0.33,Engine re-derivation after 1999 roster/override changes
JAX,Jacksonville Jaguars,1999,00-0012037,Quentin Neujahr,C,69,74,5,0.45,0.45,Engine re-derivation after 1999 roster/override changes
JAX,Jacksonville Jaguars,1999,00-0009946,Steve Lindsey,K,71,74,3,0.33,0.33,Engine re-derivation after 1999 roster/override changes
JAX,Jacksonville Jaguars,1999,00-0002852,Anthony Cesario,LG,80,73,-7,0.45,0.45,Engine re-derivation after 1999 roster/override changes
JAX,Jacksonville Jaguars,1999,00-0015247,Larry Smith,DT,73,73,0,0.33,0.33,
JAX,Jacksonville Jaguars,1999,00-0013338,Jonathan Quinn,QB,68,72,4,0.45,0.45,Engine re-derivation after 1999 roster/override changes
JAX,Jacksonville Jaguars,1999,00-0005432,Todd Fordham,LT,78,72,-6,0.45,0.45,Engine re-derivation after 1999 roster/override changes
JAX,Jacksonville Jaguars,1999,00-0016184,Corey Terry,EDGE,74,71,-3,0.33,0.33,Engine re-derivation after 1999 roster/override changes
JAX,Jacksonville Jaguars,1999,00-0014775,Daimon Shelton,RB,69,71,2,0.78,0.78,Engine re-derivation after 1999 roster/override changes
JAX,Jacksonville Jaguars,1999,00-0012038,Jason Nevadomsky,LB,73,71,-2,0.33,0.33,Engine re-derivation after 1999 roster/override changes
JAX,Jacksonville Jaguars,1999,00-0016802,Regan Upshaw,EDGE,74,71,-3,0.33,0.33,Engine re-derivation after 1999 roster/override changes
JAX,Jacksonville Jaguars,1999,00-0000765,Reggie Barlow,WR,70,71,1,0.78,0.78,Engine re-derivation after 1999 roster/override changes
JAX,Jacksonville Jaguars,1999,00-0006458,Rich Griffith,TE,67,71,4,0.45,0.45,Engine re-derivation after 1999 roster/override changes
JAX,Jacksonville Jaguars,1999,00-0003212,Ben Coleman,LG,80,70,-10,0.45,0.45,Engine re-derivation after 1999 roster/override changes
JAX,Jacksonville Jaguars,1999,00-0017523,Chris White,EDGE,74,70,-4,0.33,0.33,Engine re-derivation after 1999 roster/override changes
JAX,Jacksonville Jaguars,1999,00-0010031,Mike Logan,CB,70,70,0,0.45,0.45,
JAX,Jacksonville Jaguars,1999,00-0000721,Tavian Banks,RB,69,70,1,0.78,0.78,Engine re-derivation after 1999 roster/override changes
JAX,Jacksonville Jaguars,1999,00-0000754,Bryan Barker,P,69,69,0,0.45,0.45,
JAX,Jacksonville Jaguars,1999,00-0002868,Corey Chamblin,CB,79,69,-10,0.45,0.45,Engine re-derivation after 1999 roster/override changes
JAX,Jacksonville Jaguars,1999,00-0003781,Eric Curry,EDGE,74,69,-5,0.33,0.33,Engine re-derivation after 1999 roster/override changes
JAX,Jacksonville Jaguars,1999,00-0010486,Lonnie Marts,LB,73,69,-4,0.33,0.33,Engine re-derivation after 1999 roster/override changes
JAX,Jacksonville Jaguars,1999,00-0001611,Brant Boyer,LB,73,68,-5,0.33,0.33,Engine re-derivation after 1999 roster/override changes
JAX,Jacksonville Jaguars,1999,00-0016972,John Wade,C,65,68,3,0.45,0.45,Engine re-derivation after 1999 roster/override changes
JAX,Jacksonville Jaguars,1999,00-0011666,Dee Moronkola,CB,66,67,1,0.45,0.45,Engine re-derivation after 1999 roster/override changes
JAX,Jacksonville Jaguars,1999,00-0005180,Jay Fiedler,QB,66,67,1,0.6,0.6,Engine re-derivation after 1999 roster/override changes
JAX,Jacksonville Jaguars,1999,00-0008156,Lenzie Jackson,WR,68,67,-1,0.45,0.45,Engine re-derivation after 1999 roster/override changes
JAX,Jacksonville Jaguars,1999,00-0008027,Steve Ingram,LT,78,67,-11,0.45,0.45,Engine re-derivation after 1999 roster/override changes
JAX,Jacksonville Jaguars,1999,00-0002286,Chester Burnett,LB,73,66,-7,0.33,0.33,Engine re-derivation after 1999 roster/override changes
JAX,Jacksonville Jaguars,1999,00-0016771,Rich Tylski,LG,69,64,-5,0.45,0.45,Engine re-derivation after 1999 roster/override changes
JAX,Jacksonville Jaguars,1999,00-0010825,Blaine McElmurry,CB,70,63,-7,0.45,0.45,Engine re-derivation after 1999 roster/override changes
JAX,Jacksonville Jaguars,1999,00-0015776,Erik Storz,LB,73,63,-10,0.33,0.33,Engine re-derivation after 1999 roster/override changes
JAX,Jacksonville Jaguars,1999,00-0012664,Joe Patton,LT,70,63,-7,0.45,0.45,Engine re-derivation after 1999 roster/override changes
JAX,Jacksonville Jaguars,1999,00-0015705,Rayna Stewart,CB,66,61,-5,0.45,0.45,Engine re-derivation after 1999 roster/override changes
JAX,Jacksonville Jaguars,1999,00-0016242,Dave Thomas,CB,61,60,-1,0.45,0.45,Engine re-derivation after 1999 roster/override changes
JAX,Jacksonville Jaguars,1999,00-0001438,Trevor Bollers,RB,63,58,-5,0.45,0.45,Engine re-derivation after 1999 roster/override changes
JAX,Jacksonville Jaguars,1999,00-0003597,Jason Craft,CB,58,57,-1,0.45,0.45,Engine re-derivation after 1999 roster/override changes
JAX,Jacksonville Jaguars,1999,00-0017637,Zach Wiegert,LG,61,56,-5,0.45,0.45,Engine re-derivation after 1999 roster/override changes
JAX,Jacksonville Jaguars,1999,00-0007795,Chris Howard,RB,53,54,1,0.6,0.6,Engine re-derivation after 1999 roster/override changes
JAX,Jacksonville Jaguars,1999,00-0010240,Stacey Mack,RB,50,53,3,0.6,0.6,Engine re-derivation after 1999 roster/override changes
KC,Kansas City Chiefs,1999,00-0016248,Derrick Thomas,LB,95,90,-5,0.95,0.9,"Star edge rusher (final season) [by ratings-overhaul-1999, 2026-06-08]"
KC,Kansas City Chiefs,1999,00-0006101,Tony Gonzalez,TE,94,90,-4,0.78,0.9,"Elite All-Pro receiving TE, 1203 yds [by ratings-overhaul-1999, 2026-06-08]"
KC,Kansas City Chiefs,1999,00-0014811,Will Shields,LG,72,90,18,0.33,0.9,"Perennial All-Pro guard [by ratings-overhaul-1999, 2026-06-08]"
KC,Kansas City Chiefs,1999,00-0000145,Derrick Alexander,WR,83,82,-1,0.78,0.9,"Lead WR, 1391 yds [by ratings-overhaul-1999, 2026-06-08]"
KC,Kansas City Chiefs,1999,00-0001102,Donnell Bennett,RB,81,82,1,0.78,0.78,Engine re-derivation after 1999 roster/override changes
KC,Kansas City Chiefs,1999,00-0007744,Joe Horn,WR,82,82,0,0.78,0.78,
KC,Kansas City Chiefs,1999,00-0010874,Chester McGlockton,DT,73,80,7,0.33,0.9,"Pro Bowl-caliber defensive tackle [by ratings-overhaul-1999, 2026-06-08]"
KC,Kansas City Chiefs,1999,00-0004757,Donnie Edwards,LB,73,80,7,0.33,0.9,"Every-down playmaking LB [by ratings-overhaul-1999, 2026-06-08]"
KC,Kansas City Chiefs,1999,00-0010007,Kevin Lockett,WR,79,80,1,0.78,0.78,Engine re-derivation after 1999 roster/override changes
KC,Kansas City Chiefs,1999,00-0006513,Tim Grunhard,C,72,80,8,0.33,0.9,"Pro Bowl-caliber center [by ratings-overhaul-1999, 2026-06-08]"
KC,Kansas City Chiefs,1999,00-0017012,Bracy Walker,CB,74,78,4,0.33,0.33,Engine re-derivation after 1999 roster/override changes
KC,Kansas City Chiefs,1999,00-0016002,David Szott,LG,72,78,6,0.33,0.9,"Veteran starting guard [by ratings-overhaul-1999, 2026-06-08]"
KC,Kansas City Chiefs,1999,00-0006300,Elvis Grbac,QB,87,78,-9,0.78,0.9,"Pro Bowl season when healthy [by ratings-overhaul-1999, 2026-06-08]"
KC,Kansas City Chiefs,1999,00-0007095,James Hasty,CB,74,78,4,0.33,0.9,"Veteran starting corner [by ratings-overhaul-1999, 2026-06-08]"
KC,Kansas City Chiefs,1999,00-0018212,Jerome Woods,S,76,78,2,0.45,0.9,"Pro Bowl safety [by ratings-overhaul-1999, 2026-06-08]"
KC,Kansas City Chiefs,1999,00-0015791,Pete Stoyanovich,K,71,78,7,0.33,0.9,"Reliable kicker [by ratings-overhaul-1999, 2026-06-08]"
KC,Kansas City Chiefs,1999,00-0013770,Andre Rison,WR,76,76,0,0.78,0.9,"Veteran wideout [by ratings-overhaul-1999, 2026-06-08]"
KC,Kansas City Chiefs,1999,00-0017193,Eric Warfield,CB,74,76,2,0.33,0.33,Engine re-derivation after 1999 roster/override changes
KC,Kansas City Chiefs,1999,00-0000279,Kimble Anders,RB,52,76,24,0.6,0.9,"Pro Bowl receiving fullback [by ratings-overhaul-1999, 2026-06-08]"
KC,Kansas City Chiefs,1999,00-0012569,Larry Parker,WR,72,76,4,0.45,0.45,Engine re-derivation after 1999 roster/override changes
KC,Kansas City Chiefs,1999,00-0012666,Marvcus Patton,LB,74,76,2,0.33,0.9,"Starting linebacker [by ratings-overhaul-1999, 2026-06-08]"
KC,Kansas City Chiefs,1999,00-0009492,Brad Kubik,LG,72,75,3,0.33,0.33,Engine re-derivation after 1999 roster/override changes
KC,Kansas City Chiefs,1999,00-0013418,Derrick Ransom,DT,73,75,2,0.33,0.33,Engine re-derivation after 1999 roster/override changes
KC,Kansas City Chiefs,1999,00-0016021,John Tait,LT,75,75,0,0.33,0.33,
KC,Kansas City Chiefs,1999,00-0007375,Eric Hicks,EDGE,74,74,0,0.33,0.33,
KC,Kansas City Chiefs,1999,00-0002090,John Browning,DT,73,74,1,0.33,0.9,"Rotational lineman [by ratings-overhaul-1999, 2026-06-08]"
KC,Kansas City Chiefs,1999,00-0013759,Victor Riley,LT,75,74,-1,0.33,0.9,"Young starting tackle [by ratings-overhaul-1999, 2026-06-08]"
KC,Kansas City Chiefs,1999,00-0015207,Jeff Smith,LG,72,73,1,0.33,0.33,Engine re-derivation after 1999 roster/override changes
KC,Kansas City Chiefs,1999,00-0000488,Larry Atkins,CB,74,73,-1,0.33,0.33,Engine re-derivation after 1999 roster/override changes
KC,Kansas City Chiefs,1999,00-0015441,Marcus Spears,LT,75,73,-2,0.33,0.33,Engine re-derivation after 1999 roster/override changes
KC,Kansas City Chiefs,1999,00-0016038,Ralph Tamm,LG,72,73,1,0.33,0.33,Engine re-derivation after 1999 roster/override changes
KC,Kansas City Chiefs,1999,00-0011675,Bam Morris,RB,77,72,-5,0.78,0.9,"Short-yardage back [by ratings-overhaul-1999, 2026-06-08]"
KC,Kansas City Chiefs,1999,00-0008572,Lonnie Johnson,TE,71,72,1,0.78,0.78,Engine re-derivation after 1999 roster/override changes
KC,Kansas City Chiefs,1999,00-0013694,Tony Richardson,RB,78,72,-6,0.78,0.9,"Lead/blocking back [by ratings-overhaul-1999, 2026-06-08]"
KC,Kansas City Chiefs,1999,00-0012561,Glenn Parker,LT,75,71,-4,0.33,0.33,Engine re-derivation after 1999 roster/override changes
KC,Kansas City Chiefs,1999,00-0006265,Carlton Gray,CB,74,70,-4,0.33,0.33,Engine re-derivation after 1999 roster/override changes
KC,Kansas City Chiefs,1999,00-0015725,Gary Stills,LB,73,70,-3,0.33,0.33,Engine re-derivation after 1999 roster/override changes
KC,Kansas City Chiefs,1999,00-0014759,Rashaan Shehee,RB,70,70,0,0.78,0.78,
KC,Kansas City Chiefs,1999,00-0004337,Cris Dishman,CB,74,69,-5,0.33,0.33,Engine re-derivation after 1999 roster/override changes
KC,Kansas City Chiefs,1999,00-0003136,Mike Cloud,RB,68,69,1,0.78,0.78,Engine re-derivation after 1999 roster/override changes
KC,Kansas City Chiefs,1999,00-0016549,Reggie Tongue,S,80,68,-12,0.45,0.45,Engine re-derivation after 1999 roster/override changes
KC,Kansas City Chiefs,1999,00-0005890,Ron George,LB,74,67,-7,0.33,0.33,Engine re-derivation after 1999 roster/override changes
KC,Kansas City Chiefs,1999,00-0012620,Ty Parten,DT,73,67,-6,0.33,0.33,Engine re-derivation after 1999 roster/override changes
KC,Kansas City Chiefs,1999,00-0013108,Daniel Pope,P,69,66,-3,0.45,0.45,Engine re-derivation after 1999 roster/override changes
KC,Kansas City Chiefs,1999,00-0017762,Dan Williams,EDGE,74,65,-9,0.33,0.33,Engine re-derivation after 1999 roster/override changes
KC,Kansas City Chiefs,1999,00-0010366,Greg Manusky,LB,73,65,-8,0.33,0.33,Engine re-derivation after 1999 roster/override changes
KC,Kansas City Chiefs,1999,00-0000634,Jon Baker,K,71,65,-6,0.33,0.33,Engine re-derivation after 1999 roster/override changes
KC,Kansas City Chiefs,1999,00-0012274,Leslie O'Neal,EDGE,74,65,-9,0.33,0.33,Engine re-derivation after 1999 roster/override changes
KC,Kansas City Chiefs,1999,00-0018249,Mark Word,EDGE,74,64,-10,0.33,0.33,Engine re-derivation after 1999 roster/override changes
KC,Kansas City Chiefs,1999,00-0010496,Mike Maslowski,LB,74,62,-12,0.33,0.33,Engine re-derivation after 1999 roster/override changes
KC,Kansas City Chiefs,1999,00-0018589,Ted White,QB,63,62,-1,0.45,0.45,Engine re-derivation after 1999 roster/override changes
KC,Kansas City Chiefs,1999,00-0003315,Todd Collins,QB,68,62,-6,0.45,0.45,Engine re-derivation after 1999 roster/override changes
KC,Kansas City Chiefs,1999,00-0000768,Tom Barndt,DT,73,62,-11,0.33,0.33,Engine re-derivation after 1999 roster/override changes
KC,Kansas City Chiefs,1999,00-0011524,Warren Moon,QB,59,60,1,0.6,0.6,Engine re-derivation after 1999 roster/override changes
KC,Kansas City Chiefs,1999,00-0008224,Mitch Jacoby,TE,55,56,1,0.6,0.6,Engine re-derivation after 1999 roster/override changes
KC,Kansas City Chiefs,1999,00-0016837,Tamarick Vanover,WR,63,54,-9,0.45,0.45,Engine re-derivation after 1999 roster/override changes
LAC,San Diego Chargers,1999,00-0014619,Junior Seau,LB,95,92,-3,0.95,0.9,"Elite All-Pro middle linebacker, leader [by ratings-overhaul-1999, 2026-06-08]"
LAC,San Diego Chargers,1999,00-0010747,Fred McCrary,RB,87,86,-1,0.78,0.78,Engine re-derivation after 1999 roster/override changes
LAC,San Diego Chargers,1999,00-0007030,Rodney Harrison,S,72,86,14,0.33,0.9,"Hard-hitting Pro Bowl safety [by ratings-overhaul-1999, 2026-06-08]"
LAC,San Diego Chargers,1999,00-0001101,Darren Bennett,P,69,84,15,0.45,0.9,"All-Pro punter [by ratings-overhaul-1999, 2026-06-08]"
LAC,San Diego Chargers,1999,00-0002655,John Carney,K,76,84,8,0.45,0.9,"Accurate veteran kicker [by ratings-overhaul-1999, 2026-06-08]"
LAC,San Diego Chargers,1999,00-0008749,Freddie Jones,TE,87,80,-7,0.78,0.9,"Pro Bowl receiving tight end [by ratings-overhaul-1999, 2026-06-08]"
LAC,San Diego Chargers,1999,00-0013712,Mikhael Ricks,WR,80,80,0,0.78,0.78,
LAC,San Diego Chargers,1999,00-0012607,John Parrella,DT,73,78,5,0.33,0.9,"Stout defensive tackle [by ratings-overhaul-1999, 2026-06-08]"
LAC,San Diego Chargers,1999,00-0011640,Moses Moreno,QB,77,77,0,0.6,0.6,
LAC,San Diego Chargers,1999,00-0012764,Chris Penn,WR,76,76,0,0.78,0.78,
LAC,San Diego Chargers,1999,00-0006210,Jeff Graham,WR,83,76,-7,0.78,0.9,"Veteran possession WR [by ratings-overhaul-1999, 2026-06-08]"
LAC,San Diego Chargers,1999,00-0002459,Kenny Bynum,RB,76,76,0,0.78,0.78,
LAC,San Diego Chargers,1999,00-0006724,Michael Hamilton,LB,78,76,-2,0.45,0.45,Engine re-derivation after 1999 roster/override changes
LAC,San Diego Chargers,1999,00-0011081,Natrone Means,RB,57,76,19,0.6,0.9,"Lead back [by ratings-overhaul-1999, 2026-06-08]"
LAC,San Diego Chargers,1999,00-0005446,Roman Fortin,C,72,76,4,0.33,0.33,Engine re-derivation after 1999 roster/override changes
LAC,San Diego Chargers,1999,00-0014743,Terrance Shaw,CB,70,76,6,0.45,0.9,"Starting corner [by ratings-overhaul-1999, 2026-06-08]"
LAC,San Diego Chargers,1999,00-0004318,Charles Dimry,CB,82,75,-7,0.45,0.45,Engine re-derivation after 1999 roster/override changes
LAC,San Diego Chargers,1999,00-0004609,Mike Dumas,S,72,75,3,0.33,0.33,Engine re-derivation after 1999 roster/override changes
LAC,San Diego Chargers,1999,00-0004320,Adrian Dingle,EDGE,74,74,0,0.33,0.33,
LAC,San Diego Chargers,1999,00-0017813,Jamal Williams,DT,73,74,1,0.33,0.9,"Young nose tackle [by ratings-overhaul-1999, 2026-06-08]"
LAC,San Diego Chargers,1999,00-0012813,Jason Perry,CB,79,74,-5,0.45,0.45,Engine re-derivation after 1999 roster/override changes
LAC,San Diego Chargers,1999,00-0006808,Jim Harbaugh,QB,78,74,-4,0.78,0.9,"Veteran starter [by ratings-overhaul-1999, 2026-06-08]"
LAC,San Diego Chargers,1999,00-0008603,Raylee Johnson,EDGE,74,74,0,0.33,0.9,"Rotational pass rusher [by ratings-overhaul-1999, 2026-06-08]"
LAC,San Diego Chargers,1999,00-0004353,Gerald Dixon,LB,81,73,-8,0.45,0.9,"Starting linebacker [by ratings-overhaul-1999, 2026-06-08]"
LAC,San Diego Chargers,1999,00-0008126,Greg Jackson,S,72,73,1,0.33,0.9,"Veteran starting safety [by ratings-overhaul-1999, 2026-06-08]"
LAC,San Diego Chargers,1999,00-0011464,Mike Mohring,DT,73,73,0,0.33,0.33,
LAC,San Diego Chargers,1999,00-0016077,Aaron Taylor,LG,72,72,0,0.33,0.33,
LAC,San Diego Chargers,1999,00-0008001,Israel Ifeanyichukwu,EDGE,74,72,-2,0.33,0.33,Engine re-derivation after 1999 roster/override changes
LAC,San Diego Chargers,1999,00-0001503,Ben Bordelon,LT,75,71,-4,0.33,0.33,Engine re-derivation after 1999 roster/override changes
LAC,San Diego Chargers,1999,00-0015460,Jimmy Spencer,CB,66,71,5,0.45,0.45,Engine re-derivation after 1999 roster/override changes
LAC,San Diego Chargers,1999,00-0012015,Reggie Nelson,LG,72,71,-1,0.33,0.33,Engine re-derivation after 1999 roster/override changes
LAC,San Diego Chargers,1999,00-0015655,Tremayne Stephens,RB,71,71,0,0.78,0.78,
LAC,San Diego Chargers,1999,00-0002377,Lewis Bush,LB,81,70,-11,0.45,0.45,Engine re-derivation after 1999 roster/override changes
LAC,San Diego Chargers,1999,00-0014086,Raleigh Roundtree,LG,72,70,-2,0.33,0.33,Engine re-derivation after 1999 roster/override changes
LAC,San Diego Chargers,1999,00-0016739,Scott Turner,CB,66,70,4,0.45,0.45,Engine re-derivation after 1999 roster/override changes
LAC,San Diego Chargers,1999,00-0005324,Terrell Fletcher,RB,79,70,-9,0.78,0.9,"Third-down back [by ratings-overhaul-1999, 2026-06-08]"
LAC,San Diego Chargers,1999,00-0012588,Vaughn Parker,LT,75,70,-5,0.33,0.33,Engine re-derivation after 1999 roster/override changes
LAC,San Diego Chargers,1999,00-0008142,John Jackson,LT,75,67,-8,0.33,0.33,Engine re-derivation after 1999 roster/override changes
LAC,San Diego Chargers,1999,00-0006818,Cedric Harden,EDGE,74,66,-8,0.33,0.33,Engine re-derivation after 1999 roster/override changes
LAC,San Diego Chargers,1999,00-0018608,Reggie Davis,TE,66,66,0,0.6,0.6,
LAC,San Diego Chargers,1999,00-0002074,Wilbert Brown,LG,72,66,-6,0.33,0.33,Engine re-derivation after 1999 roster/override changes
LAC,San Diego Chargers,1999,00-0005395,Albert Fontenot,EDGE,74,65,-9,0.33,0.33,Engine re-derivation after 1999 roster/override changes
LAC,San Diego Chargers,1999,00-0008225,Kendyl Jacox,LG,72,65,-7,0.33,0.33,Engine re-derivation after 1999 roster/override changes
LAC,San Diego Chargers,1999,00-0006766,Norman Hand,DT,73,65,-8,0.33,0.33,Engine re-derivation after 1999 roster/override changes
LAC,San Diego Chargers,1999,00-0014153,Orlando Ruff,LB,61,65,4,0.45,0.45,Engine re-derivation after 1999 roster/override changes
LAC,San Diego Chargers,1999,00-0006202,DeMingo Graham,LG,72,64,-8,0.33,0.33,Engine re-derivation after 1999 roster/override changes
LAC,San Diego Chargers,1999,00-0013548,John Reeves,LB,65,64,-1,0.45,0.45,Engine re-derivation after 1999 roster/override changes
LAC,San Diego Chargers,1999,00-0014179,Reggie Rusk,CB,70,64,-6,0.45,0.45,Engine re-derivation after 1999 roster/override changes
LAC,San Diego Chargers,1999,00-0009849,Darryll Lewis,CB,58,63,5,0.45,0.45,Engine re-derivation after 1999 roster/override changes
LAC,San Diego Chargers,1999,00-0001934,Fakhir Brown,CB,82,63,-19,0.45,0.45,Engine re-derivation after 1999 roster/override changes
LAC,San Diego Chargers,1999,00-0001030,Jimmie Bell,EDGE,74,63,-11,0.33,0.33,Engine re-derivation after 1999 roster/override changes
LAC,San Diego Chargers,1999,00-0009715,Ryan Leaf,QB,63,63,0,0.45,0.45,
LAC,San Diego Chargers,1999,00-0008704,Charlie Jones,WR,62,62,0,0.6,0.6,
LAC,San Diego Chargers,1999,00-0007433,Eric Hill,LB,69,61,-8,0.45,0.45,Engine re-derivation after 1999 roster/override changes
LAC,San Diego Chargers,1999,00-0007213,Steve Heiden,TE,67,61,-6,0.45,0.45,Engine re-derivation after 1999 roster/override changes
LAC,San Diego Chargers,1999,00-0007564,Richard Hogans,LB,65,60,-5,0.45,0.45,Engine re-derivation after 1999 roster/override changes
LAC,San Diego Chargers,1999,00-0001470,Sherdrick Bonner,QB,63,60,-3,0.45,0.45,Engine re-derivation after 1999 roster/override changes
LAC,San Diego Chargers,1999,00-0007084,Jon Haskins,LB,69,59,-10,0.45,0.45,Engine re-derivation after 1999 roster/override changes
LAC,San Diego Chargers,1999,00-0013523,Robert Reed,WR,59,59,0,0.6,0.6,
LAC,San Diego Chargers,1999,00-0009451,Erik Kramer,QB,56,56,0,0.6,0.6,
LAC,San Diego Chargers,1999,00-0005110,Jermaine Fazande,RB,56,56,0,0.6,0.6,
LAC,San Diego Chargers,1999,00-0015554,Israel Stanley,LB,61,54,-7,0.45,0.45,Engine re-derivation after 1999 roster/override changes
LAR,St. Louis Rams,1999,kurt-warner,Kurt Warner,QB,97,97,0,0.95,0.95,"1999 NFL MVP and Super Bowl XXXIV MVP [by ratings-committee, 2026-06-07]"
LAR,St. Louis Rams,1999,marshall-faulk,Marshall Faulk,RB,97,97,0,0.95,0.95,"1999 Offensive Player of the Year, dual-threat centerpiece [by ratings-committee, 2026-06-07]"
LAR,St. Louis Rams,1999,orlando-pace,Orlando Pace,LT,93,93,0,0.95,0.95,"All-Pro blindside protector [by ratings-committee, 2026-06-07]"
LAR,St. Louis Rams,1999,kevin-carter,Kevin Carter,EDGE,94,91,-3,0.73,0.9,"NFL sack leader (17), First-Team All-Pro [by ratings-overhaul-1999, 2026-06-08]"
LAR,St. Louis Rams,1999,isaac-bruce,Isaac Bruce,WR,90,90,0,0.95,0.95,"Top receiver of the Greatest Show on Turf [by ratings-committee, 2026-06-07]"
LAR,St. Louis Rams,1999,todd-lyght,Todd Lyght,CB,91,85,-6,0.73,0.9,"Pro Bowl corner, career-best season [by ratings-overhaul-1999, 2026-06-08]"
LAR,St. Louis Rams,1999,adam-timmerman,Adam Timmerman,RG,89,83,-6,0.73,0.9,"Quality starting guard [by ratings-overhaul-1999, 2026-06-08]"
LAR,St. Louis Rams,1999,grant-wistrom,Grant Wistrom,EDGE,90,81,-9,0.73,0.9,"Solid every-down defensive end [by ratings-overhaul-1999, 2026-06-08]"
LAR,St. Louis Rams,1999,london-fletcher,London Fletcher,LB,90,81,-9,0.73,0.9,"First year as starting MIKE, 138 tackles [by ratings-overhaul-1999, 2026-06-08]"
LAR,St. Louis Rams,1999,mike-jones,Mike Jones,LB,89,81,-8,0.73,0.9,"Starting linebacker [by ratings-overhaul-1999, 2026-06-08]"
LAR,St. Louis Rams,1999,d-marco-farr,D'Marco Farr,DT,89,80,-9,0.73,0.9,"Starting defensive tackle [by ratings-overhaul-1999, 2026-06-08]"
LAR,St. Louis Rams,1999,torry-holt,Torry Holt,WR,91,80,-11,0.73,0.9,"Rookie No. 2 receiver, 788 yards [by ratings-overhaul-1999, 2026-06-08]"
LAR,St. Louis Rams,1999,dexter-mccleon,Dexter McCleon,CB,88,78,-10,0.73,0.9,"Average starting corner [by ratings-overhaul-1999, 2026-06-08]"
LAR,St. Louis Rams,1999,fred-miller,Fred Miller,RT,88,78,-10,0.73,0.9,"Starting right tackle [by ratings-overhaul-1999, 2026-06-08]"
LAR,St. Louis Rams,1999,jeff-wilkins,Jeff Wilkins,K,88,78,-10,0.73,0.9,"Reliable starting kicker [by ratings-overhaul-1999, 2026-06-08]"
LAR,St. Louis Rams,1999,az-zahir-hakim,Az-Zahir Hakim,WR,84,77,-7,0.73,0.9,"Slot/return man, 677 yards [by ratings-overhaul-1999, 2026-06-08]"
LAR,St. Louis Rams,1999,keith-lyle,Keith Lyle,S,88,77,-11,0.73,0.9,"Starting safety [by ratings-overhaul-1999, 2026-06-08]"
LAR,St. Louis Rams,1999,tom-nutten,Tom Nutten,LG,88,77,-11,0.73,0.9,"Average starting guard [by ratings-overhaul-1999, 2026-06-08]"
LAR,St. Louis Rams,1999,billy-jenkins,Billy Jenkins,S,87,76,-11,0.73,0.9,"Part-time starting safety [by ratings-overhaul-1999, 2026-06-08]"
LAR,St. Louis Rams,1999,ray-agnew,Ray Agnew,DT,87,76,-11,0.73,0.9,"Rotational run-down tackle [by ratings-overhaul-1999, 2026-06-08]"
LAR,St. Louis Rams,1999,mike-gruttadauria,Mike Gruttadauria,C,86,74,-12,0.73,0.9,"Journeyman starting center [by ratings-overhaul-1999, 2026-06-08]"
LAR,St. Louis Rams,1999,roland-williams,Roland Williams,TE,82,74,-8,0.73,0.9,"Blocking tight end [by ratings-overhaul-1999, 2026-06-08]"
LAR,St. Louis Rams,1999,mike-horan,Mike Horan,P,83,72,-11,0.73,0.9,"Veteran punter [by ratings-overhaul-1999, 2026-06-08]"
LV,Oakland Raiders,1999,00-0018227,Charles Woodson,CB,68,88,20,0.33,0.9,"Star young corner, Pro Bowl [by ratings-overhaul-1999, 2026-06-08]"
LV,Oakland Raiders,1999,00-0002058,Tim Brown,WR,92,88,-4,0.78,0.9,"Star veteran WR, 1344 yds, Pro Bowl [by ratings-overhaul-1999, 2026-06-08]"
LV,Oakland Raiders,1999,00-0009150,Lincoln Kennedy,LT,75,84,9,0.33,0.9,"Pro Bowl right tackle [by ratings-overhaul-1999, 2026-06-08]"
LV,Oakland Raiders,1999,00-0018129,Steve Wisniewski,LG,72,84,12,0.33,0.9,"Perennial Pro Bowl guard [by ratings-overhaul-1999, 2026-06-08]"
LV,Oakland Raiders,1999,00-0000204,Eric Allen,CB,74,82,8,0.33,0.9,"Veteran Pro Bowl corner [by ratings-overhaul-1999, 2026-06-08]"
LV,Oakland Raiders,1999,00-0005741,Rich Gannon,QB,90,82,-8,0.78,0.9,"Pro Bowl first year as Raider, dual-threat [by ratings-overhaul-1999, 2026-06-08]"
LV,Oakland Raiders,1999,00-0013797,Barret Robbins,C,72,80,8,0.33,0.9,"Pro Bowl center [by ratings-overhaul-1999, 2026-06-08]"
LV,Oakland Raiders,1999,00-0014185,Darrell Russell,DT,73,80,7,0.33,0.9,"Pro Bowl-caliber defensive tackle [by ratings-overhaul-1999, 2026-06-08]"
LV,Oakland Raiders,1999,00-0013773,Jon Ritchie,RB,79,79,0,0.78,0.78,
LV,Oakland Raiders,1999,00-0010491,Russell Maryland,DT,74,78,4,0.33,0.33,Engine re-derivation after 1999 roster/override changes
LV,Oakland Raiders,1999,00-0015986,Sam Sword,LB,74,78,4,0.33,0.33,Engine re-derivation after 1999 roster/override changes
LV,Oakland Raiders,1999,00-0000846,Eric Barton,LB,74,77,3,0.33,0.33,Engine re-derivation after 1999 roster/override changes
LV,Oakland Raiders,1999,00-0009398,Tim Kohn,LT,75,77,2,0.33,0.33,Engine re-derivation after 1999 roster/override changes
LV,Oakland Raiders,1999,00-0001828,Bobby Brooks,LB,74,76,2,0.33,0.33,Engine re-derivation after 1999 roster/override changes
LV,Oakland Raiders,1999,00-0001232,Greg Biekert,LB,74,76,2,0.33,0.9,"Solid every-down middle LB [by ratings-overhaul-1999, 2026-06-08]"
LV,Oakland Raiders,1999,00-0006960,Johnnie Harris,CB,74,76,2,0.33,0.33,Engine re-derivation after 1999 roster/override changes
LV,Oakland Raiders,1999,00-0008664,Lance Johnstone,EDGE,74,76,2,0.33,0.9,"Pass-rushing edge [by ratings-overhaul-1999, 2026-06-08]"
LV,Oakland Raiders,1999,00-0009038,Napoleon Kaufman,RB,80,76,-4,0.78,0.9,"Explosive change-of-pace back [by ratings-overhaul-1999, 2026-06-08]"
LV,Oakland Raiders,1999,00-0007075,Richard Harvey,LB,74,76,2,0.33,0.33,Engine re-derivation after 1999 roster/override changes
LV,Oakland Raiders,1999,00-0011187,Terry Mickens,WR,76,76,0,0.78,0.78,
LV,Oakland Raiders,1999,00-0012056,Anthony Newman,S,72,74,2,0.33,0.33,Engine re-derivation after 1999 roster/override changes
LV,Oakland Raiders,1999,00-0008124,Grady Jackson,EDGE,74,74,0,0.33,0.9,"Run-stuffing tackle [by ratings-overhaul-1999, 2026-06-08]"
LV,Oakland Raiders,1999,00-0000400,Leo Araguz,P,76,74,-2,0.45,0.9,"Strong-legged punter [by ratings-overhaul-1999, 2026-06-08]"
LV,Oakland Raiders,1999,00-0003305,Mo Collins,LT,75,74,-1,0.33,0.9,"Young starting tackle [by ratings-overhaul-1999, 2026-06-08]"
LV,Oakland Raiders,1999,00-0004574,Rickey Dudley,TE,90,74,-16,0.78,0.9,"Athletic receiving TE [by ratings-overhaul-1999, 2026-06-08]"
LV,Oakland Raiders,1999,00-0017486,Tyrone Wheatley,RB,86,74,-12,0.78,0.9,"Committee power back [by ratings-overhaul-1999, 2026-06-08]"
LV,Oakland Raiders,1999,00-0012423,Chuck Osborne,DT,73,73,0,0.33,0.33,
LV,Oakland Raiders,1999,00-0008400,James Jett,WR,80,73,-7,0.78,0.9,"Deep-threat #2 [by ratings-overhaul-1999, 2026-06-08]"
LV,Oakland Raiders,1999,00-0003239,Rod Coleman,DT,74,73,-1,0.33,0.33,Engine re-derivation after 1999 roster/override changes
LV,Oakland Raiders,1999,00-0018925,Barry Sims,LG,72,72,0,0.33,0.33,
LV,Oakland Raiders,1999,00-0015744,Barry Stokes,LG,72,72,0,0.33,0.33,
LV,Oakland Raiders,1999,00-0006148,Darrien Gordon,CB,74,72,-2,0.33,0.33,Engine re-derivation after 1999 roster/override changes
LV,Oakland Raiders,1999,00-0000472,Darryl Ashmore,LT,75,72,-3,0.33,0.33,Engine re-derivation after 1999 roster/override changes
LV,Oakland Raiders,1999,00-0004252,Gennaro DiNapoli,LG,72,72,0,0.33,0.33,
LV,Oakland Raiders,1999,00-0003663,Zack Crockett,RB,71,72,1,0.78,0.78,Engine re-derivation after 1999 roster/override changes
LV,Oakland Raiders,1999,00-0001676,Calvin Branch,CB,74,71,-3,0.33,0.33,Engine re-derivation after 1999 roster/override changes
LV,Oakland Raiders,1999,00-0001766,Jeremy Brigham,TE,71,71,0,0.78,0.78,
LV,Oakland Raiders,1999,00-0016710,Eric Turner,S,72,70,-2,0.33,0.33,Engine re-derivation after 1999 roster/override changes
LV,Oakland Raiders,1999,00-0006953,James Harris,EDGE,74,70,-4,0.33,0.33,Engine re-derivation after 1999 roster/override changes
LV,Oakland Raiders,1999,00-0011970,Joe Nedney,K,72,70,-2,0.33,0.33,Engine re-derivation after 1999 roster/override changes
LV,Oakland Raiders,1999,00-0007983,Michael Husted,K,72,70,-2,0.33,0.33,Engine re-derivation after 1999 roster/override changes
LV,Oakland Raiders,1999,00-0004527,Scott Dreisbach,QB,68,70,2,0.45,0.45,Engine re-derivation after 1999 roster/override changes
LV,Oakland Raiders,1999,00-0017052,Marquis Walker,CB,74,67,-7,0.33,0.33,Engine re-derivation after 1999 roster/override changes
LV,Oakland Raiders,1999,00-0014753,Kenny Shedd,WR,68,66,-2,0.45,0.45,Engine re-derivation after 1999 roster/override changes
LV,Oakland Raiders,1999,00-0015728,Matt Stinchcomb,LT,75,65,-10,0.33,0.33,Engine re-derivation after 1999 roster/override changes
LV,Oakland Raiders,1999,00-0016610,Adam Treu,C,72,64,-8,0.33,0.33,Engine re-derivation after 1999 roster/override changes
LV,Oakland Raiders,1999,00-0002151,Tony Bryant,EDGE,74,64,-10,0.33,0.33,Engine re-derivation after 1999 roster/override changes
LV,Oakland Raiders,1999,00-0011353,Charles Mincy,S,72,63,-9,0.33,0.33,Engine re-derivation after 1999 roster/override changes
LV,Oakland Raiders,1999,00-0003467,Horace Copeland,WR,72,63,-9,0.45,0.45,Engine re-derivation after 1999 roster/override changes
LV,Oakland Raiders,1999,00-0013444,Marcus Ray,CB,74,63,-11,0.33,0.33,Engine re-derivation after 1999 roster/override changes
LV,Oakland Raiders,1999,00-0012595,Nathan Parks,LT,75,63,-12,0.33,0.33,Engine re-derivation after 1999 roster/override changes
LV,Oakland Raiders,1999,00-0017922,Rodney A. Williams,WR,63,62,-1,0.45,0.45,Engine re-derivation after 1999 roster/override changes
LV,Oakland Raiders,1999,00-0015329,Travian Smith,LB,74,62,-12,0.33,0.33,Engine re-derivation after 1999 roster/override changes
LV,Oakland Raiders,1999,00-0007832,Bobby Hoying,QB,60,60,0,0.6,0.6,
LV,Oakland Raiders,1999,00-0017027,Derrick Walker,TE,59,59,0,0.6,0.6,
LV,Oakland Raiders,1999,00-0018073,Wade Wilson,QB,63,56,-7,0.45,0.45,Engine re-derivation after 1999 roster/override changes
LV,Oakland Raiders,1999,00-0008921,Randy Jordan,RB,55,55,0,0.6,0.6,
LV,Oakland Raiders,1999,00-0017829,Jermaine Williams,RB,51,51,0,0.6,0.6,
MIA,Miami Dolphins,1999,00-0016112,Jason Taylor,EDGE,93,90,-3,0.95,0.9,"Ascending star edge rusher [by ratings-overhaul-1999, 2026-06-08]"
MIA,Miami Dolphins,1999,00-0016344,Zach Thomas,LB,91,90,-1,0.95,0.9,"All-Pro tackle machine [by ratings-overhaul-1999, 2026-06-08]"
MIA,Miami Dolphins,1999,00-0010264,Sam Madison,CB,74,88,14,0.33,0.9,"Shutdown Pro Bowl corner [by ratings-overhaul-1999, 2026-06-08]"
MIA,Miami Dolphins,1999,00-0010373,Olindo Mare,K,76,86,10,0.45,0.9,"Elite kicker, led NFL in FG [by ratings-overhaul-1999, 2026-06-08]"
MIA,Miami Dolphins,1999,00-0000439,Trace Armstrong,EDGE,74,85,11,0.33,0.9,"16.5 sacks, near NFL sack lead [by ratings-overhaul-1999, 2026-06-08]"
MIA,Miami Dolphins,1999,00-0017370,Richmond Webb,LT,75,84,9,0.33,0.9,"Longtime Pro Bowl LT [by ratings-overhaul-1999, 2026-06-08]"
MIA,Miami Dolphins,1999,00-0010381,Brock Marion,S,72,82,10,0.33,0.9,"Pro Bowl ballhawk safety [by ratings-overhaul-1999, 2026-06-08]"
MIA,Miami Dolphins,1999,00-0001566,Tim Bowens,DT,74,82,8,0.33,0.9,"Stout run-stuffing DT [by ratings-overhaul-1999, 2026-06-08]"
MIA,Miami Dolphins,1999,00-0005760,Daryl Gardener,DT,74,80,6,0.33,0.9,"Disruptive interior lineman [by ratings-overhaul-1999, 2026-06-08]"
MIA,Miami Dolphins,1999,00-0015915,Patrick Surtain,CB,74,80,6,0.33,0.9,"Ascending young corner [by ratings-overhaul-1999, 2026-06-08]"
MIA,Miami Dolphins,1999,00-0010477,Tony Martin,WR,86,80,-6,0.78,0.9,"Veteran deep threat, 1000-yd vet [by ratings-overhaul-1999, 2026-06-08]"
MIA,Miami Dolphins,1999,00-0004524,Troy Drayton,TE,80,80,0,0.78,0.78,
MIA,Miami Dolphins,1999,00-0010824,O.J. McDuffie,WR,79,79,0,0.78,0.78,
MIA,Miami Dolphins,1999,00-0010379,Dan Marino,QB,71,78,7,0.78,0.9,"Final season, clear starter, 2378 yds [by ratings-overhaul-1999, 2026-06-08]"
MIA,Miami Dolphins,1999,00-0009417,Rob Konrad,RB,77,78,1,0.78,0.78,Engine re-derivation after 1999 roster/override changes
MIA,Miami Dolphins,1999,00-0013262,Stanley Pritchett,RB,77,78,1,0.78,0.78,Engine re-derivation after 1999 roster/override changes
MIA,Miami Dolphins,1999,00-0002185,Terrell Buckley,CB,74,78,4,0.33,0.9,"Ballhawk corner [by ratings-overhaul-1999, 2026-06-08]"
MIA,Miami Dolphins,1999,00-0014136,Tim Ruddy,C,72,78,6,0.33,0.9,"Steady Pro Bowl-caliber center [by ratings-overhaul-1999, 2026-06-08]"
MIA,Miami Dolphins,1999,00-0006918,Anthony Harris,LB,74,77,3,0.33,0.33,Engine re-derivation after 1999 roster/override changes
MIA,Miami Dolphins,1999,00-0015107,Brent Smith,LT,75,77,2,0.33,0.33,Engine re-derivation after 1999 roster/override changes
MIA,Miami Dolphins,1999,00-0001760,O.J. Brigance,LB,74,77,3,0.33,0.33,Engine re-derivation after 1999 roster/override changes
MIA,Miami Dolphins,1999,00-0005668,Oronde Gadsden,WR,84,77,-7,0.78,0.9,"Red-zone target [by ratings-overhaul-1999, 2026-06-08]"
MIA,Miami Dolphins,1999,00-0008853,Robert Jones,LB,74,77,3,0.33,0.33,Engine re-derivation after 1999 roster/override changes
MIA,Miami Dolphins,1999,00-0007614,Dwight Hollier,LB,74,76,2,0.33,0.33,Engine re-derivation after 1999 roster/override changes
MIA,Miami Dolphins,1999,00-0013935,Derrick Rodgers,LB,74,75,1,0.33,0.9,"Starting linebacker [by ratings-overhaul-1999, 2026-06-08]"
MIA,Miami Dolphins,1999,00-0008075,Larry Izzo,LB,74,75,1,0.33,0.33,Engine re-derivation after 1999 roster/override changes
MIA,Miami Dolphins,1999,00-0006078,Kevin Gogan,LG,72,74,2,0.33,0.33,Engine re-derivation after 1999 roster/override changes
MIA,Miami Dolphins,1999,00-0004360,Mark Dixon,LG,72,74,2,0.33,0.9,"Starting guard [by ratings-overhaul-1999, 2026-06-08]"
MIA,Miami Dolphins,1999,00-0000838,Brent Bartholomew,P,73,73,0,0.33,0.33,
MIA,Miami Dolphins,1999,00-0008529,J.J. Johnson,RB,79,73,-6,0.78,0.9,"Lead back [by ratings-overhaul-1999, 2026-06-08]"
MIA,Miami Dolphins,1999,00-0018167,Joe Wong,LT,75,72,-3,0.33,0.33,Engine re-derivation after 1999 roster/override changes
MIA,Miami Dolphins,1999,00-0014760,Mike Sheldon,LT,75,72,-3,0.33,0.33,Engine re-derivation after 1999 roster/override changes
MIA,Miami Dolphins,1999,00-0018194,Shawn Wooden,S,73,72,-1,0.33,0.9,"Rotational safety [by ratings-overhaul-1999, 2026-06-08]"
MIA,Miami Dolphins,1999,00-0003271,Cecil Collins,RB,71,71,0,0.78,0.78,
MIA,Miami Dolphins,1999,00-0007835,Damon Huard,QB,73,71,-2,0.78,0.9,"Backup QB [by ratings-overhaul-1999, 2026-06-08]"
MIA,Miami Dolphins,1999,00-0001811,Lorenzo Bromell,EDGE,74,70,-4,0.33,0.33,Engine re-derivation after 1999 roster/override changes
MIA,Miami Dolphins,1999,00-0007993,Tom Hutton,P,73,70,-3,0.33,0.33,Engine re-derivation after 1999 roster/override changes
MIA,Miami Dolphins,1999,00-0006359,Yatil Green,WR,69,70,1,0.78,0.78,Engine re-derivation after 1999 roster/override changes
MIA,Miami Dolphins,1999,00-0001401,John Bock,LG,72,69,-3,0.33,0.33,Engine re-derivation after 1999 roster/override changes
MIA,Miami Dolphins,1999,00-0004419,Kevin Donnalley,LG,72,69,-3,0.33,0.33,Engine re-derivation after 1999 roster/override changes
MIA,Miami Dolphins,1999,00-0007452,Ray Hill,CB,74,69,-5,0.33,0.33,Engine re-derivation after 1999 roster/override changes
MIA,Miami Dolphins,1999,00-0001956,James Brown,LT,75,68,-7,0.33,0.33,Engine re-derivation after 1999 roster/override changes
MIA,Miami Dolphins,1999,00-0014586,Walter Scott,DT,74,68,-6,0.33,0.33,Engine re-derivation after 1999 roster/override changes
MIA,Miami Dolphins,1999,00-0014148,Grey Ruegamer,C,72,67,-5,0.33,0.33,Engine re-derivation after 1999 roster/override changes
MIA,Miami Dolphins,1999,00-0014939,Antoine Simpson,DT,74,66,-8,0.33,0.33,Engine re-derivation after 1999 roster/override changes
MIA,Miami Dolphins,1999,00-0018036,Jerry Wilson,CB,74,66,-8,0.33,0.33,Engine re-derivation after 1999 roster/override changes
MIA,Miami Dolphins,1999,00-0004546,Jim Druckenmiller,QB,63,66,3,0.45,0.45,Engine re-derivation after 1999 roster/override changes
MIA,Miami Dolphins,1999,00-0011446,Kenny Mixon,EDGE,74,66,-8,0.33,0.33,Engine re-derivation after 1999 roster/override changes
MIA,Miami Dolphins,1999,00-0006133,Hunter Goodwin,TE,65,65,0,0.6,0.6,
MIA,Miami Dolphins,1999,00-0014344,Kio Sanford,WR,67,65,-2,0.45,0.45,Engine re-derivation after 1999 roster/override changes
MIA,Miami Dolphins,1999,00-0008099,Calvin Jackson,S,73,64,-9,0.33,0.33,Engine re-derivation after 1999 roster/override changes
MIA,Miami Dolphins,1999,00-0016289,Lamar Thomas,WR,62,63,1,0.45,0.45,Engine re-derivation after 1999 roster/override changes
MIA,Miami Dolphins,1999,00-0012476,Rich Owens,EDGE,74,63,-11,0.33,0.33,Engine re-derivation after 1999 roster/override changes
MIA,Miami Dolphins,1999,00-0008323,Greg Jeffries,CB,74,62,-12,0.33,0.33,Engine re-derivation after 1999 roster/override changes
MIA,Miami Dolphins,1999,00-0008229,Nate Jacquet,WR,61,61,0,0.6,0.6,
MIA,Miami Dolphins,1999,00-0000735,Kantroy Barber,RB,63,59,-4,0.45,0.45,Engine re-derivation after 1999 roster/override changes
MIA,Miami Dolphins,1999,00-0004752,Brian Edwards,RB,63,58,-5,0.45,0.45,Engine re-derivation after 1999 roster/override changes
MIA,Miami Dolphins,1999,00-0012809,Ed Perry,TE,56,57,1,0.6,0.6,Engine re-derivation after 1999 roster/override changes
MIA,Miami Dolphins,1999,00-0019454,Robert Baker,WR,62,57,-5,0.45,0.45,Engine re-derivation after 1999 roster/override changes
MIA,Miami Dolphins,1999,00-0010942,Kevin McKenzie,WR,54,55,1,0.6,0.6,Engine re-derivation after 1999 roster/override changes
MIA,Miami Dolphins,1999,00-0018518,Scott Zolak,QB,54,55,1,0.6,0.6,Engine re-derivation after 1999 roster/override changes
MIA,Miami Dolphins,1999,00-0004200,Autry Denson,RB,52,52,0,0.6,0.6,
MIN,Minnesota Vikings,1999,00-0011754,Randy Moss,WR,95,94,-1,0.78,0.9,"Superstar, 1413 yds, 11 TD, freak talent [by ratings-overhaul-1999, 2026-06-08]"
MIN,Minnesota Vikings,1999,00-0002721,Cris Carter,WR,94,92,-2,0.78,0.9,"Elite All-Pro WR, 90-1241-13 [by ratings-overhaul-1999, 2026-06-08]"
MIN,Minnesota Vikings,1999,00-0013405,John Randle,EDGE,93,92,-1,0.95,0.9,"Elite All-Pro interior rusher, 11.5 sacks [by ratings-overhaul-1999, 2026-06-08]"
MIN,Minnesota Vikings,1999,00-0010790,Randall McDaniel,LG,73,90,17,0.33,0.9,"Perennial All-Pro guard [by ratings-overhaul-1999, 2026-06-08]"
MIN,Minnesota Vikings,1999,00-0004396,Chris Doleman,EDGE,92,86,-6,0.95,0.9,"Veteran rusher, 8 sacks [by ratings-overhaul-1999, 2026-06-08]"
MIN,Minnesota Vikings,1999,00-0000313,Gary Anderson,K,77,84,7,0.45,0.9,"Elite accurate kicker [by ratings-overhaul-1999, 2026-06-08]"
MIN,Minnesota Vikings,1999,00-0015286,Robert Smith,RB,81,84,3,0.78,0.9,"Explosive Pro Bowl back, 1015 yds [by ratings-overhaul-1999, 2026-06-08]"
MIN,Minnesota Vikings,1999,00-0005885,Jeff George,QB,88,82,-6,0.78,0.9,"Took over for Cunningham, strong play [by ratings-overhaul-1999, 2026-06-08]"
MIN,Minnesota Vikings,1999,00-0015822,Korey Stringer,LT,75,82,7,0.33,0.9,"Pro Bowl right tackle [by ratings-overhaul-1999, 2026-06-08]"
MIN,Minnesota Vikings,1999,00-0006459,Robert Griffith,S,80,82,2,0.45,0.9,"Hard-hitting Pro Bowl-caliber safety [by ratings-overhaul-1999, 2026-06-08]"
MIN,Minnesota Vikings,1999,00-0006047,Andrew Glover,TE,80,81,1,0.78,0.78,Engine re-derivation after 1999 roster/override changes
MIN,Minnesota Vikings,1999,00-0002983,Jeff Christy,C,73,80,7,0.33,0.9,"Pro Bowl center [by ratings-overhaul-1999, 2026-06-08]"
MIN,Minnesota Vikings,1999,00-0015668,Todd Steussie,LT,75,80,5,0.33,0.9,"Pro Bowl-caliber left tackle [by ratings-overhaul-1999, 2026-06-08]"
MIN,Minnesota Vikings,1999,00-0014135,Dwayne Rudd,LB,74,78,4,0.33,0.9,"Fast playmaking linebacker [by ratings-overhaul-1999, 2026-06-08]"
MIN,Minnesota Vikings,1999,00-0010784,Ed McDaniel,LB,74,78,4,0.33,0.9,"Tackle-machine middle linebacker [by ratings-overhaul-1999, 2026-06-08]"
MIN,Minnesota Vikings,1999,00-0001762,Gregg Briggs,CB,79,77,-2,0.45,0.45,Engine re-derivation after 1999 roster/override changes
MIN,Minnesota Vikings,1999,00-0003536,Keith Council,DT,74,77,3,0.33,0.33,Engine re-derivation after 1999 roster/override changes
MIN,Minnesota Vikings,1999,00-0013512,Jake Reed,WR,81,76,-5,0.78,0.9,"Veteran #3 receiver [by ratings-overhaul-1999, 2026-06-08]"
MIN,Minnesota Vikings,1999,00-0007512,Jimmy Hitchcock,CB,71,76,5,0.45,0.9,"Starting corner [by ratings-overhaul-1999, 2026-06-08]"
MIN,Minnesota Vikings,1999,00-0012925,Joe Phillips,DT,74,76,2,0.33,0.33,Engine re-derivation after 1999 roster/override changes
MIN,Minnesota Vikings,1999,00-0001263,Matt Birk,LT,75,76,1,0.33,0.9,"Ascending interior lineman [by ratings-overhaul-1999, 2026-06-08]"
MIN,Minnesota Vikings,1999,00-0011691,Mike Morris,C,73,76,3,0.33,0.33,Engine re-derivation after 1999 roster/override changes
MIN,Minnesota Vikings,1999,00-0001157,Mitch Berger,P,76,76,0,0.45,0.9,"Pro Bowl punter [by ratings-overhaul-1999, 2026-06-08]"
MIN,Minnesota Vikings,1999,00-0009992,Chris Liwienski,LT,75,75,0,0.33,0.33,
MIN,Minnesota Vikings,1999,00-0014401,Talance Sawyer,EDGE,75,75,0,0.33,0.33,
MIN,Minnesota Vikings,1999,00-0004349,David Dixon,LG,73,74,1,0.33,0.33,Engine re-derivation after 1999 roster/override changes
MIN,Minnesota Vikings,1999,00-0007913,Jay Humphrey,LT,75,74,-1,0.33,0.33,Engine re-derivation after 1999 roster/override changes
MIN,Minnesota Vikings,1999,00-0016307,Orlando Thomas,S,76,74,-2,0.45,0.9,"Starting safety [by ratings-overhaul-1999, 2026-06-08]"
MIN,Minnesota Vikings,1999,00-0007640,Rob Holmberg,LB,74,74,0,0.33,0.33,
MIN,Minnesota Vikings,1999,00-0002332,John Burrough,EDGE,75,73,-2,0.33,0.33,Engine re-derivation after 1999 roster/override changes
MIN,Minnesota Vikings,1999,00-0011249,Corey Miller,LB,74,72,-2,0.33,0.33,Engine re-derivation after 1999 roster/override changes
MIN,Minnesota Vikings,1999,00-0007520,Leroy Hoard,RB,84,72,-12,0.78,0.9,"Goal-line back [by ratings-overhaul-1999, 2026-06-08]"
MIN,Minnesota Vikings,1999,00-0003761,Randall Cunningham,QB,63,72,9,0.6,0.9,"Regressed from MVP-runner-up 1998 [by ratings-overhaul-1999, 2026-06-08]"
MIN,Minnesota Vikings,1999,00-0007103,Matt Hatchette,WR,70,71,1,0.78,0.78,Engine re-derivation after 1999 roster/override changes
MIN,Minnesota Vikings,1999,00-0003112,Duane Clemons,EDGE,74,70,-4,0.33,0.33,Engine re-derivation after 1999 roster/override changes
MIN,Minnesota Vikings,1999,00-0000673,Jerry Ball,DT,74,70,-4,0.33,0.33,Engine re-derivation after 1999 roster/override changes
MIN,Minnesota Vikings,1999,00-0018168,Kailee Wong,LB,74,69,-5,0.33,0.33,Engine re-derivation after 1999 roster/override changes
MIN,Minnesota Vikings,1999,00-0001151,Pete Bercich,LB,74,69,-5,0.33,0.33,Engine re-derivation after 1999 roster/override changes
MIN,Minnesota Vikings,1999,00-0017945,Tony Williams,DT,74,68,-6,0.33,0.33,Engine re-derivation after 1999 roster/override changes
MIN,Minnesota Vikings,1999,00-0008594,Olrick Johnson,LB,74,67,-7,0.33,0.33,Engine re-derivation after 1999 roster/override changes
MIN,Minnesota Vikings,1999,00-0000857,Anthony Bass,CB,82,66,-16,0.45,0.45,Engine re-derivation after 1999 roster/override changes
MIN,Minnesota Vikings,1999,00-0016207,Keith Thibodeaux,CB,66,66,0,0.45,0.45,
MIN,Minnesota Vikings,1999,00-0006292,Torrian Gray,CB,71,66,-5,0.45,0.45,Engine re-derivation after 1999 roster/override changes
MIN,Minnesota Vikings,1999,00-0008903,Andrew Jordan,TE,63,65,2,0.6,0.6,Engine re-derivation after 1999 roster/override changes
MIN,Minnesota Vikings,1999,00-0000696,Antonio Banks,CB,82,64,-18,0.45,0.45,Engine re-derivation after 1999 roster/override changes
MIN,Minnesota Vikings,1999,00-0009542,Corbin Lacina,LG,73,64,-9,0.33,0.33,Engine re-derivation after 1999 roster/override changes
MIN,Minnesota Vikings,1999,00-0017110,Chris Walsh,WR,61,61,0,0.6,0.6,
MIN,Minnesota Vikings,1999,00-0016061,Robert Tate,CB,59,61,2,0.45,0.45,Engine re-derivation after 1999 roster/override changes
MIN,Minnesota Vikings,1999,00-0003739,Daunte Culpepper,QB,59,59,0,0.6,0.6,
MIN,Minnesota Vikings,1999,00-0017892,Moe Williams,RB,59,59,0,0.6,0.6,
MIN,Minnesota Vikings,1999,00-0003715,Carlester Crumpler,TE,57,58,1,0.6,0.6,Engine re-derivation after 1999 roster/override changes
MIN,Minnesota Vikings,1999,00-0013959,Chris Rogers,CB,66,58,-8,0.45,0.45,Engine re-derivation after 1999 roster/override changes
MIN,Minnesota Vikings,1999,00-0018587,Don Morgan,CB,61,58,-3,0.45,0.45,Engine re-derivation after 1999 roster/override changes
MIN,Minnesota Vikings,1999,00-0009323,Jimmy Kleinsasser,RB,55,55,0,0.6,0.6,
MIN,Minnesota Vikings,1999,00-0012515,David Palmer,RB,53,54,1,0.6,0.6,Engine re-derivation after 1999 roster/override changes
MIN,Minnesota Vikings,1999,00-0018308,Kenny Wright,CB,62,54,-8,0.45,0.45,Engine re-derivation after 1999 roster/override changes
MIN,Minnesota Vikings,1999,00-0001545,Todd Bouman,QB,63,54,-9,0.45,0.45,Engine re-derivation after 1999 roster/override changes
MIN,Minnesota Vikings,1999,00-0011333,John Henry Mills,RB,52,53,1,0.6,0.6,Engine re-derivation after 1999 roster/override changes
MIN,Minnesota Vikings,1999,00-0011718,Harold Morrow,RB,50,51,1,0.6,0.6,Engine re-derivation after 1999 roster/override changes
NE,New England Patriots,1999,00-0009687,Ty Law,CB,75,88,13,0.33,0.9,"Shutdown Pro Bowl corner [by ratings-overhaul-1999, 2026-06-08]"
NE,New England Patriots,1999,00-0011326,Lawyer Milloy,S,76,87,11,0.45,0.9,"Hard-hitting Pro Bowl safety [by ratings-overhaul-1999, 2026-06-08]"
NE,New England Patriots,1999,00-0016919,Adam Vinatieri,K,77,84,7,0.45,0.9,"Clutch placekicker [by ratings-overhaul-1999, 2026-06-08]"
NE,New England Patriots,1999,00-0006043,Terry Glenn,WR,86,84,-2,0.78,0.9,"Top WR, 1147 yds [by ratings-overhaul-1999, 2026-06-08]"
NE,New England Patriots,1999,00-0000429,Bruce Armstrong,LT,75,82,7,0.33,0.9,"Veteran Pro Bowl LT [by ratings-overhaul-1999, 2026-06-08]"
NE,New England Patriots,1999,00-0010872,Willie McGinest,EDGE,75,82,7,0.33,0.9,"Versatile edge defender [by ratings-overhaul-1999, 2026-06-08]"
NE,New England Patriots,1999,00-0001361,Drew Bledsoe,QB,84,80,-4,0.78,0.9,"Franchise QB, 3985 yds, 19 TD [by ratings-overhaul-1999, 2026-06-08]"
NE,New England Patriots,1999,00-0018234,Damien Woody,C,73,78,5,0.33,0.9,"Ascending rookie starter [by ratings-overhaul-1999, 2026-06-08]"
NE,New England Patriots,1999,00-0003319,Ferric Collons,EDGE,75,78,3,0.33,0.33,Engine re-derivation after 1999 roster/override changes
NE,New England Patriots,1999,00-0017218,Lamont Warren,RB,78,78,0,0.78,0.78,
NE,New England Patriots,1999,00-0008063,Steve Israel,CB,75,78,3,0.33,0.33,Engine re-derivation after 1999 roster/override changes
NE,New England Patriots,1999,00-0002123,Tedy Bruschi,LB,74,78,4,0.33,0.9,"Ascending playmaking LB [by ratings-overhaul-1999, 2026-06-08]"
NE,New England Patriots,1999,00-0001247,Terry Billups,CB,75,78,3,0.33,0.33,Engine re-derivation after 1999 roster/override changes
NE,New England Patriots,1999,00-0002068,Troy Brown,WR,78,78,0,0.78,0.9,"Ascending slot/return man [by ratings-overhaul-1999, 2026-06-08]"
NE,New England Patriots,1999,00-0003142,Ben Coates,TE,82,77,-5,0.78,0.9,"Declining veteran Pro Bowl TE [by ratings-overhaul-1999, 2026-06-08]"
NE,New England Patriots,1999,00-0002720,Chris Carter,S,80,77,-3,0.45,0.45,Engine re-derivation after 1999 roster/override changes
NE,New England Patriots,1999,00-0015030,Chris Slade,LB,74,77,3,0.33,0.9,"Pass-rushing linebacker [by ratings-overhaul-1999, 2026-06-08]"
NE,New England Patriots,1999,00-0016269,Henry Thomas,DT,74,77,3,0.33,0.9,"Veteran interior lineman [by ratings-overhaul-1999, 2026-06-08]"
NE,New England Patriots,1999,00-0014674,Kato Serwanga,CB,74,77,3,0.33,0.33,Engine re-derivation after 1999 roster/override changes
NE,New England Patriots,1999,00-0005893,Tony George,CB,75,77,2,0.33,0.33,Engine re-derivation after 1999 roster/override changes
NE,New England Patriots,1999,00-0011758,Zefross Moss,LT,75,77,2,0.33,0.33,Engine re-derivation after 1999 roster/override changes
NE,New England Patriots,1999,00-0008629,Ted Johnson,LB,74,76,2,0.33,0.9,"Run-stopping ILB [by ratings-overhaul-1999, 2026-06-08]"
NE,New England Patriots,1999,00-0004717,Chad Eaton,DT,74,75,1,0.33,0.33,Engine re-derivation after 1999 roster/override changes
NE,New England Patriots,1999,00-0008313,Shawn Jefferson,WR,83,75,-8,0.78,0.9,"Veteran deep threat [by ratings-overhaul-1999, 2026-06-08]"
NE,New England Patriots,1999,00-0015477,Greg Spires,EDGE,75,74,-1,0.33,0.33,Engine re-derivation after 1999 roster/override changes
NE,New England Patriots,1999,00-0014130,Todd Rucci,LG,73,74,1,0.33,0.33,Engine re-derivation after 1999 roster/override changes
NE,New England Patriots,1999,00-0008052,Heath Irwin,LG,73,73,0,0.33,0.33,
NE,New England Patriots,1999,00-0018928,J'Juan Cherry,CB,74,73,-1,0.33,0.33,Engine re-derivation after 1999 roster/override changes
NE,New England Patriots,1999,00-0001272,Michael Bishop,QB,68,73,5,0.45,0.45,Engine re-derivation after 1999 roster/override changes
NE,New England Patriots,1999,00-0008874,Tebucky Jones,CB,75,73,-2,0.33,0.9,"Athletic young safety [by ratings-overhaul-1999, 2026-06-08]"
NE,New England Patriots,1999,00-0000232,Terry Allen,RB,85,73,-12,0.78,0.9,"Lead back [by ratings-overhaul-1999, 2026-06-08]"
NE,New England Patriots,1999,00-0004848,Ed Ellis,LT,75,72,-3,0.33,0.33,Engine re-derivation after 1999 roster/override changes
NE,New England Patriots,1999,00-0005091,Kevin Faulk,RB,71,72,1,0.78,0.9,"Rookie change-of-pace back [by ratings-overhaul-1999, 2026-06-08]"
NE,New England Patriots,1999,00-0011592,Marty Moore,LB,74,72,-2,0.33,0.33,Engine re-derivation after 1999 roster/override changes
NE,New England Patriots,1999,00-0014211,Rod Rutledge,TE,71,71,0,0.78,0.78,
NE,New England Patriots,1999,00-0002713,Tony Carter,RB,70,71,1,0.78,0.78,Engine re-derivation after 1999 roster/override changes
NE,New England Patriots,1999,00-0014918,Tony Simmons,WR,71,71,0,0.78,0.78,
NE,New England Patriots,1999,00-0001783,Vincent Brisby,WR,71,71,0,0.78,0.78,
NE,New England Patriots,1999,00-0018605,Corey Ivy,CB,74,70,-4,0.33,0.33,Engine re-derivation after 1999 roster/override changes
NE,New England Patriots,1999,00-0000281,Jason Andersen,C,73,70,-3,0.33,0.33,Engine re-derivation after 1999 roster/override changes
NE,New England Patriots,1999,00-0003060,Rico Clark,CB,75,69,-6,0.33,0.33,Engine re-derivation after 1999 roster/override changes
NE,New England Patriots,1999,00-0005318,Derrick Fletcher,LT,75,68,-7,0.33,0.33,Engine re-derivation after 1999 roster/override changes
NE,New England Patriots,1999,00-0017501,Larry Whigham,CB,74,68,-6,0.33,0.33,Engine re-derivation after 1999 roster/override changes
NE,New England Patriots,1999,00-0009034,Andy Katzenmoyer,LB,74,67,-7,0.33,0.33,Engine re-derivation after 1999 roster/override changes
NE,New England Patriots,1999,00-0009604,Max Lane,LG,73,67,-6,0.33,0.33,Engine re-derivation after 1999 roster/override changes
NE,New England Patriots,1999,00-0011641,Sean Morey,WR,67,67,0,0.45,0.45,
NE,New England Patriots,1999,00-0009489,Bob Kuberski,DT,74,66,-8,0.33,0.33,Engine re-derivation after 1999 roster/override changes
NE,New England Patriots,1999,00-0005600,John Friesz,QB,66,66,0,0.6,0.6,
NE,New England Patriots,1999,00-0008566,Lee Johnson,P,70,65,-5,0.45,0.45,Engine re-derivation after 1999 roster/override changes
NE,New England Patriots,1999,00-0011097,Marc Megna,LB,74,65,-9,0.33,0.33,Engine re-derivation after 1999 roster/override changes
NE,New England Patriots,1999,00-0003629,Vernon Crawford,LB,74,65,-9,0.33,0.33,Engine re-derivation after 1999 roster/override changes
NE,New England Patriots,1999,00-0005990,Cory Gilliard,CB,74,63,-11,0.33,0.33,Engine re-derivation after 1999 roster/override changes
NE,New England Patriots,1999,00-0011398,Brandon Mitchell,EDGE,75,62,-13,0.33,0.33,Engine re-derivation after 1999 roster/override changes
NE,New England Patriots,1999,00-0015885,Chris Sullivan,EDGE,75,62,-13,0.33,0.33,Engine re-derivation after 1999 roster/override changes
NE,New England Patriots,1999,00-0009420,Jeff Kopp,LB,74,62,-12,0.33,0.33,Engine re-derivation after 1999 roster/override changes
NE,New England Patriots,1999,00-0015153,Devon Smith,TE,63,60,-3,0.45,0.45,Engine re-derivation after 1999 roster/override changes
NE,New England Patriots,1999,00-0004774,Robert Edwards,RB,63,58,-5,0.45,0.45,Engine re-derivation after 1999 roster/override changes
NE,New England Patriots,1999,00-0003736,Derrick Cullors,RB,63,57,-6,0.45,0.45,Engine re-derivation after 1999 roster/override changes
NE,New England Patriots,1999,00-0000849,Mike Bartrum,TE,56,56,0,0.6,0.6,
NE,New England Patriots,1999,00-0005348,Chris Floyd,RB,53,53,0,0.6,0.6,
NE,New England Patriots,1999,00-0004871,Jerry Ellison,RB,52,52,0,0.6,0.6,
NE,New England Patriots,1999,00-0014733,Harold Shaw,RB,51,51,0,0.6,0.6,
NO,New Orleans Saints,1999,00-0013791,Willie Roaf,LT,75,88,13,0.33,0.9,"Perennial All-Pro left tackle [by ratings-overhaul-1999, 2026-06-08]"
NO,New Orleans Saints,1999,00-0006051,La'Roi Glover,DT,74,84,10,0.33,0.9,"Breakout interior rusher, 10 sacks [by ratings-overhaul-1999, 2026-06-08]"
NO,New Orleans Saints,1999,00-0008541,Joe Johnson,EDGE,75,82,7,0.33,0.9,"Disruptive pass-rushing end [by ratings-overhaul-1999, 2026-06-08]"
NO,New Orleans Saints,1999,00-0016691,Kyle Turley,LT,75,82,7,0.33,0.9,"Ascending young tackle [by ratings-overhaul-1999, 2026-06-08]"
NO,New Orleans Saints,1999,00-0000261,Ashley Ambrose,CB,82,80,-2,0.45,0.9,"Veteran starting corner [by ratings-overhaul-1999, 2026-06-08]"
NO,New Orleans Saints,1999,00-0009163,Eddie Kennison,WR,84,80,-4,0.78,0.9,"Lead WR, 830 yds [by ratings-overhaul-1999, 2026-06-08]"
NO,New Orleans Saints,1999,00-0011413,Keith Mitchell,LB,74,80,6,0.33,0.9,"Ascending playmaking linebacker [by ratings-overhaul-1999, 2026-06-08]"
NO,New Orleans Saints,1999,00-0009357,Sammy Knight,S,73,80,7,0.33,0.9,"Ballhawk safety, team leader [by ratings-overhaul-1999, 2026-06-08]"
NO,New Orleans Saints,1999,00-0005202,Mark Fields,LB,74,78,4,0.33,0.9,"Athletic linebacker [by ratings-overhaul-1999, 2026-06-08]"
NO,New Orleans Saints,1999,00-0017915,Ricky Williams,RB,80,78,-2,0.78,0.9,"Heralded rookie, 884 yds behind bad line [by ratings-overhaul-1999, 2026-06-08]"
NO,New Orleans Saints,1999,00-0018599,Joe Tuipala,LB,74,77,3,0.33,0.33,Engine re-derivation after 1999 roster/override changes
NO,New Orleans Saints,1999,00-0003103,Cameron Cleeland,TE,75,76,1,0.78,0.9,"Receiving tight end [by ratings-overhaul-1999, 2026-06-08]"
NO,New Orleans Saints,1999,00-0001759,Doug Brien,K,77,76,-1,0.45,0.9,"Veteran kicker [by ratings-overhaul-1999, 2026-06-08]"
NO,New Orleans Saints,1999,00-0013097,Keith Poole,WR,83,76,-7,0.78,0.9,"Deep threat, 777 yds [by ratings-overhaul-1999, 2026-06-08]"
NO,New Orleans Saints,1999,00-0006628,Mike Halapin,LG,73,76,3,0.33,0.33,Engine re-derivation after 1999 roster/override changes
NO,New Orleans Saints,1999,00-0018072,Troy Wilson,EDGE,75,76,1,0.33,0.33,Engine re-derivation after 1999 roster/override changes
NO,New Orleans Saints,1999,00-0010479,Wayne Martin,DT,74,76,2,0.33,0.9,"Veteran defensive end/tackle [by ratings-overhaul-1999, 2026-06-08]"
NO,New Orleans Saints,1999,00-0011415,Kevin Mitchell,LB,74,75,1,0.33,0.33,Engine re-derivation after 1999 roster/override changes
NO,New Orleans Saints,1999,00-0018579,Robert Newkirk,DT,74,75,1,0.33,0.33,Engine re-derivation after 1999 roster/override changes
NO,New Orleans Saints,1999,00-0011905,Chris Naeole,LG,73,74,1,0.33,0.9,"Starting guard [by ratings-overhaul-1999, 2026-06-08]"
NO,New Orleans Saints,1999,00-0016178,Daryl Terrell,LT,75,74,-1,0.33,0.33,Engine re-derivation after 1999 roster/override changes
NO,New Orleans Saints,1999,00-0007937,Robert Hunt,LG,73,74,1,0.33,0.33,Engine re-derivation after 1999 roster/override changes
NO,New Orleans Saints,1999,00-0017954,Wally Williams,LG,73,74,1,0.33,0.33,Engine re-derivation after 1999 roster/override changes
NO,New Orleans Saints,1999,00-0011470,Alex Molden,CB,71,73,2,0.45,0.9,"Starting corner [by ratings-overhaul-1999, 2026-06-08]"
NO,New Orleans Saints,1999,00-0002928,Je'Rod Cherry,CB,82,73,-9,0.45,0.45,Engine re-derivation after 1999 roster/override changes
NO,New Orleans Saints,1999,00-0005399,Jerry Fontenot,C,73,73,0,0.33,0.9,"Veteran center [by ratings-overhaul-1999, 2026-06-08]"
NO,New Orleans Saints,1999,00-0007093,Andre Hastings,WR,80,72,-8,0.78,0.9,"Possession receiver [by ratings-overhaul-1999, 2026-06-08]"
NO,New Orleans Saints,1999,00-0016539,Jared Tomich,EDGE,75,72,-3,0.33,0.33,Engine re-derivation after 1999 roster/override changes
NO,New Orleans Saints,1999,00-0015242,Lamar Smith,RB,76,72,-4,0.78,0.9,"Committee back [by ratings-overhaul-1999, 2026-06-08]"
NO,New Orleans Saints,1999,00-0015336,Vinson Smith,LB,74,72,-2,0.33,0.33,Engine re-derivation after 1999 roster/override changes
NO,New Orleans Saints,1999,00-0000032,Tom Ackerman,LG,73,71,-2,0.33,0.33,Engine re-derivation after 1999 roster/override changes
NO,New Orleans Saints,1999,00-0003093,Willie Clay,S,73,71,-2,0.33,0.33,Engine re-derivation after 1999 roster/override changes
NO,New Orleans Saints,1999,00-0003610,Aaron Craver,RB,70,70,0,0.78,0.78,
NO,New Orleans Saints,1999,00-0016534,Billy Joe Tolliver,QB,71,70,-1,0.78,0.9,"Journeyman starter [by ratings-overhaul-1999, 2026-06-08]"
NO,New Orleans Saints,1999,00-0000811,Tommy Barnhardt,P,69,70,1,0.45,0.45,Engine re-derivation after 1999 roster/override changes
NO,New Orleans Saints,1999,00-0004079,Lawrence Dawsey,WR,69,69,0,0.78,0.78,
NO,New Orleans Saints,1999,00-0009925,Marc Lillibridge,LB,74,69,-5,0.33,0.33,Engine re-derivation after 1999 roster/override changes
NO,New Orleans Saints,1999,00-0007530,Billy Joe Hobert,QB,71,68,-3,0.78,0.9,"Backup QB [by ratings-overhaul-1999, 2026-06-08]"
NO,New Orleans Saints,1999,p-j-franklin,P.J. Franklin,WR,67,68,1,0.45,0.45,Engine re-derivation after 1999 roster/override changes
NO,New Orleans Saints,1999,00-0006733,Uhuru Hamiter,EDGE,75,68,-7,0.33,0.33,Engine re-derivation after 1999 roster/override changes
NO,New Orleans Saints,1999,00-0013796,Austin Robbins,DT,74,67,-7,0.33,0.33,Engine re-derivation after 1999 roster/override changes
NO,New Orleans Saints,1999,00-0018615,Bryan LaBelle,LT,75,67,-8,0.33,0.33,Engine re-derivation after 1999 roster/override changes
NO,New Orleans Saints,1999,00-0015487,Donnie Spragan,LB,74,67,-7,0.33,0.33,Engine re-derivation after 1999 roster/override changes
NO,New Orleans Saints,1999,00-0000134,Ink Aleaga,LB,74,67,-7,0.33,0.33,Engine re-derivation after 1999 roster/override changes
NO,New Orleans Saints,1999,00-0015106,Brady Smith,EDGE,75,66,-9,0.33,0.33,Engine re-derivation after 1999 roster/override changes
NO,New Orleans Saints,1999,00-0018614,Corey Harris,CB,66,66,0,0.45,0.45,
NO,New Orleans Saints,1999,00-0005732,Kendall Gammon,TE,63,66,3,0.45,0.45,Engine re-derivation after 1999 roster/override changes
NO,New Orleans Saints,1999,00-0009120,Rob Kelly,S,73,66,-7,0.33,0.33,Engine re-derivation after 1999 roster/override changes
NO,New Orleans Saints,1999,00-0017585,Willie Whitehead,EDGE,75,66,-9,0.33,0.33,Engine re-derivation after 1999 roster/override changes
NO,New Orleans Saints,1999,00-0007359,Chris Hewitt,CB,79,65,-14,0.45,0.45,Engine re-derivation after 1999 roster/override changes
NO,New Orleans Saints,1999,00-0005073,John Farquhar,TE,63,65,2,0.45,0.45,Engine re-derivation after 1999 roster/override changes
NO,New Orleans Saints,1999,00-0015053,Scott Slutzker,TE,66,65,-1,0.6,0.6,Engine re-derivation after 1999 roster/override changes
NO,New Orleans Saints,1999,00-0001502,Chris Bordano,LB,74,62,-12,0.33,0.33,Engine re-derivation after 1999 roster/override changes
NO,New Orleans Saints,1999,00-0002336,Justin Burroughs,C,73,62,-11,0.33,0.33,Engine re-derivation after 1999 roster/override changes
NO,New Orleans Saints,1999,00-0018612,Phil Clarke,LB,74,62,-12,0.33,0.33,Engine re-derivation after 1999 roster/override changes
NO,New Orleans Saints,1999,00-0017920,Robert Williams,CB,66,62,-4,0.45,0.45,Engine re-derivation after 1999 roster/override changes
NO,New Orleans Saints,1999,00-0000969,Brett Bech,WR,62,61,-1,0.6,0.6,Engine re-derivation after 1999 roster/override changes
NO,New Orleans Saints,1999,00-0017341,Fred Weary,CB,71,60,-11,0.45,0.45,Engine re-derivation after 1999 roster/override changes
NO,New Orleans Saints,1999,00-0017662,Josh Wilcox,TE,58,57,-1,0.6,0.6,Engine re-derivation after 1999 roster/override changes
NO,New Orleans Saints,1999,00-0018333,Danny Wuerffel,QB,56,55,-1,0.6,0.6,Engine re-derivation after 1999 roster/override changes
NO,New Orleans Saints,1999,00-0004519,Tyronne Drakeford,CB,58,54,-4,0.45,0.45,Engine re-derivation after 1999 roster/override changes
NO,New Orleans Saints,1999,00-0004060,Troy Davis,RB,54,53,-1,0.6,0.6,Engine re-derivation after 1999 roster/override changes
NO,New Orleans Saints,1999,00-0012832,Wilmont Perry,RB,54,53,-1,0.6,0.6,Engine re-derivation after 1999 roster/override changes
NO,New Orleans Saints,1999,00-0012946,Dino Philyaw,RB,52,50,-2,0.6,0.6,Engine re-derivation after 1999 roster/override changes
NO,New Orleans Saints,1999,00-0013173,Marvin Powell,RB,51,50,-1,0.6,0.6,Engine re-derivation after 1999 roster/override changes
NO,New Orleans Saints,1999,00-0004161,Jake Delhomme,QB,50,49,-1,0.6,0.6,Engine re-derivation after 1999 roster/override changes
NYG,New York Giants,1999,00-0015795,Michael Strahan,EDGE,79,90,11,0.45,0.9,"Elite All-Pro edge rusher [by ratings-overhaul-1999, 2026-06-08]"
NYG,New York Giants,1999,00-0016550,Amani Toomer,WR,90,86,-4,0.78,0.9,"Breakout #1 WR, 1183 yds [by ratings-overhaul-1999, 2026-06-08]"
NYG,New York Giants,1999,00-0000426,Jessie Armstead,LB,74,86,12,0.33,0.9,"Pro Bowl playmaking linebacker [by ratings-overhaul-1999, 2026-06-08]"
NYG,New York Giants,1999,00-0014637,Jason Sehorn,CB,75,82,7,0.33,0.9,"Athletic starting corner [by ratings-overhaul-1999, 2026-06-08]"
NYG,New York Giants,1999,00-0006719,Keith Hamilton,DT,74,82,8,0.33,0.9,"Disruptive interior, 10 sacks [by ratings-overhaul-1999, 2026-06-08]"
NYG,New York Giants,1999,00-0015761,Ron Stone,LG,73,82,9,0.33,0.9,"Pro Bowl guard [by ratings-overhaul-1999, 2026-06-08]"
NYG,New York Giants,1999,00-0007468,Ike Hilliard,WR,85,80,-5,0.78,0.9,"Reliable #2, 996 yds [by ratings-overhaul-1999, 2026-06-08]"
NYG,New York Giants,1999,00-0000745,Tiki Barber,RB,83,80,-3,0.78,0.9,"Dual-threat ascending back, 1577 scrimmage [by ratings-overhaul-1999, 2026-06-08]"
NYG,New York Giants,1999,00-0012293,Roman Oben,LT,75,78,3,0.33,0.9,"Veteran starting left tackle [by ratings-overhaul-1999, 2026-06-08]"
NYG,New York Giants,1999,00-0003681,Howard Cross,TE,77,77,0,0.78,0.78,
NYG,New York Giants,1999,00-0017342,Andre Weathers,CB,75,76,1,0.33,0.33,Engine re-derivation after 1999 roster/override changes
NYG,New York Giants,1999,00-0007667,Bernard Holsey,DT,74,76,2,0.33,0.33,Engine re-derivation after 1999 roster/override changes
NYG,New York Giants,1999,00-0008962,Joe Jurevicius,WR,76,76,0,0.78,0.78,
NYG,New York Giants,1999,00-0003292,Kerry Collins,QB,72,76,4,0.78,0.9,"Took over midseason, clear starter [by ratings-overhaul-1999, 2026-06-08]"
NYG,New York Giants,1999,00-0017460,Lyle West,CB,75,76,1,0.33,0.33,Engine re-derivation after 1999 roster/override changes
NYG,New York Giants,1999,00-0011516,Pete Monty,LB,74,76,2,0.33,0.33,Engine re-derivation after 1999 roster/override changes
NYG,New York Giants,1999,00-0015437,Phillippi Sparks,CB,75,76,1,0.33,0.9,"Starting corner [by ratings-overhaul-1999, 2026-06-08]"
NYG,New York Giants,1999,00-0005785,Sam Garnes,S,76,76,0,0.45,0.9,"Hard-hitting starting safety [by ratings-overhaul-1999, 2026-06-08]"
NYG,New York Giants,1999,00-0002946,O.J. Childress,LB,74,75,1,0.33,0.33,Engine re-derivation after 1999 roster/override changes
NYG,New York Giants,1999,00-0006991,Robert Harris,DT,74,75,1,0.33,0.33,Engine re-derivation after 1999 roster/override changes
NYG,New York Giants,1999,00-0012940,Ryan Phillips,LB,74,75,1,0.33,0.33,Engine re-derivation after 1999 roster/override changes
NYG,New York Giants,1999,00-0003841,Brad Daluiso,K,72,74,2,0.33,0.9,"Veteran kicker [by ratings-overhaul-1999, 2026-06-08]"
NYG,New York Giants,1999,00-0012642,David Patten,WR,74,74,0,0.78,0.78,
NYG,New York Giants,1999,00-0010785,Emmanuel McDaniel,CB,75,74,-1,0.33,0.33,Engine re-derivation after 1999 roster/override changes
NYG,New York Giants,1999,00-0006631,Ryan Hale,DT,74,74,0,0.33,0.33,
NYG,New York Giants,1999,00-0008703,Cedric Jones,EDGE,82,73,-9,0.45,0.9,"Rotational defensive end [by ratings-overhaul-1999, 2026-06-08]"
NYG,New York Giants,1999,00-0011425,Pete Mitchell,TE,87,73,-14,0.78,0.9,"Receiving tight end [by ratings-overhaul-1999, 2026-06-08]"
NYG,New York Giants,1999,00-0010609,Brad Maynard,P,77,72,-5,0.45,0.45,Engine re-derivation after 1999 roster/override changes
NYG,New York Giants,1999,00-0001343,Cary Blanchard,K,72,72,0,0.33,0.33,
NYG,New York Giants,1999,00-0012841,Christian Peter,DT,74,72,-2,0.33,0.9,"Rotational defensive tackle [by ratings-overhaul-1999, 2026-06-08]"
NYG,New York Giants,1999,00-0001938,Gary Brown,RB,53,72,19,0.6,0.9,"Committee back [by ratings-overhaul-1999, 2026-06-08]"
NYG,New York Giants,1999,00-0004875,Percy Ellsworth,S,80,72,-8,0.45,0.9,"Starting safety [by ratings-overhaul-1999, 2026-06-08]"
NYG,New York Giants,1999,00-0017930,Shaun Williams,CB,75,72,-3,0.33,0.33,Engine re-derivation after 1999 roster/override changes
NYG,New York Giants,1999,00-0017337,Charles Way,RB,71,71,0,0.78,0.78,
NYG,New York Giants,1999,00-0006196,Scott Gragg,LT,75,71,-4,0.33,0.33,Engine re-derivation after 1999 roster/override changes
NYG,New York Giants,1999,00-0009833,Bashir Levingston,CB,75,70,-5,0.33,0.33,Engine re-derivation after 1999 roster/override changes
NYG,New York Giants,1999,00-0006212,Kent Graham,QB,72,70,-2,0.78,0.9,"Split-start QB [by ratings-overhaul-1999, 2026-06-08]"
NYG,New York Giants,1999,00-0008570,LeShon Johnson,RB,70,70,0,0.78,0.78,
NYG,New York Giants,1999,00-0002184,Marcus Buckley,LB,74,70,-4,0.33,0.33,Engine re-derivation after 1999 roster/override changes
NYG,New York Giants,1999,00-0005723,Scott Galyon,LB,75,69,-6,0.33,0.33,Engine re-derivation after 1999 roster/override changes
NYG,New York Giants,1999,00-0001112,Sean Bennett,RB,68,69,1,0.78,0.78,Engine re-derivation after 1999 roster/override changes
NYG,New York Giants,1999,00-0017735,Brian Williams,C,73,68,-5,0.33,0.33,Engine re-derivation after 1999 roster/override changes
NYG,New York Giants,1999,00-0017630,Corey Widmer,LB,74,67,-7,0.33,0.33,Engine re-derivation after 1999 roster/override changes
NYG,New York Giants,1999,00-0004909,Derek Engler,C,73,67,-6,0.33,0.33,Engine re-derivation after 1999 roster/override changes
NYG,New York Giants,1999,00-0017621,Jason Whittle,LT,75,67,-8,0.33,0.33,Engine re-derivation after 1999 roster/override changes
NYG,New York Giants,1999,00-0009933,Jeremy Lincoln,CB,75,67,-8,0.33,0.33,Engine re-derivation after 1999 roster/override changes
NYG,New York Giants,1999,00-0014315,Brandon Sanders,CB,75,66,-9,0.33,0.33,Engine re-derivation after 1999 roster/override changes
NYG,New York Giants,1999,00-0017799,George Williams,DT,74,66,-8,0.33,0.33,Engine re-derivation after 1999 roster/override changes
NYG,New York Giants,1999,00-0002930,Mike Cherry,QB,68,66,-2,0.45,0.45,Engine re-derivation after 1999 roster/override changes
NYG,New York Giants,1999,00-0006711,Conrad Hamilton,CB,75,65,-10,0.33,0.33,Engine re-derivation after 1999 roster/override changes
NYG,New York Giants,1999,00-0011899,Toby Myles,LT,75,65,-10,0.33,0.33,Engine re-derivation after 1999 roster/override changes
NYG,New York Giants,1999,00-0012415,Chris Ortiz,WR,67,64,-3,0.45,0.45,Engine re-derivation after 1999 roster/override changes
NYG,New York Giants,1999,00-0012879,Luke Petitgout,LG,73,64,-9,0.33,0.33,Engine re-derivation after 1999 roster/override changes
NYG,New York Giants,1999,00-0014047,Mike Rosenthal,LG,73,64,-9,0.33,0.33,Engine re-derivation after 1999 roster/override changes
NYG,New York Giants,1999,00-0002565,Dan Campbell,TE,63,63,0,0.45,0.45,
NYG,New York Giants,1999,00-0014562,Lance Scott,C,73,63,-10,0.33,0.33,Engine re-derivation after 1999 roster/override changes
NYG,New York Giants,1999,00-0000172,Brian Alford,WR,60,60,0,0.6,0.6,
NYG,New York Giants,1999,00-0016296,Mark Thomas,TE,59,59,0,0.45,0.45,
NYG,New York Giants,1999,00-0011506,Joe Montgomery,RB,56,57,1,0.6,0.6,Engine re-derivation after 1999 roster/override changes
NYG,New York Giants,1999,00-0003344,Greg Comella,RB,55,55,0,0.6,0.6,
NYJ,New York Jets,1999,00-0010577,Kevin Mawae,C,73,90,17,0.33,0.9,"Elite All-Pro center [by ratings-overhaul-1999, 2026-06-08]"
NYJ,New York Jets,1999,00-0008561,Keyshawn Johnson,WR,92,90,-2,0.78,0.9,"Star WR, 1170 yds, 8 TD [by ratings-overhaul-1999, 2026-06-08]"
NYJ,New York Jets,1999,00-0010442,Curtis Martin,RB,89,89,0,0.78,0.9,"Workhorse, 1464 yds, Pro Bowl [by ratings-overhaul-1999, 2026-06-08]"
NYJ,New York Jets,1999,00-0009886,Mo Lewis,LB,75,86,11,0.33,0.9,"Pro Bowl playmaking LB [by ratings-overhaul-1999, 2026-06-08]"
NYJ,New York Jets,1999,00-0006034,Aaron Glenn,CB,75,85,10,0.33,0.9,"Pro Bowl shutdown corner [by ratings-overhaul-1999, 2026-06-08]"
NYJ,New York Jets,1999,00-0002962,Wayne Chrebet,WR,76,82,6,0.78,0.9,"Reliable clutch slot WR [by ratings-overhaul-1999, 2026-06-08]"
NYJ,New York Jets,1999,00-0003572,Bryan Cox,LB,75,80,5,0.33,0.9,"Fiery veteran linebacker [by ratings-overhaul-1999, 2026-06-08]"
NYJ,New York Jets,1999,00-0006356,Victor Green,S,73,80,7,0.33,0.9,"Hard-hitting starting safety [by ratings-overhaul-1999, 2026-06-08]"
NYJ,New York Jets,1999,00-0005150,Jason Ferguson,DT,74,78,4,0.33,0.9,"Stout nose tackle [by ratings-overhaul-1999, 2026-06-08]"
NYJ,New York Jets,1999,00-0006662,John Hall,K,77,78,1,0.45,0.9,"Strong-legged kicker [by ratings-overhaul-1999, 2026-06-08]"
NYJ,New York Jets,1999,00-0010293,Siupeli Malamala,LT,75,78,3,0.33,0.33,Engine re-derivation after 1999 roster/override changes
NYJ,New York Jets,1999,00-0003231,Marcus Coleman,CB,75,77,2,0.33,0.33,Engine re-derivation after 1999 roster/override changes
NYJ,New York Jets,1999,00-0000339,Richie Anderson,RB,77,77,0,0.78,0.78,
NYJ,New York Jets,1999,00-0006708,Bobby Hamilton,EDGE,75,76,1,0.33,0.33,Engine re-derivation after 1999 roster/override changes
NYJ,New York Jets,1999,00-0013366,Ian Rafferty,LT,75,76,1,0.33,0.33,Engine re-derivation after 1999 roster/override changes
NYJ,New York Jets,1999,00-0010222,J.P. Machado,LG,73,76,3,0.33,0.33,Engine re-derivation after 1999 roster/override changes
NYJ,New York Jets,1999,00-0004836,Jumbo Elliott,LT,75,76,1,0.33,0.9,"Veteran starting LT [by ratings-overhaul-1999, 2026-06-08]"
NYJ,New York Jets,1999,00-0015270,Otis Smith,CB,75,76,1,0.33,0.9,"Steady starting corner [by ratings-overhaul-1999, 2026-06-08]"
NYJ,New York Jets,1999,00-0010175,Rick Lyle,EDGE,75,76,1,0.33,0.33,Engine re-derivation after 1999 roster/override changes
NYJ,New York Jets,1999,00-0005609,Scott Frost,S,73,76,3,0.33,0.33,Engine re-derivation after 1999 roster/override changes
NYJ,New York Jets,1999,00-0013029,Anthony Pleasant,EDGE,75,75,0,0.33,0.9,"Veteran defensive end [by ratings-overhaul-1999, 2026-06-08]"
NYJ,New York Jets,1999,00-0012603,Bernie Parmalee,RB,75,75,0,0.78,0.78,
NYJ,New York Jets,1999,00-0005082,James Farrior,LB,75,75,0,0.33,0.33,
NYJ,New York Jets,1999,00-0018078,Jason Wiltz,DT,75,75,0,0.33,0.33,
NYJ,New York Jets,1999,00-0008819,Marvin Jones,LB,75,75,0,0.33,0.9,"Run-stuffing ILB [by ratings-overhaul-1999, 2026-06-08]"
NYJ,New York Jets,1999,00-0015781,Omar Stoutmire,S,73,75,2,0.33,0.33,Engine re-derivation after 1999 roster/override changes
NYJ,New York Jets,1999,00-0011186,Ray Mickens,CB,75,75,0,0.33,0.33,
NYJ,New York Jets,1999,00-0002784,Chad Cascadden,LB,75,74,-1,0.33,0.33,Engine re-derivation after 1999 roster/override changes
NYJ,New York Jets,1999,00-0005031,Jason Fabini,LT,75,74,-1,0.33,0.33,Engine re-derivation after 1999 roster/override changes
NYJ,New York Jets,1999,00-0016310,Randy Thomas,LG,73,74,1,0.33,0.9,"Young starting guard [by ratings-overhaul-1999, 2026-06-08]"
NYJ,New York Jets,1999,00-0010137,Ray Lucas,QB,76,74,-2,0.78,0.9,"Kept team competitive as fill-in [by ratings-overhaul-1999, 2026-06-08]"
NYJ,New York Jets,1999,00-0003718,Buddy Crutchfield,CB,75,73,-2,0.33,0.33,Engine re-derivation after 1999 roster/override changes
NYJ,New York Jets,1999,00-0017160,Dedric Ward,WR,78,73,-5,0.78,0.9,"Deep-threat #3 [by ratings-overhaul-1999, 2026-06-08]"
NYJ,New York Jets,1999,00-0000911,Fred Baxter,TE,72,73,1,0.78,0.78,Engine re-derivation after 1999 roster/override changes
NYJ,New York Jets,1999,00-0006009,Mike Gisler,C,73,73,0,0.33,0.33,
NYJ,New York Jets,1999,00-0012320,Eric Ogbogu,EDGE,75,71,-4,0.33,0.33,Engine re-derivation after 1999 roster/override changes
NYJ,New York Jets,1999,00-0015999,J.J. Syvrud,LB,75,71,-4,0.33,0.33,Engine re-derivation after 1999 roster/override changes
NYJ,New York Jets,1999,00-0007857,John Hudson,C,73,70,-3,0.33,0.33,Engine re-derivation after 1999 roster/override changes
NYJ,New York Jets,1999,00-0017861,Kevin Williams,CB,75,70,-5,0.33,0.33,Engine re-derivation after 1999 roster/override changes
NYJ,New York Jets,1999,00-0016193,Vinny Testaverde,QB,55,70,15,0.6,0.9,"Torn Achilles Week 1, lost season [by ratings-overhaul-1999, 2026-06-08]"
NYJ,New York Jets,1999,00-0006149,Dwayne Gordon,LB,75,68,-7,0.33,0.33,Engine re-derivation after 1999 roster/override changes
NYJ,New York Jets,1999,00-0015759,Dwight Stone,WR,69,68,-1,0.45,0.45,Engine re-derivation after 1999 roster/override changes
NYJ,New York Jets,1999,00-0004705,Quinn Early,WR,68,68,0,0.78,0.78,
NYJ,New York Jets,1999,00-0010105,David Loverne,LG,73,67,-6,0.33,0.33,Engine re-derivation after 1999 roster/override changes
NYJ,New York Jets,1999,00-0005071,Robert Farmer,RB,63,67,4,0.45,0.45,Engine re-derivation after 1999 roster/override changes
NYJ,New York Jets,1999,00-0012909,Roman Phifer,LB,75,67,-8,0.33,0.33,Engine re-derivation after 1999 roster/override changes
NYJ,New York Jets,1999,00-0006324,Eric Green,TE,66,66,0,0.6,0.6,
NYJ,New York Jets,1999,00-0016683,Tom Tupa,P,70,66,-4,0.45,0.45,Engine re-derivation after 1999 roster/override changes
NYJ,New York Jets,1999,00-0003825,Casey Dailey,LB,75,65,-10,0.33,0.33,Engine re-derivation after 1999 roster/override changes
NYJ,New York Jets,1999,00-0012287,Dennis O'Sullivan,DT,74,65,-9,0.33,0.33,Engine re-derivation after 1999 roster/override changes
NYJ,New York Jets,1999,00-0001488,Dorian Boose,EDGE,75,65,-10,0.33,0.33,Engine re-derivation after 1999 roster/override changes
NYJ,New York Jets,1999,00-0008351,Kerry Jenkins,LG,73,65,-8,0.33,0.33,Engine re-derivation after 1999 roster/override changes
NYJ,New York Jets,1999,00-0011378,Rick Mirer,QB,62,65,3,0.6,0.9,"Struggled as injury replacement [by ratings-overhaul-1999, 2026-06-08]"
NYJ,New York Jets,1999,00-0000500,Steve Atwater,S,73,64,-9,0.33,0.33,Engine re-derivation after 1999 roster/override changes
NYJ,New York Jets,1999,00-0007143,Chris Hayes,S,73,63,-10,0.33,0.33,Engine re-derivation after 1999 roster/override changes
NYJ,New York Jets,1999,00-0009748,Del Lee,CB,75,63,-12,0.33,0.33,Engine re-derivation after 1999 roster/override changes
NYJ,New York Jets,1999,00-0010028,Ernie Logan,DT,74,62,-12,0.33,0.33,Engine re-derivation after 1999 roster/override changes
NYJ,New York Jets,1999,00-0018440,Ryan Young,LT,75,62,-13,0.33,0.33,Engine re-derivation after 1999 roster/override changes
NYJ,New York Jets,1999,00-0015452,Blake Spence,RB,53,53,0,0.6,0.6,
NYJ,New York Jets,1999,00-0015420,Jerald Sowell,RB,51,51,0,0.6,0.6,
NYJ,New York Jets,1999,00-0008568,Leon Johnson,RB,50,50,0,0.6,0.6,
PHI,Philadelphia Eagles,1999,00-0004073,Brian Dawkins,S,73,88,15,0.33,0.9,"Star ballhawk safety, Pro Bowl [by ratings-overhaul-1999, 2026-06-08]"
PHI,Philadelphia Eagles,1999,00-0004470,Hugh Douglas,EDGE,75,86,11,0.33,0.9,"Pro Bowl edge, double-digit sacks [by ratings-overhaul-1999, 2026-06-08]"
PHI,Philadelphia Eagles,1999,00-0016924,Troy Vincent,CB,66,86,20,0.45,0.9,"Pro Bowl shutdown corner [by ratings-overhaul-1999, 2026-06-08]"
PHI,Philadelphia Eagles,1999,00-0016082,Bobby Taylor,CB,71,84,13,0.45,0.9,"Big physical Pro Bowl-caliber corner [by ratings-overhaul-1999, 2026-06-08]"
PHI,Philadelphia Eagles,1999,00-0015523,Duce Staley,RB,87,84,-3,0.78,0.9,"Workhorse, 1273 yds + receiving [by ratings-overhaul-1999, 2026-06-08]"
PHI,Philadelphia Eagles,1999,00-0016334,Tra Thomas,LT,75,84,9,0.33,0.9,"Ascending Pro Bowl left tackle [by ratings-overhaul-1999, 2026-06-08]"
PHI,Philadelphia Eagles,1999,00-0016624,Jeremiah Trotter,LB,75,82,7,0.33,0.9,"Ascending star middle linebacker [by ratings-overhaul-1999, 2026-06-08]"
PHI,Philadelphia Eagles,1999,00-0001862,Luther Broughton,TE,83,82,-1,0.78,0.78,Engine re-derivation after 1999 roster/override changes
PHI,Philadelphia Eagles,1999,00-0010595,Jermane Mayberry,LT,75,78,3,0.33,0.9,"Ascending starting guard [by ratings-overhaul-1999, 2026-06-08]"
PHI,Philadelphia Eagles,1999,00-0017356,Jed Weaver,TE,77,77,0,0.78,0.78,
PHI,Philadelphia Eagles,1999,00-0008329,Dietrich Jells,WR,76,76,0,0.78,0.78,
PHI,Philadelphia Eagles,1999,00-0016271,Hollis Thomas,DT,75,76,1,0.33,0.9,"Stout nose tackle [by ratings-overhaul-1999, 2026-06-08]"
PHI,Philadelphia Eagles,1999,00-0001526,Jason Bostic,CB,82,76,-6,0.45,0.45,Engine re-derivation after 1999 roster/override changes
PHI,Philadelphia Eagles,1999,00-0010318,Mike Mamula,EDGE,75,76,1,0.33,0.9,"Pass-rushing end [by ratings-overhaul-1999, 2026-06-08]"
PHI,Philadelphia Eagles,1999,00-0017947,Tyrone M. Williams,EDGE,75,76,1,0.33,0.33,Engine re-derivation after 1999 roster/override changes
PHI,Philadelphia Eagles,1999,00-0008306,Greg Jefferson,EDGE,75,75,0,0.33,0.33,
PHI,Philadelphia Eagles,1999,00-0009842,Chad Lewis,TE,60,74,14,0.6,0.9,"Receiving tight end [by ratings-overhaul-1999, 2026-06-08]"
PHI,Philadelphia Eagles,1999,00-0008454,Charles Johnson,WR,73,74,1,0.78,0.9,"Veteran possession WR [by ratings-overhaul-1999, 2026-06-08]"
PHI,Philadelphia Eagles,1999,00-0011022,Donovan McNabb,QB,73,74,1,0.78,0.9,"Rookie, started midseason, ascending [by ratings-overhaul-1999, 2026-06-08]"
PHI,Philadelphia Eagles,1999,00-0006965,Kenny Harris,CB,71,74,3,0.45,0.45,Engine re-derivation after 1999 roster/override changes
PHI,Philadelphia Eagles,1999,00-0008593,Norm Johnson,K,72,74,2,0.33,0.33,Engine re-derivation after 1999 roster/override changes
PHI,Philadelphia Eagles,1999,00-0010472,Steve Martin,DT,75,74,-1,0.33,0.33,Engine re-derivation after 1999 roster/override changes
PHI,Philadelphia Eagles,1999,00-0004168,Jeff Dellenbach,LG,73,73,0,0.33,0.33,
PHI,Philadelphia Eagles,1999,00-0002518,Mike Caldwell,LB,75,73,-2,0.33,0.9,"Starting linebacker [by ratings-overhaul-1999, 2026-06-08]"
PHI,Philadelphia Eagles,1999,00-0005020,Steve Everitt,C,73,73,0,0.33,0.33,
PHI,Philadelphia Eagles,1999,00-0015063,Torrance Small,WR,82,73,-9,0.78,0.9,"Deep-threat starter [by ratings-overhaul-1999, 2026-06-08]"
PHI,Philadelphia Eagles,1999,00-0011241,Bubba Miller,C,73,72,-1,0.33,0.9,"Starting center [by ratings-overhaul-1999, 2026-06-08]"
PHI,Philadelphia Eagles,1999,00-0000108,David Akers,K,72,72,0,0.33,0.33,
PHI,Philadelphia Eagles,1999,00-0005763,Barry Gardner,LB,75,71,-4,0.33,0.33,Engine re-derivation after 1999 roster/override changes
PHI,Philadelphia Eagles,1999,00-0017594,Brandon Whiting,DT,75,71,-4,0.33,0.33,Engine re-derivation after 1999 roster/override changes
PHI,Philadelphia Eagles,1999,00-0006915,Al Harris,CB,79,70,-9,0.45,0.9,"Young rotational corner [by ratings-overhaul-1999, 2026-06-08]"
PHI,Philadelphia Eagles,1999,00-0012512,Lonnie Palelei,LT,75,70,-5,0.33,0.33,Engine re-derivation after 1999 roster/override changes
PHI,Philadelphia Eagles,1999,00-0004257,David Diaz-Infante,LG,73,69,-4,0.33,0.33,Engine re-derivation after 1999 roster/override changes
PHI,Philadelphia Eagles,1999,00-0002160,Doug Brzezinski,LG,73,69,-4,0.33,0.33,Engine re-derivation after 1999 roster/override changes
PHI,Philadelphia Eagles,1999,00-0003902,James Darling,LB,75,69,-6,0.33,0.33,Engine re-derivation after 1999 roster/override changes
PHI,Philadelphia Eagles,1999,00-0002005,Na Brown,WR,69,69,0,0.78,0.78,
PHI,Philadelphia Eagles,1999,00-0014063,Oliver Ross,LT,75,69,-6,0.33,0.33,Engine re-derivation after 1999 roster/override changes
PHI,Philadelphia Eagles,1999,00-0004031,Pernell Davis,DT,75,69,-6,0.33,0.33,Engine re-derivation after 1999 roster/override changes
PHI,Philadelphia Eagles,1999,00-0014433,Ryan Schau,LG,73,69,-4,0.33,0.33,Engine re-derivation after 1999 roster/override changes
PHI,Philadelphia Eagles,1999,00-0010436,Cecil Martin,RB,69,68,-1,0.78,0.78,Engine re-derivation after 1999 roster/override changes
PHI,Philadelphia Eagles,1999,00-0004463,Dameane Douglas,WR,69,68,-1,0.78,0.78,Engine re-derivation after 1999 roster/override changes
PHI,Philadelphia Eagles,1999,00-0012726,Doug Pederson,QB,71,66,-5,0.78,0.9,"Veteran placeholder starter [by ratings-overhaul-1999, 2026-06-08]"
PHI,Philadelphia Eagles,1999,00-0017410,John Welbourn,LT,75,66,-9,0.33,0.33,Engine re-derivation after 1999 roster/override changes
PHI,Philadelphia Eagles,1999,00-0003422,Rashard Cook,CB,83,66,-17,0.45,0.45,Engine re-derivation after 1999 roster/override changes
PHI,Philadelphia Eagles,1999,00-0016340,William Thomas,LB,75,66,-9,0.33,0.33,Engine re-derivation after 1999 roster/override changes
PHI,Philadelphia Eagles,1999,00-0016821,Alex Van Dyke,WR,63,65,2,0.45,0.45,Engine re-derivation after 1999 roster/override changes
PHI,Philadelphia Eagles,1999,00-0011545,Damon Moore,S,73,65,-8,0.33,0.33,Engine re-derivation after 1999 roster/override changes
PHI,Philadelphia Eagles,1999,00-0013535,Ike Reese,LB,75,65,-10,0.33,0.33,Engine re-derivation after 1999 roster/override changes
PHI,Philadelphia Eagles,1999,00-0014977,Kaseem Sinceno,TE,63,65,2,0.45,0.45,Engine re-derivation after 1999 roster/override changes
PHI,Philadelphia Eagles,1999,00-0017492,Mark Wheeler,DT,75,65,-10,0.33,0.33,Engine re-derivation after 1999 roster/override changes
PHI,Philadelphia Eagles,1999,00-0017077,Al Wallace,EDGE,75,63,-12,0.33,0.33,Engine re-derivation after 1999 roster/override changes
PHI,Philadelphia Eagles,1999,00-0006398,Kelly Gregg,DT,75,63,-12,0.33,0.33,Engine re-derivation after 1999 roster/override changes
PHI,Philadelphia Eagles,1999,00-0009584,Sean Landeta,P,77,63,-14,0.45,0.45,Engine re-derivation after 1999 roster/override changes
PHI,Philadelphia Eagles,1999,00-0007108,Tim Hauck,S,73,63,-10,0.33,0.33,Engine re-derivation after 1999 roster/override changes
PHI,Philadelphia Eagles,1999,00-0016723,Kevin Turner,RB,59,59,0,0.6,0.6,
PHI,Philadelphia Eagles,1999,00-0014071,Allen Rossum,CB,62,56,-6,0.45,0.45,Engine re-derivation after 1999 roster/override changes
PHI,Philadelphia Eagles,1999,00-0000466,Jamie Asher,TE,63,55,-8,0.45,0.45,Engine re-derivation after 1999 roster/override changes
PHI,Philadelphia Eagles,1999,00-0004229,Koy Detmer,QB,54,54,0,0.6,0.6,
PHI,Philadelphia Eagles,1999,00-0015331,Troy Smith,WR,54,54,0,0.6,0.6,
PHI,Philadelphia Eagles,1999,00-0001233,Eric Bieniemy,RB,53,53,0,0.6,0.6,
PHI,Philadelphia Eagles,1999,00-0017301,Edwin Watson,RB,51,50,-1,0.6,0.6,Engine re-derivation after 1999 roster/override changes
PIT,Pittsburgh Steelers,1999,00-0005058,Alan Faneca,LG,77,85,8,0.45,0.9,"Ascending star guard [by ratings-overhaul-1999, 2026-06-08]"
PIT,Pittsburgh Steelers,1999,00-0005967,Jason Gildon,LB,78,85,7,0.45,0.9,"Double-digit-sack edge [by ratings-overhaul-1999, 2026-06-08]"
PIT,Pittsburgh Steelers,1999,00-0004085,Dermontti Dawson,C,80,84,4,0.45,0.9,"Pro Bowl center, slight decline [by ratings-overhaul-1999, 2026-06-08]"
PIT,Pittsburgh Steelers,1999,00-0001215,Jerome Bettis,RB,86,84,-2,0.78,0.9,"Workhorse, 1091 yds [by ratings-overhaul-1999, 2026-06-08]"
PIT,Pittsburgh Steelers,1999,00-0009298,Levon Kirkland,LB,57,82,25,0.45,0.9,"Run-stuffing every-down ILB [by ratings-overhaul-1999, 2026-06-08]"
PIT,Pittsburgh Steelers,1999,00-0017162,Hines Ward,WR,85,80,-5,0.78,0.9,"Emerging every-down WR [by ratings-overhaul-1999, 2026-06-08]"
PIT,Pittsburgh Steelers,1999,00-0017241,Dewayne Washington,CB,75,78,3,0.33,0.9,"Steady starting corner [by ratings-overhaul-1999, 2026-06-08]"
PIT,Pittsburgh Steelers,1999,00-0001875,Anthony Brown,LT,82,77,-5,0.45,0.45,Engine re-derivation after 1999 roster/override changes
PIT,Pittsburgh Steelers,1999,00-0007296,Kevin Henry,EDGE,75,77,2,0.33,0.33,Engine re-derivation after 1999 roster/override changes
PIT,Pittsburgh Steelers,1999,00-0004901,Carlos Emmons,LB,81,76,-5,0.45,0.9,"Athletic starting linebacker [by ratings-overhaul-1999, 2026-06-08]"
PIT,Pittsburgh Steelers,1999,00-0014539,Chad Scott,CB,75,76,1,0.33,0.9,"Starting corner [by ratings-overhaul-1999, 2026-06-08]"
PIT,Pittsburgh Steelers,1999,00-0007652,Earl Holmes,LB,69,76,7,0.45,0.9,"Starting inside linebacker [by ratings-overhaul-1999, 2026-06-08]"
PIT,Pittsburgh Steelers,1999,00-0013126,Joey Porter,LB,65,76,11,0.45,0.9,"Ascending pass rusher [by ratings-overhaul-1999, 2026-06-08]"
PIT,Pittsburgh Steelers,1999,00-0005346,Lee Flowers,S,76,76,0,0.45,0.9,"Hard-hitting starting safety [by ratings-overhaul-1999, 2026-06-08]"
PIT,Pittsburgh Steelers,1999,00-0005176,John Fiala,LB,81,74,-7,0.45,0.45,Engine re-derivation after 1999 roster/override changes
PIT,Pittsburgh Steelers,1999,00-0018141,Jon Witman,RB,74,74,0,0.78,0.78,
PIT,Pittsburgh Steelers,1999,00-0011279,Josh Miller,P,71,74,3,0.45,0.9,"Solid punter [by ratings-overhaul-1999, 2026-06-08]"
PIT,Pittsburgh Steelers,1999,00-0001980,Kris Brown,K,77,74,-3,0.45,0.9,"Young kicker [by ratings-overhaul-1999, 2026-06-08]"
PIT,Pittsburgh Steelers,1999,00-0002102,Mark Bruener,TE,78,74,-4,0.78,0.9,"Blocking tight end [by ratings-overhaul-1999, 2026-06-08]"
PIT,Pittsburgh Steelers,1999,00-0004780,Troy Edwards,WR,84,74,-10,0.78,0.9,"Rookie wideout [by ratings-overhaul-1999, 2026-06-08]"
PIT,Pittsburgh Steelers,1999,00-0014729,Bobby Shaw,WR,73,73,0,0.78,0.78,
PIT,Pittsburgh Steelers,1999,00-0015603,Joel Steed,DT,75,73,-2,0.33,0.33,Engine re-derivation after 1999 roster/override changes
PIT,Pittsburgh Steelers,1999,00-0007969,Richard Huntley,RB,81,73,-8,0.78,0.9,"Change-of-pace back [by ratings-overhaul-1999, 2026-06-08]"
PIT,Pittsburgh Steelers,1999,00-0015080,Aaron Smith,EDGE,75,72,-3,0.33,0.33,Engine re-derivation after 1999 roster/override changes
PIT,Pittsburgh Steelers,1999,00-0007120,Courtney Hawkins,WR,72,72,0,0.78,0.78,
PIT,Pittsburgh Steelers,1999,00-0015700,Kordell Stewart,QB,78,72,-6,0.78,0.9,"Struggled, benched at times [by ratings-overhaul-1999, 2026-06-08]"
PIT,Pittsburgh Steelers,1999,00-0001981,Lance Brown,CB,75,72,-3,0.33,0.33,Engine re-derivation after 1999 roster/override changes
PIT,Pittsburgh Steelers,1999,00-0007026,Nolan Harrison,DT,75,72,-3,0.33,0.33,Engine re-derivation after 1999 roster/override changes
PIT,Pittsburgh Steelers,1999,00-0004059,Travis Davis,S,81,72,-9,0.45,0.45,Engine re-derivation after 1999 roster/override changes
PIT,Pittsburgh Steelers,1999,00-0005736,Wayne Gandy,LT,70,72,2,0.45,0.45,Engine re-derivation after 1999 roster/override changes
PIT,Pittsburgh Steelers,1999,00-0009125,Chad Kelsay,LB,69,71,2,0.45,0.45,Engine re-derivation after 1999 roster/override changes
PIT,Pittsburgh Steelers,1999,00-0010116,Reggie Lowe,EDGE,76,71,-5,0.33,0.33,Engine re-derivation after 1999 roster/override changes
PIT,Pittsburgh Steelers,1999,00-0001933,Ernie Brown,EDGE,75,70,-5,0.33,0.33,Engine re-derivation after 1999 roster/override changes
PIT,Pittsburgh Steelers,1999,00-0014116,Orpheus Roye,EDGE,75,70,-5,0.33,0.33,Engine re-derivation after 1999 roster/override changes
PIT,Pittsburgh Steelers,1999,00-0001317,Will Blackwell,WR,70,70,0,0.78,0.78,
PIT,Pittsburgh Steelers,1999,00-0016577,Deshea Townsend,CB,75,69,-6,0.33,0.33,Engine re-derivation after 1999 roster/override changes
PIT,Pittsburgh Steelers,1999,00-0004586,Roger Duffy,C,77,69,-8,0.45,0.45,Engine re-derivation after 1999 roster/override changes
PIT,Pittsburgh Steelers,1999,00-0016205,Ryan Thelwell,WR,67,69,2,0.45,0.45,Engine re-derivation after 1999 roster/override changes
PIT,Pittsburgh Steelers,1999,00-0015843,Justin Strzelczyk,LT,65,68,3,0.45,0.45,Engine re-derivation after 1999 roster/override changes
PIT,Pittsburgh Steelers,1999,00-0003388,Chris Conrad,LT,82,67,-15,0.45,0.45,Engine re-derivation after 1999 roster/override changes
PIT,Pittsburgh Steelers,1999,00-0016538,Mike Tomczak,QB,72,67,-5,0.78,0.9,"Veteran backup [by ratings-overhaul-1999, 2026-06-08]"
PIT,Pittsburgh Steelers,1999,00-0018926,Mike Schneck,CB,75,66,-9,0.33,0.33,Engine re-derivation after 1999 roster/override changes
PIT,Pittsburgh Steelers,1999,00-0010202,Mitch Lyons,TE,65,65,0,0.6,0.6,
PIT,Pittsburgh Steelers,1999,00-0006100,Pete Gonzalez,QB,65,65,0,0.6,0.6,
PIT,Pittsburgh Steelers,1999,00-0015506,Jeremy Staat,DT,75,64,-11,0.33,0.33,Engine re-derivation after 1999 roster/override changes
PIT,Pittsburgh Steelers,1999,00-0005084,Kris Farris,LT,70,64,-6,0.45,0.45,Engine re-derivation after 1999 roster/override changes
PIT,Pittsburgh Steelers,1999,00-0013155,Shar Pourdanesh,LT,70,64,-6,0.45,0.45,Engine re-derivation after 1999 roster/override changes
PIT,Pittsburgh Steelers,1999,00-0012340,Chris Oldham,CB,75,63,-12,0.33,0.33,Engine re-derivation after 1999 roster/override changes
PIT,Pittsburgh Steelers,1999,00-0014902,Jason Simmons,CB,75,63,-12,0.33,0.33,Engine re-derivation after 1999 roster/override changes
PIT,Pittsburgh Steelers,1999,00-0014810,Scott Shields,CB,75,63,-12,0.33,0.33,Engine re-derivation after 1999 roster/override changes
PIT,Pittsburgh Steelers,1999,00-0015522,Brenden Stai,LG,69,62,-7,0.45,0.45,Engine re-derivation after 1999 roster/override changes
PIT,Pittsburgh Steelers,1999,00-0016960,Mike Vrabel,LB,65,62,-3,0.45,0.45,Engine re-derivation after 1999 roster/override changes
PIT,Pittsburgh Steelers,1999,00-0018272,Anthony Wright,QB,63,57,-6,0.45,0.45,Engine re-derivation after 1999 roster/override changes
PIT,Pittsburgh Steelers,1999,00-0003128,Tony Cline,TE,57,56,-1,0.6,0.6,Engine re-derivation after 1999 roster/override changes
PIT,Pittsburgh Steelers,1999,00-0015962,Jim Sweeney,C,61,55,-6,0.45,0.45,Engine re-derivation after 1999 roster/override changes
PIT,Pittsburgh Steelers,1999,00-0008575,Malcolm Johnson,WR,55,55,0,0.6,0.6,
PIT,Pittsburgh Steelers,1999,00-0016677,Jerame Tuman,TE,59,54,-5,0.45,0.45,Engine re-derivation after 1999 roster/override changes
PIT,Pittsburgh Steelers,1999,00-0003803,Matt Cushing,TE,52,52,0,0.6,0.6,
PIT,Pittsburgh Steelers,1999,00-0018501,Amos Zereoue,RB,51,51,0,0.6,0.6,
PIT,Pittsburgh Steelers,1999,00-0005620,Chris Fuamatu-Ma'afala,RB,50,50,0,0.6,0.6,
SEA,Seattle Seahawks,1999,00-0008894,Walter Jones,LT,76,92,16,0.33,0.9,"Elite All-Pro left tackle [by ratings-overhaul-1999, 2026-06-08]"
SEA,Seattle Seahawks,1999,00-0001887,Chad Brown,LB,75,85,10,0.33,0.9,"Star every-down LB, Pro Bowl [by ratings-overhaul-1999, 2026-06-08]"
SEA,Seattle Seahawks,1999,00-0005101,Christian Fauria,TE,84,84,0,0.78,0.78,
SEA,Seattle Seahawks,1999,00-0009148,Cortez Kennedy,DT,75,84,9,0.33,0.9,"Future HOF DT, still disruptive [by ratings-overhaul-1999, 2026-06-08]"
SEA,Seattle Seahawks,1999,00-0005720,Joey Galloway,WR,71,84,13,0.78,0.9,"Explosive playmaker (held out early) [by ratings-overhaul-1999, 2026-06-08]"
SEA,Seattle Seahawks,1999,00-0014980,Michael Sinclair,EDGE,76,84,8,0.33,0.9,"Pro Bowl edge, prior NFL sack leader [by ratings-overhaul-1999, 2026-06-08]"
SEA,Seattle Seahawks,1999,00-0015495,Shawn Springs,CB,75,83,8,0.33,0.9,"Pro Bowl shutdown corner [by ratings-overhaul-1999, 2026-06-08]"
SEA,Seattle Seahawks,1999,00-0017322,Ricky Watters,RB,87,82,-5,0.78,0.9,"Lead back, 1210 yds [by ratings-overhaul-1999, 2026-06-08]"
SEA,Seattle Seahawks,1999,00-0000065,Sam Adams,DT,75,80,5,0.33,0.9,"Disruptive big defensive tackle [by ratings-overhaul-1999, 2026-06-08]"
SEA,Seattle Seahawks,1999,00-0014889,Anthony Simmons,LB,75,78,3,0.33,0.9,"Ascending fast linebacker [by ratings-overhaul-1999, 2026-06-08]"
SEA,Seattle Seahawks,1999,00-0013258,Mike Pritchard,WR,77,78,1,0.78,0.78,Engine re-derivation after 1999 roster/override changes
SEA,Seattle Seahawks,1999,00-0012875,Todd Peterson,K,77,78,1,0.45,0.9,"Reliable kicker [by ratings-overhaul-1999, 2026-06-08]"
SEA,Seattle Seahawks,1999,00-0002027,Reggie Brown,RB,77,77,0,0.78,0.78,
SEA,Seattle Seahawks,1999,00-0017766,Darryl Williams,S,73,76,3,0.33,0.9,"Veteran ballhawk safety [by ratings-overhaul-1999, 2026-06-08]"
SEA,Seattle Seahawks,1999,00-0008941,Kerry Joseph,S,74,76,2,0.33,0.33,Engine re-derivation after 1999 roster/override changes
SEA,Seattle Seahawks,1999,00-0003474,Mondell Corbett,LG,73,76,3,0.33,0.33,Engine re-derivation after 1999 roster/override changes
SEA,Seattle Seahawks,1999,00-0009137,Pete Kendall,LG,73,76,3,0.33,0.9,"Starting guard [by ratings-overhaul-1999, 2026-06-08]"
SEA,Seattle Seahawks,1999,00-0003874,Phillip Daniels,EDGE,76,76,0,0.33,0.9,"Starting defensive end [by ratings-overhaul-1999, 2026-06-08]"
SEA,Seattle Seahawks,1999,00-0004077,Sean Dawkins,WR,87,76,-11,0.78,0.9,"Possession #1 in Galloway absence [by ratings-overhaul-1999, 2026-06-08]"
SEA,Seattle Seahawks,1999,00-0010029,James Logan,LB,75,75,0,0.33,0.33,
SEA,Seattle Seahawks,1999,00-0015132,Darrin Smith,LB,75,74,-1,0.33,0.9,"Veteran starting linebacker [by ratings-overhaul-1999, 2026-06-08]"
SEA,Seattle Seahawks,1999,00-0001058,Jay Bellamy,S,73,74,1,0.33,0.9,"Starting safety [by ratings-overhaul-1999, 2026-06-08]"
SEA,Seattle Seahawks,1999,00-0005113,Jeff Feagles,P,71,74,3,0.45,0.9,"Reliable punter [by ratings-overhaul-1999, 2026-06-08]"
SEA,Seattle Seahawks,1999,00-0009311,Jon Kitna,QB,86,74,-12,0.78,0.9,"Starter, mixed results [by ratings-overhaul-1999, 2026-06-08]"
SEA,Seattle Seahawks,1999,00-0017961,Willie Williams,CB,75,74,-1,0.33,0.9,"Starting corner [by ratings-overhaul-1999, 2026-06-08]"
SEA,Seattle Seahawks,1999,00-0005379,Glenn Foley,QB,73,73,0,0.6,0.6,
SEA,Seattle Seahawks,1999,00-0017804,Grant Williams,LT,75,73,-2,0.33,0.33,Engine re-derivation after 1999 roster/override changes
SEA,Seattle Seahawks,1999,00-0004881,Joey Eloms,CB,75,73,-2,0.33,0.33,Engine re-derivation after 1999 roster/override changes
SEA,Seattle Seahawks,1999,00-0012578,Riddick Parker,DT,75,73,-2,0.33,0.33,Engine re-derivation after 1999 roster/override changes
SEA,Seattle Seahawks,1999,00-0006305,Ahman Green,RB,68,72,4,0.78,0.9,"Backup (pre-Green Bay breakout) [by ratings-overhaul-1999, 2026-06-08]"
SEA,Seattle Seahawks,1999,00-0010599,Derrick Mayes,WR,89,72,-17,0.78,0.9,"Rotational receiver [by ratings-overhaul-1999, 2026-06-08]"
SEA,Seattle Seahawks,1999,00-0005635,Randy Fuller,CB,75,72,-3,0.33,0.33,Engine re-derivation after 1999 roster/override changes
SEA,Seattle Seahawks,1999,00-0007834,Brock Huard,QB,68,71,3,0.45,0.45,Engine re-derivation after 1999 roster/override changes
SEA,Seattle Seahawks,1999,00-0000598,Karsten Bailey,WR,67,71,4,0.45,0.45,Engine re-derivation after 1999 roster/override changes
SEA,Seattle Seahawks,1999,00-0013932,Mark Rodenhauser,C,73,71,-2,0.33,0.33,Engine re-derivation after 1999 roster/override changes
SEA,Seattle Seahawks,1999,00-0017975,James Willis,LB,75,70,-5,0.33,0.33,Engine re-derivation after 1999 roster/override changes
SEA,Seattle Seahawks,1999,00-0015830,Mack Strong,RB,52,70,18,0.6,0.9,"Lead-blocking fullback [by ratings-overhaul-1999, 2026-06-08]"
SEA,Seattle Seahawks,1999,00-0006775,Merton Hanks,CB,75,69,-6,0.33,0.33,Engine re-derivation after 1999 roster/override changes
SEA,Seattle Seahawks,1999,00-0005588,Rufus French,TE,67,69,2,0.45,0.45,Engine re-derivation after 1999 roster/override changes
SEA,Seattle Seahawks,1999,00-0003161,Antonio Cochran,EDGE,76,68,-8,0.33,0.33,Engine re-derivation after 1999 roster/override changes
SEA,Seattle Seahawks,1999,00-0006577,Brian Habib,LG,73,68,-5,0.33,0.33,Engine re-derivation after 1999 roster/override changes
SEA,Seattle Seahawks,1999,00-0006268,Chris Gray,C,73,68,-5,0.33,0.33,Engine re-derivation after 1999 roster/override changes
SEA,Seattle Seahawks,1999,00-0017383,Floyd Wedderburn,LT,75,67,-8,0.33,0.33,Engine re-derivation after 1999 roster/override changes
SEA,Seattle Seahawks,1999,00-0001373,Greg Bloedorn,C,73,67,-6,0.33,0.33,Engine re-derivation after 1999 roster/override changes
SEA,Seattle Seahawks,1999,00-0009539,Matt LaBounty,EDGE,76,67,-9,0.33,0.33,Engine re-derivation after 1999 roster/override changes
SEA,Seattle Seahawks,1999,00-0016263,Fred Thomas,CB,75,66,-9,0.33,0.33,Engine re-derivation after 1999 roster/override changes
SEA,Seattle Seahawks,1999,00-0009263,Lamar King,EDGE,76,66,-10,0.33,0.33,Engine re-derivation after 1999 roster/override changes
SEA,Seattle Seahawks,1999,00-0011894,DeShone Myles,LB,75,65,-10,0.33,0.33,Engine re-derivation after 1999 roster/override changes
SEA,Seattle Seahawks,1999,00-0011224,Itula Mili,TE,65,65,0,0.6,0.6,
SEA,Seattle Seahawks,1999,00-0002613,Chris Canty,CB,75,64,-11,0.33,0.33,Engine re-derivation after 1999 roster/override changes
SEA,Seattle Seahawks,1999,00-0017399,Todd Weiner,LT,76,64,-12,0.33,0.33,Engine re-derivation after 1999 roster/override changes
SEA,Seattle Seahawks,1999,00-0000999,Frank Beede,C,73,63,-10,0.33,0.33,Engine re-derivation after 1999 roster/override changes
SEA,Seattle Seahawks,1999,00-0006050,Kevin Glover,C,73,63,-10,0.33,0.33,Engine re-derivation after 1999 roster/override changes
SEA,Seattle Seahawks,1999,00-0017013,Brian Walker,CB,75,62,-13,0.33,0.33,Engine re-derivation after 1999 roster/override changes
SEA,Seattle Seahawks,1999,00-0001582,Fabien Bownes,WR,61,62,1,0.6,0.6,Engine re-derivation after 1999 roster/override changes
SEA,Seattle Seahawks,1999,00-0008488,Dustin Johnson,RB,63,61,-2,0.45,0.45,Engine re-derivation after 1999 roster/override changes
SEA,Seattle Seahawks,1999,00-0010589,Deems May,TE,63,56,-7,0.45,0.45,Engine re-derivation after 1999 roster/override changes
SEA,Seattle Seahawks,1999,00-0013958,Charlie Rogers,WR,63,55,-8,0.45,0.45,Engine re-derivation after 1999 roster/override changes
SEA,Seattle Seahawks,1999,00-0011341,Brian Milne,RB,50,51,1,0.6,0.6,Engine re-derivation after 1999 roster/override changes
SF,San Francisco 49ers,1999,00-0018405,Bryant Young,DT,75,90,15,0.33,0.9,"All-Pro comeback DT (broken leg), elite anchor [by ratings-overhaul-1999, 2026-06-08]"
SF,San Francisco 49ers,1999,00-0013639,Jerry Rice,WR,85,86,1,0.78,0.9,"Aging legend, down year but still elite-caliber [by ratings-overhaul-1999, 2026-06-08]"
SF,San Francisco 49ers,1999,00-0012478,Terrell Owens,WR,83,86,3,0.78,0.9,"Ascending star receiver [by ratings-overhaul-1999, 2026-06-08]"
SF,San Francisco 49ers,1999,00-0005779,Charlie Garner,RB,88,84,-4,0.78,0.9,"Explosive lead back, 1229 scrimmage [by ratings-overhaul-1999, 2026-06-08]"
SF,San Francisco 49ers,1999,00-0014504,Lance Schulters,S,76,80,4,0.45,0.9,"Ascending ballhawk safety [by ratings-overhaul-1999, 2026-06-08]"
SF,San Francisco 49ers,1999,00-0018441,Steve Young,QB,55,80,25,0.6,0.9,"Elite veteran, concussion ended season Week 3 [by ratings-overhaul-1999, 2026-06-08]"
SF,San Francisco 49ers,1999,00-0010810,Tim McDonald,S,81,80,-1,0.45,0.9,"Veteran Pro Bowl-caliber safety (final year) [by ratings-overhaul-1999, 2026-06-08]"
SF,San Francisco 49ers,1999,00-0005755,Jeff Garcia,QB,79,78,-1,0.78,0.9,"Rookie starter after Young injury, mobile [by ratings-overhaul-1999, 2026-06-08]"
SF,San Francisco 49ers,1999,00-0012042,Jeremy Newberry,LG,73,78,5,0.33,0.9,"Ascending starting center [by ratings-overhaul-1999, 2026-06-08]"
SF,San Francisco 49ers,1999,00-0012196,Ken Norton,LB,75,78,3,0.33,0.9,"Veteran every-down linebacker [by ratings-overhaul-1999, 2026-06-08]"
SF,San Francisco 49ers,1999,00-0017023,Darnell Walker,CB,75,77,2,0.33,0.33,Engine re-derivation after 1999 roster/override changes
SF,San Francisco 49ers,1999,00-0014675,Wasswa Serwanga,CB,75,77,2,0.33,0.33,Engine re-derivation after 1999 roster/override changes
SF,San Francisco 49ers,1999,00-0013700,David Richie,DT,75,76,1,0.33,0.33,Engine re-derivation after 1999 roster/override changes
SF,San Francisco 49ers,1999,00-0004128,Derrick Deese,LT,76,76,0,0.33,0.9,"Starting left tackle [by ratings-overhaul-1999, 2026-06-08]"
SF,San Francisco 49ers,1999,00-0015751,J.J. Stokes,WR,80,76,-4,0.78,0.9,"Possession #3 receiver [by ratings-overhaul-1999, 2026-06-08]"
SF,San Francisco 49ers,1999,00-0018186,Lee Woodall,LB,75,76,1,0.33,0.9,"Athletic starting linebacker [by ratings-overhaul-1999, 2026-06-08]"
SF,San Francisco 49ers,1999,00-0002020,Ray Brown,LG,73,76,3,0.33,0.9,"Veteran starting guard [by ratings-overhaul-1999, 2026-06-08]"
SF,San Francisco 49ers,1999,00-0009141,Matt Keneley,DT,75,75,0,0.33,0.33,
SF,San Francisco 49ers,1999,00-0011502,Monty Montgomery,CB,75,75,0,0.33,0.33,
SF,San Francisco 49ers,1999,00-0002186,Brentson Buckner,DT,75,74,-1,0.33,0.9,"Run-stuffing defensive tackle [by ratings-overhaul-1999, 2026-06-08]"
SF,San Francisco 49ers,1999,00-0012333,Chike Okeafor,LB,75,74,-1,0.33,0.33,Engine re-derivation after 1999 roster/override changes
SF,San Francisco 49ers,1999,00-0005234,Dave Fiore,LT,76,74,-2,0.33,0.33,Engine re-derivation after 1999 roster/override changes
SF,San Francisco 49ers,1999,00-0000942,Fred Beasley,RB,79,74,-5,0.78,0.9,"Lead-blocking fullback [by ratings-overhaul-1999, 2026-06-08]"
SF,San Francisco 49ers,1999,00-0003039,Greg Clark,TE,77,74,-3,0.78,0.9,"Receiving tight end [by ratings-overhaul-1999, 2026-06-08]"
SF,San Francisco 49ers,1999,00-0002142,Junior Bryant,DT,75,74,-1,0.33,0.9,"Rotational defensive tackle [by ratings-overhaul-1999, 2026-06-08]"
SF,San Francisco 49ers,1999,00-0011053,R.W. McQuarters,CB,75,74,-1,0.33,0.9,"Young starting corner [by ratings-overhaul-1999, 2026-06-08]"
SF,San Francisco 49ers,1999,00-0013699,Wade Richey,K,77,74,-3,0.45,0.9,"Young kicker [by ratings-overhaul-1999, 2026-06-08]"
SF,San Francisco 49ers,1999,00-0016647,Winfred Tubbs,LB,75,74,-1,0.33,0.9,"Starting linebacker [by ratings-overhaul-1999, 2026-06-08]"
SF,San Francisco 49ers,1999,00-0015550,Chad Stanley,P,70,73,3,0.45,0.45,Engine re-derivation after 1999 roster/override changes
SF,San Francisco 49ers,1999,00-0012066,Craig Newsome,CB,75,73,-2,0.33,0.33,Engine re-derivation after 1999 roster/override changes
SF,San Francisco 49ers,1999,00-0010183,Ben Lynch,C,73,72,-1,0.33,0.33,Engine re-derivation after 1999 roster/override changes
SF,San Francisco 49ers,1999,00-0006633,Charles Haley,EDGE,76,72,-4,0.33,0.9,"Veteran edge (final season) [by ratings-overhaul-1999, 2026-06-08]"
SF,San Francisco 49ers,1999,00-0009735,Dwayne Ledford,LT,76,71,-5,0.33,0.33,Engine re-derivation after 1999 roster/override changes
SF,San Francisco 49ers,1999,00-0013214,Roell Preston,WR,67,71,4,0.45,0.45,Engine re-derivation after 1999 roster/override changes
SF,San Francisco 49ers,1999,00-0007735,Tyrone Hopson,LG,73,70,-3,0.33,0.33,Engine re-derivation after 1999 roster/override changes
SF,San Francisco 49ers,1999,00-0001816,Zack Bronson,CB,75,70,-5,0.33,0.33,Engine re-derivation after 1999 roster/override changes
SF,San Francisco 49ers,1999,00-0002177,Jeff Buckey,LG,73,69,-4,0.33,0.33,Engine re-derivation after 1999 roster/override changes
SF,San Francisco 49ers,1999,00-0017448,Joe Wesley,LB,75,69,-6,0.33,0.33,Engine re-derivation after 1999 roster/override changes
SF,San Francisco 49ers,1999,00-0003835,Chris Dalman,C,73,68,-5,0.33,0.33,Engine re-derivation after 1999 roster/override changes
SF,San Francisco 49ers,1999,00-0004214,Dan Dercher,LT,76,68,-8,0.33,0.33,Engine re-derivation after 1999 roster/override changes
SF,San Francisco 49ers,1999,00-0006977,Mark Harris,WR,69,68,-1,0.78,0.78,Engine re-derivation after 1999 roster/override changes
SF,San Francisco 49ers,1999,00-0006014,Reggie Givens,LB,75,68,-7,0.33,0.33,Engine re-derivation after 1999 roster/override changes
SF,San Francisco 49ers,1999,00-0013141,Jeff Posey,EDGE,76,67,-9,0.33,0.33,Engine re-derivation after 1999 roster/override changes
SF,San Francisco 49ers,1999,00-0013255,Pierson Prioleau,CB,75,67,-8,0.33,0.33,Engine re-derivation after 1999 roster/override changes
SF,San Francisco 49ers,1999,00-0012547,Anthony Parker,CB,75,66,-9,0.33,0.33,Engine re-derivation after 1999 roster/override changes
SF,San Francisco 49ers,1999,00-0017691,Gabe Wilkins,EDGE,76,66,-10,0.33,0.33,Engine re-derivation after 1999 roster/override changes
SF,San Francisco 49ers,1999,00-0012439,Phil Ostrowski,LG,73,66,-7,0.33,0.33,Engine re-derivation after 1999 roster/override changes
SF,San Francisco 49ers,1999,00-0009293,Randy Kirk,C,73,65,-8,0.33,0.33,Engine re-derivation after 1999 roster/override changes
SF,San Francisco 49ers,1999,00-0001027,Shonn Bell,TE,68,65,-3,0.45,0.45,Engine re-derivation after 1999 roster/override changes
SF,San Francisco 49ers,1999,00-0007180,Garrison Hearst,RB,63,64,1,0.45,0.45,Engine re-derivation after 1999 roster/override changes
SF,San Francisco 49ers,1999,00-0017259,Marvin Washington,EDGE,76,64,-12,0.33,0.33,Engine re-derivation after 1999 roster/override changes
SF,San Francisco 49ers,1999,00-0010805,Ramos McDonald,CB,75,64,-11,0.33,0.33,Engine re-derivation after 1999 roster/override changes
SF,San Francisco 49ers,1999,00-0010889,Reggie McGrew,DT,75,64,-11,0.33,0.33,Engine re-derivation after 1999 roster/override changes
SF,San Francisco 49ers,1999,00-0012876,Tony Peterson,LB,75,64,-11,0.33,0.33,Engine re-derivation after 1999 roster/override changes
SF,San Francisco 49ers,1999,00-0005060,Chad Fann,TE,63,63,0,0.6,0.6,
SF,San Francisco 49ers,1999,00-0004505,Chris Draft,LB,75,63,-12,0.33,0.33,Engine re-derivation after 1999 roster/override changes
SF,San Francisco 49ers,1999,00-0000785,Pat Barnes,QB,63,61,-2,0.45,0.45,Engine re-derivation after 1999 roster/override changes
SF,San Francisco 49ers,1999,00-0015627,Steve Stenstrom,QB,62,61,-1,0.6,0.6,Engine re-derivation after 1999 roster/override changes
SF,San Francisco 49ers,1999,00-0015811,Tai Streets,WR,59,59,0,0.6,0.6,
SF,San Francisco 49ers,1999,00-0016842,Tommy Vardell,RB,58,58,0,0.6,0.6,
SF,San Francisco 49ers,1999,00-0018486,Joe Zelenka,TE,63,55,-8,0.45,0.45,Engine re-derivation after 1999 roster/override changes
SF,San Francisco 49ers,1999,00-0008196,Terry Jackson,RB,52,52,0,0.6,0.6,
SF,San Francisco 49ers,1999,00-0008391,Travis Jervey,RB,52,51,-1,0.6,0.6,Engine re-derivation after 1999 roster/override changes
TB,Tampa Bay Buccaneers,1999,00-0014358,Warren Sapp,DT,75,93,18,0.33,0.9,"DPOY-caliber, elite All-Pro defensive tackle [by ratings-overhaul-1999, 2026-06-08]"
TB,Tampa Bay Buccaneers,1999,00-0001833,Derrick Brooks,LB,75,92,17,0.33,0.9,"Elite All-Pro linebacker, sideline-to-sideline [by ratings-overhaul-1999, 2026-06-08]"
TB,Tampa Bay Buccaneers,1999,00-0010188,John Lynch,S,81,88,7,0.45,0.9,"Hard-hitting All-Pro safety [by ratings-overhaul-1999, 2026-06-08]"
TB,Tampa Bay Buccaneers,1999,00-0000251,Mike Alstott,RB,86,86,0,0.78,0.9,"Pro Bowl power back / fullback [by ratings-overhaul-1999, 2026-06-08]"
TB,Tampa Bay Buccaneers,1999,00-0000741,Ronde Barber,CB,76,84,8,0.33,0.9,"Ascending star nickel/corner [by ratings-overhaul-1999, 2026-06-08]"
TB,Tampa Bay Buccaneers,1999,00-0004640,Warrick Dunn,RB,86,84,-2,0.78,0.9,"Explosive dual-threat back [by ratings-overhaul-1999, 2026-06-08]"
TB,Tampa Bay Buccaneers,1999,00-0000017,Donnie Abraham,CB,76,82,6,0.33,0.9,"Ballhawk Pro Bowl-caliber corner [by ratings-overhaul-1999, 2026-06-08]"
TB,Tampa Bay Buccaneers,1999,00-0012102,Hardy Nickerson,LB,75,82,7,0.33,0.9,"Veteran Pro Bowl middle linebacker [by ratings-overhaul-1999, 2026-06-08]"
TB,Tampa Bay Buccaneers,1999,00-0006223,Martin Gramatica,K,78,82,4,0.45,0.9,"Strong-legged rookie Pro Bowl kicker [by ratings-overhaul-1999, 2026-06-08]"
TB,Tampa Bay Buccaneers,1999,00-0006508,Paul Gruber,LT,76,80,4,0.33,0.9,"Veteran Pro Bowl-caliber LT (final year) [by ratings-overhaul-1999, 2026-06-08]"
TB,Tampa Bay Buccaneers,1999,00-0010596,Tony Mayberry,C,73,78,5,0.33,0.9,"Pro Bowl center [by ratings-overhaul-1999, 2026-06-08]"
TB,Tampa Bay Buccaneers,1999,00-0008934,Antony Jordan,LB,75,76,1,0.33,0.33,Engine re-derivation after 1999 roster/override changes
TB,Tampa Bay Buccaneers,1999,00-0003738,Brad Culpepper,DT,75,76,1,0.33,0.9,"Undersized disruptive tackle [by ratings-overhaul-1999, 2026-06-08]"
TB,Tampa Bay Buccaneers,1999,00-0006331,Jacquez Green,WR,83,76,-7,0.78,0.9,"Deep threat, 791 yds [by ratings-overhaul-1999, 2026-06-08]"
TB,Tampa Bay Buccaneers,1999,00-0012983,Pete Pierson,LT,76,76,0,0.33,0.33,
TB,Tampa Bay Buccaneers,1999,00-0011192,Frank Middleton,LG,73,75,2,0.33,0.33,Engine re-derivation after 1999 roster/override changes
TB,Tampa Bay Buccaneers,1999,00-0014991,Alshermond Singleton,LB,75,74,-1,0.33,0.33,Engine re-derivation after 1999 roster/override changes
TB,Tampa Bay Buccaneers,1999,00-0010840,Anthony McFarland,DT,75,74,-1,0.33,0.33,Engine re-derivation after 1999 roster/override changes
TB,Tampa Bay Buccaneers,1999,00-0000100,Chidi Ahanotu,EDGE,76,74,-2,0.33,0.9,"Base defensive end [by ratings-overhaul-1999, 2026-06-08]"
TB,Tampa Bay Buccaneers,1999,00-0004388,Kevin Dogins,LG,73,74,1,0.33,0.33,Engine re-derivation after 1999 roster/override changes
TB,Tampa Bay Buccaneers,1999,00-0013322,Shelton Quarles,LB,75,74,-1,0.33,0.9,"Ascending linebacker [by ratings-overhaul-1999, 2026-06-08]"
TB,Tampa Bay Buccaneers,1999,00-0004888,Bert Emanuel,WR,71,73,2,0.78,0.9,"Possession receiver [by ratings-overhaul-1999, 2026-06-08]"
TB,Tampa Bay Buccaneers,1999,00-0009106,Brian Kelly,CB,75,73,-2,0.33,0.9,"Young starting corner [by ratings-overhaul-1999, 2026-06-08]"
TB,Tampa Bay Buccaneers,1999,00-0003780,DeMarcus Curry,LT,76,73,-3,0.33,0.33,Engine re-derivation after 1999 roster/override changes
TB,Tampa Bay Buccaneers,1999,00-0008817,Marcus Jones,EDGE,76,73,-3,0.33,0.9,"Rotational pass rusher [by ratings-overhaul-1999, 2026-06-08]"
TB,Tampa Bay Buccaneers,1999,00-0012519,Mitch Palmer,LB,75,73,-2,0.33,0.33,Engine re-derivation after 1999 roster/override changes
TB,Tampa Bay Buccaneers,1999,00-0011551,Dave Moore,TE,83,72,-11,0.78,0.9,"Blocking tight end [by ratings-overhaul-1999, 2026-06-08]"
TB,Tampa Bay Buccaneers,1999,00-0007207,George Hegamin,LT,76,72,-4,0.33,0.33,Engine re-derivation after 1999 roster/override changes
TB,Tampa Bay Buccaneers,1999,00-0002604,James Cannida,DT,75,72,-3,0.33,0.33,Engine re-derivation after 1999 roster/override changes
TB,Tampa Bay Buccaneers,1999,00-0018335,Jerry Wunsch,LT,76,72,-4,0.33,0.33,Engine re-derivation after 1999 roster/override changes
TB,Tampa Bay Buccaneers,1999,00-0016795,Morris Unutoa,C,73,72,-1,0.33,0.33,Engine re-derivation after 1999 roster/override changes
TB,Tampa Bay Buccaneers,1999,00-0000387,Reidel Anthony,WR,77,72,-5,0.78,0.9,"Rotational receiver [by ratings-overhaul-1999, 2026-06-08]"
TB,Tampa Bay Buccaneers,1999,00-0009266,Shaun King,QB,64,72,8,0.6,0.9,"Rookie sparked playoff run [by ratings-overhaul-1999, 2026-06-08]"
TB,Tampa Bay Buccaneers,1999,00-0004293,Trent Dilfer,QB,73,72,-1,0.78,0.9,"Game-manager (benched late) [by ratings-overhaul-1999, 2026-06-08]"
TB,Tampa Bay Buccaneers,1999,00-0006103,Jeff Gooch,LB,75,71,-4,0.33,0.33,Engine re-derivation after 1999 roster/override changes
TB,Tampa Bay Buccaneers,1999,00-0017847,Karl Williams,WR,70,71,1,0.78,0.78,Engine re-derivation after 1999 roster/override changes
TB,Tampa Bay Buccaneers,1999,00-0001299,Ken Blackman,LG,73,71,-2,0.33,0.33,Engine re-derivation after 1999 roster/override changes
TB,Tampa Bay Buccaneers,1999,00-0008115,Dexter Jackson,CB,75,70,-5,0.33,0.33,Engine re-derivation after 1999 roster/override changes
TB,Tampa Bay Buccaneers,1999,00-0004624,Jamie Duncan,LB,75,70,-5,0.33,0.33,Engine re-derivation after 1999 roster/override changes
TB,Tampa Bay Buccaneers,1999,00-0017279,Todd Washington,C,73,68,-5,0.33,0.33,Engine re-derivation after 1999 roster/override changes
TB,Tampa Bay Buccaneers,1999,00-0018414,Floyd Young,CB,76,67,-9,0.33,0.33,Engine re-derivation after 1999 roster/override changes
TB,Tampa Bay Buccaneers,1999,00-0012309,Jason Odom,LT,76,67,-9,0.33,0.33,Engine re-derivation after 1999 roster/override changes
TB,Tampa Bay Buccaneers,1999,00-0015302,Shevin Smith,CB,76,67,-9,0.33,0.33,Engine re-derivation after 1999 roster/override changes
TB,Tampa Bay Buccaneers,1999,00-0010632,Fred McAfee,RB,63,66,3,0.45,0.45,Engine re-derivation after 1999 roster/override changes
TB,Tampa Bay Buccaneers,1999,00-0011210,Scott Milanovich,QB,64,66,2,0.45,0.45,Engine re-derivation after 1999 roster/override changes
TB,Tampa Bay Buccaneers,1999,00-0008202,Tyoka Jackson,EDGE,76,66,-10,0.33,0.33,Engine re-derivation after 1999 roster/override changes
TB,Tampa Bay Buccaneers,1999,00-0003970,Don Davis,LB,75,65,-10,0.33,0.33,Engine re-derivation after 1999 roster/override changes
TB,Tampa Bay Buccaneers,1999,00-0004256,Jorge Diaz,LG,73,65,-8,0.33,0.33,Engine re-derivation after 1999 roster/override changes
TB,Tampa Bay Buccaneers,1999,00-0006804,Patrick Hape,TE,63,65,2,0.6,0.6,Engine re-derivation after 1999 roster/override changes
TB,Tampa Bay Buccaneers,1999,00-0017576,Steve White,EDGE,76,65,-11,0.33,0.33,Engine re-derivation after 1999 roster/override changes
TB,Tampa Bay Buccaneers,1999,00-0014115,Mark Royals,P,71,64,-7,0.45,0.45,Engine re-derivation after 1999 roster/override changes
TB,Tampa Bay Buccaneers,1999,00-0010796,Darnell McDonald,WR,62,63,1,0.6,0.6,Engine re-derivation after 1999 roster/override changes
TB,Tampa Bay Buccaneers,1999,00-0010982,John McLaughlin,LB,75,63,-12,0.33,0.33,Engine re-derivation after 1999 roster/override changes
TB,Tampa Bay Buccaneers,1999,00-0013850,Damien Robinson,S,69,61,-8,0.45,0.45,Engine re-derivation after 1999 roster/override changes
TB,Tampa Bay Buccaneers,1999,00-0004004,John Davis,TE,57,58,1,0.6,0.6,Engine re-derivation after 1999 roster/override changes
TB,Tampa Bay Buccaneers,1999,00-0000007,Rabih Abdullah,RB,57,58,1,0.6,0.6,Engine re-derivation after 1999 roster/override changes
TB,Tampa Bay Buccaneers,1999,00-0018483,Eric Zeier,QB,55,56,1,0.6,0.6,Engine re-derivation after 1999 roster/override changes
TB,Tampa Bay Buccaneers,1999,00-0010994,Kevin McLeod,RB,52,53,1,0.6,0.6,Engine re-derivation after 1999 roster/override changes
TEN,Tennessee Titans,1999,00-0009056,Jevon Kearse,EDGE,76,92,16,0.33,0.9,"Defensive ROY, 14.5 sacks, freak edge [by ratings-overhaul-1999, 2026-06-08]"
TEN,Tennessee Titans,1999,00-0010550,Bruce Matthews,LG,73,90,17,0.33,0.9,"Future HOF, All-Pro interior anchor [by ratings-overhaul-1999, 2026-06-08]"
TEN,Tennessee Titans,1999,00-0005883,Eddie George,RB,90,90,0,0.78,0.9,"Workhorse star, 1304 yds, Pro Bowl [by ratings-overhaul-1999, 2026-06-08]"
TEN,Tennessee Titans,1999,00-0018343,Frank Wycheck,TE,89,87,-2,0.78,0.9,"Pro Bowl receiving TE, Music City lateral [by ratings-overhaul-1999, 2026-06-08]"
TEN,Tennessee Titans,1999,00-0011024,Steve McNair,QB,74,85,11,0.78,0.9,"Tough dual-threat leader, SB run [by ratings-overhaul-1999, 2026-06-08]"
TEN,Tennessee Titans,1999,00-0001266,Blaine Bishop,S,81,84,3,0.45,0.9,"Pro Bowl hard-hitting safety [by ratings-overhaul-1999, 2026-06-08]"
TEN,Tennessee Titans,1999,00-0007719,Brad Hopkins,LT,76,84,8,0.33,0.9,"Pro Bowl-caliber left tackle [by ratings-overhaul-1999, 2026-06-08]"
TEN,Tennessee Titans,1999,00-0004147,Al Del Greco,K,78,82,4,0.45,0.9,"Reliable veteran kicker [by ratings-overhaul-1999, 2026-06-08]"
TEN,Tennessee Titans,1999,00-0013995,Samari Rolle,CB,76,82,6,0.33,0.9,"Ascending shutdown corner [by ratings-overhaul-1999, 2026-06-08]"
TEN,Tennessee Titans,1999,00-0007308,Craig Hentrich,P,71,80,9,0.45,0.9,"Pro Bowl punter [by ratings-overhaul-1999, 2026-06-08]"
TEN,Tennessee Titans,1999,00-0013835,Marcus Robertson,S,76,80,4,0.45,0.9,"Veteran ballhawk safety [by ratings-overhaul-1999, 2026-06-08]"
TEN,Tennessee Titans,1999,00-0016214,Yancey Thigpen,WR,75,79,4,0.78,0.9,"Veteran #1 when healthy [by ratings-overhaul-1999, 2026-06-08]"
TEN,Tennessee Titans,1999,00-0014319,Chris Sanders,WR,77,78,1,0.78,0.78,Engine re-derivation after 1999 roster/override changes
TEN,Tennessee Titans,1999,00-0017026,Denard Walker,CB,76,78,2,0.33,0.9,"Solid starting corner [by ratings-overhaul-1999, 2026-06-08]"
TEN,Tennessee Titans,1999,00-0011407,Donald Mitchell,CB,76,78,2,0.33,0.33,Engine re-derivation after 1999 roster/override changes
TEN,Tennessee Titans,1999,00-0014260,Joe Salave'a,DT,75,78,3,0.33,0.33,Engine re-derivation after 1999 roster/override changes
TEN,Tennessee Titans,1999,00-0004694,Kevin Dyson,WR,83,78,-5,0.78,0.9,"Ascending WR, Music City Miracle [by ratings-overhaul-1999, 2026-06-08]"
TEN,Tennessee Titans,1999,00-0005105,Greg Favors,LB,75,77,2,0.33,0.33,Engine re-derivation after 1999 roster/override changes
TEN,Tennessee Titans,1999,00-0014169,Jon Runyan,LT,76,77,1,0.33,0.33,Engine re-derivation after 1999 roster/override changes
TEN,Tennessee Titans,1999,00-0012261,Neil O'Donnell,QB,76,77,1,0.78,0.78,Engine re-derivation after 1999 roster/override changes
TEN,Tennessee Titans,1999,00-0004440,Anthony Dorsett,CB,76,76,0,0.33,0.33,
TEN,Tennessee Titans,1999,00-0012381,Benji Olson,LG,73,76,3,0.33,0.9,"Young starting guard [by ratings-overhaul-1999, 2026-06-08]"
TEN,Tennessee Titans,1999,00-0013858,Eddie Robinson,LB,75,76,1,0.33,0.9,"Every-down linebacker [by ratings-overhaul-1999, 2026-06-08]"
TEN,Tennessee Titans,1999,00-0006949,Jackie Harris,TE,75,76,1,0.78,0.78,Engine re-derivation after 1999 roster/override changes
TEN,Tennessee Titans,1999,00-0004989,Josh Evans,DT,76,76,0,0.33,0.9,"Starting defensive tackle [by ratings-overhaul-1999, 2026-06-08]"
TEN,Tennessee Titans,1999,00-0016321,Rodney Thomas,RB,75,76,1,0.78,0.78,Engine re-derivation after 1999 roster/override changes
TEN,Tennessee Titans,1999,00-0012991,Zach Piller,LT,76,76,0,0.33,0.33,
TEN,Tennessee Titans,1999,00-0003320,Doug Colman,LB,75,75,0,0.33,0.33,
TEN,Tennessee Titans,1999,00-0018259,Barron Wortham,LB,75,74,-1,0.33,0.9,"Starting linebacker [by ratings-overhaul-1999, 2026-06-08]"
TEN,Tennessee Titans,1999,00-0005263,Jason Fisk,DT,75,74,-1,0.33,0.9,"Rotational defensive tackle [by ratings-overhaul-1999, 2026-06-08]"
TEN,Tennessee Titans,1999,00-0007659,Kenny Holmes,EDGE,76,74,-2,0.33,0.33,Engine re-derivation after 1999 roster/override changes
TEN,Tennessee Titans,1999,00-0011958,Lorenzo Neal,RB,69,74,5,0.78,0.9,"Bulldozer lead-blocking FB [by ratings-overhaul-1999, 2026-06-08]"
TEN,Tennessee Titans,1999,00-0013792,Michael Roan,TE,73,74,1,0.78,0.78,Engine re-derivation after 1999 roster/override changes
TEN,Tennessee Titans,1999,00-0010530,Jason Mathews,LT,76,73,-3,0.33,0.33,Engine re-derivation after 1999 roster/override changes
TEN,Tennessee Titans,1999,00-0014339,Scott Sanderson,LG,73,73,0,0.33,0.33,
TEN,Tennessee Titans,1999,00-0002469,Isaac Byrd,WR,71,72,1,0.78,0.78,Engine re-derivation after 1999 roster/override changes
TEN,Tennessee Titans,1999,00-0005558,Mike Frederick,EDGE,76,71,-5,0.33,0.33,Engine re-derivation after 1999 roster/override changes
TEN,Tennessee Titans,1999,00-0008831,Mike D. Jones,DT,76,70,-6,0.33,0.33,Engine re-derivation after 1999 roster/override changes
TEN,Tennessee Titans,1999,00-0010059,Kevin Long,C,73,69,-4,0.33,0.33,Engine re-derivation after 1999 roster/override changes
TEN,Tennessee Titans,1999,00-0016431,John Thornton,DT,75,68,-7,0.33,0.33,Engine re-derivation after 1999 roster/override changes
TEN,Tennessee Titans,1999,00-0006052,Phil Glover,LB,75,68,-7,0.33,0.33,Engine re-derivation after 1999 roster/override changes
TEN,Tennessee Titans,1999,00-0008193,Steve Jackson,CB,76,68,-8,0.33,0.33,Engine re-derivation after 1999 roster/override changes
TEN,Tennessee Titans,1999,00-0009219,Terry Killens,LB,76,68,-8,0.33,0.33,Engine re-derivation after 1999 roster/override changes
TEN,Tennessee Titans,1999,00-0010765,George McCullough,CB,76,67,-9,0.33,0.33,Engine re-derivation after 1999 roster/override changes
TEN,Tennessee Titans,1999,00-0009709,Jason Layman,LG,73,67,-6,0.33,0.33,Engine re-derivation after 1999 roster/override changes
TEN,Tennessee Titans,1999,00-0003819,Kevin Daft,QB,69,67,-2,0.45,0.45,Engine re-derivation after 1999 roster/override changes
TEN,Tennessee Titans,1999,00-0012497,Craig Page,C,73,66,-7,0.33,0.33,Engine re-derivation after 1999 roster/override changes
TEN,Tennessee Titans,1999,00-0001641,Josh Bradley,TE,63,66,3,0.45,0.45,Engine re-derivation after 1999 roster/override changes
TEN,Tennessee Titans,1999,00-0005417,Henry Ford,EDGE,76,65,-11,0.33,0.33,Engine re-derivation after 1999 roster/override changes
TEN,Tennessee Titans,1999,00-0001986,Larry Brown,TE,63,65,2,0.45,0.45,Engine re-derivation after 1999 roster/override changes
TEN,Tennessee Titans,1999,00-0012908,Perry Phenix,CB,76,65,-11,0.33,0.33,Engine re-derivation after 1999 roster/override changes
TEN,Tennessee Titans,1999,00-0010203,Pratt Lyons,DT,76,64,-12,0.33,0.33,Engine re-derivation after 1999 roster/override changes
TEN,Tennessee Titans,1999,00-0014859,Dainon Sidney,CB,76,63,-13,0.33,0.33,Engine re-derivation after 1999 roster/override changes
TEN,Tennessee Titans,1999,00-0015526,Dennis Stallings,LB,75,63,-12,0.33,0.33,Engine re-derivation after 1999 roster/override changes
TEN,Tennessee Titans,1999,00-0001557,Joe Bowden,LB,75,63,-12,0.33,0.33,Engine re-derivation after 1999 roster/override changes
TEN,Tennessee Titans,1999,00-0010500,Derrick Mason,WR,61,62,1,0.6,0.6,Engine re-derivation after 1999 roster/override changes
TEN,Tennessee Titans,1999,00-0005891,Spencer George,RB,63,57,-6,0.45,0.45,Engine re-derivation after 1999 roster/override changes
TEN,Tennessee Titans,1999,00-0009165,Joey Kent,WR,55,56,1,0.6,0.6,Engine re-derivation after 1999 roster/override changes
WAS,Washington Redskins,1999,00-0004052,Stephen Davis,RB,93,88,-5,0.78,0.9,"Breakout star, 1405 yds, 17 TD, Pro Bowl [by ratings-overhaul-1999, 2026-06-08]"
WAS,Washington Redskins,1999,00-0000585,Champ Bailey,CB,76,86,10,0.33,0.9,"Star rookie corner, Pro Bowl-caliber [by ratings-overhaul-1999, 2026-06-08]"
WAS,Washington Redskins,1999,00-0008442,Brad Johnson,QB,91,84,-7,0.78,0.9,"Pro Bowl season, 4005 yds, 24 TD [by ratings-overhaul-1999, 2026-06-08]"
WAS,Washington Redskins,1999,00-0017470,Michael Westbrook,WR,91,84,-7,0.78,0.9,"Career year, 1191 yds [by ratings-overhaul-1999, 2026-06-08]"
WAS,Washington Redskins,1999,00-0008640,Tre' Johnson,LG,74,84,10,0.33,0.9,"Pro Bowl guard [by ratings-overhaul-1999, 2026-06-08]"
WAS,Washington Redskins,1999,00-0006316,Darrell Green,CB,76,82,6,0.33,0.9,"Future HOF veteran corner, still excellent [by ratings-overhaul-1999, 2026-06-08]"
WAS,Washington Redskins,1999,00-0003378,Albert Connell,WR,88,80,-8,0.78,0.9,"Deep threat, 1132 yds [by ratings-overhaul-1999, 2026-06-08]"
WAS,Washington Redskins,1999,00-0017698,Dan Wilkinson,DT,76,80,4,0.33,0.9,"Stout run-stuffing tackle [by ratings-overhaul-1999, 2026-06-08]"
WAS,Washington Redskins,1999,00-0016689,Matt Turk,P,77,80,3,0.45,0.9,"Pro Bowl punter [by ratings-overhaul-1999, 2026-06-08]"
WAS,Washington Redskins,1999,00-0011399,Brian Mitchell,RB,78,78,0,0.78,0.78,
WAS,Washington Redskins,1999,00-0008271,Jon Jansen,LT,76,78,2,0.33,0.9,"Solid rookie starting tackle [by ratings-overhaul-1999, 2026-06-08]"
WAS,Washington Redskins,1999,00-0002846,Larry Centers,RB,81,78,-3,0.78,0.9,"Pro Bowl receiving fullback [by ratings-overhaul-1999, 2026-06-08]"
WAS,Washington Redskins,1999,00-0003230,Marco Coleman,EDGE,76,78,2,0.33,0.9,"Solid pass-rushing edge [by ratings-overhaul-1999, 2026-06-08]"
WAS,Washington Redskins,1999,00-0000743,Shawn Barber,LB,76,78,2,0.33,0.9,"Ascending playmaking linebacker [by ratings-overhaul-1999, 2026-06-08]"
WAS,Washington Redskins,1999,00-0001922,Doug Brown,DT,76,77,1,0.33,0.33,Engine re-derivation after 1999 roster/override changes
WAS,Washington Redskins,1999,00-0007195,Andy Heck,LT,76,76,0,0.33,0.9,"Veteran starting left tackle [by ratings-overhaul-1999, 2026-06-08]"
WAS,Washington Redskins,1999,00-0015847,Dana Stubblefield,DT,76,76,0,0.33,0.9,"Veteran defensive tackle [by ratings-overhaul-1999, 2026-06-08]"
WAS,Washington Redskins,1999,00-0013154,Darryl Pounds,CB,76,76,0,0.33,0.33,
WAS,Washington Redskins,1999,00-0005616,Irving Fryar,WR,77,76,-1,0.78,0.9,"Aged veteran possession WR [by ratings-overhaul-1999, 2026-06-08]"
WAS,Washington Redskins,1999,00-0006722,Malcolm Hamilton,LB,76,76,0,0.33,0.33,
WAS,Washington Redskins,1999,00-0000166,Stephen Alexander,TE,82,76,-6,0.78,0.9,"Receiving tight end [by ratings-overhaul-1999, 2026-06-08]"
WAS,Washington Redskins,1999,00-0014960,Keith Sims,LG,74,75,1,0.33,0.33,Engine re-derivation after 1999 roster/override changes
WAS,Washington Redskins,1999,00-0004208,Tim Denton,CB,76,75,-1,0.33,0.33,Engine re-derivation after 1999 roster/override changes
WAS,Washington Redskins,1999,00-0015150,Derek G. Smith,LG,74,74,0,0.33,0.33,
WAS,Washington Redskins,1999,00-0015151,Derek M. Smith,LB,76,74,-2,0.33,0.33,Engine re-derivation after 1999 roster/override changes
WAS,Washington Redskins,1999,00-0009612,Kenard Lang,EDGE,76,74,-2,0.33,0.9,"Rotational defensive end [by ratings-overhaul-1999, 2026-06-08]"
WAS,Washington Redskins,1999,00-0003395,Brett Conway,K,69,73,4,0.45,0.45,Engine re-derivation after 1999 roster/override changes
WAS,Washington Redskins,1999,00-0005504,James Francis,LB,76,73,-3,0.33,0.33,Engine re-derivation after 1999 roster/override changes
WAS,Washington Redskins,1999,00-0014655,Mike Sellers,TE,72,73,1,0.78,0.78,Engine re-derivation after 1999 roster/override changes
WAS,Washington Redskins,1999,00-0014692,Sam Shade,S,77,73,-4,0.45,0.9,"Starting safety [by ratings-overhaul-1999, 2026-06-08]"
WAS,Washington Redskins,1999,00-0002180,Curtis Buckley,CB,76,72,-4,0.33,0.33,Engine re-derivation after 1999 roster/override changes
WAS,Washington Redskins,1999,00-0007548,David Hoelscher,EDGE,76,72,-4,0.33,0.33,Engine re-derivation after 1999 roster/override changes
WAS,Washington Redskins,1999,00-0008755,Greg Jones,LB,76,72,-4,0.33,0.33,Engine re-derivation after 1999 roster/override changes
WAS,Washington Redskins,1999,00-0009001,N. D. Kalu,EDGE,76,72,-4,0.33,0.33,Engine re-derivation after 1999 roster/override changes
WAS,Washington Redskins,1999,00-0005236,Mark Fischer,C,74,70,-4,0.33,0.33,Engine re-derivation after 1999 roster/override changes
WAS,Washington Redskins,1999,00-0007389,Skip Hicks,RB,71,70,-1,0.78,0.9,"Backup running back [by ratings-overhaul-1999, 2026-06-08]"
WAS,Washington Redskins,1999,00-0016041,Barron Tanner,DT,76,69,-7,0.33,0.33,Engine re-derivation after 1999 roster/override changes
WAS,Washington Redskins,1999,00-0001551,Marc Boutte,DT,76,69,-7,0.33,0.33,Engine re-derivation after 1999 roster/override changes
WAS,Washington Redskins,1999,00-0011013,Mark McMillian,CB,76,69,-7,0.33,0.33,Engine re-derivation after 1999 roster/override changes
WAS,Washington Redskins,1999,00-0012673,Tito Paul,CB,76,69,-7,0.33,0.33,Engine re-derivation after 1999 roster/override changes
WAS,Washington Redskins,1999,00-0014200,Twan Russell,LB,76,69,-7,0.33,0.33,Engine re-derivation after 1999 roster/override changes
WAS,Washington Redskins,1999,00-0013458,Cory Raymer,C,73,68,-5,0.33,0.33,Engine re-derivation after 1999 roster/override changes
WAS,Washington Redskins,1999,00-0016373,Derrius Thompson,WR,72,68,-4,0.45,0.45,Engine re-derivation after 1999 roster/override changes
WAS,Washington Redskins,1999,00-0015674,Matt Stevens,CB,76,68,-8,0.33,0.33,Engine re-derivation after 1999 roster/override changes
WAS,Washington Redskins,1999,00-0010501,Eddie Mason,LB,76,67,-9,0.33,0.33,Engine re-derivation after 1999 roster/override changes
WAS,Washington Redskins,1999,00-0000576,Brad Badger,LG,73,66,-7,0.33,0.33,Engine re-derivation after 1999 roster/override changes
WAS,Washington Redskins,1999,00-0016686,Dan Turk,C,74,66,-8,0.33,0.33,Engine re-derivation after 1999 roster/override changes
WAS,Washington Redskins,1999,00-0001957,Jamie Brown,LT,76,66,-10,0.33,0.33,Engine re-derivation after 1999 roster/override changes
WAS,Washington Redskins,1999,00-0004993,Leomont Evans,S,81,66,-15,0.45,0.45,Engine re-derivation after 1999 roster/override changes
WAS,Washington Redskins,1999,00-0015817,Fred Strickland,LB,76,65,-11,0.33,0.33,Engine re-derivation after 1999 roster/override changes
WAS,Washington Redskins,1999,00-0003404,Anthony Cook,EDGE,76,64,-12,0.33,0.33,Engine re-derivation after 1999 roster/override changes
WAS,Washington Redskins,1999,00-0006178,Kurt Gouveia,LB,76,64,-12,0.33,0.33,Engine re-derivation after 1999 roster/override changes
WAS,Washington Redskins,1999,00-0011344,Rod Milstead,LG,74,63,-11,0.33,0.33,Engine re-derivation after 1999 roster/override changes
WAS,Washington Redskins,1999,00-0012732,Rodney Peete,QB,63,63,0,0.6,0.6,
WAS,Washington Redskins,1999,00-0016440,James Thrash,WR,61,62,1,0.6,0.6,Engine re-derivation after 1999 roster/override changes
WAS,Washington Redskins,1999,00-0016906,Kipp Vickers,LT,76,62,-14,0.33,0.33,Engine re-derivation after 1999 roster/override changes
WAS,Washington Redskins,1999,00-0017415,Casey Weldon,QB,59,59,0,0.6,0.6,
WAS,Washington Redskins,1999,00-0001573,Larry Bowie,RB,63,58,-5,0.45,0.45,Engine re-derivation after 1999 roster/override changes
WAS,Washington Redskins,1999,00-0008346,James Jenkins,TE,56,57,1,0.6,0.6,Engine re-derivation after 1999 roster/override changes
