team_code,team_name,season,player_id,name,position,old_overall,new_overall,change,old_confidence,new_confidence,reason_for_change
ARI,Arizona Cardinals,2001,00-0001532,David Boston,WR,95,91,-4,0.78,0.9,"1st-team All-Pro WR, 98 cat/1598 yds on a bad team [by ratings-overhaul-2001, 2026-06-09]"
ARI,Arizona Cardinals,2001,00-0013042,Jake Plummer,QB,86,79,-7,0.78,0.9,"Turnover-prone starter, 18 TD/14 INT [by ratings-overhaul-2001, 2026-06-09]"
ARI,Arizona Cardinals,2001,00-0013013,Michael Pittman,RB,84,79,-5,0.78,0.9,"Dual-threat lead back, 1275 scrimmage yds [by ratings-overhaul-2001, 2026-06-09]"
ARI,Arizona Cardinals,2001,00-0014328,Frank Sanders,WR,81,78,-3,0.78,0.9,"Veteran possession #2, 618 yds [by ratings-overhaul-2001, 2026-06-09]"
ARI,Arizona Cardinals,2001,00-0005392,James Folston,LB,71,78,7,0.33,0.33,Engine re-derivation after 2001 roster/override changes
ARI,Arizona Cardinals,2001,00-0016479,Pat Tillman,S,71,78,7,0.33,0.9,"Hard-hitting starting safety [by ratings-overhaul-2001, 2026-06-09]"
ARI,Arizona Cardinals,2001,00-0009137,Pete Kendall,LG,80,78,-2,0.45,0.9,"Solid starting guard [by ratings-overhaul-2001, 2026-06-09]"
ARI,Arizona Cardinals,2001,00-0009659,Kwamie Lassiter,S,71,77,6,0.33,0.9,"Ballhawk veteran safety [by ratings-overhaul-2001, 2026-06-09]"
ARI,Arizona Cardinals,2001,00-0020301,Renaldo Hill,CB,73,77,4,0.33,0.33,Engine re-derivation after 2001 roster/override changes
ARI,Arizona Cardinals,2001,00-0010970,Ronald McKinnon,LB,71,77,6,0.33,0.9,"Tackle-machine middle linebacker [by ratings-overhaul-2001, 2026-06-09]"
ARI,Arizona Cardinals,2001,00-0018563,Justin Lucas,S,71,76,5,0.33,0.33,Engine re-derivation after 2001 roster/override changes
ARI,Arizona Cardinals,2001,00-0020533,Leonard Davis,LG,65,76,11,0.45,0.9,"Raw #2-overall rookie tackle [by ratings-overhaul-2001, 2026-06-09]"
ARI,Arizona Cardinals,2001,00-0020025,LeVar Woods,LB,71,76,5,0.33,0.33,Engine re-derivation after 2001 roster/override changes
ARI,Arizona Cardinals,2001,00-0020505,Adrian Wilson,CB,73,75,2,0.33,0.9,"Ascending rookie strong safety [by ratings-overhaul-2001, 2026-06-09]"
ARI,Arizona Cardinals,2001,00-0002919,Corey Chavous,CB,73,75,2,0.33,0.9,"Versatile starting defensive back [by ratings-overhaul-2001, 2026-06-09]"
ARI,Arizona Cardinals,2001,00-0014209,Johnny Rutledge,LB,71,75,4,0.33,0.33,Engine re-derivation after 2001 roster/override changes
ARI,Arizona Cardinals,2001,00-0014776,L.J. Shelton,LT,78,75,-3,0.45,0.9,"Starting left tackle [by ratings-overhaul-2001, 2026-06-09]"
ARI,Arizona Cardinals,2001,00-0009360,Tom Knight,CB,73,75,2,0.33,0.33,Engine re-derivation after 2001 roster/override changes
ARI,Arizona Cardinals,2001,00-0020012,Andy Bowers,EDGE,71,74,3,0.33,0.33,Engine re-derivation after 2001 roster/override changes
ARI,Arizona Cardinals,2001,00-0004336,Chris Dishman,LG,80,74,-6,0.45,0.9,"Veteran starting guard [by ratings-overhaul-2001, 2026-06-09]"
ARI,Arizona Cardinals,2001,00-0020307,Mario Fatafehi,DT,71,74,3,0.33,0.33,Engine re-derivation after 2001 roster/override changes
ARI,Arizona Cardinals,2001,00-0005560,Rob Fredrickson,LB,71,74,3,0.33,0.9,"Veteran starting linebacker [by ratings-overhaul-2001, 2026-06-09]"
ARI,Arizona Cardinals,2001,00-0011601,Rob Moore,WR,72,74,2,0.45,0.45,Engine re-derivation after 2001 roster/override changes
ARI,Arizona Cardinals,2001,00-0004046,Russell Davis,DT,71,74,3,0.33,0.9,"Starting defensive tackle [by ratings-overhaul-2001, 2026-06-09]"
ARI,Arizona Cardinals,2001,00-0003105,Anthony Clement,LT,82,73,-9,0.45,0.9,"Young starting tackle [by ratings-overhaul-2001, 2026-06-09]"
ARI,Arizona Cardinals,2001,00-0020382,Kyle Vanden Bosch,EDGE,71,73,2,0.33,0.9,"Raw rookie pass rusher [by ratings-overhaul-2001, 2026-06-09]"
ARI,Arizona Cardinals,2001,00-0008357,MarTay Jenkins,WR,79,73,-6,0.78,0.9,"Rotational deep threat [by ratings-overhaul-2001, 2026-06-09]"
ARI,Arizona Cardinals,2001,00-0019535,Raynoch Thompson,LB,71,73,2,0.33,0.9,"Ascending starting linebacker [by ratings-overhaul-2001, 2026-06-09]"
ARI,Arizona Cardinals,2001,00-0019641,Thomas Jones,RB,80,73,-7,0.78,0.9,"Disappointing former #7-pick back, 380 yds [by ratings-overhaul-2001, 2026-06-09]"
ARI,Arizona Cardinals,2001,00-0020296,Bill Gramatica,K,71,72,1,0.33,0.9,"Rookie kicker [by ratings-overhaul-2001, 2026-06-09]"
ARI,Arizona Cardinals,2001,00-0019469,David Barrett,CB,73,72,-1,0.33,0.33,Engine re-derivation after 2001 roster/override changes
ARI,Arizona Cardinals,2001,00-0010292,Joel Makovicka,RB,75,72,-3,0.78,0.9,"Lead-blocking fullback [by ratings-overhaul-2001, 2026-06-09]"
ARI,Arizona Cardinals,2001,00-0019480,Mao Tosi,EDGE,72,72,0,0.33,0.33,
ARI,Arizona Cardinals,2001,00-0020383,Michael Stone,CB,73,72,-1,0.33,0.33,Engine re-derivation after 2001 roster/override changes
ARI,Arizona Cardinals,2001,00-0017148,Zack Walz,LB,71,72,1,0.33,0.33,Engine re-derivation after 2001 roster/override changes
ARI,Arizona Cardinals,2001,00-0006410,Chris Greisen,QB,68,71,3,0.45,0.45,Engine re-derivation after 2001 roster/override changes
ARI,Arizona Cardinals,2001,00-0019501,Sekou Sanyika,LB,71,71,0,0.33,0.33,
ARI,Arizona Cardinals,2001,00-0011439,Tywan Mitchell,TE,80,71,-9,0.78,0.9,"Rotational receiving tight end [by ratings-overhaul-2001, 2026-06-09]"
ARI,Arizona Cardinals,2001,00-0019302,Bryan Gilmore,WR,66,70,4,0.45,0.45,Engine re-derivation after 2001 roster/override changes
ARI,Arizona Cardinals,2001,00-0001907,Dave Brown,QB,74,70,-4,0.45,0.45,Engine re-derivation after 2001 roster/override changes
ARI,Arizona Cardinals,2001,00-0020026,Michael Young,LB,71,70,-1,0.33,0.33,Engine re-derivation after 2001 roster/override changes
ARI,Arizona Cardinals,2001,00-0020015,Mike Cook,LT,70,70,0,0.45,0.45,
ARI,Arizona Cardinals,2001,00-0001343,Cary Blanchard,K,71,69,-2,0.33,0.33,Engine re-derivation after 2001 roster/override changes
ARI,Arizona Cardinals,2001,00-0020024,Fred Wakefield,EDGE,71,69,-2,0.33,0.33,Engine re-derivation after 2001 roster/override changes
ARI,Arizona Cardinals,2001,00-0020018,Arnold Jackson,WR,69,68,-1,0.78,0.78,Engine re-derivation after 2001 roster/override changes
ARI,Arizona Cardinals,2001,00-0019766,Cedric Oglesby,K,71,68,-3,0.33,0.33,Engine re-derivation after 2001 roster/override changes
ARI,Arizona Cardinals,2001,00-0013028,Scott Player,P,69,68,-1,0.45,0.45,Engine re-derivation after 2001 roster/override changes
ARI,Arizona Cardinals,2001,00-0019492,Jabari Issa,EDGE,71,67,-4,0.33,0.33,Engine re-derivation after 2001 roster/override changes
ARI,Arizona Cardinals,2001,00-0020011,Jarvis Borum,LT,70,67,-3,0.45,0.45,Engine re-derivation after 2001 roster/override changes
ARI,Arizona Cardinals,2001,00-0019834,Nathan Hodel,C,69,67,-2,0.45,0.45,Engine re-derivation after 2001 roster/override changes
ARI,Arizona Cardinals,2001,00-0016041,Barron Tanner,DT,71,66,-5,0.33,0.33,Engine re-derivation after 2001 roster/override changes
ARI,Arizona Cardinals,2001,00-0006848,Terry Hardy,TE,66,66,0,0.6,0.6,
ARI,Arizona Cardinals,2001,00-0013623,Coby Rhinehart,CB,73,65,-8,0.33,0.33,Engine re-derivation after 2001 roster/override changes
ARI,Arizona Cardinals,2001,00-0020297,Marcus Bell,DT,71,65,-6,0.33,0.33,Engine re-derivation after 2001 roster/override changes
ARI,Arizona Cardinals,2001,00-0002257,Tom Burke,EDGE,72,64,-8,0.33,0.33,Engine re-derivation after 2001 roster/override changes
ARI,Arizona Cardinals,2001,00-0008961,Trey Junkin,TE,62,64,2,0.45,0.45,Engine re-derivation after 2001 roster/override changes
ARI,Arizona Cardinals,2001,00-0019518,Jason Starkey,C,69,63,-6,0.45,0.45,Engine re-derivation after 2001 roster/override changes
ARI,Arizona Cardinals,2001,00-0020022,Marcel Shipp,RB,62,62,0,0.45,0.45,
ARI,Arizona Cardinals,2001,00-0014589,Yusuf Scott,LG,77,62,-15,0.45,0.45,Engine re-derivation after 2001 roster/override changes
ARI,Arizona Cardinals,2001,00-0007047,Lawrence Hart,TE,62,61,-1,0.45,0.45,Engine re-derivation after 2001 roster/override changes
ARI,Arizona Cardinals,2001,00-0002380,Steve Bush,TE,58,57,-1,0.6,0.6,Engine re-derivation after 2001 roster/override changes
ARI,Arizona Cardinals,2001,00-0006516,Mike Gruttadauria,C,61,55,-6,0.45,0.45,Engine re-derivation after 2001 roster/override changes
ARI,Arizona Cardinals,2001,00-0010951,Dennis McKinley,RB,51,50,-1,0.6,0.6,Engine re-derivation after 2001 roster/override changes
ATL,Atlanta Falcons,2001,00-0001820,Keith Brooking,LB,72,83,11,0.33,0.9,"Pro Bowl every-down linebacker [by ratings-overhaul-2001, 2026-06-09]"
ATL,Atlanta Falcons,2001,00-0009173,Patrick Kerney,EDGE,72,80,8,0.33,0.9,"Ascending productive edge rusher [by ratings-overhaul-2001, 2026-06-09]"
ATL,Atlanta Falcons,2001,00-0002166,Ray Buchanan,CB,82,80,-2,0.45,0.9,"Veteran ballhawk corner [by ratings-overhaul-2001, 2026-06-09]"
ATL,Atlanta Falcons,2001,00-0002876,Chris Chandler,QB,83,79,-4,0.78,0.9,"Veteran starter when healthy, 16 TD [by ratings-overhaul-2001, 2026-06-09]"
ATL,Atlanta Falcons,2001,00-0010539,Terance Mathis,WR,81,79,-2,0.78,0.9,"Veteran lead WR, 564 yds [by ratings-overhaul-2001, 2026-06-09]"
ATL,Atlanta Falcons,2001,00-0006684,Travis Hall,DT,71,79,8,0.33,0.9,"Veteran interior anchor [by ratings-overhaul-2001, 2026-06-09]"
ATL,Atlanta Falcons,2001,00-0020285,Alge Crumpler,TE,81,78,-3,0.78,0.9,"Promising rookie receiving tight end [by ratings-overhaul-2001, 2026-06-09]"
ATL,Atlanta Falcons,2001,00-0000261,Ashley Ambrose,CB,82,78,-4,0.45,0.9,"Veteran starting corner [by ratings-overhaul-2001, 2026-06-09]"
ATL,Atlanta Falcons,2001,00-0017592,Bob Whitfield,LT,74,78,4,0.33,0.9,"Longtime starting left tackle [by ratings-overhaul-2001, 2026-06-09]"
ATL,Atlanta Falcons,2001,00-0003660,Henri Crockett,LB,72,78,6,0.33,0.33,Engine re-derivation after 2001 roster/override changes
ATL,Atlanta Falcons,2001,00-0018977,Maurice Smith,RB,82,78,-4,0.78,0.9,"Committee lead back, 760 yds [by ratings-overhaul-2001, 2026-06-09]"
ATL,Atlanta Falcons,2001,00-0015957,Shawn Swayda,EDGE,72,78,6,0.33,0.33,Engine re-derivation after 2001 roster/override changes
ATL,Atlanta Falcons,2001,00-0017668,Chuck Wiley,EDGE,72,77,5,0.33,0.33,Engine re-derivation after 2001 roster/override changes
ATL,Atlanta Falcons,2001,00-0019488,Mareno Philyaw,WR,72,77,5,0.45,0.45,Engine re-derivation after 2001 roster/override changes
ATL,Atlanta Falcons,2001,00-0008313,Shawn Jefferson,WR,80,77,-3,0.78,0.9,"Veteran deep threat, 539 yds [by ratings-overhaul-2001, 2026-06-09]"
ATL,Atlanta Falcons,2001,00-0015106,Brady Smith,EDGE,72,76,4,0.33,0.9,"Solid pass-rushing end [by ratings-overhaul-2001, 2026-06-09]"
ATL,Atlanta Falcons,2001,00-0019770,Jay Feely,K,69,76,7,0.45,0.9,"Reliable rookie placekicker [by ratings-overhaul-2001, 2026-06-09]"
ATL,Atlanta Falcons,2001,00-0010711,Todd McClure,C,71,76,5,0.33,0.9,"Solid starting center [by ratings-overhaul-2001, 2026-06-09]"
ATL,Atlanta Falcons,2001,00-0002970,Bob Christian,RB,79,75,-4,0.78,0.9,"Receiving fullback, 392 rec yds [by ratings-overhaul-2001, 2026-06-09]"
ATL,Atlanta Falcons,2001,00-0005231,Brian Finneran,WR,78,75,-3,0.78,0.9,"Rotational big receiver, 491 yds [by ratings-overhaul-2001, 2026-06-09]"
ATL,Atlanta Falcons,2001,00-0001630,Ronnie Bradford,S,79,75,-4,0.45,0.9,"Starting safety [by ratings-overhaul-2001, 2026-06-09]"
ATL,Atlanta Falcons,2001,00-0006688,Bob Hallen,LG,71,74,3,0.33,0.33,Engine re-derivation after 2001 roster/override changes
ATL,Atlanta Falcons,2001,00-0010646,Gerald McBurrows,S,75,74,-1,0.45,0.9,"Hard-hitting starting safety [by ratings-overhaul-2001, 2026-06-09]"
ATL,Atlanta Falcons,2001,00-0020278,Matt Stewart,LB,72,74,2,0.33,0.9,"Ascending starting linebacker [by ratings-overhaul-2001, 2026-06-09]"
ATL,Atlanta Falcons,2001,00-0020245,Mike Vick,QB,71,74,3,0.78,0.9,"Electric raw rookie #1 overall [by ratings-overhaul-2001, 2026-06-09]"
ATL,Atlanta Falcons,2001,00-0004543,Shane Dronett,DT,71,74,3,0.33,0.9,"Disruptive defensive tackle [by ratings-overhaul-2001, 2026-06-09]"
ATL,Atlanta Falcons,2001,00-0009443,Brian Kozlowski,TE,74,73,-1,0.78,0.78,Engine re-derivation after 2001 roster/override changes
ATL,Atlanta Falcons,2001,00-0004505,Chris Draft,LB,72,73,1,0.33,0.9,"Starting linebacker [by ratings-overhaul-2001, 2026-06-09]"
ATL,Atlanta Falcons,2001,00-0007849,Chris Hudson,CB,71,73,2,0.45,0.9,"Veteran starting safety [by ratings-overhaul-2001, 2026-06-09]"
ATL,Atlanta Falcons,2001,00-0009119,Reggie Kelly,TE,78,73,-5,0.78,0.9,"Blocking tight end [by ratings-overhaul-2001, 2026-06-09]"
ATL,Atlanta Falcons,2001,00-0020260,Roberto Garza,LG,71,73,2,0.33,0.9,"Rookie starting guard [by ratings-overhaul-2001, 2026-06-09]"
ATL,Atlanta Falcons,2001,00-0018960,Michael Thompson,LT,74,72,-2,0.33,0.33,Engine re-derivation after 2001 roster/override changes
ATL,Atlanta Falcons,2001,00-0018955,Travis Claridge,LG,71,72,1,0.33,0.9,"Young starting guard [by ratings-overhaul-2001, 2026-06-09]"
ATL,Atlanta Falcons,2001,00-0020220,Shawn Mills,WR,67,71,4,0.45,0.45,Engine re-derivation after 2001 roster/override changes
ATL,Atlanta Falcons,2001,00-0018957,Mark Simoneau,LB,72,70,-2,0.33,0.33,Engine re-derivation after 2001 roster/override changes
ATL,Atlanta Falcons,2001,00-0020215,Corey Brown,WR,67,68,1,0.45,0.45,Engine re-derivation after 2001 roster/override changes
ATL,Atlanta Falcons,2001,00-0011463,Chris Mohr,P,71,67,-4,0.45,0.45,Engine re-derivation after 2001 roster/override changes
ATL,Atlanta Falcons,2001,00-0020338,Corey Hall,CB,66,67,1,0.45,0.45,Engine re-derivation after 2001 roster/override changes
ATL,Atlanta Falcons,2001,00-0008284,Ed Jasper,DT,71,67,-4,0.33,0.33,Engine re-derivation after 2001 roster/override changes
ATL,Atlanta Falcons,2001,00-0002775,Johndale Carty,CB,79,67,-12,0.45,0.45,Engine re-derivation after 2001 roster/override changes
ATL,Atlanta Falcons,2001,00-0016321,Rodney Thomas,RB,68,67,-1,0.78,0.78,Engine re-derivation after 2001 roster/override changes
ATL,Atlanta Falcons,2001,00-0018968,Ron Moore,EDGE,72,67,-5,0.33,0.33,Engine re-derivation after 2001 roster/override changes
ATL,Atlanta Falcons,2001,00-0020263,Ronald Flemons,EDGE,72,67,-5,0.33,0.33,Engine re-derivation after 2001 roster/override changes
ATL,Atlanta Falcons,2001,00-0008934,Antony Jordan,LB,71,65,-6,0.33,0.33,Engine re-derivation after 2001 roster/override changes
ATL,Atlanta Falcons,2001,00-0019087,Doug Johnson,QB,65,65,0,0.6,0.6,
ATL,Atlanta Falcons,2001,00-0006148,Darrien Gordon,CB,71,64,-7,0.45,0.45,Engine re-derivation after 2001 roster/override changes
ATL,Atlanta Falcons,2001,00-0020262,Kynan Forney,LG,71,64,-7,0.33,0.33,Engine re-derivation after 2001 roster/override changes
ATL,Atlanta Falcons,2001,00-0016782,Artie Ulmer,LB,71,63,-8,0.33,0.33,Engine re-derivation after 2001 roster/override changes
ATL,Atlanta Falcons,2001,00-0020218,Dave Kadela,LT,74,63,-11,0.33,0.33,Engine re-derivation after 2001 roster/override changes
ATL,Atlanta Falcons,2001,00-0009110,Jeff Kelly,LB,72,63,-9,0.33,0.33,Engine re-derivation after 2001 roster/override changes
ATL,Atlanta Falcons,2001,00-0014255,Ephraim Salaam,LT,74,62,-12,0.33,0.33,Engine re-derivation after 2001 roster/override changes
ATL,Atlanta Falcons,2001,00-0017787,Elijah Williams,CB,66,60,-6,0.45,0.45,Engine re-derivation after 2001 roster/override changes
ATL,Atlanta Falcons,2001,00-0020340,Quentin McCord,WR,60,59,-1,0.6,0.6,Engine re-derivation after 2001 roster/override changes
ATL,Atlanta Falcons,2001,00-0020479,George Layne,RB,62,58,-4,0.45,0.45,Engine re-derivation after 2001 roster/override changes
ATL,Atlanta Falcons,2001,00-0018964,Darrick Vaughn,CB,58,57,-1,0.45,0.45,Engine re-derivation after 2001 roster/override changes
ATL,Atlanta Falcons,2001,00-0000316,Jamal Anderson,RB,53,52,-1,0.6,0.6,Engine re-derivation after 2001 roster/override changes
ATL,Atlanta Falcons,2001,00-0019146,Derek Rackley,TE,51,51,0,0.6,0.6,
ATL,Atlanta Falcons,2001,00-0008391,Travis Jervey,RB,50,50,0,0.6,0.6,
BAL,Baltimore Ravens,2001,00-0009889,Ray Lewis,LB,72,96,24,0.33,0.9,"Best defender in football, all-time anchor [by ratings-overhaul-2001, 2026-06-09]"
BAL,Baltimore Ravens,2001,00-0012322,Jonathan Ogden,LT,96,95,-1,0.95,0.9,"Elite All-Pro left tackle [by ratings-overhaul-2001, 2026-06-09]"
BAL,Baltimore Ravens,2001,00-0015784,Matt Stover,K,71,86,15,0.33,0.9,"Elite accurate kicker [by ratings-overhaul-2001, 2026-06-09]"
BAL,Baltimore Ravens,2001,00-0001544,Peter Boulware,LB,72,86,14,0.33,0.9,"Pro Bowl edge, defense's premier rusher [by ratings-overhaul-2001, 2026-06-09]"
BAL,Baltimore Ravens,2001,00-0010634,Chris McAlister,CB,82,85,3,0.45,0.9,"Ascending shutdown corner [by ratings-overhaul-2001, 2026-06-09]"
BAL,Baltimore Ravens,2001,00-0014722,Shannon Sharpe,TE,90,85,-5,0.78,0.9,"Pro Bowl receiving tight end, 811 yds [by ratings-overhaul-2001, 2026-06-09]"
BAL,Baltimore Ravens,2001,00-0018229,Rod Woodson,S,95,84,-11,0.95,0.9,"Veteran ballhawk safety [by ratings-overhaul-2001, 2026-06-09]"
BAL,Baltimore Ravens,2001,00-0000065,Sam Adams,DT,71,84,13,0.33,0.9,"Pro Bowl run-stuffing tackle [by ratings-overhaul-2001, 2026-06-09]"
BAL,Baltimore Ravens,2001,00-0008059,Qadry Ismail,WR,90,82,-8,0.78,0.9,"Lead deep threat, 1059 yds, 7 TD [by ratings-overhaul-2001, 2026-06-09]"
BAL,Baltimore Ravens,2001,00-0015577,Duane Starks,CB,79,80,1,0.45,0.9,"Good ballhawk starting corner [by ratings-overhaul-2001, 2026-06-09]"
BAL,Baltimore Ravens,2001,00-0014725,Jamie Sharper,LB,72,80,8,0.33,0.9,"Solid every-down linebacker [by ratings-overhaul-2001, 2026-06-09]"
BAL,Baltimore Ravens,2001,00-0010749,Michael McCrary,EDGE,72,80,8,0.33,0.9,"Productive veteran pass-rushing end [by ratings-overhaul-2001, 2026-06-09]"
BAL,Baltimore Ravens,2001,00-0011803,Edwin Mulitalo,LG,71,78,7,0.33,0.9,"Solid starting left guard [by ratings-overhaul-2001, 2026-06-09]"
BAL,Baltimore Ravens,2001,00-0006300,Elvis Grbac,QB,79,78,-1,0.78,0.9,"Veteran starter, 15 TD/18 INT [by ratings-overhaul-2001, 2026-06-09]"
BAL,Baltimore Ravens,2001,00-0015002,Tony Siragusa,DT,71,78,7,0.33,0.9,"Mountain nose-tackle run anchor [by ratings-overhaul-2001, 2026-06-09]"
BAL,Baltimore Ravens,2001,00-0019721,Travis Taylor,WR,81,78,-3,0.78,0.9,"Ascending #2 receiver, 560 yds [by ratings-overhaul-2001, 2026-06-09]"
BAL,Baltimore Ravens,2001,00-0008097,Brad Jackson,LB,72,76,4,0.33,0.33,Engine re-derivation after 2001 roster/override changes
BAL,Baltimore Ravens,2001,00-0020516,Todd Heap,TE,74,76,2,0.78,0.9,"Promising rookie receiving tight end [by ratings-overhaul-2001, 2026-06-09]"
BAL,Baltimore Ravens,2001,00-0009212,Danny Kight,K,71,75,4,0.33,0.33,Engine re-derivation after 2001 roster/override changes
BAL,Baltimore Ravens,2001,00-0015754,Brandon Stokley,WR,78,74,-4,0.78,0.9,"Rotational slot receiver [by ratings-overhaul-2001, 2026-06-09]"
BAL,Baltimore Ravens,2001,00-0020510,Kenyon Hambrick,WR,67,74,7,0.45,0.45,Engine re-derivation after 2001 roster/override changes
BAL,Baltimore Ravens,2001,00-0014616,Leon Searcy,LT,74,74,0,0.33,0.9,"Veteran starting right tackle [by ratings-overhaul-2001, 2026-06-09]"
BAL,Baltimore Ravens,2001,00-0004472,Marques Douglas,EDGE,72,74,2,0.33,0.33,Engine re-derivation after 2001 roster/override changes
BAL,Baltimore Ravens,2001,00-0005366,Mike Flynn,C,71,74,3,0.33,0.9,"Starting center [by ratings-overhaul-2001, 2026-06-09]"
BAL,Baltimore Ravens,2001,00-0000232,Terry Allen,RB,74,74,0,0.78,0.9,"Committee lead back, 658 yds [by ratings-overhaul-2001, 2026-06-09]"
BAL,Baltimore Ravens,2001,00-0020472,Gary Baxter,CB,66,73,7,0.45,0.45,Engine re-derivation after 2001 roster/override changes
BAL,Baltimore Ravens,2001,00-0019684,Jason Thomas,LG,71,73,2,0.33,0.33,Engine re-derivation after 2001 roster/override changes
BAL,Baltimore Ravens,2001,00-0013682,Kyle Richardson,P,71,73,2,0.45,0.9,"Steady punter [by ratings-overhaul-2001, 2026-06-09]"
BAL,Baltimore Ravens,2001,00-0017892,Moe Williams,RB,77,73,-4,0.78,0.9,"Third-down/committee back [by ratings-overhaul-2001, 2026-06-09]"
BAL,Baltimore Ravens,2001,00-0019434,Bennie Anderson,LG,71,72,1,0.33,0.33,Engine re-derivation after 2001 roster/override changes
BAL,Baltimore Ravens,2001,00-0020450,Casey Rabach,C,71,72,1,0.33,0.33,Engine re-derivation after 2001 roster/override changes
BAL,Baltimore Ravens,2001,00-0019423,Jason Brookins,RB,73,72,-1,0.78,0.9,"Committee back, 551 yds [by ratings-overhaul-2001, 2026-06-09]"
BAL,Baltimore Ravens,2001,00-0017378,Larry Webster,DT,71,72,1,0.33,0.33,Engine re-derivation after 2001 roster/override changes
BAL,Baltimore Ravens,2001,00-0003838,Lional Dalton,DT,71,72,1,0.33,0.33,Engine re-derivation after 2001 roster/override changes
BAL,Baltimore Ravens,2001,00-0000552,Obafemi Ayanbadejo,RB,76,72,-4,0.78,0.9,"Receiving back/fullback [by ratings-overhaul-2001, 2026-06-09]"
BAL,Baltimore Ravens,2001,00-0019593,Adalius Thomas,EDGE,72,71,-1,0.33,0.33,Engine re-derivation after 2001 roster/override changes
BAL,Baltimore Ravens,2001,00-0020176,Albert Horsey,WR,67,71,4,0.45,0.45,Engine re-derivation after 2001 roster/override changes
BAL,Baltimore Ravens,2001,00-0006398,Kelly Gregg,DT,71,71,0,0.33,0.33,
BAL,Baltimore Ravens,2001,00-0001397,Orlando Bobo,LG,71,71,0,0.33,0.33,
BAL,Baltimore Ravens,2001,00-0017927,Sammy Williams,LT,74,71,-3,0.33,0.33,Engine re-derivation after 2001 roster/override changes
BAL,Baltimore Ravens,2001,00-0006927,Corey Harris,S,79,70,-9,0.45,0.45,Engine re-derivation after 2001 roster/override changes
BAL,Baltimore Ravens,2001,00-0016591,James Trapp,CB,71,70,-1,0.45,0.45,Engine re-derivation after 2001 roster/override changes
BAL,Baltimore Ravens,2001,00-0009869,Jermaine Lewis,WR,69,70,1,0.78,0.78,Engine re-derivation after 2001 roster/override changes
BAL,Baltimore Ravens,2001,00-0002294,Rob Burnett,EDGE,72,70,-2,0.33,0.33,Engine re-derivation after 2001 roster/override changes
BAL,Baltimore Ravens,2001,00-0005822,Sam Gash,RB,69,70,1,0.78,0.78,Engine re-derivation after 2001 roster/override changes
BAL,Baltimore Ravens,2001,00-0019693,Jamal Lewis,RB,62,69,7,0.45,0.45,Engine re-derivation after 2001 roster/override changes
BAL,Baltimore Ravens,2001,00-0003761,Randall Cunningham,QB,63,68,5,0.6,0.9,"Aged veteran backup [by ratings-overhaul-2001, 2026-06-09]"
BAL,Baltimore Ravens,2001,00-0011390,Anthony Mitchell,CB,62,67,5,0.45,0.45,Engine re-derivation after 2001 roster/override changes
BAL,Baltimore Ravens,2001,00-0018588,Alan Ricard,RB,62,66,4,0.45,0.45,Engine re-derivation after 2001 roster/override changes
BAL,Baltimore Ravens,2001,00-0009561,Carnell Lake,CB,82,65,-17,0.45,0.45,Engine re-derivation after 2001 roster/override changes
BAL,Baltimore Ravens,2001,00-0020304,Edgerton Hartwell,LB,72,65,-7,0.33,0.33,Engine re-derivation after 2001 roster/override changes
BAL,Baltimore Ravens,2001,00-0016906,Kipp Vickers,LT,74,65,-9,0.33,0.33,Engine re-derivation after 2001 roster/override changes
BAL,Baltimore Ravens,2001,00-0020152,Alvin Porter,CB,71,64,-7,0.45,0.45,Engine re-derivation after 2001 roster/override changes
BAL,Baltimore Ravens,2001,00-0007226,Dale Hellestrae,LT,74,64,-10,0.33,0.33,Engine re-derivation after 2001 roster/override changes
BAL,Baltimore Ravens,2001,00-0020509,Jonathan Burrough,TE,62,64,2,0.45,0.45,Engine re-derivation after 2001 roster/override changes
BAL,Baltimore Ravens,2001,00-0019494,Shannon Taylor,LB,72,64,-8,0.33,0.33,Engine re-derivation after 2001 roster/override changes
BAL,Baltimore Ravens,2001,00-0020325,Joe Maese,C,71,63,-8,0.33,0.33,Engine re-derivation after 2001 roster/override changes
BAL,Baltimore Ravens,2001,00-0008598,Pat Johnson,WR,61,62,1,0.6,0.6,Engine re-derivation after 2001 roster/override changes
BAL,Baltimore Ravens,2001,00-0019709,Chris Redman,QB,68,60,-8,0.45,0.45,Engine re-derivation after 2001 roster/override changes
BAL,Baltimore Ravens,2001,00-0019404,John Jones,TE,55,56,1,0.6,0.6,Engine re-derivation after 2001 roster/override changes
BUF,Buffalo Bills,2001,00-0011770,Eric Moulds,WR,86,86,0,0.78,0.9,"Star #1 WR, 904 yds, Pro Bowl-caliber [by ratings-overhaul-2001, 2026-06-09]"
BUF,Buffalo Bills,2001,00-0002041,Ruben Brown,LG,71,85,14,0.33,0.9,"Perennial Pro Bowl left guard [by ratings-overhaul-2001, 2026-06-09]"
BUF,Buffalo Bills,2001,00-0018093,Antoine Winfield,CB,79,83,4,0.45,0.9,"Tough cover/run-support corner [by ratings-overhaul-2001, 2026-06-09]"
BUF,Buffalo Bills,2001,00-0013232,Peerless Price,WR,86,82,-4,0.78,0.9,"Productive deep-threat #2, 895 yds, 7 TD [by ratings-overhaul-2001, 2026-06-09]"
BUF,Buffalo Bills,2001,00-0003563,Sam Cowart,LB,72,82,10,0.33,0.9,"Tackle-machine middle linebacker [by ratings-overhaul-2001, 2026-06-09]"
BUF,Buffalo Bills,2001,00-0017899,Pat Williams,DT,71,80,9,0.33,0.9,"Stout interior run-stopper [by ratings-overhaul-2001, 2026-06-09]"
BUF,Buffalo Bills,2001,00-0020471,Travis Henry,RB,81,80,-1,0.78,0.9,"Workhorse rookie back, 729 yds [by ratings-overhaul-2001, 2026-06-09]"
BUF,Buffalo Bills,2001,00-0013728,Jay Riemersma,TE,87,78,-9,0.78,0.9,"Reliable receiving tight end, 590 yds [by ratings-overhaul-2001, 2026-06-09]"
BUF,Buffalo Bills,2001,00-0002846,Larry Centers,RB,81,78,-3,0.78,0.9,"Pro Bowl receiving back, 80 catches [by ratings-overhaul-2001, 2026-06-09]"
BUF,Buffalo Bills,2001,00-0020318,Marques Sullivan,LT,74,77,3,0.33,0.33,Engine re-derivation after 2001 roster/override changes
BUF,Buffalo Bills,2001,00-0016795,Morris Unutoa,C,71,77,6,0.33,0.33,Engine re-derivation after 2001 roster/override changes
BUF,Buffalo Bills,2001,00-0020286,Ron Edwards,DT,71,77,6,0.33,0.33,Engine re-derivation after 2001 roster/override changes
BUF,Buffalo Bills,2001,00-0016838,Alex Van Pelt,QB,77,76,-1,0.78,0.9,"Capable fill-in starter, 12 TD/11 INT [by ratings-overhaul-2001, 2026-06-09]"
BUF,Buffalo Bills,2001,00-0020458,Jimmy Robinson,LB,72,76,4,0.33,0.33,Engine re-derivation after 2001 roster/override changes
BUF,Buffalo Bills,2001,00-0005217,John Fina,LT,74,76,2,0.33,0.9,"Veteran starting left tackle [by ratings-overhaul-2001, 2026-06-09]"
BUF,Buffalo Bills,2001,00-0020347,Jonas Jennings,LT,74,76,2,0.33,0.9,"Ascending starting tackle [by ratings-overhaul-2001, 2026-06-09]"
BUF,Buffalo Bills,2001,00-0002666,Keion Carpenter,S,80,76,-4,0.45,0.9,"Ballhawk starting safety [by ratings-overhaul-2001, 2026-06-09]"
BUF,Buffalo Bills,2001,00-0020495,Nate Clements,CB,67,76,9,0.45,0.9,"Ascending rookie corner [by ratings-overhaul-2001, 2026-06-09]"
BUF,Buffalo Bills,2001,00-0006795,Phil Hansen,EDGE,72,76,4,0.33,0.9,"Veteran base end [by ratings-overhaul-2001, 2026-06-09]"
BUF,Buffalo Bills,2001,00-0011626,Brian Moorman,P,71,75,4,0.45,0.9,"Strong-legged rookie punter [by ratings-overhaul-2001, 2026-06-09]"
BUF,Buffalo Bills,2001,00-0012059,Keith Newman,LB,72,75,3,0.33,0.9,"Starting linebacker [by ratings-overhaul-2001, 2026-06-09]"
BUF,Buffalo Bills,2001,00-0008041,Ken Irvin,CB,82,75,-7,0.45,0.9,"Steady starting corner [by ratings-overhaul-2001, 2026-06-09]"
BUF,Buffalo Bills,2001,00-0019362,Kenyatta Wright,LB,72,75,3,0.33,0.33,Engine re-derivation after 2001 roster/override changes
BUF,Buffalo Bills,2001,00-0012437,Jerry Ostroski,LG,71,74,3,0.33,0.33,Engine re-derivation after 2001 roster/override changes
BUF,Buffalo Bills,2001,00-0008612,Rob Johnson,QB,72,74,2,0.78,0.9,"Oft-injured split starter [by ratings-overhaul-2001, 2026-06-09]"
BUF,Buffalo Bills,2001,00-0020323,Brandon Spoon,LB,72,73,1,0.33,0.33,Engine re-derivation after 2001 roster/override changes
BUF,Buffalo Bills,2001,00-0007215,Craig Heimburger,C,71,73,2,0.33,0.33,Engine re-derivation after 2001 roster/override changes
BUF,Buffalo Bills,2001,00-0005434,Jay Foreman,LB,72,73,1,0.33,0.9,"Starting linebacker [by ratings-overhaul-2001, 2026-06-09]"
BUF,Buffalo Bills,2001,00-0019484,Sammy Morris,RB,73,73,0,0.78,0.78,
BUF,Buffalo Bills,2001,00-0019536,Shayne Graham,K,75,73,-2,0.45,0.9,"Young kicker [by ratings-overhaul-2001, 2026-06-09]"
BUF,Buffalo Bills,2001,00-0019656,Travares Tillman,S,69,73,4,0.45,0.9,"Young starting safety [by ratings-overhaul-2001, 2026-06-09]"
BUF,Buffalo Bills,2001,00-0019508,DaShon Polk,LB,72,71,-1,0.33,0.33,Engine re-derivation after 2001 roster/override changes
BUF,Buffalo Bills,2001,00-0002159,Shawn Bryson,RB,70,71,1,0.78,0.9,"Committee change-of-pace back [by ratings-overhaul-2001, 2026-06-09]"
BUF,Buffalo Bills,2001,00-0017299,Chris Watson,CB,82,70,-12,0.45,0.45,Engine re-derivation after 2001 roster/override changes
BUF,Buffalo Bills,2001,00-0005243,Bryce Fisher,EDGE,72,69,-3,0.33,0.33,Engine re-derivation after 2001 roster/override changes
BUF,Buffalo Bills,2001,00-0007903,Corey Hulsey,LG,71,69,-2,0.33,0.33,Engine re-derivation after 2001 roster/override changes
BUF,Buffalo Bills,2001,00-0019820,Kendrick Office,EDGE,72,69,-3,0.33,0.33,Engine re-derivation after 2001 roster/override changes
BUF,Buffalo Bills,2001,00-0005084,Kris Farris,LT,74,69,-5,0.33,0.33,Engine re-derivation after 2001 roster/override changes
BUF,Buffalo Bills,2001,00-0019497,Leif Larsen,DT,71,69,-2,0.33,0.33,Engine re-derivation after 2001 roster/override changes
BUF,Buffalo Bills,2001,00-0007450,Raion Hill,S,75,69,-6,0.45,0.45,Engine re-derivation after 2001 roster/override changes
BUF,Buffalo Bills,2001,00-0020336,Tony Driver,CB,71,69,-2,0.45,0.45,Engine re-derivation after 2001 roster/override changes
BUF,Buffalo Bills,2001,00-0020320,Reggie Germany,WR,70,68,-2,0.78,0.78,Engine re-derivation after 2001 roster/override changes
BUF,Buffalo Bills,2001,00-0013235,Shawn Price,DT,71,68,-3,0.33,0.33,Engine re-derivation after 2001 roster/override changes
BUF,Buffalo Bills,2001,00-0019547,Avion Black,WR,69,67,-2,0.78,0.78,Engine re-derivation after 2001 roster/override changes
BUF,Buffalo Bills,2001,00-0019697,Erik Flowers,EDGE,72,67,-5,0.33,0.33,Engine re-derivation after 2001 roster/override changes
BUF,Buffalo Bills,2001,00-0019356,Fred Jones,LB,72,63,-9,0.33,0.33,Engine re-derivation after 2001 roster/override changes
BUF,Buffalo Bills,2001,00-0013255,Pierson Prioleau,S,69,63,-6,0.45,0.45,Engine re-derivation after 2001 roster/override changes
BUF,Buffalo Bills,2001,00-0020469,Aaron Schobel,EDGE,72,62,-10,0.33,0.33,Engine re-derivation after 2001 roster/override changes
BUF,Buffalo Bills,2001,00-0003356,Bill Conaty,C,71,62,-9,0.33,0.33,Engine re-derivation after 2001 roster/override changes
BUF,Buffalo Bills,2001,00-0019368,Jon Carman,LT,74,62,-12,0.33,0.33,Engine re-derivation after 2001 roster/override changes
BUF,Buffalo Bills,2001,00-0008190,Sheldon Jackson,TE,63,62,-1,0.6,0.6,Engine re-derivation after 2001 roster/override changes
BUF,Buffalo Bills,2001,00-0020316,Tyrone Robertson,DT,71,62,-9,0.33,0.33,Engine re-derivation after 2001 roster/override changes
BUF,Buffalo Bills,2001,00-0010786,Jeremy McDaniel,WR,61,60,-1,0.6,0.6,Engine re-derivation after 2001 roster/override changes
BUF,Buffalo Bills,2001,00-0020326,Dan O'Leary,TE,62,58,-4,0.45,0.45,Engine re-derivation after 2001 roster/override changes
BUF,Buffalo Bills,2001,00-0019261,Scot Osborne,TE,67,58,-9,0.45,0.45,Engine re-derivation after 2001 roster/override changes
BUF,Buffalo Bills,2001,00-0001981,Lance Brown,S,61,54,-7,0.45,0.45,Engine re-derivation after 2001 roster/override changes
BUF,Buffalo Bills,2001,00-0019192,Travis Brown,QB,54,53,-1,0.6,0.6,Engine re-derivation after 2001 roster/override changes
BUF,Buffalo Bills,2001,00-0019353,Phillip Crosby,RB,52,51,-1,0.6,0.6,Engine re-derivation after 2001 roster/override changes
CAR,Carolina Panthers,2001,00-0014377,Todd Sauerbrun,P,69,86,17,0.45,0.9,"All-Pro big-leg punter [by ratings-overhaul-2001, 2026-06-09]"
CAR,Carolina Panthers,2001,00-0011795,Muhsin Muhammad,WR,75,83,8,0.78,0.9,"Star #1 WR, 1183 yds [by ratings-overhaul-2001, 2026-06-09]"
CAR,Carolina Panthers,2001,00-0011372,Mike Minter,S,80,82,2,0.45,0.9,"Hard-hitting Pro Bowl-caliber safety [by ratings-overhaul-2001, 2026-06-09]"
CAR,Carolina Panthers,2001,00-0017109,Wesley Walls,TE,86,82,-4,0.78,0.9,"Pro Bowl receiving tight end, 5 TD [by ratings-overhaul-2001, 2026-06-09]"
CAR,Carolina Panthers,2001,00-0009028,John Kasay,K,75,80,5,0.45,0.9,"Accurate veteran kicker [by ratings-overhaul-2001, 2026-06-09]"
CAR,Carolina Panthers,2001,00-0014132,Mike Rucker,EDGE,72,80,8,0.33,0.9,"Ascending productive edge rusher [by ratings-overhaul-2001, 2026-06-09]"
CAR,Carolina Panthers,2001,00-0015668,Todd Steussie,LT,74,80,6,0.33,0.9,"Pro Bowl-caliber left tackle [by ratings-overhaul-2001, 2026-06-09]"
CAR,Carolina Panthers,2001,00-0020443,Dan Morgan,LB,72,78,6,0.33,0.9,"Athletic #11-pick rookie linebacker [by ratings-overhaul-2001, 2026-06-09]"
CAR,Carolina Panthers,2001,00-0005962,Sean Gilbert,DT,72,78,6,0.33,0.9,"Big run-stuffing defensive tackle [by ratings-overhaul-2001, 2026-06-09]"
CAR,Carolina Panthers,2001,00-0002186,Brentson Buckner,DT,72,76,4,0.33,0.9,"Stout interior lineman [by ratings-overhaul-2001, 2026-06-09]"
CAR,Carolina Panthers,2001,00-0019560,Deon Grant,S,75,76,1,0.45,0.9,"Ascending ballhawk safety [by ratings-overhaul-2001, 2026-06-09]"
CAR,Carolina Panthers,2001,00-0007144,Donald Hayes,WR,82,76,-6,0.78,0.9,"Possession #2, 597 yds [by ratings-overhaul-2001, 2026-06-09]"
CAR,Carolina Panthers,2001,00-0004978,Doug Evans,CB,73,76,3,0.33,0.9,"Veteran starting corner [by ratings-overhaul-2001, 2026-06-09]"
CAR,Carolina Panthers,2001,00-0007969,Richard Huntley,RB,79,76,-3,0.78,0.9,"Lead back, 665 yds [by ratings-overhaul-2001, 2026-06-09]"
CAR,Carolina Panthers,2001,00-0019100,Brad Hoover,RB,75,74,-1,0.78,0.9,"Lead-blocking/receiving fullback [by ratings-overhaul-2001, 2026-06-09]"
CAR,Carolina Panthers,2001,00-0016183,Chris Terry,LT,74,74,0,0.33,0.9,"Starting right tackle [by ratings-overhaul-2001, 2026-06-09]"
CAR,Carolina Panthers,2001,00-0013675,Damien Richardson,CB,73,74,1,0.33,0.33,Engine re-derivation after 2001 roster/override changes
CAR,Carolina Panthers,2001,00-0002469,Isaac Byrd,WR,79,74,-5,0.78,0.9,"Rotational receiver [by ratings-overhaul-2001, 2026-06-09]"
CAR,Carolina Panthers,2001,00-0007512,Jimmy Hitchcock,CB,73,74,1,0.33,0.9,"Starting corner [by ratings-overhaul-2001, 2026-06-09]"
CAR,Carolina Panthers,2001,00-0004419,Kevin Donnalley,LG,71,74,3,0.33,0.9,"Veteran starting guard [by ratings-overhaul-2001, 2026-06-09]"
CAR,Carolina Panthers,2001,00-0019462,Leander Jordan,LG,71,74,3,0.33,0.33,Engine re-derivation after 2001 roster/override changes
CAR,Carolina Panthers,2001,00-0020393,Louis Williams,C,71,74,3,0.33,0.33,Engine re-derivation after 2001 roster/override changes
CAR,Carolina Panthers,2001,00-0020337,Steve Smith,WR,70,74,4,0.78,0.9,"Electric rookie returner/receiver [by ratings-overhaul-2001, 2026-06-09]"
CAR,Carolina Panthers,2001,00-0017275,T.J. Washington,LT,74,74,0,0.33,0.33,
CAR,Carolina Panthers,2001,00-0019136,Al Lucas,DT,71,73,2,0.33,0.9,"Rotational tackle [by ratings-overhaul-2001, 2026-06-09]"
CAR,Carolina Panthers,2001,00-0011945,Hannibal Navies,LB,72,73,1,0.33,0.33,Engine re-derivation after 2001 roster/override changes
CAR,Carolina Panthers,2001,00-0019493,Jeno James,LG,71,73,2,0.33,0.9,"Starting guard [by ratings-overhaul-2001, 2026-06-09]"
CAR,Carolina Panthers,2001,00-0019624,Lester Towns,LB,72,73,1,0.33,0.9,"Starting linebacker [by ratings-overhaul-2001, 2026-06-09]"
CAR,Carolina Panthers,2001,00-0019101,Reggie Howard,CB,73,73,0,0.33,0.9,"Nickel corner [by ratings-overhaul-2001, 2026-06-09]"
CAR,Carolina Panthers,2001,00-0015030,Chris Slade,EDGE,72,72,0,0.33,0.33,
CAR,Carolina Panthers,2001,00-0020434,Chris Weinke,QB,78,72,-6,0.78,0.9,"Overworked rookie starter, 11 TD/19 INT (1-15) [by ratings-overhaul-2001, 2026-06-09]"
CAR,Carolina Panthers,2001,00-0020409,Jarrod Cooper,CB,73,72,-1,0.33,0.33,Engine re-derivation after 2001 roster/override changes
CAR,Carolina Panthers,2001,00-0011366,Kory Minor,LB,72,72,0,0.33,0.33,
CAR,Carolina Panthers,2001,00-0010333,Kris Mangum,TE,73,72,-1,0.78,0.9,"Blocking/receiving tight end [by ratings-overhaul-2001, 2026-06-09]"
CAR,Carolina Panthers,2001,00-0019618,John Milem,EDGE,72,71,-1,0.33,0.33,Engine re-derivation after 2001 roster/override changes
CAR,Carolina Panthers,2001,00-0020380,Kris Jenkins,DT,72,71,-1,0.33,0.33,Engine re-derivation after 2001 roster/override changes
CAR,Carolina Panthers,2001,00-0019339,Cedric Killings,DT,72,70,-2,0.33,0.33,Engine re-derivation after 2001 roster/override changes
CAR,Carolina Panthers,2001,00-0007236,Nate Hemsley,LB,72,70,-2,0.33,0.33,Engine re-derivation after 2001 roster/override changes
CAR,Carolina Panthers,2001,00-0019831,Nick Goings,RB,69,70,1,0.78,0.9,"Committee depth back [by ratings-overhaul-2001, 2026-06-09]"
CAR,Carolina Panthers,2001,00-0019602,Rashard Anderson,CB,73,70,-3,0.33,0.33,Engine re-derivation after 2001 roster/override changes
CAR,Carolina Panthers,2001,00-0012023,Jamar Nesbit,LG,71,69,-2,0.33,0.33,Engine re-derivation after 2001 roster/override changes
CAR,Carolina Panthers,2001,00-0007357,Chris Hetherington,RB,70,68,-2,0.78,0.78,Engine re-derivation after 2001 roster/override changes
CAR,Carolina Panthers,2001,00-0017825,Jay Williams,EDGE,72,68,-4,0.33,0.33,Engine re-derivation after 2001 roster/override changes
CAR,Carolina Panthers,2001,00-0006808,Jim Harbaugh,QB,63,68,5,0.45,0.45,Engine re-derivation after 2001 roster/override changes
CAR,Carolina Panthers,2001,00-0006777,Karl Hankton,WR,67,68,1,0.45,0.45,Engine re-derivation after 2001 roster/override changes
CAR,Carolina Panthers,2001,00-0006702,Darren Hambrick,LB,72,67,-5,0.33,0.33,Engine re-derivation after 2001 roster/override changes
CAR,Carolina Panthers,2001,00-0020376,Dee Brown,RB,62,67,5,0.45,0.45,Engine re-derivation after 2001 roster/override changes
CAR,Carolina Panthers,2001,00-0008300,Patrick Jeffers,WR,69,67,-2,0.78,0.78,Engine re-derivation after 2001 roster/override changes
CAR,Carolina Panthers,2001,00-0012842,Jason Peter,EDGE,72,66,-6,0.33,0.33,Engine re-derivation after 2001 roster/override changes
CAR,Carolina Panthers,2001,00-0011411,Jeff Mitchell,C,71,66,-5,0.33,0.33,Engine re-derivation after 2001 roster/override changes
CAR,Carolina Panthers,2001,00-0009530,Jason Kyle,LB,72,65,-7,0.33,0.33,Engine re-derivation after 2001 roster/override changes
CAR,Carolina Panthers,2001,00-0016752,Melvin Tuten,LT,74,65,-9,0.33,0.33,Engine re-derivation after 2001 roster/override changes
CAR,Carolina Panthers,2001,00-0019097,Deveron Harper,CB,73,64,-9,0.33,0.33,Engine re-derivation after 2001 roster/override changes
CAR,Carolina Panthers,2001,00-0002938,Larry Chester,DT,72,63,-9,0.33,0.33,Engine re-derivation after 2001 roster/override changes
CAR,Carolina Panthers,2001,00-0017421,Dean Wells,LB,72,62,-10,0.33,0.33,Engine re-derivation after 2001 roster/override changes
CAR,Carolina Panthers,2001,00-0019483,Gillis Wilson,EDGE,72,62,-10,0.33,0.33,Engine re-derivation after 2001 roster/override changes
CAR,Carolina Panthers,2001,00-0016716,Jim Turner,WR,67,59,-8,0.45,0.45,Engine re-derivation after 2001 roster/override changes
CAR,Carolina Panthers,2001,00-0010206,Matt Lytle,QB,60,59,-1,0.6,0.6,Engine re-derivation after 2001 roster/override changes
CAR,Carolina Panthers,2001,00-0001862,Luther Broughton,TE,56,55,-1,0.6,0.6,Engine re-derivation after 2001 roster/override changes
CAR,Carolina Panthers,2001,00-0003600,Dameyune Craig,QB,54,54,0,0.6,0.6,
CAR,Carolina Panthers,2001,00-0001224,Tim Biakabutuka,RB,54,53,-1,0.6,0.6,Engine re-derivation after 2001 roster/override changes
CAR,Carolina Panthers,2001,00-0019093,Casey Crawford,TE,51,50,-1,0.6,0.6,Engine re-derivation after 2001 roster/override changes
CHI,Chicago Bears,2001,00-0019456,Brian Urlacher,LB,65,90,25,0.45,0.9,"All-Pro middle linebacker, defense's engine [by ratings-overhaul-2001, 2026-06-09]"
CHI,Chicago Bears,2001,00-0009472,Olin Kreutz,C,71,86,15,0.33,0.9,"Pro Bowl center, line anchor [by ratings-overhaul-2001, 2026-06-09]"
CHI,Chicago Bears,2001,00-0001477,Marty Booker,WR,93,84,-9,0.78,0.9,"Breakout #1 WR, 100 cat/1071 yds, 8 TD [by ratings-overhaul-2001, 2026-06-09]"
CHI,Chicago Bears,2001,00-0019699,Mike Brown,S,75,84,9,0.45,0.9,"Playmaking Pro Bowl-caliber safety, clutch [by ratings-overhaul-2001, 2026-06-09]"
CHI,Chicago Bears,2001,00-0017277,Ted Washington,DT,72,84,12,0.33,0.9,"Elite Pro Bowl nose tackle, run anchor [by ratings-overhaul-2001, 2026-06-09]"
CHI,Chicago Bears,2001,00-0003338,Rosevelt Colvin,LB,81,83,2,0.45,0.9,"Breakout pass-rushing linebacker, 10.5 sacks [by ratings-overhaul-2001, 2026-06-09]"
CHI,Chicago Bears,2001,00-0020403,Anthony Thomas,RB,86,82,-4,0.78,0.9,"Offensive ROY, 1183 yds, 7 TD [by ratings-overhaul-2001, 2026-06-09]"
CHI,Chicago Bears,2001,00-0016599,Keith Traylor,DT,72,80,8,0.33,0.9,"Stout run-stuffing nose tackle alongside Washington [by ratings-overhaul-2001, 2026-06-09]"
CHI,Chicago Bears,2001,00-0012614,Tony Parrish,S,80,80,0,0.45,0.9,"Hard-hitting starting safety [by ratings-overhaul-2001, 2026-06-09]"
CHI,Chicago Bears,2001,00-0013845,Bryan Robinson,EDGE,72,78,6,0.33,0.9,"Stout run-stuffing interior lineman [by ratings-overhaul-2001, 2026-06-09]"
CHI,Chicago Bears,2001,00-0003874,Phillip Daniels,EDGE,72,78,6,0.33,0.9,"Productive starting defensive end [by ratings-overhaul-2001, 2026-06-09]"
CHI,Chicago Bears,2001,00-0007007,Walt Harris,CB,73,78,5,0.33,0.9,"Steady starting corner [by ratings-overhaul-2001, 2026-06-09]"
CHI,Chicago Bears,2001,00-0011276,Jim Miller,QB,77,77,0,0.78,0.9,"Efficient game-manager starter, 13 TD/10 INT [by ratings-overhaul-2001, 2026-06-09]"
CHI,Chicago Bears,2001,00-0007324,Jimmy Herndon,LT,74,77,3,0.33,0.33,Engine re-derivation after 2001 roster/override changes
CHI,Chicago Bears,2001,00-0004388,Kevin Dogins,C,71,77,6,0.33,0.33,Engine re-derivation after 2001 roster/override changes
CHI,Chicago Bears,2001,00-0019476,Reggie Austin,CB,73,77,4,0.33,0.33,Engine re-derivation after 2001 roster/override changes
CHI,Chicago Bears,2001,00-0001804,Blake Brockermeyer,LT,74,76,2,0.33,0.9,"Starting left tackle [by ratings-overhaul-2001, 2026-06-09]"
CHI,Chicago Bears,2001,00-0016916,Chris Villarrial,LG,71,76,5,0.33,0.9,"Solid starting guard [by ratings-overhaul-2001, 2026-06-09]"
CHI,Chicago Bears,2001,00-0008755,Greg Jones,LB,69,76,7,0.45,0.45,Engine re-derivation after 2001 roster/override changes
CHI,Chicago Bears,2001,00-0013888,Marcus Robinson,WR,64,76,12,0.6,0.9,"Big #1-caliber WR (injury-shortened) [by ratings-overhaul-2001, 2026-06-09]"
CHI,Chicago Bears,2001,00-0011053,R.W. McQuarters,CB,73,76,3,0.33,0.9,"Athletic starting corner/returner [by ratings-overhaul-2001, 2026-06-09]"
CHI,Chicago Bears,2001,00-0016659,Rex Tucker,LG,71,76,5,0.33,0.9,"Ascending starting guard [by ratings-overhaul-2001, 2026-06-09]"
CHI,Chicago Bears,2001,00-0007586,Warrick Holdman,LB,81,76,-5,0.45,0.9,"Every-down starting linebacker [by ratings-overhaul-2001, 2026-06-09]"
CHI,Chicago Bears,2001,00-0020513,David Terrell,WR,81,75,-6,0.78,0.9,"Raw #8-pick rookie receiver [by ratings-overhaul-2001, 2026-06-09]"
CHI,Chicago Bears,2001,00-0019490,Paul Edinger,K,75,75,0,0.45,0.9,"Reliable kicker [by ratings-overhaul-2001, 2026-06-09]"
CHI,Chicago Bears,2001,00-0007788,Bobbie Howard,LB,78,74,-4,0.45,0.45,Engine re-derivation after 2001 roster/override changes
CHI,Chicago Bears,2001,00-0010609,Brad Maynard,P,69,74,5,0.45,0.45,Engine re-derivation after 2001 roster/override changes
CHI,Chicago Bears,2001,00-0019660,Dez White,WR,80,74,-6,0.78,0.9,"Ascending young receiver [by ratings-overhaul-2001, 2026-06-09]"
CHI,Chicago Bears,2001,00-0000210,James Allen,RB,79,74,-5,0.78,0.9,"Receiving complement back [by ratings-overhaul-2001, 2026-06-09]"
CHI,Chicago Bears,2001,00-0017821,James O. Williams,LT,74,74,0,0.33,0.9,"Starting tackle [by ratings-overhaul-2001, 2026-06-09]"
CHI,Chicago Bears,2001,00-0000559,Jerry Azumah,CB,73,74,1,0.33,0.9,"Nickel corner/returner [by ratings-overhaul-2001, 2026-06-09]"
CHI,Chicago Bears,2001,00-0014977,Kaseem Sinceno,TE,67,74,7,0.45,0.45,Engine re-derivation after 2001 roster/override changes
CHI,Chicago Bears,2001,00-0019509,Michael Green,CB,73,74,1,0.33,0.9,"Starting cornerback [by ratings-overhaul-2001, 2026-06-09]"
CHI,Chicago Bears,2001,00-0004004,John Davis,TE,72,73,1,0.78,0.78,Engine re-derivation after 2001 roster/override changes
CHI,Chicago Bears,2001,00-0017501,Larry Whigham,CB,73,73,0,0.33,0.33,
CHI,Chicago Bears,2001,00-0014775,Daimon Shelton,RB,76,72,-4,0.78,0.9,"Lead-blocking fullback [by ratings-overhaul-2001, 2026-06-09]"
CHI,Chicago Bears,2001,00-0000911,Fred Baxter,TE,79,72,-7,0.78,0.9,"Blocking tight end [by ratings-overhaul-2001, 2026-06-09]"
CHI,Chicago Bears,2001,00-0008568,Leon Johnson,RB,70,71,1,0.78,0.78,Engine re-derivation after 2001 roster/override changes
CHI,Chicago Bears,2001,00-0019626,Alfonso Boone,EDGE,72,70,-2,0.33,0.33,Engine re-derivation after 2001 roster/override changes
CHI,Chicago Bears,2001,00-0010560,Shane Matthews,QB,61,70,9,0.6,0.9,"Capable veteran backup [by ratings-overhaul-2001, 2026-06-09]"
CHI,Chicago Bears,2001,00-0020334,Karon Riley,EDGE,72,69,-3,0.33,0.33,Engine re-derivation after 2001 roster/override changes
CHI,Chicago Bears,2001,00-0018579,Robert Newkirk,DT,72,69,-3,0.33,0.33,Engine re-derivation after 2001 roster/override changes
CHI,Chicago Bears,2001,00-0013162,Carl Powell,EDGE,72,68,-4,0.33,0.33,Engine re-derivation after 2001 roster/override changes
CHI,Chicago Bears,2001,00-0010341,Patrick Mannelly,LT,74,68,-6,0.33,0.33,Engine re-derivation after 2001 roster/override changes
CHI,Chicago Bears,2001,00-0020394,Than Merrill,CB,73,67,-6,0.33,0.33,Engine re-derivation after 2001 roster/override changes
CHI,Chicago Bears,2001,00-0018941,Todd McMillon,CB,73,67,-6,0.33,0.33,Engine re-derivation after 2001 roster/override changes
CHI,Chicago Bears,2001,00-0020402,Joe Tafoya,EDGE,72,66,-6,0.33,0.33,Engine re-derivation after 2001 roster/override changes
CHI,Chicago Bears,2001,00-0020388,Bernard Robertson,LG,71,65,-6,0.33,0.33,Engine re-derivation after 2001 roster/override changes
CHI,Chicago Bears,2001,00-0015173,Frankie Smith,CB,73,63,-10,0.33,0.33,Engine re-derivation after 2001 roster/override changes
CHI,Chicago Bears,2001,00-0020406,Mike Gandy,LG,71,63,-8,0.33,0.33,Engine re-derivation after 2001 roster/override changes
CHI,Chicago Bears,2001,00-0000869,D'Wayne Bates,WR,62,62,0,0.6,0.6,
CHI,Chicago Bears,2001,00-0020143,Damion Cook,DT,72,62,-10,0.33,0.33,Engine re-derivation after 2001 roster/override changes
CHI,Chicago Bears,2001,00-0018333,Danny Wuerffel,QB,68,60,-8,0.45,0.45,Engine re-derivation after 2001 roster/override changes
CHI,Chicago Bears,2001,00-0019464,Dustin Lyman,TE,63,60,-3,0.45,0.45,Engine re-derivation after 2001 roster/override changes
CHI,Chicago Bears,2001,00-0004752,Brian Edwards,RB,62,58,-4,0.45,0.45,Engine re-derivation after 2001 roster/override changes
CHI,Chicago Bears,2001,00-0013262,Stanley Pritchett,RB,59,57,-2,0.45,0.45,Engine re-derivation after 2001 roster/override changes
CHI,Chicago Bears,2001,00-0019510,Ahmad Merritt,WR,55,56,1,0.6,0.6,Engine re-derivation after 2001 roster/override changes
CHI,Chicago Bears,2001,00-0004508,Scott Dragos,RB,63,55,-8,0.45,0.45,Engine re-derivation after 2001 roster/override changes
CHI,Chicago Bears,2001,00-0004200,Autry Denson,RB,50,51,1,0.6,0.6,Engine re-derivation after 2001 roster/override changes
CIN,Cincinnati Bengals,2001,00-0004304,Corey Dillon,RB,90,89,-1,0.78,0.9,"Star RB on bad team, 1315 yds, Pro Bowl [by ratings-overhaul-2001, 2026-06-09]"
CIN,Cincinnati Bengals,2001,00-0000352,Willie Anderson,LT,74,86,12,0.33,0.9,"Elite Pro Bowl right tackle [by ratings-overhaul-2001, 2026-06-09]"
CIN,Cincinnati Bengals,2001,00-0015474,Takeo Spikes,LB,72,83,11,0.33,0.9,"Tackle-machine playmaking linebacker [by ratings-overhaul-2001, 2026-06-09]"
CIN,Cincinnati Bengals,2001,00-0014544,Darnay Scott,WR,83,80,-3,0.78,0.9,"Veteran deep threat, 819 yds [by ratings-overhaul-2001, 2026-06-09]"
CIN,Cincinnati Bengals,2001,00-0019455,Peter Warrick,WR,83,80,-3,0.78,0.9,"Versatile playmaker, 70 catches [by ratings-overhaul-2001, 2026-06-09]"
CIN,Cincinnati Bengals,2001,00-0017619,Bernard Whittington,EDGE,72,78,6,0.33,0.33,Engine re-derivation after 2001 roster/override changes
CIN,Cincinnati Bengals,2001,00-0014891,Brian Simmons,LB,72,78,6,0.33,0.9,"Solid every-down linebacker [by ratings-overhaul-2001, 2026-06-09]"
CIN,Cincinnati Bengals,2001,00-0011958,Lorenzo Neal,RB,76,78,2,0.78,0.9,"Excellent lead-blocking fullback [by ratings-overhaul-2001, 2026-06-09]"
CIN,Cincinnati Bengals,2001,00-0020374,Victor Leyva,LG,72,77,5,0.33,0.33,Engine re-derivation after 2001 roster/override changes
CIN,Cincinnati Bengals,2001,00-0003794,Canute Curtis,LB,72,76,4,0.33,0.33,Engine re-derivation after 2001 roster/override changes
CIN,Cincinnati Bengals,2001,00-0009311,Jon Kitna,QB,78,76,-2,0.78,0.9,"Turnover-prone starter, 12 TD/22 INT [by ratings-overhaul-2001, 2026-06-09]"
CIN,Cincinnati Bengals,2001,00-0001669,Rich Braham,C,72,76,4,0.33,0.9,"Solid starting center [by ratings-overhaul-2001, 2026-06-09]"
CIN,Cincinnati Bengals,2001,00-0017370,Richmond Webb,LT,74,76,2,0.33,0.9,"Veteran starting left tackle [by ratings-overhaul-2001, 2026-06-09]"
CIN,Cincinnati Bengals,2001,00-0020397,Chad Johnson,WR,72,75,3,0.78,0.9,"Flashy rookie receiver [by ratings-overhaul-2001, 2026-06-09]"
CIN,Cincinnati Bengals,2001,00-0020535,Justin Smith,EDGE,72,75,3,0.33,0.33,Engine re-derivation after 2001 roster/override changes
CIN,Cincinnati Bengals,2001,00-0018054,Reinard Wilson,EDGE,73,75,2,0.33,0.9,"Undersized pass-rushing end [by ratings-overhaul-2001, 2026-06-09]"
CIN,Cincinnati Bengals,2001,00-0005384,Steve Foley,LB,72,75,3,0.33,0.33,Engine re-derivation after 2001 roster/override changes
CIN,Cincinnati Bengals,2001,00-0007115,Artrell Hawkins,CB,73,74,1,0.33,0.9,"Starting corner [by ratings-overhaul-2001, 2026-06-09]"
CIN,Cincinnati Bengals,2001,00-0006647,Cory Hall,S,71,74,3,0.33,0.33,Engine re-derivation after 2001 roster/override changes
CIN,Cincinnati Bengals,2001,00-0017766,Darryl Williams,CB,73,74,1,0.33,0.9,"Veteran ballhawk safety [by ratings-overhaul-2001, 2026-06-09]"
CIN,Cincinnati Bengals,2001,00-0019724,Mark Roman,CB,73,74,1,0.33,0.9,"Starting safety [by ratings-overhaul-2001, 2026-06-09]"
CIN,Cincinnati Bengals,2001,00-0006072,Mike Goff,LG,72,74,2,0.33,0.9,"Starting guard [by ratings-overhaul-2001, 2026-06-09]"
CIN,Cincinnati Bengals,2001,00-0005939,Oliver Gibson,DT,72,74,2,0.33,0.9,"Run-stuffing tackle [by ratings-overhaul-2001, 2026-06-09]"
CIN,Cincinnati Bengals,2001,00-0001481,Vaughn Booker,EDGE,73,74,1,0.33,0.9,"Veteran edge/tackle [by ratings-overhaul-2001, 2026-06-09]"
CIN,Cincinnati Bengals,2001,00-0001098,Brandon Bennett,RB,77,73,-4,0.78,0.9,"Committee complement back [by ratings-overhaul-2001, 2026-06-09]"
CIN,Cincinnati Bengals,2001,00-0002720,Chris Carter,S,71,73,2,0.33,0.33,Engine re-derivation after 2001 roster/override changes
CIN,Cincinnati Bengals,2001,00-0015640,Jamain Stephens,LT,74,73,-1,0.33,0.33,Engine re-derivation after 2001 roster/override changes
CIN,Cincinnati Bengals,2001,00-0000421,JoJuan Armour,S,71,73,2,0.33,0.33,Engine re-derivation after 2001 roster/override changes
CIN,Cincinnati Bengals,2001,00-0012263,Matt O'Dwyer,LG,71,73,2,0.33,0.33,Engine re-derivation after 2001 roster/override changes
CIN,Cincinnati Bengals,2001,00-0020267,Nick Harris,P,75,73,-2,0.45,0.9,"Rookie punter [by ratings-overhaul-2001, 2026-06-09]"
CIN,Cincinnati Bengals,2001,00-0010859,Tony McGee,TE,73,73,0,0.78,0.9,"Receiving tight end [by ratings-overhaul-2001, 2026-06-09]"
CIN,Cincinnati Bengals,2001,00-0017945,Tony Williams,DT,72,73,1,0.33,0.9,"Rotational interior lineman [by ratings-overhaul-2001, 2026-06-09]"
CIN,Cincinnati Bengals,2001,00-0019676,Neil Rackers,K,75,72,-3,0.45,0.9,"Young kicker [by ratings-overhaul-2001, 2026-06-09]"
CIN,Cincinnati Bengals,2001,00-0019479,Robert Bean,CB,73,72,-1,0.33,0.9,"Young starting corner [by ratings-overhaul-2001, 2026-06-09]"
CIN,Cincinnati Bengals,2001,00-0015607,Glen Steele,DT,72,71,-1,0.33,0.33,Engine re-derivation after 2001 roster/override changes
CIN,Cincinnati Bengals,2001,00-0020312,Randy Chevrier,DT,72,71,-1,0.33,0.33,Engine re-derivation after 2001 roster/override changes
CIN,Cincinnati Bengals,2001,00-0019708,Ron Dugans,WR,78,71,-7,0.78,0.9,"Rotational receiver [by ratings-overhaul-2001, 2026-06-09]"
CIN,Cincinnati Bengals,2001,00-0019543,Danny Farmer,WR,70,70,0,0.78,0.78,
CIN,Cincinnati Bengals,2001,00-0007186,Rodney Heath,CB,73,70,-3,0.33,0.33,Engine re-derivation after 2001 roster/override changes
CIN,Cincinnati Bengals,2001,00-0013555,Scott Rehberg,LG,72,69,-3,0.33,0.33,Engine re-derivation after 2001 roster/override changes
CIN,Cincinnati Bengals,2001,00-0020319,Mario Monds,DT,72,68,-4,0.33,0.33,Engine re-derivation after 2001 roster/override changes
CIN,Cincinnati Bengals,2001,00-0006562,Brock Gutierrez,C,71,67,-4,0.33,0.33,Engine re-derivation after 2001 roster/override changes
CIN,Cincinnati Bengals,2001,00-0008142,John Jackson,LT,74,67,-7,0.33,0.33,Engine re-derivation after 2001 roster/override changes
CIN,Cincinnati Bengals,2001,00-0009619,Jevon Langford,EDGE,72,66,-6,0.33,0.33,Engine re-derivation after 2001 roster/override changes
CIN,Cincinnati Bengals,2001,00-0019993,Kevin Kaesviharn,CB,73,66,-7,0.33,0.33,Engine re-derivation after 2001 roster/override changes
CIN,Cincinnati Bengals,2001,00-0019115,Armegis Spearman,LB,72,65,-7,0.33,0.33,Engine re-derivation after 2001 roster/override changes
CIN,Cincinnati Bengals,2001,00-0020375,Riall Johnson,LB,72,65,-7,0.33,0.33,Engine re-derivation after 2001 roster/override changes
CIN,Cincinnati Bengals,2001,00-0020084,Ligarius Jennings,CB,73,64,-9,0.33,0.33,Engine re-derivation after 2001 roster/override changes
CIN,Cincinnati Bengals,2001,00-0014051,Adrian Ross,LB,72,63,-9,0.33,0.33,Engine re-derivation after 2001 roster/override changes
CIN,Cincinnati Bengals,2001,00-0019783,Chris Edmonds,LB,72,63,-9,0.33,0.33,Engine re-derivation after 2001 roster/override changes
CIN,Cincinnati Bengals,2001,00-0017896,Nicolas Luchey,RB,59,62,3,0.45,0.45,Engine re-derivation after 2001 roster/override changes
CIN,Cincinnati Bengals,2001,00-0020407,Rudi Johnson,RB,63,62,-1,0.45,0.45,Engine re-derivation after 2001 roster/override changes
CIN,Cincinnati Bengals,2001,00-0018997,Kirk McMullen,TE,62,61,-1,0.6,0.6,Engine re-derivation after 2001 roster/override changes
CIN,Cincinnati Bengals,2001,00-0015082,Akili Smith,QB,60,59,-1,0.6,0.6,Engine re-derivation after 2001 roster/override changes
CIN,Cincinnati Bengals,2001,00-0019681,Brad St. Louis,TE,58,59,1,0.45,0.45,Engine re-derivation after 2001 roster/override changes
CIN,Cincinnati Bengals,2001,00-0020398,Sean Brewer,TE,67,58,-9,0.45,0.45,Engine re-derivation after 2001 roster/override changes
CIN,Cincinnati Bengals,2001,00-0020438,T.J. Houshmandzadeh,WR,57,57,0,0.6,0.6,
CIN,Cincinnati Bengals,2001,00-0019399,Ricky Brown,RB,63,54,-9,0.45,0.45,Engine re-derivation after 2001 roster/override changes
CIN,Cincinnati Bengals,2001,00-0003557,Scott Covington,QB,63,54,-9,0.45,0.45,Engine re-derivation after 2001 roster/override changes
CIN,Cincinnati Bengals,2001,00-0011434,Scott Mitchell,QB,53,53,0,0.6,0.6,
CIN,Cincinnati Bengals,2001,00-0019466,Curtis Keaton,RB,52,51,-1,0.6,0.6,Engine re-derivation after 2001 roster/override changes
CLE,Cleveland Browns,2001,00-0011268,Jamir Miller,LB,72,86,14,0.33,0.9,"Pro Bowl breakout edge, 13 sacks [by ratings-overhaul-2001, 2026-06-09]"
CLE,Cleveland Browns,2001,00-0008560,Kevin Johnson,WR,92,83,-9,0.78,0.9,"Top WR, 84 cat/1097 yds, 9 TD [by ratings-overhaul-2001, 2026-06-09]"
CLE,Cleveland Browns,2001,00-0005771,Chris Gardocki,P,75,82,7,0.45,0.9,"Pro Bowl-caliber iron-man punter [by ratings-overhaul-2001, 2026-06-09]"
CLE,Cleveland Browns,2001,00-0014116,Orpheus Roye,DT,72,80,8,0.33,0.9,"Stout run-stuffing interior [by ratings-overhaul-2001, 2026-06-09]"
CLE,Cleveland Browns,2001,00-0004091,Phil Dawson,K,76,80,4,0.45,0.9,"Reliable accurate kicker [by ratings-overhaul-2001, 2026-06-09]"
CLE,Cleveland Browns,2001,00-0003535,Tim Couch,QB,79,79,0,0.78,0.9,"Capable young starter, 17 TD/21 INT [by ratings-overhaul-2001, 2026-06-09]"
CLE,Cleveland Browns,2001,00-0018954,Courtney Brown,EDGE,73,78,5,0.33,0.9,"Disruptive #1-pick edge (injury-limited) [by ratings-overhaul-2001, 2026-06-09]"
CLE,Cleveland Browns,2001,00-0010777,Daylon McCutcheon,CB,79,78,-1,0.45,0.9,"Solid starting corner [by ratings-overhaul-2001, 2026-06-09]"
CLE,Cleveland Browns,2001,00-0020524,Gerard Warren,DT,72,78,6,0.33,0.9,"Powerful #3-pick rookie tackle [by ratings-overhaul-2001, 2026-06-09]"
CLE,Cleveland Browns,2001,00-0012293,Roman Oben,LT,78,78,0,0.45,0.9,"Veteran starting left tackle [by ratings-overhaul-2001, 2026-06-09]"
CLE,Cleveland Browns,2001,00-0016878,Ross Verba,LG,77,78,1,0.45,0.9,"Solid starting guard [by ratings-overhaul-2001, 2026-06-09]"
CLE,Cleveland Browns,2001,00-0008640,Tre' Johnson,LG,80,78,-2,0.45,0.9,"Veteran starting guard [by ratings-overhaul-2001, 2026-06-09]"
CLE,Cleveland Browns,2001,00-0008811,Lenoy Jones,LB,72,77,5,0.33,0.33,Engine re-derivation after 2001 roster/override changes
CLE,Cleveland Browns,2001,00-0015255,Mark Smith,DT,72,77,5,0.33,0.33,Engine re-derivation after 2001 roster/override changes
CLE,Cleveland Browns,2001,00-0005627,Corey Fuller,CB,82,76,-6,0.45,0.9,"Veteran starting corner [by ratings-overhaul-2001, 2026-06-09]"
CLE,Cleveland Browns,2001,00-0018150,Dave Wohlabaugh,C,69,76,7,0.45,0.9,"Steady starting center [by ratings-overhaul-2001, 2026-06-09]"
CLE,Cleveland Browns,2001,00-0009971,Earl Little,S,75,76,1,0.45,0.9,"Ballhawk starting safety [by ratings-overhaul-2001, 2026-06-09]"
CLE,Cleveland Browns,2001,00-0019057,Jamel White,RB,82,76,-6,0.78,0.9,"Dual-threat committee back, 861 scrimmage [by ratings-overhaul-2001, 2026-06-09]"
CLE,Cleveland Browns,2001,00-0010941,Keith McKenzie,EDGE,73,75,2,0.33,0.9,"Pass-rushing edge [by ratings-overhaul-2001, 2026-06-09]"
CLE,Cleveland Browns,2001,00-0019650,Dennis Northcutt,WR,70,74,4,0.78,0.9,"Slot/return man [by ratings-overhaul-2001, 2026-06-09]"
CLE,Cleveland Browns,2001,00-0002373,Devin Bush,S,80,74,-6,0.45,0.9,"Veteran starting safety [by ratings-overhaul-2001, 2026-06-09]"
CLE,Cleveland Browns,2001,00-0014135,Dwayne Rudd,LB,72,74,2,0.33,0.33,Engine re-derivation after 2001 roster/override changes
CLE,Cleveland Browns,2001,00-0007576,Kelly Holcomb,QB,74,74,0,0.6,0.6,
CLE,Cleveland Browns,2001,00-0015257,Marquis Smith,CB,71,74,3,0.45,0.45,Engine re-derivation after 2001 roster/override changes
CLE,Cleveland Browns,2001,00-0020427,Quincy Morgan,WR,79,74,-5,0.78,0.9,"Raw rookie deep threat [by ratings-overhaul-2001, 2026-06-09]"
CLE,Cleveland Browns,2001,00-0020430,James Jackson,RB,72,73,1,0.78,0.9,"Rookie lead back by committee [by ratings-overhaul-2001, 2026-06-09]"
CLE,Cleveland Browns,2001,00-0019397,Noel LaMontagne,LG,69,73,4,0.45,0.45,Engine re-derivation after 2001 roster/override changes
CLE,Cleveland Browns,2001,00-0014350,O.J. Santiago,TE,74,73,-1,0.78,0.9,"Receiving tight end [by ratings-overhaul-2001, 2026-06-09]"
CLE,Cleveland Browns,2001,00-0013375,Wali Rainer,LB,72,73,1,0.33,0.9,"Starting inside linebacker [by ratings-overhaul-2001, 2026-06-09]"
CLE,Cleveland Browns,2001,00-0019564,Aaron Shea,RB,72,72,0,0.78,0.9,"Receiving/blocking tight end [by ratings-overhaul-2001, 2026-06-09]"
CLE,Cleveland Browns,2001,00-0001611,Brant Boyer,LB,72,72,0,0.33,0.33,
CLE,Cleveland Browns,2001,00-0019461,JaJuan Dawson,WR,72,72,0,0.78,0.78,
CLE,Cleveland Browns,2001,00-0010962,Jeremy McKinney,LG,80,72,-8,0.45,0.45,Engine re-derivation after 2001 roster/override changes
CLE,Cleveland Browns,2001,00-0015492,Marcus Spriggs,DT,72,72,0,0.33,0.33,
CLE,Cleveland Browns,2001,00-0009496,Ryan Kuehl,DT,72,72,0,0.33,0.33,
CLE,Cleveland Browns,2001,00-0019124,Earthwind Moreland,CB,71,71,0,0.45,0.45,
CLE,Cleveland Browns,2001,00-0018249,Mark Word,EDGE,73,70,-3,0.33,0.33,Engine re-derivation after 2001 roster/override changes
CLE,Cleveland Browns,2001,00-0013986,Tyrone Rogers,EDGE,73,70,-3,0.33,0.33,Engine re-derivation after 2001 roster/override changes
CLE,Cleveland Browns,2001,00-0018927,Gaylon Hyder,DT,72,69,-3,0.33,0.33,Engine re-derivation after 2001 roster/override changes
CLE,Cleveland Browns,2001,00-0000112,Chris Akins,CB,82,68,-14,0.45,0.45,Engine re-derivation after 2001 roster/override changes
CLE,Cleveland Browns,2001,00-0020014,Felipe Claybrooks,EDGE,73,68,-5,0.33,0.33,Engine re-derivation after 2001 roster/override changes
CLE,Cleveland Browns,2001,00-0019482,Lamar Chapman,CB,66,68,2,0.45,0.45,Engine re-derivation after 2001 roster/override changes
CLE,Cleveland Browns,2001,00-0020350,Anthony Denman,LB,72,67,-5,0.33,0.33,Engine re-derivation after 2001 roster/override changes
CLE,Cleveland Browns,2001,00-0020259,DeVone Claybrooks,DT,72,67,-5,0.33,0.33,Engine re-derivation after 2001 roster/override changes
CLE,Cleveland Browns,2001,00-0020224,Carl Fair,RB,63,66,3,0.45,0.45,Engine re-derivation after 2001 roster/override changes
CLE,Cleveland Browns,2001,00-0019616,Richard Mercier,LG,69,66,-3,0.45,0.45,Engine re-derivation after 2001 roster/override changes
CLE,Cleveland Browns,2001,00-0019554,Brad Bedell,LG,69,65,-4,0.45,0.45,Engine re-derivation after 2001 roster/override changes
CLE,Cleveland Browns,2001,00-0011234,Arnold Miller,EDGE,73,64,-9,0.33,0.33,Engine re-derivation after 2001 roster/override changes
CLE,Cleveland Browns,2001,00-0019465,Lewis Sanders,CB,66,64,-2,0.45,0.45,Engine re-derivation after 2001 roster/override changes
CLE,Cleveland Browns,2001,00-0002885,Roger Chanoine,LT,82,64,-18,0.45,0.45,Engine re-derivation after 2001 roster/override changes
CLE,Cleveland Browns,2001,00-0014265,Tarek Saleh,LB,72,64,-8,0.33,0.33,Engine re-derivation after 2001 roster/override changes
CLE,Cleveland Browns,2001,00-0019475,Alvin McKinley,DT,72,63,-9,0.33,0.33,Engine re-derivation after 2001 roster/override changes
CLE,Cleveland Browns,2001,00-0020544,Alvin Morrow,TE,63,63,0,0.45,0.45,
CLE,Cleveland Browns,2001,00-0006696,Derrick Ham,EDGE,73,63,-10,0.33,0.33,Engine re-derivation after 2001 roster/override changes
CLE,Cleveland Browns,2001,00-0015477,Greg Spires,EDGE,73,63,-10,0.33,0.33,Engine re-derivation after 2001 roster/override changes
CLE,Cleveland Browns,2001,00-0016399,Mike Thompson,DT,72,63,-9,0.33,0.33,Engine re-derivation after 2001 roster/override changes
CLE,Cleveland Browns,2001,00-0004574,Rickey Dudley,TE,65,63,-2,0.6,0.6,Engine re-derivation after 2001 roster/override changes
CLE,Cleveland Browns,2001,00-0020486,Josh Booty,QB,68,62,-6,0.45,0.45,Engine re-derivation after 2001 roster/override changes
CLE,Cleveland Browns,2001,00-0019945,Dyshod Carter,CB,61,60,-1,0.45,0.45,Engine re-derivation after 2001 roster/override changes
CLE,Cleveland Browns,2001,00-0005903,Jammi German,WR,60,60,0,0.6,0.6,
CLE,Cleveland Browns,2001,00-0020275,Michael Jameson,CB,62,60,-2,0.45,0.45,Engine re-derivation after 2001 roster/override changes
CLE,Cleveland Browns,2001,00-0011488,Rod Monroe,TE,58,57,-1,0.45,0.45,Engine re-derivation after 2001 roster/override changes
CLE,Cleveland Browns,2001,00-0019062,Jake Moreland,TE,56,56,0,0.6,0.6,
CLE,Cleveland Browns,2001,00-0020437,Paul Zukauskas,LG,65,56,-9,0.45,0.45,Engine re-derivation after 2001 roster/override changes
CLE,Cleveland Browns,2001,00-0020415,Andre King,WR,55,55,0,0.6,0.6,
CLE,Cleveland Browns,2001,00-0020329,Anthony Henry,CB,61,54,-7,0.45,0.45,Engine re-derivation after 2001 roster/override changes
CLE,Cleveland Browns,2001,00-0020417,Benjamin Gay,RB,54,54,0,0.6,0.6,
CLE,Cleveland Browns,2001,00-0002586,Mark Campbell,TE,63,54,-9,0.45,0.45,Engine re-derivation after 2001 roster/override changes
CLE,Cleveland Browns,2001,00-0008178,Raymond Jackson,CB,58,54,-4,0.45,0.45,Engine re-derivation after 2001 roster/override changes
CLE,Cleveland Browns,2001,00-0019276,Shaun O'Hara,LG,61,54,-7,0.45,0.45,Engine re-derivation after 2001 roster/override changes
DAL,Dallas Cowboys,2001,00-0000217,Larry Allen,LG,96,92,-4,0.95,0.9,"Dominant All-Pro guard, strongest in the NFL [by ratings-overhaul-2001, 2026-06-09]"
DAL,Dallas Cowboys,2001,00-0018228,Darren Woodson,S,75,83,8,0.45,0.9,"Veteran Pro Bowl-caliber hard-hitting safety [by ratings-overhaul-2001, 2026-06-09]"
DAL,Dallas Cowboys,2001,00-0000045,Flozell Adams,LT,74,83,9,0.33,0.9,"Ascending Pro Bowl-caliber left tackle [by ratings-overhaul-2001, 2026-06-09]"
DAL,Dallas Cowboys,2001,00-0003140,Dexter Coakley,LB,72,82,10,0.33,0.9,"Fast Pro Bowl linebacker [by ratings-overhaul-2001, 2026-06-09]"
DAL,Dallas Cowboys,2001,00-0015165,Emmitt Smith,RB,82,82,0,0.78,0.9,"Aging workhorse, 1021 yds, still a force [by ratings-overhaul-2001, 2026-06-09]"
DAL,Dallas Cowboys,2001,00-0004851,Greg Ellis,EDGE,73,82,9,0.33,0.9,"Productive every-down edge rusher [by ratings-overhaul-2001, 2026-06-09]"
DAL,Dallas Cowboys,2001,00-0005720,Joey Galloway,WR,83,82,-1,0.78,0.9,"Explosive #1 WR, 699 yds (injury-affected) [by ratings-overhaul-2001, 2026-06-09]"
DAL,Dallas Cowboys,2001,00-0012085,Dat Nguyen,LB,72,80,8,0.33,0.9,"Tackle-machine middle linebacker [by ratings-overhaul-2001, 2026-06-09]"
DAL,Dallas Cowboys,2001,00-0008060,Raghib Ismail,WR,83,80,-3,0.78,0.9,"Veteran deep threat, 834 yds [by ratings-overhaul-2001, 2026-06-09]"
DAL,Dallas Cowboys,2001,00-0020396,Char-ron Dorsey,LT,74,78,4,0.33,0.33,Engine re-derivation after 2001 roster/override changes
DAL,Dallas Cowboys,2001,00-0018994,Jamal Brooks,LB,72,77,5,0.33,0.33,Engine re-derivation after 2001 roster/override changes
DAL,Dallas Cowboys,2001,00-0020538,Daleroy Stewart,DT,72,76,4,0.33,0.33,Engine re-derivation after 2001 roster/override changes
DAL,Dallas Cowboys,2001,00-0018575,Duane Hawthorne,CB,73,76,3,0.33,0.33,Engine re-derivation after 2001 roster/override changes
DAL,Dallas Cowboys,2001,00-0016157,George Teague,S,80,76,-4,0.45,0.9,"Veteran starting safety [by ratings-overhaul-2001, 2026-06-09]"
DAL,Dallas Cowboys,2001,00-0005927,Aaron Gibson,LT,74,75,1,0.33,0.33,Engine re-derivation after 2001 roster/override changes
DAL,Dallas Cowboys,2001,00-0005592,Ben Fricke,C,72,75,3,0.33,0.33,Engine re-derivation after 2001 roster/override changes
DAL,Dallas Cowboys,2001,00-0002942,Darrin Chiaverini,WR,75,75,0,0.78,0.78,
DAL,Dallas Cowboys,2001,00-0020408,Markus Steele,LB,73,75,2,0.33,0.33,Engine re-derivation after 2001 roster/override changes
DAL,Dallas Cowboys,2001,00-0019959,Marq Cerqua,LB,73,75,2,0.33,0.33,Engine re-derivation after 2001 roster/override changes
DAL,Dallas Cowboys,2001,00-0018489,Peppi Zellner,EDGE,73,75,2,0.33,0.33,Engine re-derivation after 2001 roster/override changes
DAL,Dallas Cowboys,2001,00-0012135,Brandon Noble,DT,72,74,2,0.33,0.9,"Stout interior lineman [by ratings-overhaul-2001, 2026-06-09]"
DAL,Dallas Cowboys,2001,00-0004808,Ebenezer Ekuban,EDGE,73,74,1,0.33,0.9,"Starting defensive end [by ratings-overhaul-2001, 2026-06-09]"
DAL,Dallas Cowboys,2001,00-0006949,Jackie Harris,TE,78,74,-4,0.78,0.9,"Receiving tight end [by ratings-overhaul-2001, 2026-06-09]"
DAL,Dallas Cowboys,2001,00-0019620,Mario Edwards,CB,73,74,1,0.33,0.9,"Starting corner [by ratings-overhaul-2001, 2026-06-09]"
DAL,Dallas Cowboys,2001,00-0019675,Pat Dennis,CB,73,74,1,0.33,0.33,Engine re-derivation after 2001 roster/override changes
DAL,Dallas Cowboys,2001,00-0019516,Troy Hambrick,RB,78,74,-4,0.78,0.9,"Power complement back [by ratings-overhaul-2001, 2026-06-09]"
DAL,Dallas Cowboys,2001,00-0016786,Dimitrius Underwood,EDGE,73,73,0,0.33,0.9,"Rotational defensive end [by ratings-overhaul-2001, 2026-06-09]"
DAL,Dallas Cowboys,2001,00-0013536,Izell Reese,CB,73,73,0,0.33,0.9,"Starting safety [by ratings-overhaul-2001, 2026-06-09]"
DAL,Dallas Cowboys,2001,00-0012499,Solomon Page,LT,74,73,-1,0.33,0.9,"Starting tackle [by ratings-overhaul-2001, 2026-06-09]"
DAL,Dallas Cowboys,2001,00-0020433,Willie Blade,DT,72,73,1,0.33,0.33,Engine re-derivation after 2001 roster/override changes
DAL,Dallas Cowboys,2001,00-0019665,Byron Frisch,EDGE,73,72,-1,0.33,0.33,Engine re-derivation after 2001 roster/override changes
DAL,Dallas Cowboys,2001,00-0019607,Dwayne Goodrich,CB,73,72,-1,0.33,0.9,"Young corner [by ratings-overhaul-2001, 2026-06-09]"
DAL,Dallas Cowboys,2001,00-0019343,Jon Hilbert,K,76,72,-4,0.45,0.45,Engine re-derivation after 2001 roster/override changes
DAL,Dallas Cowboys,2001,00-0019614,Michael Wiley,RB,77,72,-5,0.78,0.9,"Change-of-pace back [by ratings-overhaul-2001, 2026-06-09]"
DAL,Dallas Cowboys,2001,00-0010146,Mike Lucky,TE,73,72,-1,0.78,0.78,Engine re-derivation after 2001 roster/override changes
DAL,Dallas Cowboys,2001,00-0020404,Quincy Carter,QB,71,72,1,0.78,0.9,"Raw rookie starter [by ratings-overhaul-2001, 2026-06-09]"
DAL,Dallas Cowboys,2001,00-0020419,Tony Dixon,CB,73,72,-1,0.33,0.9,"Rookie starting safety [by ratings-overhaul-2001, 2026-06-09]"
DAL,Dallas Cowboys,2001,00-0015663,Mark Stepnoski,C,72,71,-1,0.33,0.33,Engine re-derivation after 2001 roster/override changes
DAL,Dallas Cowboys,2001,00-0020413,John Nix,DT,72,70,-2,0.33,0.33,Engine re-derivation after 2001 roster/override changes
DAL,Dallas Cowboys,2001,00-0020054,Javiar Collins,DT,72,69,-3,0.33,0.33,Engine re-derivation after 2001 roster/override changes
DAL,Dallas Cowboys,2001,00-0018272,Anthony Wright,QB,55,68,13,0.6,0.9,"Journeyman fill-in starter [by ratings-overhaul-2001, 2026-06-09]"
DAL,Dallas Cowboys,2001,00-0019396,Al Jackson,LG,72,67,-5,0.33,0.33,Engine re-derivation after 2001 roster/override changes
DAL,Dallas Cowboys,2001,00-0019569,James Whalen,TE,63,67,4,0.45,0.45,Engine re-derivation after 2001 roster/override changes
DAL,Dallas Cowboys,2001,00-0020111,Lynn Scott,CB,73,67,-6,0.33,0.33,Engine re-derivation after 2001 roster/override changes
DAL,Dallas Cowboys,2001,00-0011886,Michael Myers,DT,72,67,-5,0.33,0.33,Engine re-derivation after 2001 roster/override changes
DAL,Dallas Cowboys,2001,00-0020541,Louis Mackey,LB,73,66,-7,0.33,0.33,Engine re-derivation after 2001 roster/override changes
DAL,Dallas Cowboys,2001,00-0020055,Demetric Evans,EDGE,73,64,-9,0.33,0.33,Engine re-derivation after 2001 roster/override changes
DAL,Dallas Cowboys,2001,00-0020456,Dwayne Missouri,EDGE,73,64,-9,0.33,0.33,Engine re-derivation after 2001 roster/override changes
DAL,Dallas Cowboys,2001,00-0020110,Jason Bell,CB,73,64,-9,0.33,0.33,Engine re-derivation after 2001 roster/override changes
DAL,Dallas Cowboys,2001,00-0020488,Keith Adams,LB,73,64,-9,0.33,0.33,Engine re-derivation after 2001 roster/override changes
DAL,Dallas Cowboys,2001,00-0019637,Orantes Grant,LB,73,64,-9,0.33,0.33,Engine re-derivation after 2001 roster/override changes
DAL,Dallas Cowboys,2001,00-0019021,Bashir Yamini,WR,67,63,-4,0.45,0.45,Engine re-derivation after 2001 roster/override changes
DAL,Dallas Cowboys,2001,00-0005778,Kelvin Garmon,LG,72,63,-9,0.33,0.33,Engine re-derivation after 2001 roster/override changes
DAL,Dallas Cowboys,2001,00-0019019,Micah Knorr,P,71,62,-9,0.45,0.45,Engine re-derivation after 2001 roster/override changes
DAL,Dallas Cowboys,2001,00-0015980,Reggie Swinton,WR,62,62,0,0.6,0.6,
DAL,Dallas Cowboys,2001,00-0020420,Matt Lehr,C,72,61,-11,0.33,0.33,Engine re-derivation after 2001 roster/override changes
DAL,Dallas Cowboys,2001,00-0020425,Ken-Yon Rambo,WR,61,60,-1,0.6,0.6,Engine re-derivation after 2001 roster/override changes
DAL,Dallas Cowboys,2001,00-0009715,Ryan Leaf,QB,61,60,-1,0.6,0.6,Engine re-derivation after 2001 roster/override changes
DAL,Dallas Cowboys,2001,00-0018976,J.J. Huggins,TE,58,58,0,0.6,0.6,
DAL,Dallas Cowboys,2001,00-0019919,Randal Williams,WR,67,56,-11,0.45,0.45,Engine re-derivation after 2001 roster/override changes
DAL,Dallas Cowboys,2001,00-0019894,Mike Solwold,TE,63,54,-9,0.45,0.45,Engine re-derivation after 2001 roster/override changes
DAL,Dallas Cowboys,2001,00-0018949,Tim Seder,K,64,54,-10,0.45,0.45,Engine re-derivation after 2001 roster/override changes
DAL,Dallas Cowboys,2001,00-0016316,Robert Thomas,RB,53,52,-1,0.6,0.6,Engine re-derivation after 2001 roster/override changes
DAL,Dallas Cowboys,2001,00-0019442,Clint Stoerner,QB,50,50,0,0.6,0.6,
DAL,Dallas Cowboys,2001,00-0020181,Terry Witherspoon,RB,50,50,0,0.6,0.6,
DEN,Denver Broncos,2001,00-0015290,Rod Smith,WR,96,90,-6,0.78,0.9,"Star WR, 113 cat/1343 yds/11 TD, Pro Bowl [by ratings-overhaul-2001, 2026-06-09]"
DEN,Denver Broncos,2001,00-0011915,Tom Nalen,C,72,86,14,0.33,0.9,"All-Pro center [by ratings-overhaul-2001, 2026-06-09]"
DEN,Denver Broncos,2001,00-0013282,Trevor Pryce,DT,73,86,13,0.33,0.9,"Disruptive Pro Bowl defensive tackle [by ratings-overhaul-2001, 2026-06-09]"
DEN,Denver Broncos,2001,00-0004811,Jason Elam,K,76,85,9,0.45,0.9,"Elite veteran kicker [by ratings-overhaul-2001, 2026-06-09]"
DEN,Denver Broncos,2001,00-0017998,Al Wilson,LB,73,84,11,0.33,0.9,"Star fast middle linebacker, Pro Bowl [by ratings-overhaul-2001, 2026-06-09]"
DEN,Denver Broncos,2001,00-0006423,Brian Griese,QB,82,82,0,0.78,0.9,"Productive starter, 23 TD [by ratings-overhaul-2001, 2026-06-09]"
DEN,Denver Broncos,2001,00-0019645,Deltha O'Neal,CB,58,80,22,0.45,0.9,"Ballhawk Pro Bowl corner/returner [by ratings-overhaul-2001, 2026-06-09]"
DEN,Denver Broncos,2001,00-0003035,Desmond Clark,TE,88,80,-8,0.78,0.9,"Athletic receiving tight end, 566 yds [by ratings-overhaul-2001, 2026-06-09]"
DEN,Denver Broncos,2001,00-0010650,Ed McCaffrey,WR,60,80,20,0.6,0.9,"Reliable big WR (leg injury Week 1, limited) [by ratings-overhaul-2001, 2026-06-09]"
DEN,Denver Broncos,2001,00-0019594,Mike Anderson,RB,80,80,0,0.78,0.9,"Powerful lead back, 678 yds (committee) [by ratings-overhaul-2001, 2026-06-09]"
DEN,Denver Broncos,2001,00-0011449,John Mobley,LB,73,79,6,0.33,0.9,"Every-down playmaking linebacker [by ratings-overhaul-2001, 2026-06-09]"
DEN,Denver Broncos,2001,00-0001931,Eric Brown,S,80,78,-2,0.45,0.9,"Hard-hitting starting safety [by ratings-overhaul-2001, 2026-06-09]"
DEN,Denver Broncos,2001,00-0009810,Matt Lepsis,LT,74,78,4,0.33,0.9,"Ascending starting tackle [by ratings-overhaul-2001, 2026-06-09]"
DEN,Denver Broncos,2001,00-0004257,David Diaz-Infante,LG,72,77,5,0.33,0.33,Engine re-derivation after 2001 roster/override changes
DEN,Denver Broncos,2001,00-0020331,Brandon Winey,LT,74,76,2,0.33,0.33,Engine re-derivation after 2001 roster/override changes
DEN,Denver Broncos,2001,00-0011983,Dan Neil,LG,72,76,4,0.33,0.9,"Solid starting guard [by ratings-overhaul-2001, 2026-06-09]"
DEN,Denver Broncos,2001,00-0017026,Denard Walker,CB,71,76,5,0.45,0.9,"Veteran starting corner [by ratings-overhaul-2001, 2026-06-09]"
DEN,Denver Broncos,2001,00-0002709,Dwayne Carswell,TE,83,76,-7,0.78,0.9,"Blocking/receiving tight end [by ratings-overhaul-2001, 2026-06-09]"
DEN,Denver Broncos,2001,00-0019652,Ian Gold,LB,73,76,3,0.33,0.9,"Ascending weakside linebacker [by ratings-overhaul-2001, 2026-06-09]"
DEN,Denver Broncos,2001,00-0002312,Keith Burns,LB,73,76,3,0.33,0.33,Engine re-derivation after 2001 roster/override changes
DEN,Denver Broncos,2001,00-0019458,Kenoy Kennedy,S,75,76,1,0.45,0.9,"Ascending starting safety [by ratings-overhaul-2001, 2026-06-09]"
DEN,Denver Broncos,2001,00-0004054,Terrell Davis,RB,74,76,2,0.78,0.9,"Diminished former star, 701 yds in 8 [by ratings-overhaul-2001, 2026-06-09]"
DEN,Denver Broncos,2001,00-0001176,Bertrand Berry,EDGE,73,74,1,0.33,0.9,"Rotational pass rusher [by ratings-overhaul-2001, 2026-06-09]"
DEN,Denver Broncos,2001,00-0003977,Eric Davis,CB,82,74,-8,0.45,0.45,Engine re-derivation after 2001 roster/override changes
DEN,Denver Broncos,2001,00-0013012,Kavika Pittman,EDGE,73,74,1,0.33,0.9,"Pass-rushing edge [by ratings-overhaul-2001, 2026-06-09]"
DEN,Denver Broncos,2001,00-0014083,Tom Rouen,P,76,74,-2,0.45,0.9,"Veteran punter [by ratings-overhaul-2001, 2026-06-09]"
DEN,Denver Broncos,2001,00-0019632,Cooper Carlisle,LG,72,73,1,0.33,0.33,Engine re-derivation after 2001 roster/override changes
DEN,Denver Broncos,2001,00-0017255,Keith Washington,EDGE,73,73,0,0.33,0.33,
DEN,Denver Broncos,2001,00-0006804,Patrick Hape,RB,72,73,1,0.78,0.78,Engine re-derivation after 2001 roster/override changes
DEN,Denver Broncos,2001,00-0019667,Jerry Johnson,DT,73,72,-1,0.33,0.33,Engine re-derivation after 2001 roster/override changes
DEN,Denver Broncos,2001,00-0005596,Lennie Friedman,LG,72,72,0,0.33,0.33,
DEN,Denver Broncos,2001,00-0010874,Chester McGlockton,DT,73,71,-2,0.33,0.33,Engine re-derivation after 2001 roster/override changes
DEN,Denver Broncos,2001,00-0020475,Reggie Hayward,EDGE,73,71,-2,0.33,0.33,Engine re-derivation after 2001 roster/override changes
DEN,Denver Broncos,2001,00-0005589,Gus Frerotte,QB,70,70,0,0.6,0.6,
DEN,Denver Broncos,2001,00-0005816,Olandis Gary,RB,69,70,1,0.78,0.9,"Committee depth back [by ratings-overhaul-2001, 2026-06-09]"
DEN,Denver Broncos,2001,00-0015152,Detron Smith,RB,63,69,6,0.45,0.45,Engine re-derivation after 2001 roster/override changes
DEN,Denver Broncos,2001,00-0006456,Howard Griffith,RB,63,69,6,0.45,0.45,Engine re-derivation after 2001 roster/override changes
DEN,Denver Broncos,2001,00-0020256,Kevin Kasper,WR,69,69,0,0.78,0.78,
DEN,Denver Broncos,2001,00-0019109,Scottie Montgomery,WR,69,69,0,0.78,0.78,
DEN,Denver Broncos,2001,00-0002713,Tony Carter,RB,69,69,0,0.78,0.78,
DEN,Denver Broncos,2001,00-0014004,Bill Romanowski,LB,73,68,-5,0.33,0.33,Engine re-derivation after 2001 roster/override changes
DEN,Denver Broncos,2001,00-0019156,Darius Clark,CB,71,67,-4,0.45,0.45,Engine re-derivation after 2001 roster/override changes
DEN,Denver Broncos,2001,00-0018186,Lee Woodall,LB,73,67,-6,0.33,0.33,Engine re-derivation after 2001 roster/override changes
DEN,Denver Broncos,2001,00-0009823,Leon Lett,EDGE,73,67,-6,0.33,0.33,Engine re-derivation after 2001 roster/override changes
DEN,Denver Broncos,2001,00-0003187,George Coghill,CB,82,66,-16,0.45,0.45,Engine re-derivation after 2001 roster/override changes
DEN,Denver Broncos,2001,00-0020500,Paul Toviessi,EDGE,73,66,-7,0.33,0.33,Engine re-derivation after 2001 roster/override changes
DEN,Denver Broncos,2001,00-0020119,Phil McGeoghan,WR,67,66,-1,0.45,0.45,Engine re-derivation after 2001 roster/override changes
DEN,Denver Broncos,2001,00-0019248,Steve Herndon,LG,72,66,-6,0.33,0.33,Engine re-derivation after 2001 roster/override changes
DEN,Denver Broncos,2001,00-0019477,Mookie Moore,LT,74,65,-9,0.33,0.33,Engine re-derivation after 2001 roster/override changes
DEN,Denver Broncos,2001,00-0020368,Ben Hamilton,C,72,64,-8,0.33,0.33,Engine re-derivation after 2001 roster/override changes
DEN,Denver Broncos,2001,00-0015460,Jimmy Spencer,CB,79,64,-15,0.45,0.45,Engine re-derivation after 2001 roster/override changes
DEN,Denver Broncos,2001,00-0013471,Montae Reagor,EDGE,73,64,-9,0.33,0.33,Engine re-derivation after 2001 roster/override changes
DEN,Denver Broncos,2001,00-0016160,Trey Teague,LT,74,63,-11,0.33,0.33,Engine re-derivation after 2001 roster/override changes
DEN,Denver Broncos,2001,00-0019661,Chris Cole,WR,61,62,1,0.6,0.6,Engine re-derivation after 2001 roster/override changes
DEN,Denver Broncos,2001,00-0020496,Willie Middlebrooks,CB,66,61,-5,0.45,0.45,Engine re-derivation after 2001 roster/override changes
DEN,Denver Broncos,2001,00-0019622,Todd Husak,QB,63,60,-3,0.45,0.45,Engine re-derivation after 2001 roster/override changes
DEN,Denver Broncos,2001,00-0020146,Delvin Hughley,CB,66,58,-8,0.45,0.45,Engine re-derivation after 2001 roster/override changes
DEN,Denver Broncos,2001,00-0020050,Matt Dominguez,TE,57,57,0,0.6,0.6,
DEN,Denver Broncos,2001,00-0001218,Steve Beuerlein,QB,63,57,-6,0.45,0.45,Engine re-derivation after 2001 roster/override changes
DEN,Denver Broncos,2001,00-0019682,Jarious Jackson,QB,55,56,1,0.6,0.6,Engine re-derivation after 2001 roster/override changes
DEN,Denver Broncos,2001,00-0019382,KaRon Coleman,RB,52,53,1,0.6,0.6,Engine re-derivation after 2001 roster/override changes
DET,Detroit Lions,2001,00-0006800,Jason Hanson,K,76,84,8,0.45,0.9,"Elite accurate kicker [by ratings-overhaul-2001, 2026-06-09]"
DET,Detroit Lions,2001,00-0011727,Johnnie Morton,WR,88,82,-6,0.78,0.9,"Star #1 WR, 77 cat/1154 yds [by ratings-overhaul-2001, 2026-06-09]"
DET,Detroit Lions,2001,00-0013118,Robert Porcher,EDGE,73,82,9,0.33,0.9,"Productive Pro Bowl-caliber edge [by ratings-overhaul-2001, 2026-06-09]"
DET,Detroit Lions,2001,00-0001604,Stephen Boyd,LB,73,82,9,0.33,0.9,"Pro Bowl tackle-machine middle linebacker [by ratings-overhaul-2001, 2026-06-09]"
DET,Detroit Lions,2001,00-0004874,Luther Elliss,DT,73,80,7,0.33,0.9,"Pro Bowl-caliber interior anchor [by ratings-overhaul-2001, 2026-06-09]"
DET,Detroit Lions,2001,00-0003005,Chris Claiborne,LB,73,78,5,0.33,0.9,"Athletic starting linebacker [by ratings-overhaul-2001, 2026-06-09]"
DET,Detroit Lions,2001,00-0015048,David Sloan,TE,86,78,-8,0.78,0.9,"Receiving tight end, 7 TD [by ratings-overhaul-2001, 2026-06-09]"
DET,Detroit Lions,2001,00-0020444,Jeff Backus,LT,74,78,4,0.33,0.9,"Solid #18-pick rookie left tackle [by ratings-overhaul-2001, 2026-06-09]"
DET,Detroit Lions,2001,00-0019228,Jimmy Wyrick,CB,74,78,4,0.33,0.33,Engine re-derivation after 2001 roster/override changes
DET,Detroit Lions,2001,00-0020528,Shaun Rogers,DT,73,78,5,0.33,0.9,"Powerful young defensive tackle [by ratings-overhaul-2001, 2026-06-09]"
DET,Detroit Lions,2001,00-0017467,Bryant Westbrook,CB,73,76,3,0.33,0.9,"Athletic starting corner [by ratings-overhaul-2001, 2026-06-09]"
DET,Detroit Lions,2001,00-0020082,Chidi Iwuoma,CB,73,76,3,0.33,0.33,Engine re-derivation after 2001 roster/override changes
DET,Detroit Lions,2001,00-0014450,Cory Schlesinger,RB,80,76,-4,0.78,0.9,"Lead-blocking/receiving fullback [by ratings-overhaul-2001, 2026-06-09]"
DET,Detroit Lions,2001,00-0015698,James Stewart,RB,73,76,3,0.78,0.9,"Lead back when healthy, 685 yds [by ratings-overhaul-2001, 2026-06-09]"
DET,Detroit Lions,2001,00-0000601,Robert Bailey,CB,74,76,2,0.33,0.33,Engine re-derivation after 2001 roster/override changes
DET,Detroit Lions,2001,00-0010173,Todd Lyght,CB,74,76,2,0.33,0.9,"Veteran starting corner [by ratings-overhaul-2001, 2026-06-09]"
DET,Detroit Lions,2001,00-0014660,Tony Semple,LG,72,76,4,0.33,0.33,Engine re-derivation after 2001 roster/override changes
DET,Detroit Lions,2001,00-0014596,Tracy Scroggins,EDGE,73,76,3,0.33,0.9,"Veteran pass rusher [by ratings-overhaul-2001, 2026-06-09]"
DET,Detroit Lions,2001,00-0000865,Charlie Batch,QB,72,75,3,0.78,0.9,"Inconsistent starter, 12 TD/12 INT [by ratings-overhaul-2001, 2026-06-09]"
DET,Detroit Lions,2001,00-0004242,Jared DeVries,EDGE,73,75,2,0.33,0.33,Engine re-derivation after 2001 roster/override changes
DET,Detroit Lions,2001,00-0015914,Kywin Supernaw,CB,74,75,1,0.33,0.33,Engine re-derivation after 2001 roster/override changes
DET,Detroit Lions,2001,00-0002583,Lamar Campbell,S,72,75,3,0.33,0.33,Engine re-derivation after 2001 roster/override changes
DET,Detroit Lions,2001,00-0013643,Ron Rice,S,72,75,3,0.33,0.33,Engine re-derivation after 2001 roster/override changes
DET,Detroit Lions,2001,00-0019608,Barrett Green,LB,73,74,1,0.33,0.9,"Ascending fast linebacker [by ratings-overhaul-2001, 2026-06-09]"
DET,Detroit Lions,2001,00-0020445,Dominic Raiola,C,72,74,2,0.33,0.9,"Rookie starting center [by ratings-overhaul-2001, 2026-06-09]"
DET,Detroit Lions,2001,00-0019387,James Hall,EDGE,73,74,1,0.33,0.9,"Ascending pass rusher [by ratings-overhaul-2001, 2026-06-09]"
DET,Detroit Lions,2001,00-0014512,Kurt Schulz,S,72,74,2,0.33,0.9,"Veteran starting safety [by ratings-overhaul-2001, 2026-06-09]"
DET,Detroit Lions,2001,00-0019601,Stockar McDougle,LG,72,74,2,0.33,0.9,"Young starting tackle [by ratings-overhaul-2001, 2026-06-09]"
DET,Detroit Lions,2001,00-0007735,Tyrone Hopson,LT,74,74,0,0.33,0.33,
DET,Detroit Lions,2001,00-0000129,Allen Aldridge,LB,73,73,0,0.33,0.9,"Veteran starting linebacker [by ratings-overhaul-2001, 2026-06-09]"
DET,Detroit Lions,2001,00-0017218,Lamont Warren,RB,79,73,-6,0.78,0.9,"Committee receiving back [by ratings-overhaul-2001, 2026-06-09]"
DET,Detroit Lions,2001,00-0019231,Larry Foster,WR,76,73,-3,0.78,0.9,"Rotational receiver [by ratings-overhaul-2001, 2026-06-09]"
DET,Detroit Lions,2001,00-0002748,Marty Carter,S,72,73,1,0.33,0.33,Engine re-derivation after 2001 roster/override changes
DET,Detroit Lions,2001,00-0005044,Terry Fair,CB,74,73,-1,0.33,0.9,"Starting corner/returner [by ratings-overhaul-2001, 2026-06-09]"
DET,Detroit Lions,2001,00-0004888,Bert Emanuel,WR,71,72,1,0.78,0.9,"Veteran depth receiver [by ratings-overhaul-2001, 2026-06-09]"
DET,Detroit Lions,2001,00-0003700,Germane Crowell,WR,58,72,14,0.6,0.9,"Injury-shortened receiver [by ratings-overhaul-2001, 2026-06-09]"
DET,Detroit Lions,2001,00-0001222,Eric Beverly,C,72,71,-1,0.33,0.33,Engine re-derivation after 2001 roster/override changes
DET,Detroit Lions,2001,00-0001333,Kerlin Blaise,LG,72,71,-1,0.33,0.33,Engine re-derivation after 2001 roster/override changes
DET,Detroit Lions,2001,00-0020370,Scotty Anderson,WR,70,69,-1,0.78,0.78,Engine re-derivation after 2001 roster/override changes
DET,Detroit Lions,2001,00-0001114,Tommy Bennett,CB,74,69,-5,0.33,0.33,Engine re-derivation after 2001 roster/override changes
DET,Detroit Lions,2001,00-0009305,Travis Kirschke,DT,73,69,-4,0.33,0.33,Engine re-derivation after 2001 roster/override changes
DET,Detroit Lions,2001,00-0017737,Brian Williams,LB,73,68,-5,0.33,0.33,Engine re-derivation after 2001 roster/override changes
DET,Detroit Lions,2001,00-0007798,Desmond Howard,WR,70,68,-2,0.78,0.78,Engine re-derivation after 2001 roster/override changes
DET,Detroit Lions,2001,00-0014298,Khari Samuel,LB,73,68,-5,0.33,0.33,Engine re-derivation after 2001 roster/override changes
DET,Detroit Lions,2001,00-0020308,Mike McMahon,QB,62,68,6,0.6,0.9,"Mobile rookie fill-in [by ratings-overhaul-2001, 2026-06-09]"
DET,Detroit Lions,2001,00-0010828,Ray McElroy,CB,74,65,-9,0.33,0.33,Engine re-derivation after 2001 roster/override changes
DET,Detroit Lions,2001,00-0009438,Scott Kowalkowski,LB,73,65,-8,0.33,0.33,Engine re-derivation after 2001 roster/override changes
DET,Detroit Lions,2001,00-0008046,Sedrick Irvin,RB,63,65,2,0.45,0.45,Engine re-derivation after 2001 roster/override changes
DET,Detroit Lions,2001,00-0013261,Kelvin Pritchett,EDGE,73,64,-9,0.33,0.33,Engine re-derivation after 2001 roster/override changes
DET,Detroit Lions,2001,00-0008950,Matt Joyce,LT,74,64,-10,0.33,0.33,Engine re-derivation after 2001 roster/override changes
DET,Detroit Lions,2001,00-0000727,Brad Banta,TE,68,63,-5,0.45,0.45,Engine re-derivation after 2001 roster/override changes
DET,Detroit Lions,2001,00-0004527,Scott Dreisbach,QB,63,63,0,0.45,0.45,
DET,Detroit Lions,2001,00-0004230,Ty Detmer,QB,55,63,8,0.6,0.9,"Veteran journeyman backup [by ratings-overhaul-2001, 2026-06-09]"
DET,Detroit Lions,2001,00-0015522,Brenden Stai,LG,72,62,-10,0.33,0.33,Engine re-derivation after 2001 roster/override changes
DET,Detroit Lions,2001,00-0009477,Clint Kriewaldt,LB,73,62,-11,0.33,0.33,Engine re-derivation after 2001 roster/override changes
DET,Detroit Lions,2001,00-0020081,Anthony Herron,EDGE,73,61,-12,0.33,0.33,Engine re-derivation after 2001 roster/override changes
DET,Detroit Lions,2001,00-0008401,John Jett,P,69,58,-11,0.45,0.45,Engine re-derivation after 2001 roster/override changes
DET,Detroit Lions,2001,00-0011568,Herman Moore,WR,55,54,-1,0.6,0.6,Engine re-derivation after 2001 roster/override changes
DET,Detroit Lions,2001,00-0020094,Stephen Trejo,RB,54,53,-1,0.6,0.6,Engine re-derivation after 2001 roster/override changes
DET,Detroit Lions,2001,00-0019794,Aveion Cason,RB,53,51,-2,0.6,0.6,Engine re-derivation after 2001 roster/override changes
DET,Detroit Lions,2001,00-0019610,Reuben Droughns,RB,52,51,-1,0.6,0.6,Engine re-derivation after 2001 roster/override changes
DET,Detroit Lions,2001,00-0012370,Brock Olivo,RB,50,50,0,0.6,0.6,
GB,Green Bay Packers,2001,00-0005106,Brett Favre,QB,94,90,-4,0.78,0.9,"Star QB, 32 TD/15 INT, 3921 yds [by ratings-overhaul-2001, 2026-06-09]"
GB,Green Bay Packers,2001,00-0006305,Ahman Green,RB,91,88,-3,0.78,0.9,"Breakout dual-threat star, 1387 rush + 594 rec [by ratings-overhaul-2001, 2026-06-09]"
GB,Green Bay Packers,2001,00-0014724,Darren Sharper,S,72,85,13,0.33,0.9,"Pro Bowl ballhawk free safety [by ratings-overhaul-2001, 2026-06-09]"
GB,Green Bay Packers,2001,00-0019617,Kabeer Gbaja-Biamila,EDGE,74,82,8,0.33,0.9,"Breakout pass rusher, 13.5 sacks [by ratings-overhaul-2001, 2026-06-09]"
GB,Green Bay Packers,2001,00-0002424,LeRoy Butler,S,72,82,10,0.33,0.9,"Veteran All-Pro-caliber safety, leader [by ratings-overhaul-2001, 2026-06-09]"
GB,Green Bay Packers,2001,00-0013780,Marco Rivera,LG,72,82,10,0.33,0.9,"Pro Bowl-caliber guard [by ratings-overhaul-2001, 2026-06-09]"
GB,Green Bay Packers,2001,00-0010072,Ryan Longwell,K,76,82,6,0.45,0.9,"Reliable accurate kicker [by ratings-overhaul-2001, 2026-06-09]"
GB,Green Bay Packers,2001,00-0005562,Antonio Freeman,WR,85,81,-4,0.78,0.9,"Productive #1 WR, 818 yds, 6 TD [by ratings-overhaul-2001, 2026-06-09]"
GB,Green Bay Packers,2001,00-0014489,Bill Schroeder,WR,87,80,-7,0.78,0.9,"Reliable #2, 918 yds, 9 TD [by ratings-overhaul-2001, 2026-06-09]"
GB,Green Bay Packers,2001,00-0019702,Chad Clifton,LT,75,80,5,0.33,0.9,"Ascending starting left tackle [by ratings-overhaul-2001, 2026-06-09]"
GB,Green Bay Packers,2001,00-0010944,Mike McKenzie,CB,71,80,9,0.45,0.9,"Ascending starting corner [by ratings-overhaul-2001, 2026-06-09]"
GB,Green Bay Packers,2001,00-0007611,Vonnie Holliday,EDGE,74,80,6,0.33,0.9,"Disruptive defensive tackle [by ratings-overhaul-2001, 2026-06-09]"
GB,Green Bay Packers,2001,00-0019644,Bubba Franks,TE,87,79,-8,0.78,0.9,"Red-zone Pro Bowl tight end, 9 TD [by ratings-overhaul-2001, 2026-06-09]"
GB,Green Bay Packers,2001,00-0006016,Chris Gizzi,LB,73,78,5,0.33,0.33,Engine re-derivation after 2001 roster/override changes
GB,Green Bay Packers,2001,00-0019502,Mark Tauscher,LT,75,78,3,0.33,0.9,"Solid starting right tackle [by ratings-overhaul-2001, 2026-06-09]"
GB,Green Bay Packers,2001,00-0016990,Mike Wahle,LG,72,78,6,0.33,0.9,"Ascending starting guard [by ratings-overhaul-2001, 2026-06-09]"
GB,Green Bay Packers,2001,00-0017948,Tyrone Williams,CB,66,78,12,0.45,0.9,"Veteran starting corner [by ratings-overhaul-2001, 2026-06-09]"
GB,Green Bay Packers,2001,00-0006920,Bernardo Harris,LB,73,76,3,0.33,0.9,"Veteran middle linebacker [by ratings-overhaul-2001, 2026-06-09]"
GB,Green Bay Packers,2001,00-0007929,Cletidus Hunt,DT,73,76,3,0.33,0.9,"Ascending interior lineman [by ratings-overhaul-2001, 2026-06-09]"
GB,Green Bay Packers,2001,00-0018115,Frank Winters,C,72,76,4,0.33,0.33,Engine re-derivation after 2001 roster/override changes
GB,Green Bay Packers,2001,00-0001940,Gilbert Brown,DT,73,76,3,0.33,0.9,"Massive run-stuffing nose tackle [by ratings-overhaul-2001, 2026-06-09]"
GB,Green Bay Packers,2001,00-0001231,Josh Bidwell,P,76,76,0,0.45,0.9,"Solid punter [by ratings-overhaul-2001, 2026-06-09]"
GB,Green Bay Packers,2001,00-0005293,Mike Flanagan,C,72,76,4,0.33,0.9,"Solid starting center [by ratings-overhaul-2001, 2026-06-09]"
GB,Green Bay Packers,2001,00-0019467,Na'il Diggs,LB,73,76,3,0.33,0.9,"Ascending athletic linebacker [by ratings-overhaul-2001, 2026-06-09]"
GB,Green Bay Packers,2001,00-0007254,William Henderson,RB,75,76,1,0.78,0.9,"Pro Bowl-caliber lead-blocking fullback [by ratings-overhaul-2001, 2026-06-09]"
GB,Green Bay Packers,2001,00-0008939,Gana Joseph,CB,79,75,-4,0.45,0.45,Engine re-derivation after 2001 roster/override changes
GB,Green Bay Packers,2001,00-0017340,Nate Wayne,LB,73,75,2,0.33,0.9,"Every-down starting linebacker [by ratings-overhaul-2001, 2026-06-09]"
GB,Green Bay Packers,2001,00-0004747,Antuan Edwards,CB,82,74,-8,0.45,0.9,"Starting safety/corner [by ratings-overhaul-2001, 2026-06-09]"
GB,Green Bay Packers,2001,00-0001627,Corey Bradford,WR,80,74,-6,0.78,0.9,"Deep-threat #3 [by ratings-overhaul-2001, 2026-06-09]"
GB,Green Bay Packers,2001,00-0020332,David Martin,TE,73,74,1,0.78,0.78,Engine re-derivation after 2001 roster/override changes
GB,Green Bay Packers,2001,00-0009829,Dorsey Levens,RB,77,74,-3,0.78,0.9,"Veteran complement back [by ratings-overhaul-2001, 2026-06-09]"
GB,Green Bay Packers,2001,00-0004455,Earl Dotson,LT,75,74,-1,0.33,0.33,Engine re-derivation after 2001 roster/override changes
GB,Green Bay Packers,2001,00-0019849,Kevin Jordan,LT,75,74,-1,0.33,0.33,Engine re-derivation after 2001 roster/override changes
GB,Green Bay Packers,2001,00-0004456,Santana Dotson,DT,73,74,1,0.33,0.9,"Veteran interior lineman [by ratings-overhaul-2001, 2026-06-09]"
GB,Green Bay Packers,2001,00-0004541,Donald Driver,WR,70,73,3,0.78,0.9,"Ascending young receiver [by ratings-overhaul-2001, 2026-06-09]"
GB,Green Bay Packers,2001,00-0004038,Rob Davis,DT,73,73,0,0.33,0.33,
GB,Green Bay Packers,2001,00-0019460,Steve Warren,DT,73,73,0,0.33,0.33,
GB,Green Bay Packers,2001,00-0010645,Tod McBride,CB,71,73,2,0.45,0.9,"Nickel corner [by ratings-overhaul-2001, 2026-06-09]"
GB,Green Bay Packers,2001,00-0020431,Torrance Marshall,LB,73,73,0,0.33,0.9,"Rotational linebacker [by ratings-overhaul-2001, 2026-06-09]"
GB,Green Bay Packers,2001,00-0017846,K.D. Williams,LB,73,70,-3,0.33,0.33,Engine re-derivation after 2001 roster/override changes
GB,Green Bay Packers,2001,00-0020428,Robert Ferguson,WR,67,69,2,0.45,0.45,Engine re-derivation after 2001 roster/override changes
GB,Green Bay Packers,2001,00-0015744,Barry Stokes,LT,75,68,-7,0.33,0.33,Engine re-derivation after 2001 roster/override changes
GB,Green Bay Packers,2001,00-0020367,Bhawoh Jue,S,72,68,-4,0.33,0.33,Engine re-derivation after 2001 roster/override changes
GB,Green Bay Packers,2001,00-0020353,Bill Ferrario,LG,72,68,-4,0.33,0.33,Engine re-derivation after 2001 roster/override changes
GB,Green Bay Packers,2001,00-0012726,Doug Pederson,QB,65,66,1,0.6,0.6,Engine re-derivation after 2001 roster/override changes
GB,Green Bay Packers,2001,00-0019325,Kenny Coutain,WR,67,66,-1,0.45,0.45,Engine re-derivation after 2001 roster/override changes
GB,Green Bay Packers,2001,00-0010196,Billy Lyon,EDGE,73,65,-8,0.33,0.33,Engine re-derivation after 2001 roster/override changes
GB,Green Bay Packers,2001,00-0016210,John Thierry,EDGE,74,65,-9,0.33,0.33,Engine re-derivation after 2001 roster/override changes
GB,Green Bay Packers,2001,00-0016207,Keith Thibodeaux,CB,66,65,-1,0.45,0.45,Engine re-derivation after 2001 roster/override changes
GB,Green Bay Packers,2001,00-0007640,Rob Holmberg,LB,73,65,-8,0.33,0.33,Engine re-derivation after 2001 roster/override changes
GB,Green Bay Packers,2001,00-0005296,Jim Flanigan,DT,73,64,-9,0.33,0.33,Engine re-derivation after 2001 roster/override changes
GB,Green Bay Packers,2001,00-0017061,Rod Walker,DT,73,64,-9,0.33,0.33,Engine re-derivation after 2001 roster/override changes
GB,Green Bay Packers,2001,00-0008335,Billy Jenkins,CB,82,63,-19,0.45,0.45,Engine re-derivation after 2001 roster/override changes
GB,Green Bay Packers,2001,00-0020459,Jamal Reynolds,EDGE,73,63,-10,0.33,0.33,Engine re-derivation after 2001 roster/override changes
GB,Green Bay Packers,2001,00-0016539,Jared Tomich,EDGE,74,63,-11,0.33,0.33,Engine re-derivation after 2001 roster/override changes
GB,Green Bay Packers,2001,00-0019574,Matt Bowen,CB,62,62,0,0.45,0.45,
GB,Green Bay Packers,2001,00-0014071,Allen Rossum,CB,58,61,3,0.45,0.45,Engine re-derivation after 2001 roster/override changes
GB,Green Bay Packers,2001,00-0019505,Charles Lee,WR,60,61,1,0.6,0.6,Engine re-derivation after 2001 roster/override changes
GB,Green Bay Packers,2001,00-0005609,Scott Frost,CB,58,59,1,0.45,0.45,Engine re-derivation after 2001 roster/override changes
GB,Green Bay Packers,2001,00-0004063,Tyrone Davis,TE,56,57,1,0.6,0.6,Engine re-derivation after 2001 roster/override changes
GB,Green Bay Packers,2001,00-0019534,Rondell Mealey,RB,51,52,1,0.6,0.6,Engine re-derivation after 2001 roster/override changes
GB,Green Bay Packers,2001,00-0019028,Herbert Goodman,RB,50,51,1,0.6,0.6,Engine re-derivation after 2001 roster/override changes
IND,Indianapolis Colts,2001,00-0007024,Marvin Harrison,WR,99,95,-4,0.78,0.9,"1st-team All-Pro, 109 cat/1524 yds/15 TD [by ratings-overhaul-2001, 2026-06-09]"
IND,Indianapolis Colts,2001,00-0010346,Peyton Manning,QB,88,88,0,0.78,0.9,"Elite franchise QB, 4131 yds, 26 TD (23 INT) [by ratings-overhaul-2001, 2026-06-09]"
IND,Indianapolis Colts,2001,00-0008241,Edgerrin James,RB,67,86,19,0.6,0.9,"Star back lost to ACL midseason, 662 yds in 6 [by ratings-overhaul-2001, 2026-06-09]"
IND,Indianapolis Colts,2001,00-0016830,Mike Vanderjagt,K,76,84,8,0.45,0.9,"Elite accurate placekicker [by ratings-overhaul-2001, 2026-06-09]"
IND,Indianapolis Colts,2001,00-0006042,Tarik Glenn,LT,82,84,2,0.45,0.9,"Pro Bowl-caliber left tackle [by ratings-overhaul-2001, 2026-06-09]"
IND,Indianapolis Colts,2001,00-0019863,Dominic Rhodes,RB,87,82,-5,0.78,0.9,"Breakout undrafted rookie, 1104 yds, 9 TD [by ratings-overhaul-2001, 2026-06-09]"
IND,Indianapolis Colts,2001,00-0001707,Chad Bratzke,EDGE,74,80,6,0.33,0.9,"Productive every-down edge [by ratings-overhaul-2001, 2026-06-09]"
IND,Indianapolis Colts,2001,00-0014375,Jeff Saturday,C,69,80,11,0.45,0.9,"Ascending starting center [by ratings-overhaul-2001, 2026-06-09]"
IND,Indianapolis Colts,2001,00-0013080,Marcus Pollard,TE,91,80,-11,0.78,0.9,"Athletic receiving tight end, 739 yds, 8 TD [by ratings-overhaul-2001, 2026-06-09]"
IND,Indianapolis Colts,2001,00-0012871,Mike Peterson,LB,73,80,7,0.33,0.9,"Fast tackle-machine linebacker [by ratings-overhaul-2001, 2026-06-09]"
IND,Indianapolis Colts,2001,00-0011075,Adam Meadows,LT,82,78,-4,0.45,0.9,"Solid starting right tackle [by ratings-overhaul-2001, 2026-06-09]"
IND,Indianapolis Colts,2001,00-0019529,Josh Williams,DT,73,78,5,0.33,0.33,Engine re-derivation after 2001 roster/override changes
IND,Indianapolis Colts,2001,00-0019585,Marcus Washington,LB,73,78,5,0.33,0.9,"Ascending athletic linebacker [by ratings-overhaul-2001, 2026-06-09]"
IND,Indianapolis Colts,2001,00-0012940,Ryan Phillips,LB,73,78,5,0.33,0.33,Engine re-derivation after 2001 roster/override changes
IND,Indianapolis Colts,2001,00-0004294,Ken Dilger,TE,81,77,-4,0.78,0.9,"Reliable veteran tight end [by ratings-overhaul-2001, 2026-06-09]"
IND,Indianapolis Colts,2001,00-0000780,Lionel Barnes,EDGE,74,77,3,0.33,0.33,Engine re-derivation after 2001 roster/override changes
IND,Indianapolis Colts,2001,00-0008494,Ellis Johnson,DT,73,76,3,0.33,0.9,"Starting defensive tackle [by ratings-overhaul-2001, 2026-06-09]"
IND,Indianapolis Colts,2001,00-0019269,Ike Reid,EDGE,74,76,2,0.33,0.33,Engine re-derivation after 2001 roster/override changes
IND,Indianapolis Colts,2001,00-0020498,Reggie Wayne,WR,73,76,3,0.78,0.9,"Promising rookie #2 receiver [by ratings-overhaul-2001, 2026-06-09]"
IND,Indianapolis Colts,2001,00-0002328,Jeff Burris,CB,74,75,1,0.33,0.9,"Veteran starting corner [by ratings-overhaul-2001, 2026-06-09]"
IND,Indianapolis Colts,2001,00-0015986,Sam Sword,LB,73,75,2,0.33,0.33,Engine re-derivation after 2001 roster/override changes
IND,Indianapolis Colts,2001,00-0014530,Brad Scioli,EDGE,74,74,0,0.33,0.9,"Rotational pass rusher [by ratings-overhaul-2001, 2026-06-09]"
IND,Indianapolis Colts,2001,00-0003516,Chad Cota,S,80,74,-6,0.45,0.9,"Veteran starting safety [by ratings-overhaul-2001, 2026-06-09]"
IND,Indianapolis Colts,2001,00-0019563,David Macklin,CB,74,74,0,0.33,0.9,"Young starting corner [by ratings-overhaul-2001, 2026-06-09]"
IND,Indianapolis Colts,2001,00-0015194,Hunter Smith,P,76,74,-2,0.45,0.9,"Steady punter [by ratings-overhaul-2001, 2026-06-09]"
IND,Indianapolis Colts,2001,00-0020468,Idrees Bashir,S,75,74,-1,0.45,0.9,"Rookie starting safety [by ratings-overhaul-2001, 2026-06-09]"
IND,Indianapolis Colts,2001,00-0012637,Jerome Pathon,WR,64,74,10,0.6,0.9,"Rotational #3 receiver [by ratings-overhaul-2001, 2026-06-09]"
IND,Indianapolis Colts,2001,00-0019698,Rob Morris,LB,73,74,1,0.33,0.9,"Starting middle linebacker [by ratings-overhaul-2001, 2026-06-09]"
IND,Indianapolis Colts,2001,00-0010966,Steve McKinney,LG,61,74,13,0.45,0.9,"Young starting guard [by ratings-overhaul-2001, 2026-06-09]"
IND,Indianapolis Colts,2001,00-0012841,Christian Peter,DT,73,73,0,0.33,0.33,
IND,Indianapolis Colts,2001,00-0012229,Chukie Nwokorie,EDGE,74,73,-1,0.33,0.9,"Rotational edge [by ratings-overhaul-2001, 2026-06-09]"
IND,Indianapolis Colts,2001,00-0003676,Clifton Crosby,CB,74,73,-1,0.33,0.33,Engine re-derivation after 2001 roster/override changes
IND,Indianapolis Colts,2001,00-0011729,Mike Morton,LB,73,73,0,0.33,0.33,
IND,Indianapolis Colts,2001,00-0017697,Terrence Wilkins,WR,73,73,0,0.78,0.9,"Slot/return man [by ratings-overhaul-2001, 2026-06-09]"
IND,Indianapolis Colts,2001,00-0020477,Cory Bird,CB,74,72,-2,0.33,0.33,Engine re-derivation after 2001 roster/override changes
IND,Indianapolis Colts,2001,00-0019625,Drew Haddad,WR,67,72,5,0.45,0.45,Engine re-derivation after 2001 roster/override changes
IND,Indianapolis Colts,2001,00-0019872,Hans Olsen,DT,73,72,-1,0.33,0.33,Engine re-derivation after 2001 roster/override changes
IND,Indianapolis Colts,2001,00-0020324,Raymond Walls,CB,74,72,-2,0.33,0.33,Engine re-derivation after 2001 roster/override changes
IND,Indianapolis Colts,2001,00-0020399,Ryan Diem,LG,69,72,3,0.45,0.45,Engine re-derivation after 2001 roster/override changes
IND,Indianapolis Colts,2001,00-0019139,Donnel Thompson,LB,73,71,-2,0.33,0.33,Engine re-derivation after 2001 roster/override changes
IND,Indianapolis Colts,2001,00-0016295,Mark Thomas,EDGE,74,71,-3,0.33,0.33,Engine re-derivation after 2001 roster/override changes
IND,Indianapolis Colts,2001,00-0008207,Waverly Jackson,LG,80,71,-9,0.45,0.45,Engine re-derivation after 2001 roster/override changes
IND,Indianapolis Colts,2001,00-0011585,Larry Moore,LG,77,70,-7,0.45,0.45,Engine re-derivation after 2001 roster/override changes
IND,Indianapolis Colts,2001,00-0020310,Jason Doering,CB,74,69,-5,0.33,0.33,Engine re-derivation after 2001 roster/override changes
IND,Indianapolis Colts,2001,00-0019065,Joe Dean Davenport,TE,67,68,1,0.45,0.45,Engine re-derivation after 2001 roster/override changes
IND,Indianapolis Colts,2001,00-0013715,Tim Ridder,LG,77,68,-9,0.45,0.45,Engine re-derivation after 2001 roster/override changes
IND,Indianapolis Colts,2001,00-0019184,Ben Gilbert,LG,69,67,-2,0.45,0.45,Engine re-derivation after 2001 roster/override changes
IND,Indianapolis Colts,2001,00-0019877,Jermaine Hampton,CB,74,67,-7,0.33,0.33,Engine re-derivation after 2001 roster/override changes
IND,Indianapolis Colts,2001,00-0006997,Sean Harris,LB,73,67,-6,0.33,0.33,Engine re-derivation after 2001 roster/override changes
IND,Indianapolis Colts,2001,00-0019531,Rodregis Brooks,CB,74,66,-8,0.33,0.33,Engine re-derivation after 2001 roster/override changes
IND,Indianapolis Colts,2001,00-0017428,Mike Wells,DT,73,65,-8,0.33,0.33,Engine re-derivation after 2001 roster/override changes
IND,Indianapolis Colts,2001,00-0019680,Desmond Kitchings,WR,62,64,2,0.45,0.45,Engine re-derivation after 2001 roster/override changes
IND,Indianapolis Colts,2001,00-0019733,Nick Harper,CB,74,64,-10,0.33,0.33,Engine re-derivation after 2001 roster/override changes
IND,Indianapolis Colts,2001,00-0019054,Trevor Insley,WR,63,63,0,0.6,0.6,
IND,Indianapolis Colts,2001,00-0014234,Mark Rypien,QB,59,60,1,0.6,0.6,Engine re-derivation after 2001 roster/override changes
IND,Indianapolis Colts,2001,00-0020333,Rick DeMulling,LG,69,60,-9,0.45,0.45,Engine re-derivation after 2001 roster/override changes
IND,Indianapolis Colts,2001,00-0005229,Jim Finn,RB,59,58,-1,0.45,0.45,Engine re-derivation after 2001 roster/override changes
IND,Indianapolis Colts,2001,00-0019268,Kevin McDougal,RB,57,57,0,0.6,0.6,
IND,Indianapolis Colts,2001,00-0019188,Justin Snow,TE,63,56,-7,0.45,0.45,Engine re-derivation after 2001 roster/override changes
IND,Indianapolis Colts,2001,00-0019857,Troy Albea,WR,62,56,-6,0.45,0.45,Engine re-derivation after 2001 roster/override changes
IND,Indianapolis Colts,2001,00-0018971,Shyrone Stith,RB,63,55,-8,0.45,0.45,Engine re-derivation after 2001 roster/override changes
IND,Indianapolis Colts,2001,00-0014918,Tony Simmons,WR,55,55,0,0.6,0.6,
IND,Indianapolis Colts,2001,00-0019862,Wes Ours,RB,51,51,0,0.6,0.6,
JAX,Jacksonville Jaguars,2001,00-0015218,Jimmy Smith,WR,95,90,-5,0.78,0.9,"Elite All-Pro WR, 112 cat/1373 yds [by ratings-overhaul-2001, 2026-06-09]"
JAX,Jacksonville Jaguars,2001,00-0010668,Keenan McCardell,WR,91,88,-3,0.78,0.9,"Excellent #2, 93 cat/1110 yds [by ratings-overhaul-2001, 2026-06-09]"
JAX,Jacksonville Jaguars,2001,00-0003897,Donovin Darius,S,72,82,10,0.33,0.9,"Hard-hitting Pro Bowl-caliber safety [by ratings-overhaul-2001, 2026-06-09]"
JAX,Jacksonville Jaguars,2001,00-0017033,Gary Walker,DT,73,82,9,0.33,0.9,"Disruptive Pro Bowl defensive tackle [by ratings-overhaul-2001, 2026-06-09]"
JAX,Jacksonville Jaguars,2001,00-0006843,Kevin Hardy,LB,73,82,9,0.33,0.9,"Versatile star linebacker [by ratings-overhaul-2001, 2026-06-09]"
JAX,Jacksonville Jaguars,2001,00-0002110,Mark Brunell,QB,81,82,1,0.78,0.9,"Pro Bowl dual-threat QB, 3309 yds [by ratings-overhaul-2001, 2026-06-09]"
JAX,Jacksonville Jaguars,2001,00-0001519,Tony Boselli,LT,75,82,7,0.33,0.9,"Elite LT talent, injury-shortened final year [by ratings-overhaul-2001, 2026-06-09]"
JAX,Jacksonville Jaguars,2001,00-0001623,Tony Brackens,EDGE,74,82,8,0.33,0.9,"Pro Bowl edge rusher [by ratings-overhaul-2001, 2026-06-09]"
JAX,Jacksonville Jaguars,2001,00-0001661,Kyle Brady,TE,82,80,-2,0.78,0.9,"Quality blocking/receiving tight end [by ratings-overhaul-2001, 2026-06-09]"
JAX,Jacksonville Jaguars,2001,00-0020492,Marcus Stroud,DT,73,80,7,0.33,0.9,"Powerful #13-pick rookie tackle [by ratings-overhaul-2001, 2026-06-09]"
JAX,Jacksonville Jaguars,2001,00-0007622,Mike Hollis,K,72,80,8,0.33,0.9,"Accurate veteran kicker [by ratings-overhaul-2001, 2026-06-09]"
JAX,Jacksonville Jaguars,2001,00-0010240,Stacey Mack,RB,86,80,-6,0.78,0.9,"Powerful lead back, 877 yds, 9 TD [by ratings-overhaul-2001, 2026-06-09]"
JAX,Jacksonville Jaguars,2001,00-0000939,Aaron Beasley,CB,74,78,4,0.33,0.9,"Solid starting corner [by ratings-overhaul-2001, 2026-06-09]"
JAX,Jacksonville Jaguars,2001,00-0018956,Brad Meester,LG,72,78,6,0.33,0.9,"Solid starting interior lineman [by ratings-overhaul-2001, 2026-06-09]"
JAX,Jacksonville Jaguars,2001,00-0018969,Erik Olson,CB,74,78,4,0.33,0.33,Engine re-derivation after 2001 roster/override changes
JAX,Jacksonville Jaguars,2001,00-0002138,Fernando Bryant,CB,74,78,4,0.33,0.9,"Quick young starting corner [by ratings-overhaul-2001, 2026-06-09]"
JAX,Jacksonville Jaguars,2001,00-0012102,Hardy Nickerson,LB,73,78,5,0.33,0.9,"Veteran Pro Bowl middle linebacker [by ratings-overhaul-2001, 2026-06-09]"
JAX,Jacksonville Jaguars,2001,00-0006799,Chris Hanson,P,71,76,5,0.45,0.9,"Strong-legged punter [by ratings-overhaul-2001, 2026-06-09]"
JAX,Jacksonville Jaguars,2001,00-0019678,Damen Wheeler,CB,74,76,2,0.33,0.33,Engine re-derivation after 2001 roster/override changes
JAX,Jacksonville Jaguars,2001,00-0019828,Derrick Chambers,EDGE,74,76,2,0.33,0.33,Engine re-derivation after 2001 roster/override changes
JAX,Jacksonville Jaguars,2001,00-0015247,Larry Smith,DT,73,76,3,0.33,0.33,Engine re-derivation after 2001 roster/override changes
JAX,Jacksonville Jaguars,2001,00-0019507,Mark Baniewicz,LT,75,76,1,0.33,0.33,Engine re-derivation after 2001 roster/override changes
JAX,Jacksonville Jaguars,2001,00-0020461,Maurice Williams,LT,75,76,1,0.33,0.9,"Ascending rookie starting tackle [by ratings-overhaul-2001, 2026-06-09]"
JAX,Jacksonville Jaguars,2001,00-0012689,Seth Payne,DT,73,76,3,0.33,0.9,"Stout nose tackle [by ratings-overhaul-2001, 2026-06-09]"
JAX,Jacksonville Jaguars,2001,00-0015207,Jeff Smith,C,72,75,3,0.33,0.33,Engine re-derivation after 2001 roster/override changes
JAX,Jacksonville Jaguars,2001,00-0018351,Renaldo Wynn,EDGE,74,75,1,0.33,0.9,"Base defensive end [by ratings-overhaul-2001, 2026-06-09]"
JAX,Jacksonville Jaguars,2001,00-0004077,Sean Dawkins,WR,76,75,-1,0.78,0.9,"Veteran possession #3 [by ratings-overhaul-2001, 2026-06-09]"
JAX,Jacksonville Jaguars,2001,00-0020357,Eric Westmoreland,LB,73,74,1,0.33,0.33,Engine re-derivation after 2001 roster/override changes
JAX,Jacksonville Jaguars,2001,00-0017448,Joe Wesley,LB,73,74,1,0.33,0.33,Engine re-derivation after 2001 roster/override changes
JAX,Jacksonville Jaguars,2001,00-0018959,T.J. Slaughter,LB,73,74,1,0.33,0.9,"Ascending starting linebacker [by ratings-overhaul-2001, 2026-06-09]"
JAX,Jacksonville Jaguars,2001,00-0005432,Todd Fordham,LT,75,74,-1,0.33,0.9,"Starting tackle [by ratings-overhaul-2001, 2026-06-09]"
JAX,Jacksonville Jaguars,2001,00-0017637,Zach Wiegert,LG,72,74,2,0.33,0.9,"Veteran starting guard [by ratings-overhaul-2001, 2026-06-09]"
JAX,Jacksonville Jaguars,2001,00-0019506,Danny Clark,LB,73,73,0,0.33,0.9,"Starting linebacker [by ratings-overhaul-2001, 2026-06-09]"
JAX,Jacksonville Jaguars,2001,00-0019889,Elvis Joseph,RB,76,73,-3,0.78,0.9,"Committee complement back [by ratings-overhaul-2001, 2026-06-09]"
JAX,Jacksonville Jaguars,2001,00-0020328,James Boyd,CB,74,73,-1,0.33,0.33,Engine re-derivation after 2001 roster/override changes
JAX,Jacksonville Jaguars,2001,00-0003597,Jason Craft,CB,74,73,-1,0.33,0.9,"Nickel corner [by ratings-overhaul-2001, 2026-06-09]"
JAX,Jacksonville Jaguars,2001,00-0015468,Paul Spicer,EDGE,74,73,-1,0.33,0.9,"Rotational pass rusher [by ratings-overhaul-2001, 2026-06-09]"
JAX,Jacksonville Jaguars,2001,00-0019316,Aaron Koch,LG,72,72,0,0.33,0.33,
JAX,Jacksonville Jaguars,2001,00-0019522,Edward Thomas,LB,73,71,-2,0.33,0.33,Engine re-derivation after 2001 roster/override changes
JAX,Jacksonville Jaguars,2001,00-0018599,Joe Tuipala,LB,73,71,-2,0.33,0.33,Engine re-derivation after 2001 roster/override changes
JAX,Jacksonville Jaguars,2001,00-0019915,Patrick Venzke,LT,75,71,-4,0.33,0.33,Engine re-derivation after 2001 roster/override changes
JAX,Jacksonville Jaguars,2001,00-0019499,Emanuel Smith,WR,72,69,-3,0.45,0.45,Engine re-derivation after 2001 roster/override changes
JAX,Jacksonville Jaguars,2001,00-0018970,Rob Meier,EDGE,74,69,-5,0.33,0.33,Engine re-derivation after 2001 roster/override changes
JAX,Jacksonville Jaguars,2001,00-0019485,Kiwaukee Thomas,CB,74,68,-6,0.33,0.33,Engine re-derivation after 2001 roster/override changes
JAX,Jacksonville Jaguars,2001,00-0007655,Jaret Holmes,K,71,67,-4,0.33,0.33,Engine re-derivation after 2001 roster/override changes
JAX,Jacksonville Jaguars,2001,00-0020542,Micah Ross,WR,67,67,0,0.45,0.45,
JAX,Jacksonville Jaguars,2001,00-0019815,Donny Green,LB,73,66,-7,0.33,0.33,Engine re-derivation after 2001 roster/override changes
JAX,Jacksonville Jaguars,2001,00-0016972,John Wade,C,72,66,-6,0.33,0.33,Engine re-derivation after 2001 roster/override changes
JAX,Jacksonville Jaguars,2001,00-0008723,Damon Jones,TE,65,65,0,0.6,0.6,
JAX,Jacksonville Jaguars,2001,00-0013141,Jeff Posey,LB,73,65,-8,0.33,0.33,Engine re-derivation after 2001 roster/override changes
JAX,Jacksonville Jaguars,2001,00-0020280,Marlon McCree,S,72,64,-8,0.33,0.33,Engine re-derivation after 2001 roster/override changes
JAX,Jacksonville Jaguars,2001,00-0019129,Ainsley Battles,S,72,63,-9,0.33,0.33,Engine re-derivation after 2001 roster/override changes
JAX,Jacksonville Jaguars,2001,00-0020125,Reggie White,RB,63,63,0,0.45,0.45,
JAX,Jacksonville Jaguars,2001,00-0019294,Renard Cox,CB,74,63,-11,0.33,0.33,Engine re-derivation after 2001 roster/override changes
JAX,Jacksonville Jaguars,2001,00-0019604,R.Jay Soward,WR,67,62,-5,0.45,0.45,Engine re-derivation after 2001 roster/override changes
JAX,Jacksonville Jaguars,2001,00-0013901,Rod Robinson,QB,68,62,-6,0.45,0.45,Engine re-derivation after 2001 roster/override changes
JAX,Jacksonville Jaguars,2001,00-0013338,Jonathan Quinn,QB,61,61,0,0.6,0.6,
JAX,Jacksonville Jaguars,2001,00-0005932,Damon Gibson,WR,60,59,-1,0.6,0.6,Engine re-derivation after 2001 roster/override changes
JAX,Jacksonville Jaguars,2001,00-0018486,Joe Zelenka,TE,67,59,-8,0.45,0.45,Engine re-derivation after 2001 roster/override changes
JAX,Jacksonville Jaguars,2001,00-0019913,Ryan Prince,TE,58,59,1,0.45,0.45,Engine re-derivation after 2001 roster/override changes
JAX,Jacksonville Jaguars,2001,00-0019916,Patrick Washington,RB,59,58,-1,0.6,0.6,Engine re-derivation after 2001 roster/override changes
JAX,Jacksonville Jaguars,2001,00-0016098,Fred Taylor,RB,51,51,0,0.6,0.6,
KC,Kansas City Chiefs,2001,00-0007661,Priest Holmes,RB,92,93,1,0.78,0.9,"All-Pro, NFL-leading 1555 yds, 2169 scrimmage [by ratings-overhaul-2001, 2026-06-09]"
KC,Kansas City Chiefs,2001,00-0006101,Tony Gonzalez,TE,93,90,-3,0.78,0.9,"Elite All-Pro receiving tight end, 917 yds [by ratings-overhaul-2001, 2026-06-09]"
KC,Kansas City Chiefs,2001,00-0014811,Will Shields,LG,72,90,18,0.33,0.9,"Perennial All-Pro guard [by ratings-overhaul-2001, 2026-06-09]"
KC,Kansas City Chiefs,2001,00-0006355,Trent Green,QB,80,84,4,0.78,0.9,"Strong first KC year, 3783 yds, 17 TD [by ratings-overhaul-2001, 2026-06-09]"
KC,Kansas City Chiefs,2001,00-0004757,Donnie Edwards,LB,73,82,9,0.33,0.9,"Every-down playmaking linebacker [by ratings-overhaul-2001, 2026-06-09]"
KC,Kansas City Chiefs,2001,00-0018212,Jerome Woods,S,80,80,0,0.45,0.9,"Pro Bowl-caliber safety [by ratings-overhaul-2001, 2026-06-09]"
KC,Kansas City Chiefs,2001,00-0016021,John Tait,LT,75,80,5,0.33,0.9,"Solid Pro Bowl-caliber tackle [by ratings-overhaul-2001, 2026-06-09]"
KC,Kansas City Chiefs,2001,00-0013694,Tony Richardson,RB,80,80,0,0.78,0.9,"Pro Bowl lead-blocking/rushing fullback [by ratings-overhaul-2001, 2026-06-09]"
KC,Kansas City Chiefs,2001,00-0018584,Brian Waters,LG,72,78,6,0.33,0.9,"Ascending starting guard [by ratings-overhaul-2001, 2026-06-09]"
KC,Kansas City Chiefs,2001,00-0000145,Derrick Alexander,WR,79,78,-1,0.78,0.9,"Veteran #1 WR, 470 yds (injury-shortened) [by ratings-overhaul-2001, 2026-06-09]"
KC,Kansas City Chiefs,2001,00-0007375,Eric Hicks,EDGE,74,78,4,0.33,0.9,"Productive edge rusher [by ratings-overhaul-2001, 2026-06-09]"
KC,Kansas City Chiefs,2001,00-0019463,Greg Wesley,S,75,78,3,0.45,0.9,"Ascending ballhawk safety [by ratings-overhaul-2001, 2026-06-09]"
KC,Kansas City Chiefs,2001,00-0018571,Willie Jones,LT,75,78,3,0.33,0.33,Engine re-derivation after 2001 roster/override changes
KC,Kansas City Chiefs,2001,00-0002493,Glenn Cadrez,LB,73,77,4,0.33,0.33,Engine re-derivation after 2001 roster/override changes
KC,Kansas City Chiefs,2001,00-0003112,Duane Clemons,EDGE,74,76,2,0.33,0.9,"Starting defensive end [by ratings-overhaul-2001, 2026-06-09]"
KC,Kansas City Chiefs,2001,00-0009163,Eddie Kennison,WR,78,76,-2,0.78,0.9,"Deep-threat starter [by ratings-overhaul-2001, 2026-06-09]"
KC,Kansas City Chiefs,2001,00-0017193,Eric Warfield,CB,74,76,2,0.33,0.9,"Solid starting corner [by ratings-overhaul-2001, 2026-06-09]"
KC,Kansas City Chiefs,2001,00-0002090,John Browning,DT,73,76,3,0.33,0.9,"Solid edge/tackle [by ratings-overhaul-2001, 2026-06-09]"
KC,Kansas City Chiefs,2001,00-0019520,Norris McCleary,DT,73,76,3,0.33,0.33,Engine re-derivation after 2001 roster/override changes
KC,Kansas City Chiefs,2001,00-0012875,Todd Peterson,K,76,76,0,0.45,0.9,"Reliable kicker [by ratings-overhaul-2001, 2026-06-09]"
KC,Kansas City Chiefs,2001,00-0000488,Larry Atkins,LB,74,75,1,0.33,0.33,Engine re-derivation after 2001 roster/override changes
KC,Kansas City Chiefs,2001,00-0003661,Ray Crockett,CB,74,75,1,0.33,0.9,"Veteran starting corner [by ratings-overhaul-2001, 2026-06-09]"
KC,Kansas City Chiefs,2001,00-0017972,Donald Willis,LG,72,74,2,0.33,0.33,Engine re-derivation after 2001 roster/override changes
KC,Kansas City Chiefs,2001,00-0012666,Marvcus Patton,LB,74,74,0,0.33,0.9,"Veteran starting linebacker [by ratings-overhaul-2001, 2026-06-09]"
KC,Kansas City Chiefs,2001,00-0010496,Mike Maslowski,LB,74,74,0,0.33,0.9,"Ascending starting linebacker [by ratings-overhaul-2001, 2026-06-09]"
KC,Kansas City Chiefs,2001,00-0013712,Mikhael Ricks,TE,75,74,-1,0.78,0.78,Engine re-derivation after 2001 roster/override changes
KC,Kansas City Chiefs,2001,00-0020272,Snoop Minnis,WR,79,74,-5,0.78,0.9,"Ascending young receiver [by ratings-overhaul-2001, 2026-06-09]"
KC,Kansas City Chiefs,2001,00-0020414,Terdell Sands,DT,73,74,1,0.33,0.33,Engine re-derivation after 2001 roster/override changes
KC,Kansas City Chiefs,2001,00-0003315,Todd Collins,QB,74,74,0,0.6,0.6,
KC,Kansas City Chiefs,2001,00-0000240,Victor Allotey,LG,72,74,2,0.33,0.33,Engine re-derivation after 2001 roster/override changes
KC,Kansas City Chiefs,2001,00-0013759,Victor Riley,LT,75,74,-1,0.33,0.9,"Young starting tackle [by ratings-overhaul-2001, 2026-06-09]"
KC,Kansas City Chiefs,2001,00-0020269,Eric Downing,DT,73,73,0,0.33,0.9,"Rotational interior lineman [by ratings-overhaul-2001, 2026-06-09]"
KC,Kansas City Chiefs,2001,00-0015441,Marcus Spears,LT,75,73,-2,0.33,0.9,"Starting interior lineman [by ratings-overhaul-2001, 2026-06-09]"
KC,Kansas City Chiefs,2001,00-0019655,William Bartee,CB,74,73,-1,0.33,0.9,"Young starting corner [by ratings-overhaul-2001, 2026-06-09]"
KC,Kansas City Chiefs,2001,00-0015842,Dan Stryzinski,P,69,72,3,0.45,0.45,Engine re-derivation after 2001 roster/override changes
KC,Kansas City Chiefs,2001,00-0020358,Shaunard Harts,CB,74,72,-2,0.33,0.33,Engine re-derivation after 2001 roster/override changes
KC,Kansas City Chiefs,2001,00-0012569,Larry Parker,WR,71,71,0,0.78,0.78,
KC,Kansas City Chiefs,2001,00-0000231,Taje Allen,CB,74,71,-3,0.33,0.33,Engine re-derivation after 2001 roster/override changes
KC,Kansas City Chiefs,2001,00-0018591,John Jacobs,LG,72,69,-3,0.33,0.33,Engine re-derivation after 2001 roster/override changes
KC,Kansas City Chiefs,2001,00-0005902,Joe Germaine,QB,68,68,0,0.45,0.45,
KC,Kansas City Chiefs,2001,00-0007531,Nate Hobgood-Chittick,DT,73,68,-5,0.33,0.33,Engine re-derivation after 2001 roster/override changes
KC,Kansas City Chiefs,2001,00-0020315,Derrick Blaylock,RB,63,67,4,0.45,0.45,Engine re-derivation after 2001 roster/override changes
KC,Kansas City Chiefs,2001,00-0001068,Jason Belser,CB,74,67,-7,0.33,0.33,Engine re-derivation after 2001 roster/override changes
KC,Kansas City Chiefs,2001,00-0019116,John Blick,LT,75,67,-8,0.33,0.33,Engine re-derivation after 2001 roster/override changes
KC,Kansas City Chiefs,2001,00-0012476,Rich Owens,EDGE,74,67,-7,0.33,0.33,Engine re-derivation after 2001 roster/override changes
KC,Kansas City Chiefs,2001,00-0013418,Derrick Ransom,DT,73,66,-7,0.33,0.33,Engine re-derivation after 2001 roster/override changes
KC,Kansas City Chiefs,2001,00-0002377,Lewis Bush,LB,74,66,-8,0.33,0.33,Engine re-derivation after 2001 roster/override changes
KC,Kansas City Chiefs,2001,00-0020274,Billy Baber,TE,63,65,2,0.45,0.45,Engine re-derivation after 2001 roster/override changes
KC,Kansas City Chiefs,2001,00-0019677,Darnell Alford,LT,75,65,-10,0.33,0.33,Engine re-derivation after 2001 roster/override changes
KC,Kansas City Chiefs,2001,00-0015725,Gary Stills,LB,73,65,-8,0.33,0.33,Engine re-derivation after 2001 roster/override changes
KC,Kansas City Chiefs,2001,00-0017012,Bracy Walker,CB,74,64,-10,0.33,0.33,Engine re-derivation after 2001 roster/override changes
KC,Kansas City Chiefs,2001,00-0017638,Casey Wiegmann,C,72,64,-8,0.33,0.33,Engine re-derivation after 2001 roster/override changes
KC,Kansas City Chiefs,2001,00-0018614,Corey Harris,CB,74,64,-10,0.33,0.33,Engine re-derivation after 2001 roster/override changes
KC,Kansas City Chiefs,2001,00-0020478,Monty Beisel,EDGE,74,64,-10,0.33,0.33,Engine re-derivation after 2001 roster/override changes
KC,Kansas City Chiefs,2001,00-0017947,Tyrone M. Williams,EDGE,74,64,-10,0.33,0.33,Engine re-derivation after 2001 roster/override changes
KC,Kansas City Chiefs,2001,00-0005732,Kendall Gammon,TE,58,63,5,0.45,0.45,Engine re-derivation after 2001 roster/override changes
KC,Kansas City Chiefs,2001,00-0019726,Sylvester Morris,WR,67,63,-4,0.45,0.45,Engine re-derivation after 2001 roster/override changes
KC,Kansas City Chiefs,2001,00-0008841,Reggie Jones,WR,60,60,0,0.6,0.6,
KC,Kansas City Chiefs,2001,00-0004637,Jason Dunn,TE,58,58,0,0.6,0.6,
KC,Kansas City Chiefs,2001,00-0003136,Mike Cloud,RB,57,57,0,0.6,0.6,
KC,Kansas City Chiefs,2001,00-0019539,Dante Hall,RB,50,50,0,0.6,0.6,
LAC,San Diego Chargers,2001,00-0014619,Junior Seau,LB,95,89,-6,0.95,0.9,"Elite veteran middle linebacker, leader [by ratings-overhaul-2001, 2026-06-09]"
LAC,San Diego Chargers,2001,00-0020536,LaDainian Tomlinson,RB,91,88,-3,0.78,0.9,"Star rookie workhorse, 1236 yds, 10 TD [by ratings-overhaul-2001, 2026-06-09]"
LAC,San Diego Chargers,2001,00-0017670,Marcellus Wiley,EDGE,74,85,11,0.33,0.9,"Breakout pass rusher, 13 sacks, Pro Bowl [by ratings-overhaul-2001, 2026-06-09]"
LAC,San Diego Chargers,2001,00-0003396,Curtis Conway,WR,89,84,-5,0.78,0.9,"Productive #1 WR, 71 cat/1125 yds [by ratings-overhaul-2001, 2026-06-09]"
LAC,San Diego Chargers,2001,00-0007030,Rodney Harrison,S,80,84,4,0.45,0.9,"Hard-hitting Pro Bowl-caliber safety [by ratings-overhaul-2001, 2026-06-09]"
LAC,San Diego Chargers,2001,00-0001101,Darren Bennett,P,76,82,6,0.45,0.9,"Pro Bowl-caliber punter [by ratings-overhaul-2001, 2026-06-09]"
LAC,San Diego Chargers,2001,00-0005363,Doug Flutie,QB,81,80,-1,0.78,0.9,"Crafty dual-threat starter, 15 TD [by ratings-overhaul-2001, 2026-06-09]"
LAC,San Diego Chargers,2001,00-0008749,Freddie Jones,TE,83,80,-3,0.78,0.9,"Reliable receiving tight end, 63 catches [by ratings-overhaul-2001, 2026-06-09]"
LAC,San Diego Chargers,2001,00-0017813,Jamal Williams,DT,73,80,7,0.33,0.9,"Ascending stout nose tackle [by ratings-overhaul-2001, 2026-06-09]"
LAC,San Diego Chargers,2001,00-0006210,Jeff Graham,WR,84,80,-4,0.78,0.9,"Veteran deep threat, 811 yds, 5 TD [by ratings-overhaul-2001, 2026-06-09]"
LAC,San Diego Chargers,2001,00-0020344,Brandon Gorin,LT,75,77,2,0.33,0.33,Engine re-derivation after 2001 roster/override changes
LAC,San Diego Chargers,2001,00-0019755,Davis Sanchez,CB,74,77,3,0.33,0.33,Engine re-derivation after 2001 roster/override changes
LAC,San Diego Chargers,2001,00-0019664,Damion McIntosh,LT,75,76,1,0.33,0.9,"Starting left tackle [by ratings-overhaul-2001, 2026-06-09]"
LAC,San Diego Chargers,2001,00-0020335,Elliot Silvers,LT,75,76,1,0.33,0.33,Engine re-derivation after 2001 roster/override changes
LAC,San Diego Chargers,2001,00-0012607,John Parrella,DT,73,76,3,0.33,0.9,"Veteran run-stuffing tackle [by ratings-overhaul-2001, 2026-06-09]"
LAC,San Diego Chargers,2001,00-0020341,Robert Carswell,CB,74,76,2,0.33,0.33,Engine re-derivation after 2001 roster/override changes
LAC,San Diego Chargers,2001,00-0002975,Steve Christie,K,72,76,4,0.33,0.33,Engine re-derivation after 2001 roster/override changes
LAC,San Diego Chargers,2001,00-0012588,Vaughn Parker,LT,75,76,1,0.33,0.9,"Solid starting guard/tackle [by ratings-overhaul-2001, 2026-06-09]"
LAC,San Diego Chargers,2001,00-0008225,Kendyl Jacox,C,72,75,3,0.33,0.33,Engine re-derivation after 2001 roster/override changes
LAC,San Diego Chargers,2001,00-0019701,Rogers Beckett,S,75,75,0,0.45,0.9,"Ascending starting safety [by ratings-overhaul-2001, 2026-06-09]"
LAC,San Diego Chargers,2001,00-0004320,Adrian Dingle,EDGE,74,74,0,0.33,0.9,"Young starting end [by ratings-overhaul-2001, 2026-06-09]"
LAC,San Diego Chargers,2001,00-0011470,Alex Molden,CB,74,74,0,0.33,0.9,"Starting corner [by ratings-overhaul-2001, 2026-06-09]"
LAC,San Diego Chargers,2001,00-0011464,Mike Mohring,DT,74,74,0,0.33,0.33,
LAC,San Diego Chargers,2001,00-0014153,Orlando Ruff,LB,74,74,0,0.33,0.9,"Starting linebacker [by ratings-overhaul-2001, 2026-06-09]"
LAC,San Diego Chargers,2001,00-0008603,Raylee Johnson,EDGE,74,74,0,0.33,0.9,"Rotational pass rusher [by ratings-overhaul-2001, 2026-06-09]"
LAC,San Diego Chargers,2001,00-0005446,Roman Fortin,LT,75,74,-1,0.33,0.9,"Veteran starting center [by ratings-overhaul-2001, 2026-06-09]"
LAC,San Diego Chargers,2001,00-0011038,Ryan McNeil,CB,74,74,0,0.33,0.9,"Veteran starting corner [by ratings-overhaul-2001, 2026-06-09]"
LAC,San Diego Chargers,2001,00-0004673,Tim Dwight,WR,73,74,1,0.78,0.9,"Explosive slot/returner [by ratings-overhaul-2001, 2026-06-09]"
LAC,San Diego Chargers,2001,00-0010747,Fred McCrary,RB,74,73,-1,0.78,0.9,"Lead-blocking fullback [by ratings-overhaul-2001, 2026-06-09]"
LAC,San Diego Chargers,2001,00-0004353,Gerald Dixon,LB,74,73,-1,0.33,0.9,"Starting linebacker [by ratings-overhaul-2001, 2026-06-09]"
LAC,San Diego Chargers,2001,00-0019561,Lloyd Harrison,CB,74,73,-1,0.33,0.33,Engine re-derivation after 2001 roster/override changes
LAC,San Diego Chargers,2001,00-0020447,Tay Cody,CB,74,73,-1,0.33,0.9,"Nickel corner [by ratings-overhaul-2001, 2026-06-09]"
LAC,San Diego Chargers,2001,00-0005324,Terrell Fletcher,RB,75,73,-2,0.78,0.9,"Third-down back [by ratings-overhaul-2001, 2026-06-09]"
LAC,San Diego Chargers,2001,00-0013699,Wade Richey,K,72,73,1,0.33,0.9,"Young kicker [by ratings-overhaul-2001, 2026-06-09]"
LAC,San Diego Chargers,2001,00-0020339,Carlos Polk,LB,74,72,-2,0.33,0.9,"Young linebacker [by ratings-overhaul-2001, 2026-06-09]"
LAC,San Diego Chargers,2001,00-0007911,Deon Humphrey,LB,74,72,-2,0.33,0.33,Engine re-derivation after 2001 roster/override changes
LAC,San Diego Chargers,2001,00-0020029,Michael Keathley,LT,75,71,-4,0.33,0.33,Engine re-derivation after 2001 roster/override changes
LAC,San Diego Chargers,2001,00-0016739,Scott Turner,CB,74,71,-3,0.33,0.33,Engine re-derivation after 2001 roster/override changes
LAC,San Diego Chargers,2001,00-0007213,Steve Heiden,TE,71,71,0,0.78,0.78,
LAC,San Diego Chargers,2001,00-0019671,Leonardo Carson,DT,74,69,-5,0.33,0.33,Engine re-derivation after 2001 roster/override changes
LAC,San Diego Chargers,2001,00-0005395,Albert Fontenot,EDGE,74,68,-6,0.33,0.33,Engine re-derivation after 2001 roster/override changes
LAC,San Diego Chargers,2001,00-0020531,Drew Brees,QB,66,66,0,0.6,0.6,
LAC,San Diego Chargers,2001,00-0020400,Zeke Moreno,LB,74,66,-8,0.33,0.33,Engine re-derivation after 2001 roster/override changes
LAC,San Diego Chargers,2001,00-0016044,Maa Tanuvasa,EDGE,74,65,-9,0.33,0.33,Engine re-derivation after 2001 roster/override changes
LAC,San Diego Chargers,2001,00-0004848,Ed Ellis,LT,75,64,-11,0.33,0.33,Engine re-derivation after 2001 roster/override changes
LAC,San Diego Chargers,2001,00-0007587,John Holecek,LB,74,64,-10,0.33,0.33,Engine re-derivation after 2001 roster/override changes
LAC,San Diego Chargers,2001,00-0014086,Raleigh Roundtree,LG,72,64,-8,0.33,0.33,Engine re-derivation after 2001 roster/override changes
LAC,San Diego Chargers,2001,00-0006202,DeMingo Graham,LG,72,62,-10,0.33,0.33,Engine re-derivation after 2001 roster/override changes
LAC,San Diego Chargers,2001,00-0012813,Jason Perry,CB,74,62,-12,0.33,0.33,Engine re-derivation after 2001 roster/override changes
LAC,San Diego Chargers,2001,00-0013979,Sam Rogers,LB,74,62,-12,0.33,0.33,Engine re-derivation after 2001 roster/override changes
LAC,San Diego Chargers,2001,00-0019825,Josh Whitman,TE,67,61,-6,0.45,0.45,Engine re-derivation after 2001 roster/override changes
LAC,San Diego Chargers,2001,00-0019670,Trevor Gaylor,WR,62,61,-1,0.6,0.6,Engine re-derivation after 2001 roster/override changes
LAC,San Diego Chargers,2001,00-0011213,Glyn Milburn,WR,60,60,0,0.6,0.6,
LAC,San Diego Chargers,2001,00-0019765,Dave Dickenson,QB,68,59,-9,0.45,0.45,Engine re-derivation after 2001 roster/override changes
LAC,San Diego Chargers,2001,00-0020226,Nate Turner,WR,63,56,-7,0.45,0.45,Engine re-derivation after 2001 roster/override changes
LAC,San Diego Chargers,2001,00-0019164,Pat Batteaux,WR,55,54,-1,0.6,0.6,Engine re-derivation after 2001 roster/override changes
LAC,San Diego Chargers,2001,00-0006930,Derrick Harris,RB,51,50,-1,0.6,0.6,Engine re-derivation after 2001 roster/override changes
LAC,San Diego Chargers,2001,00-0019025,Ronney Jenkins,RB,51,50,-1,0.6,0.6,Engine re-derivation after 2001 roster/override changes
LAR,St. Louis Rams,2001,00-0017200,Kurt Warner,QB,97,96,-1,0.78,0.9,"NFL MVP, 4830 yds, 36 TD, Greatest Show conductor [by ratings-overhaul-2001, 2026-06-09]"
LAR,St. Louis Rams,2001,00-0005092,Marshall Faulk,RB,94,96,2,0.78,0.9,"OPOY, 2147 scrimmage yds, 21 TD [by ratings-overhaul-2001, 2026-06-09]"
LAR,St. Louis Rams,2001,00-0012485,Orlando Pace,LT,76,94,18,0.33,0.9,"Dominant All-Pro left tackle [by ratings-overhaul-2001, 2026-06-09]"
LAR,St. Louis Rams,2001,00-0007681,Torry Holt,WR,92,91,-1,0.78,0.9,"Star WR, 1363 yds, Pro Bowl [by ratings-overhaul-2001, 2026-06-09]"
LAR,St. Louis Rams,2001,00-0002099,Isaac Bruce,WR,88,89,1,0.78,0.9,"Elite All-Pro-caliber WR, 1106 yds [by ratings-overhaul-2001, 2026-06-09]"
LAR,St. Louis Rams,2001,00-0017710,Aeneas Williams,CB,75,85,10,0.33,0.9,"Perennial Pro Bowl shutdown corner (now at STL) [by ratings-overhaul-2001, 2026-06-09]"
LAR,St. Louis Rams,2001,00-0005322,London Fletcher,LB,75,83,8,0.33,0.9,"Tackle-machine middle linebacker, leader [by ratings-overhaul-2001, 2026-06-09]"
LAR,St. Louis Rams,2001,00-0016485,Adam Timmerman,LG,73,82,9,0.33,0.9,"Pro Bowl guard [by ratings-overhaul-2001, 2026-06-09]"
LAR,St. Louis Rams,2001,00-0018131,Grant Wistrom,EDGE,76,82,6,0.33,0.9,"Relentless every-down defensive end [by ratings-overhaul-2001, 2026-06-09]"
LAR,St. Louis Rams,2001,00-0009978,Leonard Little,EDGE,76,82,6,0.33,0.9,"Explosive pass-rushing end, double-digit sacks [by ratings-overhaul-2001, 2026-06-09]"
LAR,St. Louis Rams,2001,00-0017693,Jeff Wilkins,K,77,81,4,0.45,0.9,"Reliable accurate kicker [by ratings-overhaul-2001, 2026-06-09]"
LAR,St. Louis Rams,2001,00-0001388,Dre' Bly,CB,75,80,5,0.33,0.9,"Ascending ballhawk corner [by ratings-overhaul-2001, 2026-06-09]"
LAR,St. Louis Rams,2001,00-0020521,Adam Archuleta,S,76,78,2,0.45,0.9,"Hard-hitting #20-pick rookie safety [by ratings-overhaul-2001, 2026-06-09]"
LAR,St. Louis Rams,2001,00-0006627,Az-Zahir Hakim,WR,80,78,-2,0.78,0.9,"Explosive slot/returner [by ratings-overhaul-2001, 2026-06-09]"
LAR,St. Louis Rams,2001,00-0010699,Dexter McCleon,CB,75,78,3,0.33,0.9,"Solid starting corner [by ratings-overhaul-2001, 2026-06-09]"
LAR,St. Louis Rams,2001,00-0019351,Dustin Cohen,LB,75,78,3,0.33,0.33,Engine re-derivation after 2001 roster/override changes
LAR,St. Louis Rams,2001,00-0003400,Ernie Conwell,TE,85,78,-7,0.78,0.9,"Productive receiving tight end, 431 yds [by ratings-overhaul-2001, 2026-06-09]"
LAR,St. Louis Rams,2001,00-0019052,John Baker,P,70,78,8,0.45,0.45,Engine re-derivation after 2001 roster/override changes
LAR,St. Louis Rams,2001,00-0007334,Kim Herring,S,81,78,-3,0.45,0.9,"Hard-hitting starting safety [by ratings-overhaul-2001, 2026-06-09]"
LAR,St. Louis Rams,2001,00-0006431,Damon Griffin,WR,72,77,5,0.45,0.45,Engine re-derivation after 2001 roster/override changes
LAR,St. Louis Rams,2001,00-0011634,Sean Moran,EDGE,76,77,1,0.33,0.33,Engine re-derivation after 2001 roster/override changes
LAR,St. Louis Rams,2001,00-0010717,Andy McCollum,C,73,76,3,0.33,0.9,"Solid starting center [by ratings-overhaul-2001, 2026-06-09]"
LAR,St. Louis Rams,2001,00-0020491,Damione Lewis,DT,75,76,1,0.33,0.9,"Disruptive #12-pick rookie tackle [by ratings-overhaul-2001, 2026-06-09]"
LAR,St. Louis Rams,2001,00-0019666,John St. Clair,LT,76,76,0,0.33,0.33,
LAR,St. Louis Rams,2001,00-0005202,Mark Fields,LB,75,76,1,0.33,0.9,"Athletic starting linebacker [by ratings-overhaul-2001, 2026-06-09]"
LAR,St. Louis Rams,2001,00-0013268,Ricky Proehl,WR,82,76,-6,0.78,0.9,"Veteran possession receiver, 5 TD [by ratings-overhaul-2001, 2026-06-09]"
LAR,St. Louis Rams,2001,00-0020515,Ryan Pickett,DT,75,76,1,0.33,0.9,"Stout #29-pick rookie tackle [by ratings-overhaul-2001, 2026-06-09]"
LAR,St. Louis Rams,2001,00-0012227,Tom Nutten,LG,73,76,3,0.33,0.9,"Starting guard [by ratings-overhaul-2001, 2026-06-09]"
LAR,St. Louis Rams,2001,00-0020429,Tommy Polley,LB,75,76,1,0.33,0.9,"Ascending rookie starting linebacker [by ratings-overhaul-2001, 2026-06-09]"
LAR,St. Louis Rams,2001,00-0008202,Tyoka Jackson,EDGE,76,76,0,0.33,0.33,
LAR,St. Louis Rams,2001,00-0020237,Willie Gary,CB,75,75,0,0.33,0.33,
LAR,St. Louis Rams,2001,00-0015471,Cameron Spikes,LG,73,74,1,0.33,0.33,Engine re-derivation after 2001 roster/override changes
LAR,St. Louis Rams,2001,00-0000100,Chidi Ahanotu,EDGE,76,74,-2,0.33,0.9,"Veteran rotational end [by ratings-overhaul-2001, 2026-06-09]"
LAR,St. Louis Rams,2001,00-0013872,Jeff Robinson,TE,72,74,2,0.78,0.78,Engine re-derivation after 2001 roster/override changes
LAR,St. Louis Rams,2001,00-0016660,Ryan Tucker,LT,76,74,-2,0.33,0.9,"Starting tackle [by ratings-overhaul-2001, 2026-06-09]"
LAR,St. Louis Rams,2001,00-0019649,Trung Canidate,RB,80,74,-6,0.78,0.9,"Change-of-pace complement back [by ratings-overhaul-2001, 2026-06-09]"
LAR,St. Louis Rams,2001,00-0019674,Brian Young,DT,75,73,-2,0.33,0.9,"Rotational defensive tackle [by ratings-overhaul-2001, 2026-06-09]"
LAR,St. Louis Rams,2001,00-0003970,Don Davis,LB,75,73,-2,0.33,0.9,"Starting linebacker [by ratings-overhaul-2001, 2026-06-09]"
LAR,St. Louis Rams,2001,00-0010455,Jamie Martin,QB,71,73,2,0.6,0.6,Engine re-derivation after 2001 roster/override changes
LAR,St. Louis Rams,2001,00-0008970,Paul Justin,QB,68,73,5,0.45,0.45,Engine re-derivation after 2001 roster/override changes
LAR,St. Louis Rams,2001,00-0008856,Rod Jones,LT,76,73,-3,0.33,0.9,"Starting right tackle [by ratings-overhaul-2001, 2026-06-09]"
LAR,St. Louis Rams,2001,00-0020107,Nick Sorensen,CB,75,72,-3,0.33,0.33,Engine re-derivation after 2001 roster/override changes
LAR,St. Louis Rams,2001,00-0001760,O.J. Brigance,LB,75,72,-3,0.33,0.33,Engine re-derivation after 2001 roster/override changes
LAR,St. Louis Rams,2001,00-0008703,Cedric Jones,EDGE,76,70,-6,0.33,0.33,Engine re-derivation after 2001 roster/override changes
LAR,St. Louis Rams,2001,00-0003139,Rich Coady,CB,75,70,-5,0.33,0.33,Engine re-derivation after 2001 roster/override changes
LAR,St. Louis Rams,2001,00-0019668,Kaulana Noa,LT,76,69,-7,0.33,0.33,Engine re-derivation after 2001 roster/override changes
LAR,St. Louis Rams,2001,00-0011854,Yo Murphy,WR,67,68,1,0.45,0.45,Engine re-derivation after 2001 roster/override changes
LAR,St. Louis Rams,2001,00-0020295,Brian Allen,LB,75,66,-9,0.33,0.33,Engine re-derivation after 2001 roster/override changes
LAR,St. Louis Rams,2001,00-0005753,Frank Garcia,LG,73,66,-7,0.33,0.33,Engine re-derivation after 2001 roster/override changes
LAR,St. Louis Rams,2001,00-0020354,Jerametrius Butler,CB,75,65,-10,0.33,0.33,Engine re-derivation after 2001 roster/override changes
LAR,St. Louis Rams,2001,00-0018503,Jeff Zgonina,DT,75,64,-11,0.33,0.33,Engine re-derivation after 2001 roster/override changes
LAR,St. Louis Rams,2001,00-0019599,Marc Bulger,QB,63,60,-3,0.45,0.45,Engine re-derivation after 2001 roster/override changes
LAR,St. Louis Rams,2001,00-0007546,James Hodgins,RB,58,59,1,0.6,0.6,Engine re-derivation after 2001 roster/override changes
LAR,St. Louis Rams,2001,00-0020342,Brandon Manumaleuna,TE,56,57,1,0.6,0.6,Engine re-derivation after 2001 roster/override changes
LAR,St. Louis Rams,2001,00-0017303,Justin Watson,RB,59,54,-5,0.45,0.45,Engine re-derivation after 2001 roster/override changes
LAR,St. Louis Rams,2001,00-0007579,Robert Holcombe,RB,53,54,1,0.6,0.6,Engine re-derivation after 2001 roster/override changes
LV,Oakland Raiders,2001,00-0005741,Rich Gannon,QB,93,91,-2,0.78,0.9,"Pro Bowl dual-threat, 27 TD/9 INT, 231 rush yds [by ratings-overhaul-2001, 2026-06-09]"
LV,Oakland Raiders,2001,00-0002058,Tim Brown,WR,93,87,-6,0.78,0.9,"Star veteran WR, 91 cat/1165 yds, Pro Bowl [by ratings-overhaul-2001, 2026-06-09]"
LV,Oakland Raiders,2001,00-0018227,Charles Woodson,CB,82,86,4,0.45,0.9,"Star shutdown corner, Pro Bowl [by ratings-overhaul-2001, 2026-06-09]"
LV,Oakland Raiders,2001,00-0013639,Jerry Rice,WR,92,86,-6,0.78,0.9,"Revived legend, 83 cat/1139 yds, 9 TD [by ratings-overhaul-2001, 2026-06-09]"
LV,Oakland Raiders,2001,00-0009150,Lincoln Kennedy,LT,75,85,10,0.33,0.9,"Pro Bowl right tackle [by ratings-overhaul-2001, 2026-06-09]"
LV,Oakland Raiders,2001,00-0019714,Shane Lechler,P,70,84,14,0.45,0.9,"Pro Bowl-caliber big-leg punter [by ratings-overhaul-2001, 2026-06-09]"
LV,Oakland Raiders,2001,00-0005779,Charlie Garner,RB,84,83,-1,0.78,0.9,"Explosive dual-threat back, 1417 scrimmage [by ratings-overhaul-2001, 2026-06-09]"
LV,Oakland Raiders,2001,00-0013797,Barret Robbins,C,72,82,10,0.33,0.9,"Pro Bowl center [by ratings-overhaul-2001, 2026-06-09]"
LV,Oakland Raiders,2001,00-0018129,Steve Wisniewski,LG,72,82,10,0.33,0.9,"Veteran Pro Bowl-caliber guard [by ratings-overhaul-2001, 2026-06-09]"
LV,Oakland Raiders,2001,00-0000204,Eric Allen,CB,82,80,-2,0.45,0.9,"Veteran Pro Bowl-caliber corner [by ratings-overhaul-2001, 2026-06-09]"
LV,Oakland Raiders,2001,00-0019646,Sebastian Janikowski,K,76,80,4,0.45,0.9,"Strong-legged accurate kicker [by ratings-overhaul-2001, 2026-06-09]"
LV,Oakland Raiders,2001,00-0008124,Grady Jackson,DT,74,78,4,0.33,0.9,"Massive run-stuffing tackle [by ratings-overhaul-2001, 2026-06-09]"
LV,Oakland Raiders,2001,00-0003239,Rod Coleman,DT,74,78,4,0.33,0.9,"Disruptive interior pass rusher [by ratings-overhaul-2001, 2026-06-09]"
LV,Oakland Raiders,2001,00-0011899,Toby Myles,LT,75,78,3,0.33,0.33,Engine re-derivation after 2001 roster/override changes
LV,Oakland Raiders,2001,00-0011192,Frank Middleton,LG,72,77,5,0.33,0.33,Engine re-derivation after 2001 roster/override changes
LV,Oakland Raiders,2001,00-0018925,Barry Sims,LT,75,76,1,0.33,0.9,"Solid starting left tackle [by ratings-overhaul-2001, 2026-06-09]"
LV,Oakland Raiders,2001,00-0001232,Greg Biekert,LB,74,76,2,0.33,0.9,"Solid starting middle linebacker [by ratings-overhaul-2001, 2026-06-09]"
LV,Oakland Raiders,2001,00-0006960,Johnnie Harris,CB,79,76,-3,0.45,0.45,Engine re-derivation after 2001 roster/override changes
LV,Oakland Raiders,2001,00-0013773,Jon Ritchie,RB,79,76,-3,0.78,0.9,"Lead-blocking fullback [by ratings-overhaul-2001, 2026-06-09]"
LV,Oakland Raiders,2001,00-0017924,Roland Williams,TE,82,76,-6,0.78,0.9,"Blocking/receiving tight end [by ratings-overhaul-2001, 2026-06-09]"
LV,Oakland Raiders,2001,00-0000439,Trace Armstrong,EDGE,74,76,2,0.33,0.9,"Veteran pass-rush specialist [by ratings-overhaul-2001, 2026-06-09]"
LV,Oakland Raiders,2001,00-0016340,William Thomas,LB,74,76,2,0.33,0.9,"Veteran every-down linebacker [by ratings-overhaul-2001, 2026-06-09]"
LV,Oakland Raiders,2001,00-0004440,Anthony Dorsett,S,80,75,-5,0.45,0.9,"Starting safety [by ratings-overhaul-2001, 2026-06-09]"
LV,Oakland Raiders,2001,00-0000472,Darryl Ashmore,LT,75,75,0,0.33,0.33,
LV,Oakland Raiders,2001,00-0000846,Eric Barton,LB,74,75,1,0.33,0.9,"Ascending starting linebacker [by ratings-overhaul-2001, 2026-06-09]"
LV,Oakland Raiders,2001,00-0019703,Jerry Porter,WR,76,75,-1,0.78,0.9,"Ascending young #3 receiver [by ratings-overhaul-2001, 2026-06-09]"
LV,Oakland Raiders,2001,00-0016802,Regan Upshaw,EDGE,74,75,1,0.33,0.9,"Starting edge rusher [by ratings-overhaul-2001, 2026-06-09]"
LV,Oakland Raiders,2001,00-0007832,Bobby Hoying,QB,68,74,6,0.45,0.45,Engine re-derivation after 2001 roster/override changes
LV,Oakland Raiders,2001,00-0014185,Darrell Russell,DT,74,74,0,0.33,0.9,"Talented DT (suspension-shortened) [by ratings-overhaul-2001, 2026-06-09]"
LV,Oakland Raiders,2001,00-0018982,Eric Johnson,CB,71,74,3,0.45,0.45,Engine re-derivation after 2001 roster/override changes
LV,Oakland Raiders,2001,00-0001766,Jeremy Brigham,TE,73,74,1,0.78,0.78,Engine re-derivation after 2001 roster/override changes
LV,Oakland Raiders,2001,00-0019470,Junior Ioane,EDGE,74,74,0,0.33,0.33,
LV,Oakland Raiders,2001,00-0013111,Marquez Pope,S,75,74,-1,0.45,0.9,"Veteran starting safety [by ratings-overhaul-2001, 2026-06-09]"
LV,Oakland Raiders,2001,00-0003305,Mo Collins,LG,72,74,2,0.33,0.9,"Young starting guard [by ratings-overhaul-2001, 2026-06-09]"
LV,Oakland Raiders,2001,00-0008921,Randy Jordan,RB,73,74,1,0.78,0.78,Engine re-derivation after 2001 roster/override changes
LV,Oakland Raiders,2001,00-0002151,Tony Bryant,EDGE,74,74,0,0.33,0.9,"Rotational pass rusher [by ratings-overhaul-2001, 2026-06-09]"
LV,Oakland Raiders,2001,00-0008265,Tory James,CB,71,74,3,0.45,0.9,"Starting corner [by ratings-overhaul-2001, 2026-06-09]"
LV,Oakland Raiders,2001,00-0017486,Tyrone Wheatley,RB,72,74,2,0.78,0.9,"Power complement back [by ratings-overhaul-2001, 2026-06-09]"
LV,Oakland Raiders,2001,00-0020432,DeLawrence Grant,EDGE,74,73,-1,0.33,0.33,Engine re-derivation after 2001 roster/override changes
LV,Oakland Raiders,2001,00-0015728,Matt Stinchcomb,LT,75,73,-2,0.33,0.33,Engine re-derivation after 2001 roster/override changes
LV,Oakland Raiders,2001,00-0003663,Zack Crockett,RB,77,73,-4,0.78,0.9,"Goal-line back, 6 TD [by ratings-overhaul-2001, 2026-06-09]"
LV,Oakland Raiders,2001,00-0000147,Elijah Alexander,LB,74,72,-2,0.33,0.33,Engine re-derivation after 2001 roster/override changes
LV,Oakland Raiders,2001,00-0020405,Marques Tuiasosopo,QB,72,72,0,0.6,0.6,
LV,Oakland Raiders,2001,00-0019737,Jason Watts,C,72,70,-2,0.33,0.33,Engine re-derivation after 2001 roster/override changes
LV,Oakland Raiders,2001,00-0015329,Travian Smith,LB,74,70,-4,0.33,0.33,Engine re-derivation after 2001 roster/override changes
LV,Oakland Raiders,2001,00-0009288,Terry Kirby,RB,68,69,1,0.78,0.78,Engine re-derivation after 2001 roster/override changes
LV,Oakland Raiders,2001,00-0001828,Bobby Brooks,LB,74,68,-6,0.33,0.33,Engine re-derivation after 2001 roster/override changes
LV,Oakland Raiders,2001,00-0019392,Brandon Jennings,CB,66,68,2,0.45,0.45,Engine re-derivation after 2001 roster/override changes
LV,Oakland Raiders,2001,00-0020422,Chris Cooper,DT,74,67,-7,0.33,0.33,Engine re-derivation after 2001 roster/override changes
LV,Oakland Raiders,2001,00-0000765,Reggie Barlow,WR,72,67,-5,0.45,0.45,Engine re-derivation after 2001 roster/override changes
LV,Oakland Raiders,2001,00-0006197,Aaron Graham,C,72,65,-7,0.33,0.33,Engine re-derivation after 2001 roster/override changes
LV,Oakland Raiders,2001,00-0016610,Adam Treu,C,72,65,-7,0.33,0.33,Engine re-derivation after 2001 roster/override changes
LV,Oakland Raiders,2001,00-0020421,Raymond Perryman,CB,62,64,2,0.45,0.45,Engine re-derivation after 2001 roster/override changes
LV,Oakland Raiders,2001,00-0016076,Josh Taves,DT,74,63,-11,0.33,0.33,Engine re-derivation after 2001 roster/override changes
LV,Oakland Raiders,2001,00-0020418,Derrick Gibson,CB,66,62,-4,0.45,0.45,Engine re-derivation after 2001 roster/override changes
LV,Oakland Raiders,2001,00-0018981,Marcus Knight,WR,67,61,-6,0.45,0.45,Engine re-derivation after 2001 roster/override changes
LV,Oakland Raiders,2001,00-0008400,James Jett,WR,59,60,1,0.6,0.6,Engine re-derivation after 2001 roster/override changes
LV,Oakland Raiders,2001,00-0012732,Rodney Peete,QB,63,60,-3,0.45,0.45,Engine re-derivation after 2001 roster/override changes
LV,Oakland Raiders,2001,00-0019558,Mondriel Fulcher,TE,63,59,-4,0.45,0.45,Engine re-derivation after 2001 roster/override changes
LV,Oakland Raiders,2001,00-0017829,Jermaine Williams,RB,52,53,1,0.6,0.6,Engine re-derivation after 2001 roster/override changes
MIA,Miami Dolphins,2001,00-0016112,Jason Taylor,EDGE,93,92,-1,0.95,0.9,"Elite All-Pro edge rusher [by ratings-overhaul-2001, 2026-06-09]"
MIA,Miami Dolphins,2001,00-0016344,Zach Thomas,LB,91,88,-3,0.95,0.9,"All-Pro tackle-machine linebacker [by ratings-overhaul-2001, 2026-06-09]"
MIA,Miami Dolphins,2001,00-0010264,Sam Madison,CB,82,86,4,0.45,0.9,"Shutdown Pro Bowl corner [by ratings-overhaul-2001, 2026-06-09]"
MIA,Miami Dolphins,2001,00-0010373,Olindo Mare,K,70,84,14,0.45,0.9,"Elite accurate kicker [by ratings-overhaul-2001, 2026-06-09]"
MIA,Miami Dolphins,2001,00-0015915,Patrick Surtain,CB,79,84,5,0.45,0.9,"Excellent press corner, Pro Bowl-caliber [by ratings-overhaul-2001, 2026-06-09]"
MIA,Miami Dolphins,2001,00-0010381,Brock Marion,S,80,82,2,0.45,0.9,"Pro Bowl ballhawk safety [by ratings-overhaul-2001, 2026-06-09]"
MIA,Miami Dolphins,2001,00-0005180,Jay Fiedler,QB,84,82,-2,0.78,0.9,"Solid dual-threat starter, 20 TD, 4 rush TD [by ratings-overhaul-2001, 2026-06-09]"
MIA,Miami Dolphins,2001,00-0015242,Lamar Smith,RB,85,82,-3,0.78,0.9,"Workhorse lead back, 968 yds [by ratings-overhaul-2001, 2026-06-09]"
MIA,Miami Dolphins,2001,00-0020446,Chris Chambers,WR,85,80,-5,0.78,0.9,"Explosive rookie #1 WR, 7 TD [by ratings-overhaul-2001, 2026-06-09]"
MIA,Miami Dolphins,2001,00-0005760,Daryl Gardener,DT,74,80,6,0.33,0.9,"Disruptive interior lineman [by ratings-overhaul-2001, 2026-06-09]"
MIA,Miami Dolphins,2001,00-0001566,Tim Bowens,DT,74,80,6,0.33,0.9,"Stout Pro Bowl run-stuffing tackle [by ratings-overhaul-2001, 2026-06-09]"
MIA,Miami Dolphins,2001,00-0010974,James McKnight,WR,83,79,-4,0.78,0.9,"Deep-threat starter, 684 yds [by ratings-overhaul-2001, 2026-06-09]"
MIA,Miami Dolphins,2001,00-0005668,Oronde Gadsden,WR,82,79,-3,0.78,0.9,"Red-zone possession receiver, 674 yds [by ratings-overhaul-2001, 2026-06-09]"
MIA,Miami Dolphins,2001,00-0016689,Matt Turk,P,76,78,2,0.45,0.9,"Pro Bowl-caliber punter [by ratings-overhaul-2001, 2026-06-09]"
MIA,Miami Dolphins,2001,00-0010137,Ray Lucas,QB,77,78,1,0.6,0.6,Engine re-derivation after 2001 roster/override changes
MIA,Miami Dolphins,2001,00-0019705,Todd Wade,LT,75,78,3,0.33,0.9,"Ascending starting right tackle [by ratings-overhaul-2001, 2026-06-09]"
MIA,Miami Dolphins,2001,00-0013935,Derrick Rodgers,LB,74,77,3,0.33,0.9,"Athletic starting linebacker [by ratings-overhaul-2001, 2026-06-09]"
MIA,Miami Dolphins,2001,00-0015491,T. Marcus Spriggs,LT,75,77,2,0.33,0.33,Engine re-derivation after 2001 roster/override changes
MIA,Miami Dolphins,2001,00-0004360,Mark Dixon,LG,72,76,4,0.33,0.9,"Starting guard [by ratings-overhaul-2001, 2026-06-09]"
MIA,Miami Dolphins,2001,00-0014136,Tim Ruddy,C,72,76,4,0.33,0.9,"Steady starting center [by ratings-overhaul-2001, 2026-06-09]"
MIA,Miami Dolphins,2001,00-0019201,Andy Vincent,LT,75,75,0,0.33,0.33,
MIA,Miami Dolphins,2001,00-0017013,Brian Walker,S,75,75,0,0.45,0.9,"Starting safety [by ratings-overhaul-2001, 2026-06-09]"
MIA,Miami Dolphins,2001,00-0011446,Kenny Mixon,EDGE,75,75,0,0.33,0.9,"Base defensive end [by ratings-overhaul-2001, 2026-06-09]"
MIA,Miami Dolphins,2001,00-0020449,Morlon Greenwood,LB,74,75,1,0.33,0.9,"Ascending starting linebacker [by ratings-overhaul-2001, 2026-06-09]"
MIA,Miami Dolphins,2001,00-0002852,Anthony Cesario,LG,72,74,2,0.33,0.33,Engine re-derivation after 2001 roster/override changes
MIA,Miami Dolphins,2001,00-0015107,Brent Smith,LT,75,74,-1,0.33,0.9,"Starting left tackle [by ratings-overhaul-2001, 2026-06-09]"
MIA,Miami Dolphins,2001,00-0017160,Dedric Ward,WR,76,74,-2,0.78,0.9,"Rotational receiver [by ratings-overhaul-2001, 2026-06-09]"
MIA,Miami Dolphins,2001,00-0016106,Henry Taylor,DT,74,74,0,0.33,0.33,
MIA,Miami Dolphins,2001,00-0017356,Jed Weaver,TE,80,74,-6,0.78,0.9,"Receiving tight end [by ratings-overhaul-2001, 2026-06-09]"
MIA,Miami Dolphins,2001,00-0006636,Jermaine Haley,DT,74,74,0,0.33,0.9,"Rotational nose tackle [by ratings-overhaul-2001, 2026-06-09]"
MIA,Miami Dolphins,2001,00-0003547,Terry Cousin,CB,82,74,-8,0.45,0.9,"Nickel corner [by ratings-overhaul-2001, 2026-06-09]"
MIA,Miami Dolphins,2001,00-0020448,Travis Minor,RB,78,74,-4,0.78,0.9,"Change-of-pace rookie back [by ratings-overhaul-2001, 2026-06-09]"
MIA,Miami Dolphins,2001,00-0014200,Twan Russell,LB,74,74,0,0.33,0.33,
MIA,Miami Dolphins,2001,00-0015958,Harry Swayne,LT,75,73,-2,0.33,0.33,Engine re-derivation after 2001 roster/override changes
MIA,Miami Dolphins,2001,00-0019437,Damon Savage,WR,67,71,4,0.45,0.45,Engine re-derivation after 2001 roster/override changes
MIA,Miami Dolphins,2001,00-0008052,Heath Irwin,LG,72,71,-1,0.33,0.33,Engine re-derivation after 2001 roster/override changes
MIA,Miami Dolphins,2001,00-0019247,Tommy Hendricks,LB,74,70,-4,0.33,0.33,Engine re-derivation after 2001 roster/override changes
MIA,Miami Dolphins,2001,00-0020366,Shawn Draper,LT,75,69,-6,0.33,0.33,Engine re-derivation after 2001 roster/override changes
MIA,Miami Dolphins,2001,00-0018194,Shawn Wooden,CB,71,69,-2,0.45,0.45,Engine re-derivation after 2001 roster/override changes
MIA,Miami Dolphins,2001,00-0019246,Adewale Ogunleye,EDGE,74,67,-7,0.33,0.33,Engine re-derivation after 2001 roster/override changes
MIA,Miami Dolphins,2001,00-0010598,Alonzo Mayes,TE,67,67,0,0.45,0.45,
MIA,Miami Dolphins,2001,00-0011044,Cade McNown,QB,68,67,-1,0.45,0.45,Engine re-derivation after 2001 roster/override changes
MIA,Miami Dolphins,2001,00-0001811,Lorenzo Bromell,EDGE,75,67,-8,0.33,0.33,Engine re-derivation after 2001 roster/override changes
MIA,Miami Dolphins,2001,00-0010824,O.J. McDuffie,WR,67,67,0,0.45,0.45,
MIA,Miami Dolphins,2001,00-0001563,David Bowens,EDGE,74,66,-8,0.33,0.33,Engine re-derivation after 2001 roster/override changes
MIA,Miami Dolphins,2001,00-0005723,Scott Galyon,LB,74,66,-8,0.33,0.33,Engine re-derivation after 2001 roster/override changes
MIA,Miami Dolphins,2001,00-0005377,Spencer Folau,LT,75,66,-9,0.33,0.33,Engine re-derivation after 2001 roster/override changes
MIA,Miami Dolphins,2001,00-0019611,Corey Moore,LB,74,65,-9,0.33,0.33,Engine re-derivation after 2001 roster/override changes
MIA,Miami Dolphins,2001,00-0019619,Ernest Grant,DT,74,65,-9,0.33,0.33,Engine re-derivation after 2001 roster/override changes
MIA,Miami Dolphins,2001,00-0019096,Ray Green,CB,71,65,-6,0.45,0.45,Engine re-derivation after 2001 roster/override changes
MIA,Miami Dolphins,2001,00-0020101,Troy Andrew,C,72,65,-7,0.33,0.33,Engine re-derivation after 2001 roster/override changes
MIA,Miami Dolphins,2001,00-0019551,Arturo Freeman,CB,66,64,-2,0.45,0.45,Engine re-derivation after 2001 roster/override changes
MIA,Miami Dolphins,2001,00-0006133,Hunter Goodwin,TE,62,64,2,0.6,0.6,Engine re-derivation after 2001 roster/override changes
MIA,Miami Dolphins,2001,00-0010844,Scott McGarrahan,CB,58,64,6,0.45,0.45,Engine re-derivation after 2001 roster/override changes
MIA,Miami Dolphins,2001,00-0012828,Todd Perry,LG,72,64,-8,0.33,0.33,Engine re-derivation after 2001 roster/override changes
MIA,Miami Dolphins,2001,00-0019745,Albert Johnson,WR,62,63,1,0.45,0.45,Engine re-derivation after 2001 roster/override changes
MIA,Miami Dolphins,2001,00-0019324,Damian Gregory,DT,74,63,-11,0.33,0.33,Engine re-derivation after 2001 roster/override changes
MIA,Miami Dolphins,2001,00-0012321,Jeff Ogden,WR,61,62,1,0.6,0.6,Engine re-derivation after 2001 roster/override changes
MIA,Miami Dolphins,2001,00-0019473,Deon Dyer,RB,59,61,2,0.45,0.45,Engine re-derivation after 2001 roster/override changes
MIA,Miami Dolphins,2001,00-0020460,Jamar Fletcher,CB,62,61,-1,0.45,0.45,Engine re-derivation after 2001 roster/override changes
MIA,Miami Dolphins,2001,00-0019250,Trent Gamble,CB,66,61,-5,0.45,0.45,Engine re-derivation after 2001 roster/override changes
MIA,Miami Dolphins,2001,00-0009417,Rob Konrad,RB,58,59,1,0.6,0.6,Engine re-derivation after 2001 roster/override changes
MIA,Miami Dolphins,2001,00-0012809,Ed Perry,TE,63,56,-7,0.45,0.45,Engine re-derivation after 2001 roster/override changes
MIA,Miami Dolphins,2001,00-0019454,Robert Baker,WR,62,54,-8,0.45,0.45,Engine re-derivation after 2001 roster/override changes
MIA,Miami Dolphins,2001,00-0008529,J.J. Johnson,RB,52,53,1,0.6,0.6,Engine re-derivation after 2001 roster/override changes
MIN,Minnesota Vikings,2001,00-0011754,Randy Moss,WR,93,92,-1,0.78,0.9,"Superstar WR, 82 cat/1233 yds/10 TD [by ratings-overhaul-2001, 2026-06-09]"
MIN,Minnesota Vikings,2001,00-0002721,Cris Carter,WR,87,84,-3,0.78,0.9,"Aging star possession WR, 871 yds (final MIN year) [by ratings-overhaul-2001, 2026-06-09]"
MIN,Minnesota Vikings,2001,00-0001263,Matt Birk,C,72,84,12,0.33,0.9,"Pro Bowl center [by ratings-overhaul-2001, 2026-06-09]"
MIN,Minnesota Vikings,2001,00-0019696,Chris Hovan,DT,74,80,6,0.33,0.9,"Ascending disruptive defensive tackle [by ratings-overhaul-2001, 2026-06-09]"
MIN,Minnesota Vikings,2001,00-0006459,Robert Griffith,S,72,80,8,0.33,0.9,"Hard-hitting Pro Bowl-caliber safety [by ratings-overhaul-2001, 2026-06-09]"
MIN,Minnesota Vikings,2001,00-0020514,Michael Bennett,RB,79,79,0,0.78,0.9,"Explosive young lead back, 682 yds (11 g) [by ratings-overhaul-2001, 2026-06-09]"
MIN,Minnesota Vikings,2001,00-0002861,Byron Chamberlain,TE,88,78,-10,0.78,0.9,"Receiving tight end, 666 yds [by ratings-overhaul-2001, 2026-06-09]"
MIN,Minnesota Vikings,2001,00-0003739,Daunte Culpepper,QB,76,78,2,0.78,0.9,"Regressed/injured after 2000 breakout, 14 TD/13 INT [by ratings-overhaul-2001, 2026-06-09]"
MIN,Minnesota Vikings,2001,00-0010784,Ed McDaniel,LB,74,78,4,0.33,0.9,"Tackle-machine middle linebacker [by ratings-overhaul-2001, 2026-06-09]"
MIN,Minnesota Vikings,2001,00-0000313,Gary Anderson,K,77,78,1,0.45,0.9,"Accurate veteran kicker [by ratings-overhaul-2001, 2026-06-09]"
MIN,Minnesota Vikings,2001,00-0008664,Lance Johnstone,EDGE,75,78,3,0.33,0.9,"Productive edge rusher [by ratings-overhaul-2001, 2026-06-09]"
MIN,Minnesota Vikings,2001,00-0020502,Willie Howard,DT,74,77,3,0.33,0.33,Engine re-derivation after 2001 roster/override changes
MIN,Minnesota Vikings,2001,00-0002722,Dale Carter,CB,74,76,2,0.33,0.9,"Veteran starting corner [by ratings-overhaul-2001, 2026-06-09]"
MIN,Minnesota Vikings,2001,00-0004349,David Dixon,LG,72,76,4,0.33,0.9,"Stout starting guard [by ratings-overhaul-2001, 2026-06-09]"
MIN,Minnesota Vikings,2001,00-0009941,Everett Lindsay,LG,72,76,4,0.33,0.33,Engine re-derivation after 2001 roster/override changes
MIN,Minnesota Vikings,2001,00-0018168,Kailee Wong,LB,74,76,2,0.33,0.9,"Ascending starting linebacker [by ratings-overhaul-2001, 2026-06-09]"
MIN,Minnesota Vikings,2001,00-0018973,Lewis Kelly,LG,72,76,4,0.33,0.33,Engine re-derivation after 2001 roster/override changes
MIN,Minnesota Vikings,2001,00-0019712,Doug Chapman,RB,75,75,0,0.78,0.78,
MIN,Minnesota Vikings,2001,00-0011516,Pete Monty,LB,74,75,1,0.33,0.33,Engine re-derivation after 2001 roster/override changes
MIN,Minnesota Vikings,2001,00-0000576,Brad Badger,LT,75,74,-1,0.33,0.33,Engine re-derivation after 2001 roster/override changes
MIN,Minnesota Vikings,2001,00-0009992,Chris Liwienski,LT,75,74,-1,0.33,0.9,"Starting guard [by ratings-overhaul-2001, 2026-06-09]"
MIN,Minnesota Vikings,2001,00-0018587,Don Morgan,CB,74,74,0,0.33,0.33,
MIN,Minnesota Vikings,2001,00-0019706,Fred Robbins,DT,74,74,0,0.33,0.9,"Young starting tackle [by ratings-overhaul-2001, 2026-06-09]"
MIN,Minnesota Vikings,2001,00-0011718,Harold Morrow,RB,74,74,0,0.78,0.78,
MIN,Minnesota Vikings,2001,00-0013512,Jake Reed,WR,78,74,-4,0.78,0.9,"Veteran depth receiver [by ratings-overhaul-2001, 2026-06-09]"
MIN,Minnesota Vikings,2001,00-0009323,Jimmy Kleinsasser,RB,70,74,4,0.78,0.9,"Blocking tight end/fullback [by ratings-overhaul-2001, 2026-06-09]"
MIN,Minnesota Vikings,2001,00-0018308,Kenny Wright,CB,74,74,0,0.33,0.9,"Young starting corner [by ratings-overhaul-2001, 2026-06-09]"
MIN,Minnesota Vikings,2001,00-0016307,Orlando Thomas,S,72,74,2,0.33,0.9,"Veteran starting safety [by ratings-overhaul-2001, 2026-06-09]"
MIN,Minnesota Vikings,2001,00-0016061,Robert Tate,CB,74,74,0,0.33,0.9,"Starting corner [by ratings-overhaul-2001, 2026-06-09]"
MIN,Minnesota Vikings,2001,00-0014401,Talance Sawyer,EDGE,75,74,-1,0.33,0.9,"Rotational pass rusher [by ratings-overhaul-2001, 2026-06-09]"
MIN,Minnesota Vikings,2001,00-0008229,Nate Jacquet,WR,72,73,1,0.45,0.45,Engine re-derivation after 2001 roster/override changes
MIN,Minnesota Vikings,2001,00-0003248,Stalin Colinet,EDGE,75,73,-2,0.33,0.9,"Rotational defensive end [by ratings-overhaul-2001, 2026-06-09]"
MIN,Minnesota Vikings,2001,00-0020281,Isaac Keys,LB,74,72,-2,0.33,0.33,Engine re-derivation after 2001 roster/override changes
MIN,Minnesota Vikings,2001,00-0020517,Shawn Worthen,DT,74,72,-2,0.33,0.33,Engine re-derivation after 2001 roster/override changes
MIN,Minnesota Vikings,2001,00-0001545,Todd Bouman,QB,68,70,2,0.6,0.9,"Fill-in backup, 8 TD [by ratings-overhaul-2001, 2026-06-09]"
MIN,Minnesota Vikings,2001,00-0020518,Carey Scott,CB,74,69,-5,0.33,0.33,Engine re-derivation after 2001 roster/override changes
MIN,Minnesota Vikings,2001,00-0006668,Lemanski Hall,LB,74,69,-5,0.33,0.33,Engine re-derivation after 2001 roster/override changes
MIN,Minnesota Vikings,2001,00-0019609,Travis Prentice,RB,69,69,0,0.78,0.78,
MIN,Minnesota Vikings,2001,00-0017110,Chris Walsh,WR,69,68,-1,0.78,0.78,Engine re-derivation after 2001 roster/override changes
MIN,Minnesota Vikings,2001,00-0012005,Jim Nelson,LB,74,68,-6,0.33,0.33,Engine re-derivation after 2001 roster/override changes
MIN,Minnesota Vikings,2001,00-0008566,Lee Johnson,P,66,68,2,0.33,0.33,Engine re-derivation after 2001 roster/override changes
MIN,Minnesota Vikings,2001,00-0019713,Antonio Wilson,LB,74,67,-7,0.33,0.33,Engine re-derivation after 2001 roster/override changes
MIN,Minnesota Vikings,2001,00-0020484,Cedric James,WR,62,67,5,0.45,0.45,Engine re-derivation after 2001 roster/override changes
MIN,Minnesota Vikings,2001,00-0018137,Cory Withrow,C,72,67,-5,0.33,0.33,Engine re-derivation after 2001 roster/override changes
MIN,Minnesota Vikings,2001,00-0020246,Romaro Miller,QB,63,67,4,0.45,0.45,Engine re-derivation after 2001 roster/override changes
MIN,Minnesota Vikings,2001,00-0009542,Corbin Lacina,LG,72,66,-6,0.33,0.33,Engine re-derivation after 2001 roster/override changes
MIN,Minnesota Vikings,2001,00-0005789,Winfield Garnett,DT,74,66,-8,0.33,0.33,Engine re-derivation after 2001 roster/override changes
MIN,Minnesota Vikings,2001,00-0003269,Calvin Collins,LG,72,65,-7,0.33,0.33,Engine re-derivation after 2001 roster/override changes
MIN,Minnesota Vikings,2001,00-0019891,Jeff Hazuga,EDGE,75,65,-10,0.33,0.33,Engine re-derivation after 2001 roster/override changes
MIN,Minnesota Vikings,2001,00-0020451,Patrick Chukwurah,LB,74,65,-9,0.33,0.33,Engine re-derivation after 2001 roster/override changes
MIN,Minnesota Vikings,2001,00-0019323,Andre O'Neal,LB,74,64,-10,0.33,0.33,Engine re-derivation after 2001 roster/override changes
MIN,Minnesota Vikings,2001,00-0019552,Troy Walters,WR,67,64,-3,0.45,0.45,Engine re-derivation after 2001 roster/override changes
MIN,Minnesota Vikings,2001,00-0019537,Tyrone Carter,S,72,64,-8,0.33,0.33,Engine re-derivation after 2001 roster/override changes
MIN,Minnesota Vikings,2001,00-0008903,Andrew Jordan,TE,63,63,0,0.6,0.6,
MIN,Minnesota Vikings,2001,00-0019194,Brody Liddiard,TE,67,63,-4,0.45,0.45,Engine re-derivation after 2001 roster/override changes
MIN,Minnesota Vikings,2001,00-0020284,Fearon Wright,LB,74,63,-11,0.33,0.33,Engine re-derivation after 2001 roster/override changes
MIN,Minnesota Vikings,2001,00-0019707,Michael Boireau,EDGE,75,63,-12,0.33,0.33,Engine re-derivation after 2001 roster/override changes
MIN,Minnesota Vikings,2001,00-0020212,Bennitte Waddell,LT,75,62,-13,0.33,0.33,Engine re-derivation after 2001 roster/override changes
MIN,Minnesota Vikings,2001,00-0020440,Brian Crawford,LT,75,62,-13,0.33,0.33,Engine re-derivation after 2001 roster/override changes
MIN,Minnesota Vikings,2001,00-0020473,Eric Kelly,CB,74,62,-12,0.33,0.33,Engine re-derivation after 2001 roster/override changes
MIN,Minnesota Vikings,2001,00-0001157,Mitch Berger,P,66,62,-4,0.33,0.33,Engine re-derivation after 2001 roster/override changes
MIN,Minnesota Vikings,2001,00-0019243,Lonny Mitchell,WR,67,58,-9,0.45,0.45,Engine re-derivation after 2001 roster/override changes
MIN,Minnesota Vikings,2001,00-0019553,Spergon Wynn,QB,55,55,0,0.6,0.6,
NE,New England Patriots,2001,00-0002068,Troy Brown,WR,92,88,-4,0.78,0.9,"Breakout star, 101 cat/1199 yds, Pro Bowl [by ratings-overhaul-2001, 2026-06-09]"
NE,New England Patriots,2001,00-0009687,Ty Law,CB,79,86,7,0.45,0.9,"Shutdown Pro Bowl corner, clutch [by ratings-overhaul-2001, 2026-06-09]"
NE,New England Patriots,2001,00-0019596,Tom Brady,QB,85,85,0,0.78,0.9,"Emerging SB MVP starter, 18 TD/12 INT, clutch [by ratings-overhaul-2001, 2026-06-09]"
NE,New England Patriots,2001,00-0016919,Adam Vinatieri,K,77,84,7,0.45,0.9,"Clutch SB-winning kicker [by ratings-overhaul-2001, 2026-06-09]"
NE,New England Patriots,2001,00-0015091,Antowain Smith,RB,89,84,-5,0.78,0.9,"Workhorse, 1157 yds, 12 TD [by ratings-overhaul-2001, 2026-06-09]"
NE,New England Patriots,2001,00-0011326,Lawyer Milloy,S,76,84,8,0.45,0.9,"Hard-hitting Pro Bowl safety [by ratings-overhaul-2001, 2026-06-09]"
NE,New England Patriots,2001,00-0002123,Tedy Bruschi,LB,81,82,1,0.45,0.9,"Playmaking every-down linebacker [by ratings-overhaul-2001, 2026-06-09]"
NE,New England Patriots,2001,00-0010872,Willie McGinest,LB,65,82,17,0.45,0.9,"Versatile veteran edge [by ratings-overhaul-2001, 2026-06-09]"
NE,New England Patriots,2001,00-0018234,Damien Woody,C,72,80,8,0.33,0.9,"Ascending Pro Bowl-caliber center [by ratings-overhaul-2001, 2026-06-09]"
NE,New England Patriots,2001,00-0012642,David Patten,WR,83,80,-3,0.78,0.9,"Big-play #2, 749 yds [by ratings-overhaul-2001, 2026-06-09]"
NE,New England Patriots,2001,00-0016960,Mike Vrabel,LB,61,80,19,0.45,0.9,"Newly-signed every-down edge/linebacker [by ratings-overhaul-2001, 2026-06-09]"
NE,New England Patriots,2001,00-0020442,Richard Seymour,DT,74,80,6,0.33,0.9,"Disruptive #6-pick rookie interior [by ratings-overhaul-2001, 2026-06-09]"
NE,New England Patriots,2001,00-0001361,Drew Bledsoe,QB,60,78,18,0.6,0.9,"Franchise starter lost to injury Week 2 [by ratings-overhaul-2001, 2026-06-09]"
NE,New England Patriots,2001,00-0020543,Matt Light,LT,75,78,3,0.33,0.9,"Solid rookie starting left tackle [by ratings-overhaul-2001, 2026-06-09]"
NE,New England Patriots,2001,00-0015270,Otis Smith,CB,71,78,7,0.45,0.9,"Veteran starting corner [by ratings-overhaul-2001, 2026-06-09]"
NE,New England Patriots,2001,00-0012909,Roman Phifer,LB,61,78,17,0.45,0.9,"Veteran starting linebacker [by ratings-overhaul-2001, 2026-06-09]"
NE,New England Patriots,2001,00-0008874,Tebucky Jones,S,80,78,-2,0.45,0.9,"Athletic starting safety [by ratings-overhaul-2001, 2026-06-09]"
NE,New England Patriots,2001,00-0019584,Adrian Klemm,LT,75,76,1,0.33,0.33,Engine re-derivation after 2001 roster/override changes
NE,New England Patriots,2001,00-0013029,Anthony Pleasant,EDGE,75,76,1,0.33,0.9,"Veteran edge [by ratings-overhaul-2001, 2026-06-09]"
NE,New England Patriots,2001,00-0006708,Bobby Hamilton,EDGE,75,76,1,0.33,0.9,"Base defensive end [by ratings-overhaul-2001, 2026-06-09]"
NE,New England Patriots,2001,00-0003572,Bryan Cox,LB,57,76,19,0.45,0.9,"Veteran leader linebacker [by ratings-overhaul-2001, 2026-06-09]"
NE,New England Patriots,2001,00-0000374,Joe Andruzzi,LG,73,76,3,0.33,0.9,"Tough starting guard [by ratings-overhaul-2001, 2026-06-09]"
NE,New England Patriots,2001,00-0005091,Kevin Faulk,RB,77,76,-1,0.78,0.9,"Dual-threat change-of-pace back [by ratings-overhaul-2001, 2026-06-09]"
NE,New England Patriots,2001,00-0008629,Ted Johnson,LB,69,76,7,0.45,0.9,"Run-stuffing inside linebacker [by ratings-overhaul-2001, 2026-06-09]"
NE,New England Patriots,2001,00-0009034,Andy Katzenmoyer,LB,69,75,6,0.45,0.45,Engine re-derivation after 2001 roster/override changes
NE,New England Patriots,2001,00-0020386,Kenyatta Jones,LT,75,75,0,0.33,0.33,
NE,New England Patriots,2001,00-0003354,Mike Compton,LG,73,75,2,0.33,0.9,"Veteran starting guard/center [by ratings-overhaul-2001, 2026-06-09]"
NE,New England Patriots,2001,00-0011398,Brandon Mitchell,DT,74,74,0,0.33,0.9,"Rotational interior lineman [by ratings-overhaul-2001, 2026-06-09]"
NE,New England Patriots,2001,00-0017644,Jermaine Wiggins,TE,75,74,-1,0.78,0.9,"Receiving tight end [by ratings-overhaul-2001, 2026-06-09]"
NE,New England Patriots,2001,00-0004768,Marc Edwards,RB,76,73,-3,0.78,0.9,"Lead-blocking fullback [by ratings-overhaul-2001, 2026-06-09]"
NE,New England Patriots,2001,00-0008454,Charles Johnson,WR,71,72,1,0.78,0.9,"Veteran depth receiver [by ratings-overhaul-2001, 2026-06-09]"
NE,New England Patriots,2001,00-0019566,Greg Randall,LT,75,72,-3,0.33,0.33,Engine re-derivation after 2001 roster/override changes
NE,New England Patriots,2001,00-0014148,Grey Ruegamer,C,73,72,-1,0.33,0.9,"Interior line depth [by ratings-overhaul-2001, 2026-06-09]"
NE,New England Patriots,2001,00-0020373,Jabari Holloway,TE,68,72,4,0.45,0.45,Engine re-derivation after 2001 roster/override changes
NE,New England Patriots,2001,00-0002928,Je'Rod Cherry,CB,82,72,-10,0.45,0.45,Engine re-derivation after 2001 roster/override changes
NE,New England Patriots,2001,00-0017127,Ken Walter,P,76,72,-4,0.45,0.9,"Veteran punter [by ratings-overhaul-2001, 2026-06-09]"
NE,New England Patriots,2001,00-0019722,J.R. Redmond,RB,69,70,1,0.78,0.78,Engine re-derivation after 2001 roster/override changes
NE,New England Patriots,2001,00-0019533,Patrick Pass,RB,68,69,1,0.78,0.78,Engine re-derivation after 2001 roster/override changes
NE,New England Patriots,2001,00-0007452,Ray Hill,CB,82,69,-13,0.45,0.45,Engine re-derivation after 2001 roster/override changes
NE,New England Patriots,2001,00-0020457,Stephen Neal,DT,74,69,-5,0.33,0.33,Engine re-derivation after 2001 roster/override changes
NE,New England Patriots,2001,00-0012578,Riddick Parker,DT,74,68,-6,0.33,0.33,Engine re-derivation after 2001 roster/override changes
NE,New England Patriots,2001,00-0019592,Antwan Harris,CB,66,67,1,0.45,0.45,Engine re-derivation after 2001 roster/override changes
NE,New England Patriots,2001,00-0020240,Kole Ayi,LB,61,67,6,0.45,0.45,Engine re-derivation after 2001 roster/override changes
NE,New England Patriots,2001,00-0008075,Larry Izzo,LB,78,67,-11,0.45,0.45,Engine re-derivation after 2001 roster/override changes
NE,New England Patriots,2001,00-0002909,Matt Chatham,LB,81,67,-14,0.45,0.45,Engine re-derivation after 2001 roster/override changes
NE,New England Patriots,2001,00-0015674,Matt Stevens,CB,66,67,1,0.45,0.45,Engine re-derivation after 2001 roster/override changes
NE,New England Patriots,2001,00-0007835,Damon Huard,QB,68,66,-2,0.45,0.45,Engine re-derivation after 2001 roster/override changes
NE,New England Patriots,2001,00-0014743,Terrance Shaw,CB,71,66,-5,0.45,0.45,Engine re-derivation after 2001 roster/override changes
NE,New England Patriots,2001,00-0015885,Chris Sullivan,EDGE,75,65,-10,0.33,0.33,Engine re-derivation after 2001 roster/override changes
NE,New England Patriots,2001,00-0019905,Jimmy Farris,WR,67,65,-2,0.45,0.45,Engine re-derivation after 2001 roster/override changes
NE,New England Patriots,2001,00-0019575,David Nugent,DT,74,64,-10,0.33,0.33,Engine re-derivation after 2001 roster/override changes
NE,New England Patriots,2001,00-0017804,Grant Williams,LT,75,64,-11,0.33,0.33,Engine re-derivation after 2001 roster/override changes
NE,New England Patriots,2001,00-0014211,Rod Rutledge,TE,63,64,1,0.6,0.6,Engine re-derivation after 2001 roster/override changes
NE,New England Patriots,2001,00-0020377,Arther Love,TE,63,63,0,0.45,0.45,
NE,New England Patriots,2001,00-0020046,Walter Williams,WR,62,63,1,0.45,0.45,Engine re-derivation after 2001 roster/override changes
NE,New England Patriots,2001,00-0006043,Terry Glenn,WR,61,62,1,0.6,0.6,Engine re-derivation after 2001 roster/override changes
NE,New England Patriots,2001,00-0003220,Fred Coleman,WR,59,61,2,0.6,0.6,Engine re-derivation after 2001 roster/override changes
NE,New England Patriots,2001,00-0019213,Lonie Paxton,LB,61,60,-1,0.45,0.45,Engine re-derivation after 2001 roster/override changes
NE,New England Patriots,2001,00-0011592,Marty Moore,LB,65,60,-5,0.45,0.45,Engine re-derivation after 2001 roster/override changes
NE,New England Patriots,2001,00-0002185,Terrell Buckley,CB,58,58,0,0.45,0.45,
NE,New England Patriots,2001,00-0020537,Brock Williams,CB,62,57,-5,0.45,0.45,Engine re-derivation after 2001 roster/override changes
NE,New England Patriots,2001,00-0019255,Curtis Jackson,WR,55,56,1,0.6,0.6,Engine re-derivation after 2001 roster/override changes
NE,New England Patriots,2001,00-0020330,Hakim Akbar,CB,62,56,-6,0.45,0.45,Engine re-derivation after 2001 roster/override changes
NE,New England Patriots,2001,00-0019711,Ben Kelly,CB,62,54,-8,0.45,0.45,Engine re-derivation after 2001 roster/override changes
NE,New England Patriots,2001,00-0020359,Leonard Myers,CB,62,54,-8,0.45,0.45,Engine re-derivation after 2001 roster/override changes
NO,New Orleans Saints,2001,00-0006051,La'Roi Glover,DT,74,90,16,0.33,0.9,"All-Pro defensive tackle, elite interior rusher [by ratings-overhaul-2001, 2026-06-09]"
NO,New Orleans Saints,2001,00-0007744,Joe Horn,WR,93,88,-5,0.78,0.9,"Star #1 WR, 83 cat/1265 yds, Pro Bowl [by ratings-overhaul-2001, 2026-06-09]"
NO,New Orleans Saints,2001,00-0013791,Willie Roaf,LT,75,88,13,0.33,0.9,"Perennial All-Pro left tackle [by ratings-overhaul-2001, 2026-06-09]"
NO,New Orleans Saints,2001,00-0017915,Ricky Williams,RB,89,85,-4,0.78,0.9,"Powerful workhorse, 1245 yds, 1756 scrimmage [by ratings-overhaul-2001, 2026-06-09]"
NO,New Orleans Saints,2001,00-0019605,Darren Howard,EDGE,75,82,7,0.33,0.9,"Productive young edge rusher, 11 sacks [by ratings-overhaul-2001, 2026-06-09]"
NO,New Orleans Saints,2001,00-0008541,Joe Johnson,EDGE,75,82,7,0.33,0.9,"Pro Bowl-caliber edge (injury-shortened) [by ratings-overhaul-2001, 2026-06-09]"
NO,New Orleans Saints,2001,00-0016691,Kyle Turley,LT,75,82,7,0.33,0.9,"Nasty Pro Bowl-caliber right tackle [by ratings-overhaul-2001, 2026-06-09]"
NO,New Orleans Saints,2001,00-0009357,Sammy Knight,S,76,82,6,0.45,0.9,"Ballhawk Pro Bowl-caliber safety, leader [by ratings-overhaul-2001, 2026-06-09]"
NO,New Orleans Saints,2001,00-0001823,Aaron Brooks,QB,86,80,-6,0.78,0.9,"Dual-threat starter, 26 TD/22 INT, 358 rush yds [by ratings-overhaul-2001, 2026-06-09]"
NO,New Orleans Saints,2001,00-0011413,Keith Mitchell,LB,74,80,6,0.33,0.9,"Playmaking every-down linebacker [by ratings-overhaul-2001, 2026-06-09]"
NO,New Orleans Saints,2001,00-0008210,Willie Jackson,WR,89,80,-9,0.78,0.9,"Productive #2, 81 cat/1046 yds [by ratings-overhaul-2001, 2026-06-09]"
NO,New Orleans Saints,2001,00-0001058,Jay Bellamy,S,80,78,-2,0.45,0.9,"Hard-hitting starting safety [by ratings-overhaul-2001, 2026-06-09]"
NO,New Orleans Saints,2001,00-0002655,John Carney,K,70,78,8,0.45,0.9,"Accurate veteran kicker [by ratings-overhaul-2001, 2026-06-09]"
NO,New Orleans Saints,2001,00-0006766,Norman Hand,DT,74,78,4,0.33,0.9,"Stout run-stuffing nose tackle [by ratings-overhaul-2001, 2026-06-09]"
NO,New Orleans Saints,2001,00-0016178,Daryl Terrell,LT,75,77,2,0.33,0.33,Engine re-derivation after 2001 roster/override changes
NO,New Orleans Saints,2001,00-0011905,Chris Naeole,LG,73,76,3,0.33,0.9,"Powerful starting guard [by ratings-overhaul-2001, 2026-06-09]"
NO,New Orleans Saints,2001,00-0016263,Fred Thomas,CB,74,76,2,0.33,0.9,"Solid starting corner [by ratings-overhaul-2001, 2026-06-09]"
NO,New Orleans Saints,2001,00-0020171,Boo Williams,TE,75,75,0,0.78,0.9,"Promising rookie receiving tight end [by ratings-overhaul-2001, 2026-06-09]"
NO,New Orleans Saints,2001,00-0003111,Charlie Clemons,LB,74,75,1,0.33,0.9,"Starting linebacker [by ratings-overhaul-2001, 2026-06-09]"
NO,New Orleans Saints,2001,00-0020465,Curtis Holden,LB,74,75,1,0.33,0.33,Engine re-derivation after 2001 roster/override changes
NO,New Orleans Saints,2001,00-0013229,Marcus Price,LT,75,75,0,0.33,0.33,
NO,New Orleans Saints,2001,00-0003103,Cameron Cleeland,TE,74,74,0,0.78,0.9,"Receiving tight end [by ratings-overhaul-2001, 2026-06-09]"
NO,New Orleans Saints,2001,00-0015132,Darrin Smith,LB,74,74,0,0.33,0.9,"Veteran starting linebacker [by ratings-overhaul-2001, 2026-06-09]"
NO,New Orleans Saints,2001,00-0020527,Deuce McAllister,RB,74,74,0,0.78,0.9,"Promising rookie change-of-pace [by ratings-overhaul-2001, 2026-06-09]"
NO,New Orleans Saints,2001,00-0005399,Jerry Fontenot,C,73,74,1,0.33,0.9,"Veteran starting center [by ratings-overhaul-2001, 2026-06-09]"
NO,New Orleans Saints,2001,00-0019498,Michael Hawthorne,CB,75,74,-1,0.33,0.9,"Starting corner [by ratings-overhaul-2001, 2026-06-09]"
NO,New Orleans Saints,2001,00-0008063,Steve Israel,CB,75,74,-1,0.33,0.33,Engine re-derivation after 2001 roster/override changes
NO,New Orleans Saints,2001,00-0017954,Wally Williams,LG,73,74,1,0.33,0.9,"Veteran starting guard [by ratings-overhaul-2001, 2026-06-09]"
NO,New Orleans Saints,2001,00-0017585,Willie Whitehead,EDGE,75,74,-1,0.33,0.9,"Rotational interior lineman [by ratings-overhaul-2001, 2026-06-09]"
NO,New Orleans Saints,2001,00-0010535,Kevin Mathis,CB,74,73,-1,0.33,0.33,Engine re-derivation after 2001 roster/override changes
NO,New Orleans Saints,2001,00-0018056,Robert Wilson,WR,76,73,-3,0.78,0.9,"Rotational receiver [by ratings-overhaul-2001, 2026-06-09]"
NO,New Orleans Saints,2001,00-0020294,Sedrick Hodge,LB,74,73,-1,0.33,0.9,"Ascending linebacker [by ratings-overhaul-2001, 2026-06-09]"
NO,New Orleans Saints,2001,00-0006181,Toby Gowin,P,77,73,-4,0.45,0.9,"Veteran punter [by ratings-overhaul-2001, 2026-06-09]"
NO,New Orleans Saints,2001,00-0002908,Martin Chase,DT,74,72,-2,0.33,0.33,Engine re-derivation after 2001 roster/override changes
NO,New Orleans Saints,2001,00-0019587,Terrelle Smith,RB,68,72,4,0.78,0.9,"Lead-blocking fullback [by ratings-overhaul-2001, 2026-06-09]"
NO,New Orleans Saints,2001,00-0003378,Albert Connell,WR,71,71,0,0.78,0.78,
NO,New Orleans Saints,2001,00-0017341,Fred Weary,CB,74,71,-3,0.33,0.33,Engine re-derivation after 2001 roster/override changes
NO,New Orleans Saints,2001,00-0004161,Jake Delhomme,QB,68,71,3,0.45,0.45,Engine re-derivation after 2001 roster/override changes
NO,New Orleans Saints,2001,00-0020390,Onome Ojo,WR,67,71,4,0.45,0.45,Engine re-derivation after 2001 roster/override changes
NO,New Orleans Saints,2001,00-0000032,Tom Ackerman,LG,73,71,-2,0.33,0.33,Engine re-derivation after 2001 roster/override changes
NO,New Orleans Saints,2001,00-0020506,Kenny Smith,DT,74,70,-4,0.33,0.33,Engine re-derivation after 2001 roster/override changes
NO,New Orleans Saints,2001,00-0018036,Jerry Wilson,CB,74,68,-6,0.33,0.33,Engine re-derivation after 2001 roster/override changes
NO,New Orleans Saints,2001,00-0018612,Phil Clarke,LB,74,68,-6,0.33,0.33,Engine re-derivation after 2001 roster/override changes
NO,New Orleans Saints,2001,00-0014339,Scott Sanderson,LT,75,67,-8,0.33,0.33,Engine re-derivation after 2001 roster/override changes
NO,New Orleans Saints,2001,00-0019597,Tutan Reyes,LT,75,67,-8,0.33,0.33,Engine re-derivation after 2001 roster/override changes
NO,New Orleans Saints,2001,00-0019053,Steve Gleason,LB,74,66,-8,0.33,0.33,Engine re-derivation after 2001 roster/override changes
NO,New Orleans Saints,2001,00-0012340,Chris Oldham,CB,74,65,-9,0.33,0.33,Engine re-derivation after 2001 roster/override changes
NO,New Orleans Saints,2001,00-0020306,Roger Knight,LB,74,65,-9,0.33,0.33,Engine re-derivation after 2001 roster/override changes
NO,New Orleans Saints,2001,00-0019158,Jonathan Jackson,LB,74,63,-11,0.33,0.33,Engine re-derivation after 2001 roster/override changes
NO,New Orleans Saints,2001,00-0020164,Richard Newsome,CB,75,63,-12,0.33,0.33,Engine re-derivation after 2001 roster/override changes
NO,New Orleans Saints,2001,00-0020157,Tim Carter,CB,75,63,-12,0.33,0.33,Engine re-derivation after 2001 roster/override changes
NO,New Orleans Saints,2001,00-0010843,Wane McGarity,WR,61,61,0,0.6,0.6,
NO,New Orleans Saints,2001,00-0001335,Jeff Blake,QB,60,60,0,0.6,0.6,
NO,New Orleans Saints,2001,00-0011412,Johnny Mitchell,TE,63,60,-3,0.45,0.45,Engine re-derivation after 2001 roster/override changes
NO,New Orleans Saints,2001,00-0020508,Moran Norris,RB,63,59,-4,0.45,0.45,Engine re-derivation after 2001 roster/override changes
NO,New Orleans Saints,2001,00-0019503,Kevin Houser,RB,63,58,-5,0.45,0.45,Engine re-derivation after 2001 roster/override changes
NO,New Orleans Saints,2001,00-0019600,Michael L. Lewis,WR,67,58,-9,0.45,0.45,Engine re-derivation after 2001 roster/override changes
NO,New Orleans Saints,2001,00-0020173,James Fenderson,RB,63,57,-6,0.45,0.45,Engine re-derivation after 2001 roster/override changes
NO,New Orleans Saints,2001,00-0006666,Lamont Hall,TE,56,56,0,0.6,0.6,
NO,New Orleans Saints,2001,00-0010632,Fred McAfee,RB,50,50,0,0.6,0.6,
NYG,New York Giants,2001,00-0015795,Michael Strahan,EDGE,75,97,22,0.33,0.9,"DPOY, NFL single-season record 22.5 sacks [by ratings-overhaul-2001, 2026-06-09]"
NYG,New York Giants,2001,00-0016550,Amani Toomer,WR,88,85,-3,0.78,0.9,"Star #1 WR, 72 cat/1054 yds [by ratings-overhaul-2001, 2026-06-09]"
NYG,New York Giants,2001,00-0000745,Tiki Barber,RB,85,85,0,0.78,0.9,"Dual-threat star, 865 rush + 577 rec [by ratings-overhaul-2001, 2026-06-09]"
NYG,New York Giants,2001,00-0000426,Jessie Armstead,LB,75,83,8,0.33,0.9,"Pro Bowl playmaking linebacker [by ratings-overhaul-2001, 2026-06-09]"
NYG,New York Giants,2001,00-0007468,Ike Hilliard,WR,84,82,-2,0.78,0.9,"Reliable #2, 659 yds, 6 TD [by ratings-overhaul-2001, 2026-06-09]"
NYG,New York Giants,2001,00-0006719,Keith Hamilton,DT,74,82,8,0.33,0.9,"Productive interior pass rusher [by ratings-overhaul-2001, 2026-06-09]"
NYG,New York Giants,2001,00-0003292,Kerry Collins,QB,85,82,-3,0.78,0.9,"Steady starter, 3764 yds, 19 TD [by ratings-overhaul-2001, 2026-06-09]"
NYG,New York Giants,2001,00-0015761,Ron Stone,LG,73,82,9,0.33,0.9,"Pro Bowl guard [by ratings-overhaul-2001, 2026-06-09]"
NYG,New York Giants,2001,00-0014637,Jason Sehorn,CB,75,80,5,0.33,0.9,"Athletic starting corner [by ratings-overhaul-2001, 2026-06-09]"
NYG,New York Giants,2001,00-0000829,Micheal Barrow,LB,75,80,5,0.33,0.9,"Every-down tackle-machine linebacker [by ratings-overhaul-2001, 2026-06-09]"
NYG,New York Giants,2001,00-0000282,Morten Andersen,K,72,80,8,0.33,0.9,"Veteran kicker [by ratings-overhaul-2001, 2026-06-09]"
NYG,New York Giants,2001,00-0019700,Cornelius Griffin,DT,74,78,4,0.33,0.9,"Disruptive young interior lineman [by ratings-overhaul-2001, 2026-06-09]"
NYG,New York Giants,2001,00-0007659,Kenny Holmes,EDGE,75,78,3,0.33,0.9,"Newly-signed every-down edge [by ratings-overhaul-2001, 2026-06-09]"
NYG,New York Giants,2001,00-0001990,Lomas Brown,LT,75,78,3,0.33,0.9,"Veteran starting left tackle [by ratings-overhaul-2001, 2026-06-09]"
NYG,New York Giants,2001,00-0012879,Luke Petitgout,LT,75,78,3,0.33,0.9,"Ascending starting tackle [by ratings-overhaul-2001, 2026-06-09]"
NYG,New York Giants,2001,00-0005785,Sam Garnes,S,80,78,-2,0.45,0.9,"Veteran starting safety [by ratings-overhaul-2001, 2026-06-09]"
NYG,New York Giants,2001,00-0017930,Shaun Williams,S,76,78,2,0.45,0.9,"Hard-hitting starting safety [by ratings-overhaul-2001, 2026-06-09]"
NYG,New York Giants,2001,00-0016242,Dave Thomas,CB,75,77,2,0.33,0.33,Engine re-derivation after 2001 roster/override changes
NYG,New York Giants,2001,00-0014047,Mike Rosenthal,LG,73,77,4,0.33,0.33,Engine re-derivation after 2001 roster/override changes
NYG,New York Giants,2001,00-0020186,DeWayne Patmon,CB,75,76,1,0.33,0.33,Engine re-derivation after 2001 roster/override changes
NYG,New York Giants,2001,00-0008962,Joe Jurevicius,WR,82,76,-6,0.78,0.9,"Big rotational receiver [by ratings-overhaul-2001, 2026-06-09]"
NYG,New York Giants,2001,00-0020467,Will Allen,CB,75,76,1,0.33,0.9,"Promising rookie corner [by ratings-overhaul-2001, 2026-06-09]"
NYG,New York Giants,2001,00-0019669,Brandon Short,LB,74,75,1,0.33,0.9,"Ascending starting linebacker [by ratings-overhaul-2001, 2026-06-09]"
NYG,New York Giants,2001,00-0015781,Omar Stoutmire,CB,75,75,0,0.33,0.33,
NYG,New York Giants,2001,00-0020384,William James,CB,75,75,0,0.33,0.33,
NYG,New York Giants,2001,00-0002565,Dan Campbell,TE,78,74,-4,0.78,0.9,"Blocking/receiving tight end [by ratings-overhaul-2001, 2026-06-09]"
NYG,New York Giants,2001,00-0018484,Dusty Zeigler,C,73,74,1,0.33,0.9,"Starting center [by ratings-overhaul-2001, 2026-06-09]"
NYG,New York Giants,2001,00-0010785,Emmanuel McDaniel,CB,75,74,-1,0.33,0.9,"Nickel corner [by ratings-overhaul-2001, 2026-06-09]"
NYG,New York Giants,2001,00-0005165,Frank Ferrara,EDGE,75,74,-1,0.33,0.33,Engine re-derivation after 2001 roster/override changes
NYG,New York Giants,2001,00-0012561,Glenn Parker,LG,73,74,1,0.33,0.9,"Veteran starting guard [by ratings-overhaul-2001, 2026-06-09]"
NYG,New York Giants,2001,00-0020379,Owen Pochman,K,72,74,2,0.33,0.33,Engine re-derivation after 2001 roster/override changes
NYG,New York Giants,2001,00-0019643,Ron Dayne,RB,83,74,-9,0.78,0.9,"Power complement back, 7 TD [by ratings-overhaul-2001, 2026-06-09]"
NYG,New York Giants,2001,00-0003344,Greg Comella,RB,78,73,-5,0.78,0.9,"Receiving fullback [by ratings-overhaul-2001, 2026-06-09]"
NYG,New York Giants,2001,00-0020483,Jesse Palmer,QB,68,73,5,0.45,0.45,Engine re-derivation after 2001 roster/override changes
NYG,New York Giants,2001,00-0019613,Ralph Brown,CB,75,73,-2,0.33,0.33,Engine re-derivation after 2001 roster/override changes
NYG,New York Giants,2001,00-0020189,Clayton White,LB,74,71,-3,0.33,0.33,Engine re-derivation after 2001 roster/override changes
NYG,New York Giants,2001,00-0019045,Jack Golden,LB,75,71,-4,0.33,0.33,Engine re-derivation after 2001 roster/override changes
NYG,New York Giants,2001,00-0017621,Jason Whittle,LG,73,70,-3,0.33,0.33,Engine re-derivation after 2001 roster/override changes
NYG,New York Giants,2001,00-0019662,Ron Dixon,WR,70,70,0,0.78,0.78,
NYG,New York Giants,2001,00-0020412,Ross Kolodziej,DT,75,69,-6,0.33,0.33,Engine re-derivation after 2001 roster/override changes
NYG,New York Giants,2001,00-0020184,Lance Legree,DT,75,66,-9,0.33,0.33,Engine re-derivation after 2001 roster/override changes
NYG,New York Giants,2001,00-0020481,Cedric Scott,EDGE,75,65,-10,0.33,0.33,Engine re-derivation after 2001 roster/override changes
NYG,New York Giants,2001,00-0019042,Chris Bober,LT,75,65,-10,0.33,0.33,Engine re-derivation after 2001 roster/override changes
NYG,New York Giants,2001,00-0019761,Clarence LeBlanc,CB,75,65,-10,0.33,0.33,Engine re-derivation after 2001 roster/override changes
NYG,New York Giants,2001,00-0018975,Jim Goff,LT,75,65,-10,0.33,0.33,Engine re-derivation after 2001 roster/override changes
NYG,New York Giants,2001,00-0005794,Jason Garrett,QB,74,64,-10,0.45,0.45,Engine re-derivation after 2001 roster/override changes
NYG,New York Giants,2001,00-0020187,Marcellus Rivers,TE,65,64,-1,0.6,0.6,Engine re-derivation after 2001 roster/override changes
NYG,New York Giants,2001,00-0020138,Rich Seubert,LT,75,64,-11,0.33,0.33,Engine re-derivation after 2001 roster/override changes
NYG,New York Giants,2001,00-0017923,Rodney Williams,P,71,64,-7,0.45,0.45,Engine re-derivation after 2001 roster/override changes
NYG,New York Giants,2001,00-0019154,Kevin Lewis,LB,75,63,-12,0.33,0.33,Engine re-derivation after 2001 roster/override changes
NYG,New York Giants,2001,00-0020185,Brady McDonnell,TE,63,62,-1,0.45,0.45,Engine re-derivation after 2001 roster/override changes
NYG,New York Giants,2001,00-0019635,Dhani Jones,LB,75,62,-13,0.33,0.33,Engine re-derivation after 2001 roster/override changes
NYG,New York Giants,2001,00-0004055,Thabiti Davis,WR,61,61,0,0.6,0.6,
NYG,New York Giants,2001,00-0020343,Jonathan Carter,WR,63,57,-6,0.45,0.45,Engine re-derivation after 2001 roster/override changes
NYG,New York Giants,2001,00-0020142,Adam Wright,RB,63,56,-7,0.45,0.45,Engine re-derivation after 2001 roster/override changes
NYG,New York Giants,2001,00-0003681,Howard Cross,TE,56,56,0,0.6,0.6,
NYG,New York Giants,2001,00-0011506,Joe Montgomery,RB,63,55,-8,0.45,0.45,Engine re-derivation after 2001 roster/override changes
NYG,New York Giants,2001,00-0019413,Lloyd Clemons,RB,63,55,-8,0.45,0.45,Engine re-derivation after 2001 roster/override changes
NYG,New York Giants,2001,00-0017239,Damon Washington,RB,52,52,0,0.6,0.6,
NYJ,New York Jets,2001,00-0010577,Kevin Mawae,C,73,91,18,0.33,0.9,"Elite All-Pro center [by ratings-overhaul-2001, 2026-06-09]"
NYJ,New York Jets,2001,00-0010442,Curtis Martin,RB,92,88,-4,0.78,0.9,"Workhorse star, 1513 yds, Pro Bowl [by ratings-overhaul-2001, 2026-06-09]"
NYJ,New York Jets,2001,00-0019546,John Abraham,EDGE,75,85,10,0.33,0.9,"Explosive Pro Bowl edge rusher [by ratings-overhaul-2001, 2026-06-09]"
NYJ,New York Jets,2001,00-0009886,Mo Lewis,LB,69,84,15,0.45,0.9,"Pro Bowl-caliber playmaking linebacker [by ratings-overhaul-2001, 2026-06-09]"
NYJ,New York Jets,2001,00-0006034,Aaron Glenn,CB,79,83,4,0.45,0.9,"Pro Bowl shutdown corner [by ratings-overhaul-2001, 2026-06-09]"
NYJ,New York Jets,2001,00-0019545,Shaun Ellis,EDGE,75,82,7,0.33,0.9,"Ascending power edge [by ratings-overhaul-2001, 2026-06-09]"
NYJ,New York Jets,2001,00-0005082,James Farrior,LB,81,80,-1,0.45,0.9,"Ascending every-down linebacker [by ratings-overhaul-2001, 2026-06-09]"
NYJ,New York Jets,2001,00-0018958,Laveranues Coles,WR,86,80,-6,0.78,0.9,"Breakout deep threat, 868 yds, 7 TD [by ratings-overhaul-2001, 2026-06-09]"
NYJ,New York Jets,2001,00-0016193,Vinny Testaverde,QB,80,80,0,0.78,0.9,"Steady veteran starter, 15 TD [by ratings-overhaul-2001, 2026-06-09]"
NYJ,New York Jets,2001,00-0002962,Wayne Chrebet,WR,82,80,-2,0.78,0.9,"Reliable clutch slot, 750 yds [by ratings-overhaul-2001, 2026-06-09]"
NYJ,New York Jets,2001,00-0005150,Jason Ferguson,DT,75,79,4,0.33,0.9,"Stout starting nose tackle [by ratings-overhaul-2001, 2026-06-09]"
NYJ,New York Jets,2001,00-0006662,John Hall,K,77,79,2,0.45,0.9,"Strong-legged kicker [by ratings-overhaul-2001, 2026-06-09]"
NYJ,New York Jets,2001,00-0010222,J.P. Machado,LG,73,78,5,0.33,0.33,Engine re-derivation after 2001 roster/override changes
NYJ,New York Jets,2001,00-0005031,Jason Fabini,LT,75,78,3,0.33,0.9,"Solid starting left tackle [by ratings-overhaul-2001, 2026-06-09]"
NYJ,New York Jets,2001,00-0003231,Marcus Coleman,CB,82,78,-4,0.45,0.9,"Solid starting corner [by ratings-overhaul-2001, 2026-06-09]"
NYJ,New York Jets,2001,00-0008819,Marvin Jones,LB,78,78,0,0.45,0.9,"Run-stuffing every-down linebacker [by ratings-overhaul-2001, 2026-06-09]"
NYJ,New York Jets,2001,00-0005155,Nick Ferguson,CB,82,78,-4,0.45,0.45,Engine re-derivation after 2001 roster/override changes
NYJ,New York Jets,2001,00-0006356,Victor Green,S,80,78,-2,0.45,0.9,"Hard-hitting starting safety [by ratings-overhaul-2001, 2026-06-09]"
NYJ,New York Jets,2001,00-0012320,Eric Ogbogu,EDGE,75,77,2,0.33,0.33,Engine re-derivation after 2001 roster/override changes
NYJ,New York Jets,2001,00-0010175,Rick Lyle,EDGE,75,77,2,0.33,0.33,Engine re-derivation after 2001 roster/override changes
NYJ,New York Jets,2001,00-0019457,Anthony Becht,TE,85,76,-9,0.78,0.9,"Blocking/receiving tight end, 5 TD [by ratings-overhaul-2001, 2026-06-09]"
NYJ,New York Jets,2001,00-0020463,Kareem McKenzie,LT,75,76,1,0.33,0.9,"Ascending rookie starting tackle [by ratings-overhaul-2001, 2026-06-09]"
NYJ,New York Jets,2001,00-0016310,Randy Thomas,LG,73,76,3,0.33,0.9,"Athletic starting guard [by ratings-overhaul-2001, 2026-06-09]"
NYJ,New York Jets,2001,00-0000339,Richie Anderson,RB,78,76,-2,0.78,0.9,"Receiving back, 40 catches [by ratings-overhaul-2001, 2026-06-09]"
NYJ,New York Jets,2001,00-0020545,Riley Kleinhesselink,EDGE,75,76,1,0.33,0.33,Engine re-derivation after 2001 roster/override changes
NYJ,New York Jets,2001,00-0018440,Ryan Young,LT,75,76,1,0.33,0.33,Engine re-derivation after 2001 roster/override changes
NYJ,New York Jets,2001,00-0013850,Damien Robinson,S,76,75,-1,0.45,0.9,"Starting safety [by ratings-overhaul-2001, 2026-06-09]"
NYJ,New York Jets,2001,00-0015959,Kevin Swayne,WR,75,75,0,0.78,0.78,
NYJ,New York Jets,2001,00-0008351,Kerry Jenkins,LG,73,74,1,0.33,0.9,"Starting guard [by ratings-overhaul-2001, 2026-06-09]"
NYJ,New York Jets,2001,00-0020462,LaMont Jordan,RB,75,74,-1,0.78,0.9,"Powerful rookie change-of-pace [by ratings-overhaul-2001, 2026-06-09]"
NYJ,New York Jets,2001,00-0011186,Ray Mickens,CB,71,74,3,0.45,0.9,"Nickel corner [by ratings-overhaul-2001, 2026-06-09]"
NYJ,New York Jets,2001,00-0010472,Steve Martin,DT,75,74,-1,0.33,0.9,"Rotational interior lineman [by ratings-overhaul-2001, 2026-06-09]"
NYJ,New York Jets,2001,00-0020126,Tory Woodbury,QB,68,72,4,0.45,0.45,Engine re-derivation after 2001 roster/override changes
NYJ,New York Jets,2001,00-0010105,David Loverne,LG,73,71,-2,0.33,0.33,Engine re-derivation after 2001 roster/override changes
NYJ,New York Jets,2001,00-0012287,Dennis O'Sullivan,DT,75,71,-4,0.33,0.33,Engine re-derivation after 2001 roster/override changes
NYJ,New York Jets,2001,00-0016683,Tom Tupa,P,70,70,0,0.45,0.45,
NYJ,New York Jets,2001,00-0019590,Chad Morton,RB,63,68,5,0.45,0.45,Engine re-derivation after 2001 roster/override changes
NYJ,New York Jets,2001,00-0018382,Craig Yeast,WR,67,68,1,0.45,0.45,Engine re-derivation after 2001 roster/override changes
NYJ,New York Jets,2001,00-0003902,James Darling,LB,81,68,-13,0.45,0.45,Engine re-derivation after 2001 roster/override changes
NYJ,New York Jets,2001,00-0002365,Shane Burton,DT,75,68,-7,0.33,0.33,Engine re-derivation after 2001 roster/override changes
NYJ,New York Jets,2001,00-0018963,Tony Scott,CB,71,67,-4,0.45,0.45,Engine re-derivation after 2001 roster/override changes
NYJ,New York Jets,2001,00-0019106,Giradie Mercer,DT,75,66,-9,0.33,0.33,Engine re-derivation after 2001 roster/override changes
NYJ,New York Jets,2001,00-0019068,Dan Goodspeed,LT,75,64,-11,0.33,0.33,Engine re-derivation after 2001 roster/override changes
NYJ,New York Jets,2001,00-0020352,Jamie Henderson,CB,66,64,-2,0.45,0.45,Engine re-derivation after 2001 roster/override changes
NYJ,New York Jets,2001,00-0004112,James Dearth,TE,62,63,1,0.6,0.6,Engine re-derivation after 2001 roster/override changes
NYJ,New York Jets,2001,00-0020355,James Reed,DT,75,63,-12,0.33,0.33,Engine re-derivation after 2001 roster/override changes
NYJ,New York Jets,2001,00-0020123,James Rooths,CB,66,63,-3,0.45,0.45,Engine re-derivation after 2001 roster/override changes
NYJ,New York Jets,2001,00-0019559,Chad Pennington,QB,62,62,0,0.6,0.6,
NYJ,New York Jets,2001,00-0007103,Matt Hatchette,WR,61,62,1,0.6,0.6,Engine re-derivation after 2001 roster/override changes
NYJ,New York Jets,2001,00-0019059,Kelvin Moses,LB,69,61,-8,0.45,0.45,Engine re-derivation after 2001 roster/override changes
NYJ,New York Jets,2001,00-0020494,Santana Moss,WR,61,61,0,0.6,0.6,
NYJ,New York Jets,2001,00-0020127,Daniel Wilcox,TE,68,60,-8,0.45,0.45,Engine re-derivation after 2001 roster/override changes
NYJ,New York Jets,2001,00-0007143,Chris Hayes,CB,58,54,-4,0.45,0.45,Engine re-derivation after 2001 roster/override changes
NYJ,New York Jets,2001,00-0020401,Jason Glenn,LB,61,54,-7,0.45,0.45,Engine re-derivation after 2001 roster/override changes
NYJ,New York Jets,2001,00-0015420,Jerald Sowell,RB,52,52,0,0.6,0.6,
PHI,Philadelphia Eagles,2001,00-0011022,Donovan McNabb,QB,89,88,-1,0.78,0.9,"Dual-threat star, 25 TD/12 INT, 482 rush yds [by ratings-overhaul-2001, 2026-06-09]"
PHI,Philadelphia Eagles,2001,00-0004470,Hugh Douglas,EDGE,75,88,13,0.33,0.9,"Pro Bowl edge, 12.5 sacks [by ratings-overhaul-2001, 2026-06-09]"
PHI,Philadelphia Eagles,2001,00-0004073,Brian Dawkins,S,81,87,6,0.45,0.9,"Star ballhawk safety, Pro Bowl [by ratings-overhaul-2001, 2026-06-09]"
PHI,Philadelphia Eagles,2001,00-0016624,Jeremiah Trotter,LB,75,86,11,0.33,0.9,"Pro Bowl middle linebacker [by ratings-overhaul-2001, 2026-06-09]"
PHI,Philadelphia Eagles,2001,00-0016924,Troy Vincent,CB,75,86,11,0.33,0.9,"Pro Bowl shutdown corner [by ratings-overhaul-2001, 2026-06-09]"
PHI,Philadelphia Eagles,2001,00-0016082,Bobby Taylor,CB,75,84,9,0.33,0.9,"Big physical Pro Bowl-caliber corner [by ratings-overhaul-2001, 2026-06-09]"
PHI,Philadelphia Eagles,2001,00-0000108,David Akers,K,77,84,7,0.45,0.9,"Pro Bowl placekicker [by ratings-overhaul-2001, 2026-06-09]"
PHI,Philadelphia Eagles,2001,00-0016334,Tra Thomas,LT,75,84,9,0.33,0.9,"Pro Bowl left tackle [by ratings-overhaul-2001, 2026-06-09]"
PHI,Philadelphia Eagles,2001,00-0009842,Chad Lewis,TE,86,83,-3,0.78,0.9,"Pro Bowl receiving tight end, 6 TD [by ratings-overhaul-2001, 2026-06-09]"
PHI,Philadelphia Eagles,2001,00-0019694,Corey Simon,DT,75,82,7,0.33,0.9,"Disruptive interior lineman [by ratings-overhaul-2001, 2026-06-09]"
PHI,Philadelphia Eagles,2001,00-0014169,Jon Runyan,LT,75,82,7,0.33,0.9,"Quality physical right tackle [by ratings-overhaul-2001, 2026-06-09]"
PHI,Philadelphia Eagles,2001,00-0015523,Duce Staley,RB,81,81,0,0.78,0.9,"Workhorse dual-threat back, 1230 scrimmage [by ratings-overhaul-2001, 2026-06-09]"
PHI,Philadelphia Eagles,2001,00-0016440,James Thrash,WR,87,80,-7,0.78,0.9,"Newly-signed deep threat, 833 yds, 8 TD [by ratings-overhaul-2001, 2026-06-09]"
PHI,Philadelphia Eagles,2001,00-0010595,Jermane Mayberry,LG,73,80,7,0.33,0.9,"Ascending starting guard [by ratings-overhaul-2001, 2026-06-09]"
PHI,Philadelphia Eagles,2001,00-0017594,Brandon Whiting,EDGE,75,78,3,0.33,0.9,"Stout interior pass rusher [by ratings-overhaul-2001, 2026-06-09]"
PHI,Philadelphia Eagles,2001,00-0004901,Carlos Emmons,LB,75,78,3,0.33,0.9,"Athletic starting linebacker [by ratings-overhaul-2001, 2026-06-09]"
PHI,Philadelphia Eagles,2001,00-0019606,Todd Pinkston,WR,82,78,-4,0.78,0.9,"Field-stretching #2, 586 yds [by ratings-overhaul-2001, 2026-06-09]"
PHI,Philadelphia Eagles,2001,00-0002518,Mike Caldwell,LB,75,77,2,0.33,0.33,Engine re-derivation after 2001 roster/override changes
PHI,Philadelphia Eagles,2001,00-0007108,Tim Hauck,CB,75,77,2,0.33,0.33,Engine re-derivation after 2001 roster/override changes
PHI,Philadelphia Eagles,2001,00-0006915,Al Harris,CB,75,76,1,0.33,0.9,"Solid starting corner [by ratings-overhaul-2001, 2026-06-09]"
PHI,Philadelphia Eagles,2001,00-0020270,Correll Buckhalter,RB,78,76,-2,0.78,0.9,"Powerful rookie complement, 586 yds [by ratings-overhaul-2001, 2026-06-09]"
PHI,Philadelphia Eagles,2001,00-0016271,Hollis Thomas,DT,75,76,1,0.33,0.9,"Stout nose tackle [by ratings-overhaul-2001, 2026-06-09]"
PHI,Philadelphia Eagles,2001,00-0013535,Ike Reese,LB,75,76,1,0.33,0.33,Engine re-derivation after 2001 roster/override changes
PHI,Philadelphia Eagles,2001,00-0017410,John Welbourn,LG,73,76,3,0.33,0.9,"Solid starting guard [by ratings-overhaul-2001, 2026-06-09]"
PHI,Philadelphia Eagles,2001,00-0011502,Monty Montgomery,CB,75,76,1,0.33,0.33,Engine re-derivation after 2001 roster/override changes
PHI,Philadelphia Eagles,2001,00-0019459,Darwin Walker,DT,75,75,0,0.33,0.33,
PHI,Philadelphia Eagles,2001,00-0009001,N. D. Kalu,EDGE,75,75,0,0.33,0.9,"Starting edge rusher [by ratings-overhaul-2001, 2026-06-09]"
PHI,Philadelphia Eagles,2001,00-0020305,A.J. Feeley,QB,73,74,1,0.6,0.6,Engine re-derivation after 2001 roster/override changes
PHI,Philadelphia Eagles,2001,00-0005763,Barry Gardner,LB,75,74,-1,0.33,0.9,"Starting linebacker [by ratings-overhaul-2001, 2026-06-09]"
PHI,Philadelphia Eagles,2001,00-0011545,Damon Moore,S,76,74,-2,0.45,0.9,"Hard-hitting starting safety [by ratings-overhaul-2001, 2026-06-09]"
PHI,Philadelphia Eagles,2001,00-0019925,Darrel Crutchfield,CB,75,74,-1,0.33,0.33,Engine re-derivation after 2001 roster/override changes
PHI,Philadelphia Eagles,2001,00-0020504,Derrick Burgess,EDGE,75,74,-1,0.33,0.9,"Ascending rookie pass rusher [by ratings-overhaul-2001, 2026-06-09]"
PHI,Philadelphia Eagles,2001,00-0019133,Hank Fraley,C,73,74,1,0.33,0.9,"Starting center [by ratings-overhaul-2001, 2026-06-09]"
PHI,Philadelphia Eagles,2001,00-0014433,Ryan Schau,LG,73,74,1,0.33,0.33,Engine re-derivation after 2001 roster/override changes
PHI,Philadelphia Eagles,2001,00-0009584,Sean Landeta,P,77,74,-3,0.45,0.9,"Veteran punter [by ratings-overhaul-2001, 2026-06-09]"
PHI,Philadelphia Eagles,2001,00-0010436,Cecil Martin,RB,76,73,-3,0.78,0.9,"Lead-blocking fullback [by ratings-overhaul-2001, 2026-06-09]"
PHI,Philadelphia Eagles,2001,00-0002160,Doug Brzezinski,LG,73,73,0,0.33,0.33,
PHI,Philadelphia Eagles,2001,00-0020497,Freddie Mitchell,WR,76,73,-3,0.78,0.9,"Rookie slot receiver [by ratings-overhaul-2001, 2026-06-09]"
PHI,Philadelphia Eagles,2001,00-0003422,Rashard Cook,CB,75,73,-2,0.33,0.9,"Starting safety [by ratings-overhaul-2001, 2026-06-09]"
PHI,Philadelphia Eagles,2001,00-0019629,Bobbie Williams,LG,73,71,-2,0.33,0.33,Engine re-derivation after 2001 roster/override changes
PHI,Philadelphia Eagles,2001,00-0016347,Jeff Thomason,TE,70,71,1,0.78,0.78,Engine re-derivation after 2001 roster/override changes
PHI,Philadelphia Eagles,2001,00-0013317,Jim Pyne,C,73,71,-2,0.33,0.33,Engine re-derivation after 2001 roster/override changes
PHI,Philadelphia Eagles,2001,00-0019926,Julian Jones,CB,75,71,-4,0.33,0.33,Engine re-derivation after 2001 roster/override changes
PHI,Philadelphia Eagles,2001,00-0002005,Na Brown,WR,69,70,1,0.78,0.78,Engine re-derivation after 2001 roster/override changes
PHI,Philadelphia Eagles,2001,00-0011241,Bubba Miller,C,73,67,-6,0.33,0.33,Engine re-derivation after 2001 roster/override changes
PHI,Philadelphia Eagles,2001,00-0006251,Paul Grasmanis,DT,75,67,-8,0.33,0.33,Engine re-derivation after 2001 roster/override changes
PHI,Philadelphia Eagles,2001,00-0006733,Uhuru Hamiter,EDGE,75,66,-9,0.33,0.33,Engine re-derivation after 2001 roster/override changes
PHI,Philadelphia Eagles,2001,00-0006760,William Hampton,CB,75,65,-10,0.33,0.33,Engine re-derivation after 2001 roster/override changes
PHI,Philadelphia Eagles,2001,00-0011641,Sean Morey,WR,67,64,-3,0.45,0.45,Engine re-derivation after 2001 roster/override changes
PHI,Philadelphia Eagles,2001,00-0020501,Quinton Caver,LB,75,63,-12,0.33,0.33,Engine re-derivation after 2001 roster/override changes
PHI,Philadelphia Eagles,2001,00-0004463,Dameane Douglas,WR,60,62,2,0.6,0.6,Engine re-derivation after 2001 roster/override changes
PHI,Philadelphia Eagles,2001,00-0020268,Tony Stewart,TE,57,58,1,0.6,0.6,Engine re-derivation after 2001 roster/override changes
PHI,Philadelphia Eagles,2001,00-0004229,Koy Detmer,QB,56,56,0,0.6,0.6,
PHI,Philadelphia Eagles,2001,00-0019468,Gari Scott,WR,54,55,1,0.6,0.6,Engine re-derivation after 2001 roster/override changes
PHI,Philadelphia Eagles,2001,00-0011399,Brian Mitchell,RB,53,54,1,0.6,0.6,Engine re-derivation after 2001 roster/override changes
PHI,Philadelphia Eagles,2001,00-0013467,Jamie Reader,RB,52,53,1,0.6,0.6,Engine re-derivation after 2001 roster/override changes
PHI,Philadelphia Eagles,2001,00-0000849,Mike Bartrum,TE,52,52,0,0.6,0.6,
PHI,Philadelphia Eagles,2001,00-0019453,Rod Smart,RB,50,51,1,0.6,0.6,Engine re-derivation after 2001 roster/override changes
PIT,Pittsburgh Steelers,2001,00-0005058,Alan Faneca,LG,73,90,17,0.33,0.9,"First-team All-Pro guard, anchor of the run game [by ratings-overhaul-2001, 2026-06-09]"
PIT,Pittsburgh Steelers,2001,00-0017162,Hines Ward,WR,89,86,-3,0.78,0.9,"Breakout every-down star, 94 cat/1003 yds, Pro Bowl [by ratings-overhaul-2001, 2026-06-09]"
PIT,Pittsburgh Steelers,2001,00-0005967,Jason Gildon,LB,75,86,11,0.33,0.9,"Pro Bowl edge, double-digit sacks [by ratings-overhaul-2001, 2026-06-09]"
PIT,Pittsburgh Steelers,2001,00-0013126,Joey Porter,LB,75,85,10,0.33,0.9,"Breakout disruptive edge rusher [by ratings-overhaul-2001, 2026-06-09]"
PIT,Pittsburgh Steelers,2001,00-0020317,Kendrell Bell,LB,75,85,10,0.33,0.9,"Defensive ROY, explosive linebacker [by ratings-overhaul-2001, 2026-06-09]"
PIT,Pittsburgh Steelers,2001,00-0007051,Jeff Hartings,C,73,84,11,0.33,0.9,"Pro Bowl center [by ratings-overhaul-2001, 2026-06-09]"
PIT,Pittsburgh Steelers,2001,00-0001215,Jerome Bettis,RB,76,84,8,0.78,0.9,"Workhorse, 1072 yds in 11 games [by ratings-overhaul-2001, 2026-06-09]"
PIT,Pittsburgh Steelers,2001,00-0015700,Kordell Stewart,QB,84,84,0,0.78,0.9,"Pro Bowl dual-threat, 14 TD/5 rush TD, 537 rush yds [by ratings-overhaul-2001, 2026-06-09]"
PIT,Pittsburgh Steelers,2001,00-0015080,Aaron Smith,EDGE,75,80,5,0.33,0.9,"Stout every-down 3-4 end [by ratings-overhaul-2001, 2026-06-09]"
PIT,Pittsburgh Steelers,2001,00-0020426,Casey Hampton,DT,75,80,5,0.33,0.9,"Stout rookie nose tackle [by ratings-overhaul-2001, 2026-06-09]"
PIT,Pittsburgh Steelers,2001,00-0019642,Plaxico Burress,WR,87,79,-8,0.78,0.9,"Ascending big deep threat, 1008 yds [by ratings-overhaul-2001, 2026-06-09]"
PIT,Pittsburgh Steelers,2001,00-0014539,Chad Scott,CB,75,78,3,0.33,0.9,"Steady starting corner [by ratings-overhaul-2001, 2026-06-09]"
PIT,Pittsburgh Steelers,2001,00-0007652,Earl Holmes,LB,75,78,3,0.33,0.9,"Every-down inside linebacker [by ratings-overhaul-2001, 2026-06-09]"
PIT,Pittsburgh Steelers,2001,00-0019628,Marvel Smith,LT,75,78,3,0.33,0.9,"Ascending starting left tackle [by ratings-overhaul-2001, 2026-06-09]"
PIT,Pittsburgh Steelers,2001,00-0017241,Dewayne Washington,CB,75,77,2,0.33,0.9,"Veteran starting corner [by ratings-overhaul-2001, 2026-06-09]"
PIT,Pittsburgh Steelers,2001,00-0005346,Lee Flowers,S,76,77,1,0.45,0.9,"Hard-hitting starting safety [by ratings-overhaul-2001, 2026-06-09]"
PIT,Pittsburgh Steelers,2001,00-0018501,Amos Zereoue,RB,76,76,0,0.78,0.9,"Explosive committee back [by ratings-overhaul-2001, 2026-06-09]"
PIT,Pittsburgh Steelers,2001,00-0000136,Brent Alexander,S,81,76,-5,0.45,0.9,"Veteran starting safety [by ratings-overhaul-2001, 2026-06-09]"
PIT,Pittsburgh Steelers,2001,00-0011279,Josh Miller,P,77,76,-1,0.45,0.9,"Solid punter [by ratings-overhaul-2001, 2026-06-09]"
PIT,Pittsburgh Steelers,2001,00-0019630,Kendrick Clancy,DT,75,76,1,0.33,0.33,Engine re-derivation after 2001 roster/override changes
PIT,Pittsburgh Steelers,2001,00-0016956,Kimo von Oelhoffen,EDGE,75,76,1,0.33,0.9,"Veteran interior lineman [by ratings-overhaul-2001, 2026-06-09]"
PIT,Pittsburgh Steelers,2001,00-0001980,Kris Brown,K,70,76,6,0.45,0.9,"Reliable kicker [by ratings-overhaul-2001, 2026-06-09]"
PIT,Pittsburgh Steelers,2001,00-0005736,Wayne Gandy,LT,75,76,1,0.33,0.9,"Steady starting tackle [by ratings-overhaul-2001, 2026-06-09]"
PIT,Pittsburgh Steelers,2001,00-0020255,Chukky Okobi,C,73,75,2,0.33,0.33,Engine re-derivation after 2001 roster/override changes
PIT,Pittsburgh Steelers,2001,00-0019538,Clark Haggans,LB,75,75,0,0.33,0.33,
PIT,Pittsburgh Steelers,2001,00-0019954,Keydrick Vincent,LG,73,75,2,0.33,0.33,Engine re-derivation after 2001 roster/override changes
PIT,Pittsburgh Steelers,2001,00-0004586,Roger Duffy,LG,73,75,2,0.33,0.33,Engine re-derivation after 2001 roster/override changes
PIT,Pittsburgh Steelers,2001,00-0010261,Tommy Maddox,QB,74,75,1,0.6,0.6,Engine re-derivation after 2001 roster/override changes
PIT,Pittsburgh Steelers,2001,00-0014729,Bobby Shaw,WR,78,74,-4,0.78,0.9,"Rotational slot receiver [by ratings-overhaul-2001, 2026-06-09]"
PIT,Pittsburgh Steelers,2001,00-0005620,Chris Fuamatu-Ma'afala,RB,78,74,-4,0.78,0.9,"Power committee back [by ratings-overhaul-2001, 2026-06-09]"
PIT,Pittsburgh Steelers,2001,00-0016577,Deshea Townsend,CB,75,74,-1,0.33,0.9,"Nickel corner [by ratings-overhaul-2001, 2026-06-09]"
PIT,Pittsburgh Steelers,2001,00-0002102,Mark Bruener,TE,71,74,3,0.78,0.9,"Blocking tight end [by ratings-overhaul-2001, 2026-06-09]"
PIT,Pittsburgh Steelers,2001,00-0008823,Mike A. Jones,LB,75,74,-1,0.33,0.9,"Rotational linebacker [by ratings-overhaul-2001, 2026-06-09]"
PIT,Pittsburgh Steelers,2001,00-0018926,Mike Schneck,CB,75,74,-1,0.33,0.33,Engine re-derivation after 2001 roster/override changes
PIT,Pittsburgh Steelers,2001,00-0014063,Oliver Ross,LG,73,73,0,0.33,0.33,
PIT,Pittsburgh Steelers,2001,00-0004780,Troy Edwards,WR,77,73,-4,0.78,0.9,"Depth receiver/returner [by ratings-overhaul-2001, 2026-06-09]"
PIT,Pittsburgh Steelers,2001,00-0016677,Jerame Tuman,TE,72,72,0,0.78,0.9,"Receiving tight end [by ratings-overhaul-2001, 2026-06-09]"
PIT,Pittsburgh Steelers,2001,00-0019949,Justin Kurpeikis,LB,75,71,-4,0.33,0.33,Engine re-derivation after 2001 roster/override changes
PIT,Pittsburgh Steelers,2001,00-0010031,Mike Logan,CB,75,71,-4,0.33,0.33,Engine re-derivation after 2001 roster/override changes
PIT,Pittsburgh Steelers,2001,00-0008156,Lenzie Jackson,WR,67,70,3,0.45,0.45,Engine re-derivation after 2001 roster/override changes
PIT,Pittsburgh Steelers,2001,00-0020299,Rodney Bailey,EDGE,75,70,-5,0.33,0.33,Engine re-derivation after 2001 roster/override changes
PIT,Pittsburgh Steelers,2001,00-0018141,Jon Witman,RB,68,69,1,0.78,0.78,Engine re-derivation after 2001 roster/override changes
PIT,Pittsburgh Steelers,2001,00-0020261,Mathias Nkwenti,LT,75,68,-7,0.33,0.33,Engine re-derivation after 2001 roster/override changes
PIT,Pittsburgh Steelers,2001,00-0014902,Jason Simmons,CB,75,67,-8,0.33,0.33,Engine re-derivation after 2001 roster/override changes
PIT,Pittsburgh Steelers,2001,00-0001041,Myron Bell,CB,75,65,-10,0.33,0.33,Engine re-derivation after 2001 roster/override changes
PIT,Pittsburgh Steelers,2001,00-0019634,Chris Combs,DT,75,64,-11,0.33,0.33,Engine re-derivation after 2001 roster/override changes
PIT,Pittsburgh Steelers,2001,00-0005176,John Fiala,LB,75,64,-11,0.33,0.33,Engine re-derivation after 2001 roster/override changes
PIT,Pittsburgh Steelers,2001,00-0016771,Rich Tylski,LG,73,64,-9,0.33,0.33,Engine re-derivation after 2001 roster/override changes
PIT,Pittsburgh Steelers,2001,00-0019710,Hank Poteat,CB,75,63,-12,0.33,0.33,Engine re-derivation after 2001 roster/override changes
PIT,Pittsburgh Steelers,2001,00-0019138,Timothy Strickland,CB,75,63,-12,0.33,0.33,Engine re-derivation after 2001 roster/override changes
PIT,Pittsburgh Steelers,2001,00-0005854,Cory Geason,TE,63,60,-3,0.45,0.45,Engine re-derivation after 2001 roster/override changes
PIT,Pittsburgh Steelers,2001,00-0019633,Tee Martin,QB,58,60,2,0.6,0.6,Engine re-derivation after 2001 roster/override changes
PIT,Pittsburgh Steelers,2001,00-0001317,Will Blackwell,WR,59,60,1,0.6,0.6,Engine re-derivation after 2001 roster/override changes
PIT,Pittsburgh Steelers,2001,00-0003803,Matt Cushing,TE,57,58,1,0.6,0.6,Engine re-derivation after 2001 roster/override changes
PIT,Pittsburgh Steelers,2001,00-0019135,Dan Kreider,RB,54,55,1,0.6,0.6,Engine re-derivation after 2001 roster/override changes
PIT,Pittsburgh Steelers,2001,00-0019826,R.J. Bowers,RB,51,53,2,0.6,0.6,Engine re-derivation after 2001 roster/override changes
SEA,Seattle Seahawks,2001,00-0008894,Walter Jones,LT,76,92,16,0.33,0.9,"Elite All-Pro left tackle [by ratings-overhaul-2001, 2026-06-09]"
SEA,Seattle Seahawks,2001,00-0019647,Shaun Alexander,RB,93,87,-6,0.78,0.9,"Breakout star back, 1318 yds, 14 TD [by ratings-overhaul-2001, 2026-06-09]"
SEA,Seattle Seahawks,2001,00-0001887,Chad Brown,LB,81,83,2,0.45,0.9,"Star every-down linebacker, Pro Bowl [by ratings-overhaul-2001, 2026-06-09]"
SEA,Seattle Seahawks,2001,00-0019663,Darrell Jackson,WR,90,83,-7,0.78,0.9,"Ascending #1 WR, 70 cat/1081 yds, 8 TD [by ratings-overhaul-2001, 2026-06-09]"
SEA,Seattle Seahawks,2001,00-0013405,John Randle,DT,93,82,-11,0.95,0.9,"Aging disruptive interior rusher [by ratings-overhaul-2001, 2026-06-09]"
SEA,Seattle Seahawks,2001,00-0015495,Shawn Springs,CB,79,82,3,0.45,0.9,"Pro Bowl-caliber shutdown corner [by ratings-overhaul-2001, 2026-06-09]"
SEA,Seattle Seahawks,2001,00-0020466,Steve Hutchinson,LG,73,82,9,0.33,0.9,"Powerful #17-pick rookie guard, Pro Bowl-caliber [by ratings-overhaul-2001, 2026-06-09]"
SEA,Seattle Seahawks,2001,00-0014889,Anthony Simmons,LB,78,80,2,0.45,0.9,"Ascending fast playmaking linebacker [by ratings-overhaul-2001, 2026-06-09]"
SEA,Seattle Seahawks,2001,00-0004915,Bobby Engram,WR,79,78,-1,0.78,0.9,"Reliable possession receiver [by ratings-overhaul-2001, 2026-06-09]"
SEA,Seattle Seahawks,2001,00-0004717,Chad Eaton,DT,75,78,3,0.33,0.9,"Stout run-stuffing tackle [by ratings-overhaul-2001, 2026-06-09]"
SEA,Seattle Seahawks,2001,00-0019544,John Hilliard,EDGE,76,78,2,0.33,0.33,Engine re-derivation after 2001 roster/override changes
SEA,Seattle Seahawks,2001,00-0009298,Levon Kirkland,LB,81,78,-3,0.45,0.9,"Run-stuffing veteran linebacker [by ratings-overhaul-2001, 2026-06-09]"
SEA,Seattle Seahawks,2001,00-0013835,Marcus Robertson,S,81,78,-3,0.45,0.9,"Veteran hard-hitting safety [by ratings-overhaul-2001, 2026-06-09]"
SEA,Seattle Seahawks,2001,00-0014980,Michael Sinclair,EDGE,76,78,2,0.33,0.9,"Veteran edge, prior NFL sack leader [by ratings-overhaul-2001, 2026-06-09]"
SEA,Seattle Seahawks,2001,00-0007091,Matt Hasselbeck,QB,77,77,0,0.78,0.9,"Promising first-year starter, 7 TD/8 INT [by ratings-overhaul-2001, 2026-06-09]"
SEA,Seattle Seahawks,2001,00-0006268,Chris Gray,LG,73,76,3,0.33,0.9,"Solid starting guard [by ratings-overhaul-2001, 2026-06-09]"
SEA,Seattle Seahawks,2001,00-0020490,Koren Robinson,WR,80,76,-4,0.78,0.9,"Raw #9-pick rookie receiver [by ratings-overhaul-2001, 2026-06-09]"
SEA,Seattle Seahawks,2001,00-0016549,Reggie Tongue,S,76,76,0,0.45,0.9,"Ballhawk starting safety [by ratings-overhaul-2001, 2026-06-09]"
SEA,Seattle Seahawks,2001,00-0019310,Rian Lindell,K,77,76,-1,0.45,0.9,"Reliable young kicker [by ratings-overhaul-2001, 2026-06-09]"
SEA,Seattle Seahawks,2001,00-0016505,Robbie Tobeck,C,73,76,3,0.33,0.9,"Steady starting center [by ratings-overhaul-2001, 2026-06-09]"
SEA,Seattle Seahawks,2001,00-0003161,Antonio Cochran,EDGE,75,74,-1,0.33,0.9,"Rotational interior lineman [by ratings-overhaul-2001, 2026-06-09]"
SEA,Seattle Seahawks,2001,00-0019727,Chris McIntosh,LT,76,74,-2,0.33,0.9,"Starting right tackle [by ratings-overhaul-2001, 2026-06-09]"
SEA,Seattle Seahawks,2001,00-0005101,Christian Fauria,TE,79,74,-5,0.78,0.9,"Receiving tight end [by ratings-overhaul-2001, 2026-06-09]"
SEA,Seattle Seahawks,2001,00-0020369,Dennis Norman,LT,76,74,-2,0.33,0.33,Engine re-derivation after 2001 roster/override changes
SEA,Seattle Seahawks,2001,00-0017383,Floyd Wedderburn,LT,76,74,-2,0.33,0.33,Engine re-derivation after 2001 roster/override changes
SEA,Seattle Seahawks,2001,00-0009263,Lamar King,EDGE,76,74,-2,0.33,0.9,"Starting defensive end [by ratings-overhaul-2001, 2026-06-09]"
SEA,Seattle Seahawks,2001,00-0015830,Mack Strong,RB,75,74,-1,0.78,0.9,"Lead-blocking fullback [by ratings-overhaul-2001, 2026-06-09]"
SEA,Seattle Seahawks,2001,00-0016192,Tim Terry,LB,69,74,5,0.45,0.45,Engine re-derivation after 2001 roster/override changes
SEA,Seattle Seahawks,2001,00-0004293,Trent Dilfer,QB,67,74,7,0.6,0.9,"Veteran fill-in starter, 7 TD/4 INT [by ratings-overhaul-2001, 2026-06-09]"
SEA,Seattle Seahawks,2001,00-0017961,Willie Williams,CB,71,74,3,0.45,0.9,"Veteran starting corner [by ratings-overhaul-2001, 2026-06-09]"
SEA,Seattle Seahawks,2001,00-0011224,Itula Mili,TE,72,73,1,0.78,0.9,"Receiving tight end [by ratings-overhaul-2001, 2026-06-09]"
SEA,Seattle Seahawks,2001,00-0019472,Marcus Bell,LB,69,72,3,0.45,0.45,Engine re-derivation after 2001 roster/override changes
SEA,Seattle Seahawks,2001,00-0009539,Matt LaBounty,EDGE,76,72,-4,0.33,0.33,Engine re-derivation after 2001 roster/override changes
SEA,Seattle Seahawks,2001,00-0019654,Ike Charlton,CB,66,71,5,0.45,0.45,Engine re-derivation after 2001 roster/override changes
SEA,Seattle Seahawks,2001,00-0020360,Orlando Huff,LB,65,71,6,0.45,0.45,Engine re-derivation after 2001 roster/override changes
SEA,Seattle Seahawks,2001,00-0020314,Curtis Fuller,CB,66,69,3,0.45,0.45,Engine re-derivation after 2001 roster/override changes
SEA,Seattle Seahawks,2001,00-0020069,Joe Brown,DT,75,69,-6,0.33,0.33,Engine re-derivation after 2001 roster/override changes
SEA,Seattle Seahawks,2001,00-0009115,Maurice Kelly,CB,82,69,-13,0.45,0.45,Engine re-derivation after 2001 roster/override changes
SEA,Seattle Seahawks,2001,00-0017399,Todd Weiner,LT,76,67,-9,0.33,0.33,Engine re-derivation after 2001 roster/override changes
SEA,Seattle Seahawks,2001,00-0020499,Ken Lucas,CB,62,66,4,0.45,0.45,Engine re-derivation after 2001 roster/override changes
SEA,Seattle Seahawks,2001,00-0005113,Jeff Feagles,P,72,65,-7,0.45,0.45,Engine re-derivation after 2001 roster/override changes
SEA,Seattle Seahawks,2001,00-0019407,Jermaine Smith,CB,71,65,-6,0.45,0.45,Engine re-derivation after 2001 roster/override changes
SEA,Seattle Seahawks,2001,00-0020208,Russell Stewart,TE,68,65,-3,0.45,0.45,Engine re-derivation after 2001 roster/override changes
SEA,Seattle Seahawks,2001,00-0019496,Cedric Woodard,EDGE,76,64,-12,0.33,0.33,Engine re-derivation after 2001 roster/override changes
SEA,Seattle Seahawks,2001,00-0020348,Floyd Womack,LG,73,64,-9,0.33,0.33,Engine re-derivation after 2001 roster/override changes
SEA,Seattle Seahawks,2001,00-0019443,J.P. Darche,C,73,63,-10,0.33,0.33,Engine re-derivation after 2001 roster/override changes
SEA,Seattle Seahawks,2001,00-0019491,James Williams,WR,62,62,0,0.6,0.6,
SEA,Seattle Seahawks,2001,00-0011377,Paul Miranda,CB,83,62,-21,0.45,0.45,Engine re-derivation after 2001 roster/override changes
SEA,Seattle Seahawks,2001,00-0020361,Alex Bannister,WR,61,61,0,0.6,0.6,
SEA,Seattle Seahawks,2001,00-0007834,Brock Huard,QB,60,60,0,0.6,0.6,
SEA,Seattle Seahawks,2001,00-0001582,Fabien Bownes,WR,67,60,-7,0.45,0.45,Engine re-derivation after 2001 roster/override changes
SEA,Seattle Seahawks,2001,00-0020071,Kerwin Cook,WR,67,59,-8,0.45,0.45,Engine re-derivation after 2001 roster/override changes
SEA,Seattle Seahawks,2001,00-0017322,Ricky Watters,RB,59,59,0,0.6,0.6,
SEA,Seattle Seahawks,2001,00-0020371,Harold Blackmon,CB,62,56,-6,0.45,0.45,Engine re-derivation after 2001 roster/override changes
SEA,Seattle Seahawks,2001,00-0019474,Isaiah Kacyvenski,LB,61,56,-5,0.45,0.45,Engine re-derivation after 2001 roster/override changes
SEA,Seattle Seahawks,2001,00-0008941,Kerry Joseph,CB,58,54,-4,0.45,0.45,Engine re-derivation after 2001 roster/override changes
SEA,Seattle Seahawks,2001,00-0006208,Jay Graham,RB,52,52,0,0.6,0.6,
SEA,Seattle Seahawks,2001,00-0013958,Charlie Rogers,RB,51,51,0,0.6,0.6,
SEA,Seattle Seahawks,2001,00-0020507,Heath Evans,RB,50,50,0,0.6,0.6,
SF,San Francisco 49ers,2001,00-0012478,Terrell Owens,WR,98,93,-5,0.78,0.9,"Star receiver, 1412 yds, 16 TD [by ratings-overhaul-2001, 2026-06-09]"
SF,San Francisco 49ers,2001,00-0005755,Jeff Garcia,QB,93,90,-3,0.78,0.9,"Pro Bowl QB, 3538 yds, 32 TD/12 INT [by ratings-overhaul-2001, 2026-06-09]"
SF,San Francisco 49ers,2001,00-0018405,Bryant Young,DT,75,86,11,0.33,0.9,"All-Pro-caliber interior anchor [by ratings-overhaul-2001, 2026-06-09]"
SF,San Francisco 49ers,2001,00-0012042,Jeremy Newberry,C,73,84,11,0.33,0.9,"Pro Bowl center [by ratings-overhaul-2001, 2026-06-09]"
SF,San Francisco 49ers,2001,00-0007180,Garrison Hearst,RB,86,83,-3,0.78,0.9,"Inspiring comeback lead back, 1206 yds [by ratings-overhaul-2001, 2026-06-09]"
SF,San Francisco 49ers,2001,00-0019695,Julian Peterson,LB,75,83,8,0.33,0.9,"Ascending star athletic linebacker [by ratings-overhaul-2001, 2026-06-09]"
SF,San Francisco 49ers,2001,00-0019603,Ahmed Plummer,CB,75,80,5,0.33,0.9,"Solid starting corner [by ratings-overhaul-2001, 2026-06-09]"
SF,San Francisco 49ers,2001,00-0020489,Andre Carter,EDGE,76,80,4,0.33,0.9,"Disruptive #7-pick rookie edge [by ratings-overhaul-2001, 2026-06-09]"
SF,San Francisco 49ers,2001,00-0015151,Derek M. Smith,LB,75,80,5,0.33,0.9,"Tackle-machine every-down linebacker [by ratings-overhaul-2001, 2026-06-09]"
SF,San Francisco 49ers,2001,00-0004128,Derrick Deese,LT,76,78,2,0.33,0.9,"Solid starting left tackle [by ratings-overhaul-2001, 2026-06-09]"
SF,San Francisco 49ers,2001,00-0015751,J.J. Stokes,WR,84,78,-6,0.78,0.9,"Reliable #2, 585 yds, 7 TD [by ratings-overhaul-2001, 2026-06-09]"
SF,San Francisco 49ers,2001,00-0020474,Kevan Barlow,RB,80,78,-2,0.78,0.9,"Powerful young complement, 512 yds [by ratings-overhaul-2001, 2026-06-09]"
SF,San Francisco 49ers,2001,00-0014504,Lance Schulters,S,76,78,2,0.45,0.9,"Hard-hitting starting safety [by ratings-overhaul-2001, 2026-06-09]"
SF,San Francisco 49ers,2001,00-0019257,Mikki Allen,CB,75,78,3,0.33,0.33,Engine re-derivation after 2001 roster/override changes
SF,San Francisco 49ers,2001,00-0001816,Zack Bronson,S,81,78,-3,0.45,0.9,"Ballhawk starting safety [by ratings-overhaul-2001, 2026-06-09]"
SF,San Francisco 49ers,2001,00-0020454,Rashad Holman,CB,75,77,2,0.33,0.33,Engine re-derivation after 2001 roster/override changes
SF,San Francisco 49ers,2001,00-0019623,Tim Rattay,QB,76,77,1,0.6,0.6,Engine re-derivation after 2001 roster/override changes
SF,San Francisco 49ers,2001,00-0020290,Chad Ward,LG,73,76,3,0.33,0.33,Engine re-derivation after 2001 roster/override changes
SF,San Francisco 49ers,2001,00-0012333,Chike Okeafor,EDGE,76,76,0,0.33,0.9,"Rotational pass rusher [by ratings-overhaul-2001, 2026-06-09]"
SF,San Francisco 49ers,2001,00-0015847,Dana Stubblefield,DT,75,76,1,0.33,0.9,"Veteran interior lineman (returned) [by ratings-overhaul-2001, 2026-06-09]"
SF,San Francisco 49ers,2001,00-0020455,Eric Johnson,TE,84,76,-8,0.78,0.9,"Productive rookie receiving tight end [by ratings-overhaul-2001, 2026-06-09]"
SF,San Francisco 49ers,2001,00-0000942,Fred Beasley,RB,75,76,1,0.78,0.9,"Pro Bowl-caliber lead-blocking fullback [by ratings-overhaul-2001, 2026-06-09]"
SF,San Francisco 49ers,2001,00-0019653,Jason Webster,CB,75,76,1,0.33,0.9,"Ascending young corner [by ratings-overhaul-2001, 2026-06-09]"
SF,San Francisco 49ers,2001,00-0019788,John Schlecht,DT,75,76,1,0.33,0.33,Engine re-derivation after 2001 roster/override changes
SF,San Francisco 49ers,2001,00-0020423,Menson Holloway,DT,75,76,1,0.33,0.33,Engine re-derivation after 2001 roster/override changes
SF,San Francisco 49ers,2001,00-0002020,Ray Brown,LG,73,76,3,0.33,0.9,"Veteran starting guard [by ratings-overhaul-2001, 2026-06-09]"
SF,San Francisco 49ers,2001,00-0006196,Scott Gragg,LT,76,76,0,0.33,0.9,"Steady starting right tackle [by ratings-overhaul-2001, 2026-06-09]"
SF,San Francisco 49ers,2001,00-0004519,Tyronne Drakeford,CB,75,76,1,0.33,0.33,Engine re-derivation after 2001 roster/override changes
SF,San Francisco 49ers,2001,00-0008196,Terry Jackson,RB,74,75,1,0.78,0.78,Engine re-derivation after 2001 roster/override changes
SF,San Francisco 49ers,2001,00-0005234,Dave Fiore,LG,73,74,1,0.33,0.9,"Starting guard [by ratings-overhaul-2001, 2026-06-09]"
SF,San Francisco 49ers,2001,00-0020470,Jamie Winborn,LB,75,74,-1,0.33,0.9,"Ascending young linebacker [by ratings-overhaul-2001, 2026-06-09]"
SF,San Francisco 49ers,2001,00-0019586,Jeff Ulbrich,LB,75,74,-1,0.33,0.9,"Starting linebacker [by ratings-overhaul-2001, 2026-06-09]"
SF,San Francisco 49ers,2001,00-0019651,John Engelberger,EDGE,76,74,-2,0.33,0.9,"Young starting defensive end [by ratings-overhaul-2001, 2026-06-09]"
SF,San Francisco 49ers,2001,00-0015811,Tai Streets,WR,78,74,-4,0.78,0.9,"Ascending #3 receiver [by ratings-overhaul-2001, 2026-06-09]"
SF,San Francisco 49ers,2001,00-0020063,Jeff McCurley,C,73,73,0,0.33,0.33,
SF,San Francisco 49ers,2001,00-0003501,Jose Cortez,K,77,73,-4,0.45,0.9,"Journeyman kicker [by ratings-overhaul-2001, 2026-06-09]"
SF,San Francisco 49ers,2001,00-0002142,Junior Bryant,EDGE,76,73,-3,0.33,0.9,"Rotational defensive lineman [by ratings-overhaul-2001, 2026-06-09]"
SF,San Francisco 49ers,2001,00-0015970,Justin Swift,TE,72,73,1,0.78,0.78,Engine re-derivation after 2001 roster/override changes
SF,San Francisco 49ers,2001,00-0010889,Reggie McGrew,DT,75,73,-2,0.33,0.33,Engine re-derivation after 2001 roster/override changes
SF,San Francisco 49ers,2001,00-0011378,Rick Mirer,QB,68,73,5,0.45,0.45,Engine re-derivation after 2001 roster/override changes
SF,San Francisco 49ers,2001,00-0009219,Terry Killens,LB,75,73,-2,0.33,0.33,Engine re-derivation after 2001 roster/override changes
SF,San Francisco 49ers,2001,00-0020539,Alex Lincoln,LB,75,72,-3,0.33,0.33,Engine re-derivation after 2001 roster/override changes
SF,San Francisco 49ers,2001,00-0019789,Quincy Stewart,LB,75,72,-3,0.33,0.33,Engine re-derivation after 2001 roster/override changes
SF,San Francisco 49ers,2001,00-0020327,Jimmy Williams,CB,75,71,-4,0.33,0.33,Engine re-derivation after 2001 roster/override changes
SF,San Francisco 49ers,2001,00-0019238,Jonas Lewis,RB,63,70,7,0.45,0.45,Engine re-derivation after 2001 roster/override changes
SF,San Francisco 49ers,2001,00-0018072,Troy Wilson,EDGE,76,70,-6,0.33,0.33,Engine re-derivation after 2001 roster/override changes
SF,San Francisco 49ers,2001,00-0018932,Bobby Setzer,EDGE,76,69,-7,0.33,0.33,Engine re-derivation after 2001 roster/override changes
SF,San Francisco 49ers,2001,00-0019998,Dave Costa,LG,73,69,-4,0.33,0.33,Engine re-derivation after 2001 roster/override changes
SF,San Francisco 49ers,2001,00-0019612,John Keith,CB,75,67,-8,0.33,0.33,Engine re-derivation after 2001 roster/override changes
SF,San Francisco 49ers,2001,00-0017967,Matt Willig,LT,76,67,-9,0.33,0.33,Engine re-derivation after 2001 roster/override changes
SF,San Francisco 49ers,2001,00-0019070,Ronnie Heard,CB,75,67,-8,0.33,0.33,Engine re-derivation after 2001 roster/override changes
SF,San Francisco 49ers,2001,00-0019548,Brian Jennings,TE,63,66,3,0.45,0.45,Engine re-derivation after 2001 roster/override changes
SF,San Francisco 49ers,2001,00-0019658,Giovanni Carmazzi,QB,63,66,3,0.45,0.45,Engine re-derivation after 2001 roster/override changes
SF,San Francisco 49ers,2001,00-0012547,Anthony Parker,CB,75,65,-10,0.33,0.33,Engine re-derivation after 2001 roster/override changes
SF,San Francisco 49ers,2001,00-0010183,Ben Lynch,C,73,64,-9,0.33,0.33,Engine re-derivation after 2001 roster/override changes
SF,San Francisco 49ers,2001,00-0019921,Jason Baker,P,70,64,-6,0.45,0.45,Engine re-derivation after 2001 roster/override changes
SF,San Francisco 49ers,2001,00-0010765,George McCullough,CB,75,63,-12,0.33,0.33,Engine re-derivation after 2001 roster/override changes
SF,San Francisco 49ers,2001,00-0020452,Cedrick Wilson,WR,72,62,-10,0.45,0.45,Engine re-derivation after 2001 roster/override changes
SF,San Francisco 49ers,2001,00-0003039,Greg Clark,TE,68,62,-6,0.45,0.45,Engine re-derivation after 2001 roster/override changes
SF,San Francisco 49ers,2001,00-0020273,Vinny Sutherland,WR,59,60,1,0.6,0.6,Engine re-derivation after 2001 roster/override changes
SF,San Francisco 49ers,2001,00-0019673,Paul Smith,RB,51,52,1,0.6,0.6,Engine re-derivation after 2001 roster/override changes
TB,Tampa Bay Buccaneers,2001,00-0001833,Derrick Brooks,LB,75,91,16,0.33,0.9,"Elite All-Pro sideline-to-sideline linebacker [by ratings-overhaul-2001, 2026-06-09]"
TB,Tampa Bay Buccaneers,2001,00-0014358,Warren Sapp,DT,76,91,15,0.33,0.9,"All-Pro disruptive defensive tackle [by ratings-overhaul-2001, 2026-06-09]"
TB,Tampa Bay Buccaneers,2001,00-0013644,Simeon Rice,EDGE,76,88,12,0.33,0.9,"Premier pass rusher, 14 sacks (first TB year) [by ratings-overhaul-2001, 2026-06-09]"
TB,Tampa Bay Buccaneers,2001,00-0010188,John Lynch,S,76,86,10,0.45,0.9,"Hard-hitting All-Pro safety [by ratings-overhaul-2001, 2026-06-09]"
TB,Tampa Bay Buccaneers,2001,00-0000741,Ronde Barber,CB,76,86,10,0.33,0.9,"Star nickel/corner, Pro Bowl, playmaker [by ratings-overhaul-2001, 2026-06-09]"
TB,Tampa Bay Buccaneers,2001,00-0008561,Keyshawn Johnson,WR,90,84,-6,0.78,0.9,"Possession #1 WR, 106 cat/1266 yds [by ratings-overhaul-2001, 2026-06-09]"
TB,Tampa Bay Buccaneers,2001,00-0006223,Martin Gramatica,K,64,84,20,0.45,0.9,"Strong-legged Pro Bowl kicker [by ratings-overhaul-2001, 2026-06-09]"
TB,Tampa Bay Buccaneers,2001,00-0000251,Mike Alstott,RB,87,83,-4,0.78,0.9,"Pro Bowl power back/fullback, 10 rush TD [by ratings-overhaul-2001, 2026-06-09]"
TB,Tampa Bay Buccaneers,2001,00-0008442,Brad Johnson,QB,82,81,-1,0.78,0.9,"Accurate steady starter, 13 TD/11 INT [by ratings-overhaul-2001, 2026-06-09]"
TB,Tampa Bay Buccaneers,2001,00-0004640,Warrick Dunn,RB,81,81,0,0.78,0.9,"Explosive dual-threat back, 1004 scrimmage [by ratings-overhaul-2001, 2026-06-09]"
TB,Tampa Bay Buccaneers,2001,00-0010840,Anthony McFarland,DT,75,80,5,0.33,0.9,"Powerful ascending defensive tackle [by ratings-overhaul-2001, 2026-06-09]"
TB,Tampa Bay Buccaneers,2001,00-0002983,Jeff Christy,C,73,80,7,0.33,0.9,"Pro Bowl-caliber center [by ratings-overhaul-2001, 2026-06-09]"
TB,Tampa Bay Buccaneers,2001,00-0010790,Randall McDaniel,LG,73,80,7,0.33,0.9,"Veteran Pro Bowl-caliber guard (final year) [by ratings-overhaul-2001, 2026-06-09]"
TB,Tampa Bay Buccaneers,2001,00-0013322,Shelton Quarles,LB,75,80,5,0.33,0.9,"Ascending every-down linebacker [by ratings-overhaul-2001, 2026-06-09]"
TB,Tampa Bay Buccaneers,2001,00-0009106,Brian Kelly,CB,75,78,3,0.33,0.9,"Solid starting corner [by ratings-overhaul-2001, 2026-06-09]"
TB,Tampa Bay Buccaneers,2001,00-0008115,Dexter Jackson,S,81,78,-3,0.45,0.9,"Ascending ballhawk starting safety [by ratings-overhaul-2001, 2026-06-09]"
TB,Tampa Bay Buccaneers,2001,00-0019572,David Gibson,CB,75,77,2,0.33,0.33,Engine re-derivation after 2001 roster/override changes
TB,Tampa Bay Buccaneers,2001,00-0019960,Shane Grice,LG,73,77,4,0.33,0.33,Engine re-derivation after 2001 roster/override changes
TB,Tampa Bay Buccaneers,2001,00-0004624,Jamie Duncan,LB,75,76,1,0.33,0.9,"Starting middle linebacker [by ratings-overhaul-2001, 2026-06-09]"
TB,Tampa Bay Buccaneers,2001,00-0018335,Jerry Wunsch,LT,76,76,0,0.33,0.9,"Solid starting right tackle [by ratings-overhaul-2001, 2026-06-09]"
TB,Tampa Bay Buccaneers,2001,00-0010232,Kendell Mack,LT,76,76,0,0.33,0.33,
TB,Tampa Bay Buccaneers,2001,00-0020493,Kenyatta Walker,LT,76,76,0,0.33,0.9,"Raw rookie starting tackle [by ratings-overhaul-2001, 2026-06-09]"
TB,Tampa Bay Buccaneers,2001,00-0008817,Marcus Jones,EDGE,76,76,0,0.33,0.9,"Rotational edge rusher [by ratings-overhaul-2001, 2026-06-09]"
TB,Tampa Bay Buccaneers,2001,00-0003888,Chartric Darby,DT,75,75,0,0.33,0.33,
TB,Tampa Bay Buccaneers,2001,00-0006331,Jacquez Green,WR,78,75,-3,0.78,0.9,"Deep-threat #2 [by ratings-overhaul-2001, 2026-06-09]"
TB,Tampa Bay Buccaneers,2001,00-0020389,Russ Hochstein,LG,73,75,2,0.33,0.33,Engine re-derivation after 2001 roster/override changes
TB,Tampa Bay Buccaneers,2001,00-0014991,Alshermond Singleton,LB,75,74,-1,0.33,0.9,"Starting linebacker [by ratings-overhaul-2001, 2026-06-09]"
TB,Tampa Bay Buccaneers,2001,00-0019704,Cosey Coleman,LG,73,74,1,0.33,0.9,"Ascending starting guard [by ratings-overhaul-2001, 2026-06-09]"
TB,Tampa Bay Buccaneers,2001,00-0011551,Dave Moore,TE,82,74,-8,0.78,0.9,"Blocking/receiving tight end, 4 TD [by ratings-overhaul-2001, 2026-06-09]"
TB,Tampa Bay Buccaneers,2001,00-0020385,Dwight Smith,CB,76,74,-2,0.33,0.9,"Nickel corner [by ratings-overhaul-2001, 2026-06-09]"
TB,Tampa Bay Buccaneers,2001,00-0002604,James Cannida,DT,76,74,-2,0.33,0.33,Engine re-derivation after 2001 roster/override changes
TB,Tampa Bay Buccaneers,2001,00-0003780,DeMarcus Curry,LT,76,73,-3,0.33,0.33,Engine re-derivation after 2001 roster/override changes
TB,Tampa Bay Buccaneers,2001,00-0017847,Karl Williams,WR,77,73,-4,0.78,0.9,"Slot/returner [by ratings-overhaul-2001, 2026-06-09]"
TB,Tampa Bay Buccaneers,2001,00-0012983,Pete Pierson,LT,76,73,-3,0.33,0.33,Engine re-derivation after 2001 roster/override changes
TB,Tampa Bay Buccaneers,2001,00-0017576,Steve White,EDGE,76,73,-3,0.33,0.9,"Rotational defensive end [by ratings-overhaul-2001, 2026-06-09]"
TB,Tampa Bay Buccaneers,2001,00-0000017,Donnie Abraham,CB,75,72,-3,0.33,0.33,Engine re-derivation after 2001 roster/override changes
TB,Tampa Bay Buccaneers,2001,00-0014115,Mark Royals,P,70,71,1,0.45,0.45,Engine re-derivation after 2001 roster/override changes
TB,Tampa Bay Buccaneers,2001,00-0015601,Aaron Stecker,RB,54,70,16,0.6,0.9,"Change-of-pace depth back [by ratings-overhaul-2001, 2026-06-09]"
TB,Tampa Bay Buccaneers,2001,00-0020391,Jameel Cook,RB,70,70,0,0.78,0.78,
TB,Tampa Bay Buccaneers,2001,00-0000387,Reidel Anthony,WR,70,70,0,0.78,0.78,
TB,Tampa Bay Buccaneers,2001,00-0020392,Ellis Wyms,DT,76,69,-7,0.33,0.33,Engine re-derivation after 2001 roster/override changes
TB,Tampa Bay Buccaneers,2001,00-0016824,Eric Vance,CB,76,69,-7,0.33,0.33,Engine re-derivation after 2001 roster/override changes
TB,Tampa Bay Buccaneers,2001,00-0020482,John Howell,CB,76,69,-7,0.33,0.33,Engine re-derivation after 2001 roster/override changes
TB,Tampa Bay Buccaneers,2001,00-0020293,Sean McDermott,TE,68,69,1,0.45,0.45,Engine re-derivation after 2001 roster/override changes
TB,Tampa Bay Buccaneers,2001,00-0020345,Mike Roberg,TE,63,68,5,0.45,0.45,Engine re-derivation after 2001 roster/override changes
TB,Tampa Bay Buccaneers,2001,00-0019562,Nate Webster,LB,75,68,-7,0.33,0.33,Engine re-derivation after 2001 roster/override changes
TB,Tampa Bay Buccaneers,2001,00-0019579,Joe Hamilton,QB,68,64,-4,0.45,0.45,Engine re-derivation after 2001 roster/override changes
TB,Tampa Bay Buccaneers,2001,00-0019127,Todd Yoder,TE,62,64,2,0.6,0.6,Engine re-derivation after 2001 roster/override changes
TB,Tampa Bay Buccaneers,2001,00-0001759,Doug Brien,K,78,63,-15,0.45,0.45,Engine re-derivation after 2001 roster/override changes
TB,Tampa Bay Buccaneers,2001,00-0019487,Frank Murphy,WR,62,63,1,0.6,0.6,Engine re-derivation after 2001 roster/override changes
TB,Tampa Bay Buccaneers,2001,00-0017279,Todd Washington,C,73,63,-10,0.33,0.33,Engine re-derivation after 2001 roster/override changes
TB,Tampa Bay Buccaneers,2001,00-0020133,Frank Rice,WR,67,62,-5,0.45,0.45,Engine re-derivation after 2001 roster/override changes
TB,Tampa Bay Buccaneers,2001,00-0006103,Jeff Gooch,LB,75,62,-13,0.33,0.33,Engine re-derivation after 2001 roster/override changes
TB,Tampa Bay Buccaneers,2001,00-0009286,Charles Kirby,RB,63,61,-2,0.45,0.45,Engine re-derivation after 2001 roster/override changes
TB,Tampa Bay Buccaneers,2001,00-0009266,Shaun King,QB,60,61,1,0.6,0.6,Engine re-derivation after 2001 roster/override changes
TB,Tampa Bay Buccaneers,2001,00-0020387,Milton Wynn,WR,54,55,1,0.6,0.6,Engine re-derivation after 2001 roster/override changes
TB,Tampa Bay Buccaneers,2001,00-0000007,Rabih Abdullah,RB,51,52,1,0.6,0.6,Engine re-derivation after 2001 roster/override changes
TEN,Tennessee Titans,2001,00-0010550,Bruce Matthews,C,73,86,13,0.33,0.9,"Future-HOF interior anchor (final year) [by ratings-overhaul-2001, 2026-06-09]"
TEN,Tennessee Titans,2001,00-0009056,Jevon Kearse,EDGE,76,86,10,0.33,0.9,"Freak Pro Bowl edge rusher [by ratings-overhaul-2001, 2026-06-09]"
TEN,Tennessee Titans,2001,00-0010500,Derrick Mason,WR,91,85,-6,0.78,0.9,"Breakout receiver/returner, 1128 yds, Pro Bowl [by ratings-overhaul-2001, 2026-06-09]"
TEN,Tennessee Titans,2001,00-0013995,Samari Rolle,CB,71,85,14,0.45,0.9,"Shutdown Pro Bowl corner [by ratings-overhaul-2001, 2026-06-09]"
TEN,Tennessee Titans,2001,00-0011024,Steve McNair,QB,89,85,-4,0.78,0.9,"Tough dual-threat leader, 21 TD/12 INT, 414 rush yds [by ratings-overhaul-2001, 2026-06-09]"
TEN,Tennessee Titans,2001,00-0002742,Kevin Carter,EDGE,76,84,8,0.33,0.9,"Premier newly-acquired edge, prior NFL sack leader [by ratings-overhaul-2001, 2026-06-09]"
TEN,Tennessee Titans,2001,00-0007719,Brad Hopkins,LT,76,82,6,0.33,0.9,"Pro Bowl-caliber left tackle [by ratings-overhaul-2001, 2026-06-09]"
TEN,Tennessee Titans,2001,00-0007308,Craig Hentrich,P,72,82,10,0.45,0.9,"Pro Bowl punter [by ratings-overhaul-2001, 2026-06-09]"
TEN,Tennessee Titans,2001,00-0005883,Eddie George,RB,85,82,-3,0.78,0.9,"Workhorse, down year, 939 yds [by ratings-overhaul-2001, 2026-06-09]"
TEN,Tennessee Titans,2001,00-0018343,Frank Wycheck,TE,89,82,-7,0.78,0.9,"Pro Bowl receiving tight end, 60 catches [by ratings-overhaul-2001, 2026-06-09]"
TEN,Tennessee Titans,2001,00-0019648,Keith Bulluck,LB,75,82,7,0.33,0.9,"Ascending star every-down linebacker [by ratings-overhaul-2001, 2026-06-09]"
TEN,Tennessee Titans,2001,00-0001266,Blaine Bishop,S,73,80,7,0.33,0.9,"Pro Bowl hard-hitting safety [by ratings-overhaul-2001, 2026-06-09]"
TEN,Tennessee Titans,2001,00-0006063,Randall Godfrey,LB,75,80,5,0.33,0.9,"Tackle-machine linebacker [by ratings-overhaul-2001, 2026-06-09]"
TEN,Tennessee Titans,2001,00-0011266,Fred Miller,LT,76,78,2,0.33,0.9,"Solid starting right tackle [by ratings-overhaul-2001, 2026-06-09]"
TEN,Tennessee Titans,2001,00-0016431,John Thornton,DT,76,78,2,0.33,0.9,"Disruptive defensive tackle [by ratings-overhaul-2001, 2026-06-09]"
TEN,Tennessee Titans,2001,00-0004694,Kevin Dyson,WR,85,78,-7,0.78,0.9,"Productive #2 receiver, 825 yds, 7 TD [by ratings-overhaul-2001, 2026-06-09]"
TEN,Tennessee Titans,2001,00-0004252,Gennaro DiNapoli,C,73,77,4,0.33,0.33,Engine re-derivation after 2001 roster/override changes
TEN,Tennessee Titans,2001,00-0012381,Benji Olson,LG,73,76,3,0.33,0.9,"Ascending starting guard [by ratings-overhaul-2001, 2026-06-09]"
TEN,Tennessee Titans,2001,00-0014859,Dainon Sidney,CB,71,76,5,0.45,0.45,Engine re-derivation after 2001 roster/override changes
TEN,Tennessee Titans,2001,00-0013858,Eddie Robinson,LB,75,76,1,0.33,0.9,"Veteran starting linebacker [by ratings-overhaul-2001, 2026-06-09]"
TEN,Tennessee Titans,2001,00-0011970,Joe Nedney,K,78,76,-2,0.45,0.9,"Reliable kicker [by ratings-overhaul-2001, 2026-06-09]"
TEN,Tennessee Titans,2001,00-0004989,Josh Evans,DT,76,76,0,0.33,0.9,"Starting defensive tackle [by ratings-overhaul-2001, 2026-06-09]"
TEN,Tennessee Titans,2001,00-0019986,Juqua Parker,EDGE,76,75,-1,0.33,0.33,Engine re-derivation after 2001 roster/override changes
TEN,Tennessee Titans,2001,00-0001478,Michael Booker,CB,83,75,-8,0.45,0.9,"Starting corner [by ratings-overhaul-2001, 2026-06-09]"
TEN,Tennessee Titans,2001,00-0020378,Adam Haayer,LT,76,74,-2,0.33,0.33,Engine re-derivation after 2001 roster/override changes
TEN,Tennessee Titans,2001,00-0008339,DeRon Jenkins,CB,83,74,-9,0.45,0.9,"Veteran starting corner [by ratings-overhaul-2001, 2026-06-09]"
TEN,Tennessee Titans,2001,00-0019659,Erron Kinney,TE,75,74,-1,0.78,0.9,"Blocking/receiving tight end [by ratings-overhaul-2001, 2026-06-09]"
TEN,Tennessee Titans,2001,00-0005105,Greg Favors,LB,75,74,-1,0.33,0.33,Engine re-derivation after 2001 roster/override changes
TEN,Tennessee Titans,2001,00-0014260,Joe Salave'a,DT,76,74,-2,0.33,0.33,Engine re-derivation after 2001 roster/override changes
TEN,Tennessee Titans,2001,00-0019573,Robaire Smith,EDGE,76,74,-2,0.33,0.9,"Rotational defensive end [by ratings-overhaul-2001, 2026-06-09]"
TEN,Tennessee Titans,2001,00-0019976,Drew Bennett,WR,77,73,-4,0.78,0.9,"Rotational rookie receiver [by ratings-overhaul-2001, 2026-06-09]"
TEN,Tennessee Titans,2001,00-0012908,Perry Phenix,S,73,73,0,0.33,0.9,"Starting safety [by ratings-overhaul-2001, 2026-06-09]"
TEN,Tennessee Titans,2001,00-0012991,Zach Piller,LG,73,73,0,0.33,0.9,"Starting guard [by ratings-overhaul-2001, 2026-06-09]"
TEN,Tennessee Titans,2001,00-0019570,Frank Chamberlin,LB,75,72,-3,0.33,0.33,Engine re-derivation after 2001 roster/override changes
TEN,Tennessee Titans,2001,00-0005417,Henry Ford,EDGE,76,72,-4,0.33,0.33,Engine re-derivation after 2001 roster/override changes
TEN,Tennessee Titans,2001,00-0010059,Kevin Long,C,73,72,-1,0.33,0.33,Engine re-derivation after 2001 roster/override changes
TEN,Tennessee Titans,2001,00-0013122,Daryl Porter,CB,79,70,-9,0.45,0.45,Engine re-derivation after 2001 roster/override changes
TEN,Tennessee Titans,2001,00-0005263,Jason Fisk,DT,76,70,-6,0.33,0.33,Engine re-derivation after 2001 roster/override changes
TEN,Tennessee Titans,2001,00-0004892,Keith Embray,EDGE,76,70,-6,0.33,0.33,Engine re-derivation after 2001 roster/override changes
TEN,Tennessee Titans,2001,00-0007389,Skip Hicks,RB,70,70,0,0.78,0.78,
TEN,Tennessee Titans,2001,00-0019968,Byron Thweatt,LB,75,69,-6,0.33,0.33,Engine re-derivation after 2001 roster/override changes
TEN,Tennessee Titans,2001,00-0019576,Mike Green,RB,68,69,1,0.78,0.78,Engine re-derivation after 2001 roster/override changes
TEN,Tennessee Titans,2001,00-0020503,Andre Dyson,CB,62,67,5,0.45,0.45,Engine re-derivation after 2001 roster/override changes
TEN,Tennessee Titans,2001,00-0019567,Aric Morris,S,72,67,-5,0.33,0.33,Engine re-derivation after 2001 roster/override changes
TEN,Tennessee Titans,2001,00-0019588,Peter Sirmon,LB,75,64,-11,0.33,0.33,Engine re-derivation after 2001 roster/override changes
TEN,Tennessee Titans,2001,00-0010530,Jason Mathews,LT,76,63,-13,0.33,0.33,Engine re-derivation after 2001 roster/override changes
TEN,Tennessee Titans,2001,00-0019981,Barry Hall,LT,76,62,-14,0.33,0.33,Engine re-derivation after 2001 roster/override changes
TEN,Tennessee Titans,2001,00-0020346,Kris Kocurek,DT,76,62,-14,0.33,0.33,Engine re-derivation after 2001 roster/override changes
TEN,Tennessee Titans,2001,00-0019991,Joe Walker,CB,66,61,-5,0.45,0.45,Engine re-derivation after 2001 roster/override changes
TEN,Tennessee Titans,2001,00-0012261,Neil O'Donnell,QB,61,61,0,0.6,0.6,
TEN,Tennessee Titans,2001,00-0014319,Chris Sanders,WR,60,60,0,0.6,0.6,
TEN,Tennessee Titans,2001,00-0020485,Eddie Berlin,WR,60,60,0,0.6,0.6,
TEN,Tennessee Titans,2001,00-0019565,Bobby Myers,CB,66,59,-7,0.45,0.45,Engine re-derivation after 2001 roster/override changes
TEN,Tennessee Titans,2001,00-0020487,Dan Alexander,RB,63,57,-6,0.45,0.45,Engine re-derivation after 2001 roster/override changes
TEN,Tennessee Titans,2001,00-0020476,Shad Meier,TE,57,57,0,0.6,0.6,
TEN,Tennessee Titans,2001,00-0019038,Chris Coleman,WR,55,55,0,0.6,0.6,
TEN,Tennessee Titans,2001,00-0020381,Justin McCareins,WR,55,55,0,0.6,0.6,
TEN,Tennessee Titans,2001,00-0019041,Billy Volek,QB,53,54,1,0.6,0.6,Engine re-derivation after 2001 roster/override changes
TEN,Tennessee Titans,2001,00-0011407,Donald Mitchell,CB,58,54,-4,0.45,0.45,Engine re-derivation after 2001 roster/override changes
WAS,Washington Redskins,2001,00-0000585,Champ Bailey,CB,76,88,12,0.33,0.9,"Star shutdown corner, Pro Bowl [by ratings-overhaul-2001, 2026-06-09]"
WAS,Washington Redskins,2001,00-0019640,Chris Samuels,LT,70,85,15,0.45,0.9,"Pro Bowl-caliber left tackle [by ratings-overhaul-2001, 2026-06-09]"
WAS,Washington Redskins,2001,00-0019692,LaVar Arrington,LB,76,85,9,0.33,0.9,"Star ascending playmaking linebacker, Pro Bowl [by ratings-overhaul-2001, 2026-06-09]"
WAS,Washington Redskins,2001,00-0004052,Stephen Davis,RB,88,85,-3,0.78,0.9,"Star workhorse, 1432 yds, Pro Bowl [by ratings-overhaul-2001, 2026-06-09]"
WAS,Washington Redskins,2001,00-0015111,Bruce Smith,EDGE,97,82,-15,0.95,0.9,"Aging Hall-of-Fame edge [by ratings-overhaul-2001, 2026-06-09]"
WAS,Washington Redskins,2001,00-0017698,Dan Wilkinson,DT,76,80,4,0.33,0.9,"Stout run-stuffing tackle [by ratings-overhaul-2001, 2026-06-09]"
WAS,Washington Redskins,2001,00-0008271,Jon Jansen,LT,78,80,2,0.45,0.9,"Solid starting right tackle [by ratings-overhaul-2001, 2026-06-09]"
WAS,Washington Redskins,2001,00-0003230,Marco Coleman,EDGE,76,80,4,0.33,0.9,"Productive edge rusher [by ratings-overhaul-2001, 2026-06-09]"
WAS,Washington Redskins,2001,00-0017470,Michael Westbrook,WR,84,80,-4,0.78,0.9,"Big physical receiver, 664 yds [by ratings-overhaul-2001, 2026-06-09]"
WAS,Washington Redskins,2001,00-0020525,Rod Gardner,WR,83,80,-3,0.78,0.9,"Promising rookie #1 WR, 741 yds [by ratings-overhaul-2001, 2026-06-09]"
WAS,Washington Redskins,2001,00-0000743,Shawn Barber,LB,76,80,4,0.33,0.9,"Athletic every-down linebacker [by ratings-overhaul-2001, 2026-06-09]"
WAS,Washington Redskins,2001,00-0020522,Fred Smoot,CB,76,78,2,0.33,0.9,"Ascending rookie corner [by ratings-overhaul-2001, 2026-06-09]"
WAS,Washington Redskins,2001,00-0006316,Darrell Green,CB,76,76,0,0.33,0.9,"Future-HOF veteran corner, still sharp [by ratings-overhaul-2001, 2026-06-09]"
WAS,Washington Redskins,2001,00-0020008,Jauron Dailey,LB,76,76,0,0.33,0.33,
WAS,Washington Redskins,2001,00-0009612,Kenard Lang,DT,76,76,0,0.33,0.9,"Ascending defensive end [by ratings-overhaul-2001, 2026-06-09]"
WAS,Washington Redskins,2001,00-0014692,Sam Shade,S,81,76,-5,0.45,0.9,"Hard-hitting starting safety [by ratings-overhaul-2001, 2026-06-09]"
WAS,Washington Redskins,2001,00-0000722,Tony Banks,QB,77,76,-1,0.78,0.9,"Steady mid-season starter, 10 TD/10 INT [by ratings-overhaul-2001, 2026-06-09]"
WAS,Washington Redskins,2001,00-0020006,Antonio Pierce,LB,76,75,-1,0.33,0.33,Engine re-derivation after 2001 roster/override changes
WAS,Washington Redskins,2001,00-0006395,Donovan Greer,CB,76,75,-1,0.33,0.33,Engine re-derivation after 2001 roster/override changes
WAS,Washington Redskins,2001,00-0020005,Ifeanyi Ohalete,CB,76,75,-1,0.33,0.33,Engine re-derivation after 2001 roster/override changes
WAS,Washington Redskins,2001,00-0019285,Jerry DeLoach,DT,76,75,-1,0.33,0.33,Engine re-derivation after 2001 roster/override changes
WAS,Washington Redskins,2001,00-0019290,Zeron Flemister,TE,75,75,0,0.78,0.78,
WAS,Washington Redskins,2001,00-0003212,Ben Coleman,LG,80,74,-6,0.45,0.9,"Veteran starting guard [by ratings-overhaul-2001, 2026-06-09]"
WAS,Washington Redskins,2001,00-0003395,Brett Conway,K,78,74,-4,0.45,0.9,"Steady kicker [by ratings-overhaul-2001, 2026-06-09]"
WAS,Washington Redskins,2001,00-0000754,Bryan Barker,P,77,74,-3,0.45,0.9,"Veteran punter [by ratings-overhaul-2001, 2026-06-09]"
WAS,Washington Redskins,2001,00-0016179,David Terrell,S,76,74,-2,0.45,0.9,"Starting safety [by ratings-overhaul-2001, 2026-06-09]"
WAS,Washington Redskins,2001,00-0018965,Delbert Cowsette,EDGE,76,74,-2,0.33,0.33,Engine re-derivation after 2001 roster/override changes
WAS,Washington Redskins,2001,00-0006212,Kent Graham,QB,74,74,0,0.6,0.6,
WAS,Washington Redskins,2001,00-0010007,Kevin Lockett,WR,77,74,-3,0.78,0.9,"Rotational receiver [by ratings-overhaul-2001, 2026-06-09]"
WAS,Washington Redskins,2001,00-0011415,Kevin Mitchell,LB,76,74,-2,0.33,0.9,"Run-stuffing linebacker [by ratings-overhaul-2001, 2026-06-09]"
WAS,Washington Redskins,2001,00-0005236,Mark Fischer,C,80,74,-6,0.45,0.9,"Starting center [by ratings-overhaul-2001, 2026-06-09]"
WAS,Washington Redskins,2001,00-0000121,Ethan Albright,LG,80,73,-7,0.45,0.45,Engine re-derivation after 2001 roster/override changes
WAS,Washington Redskins,2001,00-0002743,Ki-Jana Carter,RB,77,73,-4,0.78,0.9,"Goal-line complement back [by ratings-overhaul-2001, 2026-06-09]"
WAS,Washington Redskins,2001,00-0010421,Lemar Marshall,LB,76,73,-3,0.33,0.33,Engine re-derivation after 2001 roster/override changes
WAS,Washington Redskins,2001,00-0013422,Walter Rasby,TE,78,73,-5,0.78,0.9,"Blocking tight end [by ratings-overhaul-2001, 2026-06-09]"
WAS,Washington Redskins,2001,00-0001102,Donnell Bennett,RB,75,72,-3,0.78,0.9,"Power complement back [by ratings-overhaul-2001, 2026-06-09]"
WAS,Washington Redskins,2001,00-0019852,Donte Curry,LB,76,71,-5,0.33,0.33,Engine re-derivation after 2001 roster/override changes
WAS,Washington Redskins,2001,00-0019743,Terrance Simmons,DT,76,71,-5,0.33,0.33,Engine re-derivation after 2001 roster/override changes
WAS,Washington Redskins,2001,00-0020453,Alex Sulfsted,LT,65,70,5,0.45,0.45,Engine re-derivation after 2001 roster/override changes
WAS,Washington Redskins,2001,00-0019798,David Brandt,LG,69,70,1,0.45,0.45,Engine re-derivation after 2001 roster/override changes
WAS,Washington Redskins,2001,00-0014674,Kato Serwanga,CB,76,69,-7,0.33,0.33,Engine re-derivation after 2001 roster/override changes
WAS,Washington Redskins,2001,00-0020464,Darnerien McCants,WR,67,68,1,0.45,0.45,Engine re-derivation after 2001 roster/override changes
WAS,Washington Redskins,2001,00-0016002,David Szott,LG,69,68,-1,0.45,0.45,Engine re-derivation after 2001 roster/override changes
WAS,Washington Redskins,2001,00-0010501,Eddie Mason,LB,76,67,-9,0.33,0.33,Engine re-derivation after 2001 roster/override changes
WAS,Washington Redskins,2001,00-0019902,Justin Skaggs,WR,67,67,0,0.45,0.45,
WAS,Washington Redskins,2001,00-0020480,Sage Rosenfels,QB,68,67,-1,0.45,0.45,Engine re-derivation after 2001 roster/override changes
WAS,Washington Redskins,2001,00-0019984,Donovan Arp,DT,76,65,-11,0.33,0.33,Engine re-derivation after 2001 roster/override changes
WAS,Washington Redskins,2001,00-0010174,Keith Lyle,CB,76,65,-11,0.33,0.33,Engine re-derivation after 2001 roster/override changes
WAS,Washington Redskins,2001,00-0020372,Otis Leverette,EDGE,76,65,-11,0.33,0.33,Engine re-derivation after 2001 roster/override changes
WAS,Washington Redskins,2001,00-0019807,Ross Tucker,LT,70,65,-5,0.45,0.45,Engine re-derivation after 2001 roster/override changes
WAS,Washington Redskins,2001,00-0013458,Cory Raymer,C,77,64,-13,0.45,0.45,Engine re-derivation after 2001 roster/override changes
WAS,Washington Redskins,2001,00-0008853,Robert Jones,LB,76,64,-12,0.33,0.33,Engine re-derivation after 2001 roster/override changes
WAS,Washington Redskins,2001,00-0000872,Michael Bates,RB,63,62,-1,0.45,0.45,Engine re-derivation after 2001 roster/override changes
WAS,Washington Redskins,2001,00-0016373,Derrius Thompson,WR,61,61,0,0.6,0.6,
WAS,Washington Redskins,2001,00-0011151,Eric Metcalf,WR,61,61,0,0.6,0.6,
WAS,Washington Redskins,2001,00-0000883,Marco Battaglia,TE,60,60,0,0.6,0.6,
WAS,Washington Redskins,2001,00-0019172,Bryan Johnson,RB,55,55,0,0.6,0.6,
WAS,Washington Redskins,2001,00-0002587,Matt Campbell,LG,61,54,-7,0.45,0.45,Engine re-derivation after 2001 roster/override changes
WAS,Washington Redskins,2001,00-0000166,Stephen Alexander,TE,53,53,0,0.6,0.6,
