priority,player_id,name,team_code,season,position,current_overall,suggested_overall,issue,data_needed,confidence
1,shaquil-barrett,Shaquil Barrett,TB,2020,EDGE,88,,Defensive slot rated 88 on medium-confidence evidence: no recorded starts/box score to confirm a rating this high.,Recorded starts or box score (sacks/INT/tackles); a manual override for a known starter. Otherwise accept as provisional.,medium
1,vita-vea,Vita Vea,TB,2020,DT,88,,Defensive slot rated 88 on medium-confidence evidence: no recorded starts/box score to confirm a rating this high.,Recorded starts or box score (sacks/INT/tackles); a manual override for a known starter. Otherwise accept as provisional.,medium
1,chris-jones,Chris Jones,KC,2018,DT,89,,Defensive slot rated 89 on medium-confidence evidence: no recorded starts/box score to confirm a rating this high.,Recorded starts or box score (sacks/INT/tackles); a manual override for a known starter. Otherwise accept as provisional.,medium
1,kevin-carter,Kevin Carter,STL,1999,EDGE,89,,Defensive slot rated 89 on medium-confidence evidence: no recorded starts/box score to confirm a rating this high.,Recorded starts or box score (sacks/INT/tackles); a manual override for a known starter. Otherwise accept as provisional.,medium
1,brandon-aiyuk,Brandon Aiyuk,SF,2023,WR,88,,Skill player rated 88 on medium-confidence evidence: no box-score production on file to confirm a rating this high.,Box-score stats or recorded starts; a manual override for a known contributor. Otherwise accept as provisional.,medium
1,deebo-samuel,Deebo Samuel,SF,2023,WR,88,,Skill player rated 88 on medium-confidence evidence: no box-score production on file to confirm a rating this high.,Box-score stats or recorded starts; a manual override for a known contributor. Otherwise accept as provisional.,medium
1,chris-godwin,Chris Godwin,TB,2020,WR,88,,Skill player rated 88 on medium-confidence evidence: no box-score production on file to confirm a rating this high.,Box-score stats or recorded starts; a manual override for a known contributor. Otherwise accept as provisional.,medium
1,steve-mcmichael,Steve McMichael,CHI,1985,DT,88,,Defensive slot rated 88 on medium-confidence evidence: no recorded starts/box score to confirm a rating this high.,Recorded starts or box score (sacks/INT/tackles); a manual override for a known starter. Otherwise accept as provisional.,medium
1,torry-holt,Torry Holt,STL,1999,WR,88,,Skill player rated 88 on medium-confidence evidence: no box-score production on file to confirm a rating this high.,Box-score stats or recorded starts; a manual override for a known contributor. Otherwise accept as provisional.,medium
1,tristan-wirfs,Tristan Wirfs,TB,2020,RT,88,,RT rated 88 on medium-confidence evidence: no recorded starts/stats to confirm a rating this high.,"Any recorded starts, box score, or awards; a manual override if a notable starter.",medium
1,mitchell-schwartz,Mitchell Schwartz,KC,2018,RT,89,,RT rated 89 on medium-confidence evidence: no recorded starts/stats to confirm a rating this high.,"Any recorded starts, box score, or awards; a manual override if a notable starter.",medium
1,jimbo-covert,Jimbo Covert,CHI,1985,LT,88,,LT rated 88 on medium-confidence evidence: no recorded starts/stats to confirm a rating this high.,"Any recorded starts, box score, or awards; a manual override if a notable starter.",medium
4,00-0015777,Cliff Stoudt,ARI,1987,QB,76,73,Starting-QB-critical (team): rated on a position prior only — the QB room had no recorded starts/stats to tell the starter from his backups.,"Confirm the season's starter (add games_started) or a manual override if a known starter/legend; rate the starter, leave backups lower.",low
4,00-0000406,David Archer,ATL,1987,QB,76,73,Starting-QB-critical (team): rated on a position prior only — the QB room had no recorded starts/stats to tell the starter from his backups.,"Confirm the season's starter (add games_started) or a manual override if a known starter/legend; rate the starter, leave backups lower.",low
4,00-0010997,Jim McMahon,CHI,1987,QB,76,73,Starting-QB-critical (team): rated on a position prior only — the QB room had no recorded starts/stats to tell the starter from his backups.,"Confirm the season's starter (add games_started) or a manual override if a known starter/legend; rate the starter, leave backups lower.",low
4,00-0004937,Boomer Esiason,CIN,1987,QB,76,73,Starting-QB-critical (team): rated on a position prior only — the QB room had no recorded starts/stats to tell the starter from his backups.,"Confirm the season's starter (add games_started) or a manual override if a known starter/legend; rate the starter, leave backups lower.",low
4,00-0012748,Steve Pelluer,DAL,1987,QB,76,73,Starting-QB-critical (team): rated on a position prior only — the QB room had no recorded starts/stats to tell the starter from his backups.,"Confirm the season's starter (add games_started) or a manual override if a known starter/legend; rate the starter, leave backups lower.",low
4,00-0004884,John Elway,DEN,1987,QB,76,73,Starting-QB-critical (team): rated on a position prior only — the QB room had no recorded starts/stats to tell the starter from his backups.,"Confirm the season's starter (add games_started) or a manual override if a known starter/legend; rate the starter, leave backups lower.",low
4,00-0009209,Blair Kiel,IND,1987,QB,76,73,Starting-QB-critical (team): rated on a position prior only — the QB room had no recorded starts/stats to tell the starter from his backups.,"Confirm the season's starter (add games_started) or a manual override if a known starter/legend; rate the starter, leave backups lower.",low
4,00-0007340,Mark Herrmann,LAC,1987,QB,76,73,Starting-QB-critical (team): rated on a position prior only — the QB room had no recorded starts/stats to tell the starter from his backups.,"Confirm the season's starter (add games_started) or a manual override if a known starter/legend; rate the starter, leave backups lower.",low
4,00-0005010,Vince Evans,LV,1987,QB,76,73,Starting-QB-critical (team): rated on a position prior only — the QB room had no recorded starts/stats to tell the starter from his backups.,"Confirm the season's starter (add games_started) or a manual override if a known starter/legend; rate the starter, leave backups lower.",low
4,00-0010379,Dan Marino,MIA,1987,QB,76,73,Starting-QB-critical (team): rated on a position prior only — the QB room had no recorded starts/stats to tell the starter from his backups.,"Confirm the season's starter (add games_started) or a manual override if a known starter/legend; rate the starter, leave backups lower.",low
4,00-0018073,Wade Wilson,MIN,1987,QB,77,73,Starting-QB-critical (team): rated on a position prior only — the QB room had no recorded starts/stats to tell the starter from his backups.,"Confirm the season's starter (add games_started) or a manual override if a known starter/legend; rate the starter, leave backups lower.",low
4,00-0014208,Jeff Rutledge,NYG,1987,QB,77,73,Starting-QB-critical (team): rated on a position prior only — the QB room had no recorded starts/stats to tell the starter from his backups.,"Confirm the season's starter (add games_started) or a manual override if a known starter/legend; rate the starter, leave backups lower.",low
4,00-0014225,Pat Ryan,NYJ,1987,QB,77,73,Starting-QB-critical (team): rated on a position prior only — the QB room had no recorded starts/stats to tell the starter from his backups.,"Confirm the season's starter (add games_started) or a manual override if a known starter/legend; rate the starter, leave backups lower.",low
4,00-0002828,Matt Cavanaugh,PHI,1987,QB,77,73,Starting-QB-critical (team): rated on a position prior only — the QB room had no recorded starts/stats to tell the starter from his backups.,"Confirm the season's starter (add games_started) or a manual override if a known starter/legend; rate the starter, leave backups lower.",low
4,00-0009475,Dave Krieg,SEA,1987,QB,77,73,Starting-QB-critical (team): rated on a position prior only — the QB room had no recorded starts/stats to tell the starter from his backups.,"Confirm the season's starter (add games_started) or a manual override if a known starter/legend; rate the starter, leave backups lower.",low
4,00-0011493,Joe Montana,SF,1987,QB,77,73,Starting-QB-critical (team): rated on a position prior only — the QB room had no recorded starts/stats to tell the starter from his backups.,"Confirm the season's starter (add games_started) or a manual override if a known starter/legend; rate the starter, leave backups lower.",low
4,00-0004116,Steve DeBerg,TB,1987,QB,77,73,Starting-QB-critical (team): rated on a position prior only — the QB room had no recorded starts/stats to tell the starter from his backups.,"Confirm the season's starter (add games_started) or a manual override if a known starter/legend; rate the starter, leave backups lower.",low
4,00-0011524,Warren Moon,TEN,1987,QB,77,73,Starting-QB-critical (team): rated on a position prior only — the QB room had no recorded starts/stats to tell the starter from his backups.,"Confirm the season's starter (add games_started) or a manual override if a known starter/legend; rate the starter, leave backups lower.",low
4,00-0014490,Jay Schroeder,WAS,1987,QB,77,73,Starting-QB-critical (team): rated on a position prior only — the QB room had no recorded starts/stats to tell the starter from his backups.,"Confirm the season's starter (add games_started) or a manual override if a known starter/legend; rate the starter, leave backups lower.",low
2,00-0035704,Drew Lock,SEA,2022,QB,70,73,Starting-QB-critical (team): rated on a position prior only — the QB room had no recorded starts/stats to tell the starter from his backups.,"Confirm the season's starter (add games_started) or a manual override if a known starter/legend; rate the starter, leave backups lower.",low
2,00-0032245,Sean Mannion,MIN,2020,QB,70,73,Starting-QB-critical (team): rated on a position prior only — the QB room had no recorded starts/stats to tell the starter from his backups.,"Confirm the season's starter (add games_started) or a manual override if a known starter/legend; rate the starter, leave backups lower.",low
2,00-0033662,Cooper Rush,DAL,2019,QB,70,73,Starting-QB-critical (team): rated on a position prior only — the QB room had no recorded starts/stats to tell the starter from his backups.,"Confirm the season's starter (add games_started) or a manual override if a known starter/legend; rate the starter, leave backups lower.",low
2,00-0030565,Geno Smith,SEA,2019,QB,70,73,Starting-QB-critical (team): rated on a position prior only — the QB room had no recorded starts/stats to tell the starter from his backups.,"Confirm the season's starter (add games_started) or a manual override if a known starter/legend; rate the starter, leave backups lower.",low
2,00-0033662,Cooper Rush,DAL,2018,QB,70,73,Starting-QB-critical (team): rated on a position prior only — the QB room had no recorded starts/stats to tell the starter from his backups.,"Confirm the season's starter (add games_started) or a manual override if a known starter/legend; rate the starter, leave backups lower.",low
2,00-0032784,Kevin Hogan,DEN,2018,QB,70,73,Starting-QB-critical (team): rated on a position prior only — the QB room had no recorded starts/stats to tell the starter from his backups.,"Confirm the season's starter (add games_started) or a manual override if a known starter/legend; rate the starter, leave backups lower.",low
2,00-0032156,Trevor Siemian,MIN,2018,QB,70,73,Starting-QB-critical (team): rated on a position prior only — the QB room had no recorded starts/stats to tell the starter from his backups.,"Confirm the season's starter (add games_started) or a manual override if a known starter/legend; rate the starter, leave backups lower.",low
2,00-0031589,Brett Hundley,SEA,2018,QB,70,73,Starting-QB-critical (team): rated on a position prior only — the QB room had no recorded starts/stats to tell the starter from his backups.,"Confirm the season's starter (add games_started) or a manual override if a known starter/legend; rate the starter, leave backups lower.",low
2,00-0022787,Matt Schaub,ATL,2017,QB,70,73,Starting-QB-critical (team): rated on a position prior only — the QB room had no recorded starts/stats to tell the starter from his backups.,"Confirm the season's starter (add games_started) or a manual override if a known starter/legend; rate the starter, leave backups lower.",low
2,00-0027688,Colt McCoy,WAS,2017,QB,70,73,Starting-QB-critical (team): rated on a position prior only — the QB room had no recorded starts/stats to tell the starter from his backups.,"Confirm the season's starter (add games_started) or a manual override if a known starter/legend; rate the starter, leave backups lower.",low
2,00-0031288,AJ McCarron,CIN,2016,QB,70,73,Starting-QB-critical (team): rated on a position prior only — the QB room had no recorded starts/stats to tell the starter from his backups.,"Confirm the season's starter (add games_started) or a manual override if a known starter/legend; rate the starter, leave backups lower.",low
2,00-0023578,Dan Orlovsky,DET,2016,QB,70,73,Starting-QB-critical (team): rated on a position prior only — the QB room had no recorded starts/stats to tell the starter from his backups.,"Confirm the season's starter (add games_started) or a manual override if a known starter/legend; rate the starter, leave backups lower.",low
2,00-0022864,Luke McCown,NO,2016,QB,70,73,Starting-QB-critical (team): rated on a position prior only — the QB room had no recorded starts/stats to tell the starter from his backups.,"Confirm the season's starter (add games_started) or a manual override if a known starter/legend; rate the starter, leave backups lower.",low
2,00-0026300,Josh Johnson,NYG,2016,QB,70,73,Starting-QB-critical (team): rated on a position prior only — the QB room had no recorded starts/stats to tell the starter from his backups.,"Confirm the season's starter (add games_started) or a manual override if a known starter/legend; rate the starter, leave backups lower.",low
2,00-0027688,Colt McCoy,WAS,2016,QB,70,73,Starting-QB-critical (team): rated on a position prior only — the QB room had no recorded starts/stats to tell the starter from his backups.,"Confirm the season's starter (add games_started) or a manual override if a known starter/legend; rate the starter, leave backups lower.",low
2,00-0031076,David Fales,CHI,2015,QB,70,73,Starting-QB-critical (team): rated on a position prior only — the QB room had no recorded starts/stats to tell the starter from his backups.,"Confirm the season's starter (add games_started) or a manual override if a known starter/legend; rate the starter, leave backups lower.",low
2,00-0026197,Chad Henne,JAX,2015,QB,70,73,Starting-QB-critical (team): rated on a position prior only — the QB room had no recorded starts/stats to tell the starter from his backups.,"Confirm the season's starter (add games_started) or a manual override if a known starter/legend; rate the starter, leave backups lower.",low
2,00-0029857,Ryan Griffin,TB,2015,QB,70,73,Starting-QB-critical (team): rated on a position prior only — the QB room had no recorded starts/stats to tell the starter from his backups.,"Confirm the season's starter (add games_started) or a manual override if a known starter/legend; rate the starter, leave backups lower.",low
2,00-0023578,Dan Orlovsky,DET,2014,QB,70,73,Starting-QB-critical (team): rated on a position prior only — the QB room had no recorded starts/stats to tell the starter from his backups.,"Confirm the season's starter (add games_started) or a manual override if a known starter/legend; rate the starter, leave backups lower.",low
2,00-0022864,Luke McCown,NO,2014,QB,70,73,Starting-QB-critical (team): rated on a position prior only — the QB room had no recorded starts/stats to tell the starter from his backups.,"Confirm the season's starter (add games_started) or a manual override if a known starter/legend; rate the starter, leave backups lower.",low
2,00-0025430,Drew Stanton,ARI,2013,QB,70,73,Starting-QB-critical (team): rated on a position prior only — the QB room had no recorded starts/stats to tell the starter from his backups.,"Confirm the season's starter (add games_started) or a manual override if a known starter/legend; rate the starter, leave backups lower.",low
2,00-0023645,Derek Anderson,CAR,2013,QB,66,73,Starting-QB-critical (team): rated on a position prior only — the QB room had no recorded starts/stats to tell the starter from his backups.,"Confirm the season's starter (add games_started) or a manual override if a known starter/legend; rate the starter, leave backups lower.",low
2,00-0028012,Ryan Mallett,NE,2013,QB,70,73,Starting-QB-critical (team): rated on a position prior only — the QB room had no recorded starts/stats to tell the starter from his backups.,"Confirm the season's starter (add games_started) or a manual override if a known starter/legend; rate the starter, leave backups lower.",low
2,00-0024408,Bruce Gradkowski,PIT,2013,QB,70,73,Starting-QB-critical (team): rated on a position prior only — the QB room had no recorded starts/stats to tell the starter from his backups.,"Confirm the season's starter (add games_started) or a manual override if a known starter/legend; rate the starter, leave backups lower.",low
2,00-0023578,Dan Orlovsky,TB,2013,QB,70,73,Starting-QB-critical (team): rated on a position prior only — the QB room had no recorded starts/stats to tell the starter from his backups.,"Confirm the season's starter (add games_started) or a manual override if a known starter/legend; rate the starter, leave backups lower.",low
2,00-0025430,Drew Stanton,IND,2012,QB,70,73,Starting-QB-critical (team): rated on a position prior only — the QB room had no recorded starts/stats to tell the starter from his backups.,"Confirm the season's starter (add games_started) or a manual override if a known starter/legend; rate the starter, leave backups lower.",low
2,00-0024296,Charlie Whitehurst,LAC,2012,QB,70,73,Starting-QB-critical (team): rated on a position prior only — the QB room had no recorded starts/stats to tell the starter from his backups.,"Confirm the season's starter (add games_started) or a manual override if a known starter/legend; rate the starter, leave backups lower.",low
2,00-0025409,Brady Quinn,DEN,2011,QB,70,73,Starting-QB-critical (team): rated on a position prior only — the QB room had no recorded starts/stats to tell the starter from his backups.,"Confirm the season's starter (add games_started) or a manual override if a known starter/legend; rate the starter, leave backups lower.",low
2,00-0020608,David Carr,NYG,2011,QB,70,73,Starting-QB-critical (team): rated on a position prior only — the QB room had no recorded starts/stats to tell the starter from his backups.,"Confirm the season's starter (add games_started) or a manual override if a known starter/legend; rate the starter, leave backups lower.",low
2,00-0019599,Marc Bulger,BAL,2010,QB,70,73,Starting-QB-critical (team): rated on a position prior only — the QB room had no recorded starts/stats to tell the starter from his backups.,"Confirm the season's starter (add games_started) or a manual override if a known starter/legend; rate the starter, leave backups lower.",low
2,00-0023578,Dan Orlovsky,HOU,2010,QB,70,73,Starting-QB-critical (team): rated on a position prior only — the QB room had no recorded starts/stats to tell the starter from his backups.,"Confirm the season's starter (add games_started) or a manual override if a known starter/legend; rate the starter, leave backups lower.",low
2,00-0027134,Curtis Painter,IND,2010,QB,70,73,Starting-QB-critical (team): rated on a position prior only — the QB room had no recorded starts/stats to tell the starter from his backups.,"Confirm the season's starter (add games_started) or a manual override if a known starter/legend; rate the starter, leave backups lower.",low
2,00-0020305,A.J. Feeley,STL,2010,QB,70,73,Starting-QB-critical (team): rated on a position prior only — the QB room had no recorded starts/stats to tell the starter from his backups.,"Confirm the season's starter (add games_started) or a manual override if a known starter/legend; rate the starter, leave backups lower.",low
3,00-0009311,Jon Kitna,DAL,2009,QB,70,73,Starting-QB-critical (team): rated on a position prior only — the QB room had no recorded starts/stats to tell the starter from his backups.,"Confirm the season's starter (add games_started) or a manual override if a known starter/legend; rate the starter, leave backups lower.",low
3,00-0019709,Chris Redman,ATL,2008,QB,70,73,Starting-QB-critical (team): rated on a position prior only — the QB room had no recorded starts/stats to tell the starter from his backups.,"Confirm the season's starter (add games_started) or a manual override if a known starter/legend; rate the starter, leave backups lower.",low
3,00-0019041,Billy Volek,LAC,2008,QB,70,73,Starting-QB-critical (team): rated on a position prior only — the QB room had no recorded starts/stats to tell the starter from his backups.,"Confirm the season's starter (add games_started) or a manual override if a known starter/legend; rate the starter, leave backups lower.",low
3,00-0002110,Mark Brunell,NO,2008,QB,70,73,Starting-QB-critical (team): rated on a position prior only — the QB room had no recorded starts/stats to tell the starter from his backups.,"Confirm the season's starter (add games_started) or a manual override if a known starter/legend; rate the starter, leave backups lower.",low
3,00-0003315,Todd Collins,WAS,2008,QB,70,73,Starting-QB-critical (team): rated on a position prior only — the QB room had no recorded starts/stats to tell the starter from his backups.,"Confirm the season's starter (add games_started) or a manual override if a known starter/legend; rate the starter, leave backups lower.",low
3,00-0023682,Ryan Fitzpatrick,CIN,2007,QB,70,73,Starting-QB-critical (team): rated on a position prior only — the QB room had no recorded starts/stats to tell the starter from his backups.,"Confirm the season's starter (add games_started) or a manual override if a known starter/legend; rate the starter, leave backups lower.",low
3,00-0007576,Kelly Holcomb,BUF,2006,QB,70,73,Starting-QB-critical (team): rated on a position prior only — the QB room had no recorded starts/stats to tell the starter from his backups.,"Confirm the season's starter (add games_started) or a manual override if a known starter/legend; rate the starter, leave backups lower.",low
3,00-0021206,Josh McCown,DET,2006,QB,66,73,Starting-QB-critical (team): rated on a position prior only — the QB room had no recorded starts/stats to tell the starter from his backups.,"Confirm the season's starter (add games_started) or a manual override if a known starter/legend; rate the starter, leave backups lower.",low
3,00-0022744,Jim Sorgi,IND,2006,QB,70,73,Starting-QB-critical (team): rated on a position prior only — the QB room had no recorded starts/stats to tell the starter from his backups.,"Confirm the season's starter (add games_started) or a manual override if a known starter/legend; rate the starter, leave backups lower.",low
3,00-0004293,Trent Dilfer,SF,2006,QB,70,73,Starting-QB-critical (team): rated on a position prior only — the QB room had no recorded starts/stats to tell the starter from his backups.,"Confirm the season's starter (add games_started) or a manual override if a known starter/legend; rate the starter, leave backups lower.",low
3,00-0009007,Danny Kanell,DEN,2004,QB,70,73,Starting-QB-critical (team): rated on a position prior only — the QB room had no recorded starts/stats to tell the starter from his backups.,"Confirm the season's starter (add games_started) or a manual override if a known starter/legend; rate the starter, leave backups lower.",low
3,00-0010560,Shane Matthews,CIN,2003,QB,70,73,Starting-QB-critical (team): rated on a position prior only — the QB room had no recorded starts/stats to tell the starter from his backups.,"Confirm the season's starter (add games_started) or a manual override if a known starter/legend; rate the starter, leave backups lower.",low
3,00-0000722,Tony Banks,HOU,2002,QB,70,73,Starting-QB-critical (team): rated on a position prior only — the QB room had no recorded starts/stats to tell the starter from his backups.,"Confirm the season's starter (add games_started) or a manual override if a known starter/legend; rate the starter, leave backups lower.",low
3,00-0007834,Brock Huard,IND,2002,QB,70,73,Starting-QB-critical (team): rated on a position prior only — the QB room had no recorded starts/stats to tell the starter from his backups.,"Confirm the season's starter (add games_started) or a manual override if a known starter/legend; rate the starter, leave backups lower.",low
3,00-0001907,Dave Brown,ARI,2001,QB,70,73,Starting-QB-critical (team): rated on a position prior only — the QB room had no recorded starts/stats to tell the starter from his backups.,"Confirm the season's starter (add games_started) or a manual override if a known starter/legend; rate the starter, leave backups lower.",low
3,00-0005794,Jason Garrett,NYG,2001,QB,70,73,Starting-QB-critical (team): rated on a position prior only — the QB room had no recorded starts/stats to tell the starter from his backups.,"Confirm the season's starter (add games_started) or a manual override if a known starter/legend; rate the starter, leave backups lower.",low
3,00-0007530,Billy Joe Hobert,IND,2000,QB,70,73,Starting-QB-critical (team): rated on a position prior only — the QB room had no recorded starts/stats to tell the starter from his backups.,"Confirm the season's starter (add games_started) or a manual override if a known starter/legend; rate the starter, leave backups lower.",low
3,00-0001907,Dave Brown,ARI,1998,QB,69,73,Starting-QB-critical (team): rated on a position prior only — the QB room had no recorded starts/stats to tell the starter from his backups.,"Confirm the season's starter (add games_started) or a manual override if a known starter/legend; rate the starter, leave backups lower.",low
3,00-0013042,Jake Plummer,ARI,1998,QB,69,73,Starting-QB-critical (team): rated on a position prior only — the QB room had no recorded starts/stats to tell the starter from his backups.,"Confirm the season's starter (add games_started) or a manual override if a known starter/legend; rate the starter, leave backups lower.",low
3,00-0002787,Stoney Case,ARI,1998,QB,69,73,Starting-QB-critical (team): rated on a position prior only — the QB room had no recorded starts/stats to tell the starter from his backups.,"Confirm the season's starter (add games_started) or a manual override if a known starter/legend; rate the starter, leave backups lower.",low
3,00-0002876,Chris Chandler,ATL,1998,QB,69,73,Starting-QB-critical (team): rated on a position prior only — the QB room had no recorded starts/stats to tell the starter from his backups.,"Confirm the season's starter (add games_started) or a manual override if a known starter/legend; rate the starter, leave backups lower.",low
3,00-0004116,Steve DeBerg,ATL,1998,QB,69,73,Starting-QB-critical (team): rated on a position prior only — the QB room had no recorded starts/stats to tell the starter from his backups.,"Confirm the season's starter (add games_started) or a manual override if a known starter/legend; rate the starter, leave backups lower.",low
3,00-0006299,Tony Graziani,ATL,1998,QB,69,73,Starting-QB-critical (team): rated on a position prior only — the QB room had no recorded starts/stats to tell the starter from his backups.,"Confirm the season's starter (add games_started) or a manual override if a known starter/legend; rate the starter, leave backups lower.",low
3,00-0018483,Eric Zeier,BAL,1998,QB,69,73,Starting-QB-critical (team): rated on a position prior only — the QB room had no recorded starts/stats to tell the starter from his backups.,"Confirm the season's starter (add games_started) or a manual override if a known starter/legend; rate the starter, leave backups lower.",low
3,00-0006808,Jim Harbaugh,BAL,1998,QB,69,73,Starting-QB-critical (team): rated on a position prior only — the QB room had no recorded starts/stats to tell the starter from his backups.,"Confirm the season's starter (add games_started) or a manual override if a known starter/legend; rate the starter, leave backups lower.",low
3,00-0013695,Wally Richardson,BAL,1998,QB,69,73,Starting-QB-critical (team): rated on a position prior only — the QB room had no recorded starts/stats to tell the starter from his backups.,"Confirm the season's starter (add games_started) or a manual override if a known starter/legend; rate the starter, leave backups lower.",low
3,00-0016838,Alex Van Pelt,BUF,1998,QB,69,73,Starting-QB-critical (team): rated on a position prior only — the QB room had no recorded starts/stats to tell the starter from his backups.,"Confirm the season's starter (add games_started) or a manual override if a known starter/legend; rate the starter, leave backups lower.",low
3,00-0005363,Doug Flutie,BUF,1998,QB,69,73,Starting-QB-critical (team): rated on a position prior only — the QB room had no recorded starts/stats to tell the starter from his backups.,"Confirm the season's starter (add games_started) or a manual override if a known starter/legend; rate the starter, leave backups lower.",low
3,00-0000683,Jim Ballard,BUF,1998,QB,69,73,Starting-QB-critical (team): rated on a position prior only — the QB room had no recorded starts/stats to tell the starter from his backups.,"Confirm the season's starter (add games_started) or a manual override if a known starter/legend; rate the starter, leave backups lower.",low
3,00-0008612,Rob Johnson,BUF,1998,QB,69,73,Starting-QB-critical (team): rated on a position prior only — the QB room had no recorded starts/stats to tell the starter from his backups.,"Confirm the season's starter (add games_started) or a manual override if a known starter/legend; rate the starter, leave backups lower.",low
3,00-0003600,Dameyune Craig,CAR,1998,QB,69,73,Starting-QB-critical (team): rated on a position prior only — the QB room had no recorded starts/stats to tell the starter from his backups.,"Confirm the season's starter (add games_started) or a manual override if a known starter/legend; rate the starter, leave backups lower.",low
3,00-0010560,Shane Matthews,CAR,1998,QB,69,73,Starting-QB-critical (team): rated on a position prior only — the QB room had no recorded starts/stats to tell the starter from his backups.,"Confirm the season's starter (add games_started) or a manual override if a known starter/legend; rate the starter, leave backups lower.",low
3,00-0001218,Steve Beuerlein,CAR,1998,QB,69,73,Starting-QB-critical (team): rated on a position prior only — the QB room had no recorded starts/stats to tell the starter from his backups.,"Confirm the season's starter (add games_started) or a manual override if a known starter/legend; rate the starter, leave backups lower.",low
3,00-0009451,Erik Kramer,CHI,1998,QB,69,73,Starting-QB-critical (team): rated on a position prior only — the QB room had no recorded starts/stats to tell the starter from his backups.,"Confirm the season's starter (add games_started) or a manual override if a known starter/legend; rate the starter, leave backups lower.",low
3,00-0011276,Jim Miller,CHI,1998,QB,69,73,Starting-QB-critical (team): rated on a position prior only — the QB room had no recorded starts/stats to tell the starter from his backups.,"Confirm the season's starter (add games_started) or a manual override if a known starter/legend; rate the starter, leave backups lower.",low
3,00-0011640,Moses Moreno,CHI,1998,QB,69,73,Starting-QB-critical (team): rated on a position prior only — the QB room had no recorded starts/stats to tell the starter from his backups.,"Confirm the season's starter (add games_started) or a manual override if a known starter/legend; rate the starter, leave backups lower.",low
3,00-0015627,Steve Stenstrom,CHI,1998,QB,69,73,Starting-QB-critical (team): rated on a position prior only — the QB room had no recorded starts/stats to tell the starter from his backups.,"Confirm the season's starter (add games_started) or a manual override if a known starter/legend; rate the starter, leave backups lower.",low
3,00-0009471,Eric Kresser,CIN,1998,QB,69,73,Starting-QB-critical (team): rated on a position prior only — the QB room had no recorded starts/stats to tell the starter from his backups.,"Confirm the season's starter (add games_started) or a manual override if a known starter/legend; rate the starter, leave backups lower.",low
3,00-0001335,Jeff Blake,CIN,1998,QB,69,73,Starting-QB-critical (team): rated on a position prior only — the QB room had no recorded starts/stats to tell the starter from his backups.,"Confirm the season's starter (add games_started) or a manual override if a known starter/legend; rate the starter, leave backups lower.",low
3,00-0012261,Neil O'Donnell,CIN,1998,QB,69,73,Starting-QB-critical (team): rated on a position prior only — the QB room had no recorded starts/stats to tell the starter from his backups.,"Confirm the season's starter (add games_started) or a manual override if a known starter/legend; rate the starter, leave backups lower.",low
3,00-0008970,Paul Justin,CIN,1998,QB,69,73,Starting-QB-critical (team): rated on a position prior only — the QB room had no recorded starts/stats to tell the starter from his backups.,"Confirm the season's starter (add games_started) or a manual override if a known starter/legend; rate the starter, leave backups lower.",low
3,00-0005794,Jason Garrett,DAL,1998,QB,69,73,Starting-QB-critical (team): rated on a position prior only — the QB room had no recorded starts/stats to tell the starter from his backups.,"Confirm the season's starter (add games_started) or a manual override if a known starter/legend; rate the starter, leave backups lower.",low
3,00-0013341,Mike Quinn,DAL,1998,QB,69,73,Starting-QB-critical (team): rated on a position prior only — the QB room had no recorded starts/stats to tell the starter from his backups.,"Confirm the season's starter (add games_started) or a manual override if a known starter/legend; rate the starter, leave backups lower.",low
3,00-0000104,Troy Aikman,DAL,1998,QB,69,73,Starting-QB-critical (team): rated on a position prior only — the QB room had no recorded starts/stats to tell the starter from his backups.,"Confirm the season's starter (add games_started) or a manual override if a known starter/legend; rate the starter, leave backups lower.",low
3,00-0006423,Brian Griese,DEN,1998,QB,70,73,Starting-QB-critical (team): rated on a position prior only — the QB room had no recorded starts/stats to tell the starter from his backups.,"Confirm the season's starter (add games_started) or a manual override if a known starter/legend; rate the starter, leave backups lower.",low
3,00-0001785,Bubby Brister,DEN,1998,QB,70,73,Starting-QB-critical (team): rated on a position prior only — the QB room had no recorded starts/stats to tell the starter from his backups.,"Confirm the season's starter (add games_started) or a manual override if a known starter/legend; rate the starter, leave backups lower.",low
3,00-0009868,Jeff Lewis,DEN,1998,QB,70,73,Starting-QB-critical (team): rated on a position prior only — the QB room had no recorded starts/stats to tell the starter from his backups.,"Confirm the season's starter (add games_started) or a manual override if a known starter/legend; rate the starter, leave backups lower.",low
3,00-0004884,John Elway,DEN,1998,QB,70,73,Starting-QB-critical (team): rated on a position prior only — the QB room had no recorded starts/stats to tell the starter from his backups.,"Confirm the season's starter (add games_started) or a manual override if a known starter/legend; rate the starter, leave backups lower.",low
3,00-0000865,Charlie Batch,DET,1998,QB,70,73,Starting-QB-critical (team): rated on a position prior only — the QB room had no recorded starts/stats to tell the starter from his backups.,"Confirm the season's starter (add games_started) or a manual override if a known starter/legend; rate the starter, leave backups lower.",low
3,00-0004341,Chris Dittoe,DET,1998,QB,70,73,Starting-QB-critical (team): rated on a position prior only — the QB room had no recorded starts/stats to tell the starter from his backups.,"Confirm the season's starter (add games_started) or a manual override if a known starter/legend; rate the starter, leave backups lower.",low
3,00-0013558,Frank Reich,DET,1998,QB,70,73,Starting-QB-critical (team): rated on a position prior only — the QB room had no recorded starts/stats to tell the starter from his backups.,"Confirm the season's starter (add games_started) or a manual override if a known starter/legend; rate the starter, leave backups lower.",low
3,00-0011434,Scott Mitchell,DET,1998,QB,70,73,Starting-QB-critical (team): rated on a position prior only — the QB room had no recorded starts/stats to tell the starter from his backups.,"Confirm the season's starter (add games_started) or a manual override if a known starter/legend; rate the starter, leave backups lower.",low
3,00-0005106,Brett Favre,GB,1998,QB,70,73,Starting-QB-critical (team): rated on a position prior only — the QB room had no recorded starts/stats to tell the starter from his backups.,"Confirm the season's starter (add games_started) or a manual override if a known starter/legend; rate the starter, leave backups lower.",low
3,00-0012726,Doug Pederson,GB,1998,QB,70,73,Starting-QB-critical (team): rated on a position prior only — the QB room had no recorded starts/stats to tell the starter from his backups.,"Confirm the season's starter (add games_started) or a manual override if a known starter/legend; rate the starter, leave backups lower.",low
3,00-0011378,Rick Mirer,GB,1998,QB,70,73,Starting-QB-critical (team): rated on a position prior only — the QB room had no recorded starts/stats to tell the starter from his backups.,"Confirm the season's starter (add games_started) or a manual override if a known starter/legend; rate the starter, leave backups lower.",low
3,00-0012226,Doug Nussmeier,IND,1998,QB,70,73,Starting-QB-critical (team): rated on a position prior only — the QB room had no recorded starts/stats to tell the starter from his backups.,"Confirm the season's starter (add games_started) or a manual override if a known starter/legend; rate the starter, leave backups lower.",low
3,00-0007576,Kelly Holcomb,IND,1998,QB,70,73,Starting-QB-critical (team): rated on a position prior only — the QB room had no recorded starts/stats to tell the starter from his backups.,"Confirm the season's starter (add games_started) or a manual override if a known starter/legend; rate the starter, leave backups lower.",low
3,00-0010346,Peyton Manning,IND,1998,QB,70,73,Starting-QB-critical (team): rated on a position prior only — the QB room had no recorded starts/stats to tell the starter from his backups.,"Confirm the season's starter (add games_started) or a manual override if a known starter/legend; rate the starter, leave backups lower.",low
3,00-0010455,Jamie Martin,JAX,1998,QB,70,73,Starting-QB-critical (team): rated on a position prior only — the QB room had no recorded starts/stats to tell the starter from his backups.,"Confirm the season's starter (add games_started) or a manual override if a known starter/legend; rate the starter, leave backups lower.",low
3,00-0013338,Jonathan Quinn,JAX,1998,QB,70,73,Starting-QB-critical (team): rated on a position prior only — the QB room had no recorded starts/stats to tell the starter from his backups.,"Confirm the season's starter (add games_started) or a manual override if a known starter/legend; rate the starter, leave backups lower.",low
3,00-0002110,Mark Brunell,JAX,1998,QB,70,73,Starting-QB-critical (team): rated on a position prior only — the QB room had no recorded starts/stats to tell the starter from his backups.,"Confirm the season's starter (add games_started) or a manual override if a known starter/legend; rate the starter, leave backups lower.",low
3,00-0005656,Will Furrer,JAX,1998,QB,70,73,Starting-QB-critical (team): rated on a position prior only — the QB room had no recorded starts/stats to tell the starter from his backups.,"Confirm the season's starter (add games_started) or a manual override if a known starter/legend; rate the starter, leave backups lower.",low
3,00-0006300,Elvis Grbac,KC,1998,QB,70,73,Starting-QB-critical (team): rated on a position prior only — the QB room had no recorded starts/stats to tell the starter from his backups.,"Confirm the season's starter (add games_started) or a manual override if a known starter/legend; rate the starter, leave backups lower.",low
3,00-0005741,Rich Gannon,KC,1998,QB,70,73,Starting-QB-critical (team): rated on a position prior only — the QB room had no recorded starts/stats to tell the starter from his backups.,"Confirm the season's starter (add games_started) or a manual override if a known starter/legend; rate the starter, leave backups lower.",low
3,00-0003315,Todd Collins,KC,1998,QB,70,73,Starting-QB-critical (team): rated on a position prior only — the QB room had no recorded starts/stats to tell the starter from his backups.,"Confirm the season's starter (add games_started) or a manual override if a known starter/legend; rate the starter, leave backups lower.",low
3,00-0017497,Craig Whelihan,LAC,1998,QB,70,73,Starting-QB-critical (team): rated on a position prior only — the QB room had no recorded starts/stats to tell the starter from his backups.,"Confirm the season's starter (add games_started) or a manual override if a known starter/legend; rate the starter, leave backups lower.",low
3,00-0000630,Jeff Baker,LAC,1998,QB,70,73,Starting-QB-critical (team): rated on a position prior only — the QB room had no recorded starts/stats to tell the starter from his backups.,"Confirm the season's starter (add games_started) or a manual override if a known starter/legend; rate the starter, leave backups lower.",low
3,00-0009715,Ryan Leaf,LAC,1998,QB,70,73,Starting-QB-critical (team): rated on a position prior only — the QB room had no recorded starts/stats to tell the starter from his backups.,"Confirm the season's starter (add games_started) or a manual override if a known starter/legend; rate the starter, leave backups lower.",low
3,00-0007601,Donald Hollas,LV,1998,QB,70,73,Starting-QB-critical (team): rated on a position prior only — the QB room had no recorded starts/stats to tell the starter from his backups.,"Confirm the season's starter (add games_started) or a manual override if a known starter/legend; rate the starter, leave backups lower.",low
3,00-0005885,Jeff George,LV,1998,QB,70,73,Starting-QB-critical (team): rated on a position prior only — the QB room had no recorded starts/stats to tell the starter from his backups.,"Confirm the season's starter (add games_started) or a manual override if a known starter/legend; rate the starter, leave backups lower.",low
3,00-0000785,Pat Barnes,LV,1998,QB,70,73,Starting-QB-critical (team): rated on a position prior only — the QB room had no recorded starts/stats to tell the starter from his backups.,"Confirm the season's starter (add games_started) or a manual override if a known starter/legend; rate the starter, leave backups lower.",low
3,00-0018073,Wade Wilson,LV,1998,QB,71,73,Starting-QB-critical (team): rated on a position prior only — the QB room had no recorded starts/stats to tell the starter from his backups.,"Confirm the season's starter (add games_started) or a manual override if a known starter/legend; rate the starter, leave backups lower.",low
3,00-0004925,Craig Erickson,MIA,1998,QB,71,73,Starting-QB-critical (team): rated on a position prior only — the QB room had no recorded starts/stats to tell the starter from his backups.,"Confirm the season's starter (add games_started) or a manual override if a known starter/legend; rate the starter, leave backups lower.",low
3,00-0007835,Damon Huard,MIA,1998,QB,71,73,Starting-QB-critical (team): rated on a position prior only — the QB room had no recorded starts/stats to tell the starter from his backups.,"Confirm the season's starter (add games_started) or a manual override if a known starter/legend; rate the starter, leave backups lower.",low
3,00-0006096,Dan Gonzalez,MIA,1998,QB,71,73,Starting-QB-critical (team): rated on a position prior only — the QB room had no recorded starts/stats to tell the starter from his backups.,"Confirm the season's starter (add games_started) or a manual override if a known starter/legend; rate the starter, leave backups lower.",low
3,00-0010379,Dan Marino,MIA,1998,QB,71,73,Starting-QB-critical (team): rated on a position prior only — the QB room had no recorded starts/stats to tell the starter from his backups.,"Confirm the season's starter (add games_started) or a manual override if a known starter/legend; rate the starter, leave backups lower.",low
3,00-0004497,Todd Doxzon,MIA,1998,QB,71,73,Starting-QB-critical (team): rated on a position prior only — the QB room had no recorded starts/stats to tell the starter from his backups.,"Confirm the season's starter (add games_started) or a manual override if a known starter/legend; rate the starter, leave backups lower.",low
3,00-0008442,Brad Johnson,MIN,1998,QB,71,73,Starting-QB-critical (team): rated on a position prior only — the QB room had no recorded starts/stats to tell the starter from his backups.,"Confirm the season's starter (add games_started) or a manual override if a known starter/legend; rate the starter, leave backups lower.",low
3,00-0005180,Jay Fiedler,MIN,1998,QB,71,73,Starting-QB-critical (team): rated on a position prior only — the QB room had no recorded starts/stats to tell the starter from his backups.,"Confirm the season's starter (add games_started) or a manual override if a known starter/legend; rate the starter, leave backups lower.",low
3,00-0003761,Randall Cunningham,MIN,1998,QB,71,73,Starting-QB-critical (team): rated on a position prior only — the QB room had no recorded starts/stats to tell the starter from his backups.,"Confirm the season's starter (add games_started) or a manual override if a known starter/legend; rate the starter, leave backups lower.",low
3,00-0001545,Todd Bouman,MIN,1998,QB,71,73,Starting-QB-critical (team): rated on a position prior only — the QB room had no recorded starts/stats to tell the starter from his backups.,"Confirm the season's starter (add games_started) or a manual override if a known starter/legend; rate the starter, leave backups lower.",low
3,00-0001361,Drew Bledsoe,NE,1998,QB,71,73,Starting-QB-critical (team): rated on a position prior only — the QB room had no recorded starts/stats to tell the starter from his backups.,"Confirm the season's starter (add games_started) or a manual override if a known starter/legend; rate the starter, leave backups lower.",low
3,00-0018518,Scott Zolak,NE,1998,QB,71,73,Starting-QB-critical (team): rated on a position prior only — the QB room had no recorded starts/stats to tell the starter from his backups.,"Confirm the season's starter (add games_started) or a manual override if a known starter/legend; rate the starter, leave backups lower.",low
3,00-0012910,Todd Philcox,NE,1998,QB,71,73,Starting-QB-critical (team): rated on a position prior only — the QB room had no recorded starts/stats to tell the starter from his backups.,"Confirm the season's starter (add games_started) or a manual override if a known starter/legend; rate the starter, leave backups lower.",low
3,00-0007530,Billy Joe Hobert,NO,1998,QB,71,73,Starting-QB-critical (team): rated on a position prior only — the QB room had no recorded starts/stats to tell the starter from his backups.,"Confirm the season's starter (add games_started) or a manual override if a known starter/legend; rate the starter, leave backups lower.",low
3,00-0016534,Billy Joe Tolliver,NO,1998,QB,71,73,Starting-QB-critical (team): rated on a position prior only — the QB room had no recorded starts/stats to tell the starter from his backups.,"Confirm the season's starter (add games_started) or a manual override if a known starter/legend; rate the starter, leave backups lower.",low
3,00-0018333,Danny Wuerffel,NO,1998,QB,71,73,Starting-QB-critical (team): rated on a position prior only — the QB room had no recorded starts/stats to tell the starter from his backups.,"Confirm the season's starter (add games_started) or a manual override if a known starter/legend; rate the starter, leave backups lower.",low
3,00-0014843,Heath Shuler,NO,1998,QB,71,73,Starting-QB-critical (team): rated on a position prior only — the QB room had no recorded starts/stats to tell the starter from his backups.,"Confirm the season's starter (add games_started) or a manual override if a known starter/legend; rate the starter, leave backups lower.",low
3,00-0003292,Kerry Collins,NO,1998,QB,71,73,Starting-QB-critical (team): rated on a position prior only — the QB room had no recorded starts/stats to tell the starter from his backups.,"Confirm the season's starter (add games_started) or a manual override if a known starter/legend; rate the starter, leave backups lower.",low
3,00-0009007,Danny Kanell,NYG,1998,QB,71,73,Starting-QB-critical (team): rated on a position prior only — the QB room had no recorded starts/stats to tell the starter from his backups.,"Confirm the season's starter (add games_started) or a manual override if a known starter/legend; rate the starter, leave backups lower.",low
3,00-0006212,Kent Graham,NYG,1998,QB,71,73,Starting-QB-critical (team): rated on a position prior only — the QB room had no recorded starts/stats to tell the starter from his backups.,"Confirm the season's starter (add games_started) or a manual override if a known starter/legend; rate the starter, leave backups lower.",low
3,00-0002930,Mike Cherry,NYG,1998,QB,71,73,Starting-QB-critical (team): rated on a position prior only — the QB room had no recorded starts/stats to tell the starter from his backups.,"Confirm the season's starter (add games_started) or a manual override if a known starter/legend; rate the starter, leave backups lower.",low
3,00-0005379,Glenn Foley,NYJ,1998,QB,71,73,Starting-QB-critical (team): rated on a position prior only — the QB room had no recorded starts/stats to tell the starter from his backups.,"Confirm the season's starter (add games_started) or a manual override if a known starter/legend; rate the starter, leave backups lower.",low
3,00-0010137,Ray Lucas,NYJ,1998,QB,71,73,Starting-QB-critical (team): rated on a position prior only — the QB room had no recorded starts/stats to tell the starter from his backups.,"Confirm the season's starter (add games_started) or a manual override if a known starter/legend; rate the starter, leave backups lower.",low
3,00-0016193,Vinny Testaverde,NYJ,1998,QB,71,73,Starting-QB-critical (team): rated on a position prior only — the QB room had no recorded starts/stats to tell the starter from his backups.,"Confirm the season's starter (add games_started) or a manual override if a known starter/legend; rate the starter, leave backups lower.",low
3,00-0007832,Bobby Hoying,PHI,1998,QB,71,73,Starting-QB-critical (team): rated on a position prior only — the QB room had no recorded starts/stats to tell the starter from his backups.,"Confirm the season's starter (add games_started) or a manual override if a known starter/legend; rate the starter, leave backups lower.",low
3,00-0004229,Koy Detmer,PHI,1998,QB,71,73,Starting-QB-critical (team): rated on a position prior only — the QB room had no recorded starts/stats to tell the starter from his backups.,"Confirm the season's starter (add games_started) or a manual override if a known starter/legend; rate the starter, leave backups lower.",low
3,00-0012732,Rodney Peete,PHI,1998,QB,71,73,Starting-QB-critical (team): rated on a position prior only — the QB room had no recorded starts/stats to tell the starter from his backups.,"Confirm the season's starter (add games_started) or a manual override if a known starter/legend; rate the starter, leave backups lower.",low
3,00-0015700,Kordell Stewart,PIT,1998,QB,72,73,Starting-QB-critical (team): rated on a position prior only — the QB room had no recorded starts/stats to tell the starter from his backups.,"Confirm the season's starter (add games_started) or a manual override if a known starter/legend; rate the starter, leave backups lower.",low
3,00-0016538,Mike Tomczak,PIT,1998,QB,72,73,Starting-QB-critical (team): rated on a position prior only — the QB room had no recorded starts/stats to tell the starter from his backups.,"Confirm the season's starter (add games_started) or a manual override if a known starter/legend; rate the starter, leave backups lower.",low
3,00-0006100,Pete Gonzalez,PIT,1998,QB,72,73,Starting-QB-critical (team): rated on a position prior only — the QB room had no recorded starts/stats to tell the starter from his backups.,"Confirm the season's starter (add games_started) or a manual override if a known starter/legend; rate the starter, leave backups lower.",low
3,00-0005600,John Friesz,SEA,1998,QB,72,73,Starting-QB-critical (team): rated on a position prior only — the QB room had no recorded starts/stats to tell the starter from his backups.,"Confirm the season's starter (add games_started) or a manual override if a known starter/legend; rate the starter, leave backups lower.",low
3,00-0009311,Jon Kitna,SEA,1998,QB,72,73,Starting-QB-critical (team): rated on a position prior only — the QB room had no recorded starts/stats to tell the starter from his backups.,"Confirm the season's starter (add games_started) or a manual override if a known starter/legend; rate the starter, leave backups lower.",low
3,00-0011524,Warren Moon,SEA,1998,QB,72,73,Starting-QB-critical (team): rated on a position prior only — the QB room had no recorded starts/stats to tell the starter from his backups.,"Confirm the season's starter (add games_started) or a manual override if a known starter/legend; rate the starter, leave backups lower.",low
3,00-0004546,Jim Druckenmiller,SF,1998,QB,72,73,Starting-QB-critical (team): rated on a position prior only — the QB room had no recorded starts/stats to tell the starter from his backups.,"Confirm the season's starter (add games_started) or a manual override if a known starter/legend; rate the starter, leave backups lower.",low
3,00-0018441,Steve Young,SF,1998,QB,72,73,Starting-QB-critical (team): rated on a position prior only — the QB room had no recorded starts/stats to tell the starter from his backups.,"Confirm the season's starter (add games_started) or a manual override if a known starter/legend; rate the starter, leave backups lower.",low
3,00-0004230,Ty Detmer,SF,1998,QB,72,73,Starting-QB-critical (team): rated on a position prior only — the QB room had no recorded starts/stats to tell the starter from his backups.,"Confirm the season's starter (add games_started) or a manual override if a known starter/legend; rate the starter, leave backups lower.",low
3,00-0017200,Kurt Warner,STL,1998,QB,72,73,Starting-QB-critical (team): rated on a position prior only — the QB room had no recorded starts/stats to tell the starter from his backups.,"Confirm the season's starter (add games_started) or a manual override if a known starter/legend; rate the starter, leave backups lower.",low
3,00-0001471,Steve Bono,STL,1998,QB,72,73,Starting-QB-critical (team): rated on a position prior only — the QB room had no recorded starts/stats to tell the starter from his backups.,"Confirm the season's starter (add games_started) or a manual override if a known starter/legend; rate the starter, leave backups lower.",low
3,00-0000722,Tony Banks,STL,1998,QB,72,73,Starting-QB-critical (team): rated on a position prior only — the QB room had no recorded starts/stats to tell the starter from his backups.,"Confirm the season's starter (add games_started) or a manual override if a known starter/legend; rate the starter, leave backups lower.",low
3,00-0001810,Jeff Brohm,TB,1998,QB,72,73,Starting-QB-critical (team): rated on a position prior only — the QB room had no recorded starts/stats to tell the starter from his backups.,"Confirm the season's starter (add games_started) or a manual override if a known starter/legend; rate the starter, leave backups lower.",low
3,00-0011210,Scott Milanovich,TB,1998,QB,72,73,Starting-QB-critical (team): rated on a position prior only — the QB room had no recorded starts/stats to tell the starter from his backups.,"Confirm the season's starter (add games_started) or a manual override if a known starter/legend; rate the starter, leave backups lower.",low
3,00-0017121,Steve Walsh,TB,1998,QB,72,73,Starting-QB-critical (team): rated on a position prior only — the QB room had no recorded starts/stats to tell the starter from his backups.,"Confirm the season's starter (add games_started) or a manual override if a known starter/legend; rate the starter, leave backups lower.",low
3,00-0004293,Trent Dilfer,TB,1998,QB,72,73,Starting-QB-critical (team): rated on a position prior only — the QB room had no recorded starts/stats to tell the starter from his backups.,"Confirm the season's starter (add games_started) or a manual override if a known starter/legend; rate the starter, leave backups lower.",low
3,00-0009475,Dave Krieg,TEN,1998,QB,72,73,Starting-QB-critical (team): rated on a position prior only — the QB room had no recorded starts/stats to tell the starter from his backups.,"Confirm the season's starter (add games_started) or a manual override if a known starter/legend; rate the starter, leave backups lower.",low
3,00-0010561,Steve Matthews,TEN,1998,QB,72,73,Starting-QB-critical (team): rated on a position prior only — the QB room had no recorded starts/stats to tell the starter from his backups.,"Confirm the season's starter (add games_started) or a manual override if a known starter/legend; rate the starter, leave backups lower.",low
3,00-0011024,Steve McNair,TEN,1998,QB,72,73,Starting-QB-critical (team): rated on a position prior only — the QB room had no recorded starts/stats to tell the starter from his backups.,"Confirm the season's starter (add games_started) or a manual override if a known starter/legend; rate the starter, leave backups lower.",low
3,00-0017415,Casey Weldon,WAS,1998,QB,72,73,Starting-QB-critical (team): rated on a position prior only — the QB room had no recorded starts/stats to tell the starter from his backups.,"Confirm the season's starter (add games_started) or a manual override if a known starter/legend; rate the starter, leave backups lower.",low
3,00-0005589,Gus Frerotte,WAS,1998,QB,72,73,Starting-QB-critical (team): rated on a position prior only — the QB room had no recorded starts/stats to tell the starter from his backups.,"Confirm the season's starter (add games_started) or a manual override if a known starter/legend; rate the starter, leave backups lower.",low
3,00-0007765,Jeff Hostetler,WAS,1998,QB,72,73,Starting-QB-critical (team): rated on a position prior only — the QB room had no recorded starts/stats to tell the starter from his backups.,"Confirm the season's starter (add games_started) or a manual override if a known starter/legend; rate the starter, leave backups lower.",low
3,00-0006355,Trent Green,WAS,1998,QB,72,73,Starting-QB-critical (team): rated on a position prior only — the QB room had no recorded starts/stats to tell the starter from his backups.,"Confirm the season's starter (add games_started) or a manual override if a known starter/legend; rate the starter, leave backups lower.",low
3,00-0013042,Jake Plummer,ARI,1997,QB,69,73,Starting-QB-critical (team): rated on a position prior only — the QB room had no recorded starts/stats to tell the starter from his backups.,"Confirm the season's starter (add games_started) or a manual override if a known starter/legend; rate the starter, leave backups lower.",low
3,00-0006212,Kent Graham,ARI,1997,QB,69,73,Starting-QB-critical (team): rated on a position prior only — the QB room had no recorded starts/stats to tell the starter from his backups.,"Confirm the season's starter (add games_started) or a manual override if a known starter/legend; rate the starter, leave backups lower.",low
3,00-0002787,Stoney Case,ARI,1997,QB,69,73,Starting-QB-critical (team): rated on a position prior only — the QB room had no recorded starts/stats to tell the starter from his backups.,"Confirm the season's starter (add games_started) or a manual override if a known starter/legend; rate the starter, leave backups lower.",low
3,00-0002876,Chris Chandler,ATL,1997,QB,69,73,Starting-QB-critical (team): rated on a position prior only — the QB room had no recorded starts/stats to tell the starter from his backups.,"Confirm the season's starter (add games_started) or a manual override if a known starter/legend; rate the starter, leave backups lower.",low
3,00-0011276,Jim Miller,ATL,1997,QB,69,73,Starting-QB-critical (team): rated on a position prior only — the QB room had no recorded starts/stats to tell the starter from his backups.,"Confirm the season's starter (add games_started) or a manual override if a known starter/legend; rate the starter, leave backups lower.",low
3,00-0006299,Tony Graziani,ATL,1997,QB,69,73,Starting-QB-critical (team): rated on a position prior only — the QB room had no recorded starts/stats to tell the starter from his backups.,"Confirm the season's starter (add games_started) or a manual override if a known starter/legend; rate the starter, leave backups lower.",low
3,00-0018483,Eric Zeier,BAL,1997,QB,69,73,Starting-QB-critical (team): rated on a position prior only — the QB room had no recorded starts/stats to tell the starter from his backups.,"Confirm the season's starter (add games_started) or a manual override if a known starter/legend; rate the starter, leave backups lower.",low
3,00-0016193,Vinny Testaverde,BAL,1997,QB,69,73,Starting-QB-critical (team): rated on a position prior only — the QB room had no recorded starts/stats to tell the starter from his backups.,"Confirm the season's starter (add games_started) or a manual override if a known starter/legend; rate the starter, leave backups lower.",low
3,00-0013695,Wally Richardson,BAL,1997,QB,69,73,Starting-QB-critical (team): rated on a position prior only — the QB room had no recorded starts/stats to tell the starter from his backups.,"Confirm the season's starter (add games_started) or a manual override if a known starter/legend; rate the starter, leave backups lower.",low
3,00-0016838,Alex Van Pelt,BUF,1997,QB,69,73,Starting-QB-critical (team): rated on a position prior only — the QB room had no recorded starts/stats to tell the starter from his backups.,"Confirm the season's starter (add games_started) or a manual override if a known starter/legend; rate the starter, leave backups lower.",low
3,00-0000683,Jim Ballard,BUF,1997,QB,69,73,Starting-QB-critical (team): rated on a position prior only — the QB room had no recorded starts/stats to tell the starter from his backups.,"Confirm the season's starter (add games_started) or a manual override if a known starter/legend; rate the starter, leave backups lower.",low
3,00-0003315,Todd Collins,BUF,1997,QB,69,73,Starting-QB-critical (team): rated on a position prior only — the QB room had no recorded starts/stats to tell the starter from his backups.,"Confirm the season's starter (add games_started) or a manual override if a known starter/legend; rate the starter, leave backups lower.",low
3,00-0003292,Kerry Collins,CAR,1997,QB,69,73,Starting-QB-critical (team): rated on a position prior only — the QB room had no recorded starts/stats to tell the starter from his backups.,"Confirm the season's starter (add games_started) or a manual override if a known starter/legend; rate the starter, leave backups lower.",low
3,00-0010560,Shane Matthews,CAR,1997,QB,69,73,Starting-QB-critical (team): rated on a position prior only — the QB room had no recorded starts/stats to tell the starter from his backups.,"Confirm the season's starter (add games_started) or a manual override if a known starter/legend; rate the starter, leave backups lower.",low
3,00-0001218,Steve Beuerlein,CAR,1997,QB,69,73,Starting-QB-critical (team): rated on a position prior only — the QB room had no recorded starts/stats to tell the starter from his backups.,"Confirm the season's starter (add games_started) or a manual override if a known starter/legend; rate the starter, leave backups lower.",low
3,00-0009451,Erik Kramer,CHI,1997,QB,69,73,Starting-QB-critical (team): rated on a position prior only — the QB room had no recorded starts/stats to tell the starter from his backups.,"Confirm the season's starter (add games_started) or a manual override if a known starter/legend; rate the starter, leave backups lower.",low
3,00-0011378,Rick Mirer,CHI,1997,QB,69,73,Starting-QB-critical (team): rated on a position prior only — the QB room had no recorded starts/stats to tell the starter from his backups.,"Confirm the season's starter (add games_started) or a manual override if a known starter/legend; rate the starter, leave backups lower.",low
3,00-0015627,Steve Stenstrom,CHI,1997,QB,69,73,Starting-QB-critical (team): rated on a position prior only — the QB room had no recorded starts/stats to tell the starter from his backups.,"Confirm the season's starter (add games_started) or a manual override if a known starter/legend; rate the starter, leave backups lower.",low
3,00-0004937,Boomer Esiason,CIN,1997,QB,69,73,Starting-QB-critical (team): rated on a position prior only — the QB room had no recorded starts/stats to tell the starter from his backups.,"Confirm the season's starter (add games_started) or a manual override if a known starter/legend; rate the starter, leave backups lower.",low
3,00-0009471,Eric Kresser,CIN,1997,QB,69,73,Starting-QB-critical (team): rated on a position prior only — the QB room had no recorded starts/stats to tell the starter from his backups.,"Confirm the season's starter (add games_started) or a manual override if a known starter/legend; rate the starter, leave backups lower.",low
3,00-0001335,Jeff Blake,CIN,1997,QB,69,73,Starting-QB-critical (team): rated on a position prior only — the QB room had no recorded starts/stats to tell the starter from his backups.,"Confirm the season's starter (add games_started) or a manual override if a known starter/legend; rate the starter, leave backups lower.",low
3,00-0005794,Jason Garrett,DAL,1997,QB,69,73,Starting-QB-critical (team): rated on a position prior only — the QB room had no recorded starts/stats to tell the starter from his backups.,"Confirm the season's starter (add games_started) or a manual override if a known starter/legend; rate the starter, leave backups lower.",low
3,00-0000104,Troy Aikman,DAL,1997,QB,69,73,Starting-QB-critical (team): rated on a position prior only — the QB room had no recorded starts/stats to tell the starter from his backups.,"Confirm the season's starter (add games_started) or a manual override if a known starter/legend; rate the starter, leave backups lower.",low
3,00-0018073,Wade Wilson,DAL,1997,QB,69,73,Starting-QB-critical (team): rated on a position prior only — the QB room had no recorded starts/stats to tell the starter from his backups.,"Confirm the season's starter (add games_started) or a manual override if a known starter/legend; rate the starter, leave backups lower.",low
3,00-0001785,Bubby Brister,DEN,1997,QB,69,73,Starting-QB-critical (team): rated on a position prior only — the QB room had no recorded starts/stats to tell the starter from his backups.,"Confirm the season's starter (add games_started) or a manual override if a known starter/legend; rate the starter, leave backups lower.",low
3,00-0009868,Jeff Lewis,DEN,1997,QB,69,73,Starting-QB-critical (team): rated on a position prior only — the QB room had no recorded starts/stats to tell the starter from his backups.,"Confirm the season's starter (add games_started) or a manual override if a known starter/legend; rate the starter, leave backups lower.",low
3,00-0004884,John Elway,DEN,1997,QB,70,73,Starting-QB-critical (team): rated on a position prior only — the QB room had no recorded starts/stats to tell the starter from his backups.,"Confirm the season's starter (add games_started) or a manual override if a known starter/legend; rate the starter, leave backups lower.",low
3,00-0013558,Frank Reich,DET,1997,QB,70,73,Starting-QB-critical (team): rated on a position prior only — the QB room had no recorded starts/stats to tell the starter from his backups.,"Confirm the season's starter (add games_started) or a manual override if a known starter/legend; rate the starter, leave backups lower.",low
3,00-0001387,Matt Blundin,DET,1997,QB,70,73,Starting-QB-critical (team): rated on a position prior only — the QB room had no recorded starts/stats to tell the starter from his backups.,"Confirm the season's starter (add games_started) or a manual override if a known starter/legend; rate the starter, leave backups lower.",low
3,00-0011434,Scott Mitchell,DET,1997,QB,70,73,Starting-QB-critical (team): rated on a position prior only — the QB room had no recorded starts/stats to tell the starter from his backups.,"Confirm the season's starter (add games_started) or a manual override if a known starter/legend; rate the starter, leave backups lower.",low
3,00-0005106,Brett Favre,GB,1997,QB,70,73,Starting-QB-critical (team): rated on a position prior only — the QB room had no recorded starts/stats to tell the starter from his backups.,"Confirm the season's starter (add games_started) or a manual override if a known starter/legend; rate the starter, leave backups lower.",low
3,00-0012726,Doug Pederson,GB,1997,QB,70,73,Starting-QB-critical (team): rated on a position prior only — the QB room had no recorded starts/stats to tell the starter from his backups.,"Confirm the season's starter (add games_started) or a manual override if a known starter/legend; rate the starter, leave backups lower.",low
3,00-0001471,Steve Bono,GB,1997,QB,70,73,Starting-QB-critical (team): rated on a position prior only — the QB room had no recorded starts/stats to tell the starter from his backups.,"Confirm the season's starter (add games_started) or a manual override if a known starter/legend; rate the starter, leave backups lower.",low
3,00-0006808,Jim Harbaugh,IND,1997,QB,70,73,Starting-QB-critical (team): rated on a position prior only — the QB room had no recorded starts/stats to tell the starter from his backups.,"Confirm the season's starter (add games_started) or a manual override if a known starter/legend; rate the starter, leave backups lower.",low
3,00-0007576,Kelly Holcomb,IND,1997,QB,70,73,Starting-QB-critical (team): rated on a position prior only — the QB room had no recorded starts/stats to tell the starter from his backups.,"Confirm the season's starter (add games_started) or a manual override if a known starter/legend; rate the starter, leave backups lower.",low
3,00-0001034,Kerwin Bell,IND,1997,QB,70,73,Starting-QB-critical (team): rated on a position prior only — the QB room had no recorded starts/stats to tell the starter from his backups.,"Confirm the season's starter (add games_started) or a manual override if a known starter/legend; rate the starter, leave backups lower.",low
3,00-0008970,Paul Justin,IND,1997,QB,70,73,Starting-QB-critical (team): rated on a position prior only — the QB room had no recorded starts/stats to tell the starter from his backups.,"Confirm the season's starter (add games_started) or a manual override if a known starter/legend; rate the starter, leave backups lower.",low
3,00-0002110,Mark Brunell,JAX,1997,QB,70,73,Starting-QB-critical (team): rated on a position prior only — the QB room had no recorded starts/stats to tell the starter from his backups.,"Confirm the season's starter (add games_started) or a manual override if a known starter/legend; rate the starter, leave backups lower.",low
3,00-0008612,Rob Johnson,JAX,1997,QB,70,73,Starting-QB-critical (team): rated on a position prior only — the QB room had no recorded starts/stats to tell the starter from his backups.,"Confirm the season's starter (add games_started) or a manual override if a known starter/legend; rate the starter, leave backups lower.",low
3,00-0010561,Steve Matthews,JAX,1997,QB,70,73,Starting-QB-critical (team): rated on a position prior only — the QB room had no recorded starts/stats to tell the starter from his backups.,"Confirm the season's starter (add games_started) or a manual override if a known starter/legend; rate the starter, leave backups lower.",low
3,00-0016534,Billy Joe Tolliver,KC,1997,QB,70,73,Starting-QB-critical (team): rated on a position prior only — the QB room had no recorded starts/stats to tell the starter from his backups.,"Confirm the season's starter (add games_started) or a manual override if a known starter/legend; rate the starter, leave backups lower.",low
3,00-0006300,Elvis Grbac,KC,1997,QB,70,73,Starting-QB-critical (team): rated on a position prior only — the QB room had no recorded starts/stats to tell the starter from his backups.,"Confirm the season's starter (add games_started) or a manual override if a known starter/legend; rate the starter, leave backups lower.",low
3,00-0000785,Pat Barnes,KC,1997,QB,70,73,Starting-QB-critical (team): rated on a position prior only — the QB room had no recorded starts/stats to tell the starter from his backups.,"Confirm the season's starter (add games_started) or a manual override if a known starter/legend; rate the starter, leave backups lower.",low
3,00-0005741,Rich Gannon,KC,1997,QB,70,73,Starting-QB-critical (team): rated on a position prior only — the QB room had no recorded starts/stats to tell the starter from his backups.,"Confirm the season's starter (add games_started) or a manual override if a known starter/legend; rate the starter, leave backups lower.",low
3,00-0017415,Casey Weldon,LAC,1997,QB,70,73,Starting-QB-critical (team): rated on a position prior only — the QB room had no recorded starts/stats to tell the starter from his backups.,"Confirm the season's starter (add games_started) or a manual override if a known starter/legend; rate the starter, leave backups lower.",low
3,00-0017497,Craig Whelihan,LAC,1997,QB,70,73,Starting-QB-critical (team): rated on a position prior only — the QB room had no recorded starts/stats to tell the starter from his backups.,"Confirm the season's starter (add games_started) or a manual override if a known starter/legend; rate the starter, leave backups lower.",low
3,00-0005015,Jim Everett,LAC,1997,QB,70,73,Starting-QB-critical (team): rated on a position prior only — the QB room had no recorded starts/stats to tell the starter from his backups.,"Confirm the season's starter (add games_started) or a manual override if a known starter/legend; rate the starter, leave backups lower.",low
3,00-0007921,Stan Humphries,LAC,1997,QB,70,73,Starting-QB-critical (team): rated on a position prior only — the QB room had no recorded starts/stats to tell the starter from his backups.,"Confirm the season's starter (add games_started) or a manual override if a known starter/legend; rate the starter, leave backups lower.",low
3,00-0012910,Todd Philcox,LAC,1997,QB,70,73,Starting-QB-critical (team): rated on a position prior only — the QB room had no recorded starts/stats to tell the starter from his backups.,"Confirm the season's starter (add games_started) or a manual override if a known starter/legend; rate the starter, leave backups lower.",low
3,00-0009331,David Klingler,LV,1997,QB,70,73,Starting-QB-critical (team): rated on a position prior only — the QB room had no recorded starts/stats to tell the starter from his backups.,"Confirm the season's starter (add games_started) or a manual override if a known starter/legend; rate the starter, leave backups lower.",low
3,00-0007601,Donald Hollas,LV,1997,QB,70,73,Starting-QB-critical (team): rated on a position prior only — the QB room had no recorded starts/stats to tell the starter from his backups.,"Confirm the season's starter (add games_started) or a manual override if a known starter/legend; rate the starter, leave backups lower.",low
3,00-0005885,Jeff George,LV,1997,QB,70,73,Starting-QB-critical (team): rated on a position prior only — the QB room had no recorded starts/stats to tell the starter from his backups.,"Confirm the season's starter (add games_started) or a manual override if a known starter/legend; rate the starter, leave backups lower.",low
3,00-0004925,Craig Erickson,MIA,1997,QB,71,73,Starting-QB-critical (team): rated on a position prior only — the QB room had no recorded starts/stats to tell the starter from his backups.,"Confirm the season's starter (add games_started) or a manual override if a known starter/legend; rate the starter, leave backups lower.",low
3,00-0007835,Damon Huard,MIA,1997,QB,71,73,Starting-QB-critical (team): rated on a position prior only — the QB room had no recorded starts/stats to tell the starter from his backups.,"Confirm the season's starter (add games_started) or a manual override if a known starter/legend; rate the starter, leave backups lower.",low
3,00-0010379,Dan Marino,MIA,1997,QB,71,73,Starting-QB-critical (team): rated on a position prior only — the QB room had no recorded starts/stats to tell the starter from his backups.,"Confirm the season's starter (add games_started) or a manual override if a known starter/legend; rate the starter, leave backups lower.",low
3,00-0008442,Brad Johnson,MIN,1997,QB,71,73,Starting-QB-critical (team): rated on a position prior only — the QB room had no recorded starts/stats to tell the starter from his backups.,"Confirm the season's starter (add games_started) or a manual override if a known starter/legend; rate the starter, leave backups lower.",low
3,jay-walker,Jay Walker,MIN,1997,QB,71,73,Starting-QB-critical (team): rated on a position prior only — the QB room had no recorded starts/stats to tell the starter from his backups.,"Confirm the season's starter (add games_started) or a manual override if a known starter/legend; rate the starter, leave backups lower.",low
3,00-0003761,Randall Cunningham,MIN,1997,QB,71,73,Starting-QB-critical (team): rated on a position prior only — the QB room had no recorded starts/stats to tell the starter from his backups.,"Confirm the season's starter (add games_started) or a manual override if a known starter/legend; rate the starter, leave backups lower.",low
3,00-0001545,Todd Bouman,MIN,1997,QB,71,73,Starting-QB-critical (team): rated on a position prior only — the QB room had no recorded starts/stats to tell the starter from his backups.,"Confirm the season's starter (add games_started) or a manual override if a known starter/legend; rate the starter, leave backups lower.",low
3,00-0001361,Drew Bledsoe,NE,1997,QB,71,73,Starting-QB-critical (team): rated on a position prior only — the QB room had no recorded starts/stats to tell the starter from his backups.,"Confirm the season's starter (add games_started) or a manual override if a known starter/legend; rate the starter, leave backups lower.",low
3,00-0018518,Scott Zolak,NE,1997,QB,71,73,Starting-QB-critical (team): rated on a position prior only — the QB room had no recorded starts/stats to tell the starter from his backups.,"Confirm the season's starter (add games_started) or a manual override if a known starter/legend; rate the starter, leave backups lower.",low
3,00-0016683,Tom Tupa,NE,1997,QB,71,73,Starting-QB-critical (team): rated on a position prior only — the QB room had no recorded starts/stats to tell the starter from his backups.,"Confirm the season's starter (add games_started) or a manual override if a known starter/legend; rate the starter, leave backups lower.",low
3,00-0007530,Billy Joe Hobert,NO,1997,QB,71,73,Starting-QB-critical (team): rated on a position prior only — the QB room had no recorded starts/stats to tell the starter from his backups.,"Confirm the season's starter (add games_started) or a manual override if a known starter/legend; rate the starter, leave backups lower.",low
3,00-0018333,Danny Wuerffel,NO,1997,QB,71,73,Starting-QB-critical (team): rated on a position prior only — the QB room had no recorded starts/stats to tell the starter from his backups.,"Confirm the season's starter (add games_started) or a manual override if a known starter/legend; rate the starter, leave backups lower.",low
3,00-0012226,Doug Nussmeier,NO,1997,QB,71,73,Starting-QB-critical (team): rated on a position prior only — the QB room had no recorded starts/stats to tell the starter from his backups.,"Confirm the season's starter (add games_started) or a manual override if a known starter/legend; rate the starter, leave backups lower.",low
3,00-0014843,Heath Shuler,NO,1997,QB,71,73,Starting-QB-critical (team): rated on a position prior only — the QB room had no recorded starts/stats to tell the starter from his backups.,"Confirm the season's starter (add games_started) or a manual override if a known starter/legend; rate the starter, leave backups lower.",low
3,00-0009007,Danny Kanell,NYG,1997,QB,71,73,Starting-QB-critical (team): rated on a position prior only — the QB room had no recorded starts/stats to tell the starter from his backups.,"Confirm the season's starter (add games_started) or a manual override if a known starter/legend; rate the starter, leave backups lower.",low
3,00-0001907,Dave Brown,NYG,1997,QB,71,73,Starting-QB-critical (team): rated on a position prior only — the QB room had no recorded starts/stats to tell the starter from his backups.,"Confirm the season's starter (add games_started) or a manual override if a known starter/legend; rate the starter, leave backups lower.",low
3,00-0002930,Mike Cherry,NYG,1997,QB,71,73,Starting-QB-critical (team): rated on a position prior only — the QB room had no recorded starts/stats to tell the starter from his backups.,"Confirm the season's starter (add games_started) or a manual override if a known starter/legend; rate the starter, leave backups lower.",low
3,00-0017575,Stan White,NYG,1997,QB,71,73,Starting-QB-critical (team): rated on a position prior only — the QB room had no recorded starts/stats to tell the starter from his backups.,"Confirm the season's starter (add games_started) or a manual override if a known starter/legend; rate the starter, leave backups lower.",low
3,00-0003108,Chuck Clements,NYJ,1997,QB,71,73,Starting-QB-critical (team): rated on a position prior only — the QB room had no recorded starts/stats to tell the starter from his backups.,"Confirm the season's starter (add games_started) or a manual override if a known starter/legend; rate the starter, leave backups lower.",low
3,00-0005379,Glenn Foley,NYJ,1997,QB,71,73,Starting-QB-critical (team): rated on a position prior only — the QB room had no recorded starts/stats to tell the starter from his backups.,"Confirm the season's starter (add games_started) or a manual override if a known starter/legend; rate the starter, leave backups lower.",low
3,00-0012261,Neil O'Donnell,NYJ,1997,QB,71,73,Starting-QB-critical (team): rated on a position prior only — the QB room had no recorded starts/stats to tell the starter from his backups.,"Confirm the season's starter (add games_started) or a manual override if a known starter/legend; rate the starter, leave backups lower.",low
3,00-0010137,Ray Lucas,NYJ,1997,QB,71,73,Starting-QB-critical (team): rated on a position prior only — the QB room had no recorded starts/stats to tell the starter from his backups.,"Confirm the season's starter (add games_started) or a manual override if a known starter/legend; rate the starter, leave backups lower.",low
3,00-0007832,Bobby Hoying,PHI,1997,QB,71,73,Starting-QB-critical (team): rated on a position prior only — the QB room had no recorded starts/stats to tell the starter from his backups.,"Confirm the season's starter (add games_started) or a manual override if a known starter/legend; rate the starter, leave backups lower.",low
3,00-0004229,Koy Detmer,PHI,1997,QB,71,73,Starting-QB-critical (team): rated on a position prior only — the QB room had no recorded starts/stats to tell the starter from his backups.,"Confirm the season's starter (add games_started) or a manual override if a known starter/legend; rate the starter, leave backups lower.",low
3,00-0012732,Rodney Peete,PHI,1997,QB,71,73,Starting-QB-critical (team): rated on a position prior only — the QB room had no recorded starts/stats to tell the starter from his backups.,"Confirm the season's starter (add games_started) or a manual override if a known starter/legend; rate the starter, leave backups lower.",low
3,00-0004230,Ty Detmer,PHI,1997,QB,71,73,Starting-QB-critical (team): rated on a position prior only — the QB room had no recorded starts/stats to tell the starter from his backups.,"Confirm the season's starter (add games_started) or a manual override if a known starter/legend; rate the starter, leave backups lower.",low
3,00-0015700,Kordell Stewart,PIT,1997,QB,72,73,Starting-QB-critical (team): rated on a position prior only — the QB room had no recorded starts/stats to tell the starter from his backups.,"Confirm the season's starter (add games_started) or a manual override if a known starter/legend; rate the starter, leave backups lower.",low
3,00-0013341,Mike Quinn,PIT,1997,QB,72,73,Starting-QB-critical (team): rated on a position prior only — the QB room had no recorded starts/stats to tell the starter from his backups.,"Confirm the season's starter (add games_started) or a manual override if a known starter/legend; rate the starter, leave backups lower.",low
3,00-0016538,Mike Tomczak,PIT,1997,QB,72,73,Starting-QB-critical (team): rated on a position prior only — the QB room had no recorded starts/stats to tell the starter from his backups.,"Confirm the season's starter (add games_started) or a manual override if a known starter/legend; rate the starter, leave backups lower.",low
3,00-0005600,John Friesz,SEA,1997,QB,72,73,Starting-QB-critical (team): rated on a position prior only — the QB room had no recorded starts/stats to tell the starter from his backups.,"Confirm the season's starter (add games_started) or a manual override if a known starter/legend; rate the starter, leave backups lower.",low
3,00-0009311,Jon Kitna,SEA,1997,QB,72,73,Starting-QB-critical (team): rated on a position prior only — the QB room had no recorded starts/stats to tell the starter from his backups.,"Confirm the season's starter (add games_started) or a manual override if a known starter/legend; rate the starter, leave backups lower.",low
3,00-0011524,Warren Moon,SEA,1997,QB,72,73,Starting-QB-critical (team): rated on a position prior only — the QB room had no recorded starts/stats to tell the starter from his backups.,"Confirm the season's starter (add games_started) or a manual override if a known starter/legend; rate the starter, leave backups lower.",low
3,00-0001810,Jeff Brohm,SF,1997,QB,72,73,Starting-QB-critical (team): rated on a position prior only — the QB room had no recorded starts/stats to tell the starter from his backups.,"Confirm the season's starter (add games_started) or a manual override if a known starter/legend; rate the starter, leave backups lower.",low
3,00-0004546,Jim Druckenmiller,SF,1997,QB,72,73,Starting-QB-critical (team): rated on a position prior only — the QB room had no recorded starts/stats to tell the starter from his backups.,"Confirm the season's starter (add games_started) or a manual override if a known starter/legend; rate the starter, leave backups lower.",low
3,00-0018441,Steve Young,SF,1997,QB,72,73,Starting-QB-critical (team): rated on a position prior only — the QB room had no recorded starts/stats to tell the starter from his backups.,"Confirm the season's starter (add games_started) or a manual override if a known starter/legend; rate the starter, leave backups lower.",low
3,00-0014234,Mark Rypien,STL,1997,QB,72,73,Starting-QB-critical (team): rated on a position prior only — the QB room had no recorded starts/stats to tell the starter from his backups.,"Confirm the season's starter (add games_started) or a manual override if a known starter/legend; rate the starter, leave backups lower.",low
3,00-0000722,Tony Banks,STL,1997,QB,72,73,Starting-QB-critical (team): rated on a position prior only — the QB room had no recorded starts/stats to tell the starter from his backups.,"Confirm the season's starter (add games_started) or a manual override if a known starter/legend; rate the starter, leave backups lower.",low
3,00-0005656,Will Furrer,STL,1997,QB,72,73,Starting-QB-critical (team): rated on a position prior only — the QB room had no recorded starts/stats to tell the starter from his backups.,"Confirm the season's starter (add games_started) or a manual override if a known starter/legend; rate the starter, leave backups lower.",low
3,00-0011210,Scott Milanovich,TB,1997,QB,72,73,Starting-QB-critical (team): rated on a position prior only — the QB room had no recorded starts/stats to tell the starter from his backups.,"Confirm the season's starter (add games_started) or a manual override if a known starter/legend; rate the starter, leave backups lower.",low
3,00-0017121,Steve Walsh,TB,1997,QB,72,73,Starting-QB-critical (team): rated on a position prior only — the QB room had no recorded starts/stats to tell the starter from his backups.,"Confirm the season's starter (add games_started) or a manual override if a known starter/legend; rate the starter, leave backups lower.",low
3,00-0004293,Trent Dilfer,TB,1997,QB,72,73,Starting-QB-critical (team): rated on a position prior only — the QB room had no recorded starts/stats to tell the starter from his backups.,"Confirm the season's starter (add games_started) or a manual override if a known starter/legend; rate the starter, leave backups lower.",low
3,00-0009475,Dave Krieg,TEN,1997,QB,72,73,Starting-QB-critical (team): rated on a position prior only — the QB room had no recorded starts/stats to tell the starter from his backups.,"Confirm the season's starter (add games_started) or a manual override if a known starter/legend; rate the starter, leave backups lower.",low
3,00-0013772,James Ritchey,TEN,1997,QB,72,73,Starting-QB-critical (team): rated on a position prior only — the QB room had no recorded starts/stats to tell the starter from his backups.,"Confirm the season's starter (add games_started) or a manual override if a known starter/legend; rate the starter, leave backups lower.",low
3,00-0011024,Steve McNair,TEN,1997,QB,72,73,Starting-QB-critical (team): rated on a position prior only — the QB room had no recorded starts/stats to tell the starter from his backups.,"Confirm the season's starter (add games_started) or a manual override if a known starter/legend; rate the starter, leave backups lower.",low
3,00-0005589,Gus Frerotte,WAS,1997,QB,72,73,Starting-QB-critical (team): rated on a position prior only — the QB room had no recorded starts/stats to tell the starter from his backups.,"Confirm the season's starter (add games_started) or a manual override if a known starter/legend; rate the starter, leave backups lower.",low
3,00-0010455,Jamie Martin,WAS,1997,QB,72,73,Starting-QB-critical (team): rated on a position prior only — the QB room had no recorded starts/stats to tell the starter from his backups.,"Confirm the season's starter (add games_started) or a manual override if a known starter/legend; rate the starter, leave backups lower.",low
3,00-0007765,Jeff Hostetler,WAS,1997,QB,72,73,Starting-QB-critical (team): rated on a position prior only — the QB room had no recorded starts/stats to tell the starter from his backups.,"Confirm the season's starter (add games_started) or a manual override if a known starter/legend; rate the starter, leave backups lower.",low
3,00-0006355,Trent Green,WAS,1997,QB,72,73,Starting-QB-critical (team): rated on a position prior only — the QB room had no recorded starts/stats to tell the starter from his backups.,"Confirm the season's starter (add games_started) or a manual override if a known starter/legend; rate the starter, leave backups lower.",low
3,00-0004937,Boomer Esiason,ARI,1996,QB,69,73,Starting-QB-critical (team): rated on a position prior only — the QB room had no recorded starts/stats to tell the starter from his backups.,"Confirm the season's starter (add games_started) or a manual override if a known starter/legend; rate the starter, leave backups lower.",low
3,00-0010587,Chad May,ARI,1996,QB,69,73,Starting-QB-critical (team): rated on a position prior only — the QB room had no recorded starts/stats to tell the starter from his backups.,"Confirm the season's starter (add games_started) or a manual override if a known starter/legend; rate the starter, leave backups lower.",low
3,00-0006212,Kent Graham,ARI,1996,QB,69,73,Starting-QB-critical (team): rated on a position prior only — the QB room had no recorded starts/stats to tell the starter from his backups.,"Confirm the season's starter (add games_started) or a manual override if a known starter/legend; rate the starter, leave backups lower.",low
3,00-0002787,Stoney Case,ARI,1996,QB,69,73,Starting-QB-critical (team): rated on a position prior only — the QB room had no recorded starts/stats to tell the starter from his backups.,"Confirm the season's starter (add games_started) or a manual override if a known starter/legend; rate the starter, leave backups lower.",low
3,00-0016534,Billy Joe Tolliver,ATL,1996,QB,69,73,Starting-QB-critical (team): rated on a position prior only — the QB room had no recorded starts/stats to tell the starter from his backups.,"Confirm the season's starter (add games_started) or a manual override if a known starter/legend; rate the starter, leave backups lower.",low
3,00-0007190,Bobby Hebert,ATL,1996,QB,69,73,Starting-QB-critical (team): rated on a position prior only — the QB room had no recorded starts/stats to tell the starter from his backups.,"Confirm the season's starter (add games_started) or a manual override if a known starter/legend; rate the starter, leave backups lower.",low
3,00-0011907,Browning Nagle,ATL,1996,QB,69,73,Starting-QB-critical (team): rated on a position prior only — the QB room had no recorded starts/stats to tell the starter from his backups.,"Confirm the season's starter (add games_started) or a manual override if a known starter/legend; rate the starter, leave backups lower.",low
3,00-0018483,Eric Zeier,BAL,1996,QB,69,73,Starting-QB-critical (team): rated on a position prior only — the QB room had no recorded starts/stats to tell the starter from his backups.,"Confirm the season's starter (add games_started) or a manual override if a known starter/legend; rate the starter, leave backups lower.",low
3,00-0015571,Jon Stark,BAL,1996,QB,69,73,Starting-QB-critical (team): rated on a position prior only — the QB room had no recorded starts/stats to tell the starter from his backups.,"Confirm the season's starter (add games_started) or a manual override if a known starter/legend; rate the starter, leave backups lower.",low
3,00-0012443,Scott Otis,BAL,1996,QB,69,73,Starting-QB-critical (team): rated on a position prior only — the QB room had no recorded starts/stats to tell the starter from his backups.,"Confirm the season's starter (add games_started) or a manual override if a known starter/legend; rate the starter, leave backups lower.",low
3,00-0016193,Vinny Testaverde,BAL,1996,QB,69,73,Starting-QB-critical (team): rated on a position prior only — the QB room had no recorded starts/stats to tell the starter from his backups.,"Confirm the season's starter (add games_started) or a manual override if a known starter/legend; rate the starter, leave backups lower.",low
3,00-0016838,Alex Van Pelt,BUF,1996,QB,69,73,Starting-QB-critical (team): rated on a position prior only — the QB room had no recorded starts/stats to tell the starter from his backups.,"Confirm the season's starter (add games_started) or a manual override if a known starter/legend; rate the starter, leave backups lower.",low
3,00-0009111,Jim Kelly,BUF,1996,QB,69,73,Starting-QB-critical (team): rated on a position prior only — the QB room had no recorded starts/stats to tell the starter from his backups.,"Confirm the season's starter (add games_started) or a manual override if a known starter/legend; rate the starter, leave backups lower.",low
3,00-0003315,Todd Collins,BUF,1996,QB,69,73,Starting-QB-critical (team): rated on a position prior only — the QB room had no recorded starts/stats to tell the starter from his backups.,"Confirm the season's starter (add games_started) or a manual override if a known starter/legend; rate the starter, leave backups lower.",low
3,00-0000755,Jay Barker,CAR,1996,QB,69,73,Starting-QB-critical (team): rated on a position prior only — the QB room had no recorded starts/stats to tell the starter from his backups.,"Confirm the season's starter (add games_started) or a manual override if a known starter/legend; rate the starter, leave backups lower.",low
3,00-0003292,Kerry Collins,CAR,1996,QB,69,73,Starting-QB-critical (team): rated on a position prior only — the QB room had no recorded starts/stats to tell the starter from his backups.,"Confirm the season's starter (add games_started) or a manual override if a known starter/legend; rate the starter, leave backups lower.",low
3,00-0001218,Steve Beuerlein,CAR,1996,QB,69,73,Starting-QB-critical (team): rated on a position prior only — the QB room had no recorded starts/stats to tell the starter from his backups.,"Confirm the season's starter (add games_started) or a manual override if a known starter/legend; rate the starter, leave backups lower.",low
3,00-0009475,Dave Krieg,CHI,1996,QB,69,73,Starting-QB-critical (team): rated on a position prior only — the QB room had no recorded starts/stats to tell the starter from his backups.,"Confirm the season's starter (add games_started) or a manual override if a known starter/legend; rate the starter, leave backups lower.",low
3,00-0009451,Erik Kramer,CHI,1996,QB,69,73,Starting-QB-critical (team): rated on a position prior only — the QB room had no recorded starts/stats to tell the starter from his backups.,"Confirm the season's starter (add games_started) or a manual override if a known starter/legend; rate the starter, leave backups lower.",low
3,00-0002435,Mark Butterfield,CHI,1996,QB,69,73,Starting-QB-critical (team): rated on a position prior only — the QB room had no recorded starts/stats to tell the starter from his backups.,"Confirm the season's starter (add games_started) or a manual override if a known starter/legend; rate the starter, leave backups lower.",low
3,00-0010560,Shane Matthews,CHI,1996,QB,69,73,Starting-QB-critical (team): rated on a position prior only — the QB room had no recorded starts/stats to tell the starter from his backups.,"Confirm the season's starter (add games_started) or a manual override if a known starter/legend; rate the starter, leave backups lower.",low
3,00-0015627,Steve Stenstrom,CHI,1996,QB,69,73,Starting-QB-critical (team): rated on a position prior only — the QB room had no recorded starts/stats to tell the starter from his backups.,"Confirm the season's starter (add games_started) or a manual override if a known starter/legend; rate the starter, leave backups lower.",low
3,00-0017673,Erik Wilhelm,CIN,1996,QB,69,73,Starting-QB-critical (team): rated on a position prior only — the QB room had no recorded starts/stats to tell the starter from his backups.,"Confirm the season's starter (add games_started) or a manual override if a known starter/legend; rate the starter, leave backups lower.",low
3,00-0001335,Jeff Blake,CIN,1996,QB,69,73,Starting-QB-critical (team): rated on a position prior only — the QB room had no recorded starts/stats to tell the starter from his backups.,"Confirm the season's starter (add games_started) or a manual override if a known starter/legend; rate the starter, leave backups lower.",low
3,00-0008941,Kerry Joseph,CIN,1996,QB,69,73,Starting-QB-critical (team): rated on a position prior only — the QB room had no recorded starts/stats to tell the starter from his backups.,"Confirm the season's starter (add games_started) or a manual override if a known starter/legend; rate the starter, leave backups lower.",low
3,00-0005794,Jason Garrett,DAL,1996,QB,70,73,Starting-QB-critical (team): rated on a position prior only — the QB room had no recorded starts/stats to tell the starter from his backups.,"Confirm the season's starter (add games_started) or a manual override if a known starter/legend; rate the starter, leave backups lower.",low
3,00-0000104,Troy Aikman,DAL,1996,QB,70,73,Starting-QB-critical (team): rated on a position prior only — the QB room had no recorded starts/stats to tell the starter from his backups.,"Confirm the season's starter (add games_started) or a manual override if a known starter/legend; rate the starter, leave backups lower.",low
3,00-0018073,Wade Wilson,DAL,1996,QB,70,73,Starting-QB-critical (team): rated on a position prior only — the QB room had no recorded starts/stats to tell the starter from his backups.,"Confirm the season's starter (add games_started) or a manual override if a known starter/legend; rate the starter, leave backups lower.",low
3,00-0011873,Bill Musgrave,DEN,1996,QB,70,73,Starting-QB-critical (team): rated on a position prior only — the QB room had no recorded starts/stats to tell the starter from his backups.,"Confirm the season's starter (add games_started) or a manual override if a known starter/legend; rate the starter, leave backups lower.",low
3,00-0009868,Jeff Lewis,DEN,1996,QB,70,73,Starting-QB-critical (team): rated on a position prior only — the QB room had no recorded starts/stats to tell the starter from his backups.,"Confirm the season's starter (add games_started) or a manual override if a known starter/legend; rate the starter, leave backups lower.",low
3,00-0004884,John Elway,DEN,1996,QB,70,73,Starting-QB-critical (team): rated on a position prior only — the QB room had no recorded starts/stats to tell the starter from his backups.,"Confirm the season's starter (add games_started) or a manual override if a known starter/legend; rate the starter, leave backups lower.",low
3,00-0014129,T.J. Rubley,DEN,1996,QB,70,73,Starting-QB-critical (team): rated on a position prior only — the QB room had no recorded starts/stats to tell the starter from his backups.,"Confirm the season's starter (add games_started) or a manual override if a known starter/legend; rate the starter, leave backups lower.",low
3,00-0010284,Don Majkowski,DET,1996,QB,70,73,Starting-QB-critical (team): rated on a position prior only — the QB room had no recorded starts/stats to tell the starter from his backups.,"Confirm the season's starter (add games_started) or a manual override if a known starter/legend; rate the starter, leave backups lower.",low
3,00-0008547,Johnny Johnson,DET,1996,QB,70,73,Starting-QB-critical (team): rated on a position prior only — the QB room had no recorded starts/stats to tell the starter from his backups.,"Confirm the season's starter (add games_started) or a manual override if a known starter/legend; rate the starter, leave backups lower.",low
3,00-0011434,Scott Mitchell,DET,1996,QB,70,73,Starting-QB-critical (team): rated on a position prior only — the QB room had no recorded starts/stats to tell the starter from his backups.,"Confirm the season's starter (add games_started) or a manual override if a known starter/legend; rate the starter, leave backups lower.",low
3,00-0006808,Jim Harbaugh,IND,1996,QB,70,73,Starting-QB-critical (team): rated on a position prior only — the QB room had no recorded starts/stats to tell the starter from his backups.,"Confirm the season's starter (add games_started) or a manual override if a known starter/legend; rate the starter, leave backups lower.",low
3,00-0007576,Kelly Holcomb,IND,1996,QB,70,73,Starting-QB-critical (team): rated on a position prior only — the QB room had no recorded starts/stats to tell the starter from his backups.,"Confirm the season's starter (add games_started) or a manual override if a known starter/legend; rate the starter, leave backups lower.",low
3,00-0001034,Kerwin Bell,IND,1996,QB,70,73,Starting-QB-critical (team): rated on a position prior only — the QB room had no recorded starts/stats to tell the starter from his backups.,"Confirm the season's starter (add games_started) or a manual override if a known starter/legend; rate the starter, leave backups lower.",low
3,00-0008970,Paul Justin,IND,1996,QB,70,73,Starting-QB-critical (team): rated on a position prior only — the QB room had no recorded starts/stats to tell the starter from his backups.,"Confirm the season's starter (add games_started) or a manual override if a known starter/legend; rate the starter, leave backups lower.",low
3,00-0002110,Mark Brunell,JAX,1996,QB,70,73,Starting-QB-critical (team): rated on a position prior only — the QB room had no recorded starts/stats to tell the starter from his backups.,"Confirm the season's starter (add games_started) or a manual override if a known starter/legend; rate the starter, leave backups lower.",low
3,00-0008612,Rob Johnson,JAX,1996,QB,70,73,Starting-QB-critical (team): rated on a position prior only — the QB room had no recorded starts/stats to tell the starter from his backups.,"Confirm the season's starter (add games_started) or a manual override if a known starter/legend; rate the starter, leave backups lower.",low
3,00-0012910,Todd Philcox,JAX,1996,QB,70,73,Starting-QB-critical (team): rated on a position prior only — the QB room had no recorded starts/stats to tell the starter from his backups.,"Confirm the season's starter (add games_started) or a manual override if a known starter/legend; rate the starter, leave backups lower.",low
3,00-0005741,Rich Gannon,KC,1996,QB,70,73,Starting-QB-critical (team): rated on a position prior only — the QB room had no recorded starts/stats to tell the starter from his backups.,"Confirm the season's starter (add games_started) or a manual override if a known starter/legend; rate the starter, leave backups lower.",low
3,00-0001471,Steve Bono,KC,1996,QB,70,73,Starting-QB-critical (team): rated on a position prior only — the QB room had no recorded starts/stats to tell the starter from his backups.,"Confirm the season's starter (add games_started) or a manual override if a known starter/legend; rate the starter, leave backups lower.",low
3,00-0010561,Steve Matthews,KC,1996,QB,70,73,Starting-QB-critical (team): rated on a position prior only — the QB room had no recorded starts/stats to tell the starter from his backups.,"Confirm the season's starter (add games_started) or a manual override if a known starter/legend; rate the starter, leave backups lower.",low
3,00-0017497,Craig Whelihan,LAC,1996,QB,70,73,Starting-QB-critical (team): rated on a position prior only — the QB room had no recorded starts/stats to tell the starter from his backups.,"Confirm the season's starter (add games_started) or a manual override if a known starter/legend; rate the starter, leave backups lower.",low
3,00-0014270,Sean Salisbury,LAC,1996,QB,70,73,Starting-QB-critical (team): rated on a position prior only — the QB room had no recorded starts/stats to tell the starter from his backups.,"Confirm the season's starter (add games_started) or a manual override if a known starter/legend; rate the starter, leave backups lower.",low
3,00-0007921,Stan Humphries,LAC,1996,QB,70,73,Starting-QB-critical (team): rated on a position prior only — the QB room had no recorded starts/stats to tell the starter from his backups.,"Confirm the season's starter (add games_started) or a manual override if a known starter/legend; rate the starter, leave backups lower.",low
3,00-0011496,Alfred Montez,LV,1996,QB,70,73,Starting-QB-critical (team): rated on a position prior only — the QB room had no recorded starts/stats to tell the starter from his backups.,"Confirm the season's starter (add games_started) or a manual override if a known starter/legend; rate the starter, leave backups lower.",low
3,00-0007530,Billy Joe Hobert,LV,1996,QB,70,73,Starting-QB-critical (team): rated on a position prior only — the QB room had no recorded starts/stats to tell the starter from his backups.,"Confirm the season's starter (add games_started) or a manual override if a known starter/legend; rate the starter, leave backups lower.",low
3,00-0009331,David Klingler,LV,1996,QB,71,73,Starting-QB-critical (team): rated on a position prior only — the QB room had no recorded starts/stats to tell the starter from his backups.,"Confirm the season's starter (add games_started) or a manual override if a known starter/legend; rate the starter, leave backups lower.",low
3,00-0007765,Jeff Hostetler,LV,1996,QB,71,73,Starting-QB-critical (team): rated on a position prior only — the QB room had no recorded starts/stats to tell the starter from his backups.,"Confirm the season's starter (add games_started) or a manual override if a known starter/legend; rate the starter, leave backups lower.",low
3,00-0009427,Bernie Kosar,MIA,1996,QB,71,73,Starting-QB-critical (team): rated on a position prior only — the QB room had no recorded starts/stats to tell the starter from his backups.,"Confirm the season's starter (add games_started) or a manual override if a known starter/legend; rate the starter, leave backups lower.",low
3,00-0004925,Craig Erickson,MIA,1996,QB,71,73,Starting-QB-critical (team): rated on a position prior only — the QB room had no recorded starts/stats to tell the starter from his backups.,"Confirm the season's starter (add games_started) or a manual override if a known starter/legend; rate the starter, leave backups lower.",low
3,00-0010379,Dan Marino,MIA,1996,QB,71,73,Starting-QB-critical (team): rated on a position prior only — the QB room had no recorded starts/stats to tell the starter from his backups.,"Confirm the season's starter (add games_started) or a manual override if a known starter/legend; rate the starter, leave backups lower.",low
3,00-0008442,Brad Johnson,MIN,1996,QB,71,73,Starting-QB-critical (team): rated on a position prior only — the QB room had no recorded starts/stats to tell the starter from his backups.,"Confirm the season's starter (add games_started) or a manual override if a known starter/legend; rate the starter, leave backups lower.",low
3,jay-walker,Jay Walker,MIN,1996,QB,71,73,Starting-QB-critical (team): rated on a position prior only — the QB room had no recorded starts/stats to tell the starter from his backups.,"Confirm the season's starter (add games_started) or a manual override if a known starter/legend; rate the starter, leave backups lower.",low
3,00-0011524,Warren Moon,MIN,1996,QB,71,73,Starting-QB-critical (team): rated on a position prior only — the QB room had no recorded starts/stats to tell the starter from his backups.,"Confirm the season's starter (add games_started) or a manual override if a known starter/legend; rate the starter, leave backups lower.",low
3,00-0001361,Drew Bledsoe,NE,1996,QB,71,73,Starting-QB-critical (team): rated on a position prior only — the QB room had no recorded starts/stats to tell the starter from his backups.,"Confirm the season's starter (add games_started) or a manual override if a known starter/legend; rate the starter, leave backups lower.",low
3,00-0018518,Scott Zolak,NE,1996,QB,71,73,Starting-QB-critical (team): rated on a position prior only — the QB room had no recorded starts/stats to tell the starter from his backups.,"Confirm the season's starter (add games_started) or a manual override if a known starter/legend; rate the starter, leave backups lower.",low
3,00-0016683,Tom Tupa,NE,1996,QB,71,73,Starting-QB-critical (team): rated on a position prior only — the QB room had no recorded starts/stats to tell the starter from his backups.,"Confirm the season's starter (add games_started) or a manual override if a known starter/legend; rate the starter, leave backups lower.",low
3,00-0012226,Doug Nussmeier,NO,1996,QB,71,73,Starting-QB-critical (team): rated on a position prior only — the QB room had no recorded starts/stats to tell the starter from his backups.,"Confirm the season's starter (add games_started) or a manual override if a known starter/legend; rate the starter, leave backups lower.",low
3,00-0005015,Jim Everett,NO,1996,QB,71,73,Starting-QB-critical (team): rated on a position prior only — the QB room had no recorded starts/stats to tell the starter from his backups.,"Confirm the season's starter (add games_started) or a manual override if a known starter/legend; rate the starter, leave backups lower.",low
3,00-0007547,Tom Hodson,NO,1996,QB,71,73,Starting-QB-critical (team): rated on a position prior only — the QB room had no recorded starts/stats to tell the starter from his backups.,"Confirm the season's starter (add games_started) or a manual override if a known starter/legend; rate the starter, leave backups lower.",low
3,00-0009007,Danny Kanell,NYG,1996,QB,71,73,Starting-QB-critical (team): rated on a position prior only — the QB room had no recorded starts/stats to tell the starter from his backups.,"Confirm the season's starter (add games_started) or a manual override if a known starter/legend; rate the starter, leave backups lower.",low
3,00-0001907,Dave Brown,NYG,1996,QB,71,73,Starting-QB-critical (team): rated on a position prior only — the QB room had no recorded starts/stats to tell the starter from his backups.,"Confirm the season's starter (add games_started) or a manual override if a known starter/legend; rate the starter, leave backups lower.",low
3,00-0017575,Stan White,NYG,1996,QB,71,73,Starting-QB-critical (team): rated on a position prior only — the QB room had no recorded starts/stats to tell the starter from his backups.,"Confirm the season's starter (add games_started) or a manual override if a known starter/legend; rate the starter, leave backups lower.",low
3,00-0013558,Frank Reich,NYJ,1996,QB,71,73,Starting-QB-critical (team): rated on a position prior only — the QB room had no recorded starts/stats to tell the starter from his backups.,"Confirm the season's starter (add games_started) or a manual override if a known starter/legend; rate the starter, leave backups lower.",low
3,00-0005379,Glenn Foley,NYJ,1996,QB,71,73,Starting-QB-critical (team): rated on a position prior only — the QB room had no recorded starts/stats to tell the starter from his backups.,"Confirm the season's starter (add games_started) or a manual override if a known starter/legend; rate the starter, leave backups lower.",low
3,00-0012489,John Paci,NYJ,1996,QB,71,73,Starting-QB-critical (team): rated on a position prior only — the QB room had no recorded starts/stats to tell the starter from his backups.,"Confirm the season's starter (add games_started) or a manual override if a known starter/legend; rate the starter, leave backups lower.",low
3,00-0012261,Neil O'Donnell,NYJ,1996,QB,71,73,Starting-QB-critical (team): rated on a position prior only — the QB room had no recorded starts/stats to tell the starter from his backups.,"Confirm the season's starter (add games_started) or a manual override if a known starter/legend; rate the starter, leave backups lower.",low
3,00-0007832,Bobby Hoying,PHI,1996,QB,71,73,Starting-QB-critical (team): rated on a position prior only — the QB room had no recorded starts/stats to tell the starter from his backups.,"Confirm the season's starter (add games_started) or a manual override if a known starter/legend; rate the starter, leave backups lower.",low
3,00-0014234,Mark Rypien,PHI,1996,QB,71,73,Starting-QB-critical (team): rated on a position prior only — the QB room had no recorded starts/stats to tell the starter from his backups.,"Confirm the season's starter (add games_started) or a manual override if a known starter/legend; rate the starter, leave backups lower.",low
3,00-0012732,Rodney Peete,PHI,1996,QB,71,73,Starting-QB-critical (team): rated on a position prior only — the QB room had no recorded starts/stats to tell the starter from his backups.,"Confirm the season's starter (add games_started) or a manual override if a known starter/legend; rate the starter, leave backups lower.",low
3,00-0004230,Ty Detmer,PHI,1996,QB,71,73,Starting-QB-critical (team): rated on a position prior only — the QB room had no recorded starts/stats to tell the starter from his backups.,"Confirm the season's starter (add games_started) or a manual override if a known starter/legend; rate the starter, leave backups lower.",low
3,00-0011276,Jim Miller,PIT,1996,QB,71,73,Starting-QB-critical (team): rated on a position prior only — the QB room had no recorded starts/stats to tell the starter from his backups.,"Confirm the season's starter (add games_started) or a manual override if a known starter/legend; rate the starter, leave backups lower.",low
3,00-0015700,Kordell Stewart,PIT,1996,QB,72,73,Starting-QB-critical (team): rated on a position prior only — the QB room had no recorded starts/stats to tell the starter from his backups.,"Confirm the season's starter (add games_started) or a manual override if a known starter/legend; rate the starter, leave backups lower.",low
3,00-0016538,Mike Tomczak,PIT,1996,QB,72,73,Starting-QB-critical (team): rated on a position prior only — the QB room had no recorded starts/stats to tell the starter from his backups.,"Confirm the season's starter (add games_started) or a manual override if a known starter/legend; rate the starter, leave backups lower.",low
3,00-0016560,Gino Torretta,SEA,1996,QB,72,73,Starting-QB-critical (team): rated on a position prior only — the QB room had no recorded starts/stats to tell the starter from his backups.,"Confirm the season's starter (add games_started) or a manual override if a known starter/legend; rate the starter, leave backups lower.",low
3,00-0005600,John Friesz,SEA,1996,QB,72,73,Starting-QB-critical (team): rated on a position prior only — the QB room had no recorded starts/stats to tell the starter from his backups.,"Confirm the season's starter (add games_started) or a manual override if a known starter/legend; rate the starter, leave backups lower.",low
3,00-0011378,Rick Mirer,SEA,1996,QB,72,73,Starting-QB-critical (team): rated on a position prior only — the QB room had no recorded starts/stats to tell the starter from his backups.,"Confirm the season's starter (add games_started) or a manual override if a known starter/legend; rate the starter, leave backups lower.",low
3,00-0005869,Stan Gelbaugh,SEA,1996,QB,72,73,Starting-QB-critical (team): rated on a position prior only — the QB room had no recorded starts/stats to tell the starter from his backups.,"Confirm the season's starter (add games_started) or a manual override if a known starter/legend; rate the starter, leave backups lower.",low
3,00-0006300,Elvis Grbac,SF,1996,QB,72,73,Starting-QB-critical (team): rated on a position prior only — the QB room had no recorded starts/stats to tell the starter from his backups.,"Confirm the season's starter (add games_started) or a manual override if a known starter/legend; rate the starter, leave backups lower.",low
3,00-0001810,Jeff Brohm,SF,1996,QB,72,73,Starting-QB-critical (team): rated on a position prior only — the QB room had no recorded starts/stats to tell the starter from his backups.,"Confirm the season's starter (add games_started) or a manual override if a known starter/legend; rate the starter, leave backups lower.",low
3,00-0018441,Steve Young,SF,1996,QB,72,73,Starting-QB-critical (team): rated on a position prior only — the QB room had no recorded starts/stats to tell the starter from his backups.,"Confirm the season's starter (add games_started) or a manual override if a known starter/legend; rate the starter, leave backups lower.",low
3,00-0010455,Jamie Martin,STL,1996,QB,72,73,Starting-QB-critical (team): rated on a position prior only — the QB room had no recorded starts/stats to tell the starter from his backups.,"Confirm the season's starter (add games_started) or a manual override if a known starter/legend; rate the starter, leave backups lower.",low
3,00-0017121,Steve Walsh,STL,1996,QB,72,73,Starting-QB-critical (team): rated on a position prior only — the QB room had no recorded starts/stats to tell the starter from his backups.,"Confirm the season's starter (add games_started) or a manual override if a known starter/legend; rate the starter, leave backups lower.",low
3,00-0000722,Tony Banks,STL,1996,QB,72,73,Starting-QB-critical (team): rated on a position prior only — the QB room had no recorded starts/stats to tell the starter from his backups.,"Confirm the season's starter (add games_started) or a manual override if a known starter/legend; rate the starter, leave backups lower.",low
3,00-0017415,Casey Weldon,TB,1996,QB,72,73,Starting-QB-critical (team): rated on a position prior only — the QB room had no recorded starts/stats to tell the starter from his backups.,"Confirm the season's starter (add games_started) or a manual override if a known starter/legend; rate the starter, leave backups lower.",low
3,00-0011210,Scott Milanovich,TB,1996,QB,72,73,Starting-QB-critical (team): rated on a position prior only — the QB room had no recorded starts/stats to tell the starter from his backups.,"Confirm the season's starter (add games_started) or a manual override if a known starter/legend; rate the starter, leave backups lower.",low
3,00-0004293,Trent Dilfer,TB,1996,QB,72,73,Starting-QB-critical (team): rated on a position prior only — the QB room had no recorded starts/stats to tell the starter from his backups.,"Confirm the season's starter (add games_started) or a manual override if a known starter/legend; rate the starter, leave backups lower.",low
3,00-0002876,Chris Chandler,TEN,1996,QB,72,73,Starting-QB-critical (team): rated on a position prior only — the QB room had no recorded starts/stats to tell the starter from his backups.,"Confirm the season's starter (add games_started) or a manual override if a known starter/legend; rate the starter, leave backups lower.",low
3,00-0013772,James Ritchey,TEN,1996,QB,72,73,Starting-QB-critical (team): rated on a position prior only — the QB room had no recorded starts/stats to tell the starter from his backups.,"Confirm the season's starter (add games_started) or a manual override if a known starter/legend; rate the starter, leave backups lower.",low
3,00-0011024,Steve McNair,TEN,1996,QB,72,73,Starting-QB-critical (team): rated on a position prior only — the QB room had no recorded starts/stats to tell the starter from his backups.,"Confirm the season's starter (add games_started) or a manual override if a known starter/legend; rate the starter, leave backups lower.",low
3,00-0005589,Gus Frerotte,WAS,1996,QB,72,73,Starting-QB-critical (team): rated on a position prior only — the QB room had no recorded starts/stats to tell the starter from his backups.,"Confirm the season's starter (add games_started) or a manual override if a known starter/legend; rate the starter, leave backups lower.",low
3,00-0014843,Heath Shuler,WAS,1996,QB,72,73,Starting-QB-critical (team): rated on a position prior only — the QB room had no recorded starts/stats to tell the starter from his backups.,"Confirm the season's starter (add games_started) or a manual override if a known starter/legend; rate the starter, leave backups lower.",low
3,00-0006355,Trent Green,WAS,1996,QB,72,73,Starting-QB-critical (team): rated on a position prior only — the QB room had no recorded starts/stats to tell the starter from his backups.,"Confirm the season's starter (add games_started) or a manual override if a known starter/legend; rate the starter, leave backups lower.",low
3,00-0009475,Dave Krieg,ARI,1995,QB,69,73,Starting-QB-critical (team): rated on a position prior only — the QB room had no recorded starts/stats to tell the starter from his backups.,"Confirm the season's starter (add games_started) or a manual override if a known starter/legend; rate the starter, leave backups lower.",low
3,00-0002174,Mike Buck,ARI,1995,QB,69,73,Starting-QB-critical (team): rated on a position prior only — the QB room had no recorded starts/stats to tell the starter from his backups.,"Confirm the season's starter (add games_started) or a manual override if a known starter/legend; rate the starter, leave backups lower.",low
3,00-0002787,Stoney Case,ARI,1995,QB,69,73,Starting-QB-critical (team): rated on a position prior only — the QB room had no recorded starts/stats to tell the starter from his backups.,"Confirm the season's starter (add games_started) or a manual override if a known starter/legend; rate the starter, leave backups lower.",low
3,00-0007190,Bobby Hebert,ATL,1995,QB,69,73,Starting-QB-critical (team): rated on a position prior only — the QB room had no recorded starts/stats to tell the starter from his backups.,"Confirm the season's starter (add games_started) or a manual override if a known starter/legend; rate the starter, leave backups lower.",low
3,00-0011907,Browning Nagle,ATL,1995,QB,69,73,Starting-QB-critical (team): rated on a position prior only — the QB room had no recorded starts/stats to tell the starter from his backups.,"Confirm the season's starter (add games_started) or a manual override if a known starter/legend; rate the starter, leave backups lower.",low
3,00-0005885,Jeff George,ATL,1995,QB,69,73,Starting-QB-critical (team): rated on a position prior only — the QB room had no recorded starts/stats to tell the starter from his backups.,"Confirm the season's starter (add games_started) or a manual override if a known starter/legend; rate the starter, leave backups lower.",low
3,00-0009321,Perry Klein,ATL,1995,QB,69,73,Starting-QB-critical (team): rated on a position prior only — the QB room had no recorded starts/stats to tell the starter from his backups.,"Confirm the season's starter (add games_started) or a manual override if a known starter/legend; rate the starter, leave backups lower.",low
3,00-0016838,Alex Van Pelt,BUF,1995,QB,69,73,Starting-QB-critical (team): rated on a position prior only — the QB room had no recorded starts/stats to tell the starter from his backups.,"Confirm the season's starter (add games_started) or a manual override if a known starter/legend; rate the starter, leave backups lower.",low
3,00-0009111,Jim Kelly,BUF,1995,QB,69,73,Starting-QB-critical (team): rated on a position prior only — the QB room had no recorded starts/stats to tell the starter from his backups.,"Confirm the season's starter (add games_started) or a manual override if a known starter/legend; rate the starter, leave backups lower.",low
3,00-0003315,Todd Collins,BUF,1995,QB,69,73,Starting-QB-critical (team): rated on a position prior only — the QB room had no recorded starts/stats to tell the starter from his backups.,"Confirm the season's starter (add games_started) or a manual override if a known starter/legend; rate the starter, leave backups lower.",low
3,00-0013558,Frank Reich,CAR,1995,QB,69,73,Starting-QB-critical (team): rated on a position prior only — the QB room had no recorded starts/stats to tell the starter from his backups.,"Confirm the season's starter (add games_started) or a manual override if a known starter/legend; rate the starter, leave backups lower.",low
3,00-0016628,Jack Trudeau,CAR,1995,QB,69,73,Starting-QB-critical (team): rated on a position prior only — the QB room had no recorded starts/stats to tell the starter from his backups.,"Confirm the season's starter (add games_started) or a manual override if a known starter/legend; rate the starter, leave backups lower.",low
3,00-0003292,Kerry Collins,CAR,1995,QB,69,73,Starting-QB-critical (team): rated on a position prior only — the QB room had no recorded starts/stats to tell the starter from his backups.,"Confirm the season's starter (add games_started) or a manual override if a known starter/legend; rate the starter, leave backups lower.",low
3,00-0009451,Erik Kramer,CHI,1995,QB,69,73,Starting-QB-critical (team): rated on a position prior only — the QB room had no recorded starts/stats to tell the starter from his backups.,"Confirm the season's starter (add games_started) or a manual override if a known starter/legend; rate the starter, leave backups lower.",low
3,00-0015627,Steve Stenstrom,CHI,1995,QB,69,73,Starting-QB-critical (team): rated on a position prior only — the QB room had no recorded starts/stats to tell the starter from his backups.,"Confirm the season's starter (add games_started) or a manual override if a known starter/legend; rate the starter, leave backups lower.",low
3,00-0017121,Steve Walsh,CHI,1995,QB,69,73,Starting-QB-critical (team): rated on a position prior only — the QB room had no recorded starts/stats to tell the starter from his backups.,"Confirm the season's starter (add games_started) or a manual override if a known starter/legend; rate the starter, leave backups lower.",low
3,00-0009331,David Klingler,CIN,1995,QB,69,73,Starting-QB-critical (team): rated on a position prior only — the QB room had no recorded starts/stats to tell the starter from his backups.,"Confirm the season's starter (add games_started) or a manual override if a known starter/legend; rate the starter, leave backups lower.",low
3,00-0001335,Jeff Blake,CIN,1995,QB,69,73,Starting-QB-critical (team): rated on a position prior only — the QB room had no recorded starts/stats to tell the starter from his backups.,"Confirm the season's starter (add games_started) or a manual override if a known starter/legend; rate the starter, leave backups lower.",low
3,00-0017115,John Walsh,CIN,1995,QB,69,73,Starting-QB-critical (team): rated on a position prior only — the QB room had no recorded starts/stats to tell the starter from his backups.,"Confirm the season's starter (add games_started) or a manual override if a known starter/legend; rate the starter, leave backups lower.",low
3,00-0018483,Eric Zeier,CLE,1995,QB,69,73,Starting-QB-critical (team): rated on a position prior only — the QB room had no recorded starts/stats to tell the starter from his backups.,"Confirm the season's starter (add games_started) or a manual override if a known starter/legend; rate the starter, leave backups lower.",low
3,00-0016193,Vinny Testaverde,CLE,1995,QB,69,73,Starting-QB-critical (team): rated on a position prior only — the QB room had no recorded starts/stats to tell the starter from his backups.,"Confirm the season's starter (add games_started) or a manual override if a known starter/legend; rate the starter, leave backups lower.",low
3,00-0005794,Jason Garrett,DAL,1995,QB,69,73,Starting-QB-critical (team): rated on a position prior only — the QB room had no recorded starts/stats to tell the starter from his backups.,"Confirm the season's starter (add games_started) or a manual override if a known starter/legend; rate the starter, leave backups lower.",low
3,00-0000104,Troy Aikman,DAL,1995,QB,69,73,Starting-QB-critical (team): rated on a position prior only — the QB room had no recorded starts/stats to tell the starter from his backups.,"Confirm the season's starter (add games_started) or a manual override if a known starter/legend; rate the starter, leave backups lower.",low
3,00-0018073,Wade Wilson,DAL,1995,QB,69,73,Starting-QB-critical (team): rated on a position prior only — the QB room had no recorded starts/stats to tell the starter from his backups.,"Confirm the season's starter (add games_started) or a manual override if a known starter/legend; rate the starter, leave backups lower.",low
3,00-0011873,Bill Musgrave,DEN,1995,QB,69,73,Starting-QB-critical (team): rated on a position prior only — the QB room had no recorded starts/stats to tell the starter from his backups.,"Confirm the season's starter (add games_started) or a manual override if a known starter/legend; rate the starter, leave backups lower.",low
3,00-0011230,Hugh Millen,DEN,1995,QB,69,73,Starting-QB-critical (team): rated on a position prior only — the QB room had no recorded starts/stats to tell the starter from his backups.,"Confirm the season's starter (add games_started) or a manual override if a known starter/legend; rate the starter, leave backups lower.",low
3,00-0004884,John Elway,DEN,1995,QB,70,73,Starting-QB-critical (team): rated on a position prior only — the QB room had no recorded starts/stats to tell the starter from his backups.,"Confirm the season's starter (add games_started) or a manual override if a known starter/legend; rate the starter, leave backups lower.",low
3,00-0010284,Don Majkowski,DET,1995,QB,70,73,Starting-QB-critical (team): rated on a position prior only — the QB room had no recorded starts/stats to tell the starter from his backups.,"Confirm the season's starter (add games_started) or a manual override if a known starter/legend; rate the starter, leave backups lower.",low
3,00-0006212,Kent Graham,DET,1995,QB,70,73,Starting-QB-critical (team): rated on a position prior only — the QB room had no recorded starts/stats to tell the starter from his backups.,"Confirm the season's starter (add games_started) or a manual override if a known starter/legend; rate the starter, leave backups lower.",low
3,00-0011434,Scott Mitchell,DET,1995,QB,70,73,Starting-QB-critical (team): rated on a position prior only — the QB room had no recorded starts/stats to tell the starter from his backups.,"Confirm the season's starter (add games_started) or a manual override if a known starter/legend; rate the starter, leave backups lower.",low
3,00-0005106,Brett Favre,GB,1995,QB,70,73,Starting-QB-critical (team): rated on a position prior only — the QB room had no recorded starts/stats to tell the starter from his backups.,"Confirm the season's starter (add games_started) or a manual override if a known starter/legend; rate the starter, leave backups lower.",low
3,00-0012726,Doug Pederson,GB,1995,QB,70,73,Starting-QB-critical (team): rated on a position prior only — the QB room had no recorded starts/stats to tell the starter from his backups.,"Confirm the season's starter (add games_started) or a manual override if a known starter/legend; rate the starter, leave backups lower.",low
3,00-0010997,Jim McMahon,GB,1995,QB,70,73,Starting-QB-critical (team): rated on a position prior only — the QB room had no recorded starts/stats to tell the starter from his backups.,"Confirm the season's starter (add games_started) or a manual override if a known starter/legend; rate the starter, leave backups lower.",low
3,00-0004230,Ty Detmer,GB,1995,QB,70,73,Starting-QB-critical (team): rated on a position prior only — the QB room had no recorded starts/stats to tell the starter from his backups.,"Confirm the season's starter (add games_started) or a manual override if a known starter/legend; rate the starter, leave backups lower.",low
3,00-0004925,Craig Erickson,IND,1995,QB,70,73,Starting-QB-critical (team): rated on a position prior only — the QB room had no recorded starts/stats to tell the starter from his backups.,"Confirm the season's starter (add games_started) or a manual override if a known starter/legend; rate the starter, leave backups lower.",low
3,00-0006808,Jim Harbaugh,IND,1995,QB,70,73,Starting-QB-critical (team): rated on a position prior only — the QB room had no recorded starts/stats to tell the starter from his backups.,"Confirm the season's starter (add games_started) or a manual override if a known starter/legend; rate the starter, leave backups lower.",low
3,00-0008970,Paul Justin,IND,1995,QB,70,73,Starting-QB-critical (team): rated on a position prior only — the QB room had no recorded starts/stats to tell the starter from his backups.,"Confirm the season's starter (add games_started) or a manual override if a known starter/legend; rate the starter, leave backups lower.",low
3,00-0002110,Mark Brunell,JAX,1995,QB,70,73,Starting-QB-critical (team): rated on a position prior only — the QB room had no recorded starts/stats to tell the starter from his backups.,"Confirm the season's starter (add games_started) or a manual override if a known starter/legend; rate the starter, leave backups lower.",low
3,00-0008612,Rob Johnson,JAX,1995,QB,70,73,Starting-QB-critical (team): rated on a position prior only — the QB room had no recorded starts/stats to tell the starter from his backups.,"Confirm the season's starter (add games_started) or a manual override if a known starter/legend; rate the starter, leave backups lower.",low
3,00-0001218,Steve Beuerlein,JAX,1995,QB,70,73,Starting-QB-critical (team): rated on a position prior only — the QB room had no recorded starts/stats to tell the starter from his backups.,"Confirm the season's starter (add games_started) or a manual override if a known starter/legend; rate the starter, leave backups lower.",low
3,00-0001387,Matt Blundin,KC,1995,QB,70,73,Starting-QB-critical (team): rated on a position prior only — the QB room had no recorded starts/stats to tell the starter from his backups.,"Confirm the season's starter (add games_started) or a manual override if a known starter/legend; rate the starter, leave backups lower.",low
3,00-0005741,Rich Gannon,KC,1995,QB,70,73,Starting-QB-critical (team): rated on a position prior only — the QB room had no recorded starts/stats to tell the starter from his backups.,"Confirm the season's starter (add games_started) or a manual override if a known starter/legend; rate the starter, leave backups lower.",low
3,00-0001471,Steve Bono,KC,1995,QB,70,73,Starting-QB-critical (team): rated on a position prior only — the QB room had no recorded starts/stats to tell the starter from his backups.,"Confirm the season's starter (add games_started) or a manual override if a known starter/legend; rate the starter, leave backups lower.",low
3,00-0010561,Steve Matthews,KC,1995,QB,70,73,Starting-QB-critical (team): rated on a position prior only — the QB room had no recorded starts/stats to tell the starter from his backups.,"Confirm the season's starter (add games_started) or a manual override if a known starter/legend; rate the starter, leave backups lower.",low
3,00-0017497,Craig Whelihan,LAC,1995,QB,70,73,Starting-QB-critical (team): rated on a position prior only — the QB room had no recorded starts/stats to tell the starter from his backups.,"Confirm the season's starter (add games_started) or a manual override if a known starter/legend; rate the starter, leave backups lower.",low
3,00-0005953,Gale Gilbert,LAC,1995,QB,70,73,Starting-QB-critical (team): rated on a position prior only — the QB room had no recorded starts/stats to tell the starter from his backups.,"Confirm the season's starter (add games_started) or a manual override if a known starter/legend; rate the starter, leave backups lower.",low
3,00-0007921,Stan Humphries,LAC,1995,QB,70,73,Starting-QB-critical (team): rated on a position prior only — the QB room had no recorded starts/stats to tell the starter from his backups.,"Confirm the season's starter (add games_started) or a manual override if a known starter/legend; rate the starter, leave backups lower.",low
3,00-0007530,Billy Joe Hobert,LV,1995,QB,70,73,Starting-QB-critical (team): rated on a position prior only — the QB room had no recorded starts/stats to tell the starter from his backups.,"Confirm the season's starter (add games_started) or a manual override if a known starter/legend; rate the starter, leave backups lower.",low
3,00-0006209,Jeff Graham,LV,1995,QB,70,73,Starting-QB-critical (team): rated on a position prior only — the QB room had no recorded starts/stats to tell the starter from his backups.,"Confirm the season's starter (add games_started) or a manual override if a known starter/legend; rate the starter, leave backups lower.",low
3,00-0007765,Jeff Hostetler,LV,1995,QB,70,73,Starting-QB-critical (team): rated on a position prior only — the QB room had no recorded starts/stats to tell the starter from his backups.,"Confirm the season's starter (add games_started) or a manual override if a known starter/legend; rate the starter, leave backups lower.",low
3,00-0005010,Vince Evans,LV,1995,QB,70,73,Starting-QB-critical (team): rated on a position prior only — the QB room had no recorded starts/stats to tell the starter from his backups.,"Confirm the season's starter (add games_started) or a manual override if a known starter/legend; rate the starter, leave backups lower.",low
3,00-0009427,Bernie Kosar,MIA,1995,QB,71,73,Starting-QB-critical (team): rated on a position prior only — the QB room had no recorded starts/stats to tell the starter from his backups.,"Confirm the season's starter (add games_started) or a manual override if a known starter/legend; rate the starter, leave backups lower.",low
3,00-0010379,Dan Marino,MIA,1995,QB,71,73,Starting-QB-critical (team): rated on a position prior only — the QB room had no recorded starts/stats to tell the starter from his backups.,"Confirm the season's starter (add games_started) or a manual override if a known starter/legend; rate the starter, leave backups lower.",low
3,00-0010904,Dan McGwire,MIA,1995,QB,71,73,Starting-QB-critical (team): rated on a position prior only — the QB room had no recorded starts/stats to tell the starter from his backups.,"Confirm the season's starter (add games_started) or a manual override if a known starter/legend; rate the starter, leave backups lower.",low
3,00-0008442,Brad Johnson,MIN,1995,QB,71,73,Starting-QB-critical (team): rated on a position prior only — the QB room had no recorded starts/stats to tell the starter from his backups.,"Confirm the season's starter (add games_started) or a manual override if a known starter/legend; rate the starter, leave backups lower.",low
3,00-0010587,Chad May,MIN,1995,QB,71,73,Starting-QB-critical (team): rated on a position prior only — the QB room had no recorded starts/stats to tell the starter from his backups.,"Confirm the season's starter (add games_started) or a manual override if a known starter/legend; rate the starter, leave backups lower.",low
3,00-0011524,Warren Moon,MIN,1995,QB,71,73,Starting-QB-critical (team): rated on a position prior only — the QB room had no recorded starts/stats to tell the starter from his backups.,"Confirm the season's starter (add games_started) or a manual override if a known starter/legend; rate the starter, leave backups lower.",low
3,00-0001361,Drew Bledsoe,NE,1995,QB,71,73,Starting-QB-critical (team): rated on a position prior only — the QB room had no recorded starts/stats to tell the starter from his backups.,"Confirm the season's starter (add games_started) or a manual override if a known starter/legend; rate the starter, leave backups lower.",low
3,00-0000755,Jay Barker,NE,1995,QB,71,73,Starting-QB-critical (team): rated on a position prior only — the QB room had no recorded starts/stats to tell the starter from his backups.,"Confirm the season's starter (add games_started) or a manual override if a known starter/legend; rate the starter, leave backups lower.",low
3,00-0018518,Scott Zolak,NE,1995,QB,71,73,Starting-QB-critical (team): rated on a position prior only — the QB room had no recorded starts/stats to tell the starter from his backups.,"Confirm the season's starter (add games_started) or a manual override if a known starter/legend; rate the starter, leave backups lower.",low
3,00-0012226,Doug Nussmeier,NO,1995,QB,71,73,Starting-QB-critical (team): rated on a position prior only — the QB room had no recorded starts/stats to tell the starter from his backups.,"Confirm the season's starter (add games_started) or a manual override if a known starter/legend; rate the starter, leave backups lower.",low
3,00-0005015,Jim Everett,NO,1995,QB,71,73,Starting-QB-critical (team): rated on a position prior only — the QB room had no recorded starts/stats to tell the starter from his backups.,"Confirm the season's starter (add games_started) or a manual override if a known starter/legend; rate the starter, leave backups lower.",low
3,00-0014043,Timm Rosenbach,NO,1995,QB,71,73,Starting-QB-critical (team): rated on a position prior only — the QB room had no recorded starts/stats to tell the starter from his backups.,"Confirm the season's starter (add games_started) or a manual override if a known starter/legend; rate the starter, leave backups lower.",low
3,00-0007547,Tom Hodson,NO,1995,QB,71,73,Starting-QB-critical (team): rated on a position prior only — the QB room had no recorded starts/stats to tell the starter from his backups.,"Confirm the season's starter (add games_started) or a manual override if a known starter/legend; rate the starter, leave backups lower.",low
3,00-0001907,Dave Brown,NYG,1995,QB,71,73,Starting-QB-critical (team): rated on a position prior only — the QB room had no recorded starts/stats to tell the starter from his backups.,"Confirm the season's starter (add games_started) or a manual override if a known starter/legend; rate the starter, leave backups lower.",low
3,00-0017575,Stan White,NYG,1995,QB,71,73,Starting-QB-critical (team): rated on a position prior only — the QB room had no recorded starts/stats to tell the starter from his backups.,"Confirm the season's starter (add games_started) or a manual override if a known starter/legend; rate the starter, leave backups lower.",low
3,00-0010261,Tommy Maddox,NYG,1995,QB,71,73,Starting-QB-critical (team): rated on a position prior only — the QB room had no recorded starts/stats to tell the starter from his backups.,"Confirm the season's starter (add games_started) or a manual override if a known starter/legend; rate the starter, leave backups lower.",low
3,00-0004937,Boomer Esiason,NYJ,1995,QB,71,73,Starting-QB-critical (team): rated on a position prior only — the QB room had no recorded starts/stats to tell the starter from his backups.,"Confirm the season's starter (add games_started) or a manual override if a known starter/legend; rate the starter, leave backups lower.",low
3,00-0001785,Bubby Brister,NYJ,1995,QB,71,73,Starting-QB-critical (team): rated on a position prior only — the QB room had no recorded starts/stats to tell the starter from his backups.,"Confirm the season's starter (add games_started) or a manual override if a known starter/legend; rate the starter, leave backups lower.",low
3,00-0017673,Erik Wilhelm,NYJ,1995,QB,71,73,Starting-QB-critical (team): rated on a position prior only — the QB room had no recorded starts/stats to tell the starter from his backups.,"Confirm the season's starter (add games_started) or a manual override if a known starter/legend; rate the starter, leave backups lower.",low
3,00-0005379,Glenn Foley,NYJ,1995,QB,71,73,Starting-QB-critical (team): rated on a position prior only — the QB room had no recorded starts/stats to tell the starter from his backups.,"Confirm the season's starter (add games_started) or a manual override if a known starter/legend; rate the starter, leave backups lower.",low
3,00-0005180,Jay Fiedler,PHI,1995,QB,71,73,Starting-QB-critical (team): rated on a position prior only — the QB room had no recorded starts/stats to tell the starter from his backups.,"Confirm the season's starter (add games_started) or a manual override if a known starter/legend; rate the starter, leave backups lower.",low
3,00-0003761,Randall Cunningham,PHI,1995,QB,71,73,Starting-QB-critical (team): rated on a position prior only — the QB room had no recorded starts/stats to tell the starter from his backups.,"Confirm the season's starter (add games_started) or a manual override if a known starter/legend; rate the starter, leave backups lower.",low
3,00-0012732,Rodney Peete,PHI,1995,QB,71,73,Starting-QB-critical (team): rated on a position prior only — the QB room had no recorded starts/stats to tell the starter from his backups.,"Confirm the season's starter (add games_started) or a manual override if a known starter/legend; rate the starter, leave backups lower.",low
3,00-0011276,Jim Miller,PIT,1995,QB,71,73,Starting-QB-critical (team): rated on a position prior only — the QB room had no recorded starts/stats to tell the starter from his backups.,"Confirm the season's starter (add games_started) or a manual override if a known starter/legend; rate the starter, leave backups lower.",low
3,00-0015700,Kordell Stewart,PIT,1995,QB,71,73,Starting-QB-critical (team): rated on a position prior only — the QB room had no recorded starts/stats to tell the starter from his backups.,"Confirm the season's starter (add games_started) or a manual override if a known starter/legend; rate the starter, leave backups lower.",low
3,00-0016538,Mike Tomczak,PIT,1995,QB,71,73,Starting-QB-critical (team): rated on a position prior only — the QB room had no recorded starts/stats to tell the starter from his backups.,"Confirm the season's starter (add games_started) or a manual override if a known starter/legend; rate the starter, leave backups lower.",low
3,00-0012261,Neil O'Donnell,PIT,1995,QB,72,73,Starting-QB-critical (team): rated on a position prior only — the QB room had no recorded starts/stats to tell the starter from his backups.,"Confirm the season's starter (add games_started) or a manual override if a known starter/legend; rate the starter, leave backups lower.",low
3,00-0005600,John Friesz,SEA,1995,QB,72,73,Starting-QB-critical (team): rated on a position prior only — the QB room had no recorded starts/stats to tell the starter from his backups.,"Confirm the season's starter (add games_started) or a manual override if a known starter/legend; rate the starter, leave backups lower.",low
3,00-0011378,Rick Mirer,SEA,1995,QB,72,73,Starting-QB-critical (team): rated on a position prior only — the QB room had no recorded starts/stats to tell the starter from his backups.,"Confirm the season's starter (add games_started) or a manual override if a known starter/legend; rate the starter, leave backups lower.",low
3,00-0005869,Stan Gelbaugh,SEA,1995,QB,72,73,Starting-QB-critical (team): rated on a position prior only — the QB room had no recorded starts/stats to tell the starter from his backups.,"Confirm the season's starter (add games_started) or a manual override if a known starter/legend; rate the starter, leave backups lower.",low
3,00-0003367,Cary Conklin,SF,1995,QB,72,73,Starting-QB-critical (team): rated on a position prior only — the QB room had no recorded starts/stats to tell the starter from his backups.,"Confirm the season's starter (add games_started) or a manual override if a known starter/legend; rate the starter, leave backups lower.",low
3,00-0006300,Elvis Grbac,SF,1995,QB,72,73,Starting-QB-critical (team): rated on a position prior only — the QB room had no recorded starts/stats to tell the starter from his backups.,"Confirm the season's starter (add games_started) or a manual override if a known starter/legend; rate the starter, leave backups lower.",low
3,00-0001810,Jeff Brohm,SF,1995,QB,72,73,Starting-QB-critical (team): rated on a position prior only — the QB room had no recorded starts/stats to tell the starter from his backups.,"Confirm the season's starter (add games_started) or a manual override if a known starter/legend; rate the starter, leave backups lower.",low
3,00-0018441,Steve Young,SF,1995,QB,72,73,Starting-QB-critical (team): rated on a position prior only — the QB room had no recorded starts/stats to tell the starter from his backups.,"Confirm the season's starter (add games_started) or a manual override if a known starter/legend; rate the starter, leave backups lower.",low
3,00-0011244,Chris Miller,STL,1995,QB,72,73,Starting-QB-critical (team): rated on a position prior only — the QB room had no recorded starts/stats to tell the starter from his backups.,"Confirm the season's starter (add games_started) or a manual override if a known starter/legend; rate the starter, leave backups lower.",low
3,00-0000819,Dave Barr,STL,1995,QB,72,73,Starting-QB-critical (team): rated on a position prior only — the QB room had no recorded starts/stats to tell the starter from his backups.,"Confirm the season's starter (add games_started) or a manual override if a known starter/legend; rate the starter, leave backups lower.",low
3,00-0010455,Jamie Martin,STL,1995,QB,72,73,Starting-QB-critical (team): rated on a position prior only — the QB room had no recorded starts/stats to tell the starter from his backups.,"Confirm the season's starter (add games_started) or a manual override if a known starter/legend; rate the starter, leave backups lower.",low
3,00-0014234,Mark Rypien,STL,1995,QB,72,73,Starting-QB-critical (team): rated on a position prior only — the QB room had no recorded starts/stats to tell the starter from his backups.,"Confirm the season's starter (add games_started) or a manual override if a known starter/legend; rate the starter, leave backups lower.",low
3,00-0017415,Casey Weldon,TB,1995,QB,72,73,Starting-QB-critical (team): rated on a position prior only — the QB room had no recorded starts/stats to tell the starter from his backups.,"Confirm the season's starter (add games_started) or a manual override if a known starter/legend; rate the starter, leave backups lower.",low
3,00-0012910,Todd Philcox,TB,1995,QB,72,73,Starting-QB-critical (team): rated on a position prior only — the QB room had no recorded starts/stats to tell the starter from his backups.,"Confirm the season's starter (add games_started) or a manual override if a known starter/legend; rate the starter, leave backups lower.",low
3,00-0004293,Trent Dilfer,TB,1995,QB,72,73,Starting-QB-critical (team): rated on a position prior only — the QB room had no recorded starts/stats to tell the starter from his backups.,"Confirm the season's starter (add games_started) or a manual override if a known starter/legend; rate the starter, leave backups lower.",low
3,00-0002876,Chris Chandler,TEN,1995,QB,72,73,Starting-QB-critical (team): rated on a position prior only — the QB room had no recorded starts/stats to tell the starter from his backups.,"Confirm the season's starter (add games_started) or a manual override if a known starter/legend; rate the starter, leave backups lower.",low
3,lee-williamson,Lee Williamson,TEN,1995,QB,72,73,Starting-QB-critical (team): rated on a position prior only — the QB room had no recorded starts/stats to tell the starter from his backups.,"Confirm the season's starter (add games_started) or a manual override if a known starter/legend; rate the starter, leave backups lower.",low
3,00-0011024,Steve McNair,TEN,1995,QB,72,73,Starting-QB-critical (team): rated on a position prior only — the QB room had no recorded starts/stats to tell the starter from his backups.,"Confirm the season's starter (add games_started) or a manual override if a known starter/legend; rate the starter, leave backups lower.",low
3,00-0005656,Will Furrer,TEN,1995,QB,72,73,Starting-QB-critical (team): rated on a position prior only — the QB room had no recorded starts/stats to tell the starter from his backups.,"Confirm the season's starter (add games_started) or a manual override if a known starter/legend; rate the starter, leave backups lower.",low
3,00-0005589,Gus Frerotte,WAS,1995,QB,72,73,Starting-QB-critical (team): rated on a position prior only — the QB room had no recorded starts/stats to tell the starter from his backups.,"Confirm the season's starter (add games_started) or a manual override if a known starter/legend; rate the starter, leave backups lower.",low
3,00-0014843,Heath Shuler,WAS,1995,QB,72,73,Starting-QB-critical (team): rated on a position prior only — the QB room had no recorded starts/stats to tell the starter from his backups.,"Confirm the season's starter (add games_started) or a manual override if a known starter/legend; rate the starter, leave backups lower.",low
3,00-0006355,Trent Green,WAS,1995,QB,72,73,Starting-QB-critical (team): rated on a position prior only — the QB room had no recorded starts/stats to tell the starter from his backups.,"Confirm the season's starter (add games_started) or a manual override if a known starter/legend; rate the starter, leave backups lower.",low
4,00-0014490,Jay Schroeder,ARI,1994,QB,69,73,Starting-QB-critical (team): rated on a position prior only — the QB room had no recorded starts/stats to tell the starter from his backups.,"Confirm the season's starter (add games_started) or a manual override if a known starter/legend; rate the starter, leave backups lower.",low
4,00-0010997,Jim McMahon,ARI,1994,QB,69,73,Starting-QB-critical (team): rated on a position prior only — the QB room had no recorded starts/stats to tell the starter from his backups.,"Confirm the season's starter (add games_started) or a manual override if a known starter/legend; rate the starter, leave backups lower.",low
4,00-0001218,Steve Beuerlein,ARI,1994,QB,69,73,Starting-QB-critical (team): rated on a position prior only — the QB room had no recorded starts/stats to tell the starter from his backups.,"Confirm the season's starter (add games_started) or a manual override if a known starter/legend; rate the starter, leave backups lower.",low
4,00-0007190,Bobby Hebert,ATL,1994,QB,69,73,Starting-QB-critical (team): rated on a position prior only — the QB room had no recorded starts/stats to tell the starter from his backups.,"Confirm the season's starter (add games_started) or a manual override if a known starter/legend; rate the starter, leave backups lower.",low
4,00-0005885,Jeff George,ATL,1994,QB,69,73,Starting-QB-critical (team): rated on a position prior only — the QB room had no recorded starts/stats to tell the starter from his backups.,"Confirm the season's starter (add games_started) or a manual override if a known starter/legend; rate the starter, leave backups lower.",low
4,00-0009321,Perry Klein,ATL,1994,QB,69,73,Starting-QB-critical (team): rated on a position prior only — the QB room had no recorded starts/stats to tell the starter from his backups.,"Confirm the season's starter (add games_started) or a manual override if a known starter/legend; rate the starter, leave backups lower.",low
4,00-0016838,Alex Van Pelt,BUF,1994,QB,69,73,Starting-QB-critical (team): rated on a position prior only — the QB room had no recorded starts/stats to tell the starter from his backups.,"Confirm the season's starter (add games_started) or a manual override if a known starter/legend; rate the starter, leave backups lower.",low
4,00-0013558,Frank Reich,BUF,1994,QB,69,73,Starting-QB-critical (team): rated on a position prior only — the QB room had no recorded starts/stats to tell the starter from his backups.,"Confirm the season's starter (add games_started) or a manual override if a known starter/legend; rate the starter, leave backups lower.",low
4,00-0009111,Jim Kelly,BUF,1994,QB,69,73,Starting-QB-critical (team): rated on a position prior only — the QB room had no recorded starts/stats to tell the starter from his backups.,"Confirm the season's starter (add games_started) or a manual override if a known starter/legend; rate the starter, leave backups lower.",low
4,00-0015827,Rick Strom,BUF,1994,QB,69,73,Starting-QB-critical (team): rated on a position prior only — the QB room had no recorded starts/stats to tell the starter from his backups.,"Confirm the season's starter (add games_started) or a manual override if a known starter/legend; rate the starter, leave backups lower.",low
4,00-0009451,Erik Kramer,CHI,1994,QB,69,73,Starting-QB-critical (team): rated on a position prior only — the QB room had no recorded starts/stats to tell the starter from his backups.,"Confirm the season's starter (add games_started) or a manual override if a known starter/legend; rate the starter, leave backups lower.",low
4,00-0010560,Shane Matthews,CHI,1994,QB,69,73,Starting-QB-critical (team): rated on a position prior only — the QB room had no recorded starts/stats to tell the starter from his backups.,"Confirm the season's starter (add games_started) or a manual override if a known starter/legend; rate the starter, leave backups lower.",low
4,00-0017121,Steve Walsh,CHI,1994,QB,69,73,Starting-QB-critical (team): rated on a position prior only — the QB room had no recorded starts/stats to tell the starter from his backups.,"Confirm the season's starter (add games_started) or a manual override if a known starter/legend; rate the starter, leave backups lower.",low
4,00-0009331,David Klingler,CIN,1994,QB,69,73,Starting-QB-critical (team): rated on a position prior only — the QB room had no recorded starts/stats to tell the starter from his backups.,"Confirm the season's starter (add games_started) or a manual override if a known starter/legend; rate the starter, leave backups lower.",low
4,00-0007601,Donald Hollas,CIN,1994,QB,69,73,Starting-QB-critical (team): rated on a position prior only — the QB room had no recorded starts/stats to tell the starter from his backups.,"Confirm the season's starter (add games_started) or a manual override if a known starter/legend; rate the starter, leave backups lower.",low
4,00-0017673,Erik Wilhelm,CIN,1994,QB,69,73,Starting-QB-critical (team): rated on a position prior only — the QB room had no recorded starts/stats to tell the starter from his backups.,"Confirm the season's starter (add games_started) or a manual override if a known starter/legend; rate the starter, leave backups lower.",low
4,00-0001335,Jeff Blake,CIN,1994,QB,69,73,Starting-QB-critical (team): rated on a position prior only — the QB room had no recorded starts/stats to tell the starter from his backups.,"Confirm the season's starter (add games_started) or a manual override if a known starter/legend; rate the starter, leave backups lower.",low
4,00-0000683,Jim Ballard,CIN,1994,QB,69,73,Starting-QB-critical (team): rated on a position prior only — the QB room had no recorded starts/stats to tell the starter from his backups.,"Confirm the season's starter (add games_started) or a manual override if a known starter/legend; rate the starter, leave backups lower.",low
4,00-0006065,Brad Goebel,CLE,1994,QB,69,73,Starting-QB-critical (team): rated on a position prior only — the QB room had no recorded starts/stats to tell the starter from his backups.,"Confirm the season's starter (add games_started) or a manual override if a known starter/legend; rate the starter, leave backups lower.",low
4,00-0014234,Mark Rypien,CLE,1994,QB,69,73,Starting-QB-critical (team): rated on a position prior only — the QB room had no recorded starts/stats to tell the starter from his backups.,"Confirm the season's starter (add games_started) or a manual override if a known starter/legend; rate the starter, leave backups lower.",low
4,00-0016193,Vinny Testaverde,CLE,1994,QB,69,73,Starting-QB-critical (team): rated on a position prior only — the QB room had no recorded starts/stats to tell the starter from his backups.,"Confirm the season's starter (add games_started) or a manual override if a known starter/legend; rate the starter, leave backups lower.",low
4,00-0005794,Jason Garrett,DAL,1994,QB,69,73,Starting-QB-critical (team): rated on a position prior only — the QB room had no recorded starts/stats to tell the starter from his backups.,"Confirm the season's starter (add games_started) or a manual override if a known starter/legend; rate the starter, leave backups lower.",low
4,00-0012732,Rodney Peete,DAL,1994,QB,69,73,Starting-QB-critical (team): rated on a position prior only — the QB room had no recorded starts/stats to tell the starter from his backups.,"Confirm the season's starter (add games_started) or a manual override if a known starter/legend; rate the starter, leave backups lower.",low
4,00-0000104,Troy Aikman,DAL,1994,QB,69,73,Starting-QB-critical (team): rated on a position prior only — the QB room had no recorded starts/stats to tell the starter from his backups.,"Confirm the season's starter (add games_started) or a manual override if a known starter/legend; rate the starter, leave backups lower.",low
4,00-0011230,Hugh Millen,DEN,1994,QB,70,73,Starting-QB-critical (team): rated on a position prior only — the QB room had no recorded starts/stats to tell the starter from his backups.,"Confirm the season's starter (add games_started) or a manual override if a known starter/legend; rate the starter, leave backups lower.",low
4,00-0004884,John Elway,DEN,1994,QB,70,73,Starting-QB-critical (team): rated on a position prior only — the QB room had no recorded starts/stats to tell the starter from his backups.,"Confirm the season's starter (add games_started) or a manual override if a known starter/legend; rate the starter, leave backups lower.",low
4,00-0005656,Will Furrer,DEN,1994,QB,70,73,Starting-QB-critical (team): rated on a position prior only — the QB room had no recorded starts/stats to tell the starter from his backups.,"Confirm the season's starter (add games_started) or a manual override if a known starter/legend; rate the starter, leave backups lower.",low
4,00-0010054,Chuck Long,DET,1994,QB,70,73,Starting-QB-critical (team): rated on a position prior only — the QB room had no recorded starts/stats to tell the starter from his backups.,"Confirm the season's starter (add games_started) or a manual override if a known starter/legend; rate the starter, leave backups lower.",low
4,00-0009475,Dave Krieg,DET,1994,QB,70,73,Starting-QB-critical (team): rated on a position prior only — the QB room had no recorded starts/stats to tell the starter from his backups.,"Confirm the season's starter (add games_started) or a manual override if a known starter/legend; rate the starter, leave backups lower.",low
4,00-0016560,Gino Torretta,DET,1994,QB,70,73,Starting-QB-critical (team): rated on a position prior only — the QB room had no recorded starts/stats to tell the starter from his backups.,"Confirm the season's starter (add games_started) or a manual override if a known starter/legend; rate the starter, leave backups lower.",low
4,00-0011434,Scott Mitchell,DET,1994,QB,70,73,Starting-QB-critical (team): rated on a position prior only — the QB room had no recorded starts/stats to tell the starter from his backups.,"Confirm the season's starter (add games_started) or a manual override if a known starter/legend; rate the starter, leave backups lower.",low
4,00-0005106,Brett Favre,GB,1994,QB,70,73,Starting-QB-critical (team): rated on a position prior only — the QB room had no recorded starts/stats to tell the starter from his backups.,"Confirm the season's starter (add games_started) or a manual override if a known starter/legend; rate the starter, leave backups lower.",low
4,00-0002110,Mark Brunell,GB,1994,QB,70,73,Starting-QB-critical (team): rated on a position prior only — the QB room had no recorded starts/stats to tell the starter from his backups.,"Confirm the season's starter (add games_started) or a manual override if a known starter/legend; rate the starter, leave backups lower.",low
4,00-0004230,Ty Detmer,GB,1994,QB,70,73,Starting-QB-critical (team): rated on a position prior only — the QB room had no recorded starts/stats to tell the starter from his backups.,"Confirm the season's starter (add games_started) or a manual override if a known starter/legend; rate the starter, leave backups lower.",low
4,00-0011907,Browning Nagle,IND,1994,QB,70,73,Starting-QB-critical (team): rated on a position prior only — the QB room had no recorded starts/stats to tell the starter from his backups.,"Confirm the season's starter (add games_started) or a manual override if a known starter/legend; rate the starter, leave backups lower.",low
4,00-0010284,Don Majkowski,IND,1994,QB,70,73,Starting-QB-critical (team): rated on a position prior only — the QB room had no recorded starts/stats to tell the starter from his backups.,"Confirm the season's starter (add games_started) or a manual override if a known starter/legend; rate the starter, leave backups lower.",low
4,00-0006808,Jim Harbaugh,IND,1994,QB,70,73,Starting-QB-critical (team): rated on a position prior only — the QB room had no recorded starts/stats to tell the starter from his backups.,"Confirm the season's starter (add games_started) or a manual override if a known starter/legend; rate the starter, leave backups lower.",low
4,00-0011493,Joe Montana,KC,1994,QB,70,73,Starting-QB-critical (team): rated on a position prior only — the QB room had no recorded starts/stats to tell the starter from his backups.,"Confirm the season's starter (add games_started) or a manual override if a known starter/legend; rate the starter, leave backups lower.",low
4,00-0001387,Matt Blundin,KC,1994,QB,70,73,Starting-QB-critical (team): rated on a position prior only — the QB room had no recorded starts/stats to tell the starter from his backups.,"Confirm the season's starter (add games_started) or a manual override if a known starter/legend; rate the starter, leave backups lower.",low
4,00-0001471,Steve Bono,KC,1994,QB,70,73,Starting-QB-critical (team): rated on a position prior only — the QB room had no recorded starts/stats to tell the starter from his backups.,"Confirm the season's starter (add games_started) or a manual override if a known starter/legend; rate the starter, leave backups lower.",low
4,00-0010561,Steve Matthews,KC,1994,QB,70,73,Starting-QB-critical (team): rated on a position prior only — the QB room had no recorded starts/stats to tell the starter from his backups.,"Confirm the season's starter (add games_started) or a manual override if a known starter/legend; rate the starter, leave backups lower.",low
4,00-0005953,Gale Gilbert,LAC,1994,QB,70,73,Starting-QB-critical (team): rated on a position prior only — the QB room had no recorded starts/stats to tell the starter from his backups.,"Confirm the season's starter (add games_started) or a manual override if a known starter/legend; rate the starter, leave backups lower.",low
4,00-0001810,Jeff Brohm,LAC,1994,QB,70,73,Starting-QB-critical (team): rated on a position prior only — the QB room had no recorded starts/stats to tell the starter from his backups.,"Confirm the season's starter (add games_started) or a manual override if a known starter/legend; rate the starter, leave backups lower.",low
4,00-0007921,Stan Humphries,LAC,1994,QB,70,73,Starting-QB-critical (team): rated on a position prior only — the QB room had no recorded starts/stats to tell the starter from his backups.,"Confirm the season's starter (add games_started) or a manual override if a known starter/legend; rate the starter, leave backups lower.",low
4,00-0007530,Billy Joe Hobert,LV,1994,QB,70,73,Starting-QB-critical (team): rated on a position prior only — the QB room had no recorded starts/stats to tell the starter from his backups.,"Confirm the season's starter (add games_started) or a manual override if a known starter/legend; rate the starter, leave backups lower.",low
4,00-0007765,Jeff Hostetler,LV,1994,QB,70,73,Starting-QB-critical (team): rated on a position prior only — the QB room had no recorded starts/stats to tell the starter from his backups.,"Confirm the season's starter (add games_started) or a manual override if a known starter/legend; rate the starter, leave backups lower.",low
4,00-0005010,Vince Evans,LV,1994,QB,70,73,Starting-QB-critical (team): rated on a position prior only — the QB room had no recorded starts/stats to tell the starter from his backups.,"Confirm the season's starter (add games_started) or a manual override if a known starter/legend; rate the starter, leave backups lower.",low
4,00-0009427,Bernie Kosar,MIA,1994,QB,70,73,Starting-QB-critical (team): rated on a position prior only — the QB room had no recorded starts/stats to tell the starter from his backups.,"Confirm the season's starter (add games_started) or a manual override if a known starter/legend; rate the starter, leave backups lower.",low
4,00-0010379,Dan Marino,MIA,1994,QB,71,73,Starting-QB-critical (team): rated on a position prior only — the QB room had no recorded starts/stats to tell the starter from his backups.,"Confirm the season's starter (add games_started) or a manual override if a known starter/legend; rate the starter, leave backups lower.",low
4,00-0012726,Doug Pederson,MIA,1994,QB,71,73,Starting-QB-critical (team): rated on a position prior only — the QB room had no recorded starts/stats to tell the starter from his backups.,"Confirm the season's starter (add games_started) or a manual override if a known starter/legend; rate the starter, leave backups lower.",low
4,00-0008442,Brad Johnson,MIN,1994,QB,71,73,Starting-QB-critical (team): rated on a position prior only — the QB room had no recorded starts/stats to tell the starter from his backups.,"Confirm the season's starter (add games_started) or a manual override if a known starter/legend; rate the starter, leave backups lower.",low
4,00-0014270,Sean Salisbury,MIN,1994,QB,71,73,Starting-QB-critical (team): rated on a position prior only — the QB room had no recorded starts/stats to tell the starter from his backups.,"Confirm the season's starter (add games_started) or a manual override if a known starter/legend; rate the starter, leave backups lower.",low
4,00-0011524,Warren Moon,MIN,1994,QB,71,73,Starting-QB-critical (team): rated on a position prior only — the QB room had no recorded starts/stats to tell the starter from his backups.,"Confirm the season's starter (add games_started) or a manual override if a known starter/legend; rate the starter, leave backups lower.",low
4,00-0001361,Drew Bledsoe,NE,1994,QB,71,73,Starting-QB-critical (team): rated on a position prior only — the QB room had no recorded starts/stats to tell the starter from his backups.,"Confirm the season's starter (add games_started) or a manual override if a known starter/legend; rate the starter, leave backups lower.",low
4,jay-walker,Jay Walker,NE,1994,QB,71,73,Starting-QB-critical (team): rated on a position prior only — the QB room had no recorded starts/stats to tell the starter from his backups.,"Confirm the season's starter (add games_started) or a manual override if a known starter/legend; rate the starter, leave backups lower.",low
4,00-0018518,Scott Zolak,NE,1994,QB,71,73,Starting-QB-critical (team): rated on a position prior only — the QB room had no recorded starts/stats to tell the starter from his backups.,"Confirm the season's starter (add games_started) or a manual override if a known starter/legend; rate the starter, leave backups lower.",low
4,00-0012226,Doug Nussmeier,NO,1994,QB,71,73,Starting-QB-critical (team): rated on a position prior only — the QB room had no recorded starts/stats to tell the starter from his backups.,"Confirm the season's starter (add games_started) or a manual override if a known starter/legend; rate the starter, leave backups lower.",low
4,00-0005015,Jim Everett,NO,1994,QB,71,73,Starting-QB-critical (team): rated on a position prior only — the QB room had no recorded starts/stats to tell the starter from his backups.,"Confirm the season's starter (add games_started) or a manual override if a known starter/legend; rate the starter, leave backups lower.",low
4,00-0018073,Wade Wilson,NO,1994,QB,71,73,Starting-QB-critical (team): rated on a position prior only — the QB room had no recorded starts/stats to tell the starter from his backups.,"Confirm the season's starter (add games_started) or a manual override if a known starter/legend; rate the starter, leave backups lower.",low
4,00-0001907,Dave Brown,NYG,1994,QB,71,73,Starting-QB-critical (team): rated on a position prior only — the QB room had no recorded starts/stats to tell the starter from his backups.,"Confirm the season's starter (add games_started) or a manual override if a known starter/legend; rate the starter, leave backups lower.",low
4,00-0006212,Kent Graham,NYG,1994,QB,71,73,Starting-QB-critical (team): rated on a position prior only — the QB room had no recorded starts/stats to tell the starter from his backups.,"Confirm the season's starter (add games_started) or a manual override if a known starter/legend; rate the starter, leave backups lower.",low
4,00-0017575,Stan White,NYG,1994,QB,71,73,Starting-QB-critical (team): rated on a position prior only — the QB room had no recorded starts/stats to tell the starter from his backups.,"Confirm the season's starter (add games_started) or a manual override if a known starter/legend; rate the starter, leave backups lower.",low
4,00-0004937,Boomer Esiason,NYJ,1994,QB,71,73,Starting-QB-critical (team): rated on a position prior only — the QB room had no recorded starts/stats to tell the starter from his backups.,"Confirm the season's starter (add games_started) or a manual override if a known starter/legend; rate the starter, leave backups lower.",low
4,00-0005379,Glenn Foley,NYJ,1994,QB,71,73,Starting-QB-critical (team): rated on a position prior only — the QB room had no recorded starts/stats to tell the starter from his backups.,"Confirm the season's starter (add games_started) or a manual override if a known starter/legend; rate the starter, leave backups lower.",low
4,00-0016628,Jack Trudeau,NYJ,1994,QB,71,73,Starting-QB-critical (team): rated on a position prior only — the QB room had no recorded starts/stats to tell the starter from his backups.,"Confirm the season's starter (add games_started) or a manual override if a known starter/legend; rate the starter, leave backups lower.",low
4,00-0001785,Bubby Brister,PHI,1994,QB,71,73,Starting-QB-critical (team): rated on a position prior only — the QB room had no recorded starts/stats to tell the starter from his backups.,"Confirm the season's starter (add games_started) or a manual override if a known starter/legend; rate the starter, leave backups lower.",low
4,00-0005180,Jay Fiedler,PHI,1994,QB,71,73,Starting-QB-critical (team): rated on a position prior only — the QB room had no recorded starts/stats to tell the starter from his backups.,"Confirm the season's starter (add games_started) or a manual override if a known starter/legend; rate the starter, leave backups lower.",low
4,00-0003761,Randall Cunningham,PHI,1994,QB,71,73,Starting-QB-critical (team): rated on a position prior only — the QB room had no recorded starts/stats to tell the starter from his backups.,"Confirm the season's starter (add games_started) or a manual override if a known starter/legend; rate the starter, leave backups lower.",low
4,00-0011276,Jim Miller,PIT,1994,QB,71,73,Starting-QB-critical (team): rated on a position prior only — the QB room had no recorded starts/stats to tell the starter from his backups.,"Confirm the season's starter (add games_started) or a manual override if a known starter/legend; rate the starter, leave backups lower.",low
4,00-0016538,Mike Tomczak,PIT,1994,QB,71,73,Starting-QB-critical (team): rated on a position prior only — the QB room had no recorded starts/stats to tell the starter from his backups.,"Confirm the season's starter (add games_started) or a manual override if a known starter/legend; rate the starter, leave backups lower.",low
4,00-0012261,Neil O'Donnell,PIT,1994,QB,71,73,Starting-QB-critical (team): rated on a position prior only — the QB room had no recorded starts/stats to tell the starter from his backups.,"Confirm the season's starter (add games_started) or a manual override if a known starter/legend; rate the starter, leave backups lower.",low
4,00-0010904,Dan McGwire,SEA,1994,QB,71,73,Starting-QB-critical (team): rated on a position prior only — the QB room had no recorded starts/stats to tell the starter from his backups.,"Confirm the season's starter (add games_started) or a manual override if a known starter/legend; rate the starter, leave backups lower.",low
4,00-0006209,Jeff Graham,SEA,1994,QB,72,73,Starting-QB-critical (team): rated on a position prior only — the QB room had no recorded starts/stats to tell the starter from his backups.,"Confirm the season's starter (add games_started) or a manual override if a known starter/legend; rate the starter, leave backups lower.",low
4,00-0011378,Rick Mirer,SEA,1994,QB,72,73,Starting-QB-critical (team): rated on a position prior only — the QB room had no recorded starts/stats to tell the starter from his backups.,"Confirm the season's starter (add games_started) or a manual override if a known starter/legend; rate the starter, leave backups lower.",low
4,00-0005869,Stan Gelbaugh,SEA,1994,QB,72,73,Starting-QB-critical (team): rated on a position prior only — the QB room had no recorded starts/stats to tell the starter from his backups.,"Confirm the season's starter (add games_started) or a manual override if a known starter/legend; rate the starter, leave backups lower.",low
4,00-0011873,Bill Musgrave,SF,1994,QB,72,73,Starting-QB-critical (team): rated on a position prior only — the QB room had no recorded starts/stats to tell the starter from his backups.,"Confirm the season's starter (add games_started) or a manual override if a known starter/legend; rate the starter, leave backups lower.",low
4,00-0006300,Elvis Grbac,SF,1994,QB,72,73,Starting-QB-critical (team): rated on a position prior only — the QB room had no recorded starts/stats to tell the starter from his backups.,"Confirm the season's starter (add games_started) or a manual override if a known starter/legend; rate the starter, leave backups lower.",low
4,00-0018441,Steve Young,SF,1994,QB,72,73,Starting-QB-critical (team): rated on a position prior only — the QB room had no recorded starts/stats to tell the starter from his backups.,"Confirm the season's starter (add games_started) or a manual override if a known starter/legend; rate the starter, leave backups lower.",low
4,00-0002876,Chris Chandler,STL,1994,QB,72,73,Starting-QB-critical (team): rated on a position prior only — the QB room had no recorded starts/stats to tell the starter from his backups.,"Confirm the season's starter (add games_started) or a manual override if a known starter/legend; rate the starter, leave backups lower.",low
4,00-0011244,Chris Miller,STL,1994,QB,72,73,Starting-QB-critical (team): rated on a position prior only — the QB room had no recorded starts/stats to tell the starter from his backups.,"Confirm the season's starter (add games_started) or a manual override if a known starter/legend; rate the starter, leave backups lower.",low
4,00-0010455,Jamie Martin,STL,1994,QB,72,73,Starting-QB-critical (team): rated on a position prior only — the QB room had no recorded starts/stats to tell the starter from his backups.,"Confirm the season's starter (add games_started) or a manual override if a known starter/legend; rate the starter, leave backups lower.",low
4,00-0010261,Tommy Maddox,STL,1994,QB,72,73,Starting-QB-critical (team): rated on a position prior only — the QB room had no recorded starts/stats to tell the starter from his backups.,"Confirm the season's starter (add games_started) or a manual override if a known starter/legend; rate the starter, leave backups lower.",low
4,00-0017415,Casey Weldon,TB,1994,QB,72,73,Starting-QB-critical (team): rated on a position prior only — the QB room had no recorded starts/stats to tell the starter from his backups.,"Confirm the season's starter (add games_started) or a manual override if a known starter/legend; rate the starter, leave backups lower.",low
4,00-0004925,Craig Erickson,TB,1994,QB,72,73,Starting-QB-critical (team): rated on a position prior only — the QB room had no recorded starts/stats to tell the starter from his backups.,"Confirm the season's starter (add games_started) or a manual override if a known starter/legend; rate the starter, leave backups lower.",low
4,00-0004293,Trent Dilfer,TB,1994,QB,72,73,Starting-QB-critical (team): rated on a position prior only — the QB room had no recorded starts/stats to tell the starter from his backups.,"Confirm the season's starter (add games_started) or a manual override if a known starter/legend; rate the starter, leave backups lower.",low
4,00-0016534,Billy Joe Tolliver,TEN,1994,QB,72,73,Starting-QB-critical (team): rated on a position prior only — the QB room had no recorded starts/stats to tell the starter from his backups.,"Confirm the season's starter (add games_started) or a manual override if a known starter/legend; rate the starter, leave backups lower.",low
4,00-0013671,Bucky Richardson,TEN,1994,QB,72,73,Starting-QB-critical (team): rated on a position prior only — the QB room had no recorded starts/stats to tell the starter from his backups.,"Confirm the season's starter (add games_started) or a manual override if a known starter/legend; rate the starter, leave backups lower.",low
4,00-0002642,Cody Carlson,TEN,1994,QB,72,73,Starting-QB-critical (team): rated on a position prior only — the QB room had no recorded starts/stats to tell the starter from his backups.,"Confirm the season's starter (add games_started) or a manual override if a known starter/legend; rate the starter, leave backups lower.",low
4,lee-williamson,Lee Williamson,TEN,1994,QB,72,73,Starting-QB-critical (team): rated on a position prior only — the QB room had no recorded starts/stats to tell the starter from his backups.,"Confirm the season's starter (add games_started) or a manual override if a known starter/legend; rate the starter, leave backups lower.",low
4,00-0005589,Gus Frerotte,WAS,1994,QB,72,73,Starting-QB-critical (team): rated on a position prior only — the QB room had no recorded starts/stats to tell the starter from his backups.,"Confirm the season's starter (add games_started) or a manual override if a known starter/legend; rate the starter, leave backups lower.",low
4,00-0014843,Heath Shuler,WAS,1994,QB,72,73,Starting-QB-critical (team): rated on a position prior only — the QB room had no recorded starts/stats to tell the starter from his backups.,"Confirm the season's starter (add games_started) or a manual override if a known starter/legend; rate the starter, leave backups lower.",low
4,00-0005600,John Friesz,WAS,1994,QB,72,73,Starting-QB-critical (team): rated on a position prior only — the QB room had no recorded starts/stats to tell the starter from his backups.,"Confirm the season's starter (add games_started) or a manual override if a known starter/legend; rate the starter, leave backups lower.",low
4,00-0002876,Chris Chandler,ARI,1993,QB,69,73,Starting-QB-critical (team): rated on a position prior only — the QB room had no recorded starts/stats to tell the starter from his backups.,"Confirm the season's starter (add games_started) or a manual override if a known starter/legend; rate the starter, leave backups lower.",low
4,00-0001218,Steve Beuerlein,ARI,1993,QB,69,73,Starting-QB-critical (team): rated on a position prior only — the QB room had no recorded starts/stats to tell the starter from his backups.,"Confirm the season's starter (add games_started) or a manual override if a known starter/legend; rate the starter, leave backups lower.",low
4,tony-sacca,Tony Sacca,ARI,1993,QB,69,73,Starting-QB-critical (team): rated on a position prior only — the QB room had no recorded starts/stats to tell the starter from his backups.,"Confirm the season's starter (add games_started) or a manual override if a known starter/legend; rate the starter, leave backups lower.",low
4,00-0005656,Will Furrer,ARI,1993,QB,69,73,Starting-QB-critical (team): rated on a position prior only — the QB room had no recorded starts/stats to tell the starter from his backups.,"Confirm the season's starter (add games_started) or a manual override if a known starter/legend; rate the starter, leave backups lower.",low
4,00-0016534,Billy Joe Tolliver,ATL,1993,QB,69,73,Starting-QB-critical (team): rated on a position prior only — the QB room had no recorded starts/stats to tell the starter from his backups.,"Confirm the season's starter (add games_started) or a manual override if a known starter/legend; rate the starter, leave backups lower.",low
4,00-0005676,Bob Gagliano,ATL,1993,QB,69,73,Starting-QB-critical (team): rated on a position prior only — the QB room had no recorded starts/stats to tell the starter from his backups.,"Confirm the season's starter (add games_started) or a manual override if a known starter/legend; rate the starter, leave backups lower.",low
4,00-0007190,Bobby Hebert,ATL,1993,QB,69,73,Starting-QB-critical (team): rated on a position prior only — the QB room had no recorded starts/stats to tell the starter from his backups.,"Confirm the season's starter (add games_started) or a manual override if a known starter/legend; rate the starter, leave backups lower.",low
4,00-0011244,Chris Miller,ATL,1993,QB,69,73,Starting-QB-critical (team): rated on a position prior only — the QB room had no recorded starts/stats to tell the starter from his backups.,"Confirm the season's starter (add games_started) or a manual override if a known starter/legend; rate the starter, leave backups lower.",low
4,00-0013558,Frank Reich,BUF,1993,QB,69,73,Starting-QB-critical (team): rated on a position prior only — the QB room had no recorded starts/stats to tell the starter from his backups.,"Confirm the season's starter (add games_started) or a manual override if a known starter/legend; rate the starter, leave backups lower.",low
4,00-0005953,Gale Gilbert,BUF,1993,QB,69,73,Starting-QB-critical (team): rated on a position prior only — the QB room had no recorded starts/stats to tell the starter from his backups.,"Confirm the season's starter (add games_started) or a manual override if a known starter/legend; rate the starter, leave backups lower.",low
4,00-0009111,Jim Kelly,BUF,1993,QB,69,73,Starting-QB-critical (team): rated on a position prior only — the QB room had no recorded starts/stats to tell the starter from his backups.,"Confirm the season's starter (add games_started) or a manual override if a known starter/legend; rate the starter, leave backups lower.",low
4,00-0006808,Jim Harbaugh,CHI,1993,QB,69,73,Starting-QB-critical (team): rated on a position prior only — the QB room had no recorded starts/stats to tell the starter from his backups.,"Confirm the season's starter (add games_started) or a manual override if a known starter/legend; rate the starter, leave backups lower.",low
4,00-0017984,Peter Tom Willis,CHI,1993,QB,69,73,Starting-QB-critical (team): rated on a position prior only — the QB room had no recorded starts/stats to tell the starter from his backups.,"Confirm the season's starter (add games_started) or a manual override if a known starter/legend; rate the starter, leave backups lower.",low
4,00-0010560,Shane Matthews,CHI,1993,QB,69,73,Starting-QB-critical (team): rated on a position prior only — the QB room had no recorded starts/stats to tell the starter from his backups.,"Confirm the season's starter (add games_started) or a manual override if a known starter/legend; rate the starter, leave backups lower.",low
4,00-0009331,David Klingler,CIN,1993,QB,69,73,Starting-QB-critical (team): rated on a position prior only — the QB room had no recorded starts/stats to tell the starter from his backups.,"Confirm the season's starter (add games_started) or a manual override if a known starter/legend; rate the starter, leave backups lower.",low
4,00-0007601,Donald Hollas,CIN,1993,QB,69,73,Starting-QB-critical (team): rated on a position prior only — the QB room had no recorded starts/stats to tell the starter from his backups.,"Confirm the season's starter (add games_started) or a manual override if a known starter/legend; rate the starter, leave backups lower.",low
4,00-0017673,Erik Wilhelm,CIN,1993,QB,69,73,Starting-QB-critical (team): rated on a position prior only — the QB room had no recorded starts/stats to tell the starter from his backups.,"Confirm the season's starter (add games_started) or a manual override if a known starter/legend; rate the starter, leave backups lower.",low
4,00-0014490,Jay Schroeder,CIN,1993,QB,69,73,Starting-QB-critical (team): rated on a position prior only — the QB room had no recorded starts/stats to tell the starter from his backups.,"Confirm the season's starter (add games_started) or a manual override if a known starter/legend; rate the starter, leave backups lower.",low
4,00-0006065,Brad Goebel,CLE,1993,QB,69,73,Starting-QB-critical (team): rated on a position prior only — the QB room had no recorded starts/stats to tell the starter from his backups.,"Confirm the season's starter (add games_started) or a manual override if a known starter/legend; rate the starter, leave backups lower.",low
4,00-0012910,Todd Philcox,CLE,1993,QB,69,73,Starting-QB-critical (team): rated on a position prior only — the QB room had no recorded starts/stats to tell the starter from his backups.,"Confirm the season's starter (add games_started) or a manual override if a known starter/legend; rate the starter, leave backups lower.",low
4,00-0016193,Vinny Testaverde,CLE,1993,QB,69,73,Starting-QB-critical (team): rated on a position prior only — the QB room had no recorded starts/stats to tell the starter from his backups.,"Confirm the season's starter (add games_started) or a manual override if a known starter/legend; rate the starter, leave backups lower.",low
4,00-0009427,Bernie Kosar,DAL,1993,QB,69,73,Starting-QB-critical (team): rated on a position prior only — the QB room had no recorded starts/stats to tell the starter from his backups.,"Confirm the season's starter (add games_started) or a manual override if a known starter/legend; rate the starter, leave backups lower.",low
4,00-0005794,Jason Garrett,DAL,1993,QB,69,73,Starting-QB-critical (team): rated on a position prior only — the QB room had no recorded starts/stats to tell the starter from his backups.,"Confirm the season's starter (add games_started) or a manual override if a known starter/legend; rate the starter, leave backups lower.",low
4,00-0000104,Troy Aikman,DAL,1993,QB,69,73,Starting-QB-critical (team): rated on a position prior only — the QB room had no recorded starts/stats to tell the starter from his backups.,"Confirm the season's starter (add games_started) or a manual override if a known starter/legend; rate the starter, leave backups lower.",low
4,00-0004884,John Elway,DEN,1993,QB,70,73,Starting-QB-critical (team): rated on a position prior only — the QB room had no recorded starts/stats to tell the starter from his backups.,"Confirm the season's starter (add games_started) or a manual override if a known starter/legend; rate the starter, leave backups lower.",low
4,00-0011611,Shawn Moore,DEN,1993,QB,70,73,Starting-QB-critical (team): rated on a position prior only — the QB room had no recorded starts/stats to tell the starter from his backups.,"Confirm the season's starter (add games_started) or a manual override if a known starter/legend; rate the starter, leave backups lower.",low
4,00-0010261,Tommy Maddox,DEN,1993,QB,70,73,Starting-QB-critical (team): rated on a position prior only — the QB room had no recorded starts/stats to tell the starter from his backups.,"Confirm the season's starter (add games_started) or a manual override if a known starter/legend; rate the starter, leave backups lower.",low
4,00-0017178,Andre Ware,DET,1993,QB,70,73,Starting-QB-critical (team): rated on a position prior only — the QB room had no recorded starts/stats to tell the starter from his backups.,"Confirm the season's starter (add games_started) or a manual override if a known starter/legend; rate the starter, leave backups lower.",low
4,00-0009451,Erik Kramer,DET,1993,QB,70,73,Starting-QB-critical (team): rated on a position prior only — the QB room had no recorded starts/stats to tell the starter from his backups.,"Confirm the season's starter (add games_started) or a manual override if a known starter/legend; rate the starter, leave backups lower.",low
4,00-0012732,Rodney Peete,DET,1993,QB,70,73,Starting-QB-critical (team): rated on a position prior only — the QB room had no recorded starts/stats to tell the starter from his backups.,"Confirm the season's starter (add games_started) or a manual override if a known starter/legend; rate the starter, leave backups lower.",low
4,00-0005106,Brett Favre,GB,1993,QB,70,73,Starting-QB-critical (team): rated on a position prior only — the QB room had no recorded starts/stats to tell the starter from his backups.,"Confirm the season's starter (add games_started) or a manual override if a known starter/legend; rate the starter, leave backups lower.",low
4,00-0002110,Mark Brunell,GB,1993,QB,70,73,Starting-QB-critical (team): rated on a position prior only — the QB room had no recorded starts/stats to tell the starter from his backups.,"Confirm the season's starter (add games_started) or a manual override if a known starter/legend; rate the starter, leave backups lower.",low
4,00-0004230,Ty Detmer,GB,1993,QB,70,73,Starting-QB-critical (team): rated on a position prior only — the QB room had no recorded starts/stats to tell the starter from his backups.,"Confirm the season's starter (add games_started) or a manual override if a known starter/legend; rate the starter, leave backups lower.",low
4,00-0010284,Don Majkowski,IND,1993,QB,70,73,Starting-QB-critical (team): rated on a position prior only — the QB room had no recorded starts/stats to tell the starter from his backups.,"Confirm the season's starter (add games_started) or a manual override if a known starter/legend; rate the starter, leave backups lower.",low
4,00-0016628,Jack Trudeau,IND,1993,QB,70,73,Starting-QB-critical (team): rated on a position prior only — the QB room had no recorded starts/stats to tell the starter from his backups.,"Confirm the season's starter (add games_started) or a manual override if a known starter/legend; rate the starter, leave backups lower.",low
4,00-0005885,Jeff George,IND,1993,QB,70,73,Starting-QB-critical (team): rated on a position prior only — the QB room had no recorded starts/stats to tell the starter from his backups.,"Confirm the season's starter (add games_started) or a manual override if a known starter/legend; rate the starter, leave backups lower.",low
4,00-0006626,Chris Hakel,KC,1993,QB,70,73,Starting-QB-critical (team): rated on a position prior only — the QB room had no recorded starts/stats to tell the starter from his backups.,"Confirm the season's starter (add games_started) or a manual override if a known starter/legend; rate the starter, leave backups lower.",low
4,00-0009475,Dave Krieg,KC,1993,QB,70,73,Starting-QB-critical (team): rated on a position prior only — the QB room had no recorded starts/stats to tell the starter from his backups.,"Confirm the season's starter (add games_started) or a manual override if a known starter/legend; rate the starter, leave backups lower.",low
4,00-0011493,Joe Montana,KC,1993,QB,70,73,Starting-QB-critical (team): rated on a position prior only — the QB room had no recorded starts/stats to tell the starter from his backups.,"Confirm the season's starter (add games_started) or a manual override if a known starter/legend; rate the starter, leave backups lower.",low
4,00-0001387,Matt Blundin,KC,1993,QB,70,73,Starting-QB-critical (team): rated on a position prior only — the QB room had no recorded starts/stats to tell the starter from his backups.,"Confirm the season's starter (add games_started) or a manual override if a known starter/legend; rate the starter, leave backups lower.",low
4,00-0005600,John Friesz,LAC,1993,QB,70,73,Starting-QB-critical (team): rated on a position prior only — the QB room had no recorded starts/stats to tell the starter from his backups.,"Confirm the season's starter (add games_started) or a manual override if a known starter/legend; rate the starter, leave backups lower.",low
4,00-0007921,Stan Humphries,LAC,1993,QB,70,73,Starting-QB-critical (team): rated on a position prior only — the QB room had no recorded starts/stats to tell the starter from his backups.,"Confirm the season's starter (add games_started) or a manual override if a known starter/legend; rate the starter, leave backups lower.",low
4,00-0006355,Trent Green,LAC,1993,QB,70,73,Starting-QB-critical (team): rated on a position prior only — the QB room had no recorded starts/stats to tell the starter from his backups.,"Confirm the season's starter (add games_started) or a manual override if a known starter/legend; rate the starter, leave backups lower.",low
4,00-0007530,Billy Joe Hobert,LV,1993,QB,70,73,Starting-QB-critical (team): rated on a position prior only — the QB room had no recorded starts/stats to tell the starter from his backups.,"Confirm the season's starter (add games_started) or a manual override if a known starter/legend; rate the starter, leave backups lower.",low
4,00-0007765,Jeff Hostetler,LV,1993,QB,70,73,Starting-QB-critical (team): rated on a position prior only — the QB room had no recorded starts/stats to tell the starter from his backups.,"Confirm the season's starter (add games_started) or a manual override if a known starter/legend; rate the starter, leave backups lower.",low
4,00-0005010,Vince Evans,LV,1993,QB,70,73,Starting-QB-critical (team): rated on a position prior only — the QB room had no recorded starts/stats to tell the starter from his backups.,"Confirm the season's starter (add games_started) or a manual override if a known starter/legend; rate the starter, leave backups lower.",low
4,00-0010379,Dan Marino,MIA,1993,QB,70,73,Starting-QB-critical (team): rated on a position prior only — the QB room had no recorded starts/stats to tell the starter from his backups.,"Confirm the season's starter (add games_started) or a manual override if a known starter/legend; rate the starter, leave backups lower.",low
4,00-0011230,Hugh Millen,MIA,1993,QB,70,73,Starting-QB-critical (team): rated on a position prior only — the QB room had no recorded starts/stats to tell the starter from his backups.,"Confirm the season's starter (add games_started) or a manual override if a known starter/legend; rate the starter, leave backups lower.",low
4,00-0011434,Scott Mitchell,MIA,1993,QB,71,73,Starting-QB-critical (team): rated on a position prior only — the QB room had no recorded starts/stats to tell the starter from his backups.,"Confirm the season's starter (add games_started) or a manual override if a known starter/legend; rate the starter, leave backups lower.",low
4,00-0004116,Steve DeBerg,MIA,1993,QB,71,73,Starting-QB-critical (team): rated on a position prior only — the QB room had no recorded starts/stats to tell the starter from his backups.,"Confirm the season's starter (add games_started) or a manual override if a known starter/legend; rate the starter, leave backups lower.",low
4,00-0008442,Brad Johnson,MIN,1993,QB,71,73,Starting-QB-critical (team): rated on a position prior only — the QB room had no recorded starts/stats to tell the starter from his backups.,"Confirm the season's starter (add games_started) or a manual override if a known starter/legend; rate the starter, leave backups lower.",low
4,00-0016560,Gino Torretta,MIN,1993,QB,71,73,Starting-QB-critical (team): rated on a position prior only — the QB room had no recorded starts/stats to tell the starter from his backups.,"Confirm the season's starter (add games_started) or a manual override if a known starter/legend; rate the starter, leave backups lower.",low
4,00-0010997,Jim McMahon,MIN,1993,QB,71,73,Starting-QB-critical (team): rated on a position prior only — the QB room had no recorded starts/stats to tell the starter from his backups.,"Confirm the season's starter (add games_started) or a manual override if a known starter/legend; rate the starter, leave backups lower.",low
4,00-0014270,Sean Salisbury,MIN,1993,QB,71,73,Starting-QB-critical (team): rated on a position prior only — the QB room had no recorded starts/stats to tell the starter from his backups.,"Confirm the season's starter (add games_started) or a manual override if a known starter/legend; rate the starter, leave backups lower.",low
4,00-0001361,Drew Bledsoe,NE,1993,QB,71,73,Starting-QB-critical (team): rated on a position prior only — the QB room had no recorded starts/stats to tell the starter from his backups.,"Confirm the season's starter (add games_started) or a manual override if a known starter/legend; rate the starter, leave backups lower.",low
4,00-0014630,Scott Secules,NE,1993,QB,71,73,Starting-QB-critical (team): rated on a position prior only — the QB room had no recorded starts/stats to tell the starter from his backups.,"Confirm the season's starter (add games_started) or a manual override if a known starter/legend; rate the starter, leave backups lower.",low
4,00-0018518,Scott Zolak,NE,1993,QB,71,73,Starting-QB-critical (team): rated on a position prior only — the QB room had no recorded starts/stats to tell the starter from his backups.,"Confirm the season's starter (add games_started) or a manual override if a known starter/legend; rate the starter, leave backups lower.",low
4,00-0002174,Mike Buck,NO,1993,QB,71,73,Starting-QB-critical (team): rated on a position prior only — the QB room had no recorded starts/stats to tell the starter from his backups.,"Confirm the season's starter (add games_started) or a manual override if a known starter/legend; rate the starter, leave backups lower.",low
4,00-0017121,Steve Walsh,NO,1993,QB,71,73,Starting-QB-critical (team): rated on a position prior only — the QB room had no recorded starts/stats to tell the starter from his backups.,"Confirm the season's starter (add games_started) or a manual override if a known starter/legend; rate the starter, leave backups lower.",low
4,00-0018073,Wade Wilson,NO,1993,QB,71,73,Starting-QB-critical (team): rated on a position prior only — the QB room had no recorded starts/stats to tell the starter from his backups.,"Confirm the season's starter (add games_started) or a manual override if a known starter/legend; rate the starter, leave backups lower.",low
4,00-0001907,Dave Brown,NYG,1993,QB,71,73,Starting-QB-critical (team): rated on a position prior only — the QB room had no recorded starts/stats to tell the starter from his backups.,"Confirm the season's starter (add games_started) or a manual override if a known starter/legend; rate the starter, leave backups lower.",low
4,00-0006212,Kent Graham,NYG,1993,QB,71,73,Starting-QB-critical (team): rated on a position prior only — the QB room had no recorded starts/stats to tell the starter from his backups.,"Confirm the season's starter (add games_started) or a manual override if a known starter/legend; rate the starter, leave backups lower.",low
4,00-0014922,Phil Simms,NYG,1993,QB,71,73,Starting-QB-critical (team): rated on a position prior only — the QB room had no recorded starts/stats to tell the starter from his backups.,"Confirm the season's starter (add games_started) or a manual override if a known starter/legend; rate the starter, leave backups lower.",low
4,00-0004937,Boomer Esiason,NYJ,1993,QB,71,73,Starting-QB-critical (team): rated on a position prior only — the QB room had no recorded starts/stats to tell the starter from his backups.,"Confirm the season's starter (add games_started) or a manual override if a known starter/legend; rate the starter, leave backups lower.",low
4,00-0011907,Browning Nagle,NYJ,1993,QB,71,73,Starting-QB-critical (team): rated on a position prior only — the QB room had no recorded starts/stats to tell the starter from his backups.,"Confirm the season's starter (add games_started) or a manual override if a known starter/legend; rate the starter, leave backups lower.",low
4,00-0001335,Jeff Blake,NYJ,1993,QB,71,73,Starting-QB-critical (team): rated on a position prior only — the QB room had no recorded starts/stats to tell the starter from his backups.,"Confirm the season's starter (add games_started) or a manual override if a known starter/legend; rate the starter, leave backups lower.",low
4,00-0001785,Bubby Brister,PHI,1993,QB,71,73,Starting-QB-critical (team): rated on a position prior only — the QB room had no recorded starts/stats to tell the starter from his backups.,"Confirm the season's starter (add games_started) or a manual override if a known starter/legend; rate the starter, leave backups lower.",low
4,00-0012246,Ken O'Brien,PHI,1993,QB,71,73,Starting-QB-critical (team): rated on a position prior only — the QB room had no recorded starts/stats to tell the starter from his backups.,"Confirm the season's starter (add games_started) or a manual override if a known starter/legend; rate the starter, leave backups lower.",low
4,00-0008839,Preston Jones,PHI,1993,QB,71,73,Starting-QB-critical (team): rated on a position prior only — the QB room had no recorded starts/stats to tell the starter from his backups.,"Confirm the season's starter (add games_started) or a manual override if a known starter/legend; rate the starter, leave backups lower.",low
4,00-0003761,Randall Cunningham,PHI,1993,QB,71,73,Starting-QB-critical (team): rated on a position prior only — the QB room had no recorded starts/stats to tell the starter from his backups.,"Confirm the season's starter (add games_started) or a manual override if a known starter/legend; rate the starter, leave backups lower.",low
4,00-0016538,Mike Tomczak,PIT,1993,QB,71,73,Starting-QB-critical (team): rated on a position prior only — the QB room had no recorded starts/stats to tell the starter from his backups.,"Confirm the season's starter (add games_started) or a manual override if a known starter/legend; rate the starter, leave backups lower.",low
4,00-0012261,Neil O'Donnell,PIT,1993,QB,71,73,Starting-QB-critical (team): rated on a position prior only — the QB room had no recorded starts/stats to tell the starter from his backups.,"Confirm the season's starter (add games_started) or a manual override if a known starter/legend; rate the starter, leave backups lower.",low
4,00-0015827,Rick Strom,PIT,1993,QB,72,73,Starting-QB-critical (team): rated on a position prior only — the QB room had no recorded starts/stats to tell the starter from his backups.,"Confirm the season's starter (add games_started) or a manual override if a known starter/legend; rate the starter, leave backups lower.",low
4,00-0010904,Dan McGwire,SEA,1993,QB,72,73,Starting-QB-critical (team): rated on a position prior only — the QB room had no recorded starts/stats to tell the starter from his backups.,"Confirm the season's starter (add games_started) or a manual override if a known starter/legend; rate the starter, leave backups lower.",low
4,00-0006209,Jeff Graham,SEA,1993,QB,72,73,Starting-QB-critical (team): rated on a position prior only — the QB room had no recorded starts/stats to tell the starter from his backups.,"Confirm the season's starter (add games_started) or a manual override if a known starter/legend; rate the starter, leave backups lower.",low
4,00-0011378,Rick Mirer,SEA,1993,QB,72,73,Starting-QB-critical (team): rated on a position prior only — the QB room had no recorded starts/stats to tell the starter from his backups.,"Confirm the season's starter (add games_started) or a manual override if a known starter/legend; rate the starter, leave backups lower.",low
4,00-0005869,Stan Gelbaugh,SEA,1993,QB,72,73,Starting-QB-critical (team): rated on a position prior only — the QB room had no recorded starts/stats to tell the starter from his backups.,"Confirm the season's starter (add games_started) or a manual override if a known starter/legend; rate the starter, leave backups lower.",low
4,00-0011873,Bill Musgrave,SF,1993,QB,72,73,Starting-QB-critical (team): rated on a position prior only — the QB room had no recorded starts/stats to tell the starter from his backups.,"Confirm the season's starter (add games_started) or a manual override if a known starter/legend; rate the starter, leave backups lower.",low
4,00-0006300,Elvis Grbac,SF,1993,QB,72,73,Starting-QB-critical (team): rated on a position prior only — the QB room had no recorded starts/stats to tell the starter from his backups.,"Confirm the season's starter (add games_started) or a manual override if a known starter/legend; rate the starter, leave backups lower.",low
4,00-0001471,Steve Bono,SF,1993,QB,72,73,Starting-QB-critical (team): rated on a position prior only — the QB room had no recorded starts/stats to tell the starter from his backups.,"Confirm the season's starter (add games_started) or a manual override if a known starter/legend; rate the starter, leave backups lower.",low
4,00-0018441,Steve Young,SF,1993,QB,72,73,Starting-QB-critical (team): rated on a position prior only — the QB room had no recorded starts/stats to tell the starter from his backups.,"Confirm the season's starter (add games_started) or a manual override if a known starter/legend; rate the starter, leave backups lower.",low
4,00-0010455,Jamie Martin,STL,1993,QB,72,73,Starting-QB-critical (team): rated on a position prior only — the QB room had no recorded starts/stats to tell the starter from his backups.,"Confirm the season's starter (add games_started) or a manual override if a known starter/legend; rate the starter, leave backups lower.",low
4,00-0005015,Jim Everett,STL,1993,QB,72,73,Starting-QB-critical (team): rated on a position prior only — the QB room had no recorded starts/stats to tell the starter from his backups.,"Confirm the season's starter (add games_started) or a manual override if a known starter/legend; rate the starter, leave backups lower.",low
4,00-0014129,T.J. Rubley,STL,1993,QB,72,73,Starting-QB-critical (team): rated on a position prior only — the QB room had no recorded starts/stats to tell the starter from his backups.,"Confirm the season's starter (add games_started) or a manual override if a known starter/legend; rate the starter, leave backups lower.",low
4,00-0017415,Casey Weldon,TB,1993,QB,72,73,Starting-QB-critical (team): rated on a position prior only — the QB room had no recorded starts/stats to tell the starter from his backups.,"Confirm the season's starter (add games_started) or a manual override if a known starter/legend; rate the starter, leave backups lower.",low
4,00-0004925,Craig Erickson,TB,1993,QB,72,73,Starting-QB-critical (team): rated on a position prior only — the QB room had no recorded starts/stats to tell the starter from his backups.,"Confirm the season's starter (add games_started) or a manual override if a known starter/legend; rate the starter, leave backups lower.",low
4,00-0016942,Mark Vlasic,TB,1993,QB,72,73,Starting-QB-critical (team): rated on a position prior only — the QB room had no recorded starts/stats to tell the starter from his backups.,"Confirm the season's starter (add games_started) or a manual override if a known starter/legend; rate the starter, leave backups lower.",low
4,00-0013671,Bucky Richardson,TEN,1993,QB,72,73,Starting-QB-critical (team): rated on a position prior only — the QB room had no recorded starts/stats to tell the starter from his backups.,"Confirm the season's starter (add games_started) or a manual override if a known starter/legend; rate the starter, leave backups lower.",low
4,00-0002642,Cody Carlson,TEN,1993,QB,72,73,Starting-QB-critical (team): rated on a position prior only — the QB room had no recorded starts/stats to tell the starter from his backups.,"Confirm the season's starter (add games_started) or a manual override if a known starter/legend; rate the starter, leave backups lower.",low
4,00-0011524,Warren Moon,TEN,1993,QB,72,73,Starting-QB-critical (team): rated on a position prior only — the QB room had no recorded starts/stats to tell the starter from his backups.,"Confirm the season's starter (add games_started) or a manual override if a known starter/legend; rate the starter, leave backups lower.",low
4,00-0003367,Cary Conklin,WAS,1993,QB,72,73,Starting-QB-critical (team): rated on a position prior only — the QB room had no recorded starts/stats to tell the starter from his backups.,"Confirm the season's starter (add games_started) or a manual override if a known starter/legend; rate the starter, leave backups lower.",low
4,00-0014234,Mark Rypien,WAS,1993,QB,72,73,Starting-QB-critical (team): rated on a position prior only — the QB room had no recorded starts/stats to tell the starter from his backups.,"Confirm the season's starter (add games_started) or a manual override if a known starter/legend; rate the starter, leave backups lower.",low
4,00-0005741,Rich Gannon,WAS,1993,QB,72,73,Starting-QB-critical (team): rated on a position prior only — the QB room had no recorded starts/stats to tell the starter from his backups.,"Confirm the season's starter (add games_started) or a manual override if a known starter/legend; rate the starter, leave backups lower.",low
4,00-0002876,Chris Chandler,ARI,1992,QB,69,73,Starting-QB-critical (team): rated on a position prior only — the QB room had no recorded starts/stats to tell the starter from his backups.,"Confirm the season's starter (add games_started) or a manual override if a known starter/legend; rate the starter, leave backups lower.",low
4,00-0014043,Timm Rosenbach,ARI,1992,QB,69,73,Starting-QB-critical (team): rated on a position prior only — the QB room had no recorded starts/stats to tell the starter from his backups.,"Confirm the season's starter (add games_started) or a manual override if a known starter/legend; rate the starter, leave backups lower.",low
4,tony-sacca,Tony Sacca,ARI,1992,QB,69,73,Starting-QB-critical (team): rated on a position prior only — the QB room had no recorded starts/stats to tell the starter from his backups.,"Confirm the season's starter (add games_started) or a manual override if a known starter/legend; rate the starter, leave backups lower.",low
4,00-0016534,Billy Joe Tolliver,ATL,1992,QB,69,73,Starting-QB-critical (team): rated on a position prior only — the QB room had no recorded starts/stats to tell the starter from his backups.,"Confirm the season's starter (add games_started) or a manual override if a known starter/legend; rate the starter, leave backups lower.",low
4,00-0011244,Chris Miller,ATL,1992,QB,69,73,Starting-QB-critical (team): rated on a position prior only — the QB room had no recorded starts/stats to tell the starter from his backups.,"Confirm the season's starter (add games_started) or a manual override if a known starter/legend; rate the starter, leave backups lower.",low
4,00-0018073,Wade Wilson,ATL,1992,QB,69,73,Starting-QB-critical (team): rated on a position prior only — the QB room had no recorded starts/stats to tell the starter from his backups.,"Confirm the season's starter (add games_started) or a manual override if a known starter/legend; rate the starter, leave backups lower.",low
4,00-0013558,Frank Reich,BUF,1992,QB,69,73,Starting-QB-critical (team): rated on a position prior only — the QB room had no recorded starts/stats to tell the starter from his backups.,"Confirm the season's starter (add games_started) or a manual override if a known starter/legend; rate the starter, leave backups lower.",low
4,00-0005953,Gale Gilbert,BUF,1992,QB,69,73,Starting-QB-critical (team): rated on a position prior only — the QB room had no recorded starts/stats to tell the starter from his backups.,"Confirm the season's starter (add games_started) or a manual override if a known starter/legend; rate the starter, leave backups lower.",low
4,00-0009111,Jim Kelly,BUF,1992,QB,69,73,Starting-QB-critical (team): rated on a position prior only — the QB room had no recorded starts/stats to tell the starter from his backups.,"Confirm the season's starter (add games_started) or a manual override if a known starter/legend; rate the starter, leave backups lower.",low
4,00-0006808,Jim Harbaugh,CHI,1992,QB,69,73,Starting-QB-critical (team): rated on a position prior only — the QB room had no recorded starts/stats to tell the starter from his backups.,"Confirm the season's starter (add games_started) or a manual override if a known starter/legend; rate the starter, leave backups lower.",low
4,00-0017984,Peter Tom Willis,CHI,1992,QB,69,73,Starting-QB-critical (team): rated on a position prior only — the QB room had no recorded starts/stats to tell the starter from his backups.,"Confirm the season's starter (add games_started) or a manual override if a known starter/legend; rate the starter, leave backups lower.",low
4,00-0005656,Will Furrer,CHI,1992,QB,69,73,Starting-QB-critical (team): rated on a position prior only — the QB room had no recorded starts/stats to tell the starter from his backups.,"Confirm the season's starter (add games_started) or a manual override if a known starter/legend; rate the starter, leave backups lower.",low
4,00-0004937,Boomer Esiason,CIN,1992,QB,69,73,Starting-QB-critical (team): rated on a position prior only — the QB room had no recorded starts/stats to tell the starter from his backups.,"Confirm the season's starter (add games_started) or a manual override if a known starter/legend; rate the starter, leave backups lower.",low
4,00-0009331,David Klingler,CIN,1992,QB,69,73,Starting-QB-critical (team): rated on a position prior only — the QB room had no recorded starts/stats to tell the starter from his backups.,"Confirm the season's starter (add games_started) or a manual override if a known starter/legend; rate the starter, leave backups lower.",low
4,00-0007601,Donald Hollas,CIN,1992,QB,69,73,Starting-QB-critical (team): rated on a position prior only — the QB room had no recorded starts/stats to tell the starter from his backups.,"Confirm the season's starter (add games_started) or a manual override if a known starter/legend; rate the starter, leave backups lower.",low
4,00-0009427,Bernie Kosar,CLE,1992,QB,69,73,Starting-QB-critical (team): rated on a position prior only — the QB room had no recorded starts/stats to tell the starter from his backups.,"Confirm the season's starter (add games_started) or a manual override if a known starter/legend; rate the starter, leave backups lower.",low
4,00-0016538,Mike Tomczak,CLE,1992,QB,69,73,Starting-QB-critical (team): rated on a position prior only — the QB room had no recorded starts/stats to tell the starter from his backups.,"Confirm the season's starter (add games_started) or a manual override if a known starter/legend; rate the starter, leave backups lower.",low
4,00-0012910,Todd Philcox,CLE,1992,QB,69,73,Starting-QB-critical (team): rated on a position prior only — the QB room had no recorded starts/stats to tell the starter from his backups.,"Confirm the season's starter (add games_started) or a manual override if a known starter/legend; rate the starter, leave backups lower.",low
4,00-0001218,Steve Beuerlein,DAL,1992,QB,69,73,Starting-QB-critical (team): rated on a position prior only — the QB room had no recorded starts/stats to tell the starter from his backups.,"Confirm the season's starter (add games_started) or a manual override if a known starter/legend; rate the starter, leave backups lower.",low
4,00-0000104,Troy Aikman,DAL,1992,QB,69,73,Starting-QB-critical (team): rated on a position prior only — the QB room had no recorded starts/stats to tell the starter from his backups.,"Confirm the season's starter (add games_started) or a manual override if a known starter/legend; rate the starter, leave backups lower.",low
4,00-0004884,John Elway,DEN,1992,QB,69,73,Starting-QB-critical (team): rated on a position prior only — the QB room had no recorded starts/stats to tell the starter from his backups.,"Confirm the season's starter (add games_started) or a manual override if a known starter/legend; rate the starter, leave backups lower.",low
4,00-0011611,Shawn Moore,DEN,1992,QB,69,73,Starting-QB-critical (team): rated on a position prior only — the QB room had no recorded starts/stats to tell the starter from his backups.,"Confirm the season's starter (add games_started) or a manual override if a known starter/legend; rate the starter, leave backups lower.",low
4,00-0010261,Tommy Maddox,DEN,1992,QB,69,73,Starting-QB-critical (team): rated on a position prior only — the QB room had no recorded starts/stats to tell the starter from his backups.,"Confirm the season's starter (add games_started) or a manual override if a known starter/legend; rate the starter, leave backups lower.",low
4,00-0017178,Andre Ware,DET,1992,QB,69,73,Starting-QB-critical (team): rated on a position prior only — the QB room had no recorded starts/stats to tell the starter from his backups.,"Confirm the season's starter (add games_started) or a manual override if a known starter/legend; rate the starter, leave backups lower.",low
4,00-0010054,Chuck Long,DET,1992,QB,69,73,Starting-QB-critical (team): rated on a position prior only — the QB room had no recorded starts/stats to tell the starter from his backups.,"Confirm the season's starter (add games_started) or a manual override if a known starter/legend; rate the starter, leave backups lower.",low
4,00-0009451,Erik Kramer,DET,1992,QB,70,73,Starting-QB-critical (team): rated on a position prior only — the QB room had no recorded starts/stats to tell the starter from his backups.,"Confirm the season's starter (add games_started) or a manual override if a known starter/legend; rate the starter, leave backups lower.",low
4,00-0012732,Rodney Peete,DET,1992,QB,70,73,Starting-QB-critical (team): rated on a position prior only — the QB room had no recorded starts/stats to tell the starter from his backups.,"Confirm the season's starter (add games_started) or a manual override if a known starter/legend; rate the starter, leave backups lower.",low
4,00-0005106,Brett Favre,GB,1992,QB,70,73,Starting-QB-critical (team): rated on a position prior only — the QB room had no recorded starts/stats to tell the starter from his backups.,"Confirm the season's starter (add games_started) or a manual override if a known starter/legend; rate the starter, leave backups lower.",low
4,00-0010284,Don Majkowski,GB,1992,QB,70,73,Starting-QB-critical (team): rated on a position prior only — the QB room had no recorded starts/stats to tell the starter from his backups.,"Confirm the season's starter (add games_started) or a manual override if a known starter/legend; rate the starter, leave backups lower.",low
4,00-0004230,Ty Detmer,GB,1992,QB,70,73,Starting-QB-critical (team): rated on a position prior only — the QB room had no recorded starts/stats to tell the starter from his backups.,"Confirm the season's starter (add games_started) or a manual override if a known starter/legend; rate the starter, leave backups lower.",low
4,00-0016628,Jack Trudeau,IND,1992,QB,70,73,Starting-QB-critical (team): rated on a position prior only — the QB room had no recorded starts/stats to tell the starter from his backups.,"Confirm the season's starter (add games_started) or a manual override if a known starter/legend; rate the starter, leave backups lower.",low
4,00-0005885,Jeff George,IND,1992,QB,70,73,Starting-QB-critical (team): rated on a position prior only — the QB room had no recorded starts/stats to tell the starter from his backups.,"Confirm the season's starter (add games_started) or a manual override if a known starter/legend; rate the starter, leave backups lower.",low
4,00-0016683,Tom Tupa,IND,1992,QB,70,73,Starting-QB-critical (team): rated on a position prior only — the QB room had no recorded starts/stats to tell the starter from his backups.,"Confirm the season's starter (add games_started) or a manual override if a known starter/legend; rate the starter, leave backups lower.",low
4,00-0009475,Dave Krieg,KC,1992,QB,70,73,Starting-QB-critical (team): rated on a position prior only — the QB room had no recorded starts/stats to tell the starter from his backups.,"Confirm the season's starter (add games_started) or a manual override if a known starter/legend; rate the starter, leave backups lower.",low
4,00-0016942,Mark Vlasic,KC,1992,QB,70,73,Starting-QB-critical (team): rated on a position prior only — the QB room had no recorded starts/stats to tell the starter from his backups.,"Confirm the season's starter (add games_started) or a manual override if a known starter/legend; rate the starter, leave backups lower.",low
4,00-0001387,Matt Blundin,KC,1992,QB,70,73,Starting-QB-critical (team): rated on a position prior only — the QB room had no recorded starts/stats to tell the starter from his backups.,"Confirm the season's starter (add games_started) or a manual override if a known starter/legend; rate the starter, leave backups lower.",low
4,00-0005676,Bob Gagliano,LAC,1992,QB,70,73,Starting-QB-critical (team): rated on a position prior only — the QB room had no recorded starts/stats to tell the starter from his backups.,"Confirm the season's starter (add games_started) or a manual override if a known starter/legend; rate the starter, leave backups lower.",low
4,00-0005600,John Friesz,LAC,1992,QB,70,73,Starting-QB-critical (team): rated on a position prior only — the QB room had no recorded starts/stats to tell the starter from his backups.,"Confirm the season's starter (add games_started) or a manual override if a known starter/legend; rate the starter, leave backups lower.",low
4,00-0012264,Pat O'Hara,LAC,1992,QB,70,73,Starting-QB-critical (team): rated on a position prior only — the QB room had no recorded starts/stats to tell the starter from his backups.,"Confirm the season's starter (add games_started) or a manual override if a known starter/legend; rate the starter, leave backups lower.",low
4,00-0007921,Stan Humphries,LAC,1992,QB,70,73,Starting-QB-critical (team): rated on a position prior only — the QB room had no recorded starts/stats to tell the starter from his backups.,"Confirm the season's starter (add games_started) or a manual override if a known starter/legend; rate the starter, leave backups lower.",low
4,00-0014490,Jay Schroeder,LV,1992,QB,70,73,Starting-QB-critical (team): rated on a position prior only — the QB room had no recorded starts/stats to tell the starter from his backups.,"Confirm the season's starter (add games_started) or a manual override if a known starter/legend; rate the starter, leave backups lower.",low
4,todd-marinovich,Todd Marinovich,LV,1992,QB,70,73,Starting-QB-critical (team): rated on a position prior only — the QB room had no recorded starts/stats to tell the starter from his backups.,"Confirm the season's starter (add games_started) or a manual override if a known starter/legend; rate the starter, leave backups lower.",low
4,00-0005010,Vince Evans,LV,1992,QB,70,73,Starting-QB-critical (team): rated on a position prior only — the QB room had no recorded starts/stats to tell the starter from his backups.,"Confirm the season's starter (add games_started) or a manual override if a known starter/legend; rate the starter, leave backups lower.",low
4,00-0010379,Dan Marino,MIA,1992,QB,70,73,Starting-QB-critical (team): rated on a position prior only — the QB room had no recorded starts/stats to tell the starter from his backups.,"Confirm the season's starter (add games_started) or a manual override if a known starter/legend; rate the starter, leave backups lower.",low
4,00-0011434,Scott Mitchell,MIA,1992,QB,70,73,Starting-QB-critical (team): rated on a position prior only — the QB room had no recorded starts/stats to tell the starter from his backups.,"Confirm the season's starter (add games_started) or a manual override if a known starter/legend; rate the starter, leave backups lower.",low
4,00-0014630,Scott Secules,MIA,1992,QB,70,73,Starting-QB-critical (team): rated on a position prior only — the QB room had no recorded starts/stats to tell the starter from his backups.,"Confirm the season's starter (add games_started) or a manual override if a known starter/legend; rate the starter, leave backups lower.",low
4,00-0008442,Brad Johnson,MIN,1992,QB,70,73,Starting-QB-critical (team): rated on a position prior only — the QB room had no recorded starts/stats to tell the starter from his backups.,"Confirm the season's starter (add games_started) or a manual override if a known starter/legend; rate the starter, leave backups lower.",low
4,00-0005741,Rich Gannon,MIN,1992,QB,70,73,Starting-QB-critical (team): rated on a position prior only — the QB room had no recorded starts/stats to tell the starter from his backups.,"Confirm the season's starter (add games_started) or a manual override if a known starter/legend; rate the starter, leave backups lower.",low
4,00-0014270,Sean Salisbury,MIN,1992,QB,70,73,Starting-QB-critical (team): rated on a position prior only — the QB room had no recorded starts/stats to tell the starter from his backups.,"Confirm the season's starter (add games_started) or a manual override if a known starter/legend; rate the starter, leave backups lower.",low
4,00-0011230,Hugh Millen,NE,1992,QB,71,73,Starting-QB-critical (team): rated on a position prior only — the QB room had no recorded starts/stats to tell the starter from his backups.,"Confirm the season's starter (add games_started) or a manual override if a known starter/legend; rate the starter, leave backups lower.",low
4,00-0002644,Jeff Carlson,NE,1992,QB,71,73,Starting-QB-critical (team): rated on a position prior only — the QB room had no recorded starts/stats to tell the starter from his backups.,"Confirm the season's starter (add games_started) or a manual override if a known starter/legend; rate the starter, leave backups lower.",low
4,00-0014282,Lee Saltz,NE,1992,QB,71,73,Starting-QB-critical (team): rated on a position prior only — the QB room had no recorded starts/stats to tell the starter from his backups.,"Confirm the season's starter (add games_started) or a manual override if a known starter/legend; rate the starter, leave backups lower.",low
4,00-0018518,Scott Zolak,NE,1992,QB,71,73,Starting-QB-critical (team): rated on a position prior only — the QB room had no recorded starts/stats to tell the starter from his backups.,"Confirm the season's starter (add games_started) or a manual override if a known starter/legend; rate the starter, leave backups lower.",low
4,00-0007547,Tom Hodson,NE,1992,QB,71,73,Starting-QB-critical (team): rated on a position prior only — the QB room had no recorded starts/stats to tell the starter from his backups.,"Confirm the season's starter (add games_started) or a manual override if a known starter/legend; rate the starter, leave backups lower.",low
4,00-0007190,Bobby Hebert,NO,1992,QB,71,73,Starting-QB-critical (team): rated on a position prior only — the QB room had no recorded starts/stats to tell the starter from his backups.,"Confirm the season's starter (add games_started) or a manual override if a known starter/legend; rate the starter, leave backups lower.",low
4,00-0002174,Mike Buck,NO,1992,QB,71,73,Starting-QB-critical (team): rated on a position prior only — the QB room had no recorded starts/stats to tell the starter from his backups.,"Confirm the season's starter (add games_started) or a manual override if a known starter/legend; rate the starter, leave backups lower.",low
4,00-0017121,Steve Walsh,NO,1992,QB,71,73,Starting-QB-critical (team): rated on a position prior only — the QB room had no recorded starts/stats to tell the starter from his backups.,"Confirm the season's starter (add games_started) or a manual override if a known starter/legend; rate the starter, leave backups lower.",low
4,00-0001907,Dave Brown,NYG,1992,QB,71,73,Starting-QB-critical (team): rated on a position prior only — the QB room had no recorded starts/stats to tell the starter from his backups.,"Confirm the season's starter (add games_started) or a manual override if a known starter/legend; rate the starter, leave backups lower.",low
4,00-0007765,Jeff Hostetler,NYG,1992,QB,71,73,Starting-QB-critical (team): rated on a position prior only — the QB room had no recorded starts/stats to tell the starter from his backups.,"Confirm the season's starter (add games_started) or a manual override if a known starter/legend; rate the starter, leave backups lower.",low
4,00-0006212,Kent Graham,NYG,1992,QB,71,73,Starting-QB-critical (team): rated on a position prior only — the QB room had no recorded starts/stats to tell the starter from his backups.,"Confirm the season's starter (add games_started) or a manual override if a known starter/legend; rate the starter, leave backups lower.",low
4,00-0014922,Phil Simms,NYG,1992,QB,71,73,Starting-QB-critical (team): rated on a position prior only — the QB room had no recorded starts/stats to tell the starter from his backups.,"Confirm the season's starter (add games_started) or a manual override if a known starter/legend; rate the starter, leave backups lower.",low
4,00-0011907,Browning Nagle,NYJ,1992,QB,71,73,Starting-QB-critical (team): rated on a position prior only — the QB room had no recorded starts/stats to tell the starter from his backups.,"Confirm the season's starter (add games_started) or a manual override if a known starter/legend; rate the starter, leave backups lower.",low
4,00-0001335,Jeff Blake,NYJ,1992,QB,71,73,Starting-QB-critical (team): rated on a position prior only — the QB room had no recorded starts/stats to tell the starter from his backups.,"Confirm the season's starter (add games_started) or a manual override if a known starter/legend; rate the starter, leave backups lower.",low
4,00-0012246,Ken O'Brien,NYJ,1992,QB,71,73,Starting-QB-critical (team): rated on a position prior only — the QB room had no recorded starts/stats to tell the starter from his backups.,"Confirm the season's starter (add games_started) or a manual override if a known starter/legend; rate the starter, leave backups lower.",low
4,00-0012188,Mike Norseth,NYJ,1992,QB,71,73,Starting-QB-critical (team): rated on a position prior only — the QB room had no recorded starts/stats to tell the starter from his backups.,"Confirm the season's starter (add games_started) or a manual override if a known starter/legend; rate the starter, leave backups lower.",low
4,00-0017415,Casey Weldon,PHI,1992,QB,71,73,Starting-QB-critical (team): rated on a position prior only — the QB room had no recorded starts/stats to tell the starter from his backups.,"Confirm the season's starter (add games_started) or a manual override if a known starter/legend; rate the starter, leave backups lower.",low
4,00-0000406,David Archer,PHI,1992,QB,71,73,Starting-QB-critical (team): rated on a position prior only — the QB room had no recorded starts/stats to tell the starter from his backups.,"Confirm the season's starter (add games_started) or a manual override if a known starter/legend; rate the starter, leave backups lower.",low
4,00-0010997,Jim McMahon,PHI,1992,QB,71,73,Starting-QB-critical (team): rated on a position prior only — the QB room had no recorded starts/stats to tell the starter from his backups.,"Confirm the season's starter (add games_started) or a manual override if a known starter/legend; rate the starter, leave backups lower.",low
4,00-0003761,Randall Cunningham,PHI,1992,QB,71,73,Starting-QB-critical (team): rated on a position prior only — the QB room had no recorded starts/stats to tell the starter from his backups.,"Confirm the season's starter (add games_started) or a manual override if a known starter/legend; rate the starter, leave backups lower.",low
4,00-0001785,Bubby Brister,PIT,1992,QB,71,73,Starting-QB-critical (team): rated on a position prior only — the QB room had no recorded starts/stats to tell the starter from his backups.,"Confirm the season's starter (add games_started) or a manual override if a known starter/legend; rate the starter, leave backups lower.",low
4,00-0012261,Neil O'Donnell,PIT,1992,QB,71,73,Starting-QB-critical (team): rated on a position prior only — the QB room had no recorded starts/stats to tell the starter from his backups.,"Confirm the season's starter (add games_started) or a manual override if a known starter/legend; rate the starter, leave backups lower.",low
4,00-0015827,Rick Strom,PIT,1992,QB,71,73,Starting-QB-critical (team): rated on a position prior only — the QB room had no recorded starts/stats to tell the starter from his backups.,"Confirm the season's starter (add games_started) or a manual override if a known starter/legend; rate the starter, leave backups lower.",low
4,00-0010904,Dan McGwire,SEA,1992,QB,71,73,Starting-QB-critical (team): rated on a position prior only — the QB room had no recorded starts/stats to tell the starter from his backups.,"Confirm the season's starter (add games_started) or a manual override if a known starter/legend; rate the starter, leave backups lower.",low
4,00-0006209,Jeff Graham,SEA,1992,QB,71,73,Starting-QB-critical (team): rated on a position prior only — the QB room had no recorded starts/stats to tell the starter from his backups.,"Confirm the season's starter (add games_started) or a manual override if a known starter/legend; rate the starter, leave backups lower.",low
4,00-0015778,Kelly Stouffer,SEA,1992,QB,72,73,Starting-QB-critical (team): rated on a position prior only — the QB room had no recorded starts/stats to tell the starter from his backups.,"Confirm the season's starter (add games_started) or a manual override if a known starter/legend; rate the starter, leave backups lower.",low
4,00-0007413,Rusty Hilger,SEA,1992,QB,72,73,Starting-QB-critical (team): rated on a position prior only — the QB room had no recorded starts/stats to tell the starter from his backups.,"Confirm the season's starter (add games_started) or a manual override if a known starter/legend; rate the starter, leave backups lower.",low
4,00-0005869,Stan Gelbaugh,SEA,1992,QB,72,73,Starting-QB-critical (team): rated on a position prior only — the QB room had no recorded starts/stats to tell the starter from his backups.,"Confirm the season's starter (add games_started) or a manual override if a known starter/legend; rate the starter, leave backups lower.",low
4,00-0011873,Bill Musgrave,SF,1992,QB,72,73,Starting-QB-critical (team): rated on a position prior only — the QB room had no recorded starts/stats to tell the starter from his backups.,"Confirm the season's starter (add games_started) or a manual override if a known starter/legend; rate the starter, leave backups lower.",low
4,00-0011493,Joe Montana,SF,1992,QB,72,73,Starting-QB-critical (team): rated on a position prior only — the QB room had no recorded starts/stats to tell the starter from his backups.,"Confirm the season's starter (add games_started) or a manual override if a known starter/legend; rate the starter, leave backups lower.",low
4,00-0001471,Steve Bono,SF,1992,QB,72,73,Starting-QB-critical (team): rated on a position prior only — the QB room had no recorded starts/stats to tell the starter from his backups.,"Confirm the season's starter (add games_started) or a manual override if a known starter/legend; rate the starter, leave backups lower.",low
4,00-0018441,Steve Young,SF,1992,QB,72,73,Starting-QB-critical (team): rated on a position prior only — the QB room had no recorded starts/stats to tell the starter from his backups.,"Confirm the season's starter (add games_started) or a manual override if a known starter/legend; rate the starter, leave backups lower.",low
4,00-0005015,Jim Everett,STL,1992,QB,72,73,Starting-QB-critical (team): rated on a position prior only — the QB room had no recorded starts/stats to tell the starter from his backups.,"Confirm the season's starter (add games_started) or a manual override if a known starter/legend; rate the starter, leave backups lower.",low
4,mike-pagel,Mike Pagel,STL,1992,QB,72,73,Starting-QB-critical (team): rated on a position prior only — the QB room had no recorded starts/stats to tell the starter from his backups.,"Confirm the season's starter (add games_started) or a manual override if a known starter/legend; rate the starter, leave backups lower.",low
4,00-0014129,T.J. Rubley,STL,1992,QB,72,73,Starting-QB-critical (team): rated on a position prior only — the QB room had no recorded starts/stats to tell the starter from his backups.,"Confirm the season's starter (add games_started) or a manual override if a known starter/legend; rate the starter, leave backups lower.",low
4,00-0004925,Craig Erickson,TB,1992,QB,72,73,Starting-QB-critical (team): rated on a position prior only — the QB room had no recorded starts/stats to tell the starter from his backups.,"Confirm the season's starter (add games_started) or a manual override if a known starter/legend; rate the starter, leave backups lower.",low
4,00-0012682,Mike Pawlawski,TB,1992,QB,72,73,Starting-QB-critical (team): rated on a position prior only — the QB room had no recorded starts/stats to tell the starter from his backups.,"Confirm the season's starter (add games_started) or a manual override if a known starter/legend; rate the starter, leave backups lower.",low
4,00-0004116,Steve DeBerg,TB,1992,QB,72,73,Starting-QB-critical (team): rated on a position prior only — the QB room had no recorded starts/stats to tell the starter from his backups.,"Confirm the season's starter (add games_started) or a manual override if a known starter/legend; rate the starter, leave backups lower.",low
4,00-0016193,Vinny Testaverde,TB,1992,QB,72,73,Starting-QB-critical (team): rated on a position prior only — the QB room had no recorded starts/stats to tell the starter from his backups.,"Confirm the season's starter (add games_started) or a manual override if a known starter/legend; rate the starter, leave backups lower.",low
4,00-0013671,Bucky Richardson,TEN,1992,QB,72,73,Starting-QB-critical (team): rated on a position prior only — the QB room had no recorded starts/stats to tell the starter from his backups.,"Confirm the season's starter (add games_started) or a manual override if a known starter/legend; rate the starter, leave backups lower.",low
4,00-0002642,Cody Carlson,TEN,1992,QB,72,73,Starting-QB-critical (team): rated on a position prior only — the QB room had no recorded starts/stats to tell the starter from his backups.,"Confirm the season's starter (add games_started) or a manual override if a known starter/legend; rate the starter, leave backups lower.",low
4,00-0011524,Warren Moon,TEN,1992,QB,72,73,Starting-QB-critical (team): rated on a position prior only — the QB room had no recorded starts/stats to tell the starter from his backups.,"Confirm the season's starter (add games_started) or a manual override if a known starter/legend; rate the starter, leave backups lower.",low
4,00-0003367,Cary Conklin,WAS,1992,QB,72,73,Starting-QB-critical (team): rated on a position prior only — the QB room had no recorded starts/stats to tell the starter from his backups.,"Confirm the season's starter (add games_started) or a manual override if a known starter/legend; rate the starter, leave backups lower.",low
4,00-0006626,Chris Hakel,WAS,1992,QB,72,73,Starting-QB-critical (team): rated on a position prior only — the QB room had no recorded starts/stats to tell the starter from his backups.,"Confirm the season's starter (add games_started) or a manual override if a known starter/legend; rate the starter, leave backups lower.",low
4,00-0014208,Jeff Rutledge,WAS,1992,QB,72,73,Starting-QB-critical (team): rated on a position prior only — the QB room had no recorded starts/stats to tell the starter from his backups.,"Confirm the season's starter (add games_started) or a manual override if a known starter/legend; rate the starter, leave backups lower.",low
4,00-0014234,Mark Rypien,WAS,1992,QB,72,73,Starting-QB-critical (team): rated on a position prior only — the QB room had no recorded starts/stats to tell the starter from his backups.,"Confirm the season's starter (add games_started) or a manual override if a known starter/legend; rate the starter, leave backups lower.",low
4,00-0002876,Chris Chandler,ARI,1991,QB,69,73,Starting-QB-critical (team): rated on a position prior only — the QB room had no recorded starts/stats to tell the starter from his backups.,"Confirm the season's starter (add games_started) or a manual override if a known starter/legend; rate the starter, leave backups lower.",low
4,00-0005869,Stan Gelbaugh,ARI,1991,QB,69,73,Starting-QB-critical (team): rated on a position prior only — the QB room had no recorded starts/stats to tell the starter from his backups.,"Confirm the season's starter (add games_started) or a manual override if a known starter/legend; rate the starter, leave backups lower.",low
4,00-0014043,Timm Rosenbach,ARI,1991,QB,69,73,Starting-QB-critical (team): rated on a position prior only — the QB room had no recorded starts/stats to tell the starter from his backups.,"Confirm the season's starter (add games_started) or a manual override if a known starter/legend; rate the starter, leave backups lower.",low
4,00-0016683,Tom Tupa,ARI,1991,QB,69,73,Starting-QB-critical (team): rated on a position prior only — the QB room had no recorded starts/stats to tell the starter from his backups.,"Confirm the season's starter (add games_started) or a manual override if a known starter/legend; rate the starter, leave backups lower.",low
4,00-0016534,Billy Joe Tolliver,ATL,1991,QB,69,73,Starting-QB-critical (team): rated on a position prior only — the QB room had no recorded starts/stats to tell the starter from his backups.,"Confirm the season's starter (add games_started) or a manual override if a known starter/legend; rate the starter, leave backups lower.",low
4,00-0005106,Brett Favre,ATL,1991,QB,69,73,Starting-QB-critical (team): rated on a position prior only — the QB room had no recorded starts/stats to tell the starter from his backups.,"Confirm the season's starter (add games_started) or a manual override if a known starter/legend; rate the starter, leave backups lower.",low
4,00-0011244,Chris Miller,ATL,1991,QB,69,73,Starting-QB-critical (team): rated on a position prior only — the QB room had no recorded starts/stats to tell the starter from his backups.,"Confirm the season's starter (add games_started) or a manual override if a known starter/legend; rate the starter, leave backups lower.",low
4,00-0013558,Frank Reich,BUF,1991,QB,69,73,Starting-QB-critical (team): rated on a position prior only — the QB room had no recorded starts/stats to tell the starter from his backups.,"Confirm the season's starter (add games_started) or a manual override if a known starter/legend; rate the starter, leave backups lower.",low
4,00-0005953,Gale Gilbert,BUF,1991,QB,69,73,Starting-QB-critical (team): rated on a position prior only — the QB room had no recorded starts/stats to tell the starter from his backups.,"Confirm the season's starter (add games_started) or a manual override if a known starter/legend; rate the starter, leave backups lower.",low
4,00-0009111,Jim Kelly,BUF,1991,QB,69,73,Starting-QB-critical (team): rated on a position prior only — the QB room had no recorded starts/stats to tell the starter from his backups.,"Confirm the season's starter (add games_started) or a manual override if a known starter/legend; rate the starter, leave backups lower.",low
4,00-0006808,Jim Harbaugh,CHI,1991,QB,69,73,Starting-QB-critical (team): rated on a position prior only — the QB room had no recorded starts/stats to tell the starter from his backups.,"Confirm the season's starter (add games_started) or a manual override if a known starter/legend; rate the starter, leave backups lower.",low
4,00-0017984,Peter Tom Willis,CHI,1991,QB,69,73,Starting-QB-critical (team): rated on a position prior only — the QB room had no recorded starts/stats to tell the starter from his backups.,"Confirm the season's starter (add games_started) or a manual override if a known starter/legend; rate the starter, leave backups lower.",low
4,00-0004937,Boomer Esiason,CIN,1991,QB,69,73,Starting-QB-critical (team): rated on a position prior only — the QB room had no recorded starts/stats to tell the starter from his backups.,"Confirm the season's starter (add games_started) or a manual override if a known starter/legend; rate the starter, leave backups lower.",low
4,00-0007601,Donald Hollas,CIN,1991,QB,69,73,Starting-QB-critical (team): rated on a position prior only — the QB room had no recorded starts/stats to tell the starter from his backups.,"Confirm the season's starter (add games_started) or a manual override if a known starter/legend; rate the starter, leave backups lower.",low
4,00-0017673,Erik Wilhelm,CIN,1991,QB,69,73,Starting-QB-critical (team): rated on a position prior only — the QB room had no recorded starts/stats to tell the starter from his backups.,"Confirm the season's starter (add games_started) or a manual override if a known starter/legend; rate the starter, leave backups lower.",low
4,00-0009427,Bernie Kosar,CLE,1991,QB,69,73,Starting-QB-critical (team): rated on a position prior only — the QB room had no recorded starts/stats to tell the starter from his backups.,"Confirm the season's starter (add games_started) or a manual override if a known starter/legend; rate the starter, leave backups lower.",low
4,00-0005505,Jeff Francis,CLE,1991,QB,69,73,Starting-QB-critical (team): rated on a position prior only — the QB room had no recorded starts/stats to tell the starter from his backups.,"Confirm the season's starter (add games_started) or a manual override if a known starter/legend; rate the starter, leave backups lower.",low
4,00-0004828,Mike Elkins,CLE,1991,QB,69,73,Starting-QB-critical (team): rated on a position prior only — the QB room had no recorded starts/stats to tell the starter from his backups.,"Confirm the season's starter (add games_started) or a manual override if a known starter/legend; rate the starter, leave backups lower.",low
4,00-0012910,Todd Philcox,CLE,1991,QB,69,73,Starting-QB-critical (team): rated on a position prior only — the QB room had no recorded starts/stats to tell the starter from his backups.,"Confirm the season's starter (add games_started) or a manual override if a known starter/legend; rate the starter, leave backups lower.",low
4,00-0015777,Cliff Stoudt,DAL,1991,QB,69,73,Starting-QB-critical (team): rated on a position prior only — the QB room had no recorded starts/stats to tell the starter from his backups.,"Confirm the season's starter (add games_started) or a manual override if a known starter/legend; rate the starter, leave backups lower.",low
4,craig-kupp,Craig Kupp,DAL,1991,QB,69,73,Starting-QB-critical (team): rated on a position prior only — the QB room had no recorded starts/stats to tell the starter from his backups.,"Confirm the season's starter (add games_started) or a manual override if a known starter/legend; rate the starter, leave backups lower.",low
4,00-0001218,Steve Beuerlein,DAL,1991,QB,69,73,Starting-QB-critical (team): rated on a position prior only — the QB room had no recorded starts/stats to tell the starter from his backups.,"Confirm the season's starter (add games_started) or a manual override if a known starter/legend; rate the starter, leave backups lower.",low
4,00-0000104,Troy Aikman,DAL,1991,QB,69,73,Starting-QB-critical (team): rated on a position prior only — the QB room had no recorded starts/stats to tell the starter from his backups.,"Confirm the season's starter (add games_started) or a manual override if a known starter/legend; rate the starter, leave backups lower.",low
4,00-0009490,Gary Kubiak,DEN,1991,QB,69,73,Starting-QB-critical (team): rated on a position prior only — the QB room had no recorded starts/stats to tell the starter from his backups.,"Confirm the season's starter (add games_started) or a manual override if a known starter/legend; rate the starter, leave backups lower.",low
4,00-0004884,John Elway,DEN,1991,QB,70,73,Starting-QB-critical (team): rated on a position prior only — the QB room had no recorded starts/stats to tell the starter from his backups.,"Confirm the season's starter (add games_started) or a manual override if a known starter/legend; rate the starter, leave backups lower.",low
4,00-0011611,Shawn Moore,DEN,1991,QB,70,73,Starting-QB-critical (team): rated on a position prior only — the QB room had no recorded starts/stats to tell the starter from his backups.,"Confirm the season's starter (add games_started) or a manual override if a known starter/legend; rate the starter, leave backups lower.",low
4,00-0017178,Andre Ware,DET,1991,QB,70,73,Starting-QB-critical (team): rated on a position prior only — the QB room had no recorded starts/stats to tell the starter from his backups.,"Confirm the season's starter (add games_started) or a manual override if a known starter/legend; rate the starter, leave backups lower.",low
4,00-0010054,Chuck Long,DET,1991,QB,70,73,Starting-QB-critical (team): rated on a position prior only — the QB room had no recorded starts/stats to tell the starter from his backups.,"Confirm the season's starter (add games_started) or a manual override if a known starter/legend; rate the starter, leave backups lower.",low
4,00-0009451,Erik Kramer,DET,1991,QB,70,73,Starting-QB-critical (team): rated on a position prior only — the QB room had no recorded starts/stats to tell the starter from his backups.,"Confirm the season's starter (add games_started) or a manual override if a known starter/legend; rate the starter, leave backups lower.",low
4,00-0012732,Rodney Peete,DET,1991,QB,70,73,Starting-QB-critical (team): rated on a position prior only — the QB room had no recorded starts/stats to tell the starter from his backups.,"Confirm the season's starter (add games_started) or a manual override if a known starter/legend; rate the starter, leave backups lower.",low
4,00-0009209,Blair Kiel,GB,1991,QB,70,73,Starting-QB-critical (team): rated on a position prior only — the QB room had no recorded starts/stats to tell the starter from his backups.,"Confirm the season's starter (add games_started) or a manual override if a known starter/legend; rate the starter, leave backups lower.",low
4,00-0010284,Don Majkowski,GB,1991,QB,70,73,Starting-QB-critical (team): rated on a position prior only — the QB room had no recorded starts/stats to tell the starter from his backups.,"Confirm the season's starter (add games_started) or a manual override if a known starter/legend; rate the starter, leave backups lower.",low
4,00-0016538,Mike Tomczak,GB,1991,QB,70,73,Starting-QB-critical (team): rated on a position prior only — the QB room had no recorded starts/stats to tell the starter from his backups.,"Confirm the season's starter (add games_started) or a manual override if a known starter/legend; rate the starter, leave backups lower.",low
4,00-0016628,Jack Trudeau,IND,1991,QB,70,73,Starting-QB-critical (team): rated on a position prior only — the QB room had no recorded starts/stats to tell the starter from his backups.,"Confirm the season's starter (add games_started) or a manual override if a known starter/legend; rate the starter, leave backups lower.",low
4,00-0005885,Jeff George,IND,1991,QB,70,73,Starting-QB-critical (team): rated on a position prior only — the QB room had no recorded starts/stats to tell the starter from his backups.,"Confirm the season's starter (add games_started) or a manual override if a known starter/legend; rate the starter, leave backups lower.",low
4,00-0007340,Mark Herrmann,IND,1991,QB,70,73,Starting-QB-critical (team): rated on a position prior only — the QB room had no recorded starts/stats to tell the starter from his backups.,"Confirm the season's starter (add games_started) or a manual override if a known starter/legend; rate the starter, leave backups lower.",low
4,00-0007413,Rusty Hilger,IND,1991,QB,70,73,Starting-QB-critical (team): rated on a position prior only — the QB room had no recorded starts/stats to tell the starter from his backups.,"Confirm the season's starter (add games_started) or a manual override if a known starter/legend; rate the starter, leave backups lower.",low
4,00-0016942,Mark Vlasic,KC,1991,QB,70,73,Starting-QB-critical (team): rated on a position prior only — the QB room had no recorded starts/stats to tell the starter from his backups.,"Confirm the season's starter (add games_started) or a manual override if a known starter/legend; rate the starter, leave backups lower.",low
4,00-0004116,Steve DeBerg,KC,1991,QB,70,73,Starting-QB-critical (team): rated on a position prior only — the QB room had no recorded starts/stats to tell the starter from his backups.,"Confirm the season's starter (add games_started) or a manual override if a known starter/legend; rate the starter, leave backups lower.",low
4,00-0012748,Steve Pelluer,KC,1991,QB,70,73,Starting-QB-critical (team): rated on a position prior only — the QB room had no recorded starts/stats to tell the starter from his backups.,"Confirm the season's starter (add games_started) or a manual override if a known starter/legend; rate the starter, leave backups lower.",low
4,00-0005676,Bob Gagliano,LAC,1991,QB,70,73,Starting-QB-critical (team): rated on a position prior only — the QB room had no recorded starts/stats to tell the starter from his backups.,"Confirm the season's starter (add games_started) or a manual override if a known starter/legend; rate the starter, leave backups lower.",low
4,00-0006209,Jeff Graham,LAC,1991,QB,70,73,Starting-QB-critical (team): rated on a position prior only — the QB room had no recorded starts/stats to tell the starter from his backups.,"Confirm the season's starter (add games_started) or a manual override if a known starter/legend; rate the starter, leave backups lower.",low
4,00-0005600,John Friesz,LAC,1991,QB,70,73,Starting-QB-critical (team): rated on a position prior only — the QB room had no recorded starts/stats to tell the starter from his backups.,"Confirm the season's starter (add games_started) or a manual override if a known starter/legend; rate the starter, leave backups lower.",low
4,00-0014490,Jay Schroeder,LV,1991,QB,70,73,Starting-QB-critical (team): rated on a position prior only — the QB room had no recorded starts/stats to tell the starter from his backups.,"Confirm the season's starter (add games_started) or a manual override if a known starter/legend; rate the starter, leave backups lower.",low
4,todd-marinovich,Todd Marinovich,LV,1991,QB,70,73,Starting-QB-critical (team): rated on a position prior only — the QB room had no recorded starts/stats to tell the starter from his backups.,"Confirm the season's starter (add games_started) or a manual override if a known starter/legend; rate the starter, leave backups lower.",low
4,00-0005010,Vince Evans,LV,1991,QB,70,73,Starting-QB-critical (team): rated on a position prior only — the QB room had no recorded starts/stats to tell the starter from his backups.,"Confirm the season's starter (add games_started) or a manual override if a known starter/legend; rate the starter, leave backups lower.",low
4,00-0010379,Dan Marino,MIA,1991,QB,70,73,Starting-QB-critical (team): rated on a position prior only — the QB room had no recorded starts/stats to tell the starter from his backups.,"Confirm the season's starter (add games_started) or a manual override if a known starter/legend; rate the starter, leave backups lower.",low
4,00-0011434,Scott Mitchell,MIA,1991,QB,70,73,Starting-QB-critical (team): rated on a position prior only — the QB room had no recorded starts/stats to tell the starter from his backups.,"Confirm the season's starter (add games_started) or a manual override if a known starter/legend; rate the starter, leave backups lower.",low
4,00-0014630,Scott Secules,MIA,1991,QB,71,73,Starting-QB-critical (team): rated on a position prior only — the QB room had no recorded starts/stats to tell the starter from his backups.,"Confirm the season's starter (add games_started) or a manual override if a known starter/legend; rate the starter, leave backups lower.",low
4,00-0005741,Rich Gannon,MIN,1991,QB,71,73,Starting-QB-critical (team): rated on a position prior only — the QB room had no recorded starts/stats to tell the starter from his backups.,"Confirm the season's starter (add games_started) or a manual override if a known starter/legend; rate the starter, leave backups lower.",low
4,00-0014270,Sean Salisbury,MIN,1991,QB,71,73,Starting-QB-critical (team): rated on a position prior only — the QB room had no recorded starts/stats to tell the starter from his backups.,"Confirm the season's starter (add games_started) or a manual override if a known starter/legend; rate the starter, leave backups lower.",low
4,00-0018073,Wade Wilson,MIN,1991,QB,71,73,Starting-QB-critical (team): rated on a position prior only — the QB room had no recorded starts/stats to tell the starter from his backups.,"Confirm the season's starter (add games_started) or a manual override if a known starter/legend; rate the starter, leave backups lower.",low
4,00-0011230,Hugh Millen,NE,1991,QB,71,73,Starting-QB-critical (team): rated on a position prior only — the QB room had no recorded starts/stats to tell the starter from his backups.,"Confirm the season's starter (add games_started) or a manual override if a known starter/legend; rate the starter, leave backups lower.",low
4,00-0018518,Scott Zolak,NE,1991,QB,71,73,Starting-QB-critical (team): rated on a position prior only — the QB room had no recorded starts/stats to tell the starter from his backups.,"Confirm the season's starter (add games_started) or a manual override if a known starter/legend; rate the starter, leave backups lower.",low
4,00-0007547,Tom Hodson,NE,1991,QB,71,73,Starting-QB-critical (team): rated on a position prior only — the QB room had no recorded starts/stats to tell the starter from his backups.,"Confirm the season's starter (add games_started) or a manual override if a known starter/legend; rate the starter, leave backups lower.",low
4,00-0007190,Bobby Hebert,NO,1991,QB,71,73,Starting-QB-critical (team): rated on a position prior only — the QB room had no recorded starts/stats to tell the starter from his backups.,"Confirm the season's starter (add games_started) or a manual override if a known starter/legend; rate the starter, leave backups lower.",low
4,00-0002174,Mike Buck,NO,1991,QB,71,73,Starting-QB-critical (team): rated on a position prior only — the QB room had no recorded starts/stats to tell the starter from his backups.,"Confirm the season's starter (add games_started) or a manual override if a known starter/legend; rate the starter, leave backups lower.",low
4,00-0017121,Steve Walsh,NO,1991,QB,71,73,Starting-QB-critical (team): rated on a position prior only — the QB room had no recorded starts/stats to tell the starter from his backups.,"Confirm the season's starter (add games_started) or a manual override if a known starter/legend; rate the starter, leave backups lower.",low
4,00-0007765,Jeff Hostetler,NYG,1991,QB,71,73,Starting-QB-critical (team): rated on a position prior only — the QB room had no recorded starts/stats to tell the starter from his backups.,"Confirm the season's starter (add games_started) or a manual override if a known starter/legend; rate the starter, leave backups lower.",low
4,00-0002828,Matt Cavanaugh,NYG,1991,QB,71,73,Starting-QB-critical (team): rated on a position prior only — the QB room had no recorded starts/stats to tell the starter from his backups.,"Confirm the season's starter (add games_started) or a manual override if a known starter/legend; rate the starter, leave backups lower.",low
4,mike-perez,Mike Perez,NYG,1991,QB,71,73,Starting-QB-critical (team): rated on a position prior only — the QB room had no recorded starts/stats to tell the starter from his backups.,"Confirm the season's starter (add games_started) or a manual override if a known starter/legend; rate the starter, leave backups lower.",low
4,00-0014922,Phil Simms,NYG,1991,QB,71,73,Starting-QB-critical (team): rated on a position prior only — the QB room had no recorded starts/stats to tell the starter from his backups.,"Confirm the season's starter (add games_started) or a manual override if a known starter/legend; rate the starter, leave backups lower.",low
4,00-0011907,Browning Nagle,NYJ,1991,QB,71,73,Starting-QB-critical (team): rated on a position prior only — the QB room had no recorded starts/stats to tell the starter from his backups.,"Confirm the season's starter (add games_started) or a manual override if a known starter/legend; rate the starter, leave backups lower.",low
4,00-0012246,Ken O'Brien,NYJ,1991,QB,71,73,Starting-QB-critical (team): rated on a position prior only — the QB room had no recorded starts/stats to tell the starter from his backups.,"Confirm the season's starter (add games_started) or a manual override if a known starter/legend; rate the starter, leave backups lower.",low
4,00-0016151,Troy Taylor,NYJ,1991,QB,71,73,Starting-QB-critical (team): rated on a position prior only — the QB room had no recorded starts/stats to tell the starter from his backups.,"Confirm the season's starter (add games_started) or a manual override if a known starter/legend; rate the starter, leave backups lower.",low
4,00-0006065,Brad Goebel,PHI,1991,QB,71,73,Starting-QB-critical (team): rated on a position prior only — the QB room had no recorded starts/stats to tell the starter from his backups.,"Confirm the season's starter (add games_started) or a manual override if a known starter/legend; rate the starter, leave backups lower.",low
4,00-0000406,David Archer,PHI,1991,QB,71,73,Starting-QB-critical (team): rated on a position prior only — the QB room had no recorded starts/stats to tell the starter from his backups.,"Confirm the season's starter (add games_started) or a manual override if a known starter/legend; rate the starter, leave backups lower.",low
4,00-0009131,Jeff Kemp,PHI,1991,QB,71,73,Starting-QB-critical (team): rated on a position prior only — the QB room had no recorded starts/stats to tell the starter from his backups.,"Confirm the season's starter (add games_started) or a manual override if a known starter/legend; rate the starter, leave backups lower.",low
4,00-0010997,Jim McMahon,PHI,1991,QB,71,73,Starting-QB-critical (team): rated on a position prior only — the QB room had no recorded starts/stats to tell the starter from his backups.,"Confirm the season's starter (add games_started) or a manual override if a known starter/legend; rate the starter, leave backups lower.",low
4,00-0003761,Randall Cunningham,PHI,1991,QB,71,73,Starting-QB-critical (team): rated on a position prior only — the QB room had no recorded starts/stats to tell the starter from his backups.,"Confirm the season's starter (add games_started) or a manual override if a known starter/legend; rate the starter, leave backups lower.",low
4,00-0001785,Bubby Brister,PIT,1991,QB,71,73,Starting-QB-critical (team): rated on a position prior only — the QB room had no recorded starts/stats to tell the starter from his backups.,"Confirm the season's starter (add games_started) or a manual override if a known starter/legend; rate the starter, leave backups lower.",low
4,00-0012261,Neil O'Donnell,PIT,1991,QB,71,73,Starting-QB-critical (team): rated on a position prior only — the QB room had no recorded starts/stats to tell the starter from his backups.,"Confirm the season's starter (add games_started) or a manual override if a known starter/legend; rate the starter, leave backups lower.",low
4,00-0015827,Rick Strom,PIT,1991,QB,72,73,Starting-QB-critical (team): rated on a position prior only — the QB room had no recorded starts/stats to tell the starter from his backups.,"Confirm the season's starter (add games_started) or a manual override if a known starter/legend; rate the starter, leave backups lower.",low
4,00-0010904,Dan McGwire,SEA,1991,QB,72,73,Starting-QB-critical (team): rated on a position prior only — the QB room had no recorded starts/stats to tell the starter from his backups.,"Confirm the season's starter (add games_started) or a manual override if a known starter/legend; rate the starter, leave backups lower.",low
4,00-0009475,Dave Krieg,SEA,1991,QB,72,73,Starting-QB-critical (team): rated on a position prior only — the QB room had no recorded starts/stats to tell the starter from his backups.,"Confirm the season's starter (add games_started) or a manual override if a known starter/legend; rate the starter, leave backups lower.",low
4,00-0015778,Kelly Stouffer,SEA,1991,QB,72,73,Starting-QB-critical (team): rated on a position prior only — the QB room had no recorded starts/stats to tell the starter from his backups.,"Confirm the season's starter (add games_started) or a manual override if a known starter/legend; rate the starter, leave backups lower.",low
4,00-0011873,Bill Musgrave,SF,1991,QB,72,73,Starting-QB-critical (team): rated on a position prior only — the QB room had no recorded starts/stats to tell the starter from his backups.,"Confirm the season's starter (add games_started) or a manual override if a known starter/legend; rate the starter, leave backups lower.",low
4,00-0011493,Joe Montana,SF,1991,QB,72,73,Starting-QB-critical (team): rated on a position prior only — the QB room had no recorded starts/stats to tell the starter from his backups.,"Confirm the season's starter (add games_started) or a manual override if a known starter/legend; rate the starter, leave backups lower.",low
4,00-0001471,Steve Bono,SF,1991,QB,72,73,Starting-QB-critical (team): rated on a position prior only — the QB room had no recorded starts/stats to tell the starter from his backups.,"Confirm the season's starter (add games_started) or a manual override if a known starter/legend; rate the starter, leave backups lower.",low
4,00-0018441,Steve Young,SF,1991,QB,72,73,Starting-QB-critical (team): rated on a position prior only — the QB room had no recorded starts/stats to tell the starter from his backups.,"Confirm the season's starter (add games_started) or a manual override if a known starter/legend; rate the starter, leave backups lower.",low
4,00-0005015,Jim Everett,STL,1991,QB,72,73,Starting-QB-critical (team): rated on a position prior only — the QB room had no recorded starts/stats to tell the starter from his backups.,"Confirm the season's starter (add games_started) or a manual override if a known starter/legend; rate the starter, leave backups lower.",low
4,mike-pagel,Mike Pagel,STL,1991,QB,72,73,Starting-QB-critical (team): rated on a position prior only — the QB room had no recorded starts/stats to tell the starter from his backups.,"Confirm the season's starter (add games_started) or a manual override if a known starter/legend; rate the starter, leave backups lower.",low
4,00-0002644,Jeff Carlson,TB,1991,QB,72,73,Starting-QB-critical (team): rated on a position prior only — the QB room had no recorded starts/stats to tell the starter from his backups.,"Confirm the season's starter (add games_started) or a manual override if a known starter/legend; rate the starter, leave backups lower.",low
4,00-0012264,Pat O'Hara,TB,1991,QB,72,73,Starting-QB-critical (team): rated on a position prior only — the QB room had no recorded starts/stats to tell the starter from his backups.,"Confirm the season's starter (add games_started) or a manual override if a known starter/legend; rate the starter, leave backups lower.",low
4,00-0016193,Vinny Testaverde,TB,1991,QB,72,73,Starting-QB-critical (team): rated on a position prior only — the QB room had no recorded starts/stats to tell the starter from his backups.,"Confirm the season's starter (add games_started) or a manual override if a known starter/legend; rate the starter, leave backups lower.",low
4,00-0002642,Cody Carlson,TEN,1991,QB,72,73,Starting-QB-critical (team): rated on a position prior only — the QB room had no recorded starts/stats to tell the starter from his backups.,"Confirm the season's starter (add games_started) or a manual override if a known starter/legend; rate the starter, leave backups lower.",low
4,00-0015028,Reggie Slack,TEN,1991,QB,72,73,Starting-QB-critical (team): rated on a position prior only — the QB room had no recorded starts/stats to tell the starter from his backups.,"Confirm the season's starter (add games_started) or a manual override if a known starter/legend; rate the starter, leave backups lower.",low
4,00-0011524,Warren Moon,TEN,1991,QB,72,73,Starting-QB-critical (team): rated on a position prior only — the QB room had no recorded starts/stats to tell the starter from his backups.,"Confirm the season's starter (add games_started) or a manual override if a known starter/legend; rate the starter, leave backups lower.",low
4,00-0003367,Cary Conklin,WAS,1991,QB,72,73,Starting-QB-critical (team): rated on a position prior only — the QB room had no recorded starts/stats to tell the starter from his backups.,"Confirm the season's starter (add games_started) or a manual override if a known starter/legend; rate the starter, leave backups lower.",low
4,00-0014208,Jeff Rutledge,WAS,1991,QB,72,73,Starting-QB-critical (team): rated on a position prior only — the QB room had no recorded starts/stats to tell the starter from his backups.,"Confirm the season's starter (add games_started) or a manual override if a known starter/legend; rate the starter, leave backups lower.",low
4,00-0014234,Mark Rypien,WAS,1991,QB,72,73,Starting-QB-critical (team): rated on a position prior only — the QB room had no recorded starts/stats to tell the starter from his backups.,"Confirm the season's starter (add games_started) or a manual override if a known starter/legend; rate the starter, leave backups lower.",low
4,00-0007921,Stan Humphries,WAS,1991,QB,72,73,Starting-QB-critical (team): rated on a position prior only — the QB room had no recorded starts/stats to tell the starter from his backups.,"Confirm the season's starter (add games_started) or a manual override if a known starter/legend; rate the starter, leave backups lower.",low
4,00-0014043,Timm Rosenbach,ARI,1990,QB,69,73,Starting-QB-critical (team): rated on a position prior only — the QB room had no recorded starts/stats to tell the starter from his backups.,"Confirm the season's starter (add games_started) or a manual override if a known starter/legend; rate the starter, leave backups lower.",low
4,00-0016683,Tom Tupa,ARI,1990,QB,69,73,Starting-QB-critical (team): rated on a position prior only — the QB room had no recorded starts/stats to tell the starter from his backups.,"Confirm the season's starter (add games_started) or a manual override if a known starter/legend; rate the starter, leave backups lower.",low
4,00-0011244,Chris Miller,ATL,1990,QB,69,73,Starting-QB-critical (team): rated on a position prior only — the QB room had no recorded starts/stats to tell the starter from his backups.,"Confirm the season's starter (add games_started) or a manual override if a known starter/legend; rate the starter, leave backups lower.",low
4,gilbert-renfroe,Gilbert Renfroe,ATL,1990,QB,69,73,Starting-QB-critical (team): rated on a position prior only — the QB room had no recorded starts/stats to tell the starter from his backups.,"Confirm the season's starter (add games_started) or a manual override if a known starter/legend; rate the starter, leave backups lower.",low
4,00-0011230,Hugh Millen,ATL,1990,QB,69,73,Starting-QB-critical (team): rated on a position prior only — the QB room had no recorded starts/stats to tell the starter from his backups.,"Confirm the season's starter (add games_started) or a manual override if a known starter/legend; rate the starter, leave backups lower.",low
4,scott-campbell,Scott Campbell,ATL,1990,QB,69,73,Starting-QB-critical (team): rated on a position prior only — the QB room had no recorded starts/stats to tell the starter from his backups.,"Confirm the season's starter (add games_started) or a manual override if a known starter/legend; rate the starter, leave backups lower.",low
4,00-0013558,Frank Reich,BUF,1990,QB,69,73,Starting-QB-critical (team): rated on a position prior only — the QB room had no recorded starts/stats to tell the starter from his backups.,"Confirm the season's starter (add games_started) or a manual override if a known starter/legend; rate the starter, leave backups lower.",low
4,00-0005953,Gale Gilbert,BUF,1990,QB,69,73,Starting-QB-critical (team): rated on a position prior only — the QB room had no recorded starts/stats to tell the starter from his backups.,"Confirm the season's starter (add games_started) or a manual override if a known starter/legend; rate the starter, leave backups lower.",low
4,00-0009111,Jim Kelly,BUF,1990,QB,69,73,Starting-QB-critical (team): rated on a position prior only — the QB room had no recorded starts/stats to tell the starter from his backups.,"Confirm the season's starter (add games_started) or a manual override if a known starter/legend; rate the starter, leave backups lower.",low
4,00-0006808,Jim Harbaugh,CHI,1990,QB,69,73,Starting-QB-critical (team): rated on a position prior only — the QB room had no recorded starts/stats to tell the starter from his backups.,"Confirm the season's starter (add games_started) or a manual override if a known starter/legend; rate the starter, leave backups lower.",low
4,00-0016538,Mike Tomczak,CHI,1990,QB,69,73,Starting-QB-critical (team): rated on a position prior only — the QB room had no recorded starts/stats to tell the starter from his backups.,"Confirm the season's starter (add games_started) or a manual override if a known starter/legend; rate the starter, leave backups lower.",low
4,00-0017984,Peter Tom Willis,CHI,1990,QB,69,73,Starting-QB-critical (team): rated on a position prior only — the QB room had no recorded starts/stats to tell the starter from his backups.,"Confirm the season's starter (add games_started) or a manual override if a known starter/legend; rate the starter, leave backups lower.",low
4,00-0004937,Boomer Esiason,CIN,1990,QB,69,73,Starting-QB-critical (team): rated on a position prior only — the QB room had no recorded starts/stats to tell the starter from his backups.,"Confirm the season's starter (add games_started) or a manual override if a known starter/legend; rate the starter, leave backups lower.",low
4,00-0017673,Erik Wilhelm,CIN,1990,QB,69,73,Starting-QB-critical (team): rated on a position prior only — the QB room had no recorded starts/stats to tell the starter from his backups.,"Confirm the season's starter (add games_started) or a manual override if a known starter/legend; rate the starter, leave backups lower.",low
4,00-0012910,Todd Philcox,CIN,1990,QB,69,73,Starting-QB-critical (team): rated on a position prior only — the QB room had no recorded starts/stats to tell the starter from his backups.,"Confirm the season's starter (add games_started) or a manual override if a known starter/legend; rate the starter, leave backups lower.",low
4,00-0009427,Bernie Kosar,CLE,1990,QB,69,73,Starting-QB-critical (team): rated on a position prior only — the QB room had no recorded starts/stats to tell the starter from his backups.,"Confirm the season's starter (add games_started) or a manual override if a known starter/legend; rate the starter, leave backups lower.",low
4,00-0005505,Jeff Francis,CLE,1990,QB,69,73,Starting-QB-critical (team): rated on a position prior only — the QB room had no recorded starts/stats to tell the starter from his backups.,"Confirm the season's starter (add games_started) or a manual override if a known starter/legend; rate the starter, leave backups lower.",low
4,mike-pagel,Mike Pagel,CLE,1990,QB,69,73,Starting-QB-critical (team): rated on a position prior only — the QB room had no recorded starts/stats to tell the starter from his backups.,"Confirm the season's starter (add games_started) or a manual override if a known starter/legend; rate the starter, leave backups lower.",low
4,babe-laufenberg,Babe Laufenberg,DAL,1990,QB,69,73,Starting-QB-critical (team): rated on a position prior only — the QB room had no recorded starts/stats to tell the starter from his backups.,"Confirm the season's starter (add games_started) or a manual override if a known starter/legend; rate the starter, leave backups lower.",low
4,00-0015777,Cliff Stoudt,DAL,1990,QB,69,73,Starting-QB-critical (team): rated on a position prior only — the QB room had no recorded starts/stats to tell the starter from his backups.,"Confirm the season's starter (add games_started) or a manual override if a known starter/legend; rate the starter, leave backups lower.",low
4,00-0000104,Troy Aikman,DAL,1990,QB,69,73,Starting-QB-critical (team): rated on a position prior only — the QB room had no recorded starts/stats to tell the starter from his backups.,"Confirm the season's starter (add games_started) or a manual override if a known starter/legend; rate the starter, leave backups lower.",low
4,00-0009490,Gary Kubiak,DEN,1990,QB,69,73,Starting-QB-critical (team): rated on a position prior only — the QB room had no recorded starts/stats to tell the starter from his backups.,"Confirm the season's starter (add games_started) or a manual override if a known starter/legend; rate the starter, leave backups lower.",low
4,00-0004884,John Elway,DEN,1990,QB,70,73,Starting-QB-critical (team): rated on a position prior only — the QB room had no recorded starts/stats to tell the starter from his backups.,"Confirm the season's starter (add games_started) or a manual override if a known starter/legend; rate the starter, leave backups lower.",low
4,00-0017178,Andre Ware,DET,1990,QB,70,73,Starting-QB-critical (team): rated on a position prior only — the QB room had no recorded starts/stats to tell the starter from his backups.,"Confirm the season's starter (add games_started) or a manual override if a known starter/legend; rate the starter, leave backups lower.",low
4,00-0005676,Bob Gagliano,DET,1990,QB,70,73,Starting-QB-critical (team): rated on a position prior only — the QB room had no recorded starts/stats to tell the starter from his backups.,"Confirm the season's starter (add games_started) or a manual override if a known starter/legend; rate the starter, leave backups lower.",low
4,00-0012732,Rodney Peete,DET,1990,QB,70,73,Starting-QB-critical (team): rated on a position prior only — the QB room had no recorded starts/stats to tell the starter from his backups.,"Confirm the season's starter (add games_started) or a manual override if a known starter/legend; rate the starter, leave backups lower.",low
4,anthony-dilweg,Anthony Dilweg,GB,1990,QB,70,73,Starting-QB-critical (team): rated on a position prior only — the QB room had no recorded starts/stats to tell the starter from his backups.,"Confirm the season's starter (add games_started) or a manual override if a known starter/legend; rate the starter, leave backups lower.",low
4,00-0009209,Blair Kiel,GB,1990,QB,70,73,Starting-QB-critical (team): rated on a position prior only — the QB room had no recorded starts/stats to tell the starter from his backups.,"Confirm the season's starter (add games_started) or a manual override if a known starter/legend; rate the starter, leave backups lower.",low
4,00-0010284,Don Majkowski,GB,1990,QB,70,73,Starting-QB-critical (team): rated on a position prior only — the QB room had no recorded starts/stats to tell the starter from his backups.,"Confirm the season's starter (add games_started) or a manual override if a known starter/legend; rate the starter, leave backups lower.",low
4,00-0012188,Mike Norseth,GB,1990,QB,70,73,Starting-QB-critical (team): rated on a position prior only — the QB room had no recorded starts/stats to tell the starter from his backups.,"Confirm the season's starter (add games_started) or a manual override if a known starter/legend; rate the starter, leave backups lower.",low
4,gene-benhart,Gene Benhart,IND,1990,QB,70,73,Starting-QB-critical (team): rated on a position prior only — the QB room had no recorded starts/stats to tell the starter from his backups.,"Confirm the season's starter (add games_started) or a manual override if a known starter/legend; rate the starter, leave backups lower.",low
4,00-0016628,Jack Trudeau,IND,1990,QB,70,73,Starting-QB-critical (team): rated on a position prior only — the QB room had no recorded starts/stats to tell the starter from his backups.,"Confirm the season's starter (add games_started) or a manual override if a known starter/legend; rate the starter, leave backups lower.",low
4,00-0005885,Jeff George,IND,1990,QB,70,73,Starting-QB-critical (team): rated on a position prior only — the QB room had no recorded starts/stats to tell the starter from his backups.,"Confirm the season's starter (add games_started) or a manual override if a known starter/legend; rate the starter, leave backups lower.",low
4,joe-ferguson,Joe Ferguson,IND,1990,QB,70,73,Starting-QB-critical (team): rated on a position prior only — the QB room had no recorded starts/stats to tell the starter from his backups.,"Confirm the season's starter (add games_started) or a manual override if a known starter/legend; rate the starter, leave backups lower.",low
4,00-0007340,Mark Herrmann,IND,1990,QB,70,73,Starting-QB-critical (team): rated on a position prior only — the QB room had no recorded starts/stats to tell the starter from his backups.,"Confirm the season's starter (add games_started) or a manual override if a known starter/legend; rate the starter, leave backups lower.",low
4,00-0007413,Rusty Hilger,IND,1990,QB,70,73,Starting-QB-critical (team): rated on a position prior only — the QB room had no recorded starts/stats to tell the starter from his backups.,"Confirm the season's starter (add games_started) or a manual override if a known starter/legend; rate the starter, leave backups lower.",low
4,00-0004116,Steve DeBerg,KC,1990,QB,70,73,Starting-QB-critical (team): rated on a position prior only — the QB room had no recorded starts/stats to tell the starter from his backups.,"Confirm the season's starter (add games_started) or a manual override if a known starter/legend; rate the starter, leave backups lower.",low
4,00-0012748,Steve Pelluer,KC,1990,QB,70,73,Starting-QB-critical (team): rated on a position prior only — the QB room had no recorded starts/stats to tell the starter from his backups.,"Confirm the season's starter (add games_started) or a manual override if a known starter/legend; rate the starter, leave backups lower.",low
4,00-0016534,Billy Joe Tolliver,LAC,1990,QB,70,73,Starting-QB-critical (team): rated on a position prior only — the QB room had no recorded starts/stats to tell the starter from his backups.,"Confirm the season's starter (add games_started) or a manual override if a known starter/legend; rate the starter, leave backups lower.",low
4,00-0005600,John Friesz,LAC,1990,QB,70,73,Starting-QB-critical (team): rated on a position prior only — the QB room had no recorded starts/stats to tell the starter from his backups.,"Confirm the season's starter (add games_started) or a manual override if a known starter/legend; rate the starter, leave backups lower.",low
4,00-0016942,Mark Vlasic,LAC,1990,QB,70,73,Starting-QB-critical (team): rated on a position prior only — the QB room had no recorded starts/stats to tell the starter from his backups.,"Confirm the season's starter (add games_started) or a manual override if a known starter/legend; rate the starter, leave backups lower.",low
4,00-0014490,Jay Schroeder,LV,1990,QB,70,73,Starting-QB-critical (team): rated on a position prior only — the QB room had no recorded starts/stats to tell the starter from his backups.,"Confirm the season's starter (add games_started) or a manual override if a known starter/legend; rate the starter, leave backups lower.",low
4,00-0005010,Vince Evans,LV,1990,QB,70,73,Starting-QB-critical (team): rated on a position prior only — the QB room had no recorded starts/stats to tell the starter from his backups.,"Confirm the season's starter (add games_started) or a manual override if a known starter/legend; rate the starter, leave backups lower.",low
4,00-0010379,Dan Marino,MIA,1990,QB,70,73,Starting-QB-critical (team): rated on a position prior only — the QB room had no recorded starts/stats to tell the starter from his backups.,"Confirm the season's starter (add games_started) or a manual override if a known starter/legend; rate the starter, leave backups lower.",low
4,00-0014630,Scott Secules,MIA,1990,QB,71,73,Starting-QB-critical (team): rated on a position prior only — the QB room had no recorded starts/stats to tell the starter from his backups.,"Confirm the season's starter (add games_started) or a manual override if a known starter/legend; rate the starter, leave backups lower.",low
4,00-0005741,Rich Gannon,MIN,1990,QB,71,73,Starting-QB-critical (team): rated on a position prior only — the QB room had no recorded starts/stats to tell the starter from his backups.,"Confirm the season's starter (add games_started) or a manual override if a known starter/legend; rate the starter, leave backups lower.",low
4,00-0014270,Sean Salisbury,MIN,1990,QB,71,73,Starting-QB-critical (team): rated on a position prior only — the QB room had no recorded starts/stats to tell the starter from his backups.,"Confirm the season's starter (add games_started) or a manual override if a known starter/legend; rate the starter, leave backups lower.",low
4,00-0018073,Wade Wilson,MIN,1990,QB,71,73,Starting-QB-critical (team): rated on a position prior only — the QB room had no recorded starts/stats to tell the starter from his backups.,"Confirm the season's starter (add games_started) or a manual override if a known starter/legend; rate the starter, leave backups lower.",low
4,marc-wilson,Marc Wilson,NE,1990,QB,71,73,Starting-QB-critical (team): rated on a position prior only — the QB room had no recorded starts/stats to tell the starter from his backups.,"Confirm the season's starter (add games_started) or a manual override if a known starter/legend; rate the starter, leave backups lower.",low
4,steve-grogan,Steve Grogan,NE,1990,QB,71,73,Starting-QB-critical (team): rated on a position prior only — the QB room had no recorded starts/stats to tell the starter from his backups.,"Confirm the season's starter (add games_started) or a manual override if a known starter/legend; rate the starter, leave backups lower.",low
4,00-0007547,Tom Hodson,NE,1990,QB,71,73,Starting-QB-critical (team): rated on a position prior only — the QB room had no recorded starts/stats to tell the starter from his backups.,"Confirm the season's starter (add games_started) or a manual override if a known starter/legend; rate the starter, leave backups lower.",low
4,john-fourcade,John Fourcade,NO,1990,QB,71,73,Starting-QB-critical (team): rated on a position prior only — the QB room had no recorded starts/stats to tell the starter from his backups.,"Confirm the season's starter (add games_started) or a manual override if a known starter/legend; rate the starter, leave backups lower.",low
4,00-0002174,Mike Buck,NO,1990,QB,71,73,Starting-QB-critical (team): rated on a position prior only — the QB room had no recorded starts/stats to tell the starter from his backups.,"Confirm the season's starter (add games_started) or a manual override if a known starter/legend; rate the starter, leave backups lower.",low
4,00-0017121,Steve Walsh,NO,1990,QB,71,73,Starting-QB-critical (team): rated on a position prior only — the QB room had no recorded starts/stats to tell the starter from his backups.,"Confirm the season's starter (add games_started) or a manual override if a known starter/legend; rate the starter, leave backups lower.",low
4,tommy-kramer,Tommy Kramer,NO,1990,QB,71,73,Starting-QB-critical (team): rated on a position prior only — the QB room had no recorded starts/stats to tell the starter from his backups.,"Confirm the season's starter (add games_started) or a manual override if a known starter/legend; rate the starter, leave backups lower.",low
4,00-0007765,Jeff Hostetler,NYG,1990,QB,71,73,Starting-QB-critical (team): rated on a position prior only — the QB room had no recorded starts/stats to tell the starter from his backups.,"Confirm the season's starter (add games_started) or a manual override if a known starter/legend; rate the starter, leave backups lower.",low
4,00-0002828,Matt Cavanaugh,NYG,1990,QB,71,73,Starting-QB-critical (team): rated on a position prior only — the QB room had no recorded starts/stats to tell the starter from his backups.,"Confirm the season's starter (add games_started) or a manual override if a known starter/legend; rate the starter, leave backups lower.",low
4,00-0014922,Phil Simms,NYG,1990,QB,71,73,Starting-QB-critical (team): rated on a position prior only — the QB room had no recorded starts/stats to tell the starter from his backups.,"Confirm the season's starter (add games_started) or a manual override if a known starter/legend; rate the starter, leave backups lower.",low
4,00-0012246,Ken O'Brien,NYJ,1990,QB,71,73,Starting-QB-critical (team): rated on a position prior only — the QB room had no recorded starts/stats to tell the starter from his backups.,"Confirm the season's starter (add games_started) or a manual override if a known starter/legend; rate the starter, leave backups lower.",low
4,tony-eason,Tony Eason,NYJ,1990,QB,71,73,Starting-QB-critical (team): rated on a position prior only — the QB room had no recorded starts/stats to tell the starter from his backups.,"Confirm the season's starter (add games_started) or a manual override if a known starter/legend; rate the starter, leave backups lower.",low
4,00-0016151,Troy Taylor,NYJ,1990,QB,71,73,Starting-QB-critical (team): rated on a position prior only — the QB room had no recorded starts/stats to tell the starter from his backups.,"Confirm the season's starter (add games_started) or a manual override if a known starter/legend; rate the starter, leave backups lower.",low
4,00-0010997,Jim McMahon,PHI,1990,QB,71,73,Starting-QB-critical (team): rated on a position prior only — the QB room had no recorded starts/stats to tell the starter from his backups.,"Confirm the season's starter (add games_started) or a manual override if a known starter/legend; rate the starter, leave backups lower.",low
4,00-0003761,Randall Cunningham,PHI,1990,QB,71,73,Starting-QB-critical (team): rated on a position prior only — the QB room had no recorded starts/stats to tell the starter from his backups.,"Confirm the season's starter (add games_started) or a manual override if a known starter/legend; rate the starter, leave backups lower.",low
4,00-0001785,Bubby Brister,PIT,1990,QB,71,73,Starting-QB-critical (team): rated on a position prior only — the QB room had no recorded starts/stats to tell the starter from his backups.,"Confirm the season's starter (add games_started) or a manual override if a known starter/legend; rate the starter, leave backups lower.",low
4,00-0012261,Neil O'Donnell,PIT,1990,QB,71,73,Starting-QB-critical (team): rated on a position prior only — the QB room had no recorded starts/stats to tell the starter from his backups.,"Confirm the season's starter (add games_started) or a manual override if a known starter/legend; rate the starter, leave backups lower.",low
4,00-0015827,Rick Strom,PIT,1990,QB,72,73,Starting-QB-critical (team): rated on a position prior only — the QB room had no recorded starts/stats to tell the starter from his backups.,"Confirm the season's starter (add games_started) or a manual override if a known starter/legend; rate the starter, leave backups lower.",low
4,00-0009475,Dave Krieg,SEA,1990,QB,72,73,Starting-QB-critical (team): rated on a position prior only — the QB room had no recorded starts/stats to tell the starter from his backups.,"Confirm the season's starter (add games_started) or a manual override if a known starter/legend; rate the starter, leave backups lower.",low
4,00-0009131,Jeff Kemp,SEA,1990,QB,72,73,Starting-QB-critical (team): rated on a position prior only — the QB room had no recorded starts/stats to tell the starter from his backups.,"Confirm the season's starter (add games_started) or a manual override if a known starter/legend; rate the starter, leave backups lower.",low
4,00-0015778,Kelly Stouffer,SEA,1990,QB,72,73,Starting-QB-critical (team): rated on a position prior only — the QB room had no recorded starts/stats to tell the starter from his backups.,"Confirm the season's starter (add games_started) or a manual override if a known starter/legend; rate the starter, leave backups lower.",low
4,00-0011493,Joe Montana,SF,1990,QB,72,73,Starting-QB-critical (team): rated on a position prior only — the QB room had no recorded starts/stats to tell the starter from his backups.,"Confirm the season's starter (add games_started) or a manual override if a known starter/legend; rate the starter, leave backups lower.",low
4,00-0001471,Steve Bono,SF,1990,QB,72,73,Starting-QB-critical (team): rated on a position prior only — the QB room had no recorded starts/stats to tell the starter from his backups.,"Confirm the season's starter (add games_started) or a manual override if a known starter/legend; rate the starter, leave backups lower.",low
4,00-0018441,Steve Young,SF,1990,QB,72,73,Starting-QB-critical (team): rated on a position prior only — the QB room had no recorded starts/stats to tell the starter from his backups.,"Confirm the season's starter (add games_started) or a manual override if a known starter/legend; rate the starter, leave backups lower.",low
4,00-0010054,Chuck Long,STL,1990,QB,72,73,Starting-QB-critical (team): rated on a position prior only — the QB room had no recorded starts/stats to tell the starter from his backups.,"Confirm the season's starter (add games_started) or a manual override if a known starter/legend; rate the starter, leave backups lower.",low
4,00-0005015,Jim Everett,STL,1990,QB,72,73,Starting-QB-critical (team): rated on a position prior only — the QB room had no recorded starts/stats to tell the starter from his backups.,"Confirm the season's starter (add games_started) or a manual override if a known starter/legend; rate the starter, leave backups lower.",low
4,00-0002876,Chris Chandler,TB,1990,QB,72,73,Starting-QB-critical (team): rated on a position prior only — the QB room had no recorded starts/stats to tell the starter from his backups.,"Confirm the season's starter (add games_started) or a manual override if a known starter/legend; rate the starter, leave backups lower.",low
4,00-0002644,Jeff Carlson,TB,1990,QB,72,73,Starting-QB-critical (team): rated on a position prior only — the QB room had no recorded starts/stats to tell the starter from his backups.,"Confirm the season's starter (add games_started) or a manual override if a known starter/legend; rate the starter, leave backups lower.",low
4,00-0016193,Vinny Testaverde,TB,1990,QB,72,73,Starting-QB-critical (team): rated on a position prior only — the QB room had no recorded starts/stats to tell the starter from his backups.,"Confirm the season's starter (add games_started) or a manual override if a known starter/legend; rate the starter, leave backups lower.",low
4,00-0002642,Cody Carlson,TEN,1990,QB,72,73,Starting-QB-critical (team): rated on a position prior only — the QB room had no recorded starts/stats to tell the starter from his backups.,"Confirm the season's starter (add games_started) or a manual override if a known starter/legend; rate the starter, leave backups lower.",low
4,00-0015028,Reggie Slack,TEN,1990,QB,72,73,Starting-QB-critical (team): rated on a position prior only — the QB room had no recorded starts/stats to tell the starter from his backups.,"Confirm the season's starter (add games_started) or a manual override if a known starter/legend; rate the starter, leave backups lower.",low
4,00-0011524,Warren Moon,TEN,1990,QB,72,73,Starting-QB-critical (team): rated on a position prior only — the QB room had no recorded starts/stats to tell the starter from his backups.,"Confirm the season's starter (add games_started) or a manual override if a known starter/legend; rate the starter, leave backups lower.",low
4,gary-hogeboom,Gary Hogeboom,WAS,1990,QB,72,73,Starting-QB-critical (team): rated on a position prior only — the QB room had no recorded starts/stats to tell the starter from his backups.,"Confirm the season's starter (add games_started) or a manual override if a known starter/legend; rate the starter, leave backups lower.",low
4,00-0014208,Jeff Rutledge,WAS,1990,QB,72,73,Starting-QB-critical (team): rated on a position prior only — the QB room had no recorded starts/stats to tell the starter from his backups.,"Confirm the season's starter (add games_started) or a manual override if a known starter/legend; rate the starter, leave backups lower.",low
4,00-0014234,Mark Rypien,WAS,1990,QB,72,73,Starting-QB-critical (team): rated on a position prior only — the QB room had no recorded starts/stats to tell the starter from his backups.,"Confirm the season's starter (add games_started) or a manual override if a known starter/legend; rate the starter, leave backups lower.",low
4,00-0007921,Stan Humphries,WAS,1990,QB,72,73,Starting-QB-critical (team): rated on a position prior only — the QB room had no recorded starts/stats to tell the starter from his backups.,"Confirm the season's starter (add games_started) or a manual override if a known starter/legend; rate the starter, leave backups lower.",low
4,gary-hogeboom,Gary Hogeboom,ARI,1989,QB,69,73,Starting-QB-critical (team): rated on a position prior only — the QB room had no recorded starts/stats to tell the starter from his backups.,"Confirm the season's starter (add games_started) or a manual override if a known starter/legend; rate the starter, leave backups lower.",low
4,00-0014043,Timm Rosenbach,ARI,1989,QB,69,73,Starting-QB-critical (team): rated on a position prior only — the QB room had no recorded starts/stats to tell the starter from his backups.,"Confirm the season's starter (add games_started) or a manual override if a known starter/legend; rate the starter, leave backups lower.",low
4,00-0016683,Tom Tupa,ARI,1989,QB,69,73,Starting-QB-critical (team): rated on a position prior only — the QB room had no recorded starts/stats to tell the starter from his backups.,"Confirm the season's starter (add games_started) or a manual override if a known starter/legend; rate the starter, leave backups lower.",low
4,00-0011244,Chris Miller,ATL,1989,QB,69,73,Starting-QB-critical (team): rated on a position prior only — the QB room had no recorded starts/stats to tell the starter from his backups.,"Confirm the season's starter (add games_started) or a manual override if a known starter/legend; rate the starter, leave backups lower.",low
4,00-0011230,Hugh Millen,ATL,1989,QB,69,73,Starting-QB-critical (team): rated on a position prior only — the QB room had no recorded starts/stats to tell the starter from his backups.,"Confirm the season's starter (add games_started) or a manual override if a known starter/legend; rate the starter, leave backups lower.",low
4,scott-campbell,Scott Campbell,ATL,1989,QB,69,73,Starting-QB-critical (team): rated on a position prior only — the QB room had no recorded starts/stats to tell the starter from his backups.,"Confirm the season's starter (add games_started) or a manual override if a known starter/legend; rate the starter, leave backups lower.",low
4,00-0013558,Frank Reich,BUF,1989,QB,69,73,Starting-QB-critical (team): rated on a position prior only — the QB room had no recorded starts/stats to tell the starter from his backups.,"Confirm the season's starter (add games_started) or a manual override if a known starter/legend; rate the starter, leave backups lower.",low
4,00-0009111,Jim Kelly,BUF,1989,QB,69,73,Starting-QB-critical (team): rated on a position prior only — the QB room had no recorded starts/stats to tell the starter from his backups.,"Confirm the season's starter (add games_started) or a manual override if a known starter/legend; rate the starter, leave backups lower.",low
4,00-0005869,Stan Gelbaugh,BUF,1989,QB,69,73,Starting-QB-critical (team): rated on a position prior only — the QB room had no recorded starts/stats to tell the starter from his backups.,"Confirm the season's starter (add games_started) or a manual override if a known starter/legend; rate the starter, leave backups lower.",low
4,00-0006808,Jim Harbaugh,CHI,1989,QB,69,73,Starting-QB-critical (team): rated on a position prior only — the QB room had no recorded starts/stats to tell the starter from his backups.,"Confirm the season's starter (add games_started) or a manual override if a known starter/legend; rate the starter, leave backups lower.",low
4,00-0016538,Mike Tomczak,CHI,1989,QB,69,73,Starting-QB-critical (team): rated on a position prior only — the QB room had no recorded starts/stats to tell the starter from his backups.,"Confirm the season's starter (add games_started) or a manual override if a known starter/legend; rate the starter, leave backups lower.",low
4,00-0004937,Boomer Esiason,CIN,1989,QB,69,73,Starting-QB-critical (team): rated on a position prior only — the QB room had no recorded starts/stats to tell the starter from his backups.,"Confirm the season's starter (add games_started) or a manual override if a known starter/legend; rate the starter, leave backups lower.",low
4,00-0017673,Erik Wilhelm,CIN,1989,QB,69,73,Starting-QB-critical (team): rated on a position prior only — the QB room had no recorded starts/stats to tell the starter from his backups.,"Confirm the season's starter (add games_started) or a manual override if a known starter/legend; rate the starter, leave backups lower.",low
4,turk-schonert,Turk Schonert,CIN,1989,QB,69,73,Starting-QB-critical (team): rated on a position prior only — the QB room had no recorded starts/stats to tell the starter from his backups.,"Confirm the season's starter (add games_started) or a manual override if a known starter/legend; rate the starter, leave backups lower.",low
4,00-0009427,Bernie Kosar,CLE,1989,QB,69,73,Starting-QB-critical (team): rated on a position prior only — the QB room had no recorded starts/stats to tell the starter from his backups.,"Confirm the season's starter (add games_started) or a manual override if a known starter/legend; rate the starter, leave backups lower.",low
4,mike-pagel,Mike Pagel,CLE,1989,QB,69,73,Starting-QB-critical (team): rated on a position prior only — the QB room had no recorded starts/stats to tell the starter from his backups.,"Confirm the season's starter (add games_started) or a manual override if a known starter/legend; rate the starter, leave backups lower.",low
4,babe-laufenberg,Babe Laufenberg,DAL,1989,QB,69,73,Starting-QB-critical (team): rated on a position prior only — the QB room had no recorded starts/stats to tell the starter from his backups.,"Confirm the season's starter (add games_started) or a manual override if a known starter/legend; rate the starter, leave backups lower.",low
4,00-0017121,Steve Walsh,DAL,1989,QB,69,73,Starting-QB-critical (team): rated on a position prior only — the QB room had no recorded starts/stats to tell the starter from his backups.,"Confirm the season's starter (add games_started) or a manual override if a known starter/legend; rate the starter, leave backups lower.",low
4,00-0000104,Troy Aikman,DAL,1989,QB,69,73,Starting-QB-critical (team): rated on a position prior only — the QB room had no recorded starts/stats to tell the starter from his backups.,"Confirm the season's starter (add games_started) or a manual override if a known starter/legend; rate the starter, leave backups lower.",low
4,00-0009490,Gary Kubiak,DEN,1989,QB,69,73,Starting-QB-critical (team): rated on a position prior only — the QB room had no recorded starts/stats to tell the starter from his backups.,"Confirm the season's starter (add games_started) or a manual override if a known starter/legend; rate the starter, leave backups lower.",low
4,00-0004884,John Elway,DEN,1989,QB,69,73,Starting-QB-critical (team): rated on a position prior only — the QB room had no recorded starts/stats to tell the starter from his backups.,"Confirm the season's starter (add games_started) or a manual override if a known starter/legend; rate the starter, leave backups lower.",low
4,00-0005676,Bob Gagliano,DET,1989,QB,69,73,Starting-QB-critical (team): rated on a position prior only — the QB room had no recorded starts/stats to tell the starter from his backups.,"Confirm the season's starter (add games_started) or a manual override if a known starter/legend; rate the starter, leave backups lower.",low
4,00-0010054,Chuck Long,DET,1989,QB,70,73,Starting-QB-critical (team): rated on a position prior only — the QB room had no recorded starts/stats to tell the starter from his backups.,"Confirm the season's starter (add games_started) or a manual override if a known starter/legend; rate the starter, leave backups lower.",low
4,eric-hipple,Eric Hipple,DET,1989,QB,70,73,Starting-QB-critical (team): rated on a position prior only — the QB room had no recorded starts/stats to tell the starter from his backups.,"Confirm the season's starter (add games_started) or a manual override if a known starter/legend; rate the starter, leave backups lower.",low
4,00-0012732,Rodney Peete,DET,1989,QB,70,73,Starting-QB-critical (team): rated on a position prior only — the QB room had no recorded starts/stats to tell the starter from his backups.,"Confirm the season's starter (add games_started) or a manual override if a known starter/legend; rate the starter, leave backups lower.",low
4,anthony-dilweg,Anthony Dilweg,GB,1989,QB,70,73,Starting-QB-critical (team): rated on a position prior only — the QB room had no recorded starts/stats to tell the starter from his backups.,"Confirm the season's starter (add games_started) or a manual override if a known starter/legend; rate the starter, leave backups lower.",low
4,00-0009209,Blair Kiel,GB,1989,QB,70,73,Starting-QB-critical (team): rated on a position prior only — the QB room had no recorded starts/stats to tell the starter from his backups.,"Confirm the season's starter (add games_started) or a manual override if a known starter/legend; rate the starter, leave backups lower.",low
4,00-0010284,Don Majkowski,GB,1989,QB,70,73,Starting-QB-critical (team): rated on a position prior only — the QB room had no recorded starts/stats to tell the starter from his backups.,"Confirm the season's starter (add games_started) or a manual override if a known starter/legend; rate the starter, leave backups lower.",low
4,00-0002876,Chris Chandler,IND,1989,QB,70,73,Starting-QB-critical (team): rated on a position prior only — the QB room had no recorded starts/stats to tell the starter from his backups.,"Confirm the season's starter (add games_started) or a manual override if a known starter/legend; rate the starter, leave backups lower.",low
4,don-strock,Don Strock,IND,1989,QB,70,73,Starting-QB-critical (team): rated on a position prior only — the QB room had no recorded starts/stats to tell the starter from his backups.,"Confirm the season's starter (add games_started) or a manual override if a known starter/legend; rate the starter, leave backups lower.",low
4,00-0016628,Jack Trudeau,IND,1989,QB,70,73,Starting-QB-critical (team): rated on a position prior only — the QB room had no recorded starts/stats to tell the starter from his backups.,"Confirm the season's starter (add games_started) or a manual override if a known starter/legend; rate the starter, leave backups lower.",low
4,tom-ramsey,Tom Ramsey,IND,1989,QB,70,73,Starting-QB-critical (team): rated on a position prior only — the QB room had no recorded starts/stats to tell the starter from his backups.,"Confirm the season's starter (add games_started) or a manual override if a known starter/legend; rate the starter, leave backups lower.",low
4,wayne-johnson,Wayne Johnson,IND,1989,QB,70,73,Starting-QB-critical (team): rated on a position prior only — the QB room had no recorded starts/stats to tell the starter from his backups.,"Confirm the season's starter (add games_started) or a manual override if a known starter/legend; rate the starter, leave backups lower.",low
4,00-0004828,Mike Elkins,KC,1989,QB,70,73,Starting-QB-critical (team): rated on a position prior only — the QB room had no recorded starts/stats to tell the starter from his backups.,"Confirm the season's starter (add games_started) or a manual override if a known starter/legend; rate the starter, leave backups lower.",low
4,ron-jaworski,Ron Jaworski,KC,1989,QB,70,73,Starting-QB-critical (team): rated on a position prior only — the QB room had no recorded starts/stats to tell the starter from his backups.,"Confirm the season's starter (add games_started) or a manual override if a known starter/legend; rate the starter, leave backups lower.",low
4,00-0004116,Steve DeBerg,KC,1989,QB,70,73,Starting-QB-critical (team): rated on a position prior only — the QB room had no recorded starts/stats to tell the starter from his backups.,"Confirm the season's starter (add games_started) or a manual override if a known starter/legend; rate the starter, leave backups lower.",low
4,00-0012748,Steve Pelluer,KC,1989,QB,70,73,Starting-QB-critical (team): rated on a position prior only — the QB room had no recorded starts/stats to tell the starter from his backups.,"Confirm the season's starter (add games_started) or a manual override if a known starter/legend; rate the starter, leave backups lower.",low
4,00-0016534,Billy Joe Tolliver,LAC,1989,QB,70,73,Starting-QB-critical (team): rated on a position prior only — the QB room had no recorded starts/stats to tell the starter from his backups.,"Confirm the season's starter (add games_started) or a manual override if a known starter/legend; rate the starter, leave backups lower.",low
4,00-0000406,David Archer,LAC,1989,QB,70,73,Starting-QB-critical (team): rated on a position prior only — the QB room had no recorded starts/stats to tell the starter from his backups.,"Confirm the season's starter (add games_started) or a manual override if a known starter/legend; rate the starter, leave backups lower.",low
4,00-0010997,Jim McMahon,LAC,1989,QB,70,73,Starting-QB-critical (team): rated on a position prior only — the QB room had no recorded starts/stats to tell the starter from his backups.,"Confirm the season's starter (add games_started) or a manual override if a known starter/legend; rate the starter, leave backups lower.",low
4,00-0014490,Jay Schroeder,LV,1989,QB,70,73,Starting-QB-critical (team): rated on a position prior only — the QB room had no recorded starts/stats to tell the starter from his backups.,"Confirm the season's starter (add games_started) or a manual override if a known starter/legend; rate the starter, leave backups lower.",low
4,00-0001218,Steve Beuerlein,LV,1989,QB,70,73,Starting-QB-critical (team): rated on a position prior only — the QB room had no recorded starts/stats to tell the starter from his backups.,"Confirm the season's starter (add games_started) or a manual override if a known starter/legend; rate the starter, leave backups lower.",low
4,00-0005010,Vince Evans,LV,1989,QB,70,73,Starting-QB-critical (team): rated on a position prior only — the QB room had no recorded starts/stats to tell the starter from his backups.,"Confirm the season's starter (add games_started) or a manual override if a known starter/legend; rate the starter, leave backups lower.",low
4,00-0015777,Cliff Stoudt,MIA,1989,QB,70,73,Starting-QB-critical (team): rated on a position prior only — the QB room had no recorded starts/stats to tell the starter from his backups.,"Confirm the season's starter (add games_started) or a manual override if a known starter/legend; rate the starter, leave backups lower.",low
4,00-0010379,Dan Marino,MIA,1989,QB,71,73,Starting-QB-critical (team): rated on a position prior only — the QB room had no recorded starts/stats to tell the starter from his backups.,"Confirm the season's starter (add games_started) or a manual override if a known starter/legend; rate the starter, leave backups lower.",low
4,00-0014630,Scott Secules,MIA,1989,QB,71,73,Starting-QB-critical (team): rated on a position prior only — the QB room had no recorded starts/stats to tell the starter from his backups.,"Confirm the season's starter (add games_started) or a manual override if a known starter/legend; rate the starter, leave backups lower.",low
4,00-0005741,Rich Gannon,MIN,1989,QB,71,73,Starting-QB-critical (team): rated on a position prior only — the QB room had no recorded starts/stats to tell the starter from his backups.,"Confirm the season's starter (add games_started) or a manual override if a known starter/legend; rate the starter, leave backups lower.",low
4,tommy-kramer,Tommy Kramer,MIN,1989,QB,71,73,Starting-QB-critical (team): rated on a position prior only — the QB room had no recorded starts/stats to tell the starter from his backups.,"Confirm the season's starter (add games_started) or a manual override if a known starter/legend; rate the starter, leave backups lower.",low
4,00-0018073,Wade Wilson,MIN,1989,QB,71,73,Starting-QB-critical (team): rated on a position prior only — the QB room had no recorded starts/stats to tell the starter from his backups.,"Confirm the season's starter (add games_started) or a manual override if a known starter/legend; rate the starter, leave backups lower.",low
4,00-0005363,Doug Flutie,NE,1989,QB,71,73,Starting-QB-critical (team): rated on a position prior only — the QB room had no recorded starts/stats to tell the starter from his backups.,"Confirm the season's starter (add games_started) or a manual override if a known starter/legend; rate the starter, leave backups lower.",low
4,marc-wilson,Marc Wilson,NE,1989,QB,71,73,Starting-QB-critical (team): rated on a position prior only — the QB room had no recorded starts/stats to tell the starter from his backups.,"Confirm the season's starter (add games_started) or a manual override if a known starter/legend; rate the starter, leave backups lower.",low
4,steve-grogan,Steve Grogan,NE,1989,QB,71,73,Starting-QB-critical (team): rated on a position prior only — the QB room had no recorded starts/stats to tell the starter from his backups.,"Confirm the season's starter (add games_started) or a manual override if a known starter/legend; rate the starter, leave backups lower.",low
4,00-0007190,Bobby Hebert,NO,1989,QB,71,73,Starting-QB-critical (team): rated on a position prior only — the QB room had no recorded starts/stats to tell the starter from his backups.,"Confirm the season's starter (add games_started) or a manual override if a known starter/legend; rate the starter, leave backups lower.",low
4,dave-wilson,Dave Wilson,NO,1989,QB,71,73,Starting-QB-critical (team): rated on a position prior only — the QB room had no recorded starts/stats to tell the starter from his backups.,"Confirm the season's starter (add games_started) or a manual override if a known starter/legend; rate the starter, leave backups lower.",low
4,john-fourcade,John Fourcade,NO,1989,QB,71,73,Starting-QB-critical (team): rated on a position prior only — the QB room had no recorded starts/stats to tell the starter from his backups.,"Confirm the season's starter (add games_started) or a manual override if a known starter/legend; rate the starter, leave backups lower.",low
4,00-0007765,Jeff Hostetler,NYG,1989,QB,71,73,Starting-QB-critical (team): rated on a position prior only — the QB room had no recorded starts/stats to tell the starter from his backups.,"Confirm the season's starter (add games_started) or a manual override if a known starter/legend; rate the starter, leave backups lower.",low
4,00-0014208,Jeff Rutledge,NYG,1989,QB,71,73,Starting-QB-critical (team): rated on a position prior only — the QB room had no recorded starts/stats to tell the starter from his backups.,"Confirm the season's starter (add games_started) or a manual override if a known starter/legend; rate the starter, leave backups lower.",low
4,00-0014922,Phil Simms,NYG,1989,QB,71,73,Starting-QB-critical (team): rated on a position prior only — the QB room had no recorded starts/stats to tell the starter from his backups.,"Confirm the season's starter (add games_started) or a manual override if a known starter/legend; rate the starter, leave backups lower.",low
4,00-0012246,Ken O'Brien,NYJ,1989,QB,71,73,Starting-QB-critical (team): rated on a position prior only — the QB room had no recorded starts/stats to tell the starter from his backups.,"Confirm the season's starter (add games_started) or a manual override if a known starter/legend; rate the starter, leave backups lower.",low
4,kyle-mackey,Kyle Mackey,NYJ,1989,QB,71,73,Starting-QB-critical (team): rated on a position prior only — the QB room had no recorded starts/stats to tell the starter from his backups.,"Confirm the season's starter (add games_started) or a manual override if a known starter/legend; rate the starter, leave backups lower.",low
4,mark-malone,Mark Malone,NYJ,1989,QB,71,73,Starting-QB-critical (team): rated on a position prior only — the QB room had no recorded starts/stats to tell the starter from his backups.,"Confirm the season's starter (add games_started) or a manual override if a known starter/legend; rate the starter, leave backups lower.",low
4,00-0014225,Pat Ryan,NYJ,1989,QB,71,73,Starting-QB-critical (team): rated on a position prior only — the QB room had no recorded starts/stats to tell the starter from his backups.,"Confirm the season's starter (add games_started) or a manual override if a known starter/legend; rate the starter, leave backups lower.",low
4,tony-eason,Tony Eason,NYJ,1989,QB,71,73,Starting-QB-critical (team): rated on a position prior only — the QB room had no recorded starts/stats to tell the starter from his backups.,"Confirm the season's starter (add games_started) or a manual override if a known starter/legend; rate the starter, leave backups lower.",low
4,don-mcpherson,Don McPherson,PHI,1989,QB,71,73,Starting-QB-critical (team): rated on a position prior only — the QB room had no recorded starts/stats to tell the starter from his backups.,"Confirm the season's starter (add games_started) or a manual override if a known starter/legend; rate the starter, leave backups lower.",low
4,00-0002828,Matt Cavanaugh,PHI,1989,QB,71,73,Starting-QB-critical (team): rated on a position prior only — the QB room had no recorded starts/stats to tell the starter from his backups.,"Confirm the season's starter (add games_started) or a manual override if a known starter/legend; rate the starter, leave backups lower.",low
4,00-0003761,Randall Cunningham,PHI,1989,QB,71,73,Starting-QB-critical (team): rated on a position prior only — the QB room had no recorded starts/stats to tell the starter from his backups.,"Confirm the season's starter (add games_started) or a manual override if a known starter/legend; rate the starter, leave backups lower.",low
4,00-0001785,Bubby Brister,PIT,1989,QB,72,73,Starting-QB-critical (team): rated on a position prior only — the QB room had no recorded starts/stats to tell the starter from his backups.,"Confirm the season's starter (add games_started) or a manual override if a known starter/legend; rate the starter, leave backups lower.",low
4,00-0015827,Rick Strom,PIT,1989,QB,72,73,Starting-QB-critical (team): rated on a position prior only — the QB room had no recorded starts/stats to tell the starter from his backups.,"Confirm the season's starter (add games_started) or a manual override if a known starter/legend; rate the starter, leave backups lower.",low
4,todd-blackledge,Todd Blackledge,PIT,1989,QB,72,73,Starting-QB-critical (team): rated on a position prior only — the QB room had no recorded starts/stats to tell the starter from his backups.,"Confirm the season's starter (add games_started) or a manual override if a known starter/legend; rate the starter, leave backups lower.",low
4,00-0009475,Dave Krieg,SEA,1989,QB,72,73,Starting-QB-critical (team): rated on a position prior only — the QB room had no recorded starts/stats to tell the starter from his backups.,"Confirm the season's starter (add games_started) or a manual override if a known starter/legend; rate the starter, leave backups lower.",low
4,00-0009131,Jeff Kemp,SEA,1989,QB,72,73,Starting-QB-critical (team): rated on a position prior only — the QB room had no recorded starts/stats to tell the starter from his backups.,"Confirm the season's starter (add games_started) or a manual override if a known starter/legend; rate the starter, leave backups lower.",low
4,00-0015778,Kelly Stouffer,SEA,1989,QB,72,73,Starting-QB-critical (team): rated on a position prior only — the QB room had no recorded starts/stats to tell the starter from his backups.,"Confirm the season's starter (add games_started) or a manual override if a known starter/legend; rate the starter, leave backups lower.",low
4,00-0005015,Jim Everett,STL,1989,QB,72,73,Starting-QB-critical (team): rated on a position prior only — the QB room had no recorded starts/stats to tell the starter from his backups.,"Confirm the season's starter (add games_started) or a manual override if a known starter/legend; rate the starter, leave backups lower.",low
4,00-0007340,Mark Herrmann,STL,1989,QB,72,73,Starting-QB-critical (team): rated on a position prior only — the QB room had no recorded starts/stats to tell the starter from his backups.,"Confirm the season's starter (add games_started) or a manual override if a known starter/legend; rate the starter, leave backups lower.",low
4,steve-dils,Steve Dils,STL,1989,QB,72,73,Starting-QB-critical (team): rated on a position prior only — the QB room had no recorded starts/stats to tell the starter from his backups.,"Confirm the season's starter (add games_started) or a manual override if a known starter/legend; rate the starter, leave backups lower.",low
4,joe-ferguson,Joe Ferguson,TB,1989,QB,72,73,Starting-QB-critical (team): rated on a position prior only — the QB room had no recorded starts/stats to tell the starter from his backups.,"Confirm the season's starter (add games_started) or a manual override if a known starter/legend; rate the starter, leave backups lower.",low
4,00-0001034,Kerwin Bell,TB,1989,QB,72,73,Starting-QB-critical (team): rated on a position prior only — the QB room had no recorded starts/stats to tell the starter from his backups.,"Confirm the season's starter (add games_started) or a manual override if a known starter/legend; rate the starter, leave backups lower.",low
4,00-0016193,Vinny Testaverde,TB,1989,QB,72,73,Starting-QB-critical (team): rated on a position prior only — the QB room had no recorded starts/stats to tell the starter from his backups.,"Confirm the season's starter (add games_started) or a manual override if a known starter/legend; rate the starter, leave backups lower.",low
4,00-0002642,Cody Carlson,TEN,1989,QB,72,73,Starting-QB-critical (team): rated on a position prior only — the QB room had no recorded starts/stats to tell the starter from his backups.,"Confirm the season's starter (add games_started) or a manual override if a known starter/legend; rate the starter, leave backups lower.",low
4,00-0011524,Warren Moon,TEN,1989,QB,72,73,Starting-QB-critical (team): rated on a position prior only — the QB room had no recorded starts/stats to tell the starter from his backups.,"Confirm the season's starter (add games_started) or a manual override if a known starter/legend; rate the starter, leave backups lower.",low
4,doug-williams,Doug Williams,WAS,1989,QB,72,73,Starting-QB-critical (team): rated on a position prior only — the QB room had no recorded starts/stats to tell the starter from his backups.,"Confirm the season's starter (add games_started) or a manual override if a known starter/legend; rate the starter, leave backups lower.",low
4,00-0014234,Mark Rypien,WAS,1989,QB,72,73,Starting-QB-critical (team): rated on a position prior only — the QB room had no recorded starts/stats to tell the starter from his backups.,"Confirm the season's starter (add games_started) or a manual override if a known starter/legend; rate the starter, leave backups lower.",low
4,00-0007921,Stan Humphries,WAS,1989,QB,72,73,Starting-QB-critical (team): rated on a position prior only — the QB room had no recorded starts/stats to tell the starter from his backups.,"Confirm the season's starter (add games_started) or a manual override if a known starter/legend; rate the starter, leave backups lower.",low
4,00-0015777,Cliff Stoudt,ARI,1988,QB,69,73,Starting-QB-critical (team): rated on a position prior only — the QB room had no recorded starts/stats to tell the starter from his backups.,"Confirm the season's starter (add games_started) or a manual override if a known starter/legend; rate the starter, leave backups lower.",low
4,neil-lomax,Neil Lomax,ARI,1988,QB,69,73,Starting-QB-critical (team): rated on a position prior only — the QB room had no recorded starts/stats to tell the starter from his backups.,"Confirm the season's starter (add games_started) or a manual override if a known starter/legend; rate the starter, leave backups lower.",low
4,00-0016683,Tom Tupa,ARI,1988,QB,69,73,Starting-QB-critical (team): rated on a position prior only — the QB room had no recorded starts/stats to tell the starter from his backups.,"Confirm the season's starter (add games_started) or a manual override if a known starter/legend; rate the starter, leave backups lower.",low
4,00-0011244,Chris Miller,ATL,1988,QB,69,73,Starting-QB-critical (team): rated on a position prior only — the QB room had no recorded starts/stats to tell the starter from his backups.,"Confirm the season's starter (add games_started) or a manual override if a known starter/legend; rate the starter, leave backups lower.",low
4,00-0011230,Hugh Millen,ATL,1988,QB,69,73,Starting-QB-critical (team): rated on a position prior only — the QB room had no recorded starts/stats to tell the starter from his backups.,"Confirm the season's starter (add games_started) or a manual override if a known starter/legend; rate the starter, leave backups lower.",low
4,00-0001034,Kerwin Bell,ATL,1988,QB,69,73,Starting-QB-critical (team): rated on a position prior only — the QB room had no recorded starts/stats to tell the starter from his backups.,"Confirm the season's starter (add games_started) or a manual override if a known starter/legend; rate the starter, leave backups lower.",low
4,steve-dils,Steve Dils,ATL,1988,QB,69,73,Starting-QB-critical (team): rated on a position prior only — the QB room had no recorded starts/stats to tell the starter from his backups.,"Confirm the season's starter (add games_started) or a manual override if a known starter/legend; rate the starter, leave backups lower.",low
4,00-0013558,Frank Reich,BUF,1988,QB,69,73,Starting-QB-critical (team): rated on a position prior only — the QB room had no recorded starts/stats to tell the starter from his backups.,"Confirm the season's starter (add games_started) or a manual override if a known starter/legend; rate the starter, leave backups lower.",low
4,00-0009111,Jim Kelly,BUF,1988,QB,69,73,Starting-QB-critical (team): rated on a position prior only — the QB room had no recorded starts/stats to tell the starter from his backups.,"Confirm the season's starter (add games_started) or a manual override if a known starter/legend; rate the starter, leave backups lower.",low
4,00-0005869,Stan Gelbaugh,BUF,1988,QB,69,73,Starting-QB-critical (team): rated on a position prior only — the QB room had no recorded starts/stats to tell the starter from his backups.,"Confirm the season's starter (add games_started) or a manual override if a known starter/legend; rate the starter, leave backups lower.",low
4,ben-bennett,Ben Bennett,CHI,1988,QB,69,73,Starting-QB-critical (team): rated on a position prior only — the QB room had no recorded starts/stats to tell the starter from his backups.,"Confirm the season's starter (add games_started) or a manual override if a known starter/legend; rate the starter, leave backups lower.",low
4,00-0006808,Jim Harbaugh,CHI,1988,QB,69,73,Starting-QB-critical (team): rated on a position prior only — the QB room had no recorded starts/stats to tell the starter from his backups.,"Confirm the season's starter (add games_started) or a manual override if a known starter/legend; rate the starter, leave backups lower.",low
4,00-0010997,Jim McMahon,CHI,1988,QB,69,73,Starting-QB-critical (team): rated on a position prior only — the QB room had no recorded starts/stats to tell the starter from his backups.,"Confirm the season's starter (add games_started) or a manual override if a known starter/legend; rate the starter, leave backups lower.",low
4,00-0016538,Mike Tomczak,CHI,1988,QB,69,73,Starting-QB-critical (team): rated on a position prior only — the QB room had no recorded starts/stats to tell the starter from his backups.,"Confirm the season's starter (add games_started) or a manual override if a known starter/legend; rate the starter, leave backups lower.",low
4,00-0004937,Boomer Esiason,CIN,1988,QB,69,73,Starting-QB-critical (team): rated on a position prior only — the QB room had no recorded starts/stats to tell the starter from his backups.,"Confirm the season's starter (add games_started) or a manual override if a known starter/legend; rate the starter, leave backups lower.",low
4,00-0012188,Mike Norseth,CIN,1988,QB,69,73,Starting-QB-critical (team): rated on a position prior only — the QB room had no recorded starts/stats to tell the starter from his backups.,"Confirm the season's starter (add games_started) or a manual override if a known starter/legend; rate the starter, leave backups lower.",low
4,turk-schonert,Turk Schonert,CIN,1988,QB,69,73,Starting-QB-critical (team): rated on a position prior only — the QB room had no recorded starts/stats to tell the starter from his backups.,"Confirm the season's starter (add games_started) or a manual override if a known starter/legend; rate the starter, leave backups lower.",low
4,00-0009427,Bernie Kosar,CLE,1988,QB,69,73,Starting-QB-critical (team): rated on a position prior only — the QB room had no recorded starts/stats to tell the starter from his backups.,"Confirm the season's starter (add games_started) or a manual override if a known starter/legend; rate the starter, leave backups lower.",low
4,don-strock,Don Strock,CLE,1988,QB,69,73,Starting-QB-critical (team): rated on a position prior only — the QB room had no recorded starts/stats to tell the starter from his backups.,"Confirm the season's starter (add games_started) or a manual override if a known starter/legend; rate the starter, leave backups lower.",low
4,gary-danielson,Gary Danielson,CLE,1988,QB,69,73,Starting-QB-critical (team): rated on a position prior only — the QB room had no recorded starts/stats to tell the starter from his backups.,"Confirm the season's starter (add games_started) or a manual override if a known starter/legend; rate the starter, leave backups lower.",low
4,mike-pagel,Mike Pagel,CLE,1988,QB,69,73,Starting-QB-critical (team): rated on a position prior only — the QB room had no recorded starts/stats to tell the starter from his backups.,"Confirm the season's starter (add games_started) or a manual override if a known starter/legend; rate the starter, leave backups lower.",low
4,steve-slayden,Steve Slayden,CLE,1988,QB,69,73,Starting-QB-critical (team): rated on a position prior only — the QB room had no recorded starts/stats to tell the starter from his backups.,"Confirm the season's starter (add games_started) or a manual override if a known starter/legend; rate the starter, leave backups lower.",low
4,danny-white,Danny White,DAL,1988,QB,69,73,Starting-QB-critical (team): rated on a position prior only — the QB room had no recorded starts/stats to tell the starter from his backups.,"Confirm the season's starter (add games_started) or a manual override if a known starter/legend; rate the starter, leave backups lower.",low
4,kevin-sweeney,Kevin Sweeney,DAL,1988,QB,69,73,Starting-QB-critical (team): rated on a position prior only — the QB room had no recorded starts/stats to tell the starter from his backups.,"Confirm the season's starter (add games_started) or a manual override if a known starter/legend; rate the starter, leave backups lower.",low
4,00-0014630,Scott Secules,DAL,1988,QB,70,73,Starting-QB-critical (team): rated on a position prior only — the QB room had no recorded starts/stats to tell the starter from his backups.,"Confirm the season's starter (add games_started) or a manual override if a known starter/legend; rate the starter, leave backups lower.",low
4,00-0012748,Steve Pelluer,DAL,1988,QB,70,73,Starting-QB-critical (team): rated on a position prior only — the QB room had no recorded starts/stats to tell the starter from his backups.,"Confirm the season's starter (add games_started) or a manual override if a known starter/legend; rate the starter, leave backups lower.",low
4,00-0009490,Gary Kubiak,DEN,1988,QB,70,73,Starting-QB-critical (team): rated on a position prior only — the QB room had no recorded starts/stats to tell the starter from his backups.,"Confirm the season's starter (add games_started) or a manual override if a known starter/legend; rate the starter, leave backups lower.",low
4,00-0004884,John Elway,DEN,1988,QB,70,73,Starting-QB-critical (team): rated on a position prior only — the QB room had no recorded starts/stats to tell the starter from his backups.,"Confirm the season's starter (add games_started) or a manual override if a known starter/legend; rate the starter, leave backups lower.",low
4,ken-karcher,Ken Karcher,DEN,1988,QB,70,73,Starting-QB-critical (team): rated on a position prior only — the QB room had no recorded starts/stats to tell the starter from his backups.,"Confirm the season's starter (add games_started) or a manual override if a known starter/legend; rate the starter, leave backups lower.",low
4,00-0010054,Chuck Long,DET,1988,QB,70,73,Starting-QB-critical (team): rated on a position prior only — the QB room had no recorded starts/stats to tell the starter from his backups.,"Confirm the season's starter (add games_started) or a manual override if a known starter/legend; rate the starter, leave backups lower.",low
4,eric-hipple,Eric Hipple,DET,1988,QB,70,73,Starting-QB-critical (team): rated on a position prior only — the QB room had no recorded starts/stats to tell the starter from his backups.,"Confirm the season's starter (add games_started) or a manual override if a known starter/legend; rate the starter, leave backups lower.",low
4,john-witkowski,John Witkowski,DET,1988,QB,70,73,Starting-QB-critical (team): rated on a position prior only — the QB room had no recorded starts/stats to tell the starter from his backups.,"Confirm the season's starter (add games_started) or a manual override if a known starter/legend; rate the starter, leave backups lower.",low
4,00-0007413,Rusty Hilger,DET,1988,QB,70,73,Starting-QB-critical (team): rated on a position prior only — the QB room had no recorded starts/stats to tell the starter from his backups.,"Confirm the season's starter (add games_started) or a manual override if a known starter/legend; rate the starter, leave backups lower.",low
4,00-0009209,Blair Kiel,GB,1988,QB,70,73,Starting-QB-critical (team): rated on a position prior only — the QB room had no recorded starts/stats to tell the starter from his backups.,"Confirm the season's starter (add games_started) or a manual override if a known starter/legend; rate the starter, leave backups lower.",low
4,00-0010284,Don Majkowski,GB,1988,QB,70,73,Starting-QB-critical (team): rated on a position prior only — the QB room had no recorded starts/stats to tell the starter from his backups.,"Confirm the season's starter (add games_started) or a manual override if a known starter/legend; rate the starter, leave backups lower.",low
4,randy-wright,Randy Wright,GB,1988,QB,70,73,Starting-QB-critical (team): rated on a position prior only — the QB room had no recorded starts/stats to tell the starter from his backups.,"Confirm the season's starter (add games_started) or a manual override if a known starter/legend; rate the starter, leave backups lower.",low
4,bill-ransdell,Bill Ransdell,IND,1988,QB,70,73,Starting-QB-critical (team): rated on a position prior only — the QB room had no recorded starts/stats to tell the starter from his backups.,"Confirm the season's starter (add games_started) or a manual override if a known starter/legend; rate the starter, leave backups lower.",low
4,00-0005676,Bob Gagliano,IND,1988,QB,70,73,Starting-QB-critical (team): rated on a position prior only — the QB room had no recorded starts/stats to tell the starter from his backups.,"Confirm the season's starter (add games_started) or a manual override if a known starter/legend; rate the starter, leave backups lower.",low
4,00-0002876,Chris Chandler,IND,1988,QB,70,73,Starting-QB-critical (team): rated on a position prior only — the QB room had no recorded starts/stats to tell the starter from his backups.,"Confirm the season's starter (add games_started) or a manual override if a known starter/legend; rate the starter, leave backups lower.",low
4,gary-hogeboom,Gary Hogeboom,IND,1988,QB,70,73,Starting-QB-critical (team): rated on a position prior only — the QB room had no recorded starts/stats to tell the starter from his backups.,"Confirm the season's starter (add games_started) or a manual override if a known starter/legend; rate the starter, leave backups lower.",low
4,00-0016628,Jack Trudeau,IND,1988,QB,70,73,Starting-QB-critical (team): rated on a position prior only — the QB room had no recorded starts/stats to tell the starter from his backups.,"Confirm the season's starter (add games_started) or a manual override if a known starter/legend; rate the starter, leave backups lower.",low
4,ricky-turner,Ricky Turner,IND,1988,QB,70,73,Starting-QB-critical (team): rated on a position prior only — the QB room had no recorded starts/stats to tell the starter from his backups.,"Confirm the season's starter (add games_started) or a manual override if a known starter/legend; rate the starter, leave backups lower.",low
4,bill-kenney,Bill Kenney,KC,1988,QB,70,73,Starting-QB-critical (team): rated on a position prior only — the QB room had no recorded starts/stats to tell the starter from his backups.,"Confirm the season's starter (add games_started) or a manual override if a known starter/legend; rate the starter, leave backups lower.",low
4,danny-mcmanus,Danny McManus,KC,1988,QB,70,73,Starting-QB-critical (team): rated on a position prior only — the QB room had no recorded starts/stats to tell the starter from his backups.,"Confirm the season's starter (add games_started) or a manual override if a known starter/legend; rate the starter, leave backups lower.",low
4,00-0004116,Steve DeBerg,KC,1988,QB,70,73,Starting-QB-critical (team): rated on a position prior only — the QB room had no recorded starts/stats to tell the starter from his backups.,"Confirm the season's starter (add games_started) or a manual override if a known starter/legend; rate the starter, leave backups lower.",low
4,babe-laufenberg,Babe Laufenberg,LAC,1988,QB,70,73,Starting-QB-critical (team): rated on a position prior only — the QB room had no recorded starts/stats to tell the starter from his backups.,"Confirm the season's starter (add games_started) or a manual override if a known starter/legend; rate the starter, leave backups lower.",low
4,mark-malone,Mark Malone,LAC,1988,QB,70,73,Starting-QB-critical (team): rated on a position prior only — the QB room had no recorded starts/stats to tell the starter from his backups.,"Confirm the season's starter (add games_started) or a manual override if a known starter/legend; rate the starter, leave backups lower.",low
4,00-0016942,Mark Vlasic,LAC,1988,QB,71,73,Starting-QB-critical (team): rated on a position prior only — the QB room had no recorded starts/stats to tell the starter from his backups.,"Confirm the season's starter (add games_started) or a manual override if a known starter/legend; rate the starter, leave backups lower.",low
4,00-0014490,Jay Schroeder,LV,1988,QB,71,73,Starting-QB-critical (team): rated on a position prior only — the QB room had no recorded starts/stats to tell the starter from his backups.,"Confirm the season's starter (add games_started) or a manual override if a known starter/legend; rate the starter, leave backups lower.",low
4,00-0001218,Steve Beuerlein,LV,1988,QB,71,73,Starting-QB-critical (team): rated on a position prior only — the QB room had no recorded starts/stats to tell the starter from his backups.,"Confirm the season's starter (add games_started) or a manual override if a known starter/legend; rate the starter, leave backups lower.",low
4,00-0005010,Vince Evans,LV,1988,QB,71,73,Starting-QB-critical (team): rated on a position prior only — the QB room had no recorded starts/stats to tell the starter from his backups.,"Confirm the season's starter (add games_started) or a manual override if a known starter/legend; rate the starter, leave backups lower.",low
4,00-0010379,Dan Marino,MIA,1988,QB,71,73,Starting-QB-critical (team): rated on a position prior only — the QB room had no recorded starts/stats to tell the starter from his backups.,"Confirm the season's starter (add games_started) or a manual override if a known starter/legend; rate the starter, leave backups lower.",low
4,ron-jaworski,Ron Jaworski,MIA,1988,QB,71,73,Starting-QB-critical (team): rated on a position prior only — the QB room had no recorded starts/stats to tell the starter from his backups.,"Confirm the season's starter (add games_started) or a manual override if a known starter/legend; rate the starter, leave backups lower.",low
4,00-0005741,Rich Gannon,MIN,1988,QB,71,73,Starting-QB-critical (team): rated on a position prior only — the QB room had no recorded starts/stats to tell the starter from his backups.,"Confirm the season's starter (add games_started) or a manual override if a known starter/legend; rate the starter, leave backups lower.",low
4,tommy-kramer,Tommy Kramer,MIN,1988,QB,71,73,Starting-QB-critical (team): rated on a position prior only — the QB room had no recorded starts/stats to tell the starter from his backups.,"Confirm the season's starter (add games_started) or a manual override if a known starter/legend; rate the starter, leave backups lower.",low
4,00-0018073,Wade Wilson,MIN,1988,QB,71,73,Starting-QB-critical (team): rated on a position prior only — the QB room had no recorded starts/stats to tell the starter from his backups.,"Confirm the season's starter (add games_started) or a manual override if a known starter/legend; rate the starter, leave backups lower.",low
4,00-0005363,Doug Flutie,NE,1988,QB,71,73,Starting-QB-critical (team): rated on a position prior only — the QB room had no recorded starts/stats to tell the starter from his backups.,"Confirm the season's starter (add games_started) or a manual override if a known starter/legend; rate the starter, leave backups lower.",low
4,steve-grogan,Steve Grogan,NE,1988,QB,71,73,Starting-QB-critical (team): rated on a position prior only — the QB room had no recorded starts/stats to tell the starter from his backups.,"Confirm the season's starter (add games_started) or a manual override if a known starter/legend; rate the starter, leave backups lower.",low
4,tom-ramsey,Tom Ramsey,NE,1988,QB,71,73,Starting-QB-critical (team): rated on a position prior only — the QB room had no recorded starts/stats to tell the starter from his backups.,"Confirm the season's starter (add games_started) or a manual override if a known starter/legend; rate the starter, leave backups lower.",low
4,tony-eason,Tony Eason,NE,1988,QB,71,73,Starting-QB-critical (team): rated on a position prior only — the QB room had no recorded starts/stats to tell the starter from his backups.,"Confirm the season's starter (add games_started) or a manual override if a known starter/legend; rate the starter, leave backups lower.",low
4,00-0007190,Bobby Hebert,NO,1988,QB,71,73,Starting-QB-critical (team): rated on a position prior only — the QB room had no recorded starts/stats to tell the starter from his backups.,"Confirm the season's starter (add games_started) or a manual override if a known starter/legend; rate the starter, leave backups lower.",low
4,dave-wilson,Dave Wilson,NO,1988,QB,71,73,Starting-QB-critical (team): rated on a position prior only — the QB room had no recorded starts/stats to tell the starter from his backups.,"Confirm the season's starter (add games_started) or a manual override if a known starter/legend; rate the starter, leave backups lower.",low
4,john-fourcade,John Fourcade,NO,1988,QB,71,73,Starting-QB-critical (team): rated on a position prior only — the QB room had no recorded starts/stats to tell the starter from his backups.,"Confirm the season's starter (add games_started) or a manual override if a known starter/legend; rate the starter, leave backups lower.",low
4,00-0007765,Jeff Hostetler,NYG,1988,QB,71,73,Starting-QB-critical (team): rated on a position prior only — the QB room had no recorded starts/stats to tell the starter from his backups.,"Confirm the season's starter (add games_started) or a manual override if a known starter/legend; rate the starter, leave backups lower.",low
4,00-0014208,Jeff Rutledge,NYG,1988,QB,71,73,Starting-QB-critical (team): rated on a position prior only — the QB room had no recorded starts/stats to tell the starter from his backups.,"Confirm the season's starter (add games_started) or a manual override if a known starter/legend; rate the starter, leave backups lower.",low
4,00-0014922,Phil Simms,NYG,1988,QB,71,73,Starting-QB-critical (team): rated on a position prior only — the QB room had no recorded starts/stats to tell the starter from his backups.,"Confirm the season's starter (add games_started) or a manual override if a known starter/legend; rate the starter, leave backups lower.",low
4,00-0012246,Ken O'Brien,NYJ,1988,QB,71,73,Starting-QB-critical (team): rated on a position prior only — the QB room had no recorded starts/stats to tell the starter from his backups.,"Confirm the season's starter (add games_started) or a manual override if a known starter/legend; rate the starter, leave backups lower.",low
4,00-0014225,Pat Ryan,NYJ,1988,QB,71,73,Starting-QB-critical (team): rated on a position prior only — the QB room had no recorded starts/stats to tell the starter from his backups.,"Confirm the season's starter (add games_started) or a manual override if a known starter/legend; rate the starter, leave backups lower.",low
4,don-mcpherson,Don McPherson,PHI,1988,QB,71,73,Starting-QB-critical (team): rated on a position prior only — the QB room had no recorded starts/stats to tell the starter from his backups.,"Confirm the season's starter (add games_started) or a manual override if a known starter/legend; rate the starter, leave backups lower.",low
4,00-0002828,Matt Cavanaugh,PHI,1988,QB,71,73,Starting-QB-critical (team): rated on a position prior only — the QB room had no recorded starts/stats to tell the starter from his backups.,"Confirm the season's starter (add games_started) or a manual override if a known starter/legend; rate the starter, leave backups lower.",low
4,00-0003761,Randall Cunningham,PHI,1988,QB,71,73,Starting-QB-critical (team): rated on a position prior only — the QB room had no recorded starts/stats to tell the starter from his backups.,"Confirm the season's starter (add games_started) or a manual override if a known starter/legend; rate the starter, leave backups lower.",low
4,00-0001785,Bubby Brister,PIT,1988,QB,72,73,Starting-QB-critical (team): rated on a position prior only — the QB room had no recorded starts/stats to tell the starter from his backups.,"Confirm the season's starter (add games_started) or a manual override if a known starter/legend; rate the starter, leave backups lower.",low
4,00-0001471,Steve Bono,PIT,1988,QB,72,73,Starting-QB-critical (team): rated on a position prior only — the QB room had no recorded starts/stats to tell the starter from his backups.,"Confirm the season's starter (add games_started) or a manual override if a known starter/legend; rate the starter, leave backups lower.",low
4,todd-blackledge,Todd Blackledge,PIT,1988,QB,72,73,Starting-QB-critical (team): rated on a position prior only — the QB room had no recorded starts/stats to tell the starter from his backups.,"Confirm the season's starter (add games_started) or a manual override if a known starter/legend; rate the starter, leave backups lower.",low
4,00-0009475,Dave Krieg,SEA,1988,QB,72,73,Starting-QB-critical (team): rated on a position prior only — the QB room had no recorded starts/stats to tell the starter from his backups.,"Confirm the season's starter (add games_started) or a manual override if a known starter/legend; rate the starter, leave backups lower.",low
4,00-0009131,Jeff Kemp,SEA,1988,QB,72,73,Starting-QB-critical (team): rated on a position prior only — the QB room had no recorded starts/stats to tell the starter from his backups.,"Confirm the season's starter (add games_started) or a manual override if a known starter/legend; rate the starter, leave backups lower.",low
4,00-0015778,Kelly Stouffer,SEA,1988,QB,72,73,Starting-QB-critical (team): rated on a position prior only — the QB room had no recorded starts/stats to tell the starter from his backups.,"Confirm the season's starter (add games_started) or a manual override if a known starter/legend; rate the starter, leave backups lower.",low
4,00-0011493,Joe Montana,SF,1988,QB,72,73,Starting-QB-critical (team): rated on a position prior only — the QB room had no recorded starts/stats to tell the starter from his backups.,"Confirm the season's starter (add games_started) or a manual override if a known starter/legend; rate the starter, leave backups lower.",low
4,john-paye,John Paye,SF,1988,QB,72,73,Starting-QB-critical (team): rated on a position prior only — the QB room had no recorded starts/stats to tell the starter from his backups.,"Confirm the season's starter (add games_started) or a manual override if a known starter/legend; rate the starter, leave backups lower.",low
4,00-0018441,Steve Young,SF,1988,QB,72,73,Starting-QB-critical (team): rated on a position prior only — the QB room had no recorded starts/stats to tell the starter from his backups.,"Confirm the season's starter (add games_started) or a manual override if a known starter/legend; rate the starter, leave backups lower.",low
4,todd-santos,Todd Santos,SF,1988,QB,72,73,Starting-QB-critical (team): rated on a position prior only — the QB room had no recorded starts/stats to tell the starter from his backups.,"Confirm the season's starter (add games_started) or a manual override if a known starter/legend; rate the starter, leave backups lower.",low
4,00-0005015,Jim Everett,STL,1988,QB,72,73,Starting-QB-critical (team): rated on a position prior only — the QB room had no recorded starts/stats to tell the starter from his backups.,"Confirm the season's starter (add games_started) or a manual override if a known starter/legend; rate the starter, leave backups lower.",low
4,00-0007340,Mark Herrmann,STL,1988,QB,72,73,Starting-QB-critical (team): rated on a position prior only — the QB room had no recorded starts/stats to tell the starter from his backups.,"Confirm the season's starter (add games_started) or a manual override if a known starter/legend; rate the starter, leave backups lower.",low
4,joe-ferguson,Joe Ferguson,TB,1988,QB,72,73,Starting-QB-critical (team): rated on a position prior only — the QB room had no recorded starts/stats to tell the starter from his backups.,"Confirm the season's starter (add games_started) or a manual override if a known starter/legend; rate the starter, leave backups lower.",low
4,00-0016193,Vinny Testaverde,TB,1988,QB,72,73,Starting-QB-critical (team): rated on a position prior only — the QB room had no recorded starts/stats to tell the starter from his backups.,"Confirm the season's starter (add games_started) or a manual override if a known starter/legend; rate the starter, leave backups lower.",low
4,brent-pease,Brent Pease,TEN,1988,QB,72,73,Starting-QB-critical (team): rated on a position prior only — the QB room had no recorded starts/stats to tell the starter from his backups.,"Confirm the season's starter (add games_started) or a manual override if a known starter/legend; rate the starter, leave backups lower.",low
4,00-0002642,Cody Carlson,TEN,1988,QB,72,73,Starting-QB-critical (team): rated on a position prior only — the QB room had no recorded starts/stats to tell the starter from his backups.,"Confirm the season's starter (add games_started) or a manual override if a known starter/legend; rate the starter, leave backups lower.",low
4,00-0011524,Warren Moon,TEN,1988,QB,72,73,Starting-QB-critical (team): rated on a position prior only — the QB room had no recorded starts/stats to tell the starter from his backups.,"Confirm the season's starter (add games_started) or a manual override if a known starter/legend; rate the starter, leave backups lower.",low
4,00-0000406,David Archer,WAS,1988,QB,72,73,Starting-QB-critical (team): rated on a position prior only — the QB room had no recorded starts/stats to tell the starter from his backups.,"Confirm the season's starter (add games_started) or a manual override if a known starter/legend; rate the starter, leave backups lower.",low
4,doug-williams,Doug Williams,WAS,1988,QB,72,73,Starting-QB-critical (team): rated on a position prior only — the QB room had no recorded starts/stats to tell the starter from his backups.,"Confirm the season's starter (add games_started) or a manual override if a known starter/legend; rate the starter, leave backups lower.",low
4,00-0014234,Mark Rypien,WAS,1988,QB,72,73,Starting-QB-critical (team): rated on a position prior only — the QB room had no recorded starts/stats to tell the starter from his backups.,"Confirm the season's starter (add games_started) or a manual override if a known starter/legend; rate the starter, leave backups lower.",low
4,gregg-tipton,Gregg Tipton,ARI,1987,QB,70,73,Starting-QB-critical (team): rated on a position prior only — the QB room had no recorded starts/stats to tell the starter from his backups.,"Confirm the season's starter (add games_started) or a manual override if a known starter/legend; rate the starter, leave backups lower.",low
4,00-0009451,Erik Kramer,ATL,1987,QB,70,73,Starting-QB-critical (team): rated on a position prior only — the QB room had no recorded starts/stats to tell the starter from his backups.,"Confirm the season's starter (add games_started) or a manual override if a known starter/legend; rate the starter, leave backups lower.",low
4,brian-mcclure,Brian McClure,BUF,1987,QB,71,73,Starting-QB-critical (team): rated on a position prior only — the QB room had no recorded starts/stats to tell the starter from his backups.,"Confirm the season's starter (add games_started) or a manual override if a known starter/legend; rate the starter, leave backups lower.",low
4,dan-manucci,Dan Manucci,BUF,1987,QB,71,73,Starting-QB-critical (team): rated on a position prior only — the QB room had no recorded starts/stats to tell the starter from his backups.,"Confirm the season's starter (add games_started) or a manual override if a known starter/legend; rate the starter, leave backups lower.",low
4,00-0013558,Frank Reich,BUF,1987,QB,71,73,Starting-QB-critical (team): rated on a position prior only — the QB room had no recorded starts/stats to tell the starter from his backups.,"Confirm the season's starter (add games_started) or a manual override if a known starter/legend; rate the starter, leave backups lower.",low
4,00-0009111,Jim Kelly,BUF,1987,QB,71,73,Starting-QB-critical (team): rated on a position prior only — the QB room had no recorded starts/stats to tell the starter from his backups.,"Confirm the season's starter (add games_started) or a manual override if a known starter/legend; rate the starter, leave backups lower.",low
4,mark-miller,Mark Miller,BUF,1987,QB,71,73,Starting-QB-critical (team): rated on a position prior only — the QB room had no recorded starts/stats to tell the starter from his backups.,"Confirm the season's starter (add games_started) or a manual override if a known starter/legend; rate the starter, leave backups lower.",low
4,willie-totten,Willie Totten,BUF,1987,QB,71,73,Starting-QB-critical (team): rated on a position prior only — the QB room had no recorded starts/stats to tell the starter from his backups.,"Confirm the season's starter (add games_started) or a manual override if a known starter/legend; rate the starter, leave backups lower.",low
4,00-0016538,Mike Tomczak,CHI,1987,QB,70,73,Starting-QB-critical (team): rated on a position prior only — the QB room had no recorded starts/stats to tell the starter from his backups.,"Confirm the season's starter (add games_started) or a manual override if a known starter/legend; rate the starter, leave backups lower.",low
4,00-0012188,Mike Norseth,CIN,1987,QB,70,73,Starting-QB-critical (team): rated on a position prior only — the QB room had no recorded starts/stats to tell the starter from his backups.,"Confirm the season's starter (add games_started) or a manual override if a known starter/legend; rate the starter, leave backups lower.",low
4,00-0009427,Bernie Kosar,CLE,1987,QB,71,73,Starting-QB-critical (team): rated on a position prior only — the QB room had no recorded starts/stats to tell the starter from his backups.,"Confirm the season's starter (add games_started) or a manual override if a known starter/legend; rate the starter, leave backups lower.",low
4,gary-danielson,Gary Danielson,CLE,1987,QB,71,73,Starting-QB-critical (team): rated on a position prior only — the QB room had no recorded starts/stats to tell the starter from his backups.,"Confirm the season's starter (add games_started) or a manual override if a known starter/legend; rate the starter, leave backups lower.",low
4,homer-jordan,Homer Jordan,CLE,1987,QB,71,73,Starting-QB-critical (team): rated on a position prior only — the QB room had no recorded starts/stats to tell the starter from his backups.,"Confirm the season's starter (add games_started) or a manual override if a known starter/legend; rate the starter, leave backups lower.",low
4,jeff-christensen,Jeff Christensen,CLE,1987,QB,71,73,Starting-QB-critical (team): rated on a position prior only — the QB room had no recorded starts/stats to tell the starter from his backups.,"Confirm the season's starter (add games_started) or a manual override if a known starter/legend; rate the starter, leave backups lower.",low
4,mike-pagel,Mike Pagel,CLE,1987,QB,71,73,Starting-QB-critical (team): rated on a position prior only — the QB room had no recorded starts/stats to tell the starter from his backups.,"Confirm the season's starter (add games_started) or a manual override if a known starter/legend; rate the starter, leave backups lower.",low
4,danny-white,Danny White,DAL,1987,QB,70,73,Starting-QB-critical (team): rated on a position prior only — the QB room had no recorded starts/stats to tell the starter from his backups.,"Confirm the season's starter (add games_started) or a manual override if a known starter/legend; rate the starter, leave backups lower.",low
4,00-0009490,Gary Kubiak,DEN,1987,QB,70,73,Starting-QB-critical (team): rated on a position prior only — the QB room had no recorded starts/stats to tell the starter from his backups.,"Confirm the season's starter (add games_started) or a manual override if a known starter/legend; rate the starter, leave backups lower.",low
4,brendan-folmar,Brendan Folmar,DET,1987,QB,71,73,Starting-QB-critical (team): rated on a position prior only — the QB room had no recorded starts/stats to tell the starter from his backups.,"Confirm the season's starter (add games_started) or a manual override if a known starter/legend; rate the starter, leave backups lower.",low
4,00-0010054,Chuck Long,DET,1987,QB,71,73,Starting-QB-critical (team): rated on a position prior only — the QB room had no recorded starts/stats to tell the starter from his backups.,"Confirm the season's starter (add games_started) or a manual override if a known starter/legend; rate the starter, leave backups lower.",low
4,joe-ferguson,Joe Ferguson,DET,1987,QB,71,73,Starting-QB-critical (team): rated on a position prior only — the QB room had no recorded starts/stats to tell the starter from his backups.,"Confirm the season's starter (add games_started) or a manual override if a known starter/legend; rate the starter, leave backups lower.",low
4,todd-hons,Todd Hons,DET,1987,QB,71,73,Starting-QB-critical (team): rated on a position prior only — the QB room had no recorded starts/stats to tell the starter from his backups.,"Confirm the season's starter (add games_started) or a manual override if a known starter/legend; rate the starter, leave backups lower.",low
4,alan-risher,Alan Risher,GB,1987,QB,71,73,Starting-QB-critical (team): rated on a position prior only — the QB room had no recorded starts/stats to tell the starter from his backups.,"Confirm the season's starter (add games_started) or a manual override if a known starter/legend; rate the starter, leave backups lower.",low
4,00-0010284,Don Majkowski,GB,1987,QB,71,73,Starting-QB-critical (team): rated on a position prior only — the QB room had no recorded starts/stats to tell the starter from his backups.,"Confirm the season's starter (add games_started) or a manual override if a known starter/legend; rate the starter, leave backups lower.",low
4,john-mccarthy,John McCarthy,GB,1987,QB,71,73,Starting-QB-critical (team): rated on a position prior only — the QB room had no recorded starts/stats to tell the starter from his backups.,"Confirm the season's starter (add games_started) or a manual override if a known starter/legend; rate the starter, leave backups lower.",low
4,randy-wright,Randy Wright,GB,1987,QB,71,73,Starting-QB-critical (team): rated on a position prior only — the QB room had no recorded starts/stats to tell the starter from his backups.,"Confirm the season's starter (add games_started) or a manual override if a known starter/legend; rate the starter, leave backups lower.",low
4,willie-gillus,Willie Gillus,GB,1987,QB,71,73,Starting-QB-critical (team): rated on a position prior only — the QB room had no recorded starts/stats to tell the starter from his backups.,"Confirm the season's starter (add games_started) or a manual override if a known starter/legend; rate the starter, leave backups lower.",low
4,00-0014270,Sean Salisbury,IND,1987,QB,70,73,Starting-QB-critical (team): rated on a position prior only — the QB room had no recorded starts/stats to tell the starter from his backups.,"Confirm the season's starter (add games_started) or a manual override if a known starter/legend; rate the starter, leave backups lower.",low
4,alex-espinoza,Alex Espinoza,KC,1987,QB,71,73,Starting-QB-critical (team): rated on a position prior only — the QB room had no recorded starts/stats to tell the starter from his backups.,"Confirm the season's starter (add games_started) or a manual override if a known starter/legend; rate the starter, leave backups lower.",low
4,bill-kenney,Bill Kenney,KC,1987,QB,71,73,Starting-QB-critical (team): rated on a position prior only — the QB room had no recorded starts/stats to tell the starter from his backups.,"Confirm the season's starter (add games_started) or a manual override if a known starter/legend; rate the starter, leave backups lower.",low
4,doug-hudson,Doug Hudson,KC,1987,QB,71,73,Starting-QB-critical (team): rated on a position prior only — the QB room had no recorded starts/stats to tell the starter from his backups.,"Confirm the season's starter (add games_started) or a manual override if a known starter/legend; rate the starter, leave backups lower.",low
4,frank-seurer,Frank Seurer,KC,1987,QB,71,73,Starting-QB-critical (team): rated on a position prior only — the QB room had no recorded starts/stats to tell the starter from his backups.,"Confirm the season's starter (add games_started) or a manual override if a known starter/legend; rate the starter, leave backups lower.",low
4,matt-stevens,Matt Stevens,KC,1987,QB,71,73,Starting-QB-critical (team): rated on a position prior only — the QB room had no recorded starts/stats to tell the starter from his backups.,"Confirm the season's starter (add games_started) or a manual override if a known starter/legend; rate the starter, leave backups lower.",low
4,todd-blackledge,Todd Blackledge,KC,1987,QB,71,73,Starting-QB-critical (team): rated on a position prior only — the QB room had no recorded starts/stats to tell the starter from his backups.,"Confirm the season's starter (add games_started) or a manual override if a known starter/legend; rate the starter, leave backups lower.",low
4,00-0016942,Mark Vlasic,LAC,1987,QB,70,73,Starting-QB-critical (team): rated on a position prior only — the QB room had no recorded starts/stats to tell the starter from his backups.,"Confirm the season's starter (add games_started) or a manual override if a known starter/legend; rate the starter, leave backups lower.",low
4,00-0007413,Rusty Hilger,LV,1987,QB,70,73,Starting-QB-critical (team): rated on a position prior only — the QB room had no recorded starts/stats to tell the starter from his backups.,"Confirm the season's starter (add games_started) or a manual override if a known starter/legend; rate the starter, leave backups lower.",low
4,don-strock,Don Strock,MIA,1987,QB,70,73,Starting-QB-critical (team): rated on a position prior only — the QB room had no recorded starts/stats to tell the starter from his backups.,"Confirm the season's starter (add games_started) or a manual override if a known starter/legend; rate the starter, leave backups lower.",low
4,00-0005741,Rich Gannon,MIN,1987,QB,70,73,Starting-QB-critical (team): rated on a position prior only — the QB room had no recorded starts/stats to tell the starter from his backups.,"Confirm the season's starter (add games_started) or a manual override if a known starter/legend; rate the starter, leave backups lower.",low
4,bob-bleier,Bob Bleier,NE,1987,QB,71,73,Starting-QB-critical (team): rated on a position prior only — the QB room had no recorded starts/stats to tell the starter from his backups.,"Confirm the season's starter (add games_started) or a manual override if a known starter/legend; rate the starter, leave backups lower.",low
4,00-0005363,Doug Flutie,NE,1987,QB,71,73,Starting-QB-critical (team): rated on a position prior only — the QB room had no recorded starts/stats to tell the starter from his backups.,"Confirm the season's starter (add games_started) or a manual override if a known starter/legend; rate the starter, leave backups lower.",low
4,steve-grogan,Steve Grogan,NE,1987,QB,71,73,Starting-QB-critical (team): rated on a position prior only — the QB room had no recorded starts/stats to tell the starter from his backups.,"Confirm the season's starter (add games_started) or a manual override if a known starter/legend; rate the starter, leave backups lower.",low
4,todd-whitten,Todd Whitten,NE,1987,QB,71,73,Starting-QB-critical (team): rated on a position prior only — the QB room had no recorded starts/stats to tell the starter from his backups.,"Confirm the season's starter (add games_started) or a manual override if a known starter/legend; rate the starter, leave backups lower.",low
4,tom-ramsey,Tom Ramsey,NE,1987,QB,71,73,Starting-QB-critical (team): rated on a position prior only — the QB room had no recorded starts/stats to tell the starter from his backups.,"Confirm the season's starter (add games_started) or a manual override if a known starter/legend; rate the starter, leave backups lower.",low
4,tony-eason,Tony Eason,NE,1987,QB,71,73,Starting-QB-critical (team): rated on a position prior only — the QB room had no recorded starts/stats to tell the starter from his backups.,"Confirm the season's starter (add games_started) or a manual override if a known starter/legend; rate the starter, leave backups lower.",low
4,00-0007190,Bobby Hebert,NO,1987,QB,72,73,Starting-QB-critical (team): rated on a position prior only — the QB room had no recorded starts/stats to tell the starter from his backups.,"Confirm the season's starter (add games_started) or a manual override if a known starter/legend; rate the starter, leave backups lower.",low
4,dave-wilson,Dave Wilson,NO,1987,QB,72,73,Starting-QB-critical (team): rated on a position prior only — the QB room had no recorded starts/stats to tell the starter from his backups.,"Confirm the season's starter (add games_started) or a manual override if a known starter/legend; rate the starter, leave backups lower.",low
4,john-fourcade,John Fourcade,NO,1987,QB,72,73,Starting-QB-critical (team): rated on a position prior only — the QB room had no recorded starts/stats to tell the starter from his backups.,"Confirm the season's starter (add games_started) or a manual override if a known starter/legend; rate the starter, leave backups lower.",low
4,kevin-ingram,Kevin Ingram,NO,1987,QB,72,73,Starting-QB-critical (team): rated on a position prior only — the QB room had no recorded starts/stats to tell the starter from his backups.,"Confirm the season's starter (add games_started) or a manual override if a known starter/legend; rate the starter, leave backups lower.",low
4,tim-riordan,Tim Riordan,NO,1987,QB,72,73,Starting-QB-critical (team): rated on a position prior only — the QB room had no recorded starts/stats to tell the starter from his backups.,"Confirm the season's starter (add games_started) or a manual override if a known starter/legend; rate the starter, leave backups lower.",low
4,00-0014922,Phil Simms,NYG,1987,QB,70,73,Starting-QB-critical (team): rated on a position prior only — the QB room had no recorded starts/stats to tell the starter from his backups.,"Confirm the season's starter (add games_started) or a manual override if a known starter/legend; rate the starter, leave backups lower.",low
4,00-0012246,Ken O'Brien,NYJ,1987,QB,70,73,Starting-QB-critical (team): rated on a position prior only — the QB room had no recorded starts/stats to tell the starter from his backups.,"Confirm the season's starter (add games_started) or a manual override if a known starter/legend; rate the starter, leave backups lower.",low
4,00-0003761,Randall Cunningham,PHI,1987,QB,70,73,Starting-QB-critical (team): rated on a position prior only — the QB room had no recorded starts/stats to tell the starter from his backups.,"Confirm the season's starter (add games_started) or a manual override if a known starter/legend; rate the starter, leave backups lower.",low
4,00-0001785,Bubby Brister,PIT,1987,QB,72,73,Starting-QB-critical (team): rated on a position prior only — the QB room had no recorded starts/stats to tell the starter from his backups.,"Confirm the season's starter (add games_started) or a manual override if a known starter/legend; rate the starter, leave backups lower.",low
4,mark-malone,Mark Malone,PIT,1987,QB,72,73,Starting-QB-critical (team): rated on a position prior only — the QB room had no recorded starts/stats to tell the starter from his backups.,"Confirm the season's starter (add games_started) or a manual override if a known starter/legend; rate the starter, leave backups lower.",low
4,reggie-collier,Reggie Collier,PIT,1987,QB,72,73,Starting-QB-critical (team): rated on a position prior only — the QB room had no recorded starts/stats to tell the starter from his backups.,"Confirm the season's starter (add games_started) or a manual override if a known starter/legend; rate the starter, leave backups lower.",low
4,00-0001471,Steve Bono,PIT,1987,QB,72,73,Starting-QB-critical (team): rated on a position prior only — the QB room had no recorded starts/stats to tell the starter from his backups.,"Confirm the season's starter (add games_started) or a manual override if a known starter/legend; rate the starter, leave backups lower.",low
4,00-0009131,Jeff Kemp,SEA,1987,QB,70,73,Starting-QB-critical (team): rated on a position prior only — the QB room had no recorded starts/stats to tell the starter from his backups.,"Confirm the season's starter (add games_started) or a manual override if a known starter/legend; rate the starter, leave backups lower.",low
4,00-0005676,Bob Gagliano,SF,1987,QB,70,73,Starting-QB-critical (team): rated on a position prior only — the QB room had no recorded starts/stats to tell the starter from his backups.,"Confirm the season's starter (add games_started) or a manual override if a known starter/legend; rate the starter, leave backups lower.",low
4,bernard-quarles,Bernard Quarles,STL,1987,QB,72,73,Starting-QB-critical (team): rated on a position prior only — the QB room had no recorded starts/stats to tell the starter from his backups.,"Confirm the season's starter (add games_started) or a manual override if a known starter/legend; rate the starter, leave backups lower.",low
4,00-0011230,Hugh Millen,STL,1987,QB,72,73,Starting-QB-critical (team): rated on a position prior only — the QB room had no recorded starts/stats to tell the starter from his backups.,"Confirm the season's starter (add games_started) or a manual override if a known starter/legend; rate the starter, leave backups lower.",low
4,00-0005015,Jim Everett,STL,1987,QB,72,73,Starting-QB-critical (team): rated on a position prior only — the QB room had no recorded starts/stats to tell the starter from his backups.,"Confirm the season's starter (add games_started) or a manual override if a known starter/legend; rate the starter, leave backups lower.",low
4,steve-dils,Steve Dils,STL,1987,QB,72,73,Starting-QB-critical (team): rated on a position prior only — the QB room had no recorded starts/stats to tell the starter from his backups.,"Confirm the season's starter (add games_started) or a manual override if a known starter/legend; rate the starter, leave backups lower.",low
4,00-0016193,Vinny Testaverde,TB,1987,QB,70,73,Starting-QB-critical (team): rated on a position prior only — the QB room had no recorded starts/stats to tell the starter from his backups.,"Confirm the season's starter (add games_started) or a manual override if a known starter/legend; rate the starter, leave backups lower.",low
4,00-0002642,Cody Carlson,TEN,1987,QB,70,73,Starting-QB-critical (team): rated on a position prior only — the QB room had no recorded starts/stats to tell the starter from his backups.,"Confirm the season's starter (add games_started) or a manual override if a known starter/legend; rate the starter, leave backups lower.",low
4,00-0014234,Mark Rypien,WAS,1987,QB,70,73,Starting-QB-critical (team): rated on a position prior only — the QB room had no recorded starts/stats to tell the starter from his backups.,"Confirm the season's starter (add games_started) or a manual override if a known starter/legend; rate the starter, leave backups lower.",low
4,00-0015777,Cliff Stoudt,ARI,1986,QB,69,73,Starting-QB-critical (team): rated on a position prior only — the QB room had no recorded starts/stats to tell the starter from his backups.,"Confirm the season's starter (add games_started) or a manual override if a known starter/legend; rate the starter, leave backups lower.",low
4,kent-austin,Kent Austin,ARI,1986,QB,69,73,Starting-QB-critical (team): rated on a position prior only — the QB room had no recorded starts/stats to tell the starter from his backups.,"Confirm the season's starter (add games_started) or a manual override if a known starter/legend; rate the starter, leave backups lower.",low
4,neil-lomax,Neil Lomax,ARI,1986,QB,69,73,Starting-QB-critical (team): rated on a position prior only — the QB room had no recorded starts/stats to tell the starter from his backups.,"Confirm the season's starter (add games_started) or a manual override if a known starter/legend; rate the starter, leave backups lower.",low
4,00-0000406,David Archer,ATL,1986,QB,69,73,Starting-QB-critical (team): rated on a position prior only — the QB room had no recorded starts/stats to tell the starter from his backups.,"Confirm the season's starter (add games_started) or a manual override if a known starter/legend; rate the starter, leave backups lower.",low
4,scott-campbell,Scott Campbell,ATL,1986,QB,69,73,Starting-QB-critical (team): rated on a position prior only — the QB room had no recorded starts/stats to tell the starter from his backups.,"Confirm the season's starter (add games_started) or a manual override if a known starter/legend; rate the starter, leave backups lower.",low
4,turk-schonert,Turk Schonert,ATL,1986,QB,69,73,Starting-QB-critical (team): rated on a position prior only — the QB room had no recorded starts/stats to tell the starter from his backups.,"Confirm the season's starter (add games_started) or a manual override if a known starter/legend; rate the starter, leave backups lower.",low
4,00-0013558,Frank Reich,BUF,1986,QB,69,73,Starting-QB-critical (team): rated on a position prior only — the QB room had no recorded starts/stats to tell the starter from his backups.,"Confirm the season's starter (add games_started) or a manual override if a known starter/legend; rate the starter, leave backups lower.",low
4,00-0009111,Jim Kelly,BUF,1986,QB,69,73,Starting-QB-critical (team): rated on a position prior only — the QB room had no recorded starts/stats to tell the starter from his backups.,"Confirm the season's starter (add games_started) or a manual override if a known starter/legend; rate the starter, leave backups lower.",low
4,00-0005869,Stan Gelbaugh,BUF,1986,QB,69,73,Starting-QB-critical (team): rated on a position prior only — the QB room had no recorded starts/stats to tell the starter from his backups.,"Confirm the season's starter (add games_started) or a manual override if a known starter/legend; rate the starter, leave backups lower.",low
4,00-0005363,Doug Flutie,CHI,1986,QB,69,73,Starting-QB-critical (team): rated on a position prior only — the QB room had no recorded starts/stats to tell the starter from his backups.,"Confirm the season's starter (add games_started) or a manual override if a known starter/legend; rate the starter, leave backups lower.",low
4,00-0010997,Jim McMahon,CHI,1986,QB,69,73,Starting-QB-critical (team): rated on a position prior only — the QB room had no recorded starts/stats to tell the starter from his backups.,"Confirm the season's starter (add games_started) or a manual override if a known starter/legend; rate the starter, leave backups lower.",low
4,00-0016538,Mike Tomczak,CHI,1986,QB,69,73,Starting-QB-critical (team): rated on a position prior only — the QB room had no recorded starts/stats to tell the starter from his backups.,"Confirm the season's starter (add games_started) or a manual override if a known starter/legend; rate the starter, leave backups lower.",low
4,steve-fuller,Steve Fuller,CHI,1986,QB,69,73,Starting-QB-critical (team): rated on a position prior only — the QB room had no recorded starts/stats to tell the starter from his backups.,"Confirm the season's starter (add games_started) or a manual override if a known starter/legend; rate the starter, leave backups lower.",low
4,00-0004937,Boomer Esiason,CIN,1986,QB,69,73,Starting-QB-critical (team): rated on a position prior only — the QB room had no recorded starts/stats to tell the starter from his backups.,"Confirm the season's starter (add games_started) or a manual override if a known starter/legend; rate the starter, leave backups lower.",low
4,doug-gaynor,Doug Gaynor,CIN,1986,QB,69,73,Starting-QB-critical (team): rated on a position prior only — the QB room had no recorded starts/stats to tell the starter from his backups.,"Confirm the season's starter (add games_started) or a manual override if a known starter/legend; rate the starter, leave backups lower.",low
4,ken-anderson,Ken Anderson,CIN,1986,QB,69,73,Starting-QB-critical (team): rated on a position prior only — the QB room had no recorded starts/stats to tell the starter from his backups.,"Confirm the season's starter (add games_started) or a manual override if a known starter/legend; rate the starter, leave backups lower.",low
4,00-0009427,Bernie Kosar,CLE,1986,QB,69,73,Starting-QB-critical (team): rated on a position prior only — the QB room had no recorded starts/stats to tell the starter from his backups.,"Confirm the season's starter (add games_started) or a manual override if a known starter/legend; rate the starter, leave backups lower.",low
4,mike-pagel,Mike Pagel,CLE,1986,QB,69,73,Starting-QB-critical (team): rated on a position prior only — the QB room had no recorded starts/stats to tell the starter from his backups.,"Confirm the season's starter (add games_started) or a manual override if a known starter/legend; rate the starter, leave backups lower.",low
4,danny-white,Danny White,DAL,1986,QB,69,73,Starting-QB-critical (team): rated on a position prior only — the QB room had no recorded starts/stats to tell the starter from his backups.,"Confirm the season's starter (add games_started) or a manual override if a known starter/legend; rate the starter, leave backups lower.",low
4,paul-mcdonald,Paul McDonald,DAL,1986,QB,69,73,Starting-QB-critical (team): rated on a position prior only — the QB room had no recorded starts/stats to tell the starter from his backups.,"Confirm the season's starter (add games_started) or a manual override if a known starter/legend; rate the starter, leave backups lower.",low
4,reggie-collier,Reggie Collier,DAL,1986,QB,69,73,Starting-QB-critical (team): rated on a position prior only — the QB room had no recorded starts/stats to tell the starter from his backups.,"Confirm the season's starter (add games_started) or a manual override if a known starter/legend; rate the starter, leave backups lower.",low
4,00-0012748,Steve Pelluer,DAL,1986,QB,69,73,Starting-QB-critical (team): rated on a position prior only — the QB room had no recorded starts/stats to tell the starter from his backups.,"Confirm the season's starter (add games_started) or a manual override if a known starter/legend; rate the starter, leave backups lower.",low
4,00-0009490,Gary Kubiak,DEN,1986,QB,70,73,Starting-QB-critical (team): rated on a position prior only — the QB room had no recorded starts/stats to tell the starter from his backups.,"Confirm the season's starter (add games_started) or a manual override if a known starter/legend; rate the starter, leave backups lower.",low
4,00-0004884,John Elway,DEN,1986,QB,70,73,Starting-QB-critical (team): rated on a position prior only — the QB room had no recorded starts/stats to tell the starter from his backups.,"Confirm the season's starter (add games_started) or a manual override if a known starter/legend; rate the starter, leave backups lower.",low
4,scott-stankavage,Scott Stankavage,DEN,1986,QB,70,73,Starting-QB-critical (team): rated on a position prior only — the QB room had no recorded starts/stats to tell the starter from his backups.,"Confirm the season's starter (add games_started) or a manual override if a known starter/legend; rate the starter, leave backups lower.",low
4,00-0010054,Chuck Long,DET,1986,QB,70,73,Starting-QB-critical (team): rated on a position prior only — the QB room had no recorded starts/stats to tell the starter from his backups.,"Confirm the season's starter (add games_started) or a manual override if a known starter/legend; rate the starter, leave backups lower.",low
4,eric-hipple,Eric Hipple,DET,1986,QB,70,73,Starting-QB-critical (team): rated on a position prior only — the QB room had no recorded starts/stats to tell the starter from his backups.,"Confirm the season's starter (add games_started) or a manual override if a known starter/legend; rate the starter, leave backups lower.",low
4,joe-ferguson,Joe Ferguson,DET,1986,QB,70,73,Starting-QB-critical (team): rated on a position prior only — the QB room had no recorded starts/stats to tell the starter from his backups.,"Confirm the season's starter (add games_started) or a manual override if a known starter/legend; rate the starter, leave backups lower.",low
4,chuck-fusina,Chuck Fusina,GB,1986,QB,70,73,Starting-QB-critical (team): rated on a position prior only — the QB room had no recorded starts/stats to tell the starter from his backups.,"Confirm the season's starter (add games_started) or a manual override if a known starter/legend; rate the starter, leave backups lower.",low
4,joe-shield,Joe Shield,GB,1986,QB,70,73,Starting-QB-critical (team): rated on a position prior only — the QB room had no recorded starts/stats to tell the starter from his backups.,"Confirm the season's starter (add games_started) or a manual override if a known starter/legend; rate the starter, leave backups lower.",low
4,randy-wright,Randy Wright,GB,1986,QB,70,73,Starting-QB-critical (team): rated on a position prior only — the QB room had no recorded starts/stats to tell the starter from his backups.,"Confirm the season's starter (add games_started) or a manual override if a known starter/legend; rate the starter, leave backups lower.",low
4,vince-ferragamo,Vince Ferragamo,GB,1986,QB,70,73,Starting-QB-critical (team): rated on a position prior only — the QB room had no recorded starts/stats to tell the starter from his backups.,"Confirm the season's starter (add games_started) or a manual override if a known starter/legend; rate the starter, leave backups lower.",low
4,00-0009209,Blair Kiel,IND,1986,QB,70,73,Starting-QB-critical (team): rated on a position prior only — the QB room had no recorded starts/stats to tell the starter from his backups.,"Confirm the season's starter (add games_started) or a manual override if a known starter/legend; rate the starter, leave backups lower.",low
4,ed-luther,Ed Luther,IND,1986,QB,70,73,Starting-QB-critical (team): rated on a position prior only — the QB room had no recorded starts/stats to tell the starter from his backups.,"Confirm the season's starter (add games_started) or a manual override if a known starter/legend; rate the starter, leave backups lower.",low
4,gary-hogeboom,Gary Hogeboom,IND,1986,QB,70,73,Starting-QB-critical (team): rated on a position prior only — the QB room had no recorded starts/stats to tell the starter from his backups.,"Confirm the season's starter (add games_started) or a manual override if a known starter/legend; rate the starter, leave backups lower.",low
4,00-0016628,Jack Trudeau,IND,1986,QB,70,73,Starting-QB-critical (team): rated on a position prior only — the QB room had no recorded starts/stats to tell the starter from his backups.,"Confirm the season's starter (add games_started) or a manual override if a known starter/legend; rate the starter, leave backups lower.",low
4,bill-kenney,Bill Kenney,KC,1986,QB,70,73,Starting-QB-critical (team): rated on a position prior only — the QB room had no recorded starts/stats to tell the starter from his backups.,"Confirm the season's starter (add games_started) or a manual override if a known starter/legend; rate the starter, leave backups lower.",low
4,frank-seurer,Frank Seurer,KC,1986,QB,70,73,Starting-QB-critical (team): rated on a position prior only — the QB room had no recorded starts/stats to tell the starter from his backups.,"Confirm the season's starter (add games_started) or a manual override if a known starter/legend; rate the starter, leave backups lower.",low
4,todd-blackledge,Todd Blackledge,KC,1986,QB,70,73,Starting-QB-critical (team): rated on a position prior only — the QB room had no recorded starts/stats to tell the starter from his backups.,"Confirm the season's starter (add games_started) or a manual override if a known starter/legend; rate the starter, leave backups lower.",low
4,bruce-mathison,Bruce Mathison,LAC,1986,QB,70,73,Starting-QB-critical (team): rated on a position prior only — the QB room had no recorded starts/stats to tell the starter from his backups.,"Confirm the season's starter (add games_started) or a manual override if a known starter/legend; rate the starter, leave backups lower.",low
4,dan-fouts,Dan Fouts,LAC,1986,QB,70,73,Starting-QB-critical (team): rated on a position prior only — the QB room had no recorded starts/stats to tell the starter from his backups.,"Confirm the season's starter (add games_started) or a manual override if a known starter/legend; rate the starter, leave backups lower.",low
4,00-0007340,Mark Herrmann,LAC,1986,QB,70,73,Starting-QB-critical (team): rated on a position prior only — the QB room had no recorded starts/stats to tell the starter from his backups.,"Confirm the season's starter (add games_started) or a manual override if a known starter/legend; rate the starter, leave backups lower.",low
4,tom-flick,Tom Flick,LAC,1986,QB,70,73,Starting-QB-critical (team): rated on a position prior only — the QB room had no recorded starts/stats to tell the starter from his backups.,"Confirm the season's starter (add games_started) or a manual override if a known starter/legend; rate the starter, leave backups lower.",low
4,jim-plunkett,Jim Plunkett,LV,1986,QB,70,73,Starting-QB-critical (team): rated on a position prior only — the QB room had no recorded starts/stats to tell the starter from his backups.,"Confirm the season's starter (add games_started) or a manual override if a known starter/legend; rate the starter, leave backups lower.",low
4,marc-wilson,Marc Wilson,LV,1986,QB,70,73,Starting-QB-critical (team): rated on a position prior only — the QB room had no recorded starts/stats to tell the starter from his backups.,"Confirm the season's starter (add games_started) or a manual override if a known starter/legend; rate the starter, leave backups lower.",low
4,00-0007413,Rusty Hilger,LV,1986,QB,71,73,Starting-QB-critical (team): rated on a position prior only — the QB room had no recorded starts/stats to tell the starter from his backups.,"Confirm the season's starter (add games_started) or a manual override if a known starter/legend; rate the starter, leave backups lower.",low
4,00-0010379,Dan Marino,MIA,1986,QB,71,73,Starting-QB-critical (team): rated on a position prior only — the QB room had no recorded starts/stats to tell the starter from his backups.,"Confirm the season's starter (add games_started) or a manual override if a known starter/legend; rate the starter, leave backups lower.",low
4,don-strock,Don Strock,MIA,1986,QB,71,73,Starting-QB-critical (team): rated on a position prior only — the QB room had no recorded starts/stats to tell the starter from his backups.,"Confirm the season's starter (add games_started) or a manual override if a known starter/legend; rate the starter, leave backups lower.",low
4,00-0001471,Steve Bono,MIN,1986,QB,71,73,Starting-QB-critical (team): rated on a position prior only — the QB room had no recorded starts/stats to tell the starter from his backups.,"Confirm the season's starter (add games_started) or a manual override if a known starter/legend; rate the starter, leave backups lower.",low
4,tommy-kramer,Tommy Kramer,MIN,1986,QB,71,73,Starting-QB-critical (team): rated on a position prior only — the QB room had no recorded starts/stats to tell the starter from his backups.,"Confirm the season's starter (add games_started) or a manual override if a known starter/legend; rate the starter, leave backups lower.",low
4,00-0018073,Wade Wilson,MIN,1986,QB,71,73,Starting-QB-critical (team): rated on a position prior only — the QB room had no recorded starts/stats to tell the starter from his backups.,"Confirm the season's starter (add games_started) or a manual override if a known starter/legend; rate the starter, leave backups lower.",low
4,steve-grogan,Steve Grogan,NE,1986,QB,71,73,Starting-QB-critical (team): rated on a position prior only — the QB room had no recorded starts/stats to tell the starter from his backups.,"Confirm the season's starter (add games_started) or a manual override if a known starter/legend; rate the starter, leave backups lower.",low
4,tom-ramsey,Tom Ramsey,NE,1986,QB,71,73,Starting-QB-critical (team): rated on a position prior only — the QB room had no recorded starts/stats to tell the starter from his backups.,"Confirm the season's starter (add games_started) or a manual override if a known starter/legend; rate the starter, leave backups lower.",low
4,tony-eason,Tony Eason,NE,1986,QB,71,73,Starting-QB-critical (team): rated on a position prior only — the QB room had no recorded starts/stats to tell the starter from his backups.,"Confirm the season's starter (add games_started) or a manual override if a known starter/legend; rate the starter, leave backups lower.",low
4,babe-laufenberg,Babe Laufenberg,NO,1986,QB,71,73,Starting-QB-critical (team): rated on a position prior only — the QB room had no recorded starts/stats to tell the starter from his backups.,"Confirm the season's starter (add games_started) or a manual override if a known starter/legend; rate the starter, leave backups lower.",low
4,00-0007190,Bobby Hebert,NO,1986,QB,71,73,Starting-QB-critical (team): rated on a position prior only — the QB room had no recorded starts/stats to tell the starter from his backups.,"Confirm the season's starter (add games_started) or a manual override if a known starter/legend; rate the starter, leave backups lower.",low
4,dave-wilson,Dave Wilson,NO,1986,QB,71,73,Starting-QB-critical (team): rated on a position prior only — the QB room had no recorded starts/stats to tell the starter from his backups.,"Confirm the season's starter (add games_started) or a manual override if a known starter/legend; rate the starter, leave backups lower.",low
4,00-0007765,Jeff Hostetler,NYG,1986,QB,71,73,Starting-QB-critical (team): rated on a position prior only — the QB room had no recorded starts/stats to tell the starter from his backups.,"Confirm the season's starter (add games_started) or a manual override if a known starter/legend; rate the starter, leave backups lower.",low
4,00-0014208,Jeff Rutledge,NYG,1986,QB,71,73,Starting-QB-critical (team): rated on a position prior only — the QB room had no recorded starts/stats to tell the starter from his backups.,"Confirm the season's starter (add games_started) or a manual override if a known starter/legend; rate the starter, leave backups lower.",low
4,00-0014922,Phil Simms,NYG,1986,QB,71,73,Starting-QB-critical (team): rated on a position prior only — the QB room had no recorded starts/stats to tell the starter from his backups.,"Confirm the season's starter (add games_started) or a manual override if a known starter/legend; rate the starter, leave backups lower.",low
4,00-0012246,Ken O'Brien,NYJ,1986,QB,71,73,Starting-QB-critical (team): rated on a position prior only — the QB room had no recorded starts/stats to tell the starter from his backups.,"Confirm the season's starter (add games_started) or a manual override if a known starter/legend; rate the starter, leave backups lower.",low
4,00-0014225,Pat Ryan,NYJ,1986,QB,71,73,Starting-QB-critical (team): rated on a position prior only — the QB room had no recorded starts/stats to tell the starter from his backups.,"Confirm the season's starter (add games_started) or a manual override if a known starter/legend; rate the starter, leave backups lower.",low
4,richard-todd,Richard Todd,NYJ,1986,QB,71,73,Starting-QB-critical (team): rated on a position prior only — the QB room had no recorded starts/stats to tell the starter from his backups.,"Confirm the season's starter (add games_started) or a manual override if a known starter/legend; rate the starter, leave backups lower.",low
4,kyle-mackey,Kyle Mackey,PHI,1986,QB,71,73,Starting-QB-critical (team): rated on a position prior only — the QB room had no recorded starts/stats to tell the starter from his backups.,"Confirm the season's starter (add games_started) or a manual override if a known starter/legend; rate the starter, leave backups lower.",low
4,00-0002828,Matt Cavanaugh,PHI,1986,QB,71,73,Starting-QB-critical (team): rated on a position prior only — the QB room had no recorded starts/stats to tell the starter from his backups.,"Confirm the season's starter (add games_started) or a manual override if a known starter/legend; rate the starter, leave backups lower.",low
4,00-0003761,Randall Cunningham,PHI,1986,QB,71,73,Starting-QB-critical (team): rated on a position prior only — the QB room had no recorded starts/stats to tell the starter from his backups.,"Confirm the season's starter (add games_started) or a manual override if a known starter/legend; rate the starter, leave backups lower.",low
4,ron-jaworski,Ron Jaworski,PHI,1986,QB,71,73,Starting-QB-critical (team): rated on a position prior only — the QB room had no recorded starts/stats to tell the starter from his backups.,"Confirm the season's starter (add games_started) or a manual override if a known starter/legend; rate the starter, leave backups lower.",low
4,00-0001785,Bubby Brister,PIT,1986,QB,72,73,Starting-QB-critical (team): rated on a position prior only — the QB room had no recorded starts/stats to tell the starter from his backups.,"Confirm the season's starter (add games_started) or a manual override if a known starter/legend; rate the starter, leave backups lower.",low
4,mark-malone,Mark Malone,PIT,1986,QB,72,73,Starting-QB-critical (team): rated on a position prior only — the QB room had no recorded starts/stats to tell the starter from his backups.,"Confirm the season's starter (add games_started) or a manual override if a known starter/legend; rate the starter, leave backups lower.",low
4,00-0009475,Dave Krieg,SEA,1986,QB,72,73,Starting-QB-critical (team): rated on a position prior only — the QB room had no recorded starts/stats to tell the starter from his backups.,"Confirm the season's starter (add games_started) or a manual override if a known starter/legend; rate the starter, leave backups lower.",low
4,00-0005953,Gale Gilbert,SEA,1986,QB,72,73,Starting-QB-critical (team): rated on a position prior only — the QB room had no recorded starts/stats to tell the starter from his backups.,"Confirm the season's starter (add games_started) or a manual override if a known starter/legend; rate the starter, leave backups lower.",low
4,00-0014270,Sean Salisbury,SEA,1986,QB,72,73,Starting-QB-critical (team): rated on a position prior only — the QB room had no recorded starts/stats to tell the starter from his backups.,"Confirm the season's starter (add games_started) or a manual override if a known starter/legend; rate the starter, leave backups lower.",low
4,00-0005676,Bob Gagliano,SF,1986,QB,72,73,Starting-QB-critical (team): rated on a position prior only — the QB room had no recorded starts/stats to tell the starter from his backups.,"Confirm the season's starter (add games_started) or a manual override if a known starter/legend; rate the starter, leave backups lower.",low
4,00-0009131,Jeff Kemp,SF,1986,QB,72,73,Starting-QB-critical (team): rated on a position prior only — the QB room had no recorded starts/stats to tell the starter from his backups.,"Confirm the season's starter (add games_started) or a manual override if a known starter/legend; rate the starter, leave backups lower.",low
4,00-0011493,Joe Montana,SF,1986,QB,72,73,Starting-QB-critical (team): rated on a position prior only — the QB room had no recorded starts/stats to tell the starter from his backups.,"Confirm the season's starter (add games_started) or a manual override if a known starter/legend; rate the starter, leave backups lower.",low
4,mike-moroski,Mike Moroski,SF,1986,QB,72,73,Starting-QB-critical (team): rated on a position prior only — the QB room had no recorded starts/stats to tell the starter from his backups.,"Confirm the season's starter (add games_started) or a manual override if a known starter/legend; rate the starter, leave backups lower.",low
4,00-0005015,Jim Everett,STL,1986,QB,72,73,Starting-QB-critical (team): rated on a position prior only — the QB room had no recorded starts/stats to tell the starter from his backups.,"Confirm the season's starter (add games_started) or a manual override if a known starter/legend; rate the starter, leave backups lower.",low
4,steve-bartkowski,Steve Bartkowski,STL,1986,QB,72,73,Starting-QB-critical (team): rated on a position prior only — the QB room had no recorded starts/stats to tell the starter from his backups.,"Confirm the season's starter (add games_started) or a manual override if a known starter/legend; rate the starter, leave backups lower.",low
4,steve-dils,Steve Dils,STL,1986,QB,72,73,Starting-QB-critical (team): rated on a position prior only — the QB room had no recorded starts/stats to tell the starter from his backups.,"Confirm the season's starter (add games_started) or a manual override if a known starter/legend; rate the starter, leave backups lower.",low
4,00-0004116,Steve DeBerg,TB,1986,QB,72,73,Starting-QB-critical (team): rated on a position prior only — the QB room had no recorded starts/stats to tell the starter from his backups.,"Confirm the season's starter (add games_started) or a manual override if a known starter/legend; rate the starter, leave backups lower.",low
4,00-0018441,Steve Young,TB,1986,QB,72,73,Starting-QB-critical (team): rated on a position prior only — the QB room had no recorded starts/stats to tell the starter from his backups.,"Confirm the season's starter (add games_started) or a manual override if a known starter/legend; rate the starter, leave backups lower.",low
4,john-witkowski,John Witkowski,TEN,1986,QB,72,73,Starting-QB-critical (team): rated on a position prior only — the QB room had no recorded starts/stats to tell the starter from his backups.,"Confirm the season's starter (add games_started) or a manual override if a known starter/legend; rate the starter, leave backups lower.",low
4,oliver-luck,Oliver Luck,TEN,1986,QB,72,73,Starting-QB-critical (team): rated on a position prior only — the QB room had no recorded starts/stats to tell the starter from his backups.,"Confirm the season's starter (add games_started) or a manual override if a known starter/legend; rate the starter, leave backups lower.",low
4,00-0011524,Warren Moon,TEN,1986,QB,72,73,Starting-QB-critical (team): rated on a position prior only — the QB room had no recorded starts/stats to tell the starter from his backups.,"Confirm the season's starter (add games_started) or a manual override if a known starter/legend; rate the starter, leave backups lower.",low
4,doug-williams,Doug Williams,WAS,1986,QB,72,73,Starting-QB-critical (team): rated on a position prior only — the QB room had no recorded starts/stats to tell the starter from his backups.,"Confirm the season's starter (add games_started) or a manual override if a known starter/legend; rate the starter, leave backups lower.",low
4,00-0014490,Jay Schroeder,WAS,1986,QB,72,73,Starting-QB-critical (team): rated on a position prior only — the QB room had no recorded starts/stats to tell the starter from his backups.,"Confirm the season's starter (add games_started) or a manual override if a known starter/legend; rate the starter, leave backups lower.",low
4,neil-lomax,Neil Lomax,ARI,1985,QB,69,73,Starting-QB-critical (team): rated on a position prior only — the QB room had no recorded starts/stats to tell the starter from his backups.,"Confirm the season's starter (add games_started) or a manual override if a known starter/legend; rate the starter, leave backups lower.",low
4,rick-mcivor,Rick McIvor,ARI,1985,QB,69,73,Starting-QB-critical (team): rated on a position prior only — the QB room had no recorded starts/stats to tell the starter from his backups.,"Confirm the season's starter (add games_started) or a manual override if a known starter/legend; rate the starter, leave backups lower.",low
4,scott-brunner,Scott Brunner,ARI,1985,QB,69,73,Starting-QB-critical (team): rated on a position prior only — the QB room had no recorded starts/stats to tell the starter from his backups.,"Confirm the season's starter (add games_started) or a manual override if a known starter/legend; rate the starter, leave backups lower.",low
4,bob-holly,Bob Holly,ATL,1985,QB,69,73,Starting-QB-critical (team): rated on a position prior only — the QB room had no recorded starts/stats to tell the starter from his backups.,"Confirm the season's starter (add games_started) or a manual override if a known starter/legend; rate the starter, leave backups lower.",low
4,00-0000406,David Archer,ATL,1985,QB,69,73,Starting-QB-critical (team): rated on a position prior only — the QB room had no recorded starts/stats to tell the starter from his backups.,"Confirm the season's starter (add games_started) or a manual override if a known starter/legend; rate the starter, leave backups lower.",low
4,bruce-mathison,Bruce Mathison,BUF,1985,QB,69,73,Starting-QB-critical (team): rated on a position prior only — the QB room had no recorded starts/stats to tell the starter from his backups.,"Confirm the season's starter (add games_started) or a manual override if a known starter/legend; rate the starter, leave backups lower.",low
4,00-0013558,Frank Reich,BUF,1985,QB,69,73,Starting-QB-critical (team): rated on a position prior only — the QB room had no recorded starts/stats to tell the starter from his backups.,"Confirm the season's starter (add games_started) or a manual override if a known starter/legend; rate the starter, leave backups lower.",low
4,00-0004937,Boomer Esiason,CIN,1985,QB,69,73,Starting-QB-critical (team): rated on a position prior only — the QB room had no recorded starts/stats to tell the starter from his backups.,"Confirm the season's starter (add games_started) or a manual override if a known starter/legend; rate the starter, leave backups lower.",low
4,ken-anderson,Ken Anderson,CIN,1985,QB,69,73,Starting-QB-critical (team): rated on a position prior only — the QB room had no recorded starts/stats to tell the starter from his backups.,"Confirm the season's starter (add games_started) or a manual override if a known starter/legend; rate the starter, leave backups lower.",low
4,turk-schonert,Turk Schonert,CIN,1985,QB,69,73,Starting-QB-critical (team): rated on a position prior only — the QB room had no recorded starts/stats to tell the starter from his backups.,"Confirm the season's starter (add games_started) or a manual override if a known starter/legend; rate the starter, leave backups lower.",low
4,00-0009427,Bernie Kosar,CLE,1985,QB,69,73,Starting-QB-critical (team): rated on a position prior only — the QB room had no recorded starts/stats to tell the starter from his backups.,"Confirm the season's starter (add games_started) or a manual override if a known starter/legend; rate the starter, leave backups lower.",low
4,gary-danielson,Gary Danielson,CLE,1985,QB,69,73,Starting-QB-critical (team): rated on a position prior only — the QB room had no recorded starts/stats to tell the starter from his backups.,"Confirm the season's starter (add games_started) or a manual override if a known starter/legend; rate the starter, leave backups lower.",low
4,paul-mcdonald,Paul McDonald,CLE,1985,QB,69,73,Starting-QB-critical (team): rated on a position prior only — the QB room had no recorded starts/stats to tell the starter from his backups.,"Confirm the season's starter (add games_started) or a manual override if a known starter/legend; rate the starter, leave backups lower.",low
4,danny-white,Danny White,DAL,1985,QB,69,73,Starting-QB-critical (team): rated on a position prior only — the QB room had no recorded starts/stats to tell the starter from his backups.,"Confirm the season's starter (add games_started) or a manual override if a known starter/legend; rate the starter, leave backups lower.",low
4,gary-hogeboom,Gary Hogeboom,DAL,1985,QB,69,73,Starting-QB-critical (team): rated on a position prior only — the QB room had no recorded starts/stats to tell the starter from his backups.,"Confirm the season's starter (add games_started) or a manual override if a known starter/legend; rate the starter, leave backups lower.",low
4,00-0012748,Steve Pelluer,DAL,1985,QB,69,73,Starting-QB-critical (team): rated on a position prior only — the QB room had no recorded starts/stats to tell the starter from his backups.,"Confirm the season's starter (add games_started) or a manual override if a known starter/legend; rate the starter, leave backups lower.",low
4,00-0009490,Gary Kubiak,DEN,1985,QB,69,73,Starting-QB-critical (team): rated on a position prior only — the QB room had no recorded starts/stats to tell the starter from his backups.,"Confirm the season's starter (add games_started) or a manual override if a known starter/legend; rate the starter, leave backups lower.",low
4,00-0004884,John Elway,DEN,1985,QB,69,73,Starting-QB-critical (team): rated on a position prior only — the QB room had no recorded starts/stats to tell the starter from his backups.,"Confirm the season's starter (add games_started) or a manual override if a known starter/legend; rate the starter, leave backups lower.",low
4,eric-hipple,Eric Hipple,DET,1985,QB,69,73,Starting-QB-critical (team): rated on a position prior only — the QB room had no recorded starts/stats to tell the starter from his backups.,"Confirm the season's starter (add games_started) or a manual override if a known starter/legend; rate the starter, leave backups lower.",low
4,joe-ferguson,Joe Ferguson,DET,1985,QB,69,73,Starting-QB-critical (team): rated on a position prior only — the QB room had no recorded starts/stats to tell the starter from his backups.,"Confirm the season's starter (add games_started) or a manual override if a known starter/legend; rate the starter, leave backups lower.",low
4,jim-zorn,Jim Zorn,GB,1985,QB,70,73,Starting-QB-critical (team): rated on a position prior only — the QB room had no recorded starts/stats to tell the starter from his backups.,"Confirm the season's starter (add games_started) or a manual override if a known starter/legend; rate the starter, leave backups lower.",low
4,joe-shield,Joe Shield,GB,1985,QB,70,73,Starting-QB-critical (team): rated on a position prior only — the QB room had no recorded starts/stats to tell the starter from his backups.,"Confirm the season's starter (add games_started) or a manual override if a known starter/legend; rate the starter, leave backups lower.",low
4,lynn-dickey,Lynn Dickey,GB,1985,QB,70,73,Starting-QB-critical (team): rated on a position prior only — the QB room had no recorded starts/stats to tell the starter from his backups.,"Confirm the season's starter (add games_started) or a manual override if a known starter/legend; rate the starter, leave backups lower.",low
4,randy-wright,Randy Wright,GB,1985,QB,70,73,Starting-QB-critical (team): rated on a position prior only — the QB room had no recorded starts/stats to tell the starter from his backups.,"Confirm the season's starter (add games_started) or a manual override if a known starter/legend; rate the starter, leave backups lower.",low
4,vince-ferragamo,Vince Ferragamo,GB,1985,QB,70,73,Starting-QB-critical (team): rated on a position prior only — the QB room had no recorded starts/stats to tell the starter from his backups.,"Confirm the season's starter (add games_started) or a manual override if a known starter/legend; rate the starter, leave backups lower.",low
4,art-schlichter,Art Schlichter,IND,1985,QB,70,73,Starting-QB-critical (team): rated on a position prior only — the QB room had no recorded starts/stats to tell the starter from his backups.,"Confirm the season's starter (add games_started) or a manual override if a known starter/legend; rate the starter, leave backups lower.",low
4,matt-kofler,Matt Kofler,IND,1985,QB,70,73,Starting-QB-critical (team): rated on a position prior only — the QB room had no recorded starts/stats to tell the starter from his backups.,"Confirm the season's starter (add games_started) or a manual override if a known starter/legend; rate the starter, leave backups lower.",low
4,mike-pagel,Mike Pagel,IND,1985,QB,70,73,Starting-QB-critical (team): rated on a position prior only — the QB room had no recorded starts/stats to tell the starter from his backups.,"Confirm the season's starter (add games_started) or a manual override if a known starter/legend; rate the starter, leave backups lower.",low
4,bill-kenney,Bill Kenney,KC,1985,QB,70,73,Starting-QB-critical (team): rated on a position prior only — the QB room had no recorded starts/stats to tell the starter from his backups.,"Confirm the season's starter (add games_started) or a manual override if a known starter/legend; rate the starter, leave backups lower.",low
4,todd-blackledge,Todd Blackledge,KC,1985,QB,70,73,Starting-QB-critical (team): rated on a position prior only — the QB room had no recorded starts/stats to tell the starter from his backups.,"Confirm the season's starter (add games_started) or a manual override if a known starter/legend; rate the starter, leave backups lower.",low
4,dan-fouts,Dan Fouts,LAC,1985,QB,70,73,Starting-QB-critical (team): rated on a position prior only — the QB room had no recorded starts/stats to tell the starter from his backups.,"Confirm the season's starter (add games_started) or a manual override if a known starter/legend; rate the starter, leave backups lower.",low
4,joe-dufek,Joe Dufek,LAC,1985,QB,70,73,Starting-QB-critical (team): rated on a position prior only — the QB room had no recorded starts/stats to tell the starter from his backups.,"Confirm the season's starter (add games_started) or a manual override if a known starter/legend; rate the starter, leave backups lower.",low
4,00-0007340,Mark Herrmann,LAC,1985,QB,70,73,Starting-QB-critical (team): rated on a position prior only — the QB room had no recorded starts/stats to tell the starter from his backups.,"Confirm the season's starter (add games_started) or a manual override if a known starter/legend; rate the starter, leave backups lower.",low
4,jim-plunkett,Jim Plunkett,LV,1985,QB,70,73,Starting-QB-critical (team): rated on a position prior only — the QB room had no recorded starts/stats to tell the starter from his backups.,"Confirm the season's starter (add games_started) or a manual override if a known starter/legend; rate the starter, leave backups lower.",low
4,marc-wilson,Marc Wilson,LV,1985,QB,70,73,Starting-QB-critical (team): rated on a position prior only — the QB room had no recorded starts/stats to tell the starter from his backups.,"Confirm the season's starter (add games_started) or a manual override if a known starter/legend; rate the starter, leave backups lower.",low
4,russ-jensen,Russ Jensen,LV,1985,QB,70,73,Starting-QB-critical (team): rated on a position prior only — the QB room had no recorded starts/stats to tell the starter from his backups.,"Confirm the season's starter (add games_started) or a manual override if a known starter/legend; rate the starter, leave backups lower.",low
4,00-0007413,Rusty Hilger,LV,1985,QB,70,73,Starting-QB-critical (team): rated on a position prior only — the QB room had no recorded starts/stats to tell the starter from his backups.,"Confirm the season's starter (add games_started) or a manual override if a known starter/legend; rate the starter, leave backups lower.",low
4,00-0010379,Dan Marino,MIA,1985,QB,70,73,Starting-QB-critical (team): rated on a position prior only — the QB room had no recorded starts/stats to tell the starter from his backups.,"Confirm the season's starter (add games_started) or a manual override if a known starter/legend; rate the starter, leave backups lower.",low
4,don-strock,Don Strock,MIA,1985,QB,70,73,Starting-QB-critical (team): rated on a position prior only — the QB room had no recorded starts/stats to tell the starter from his backups.,"Confirm the season's starter (add games_started) or a manual override if a known starter/legend; rate the starter, leave backups lower.",low
4,00-0001471,Steve Bono,MIN,1985,QB,70,73,Starting-QB-critical (team): rated on a position prior only — the QB room had no recorded starts/stats to tell the starter from his backups.,"Confirm the season's starter (add games_started) or a manual override if a known starter/legend; rate the starter, leave backups lower.",low
4,tommy-kramer,Tommy Kramer,MIN,1985,QB,71,73,Starting-QB-critical (team): rated on a position prior only — the QB room had no recorded starts/stats to tell the starter from his backups.,"Confirm the season's starter (add games_started) or a manual override if a known starter/legend; rate the starter, leave backups lower.",low
4,00-0018073,Wade Wilson,MIN,1985,QB,71,73,Starting-QB-critical (team): rated on a position prior only — the QB room had no recorded starts/stats to tell the starter from his backups.,"Confirm the season's starter (add games_started) or a manual override if a known starter/legend; rate the starter, leave backups lower.",low
4,steve-grogan,Steve Grogan,NE,1985,QB,71,73,Starting-QB-critical (team): rated on a position prior only — the QB room had no recorded starts/stats to tell the starter from his backups.,"Confirm the season's starter (add games_started) or a manual override if a known starter/legend; rate the starter, leave backups lower.",low
4,tom-ramsey,Tom Ramsey,NE,1985,QB,71,73,Starting-QB-critical (team): rated on a position prior only — the QB room had no recorded starts/stats to tell the starter from his backups.,"Confirm the season's starter (add games_started) or a manual override if a known starter/legend; rate the starter, leave backups lower.",low
4,tony-eason,Tony Eason,NE,1985,QB,71,73,Starting-QB-critical (team): rated on a position prior only — the QB room had no recorded starts/stats to tell the starter from his backups.,"Confirm the season's starter (add games_started) or a manual override if a known starter/legend; rate the starter, leave backups lower.",low
4,00-0007190,Bobby Hebert,NO,1985,QB,71,73,Starting-QB-critical (team): rated on a position prior only — the QB room had no recorded starts/stats to tell the starter from his backups.,"Confirm the season's starter (add games_started) or a manual override if a known starter/legend; rate the starter, leave backups lower.",low
4,dave-wilson,Dave Wilson,NO,1985,QB,71,73,Starting-QB-critical (team): rated on a position prior only — the QB room had no recorded starts/stats to tell the starter from his backups.,"Confirm the season's starter (add games_started) or a manual override if a known starter/legend; rate the starter, leave backups lower.",low
4,richard-todd,Richard Todd,NO,1985,QB,71,73,Starting-QB-critical (team): rated on a position prior only — the QB room had no recorded starts/stats to tell the starter from his backups.,"Confirm the season's starter (add games_started) or a manual override if a known starter/legend; rate the starter, leave backups lower.",low
4,00-0007765,Jeff Hostetler,NYG,1985,QB,71,73,Starting-QB-critical (team): rated on a position prior only — the QB room had no recorded starts/stats to tell the starter from his backups.,"Confirm the season's starter (add games_started) or a manual override if a known starter/legend; rate the starter, leave backups lower.",low
4,00-0014208,Jeff Rutledge,NYG,1985,QB,71,73,Starting-QB-critical (team): rated on a position prior only — the QB room had no recorded starts/stats to tell the starter from his backups.,"Confirm the season's starter (add games_started) or a manual override if a known starter/legend; rate the starter, leave backups lower.",low
4,00-0014922,Phil Simms,NYG,1985,QB,71,73,Starting-QB-critical (team): rated on a position prior only — the QB room had no recorded starts/stats to tell the starter from his backups.,"Confirm the season's starter (add games_started) or a manual override if a known starter/legend; rate the starter, leave backups lower.",low
4,00-0012246,Ken O'Brien,NYJ,1985,QB,71,73,Starting-QB-critical (team): rated on a position prior only — the QB room had no recorded starts/stats to tell the starter from his backups.,"Confirm the season's starter (add games_started) or a manual override if a known starter/legend; rate the starter, leave backups lower.",low
4,00-0014225,Pat Ryan,NYJ,1985,QB,71,73,Starting-QB-critical (team): rated on a position prior only — the QB room had no recorded starts/stats to tell the starter from his backups.,"Confirm the season's starter (add games_started) or a manual override if a known starter/legend; rate the starter, leave backups lower.",low
4,jeff-christensen,Jeff Christensen,PHI,1985,QB,71,73,Starting-QB-critical (team): rated on a position prior only — the QB room had no recorded starts/stats to tell the starter from his backups.,"Confirm the season's starter (add games_started) or a manual override if a known starter/legend; rate the starter, leave backups lower.",low
4,00-0003761,Randall Cunningham,PHI,1985,QB,71,73,Starting-QB-critical (team): rated on a position prior only — the QB room had no recorded starts/stats to tell the starter from his backups.,"Confirm the season's starter (add games_started) or a manual override if a known starter/legend; rate the starter, leave backups lower.",low
4,ron-jaworski,Ron Jaworski,PHI,1985,QB,71,73,Starting-QB-critical (team): rated on a position prior only — the QB room had no recorded starts/stats to tell the starter from his backups.,"Confirm the season's starter (add games_started) or a manual override if a known starter/legend; rate the starter, leave backups lower.",low
4,david-woodley,David Woodley,PIT,1985,QB,71,73,Starting-QB-critical (team): rated on a position prior only — the QB room had no recorded starts/stats to tell the starter from his backups.,"Confirm the season's starter (add games_started) or a manual override if a known starter/legend; rate the starter, leave backups lower.",low
4,mark-malone,Mark Malone,PIT,1985,QB,71,73,Starting-QB-critical (team): rated on a position prior only — the QB room had no recorded starts/stats to tell the starter from his backups.,"Confirm the season's starter (add games_started) or a manual override if a known starter/legend; rate the starter, leave backups lower.",low
4,scott-campbell,Scott Campbell,PIT,1985,QB,71,73,Starting-QB-critical (team): rated on a position prior only — the QB room had no recorded starts/stats to tell the starter from his backups.,"Confirm the season's starter (add games_started) or a manual override if a known starter/legend; rate the starter, leave backups lower.",low
4,00-0009475,Dave Krieg,SEA,1985,QB,71,73,Starting-QB-critical (team): rated on a position prior only — the QB room had no recorded starts/stats to tell the starter from his backups.,"Confirm the season's starter (add games_started) or a manual override if a known starter/legend; rate the starter, leave backups lower.",low
4,00-0005953,Gale Gilbert,SEA,1985,QB,71,73,Starting-QB-critical (team): rated on a position prior only — the QB room had no recorded starts/stats to tell the starter from his backups.,"Confirm the season's starter (add games_started) or a manual override if a known starter/legend; rate the starter, leave backups lower.",low
4,00-0011493,Joe Montana,SF,1985,QB,72,73,Starting-QB-critical (team): rated on a position prior only — the QB room had no recorded starts/stats to tell the starter from his backups.,"Confirm the season's starter (add games_started) or a manual override if a known starter/legend; rate the starter, leave backups lower.",low
4,00-0002828,Matt Cavanaugh,SF,1985,QB,72,73,Starting-QB-critical (team): rated on a position prior only — the QB room had no recorded starts/stats to tell the starter from his backups.,"Confirm the season's starter (add games_started) or a manual override if a known starter/legend; rate the starter, leave backups lower.",low
4,dieter-brock,Dieter Brock,STL,1985,QB,72,73,Starting-QB-critical (team): rated on a position prior only — the QB room had no recorded starts/stats to tell the starter from his backups.,"Confirm the season's starter (add games_started) or a manual override if a known starter/legend; rate the starter, leave backups lower.",low
4,00-0009131,Jeff Kemp,STL,1985,QB,72,73,Starting-QB-critical (team): rated on a position prior only — the QB room had no recorded starts/stats to tell the starter from his backups.,"Confirm the season's starter (add games_started) or a manual override if a known starter/legend; rate the starter, leave backups lower.",low
4,steve-dils,Steve Dils,STL,1985,QB,72,73,Starting-QB-critical (team): rated on a position prior only — the QB room had no recorded starts/stats to tell the starter from his backups.,"Confirm the season's starter (add games_started) or a manual override if a known starter/legend; rate the starter, leave backups lower.",low
4,alan-risher,Alan Risher,TB,1985,QB,72,73,Starting-QB-critical (team): rated on a position prior only — the QB room had no recorded starts/stats to tell the starter from his backups.,"Confirm the season's starter (add games_started) or a manual override if a known starter/legend; rate the starter, leave backups lower.",low
4,00-0004116,Steve DeBerg,TB,1985,QB,72,73,Starting-QB-critical (team): rated on a position prior only — the QB room had no recorded starts/stats to tell the starter from his backups.,"Confirm the season's starter (add games_started) or a manual override if a known starter/legend; rate the starter, leave backups lower.",low
4,00-0018441,Steve Young,TB,1985,QB,72,73,Starting-QB-critical (team): rated on a position prior only — the QB room had no recorded starts/stats to tell the starter from his backups.,"Confirm the season's starter (add games_started) or a manual override if a known starter/legend; rate the starter, leave backups lower.",low
4,brian-ransom,Brian Ransom,TEN,1985,QB,72,73,Starting-QB-critical (team): rated on a position prior only — the QB room had no recorded starts/stats to tell the starter from his backups.,"Confirm the season's starter (add games_started) or a manual override if a known starter/legend; rate the starter, leave backups lower.",low
4,mike-moroski,Mike Moroski,TEN,1985,QB,72,73,Starting-QB-critical (team): rated on a position prior only — the QB room had no recorded starts/stats to tell the starter from his backups.,"Confirm the season's starter (add games_started) or a manual override if a known starter/legend; rate the starter, leave backups lower.",low
4,oliver-luck,Oliver Luck,TEN,1985,QB,72,73,Starting-QB-critical (team): rated on a position prior only — the QB room had no recorded starts/stats to tell the starter from his backups.,"Confirm the season's starter (add games_started) or a manual override if a known starter/legend; rate the starter, leave backups lower.",low
4,00-0011524,Warren Moon,TEN,1985,QB,72,73,Starting-QB-critical (team): rated on a position prior only — the QB room had no recorded starts/stats to tell the starter from his backups.,"Confirm the season's starter (add games_started) or a manual override if a known starter/legend; rate the starter, leave backups lower.",low
4,babe-laufenberg,Babe Laufenberg,WAS,1985,QB,72,73,Starting-QB-critical (team): rated on a position prior only — the QB room had no recorded starts/stats to tell the starter from his backups.,"Confirm the season's starter (add games_started) or a manual override if a known starter/legend; rate the starter, leave backups lower.",low
4,00-0014490,Jay Schroeder,WAS,1985,QB,72,73,Starting-QB-critical (team): rated on a position prior only — the QB room had no recorded starts/stats to tell the starter from his backups.,"Confirm the season's starter (add games_started) or a manual override if a known starter/legend; rate the starter, leave backups lower.",low
4,joe-theismann,Joe Theismann,WAS,1985,QB,72,73,Starting-QB-critical (team): rated on a position prior only — the QB room had no recorded starts/stats to tell the starter from his backups.,"Confirm the season's starter (add games_started) or a manual override if a known starter/legend; rate the starter, leave backups lower.",low
4,steve-bartkowski,Steve Bartkowski,WAS,1985,QB,72,73,Starting-QB-critical (team): rated on a position prior only — the QB room had no recorded starts/stats to tell the starter from his backups.,"Confirm the season's starter (add games_started) or a manual override if a known starter/legend; rate the starter, leave backups lower.",low
4,kyle-mackey,Kyle Mackey,ARI,1984,QB,69,73,Starting-QB-critical (team): rated on a position prior only — the QB room had no recorded starts/stats to tell the starter from his backups.,"Confirm the season's starter (add games_started) or a manual override if a known starter/legend; rate the starter, leave backups lower.",low
4,neil-lomax,Neil Lomax,ARI,1984,QB,69,73,Starting-QB-critical (team): rated on a position prior only — the QB room had no recorded starts/stats to tell the starter from his backups.,"Confirm the season's starter (add games_started) or a manual override if a known starter/legend; rate the starter, leave backups lower.",low
4,rick-mcivor,Rick McIvor,ARI,1984,QB,69,73,Starting-QB-critical (team): rated on a position prior only — the QB room had no recorded starts/stats to tell the starter from his backups.,"Confirm the season's starter (add games_started) or a manual override if a known starter/legend; rate the starter, leave backups lower.",low
4,bob-holly,Bob Holly,ATL,1984,QB,69,73,Starting-QB-critical (team): rated on a position prior only — the QB room had no recorded starts/stats to tell the starter from his backups.,"Confirm the season's starter (add games_started) or a manual override if a known starter/legend; rate the starter, leave backups lower.",low
4,00-0000406,David Archer,ATL,1984,QB,69,73,Starting-QB-critical (team): rated on a position prior only — the QB room had no recorded starts/stats to tell the starter from his backups.,"Confirm the season's starter (add games_started) or a manual override if a known starter/legend; rate the starter, leave backups lower.",low
4,mike-moroski,Mike Moroski,ATL,1984,QB,69,73,Starting-QB-critical (team): rated on a position prior only — the QB room had no recorded starts/stats to tell the starter from his backups.,"Confirm the season's starter (add games_started) or a manual override if a known starter/legend; rate the starter, leave backups lower.",low
4,steve-bartkowski,Steve Bartkowski,ATL,1984,QB,69,73,Starting-QB-critical (team): rated on a position prior only — the QB room had no recorded starts/stats to tell the starter from his backups.,"Confirm the season's starter (add games_started) or a manual override if a known starter/legend; rate the starter, leave backups lower.",low
4,joe-dufek,Joe Dufek,BUF,1984,QB,69,73,Starting-QB-critical (team): rated on a position prior only — the QB room had no recorded starts/stats to tell the starter from his backups.,"Confirm the season's starter (add games_started) or a manual override if a known starter/legend; rate the starter, leave backups lower.",low
4,joe-ferguson,Joe Ferguson,BUF,1984,QB,69,73,Starting-QB-critical (team): rated on a position prior only — the QB room had no recorded starts/stats to tell the starter from his backups.,"Confirm the season's starter (add games_started) or a manual override if a known starter/legend; rate the starter, leave backups lower.",low
4,matt-kofler,Matt Kofler,BUF,1984,QB,69,73,Starting-QB-critical (team): rated on a position prior only — the QB room had no recorded starts/stats to tell the starter from his backups.,"Confirm the season's starter (add games_started) or a manual override if a known starter/legend; rate the starter, leave backups lower.",low
4,greg-landry,Greg Landry,CHI,1984,QB,69,73,Starting-QB-critical (team): rated on a position prior only — the QB room had no recorded starts/stats to tell the starter from his backups.,"Confirm the season's starter (add games_started) or a manual override if a known starter/legend; rate the starter, leave backups lower.",low
4,00-0010997,Jim McMahon,CHI,1984,QB,69,73,Starting-QB-critical (team): rated on a position prior only — the QB room had no recorded starts/stats to tell the starter from his backups.,"Confirm the season's starter (add games_started) or a manual override if a known starter/legend; rate the starter, leave backups lower.",low
4,rusty-lisch,Rusty Lisch,CHI,1984,QB,69,73,Starting-QB-critical (team): rated on a position prior only — the QB room had no recorded starts/stats to tell the starter from his backups.,"Confirm the season's starter (add games_started) or a manual override if a known starter/legend; rate the starter, leave backups lower.",low
4,steve-fuller,Steve Fuller,CHI,1984,QB,69,73,Starting-QB-critical (team): rated on a position prior only — the QB room had no recorded starts/stats to tell the starter from his backups.,"Confirm the season's starter (add games_started) or a manual override if a known starter/legend; rate the starter, leave backups lower.",low
4,00-0004937,Boomer Esiason,CIN,1984,QB,69,73,Starting-QB-critical (team): rated on a position prior only — the QB room had no recorded starts/stats to tell the starter from his backups.,"Confirm the season's starter (add games_started) or a manual override if a known starter/legend; rate the starter, leave backups lower.",low
4,bryan-clark,Bryan Clark,CIN,1984,QB,69,73,Starting-QB-critical (team): rated on a position prior only — the QB room had no recorded starts/stats to tell the starter from his backups.,"Confirm the season's starter (add games_started) or a manual override if a known starter/legend; rate the starter, leave backups lower.",low
4,ken-anderson,Ken Anderson,CIN,1984,QB,69,73,Starting-QB-critical (team): rated on a position prior only — the QB room had no recorded starts/stats to tell the starter from his backups.,"Confirm the season's starter (add games_started) or a manual override if a known starter/legend; rate the starter, leave backups lower.",low
4,turk-schonert,Turk Schonert,CIN,1984,QB,69,73,Starting-QB-critical (team): rated on a position prior only — the QB room had no recorded starts/stats to tell the starter from his backups.,"Confirm the season's starter (add games_started) or a manual override if a known starter/legend; rate the starter, leave backups lower.",low
4,paul-mcdonald,Paul McDonald,CLE,1984,QB,69,73,Starting-QB-critical (team): rated on a position prior only — the QB room had no recorded starts/stats to tell the starter from his backups.,"Confirm the season's starter (add games_started) or a manual override if a known starter/legend; rate the starter, leave backups lower.",low
4,terry-nugent,Terry Nugent,CLE,1984,QB,69,73,Starting-QB-critical (team): rated on a position prior only — the QB room had no recorded starts/stats to tell the starter from his backups.,"Confirm the season's starter (add games_started) or a manual override if a known starter/legend; rate the starter, leave backups lower.",low
4,tom-flick,Tom Flick,CLE,1984,QB,69,73,Starting-QB-critical (team): rated on a position prior only — the QB room had no recorded starts/stats to tell the starter from his backups.,"Confirm the season's starter (add games_started) or a manual override if a known starter/legend; rate the starter, leave backups lower.",low
4,danny-white,Danny White,DAL,1984,QB,69,73,Starting-QB-critical (team): rated on a position prior only — the QB room had no recorded starts/stats to tell the starter from his backups.,"Confirm the season's starter (add games_started) or a manual override if a known starter/legend; rate the starter, leave backups lower.",low
4,gary-hogeboom,Gary Hogeboom,DAL,1984,QB,69,73,Starting-QB-critical (team): rated on a position prior only — the QB room had no recorded starts/stats to tell the starter from his backups.,"Confirm the season's starter (add games_started) or a manual override if a known starter/legend; rate the starter, leave backups lower.",low
4,00-0012748,Steve Pelluer,DAL,1984,QB,70,73,Starting-QB-critical (team): rated on a position prior only — the QB room had no recorded starts/stats to tell the starter from his backups.,"Confirm the season's starter (add games_started) or a manual override if a known starter/legend; rate the starter, leave backups lower.",low
4,00-0009490,Gary Kubiak,DEN,1984,QB,70,73,Starting-QB-critical (team): rated on a position prior only — the QB room had no recorded starts/stats to tell the starter from his backups.,"Confirm the season's starter (add games_started) or a manual override if a known starter/legend; rate the starter, leave backups lower.",low
4,00-0004884,John Elway,DEN,1984,QB,70,73,Starting-QB-critical (team): rated on a position prior only — the QB room had no recorded starts/stats to tell the starter from his backups.,"Confirm the season's starter (add games_started) or a manual override if a known starter/legend; rate the starter, leave backups lower.",low
4,scott-stankavage,Scott Stankavage,DEN,1984,QB,70,73,Starting-QB-critical (team): rated on a position prior only — the QB room had no recorded starts/stats to tell the starter from his backups.,"Confirm the season's starter (add games_started) or a manual override if a known starter/legend; rate the starter, leave backups lower.",low
4,eric-hipple,Eric Hipple,DET,1984,QB,70,73,Starting-QB-critical (team): rated on a position prior only — the QB room had no recorded starts/stats to tell the starter from his backups.,"Confirm the season's starter (add games_started) or a manual override if a known starter/legend; rate the starter, leave backups lower.",low
4,gary-danielson,Gary Danielson,DET,1984,QB,70,73,Starting-QB-critical (team): rated on a position prior only — the QB room had no recorded starts/stats to tell the starter from his backups.,"Confirm the season's starter (add games_started) or a manual override if a known starter/legend; rate the starter, leave backups lower.",low
4,john-witkowski,John Witkowski,DET,1984,QB,70,73,Starting-QB-critical (team): rated on a position prior only — the QB room had no recorded starts/stats to tell the starter from his backups.,"Confirm the season's starter (add games_started) or a manual override if a known starter/legend; rate the starter, leave backups lower.",low
4,mike-machurek,Mike Machurek,DET,1984,QB,70,73,Starting-QB-critical (team): rated on a position prior only — the QB room had no recorded starts/stats to tell the starter from his backups.,"Confirm the season's starter (add games_started) or a manual override if a known starter/legend; rate the starter, leave backups lower.",low
4,lynn-dickey,Lynn Dickey,GB,1984,QB,70,73,Starting-QB-critical (team): rated on a position prior only — the QB room had no recorded starts/stats to tell the starter from his backups.,"Confirm the season's starter (add games_started) or a manual override if a known starter/legend; rate the starter, leave backups lower.",low
4,randy-wright,Randy Wright,GB,1984,QB,70,73,Starting-QB-critical (team): rated on a position prior only — the QB room had no recorded starts/stats to tell the starter from his backups.,"Confirm the season's starter (add games_started) or a manual override if a known starter/legend; rate the starter, leave backups lower.",low
4,rich-campbell,Rich Campbell,GB,1984,QB,70,73,Starting-QB-critical (team): rated on a position prior only — the QB room had no recorded starts/stats to tell the starter from his backups.,"Confirm the season's starter (add games_started) or a manual override if a known starter/legend; rate the starter, leave backups lower.",low
4,art-schlichter,Art Schlichter,IND,1984,QB,70,73,Starting-QB-critical (team): rated on a position prior only — the QB room had no recorded starts/stats to tell the starter from his backups.,"Confirm the season's starter (add games_started) or a manual override if a known starter/legend; rate the starter, leave backups lower.",low
4,00-0007340,Mark Herrmann,IND,1984,QB,70,73,Starting-QB-critical (team): rated on a position prior only — the QB room had no recorded starts/stats to tell the starter from his backups.,"Confirm the season's starter (add games_started) or a manual override if a known starter/legend; rate the starter, leave backups lower.",low
4,mike-pagel,Mike Pagel,IND,1984,QB,70,73,Starting-QB-critical (team): rated on a position prior only — the QB room had no recorded starts/stats to tell the starter from his backups.,"Confirm the season's starter (add games_started) or a manual override if a known starter/legend; rate the starter, leave backups lower.",low
4,bill-kenney,Bill Kenney,KC,1984,QB,70,73,Starting-QB-critical (team): rated on a position prior only — the QB room had no recorded starts/stats to tell the starter from his backups.,"Confirm the season's starter (add games_started) or a manual override if a known starter/legend; rate the starter, leave backups lower.",low
4,david-whitehurst,David Whitehurst,KC,1984,QB,70,73,Starting-QB-critical (team): rated on a position prior only — the QB room had no recorded starts/stats to tell the starter from his backups.,"Confirm the season's starter (add games_started) or a manual override if a known starter/legend; rate the starter, leave backups lower.",low
4,sandy-osiecki,Sandy Osiecki,KC,1984,QB,70,73,Starting-QB-critical (team): rated on a position prior only — the QB room had no recorded starts/stats to tell the starter from his backups.,"Confirm the season's starter (add games_started) or a manual override if a known starter/legend; rate the starter, leave backups lower.",low
4,todd-blackledge,Todd Blackledge,KC,1984,QB,70,73,Starting-QB-critical (team): rated on a position prior only — the QB room had no recorded starts/stats to tell the starter from his backups.,"Confirm the season's starter (add games_started) or a manual override if a known starter/legend; rate the starter, leave backups lower.",low
4,bruce-mathison,Bruce Mathison,LAC,1984,QB,70,73,Starting-QB-critical (team): rated on a position prior only — the QB room had no recorded starts/stats to tell the starter from his backups.,"Confirm the season's starter (add games_started) or a manual override if a known starter/legend; rate the starter, leave backups lower.",low
4,dan-fouts,Dan Fouts,LAC,1984,QB,70,73,Starting-QB-critical (team): rated on a position prior only — the QB room had no recorded starts/stats to tell the starter from his backups.,"Confirm the season's starter (add games_started) or a manual override if a known starter/legend; rate the starter, leave backups lower.",low
4,ed-luther,Ed Luther,LAC,1984,QB,70,73,Starting-QB-critical (team): rated on a position prior only — the QB room had no recorded starts/stats to tell the starter from his backups.,"Confirm the season's starter (add games_started) or a manual override if a known starter/legend; rate the starter, leave backups lower.",low
4,david-humm,David Humm,LV,1984,QB,70,73,Starting-QB-critical (team): rated on a position prior only — the QB room had no recorded starts/stats to tell the starter from his backups.,"Confirm the season's starter (add games_started) or a manual override if a known starter/legend; rate the starter, leave backups lower.",low
4,jerry-golsteyn,Jerry Golsteyn,LV,1984,QB,70,73,Starting-QB-critical (team): rated on a position prior only — the QB room had no recorded starts/stats to tell the starter from his backups.,"Confirm the season's starter (add games_started) or a manual override if a known starter/legend; rate the starter, leave backups lower.",low
4,jim-plunkett,Jim Plunkett,LV,1984,QB,70,73,Starting-QB-critical (team): rated on a position prior only — the QB room had no recorded starts/stats to tell the starter from his backups.,"Confirm the season's starter (add games_started) or a manual override if a known starter/legend; rate the starter, leave backups lower.",low
4,marc-wilson,Marc Wilson,LV,1984,QB,71,73,Starting-QB-critical (team): rated on a position prior only — the QB room had no recorded starts/stats to tell the starter from his backups.,"Confirm the season's starter (add games_started) or a manual override if a known starter/legend; rate the starter, leave backups lower.",low
4,00-0010379,Dan Marino,MIA,1984,QB,71,73,Starting-QB-critical (team): rated on a position prior only — the QB room had no recorded starts/stats to tell the starter from his backups.,"Confirm the season's starter (add games_started) or a manual override if a known starter/legend; rate the starter, leave backups lower.",low
4,don-strock,Don Strock,MIA,1984,QB,71,73,Starting-QB-critical (team): rated on a position prior only — the QB room had no recorded starts/stats to tell the starter from his backups.,"Confirm the season's starter (add games_started) or a manual override if a known starter/legend; rate the starter, leave backups lower.",low
4,archie-manning,Archie Manning,MIN,1984,QB,71,73,Starting-QB-critical (team): rated on a position prior only — the QB room had no recorded starts/stats to tell the starter from his backups.,"Confirm the season's starter (add games_started) or a manual override if a known starter/legend; rate the starter, leave backups lower.",low
4,tommy-kramer,Tommy Kramer,MIN,1984,QB,71,73,Starting-QB-critical (team): rated on a position prior only — the QB room had no recorded starts/stats to tell the starter from his backups.,"Confirm the season's starter (add games_started) or a manual override if a known starter/legend; rate the starter, leave backups lower.",low
4,00-0018073,Wade Wilson,MIN,1984,QB,71,73,Starting-QB-critical (team): rated on a position prior only — the QB room had no recorded starts/stats to tell the starter from his backups.,"Confirm the season's starter (add games_started) or a manual override if a known starter/legend; rate the starter, leave backups lower.",low
4,mike-kerrigan,Mike Kerrigan,NE,1984,QB,71,73,Starting-QB-critical (team): rated on a position prior only — the QB room had no recorded starts/stats to tell the starter from his backups.,"Confirm the season's starter (add games_started) or a manual override if a known starter/legend; rate the starter, leave backups lower.",low
4,steve-grogan,Steve Grogan,NE,1984,QB,71,73,Starting-QB-critical (team): rated on a position prior only — the QB room had no recorded starts/stats to tell the starter from his backups.,"Confirm the season's starter (add games_started) or a manual override if a known starter/legend; rate the starter, leave backups lower.",low
4,tony-eason,Tony Eason,NE,1984,QB,71,73,Starting-QB-critical (team): rated on a position prior only — the QB room had no recorded starts/stats to tell the starter from his backups.,"Confirm the season's starter (add games_started) or a manual override if a known starter/legend; rate the starter, leave backups lower.",low
4,dave-wilson,Dave Wilson,NO,1984,QB,71,73,Starting-QB-critical (team): rated on a position prior only — the QB room had no recorded starts/stats to tell the starter from his backups.,"Confirm the season's starter (add games_started) or a manual override if a known starter/legend; rate the starter, leave backups lower.",low
4,ken-stabler,Ken Stabler,NO,1984,QB,71,73,Starting-QB-critical (team): rated on a position prior only — the QB room had no recorded starts/stats to tell the starter from his backups.,"Confirm the season's starter (add games_started) or a manual override if a known starter/legend; rate the starter, leave backups lower.",low
4,richard-todd,Richard Todd,NO,1984,QB,71,73,Starting-QB-critical (team): rated on a position prior only — the QB room had no recorded starts/stats to tell the starter from his backups.,"Confirm the season's starter (add games_started) or a manual override if a known starter/legend; rate the starter, leave backups lower.",low
4,00-0007765,Jeff Hostetler,NYG,1984,QB,71,73,Starting-QB-critical (team): rated on a position prior only — the QB room had no recorded starts/stats to tell the starter from his backups.,"Confirm the season's starter (add games_started) or a manual override if a known starter/legend; rate the starter, leave backups lower.",low
4,00-0014208,Jeff Rutledge,NYG,1984,QB,71,73,Starting-QB-critical (team): rated on a position prior only — the QB room had no recorded starts/stats to tell the starter from his backups.,"Confirm the season's starter (add games_started) or a manual override if a known starter/legend; rate the starter, leave backups lower.",low
4,00-0014922,Phil Simms,NYG,1984,QB,71,73,Starting-QB-critical (team): rated on a position prior only — the QB room had no recorded starts/stats to tell the starter from his backups.,"Confirm the season's starter (add games_started) or a manual override if a known starter/legend; rate the starter, leave backups lower.",low
4,bob-avellini,Bob Avellini,NYJ,1984,QB,71,73,Starting-QB-critical (team): rated on a position prior only — the QB room had no recorded starts/stats to tell the starter from his backups.,"Confirm the season's starter (add games_started) or a manual override if a known starter/legend; rate the starter, leave backups lower.",low
4,glenn-inverso,Glenn Inverso,NYJ,1984,QB,71,73,Starting-QB-critical (team): rated on a position prior only — the QB room had no recorded starts/stats to tell the starter from his backups.,"Confirm the season's starter (add games_started) or a manual override if a known starter/legend; rate the starter, leave backups lower.",low
4,00-0012246,Ken O'Brien,NYJ,1984,QB,71,73,Starting-QB-critical (team): rated on a position prior only — the QB room had no recorded starts/stats to tell the starter from his backups.,"Confirm the season's starter (add games_started) or a manual override if a known starter/legend; rate the starter, leave backups lower.",low
4,mark-reed,Mark Reed,NYJ,1984,QB,71,73,Starting-QB-critical (team): rated on a position prior only — the QB room had no recorded starts/stats to tell the starter from his backups.,"Confirm the season's starter (add games_started) or a manual override if a known starter/legend; rate the starter, leave backups lower.",low
4,00-0014225,Pat Ryan,NYJ,1984,QB,71,73,Starting-QB-critical (team): rated on a position prior only — the QB room had no recorded starts/stats to tell the starter from his backups.,"Confirm the season's starter (add games_started) or a manual override if a known starter/legend; rate the starter, leave backups lower.",low
4,dean-may,Dean May,PHI,1984,QB,71,73,Starting-QB-critical (team): rated on a position prior only — the QB room had no recorded starts/stats to tell the starter from his backups.,"Confirm the season's starter (add games_started) or a manual override if a known starter/legend; rate the starter, leave backups lower.",low
4,jeff-christensen,Jeff Christensen,PHI,1984,QB,71,73,Starting-QB-critical (team): rated on a position prior only — the QB room had no recorded starts/stats to tell the starter from his backups.,"Confirm the season's starter (add games_started) or a manual override if a known starter/legend; rate the starter, leave backups lower.",low
4,joe-pisarcik,Joe Pisarcik,PHI,1984,QB,71,73,Starting-QB-critical (team): rated on a position prior only — the QB room had no recorded starts/stats to tell the starter from his backups.,"Confirm the season's starter (add games_started) or a manual override if a known starter/legend; rate the starter, leave backups lower.",low
4,ron-jaworski,Ron Jaworski,PHI,1984,QB,72,73,Starting-QB-critical (team): rated on a position prior only — the QB room had no recorded starts/stats to tell the starter from his backups.,"Confirm the season's starter (add games_started) or a manual override if a known starter/legend; rate the starter, leave backups lower.",low
4,david-woodley,David Woodley,PIT,1984,QB,72,73,Starting-QB-critical (team): rated on a position prior only — the QB room had no recorded starts/stats to tell the starter from his backups.,"Confirm the season's starter (add games_started) or a manual override if a known starter/legend; rate the starter, leave backups lower.",low
4,mark-malone,Mark Malone,PIT,1984,QB,72,73,Starting-QB-critical (team): rated on a position prior only — the QB room had no recorded starts/stats to tell the starter from his backups.,"Confirm the season's starter (add games_started) or a manual override if a known starter/legend; rate the starter, leave backups lower.",low
4,scott-campbell,Scott Campbell,PIT,1984,QB,72,73,Starting-QB-critical (team): rated on a position prior only — the QB room had no recorded starts/stats to tell the starter from his backups.,"Confirm the season's starter (add games_started) or a manual override if a known starter/legend; rate the starter, leave backups lower.",low
4,00-0009475,Dave Krieg,SEA,1984,QB,72,73,Starting-QB-critical (team): rated on a position prior only — the QB room had no recorded starts/stats to tell the starter from his backups.,"Confirm the season's starter (add games_started) or a manual override if a known starter/legend; rate the starter, leave backups lower.",low
4,jim-zorn,Jim Zorn,SEA,1984,QB,72,73,Starting-QB-critical (team): rated on a position prior only — the QB room had no recorded starts/stats to tell the starter from his backups.,"Confirm the season's starter (add games_started) or a manual override if a known starter/legend; rate the starter, leave backups lower.",low
4,00-0011493,Joe Montana,SF,1984,QB,72,73,Starting-QB-critical (team): rated on a position prior only — the QB room had no recorded starts/stats to tell the starter from his backups.,"Confirm the season's starter (add games_started) or a manual override if a known starter/legend; rate the starter, leave backups lower.",low
4,00-0002828,Matt Cavanaugh,SF,1984,QB,72,73,Starting-QB-critical (team): rated on a position prior only — the QB room had no recorded starts/stats to tell the starter from his backups.,"Confirm the season's starter (add games_started) or a manual override if a known starter/legend; rate the starter, leave backups lower.",low
4,00-0009131,Jeff Kemp,STL,1984,QB,72,73,Starting-QB-critical (team): rated on a position prior only — the QB room had no recorded starts/stats to tell the starter from his backups.,"Confirm the season's starter (add games_started) or a manual override if a known starter/legend; rate the starter, leave backups lower.",low
4,steve-dils,Steve Dils,STL,1984,QB,72,73,Starting-QB-critical (team): rated on a position prior only — the QB room had no recorded starts/stats to tell the starter from his backups.,"Confirm the season's starter (add games_started) or a manual override if a known starter/legend; rate the starter, leave backups lower.",low
4,vince-ferragamo,Vince Ferragamo,STL,1984,QB,72,73,Starting-QB-critical (team): rated on a position prior only — the QB room had no recorded starts/stats to tell the starter from his backups.,"Confirm the season's starter (add games_started) or a manual override if a known starter/legend; rate the starter, leave backups lower.",low
4,00-0009209,Blair Kiel,TB,1984,QB,72,73,Starting-QB-critical (team): rated on a position prior only — the QB room had no recorded starts/stats to tell the starter from his backups.,"Confirm the season's starter (add games_started) or a manual override if a known starter/legend; rate the starter, leave backups lower.",low
4,jack-thompson,Jack Thompson,TB,1984,QB,72,73,Starting-QB-critical (team): rated on a position prior only — the QB room had no recorded starts/stats to tell the starter from his backups.,"Confirm the season's starter (add games_started) or a manual override if a known starter/legend; rate the starter, leave backups lower.",low
4,00-0004116,Steve DeBerg,TB,1984,QB,72,73,Starting-QB-critical (team): rated on a position prior only — the QB room had no recorded starts/stats to tell the starter from his backups.,"Confirm the season's starter (add games_started) or a manual override if a known starter/legend; rate the starter, leave backups lower.",low
4,brian-ransom,Brian Ransom,TEN,1984,QB,72,73,Starting-QB-critical (team): rated on a position prior only — the QB room had no recorded starts/stats to tell the starter from his backups.,"Confirm the season's starter (add games_started) or a manual override if a known starter/legend; rate the starter, leave backups lower.",low
4,oliver-luck,Oliver Luck,TEN,1984,QB,72,73,Starting-QB-critical (team): rated on a position prior only — the QB room had no recorded starts/stats to tell the starter from his backups.,"Confirm the season's starter (add games_started) or a manual override if a known starter/legend; rate the starter, leave backups lower.",low
4,00-0011524,Warren Moon,TEN,1984,QB,72,73,Starting-QB-critical (team): rated on a position prior only — the QB room had no recorded starts/stats to tell the starter from his backups.,"Confirm the season's starter (add games_started) or a manual override if a known starter/legend; rate the starter, leave backups lower.",low
4,00-0014490,Jay Schroeder,WAS,1984,QB,72,73,Starting-QB-critical (team): rated on a position prior only — the QB room had no recorded starts/stats to tell the starter from his backups.,"Confirm the season's starter (add games_started) or a manual override if a known starter/legend; rate the starter, leave backups lower.",low
4,jim-hart,Jim Hart,WAS,1984,QB,72,73,Starting-QB-critical (team): rated on a position prior only — the QB room had no recorded starts/stats to tell the starter from his backups.,"Confirm the season's starter (add games_started) or a manual override if a known starter/legend; rate the starter, leave backups lower.",low
4,joe-theismann,Joe Theismann,WAS,1984,QB,72,73,Starting-QB-critical (team): rated on a position prior only — the QB room had no recorded starts/stats to tell the starter from his backups.,"Confirm the season's starter (add games_started) or a manual override if a known starter/legend; rate the starter, leave backups lower.",low
4,jim-hart,Jim Hart,ARI,1983,QB,69,73,Starting-QB-critical (team): rated on a position prior only — the QB room had no recorded starts/stats to tell the starter from his backups.,"Confirm the season's starter (add games_started) or a manual override if a known starter/legend; rate the starter, leave backups lower.",low
4,neil-lomax,Neil Lomax,ARI,1983,QB,69,73,Starting-QB-critical (team): rated on a position prior only — the QB room had no recorded starts/stats to tell the starter from his backups.,"Confirm the season's starter (add games_started) or a manual override if a known starter/legend; rate the starter, leave backups lower.",low
4,rusty-lisch,Rusty Lisch,ARI,1983,QB,69,73,Starting-QB-critical (team): rated on a position prior only — the QB room had no recorded starts/stats to tell the starter from his backups.,"Confirm the season's starter (add games_started) or a manual override if a known starter/legend; rate the starter, leave backups lower.",low
4,mike-moroski,Mike Moroski,ATL,1983,QB,69,73,Starting-QB-critical (team): rated on a position prior only — the QB room had no recorded starts/stats to tell the starter from his backups.,"Confirm the season's starter (add games_started) or a manual override if a known starter/legend; rate the starter, leave backups lower.",low
4,steve-bartkowski,Steve Bartkowski,ATL,1983,QB,69,73,Starting-QB-critical (team): rated on a position prior only — the QB room had no recorded starts/stats to tell the starter from his backups.,"Confirm the season's starter (add games_started) or a manual override if a known starter/legend; rate the starter, leave backups lower.",low
4,joe-dufek,Joe Dufek,BUF,1983,QB,69,73,Starting-QB-critical (team): rated on a position prior only — the QB room had no recorded starts/stats to tell the starter from his backups.,"Confirm the season's starter (add games_started) or a manual override if a known starter/legend; rate the starter, leave backups lower.",low
4,joe-ferguson,Joe Ferguson,BUF,1983,QB,69,73,Starting-QB-critical (team): rated on a position prior only — the QB room had no recorded starts/stats to tell the starter from his backups.,"Confirm the season's starter (add games_started) or a manual override if a known starter/legend; rate the starter, leave backups lower.",low
4,matt-kofler,Matt Kofler,BUF,1983,QB,69,73,Starting-QB-critical (team): rated on a position prior only — the QB room had no recorded starts/stats to tell the starter from his backups.,"Confirm the season's starter (add games_started) or a manual override if a known starter/legend; rate the starter, leave backups lower.",low
4,bob-avellini,Bob Avellini,CHI,1983,QB,69,73,Starting-QB-critical (team): rated on a position prior only — the QB room had no recorded starts/stats to tell the starter from his backups.,"Confirm the season's starter (add games_started) or a manual override if a known starter/legend; rate the starter, leave backups lower.",low
4,00-0010997,Jim McMahon,CHI,1983,QB,69,73,Starting-QB-critical (team): rated on a position prior only — the QB room had no recorded starts/stats to tell the starter from his backups.,"Confirm the season's starter (add games_started) or a manual override if a known starter/legend; rate the starter, leave backups lower.",low
4,00-0005010,Vince Evans,CHI,1983,QB,69,73,Starting-QB-critical (team): rated on a position prior only — the QB room had no recorded starts/stats to tell the starter from his backups.,"Confirm the season's starter (add games_started) or a manual override if a known starter/legend; rate the starter, leave backups lower.",low
4,jeff-christensen,Jeff Christensen,CIN,1983,QB,69,73,Starting-QB-critical (team): rated on a position prior only — the QB room had no recorded starts/stats to tell the starter from his backups.,"Confirm the season's starter (add games_started) or a manual override if a known starter/legend; rate the starter, leave backups lower.",low
4,ken-anderson,Ken Anderson,CIN,1983,QB,69,73,Starting-QB-critical (team): rated on a position prior only — the QB room had no recorded starts/stats to tell the starter from his backups.,"Confirm the season's starter (add games_started) or a manual override if a known starter/legend; rate the starter, leave backups lower.",low
4,turk-schonert,Turk Schonert,CIN,1983,QB,69,73,Starting-QB-critical (team): rated on a position prior only — the QB room had no recorded starts/stats to tell the starter from his backups.,"Confirm the season's starter (add games_started) or a manual override if a known starter/legend; rate the starter, leave backups lower.",low
4,brian-sipe,Brian Sipe,CLE,1983,QB,69,73,Starting-QB-critical (team): rated on a position prior only — the QB room had no recorded starts/stats to tell the starter from his backups.,"Confirm the season's starter (add games_started) or a manual override if a known starter/legend; rate the starter, leave backups lower.",low
4,paul-mcdonald,Paul McDonald,CLE,1983,QB,69,73,Starting-QB-critical (team): rated on a position prior only — the QB room had no recorded starts/stats to tell the starter from his backups.,"Confirm the season's starter (add games_started) or a manual override if a known starter/legend; rate the starter, leave backups lower.",low
4,rick-trocano,Rick Trocano,CLE,1983,QB,69,73,Starting-QB-critical (team): rated on a position prior only — the QB room had no recorded starts/stats to tell the starter from his backups.,"Confirm the season's starter (add games_started) or a manual override if a known starter/legend; rate the starter, leave backups lower.",low
4,danny-white,Danny White,DAL,1983,QB,69,73,Starting-QB-critical (team): rated on a position prior only — the QB room had no recorded starts/stats to tell the starter from his backups.,"Confirm the season's starter (add games_started) or a manual override if a known starter/legend; rate the starter, leave backups lower.",low
4,gary-hogeboom,Gary Hogeboom,DAL,1983,QB,69,73,Starting-QB-critical (team): rated on a position prior only — the QB room had no recorded starts/stats to tell the starter from his backups.,"Confirm the season's starter (add games_started) or a manual override if a known starter/legend; rate the starter, leave backups lower.",low
4,glenn-carano,Glenn Carano,DAL,1983,QB,69,73,Starting-QB-critical (team): rated on a position prior only — the QB room had no recorded starts/stats to tell the starter from his backups.,"Confirm the season's starter (add games_started) or a manual override if a known starter/legend; rate the starter, leave backups lower.",low
4,00-0009490,Gary Kubiak,DEN,1983,QB,69,73,Starting-QB-critical (team): rated on a position prior only — the QB room had no recorded starts/stats to tell the starter from his backups.,"Confirm the season's starter (add games_started) or a manual override if a known starter/legend; rate the starter, leave backups lower.",low
4,00-0004884,John Elway,DEN,1983,QB,69,73,Starting-QB-critical (team): rated on a position prior only — the QB room had no recorded starts/stats to tell the starter from his backups.,"Confirm the season's starter (add games_started) or a manual override if a known starter/legend; rate the starter, leave backups lower.",low
4,00-0004116,Steve DeBerg,DEN,1983,QB,70,73,Starting-QB-critical (team): rated on a position prior only — the QB room had no recorded starts/stats to tell the starter from his backups.,"Confirm the season's starter (add games_started) or a manual override if a known starter/legend; rate the starter, leave backups lower.",low
4,eric-hipple,Eric Hipple,DET,1983,QB,70,73,Starting-QB-critical (team): rated on a position prior only — the QB room had no recorded starts/stats to tell the starter from his backups.,"Confirm the season's starter (add games_started) or a manual override if a known starter/legend; rate the starter, leave backups lower.",low
4,gary-danielson,Gary Danielson,DET,1983,QB,70,73,Starting-QB-critical (team): rated on a position prior only — the QB room had no recorded starts/stats to tell the starter from his backups.,"Confirm the season's starter (add games_started) or a manual override if a known starter/legend; rate the starter, leave backups lower.",low
4,mike-machurek,Mike Machurek,DET,1983,QB,70,73,Starting-QB-critical (team): rated on a position prior only — the QB room had no recorded starts/stats to tell the starter from his backups.,"Confirm the season's starter (add games_started) or a manual override if a known starter/legend; rate the starter, leave backups lower.",low
4,david-whitehurst,David Whitehurst,GB,1983,QB,70,73,Starting-QB-critical (team): rated on a position prior only — the QB room had no recorded starts/stats to tell the starter from his backups.,"Confirm the season's starter (add games_started) or a manual override if a known starter/legend; rate the starter, leave backups lower.",low
4,lynn-dickey,Lynn Dickey,GB,1983,QB,70,73,Starting-QB-critical (team): rated on a position prior only — the QB room had no recorded starts/stats to tell the starter from his backups.,"Confirm the season's starter (add games_started) or a manual override if a known starter/legend; rate the starter, leave backups lower.",low
4,rich-campbell,Rich Campbell,GB,1983,QB,70,73,Starting-QB-critical (team): rated on a position prior only — the QB room had no recorded starts/stats to tell the starter from his backups.,"Confirm the season's starter (add games_started) or a manual override if a known starter/legend; rate the starter, leave backups lower.",low
4,jim-bob-taylor,Jim Bob Taylor,IND,1983,QB,70,73,Starting-QB-critical (team): rated on a position prior only — the QB room had no recorded starts/stats to tell the starter from his backups.,"Confirm the season's starter (add games_started) or a manual override if a known starter/legend; rate the starter, leave backups lower.",low
4,00-0007340,Mark Herrmann,IND,1983,QB,70,73,Starting-QB-critical (team): rated on a position prior only — the QB room had no recorded starts/stats to tell the starter from his backups.,"Confirm the season's starter (add games_started) or a manual override if a known starter/legend; rate the starter, leave backups lower.",low
4,mark-reed,Mark Reed,IND,1983,QB,70,73,Starting-QB-critical (team): rated on a position prior only — the QB room had no recorded starts/stats to tell the starter from his backups.,"Confirm the season's starter (add games_started) or a manual override if a known starter/legend; rate the starter, leave backups lower.",low
4,mike-pagel,Mike Pagel,IND,1983,QB,70,73,Starting-QB-critical (team): rated on a position prior only — the QB room had no recorded starts/stats to tell the starter from his backups.,"Confirm the season's starter (add games_started) or a manual override if a known starter/legend; rate the starter, leave backups lower.",low
4,bill-kenney,Bill Kenney,KC,1983,QB,70,73,Starting-QB-critical (team): rated on a position prior only — the QB room had no recorded starts/stats to tell the starter from his backups.,"Confirm the season's starter (add games_started) or a manual override if a known starter/legend; rate the starter, leave backups lower.",low
4,00-0005676,Bob Gagliano,KC,1983,QB,70,73,Starting-QB-critical (team): rated on a position prior only — the QB room had no recorded starts/stats to tell the starter from his backups.,"Confirm the season's starter (add games_started) or a manual override if a known starter/legend; rate the starter, leave backups lower.",low
4,todd-blackledge,Todd Blackledge,KC,1983,QB,70,73,Starting-QB-critical (team): rated on a position prior only — the QB room had no recorded starts/stats to tell the starter from his backups.,"Confirm the season's starter (add games_started) or a manual override if a known starter/legend; rate the starter, leave backups lower.",low
4,bruce-mathison,Bruce Mathison,LAC,1983,QB,70,73,Starting-QB-critical (team): rated on a position prior only — the QB room had no recorded starts/stats to tell the starter from his backups.,"Confirm the season's starter (add games_started) or a manual override if a known starter/legend; rate the starter, leave backups lower.",low
4,dan-fouts,Dan Fouts,LAC,1983,QB,70,73,Starting-QB-critical (team): rated on a position prior only — the QB room had no recorded starts/stats to tell the starter from his backups.,"Confirm the season's starter (add games_started) or a manual override if a known starter/legend; rate the starter, leave backups lower.",low
4,ed-luther,Ed Luther,LAC,1983,QB,70,73,Starting-QB-critical (team): rated on a position prior only — the QB room had no recorded starts/stats to tell the starter from his backups.,"Confirm the season's starter (add games_started) or a manual override if a known starter/legend; rate the starter, leave backups lower.",low
4,david-humm,David Humm,LV,1983,QB,70,73,Starting-QB-critical (team): rated on a position prior only — the QB room had no recorded starts/stats to tell the starter from his backups.,"Confirm the season's starter (add games_started) or a manual override if a known starter/legend; rate the starter, leave backups lower.",low
4,jim-plunkett,Jim Plunkett,LV,1983,QB,70,73,Starting-QB-critical (team): rated on a position prior only — the QB room had no recorded starts/stats to tell the starter from his backups.,"Confirm the season's starter (add games_started) or a manual override if a known starter/legend; rate the starter, leave backups lower.",low
4,marc-wilson,Marc Wilson,LV,1983,QB,70,73,Starting-QB-critical (team): rated on a position prior only — the QB room had no recorded starts/stats to tell the starter from his backups.,"Confirm the season's starter (add games_started) or a manual override if a known starter/legend; rate the starter, leave backups lower.",low
4,00-0010379,Dan Marino,MIA,1983,QB,70,73,Starting-QB-critical (team): rated on a position prior only — the QB room had no recorded starts/stats to tell the starter from his backups.,"Confirm the season's starter (add games_started) or a manual override if a known starter/legend; rate the starter, leave backups lower.",low
4,david-woodley,David Woodley,MIA,1983,QB,70,73,Starting-QB-critical (team): rated on a position prior only — the QB room had no recorded starts/stats to tell the starter from his backups.,"Confirm the season's starter (add games_started) or a manual override if a known starter/legend; rate the starter, leave backups lower.",low
4,don-strock,Don Strock,MIA,1983,QB,70,73,Starting-QB-critical (team): rated on a position prior only — the QB room had no recorded starts/stats to tell the starter from his backups.,"Confirm the season's starter (add games_started) or a manual override if a known starter/legend; rate the starter, leave backups lower.",low
4,archie-manning,Archie Manning,MIN,1983,QB,71,73,Starting-QB-critical (team): rated on a position prior only — the QB room had no recorded starts/stats to tell the starter from his backups.,"Confirm the season's starter (add games_started) or a manual override if a known starter/legend; rate the starter, leave backups lower.",low
4,steve-dils,Steve Dils,MIN,1983,QB,71,73,Starting-QB-critical (team): rated on a position prior only — the QB room had no recorded starts/stats to tell the starter from his backups.,"Confirm the season's starter (add games_started) or a manual override if a known starter/legend; rate the starter, leave backups lower.",low
4,tommy-kramer,Tommy Kramer,MIN,1983,QB,71,73,Starting-QB-critical (team): rated on a position prior only — the QB room had no recorded starts/stats to tell the starter from his backups.,"Confirm the season's starter (add games_started) or a manual override if a known starter/legend; rate the starter, leave backups lower.",low
4,00-0018073,Wade Wilson,MIN,1983,QB,71,73,Starting-QB-critical (team): rated on a position prior only — the QB room had no recorded starts/stats to tell the starter from his backups.,"Confirm the season's starter (add games_started) or a manual override if a known starter/legend; rate the starter, leave backups lower.",low
4,mike-kerrigan,Mike Kerrigan,NE,1983,QB,71,73,Starting-QB-critical (team): rated on a position prior only — the QB room had no recorded starts/stats to tell the starter from his backups.,"Confirm the season's starter (add games_started) or a manual override if a known starter/legend; rate the starter, leave backups lower.",low
4,steve-grogan,Steve Grogan,NE,1983,QB,71,73,Starting-QB-critical (team): rated on a position prior only — the QB room had no recorded starts/stats to tell the starter from his backups.,"Confirm the season's starter (add games_started) or a manual override if a known starter/legend; rate the starter, leave backups lower.",low
4,tony-eason,Tony Eason,NE,1983,QB,71,73,Starting-QB-critical (team): rated on a position prior only — the QB room had no recorded starts/stats to tell the starter from his backups.,"Confirm the season's starter (add games_started) or a manual override if a known starter/legend; rate the starter, leave backups lower.",low
4,dave-wilson,Dave Wilson,NO,1983,QB,71,73,Starting-QB-critical (team): rated on a position prior only — the QB room had no recorded starts/stats to tell the starter from his backups.,"Confirm the season's starter (add games_started) or a manual override if a known starter/legend; rate the starter, leave backups lower.",low
4,greg-knafelc,Greg Knafelc,NO,1983,QB,71,73,Starting-QB-critical (team): rated on a position prior only — the QB room had no recorded starts/stats to tell the starter from his backups.,"Confirm the season's starter (add games_started) or a manual override if a known starter/legend; rate the starter, leave backups lower.",low
4,ken-stabler,Ken Stabler,NO,1983,QB,71,73,Starting-QB-critical (team): rated on a position prior only — the QB room had no recorded starts/stats to tell the starter from his backups.,"Confirm the season's starter (add games_started) or a manual override if a known starter/legend; rate the starter, leave backups lower.",low
4,00-0014208,Jeff Rutledge,NYG,1983,QB,71,73,Starting-QB-critical (team): rated on a position prior only — the QB room had no recorded starts/stats to tell the starter from his backups.,"Confirm the season's starter (add games_started) or a manual override if a known starter/legend; rate the starter, leave backups lower.",low
4,00-0014922,Phil Simms,NYG,1983,QB,71,73,Starting-QB-critical (team): rated on a position prior only — the QB room had no recorded starts/stats to tell the starter from his backups.,"Confirm the season's starter (add games_started) or a manual override if a known starter/legend; rate the starter, leave backups lower.",low
4,scott-brunner,Scott Brunner,NYG,1983,QB,71,73,Starting-QB-critical (team): rated on a position prior only — the QB room had no recorded starts/stats to tell the starter from his backups.,"Confirm the season's starter (add games_started) or a manual override if a known starter/legend; rate the starter, leave backups lower.",low
4,tom-owen,Tom Owen,NYG,1983,QB,71,73,Starting-QB-critical (team): rated on a position prior only — the QB room had no recorded starts/stats to tell the starter from his backups.,"Confirm the season's starter (add games_started) or a manual override if a known starter/legend; rate the starter, leave backups lower.",low
4,00-0012246,Ken O'Brien,NYJ,1983,QB,71,73,Starting-QB-critical (team): rated on a position prior only — the QB room had no recorded starts/stats to tell the starter from his backups.,"Confirm the season's starter (add games_started) or a manual override if a known starter/legend; rate the starter, leave backups lower.",low
4,00-0014225,Pat Ryan,NYJ,1983,QB,71,73,Starting-QB-critical (team): rated on a position prior only — the QB room had no recorded starts/stats to tell the starter from his backups.,"Confirm the season's starter (add games_started) or a manual override if a known starter/legend; rate the starter, leave backups lower.",low
4,richard-todd,Richard Todd,NYJ,1983,QB,71,73,Starting-QB-critical (team): rated on a position prior only — the QB room had no recorded starts/stats to tell the starter from his backups.,"Confirm the season's starter (add games_started) or a manual override if a known starter/legend; rate the starter, leave backups lower.",low
4,dan-pastorini,Dan Pastorini,PHI,1983,QB,71,73,Starting-QB-critical (team): rated on a position prior only — the QB room had no recorded starts/stats to tell the starter from his backups.,"Confirm the season's starter (add games_started) or a manual override if a known starter/legend; rate the starter, leave backups lower.",low
4,joe-pisarcik,Joe Pisarcik,PHI,1983,QB,71,73,Starting-QB-critical (team): rated on a position prior only — the QB room had no recorded starts/stats to tell the starter from his backups.,"Confirm the season's starter (add games_started) or a manual override if a known starter/legend; rate the starter, leave backups lower.",low
4,ron-jaworski,Ron Jaworski,PHI,1983,QB,71,73,Starting-QB-critical (team): rated on a position prior only — the QB room had no recorded starts/stats to tell the starter from his backups.,"Confirm the season's starter (add games_started) or a manual override if a known starter/legend; rate the starter, leave backups lower.",low
4,00-0015777,Cliff Stoudt,PIT,1983,QB,71,73,Starting-QB-critical (team): rated on a position prior only — the QB room had no recorded starts/stats to tell the starter from his backups.,"Confirm the season's starter (add games_started) or a manual override if a known starter/legend; rate the starter, leave backups lower.",low
4,mark-malone,Mark Malone,PIT,1983,QB,71,73,Starting-QB-critical (team): rated on a position prior only — the QB room had no recorded starts/stats to tell the starter from his backups.,"Confirm the season's starter (add games_started) or a manual override if a known starter/legend; rate the starter, leave backups lower.",low
4,terry-bradshaw,Terry Bradshaw,PIT,1983,QB,72,73,Starting-QB-critical (team): rated on a position prior only — the QB room had no recorded starts/stats to tell the starter from his backups.,"Confirm the season's starter (add games_started) or a manual override if a known starter/legend; rate the starter, leave backups lower.",low
4,00-0009475,Dave Krieg,SEA,1983,QB,72,73,Starting-QB-critical (team): rated on a position prior only — the QB room had no recorded starts/stats to tell the starter from his backups.,"Confirm the season's starter (add games_started) or a manual override if a known starter/legend; rate the starter, leave backups lower.",low
4,jim-zorn,Jim Zorn,SEA,1983,QB,72,73,Starting-QB-critical (team): rated on a position prior only — the QB room had no recorded starts/stats to tell the starter from his backups.,"Confirm the season's starter (add games_started) or a manual override if a known starter/legend; rate the starter, leave backups lower.",low
4,guy-benjamin,Guy Benjamin,SF,1983,QB,72,73,Starting-QB-critical (team): rated on a position prior only — the QB room had no recorded starts/stats to tell the starter from his backups.,"Confirm the season's starter (add games_started) or a manual override if a known starter/legend; rate the starter, leave backups lower.",low
4,00-0011493,Joe Montana,SF,1983,QB,72,73,Starting-QB-critical (team): rated on a position prior only — the QB room had no recorded starts/stats to tell the starter from his backups.,"Confirm the season's starter (add games_started) or a manual override if a known starter/legend; rate the starter, leave backups lower.",low
4,00-0002828,Matt Cavanaugh,SF,1983,QB,72,73,Starting-QB-critical (team): rated on a position prior only — the QB room had no recorded starts/stats to tell the starter from his backups.,"Confirm the season's starter (add games_started) or a manual override if a known starter/legend; rate the starter, leave backups lower.",low
4,00-0009131,Jeff Kemp,STL,1983,QB,72,73,Starting-QB-critical (team): rated on a position prior only — the QB room had no recorded starts/stats to tell the starter from his backups.,"Confirm the season's starter (add games_started) or a manual override if a known starter/legend; rate the starter, leave backups lower.",low
4,steve-fuller,Steve Fuller,STL,1983,QB,72,73,Starting-QB-critical (team): rated on a position prior only — the QB room had no recorded starts/stats to tell the starter from his backups.,"Confirm the season's starter (add games_started) or a manual override if a known starter/legend; rate the starter, leave backups lower.",low
4,vince-ferragamo,Vince Ferragamo,STL,1983,QB,72,73,Starting-QB-critical (team): rated on a position prior only — the QB room had no recorded starts/stats to tell the starter from his backups.,"Confirm the season's starter (add games_started) or a manual override if a known starter/legend; rate the starter, leave backups lower.",low
4,bob-hewko,Bob Hewko,TB,1983,QB,72,73,Starting-QB-critical (team): rated on a position prior only — the QB room had no recorded starts/stats to tell the starter from his backups.,"Confirm the season's starter (add games_started) or a manual override if a known starter/legend; rate the starter, leave backups lower.",low
4,jack-thompson,Jack Thompson,TB,1983,QB,72,73,Starting-QB-critical (team): rated on a position prior only — the QB room had no recorded starts/stats to tell the starter from his backups.,"Confirm the season's starter (add games_started) or a manual override if a known starter/legend; rate the starter, leave backups lower.",low
4,jeff-komlo,Jeff Komlo,TB,1983,QB,72,73,Starting-QB-critical (team): rated on a position prior only — the QB room had no recorded starts/stats to tell the starter from his backups.,"Confirm the season's starter (add games_started) or a manual override if a known starter/legend; rate the starter, leave backups lower.",low
4,jerry-golsteyn,Jerry Golsteyn,TB,1983,QB,72,73,Starting-QB-critical (team): rated on a position prior only — the QB room had no recorded starts/stats to tell the starter from his backups.,"Confirm the season's starter (add games_started) or a manual override if a known starter/legend; rate the starter, leave backups lower.",low
4,brian-ransom,Brian Ransom,TEN,1983,QB,72,73,Starting-QB-critical (team): rated on a position prior only — the QB room had no recorded starts/stats to tell the starter from his backups.,"Confirm the season's starter (add games_started) or a manual override if a known starter/legend; rate the starter, leave backups lower.",low
4,gifford-nielsen,Gifford Nielsen,TEN,1983,QB,72,73,Starting-QB-critical (team): rated on a position prior only — the QB room had no recorded starts/stats to tell the starter from his backups.,"Confirm the season's starter (add games_started) or a manual override if a known starter/legend; rate the starter, leave backups lower.",low
4,oliver-luck,Oliver Luck,TEN,1983,QB,72,73,Starting-QB-critical (team): rated on a position prior only — the QB room had no recorded starts/stats to tell the starter from his backups.,"Confirm the season's starter (add games_started) or a manual override if a known starter/legend; rate the starter, leave backups lower.",low
4,babe-laufenberg,Babe Laufenberg,WAS,1983,QB,72,73,Starting-QB-critical (team): rated on a position prior only — the QB room had no recorded starts/stats to tell the starter from his backups.,"Confirm the season's starter (add games_started) or a manual override if a known starter/legend; rate the starter, leave backups lower.",low
4,bob-holly,Bob Holly,WAS,1983,QB,72,73,Starting-QB-critical (team): rated on a position prior only — the QB room had no recorded starts/stats to tell the starter from his backups.,"Confirm the season's starter (add games_started) or a manual override if a known starter/legend; rate the starter, leave backups lower.",low
4,joe-theismann,Joe Theismann,WAS,1983,QB,72,73,Starting-QB-critical (team): rated on a position prior only — the QB room had no recorded starts/stats to tell the starter from his backups.,"Confirm the season's starter (add games_started) or a manual override if a known starter/legend; rate the starter, leave backups lower.",low
4,jim-hart,Jim Hart,ARI,1982,QB,69,73,Starting-QB-critical (team): rated on a position prior only — the QB room had no recorded starts/stats to tell the starter from his backups.,"Confirm the season's starter (add games_started) or a manual override if a known starter/legend; rate the starter, leave backups lower.",low
4,neil-lomax,Neil Lomax,ARI,1982,QB,69,73,Starting-QB-critical (team): rated on a position prior only — the QB room had no recorded starts/stats to tell the starter from his backups.,"Confirm the season's starter (add games_started) or a manual override if a known starter/legend; rate the starter, leave backups lower.",low
4,rusty-lisch,Rusty Lisch,ARI,1982,QB,69,73,Starting-QB-critical (team): rated on a position prior only — the QB room had no recorded starts/stats to tell the starter from his backups.,"Confirm the season's starter (add games_started) or a manual override if a known starter/legend; rate the starter, leave backups lower.",low
4,jeff-komlo,Jeff Komlo,ATL,1982,QB,69,73,Starting-QB-critical (team): rated on a position prior only — the QB room had no recorded starts/stats to tell the starter from his backups.,"Confirm the season's starter (add games_started) or a manual override if a known starter/legend; rate the starter, leave backups lower.",low
4,mike-moroski,Mike Moroski,ATL,1982,QB,69,73,Starting-QB-critical (team): rated on a position prior only — the QB room had no recorded starts/stats to tell the starter from his backups.,"Confirm the season's starter (add games_started) or a manual override if a known starter/legend; rate the starter, leave backups lower.",low
4,steve-bartkowski,Steve Bartkowski,ATL,1982,QB,69,73,Starting-QB-critical (team): rated on a position prior only — the QB room had no recorded starts/stats to tell the starter from his backups.,"Confirm the season's starter (add games_started) or a manual override if a known starter/legend; rate the starter, leave backups lower.",low
4,joe-ferguson,Joe Ferguson,BUF,1982,QB,69,73,Starting-QB-critical (team): rated on a position prior only — the QB room had no recorded starts/stats to tell the starter from his backups.,"Confirm the season's starter (add games_started) or a manual override if a known starter/legend; rate the starter, leave backups lower.",low
4,matt-kofler,Matt Kofler,BUF,1982,QB,69,73,Starting-QB-critical (team): rated on a position prior only — the QB room had no recorded starts/stats to tell the starter from his backups.,"Confirm the season's starter (add games_started) or a manual override if a known starter/legend; rate the starter, leave backups lower.",low
4,matt-robinson,Matt Robinson,BUF,1982,QB,69,73,Starting-QB-critical (team): rated on a position prior only — the QB room had no recorded starts/stats to tell the starter from his backups.,"Confirm the season's starter (add games_started) or a manual override if a known starter/legend; rate the starter, leave backups lower.",low
4,bob-avellini,Bob Avellini,CHI,1982,QB,69,73,Starting-QB-critical (team): rated on a position prior only — the QB room had no recorded starts/stats to tell the starter from his backups.,"Confirm the season's starter (add games_started) or a manual override if a known starter/legend; rate the starter, leave backups lower.",low
4,00-0010997,Jim McMahon,CHI,1982,QB,69,73,Starting-QB-critical (team): rated on a position prior only — the QB room had no recorded starts/stats to tell the starter from his backups.,"Confirm the season's starter (add games_started) or a manual override if a known starter/legend; rate the starter, leave backups lower.",low
4,00-0005010,Vince Evans,CHI,1982,QB,69,73,Starting-QB-critical (team): rated on a position prior only — the QB room had no recorded starts/stats to tell the starter from his backups.,"Confirm the season's starter (add games_started) or a manual override if a known starter/legend; rate the starter, leave backups lower.",low
4,jack-thompson,Jack Thompson,CIN,1982,QB,69,73,Starting-QB-critical (team): rated on a position prior only — the QB room had no recorded starts/stats to tell the starter from his backups.,"Confirm the season's starter (add games_started) or a manual override if a known starter/legend; rate the starter, leave backups lower.",low
4,ken-anderson,Ken Anderson,CIN,1982,QB,69,73,Starting-QB-critical (team): rated on a position prior only — the QB room had no recorded starts/stats to tell the starter from his backups.,"Confirm the season's starter (add games_started) or a manual override if a known starter/legend; rate the starter, leave backups lower.",low
4,mike-ford,Mike Ford,CIN,1982,QB,69,73,Starting-QB-critical (team): rated on a position prior only — the QB room had no recorded starts/stats to tell the starter from his backups.,"Confirm the season's starter (add games_started) or a manual override if a known starter/legend; rate the starter, leave backups lower.",low
4,turk-schonert,Turk Schonert,CIN,1982,QB,69,73,Starting-QB-critical (team): rated on a position prior only — the QB room had no recorded starts/stats to tell the starter from his backups.,"Confirm the season's starter (add games_started) or a manual override if a known starter/legend; rate the starter, leave backups lower.",low
4,brian-sipe,Brian Sipe,CLE,1982,QB,69,73,Starting-QB-critical (team): rated on a position prior only — the QB room had no recorded starts/stats to tell the starter from his backups.,"Confirm the season's starter (add games_started) or a manual override if a known starter/legend; rate the starter, leave backups lower.",low
4,paul-mcdonald,Paul McDonald,CLE,1982,QB,69,73,Starting-QB-critical (team): rated on a position prior only — the QB room had no recorded starts/stats to tell the starter from his backups.,"Confirm the season's starter (add games_started) or a manual override if a known starter/legend; rate the starter, leave backups lower.",low
4,rick-trocano,Rick Trocano,CLE,1982,QB,69,73,Starting-QB-critical (team): rated on a position prior only — the QB room had no recorded starts/stats to tell the starter from his backups.,"Confirm the season's starter (add games_started) or a manual override if a known starter/legend; rate the starter, leave backups lower.",low
4,brad-wright,Brad Wright,DAL,1982,QB,69,73,Starting-QB-critical (team): rated on a position prior only — the QB room had no recorded starts/stats to tell the starter from his backups.,"Confirm the season's starter (add games_started) or a manual override if a known starter/legend; rate the starter, leave backups lower.",low
4,danny-white,Danny White,DAL,1982,QB,69,73,Starting-QB-critical (team): rated on a position prior only — the QB room had no recorded starts/stats to tell the starter from his backups.,"Confirm the season's starter (add games_started) or a manual override if a known starter/legend; rate the starter, leave backups lower.",low
4,gary-hogeboom,Gary Hogeboom,DAL,1982,QB,70,73,Starting-QB-critical (team): rated on a position prior only — the QB room had no recorded starts/stats to tell the starter from his backups.,"Confirm the season's starter (add games_started) or a manual override if a known starter/legend; rate the starter, leave backups lower.",low
4,glenn-carano,Glenn Carano,DAL,1982,QB,70,73,Starting-QB-critical (team): rated on a position prior only — the QB room had no recorded starts/stats to tell the starter from his backups.,"Confirm the season's starter (add games_started) or a manual override if a known starter/legend; rate the starter, leave backups lower.",low
4,craig-morton,Craig Morton,DEN,1982,QB,70,73,Starting-QB-critical (team): rated on a position prior only — the QB room had no recorded starts/stats to tell the starter from his backups.,"Confirm the season's starter (add games_started) or a manual override if a known starter/legend; rate the starter, leave backups lower.",low
4,00-0007340,Mark Herrmann,DEN,1982,QB,70,73,Starting-QB-critical (team): rated on a position prior only — the QB room had no recorded starts/stats to tell the starter from his backups.,"Confirm the season's starter (add games_started) or a manual override if a known starter/legend; rate the starter, leave backups lower.",low
4,00-0004116,Steve DeBerg,DEN,1982,QB,70,73,Starting-QB-critical (team): rated on a position prior only — the QB room had no recorded starts/stats to tell the starter from his backups.,"Confirm the season's starter (add games_started) or a manual override if a known starter/legend; rate the starter, leave backups lower.",low
4,eric-hipple,Eric Hipple,DET,1982,QB,70,73,Starting-QB-critical (team): rated on a position prior only — the QB room had no recorded starts/stats to tell the starter from his backups.,"Confirm the season's starter (add games_started) or a manual override if a known starter/legend; rate the starter, leave backups lower.",low
4,gary-danielson,Gary Danielson,DET,1982,QB,70,73,Starting-QB-critical (team): rated on a position prior only — the QB room had no recorded starts/stats to tell the starter from his backups.,"Confirm the season's starter (add games_started) or a manual override if a known starter/legend; rate the starter, leave backups lower.",low
4,mike-machurek,Mike Machurek,DET,1982,QB,70,73,Starting-QB-critical (team): rated on a position prior only — the QB room had no recorded starts/stats to tell the starter from his backups.,"Confirm the season's starter (add games_started) or a manual override if a known starter/legend; rate the starter, leave backups lower.",low
4,david-whitehurst,David Whitehurst,GB,1982,QB,70,73,Starting-QB-critical (team): rated on a position prior only — the QB room had no recorded starts/stats to tell the starter from his backups.,"Confirm the season's starter (add games_started) or a manual override if a known starter/legend; rate the starter, leave backups lower.",low
4,lynn-dickey,Lynn Dickey,GB,1982,QB,70,73,Starting-QB-critical (team): rated on a position prior only — the QB room had no recorded starts/stats to tell the starter from his backups.,"Confirm the season's starter (add games_started) or a manual override if a known starter/legend; rate the starter, leave backups lower.",low
4,rich-campbell,Rich Campbell,GB,1982,QB,70,73,Starting-QB-critical (team): rated on a position prior only — the QB room had no recorded starts/stats to tell the starter from his backups.,"Confirm the season's starter (add games_started) or a manual override if a known starter/legend; rate the starter, leave backups lower.",low
4,art-schlichter,Art Schlichter,IND,1982,QB,70,73,Starting-QB-critical (team): rated on a position prior only — the QB room had no recorded starts/stats to tell the starter from his backups.,"Confirm the season's starter (add games_started) or a manual override if a known starter/legend; rate the starter, leave backups lower.",low
4,david-humm,David Humm,IND,1982,QB,70,73,Starting-QB-critical (team): rated on a position prior only — the QB room had no recorded starts/stats to tell the starter from his backups.,"Confirm the season's starter (add games_started) or a manual override if a known starter/legend; rate the starter, leave backups lower.",low
4,mike-pagel,Mike Pagel,IND,1982,QB,70,73,Starting-QB-critical (team): rated on a position prior only — the QB room had no recorded starts/stats to tell the starter from his backups.,"Confirm the season's starter (add games_started) or a manual override if a known starter/legend; rate the starter, leave backups lower.",low
4,bill-kenney,Bill Kenney,KC,1982,QB,70,73,Starting-QB-critical (team): rated on a position prior only — the QB room had no recorded starts/stats to tell the starter from his backups.,"Confirm the season's starter (add games_started) or a manual override if a known starter/legend; rate the starter, leave backups lower.",low
4,00-0005676,Bob Gagliano,KC,1982,QB,70,73,Starting-QB-critical (team): rated on a position prior only — the QB room had no recorded starts/stats to tell the starter from his backups.,"Confirm the season's starter (add games_started) or a manual override if a known starter/legend; rate the starter, leave backups lower.",low
4,steve-fuller,Steve Fuller,KC,1982,QB,70,73,Starting-QB-critical (team): rated on a position prior only — the QB room had no recorded starts/stats to tell the starter from his backups.,"Confirm the season's starter (add games_started) or a manual override if a known starter/legend; rate the starter, leave backups lower.",low
4,dan-fouts,Dan Fouts,LAC,1982,QB,70,73,Starting-QB-critical (team): rated on a position prior only — the QB room had no recorded starts/stats to tell the starter from his backups.,"Confirm the season's starter (add games_started) or a manual override if a known starter/legend; rate the starter, leave backups lower.",low
4,ed-luther,Ed Luther,LAC,1982,QB,70,73,Starting-QB-critical (team): rated on a position prior only — the QB room had no recorded starts/stats to tell the starter from his backups.,"Confirm the season's starter (add games_started) or a manual override if a known starter/legend; rate the starter, leave backups lower.",low
4,jim-plunkett,Jim Plunkett,LV,1982,QB,70,73,Starting-QB-critical (team): rated on a position prior only — the QB room had no recorded starts/stats to tell the starter from his backups.,"Confirm the season's starter (add games_started) or a manual override if a known starter/legend; rate the starter, leave backups lower.",low
4,marc-wilson,Marc Wilson,LV,1982,QB,70,73,Starting-QB-critical (team): rated on a position prior only — the QB room had no recorded starts/stats to tell the starter from his backups.,"Confirm the season's starter (add games_started) or a manual override if a known starter/legend; rate the starter, leave backups lower.",low
4,david-woodley,David Woodley,MIA,1982,QB,70,73,Starting-QB-critical (team): rated on a position prior only — the QB room had no recorded starts/stats to tell the starter from his backups.,"Confirm the season's starter (add games_started) or a manual override if a known starter/legend; rate the starter, leave backups lower.",low
4,don-strock,Don Strock,MIA,1982,QB,71,73,Starting-QB-critical (team): rated on a position prior only — the QB room had no recorded starts/stats to tell the starter from his backups.,"Confirm the season's starter (add games_started) or a manual override if a known starter/legend; rate the starter, leave backups lower.",low
4,steve-dils,Steve Dils,MIN,1982,QB,71,73,Starting-QB-critical (team): rated on a position prior only — the QB room had no recorded starts/stats to tell the starter from his backups.,"Confirm the season's starter (add games_started) or a manual override if a known starter/legend; rate the starter, leave backups lower.",low
4,tommy-kramer,Tommy Kramer,MIN,1982,QB,71,73,Starting-QB-critical (team): rated on a position prior only — the QB room had no recorded starts/stats to tell the starter from his backups.,"Confirm the season's starter (add games_started) or a manual override if a known starter/legend; rate the starter, leave backups lower.",low
4,00-0018073,Wade Wilson,MIN,1982,QB,71,73,Starting-QB-critical (team): rated on a position prior only — the QB room had no recorded starts/stats to tell the starter from his backups.,"Confirm the season's starter (add games_started) or a manual override if a known starter/legend; rate the starter, leave backups lower.",low
4,00-0002828,Matt Cavanaugh,NE,1982,QB,71,73,Starting-QB-critical (team): rated on a position prior only — the QB room had no recorded starts/stats to tell the starter from his backups.,"Confirm the season's starter (add games_started) or a manual override if a known starter/legend; rate the starter, leave backups lower.",low
4,steve-grogan,Steve Grogan,NE,1982,QB,71,73,Starting-QB-critical (team): rated on a position prior only — the QB room had no recorded starts/stats to tell the starter from his backups.,"Confirm the season's starter (add games_started) or a manual override if a known starter/legend; rate the starter, leave backups lower.",low
4,tom-flick,Tom Flick,NE,1982,QB,71,73,Starting-QB-critical (team): rated on a position prior only — the QB room had no recorded starts/stats to tell the starter from his backups.,"Confirm the season's starter (add games_started) or a manual override if a known starter/legend; rate the starter, leave backups lower.",low
4,bobby-scott,Bobby Scott,NO,1982,QB,71,73,Starting-QB-critical (team): rated on a position prior only — the QB room had no recorded starts/stats to tell the starter from his backups.,"Confirm the season's starter (add games_started) or a manual override if a known starter/legend; rate the starter, leave backups lower.",low
4,guido-merkens,Guido Merkens,NO,1982,QB,71,73,Starting-QB-critical (team): rated on a position prior only — the QB room had no recorded starts/stats to tell the starter from his backups.,"Confirm the season's starter (add games_started) or a manual override if a known starter/legend; rate the starter, leave backups lower.",low
4,ken-stabler,Ken Stabler,NO,1982,QB,71,73,Starting-QB-critical (team): rated on a position prior only — the QB room had no recorded starts/stats to tell the starter from his backups.,"Confirm the season's starter (add games_started) or a manual override if a known starter/legend; rate the starter, leave backups lower.",low
4,00-0014208,Jeff Rutledge,NYG,1982,QB,71,73,Starting-QB-critical (team): rated on a position prior only — the QB room had no recorded starts/stats to tell the starter from his backups.,"Confirm the season's starter (add games_started) or a manual override if a known starter/legend; rate the starter, leave backups lower.",low
4,mark-reed,Mark Reed,NYG,1982,QB,71,73,Starting-QB-critical (team): rated on a position prior only — the QB room had no recorded starts/stats to tell the starter from his backups.,"Confirm the season's starter (add games_started) or a manual override if a known starter/legend; rate the starter, leave backups lower.",low
4,scott-brunner,Scott Brunner,NYG,1982,QB,71,73,Starting-QB-critical (team): rated on a position prior only — the QB room had no recorded starts/stats to tell the starter from his backups.,"Confirm the season's starter (add games_started) or a manual override if a known starter/legend; rate the starter, leave backups lower.",low
4,00-0014225,Pat Ryan,NYJ,1982,QB,71,73,Starting-QB-critical (team): rated on a position prior only — the QB room had no recorded starts/stats to tell the starter from his backups.,"Confirm the season's starter (add games_started) or a manual override if a known starter/legend; rate the starter, leave backups lower.",low
4,richard-todd,Richard Todd,NYJ,1982,QB,71,73,Starting-QB-critical (team): rated on a position prior only — the QB room had no recorded starts/stats to tell the starter from his backups.,"Confirm the season's starter (add games_started) or a manual override if a known starter/legend; rate the starter, leave backups lower.",low
4,dan-pastorini,Dan Pastorini,PHI,1982,QB,71,73,Starting-QB-critical (team): rated on a position prior only — the QB room had no recorded starts/stats to tell the starter from his backups.,"Confirm the season's starter (add games_started) or a manual override if a known starter/legend; rate the starter, leave backups lower.",low
4,joe-pisarcik,Joe Pisarcik,PHI,1982,QB,71,73,Starting-QB-critical (team): rated on a position prior only — the QB room had no recorded starts/stats to tell the starter from his backups.,"Confirm the season's starter (add games_started) or a manual override if a known starter/legend; rate the starter, leave backups lower.",low
4,ron-jaworski,Ron Jaworski,PHI,1982,QB,71,73,Starting-QB-critical (team): rated on a position prior only — the QB room had no recorded starts/stats to tell the starter from his backups.,"Confirm the season's starter (add games_started) or a manual override if a known starter/legend; rate the starter, leave backups lower.",low
4,00-0015777,Cliff Stoudt,PIT,1982,QB,71,73,Starting-QB-critical (team): rated on a position prior only — the QB room had no recorded starts/stats to tell the starter from his backups.,"Confirm the season's starter (add games_started) or a manual override if a known starter/legend; rate the starter, leave backups lower.",low
4,mark-malone,Mark Malone,PIT,1982,QB,71,73,Starting-QB-critical (team): rated on a position prior only — the QB room had no recorded starts/stats to tell the starter from his backups.,"Confirm the season's starter (add games_started) or a manual override if a known starter/legend; rate the starter, leave backups lower.",low
4,terry-bradshaw,Terry Bradshaw,PIT,1982,QB,71,73,Starting-QB-critical (team): rated on a position prior only — the QB room had no recorded starts/stats to tell the starter from his backups.,"Confirm the season's starter (add games_started) or a manual override if a known starter/legend; rate the starter, leave backups lower.",low
4,00-0009475,Dave Krieg,SEA,1982,QB,72,73,Starting-QB-critical (team): rated on a position prior only — the QB room had no recorded starts/stats to tell the starter from his backups.,"Confirm the season's starter (add games_started) or a manual override if a known starter/legend; rate the starter, leave backups lower.",low
4,jim-zorn,Jim Zorn,SEA,1982,QB,72,73,Starting-QB-critical (team): rated on a position prior only — the QB room had no recorded starts/stats to tell the starter from his backups.,"Confirm the season's starter (add games_started) or a manual override if a known starter/legend; rate the starter, leave backups lower.",low
4,sam-adkins,Sam Adkins,SEA,1982,QB,72,73,Starting-QB-critical (team): rated on a position prior only — the QB room had no recorded starts/stats to tell the starter from his backups.,"Confirm the season's starter (add games_started) or a manual override if a known starter/legend; rate the starter, leave backups lower.",low
4,bryan-clark,Bryan Clark,SF,1982,QB,72,73,Starting-QB-critical (team): rated on a position prior only — the QB room had no recorded starts/stats to tell the starter from his backups.,"Confirm the season's starter (add games_started) or a manual override if a known starter/legend; rate the starter, leave backups lower.",low
4,guy-benjamin,Guy Benjamin,SF,1982,QB,72,73,Starting-QB-critical (team): rated on a position prior only — the QB room had no recorded starts/stats to tell the starter from his backups.,"Confirm the season's starter (add games_started) or a manual override if a known starter/legend; rate the starter, leave backups lower.",low
4,00-0011493,Joe Montana,SF,1982,QB,72,73,Starting-QB-critical (team): rated on a position prior only — the QB room had no recorded starts/stats to tell the starter from his backups.,"Confirm the season's starter (add games_started) or a manual override if a known starter/legend; rate the starter, leave backups lower.",low
4,bert-jones,Bert Jones,STL,1982,QB,72,73,Starting-QB-critical (team): rated on a position prior only — the QB room had no recorded starts/stats to tell the starter from his backups.,"Confirm the season's starter (add games_started) or a manual override if a known starter/legend; rate the starter, leave backups lower.",low
4,00-0009131,Jeff Kemp,STL,1982,QB,72,73,Starting-QB-critical (team): rated on a position prior only — the QB room had no recorded starts/stats to tell the starter from his backups.,"Confirm the season's starter (add games_started) or a manual override if a known starter/legend; rate the starter, leave backups lower.",low
4,vince-ferragamo,Vince Ferragamo,STL,1982,QB,72,73,Starting-QB-critical (team): rated on a position prior only — the QB room had no recorded starts/stats to tell the starter from his backups.,"Confirm the season's starter (add games_started) or a manual override if a known starter/legend; rate the starter, leave backups lower.",low
4,doug-williams,Doug Williams,TB,1982,QB,72,73,Starting-QB-critical (team): rated on a position prior only — the QB room had no recorded starts/stats to tell the starter from his backups.,"Confirm the season's starter (add games_started) or a manual override if a known starter/legend; rate the starter, leave backups lower.",low
4,jeff-quinn,Jeff Quinn,TB,1982,QB,72,73,Starting-QB-critical (team): rated on a position prior only — the QB room had no recorded starts/stats to tell the starter from his backups.,"Confirm the season's starter (add games_started) or a manual override if a known starter/legend; rate the starter, leave backups lower.",low
4,jerry-golsteyn,Jerry Golsteyn,TB,1982,QB,72,73,Starting-QB-critical (team): rated on a position prior only — the QB room had no recorded starts/stats to tell the starter from his backups.,"Confirm the season's starter (add games_started) or a manual override if a known starter/legend; rate the starter, leave backups lower.",low
4,archie-manning,Archie Manning,TEN,1982,QB,72,73,Starting-QB-critical (team): rated on a position prior only — the QB room had no recorded starts/stats to tell the starter from his backups.,"Confirm the season's starter (add games_started) or a manual override if a known starter/legend; rate the starter, leave backups lower.",low
4,gifford-nielsen,Gifford Nielsen,TEN,1982,QB,72,73,Starting-QB-critical (team): rated on a position prior only — the QB room had no recorded starts/stats to tell the starter from his backups.,"Confirm the season's starter (add games_started) or a manual override if a known starter/legend; rate the starter, leave backups lower.",low
4,oliver-luck,Oliver Luck,TEN,1982,QB,72,73,Starting-QB-critical (team): rated on a position prior only — the QB room had no recorded starts/stats to tell the starter from his backups.,"Confirm the season's starter (add games_started) or a manual override if a known starter/legend; rate the starter, leave backups lower.",low
4,bob-holly,Bob Holly,WAS,1982,QB,72,73,Starting-QB-critical (team): rated on a position prior only — the QB room had no recorded starts/stats to tell the starter from his backups.,"Confirm the season's starter (add games_started) or a manual override if a known starter/legend; rate the starter, leave backups lower.",low
4,joe-theismann,Joe Theismann,WAS,1982,QB,72,73,Starting-QB-critical (team): rated on a position prior only — the QB room had no recorded starts/stats to tell the starter from his backups.,"Confirm the season's starter (add games_started) or a manual override if a known starter/legend; rate the starter, leave backups lower.",low
4,tom-owen,Tom Owen,WAS,1982,QB,72,73,Starting-QB-critical (team): rated on a position prior only — the QB room had no recorded starts/stats to tell the starter from his backups.,"Confirm the season's starter (add games_started) or a manual override if a known starter/legend; rate the starter, leave backups lower.",low
4,jim-hart,Jim Hart,ARI,1981,QB,69,73,Starting-QB-critical (team): rated on a position prior only — the QB room had no recorded starts/stats to tell the starter from his backups.,"Confirm the season's starter (add games_started) or a manual override if a known starter/legend; rate the starter, leave backups lower.",low
4,neil-lomax,Neil Lomax,ARI,1981,QB,69,73,Starting-QB-critical (team): rated on a position prior only — the QB room had no recorded starts/stats to tell the starter from his backups.,"Confirm the season's starter (add games_started) or a manual override if a known starter/legend; rate the starter, leave backups lower.",low
4,june-jones,June Jones,ATL,1981,QB,69,73,Starting-QB-critical (team): rated on a position prior only — the QB room had no recorded starts/stats to tell the starter from his backups.,"Confirm the season's starter (add games_started) or a manual override if a known starter/legend; rate the starter, leave backups lower.",low
4,mike-moroski,Mike Moroski,ATL,1981,QB,69,73,Starting-QB-critical (team): rated on a position prior only — the QB room had no recorded starts/stats to tell the starter from his backups.,"Confirm the season's starter (add games_started) or a manual override if a known starter/legend; rate the starter, leave backups lower.",low
4,steve-bartkowski,Steve Bartkowski,ATL,1981,QB,69,73,Starting-QB-critical (team): rated on a position prior only — the QB room had no recorded starts/stats to tell the starter from his backups.,"Confirm the season's starter (add games_started) or a manual override if a known starter/legend; rate the starter, leave backups lower.",low
4,joe-ferguson,Joe Ferguson,BUF,1981,QB,69,73,Starting-QB-critical (team): rated on a position prior only — the QB room had no recorded starts/stats to tell the starter from his backups.,"Confirm the season's starter (add games_started) or a manual override if a known starter/legend; rate the starter, leave backups lower.",low
4,matt-robinson,Matt Robinson,BUF,1981,QB,69,73,Starting-QB-critical (team): rated on a position prior only — the QB room had no recorded starts/stats to tell the starter from his backups.,"Confirm the season's starter (add games_started) or a manual override if a known starter/legend; rate the starter, leave backups lower.",low
4,bob-avellini,Bob Avellini,CHI,1981,QB,69,73,Starting-QB-critical (team): rated on a position prior only — the QB room had no recorded starts/stats to tell the starter from his backups.,"Confirm the season's starter (add games_started) or a manual override if a known starter/legend; rate the starter, leave backups lower.",low
4,mike-phipps,Mike Phipps,CHI,1981,QB,69,73,Starting-QB-critical (team): rated on a position prior only — the QB room had no recorded starts/stats to tell the starter from his backups.,"Confirm the season's starter (add games_started) or a manual override if a known starter/legend; rate the starter, leave backups lower.",low
4,00-0005010,Vince Evans,CHI,1981,QB,69,73,Starting-QB-critical (team): rated on a position prior only — the QB room had no recorded starts/stats to tell the starter from his backups.,"Confirm the season's starter (add games_started) or a manual override if a known starter/legend; rate the starter, leave backups lower.",low
4,jack-thompson,Jack Thompson,CIN,1981,QB,69,73,Starting-QB-critical (team): rated on a position prior only — the QB room had no recorded starts/stats to tell the starter from his backups.,"Confirm the season's starter (add games_started) or a manual override if a known starter/legend; rate the starter, leave backups lower.",low
4,ken-anderson,Ken Anderson,CIN,1981,QB,69,73,Starting-QB-critical (team): rated on a position prior only — the QB room had no recorded starts/stats to tell the starter from his backups.,"Confirm the season's starter (add games_started) or a manual override if a known starter/legend; rate the starter, leave backups lower.",low
4,turk-schonert,Turk Schonert,CIN,1981,QB,69,73,Starting-QB-critical (team): rated on a position prior only — the QB room had no recorded starts/stats to tell the starter from his backups.,"Confirm the season's starter (add games_started) or a manual override if a known starter/legend; rate the starter, leave backups lower.",low
4,brian-sipe,Brian Sipe,CLE,1981,QB,69,73,Starting-QB-critical (team): rated on a position prior only — the QB room had no recorded starts/stats to tell the starter from his backups.,"Confirm the season's starter (add games_started) or a manual override if a known starter/legend; rate the starter, leave backups lower.",low
4,paul-mcdonald,Paul McDonald,CLE,1981,QB,69,73,Starting-QB-critical (team): rated on a position prior only — the QB room had no recorded starts/stats to tell the starter from his backups.,"Confirm the season's starter (add games_started) or a manual override if a known starter/legend; rate the starter, leave backups lower.",low
4,rick-trocano,Rick Trocano,CLE,1981,QB,69,73,Starting-QB-critical (team): rated on a position prior only — the QB room had no recorded starts/stats to tell the starter from his backups.,"Confirm the season's starter (add games_started) or a manual override if a known starter/legend; rate the starter, leave backups lower.",low
4,danny-white,Danny White,DAL,1981,QB,69,73,Starting-QB-critical (team): rated on a position prior only — the QB room had no recorded starts/stats to tell the starter from his backups.,"Confirm the season's starter (add games_started) or a manual override if a known starter/legend; rate the starter, leave backups lower.",low
4,gary-hogeboom,Gary Hogeboom,DAL,1981,QB,69,73,Starting-QB-critical (team): rated on a position prior only — the QB room had no recorded starts/stats to tell the starter from his backups.,"Confirm the season's starter (add games_started) or a manual override if a known starter/legend; rate the starter, leave backups lower.",low
4,glenn-carano,Glenn Carano,DAL,1981,QB,69,73,Starting-QB-critical (team): rated on a position prior only — the QB room had no recorded starts/stats to tell the starter from his backups.,"Confirm the season's starter (add games_started) or a manual override if a known starter/legend; rate the starter, leave backups lower.",low
4,craig-morton,Craig Morton,DEN,1981,QB,69,73,Starting-QB-critical (team): rated on a position prior only — the QB room had no recorded starts/stats to tell the starter from his backups.,"Confirm the season's starter (add games_started) or a manual override if a known starter/legend; rate the starter, leave backups lower.",low
4,00-0007340,Mark Herrmann,DEN,1981,QB,69,73,Starting-QB-critical (team): rated on a position prior only — the QB room had no recorded starts/stats to tell the starter from his backups.,"Confirm the season's starter (add games_started) or a manual override if a known starter/legend; rate the starter, leave backups lower.",low
4,00-0004116,Steve DeBerg,DEN,1981,QB,70,73,Starting-QB-critical (team): rated on a position prior only — the QB room had no recorded starts/stats to tell the starter from his backups.,"Confirm the season's starter (add games_started) or a manual override if a known starter/legend; rate the starter, leave backups lower.",low
4,eric-hipple,Eric Hipple,DET,1981,QB,70,73,Starting-QB-critical (team): rated on a position prior only — the QB room had no recorded starts/stats to tell the starter from his backups.,"Confirm the season's starter (add games_started) or a manual override if a known starter/legend; rate the starter, leave backups lower.",low
4,gary-danielson,Gary Danielson,DET,1981,QB,70,73,Starting-QB-critical (team): rated on a position prior only — the QB room had no recorded starts/stats to tell the starter from his backups.,"Confirm the season's starter (add games_started) or a manual override if a known starter/legend; rate the starter, leave backups lower.",low
4,jeff-komlo,Jeff Komlo,DET,1981,QB,70,73,Starting-QB-critical (team): rated on a position prior only — the QB room had no recorded starts/stats to tell the starter from his backups.,"Confirm the season's starter (add games_started) or a manual override if a known starter/legend; rate the starter, leave backups lower.",low
4,david-whitehurst,David Whitehurst,GB,1981,QB,70,73,Starting-QB-critical (team): rated on a position prior only — the QB room had no recorded starts/stats to tell the starter from his backups.,"Confirm the season's starter (add games_started) or a manual override if a known starter/legend; rate the starter, leave backups lower.",low
4,lynn-dickey,Lynn Dickey,GB,1981,QB,70,73,Starting-QB-critical (team): rated on a position prior only — the QB room had no recorded starts/stats to tell the starter from his backups.,"Confirm the season's starter (add games_started) or a manual override if a known starter/legend; rate the starter, leave backups lower.",low
4,rich-campbell,Rich Campbell,GB,1981,QB,70,73,Starting-QB-critical (team): rated on a position prior only — the QB room had no recorded starts/stats to tell the starter from his backups.,"Confirm the season's starter (add games_started) or a manual override if a known starter/legend; rate the starter, leave backups lower.",low
4,bert-jones,Bert Jones,IND,1981,QB,70,73,Starting-QB-critical (team): rated on a position prior only — the QB room had no recorded starts/stats to tell the starter from his backups.,"Confirm the season's starter (add games_started) or a manual override if a known starter/legend; rate the starter, leave backups lower.",low
4,david-humm,David Humm,IND,1981,QB,70,73,Starting-QB-critical (team): rated on a position prior only — the QB room had no recorded starts/stats to tell the starter from his backups.,"Confirm the season's starter (add games_started) or a manual override if a known starter/legend; rate the starter, leave backups lower.",low
4,greg-landry,Greg Landry,IND,1981,QB,70,73,Starting-QB-critical (team): rated on a position prior only — the QB room had no recorded starts/stats to tell the starter from his backups.,"Confirm the season's starter (add games_started) or a manual override if a known starter/legend; rate the starter, leave backups lower.",low
4,jay-venuto,Jay Venuto,IND,1981,QB,70,73,Starting-QB-critical (team): rated on a position prior only — the QB room had no recorded starts/stats to tell the starter from his backups.,"Confirm the season's starter (add games_started) or a manual override if a known starter/legend; rate the starter, leave backups lower.",low
4,bill-kenney,Bill Kenney,KC,1981,QB,70,73,Starting-QB-critical (team): rated on a position prior only — the QB room had no recorded starts/stats to tell the starter from his backups.,"Confirm the season's starter (add games_started) or a manual override if a known starter/legend; rate the starter, leave backups lower.",low
4,00-0005676,Bob Gagliano,KC,1981,QB,70,73,Starting-QB-critical (team): rated on a position prior only — the QB room had no recorded starts/stats to tell the starter from his backups.,"Confirm the season's starter (add games_started) or a manual override if a known starter/legend; rate the starter, leave backups lower.",low
4,steve-fuller,Steve Fuller,KC,1981,QB,70,73,Starting-QB-critical (team): rated on a position prior only — the QB room had no recorded starts/stats to tell the starter from his backups.,"Confirm the season's starter (add games_started) or a manual override if a known starter/legend; rate the starter, leave backups lower.",low
4,dan-fouts,Dan Fouts,LAC,1981,QB,70,73,Starting-QB-critical (team): rated on a position prior only — the QB room had no recorded starts/stats to tell the starter from his backups.,"Confirm the season's starter (add games_started) or a manual override if a known starter/legend; rate the starter, leave backups lower.",low
4,ed-luther,Ed Luther,LAC,1981,QB,70,73,Starting-QB-critical (team): rated on a position prior only — the QB room had no recorded starts/stats to tell the starter from his backups.,"Confirm the season's starter (add games_started) or a manual override if a known starter/legend; rate the starter, leave backups lower.",low
4,james-harris,James Harris,LAC,1981,QB,70,73,Starting-QB-critical (team): rated on a position prior only — the QB room had no recorded starts/stats to tell the starter from his backups.,"Confirm the season's starter (add games_started) or a manual override if a known starter/legend; rate the starter, leave backups lower.",low
4,jim-plunkett,Jim Plunkett,LV,1981,QB,70,73,Starting-QB-critical (team): rated on a position prior only — the QB room had no recorded starts/stats to tell the starter from his backups.,"Confirm the season's starter (add games_started) or a manual override if a known starter/legend; rate the starter, leave backups lower.",low
4,marc-wilson,Marc Wilson,LV,1981,QB,70,73,Starting-QB-critical (team): rated on a position prior only — the QB room had no recorded starts/stats to tell the starter from his backups.,"Confirm the season's starter (add games_started) or a manual override if a known starter/legend; rate the starter, leave backups lower.",low
4,david-woodley,David Woodley,MIA,1981,QB,70,73,Starting-QB-critical (team): rated on a position prior only — the QB room had no recorded starts/stats to tell the starter from his backups.,"Confirm the season's starter (add games_started) or a manual override if a known starter/legend; rate the starter, leave backups lower.",low
4,don-strock,Don Strock,MIA,1981,QB,70,73,Starting-QB-critical (team): rated on a position prior only — the QB room had no recorded starts/stats to tell the starter from his backups.,"Confirm the season's starter (add games_started) or a manual override if a known starter/legend; rate the starter, leave backups lower.",low
4,steve-dils,Steve Dils,MIN,1981,QB,71,73,Starting-QB-critical (team): rated on a position prior only — the QB room had no recorded starts/stats to tell the starter from his backups.,"Confirm the season's starter (add games_started) or a manual override if a known starter/legend; rate the starter, leave backups lower.",low
4,tommy-kramer,Tommy Kramer,MIN,1981,QB,71,73,Starting-QB-critical (team): rated on a position prior only — the QB room had no recorded starts/stats to tell the starter from his backups.,"Confirm the season's starter (add games_started) or a manual override if a known starter/legend; rate the starter, leave backups lower.",low
4,00-0018073,Wade Wilson,MIN,1981,QB,71,73,Starting-QB-critical (team): rated on a position prior only — the QB room had no recorded starts/stats to tell the starter from his backups.,"Confirm the season's starter (add games_started) or a manual override if a known starter/legend; rate the starter, leave backups lower.",low
4,00-0002828,Matt Cavanaugh,NE,1981,QB,71,73,Starting-QB-critical (team): rated on a position prior only — the QB room had no recorded starts/stats to tell the starter from his backups.,"Confirm the season's starter (add games_started) or a manual override if a known starter/legend; rate the starter, leave backups lower.",low
4,steve-grogan,Steve Grogan,NE,1981,QB,71,73,Starting-QB-critical (team): rated on a position prior only — the QB room had no recorded starts/stats to tell the starter from his backups.,"Confirm the season's starter (add games_started) or a manual override if a known starter/legend; rate the starter, leave backups lower.",low
4,tom-owen,Tom Owen,NE,1981,QB,71,73,Starting-QB-critical (team): rated on a position prior only — the QB room had no recorded starts/stats to tell the starter from his backups.,"Confirm the season's starter (add games_started) or a manual override if a known starter/legend; rate the starter, leave backups lower.",low
4,archie-manning,Archie Manning,NO,1981,QB,71,73,Starting-QB-critical (team): rated on a position prior only — the QB room had no recorded starts/stats to tell the starter from his backups.,"Confirm the season's starter (add games_started) or a manual override if a known starter/legend; rate the starter, leave backups lower.",low
4,bobby-scott,Bobby Scott,NO,1981,QB,71,73,Starting-QB-critical (team): rated on a position prior only — the QB room had no recorded starts/stats to tell the starter from his backups.,"Confirm the season's starter (add games_started) or a manual override if a known starter/legend; rate the starter, leave backups lower.",low
4,dave-wilson,Dave Wilson,NO,1981,QB,71,73,Starting-QB-critical (team): rated on a position prior only — the QB room had no recorded starts/stats to tell the starter from his backups.,"Confirm the season's starter (add games_started) or a manual override if a known starter/legend; rate the starter, leave backups lower.",low
4,cliff-olander,Cliff Olander,NYG,1981,QB,71,73,Starting-QB-critical (team): rated on a position prior only — the QB room had no recorded starts/stats to tell the starter from his backups.,"Confirm the season's starter (add games_started) or a manual override if a known starter/legend; rate the starter, leave backups lower.",low
4,00-0014922,Phil Simms,NYG,1981,QB,71,73,Starting-QB-critical (team): rated on a position prior only — the QB room had no recorded starts/stats to tell the starter from his backups.,"Confirm the season's starter (add games_started) or a manual override if a known starter/legend; rate the starter, leave backups lower.",low
4,scott-brunner,Scott Brunner,NYG,1981,QB,71,73,Starting-QB-critical (team): rated on a position prior only — the QB room had no recorded starts/stats to tell the starter from his backups.,"Confirm the season's starter (add games_started) or a manual override if a known starter/legend; rate the starter, leave backups lower.",low
4,kyle-grossart,Kyle Grossart,NYJ,1981,QB,71,73,Starting-QB-critical (team): rated on a position prior only — the QB room had no recorded starts/stats to tell the starter from his backups.,"Confirm the season's starter (add games_started) or a manual override if a known starter/legend; rate the starter, leave backups lower.",low
4,00-0014225,Pat Ryan,NYJ,1981,QB,71,73,Starting-QB-critical (team): rated on a position prior only — the QB room had no recorded starts/stats to tell the starter from his backups.,"Confirm the season's starter (add games_started) or a manual override if a known starter/legend; rate the starter, leave backups lower.",low
4,richard-todd,Richard Todd,NYJ,1981,QB,71,73,Starting-QB-critical (team): rated on a position prior only — the QB room had no recorded starts/stats to tell the starter from his backups.,"Confirm the season's starter (add games_started) or a manual override if a known starter/legend; rate the starter, leave backups lower.",low
4,joe-pisarcik,Joe Pisarcik,PHI,1981,QB,71,73,Starting-QB-critical (team): rated on a position prior only — the QB room had no recorded starts/stats to tell the starter from his backups.,"Confirm the season's starter (add games_started) or a manual override if a known starter/legend; rate the starter, leave backups lower.",low
4,ron-jaworski,Ron Jaworski,PHI,1981,QB,71,73,Starting-QB-critical (team): rated on a position prior only — the QB room had no recorded starts/stats to tell the starter from his backups.,"Confirm the season's starter (add games_started) or a manual override if a known starter/legend; rate the starter, leave backups lower.",low
4,00-0015777,Cliff Stoudt,PIT,1981,QB,71,73,Starting-QB-critical (team): rated on a position prior only — the QB room had no recorded starts/stats to tell the starter from his backups.,"Confirm the season's starter (add games_started) or a manual override if a known starter/legend; rate the starter, leave backups lower.",low
4,mark-malone,Mark Malone,PIT,1981,QB,71,73,Starting-QB-critical (team): rated on a position prior only — the QB room had no recorded starts/stats to tell the starter from his backups.,"Confirm the season's starter (add games_started) or a manual override if a known starter/legend; rate the starter, leave backups lower.",low
4,terry-bradshaw,Terry Bradshaw,PIT,1981,QB,71,73,Starting-QB-critical (team): rated on a position prior only — the QB room had no recorded starts/stats to tell the starter from his backups.,"Confirm the season's starter (add games_started) or a manual override if a known starter/legend; rate the starter, leave backups lower.",low
4,00-0009475,Dave Krieg,SEA,1981,QB,72,73,Starting-QB-critical (team): rated on a position prior only — the QB room had no recorded starts/stats to tell the starter from his backups.,"Confirm the season's starter (add games_started) or a manual override if a known starter/legend; rate the starter, leave backups lower.",low
4,jim-zorn,Jim Zorn,SEA,1981,QB,72,73,Starting-QB-critical (team): rated on a position prior only — the QB room had no recorded starts/stats to tell the starter from his backups.,"Confirm the season's starter (add games_started) or a manual override if a known starter/legend; rate the starter, leave backups lower.",low
4,sam-adkins,Sam Adkins,SEA,1981,QB,72,73,Starting-QB-critical (team): rated on a position prior only — the QB room had no recorded starts/stats to tell the starter from his backups.,"Confirm the season's starter (add games_started) or a manual override if a known starter/legend; rate the starter, leave backups lower.",low
4,guy-benjamin,Guy Benjamin,SF,1981,QB,72,73,Starting-QB-critical (team): rated on a position prior only — the QB room had no recorded starts/stats to tell the starter from his backups.,"Confirm the season's starter (add games_started) or a manual override if a known starter/legend; rate the starter, leave backups lower.",low
4,00-0011493,Joe Montana,SF,1981,QB,72,73,Starting-QB-critical (team): rated on a position prior only — the QB room had no recorded starts/stats to tell the starter from his backups.,"Confirm the season's starter (add games_started) or a manual override if a known starter/legend; rate the starter, leave backups lower.",low
4,dan-pastorini,Dan Pastorini,STL,1981,QB,72,73,Starting-QB-critical (team): rated on a position prior only — the QB room had no recorded starts/stats to tell the starter from his backups.,"Confirm the season's starter (add games_started) or a manual override if a known starter/legend; rate the starter, leave backups lower.",low
4,00-0009131,Jeff Kemp,STL,1981,QB,72,73,Starting-QB-critical (team): rated on a position prior only — the QB room had no recorded starts/stats to tell the starter from his backups.,"Confirm the season's starter (add games_started) or a manual override if a known starter/legend; rate the starter, leave backups lower.",low
4,00-0014208,Jeff Rutledge,STL,1981,QB,72,73,Starting-QB-critical (team): rated on a position prior only — the QB room had no recorded starts/stats to tell the starter from his backups.,"Confirm the season's starter (add games_started) or a manual override if a known starter/legend; rate the starter, leave backups lower.",low
4,pat-haden,Pat Haden,STL,1981,QB,72,73,Starting-QB-critical (team): rated on a position prior only — the QB room had no recorded starts/stats to tell the starter from his backups.,"Confirm the season's starter (add games_started) or a manual override if a known starter/legend; rate the starter, leave backups lower.",low
4,chuck-fusina,Chuck Fusina,TB,1981,QB,72,73,Starting-QB-critical (team): rated on a position prior only — the QB room had no recorded starts/stats to tell the starter from his backups.,"Confirm the season's starter (add games_started) or a manual override if a known starter/legend; rate the starter, leave backups lower.",low
4,doug-williams,Doug Williams,TB,1981,QB,72,73,Starting-QB-critical (team): rated on a position prior only — the QB room had no recorded starts/stats to tell the starter from his backups.,"Confirm the season's starter (add games_started) or a manual override if a known starter/legend; rate the starter, leave backups lower.",low
4,mike-ford,Mike Ford,TB,1981,QB,72,73,Starting-QB-critical (team): rated on a position prior only — the QB room had no recorded starts/stats to tell the starter from his backups.,"Confirm the season's starter (add games_started) or a manual override if a known starter/legend; rate the starter, leave backups lower.",low
4,gifford-nielsen,Gifford Nielsen,TEN,1981,QB,72,73,Starting-QB-critical (team): rated on a position prior only — the QB room had no recorded starts/stats to tell the starter from his backups.,"Confirm the season's starter (add games_started) or a manual override if a known starter/legend; rate the starter, leave backups lower.",low
4,john-reaves,John Reaves,TEN,1981,QB,72,73,Starting-QB-critical (team): rated on a position prior only — the QB room had no recorded starts/stats to tell the starter from his backups.,"Confirm the season's starter (add games_started) or a manual override if a known starter/legend; rate the starter, leave backups lower.",low
4,ken-stabler,Ken Stabler,TEN,1981,QB,72,73,Starting-QB-critical (team): rated on a position prior only — the QB room had no recorded starts/stats to tell the starter from his backups.,"Confirm the season's starter (add games_started) or a manual override if a known starter/legend; rate the starter, leave backups lower.",low
4,joe-theismann,Joe Theismann,WAS,1981,QB,72,73,Starting-QB-critical (team): rated on a position prior only — the QB room had no recorded starts/stats to tell the starter from his backups.,"Confirm the season's starter (add games_started) or a manual override if a known starter/legend; rate the starter, leave backups lower.",low
4,mike-rae,Mike Rae,WAS,1981,QB,72,73,Starting-QB-critical (team): rated on a position prior only — the QB room had no recorded starts/stats to tell the starter from his backups.,"Confirm the season's starter (add games_started) or a manual override if a known starter/legend; rate the starter, leave backups lower.",low
4,tom-flick,Tom Flick,WAS,1981,QB,72,73,Starting-QB-critical (team): rated on a position prior only — the QB room had no recorded starts/stats to tell the starter from his backups.,"Confirm the season's starter (add games_started) or a manual override if a known starter/legend; rate the starter, leave backups lower.",low
4,jim-hart,Jim Hart,ARI,1980,QB,69,73,Starting-QB-critical (team): rated on a position prior only — the QB room had no recorded starts/stats to tell the starter from his backups.,"Confirm the season's starter (add games_started) or a manual override if a known starter/legend; rate the starter, leave backups lower.",low
4,mike-loyd,Mike Loyd,ARI,1980,QB,69,73,Starting-QB-critical (team): rated on a position prior only — the QB room had no recorded starts/stats to tell the starter from his backups.,"Confirm the season's starter (add games_started) or a manual override if a known starter/legend; rate the starter, leave backups lower.",low
4,rusty-lisch,Rusty Lisch,ARI,1980,QB,69,73,Starting-QB-critical (team): rated on a position prior only — the QB room had no recorded starts/stats to tell the starter from his backups.,"Confirm the season's starter (add games_started) or a manual override if a known starter/legend; rate the starter, leave backups lower.",low
4,larry-fortner,Larry Fortner,ATL,1980,QB,69,73,Starting-QB-critical (team): rated on a position prior only — the QB room had no recorded starts/stats to tell the starter from his backups.,"Confirm the season's starter (add games_started) or a manual override if a known starter/legend; rate the starter, leave backups lower.",low
4,mike-moroski,Mike Moroski,ATL,1980,QB,69,73,Starting-QB-critical (team): rated on a position prior only — the QB room had no recorded starts/stats to tell the starter from his backups.,"Confirm the season's starter (add games_started) or a manual override if a known starter/legend; rate the starter, leave backups lower.",low
4,steve-bartkowski,Steve Bartkowski,ATL,1980,QB,69,73,Starting-QB-critical (team): rated on a position prior only — the QB room had no recorded starts/stats to tell the starter from his backups.,"Confirm the season's starter (add games_started) or a manual override if a known starter/legend; rate the starter, leave backups lower.",low
4,dan-manucci,Dan Manucci,BUF,1980,QB,69,73,Starting-QB-critical (team): rated on a position prior only — the QB room had no recorded starts/stats to tell the starter from his backups.,"Confirm the season's starter (add games_started) or a manual override if a known starter/legend; rate the starter, leave backups lower.",low
4,david-humm,David Humm,BUF,1980,QB,69,73,Starting-QB-critical (team): rated on a position prior only — the QB room had no recorded starts/stats to tell the starter from his backups.,"Confirm the season's starter (add games_started) or a manual override if a known starter/legend; rate the starter, leave backups lower.",low
4,joe-ferguson,Joe Ferguson,BUF,1980,QB,69,73,Starting-QB-critical (team): rated on a position prior only — the QB room had no recorded starts/stats to tell the starter from his backups.,"Confirm the season's starter (add games_started) or a manual override if a known starter/legend; rate the starter, leave backups lower.",low
4,bob-avellini,Bob Avellini,CHI,1980,QB,69,73,Starting-QB-critical (team): rated on a position prior only — the QB room had no recorded starts/stats to tell the starter from his backups.,"Confirm the season's starter (add games_started) or a manual override if a known starter/legend; rate the starter, leave backups lower.",low
4,mike-phipps,Mike Phipps,CHI,1980,QB,69,73,Starting-QB-critical (team): rated on a position prior only — the QB room had no recorded starts/stats to tell the starter from his backups.,"Confirm the season's starter (add games_started) or a manual override if a known starter/legend; rate the starter, leave backups lower.",low
4,00-0005010,Vince Evans,CHI,1980,QB,69,73,Starting-QB-critical (team): rated on a position prior only — the QB room had no recorded starts/stats to tell the starter from his backups.,"Confirm the season's starter (add games_started) or a manual override if a known starter/legend; rate the starter, leave backups lower.",low
4,jack-thompson,Jack Thompson,CIN,1980,QB,69,73,Starting-QB-critical (team): rated on a position prior only — the QB room had no recorded starts/stats to tell the starter from his backups.,"Confirm the season's starter (add games_started) or a manual override if a known starter/legend; rate the starter, leave backups lower.",low
4,ken-anderson,Ken Anderson,CIN,1980,QB,69,73,Starting-QB-critical (team): rated on a position prior only — the QB room had no recorded starts/stats to tell the starter from his backups.,"Confirm the season's starter (add games_started) or a manual override if a known starter/legend; rate the starter, leave backups lower.",low
4,turk-schonert,Turk Schonert,CIN,1980,QB,69,73,Starting-QB-critical (team): rated on a position prior only — the QB room had no recorded starts/stats to tell the starter from his backups.,"Confirm the season's starter (add games_started) or a manual override if a known starter/legend; rate the starter, leave backups lower.",low
4,brian-sipe,Brian Sipe,CLE,1980,QB,69,73,Starting-QB-critical (team): rated on a position prior only — the QB room had no recorded starts/stats to tell the starter from his backups.,"Confirm the season's starter (add games_started) or a manual override if a known starter/legend; rate the starter, leave backups lower.",low
4,paul-mcdonald,Paul McDonald,CLE,1980,QB,69,73,Starting-QB-critical (team): rated on a position prior only — the QB room had no recorded starts/stats to tell the starter from his backups.,"Confirm the season's starter (add games_started) or a manual override if a known starter/legend; rate the starter, leave backups lower.",low
4,danny-white,Danny White,DAL,1980,QB,69,73,Starting-QB-critical (team): rated on a position prior only — the QB room had no recorded starts/stats to tell the starter from his backups.,"Confirm the season's starter (add games_started) or a manual override if a known starter/legend; rate the starter, leave backups lower.",low
4,gary-hogeboom,Gary Hogeboom,DAL,1980,QB,69,73,Starting-QB-critical (team): rated on a position prior only — the QB room had no recorded starts/stats to tell the starter from his backups.,"Confirm the season's starter (add games_started) or a manual override if a known starter/legend; rate the starter, leave backups lower.",low
4,glenn-carano,Glenn Carano,DAL,1980,QB,69,73,Starting-QB-critical (team): rated on a position prior only — the QB room had no recorded starts/stats to tell the starter from his backups.,"Confirm the season's starter (add games_started) or a manual override if a known starter/legend; rate the starter, leave backups lower.",low
4,craig-morton,Craig Morton,DEN,1980,QB,69,73,Starting-QB-critical (team): rated on a position prior only — the QB room had no recorded starts/stats to tell the starter from his backups.,"Confirm the season's starter (add games_started) or a manual override if a known starter/legend; rate the starter, leave backups lower.",low
4,jeff-knapple,Jeff Knapple,DEN,1980,QB,69,73,Starting-QB-critical (team): rated on a position prior only — the QB room had no recorded starts/stats to tell the starter from his backups.,"Confirm the season's starter (add games_started) or a manual override if a known starter/legend; rate the starter, leave backups lower.",low
4,matt-robinson,Matt Robinson,DEN,1980,QB,69,73,Starting-QB-critical (team): rated on a position prior only — the QB room had no recorded starts/stats to tell the starter from his backups.,"Confirm the season's starter (add games_started) or a manual override if a known starter/legend; rate the starter, leave backups lower.",low
4,eric-hipple,Eric Hipple,DET,1980,QB,70,73,Starting-QB-critical (team): rated on a position prior only — the QB room had no recorded starts/stats to tell the starter from his backups.,"Confirm the season's starter (add games_started) or a manual override if a known starter/legend; rate the starter, leave backups lower.",low
4,gary-danielson,Gary Danielson,DET,1980,QB,70,73,Starting-QB-critical (team): rated on a position prior only — the QB room had no recorded starts/stats to tell the starter from his backups.,"Confirm the season's starter (add games_started) or a manual override if a known starter/legend; rate the starter, leave backups lower.",low
4,jeff-komlo,Jeff Komlo,DET,1980,QB,70,73,Starting-QB-critical (team): rated on a position prior only — the QB room had no recorded starts/stats to tell the starter from his backups.,"Confirm the season's starter (add games_started) or a manual override if a known starter/legend; rate the starter, leave backups lower.",low
4,bill-troup,Bill Troup,GB,1980,QB,70,73,Starting-QB-critical (team): rated on a position prior only — the QB room had no recorded starts/stats to tell the starter from his backups.,"Confirm the season's starter (add games_started) or a manual override if a known starter/legend; rate the starter, leave backups lower.",low
4,david-whitehurst,David Whitehurst,GB,1980,QB,70,73,Starting-QB-critical (team): rated on a position prior only — the QB room had no recorded starts/stats to tell the starter from his backups.,"Confirm the season's starter (add games_started) or a manual override if a known starter/legend; rate the starter, leave backups lower.",low
4,lynn-dickey,Lynn Dickey,GB,1980,QB,70,73,Starting-QB-critical (team): rated on a position prior only — the QB room had no recorded starts/stats to tell the starter from his backups.,"Confirm the season's starter (add games_started) or a manual override if a known starter/legend; rate the starter, leave backups lower.",low
4,mark-miller,Mark Miller,GB,1980,QB,70,73,Starting-QB-critical (team): rated on a position prior only — the QB room had no recorded starts/stats to tell the starter from his backups.,"Confirm the season's starter (add games_started) or a manual override if a known starter/legend; rate the starter, leave backups lower.",low
4,steve-pisarkiewicz,Steve Pisarkiewicz,GB,1980,QB,70,73,Starting-QB-critical (team): rated on a position prior only — the QB room had no recorded starts/stats to tell the starter from his backups.,"Confirm the season's starter (add games_started) or a manual override if a known starter/legend; rate the starter, leave backups lower.",low
4,bert-jones,Bert Jones,IND,1980,QB,70,73,Starting-QB-critical (team): rated on a position prior only — the QB room had no recorded starts/stats to tell the starter from his backups.,"Confirm the season's starter (add games_started) or a manual override if a known starter/legend; rate the starter, leave backups lower.",low
4,greg-landry,Greg Landry,IND,1980,QB,70,73,Starting-QB-critical (team): rated on a position prior only — the QB room had no recorded starts/stats to tell the starter from his backups.,"Confirm the season's starter (add games_started) or a manual override if a known starter/legend; rate the starter, leave backups lower.",low
4,bill-kenney,Bill Kenney,KC,1980,QB,70,73,Starting-QB-critical (team): rated on a position prior only — the QB room had no recorded starts/stats to tell the starter from his backups.,"Confirm the season's starter (add games_started) or a manual override if a known starter/legend; rate the starter, leave backups lower.",low
4,steve-fuller,Steve Fuller,KC,1980,QB,70,73,Starting-QB-critical (team): rated on a position prior only — the QB room had no recorded starts/stats to tell the starter from his backups.,"Confirm the season's starter (add games_started) or a manual override if a known starter/legend; rate the starter, leave backups lower.",low
4,tom-clements,Tom Clements,KC,1980,QB,70,73,Starting-QB-critical (team): rated on a position prior only — the QB room had no recorded starts/stats to tell the starter from his backups.,"Confirm the season's starter (add games_started) or a manual override if a known starter/legend; rate the starter, leave backups lower.",low
4,dan-fouts,Dan Fouts,LAC,1980,QB,70,73,Starting-QB-critical (team): rated on a position prior only — the QB room had no recorded starts/stats to tell the starter from his backups.,"Confirm the season's starter (add games_started) or a manual override if a known starter/legend; rate the starter, leave backups lower.",low
4,ed-luther,Ed Luther,LAC,1980,QB,70,73,Starting-QB-critical (team): rated on a position prior only — the QB room had no recorded starts/stats to tell the starter from his backups.,"Confirm the season's starter (add games_started) or a manual override if a known starter/legend; rate the starter, leave backups lower.",low
4,james-harris,James Harris,LAC,1980,QB,70,73,Starting-QB-critical (team): rated on a position prior only — the QB room had no recorded starts/stats to tell the starter from his backups.,"Confirm the season's starter (add games_started) or a manual override if a known starter/legend; rate the starter, leave backups lower.",low
4,dan-pastorini,Dan Pastorini,LV,1980,QB,70,73,Starting-QB-critical (team): rated on a position prior only — the QB room had no recorded starts/stats to tell the starter from his backups.,"Confirm the season's starter (add games_started) or a manual override if a known starter/legend; rate the starter, leave backups lower.",low
4,jim-plunkett,Jim Plunkett,LV,1980,QB,70,73,Starting-QB-critical (team): rated on a position prior only — the QB room had no recorded starts/stats to tell the starter from his backups.,"Confirm the season's starter (add games_started) or a manual override if a known starter/legend; rate the starter, leave backups lower.",low
4,kyle-grossart,Kyle Grossart,LV,1980,QB,70,73,Starting-QB-critical (team): rated on a position prior only — the QB room had no recorded starts/stats to tell the starter from his backups.,"Confirm the season's starter (add games_started) or a manual override if a known starter/legend; rate the starter, leave backups lower.",low
4,marc-wilson,Marc Wilson,LV,1980,QB,70,73,Starting-QB-critical (team): rated on a position prior only — the QB room had no recorded starts/stats to tell the starter from his backups.,"Confirm the season's starter (add games_started) or a manual override if a known starter/legend; rate the starter, leave backups lower.",low
4,bob-griese,Bob Griese,MIA,1980,QB,70,73,Starting-QB-critical (team): rated on a position prior only — the QB room had no recorded starts/stats to tell the starter from his backups.,"Confirm the season's starter (add games_started) or a manual override if a known starter/legend; rate the starter, leave backups lower.",low
4,david-woodley,David Woodley,MIA,1980,QB,70,73,Starting-QB-critical (team): rated on a position prior only — the QB room had no recorded starts/stats to tell the starter from his backups.,"Confirm the season's starter (add games_started) or a manual override if a known starter/legend; rate the starter, leave backups lower.",low
4,don-strock,Don Strock,MIA,1980,QB,70,73,Starting-QB-critical (team): rated on a position prior only — the QB room had no recorded starts/stats to tell the starter from his backups.,"Confirm the season's starter (add games_started) or a manual override if a known starter/legend; rate the starter, leave backups lower.",low
4,pete-woods,Pete Woods,MIA,1980,QB,71,73,Starting-QB-critical (team): rated on a position prior only — the QB room had no recorded starts/stats to tell the starter from his backups.,"Confirm the season's starter (add games_started) or a manual override if a known starter/legend; rate the starter, leave backups lower.",low
4,mike-livingston,Mike Livingston,MIN,1980,QB,71,73,Starting-QB-critical (team): rated on a position prior only — the QB room had no recorded starts/stats to tell the starter from his backups.,"Confirm the season's starter (add games_started) or a manual override if a known starter/legend; rate the starter, leave backups lower.",low
4,steve-dils,Steve Dils,MIN,1980,QB,71,73,Starting-QB-critical (team): rated on a position prior only — the QB room had no recorded starts/stats to tell the starter from his backups.,"Confirm the season's starter (add games_started) or a manual override if a known starter/legend; rate the starter, leave backups lower.",low
4,tommy-kramer,Tommy Kramer,MIN,1980,QB,71,73,Starting-QB-critical (team): rated on a position prior only — the QB room had no recorded starts/stats to tell the starter from his backups.,"Confirm the season's starter (add games_started) or a manual override if a known starter/legend; rate the starter, leave backups lower.",low
4,00-0002828,Matt Cavanaugh,NE,1980,QB,71,73,Starting-QB-critical (team): rated on a position prior only — the QB room had no recorded starts/stats to tell the starter from his backups.,"Confirm the season's starter (add games_started) or a manual override if a known starter/legend; rate the starter, leave backups lower.",low
4,steve-grogan,Steve Grogan,NE,1980,QB,71,73,Starting-QB-critical (team): rated on a position prior only — the QB room had no recorded starts/stats to tell the starter from his backups.,"Confirm the season's starter (add games_started) or a manual override if a known starter/legend; rate the starter, leave backups lower.",low
4,tom-owen,Tom Owen,NE,1980,QB,71,73,Starting-QB-critical (team): rated on a position prior only — the QB room had no recorded starts/stats to tell the starter from his backups.,"Confirm the season's starter (add games_started) or a manual override if a known starter/legend; rate the starter, leave backups lower.",low
4,archie-manning,Archie Manning,NO,1980,QB,71,73,Starting-QB-critical (team): rated on a position prior only — the QB room had no recorded starts/stats to tell the starter from his backups.,"Confirm the season's starter (add games_started) or a manual override if a known starter/legend; rate the starter, leave backups lower.",low
4,bobby-scott,Bobby Scott,NO,1980,QB,71,73,Starting-QB-critical (team): rated on a position prior only — the QB room had no recorded starts/stats to tell the starter from his backups.,"Confirm the season's starter (add games_started) or a manual override if a known starter/legend; rate the starter, leave backups lower.",low
4,ed-burns,Ed Burns,NO,1980,QB,71,73,Starting-QB-critical (team): rated on a position prior only — the QB room had no recorded starts/stats to tell the starter from his backups.,"Confirm the season's starter (add games_started) or a manual override if a known starter/legend; rate the starter, leave backups lower.",low
4,guy-benjamin,Guy Benjamin,NO,1980,QB,71,73,Starting-QB-critical (team): rated on a position prior only — the QB room had no recorded starts/stats to tell the starter from his backups.,"Confirm the season's starter (add games_started) or a manual override if a known starter/legend; rate the starter, leave backups lower.",low
4,cliff-olander,Cliff Olander,NYG,1980,QB,71,73,Starting-QB-critical (team): rated on a position prior only — the QB room had no recorded starts/stats to tell the starter from his backups.,"Confirm the season's starter (add games_started) or a manual override if a known starter/legend; rate the starter, leave backups lower.",low
4,00-0014922,Phil Simms,NYG,1980,QB,71,73,Starting-QB-critical (team): rated on a position prior only — the QB room had no recorded starts/stats to tell the starter from his backups.,"Confirm the season's starter (add games_started) or a manual override if a known starter/legend; rate the starter, leave backups lower.",low
4,scott-brunner,Scott Brunner,NYG,1980,QB,71,73,Starting-QB-critical (team): rated on a position prior only — the QB room had no recorded starts/stats to tell the starter from his backups.,"Confirm the season's starter (add games_started) or a manual override if a known starter/legend; rate the starter, leave backups lower.",low
4,craig-penrose,Craig Penrose,NYJ,1980,QB,71,73,Starting-QB-critical (team): rated on a position prior only — the QB room had no recorded starts/stats to tell the starter from his backups.,"Confirm the season's starter (add games_started) or a manual override if a known starter/legend; rate the starter, leave backups lower.",low
4,00-0014225,Pat Ryan,NYJ,1980,QB,71,73,Starting-QB-critical (team): rated on a position prior only — the QB room had no recorded starts/stats to tell the starter from his backups.,"Confirm the season's starter (add games_started) or a manual override if a known starter/legend; rate the starter, leave backups lower.",low
4,richard-todd,Richard Todd,NYJ,1980,QB,71,73,Starting-QB-critical (team): rated on a position prior only — the QB room had no recorded starts/stats to tell the starter from his backups.,"Confirm the season's starter (add games_started) or a manual override if a known starter/legend; rate the starter, leave backups lower.",low
4,joe-pisarcik,Joe Pisarcik,PHI,1980,QB,71,73,Starting-QB-critical (team): rated on a position prior only — the QB room had no recorded starts/stats to tell the starter from his backups.,"Confirm the season's starter (add games_started) or a manual override if a known starter/legend; rate the starter, leave backups lower.",low
4,rob-hertel,Rob Hertel,PHI,1980,QB,71,73,Starting-QB-critical (team): rated on a position prior only — the QB room had no recorded starts/stats to tell the starter from his backups.,"Confirm the season's starter (add games_started) or a manual override if a known starter/legend; rate the starter, leave backups lower.",low
4,ron-jaworski,Ron Jaworski,PHI,1980,QB,71,73,Starting-QB-critical (team): rated on a position prior only — the QB room had no recorded starts/stats to tell the starter from his backups.,"Confirm the season's starter (add games_started) or a manual override if a known starter/legend; rate the starter, leave backups lower.",low
4,00-0015777,Cliff Stoudt,PIT,1980,QB,71,73,Starting-QB-critical (team): rated on a position prior only — the QB room had no recorded starts/stats to tell the starter from his backups.,"Confirm the season's starter (add games_started) or a manual override if a known starter/legend; rate the starter, leave backups lower.",low
4,mark-malone,Mark Malone,PIT,1980,QB,71,73,Starting-QB-critical (team): rated on a position prior only — the QB room had no recorded starts/stats to tell the starter from his backups.,"Confirm the season's starter (add games_started) or a manual override if a known starter/legend; rate the starter, leave backups lower.",low
4,terry-bradshaw,Terry Bradshaw,PIT,1980,QB,71,73,Starting-QB-critical (team): rated on a position prior only — the QB room had no recorded starts/stats to tell the starter from his backups.,"Confirm the season's starter (add games_started) or a manual override if a known starter/legend; rate the starter, leave backups lower.",low
4,00-0009475,Dave Krieg,SEA,1980,QB,72,73,Starting-QB-critical (team): rated on a position prior only — the QB room had no recorded starts/stats to tell the starter from his backups.,"Confirm the season's starter (add games_started) or a manual override if a known starter/legend; rate the starter, leave backups lower.",low
4,jim-zorn,Jim Zorn,SEA,1980,QB,72,73,Starting-QB-critical (team): rated on a position prior only — the QB room had no recorded starts/stats to tell the starter from his backups.,"Confirm the season's starter (add games_started) or a manual override if a known starter/legend; rate the starter, leave backups lower.",low
4,sam-adkins,Sam Adkins,SEA,1980,QB,72,73,Starting-QB-critical (team): rated on a position prior only — the QB room had no recorded starts/stats to tell the starter from his backups.,"Confirm the season's starter (add games_started) or a manual override if a known starter/legend; rate the starter, leave backups lower.",low
4,gary-huff,Gary Huff,SF,1980,QB,72,73,Starting-QB-critical (team): rated on a position prior only — the QB room had no recorded starts/stats to tell the starter from his backups.,"Confirm the season's starter (add games_started) or a manual override if a known starter/legend; rate the starter, leave backups lower.",low
4,00-0011493,Joe Montana,SF,1980,QB,72,73,Starting-QB-critical (team): rated on a position prior only — the QB room had no recorded starts/stats to tell the starter from his backups.,"Confirm the season's starter (add games_started) or a manual override if a known starter/legend; rate the starter, leave backups lower.",low
4,00-0004116,Steve DeBerg,SF,1980,QB,72,73,Starting-QB-critical (team): rated on a position prior only — the QB room had no recorded starts/stats to tell the starter from his backups.,"Confirm the season's starter (add games_started) or a manual override if a known starter/legend; rate the starter, leave backups lower.",low
4,bob-lee,Bob Lee,STL,1980,QB,72,73,Starting-QB-critical (team): rated on a position prior only — the QB room had no recorded starts/stats to tell the starter from his backups.,"Confirm the season's starter (add games_started) or a manual override if a known starter/legend; rate the starter, leave backups lower.",low
4,00-0014208,Jeff Rutledge,STL,1980,QB,72,73,Starting-QB-critical (team): rated on a position prior only — the QB room had no recorded starts/stats to tell the starter from his backups.,"Confirm the season's starter (add games_started) or a manual override if a known starter/legend; rate the starter, leave backups lower.",low
4,pat-haden,Pat Haden,STL,1980,QB,72,73,Starting-QB-critical (team): rated on a position prior only — the QB room had no recorded starts/stats to tell the starter from his backups.,"Confirm the season's starter (add games_started) or a manual override if a known starter/legend; rate the starter, leave backups lower.",low
4,vince-ferragamo,Vince Ferragamo,STL,1980,QB,72,73,Starting-QB-critical (team): rated on a position prior only — the QB room had no recorded starts/stats to tell the starter from his backups.,"Confirm the season's starter (add games_started) or a manual override if a known starter/legend; rate the starter, leave backups lower.",low
4,chuck-fusina,Chuck Fusina,TB,1980,QB,72,73,Starting-QB-critical (team): rated on a position prior only — the QB room had no recorded starts/stats to tell the starter from his backups.,"Confirm the season's starter (add games_started) or a manual override if a known starter/legend; rate the starter, leave backups lower.",low
4,doug-williams,Doug Williams,TB,1980,QB,72,73,Starting-QB-critical (team): rated on a position prior only — the QB room had no recorded starts/stats to tell the starter from his backups.,"Confirm the season's starter (add games_started) or a manual override if a known starter/legend; rate the starter, leave backups lower.",low
4,mike-rae,Mike Rae,TB,1980,QB,72,73,Starting-QB-critical (team): rated on a position prior only — the QB room had no recorded starts/stats to tell the starter from his backups.,"Confirm the season's starter (add games_started) or a manual override if a known starter/legend; rate the starter, leave backups lower.",low
4,craig-bradshaw,Craig Bradshaw,TEN,1980,QB,72,73,Starting-QB-critical (team): rated on a position prior only — the QB room had no recorded starts/stats to tell the starter from his backups.,"Confirm the season's starter (add games_started) or a manual override if a known starter/legend; rate the starter, leave backups lower.",low
4,gifford-nielsen,Gifford Nielsen,TEN,1980,QB,72,73,Starting-QB-critical (team): rated on a position prior only — the QB room had no recorded starts/stats to tell the starter from his backups.,"Confirm the season's starter (add games_started) or a manual override if a known starter/legend; rate the starter, leave backups lower.",low
4,ken-stabler,Ken Stabler,TEN,1980,QB,72,73,Starting-QB-critical (team): rated on a position prior only — the QB room had no recorded starts/stats to tell the starter from his backups.,"Confirm the season's starter (add games_started) or a manual override if a known starter/legend; rate the starter, leave backups lower.",low
4,joe-theismann,Joe Theismann,WAS,1980,QB,72,73,Starting-QB-critical (team): rated on a position prior only — the QB room had no recorded starts/stats to tell the starter from his backups.,"Confirm the season's starter (add games_started) or a manual override if a known starter/legend; rate the starter, leave backups lower.",low
4,kim-mcquilken,Kim McQuilken,WAS,1980,QB,72,73,Starting-QB-critical (team): rated on a position prior only — the QB room had no recorded starts/stats to tell the starter from his backups.,"Confirm the season's starter (add games_started) or a manual override if a known starter/legend; rate the starter, leave backups lower.",low
4,mike-kruczek,Mike Kruczek,WAS,1980,QB,72,73,Starting-QB-critical (team): rated on a position prior only — the QB room had no recorded starts/stats to tell the starter from his backups.,"Confirm the season's starter (add games_started) or a manual override if a known starter/legend; rate the starter, leave backups lower.",low
5,jim-hart,Jim Hart,ARI,1979,QB,69,73,Starting-QB-critical (team): rated on a position prior only — the QB room had no recorded starts/stats to tell the starter from his backups.,"Confirm the season's starter (add games_started) or a manual override if a known starter/legend; rate the starter, leave backups lower.",low
5,mike-loyd,Mike Loyd,ARI,1979,QB,69,73,Starting-QB-critical (team): rated on a position prior only — the QB room had no recorded starts/stats to tell the starter from his backups.,"Confirm the season's starter (add games_started) or a manual override if a known starter/legend; rate the starter, leave backups lower.",low
5,steve-pisarkiewicz,Steve Pisarkiewicz,ARI,1979,QB,69,73,Starting-QB-critical (team): rated on a position prior only — the QB room had no recorded starts/stats to tell the starter from his backups.,"Confirm the season's starter (add games_started) or a manual override if a known starter/legend; rate the starter, leave backups lower.",low
5,june-jones,June Jones,ATL,1979,QB,69,73,Starting-QB-critical (team): rated on a position prior only — the QB room had no recorded starts/stats to tell the starter from his backups.,"Confirm the season's starter (add games_started) or a manual override if a known starter/legend; rate the starter, leave backups lower.",low
5,larry-fortner,Larry Fortner,ATL,1979,QB,69,73,Starting-QB-critical (team): rated on a position prior only — the QB room had no recorded starts/stats to tell the starter from his backups.,"Confirm the season's starter (add games_started) or a manual override if a known starter/legend; rate the starter, leave backups lower.",low
5,mike-moroski,Mike Moroski,ATL,1979,QB,69,73,Starting-QB-critical (team): rated on a position prior only — the QB room had no recorded starts/stats to tell the starter from his backups.,"Confirm the season's starter (add games_started) or a manual override if a known starter/legend; rate the starter, leave backups lower.",low
5,steve-bartkowski,Steve Bartkowski,ATL,1979,QB,69,73,Starting-QB-critical (team): rated on a position prior only — the QB room had no recorded starts/stats to tell the starter from his backups.,"Confirm the season's starter (add games_started) or a manual override if a known starter/legend; rate the starter, leave backups lower.",low
5,bill-munson,Bill Munson,BUF,1979,QB,69,73,Starting-QB-critical (team): rated on a position prior only — the QB room had no recorded starts/stats to tell the starter from his backups.,"Confirm the season's starter (add games_started) or a manual override if a known starter/legend; rate the starter, leave backups lower.",low
5,dan-manucci,Dan Manucci,BUF,1979,QB,69,73,Starting-QB-critical (team): rated on a position prior only — the QB room had no recorded starts/stats to tell the starter from his backups.,"Confirm the season's starter (add games_started) or a manual override if a known starter/legend; rate the starter, leave backups lower.",low
5,joe-ferguson,Joe Ferguson,BUF,1979,QB,69,73,Starting-QB-critical (team): rated on a position prior only — the QB room had no recorded starts/stats to tell the starter from his backups.,"Confirm the season's starter (add games_started) or a manual override if a known starter/legend; rate the starter, leave backups lower.",low
5,bob-avellini,Bob Avellini,CHI,1979,QB,69,73,Starting-QB-critical (team): rated on a position prior only — the QB room had no recorded starts/stats to tell the starter from his backups.,"Confirm the season's starter (add games_started) or a manual override if a known starter/legend; rate the starter, leave backups lower.",low
5,mike-phipps,Mike Phipps,CHI,1979,QB,69,73,Starting-QB-critical (team): rated on a position prior only — the QB room had no recorded starts/stats to tell the starter from his backups.,"Confirm the season's starter (add games_started) or a manual override if a known starter/legend; rate the starter, leave backups lower.",low
5,00-0005010,Vince Evans,CHI,1979,QB,69,73,Starting-QB-critical (team): rated on a position prior only — the QB room had no recorded starts/stats to tell the starter from his backups.,"Confirm the season's starter (add games_started) or a manual override if a known starter/legend; rate the starter, leave backups lower.",low
5,jack-thompson,Jack Thompson,CIN,1979,QB,69,73,Starting-QB-critical (team): rated on a position prior only — the QB room had no recorded starts/stats to tell the starter from his backups.,"Confirm the season's starter (add games_started) or a manual override if a known starter/legend; rate the starter, leave backups lower.",low
5,ken-anderson,Ken Anderson,CIN,1979,QB,69,73,Starting-QB-critical (team): rated on a position prior only — the QB room had no recorded starts/stats to tell the starter from his backups.,"Confirm the season's starter (add games_started) or a manual override if a known starter/legend; rate the starter, leave backups lower.",low
5,brian-sipe,Brian Sipe,CLE,1979,QB,69,73,Starting-QB-critical (team): rated on a position prior only — the QB room had no recorded starts/stats to tell the starter from his backups.,"Confirm the season's starter (add games_started) or a manual override if a known starter/legend; rate the starter, leave backups lower.",low
5,mark-miller,Mark Miller,CLE,1979,QB,69,73,Starting-QB-critical (team): rated on a position prior only — the QB room had no recorded starts/stats to tell the starter from his backups.,"Confirm the season's starter (add games_started) or a manual override if a known starter/legend; rate the starter, leave backups lower.",low
5,danny-white,Danny White,DAL,1979,QB,69,73,Starting-QB-critical (team): rated on a position prior only — the QB room had no recorded starts/stats to tell the starter from his backups.,"Confirm the season's starter (add games_started) or a manual override if a known starter/legend; rate the starter, leave backups lower.",low
5,glenn-carano,Glenn Carano,DAL,1979,QB,69,73,Starting-QB-critical (team): rated on a position prior only — the QB room had no recorded starts/stats to tell the starter from his backups.,"Confirm the season's starter (add games_started) or a manual override if a known starter/legend; rate the starter, leave backups lower.",low
5,roger-staubach,Roger Staubach,DAL,1979,QB,69,73,Starting-QB-critical (team): rated on a position prior only — the QB room had no recorded starts/stats to tell the starter from his backups.,"Confirm the season's starter (add games_started) or a manual override if a known starter/legend; rate the starter, leave backups lower.",low
5,craig-morton,Craig Morton,DEN,1979,QB,69,73,Starting-QB-critical (team): rated on a position prior only — the QB room had no recorded starts/stats to tell the starter from his backups.,"Confirm the season's starter (add games_started) or a manual override if a known starter/legend; rate the starter, leave backups lower.",low
5,craig-penrose,Craig Penrose,DEN,1979,QB,70,73,Starting-QB-critical (team): rated on a position prior only — the QB room had no recorded starts/stats to tell the starter from his backups.,"Confirm the season's starter (add games_started) or a manual override if a known starter/legend; rate the starter, leave backups lower.",low
5,norris-weese,Norris Weese,DEN,1979,QB,70,73,Starting-QB-critical (team): rated on a position prior only — the QB room had no recorded starts/stats to tell the starter from his backups.,"Confirm the season's starter (add games_started) or a manual override if a known starter/legend; rate the starter, leave backups lower.",low
5,jeff-komlo,Jeff Komlo,DET,1979,QB,70,73,Starting-QB-critical (team): rated on a position prior only — the QB room had no recorded starts/stats to tell the starter from his backups.,"Confirm the season's starter (add games_started) or a manual override if a known starter/legend; rate the starter, leave backups lower.",low
5,joe-reed,Joe Reed,DET,1979,QB,70,73,Starting-QB-critical (team): rated on a position prior only — the QB room had no recorded starts/stats to tell the starter from his backups.,"Confirm the season's starter (add games_started) or a manual override if a known starter/legend; rate the starter, leave backups lower.",low
5,scott-hunter,Scott Hunter,DET,1979,QB,70,73,Starting-QB-critical (team): rated on a position prior only — the QB room had no recorded starts/stats to tell the starter from his backups.,"Confirm the season's starter (add games_started) or a manual override if a known starter/legend; rate the starter, leave backups lower.",low
5,david-whitehurst,David Whitehurst,GB,1979,QB,70,73,Starting-QB-critical (team): rated on a position prior only — the QB room had no recorded starts/stats to tell the starter from his backups.,"Confirm the season's starter (add games_started) or a manual override if a known starter/legend; rate the starter, leave backups lower.",low
5,lynn-dickey,Lynn Dickey,GB,1979,QB,70,73,Starting-QB-critical (team): rated on a position prior only — the QB room had no recorded starts/stats to tell the starter from his backups.,"Confirm the season's starter (add games_started) or a manual override if a known starter/legend; rate the starter, leave backups lower.",low
5,bert-jones,Bert Jones,IND,1979,QB,70,73,Starting-QB-critical (team): rated on a position prior only — the QB room had no recorded starts/stats to tell the starter from his backups.,"Confirm the season's starter (add games_started) or a manual override if a known starter/legend; rate the starter, leave backups lower.",low
5,greg-landry,Greg Landry,IND,1979,QB,70,73,Starting-QB-critical (team): rated on a position prior only — the QB room had no recorded starts/stats to tell the starter from his backups.,"Confirm the season's starter (add games_started) or a manual override if a known starter/legend; rate the starter, leave backups lower.",low
5,jerry-golsteyn,Jerry Golsteyn,IND,1979,QB,70,73,Starting-QB-critical (team): rated on a position prior only — the QB room had no recorded starts/stats to tell the starter from his backups.,"Confirm the season's starter (add games_started) or a manual override if a known starter/legend; rate the starter, leave backups lower.",low
5,bill-kenney,Bill Kenney,KC,1979,QB,70,73,Starting-QB-critical (team): rated on a position prior only — the QB room had no recorded starts/stats to tell the starter from his backups.,"Confirm the season's starter (add games_started) or a manual override if a known starter/legend; rate the starter, leave backups lower.",low
5,mike-livingston,Mike Livingston,KC,1979,QB,70,73,Starting-QB-critical (team): rated on a position prior only — the QB room had no recorded starts/stats to tell the starter from his backups.,"Confirm the season's starter (add games_started) or a manual override if a known starter/legend; rate the starter, leave backups lower.",low
5,steve-fuller,Steve Fuller,KC,1979,QB,70,73,Starting-QB-critical (team): rated on a position prior only — the QB room had no recorded starts/stats to tell the starter from his backups.,"Confirm the season's starter (add games_started) or a manual override if a known starter/legend; rate the starter, leave backups lower.",low
5,cliff-olander,Cliff Olander,LAC,1979,QB,70,73,Starting-QB-critical (team): rated on a position prior only — the QB room had no recorded starts/stats to tell the starter from his backups.,"Confirm the season's starter (add games_started) or a manual override if a known starter/legend; rate the starter, leave backups lower.",low
5,dan-fouts,Dan Fouts,LAC,1979,QB,70,73,Starting-QB-critical (team): rated on a position prior only — the QB room had no recorded starts/stats to tell the starter from his backups.,"Confirm the season's starter (add games_started) or a manual override if a known starter/legend; rate the starter, leave backups lower.",low
5,james-harris,James Harris,LAC,1979,QB,70,73,Starting-QB-critical (team): rated on a position prior only — the QB room had no recorded starts/stats to tell the starter from his backups.,"Confirm the season's starter (add games_started) or a manual override if a known starter/legend; rate the starter, leave backups lower.",low
5,david-humm,David Humm,LV,1979,QB,70,73,Starting-QB-critical (team): rated on a position prior only — the QB room had no recorded starts/stats to tell the starter from his backups.,"Confirm the season's starter (add games_started) or a manual override if a known starter/legend; rate the starter, leave backups lower.",low
5,jim-plunkett,Jim Plunkett,LV,1979,QB,70,73,Starting-QB-critical (team): rated on a position prior only — the QB room had no recorded starts/stats to tell the starter from his backups.,"Confirm the season's starter (add games_started) or a manual override if a known starter/legend; rate the starter, leave backups lower.",low
5,ken-stabler,Ken Stabler,LV,1979,QB,70,73,Starting-QB-critical (team): rated on a position prior only — the QB room had no recorded starts/stats to tell the starter from his backups.,"Confirm the season's starter (add games_started) or a manual override if a known starter/legend; rate the starter, leave backups lower.",low
5,bob-griese,Bob Griese,MIA,1979,QB,70,73,Starting-QB-critical (team): rated on a position prior only — the QB room had no recorded starts/stats to tell the starter from his backups.,"Confirm the season's starter (add games_started) or a manual override if a known starter/legend; rate the starter, leave backups lower.",low
5,don-strock,Don Strock,MIA,1979,QB,70,73,Starting-QB-critical (team): rated on a position prior only — the QB room had no recorded starts/stats to tell the starter from his backups.,"Confirm the season's starter (add games_started) or a manual override if a known starter/legend; rate the starter, leave backups lower.",low
5,guy-benjamin,Guy Benjamin,MIA,1979,QB,71,73,Starting-QB-critical (team): rated on a position prior only — the QB room had no recorded starts/stats to tell the starter from his backups.,"Confirm the season's starter (add games_started) or a manual override if a known starter/legend; rate the starter, leave backups lower.",low
5,john-reaves,John Reaves,MIN,1979,QB,71,73,Starting-QB-critical (team): rated on a position prior only — the QB room had no recorded starts/stats to tell the starter from his backups.,"Confirm the season's starter (add games_started) or a manual override if a known starter/legend; rate the starter, leave backups lower.",low
5,steve-dils,Steve Dils,MIN,1979,QB,71,73,Starting-QB-critical (team): rated on a position prior only — the QB room had no recorded starts/stats to tell the starter from his backups.,"Confirm the season's starter (add games_started) or a manual override if a known starter/legend; rate the starter, leave backups lower.",low
5,tommy-kramer,Tommy Kramer,MIN,1979,QB,71,73,Starting-QB-critical (team): rated on a position prior only — the QB room had no recorded starts/stats to tell the starter from his backups.,"Confirm the season's starter (add games_started) or a manual override if a known starter/legend; rate the starter, leave backups lower.",low
5,00-0002828,Matt Cavanaugh,NE,1979,QB,71,73,Starting-QB-critical (team): rated on a position prior only — the QB room had no recorded starts/stats to tell the starter from his backups.,"Confirm the season's starter (add games_started) or a manual override if a known starter/legend; rate the starter, leave backups lower.",low
5,steve-grogan,Steve Grogan,NE,1979,QB,71,73,Starting-QB-critical (team): rated on a position prior only — the QB room had no recorded starts/stats to tell the starter from his backups.,"Confirm the season's starter (add games_started) or a manual override if a known starter/legend; rate the starter, leave backups lower.",low
5,tom-owen,Tom Owen,NE,1979,QB,71,73,Starting-QB-critical (team): rated on a position prior only — the QB room had no recorded starts/stats to tell the starter from his backups.,"Confirm the season's starter (add games_started) or a manual override if a known starter/legend; rate the starter, leave backups lower.",low
5,archie-manning,Archie Manning,NO,1979,QB,71,73,Starting-QB-critical (team): rated on a position prior only — the QB room had no recorded starts/stats to tell the starter from his backups.,"Confirm the season's starter (add games_started) or a manual override if a known starter/legend; rate the starter, leave backups lower.",low
5,bobby-scott,Bobby Scott,NO,1979,QB,71,73,Starting-QB-critical (team): rated on a position prior only — the QB room had no recorded starts/stats to tell the starter from his backups.,"Confirm the season's starter (add games_started) or a manual override if a known starter/legend; rate the starter, leave backups lower.",low
5,ed-burns,Ed Burns,NO,1979,QB,71,73,Starting-QB-critical (team): rated on a position prior only — the QB room had no recorded starts/stats to tell the starter from his backups.,"Confirm the season's starter (add games_started) or a manual override if a known starter/legend; rate the starter, leave backups lower.",low
5,dave-rader,Dave Rader,NYG,1979,QB,71,73,Starting-QB-critical (team): rated on a position prior only — the QB room had no recorded starts/stats to tell the starter from his backups.,"Confirm the season's starter (add games_started) or a manual override if a known starter/legend; rate the starter, leave backups lower.",low
5,joe-pisarcik,Joe Pisarcik,NYG,1979,QB,71,73,Starting-QB-critical (team): rated on a position prior only — the QB room had no recorded starts/stats to tell the starter from his backups.,"Confirm the season's starter (add games_started) or a manual override if a known starter/legend; rate the starter, leave backups lower.",low
5,00-0014922,Phil Simms,NYG,1979,QB,71,73,Starting-QB-critical (team): rated on a position prior only — the QB room had no recorded starts/stats to tell the starter from his backups.,"Confirm the season's starter (add games_started) or a manual override if a known starter/legend; rate the starter, leave backups lower.",low
5,randy-dean,Randy Dean,NYG,1979,QB,71,73,Starting-QB-critical (team): rated on a position prior only — the QB room had no recorded starts/stats to tell the starter from his backups.,"Confirm the season's starter (add games_started) or a manual override if a known starter/legend; rate the starter, leave backups lower.",low
5,matt-robinson,Matt Robinson,NYJ,1979,QB,71,73,Starting-QB-critical (team): rated on a position prior only — the QB room had no recorded starts/stats to tell the starter from his backups.,"Confirm the season's starter (add games_started) or a manual override if a known starter/legend; rate the starter, leave backups lower.",low
5,00-0014225,Pat Ryan,NYJ,1979,QB,71,73,Starting-QB-critical (team): rated on a position prior only — the QB room had no recorded starts/stats to tell the starter from his backups.,"Confirm the season's starter (add games_started) or a manual override if a known starter/legend; rate the starter, leave backups lower.",low
5,richard-todd,Richard Todd,NYJ,1979,QB,71,73,Starting-QB-critical (team): rated on a position prior only — the QB room had no recorded starts/stats to tell the starter from his backups.,"Confirm the season's starter (add games_started) or a manual override if a known starter/legend; rate the starter, leave backups lower.",low
5,john-walton,John Walton,PHI,1979,QB,71,73,Starting-QB-critical (team): rated on a position prior only — the QB room had no recorded starts/stats to tell the starter from his backups.,"Confirm the season's starter (add games_started) or a manual override if a known starter/legend; rate the starter, leave backups lower.",low
5,ron-jaworski,Ron Jaworski,PHI,1979,QB,71,73,Starting-QB-critical (team): rated on a position prior only — the QB room had no recorded starts/stats to tell the starter from his backups.,"Confirm the season's starter (add games_started) or a manual override if a known starter/legend; rate the starter, leave backups lower.",low
5,00-0015777,Cliff Stoudt,PIT,1979,QB,71,73,Starting-QB-critical (team): rated on a position prior only — the QB room had no recorded starts/stats to tell the starter from his backups.,"Confirm the season's starter (add games_started) or a manual override if a known starter/legend; rate the starter, leave backups lower.",low
5,mike-kruczek,Mike Kruczek,PIT,1979,QB,71,73,Starting-QB-critical (team): rated on a position prior only — the QB room had no recorded starts/stats to tell the starter from his backups.,"Confirm the season's starter (add games_started) or a manual override if a known starter/legend; rate the starter, leave backups lower.",low
5,terry-bradshaw,Terry Bradshaw,PIT,1979,QB,72,73,Starting-QB-critical (team): rated on a position prior only — the QB room had no recorded starts/stats to tell the starter from his backups.,"Confirm the season's starter (add games_started) or a manual override if a known starter/legend; rate the starter, leave backups lower.",low
5,jim-zorn,Jim Zorn,SEA,1979,QB,72,73,Starting-QB-critical (team): rated on a position prior only — the QB room had no recorded starts/stats to tell the starter from his backups.,"Confirm the season's starter (add games_started) or a manual override if a known starter/legend; rate the starter, leave backups lower.",low
5,sam-adkins,Sam Adkins,SEA,1979,QB,72,73,Starting-QB-critical (team): rated on a position prior only — the QB room had no recorded starts/stats to tell the starter from his backups.,"Confirm the season's starter (add games_started) or a manual override if a known starter/legend; rate the starter, leave backups lower.",low
5,steve-myer,Steve Myer,SEA,1979,QB,72,73,Starting-QB-critical (team): rated on a position prior only — the QB room had no recorded starts/stats to tell the starter from his backups.,"Confirm the season's starter (add games_started) or a manual override if a known starter/legend; rate the starter, leave backups lower.",low
5,00-0011493,Joe Montana,SF,1979,QB,72,73,Starting-QB-critical (team): rated on a position prior only — the QB room had no recorded starts/stats to tell the starter from his backups.,"Confirm the season's starter (add games_started) or a manual override if a known starter/legend; rate the starter, leave backups lower.",low
5,00-0004116,Steve DeBerg,SF,1979,QB,72,73,Starting-QB-critical (team): rated on a position prior only — the QB room had no recorded starts/stats to tell the starter from his backups.,"Confirm the season's starter (add games_started) or a manual override if a known starter/legend; rate the starter, leave backups lower.",low
5,bob-lee,Bob Lee,STL,1979,QB,72,73,Starting-QB-critical (team): rated on a position prior only — the QB room had no recorded starts/stats to tell the starter from his backups.,"Confirm the season's starter (add games_started) or a manual override if a known starter/legend; rate the starter, leave backups lower.",low
5,00-0014208,Jeff Rutledge,STL,1979,QB,72,73,Starting-QB-critical (team): rated on a position prior only — the QB room had no recorded starts/stats to tell the starter from his backups.,"Confirm the season's starter (add games_started) or a manual override if a known starter/legend; rate the starter, leave backups lower.",low
5,pat-haden,Pat Haden,STL,1979,QB,72,73,Starting-QB-critical (team): rated on a position prior only — the QB room had no recorded starts/stats to tell the starter from his backups.,"Confirm the season's starter (add games_started) or a manual override if a known starter/legend; rate the starter, leave backups lower.",low
5,vince-ferragamo,Vince Ferragamo,STL,1979,QB,72,73,Starting-QB-critical (team): rated on a position prior only — the QB room had no recorded starts/stats to tell the starter from his backups.,"Confirm the season's starter (add games_started) or a manual override if a known starter/legend; rate the starter, leave backups lower.",low
5,chuck-fusina,Chuck Fusina,TB,1979,QB,72,73,Starting-QB-critical (team): rated on a position prior only — the QB room had no recorded starts/stats to tell the starter from his backups.,"Confirm the season's starter (add games_started) or a manual override if a known starter/legend; rate the starter, leave backups lower.",low
5,doug-williams,Doug Williams,TB,1979,QB,72,73,Starting-QB-critical (team): rated on a position prior only — the QB room had no recorded starts/stats to tell the starter from his backups.,"Confirm the season's starter (add games_started) or a manual override if a known starter/legend; rate the starter, leave backups lower.",low
5,mike-rae,Mike Rae,TB,1979,QB,72,73,Starting-QB-critical (team): rated on a position prior only — the QB room had no recorded starts/stats to tell the starter from his backups.,"Confirm the season's starter (add games_started) or a manual override if a known starter/legend; rate the starter, leave backups lower.",low
5,dan-pastorini,Dan Pastorini,TEN,1979,QB,72,73,Starting-QB-critical (team): rated on a position prior only — the QB room had no recorded starts/stats to tell the starter from his backups.,"Confirm the season's starter (add games_started) or a manual override if a known starter/legend; rate the starter, leave backups lower.",low
5,gifford-nielsen,Gifford Nielsen,TEN,1979,QB,72,73,Starting-QB-critical (team): rated on a position prior only — the QB room had no recorded starts/stats to tell the starter from his backups.,"Confirm the season's starter (add games_started) or a manual override if a known starter/legend; rate the starter, leave backups lower.",low
5,fred-mortensen,Fred Mortensen,WAS,1979,QB,72,73,Starting-QB-critical (team): rated on a position prior only — the QB room had no recorded starts/stats to tell the starter from his backups.,"Confirm the season's starter (add games_started) or a manual override if a known starter/legend; rate the starter, leave backups lower.",low
5,joe-theismann,Joe Theismann,WAS,1979,QB,72,73,Starting-QB-critical (team): rated on a position prior only — the QB room had no recorded starts/stats to tell the starter from his backups.,"Confirm the season's starter (add games_started) or a manual override if a known starter/legend; rate the starter, leave backups lower.",low
5,kim-mcquilken,Kim McQuilken,WAS,1979,QB,72,73,Starting-QB-critical (team): rated on a position prior only — the QB room had no recorded starts/stats to tell the starter from his backups.,"Confirm the season's starter (add games_started) or a manual override if a known starter/legend; rate the starter, leave backups lower.",low
5,jim-hart,Jim Hart,ARI,1978,QB,69,73,Starting-QB-critical (team): rated on a position prior only — the QB room had no recorded starts/stats to tell the starter from his backups.,"Confirm the season's starter (add games_started) or a manual override if a known starter/legend; rate the starter, leave backups lower.",low
5,mark-manges,Mark Manges,ARI,1978,QB,69,73,Starting-QB-critical (team): rated on a position prior only — the QB room had no recorded starts/stats to tell the starter from his backups.,"Confirm the season's starter (add games_started) or a manual override if a known starter/legend; rate the starter, leave backups lower.",low
5,steve-pisarkiewicz,Steve Pisarkiewicz,ARI,1978,QB,69,73,Starting-QB-critical (team): rated on a position prior only — the QB room had no recorded starts/stats to tell the starter from his backups.,"Confirm the season's starter (add games_started) or a manual override if a known starter/legend; rate the starter, leave backups lower.",low
5,june-jones,June Jones,ATL,1978,QB,69,73,Starting-QB-critical (team): rated on a position prior only — the QB room had no recorded starts/stats to tell the starter from his backups.,"Confirm the season's starter (add games_started) or a manual override if a known starter/legend; rate the starter, leave backups lower.",low
5,scott-hunter,Scott Hunter,ATL,1978,QB,69,73,Starting-QB-critical (team): rated on a position prior only — the QB room had no recorded starts/stats to tell the starter from his backups.,"Confirm the season's starter (add games_started) or a manual override if a known starter/legend; rate the starter, leave backups lower.",low
5,steve-bartkowski,Steve Bartkowski,ATL,1978,QB,69,73,Starting-QB-critical (team): rated on a position prior only — the QB room had no recorded starts/stats to tell the starter from his backups.,"Confirm the season's starter (add games_started) or a manual override if a known starter/legend; rate the starter, leave backups lower.",low
5,bill-munson,Bill Munson,BUF,1978,QB,69,73,Starting-QB-critical (team): rated on a position prior only — the QB room had no recorded starts/stats to tell the starter from his backups.,"Confirm the season's starter (add games_started) or a manual override if a known starter/legend; rate the starter, leave backups lower.",low
5,dave-mays,Dave Mays,BUF,1978,QB,69,73,Starting-QB-critical (team): rated on a position prior only — the QB room had no recorded starts/stats to tell the starter from his backups.,"Confirm the season's starter (add games_started) or a manual override if a known starter/legend; rate the starter, leave backups lower.",low
5,joe-ferguson,Joe Ferguson,BUF,1978,QB,69,73,Starting-QB-critical (team): rated on a position prior only — the QB room had no recorded starts/stats to tell the starter from his backups.,"Confirm the season's starter (add games_started) or a manual override if a known starter/legend; rate the starter, leave backups lower.",low
5,bob-avellini,Bob Avellini,CHI,1978,QB,69,73,Starting-QB-critical (team): rated on a position prior only — the QB room had no recorded starts/stats to tell the starter from his backups.,"Confirm the season's starter (add games_started) or a manual override if a known starter/legend; rate the starter, leave backups lower.",low
5,mike-phipps,Mike Phipps,CHI,1978,QB,69,73,Starting-QB-critical (team): rated on a position prior only — the QB room had no recorded starts/stats to tell the starter from his backups.,"Confirm the season's starter (add games_started) or a manual override if a known starter/legend; rate the starter, leave backups lower.",low
5,00-0005010,Vince Evans,CHI,1978,QB,69,73,Starting-QB-critical (team): rated on a position prior only — the QB room had no recorded starts/stats to tell the starter from his backups.,"Confirm the season's starter (add games_started) or a manual override if a known starter/legend; rate the starter, leave backups lower.",low
5,john-reaves,John Reaves,CIN,1978,QB,69,73,Starting-QB-critical (team): rated on a position prior only — the QB room had no recorded starts/stats to tell the starter from his backups.,"Confirm the season's starter (add games_started) or a manual override if a known starter/legend; rate the starter, leave backups lower.",low
5,ken-anderson,Ken Anderson,CIN,1978,QB,69,73,Starting-QB-critical (team): rated on a position prior only — the QB room had no recorded starts/stats to tell the starter from his backups.,"Confirm the season's starter (add games_started) or a manual override if a known starter/legend; rate the starter, leave backups lower.",low
5,rob-hertel,Rob Hertel,CIN,1978,QB,69,73,Starting-QB-critical (team): rated on a position prior only — the QB room had no recorded starts/stats to tell the starter from his backups.,"Confirm the season's starter (add games_started) or a manual override if a known starter/legend; rate the starter, leave backups lower.",low
5,brian-sipe,Brian Sipe,CLE,1978,QB,69,73,Starting-QB-critical (team): rated on a position prior only — the QB room had no recorded starts/stats to tell the starter from his backups.,"Confirm the season's starter (add games_started) or a manual override if a known starter/legend; rate the starter, leave backups lower.",low
5,mark-miller,Mark Miller,CLE,1978,QB,69,73,Starting-QB-critical (team): rated on a position prior only — the QB room had no recorded starts/stats to tell the starter from his backups.,"Confirm the season's starter (add games_started) or a manual override if a known starter/legend; rate the starter, leave backups lower.",low
5,danny-white,Danny White,DAL,1978,QB,69,73,Starting-QB-critical (team): rated on a position prior only — the QB room had no recorded starts/stats to tell the starter from his backups.,"Confirm the season's starter (add games_started) or a manual override if a known starter/legend; rate the starter, leave backups lower.",low
5,glenn-carano,Glenn Carano,DAL,1978,QB,69,73,Starting-QB-critical (team): rated on a position prior only — the QB room had no recorded starts/stats to tell the starter from his backups.,"Confirm the season's starter (add games_started) or a manual override if a known starter/legend; rate the starter, leave backups lower.",low
5,roger-staubach,Roger Staubach,DAL,1978,QB,69,73,Starting-QB-critical (team): rated on a position prior only — the QB room had no recorded starts/stats to tell the starter from his backups.,"Confirm the season's starter (add games_started) or a manual override if a known starter/legend; rate the starter, leave backups lower.",low
5,craig-morton,Craig Morton,DEN,1978,QB,70,73,Starting-QB-critical (team): rated on a position prior only — the QB room had no recorded starts/stats to tell the starter from his backups.,"Confirm the season's starter (add games_started) or a manual override if a known starter/legend; rate the starter, leave backups lower.",low
5,craig-penrose,Craig Penrose,DEN,1978,QB,70,73,Starting-QB-critical (team): rated on a position prior only — the QB room had no recorded starts/stats to tell the starter from his backups.,"Confirm the season's starter (add games_started) or a manual override if a known starter/legend; rate the starter, leave backups lower.",low
5,norris-weese,Norris Weese,DEN,1978,QB,70,73,Starting-QB-critical (team): rated on a position prior only — the QB room had no recorded starts/stats to tell the starter from his backups.,"Confirm the season's starter (add games_started) or a manual override if a known starter/legend; rate the starter, leave backups lower.",low
5,gary-danielson,Gary Danielson,DET,1978,QB,70,73,Starting-QB-critical (team): rated on a position prior only — the QB room had no recorded starts/stats to tell the starter from his backups.,"Confirm the season's starter (add games_started) or a manual override if a known starter/legend; rate the starter, leave backups lower.",low
5,greg-landry,Greg Landry,DET,1978,QB,70,73,Starting-QB-critical (team): rated on a position prior only — the QB room had no recorded starts/stats to tell the starter from his backups.,"Confirm the season's starter (add games_started) or a manual override if a known starter/legend; rate the starter, leave backups lower.",low
5,joe-reed,Joe Reed,DET,1978,QB,70,73,Starting-QB-critical (team): rated on a position prior only — the QB room had no recorded starts/stats to tell the starter from his backups.,"Confirm the season's starter (add games_started) or a manual override if a known starter/legend; rate the starter, leave backups lower.",low
5,bobby-douglass,Bobby Douglass,GB,1978,QB,70,73,Starting-QB-critical (team): rated on a position prior only — the QB room had no recorded starts/stats to tell the starter from his backups.,"Confirm the season's starter (add games_started) or a manual override if a known starter/legend; rate the starter, leave backups lower.",low
5,david-whitehurst,David Whitehurst,GB,1978,QB,70,73,Starting-QB-critical (team): rated on a position prior only — the QB room had no recorded starts/stats to tell the starter from his backups.,"Confirm the season's starter (add games_started) or a manual override if a known starter/legend; rate the starter, leave backups lower.",low
5,dennis-sproul,Dennis Sproul,GB,1978,QB,70,73,Starting-QB-critical (team): rated on a position prior only — the QB room had no recorded starts/stats to tell the starter from his backups.,"Confirm the season's starter (add games_started) or a manual override if a known starter/legend; rate the starter, leave backups lower.",low
5,neil-graff,Neil Graff,GB,1978,QB,70,73,Starting-QB-critical (team): rated on a position prior only — the QB room had no recorded starts/stats to tell the starter from his backups.,"Confirm the season's starter (add games_started) or a manual override if a known starter/legend; rate the starter, leave backups lower.",low
5,bert-jones,Bert Jones,IND,1978,QB,70,73,Starting-QB-critical (team): rated on a position prior only — the QB room had no recorded starts/stats to tell the starter from his backups.,"Confirm the season's starter (add games_started) or a manual override if a known starter/legend; rate the starter, leave backups lower.",low
5,bill-troup,Bill Troup,IND,1978,QB,70,73,Starting-QB-critical (team): rated on a position prior only — the QB room had no recorded starts/stats to tell the starter from his backups.,"Confirm the season's starter (add games_started) or a manual override if a known starter/legend; rate the starter, leave backups lower.",low
5,mike-kirkland,Mike Kirkland,IND,1978,QB,70,73,Starting-QB-critical (team): rated on a position prior only — the QB room had no recorded starts/stats to tell the starter from his backups.,"Confirm the season's starter (add games_started) or a manual override if a known starter/legend; rate the starter, leave backups lower.",low
5,dennis-shaw,Dennis Shaw,KC,1978,QB,70,73,Starting-QB-critical (team): rated on a position prior only — the QB room had no recorded starts/stats to tell the starter from his backups.,"Confirm the season's starter (add games_started) or a manual override if a known starter/legend; rate the starter, leave backups lower.",low
5,mike-livingston,Mike Livingston,KC,1978,QB,70,73,Starting-QB-critical (team): rated on a position prior only — the QB room had no recorded starts/stats to tell the starter from his backups.,"Confirm the season's starter (add games_started) or a manual override if a known starter/legend; rate the starter, leave backups lower.",low
5,tony-adams,Tony Adams,KC,1978,QB,70,73,Starting-QB-critical (team): rated on a position prior only — the QB room had no recorded starts/stats to tell the starter from his backups.,"Confirm the season's starter (add games_started) or a manual override if a known starter/legend; rate the starter, leave backups lower.",low
5,cliff-olander,Cliff Olander,LAC,1978,QB,70,73,Starting-QB-critical (team): rated on a position prior only — the QB room had no recorded starts/stats to tell the starter from his backups.,"Confirm the season's starter (add games_started) or a manual override if a known starter/legend; rate the starter, leave backups lower.",low
5,dan-fouts,Dan Fouts,LAC,1978,QB,70,73,Starting-QB-critical (team): rated on a position prior only — the QB room had no recorded starts/stats to tell the starter from his backups.,"Confirm the season's starter (add games_started) or a manual override if a known starter/legend; rate the starter, leave backups lower.",low
5,james-harris,James Harris,LAC,1978,QB,70,73,Starting-QB-critical (team): rated on a position prior only — the QB room had no recorded starts/stats to tell the starter from his backups.,"Confirm the season's starter (add games_started) or a manual override if a known starter/legend; rate the starter, leave backups lower.",low
5,david-humm,David Humm,LV,1978,QB,70,73,Starting-QB-critical (team): rated on a position prior only — the QB room had no recorded starts/stats to tell the starter from his backups.,"Confirm the season's starter (add games_started) or a manual override if a known starter/legend; rate the starter, leave backups lower.",low
5,jim-plunkett,Jim Plunkett,LV,1978,QB,70,73,Starting-QB-critical (team): rated on a position prior only — the QB room had no recorded starts/stats to tell the starter from his backups.,"Confirm the season's starter (add games_started) or a manual override if a known starter/legend; rate the starter, leave backups lower.",low
5,ken-stabler,Ken Stabler,LV,1978,QB,70,73,Starting-QB-critical (team): rated on a position prior only — the QB room had no recorded starts/stats to tell the starter from his backups.,"Confirm the season's starter (add games_started) or a manual override if a known starter/legend; rate the starter, leave backups lower.",low
5,bob-griese,Bob Griese,MIA,1978,QB,71,73,Starting-QB-critical (team): rated on a position prior only — the QB room had no recorded starts/stats to tell the starter from his backups.,"Confirm the season's starter (add games_started) or a manual override if a known starter/legend; rate the starter, leave backups lower.",low
5,don-strock,Don Strock,MIA,1978,QB,71,73,Starting-QB-critical (team): rated on a position prior only — the QB room had no recorded starts/stats to tell the starter from his backups.,"Confirm the season's starter (add games_started) or a manual override if a known starter/legend; rate the starter, leave backups lower.",low
5,guy-benjamin,Guy Benjamin,MIA,1978,QB,71,73,Starting-QB-critical (team): rated on a position prior only — the QB room had no recorded starts/stats to tell the starter from his backups.,"Confirm the season's starter (add games_started) or a manual override if a known starter/legend; rate the starter, leave backups lower.",low
5,bob-lee,Bob Lee,MIN,1978,QB,71,73,Starting-QB-critical (team): rated on a position prior only — the QB room had no recorded starts/stats to tell the starter from his backups.,"Confirm the season's starter (add games_started) or a manual override if a known starter/legend; rate the starter, leave backups lower.",low
5,fran-tarkenton,Fran Tarkenton,MIN,1978,QB,71,73,Starting-QB-critical (team): rated on a position prior only — the QB room had no recorded starts/stats to tell the starter from his backups.,"Confirm the season's starter (add games_started) or a manual override if a known starter/legend; rate the starter, leave backups lower.",low
5,tommy-kramer,Tommy Kramer,MIN,1978,QB,71,73,Starting-QB-critical (team): rated on a position prior only — the QB room had no recorded starts/stats to tell the starter from his backups.,"Confirm the season's starter (add games_started) or a manual override if a known starter/legend; rate the starter, leave backups lower.",low
5,00-0002828,Matt Cavanaugh,NE,1978,QB,71,73,Starting-QB-critical (team): rated on a position prior only — the QB room had no recorded starts/stats to tell the starter from his backups.,"Confirm the season's starter (add games_started) or a manual override if a known starter/legend; rate the starter, leave backups lower.",low
5,steve-grogan,Steve Grogan,NE,1978,QB,71,73,Starting-QB-critical (team): rated on a position prior only — the QB room had no recorded starts/stats to tell the starter from his backups.,"Confirm the season's starter (add games_started) or a manual override if a known starter/legend; rate the starter, leave backups lower.",low
5,tom-owen,Tom Owen,NE,1978,QB,71,73,Starting-QB-critical (team): rated on a position prior only — the QB room had no recorded starts/stats to tell the starter from his backups.,"Confirm the season's starter (add games_started) or a manual override if a known starter/legend; rate the starter, leave backups lower.",low
5,archie-manning,Archie Manning,NO,1978,QB,71,73,Starting-QB-critical (team): rated on a position prior only — the QB room had no recorded starts/stats to tell the starter from his backups.,"Confirm the season's starter (add games_started) or a manual override if a known starter/legend; rate the starter, leave backups lower.",low
5,bobby-scott,Bobby Scott,NO,1978,QB,71,73,Starting-QB-critical (team): rated on a position prior only — the QB room had no recorded starts/stats to tell the starter from his backups.,"Confirm the season's starter (add games_started) or a manual override if a known starter/legend; rate the starter, leave backups lower.",low
5,ed-burns,Ed Burns,NO,1978,QB,71,73,Starting-QB-critical (team): rated on a position prior only — the QB room had no recorded starts/stats to tell the starter from his backups.,"Confirm the season's starter (add games_started) or a manual override if a known starter/legend; rate the starter, leave backups lower.",low
5,fred-besana,Fred Besana,NYG,1978,QB,71,73,Starting-QB-critical (team): rated on a position prior only — the QB room had no recorded starts/stats to tell the starter from his backups.,"Confirm the season's starter (add games_started) or a manual override if a known starter/legend; rate the starter, leave backups lower.",low
5,jerry-golsteyn,Jerry Golsteyn,NYG,1978,QB,71,73,Starting-QB-critical (team): rated on a position prior only — the QB room had no recorded starts/stats to tell the starter from his backups.,"Confirm the season's starter (add games_started) or a manual override if a known starter/legend; rate the starter, leave backups lower.",low
5,joe-pisarcik,Joe Pisarcik,NYG,1978,QB,71,73,Starting-QB-critical (team): rated on a position prior only — the QB room had no recorded starts/stats to tell the starter from his backups.,"Confirm the season's starter (add games_started) or a manual override if a known starter/legend; rate the starter, leave backups lower.",low
5,randy-dean,Randy Dean,NYG,1978,QB,71,73,Starting-QB-critical (team): rated on a position prior only — the QB room had no recorded starts/stats to tell the starter from his backups.,"Confirm the season's starter (add games_started) or a manual override if a known starter/legend; rate the starter, leave backups lower.",low
5,matt-robinson,Matt Robinson,NYJ,1978,QB,71,73,Starting-QB-critical (team): rated on a position prior only — the QB room had no recorded starts/stats to tell the starter from his backups.,"Confirm the season's starter (add games_started) or a manual override if a known starter/legend; rate the starter, leave backups lower.",low
5,00-0014225,Pat Ryan,NYJ,1978,QB,71,73,Starting-QB-critical (team): rated on a position prior only — the QB room had no recorded starts/stats to tell the starter from his backups.,"Confirm the season's starter (add games_started) or a manual override if a known starter/legend; rate the starter, leave backups lower.",low
5,richard-todd,Richard Todd,NYJ,1978,QB,71,73,Starting-QB-critical (team): rated on a position prior only — the QB room had no recorded starts/stats to tell the starter from his backups.,"Confirm the season's starter (add games_started) or a manual override if a known starter/legend; rate the starter, leave backups lower.",low
5,john-walton,John Walton,PHI,1978,QB,71,73,Starting-QB-critical (team): rated on a position prior only — the QB room had no recorded starts/stats to tell the starter from his backups.,"Confirm the season's starter (add games_started) or a manual override if a known starter/legend; rate the starter, leave backups lower.",low
5,ron-jaworski,Ron Jaworski,PHI,1978,QB,71,73,Starting-QB-critical (team): rated on a position prior only — the QB room had no recorded starts/stats to tell the starter from his backups.,"Confirm the season's starter (add games_started) or a manual override if a known starter/legend; rate the starter, leave backups lower.",low
5,jim-zorn,Jim Zorn,SEA,1978,QB,72,73,Starting-QB-critical (team): rated on a position prior only — the QB room had no recorded starts/stats to tell the starter from his backups.,"Confirm the season's starter (add games_started) or a manual override if a known starter/legend; rate the starter, leave backups lower.",low
5,sam-adkins,Sam Adkins,SEA,1978,QB,72,73,Starting-QB-critical (team): rated on a position prior only — the QB room had no recorded starts/stats to tell the starter from his backups.,"Confirm the season's starter (add games_started) or a manual override if a known starter/legend; rate the starter, leave backups lower.",low
5,steve-myer,Steve Myer,SEA,1978,QB,72,73,Starting-QB-critical (team): rated on a position prior only — the QB room had no recorded starts/stats to tell the starter from his backups.,"Confirm the season's starter (add games_started) or a manual override if a known starter/legend; rate the starter, leave backups lower.",low
5,scott-bull,Scott Bull,SF,1978,QB,72,73,Starting-QB-critical (team): rated on a position prior only — the QB room had no recorded starts/stats to tell the starter from his backups.,"Confirm the season's starter (add games_started) or a manual override if a known starter/legend; rate the starter, leave backups lower.",low
5,00-0004116,Steve DeBerg,SF,1978,QB,72,73,Starting-QB-critical (team): rated on a position prior only — the QB room had no recorded starts/stats to tell the starter from his backups.,"Confirm the season's starter (add games_started) or a manual override if a known starter/legend; rate the starter, leave backups lower.",low
5,pat-haden,Pat Haden,STL,1978,QB,72,73,Starting-QB-critical (team): rated on a position prior only — the QB room had no recorded starts/stats to tell the starter from his backups.,"Confirm the season's starter (add games_started) or a manual override if a known starter/legend; rate the starter, leave backups lower.",low
5,vince-ferragamo,Vince Ferragamo,STL,1978,QB,72,73,Starting-QB-critical (team): rated on a position prior only — the QB room had no recorded starts/stats to tell the starter from his backups.,"Confirm the season's starter (add games_started) or a manual override if a known starter/legend; rate the starter, leave backups lower.",low
5,doug-williams,Doug Williams,TB,1978,QB,72,73,Starting-QB-critical (team): rated on a position prior only — the QB room had no recorded starts/stats to tell the starter from his backups.,"Confirm the season's starter (add games_started) or a manual override if a known starter/legend; rate the starter, leave backups lower.",low
5,gary-huff,Gary Huff,TB,1978,QB,72,73,Starting-QB-critical (team): rated on a position prior only — the QB room had no recorded starts/stats to tell the starter from his backups.,"Confirm the season's starter (add games_started) or a manual override if a known starter/legend; rate the starter, leave backups lower.",low
5,mike-boryla,Mike Boryla,TB,1978,QB,72,73,Starting-QB-critical (team): rated on a position prior only — the QB room had no recorded starts/stats to tell the starter from his backups.,"Confirm the season's starter (add games_started) or a manual override if a known starter/legend; rate the starter, leave backups lower.",low
5,mike-rae,Mike Rae,TB,1978,QB,72,73,Starting-QB-critical (team): rated on a position prior only — the QB room had no recorded starts/stats to tell the starter from his backups.,"Confirm the season's starter (add games_started) or a manual override if a known starter/legend; rate the starter, leave backups lower.",low
5,dan-pastorini,Dan Pastorini,TEN,1978,QB,72,73,Starting-QB-critical (team): rated on a position prior only — the QB room had no recorded starts/stats to tell the starter from his backups.,"Confirm the season's starter (add games_started) or a manual override if a known starter/legend; rate the starter, leave backups lower.",low
5,gifford-nielsen,Gifford Nielsen,TEN,1978,QB,72,73,Starting-QB-critical (team): rated on a position prior only — the QB room had no recorded starts/stats to tell the starter from his backups.,"Confirm the season's starter (add games_started) or a manual override if a known starter/legend; rate the starter, leave backups lower.",low
5,tom-duniven,Tom Duniven,TEN,1978,QB,72,73,Starting-QB-critical (team): rated on a position prior only — the QB room had no recorded starts/stats to tell the starter from his backups.,"Confirm the season's starter (add games_started) or a manual override if a known starter/legend; rate the starter, leave backups lower.",low
5,billy-kilmer,Billy Kilmer,WAS,1978,QB,72,73,Starting-QB-critical (team): rated on a position prior only — the QB room had no recorded starts/stats to tell the starter from his backups.,"Confirm the season's starter (add games_started) or a manual override if a known starter/legend; rate the starter, leave backups lower.",low
5,joe-theismann,Joe Theismann,WAS,1978,QB,72,73,Starting-QB-critical (team): rated on a position prior only — the QB room had no recorded starts/stats to tell the starter from his backups.,"Confirm the season's starter (add games_started) or a manual override if a known starter/legend; rate the starter, leave backups lower.",low
5,kim-mcquilken,Kim McQuilken,WAS,1978,QB,72,73,Starting-QB-critical (team): rated on a position prior only — the QB room had no recorded starts/stats to tell the starter from his backups.,"Confirm the season's starter (add games_started) or a manual override if a known starter/legend; rate the starter, leave backups lower.",low
5,billy-donckers,Billy Donckers,ARI,1977,QB,69,73,Starting-QB-critical (team): rated on a position prior only — the QB room had no recorded starts/stats to tell the starter from his backups.,"Confirm the season's starter (add games_started) or a manual override if a known starter/legend; rate the starter, leave backups lower.",low
5,jim-hart,Jim Hart,ARI,1977,QB,69,73,Starting-QB-critical (team): rated on a position prior only — the QB room had no recorded starts/stats to tell the starter from his backups.,"Confirm the season's starter (add games_started) or a manual override if a known starter/legend; rate the starter, leave backups lower.",low
5,steve-pisarkiewicz,Steve Pisarkiewicz,ARI,1977,QB,69,73,Starting-QB-critical (team): rated on a position prior only — the QB room had no recorded starts/stats to tell the starter from his backups.,"Confirm the season's starter (add games_started) or a manual override if a known starter/legend; rate the starter, leave backups lower.",low
5,june-jones,June Jones,ATL,1977,QB,69,73,Starting-QB-critical (team): rated on a position prior only — the QB room had no recorded starts/stats to tell the starter from his backups.,"Confirm the season's starter (add games_started) or a manual override if a known starter/legend; rate the starter, leave backups lower.",low
5,kim-mcquilken,Kim McQuilken,ATL,1977,QB,69,73,Starting-QB-critical (team): rated on a position prior only — the QB room had no recorded starts/stats to tell the starter from his backups.,"Confirm the season's starter (add games_started) or a manual override if a known starter/legend; rate the starter, leave backups lower.",low
5,scott-hunter,Scott Hunter,ATL,1977,QB,69,73,Starting-QB-critical (team): rated on a position prior only — the QB room had no recorded starts/stats to tell the starter from his backups.,"Confirm the season's starter (add games_started) or a manual override if a known starter/legend; rate the starter, leave backups lower.",low
5,steve-bartkowski,Steve Bartkowski,ATL,1977,QB,69,73,Starting-QB-critical (team): rated on a position prior only — the QB room had no recorded starts/stats to tell the starter from his backups.,"Confirm the season's starter (add games_started) or a manual override if a known starter/legend; rate the starter, leave backups lower.",low
5,fred-besana,Fred Besana,BUF,1977,QB,69,73,Starting-QB-critical (team): rated on a position prior only — the QB room had no recorded starts/stats to tell the starter from his backups.,"Confirm the season's starter (add games_started) or a manual override if a known starter/legend; rate the starter, leave backups lower.",low
5,joe-ferguson,Joe Ferguson,BUF,1977,QB,69,73,Starting-QB-critical (team): rated on a position prior only — the QB room had no recorded starts/stats to tell the starter from his backups.,"Confirm the season's starter (add games_started) or a manual override if a known starter/legend; rate the starter, leave backups lower.",low
5,ken-johnson,Ken Johnson,BUF,1977,QB,69,73,Starting-QB-critical (team): rated on a position prior only — the QB room had no recorded starts/stats to tell the starter from his backups.,"Confirm the season's starter (add games_started) or a manual override if a known starter/legend; rate the starter, leave backups lower.",low
5,bob-avellini,Bob Avellini,CHI,1977,QB,69,73,Starting-QB-critical (team): rated on a position prior only — the QB room had no recorded starts/stats to tell the starter from his backups.,"Confirm the season's starter (add games_started) or a manual override if a known starter/legend; rate the starter, leave backups lower.",low
5,mike-phipps,Mike Phipps,CHI,1977,QB,69,73,Starting-QB-critical (team): rated on a position prior only — the QB room had no recorded starts/stats to tell the starter from his backups.,"Confirm the season's starter (add games_started) or a manual override if a known starter/legend; rate the starter, leave backups lower.",low
5,00-0005010,Vince Evans,CHI,1977,QB,69,73,Starting-QB-critical (team): rated on a position prior only — the QB room had no recorded starts/stats to tell the starter from his backups.,"Confirm the season's starter (add games_started) or a manual override if a known starter/legend; rate the starter, leave backups lower.",low
5,john-reaves,John Reaves,CIN,1977,QB,69,73,Starting-QB-critical (team): rated on a position prior only — the QB room had no recorded starts/stats to tell the starter from his backups.,"Confirm the season's starter (add games_started) or a manual override if a known starter/legend; rate the starter, leave backups lower.",low
5,ken-anderson,Ken Anderson,CIN,1977,QB,69,73,Starting-QB-critical (team): rated on a position prior only — the QB room had no recorded starts/stats to tell the starter from his backups.,"Confirm the season's starter (add games_started) or a manual override if a known starter/legend; rate the starter, leave backups lower.",low
5,mike-wells,Mike Wells,CIN,1977,QB,69,73,Starting-QB-critical (team): rated on a position prior only — the QB room had no recorded starts/stats to tell the starter from his backups.,"Confirm the season's starter (add games_started) or a manual override if a known starter/legend; rate the starter, leave backups lower.",low
5,brian-sipe,Brian Sipe,CLE,1977,QB,69,73,Starting-QB-critical (team): rated on a position prior only — the QB room had no recorded starts/stats to tell the starter from his backups.,"Confirm the season's starter (add games_started) or a manual override if a known starter/legend; rate the starter, leave backups lower.",low
5,dave-mays,Dave Mays,CLE,1977,QB,69,73,Starting-QB-critical (team): rated on a position prior only — the QB room had no recorded starts/stats to tell the starter from his backups.,"Confirm the season's starter (add games_started) or a manual override if a known starter/legend; rate the starter, leave backups lower.",low
5,terry-luck,Terry Luck,CLE,1977,QB,69,73,Starting-QB-critical (team): rated on a position prior only — the QB room had no recorded starts/stats to tell the starter from his backups.,"Confirm the season's starter (add games_started) or a manual override if a known starter/legend; rate the starter, leave backups lower.",low
5,danny-white,Danny White,DAL,1977,QB,69,73,Starting-QB-critical (team): rated on a position prior only — the QB room had no recorded starts/stats to tell the starter from his backups.,"Confirm the season's starter (add games_started) or a manual override if a known starter/legend; rate the starter, leave backups lower.",low
5,glenn-carano,Glenn Carano,DAL,1977,QB,69,73,Starting-QB-critical (team): rated on a position prior only — the QB room had no recorded starts/stats to tell the starter from his backups.,"Confirm the season's starter (add games_started) or a manual override if a known starter/legend; rate the starter, leave backups lower.",low
5,roger-staubach,Roger Staubach,DAL,1977,QB,69,73,Starting-QB-critical (team): rated on a position prior only — the QB room had no recorded starts/stats to tell the starter from his backups.,"Confirm the season's starter (add games_started) or a manual override if a known starter/legend; rate the starter, leave backups lower.",low
5,craig-morton,Craig Morton,DEN,1977,QB,70,73,Starting-QB-critical (team): rated on a position prior only — the QB room had no recorded starts/stats to tell the starter from his backups.,"Confirm the season's starter (add games_started) or a manual override if a known starter/legend; rate the starter, leave backups lower.",low
5,craig-penrose,Craig Penrose,DEN,1977,QB,70,73,Starting-QB-critical (team): rated on a position prior only — the QB room had no recorded starts/stats to tell the starter from his backups.,"Confirm the season's starter (add games_started) or a manual override if a known starter/legend; rate the starter, leave backups lower.",low
5,norris-weese,Norris Weese,DEN,1977,QB,70,73,Starting-QB-critical (team): rated on a position prior only — the QB room had no recorded starts/stats to tell the starter from his backups.,"Confirm the season's starter (add games_started) or a manual override if a known starter/legend; rate the starter, leave backups lower.",low
5,gary-danielson,Gary Danielson,DET,1977,QB,70,73,Starting-QB-critical (team): rated on a position prior only — the QB room had no recorded starts/stats to tell the starter from his backups.,"Confirm the season's starter (add games_started) or a manual override if a known starter/legend; rate the starter, leave backups lower.",low
5,greg-landry,Greg Landry,DET,1977,QB,70,73,Starting-QB-critical (team): rated on a position prior only — the QB room had no recorded starts/stats to tell the starter from his backups.,"Confirm the season's starter (add games_started) or a manual override if a known starter/legend; rate the starter, leave backups lower.",low
5,joe-reed,Joe Reed,DET,1977,QB,70,73,Starting-QB-critical (team): rated on a position prior only — the QB room had no recorded starts/stats to tell the starter from his backups.,"Confirm the season's starter (add games_started) or a manual override if a known starter/legend; rate the starter, leave backups lower.",low
5,brian-dowling,Brian Dowling,GB,1977,QB,70,73,Starting-QB-critical (team): rated on a position prior only — the QB room had no recorded starts/stats to tell the starter from his backups.,"Confirm the season's starter (add games_started) or a manual override if a known starter/legend; rate the starter, leave backups lower.",low
5,david-whitehurst,David Whitehurst,GB,1977,QB,70,73,Starting-QB-critical (team): rated on a position prior only — the QB room had no recorded starts/stats to tell the starter from his backups.,"Confirm the season's starter (add games_started) or a manual override if a known starter/legend; rate the starter, leave backups lower.",low
5,lynn-dickey,Lynn Dickey,GB,1977,QB,70,73,Starting-QB-critical (team): rated on a position prior only — the QB room had no recorded starts/stats to tell the starter from his backups.,"Confirm the season's starter (add games_started) or a manual override if a known starter/legend; rate the starter, leave backups lower.",low
5,bert-jones,Bert Jones,IND,1977,QB,70,73,Starting-QB-critical (team): rated on a position prior only — the QB room had no recorded starts/stats to tell the starter from his backups.,"Confirm the season's starter (add games_started) or a manual override if a known starter/legend; rate the starter, leave backups lower.",low
5,bill-troup,Bill Troup,IND,1977,QB,70,73,Starting-QB-critical (team): rated on a position prior only — the QB room had no recorded starts/stats to tell the starter from his backups.,"Confirm the season's starter (add games_started) or a manual override if a known starter/legend; rate the starter, leave backups lower.",low
5,mike-kirkland,Mike Kirkland,IND,1977,QB,70,73,Starting-QB-critical (team): rated on a position prior only — the QB room had no recorded starts/stats to tell the starter from his backups.,"Confirm the season's starter (add games_started) or a manual override if a known starter/legend; rate the starter, leave backups lower.",low
5,mike-livingston,Mike Livingston,KC,1977,QB,70,73,Starting-QB-critical (team): rated on a position prior only — the QB room had no recorded starts/stats to tell the starter from his backups.,"Confirm the season's starter (add games_started) or a manual override if a known starter/legend; rate the starter, leave backups lower.",low
5,tony-adams,Tony Adams,KC,1977,QB,70,73,Starting-QB-critical (team): rated on a position prior only — the QB room had no recorded starts/stats to tell the starter from his backups.,"Confirm the season's starter (add games_started) or a manual override if a known starter/legend; rate the starter, leave backups lower.",low
5,bill-munson,Bill Munson,LAC,1977,QB,70,73,Starting-QB-critical (team): rated on a position prior only — the QB room had no recorded starts/stats to tell the starter from his backups.,"Confirm the season's starter (add games_started) or a manual override if a known starter/legend; rate the starter, leave backups lower.",low
5,cliff-olander,Cliff Olander,LAC,1977,QB,70,73,Starting-QB-critical (team): rated on a position prior only — the QB room had no recorded starts/stats to tell the starter from his backups.,"Confirm the season's starter (add games_started) or a manual override if a known starter/legend; rate the starter, leave backups lower.",low
5,dan-fouts,Dan Fouts,LAC,1977,QB,70,73,Starting-QB-critical (team): rated on a position prior only — the QB room had no recorded starts/stats to tell the starter from his backups.,"Confirm the season's starter (add games_started) or a manual override if a known starter/legend; rate the starter, leave backups lower.",low
5,james-harris,James Harris,LAC,1977,QB,70,73,Starting-QB-critical (team): rated on a position prior only — the QB room had no recorded starts/stats to tell the starter from his backups.,"Confirm the season's starter (add games_started) or a manual override if a known starter/legend; rate the starter, leave backups lower.",low
5,neal-jeffrey,Neal Jeffrey,LAC,1977,QB,70,73,Starting-QB-critical (team): rated on a position prior only — the QB room had no recorded starts/stats to tell the starter from his backups.,"Confirm the season's starter (add games_started) or a manual override if a known starter/legend; rate the starter, leave backups lower.",low
5,david-humm,David Humm,LV,1977,QB,70,73,Starting-QB-critical (team): rated on a position prior only — the QB room had no recorded starts/stats to tell the starter from his backups.,"Confirm the season's starter (add games_started) or a manual override if a known starter/legend; rate the starter, leave backups lower.",low
5,ken-stabler,Ken Stabler,LV,1977,QB,70,73,Starting-QB-critical (team): rated on a position prior only — the QB room had no recorded starts/stats to tell the starter from his backups.,"Confirm the season's starter (add games_started) or a manual override if a known starter/legend; rate the starter, leave backups lower.",low
5,mike-rae,Mike Rae,LV,1977,QB,70,73,Starting-QB-critical (team): rated on a position prior only — the QB room had no recorded starts/stats to tell the starter from his backups.,"Confirm the season's starter (add games_started) or a manual override if a known starter/legend; rate the starter, leave backups lower.",low
5,bob-griese,Bob Griese,MIA,1977,QB,71,73,Starting-QB-critical (team): rated on a position prior only — the QB room had no recorded starts/stats to tell the starter from his backups.,"Confirm the season's starter (add games_started) or a manual override if a known starter/legend; rate the starter, leave backups lower.",low
5,don-strock,Don Strock,MIA,1977,QB,71,73,Starting-QB-critical (team): rated on a position prior only — the QB room had no recorded starts/stats to tell the starter from his backups.,"Confirm the season's starter (add games_started) or a manual override if a known starter/legend; rate the starter, leave backups lower.",low
5,bob-lee,Bob Lee,MIN,1977,QB,71,73,Starting-QB-critical (team): rated on a position prior only — the QB room had no recorded starts/stats to tell the starter from his backups.,"Confirm the season's starter (add games_started) or a manual override if a known starter/legend; rate the starter, leave backups lower.",low
5,fran-tarkenton,Fran Tarkenton,MIN,1977,QB,71,73,Starting-QB-critical (team): rated on a position prior only — the QB room had no recorded starts/stats to tell the starter from his backups.,"Confirm the season's starter (add games_started) or a manual override if a known starter/legend; rate the starter, leave backups lower.",low
5,tommy-kramer,Tommy Kramer,MIN,1977,QB,71,73,Starting-QB-critical (team): rated on a position prior only — the QB room had no recorded starts/stats to tell the starter from his backups.,"Confirm the season's starter (add games_started) or a manual override if a known starter/legend; rate the starter, leave backups lower.",low
5,steve-grogan,Steve Grogan,NE,1977,QB,71,73,Starting-QB-critical (team): rated on a position prior only — the QB room had no recorded starts/stats to tell the starter from his backups.,"Confirm the season's starter (add games_started) or a manual override if a known starter/legend; rate the starter, leave backups lower.",low
5,tom-owen,Tom Owen,NE,1977,QB,71,73,Starting-QB-critical (team): rated on a position prior only — the QB room had no recorded starts/stats to tell the starter from his backups.,"Confirm the season's starter (add games_started) or a manual override if a known starter/legend; rate the starter, leave backups lower.",low
5,archie-manning,Archie Manning,NO,1977,QB,71,73,Starting-QB-critical (team): rated on a position prior only — the QB room had no recorded starts/stats to tell the starter from his backups.,"Confirm the season's starter (add games_started) or a manual override if a known starter/legend; rate the starter, leave backups lower.",low
5,bobby-douglass,Bobby Douglass,NO,1977,QB,71,73,Starting-QB-critical (team): rated on a position prior only — the QB room had no recorded starts/stats to tell the starter from his backups.,"Confirm the season's starter (add games_started) or a manual override if a known starter/legend; rate the starter, leave backups lower.",low
5,bobby-scott,Bobby Scott,NO,1977,QB,71,73,Starting-QB-critical (team): rated on a position prior only — the QB room had no recorded starts/stats to tell the starter from his backups.,"Confirm the season's starter (add games_started) or a manual override if a known starter/legend; rate the starter, leave backups lower.",low
5,jerry-golsteyn,Jerry Golsteyn,NYG,1977,QB,71,73,Starting-QB-critical (team): rated on a position prior only — the QB room had no recorded starts/stats to tell the starter from his backups.,"Confirm the season's starter (add games_started) or a manual override if a known starter/legend; rate the starter, leave backups lower.",low
5,joe-pisarcik,Joe Pisarcik,NYG,1977,QB,71,73,Starting-QB-critical (team): rated on a position prior only — the QB room had no recorded starts/stats to tell the starter from his backups.,"Confirm the season's starter (add games_started) or a manual override if a known starter/legend; rate the starter, leave backups lower.",low
5,randy-dean,Randy Dean,NYG,1977,QB,71,73,Starting-QB-critical (team): rated on a position prior only — the QB room had no recorded starts/stats to tell the starter from his backups.,"Confirm the season's starter (add games_started) or a manual override if a known starter/legend; rate the starter, leave backups lower.",low
5,marty-domres,Marty Domres,NYJ,1977,QB,71,73,Starting-QB-critical (team): rated on a position prior only — the QB room had no recorded starts/stats to tell the starter from his backups.,"Confirm the season's starter (add games_started) or a manual override if a known starter/legend; rate the starter, leave backups lower.",low
5,matt-robinson,Matt Robinson,NYJ,1977,QB,71,73,Starting-QB-critical (team): rated on a position prior only — the QB room had no recorded starts/stats to tell the starter from his backups.,"Confirm the season's starter (add games_started) or a manual override if a known starter/legend; rate the starter, leave backups lower.",low
5,richard-todd,Richard Todd,NYJ,1977,QB,71,73,Starting-QB-critical (team): rated on a position prior only — the QB room had no recorded starts/stats to tell the starter from his backups.,"Confirm the season's starter (add games_started) or a manual override if a known starter/legend; rate the starter, leave backups lower.",low
5,john-walton,John Walton,PHI,1977,QB,71,73,Starting-QB-critical (team): rated on a position prior only — the QB room had no recorded starts/stats to tell the starter from his backups.,"Confirm the season's starter (add games_started) or a manual override if a known starter/legend; rate the starter, leave backups lower.",low
5,roman-gabriel,Roman Gabriel,PHI,1977,QB,71,73,Starting-QB-critical (team): rated on a position prior only — the QB room had no recorded starts/stats to tell the starter from his backups.,"Confirm the season's starter (add games_started) or a manual override if a known starter/legend; rate the starter, leave backups lower.",low
5,ron-jaworski,Ron Jaworski,PHI,1977,QB,71,73,Starting-QB-critical (team): rated on a position prior only — the QB room had no recorded starts/stats to tell the starter from his backups.,"Confirm the season's starter (add games_started) or a manual override if a known starter/legend; rate the starter, leave backups lower.",low
5,00-0015777,Cliff Stoudt,PIT,1977,QB,71,73,Starting-QB-critical (team): rated on a position prior only — the QB room had no recorded starts/stats to tell the starter from his backups.,"Confirm the season's starter (add games_started) or a manual override if a known starter/legend; rate the starter, leave backups lower.",low
5,mike-kruczek,Mike Kruczek,PIT,1977,QB,71,73,Starting-QB-critical (team): rated on a position prior only — the QB room had no recorded starts/stats to tell the starter from his backups.,"Confirm the season's starter (add games_started) or a manual override if a known starter/legend; rate the starter, leave backups lower.",low
5,neil-graff,Neil Graff,PIT,1977,QB,72,73,Starting-QB-critical (team): rated on a position prior only — the QB room had no recorded starts/stats to tell the starter from his backups.,"Confirm the season's starter (add games_started) or a manual override if a known starter/legend; rate the starter, leave backups lower.",low
5,terry-bradshaw,Terry Bradshaw,PIT,1977,QB,72,73,Starting-QB-critical (team): rated on a position prior only — the QB room had no recorded starts/stats to tell the starter from his backups.,"Confirm the season's starter (add games_started) or a manual override if a known starter/legend; rate the starter, leave backups lower.",low
5,jim-zorn,Jim Zorn,SEA,1977,QB,72,73,Starting-QB-critical (team): rated on a position prior only — the QB room had no recorded starts/stats to tell the starter from his backups.,"Confirm the season's starter (add games_started) or a manual override if a known starter/legend; rate the starter, leave backups lower.",low
5,sam-adkins,Sam Adkins,SEA,1977,QB,72,73,Starting-QB-critical (team): rated on a position prior only — the QB room had no recorded starts/stats to tell the starter from his backups.,"Confirm the season's starter (add games_started) or a manual override if a known starter/legend; rate the starter, leave backups lower.",low
5,steve-myer,Steve Myer,SEA,1977,QB,72,73,Starting-QB-critical (team): rated on a position prior only — the QB room had no recorded starts/stats to tell the starter from his backups.,"Confirm the season's starter (add games_started) or a manual override if a known starter/legend; rate the starter, leave backups lower.",low
5,jim-plunkett,Jim Plunkett,SF,1977,QB,72,73,Starting-QB-critical (team): rated on a position prior only — the QB room had no recorded starts/stats to tell the starter from his backups.,"Confirm the season's starter (add games_started) or a manual override if a known starter/legend; rate the starter, leave backups lower.",low
5,scott-bull,Scott Bull,SF,1977,QB,72,73,Starting-QB-critical (team): rated on a position prior only — the QB room had no recorded starts/stats to tell the starter from his backups.,"Confirm the season's starter (add games_started) or a manual override if a known starter/legend; rate the starter, leave backups lower.",low
5,00-0004116,Steve DeBerg,SF,1977,QB,72,73,Starting-QB-critical (team): rated on a position prior only — the QB room had no recorded starts/stats to tell the starter from his backups.,"Confirm the season's starter (add games_started) or a manual override if a known starter/legend; rate the starter, leave backups lower.",low
5,joe-namath,Joe Namath,STL,1977,QB,72,73,Starting-QB-critical (team): rated on a position prior only — the QB room had no recorded starts/stats to tell the starter from his backups.,"Confirm the season's starter (add games_started) or a manual override if a known starter/legend; rate the starter, leave backups lower.",low
5,pat-haden,Pat Haden,STL,1977,QB,72,73,Starting-QB-critical (team): rated on a position prior only — the QB room had no recorded starts/stats to tell the starter from his backups.,"Confirm the season's starter (add games_started) or a manual override if a known starter/legend; rate the starter, leave backups lower.",low
5,vince-ferragamo,Vince Ferragamo,STL,1977,QB,72,73,Starting-QB-critical (team): rated on a position prior only — the QB room had no recorded starts/stats to tell the starter from his backups.,"Confirm the season's starter (add games_started) or a manual override if a known starter/legend; rate the starter, leave backups lower.",low
5,gary-huff,Gary Huff,TB,1977,QB,72,73,Starting-QB-critical (team): rated on a position prior only — the QB room had no recorded starts/stats to tell the starter from his backups.,"Confirm the season's starter (add games_started) or a manual override if a known starter/legend; rate the starter, leave backups lower.",low
5,jeb-blount,Jeb Blount,TB,1977,QB,72,73,Starting-QB-critical (team): rated on a position prior only — the QB room had no recorded starts/stats to tell the starter from his backups.,"Confirm the season's starter (add games_started) or a manual override if a known starter/legend; rate the starter, leave backups lower.",low
5,randy-hedberg,Randy Hedberg,TB,1977,QB,72,73,Starting-QB-critical (team): rated on a position prior only — the QB room had no recorded starts/stats to tell the starter from his backups.,"Confirm the season's starter (add games_started) or a manual override if a known starter/legend; rate the starter, leave backups lower.",low
5,dan-pastorini,Dan Pastorini,TEN,1977,QB,72,73,Starting-QB-critical (team): rated on a position prior only — the QB room had no recorded starts/stats to tell the starter from his backups.,"Confirm the season's starter (add games_started) or a manual override if a known starter/legend; rate the starter, leave backups lower.",low
5,john-hadl,John Hadl,TEN,1977,QB,72,73,Starting-QB-critical (team): rated on a position prior only — the QB room had no recorded starts/stats to tell the starter from his backups.,"Confirm the season's starter (add games_started) or a manual override if a known starter/legend; rate the starter, leave backups lower.",low
5,tom-duniven,Tom Duniven,TEN,1977,QB,72,73,Starting-QB-critical (team): rated on a position prior only — the QB room had no recorded starts/stats to tell the starter from his backups.,"Confirm the season's starter (add games_started) or a manual override if a known starter/legend; rate the starter, leave backups lower.",low
5,billy-kilmer,Billy Kilmer,WAS,1977,QB,72,73,Starting-QB-critical (team): rated on a position prior only — the QB room had no recorded starts/stats to tell the starter from his backups.,"Confirm the season's starter (add games_started) or a manual override if a known starter/legend; rate the starter, leave backups lower.",low
5,joe-theismann,Joe Theismann,WAS,1977,QB,72,73,Starting-QB-critical (team): rated on a position prior only — the QB room had no recorded starts/stats to tell the starter from his backups.,"Confirm the season's starter (add games_started) or a manual override if a known starter/legend; rate the starter, leave backups lower.",low
5,billy-donckers,Billy Donckers,ARI,1976,QB,69,73,Starting-QB-critical (team): rated on a position prior only — the QB room had no recorded starts/stats to tell the starter from his backups.,"Confirm the season's starter (add games_started) or a manual override if a known starter/legend; rate the starter, leave backups lower.",low
5,jim-hart,Jim Hart,ARI,1976,QB,69,73,Starting-QB-critical (team): rated on a position prior only — the QB room had no recorded starts/stats to tell the starter from his backups.,"Confirm the season's starter (add games_started) or a manual override if a known starter/legend; rate the starter, leave backups lower.",low
5,kim-mcquilken,Kim McQuilken,ATL,1976,QB,69,73,Starting-QB-critical (team): rated on a position prior only — the QB room had no recorded starts/stats to tell the starter from his backups.,"Confirm the season's starter (add games_started) or a manual override if a known starter/legend; rate the starter, leave backups lower.",low
5,scott-hunter,Scott Hunter,ATL,1976,QB,69,73,Starting-QB-critical (team): rated on a position prior only — the QB room had no recorded starts/stats to tell the starter from his backups.,"Confirm the season's starter (add games_started) or a manual override if a known starter/legend; rate the starter, leave backups lower.",low
5,steve-bartkowski,Steve Bartkowski,ATL,1976,QB,69,73,Starting-QB-critical (team): rated on a position prior only — the QB room had no recorded starts/stats to tell the starter from his backups.,"Confirm the season's starter (add games_started) or a manual override if a known starter/legend; rate the starter, leave backups lower.",low
5,gary-marangi,Gary Marangi,BUF,1976,QB,69,73,Starting-QB-critical (team): rated on a position prior only — the QB room had no recorded starts/stats to tell the starter from his backups.,"Confirm the season's starter (add games_started) or a manual override if a known starter/legend; rate the starter, leave backups lower.",low
5,joe-ferguson,Joe Ferguson,BUF,1976,QB,69,73,Starting-QB-critical (team): rated on a position prior only — the QB room had no recorded starts/stats to tell the starter from his backups.,"Confirm the season's starter (add games_started) or a manual override if a known starter/legend; rate the starter, leave backups lower.",low
5,sam-wyche,Sam Wyche,BUF,1976,QB,69,73,Starting-QB-critical (team): rated on a position prior only — the QB room had no recorded starts/stats to tell the starter from his backups.,"Confirm the season's starter (add games_started) or a manual override if a known starter/legend; rate the starter, leave backups lower.",low
5,bob-avellini,Bob Avellini,CHI,1976,QB,69,73,Starting-QB-critical (team): rated on a position prior only — the QB room had no recorded starts/stats to tell the starter from his backups.,"Confirm the season's starter (add games_started) or a manual override if a known starter/legend; rate the starter, leave backups lower.",low
5,gary-huff,Gary Huff,CHI,1976,QB,69,73,Starting-QB-critical (team): rated on a position prior only — the QB room had no recorded starts/stats to tell the starter from his backups.,"Confirm the season's starter (add games_started) or a manual override if a known starter/legend; rate the starter, leave backups lower.",low
5,virgil-carter,Virgil Carter,CHI,1976,QB,69,73,Starting-QB-critical (team): rated on a position prior only — the QB room had no recorded starts/stats to tell the starter from his backups.,"Confirm the season's starter (add games_started) or a manual override if a known starter/legend; rate the starter, leave backups lower.",low
5,john-reaves,John Reaves,CIN,1976,QB,69,73,Starting-QB-critical (team): rated on a position prior only — the QB room had no recorded starts/stats to tell the starter from his backups.,"Confirm the season's starter (add games_started) or a manual override if a known starter/legend; rate the starter, leave backups lower.",low
5,ken-anderson,Ken Anderson,CIN,1976,QB,69,73,Starting-QB-critical (team): rated on a position prior only — the QB room had no recorded starts/stats to tell the starter from his backups.,"Confirm the season's starter (add games_started) or a manual override if a known starter/legend; rate the starter, leave backups lower.",low
5,brian-sipe,Brian Sipe,CLE,1976,QB,69,73,Starting-QB-critical (team): rated on a position prior only — the QB room had no recorded starts/stats to tell the starter from his backups.,"Confirm the season's starter (add games_started) or a manual override if a known starter/legend; rate the starter, leave backups lower.",low
5,dave-mays,Dave Mays,CLE,1976,QB,69,73,Starting-QB-critical (team): rated on a position prior only — the QB room had no recorded starts/stats to tell the starter from his backups.,"Confirm the season's starter (add games_started) or a manual override if a known starter/legend; rate the starter, leave backups lower.",low
5,mike-phipps,Mike Phipps,CLE,1976,QB,69,73,Starting-QB-critical (team): rated on a position prior only — the QB room had no recorded starts/stats to tell the starter from his backups.,"Confirm the season's starter (add games_started) or a manual override if a known starter/legend; rate the starter, leave backups lower.",low
5,danny-white,Danny White,DAL,1976,QB,69,73,Starting-QB-critical (team): rated on a position prior only — the QB room had no recorded starts/stats to tell the starter from his backups.,"Confirm the season's starter (add games_started) or a manual override if a known starter/legend; rate the starter, leave backups lower.",low
5,roger-staubach,Roger Staubach,DAL,1976,QB,69,73,Starting-QB-critical (team): rated on a position prior only — the QB room had no recorded starts/stats to tell the starter from his backups.,"Confirm the season's starter (add games_started) or a manual override if a known starter/legend; rate the starter, leave backups lower.",low
5,craig-penrose,Craig Penrose,DEN,1976,QB,69,73,Starting-QB-critical (team): rated on a position prior only — the QB room had no recorded starts/stats to tell the starter from his backups.,"Confirm the season's starter (add games_started) or a manual override if a known starter/legend; rate the starter, leave backups lower.",low
5,norris-weese,Norris Weese,DEN,1976,QB,69,73,Starting-QB-critical (team): rated on a position prior only — the QB room had no recorded starts/stats to tell the starter from his backups.,"Confirm the season's starter (add games_started) or a manual override if a known starter/legend; rate the starter, leave backups lower.",low
5,steve-ramsey,Steve Ramsey,DEN,1976,QB,69,73,Starting-QB-critical (team): rated on a position prior only — the QB room had no recorded starts/stats to tell the starter from his backups.,"Confirm the season's starter (add games_started) or a manual override if a known starter/legend; rate the starter, leave backups lower.",low
5,gary-danielson,Gary Danielson,DET,1976,QB,70,73,Starting-QB-critical (team): rated on a position prior only — the QB room had no recorded starts/stats to tell the starter from his backups.,"Confirm the season's starter (add games_started) or a manual override if a known starter/legend; rate the starter, leave backups lower.",low
5,greg-landry,Greg Landry,DET,1976,QB,70,73,Starting-QB-critical (team): rated on a position prior only — the QB room had no recorded starts/stats to tell the starter from his backups.,"Confirm the season's starter (add games_started) or a manual override if a known starter/legend; rate the starter, leave backups lower.",low
5,joe-reed,Joe Reed,DET,1976,QB,70,73,Starting-QB-critical (team): rated on a position prior only — the QB room had no recorded starts/stats to tell the starter from his backups.,"Confirm the season's starter (add games_started) or a manual override if a known starter/legend; rate the starter, leave backups lower.",low
5,carlos-brown,Carlos Brown,GB,1976,QB,70,73,Starting-QB-critical (team): rated on a position prior only — the QB room had no recorded starts/stats to tell the starter from his backups.,"Confirm the season's starter (add games_started) or a manual override if a known starter/legend; rate the starter, leave backups lower.",low
5,lynn-dickey,Lynn Dickey,GB,1976,QB,70,73,Starting-QB-critical (team): rated on a position prior only — the QB room had no recorded starts/stats to tell the starter from his backups.,"Confirm the season's starter (add games_started) or a manual override if a known starter/legend; rate the starter, leave backups lower.",low
5,randy-johnson,Randy Johnson,GB,1976,QB,70,73,Starting-QB-critical (team): rated on a position prior only — the QB room had no recorded starts/stats to tell the starter from his backups.,"Confirm the season's starter (add games_started) or a manual override if a known starter/legend; rate the starter, leave backups lower.",low
5,bert-jones,Bert Jones,IND,1976,QB,70,73,Starting-QB-critical (team): rated on a position prior only — the QB room had no recorded starts/stats to tell the starter from his backups.,"Confirm the season's starter (add games_started) or a manual override if a known starter/legend; rate the starter, leave backups lower.",low
5,bill-troup,Bill Troup,IND,1976,QB,70,73,Starting-QB-critical (team): rated on a position prior only — the QB room had no recorded starts/stats to tell the starter from his backups.,"Confirm the season's starter (add games_started) or a manual override if a known starter/legend; rate the starter, leave backups lower.",low
5,mike-kirkland,Mike Kirkland,IND,1976,QB,70,73,Starting-QB-critical (team): rated on a position prior only — the QB room had no recorded starts/stats to tell the starter from his backups.,"Confirm the season's starter (add games_started) or a manual override if a known starter/legend; rate the starter, leave backups lower.",low
5,mike-livingston,Mike Livingston,KC,1976,QB,70,73,Starting-QB-critical (team): rated on a position prior only — the QB room had no recorded starts/stats to tell the starter from his backups.,"Confirm the season's starter (add games_started) or a manual override if a known starter/legend; rate the starter, leave backups lower.",low
5,mike-nott,Mike Nott,KC,1976,QB,70,73,Starting-QB-critical (team): rated on a position prior only — the QB room had no recorded starts/stats to tell the starter from his backups.,"Confirm the season's starter (add games_started) or a manual override if a known starter/legend; rate the starter, leave backups lower.",low
5,tony-adams,Tony Adams,KC,1976,QB,70,73,Starting-QB-critical (team): rated on a position prior only — the QB room had no recorded starts/stats to tell the starter from his backups.,"Confirm the season's starter (add games_started) or a manual override if a known starter/legend; rate the starter, leave backups lower.",low
5,clint-longley,Clint Longley,LAC,1976,QB,70,73,Starting-QB-critical (team): rated on a position prior only — the QB room had no recorded starts/stats to tell the starter from his backups.,"Confirm the season's starter (add games_started) or a manual override if a known starter/legend; rate the starter, leave backups lower.",low
5,dan-fouts,Dan Fouts,LAC,1976,QB,70,73,Starting-QB-critical (team): rated on a position prior only — the QB room had no recorded starts/stats to tell the starter from his backups.,"Confirm the season's starter (add games_started) or a manual override if a known starter/legend; rate the starter, leave backups lower.",low
5,neal-jeffrey,Neal Jeffrey,LAC,1976,QB,70,73,Starting-QB-critical (team): rated on a position prior only — the QB room had no recorded starts/stats to tell the starter from his backups.,"Confirm the season's starter (add games_started) or a manual override if a known starter/legend; rate the starter, leave backups lower.",low
5,david-humm,David Humm,LV,1976,QB,70,73,Starting-QB-critical (team): rated on a position prior only — the QB room had no recorded starts/stats to tell the starter from his backups.,"Confirm the season's starter (add games_started) or a manual override if a known starter/legend; rate the starter, leave backups lower.",low
5,ken-stabler,Ken Stabler,LV,1976,QB,70,73,Starting-QB-critical (team): rated on a position prior only — the QB room had no recorded starts/stats to tell the starter from his backups.,"Confirm the season's starter (add games_started) or a manual override if a known starter/legend; rate the starter, leave backups lower.",low
5,mike-rae,Mike Rae,LV,1976,QB,70,73,Starting-QB-critical (team): rated on a position prior only — the QB room had no recorded starts/stats to tell the starter from his backups.,"Confirm the season's starter (add games_started) or a manual override if a known starter/legend; rate the starter, leave backups lower.",low
5,bob-griese,Bob Griese,MIA,1976,QB,70,73,Starting-QB-critical (team): rated on a position prior only — the QB room had no recorded starts/stats to tell the starter from his backups.,"Confirm the season's starter (add games_started) or a manual override if a known starter/legend; rate the starter, leave backups lower.",low
5,don-strock,Don Strock,MIA,1976,QB,70,73,Starting-QB-critical (team): rated on a position prior only — the QB room had no recorded starts/stats to tell the starter from his backups.,"Confirm the season's starter (add games_started) or a manual override if a known starter/legend; rate the starter, leave backups lower.",low
5,earl-morrall,Earl Morrall,MIA,1976,QB,70,73,Starting-QB-critical (team): rated on a position prior only — the QB room had no recorded starts/stats to tell the starter from his backups.,"Confirm the season's starter (add games_started) or a manual override if a known starter/legend; rate the starter, leave backups lower.",low
5,bob-berry,Bob Berry,MIN,1976,QB,71,73,Starting-QB-critical (team): rated on a position prior only — the QB room had no recorded starts/stats to tell the starter from his backups.,"Confirm the season's starter (add games_started) or a manual override if a known starter/legend; rate the starter, leave backups lower.",low
5,bob-lee,Bob Lee,MIN,1976,QB,71,73,Starting-QB-critical (team): rated on a position prior only — the QB room had no recorded starts/stats to tell the starter from his backups.,"Confirm the season's starter (add games_started) or a manual override if a known starter/legend; rate the starter, leave backups lower.",low
5,fran-tarkenton,Fran Tarkenton,MIN,1976,QB,71,73,Starting-QB-critical (team): rated on a position prior only — the QB room had no recorded starts/stats to tell the starter from his backups.,"Confirm the season's starter (add games_started) or a manual override if a known starter/legend; rate the starter, leave backups lower.",low
5,steve-grogan,Steve Grogan,NE,1976,QB,71,73,Starting-QB-critical (team): rated on a position prior only — the QB room had no recorded starts/stats to tell the starter from his backups.,"Confirm the season's starter (add games_started) or a manual override if a known starter/legend; rate the starter, leave backups lower.",low
5,tom-owen,Tom Owen,NE,1976,QB,71,73,Starting-QB-critical (team): rated on a position prior only — the QB room had no recorded starts/stats to tell the starter from his backups.,"Confirm the season's starter (add games_started) or a manual override if a known starter/legend; rate the starter, leave backups lower.",low
5,archie-manning,Archie Manning,NO,1976,QB,71,73,Starting-QB-critical (team): rated on a position prior only — the QB room had no recorded starts/stats to tell the starter from his backups.,"Confirm the season's starter (add games_started) or a manual override if a known starter/legend; rate the starter, leave backups lower.",low
5,bobby-douglass,Bobby Douglass,NO,1976,QB,71,73,Starting-QB-critical (team): rated on a position prior only — the QB room had no recorded starts/stats to tell the starter from his backups.,"Confirm the season's starter (add games_started) or a manual override if a known starter/legend; rate the starter, leave backups lower.",low
5,bobby-scott,Bobby Scott,NO,1976,QB,71,73,Starting-QB-critical (team): rated on a position prior only — the QB room had no recorded starts/stats to tell the starter from his backups.,"Confirm the season's starter (add games_started) or a manual override if a known starter/legend; rate the starter, leave backups lower.",low
5,craig-morton,Craig Morton,NYG,1976,QB,71,73,Starting-QB-critical (team): rated on a position prior only — the QB room had no recorded starts/stats to tell the starter from his backups.,"Confirm the season's starter (add games_started) or a manual override if a known starter/legend; rate the starter, leave backups lower.",low
5,dennis-shaw,Dennis Shaw,NYG,1976,QB,71,73,Starting-QB-critical (team): rated on a position prior only — the QB room had no recorded starts/stats to tell the starter from his backups.,"Confirm the season's starter (add games_started) or a manual override if a known starter/legend; rate the starter, leave backups lower.",low
5,norm-snead,Norm Snead,NYG,1976,QB,71,73,Starting-QB-critical (team): rated on a position prior only — the QB room had no recorded starts/stats to tell the starter from his backups.,"Confirm the season's starter (add games_started) or a manual override if a known starter/legend; rate the starter, leave backups lower.",low
5,joe-namath,Joe Namath,NYJ,1976,QB,71,73,Starting-QB-critical (team): rated on a position prior only — the QB room had no recorded starts/stats to tell the starter from his backups.,"Confirm the season's starter (add games_started) or a manual override if a known starter/legend; rate the starter, leave backups lower.",low
5,richard-todd,Richard Todd,NYJ,1976,QB,71,73,Starting-QB-critical (team): rated on a position prior only — the QB room had no recorded starts/stats to tell the starter from his backups.,"Confirm the season's starter (add games_started) or a manual override if a known starter/legend; rate the starter, leave backups lower.",low
5,steve-joachim,Steve Joachim,NYJ,1976,QB,71,73,Starting-QB-critical (team): rated on a position prior only — the QB room had no recorded starts/stats to tell the starter from his backups.,"Confirm the season's starter (add games_started) or a manual override if a known starter/legend; rate the starter, leave backups lower.",low
5,john-walton,John Walton,PHI,1976,QB,71,73,Starting-QB-critical (team): rated on a position prior only — the QB room had no recorded starts/stats to tell the starter from his backups.,"Confirm the season's starter (add games_started) or a manual override if a known starter/legend; rate the starter, leave backups lower.",low
5,mike-boryla,Mike Boryla,PHI,1976,QB,71,73,Starting-QB-critical (team): rated on a position prior only — the QB room had no recorded starts/stats to tell the starter from his backups.,"Confirm the season's starter (add games_started) or a manual override if a known starter/legend; rate the starter, leave backups lower.",low
5,roman-gabriel,Roman Gabriel,PHI,1976,QB,71,73,Starting-QB-critical (team): rated on a position prior only — the QB room had no recorded starts/stats to tell the starter from his backups.,"Confirm the season's starter (add games_started) or a manual override if a known starter/legend; rate the starter, leave backups lower.",low
5,mike-kruczek,Mike Kruczek,PIT,1976,QB,71,73,Starting-QB-critical (team): rated on a position prior only — the QB room had no recorded starts/stats to tell the starter from his backups.,"Confirm the season's starter (add games_started) or a manual override if a known starter/legend; rate the starter, leave backups lower.",low
5,neil-graff,Neil Graff,PIT,1976,QB,71,73,Starting-QB-critical (team): rated on a position prior only — the QB room had no recorded starts/stats to tell the starter from his backups.,"Confirm the season's starter (add games_started) or a manual override if a known starter/legend; rate the starter, leave backups lower.",low
5,terry-bradshaw,Terry Bradshaw,PIT,1976,QB,71,73,Starting-QB-critical (team): rated on a position prior only — the QB room had no recorded starts/stats to tell the starter from his backups.,"Confirm the season's starter (add games_started) or a manual override if a known starter/legend; rate the starter, leave backups lower.",low
5,bill-munson,Bill Munson,SEA,1976,QB,72,73,Starting-QB-critical (team): rated on a position prior only — the QB room had no recorded starts/stats to tell the starter from his backups.,"Confirm the season's starter (add games_started) or a manual override if a known starter/legend; rate the starter, leave backups lower.",low
5,jim-zorn,Jim Zorn,SEA,1976,QB,72,73,Starting-QB-critical (team): rated on a position prior only — the QB room had no recorded starts/stats to tell the starter from his backups.,"Confirm the season's starter (add games_started) or a manual override if a known starter/legend; rate the starter, leave backups lower.",low
5,steve-myer,Steve Myer,SEA,1976,QB,72,73,Starting-QB-critical (team): rated on a position prior only — the QB room had no recorded starts/stats to tell the starter from his backups.,"Confirm the season's starter (add games_started) or a manual override if a known starter/legend; rate the starter, leave backups lower.",low
5,jim-plunkett,Jim Plunkett,SF,1976,QB,72,73,Starting-QB-critical (team): rated on a position prior only — the QB room had no recorded starts/stats to tell the starter from his backups.,"Confirm the season's starter (add games_started) or a manual override if a known starter/legend; rate the starter, leave backups lower.",low
5,marty-domres,Marty Domres,SF,1976,QB,72,73,Starting-QB-critical (team): rated on a position prior only — the QB room had no recorded starts/stats to tell the starter from his backups.,"Confirm the season's starter (add games_started) or a manual override if a known starter/legend; rate the starter, leave backups lower.",low
5,scott-bull,Scott Bull,SF,1976,QB,72,73,Starting-QB-critical (team): rated on a position prior only — the QB room had no recorded starts/stats to tell the starter from his backups.,"Confirm the season's starter (add games_started) or a manual override if a known starter/legend; rate the starter, leave backups lower.",low
5,james-harris,James Harris,STL,1976,QB,72,73,Starting-QB-critical (team): rated on a position prior only — the QB room had no recorded starts/stats to tell the starter from his backups.,"Confirm the season's starter (add games_started) or a manual override if a known starter/legend; rate the starter, leave backups lower.",low
5,pat-haden,Pat Haden,STL,1976,QB,72,73,Starting-QB-critical (team): rated on a position prior only — the QB room had no recorded starts/stats to tell the starter from his backups.,"Confirm the season's starter (add games_started) or a manual override if a known starter/legend; rate the starter, leave backups lower.",low
5,ron-jaworski,Ron Jaworski,STL,1976,QB,72,73,Starting-QB-critical (team): rated on a position prior only — the QB room had no recorded starts/stats to tell the starter from his backups.,"Confirm the season's starter (add games_started) or a manual override if a known starter/legend; rate the starter, leave backups lower.",low
5,larry-lawrence,Larry Lawrence,TB,1976,QB,72,73,Starting-QB-critical (team): rated on a position prior only — the QB room had no recorded starts/stats to tell the starter from his backups.,"Confirm the season's starter (add games_started) or a manual override if a known starter/legend; rate the starter, leave backups lower.",low
5,parnell-dickinson,Parnell Dickinson,TB,1976,QB,72,73,Starting-QB-critical (team): rated on a position prior only — the QB room had no recorded starts/stats to tell the starter from his backups.,"Confirm the season's starter (add games_started) or a manual override if a known starter/legend; rate the starter, leave backups lower.",low
5,steve-spurrier,Steve Spurrier,TB,1976,QB,72,73,Starting-QB-critical (team): rated on a position prior only — the QB room had no recorded starts/stats to tell the starter from his backups.,"Confirm the season's starter (add games_started) or a manual override if a known starter/legend; rate the starter, leave backups lower.",low
5,terry-hanratty,Terry Hanratty,TB,1976,QB,72,73,Starting-QB-critical (team): rated on a position prior only — the QB room had no recorded starts/stats to tell the starter from his backups.,"Confirm the season's starter (add games_started) or a manual override if a known starter/legend; rate the starter, leave backups lower.",low
5,dan-pastorini,Dan Pastorini,TEN,1976,QB,72,73,Starting-QB-critical (team): rated on a position prior only — the QB room had no recorded starts/stats to tell the starter from his backups.,"Confirm the season's starter (add games_started) or a manual override if a known starter/legend; rate the starter, leave backups lower.",low
5,james-foote,James Foote,TEN,1976,QB,72,73,Starting-QB-critical (team): rated on a position prior only — the QB room had no recorded starts/stats to tell the starter from his backups.,"Confirm the season's starter (add games_started) or a manual override if a known starter/legend; rate the starter, leave backups lower.",low
5,john-hadl,John Hadl,TEN,1976,QB,72,73,Starting-QB-critical (team): rated on a position prior only — the QB room had no recorded starts/stats to tell the starter from his backups.,"Confirm the season's starter (add games_started) or a manual override if a known starter/legend; rate the starter, leave backups lower.",low
5,billy-kilmer,Billy Kilmer,WAS,1976,QB,72,73,Starting-QB-critical (team): rated on a position prior only — the QB room had no recorded starts/stats to tell the starter from his backups.,"Confirm the season's starter (add games_started) or a manual override if a known starter/legend; rate the starter, leave backups lower.",low
5,joe-theismann,Joe Theismann,WAS,1976,QB,72,73,Starting-QB-critical (team): rated on a position prior only — the QB room had no recorded starts/stats to tell the starter from his backups.,"Confirm the season's starter (add games_started) or a manual override if a known starter/legend; rate the starter, leave backups lower.",low
5,dennis-shaw,Dennis Shaw,ARI,1975,QB,69,73,Starting-QB-critical (team): rated on a position prior only — the QB room had no recorded starts/stats to tell the starter from his backups.,"Confirm the season's starter (add games_started) or a manual override if a known starter/legend; rate the starter, leave backups lower.",low
5,gary-keithley,Gary Keithley,ARI,1975,QB,69,73,Starting-QB-critical (team): rated on a position prior only — the QB room had no recorded starts/stats to tell the starter from his backups.,"Confirm the season's starter (add games_started) or a manual override if a known starter/legend; rate the starter, leave backups lower.",low
5,jim-hart,Jim Hart,ARI,1975,QB,69,73,Starting-QB-critical (team): rated on a position prior only — the QB room had no recorded starts/stats to tell the starter from his backups.,"Confirm the season's starter (add games_started) or a manual override if a known starter/legend; rate the starter, leave backups lower.",low
5,kim-mcquilken,Kim McQuilken,ATL,1975,QB,69,73,Starting-QB-critical (team): rated on a position prior only — the QB room had no recorded starts/stats to tell the starter from his backups.,"Confirm the season's starter (add games_started) or a manual override if a known starter/legend; rate the starter, leave backups lower.",low
5,pat-sullivan,Pat Sullivan,ATL,1975,QB,69,73,Starting-QB-critical (team): rated on a position prior only — the QB room had no recorded starts/stats to tell the starter from his backups.,"Confirm the season's starter (add games_started) or a manual override if a known starter/legend; rate the starter, leave backups lower.",low
5,steve-bartkowski,Steve Bartkowski,ATL,1975,QB,69,73,Starting-QB-critical (team): rated on a position prior only — the QB room had no recorded starts/stats to tell the starter from his backups.,"Confirm the season's starter (add games_started) or a manual override if a known starter/legend; rate the starter, leave backups lower.",low
5,gary-marangi,Gary Marangi,BUF,1975,QB,69,73,Starting-QB-critical (team): rated on a position prior only — the QB room had no recorded starts/stats to tell the starter from his backups.,"Confirm the season's starter (add games_started) or a manual override if a known starter/legend; rate the starter, leave backups lower.",low
5,joe-ferguson,Joe Ferguson,BUF,1975,QB,69,73,Starting-QB-critical (team): rated on a position prior only — the QB room had no recorded starts/stats to tell the starter from his backups.,"Confirm the season's starter (add games_started) or a manual override if a known starter/legend; rate the starter, leave backups lower.",low
5,bob-avellini,Bob Avellini,CHI,1975,QB,69,73,Starting-QB-critical (team): rated on a position prior only — the QB room had no recorded starts/stats to tell the starter from his backups.,"Confirm the season's starter (add games_started) or a manual override if a known starter/legend; rate the starter, leave backups lower.",low
5,gary-huff,Gary Huff,CHI,1975,QB,69,73,Starting-QB-critical (team): rated on a position prior only — the QB room had no recorded starts/stats to tell the starter from his backups.,"Confirm the season's starter (add games_started) or a manual override if a known starter/legend; rate the starter, leave backups lower.",low
5,virgil-carter,Virgil Carter,CHI,1975,QB,69,73,Starting-QB-critical (team): rated on a position prior only — the QB room had no recorded starts/stats to tell the starter from his backups.,"Confirm the season's starter (add games_started) or a manual override if a known starter/legend; rate the starter, leave backups lower.",low
5,john-reaves,John Reaves,CIN,1975,QB,69,73,Starting-QB-critical (team): rated on a position prior only — the QB room had no recorded starts/stats to tell the starter from his backups.,"Confirm the season's starter (add games_started) or a manual override if a known starter/legend; rate the starter, leave backups lower.",low
5,ken-anderson,Ken Anderson,CIN,1975,QB,69,73,Starting-QB-critical (team): rated on a position prior only — the QB room had no recorded starts/stats to tell the starter from his backups.,"Confirm the season's starter (add games_started) or a manual override if a known starter/legend; rate the starter, leave backups lower.",low
5,brian-sipe,Brian Sipe,CLE,1975,QB,69,73,Starting-QB-critical (team): rated on a position prior only — the QB room had no recorded starts/stats to tell the starter from his backups.,"Confirm the season's starter (add games_started) or a manual override if a known starter/legend; rate the starter, leave backups lower.",low
5,mike-phipps,Mike Phipps,CLE,1975,QB,69,73,Starting-QB-critical (team): rated on a position prior only — the QB room had no recorded starts/stats to tell the starter from his backups.,"Confirm the season's starter (add games_started) or a manual override if a known starter/legend; rate the starter, leave backups lower.",low
5,will-cureton,Will Cureton,CLE,1975,QB,69,73,Starting-QB-critical (team): rated on a position prior only — the QB room had no recorded starts/stats to tell the starter from his backups.,"Confirm the season's starter (add games_started) or a manual override if a known starter/legend; rate the starter, leave backups lower.",low
5,clint-longley,Clint Longley,DAL,1975,QB,69,73,Starting-QB-critical (team): rated on a position prior only — the QB room had no recorded starts/stats to tell the starter from his backups.,"Confirm the season's starter (add games_started) or a manual override if a known starter/legend; rate the starter, leave backups lower.",low
5,roger-staubach,Roger Staubach,DAL,1975,QB,69,73,Starting-QB-critical (team): rated on a position prior only — the QB room had no recorded starts/stats to tell the starter from his backups.,"Confirm the season's starter (add games_started) or a manual override if a known starter/legend; rate the starter, leave backups lower.",low
5,charley-johnson,Charley Johnson,DEN,1975,QB,69,73,Starting-QB-critical (team): rated on a position prior only — the QB room had no recorded starts/stats to tell the starter from his backups.,"Confirm the season's starter (add games_started) or a manual override if a known starter/legend; rate the starter, leave backups lower.",low
5,john-hufnagel,John Hufnagel,DEN,1975,QB,69,73,Starting-QB-critical (team): rated on a position prior only — the QB room had no recorded starts/stats to tell the starter from his backups.,"Confirm the season's starter (add games_started) or a manual override if a known starter/legend; rate the starter, leave backups lower.",low
5,steve-ramsey,Steve Ramsey,DEN,1975,QB,70,73,Starting-QB-critical (team): rated on a position prior only — the QB room had no recorded starts/stats to tell the starter from his backups.,"Confirm the season's starter (add games_started) or a manual override if a known starter/legend; rate the starter, leave backups lower.",low
5,bill-munson,Bill Munson,DET,1975,QB,70,73,Starting-QB-critical (team): rated on a position prior only — the QB room had no recorded starts/stats to tell the starter from his backups.,"Confirm the season's starter (add games_started) or a manual override if a known starter/legend; rate the starter, leave backups lower.",low
5,greg-landry,Greg Landry,DET,1975,QB,70,73,Starting-QB-critical (team): rated on a position prior only — the QB room had no recorded starts/stats to tell the starter from his backups.,"Confirm the season's starter (add games_started) or a manual override if a known starter/legend; rate the starter, leave backups lower.",low
5,jack-concannon,Jack Concannon,DET,1975,QB,70,73,Starting-QB-critical (team): rated on a position prior only — the QB room had no recorded starts/stats to tell the starter from his backups.,"Confirm the season's starter (add games_started) or a manual override if a known starter/legend; rate the starter, leave backups lower.",low
5,joe-reed,Joe Reed,DET,1975,QB,70,73,Starting-QB-critical (team): rated on a position prior only — the QB room had no recorded starts/stats to tell the starter from his backups.,"Confirm the season's starter (add games_started) or a manual override if a known starter/legend; rate the starter, leave backups lower.",low
5,carlos-brown,Carlos Brown,GB,1975,QB,70,73,Starting-QB-critical (team): rated on a position prior only — the QB room had no recorded starts/stats to tell the starter from his backups.,"Confirm the season's starter (add games_started) or a manual override if a known starter/legend; rate the starter, leave backups lower.",low
5,don-milan,Don Milan,GB,1975,QB,70,73,Starting-QB-critical (team): rated on a position prior only — the QB room had no recorded starts/stats to tell the starter from his backups.,"Confirm the season's starter (add games_started) or a manual override if a known starter/legend; rate the starter, leave backups lower.",low
5,john-hadl,John Hadl,GB,1975,QB,70,73,Starting-QB-critical (team): rated on a position prior only — the QB room had no recorded starts/stats to tell the starter from his backups.,"Confirm the season's starter (add games_started) or a manual override if a known starter/legend; rate the starter, leave backups lower.",low
5,bert-jones,Bert Jones,IND,1975,QB,70,73,Starting-QB-critical (team): rated on a position prior only — the QB room had no recorded starts/stats to tell the starter from his backups.,"Confirm the season's starter (add games_started) or a manual override if a known starter/legend; rate the starter, leave backups lower.",low
5,marty-domres,Marty Domres,IND,1975,QB,70,73,Starting-QB-critical (team): rated on a position prior only — the QB room had no recorded starts/stats to tell the starter from his backups.,"Confirm the season's starter (add games_started) or a manual override if a known starter/legend; rate the starter, leave backups lower.",low
5,len-dawson,Len Dawson,KC,1975,QB,70,73,Starting-QB-critical (team): rated on a position prior only — the QB room had no recorded starts/stats to tell the starter from his backups.,"Confirm the season's starter (add games_started) or a manual override if a known starter/legend; rate the starter, leave backups lower.",low
5,mike-livingston,Mike Livingston,KC,1975,QB,70,73,Starting-QB-critical (team): rated on a position prior only — the QB room had no recorded starts/stats to tell the starter from his backups.,"Confirm the season's starter (add games_started) or a manual override if a known starter/legend; rate the starter, leave backups lower.",low
5,tony-adams,Tony Adams,KC,1975,QB,70,73,Starting-QB-critical (team): rated on a position prior only — the QB room had no recorded starts/stats to tell the starter from his backups.,"Confirm the season's starter (add games_started) or a manual override if a known starter/legend; rate the starter, leave backups lower.",low
5,wayne-clark,Wayne Clark,KC,1975,QB,70,73,Starting-QB-critical (team): rated on a position prior only — the QB room had no recorded starts/stats to tell the starter from his backups.,"Confirm the season's starter (add games_started) or a manual override if a known starter/legend; rate the starter, leave backups lower.",low
5,bobby-douglass,Bobby Douglass,LAC,1975,QB,70,73,Starting-QB-critical (team): rated on a position prior only — the QB room had no recorded starts/stats to tell the starter from his backups.,"Confirm the season's starter (add games_started) or a manual override if a known starter/legend; rate the starter, leave backups lower.",low
5,dan-fouts,Dan Fouts,LAC,1975,QB,70,73,Starting-QB-critical (team): rated on a position prior only — the QB room had no recorded starts/stats to tell the starter from his backups.,"Confirm the season's starter (add games_started) or a manual override if a known starter/legend; rate the starter, leave backups lower.",low
5,jesse-freitas,Jesse Freitas,LAC,1975,QB,70,73,Starting-QB-critical (team): rated on a position prior only — the QB room had no recorded starts/stats to tell the starter from his backups.,"Confirm the season's starter (add games_started) or a manual override if a known starter/legend; rate the starter, leave backups lower.",low
5,david-humm,David Humm,LV,1975,QB,70,73,Starting-QB-critical (team): rated on a position prior only — the QB room had no recorded starts/stats to tell the starter from his backups.,"Confirm the season's starter (add games_started) or a manual override if a known starter/legend; rate the starter, leave backups lower.",low
5,george-blanda,George Blanda,LV,1975,QB,70,73,Starting-QB-critical (team): rated on a position prior only — the QB room had no recorded starts/stats to tell the starter from his backups.,"Confirm the season's starter (add games_started) or a manual override if a known starter/legend; rate the starter, leave backups lower.",low
5,ken-stabler,Ken Stabler,LV,1975,QB,71,73,Starting-QB-critical (team): rated on a position prior only — the QB room had no recorded starts/stats to tell the starter from his backups.,"Confirm the season's starter (add games_started) or a manual override if a known starter/legend; rate the starter, leave backups lower.",low
5,larry-lawrence,Larry Lawrence,LV,1975,QB,71,73,Starting-QB-critical (team): rated on a position prior only — the QB room had no recorded starts/stats to tell the starter from his backups.,"Confirm the season's starter (add games_started) or a manual override if a known starter/legend; rate the starter, leave backups lower.",low
5,pete-beathard,Pete Beathard,LV,1975,QB,71,73,Starting-QB-critical (team): rated on a position prior only — the QB room had no recorded starts/stats to tell the starter from his backups.,"Confirm the season's starter (add games_started) or a manual override if a known starter/legend; rate the starter, leave backups lower.",low
5,bob-griese,Bob Griese,MIA,1975,QB,71,73,Starting-QB-critical (team): rated on a position prior only — the QB room had no recorded starts/stats to tell the starter from his backups.,"Confirm the season's starter (add games_started) or a manual override if a known starter/legend; rate the starter, leave backups lower.",low
5,don-strock,Don Strock,MIA,1975,QB,71,73,Starting-QB-critical (team): rated on a position prior only — the QB room had no recorded starts/stats to tell the starter from his backups.,"Confirm the season's starter (add games_started) or a manual override if a known starter/legend; rate the starter, leave backups lower.",low
5,earl-morrall,Earl Morrall,MIA,1975,QB,71,73,Starting-QB-critical (team): rated on a position prior only — the QB room had no recorded starts/stats to tell the starter from his backups.,"Confirm the season's starter (add games_started) or a manual override if a known starter/legend; rate the starter, leave backups lower.",low
5,jim-del-gaizo,Jim Del Gaizo,MIA,1975,QB,71,73,Starting-QB-critical (team): rated on a position prior only — the QB room had no recorded starts/stats to tell the starter from his backups.,"Confirm the season's starter (add games_started) or a manual override if a known starter/legend; rate the starter, leave backups lower.",low
5,bob-berry,Bob Berry,MIN,1975,QB,71,73,Starting-QB-critical (team): rated on a position prior only — the QB room had no recorded starts/stats to tell the starter from his backups.,"Confirm the season's starter (add games_started) or a manual override if a known starter/legend; rate the starter, leave backups lower.",low
5,bob-lee,Bob Lee,MIN,1975,QB,71,73,Starting-QB-critical (team): rated on a position prior only — the QB room had no recorded starts/stats to tell the starter from his backups.,"Confirm the season's starter (add games_started) or a manual override if a known starter/legend; rate the starter, leave backups lower.",low
5,fran-tarkenton,Fran Tarkenton,MIN,1975,QB,71,73,Starting-QB-critical (team): rated on a position prior only — the QB room had no recorded starts/stats to tell the starter from his backups.,"Confirm the season's starter (add games_started) or a manual override if a known starter/legend; rate the starter, leave backups lower.",low
5,jim-plunkett,Jim Plunkett,NE,1975,QB,71,73,Starting-QB-critical (team): rated on a position prior only — the QB room had no recorded starts/stats to tell the starter from his backups.,"Confirm the season's starter (add games_started) or a manual override if a known starter/legend; rate the starter, leave backups lower.",low
5,neil-graff,Neil Graff,NE,1975,QB,71,73,Starting-QB-critical (team): rated on a position prior only — the QB room had no recorded starts/stats to tell the starter from his backups.,"Confirm the season's starter (add games_started) or a manual override if a known starter/legend; rate the starter, leave backups lower.",low
5,steve-grogan,Steve Grogan,NE,1975,QB,71,73,Starting-QB-critical (team): rated on a position prior only — the QB room had no recorded starts/stats to tell the starter from his backups.,"Confirm the season's starter (add games_started) or a manual override if a known starter/legend; rate the starter, leave backups lower.",low
5,archie-manning,Archie Manning,NO,1975,QB,71,73,Starting-QB-critical (team): rated on a position prior only — the QB room had no recorded starts/stats to tell the starter from his backups.,"Confirm the season's starter (add games_started) or a manual override if a known starter/legend; rate the starter, leave backups lower.",low
5,bobby-scott,Bobby Scott,NO,1975,QB,71,73,Starting-QB-critical (team): rated on a position prior only — the QB room had no recorded starts/stats to tell the starter from his backups.,"Confirm the season's starter (add games_started) or a manual override if a known starter/legend; rate the starter, leave backups lower.",low
5,larry-cipa,Larry Cipa,NO,1975,QB,71,73,Starting-QB-critical (team): rated on a position prior only — the QB room had no recorded starts/stats to tell the starter from his backups.,"Confirm the season's starter (add games_started) or a manual override if a known starter/legend; rate the starter, leave backups lower.",low
5,carl-summerell,Carl Summerell,NYG,1975,QB,71,73,Starting-QB-critical (team): rated on a position prior only — the QB room had no recorded starts/stats to tell the starter from his backups.,"Confirm the season's starter (add games_started) or a manual override if a known starter/legend; rate the starter, leave backups lower.",low
5,craig-morton,Craig Morton,NYG,1975,QB,71,73,Starting-QB-critical (team): rated on a position prior only — the QB room had no recorded starts/stats to tell the starter from his backups.,"Confirm the season's starter (add games_started) or a manual override if a known starter/legend; rate the starter, leave backups lower.",low
5,mike-wells,Mike Wells,NYG,1975,QB,71,73,Starting-QB-critical (team): rated on a position prior only — the QB room had no recorded starts/stats to tell the starter from his backups.,"Confirm the season's starter (add games_started) or a manual override if a known starter/legend; rate the starter, leave backups lower.",low
5,joe-namath,Joe Namath,NYJ,1975,QB,71,73,Starting-QB-critical (team): rated on a position prior only — the QB room had no recorded starts/stats to tell the starter from his backups.,"Confirm the season's starter (add games_started) or a manual override if a known starter/legend; rate the starter, leave backups lower.",low
5,john-jones,John Jones,NYJ,1975,QB,72,73,Starting-QB-critical (team): rated on a position prior only — the QB room had no recorded starts/stats to tell the starter from his backups.,"Confirm the season's starter (add games_started) or a manual override if a known starter/legend; rate the starter, leave backups lower.",low
5,bill-troup,Bill Troup,PHI,1975,QB,72,73,Starting-QB-critical (team): rated on a position prior only — the QB room had no recorded starts/stats to tell the starter from his backups.,"Confirm the season's starter (add games_started) or a manual override if a known starter/legend; rate the starter, leave backups lower.",low
5,mike-boryla,Mike Boryla,PHI,1975,QB,72,73,Starting-QB-critical (team): rated on a position prior only — the QB room had no recorded starts/stats to tell the starter from his backups.,"Confirm the season's starter (add games_started) or a manual override if a known starter/legend; rate the starter, leave backups lower.",low
5,roman-gabriel,Roman Gabriel,PHI,1975,QB,72,73,Starting-QB-critical (team): rated on a position prior only — the QB room had no recorded starts/stats to tell the starter from his backups.,"Confirm the season's starter (add games_started) or a manual override if a known starter/legend; rate the starter, leave backups lower.",low
5,joe-gilliam,Joe Gilliam,PIT,1975,QB,72,73,Starting-QB-critical (team): rated on a position prior only — the QB room had no recorded starts/stats to tell the starter from his backups.,"Confirm the season's starter (add games_started) or a manual override if a known starter/legend; rate the starter, leave backups lower.",low
5,terry-bradshaw,Terry Bradshaw,PIT,1975,QB,72,73,Starting-QB-critical (team): rated on a position prior only — the QB room had no recorded starts/stats to tell the starter from his backups.,"Confirm the season's starter (add games_started) or a manual override if a known starter/legend; rate the starter, leave backups lower.",low
5,terry-hanratty,Terry Hanratty,PIT,1975,QB,72,73,Starting-QB-critical (team): rated on a position prior only — the QB room had no recorded starts/stats to tell the starter from his backups.,"Confirm the season's starter (add games_started) or a manual override if a known starter/legend; rate the starter, leave backups lower.",low
5,norm-snead,Norm Snead,SF,1975,QB,72,73,Starting-QB-critical (team): rated on a position prior only — the QB room had no recorded starts/stats to tell the starter from his backups.,"Confirm the season's starter (add games_started) or a manual override if a known starter/legend; rate the starter, leave backups lower.",low
5,steve-spurrier,Steve Spurrier,SF,1975,QB,72,73,Starting-QB-critical (team): rated on a position prior only — the QB room had no recorded starts/stats to tell the starter from his backups.,"Confirm the season's starter (add games_started) or a manual override if a known starter/legend; rate the starter, leave backups lower.",low
5,tom-owen,Tom Owen,SF,1975,QB,72,73,Starting-QB-critical (team): rated on a position prior only — the QB room had no recorded starts/stats to tell the starter from his backups.,"Confirm the season's starter (add games_started) or a manual override if a known starter/legend; rate the starter, leave backups lower.",low
5,james-harris,James Harris,STL,1975,QB,72,73,Starting-QB-critical (team): rated on a position prior only — the QB room had no recorded starts/stats to tell the starter from his backups.,"Confirm the season's starter (add games_started) or a manual override if a known starter/legend; rate the starter, leave backups lower.",low
5,ron-jaworski,Ron Jaworski,STL,1975,QB,72,73,Starting-QB-critical (team): rated on a position prior only — the QB room had no recorded starts/stats to tell the starter from his backups.,"Confirm the season's starter (add games_started) or a manual override if a known starter/legend; rate the starter, leave backups lower.",low
5,dan-pastorini,Dan Pastorini,TEN,1975,QB,72,73,Starting-QB-critical (team): rated on a position prior only — the QB room had no recorded starts/stats to tell the starter from his backups.,"Confirm the season's starter (add games_started) or a manual override if a known starter/legend; rate the starter, leave backups lower.",low
5,lynn-dickey,Lynn Dickey,TEN,1975,QB,72,73,Starting-QB-critical (team): rated on a position prior only — the QB room had no recorded starts/stats to tell the starter from his backups.,"Confirm the season's starter (add games_started) or a manual override if a known starter/legend; rate the starter, leave backups lower.",low
5,billy-kilmer,Billy Kilmer,WAS,1975,QB,72,73,Starting-QB-critical (team): rated on a position prior only — the QB room had no recorded starts/stats to tell the starter from his backups.,"Confirm the season's starter (add games_started) or a manual override if a known starter/legend; rate the starter, leave backups lower.",low
5,joe-theismann,Joe Theismann,WAS,1975,QB,72,73,Starting-QB-critical (team): rated on a position prior only — the QB room had no recorded starts/stats to tell the starter from his backups.,"Confirm the season's starter (add games_started) or a manual override if a known starter/legend; rate the starter, leave backups lower.",low
5,randy-johnson,Randy Johnson,WAS,1975,QB,72,73,Starting-QB-critical (team): rated on a position prior only — the QB room had no recorded starts/stats to tell the starter from his backups.,"Confirm the season's starter (add games_started) or a manual override if a known starter/legend; rate the starter, leave backups lower.",low
5,dennis-shaw,Dennis Shaw,ARI,1974,QB,69,73,Starting-QB-critical (team): rated on a position prior only — the QB room had no recorded starts/stats to tell the starter from his backups.,"Confirm the season's starter (add games_started) or a manual override if a known starter/legend; rate the starter, leave backups lower.",low
5,gary-keithley,Gary Keithley,ARI,1974,QB,69,73,Starting-QB-critical (team): rated on a position prior only — the QB room had no recorded starts/stats to tell the starter from his backups.,"Confirm the season's starter (add games_started) or a manual override if a known starter/legend; rate the starter, leave backups lower.",low
5,jim-hart,Jim Hart,ARI,1974,QB,69,73,Starting-QB-critical (team): rated on a position prior only — the QB room had no recorded starts/stats to tell the starter from his backups.,"Confirm the season's starter (add games_started) or a manual override if a known starter/legend; rate the starter, leave backups lower.",low
5,bob-lee,Bob Lee,ATL,1974,QB,69,73,Starting-QB-critical (team): rated on a position prior only — the QB room had no recorded starts/stats to tell the starter from his backups.,"Confirm the season's starter (add games_started) or a manual override if a known starter/legend; rate the starter, leave backups lower.",low
5,kim-mcquilken,Kim McQuilken,ATL,1974,QB,69,73,Starting-QB-critical (team): rated on a position prior only — the QB room had no recorded starts/stats to tell the starter from his backups.,"Confirm the season's starter (add games_started) or a manual override if a known starter/legend; rate the starter, leave backups lower.",low
5,pat-sullivan,Pat Sullivan,ATL,1974,QB,69,73,Starting-QB-critical (team): rated on a position prior only — the QB room had no recorded starts/stats to tell the starter from his backups.,"Confirm the season's starter (add games_started) or a manual override if a known starter/legend; rate the starter, leave backups lower.",low
5,gary-marangi,Gary Marangi,BUF,1974,QB,69,73,Starting-QB-critical (team): rated on a position prior only — the QB room had no recorded starts/stats to tell the starter from his backups.,"Confirm the season's starter (add games_started) or a manual override if a known starter/legend; rate the starter, leave backups lower.",low
5,joe-ferguson,Joe Ferguson,BUF,1974,QB,69,73,Starting-QB-critical (team): rated on a position prior only — the QB room had no recorded starts/stats to tell the starter from his backups.,"Confirm the season's starter (add games_started) or a manual override if a known starter/legend; rate the starter, leave backups lower.",low
5,scott-hunter,Scott Hunter,BUF,1974,QB,69,73,Starting-QB-critical (team): rated on a position prior only — the QB room had no recorded starts/stats to tell the starter from his backups.,"Confirm the season's starter (add games_started) or a manual override if a known starter/legend; rate the starter, leave backups lower.",low
5,bobby-douglass,Bobby Douglass,CHI,1974,QB,69,73,Starting-QB-critical (team): rated on a position prior only — the QB room had no recorded starts/stats to tell the starter from his backups.,"Confirm the season's starter (add games_started) or a manual override if a known starter/legend; rate the starter, leave backups lower.",low
5,gary-huff,Gary Huff,CHI,1974,QB,69,73,Starting-QB-critical (team): rated on a position prior only — the QB room had no recorded starts/stats to tell the starter from his backups.,"Confirm the season's starter (add games_started) or a manual override if a known starter/legend; rate the starter, leave backups lower.",low
5,joe-barnes,Joe Barnes,CHI,1974,QB,69,73,Starting-QB-critical (team): rated on a position prior only — the QB room had no recorded starts/stats to tell the starter from his backups.,"Confirm the season's starter (add games_started) or a manual override if a known starter/legend; rate the starter, leave backups lower.",low
5,ken-anderson,Ken Anderson,CIN,1974,QB,69,73,Starting-QB-critical (team): rated on a position prior only — the QB room had no recorded starts/stats to tell the starter from his backups.,"Confirm the season's starter (add games_started) or a manual override if a known starter/legend; rate the starter, leave backups lower.",low
5,mike-ernst,Mike Ernst,CIN,1974,QB,69,73,Starting-QB-critical (team): rated on a position prior only — the QB room had no recorded starts/stats to tell the starter from his backups.,"Confirm the season's starter (add games_started) or a manual override if a known starter/legend; rate the starter, leave backups lower.",low
5,wayne-clark,Wayne Clark,CIN,1974,QB,69,73,Starting-QB-critical (team): rated on a position prior only — the QB room had no recorded starts/stats to tell the starter from his backups.,"Confirm the season's starter (add games_started) or a manual override if a known starter/legend; rate the starter, leave backups lower.",low
5,brian-sipe,Brian Sipe,CLE,1974,QB,69,73,Starting-QB-critical (team): rated on a position prior only — the QB room had no recorded starts/stats to tell the starter from his backups.,"Confirm the season's starter (add games_started) or a manual override if a known starter/legend; rate the starter, leave backups lower.",low
5,mike-phipps,Mike Phipps,CLE,1974,QB,69,73,Starting-QB-critical (team): rated on a position prior only — the QB room had no recorded starts/stats to tell the starter from his backups.,"Confirm the season's starter (add games_started) or a manual override if a known starter/legend; rate the starter, leave backups lower.",low
5,will-cureton,Will Cureton,CLE,1974,QB,69,73,Starting-QB-critical (team): rated on a position prior only — the QB room had no recorded starts/stats to tell the starter from his backups.,"Confirm the season's starter (add games_started) or a manual override if a known starter/legend; rate the starter, leave backups lower.",low
5,clint-longley,Clint Longley,DAL,1974,QB,69,73,Starting-QB-critical (team): rated on a position prior only — the QB room had no recorded starts/stats to tell the starter from his backups.,"Confirm the season's starter (add games_started) or a manual override if a known starter/legend; rate the starter, leave backups lower.",low
5,roger-staubach,Roger Staubach,DAL,1974,QB,69,73,Starting-QB-critical (team): rated on a position prior only — the QB room had no recorded starts/stats to tell the starter from his backups.,"Confirm the season's starter (add games_started) or a manual override if a known starter/legend; rate the starter, leave backups lower.",low
5,charley-johnson,Charley Johnson,DEN,1974,QB,69,73,Starting-QB-critical (team): rated on a position prior only — the QB room had no recorded starts/stats to tell the starter from his backups.,"Confirm the season's starter (add games_started) or a manual override if a known starter/legend; rate the starter, leave backups lower.",low
5,john-hufnagel,John Hufnagel,DEN,1974,QB,70,73,Starting-QB-critical (team): rated on a position prior only — the QB room had no recorded starts/stats to tell the starter from his backups.,"Confirm the season's starter (add games_started) or a manual override if a known starter/legend; rate the starter, leave backups lower.",low
5,steve-ramsey,Steve Ramsey,DEN,1974,QB,70,73,Starting-QB-critical (team): rated on a position prior only — the QB room had no recorded starts/stats to tell the starter from his backups.,"Confirm the season's starter (add games_started) or a manual override if a known starter/legend; rate the starter, leave backups lower.",low
5,bill-munson,Bill Munson,DET,1974,QB,70,73,Starting-QB-critical (team): rated on a position prior only — the QB room had no recorded starts/stats to tell the starter from his backups.,"Confirm the season's starter (add games_started) or a manual override if a known starter/legend; rate the starter, leave backups lower.",low
5,greg-landry,Greg Landry,DET,1974,QB,70,73,Starting-QB-critical (team): rated on a position prior only — the QB room had no recorded starts/stats to tell the starter from his backups.,"Confirm the season's starter (add games_started) or a manual override if a known starter/legend; rate the starter, leave backups lower.",low
5,joe-reed,Joe Reed,DET,1974,QB,70,73,Starting-QB-critical (team): rated on a position prior only — the QB room had no recorded starts/stats to tell the starter from his backups.,"Confirm the season's starter (add games_started) or a manual override if a known starter/legend; rate the starter, leave backups lower.",low
5,sam-wyche,Sam Wyche,DET,1974,QB,70,73,Starting-QB-critical (team): rated on a position prior only — the QB room had no recorded starts/stats to tell the starter from his backups.,"Confirm the season's starter (add games_started) or a manual override if a known starter/legend; rate the starter, leave backups lower.",low
5,dean-carlson,Dean Carlson,GB,1974,QB,70,73,Starting-QB-critical (team): rated on a position prior only — the QB room had no recorded starts/stats to tell the starter from his backups.,"Confirm the season's starter (add games_started) or a manual override if a known starter/legend; rate the starter, leave backups lower.",low
5,jack-concannon,Jack Concannon,GB,1974,QB,70,73,Starting-QB-critical (team): rated on a position prior only — the QB room had no recorded starts/stats to tell the starter from his backups.,"Confirm the season's starter (add games_started) or a manual override if a known starter/legend; rate the starter, leave backups lower.",low
5,jerry-tagge,Jerry Tagge,GB,1974,QB,70,73,Starting-QB-critical (team): rated on a position prior only — the QB room had no recorded starts/stats to tell the starter from his backups.,"Confirm the season's starter (add games_started) or a manual override if a known starter/legend; rate the starter, leave backups lower.",low
5,john-hadl,John Hadl,GB,1974,QB,70,73,Starting-QB-critical (team): rated on a position prior only — the QB room had no recorded starts/stats to tell the starter from his backups.,"Confirm the season's starter (add games_started) or a manual override if a known starter/legend; rate the starter, leave backups lower.",low
5,bert-jones,Bert Jones,IND,1974,QB,70,73,Starting-QB-critical (team): rated on a position prior only — the QB room had no recorded starts/stats to tell the starter from his backups.,"Confirm the season's starter (add games_started) or a manual override if a known starter/legend; rate the starter, leave backups lower.",low
5,bill-troup,Bill Troup,IND,1974,QB,70,73,Starting-QB-critical (team): rated on a position prior only — the QB room had no recorded starts/stats to tell the starter from his backups.,"Confirm the season's starter (add games_started) or a manual override if a known starter/legend; rate the starter, leave backups lower.",low
5,marty-domres,Marty Domres,IND,1974,QB,70,73,Starting-QB-critical (team): rated on a position prior only — the QB room had no recorded starts/stats to tell the starter from his backups.,"Confirm the season's starter (add games_started) or a manual override if a known starter/legend; rate the starter, leave backups lower.",low
5,david-jaynes,David Jaynes,KC,1974,QB,70,73,Starting-QB-critical (team): rated on a position prior only — the QB room had no recorded starts/stats to tell the starter from his backups.,"Confirm the season's starter (add games_started) or a manual override if a known starter/legend; rate the starter, leave backups lower.",low
5,len-dawson,Len Dawson,KC,1974,QB,70,73,Starting-QB-critical (team): rated on a position prior only — the QB room had no recorded starts/stats to tell the starter from his backups.,"Confirm the season's starter (add games_started) or a manual override if a known starter/legend; rate the starter, leave backups lower.",low
5,mike-livingston,Mike Livingston,KC,1974,QB,70,73,Starting-QB-critical (team): rated on a position prior only — the QB room had no recorded starts/stats to tell the starter from his backups.,"Confirm the season's starter (add games_started) or a manual override if a known starter/legend; rate the starter, leave backups lower.",low
5,dan-fouts,Dan Fouts,LAC,1974,QB,70,73,Starting-QB-critical (team): rated on a position prior only — the QB room had no recorded starts/stats to tell the starter from his backups.,"Confirm the season's starter (add games_started) or a manual override if a known starter/legend; rate the starter, leave backups lower.",low
5,don-horn,Don Horn,LAC,1974,QB,70,73,Starting-QB-critical (team): rated on a position prior only — the QB room had no recorded starts/stats to tell the starter from his backups.,"Confirm the season's starter (add games_started) or a manual override if a known starter/legend; rate the starter, leave backups lower.",low
5,jesse-freitas,Jesse Freitas,LAC,1974,QB,70,73,Starting-QB-critical (team): rated on a position prior only — the QB room had no recorded starts/stats to tell the starter from his backups.,"Confirm the season's starter (add games_started) or a manual override if a known starter/legend; rate the starter, leave backups lower.",low
5,daryle-lamonica,Daryle Lamonica,LV,1974,QB,70,73,Starting-QB-critical (team): rated on a position prior only — the QB room had no recorded starts/stats to tell the starter from his backups.,"Confirm the season's starter (add games_started) or a manual override if a known starter/legend; rate the starter, leave backups lower.",low
5,george-blanda,George Blanda,LV,1974,QB,70,73,Starting-QB-critical (team): rated on a position prior only — the QB room had no recorded starts/stats to tell the starter from his backups.,"Confirm the season's starter (add games_started) or a manual override if a known starter/legend; rate the starter, leave backups lower.",low
5,ken-stabler,Ken Stabler,LV,1974,QB,71,73,Starting-QB-critical (team): rated on a position prior only — the QB room had no recorded starts/stats to tell the starter from his backups.,"Confirm the season's starter (add games_started) or a manual override if a known starter/legend; rate the starter, leave backups lower.",low
5,larry-lawrence,Larry Lawrence,LV,1974,QB,71,73,Starting-QB-critical (team): rated on a position prior only — the QB room had no recorded starts/stats to tell the starter from his backups.,"Confirm the season's starter (add games_started) or a manual override if a known starter/legend; rate the starter, leave backups lower.",low
5,bob-griese,Bob Griese,MIA,1974,QB,71,73,Starting-QB-critical (team): rated on a position prior only — the QB room had no recorded starts/stats to tell the starter from his backups.,"Confirm the season's starter (add games_started) or a manual override if a known starter/legend; rate the starter, leave backups lower.",low
5,don-strock,Don Strock,MIA,1974,QB,71,73,Starting-QB-critical (team): rated on a position prior only — the QB room had no recorded starts/stats to tell the starter from his backups.,"Confirm the season's starter (add games_started) or a manual override if a known starter/legend; rate the starter, leave backups lower.",low
5,earl-morrall,Earl Morrall,MIA,1974,QB,71,73,Starting-QB-critical (team): rated on a position prior only — the QB room had no recorded starts/stats to tell the starter from his backups.,"Confirm the season's starter (add games_started) or a manual override if a known starter/legend; rate the starter, leave backups lower.",low
5,bob-berry,Bob Berry,MIN,1974,QB,71,73,Starting-QB-critical (team): rated on a position prior only — the QB room had no recorded starts/stats to tell the starter from his backups.,"Confirm the season's starter (add games_started) or a manual override if a known starter/legend; rate the starter, leave backups lower.",low
5,fran-tarkenton,Fran Tarkenton,MIN,1974,QB,71,73,Starting-QB-critical (team): rated on a position prior only — the QB room had no recorded starts/stats to tell the starter from his backups.,"Confirm the season's starter (add games_started) or a manual override if a known starter/legend; rate the starter, leave backups lower.",low
5,hal-chealander,Hal Chealander,MIN,1974,QB,71,73,Starting-QB-critical (team): rated on a position prior only — the QB room had no recorded starts/stats to tell the starter from his backups.,"Confirm the season's starter (add games_started) or a manual override if a known starter/legend; rate the starter, leave backups lower.",low
5,dick-shiner,Dick Shiner,NE,1974,QB,71,73,Starting-QB-critical (team): rated on a position prior only — the QB room had no recorded starts/stats to tell the starter from his backups.,"Confirm the season's starter (add games_started) or a manual override if a known starter/legend; rate the starter, leave backups lower.",low
5,jim-plunkett,Jim Plunkett,NE,1974,QB,71,73,Starting-QB-critical (team): rated on a position prior only — the QB room had no recorded starts/stats to tell the starter from his backups.,"Confirm the season's starter (add games_started) or a manual override if a known starter/legend; rate the starter, leave backups lower.",low
5,neil-graff,Neil Graff,NE,1974,QB,71,73,Starting-QB-critical (team): rated on a position prior only — the QB room had no recorded starts/stats to tell the starter from his backups.,"Confirm the season's starter (add games_started) or a manual override if a known starter/legend; rate the starter, leave backups lower.",low
5,archie-manning,Archie Manning,NO,1974,QB,71,73,Starting-QB-critical (team): rated on a position prior only — the QB room had no recorded starts/stats to tell the starter from his backups.,"Confirm the season's starter (add games_started) or a manual override if a known starter/legend; rate the starter, leave backups lower.",low
5,bobby-scott,Bobby Scott,NO,1974,QB,71,73,Starting-QB-critical (team): rated on a position prior only — the QB room had no recorded starts/stats to tell the starter from his backups.,"Confirm the season's starter (add games_started) or a manual override if a known starter/legend; rate the starter, leave backups lower.",low
5,larry-cipa,Larry Cipa,NO,1974,QB,71,73,Starting-QB-critical (team): rated on a position prior only — the QB room had no recorded starts/stats to tell the starter from his backups.,"Confirm the season's starter (add games_started) or a manual override if a known starter/legend; rate the starter, leave backups lower.",low
5,carl-summerell,Carl Summerell,NYG,1974,QB,71,73,Starting-QB-critical (team): rated on a position prior only — the QB room had no recorded starts/stats to tell the starter from his backups.,"Confirm the season's starter (add games_started) or a manual override if a known starter/legend; rate the starter, leave backups lower.",low
5,craig-morton,Craig Morton,NYG,1974,QB,71,73,Starting-QB-critical (team): rated on a position prior only — the QB room had no recorded starts/stats to tell the starter from his backups.,"Confirm the season's starter (add games_started) or a manual override if a known starter/legend; rate the starter, leave backups lower.",low
5,jim-del-gaizo,Jim Del Gaizo,NYG,1974,QB,71,73,Starting-QB-critical (team): rated on a position prior only — the QB room had no recorded starts/stats to tell the starter from his backups.,"Confirm the season's starter (add games_started) or a manual override if a known starter/legend; rate the starter, leave backups lower.",low
5,al-woodall,Al Woodall,NYJ,1974,QB,71,73,Starting-QB-critical (team): rated on a position prior only — the QB room had no recorded starts/stats to tell the starter from his backups.,"Confirm the season's starter (add games_started) or a manual override if a known starter/legend; rate the starter, leave backups lower.",low
5,bill-demory,Bill Demory,NYJ,1974,QB,71,73,Starting-QB-critical (team): rated on a position prior only — the QB room had no recorded starts/stats to tell the starter from his backups.,"Confirm the season's starter (add games_started) or a manual override if a known starter/legend; rate the starter, leave backups lower.",low
5,joe-namath,Joe Namath,NYJ,1974,QB,71,73,Starting-QB-critical (team): rated on a position prior only — the QB room had no recorded starts/stats to tell the starter from his backups.,"Confirm the season's starter (add games_started) or a manual override if a known starter/legend; rate the starter, leave backups lower.",low
5,john-reaves,John Reaves,PHI,1974,QB,71,73,Starting-QB-critical (team): rated on a position prior only — the QB room had no recorded starts/stats to tell the starter from his backups.,"Confirm the season's starter (add games_started) or a manual override if a known starter/legend; rate the starter, leave backups lower.",low
5,mike-boryla,Mike Boryla,PHI,1974,QB,72,73,Starting-QB-critical (team): rated on a position prior only — the QB room had no recorded starts/stats to tell the starter from his backups.,"Confirm the season's starter (add games_started) or a manual override if a known starter/legend; rate the starter, leave backups lower.",low
5,roman-gabriel,Roman Gabriel,PHI,1974,QB,72,73,Starting-QB-critical (team): rated on a position prior only — the QB room had no recorded starts/stats to tell the starter from his backups.,"Confirm the season's starter (add games_started) or a manual override if a known starter/legend; rate the starter, leave backups lower.",low
5,joe-gilliam,Joe Gilliam,PIT,1974,QB,72,73,Starting-QB-critical (team): rated on a position prior only — the QB room had no recorded starts/stats to tell the starter from his backups.,"Confirm the season's starter (add games_started) or a manual override if a known starter/legend; rate the starter, leave backups lower.",low
5,terry-bradshaw,Terry Bradshaw,PIT,1974,QB,72,73,Starting-QB-critical (team): rated on a position prior only — the QB room had no recorded starts/stats to tell the starter from his backups.,"Confirm the season's starter (add games_started) or a manual override if a known starter/legend; rate the starter, leave backups lower.",low
5,terry-hanratty,Terry Hanratty,PIT,1974,QB,72,73,Starting-QB-critical (team): rated on a position prior only — the QB room had no recorded starts/stats to tell the starter from his backups.,"Confirm the season's starter (add games_started) or a manual override if a known starter/legend; rate the starter, leave backups lower.",low
5,dennis-morrison,Dennis Morrison,SF,1974,QB,72,73,Starting-QB-critical (team): rated on a position prior only — the QB room had no recorded starts/stats to tell the starter from his backups.,"Confirm the season's starter (add games_started) or a manual override if a known starter/legend; rate the starter, leave backups lower.",low
5,norm-snead,Norm Snead,SF,1974,QB,72,73,Starting-QB-critical (team): rated on a position prior only — the QB room had no recorded starts/stats to tell the starter from his backups.,"Confirm the season's starter (add games_started) or a manual override if a known starter/legend; rate the starter, leave backups lower.",low
5,steve-spurrier,Steve Spurrier,SF,1974,QB,72,73,Starting-QB-critical (team): rated on a position prior only — the QB room had no recorded starts/stats to tell the starter from his backups.,"Confirm the season's starter (add games_started) or a manual override if a known starter/legend; rate the starter, leave backups lower.",low
5,tom-owen,Tom Owen,SF,1974,QB,72,73,Starting-QB-critical (team): rated on a position prior only — the QB room had no recorded starts/stats to tell the starter from his backups.,"Confirm the season's starter (add games_started) or a manual override if a known starter/legend; rate the starter, leave backups lower.",low
5,don-milan,Don Milan,STL,1974,QB,72,73,Starting-QB-critical (team): rated on a position prior only — the QB room had no recorded starts/stats to tell the starter from his backups.,"Confirm the season's starter (add games_started) or a manual override if a known starter/legend; rate the starter, leave backups lower.",low
5,james-harris,James Harris,STL,1974,QB,72,73,Starting-QB-critical (team): rated on a position prior only — the QB room had no recorded starts/stats to tell the starter from his backups.,"Confirm the season's starter (add games_started) or a manual override if a known starter/legend; rate the starter, leave backups lower.",low
5,ron-jaworski,Ron Jaworski,STL,1974,QB,72,73,Starting-QB-critical (team): rated on a position prior only — the QB room had no recorded starts/stats to tell the starter from his backups.,"Confirm the season's starter (add games_started) or a manual override if a known starter/legend; rate the starter, leave backups lower.",low
5,dan-pastorini,Dan Pastorini,TEN,1974,QB,72,73,Starting-QB-critical (team): rated on a position prior only — the QB room had no recorded starts/stats to tell the starter from his backups.,"Confirm the season's starter (add games_started) or a manual override if a known starter/legend; rate the starter, leave backups lower.",low
5,james-foote,James Foote,TEN,1974,QB,72,73,Starting-QB-critical (team): rated on a position prior only — the QB room had no recorded starts/stats to tell the starter from his backups.,"Confirm the season's starter (add games_started) or a manual override if a known starter/legend; rate the starter, leave backups lower.",low
5,lynn-dickey,Lynn Dickey,TEN,1974,QB,72,73,Starting-QB-critical (team): rated on a position prior only — the QB room had no recorded starts/stats to tell the starter from his backups.,"Confirm the season's starter (add games_started) or a manual override if a known starter/legend; rate the starter, leave backups lower.",low
5,billy-kilmer,Billy Kilmer,WAS,1974,QB,72,73,Starting-QB-critical (team): rated on a position prior only — the QB room had no recorded starts/stats to tell the starter from his backups.,"Confirm the season's starter (add games_started) or a manual override if a known starter/legend; rate the starter, leave backups lower.",low
5,joe-theismann,Joe Theismann,WAS,1974,QB,72,73,Starting-QB-critical (team): rated on a position prior only — the QB room had no recorded starts/stats to tell the starter from his backups.,"Confirm the season's starter (add games_started) or a manual override if a known starter/legend; rate the starter, leave backups lower.",low
5,sonny-jurgensen,Sonny Jurgensen,WAS,1974,QB,72,73,Starting-QB-critical (team): rated on a position prior only — the QB room had no recorded starts/stats to tell the starter from his backups.,"Confirm the season's starter (add games_started) or a manual override if a known starter/legend; rate the starter, leave backups lower.",low
5,gary-keithley,Gary Keithley,ARI,1973,QB,69,73,Starting-QB-critical (team): rated on a position prior only — the QB room had no recorded starts/stats to tell the starter from his backups.,"Confirm the season's starter (add games_started) or a manual override if a known starter/legend; rate the starter, leave backups lower.",low
5,jim-hart,Jim Hart,ARI,1973,QB,69,73,Starting-QB-critical (team): rated on a position prior only — the QB room had no recorded starts/stats to tell the starter from his backups.,"Confirm the season's starter (add games_started) or a manual override if a known starter/legend; rate the starter, leave backups lower.",low
5,bob-lee,Bob Lee,ATL,1973,QB,69,73,Starting-QB-critical (team): rated on a position prior only — the QB room had no recorded starts/stats to tell the starter from his backups.,"Confirm the season's starter (add games_started) or a manual override if a known starter/legend; rate the starter, leave backups lower.",low
5,pat-sullivan,Pat Sullivan,ATL,1973,QB,69,73,Starting-QB-critical (team): rated on a position prior only — the QB room had no recorded starts/stats to tell the starter from his backups.,"Confirm the season's starter (add games_started) or a manual override if a known starter/legend; rate the starter, leave backups lower.",low
5,dennis-shaw,Dennis Shaw,BUF,1973,QB,69,73,Starting-QB-critical (team): rated on a position prior only — the QB room had no recorded starts/stats to tell the starter from his backups.,"Confirm the season's starter (add games_started) or a manual override if a known starter/legend; rate the starter, leave backups lower.",low
5,joe-ferguson,Joe Ferguson,BUF,1973,QB,69,73,Starting-QB-critical (team): rated on a position prior only — the QB room had no recorded starts/stats to tell the starter from his backups.,"Confirm the season's starter (add games_started) or a manual override if a known starter/legend; rate the starter, leave backups lower.",low
5,bobby-douglass,Bobby Douglass,CHI,1973,QB,69,73,Starting-QB-critical (team): rated on a position prior only — the QB room had no recorded starts/stats to tell the starter from his backups.,"Confirm the season's starter (add games_started) or a manual override if a known starter/legend; rate the starter, leave backups lower.",low
5,gary-huff,Gary Huff,CHI,1973,QB,69,73,Starting-QB-critical (team): rated on a position prior only — the QB room had no recorded starts/stats to tell the starter from his backups.,"Confirm the season's starter (add games_started) or a manual override if a known starter/legend; rate the starter, leave backups lower.",low
5,zeke-bratkowski,Zeke Bratkowski,CHI,1973,QB,69,73,Starting-QB-critical (team): rated on a position prior only — the QB room had no recorded starts/stats to tell the starter from his backups.,"Confirm the season's starter (add games_started) or a manual override if a known starter/legend; rate the starter, leave backups lower.",low
5,greg-cook,Greg Cook,CIN,1973,QB,69,73,Starting-QB-critical (team): rated on a position prior only — the QB room had no recorded starts/stats to tell the starter from his backups.,"Confirm the season's starter (add games_started) or a manual override if a known starter/legend; rate the starter, leave backups lower.",low
5,ken-anderson,Ken Anderson,CIN,1973,QB,69,73,Starting-QB-critical (team): rated on a position prior only — the QB room had no recorded starts/stats to tell the starter from his backups.,"Confirm the season's starter (add games_started) or a manual override if a known starter/legend; rate the starter, leave backups lower.",low
5,mike-ernst,Mike Ernst,CIN,1973,QB,69,73,Starting-QB-critical (team): rated on a position prior only — the QB room had no recorded starts/stats to tell the starter from his backups.,"Confirm the season's starter (add games_started) or a manual override if a known starter/legend; rate the starter, leave backups lower.",low
5,don-horn,Don Horn,CLE,1973,QB,69,73,Starting-QB-critical (team): rated on a position prior only — the QB room had no recorded starts/stats to tell the starter from his backups.,"Confirm the season's starter (add games_started) or a manual override if a known starter/legend; rate the starter, leave backups lower.",low
5,mike-phipps,Mike Phipps,CLE,1973,QB,69,73,Starting-QB-critical (team): rated on a position prior only — the QB room had no recorded starts/stats to tell the starter from his backups.,"Confirm the season's starter (add games_started) or a manual override if a known starter/legend; rate the starter, leave backups lower.",low
5,craig-morton,Craig Morton,DAL,1973,QB,69,73,Starting-QB-critical (team): rated on a position prior only — the QB room had no recorded starts/stats to tell the starter from his backups.,"Confirm the season's starter (add games_started) or a manual override if a known starter/legend; rate the starter, leave backups lower.",low
5,roger-staubach,Roger Staubach,DAL,1973,QB,69,73,Starting-QB-critical (team): rated on a position prior only — the QB room had no recorded starts/stats to tell the starter from his backups.,"Confirm the season's starter (add games_started) or a manual override if a known starter/legend; rate the starter, leave backups lower.",low
5,charley-johnson,Charley Johnson,DEN,1973,QB,69,73,Starting-QB-critical (team): rated on a position prior only — the QB room had no recorded starts/stats to tell the starter from his backups.,"Confirm the season's starter (add games_started) or a manual override if a known starter/legend; rate the starter, leave backups lower.",low
5,steve-ramsey,Steve Ramsey,DEN,1973,QB,69,73,Starting-QB-critical (team): rated on a position prior only — the QB room had no recorded starts/stats to tell the starter from his backups.,"Confirm the season's starter (add games_started) or a manual override if a known starter/legend; rate the starter, leave backups lower.",low
5,bill-cappleman,Bill Cappleman,DET,1973,QB,70,73,Starting-QB-critical (team): rated on a position prior only — the QB room had no recorded starts/stats to tell the starter from his backups.,"Confirm the season's starter (add games_started) or a manual override if a known starter/legend; rate the starter, leave backups lower.",low
5,bill-munson,Bill Munson,DET,1973,QB,70,73,Starting-QB-critical (team): rated on a position prior only — the QB room had no recorded starts/stats to tell the starter from his backups.,"Confirm the season's starter (add games_started) or a manual override if a known starter/legend; rate the starter, leave backups lower.",low
5,greg-landry,Greg Landry,DET,1973,QB,70,73,Starting-QB-critical (team): rated on a position prior only — the QB room had no recorded starts/stats to tell the starter from his backups.,"Confirm the season's starter (add games_started) or a manual override if a known starter/legend; rate the starter, leave backups lower.",low
5,jerry-tagge,Jerry Tagge,GB,1973,QB,70,73,Starting-QB-critical (team): rated on a position prior only — the QB room had no recorded starts/stats to tell the starter from his backups.,"Confirm the season's starter (add games_started) or a manual override if a known starter/legend; rate the starter, leave backups lower.",low
5,jim-del-gaizo,Jim Del Gaizo,GB,1973,QB,70,73,Starting-QB-critical (team): rated on a position prior only — the QB room had no recorded starts/stats to tell the starter from his backups.,"Confirm the season's starter (add games_started) or a manual override if a known starter/legend; rate the starter, leave backups lower.",low
5,scott-hunter,Scott Hunter,GB,1973,QB,70,73,Starting-QB-critical (team): rated on a position prior only — the QB room had no recorded starts/stats to tell the starter from his backups.,"Confirm the season's starter (add games_started) or a manual override if a known starter/legend; rate the starter, leave backups lower.",low
5,bert-jones,Bert Jones,IND,1973,QB,70,73,Starting-QB-critical (team): rated on a position prior only — the QB room had no recorded starts/stats to tell the starter from his backups.,"Confirm the season's starter (add games_started) or a manual override if a known starter/legend; rate the starter, leave backups lower.",low
5,marty-domres,Marty Domres,IND,1973,QB,70,73,Starting-QB-critical (team): rated on a position prior only — the QB room had no recorded starts/stats to tell the starter from his backups.,"Confirm the season's starter (add games_started) or a manual override if a known starter/legend; rate the starter, leave backups lower.",low
5,dean-carlson,Dean Carlson,KC,1973,QB,70,73,Starting-QB-critical (team): rated on a position prior only — the QB room had no recorded starts/stats to tell the starter from his backups.,"Confirm the season's starter (add games_started) or a manual override if a known starter/legend; rate the starter, leave backups lower.",low
5,len-dawson,Len Dawson,KC,1973,QB,70,73,Starting-QB-critical (team): rated on a position prior only — the QB room had no recorded starts/stats to tell the starter from his backups.,"Confirm the season's starter (add games_started) or a manual override if a known starter/legend; rate the starter, leave backups lower.",low
5,mike-livingston,Mike Livingston,KC,1973,QB,70,73,Starting-QB-critical (team): rated on a position prior only — the QB room had no recorded starts/stats to tell the starter from his backups.,"Confirm the season's starter (add games_started) or a manual override if a known starter/legend; rate the starter, leave backups lower.",low
5,pete-beathard,Pete Beathard,KC,1973,QB,70,73,Starting-QB-critical (team): rated on a position prior only — the QB room had no recorded starts/stats to tell the starter from his backups.,"Confirm the season's starter (add games_started) or a manual override if a known starter/legend; rate the starter, leave backups lower.",low
5,dan-fouts,Dan Fouts,LAC,1973,QB,70,73,Starting-QB-critical (team): rated on a position prior only — the QB room had no recorded starts/stats to tell the starter from his backups.,"Confirm the season's starter (add games_started) or a manual override if a known starter/legend; rate the starter, leave backups lower.",low
5,johnny-unitas,Johnny Unitas,LAC,1973,QB,70,73,Starting-QB-critical (team): rated on a position prior only — the QB room had no recorded starts/stats to tell the starter from his backups.,"Confirm the season's starter (add games_started) or a manual override if a known starter/legend; rate the starter, leave backups lower.",low
5,wayne-clark,Wayne Clark,LAC,1973,QB,70,73,Starting-QB-critical (team): rated on a position prior only — the QB room had no recorded starts/stats to tell the starter from his backups.,"Confirm the season's starter (add games_started) or a manual override if a known starter/legend; rate the starter, leave backups lower.",low
5,daryle-lamonica,Daryle Lamonica,LV,1973,QB,70,73,Starting-QB-critical (team): rated on a position prior only — the QB room had no recorded starts/stats to tell the starter from his backups.,"Confirm the season's starter (add games_started) or a manual override if a known starter/legend; rate the starter, leave backups lower.",low
5,george-blanda,George Blanda,LV,1973,QB,70,73,Starting-QB-critical (team): rated on a position prior only — the QB room had no recorded starts/stats to tell the starter from his backups.,"Confirm the season's starter (add games_started) or a manual override if a known starter/legend; rate the starter, leave backups lower.",low
5,ken-stabler,Ken Stabler,LV,1973,QB,70,73,Starting-QB-critical (team): rated on a position prior only — the QB room had no recorded starts/stats to tell the starter from his backups.,"Confirm the season's starter (add games_started) or a manual override if a known starter/legend; rate the starter, leave backups lower.",low
5,bob-griese,Bob Griese,MIA,1973,QB,71,73,Starting-QB-critical (team): rated on a position prior only — the QB room had no recorded starts/stats to tell the starter from his backups.,"Confirm the season's starter (add games_started) or a manual override if a known starter/legend; rate the starter, leave backups lower.",low
5,earl-morrall,Earl Morrall,MIA,1973,QB,71,73,Starting-QB-critical (team): rated on a position prior only — the QB room had no recorded starts/stats to tell the starter from his backups.,"Confirm the season's starter (add games_started) or a manual override if a known starter/legend; rate the starter, leave backups lower.",low
5,bob-berry,Bob Berry,MIN,1973,QB,71,73,Starting-QB-critical (team): rated on a position prior only — the QB room had no recorded starts/stats to tell the starter from his backups.,"Confirm the season's starter (add games_started) or a manual override if a known starter/legend; rate the starter, leave backups lower.",low
5,fran-tarkenton,Fran Tarkenton,MIN,1973,QB,71,73,Starting-QB-critical (team): rated on a position prior only — the QB room had no recorded starts/stats to tell the starter from his backups.,"Confirm the season's starter (add games_started) or a manual override if a known starter/legend; rate the starter, leave backups lower.",low
5,brian-dowling,Brian Dowling,NE,1973,QB,71,73,Starting-QB-critical (team): rated on a position prior only — the QB room had no recorded starts/stats to tell the starter from his backups.,"Confirm the season's starter (add games_started) or a manual override if a known starter/legend; rate the starter, leave backups lower.",low
5,dick-shiner,Dick Shiner,NE,1973,QB,71,73,Starting-QB-critical (team): rated on a position prior only — the QB room had no recorded starts/stats to tell the starter from his backups.,"Confirm the season's starter (add games_started) or a manual override if a known starter/legend; rate the starter, leave backups lower.",low
5,jim-plunkett,Jim Plunkett,NE,1973,QB,71,73,Starting-QB-critical (team): rated on a position prior only — the QB room had no recorded starts/stats to tell the starter from his backups.,"Confirm the season's starter (add games_started) or a manual override if a known starter/legend; rate the starter, leave backups lower.",low
5,archie-manning,Archie Manning,NO,1973,QB,71,73,Starting-QB-critical (team): rated on a position prior only — the QB room had no recorded starts/stats to tell the starter from his backups.,"Confirm the season's starter (add games_started) or a manual override if a known starter/legend; rate the starter, leave backups lower.",low
5,bob-davis,Bob Davis,NO,1973,QB,71,73,Starting-QB-critical (team): rated on a position prior only — the QB room had no recorded starts/stats to tell the starter from his backups.,"Confirm the season's starter (add games_started) or a manual override if a known starter/legend; rate the starter, leave backups lower.",low
5,bobby-scott,Bobby Scott,NO,1973,QB,71,73,Starting-QB-critical (team): rated on a position prior only — the QB room had no recorded starts/stats to tell the starter from his backups.,"Confirm the season's starter (add games_started) or a manual override if a known starter/legend; rate the starter, leave backups lower.",low
5,norm-snead,Norm Snead,NYG,1973,QB,71,73,Starting-QB-critical (team): rated on a position prior only — the QB room had no recorded starts/stats to tell the starter from his backups.,"Confirm the season's starter (add games_started) or a manual override if a known starter/legend; rate the starter, leave backups lower.",low
5,randy-johnson,Randy Johnson,NYG,1973,QB,71,73,Starting-QB-critical (team): rated on a position prior only — the QB room had no recorded starts/stats to tell the starter from his backups.,"Confirm the season's starter (add games_started) or a manual override if a known starter/legend; rate the starter, leave backups lower.",low
5,al-woodall,Al Woodall,NYJ,1973,QB,71,73,Starting-QB-critical (team): rated on a position prior only — the QB room had no recorded starts/stats to tell the starter from his backups.,"Confirm the season's starter (add games_started) or a manual override if a known starter/legend; rate the starter, leave backups lower.",low
5,bill-demory,Bill Demory,NYJ,1973,QB,71,73,Starting-QB-critical (team): rated on a position prior only — the QB room had no recorded starts/stats to tell the starter from his backups.,"Confirm the season's starter (add games_started) or a manual override if a known starter/legend; rate the starter, leave backups lower.",low
5,joe-namath,Joe Namath,NYJ,1973,QB,71,73,Starting-QB-critical (team): rated on a position prior only — the QB room had no recorded starts/stats to tell the starter from his backups.,"Confirm the season's starter (add games_started) or a manual override if a known starter/legend; rate the starter, leave backups lower.",low
5,tim-van-galder,Tim Van Galder,NYJ,1973,QB,71,73,Starting-QB-critical (team): rated on a position prior only — the QB room had no recorded starts/stats to tell the starter from his backups.,"Confirm the season's starter (add games_started) or a manual override if a known starter/legend; rate the starter, leave backups lower.",low
5,john-reaves,John Reaves,PHI,1973,QB,71,73,Starting-QB-critical (team): rated on a position prior only — the QB room had no recorded starts/stats to tell the starter from his backups.,"Confirm the season's starter (add games_started) or a manual override if a known starter/legend; rate the starter, leave backups lower.",low
5,rick-arrington,Rick Arrington,PHI,1973,QB,71,73,Starting-QB-critical (team): rated on a position prior only — the QB room had no recorded starts/stats to tell the starter from his backups.,"Confirm the season's starter (add games_started) or a manual override if a known starter/legend; rate the starter, leave backups lower.",low
5,roman-gabriel,Roman Gabriel,PHI,1973,QB,72,73,Starting-QB-critical (team): rated on a position prior only — the QB room had no recorded starts/stats to tell the starter from his backups.,"Confirm the season's starter (add games_started) or a manual override if a known starter/legend; rate the starter, leave backups lower.",low
5,joe-gilliam,Joe Gilliam,PIT,1973,QB,72,73,Starting-QB-critical (team): rated on a position prior only — the QB room had no recorded starts/stats to tell the starter from his backups.,"Confirm the season's starter (add games_started) or a manual override if a known starter/legend; rate the starter, leave backups lower.",low
5,terry-bradshaw,Terry Bradshaw,PIT,1973,QB,72,73,Starting-QB-critical (team): rated on a position prior only — the QB room had no recorded starts/stats to tell the starter from his backups.,"Confirm the season's starter (add games_started) or a manual override if a known starter/legend; rate the starter, leave backups lower.",low
5,terry-hanratty,Terry Hanratty,PIT,1973,QB,72,73,Starting-QB-critical (team): rated on a position prior only — the QB room had no recorded starts/stats to tell the starter from his backups.,"Confirm the season's starter (add games_started) or a manual override if a known starter/legend; rate the starter, leave backups lower.",low
5,joe-reed,Joe Reed,SF,1973,QB,72,73,Starting-QB-critical (team): rated on a position prior only — the QB room had no recorded starts/stats to tell the starter from his backups.,"Confirm the season's starter (add games_started) or a manual override if a known starter/legend; rate the starter, leave backups lower.",low
5,john-brodie,John Brodie,SF,1973,QB,72,73,Starting-QB-critical (team): rated on a position prior only — the QB room had no recorded starts/stats to tell the starter from his backups.,"Confirm the season's starter (add games_started) or a manual override if a known starter/legend; rate the starter, leave backups lower.",low
5,steve-spurrier,Steve Spurrier,SF,1973,QB,72,73,Starting-QB-critical (team): rated on a position prior only — the QB room had no recorded starts/stats to tell the starter from his backups.,"Confirm the season's starter (add games_started) or a manual override if a known starter/legend; rate the starter, leave backups lower.",low
5,james-harris,James Harris,STL,1973,QB,72,73,Starting-QB-critical (team): rated on a position prior only — the QB room had no recorded starts/stats to tell the starter from his backups.,"Confirm the season's starter (add games_started) or a manual override if a known starter/legend; rate the starter, leave backups lower.",low
5,john-hadl,John Hadl,STL,1973,QB,72,73,Starting-QB-critical (team): rated on a position prior only — the QB room had no recorded starts/stats to tell the starter from his backups.,"Confirm the season's starter (add games_started) or a manual override if a known starter/legend; rate the starter, leave backups lower.",low
5,dan-pastorini,Dan Pastorini,TEN,1973,QB,72,73,Starting-QB-critical (team): rated on a position prior only — the QB room had no recorded starts/stats to tell the starter from his backups.,"Confirm the season's starter (add games_started) or a manual override if a known starter/legend; rate the starter, leave backups lower.",low
5,edd-hargett,Edd Hargett,TEN,1973,QB,72,73,Starting-QB-critical (team): rated on a position prior only — the QB room had no recorded starts/stats to tell the starter from his backups.,"Confirm the season's starter (add games_started) or a manual override if a known starter/legend; rate the starter, leave backups lower.",low
5,lynn-dickey,Lynn Dickey,TEN,1973,QB,72,73,Starting-QB-critical (team): rated on a position prior only — the QB room had no recorded starts/stats to tell the starter from his backups.,"Confirm the season's starter (add games_started) or a manual override if a known starter/legend; rate the starter, leave backups lower.",low
5,billy-kilmer,Billy Kilmer,WAS,1973,QB,72,73,Starting-QB-critical (team): rated on a position prior only — the QB room had no recorded starts/stats to tell the starter from his backups.,"Confirm the season's starter (add games_started) or a manual override if a known starter/legend; rate the starter, leave backups lower.",low
5,sam-wyche,Sam Wyche,WAS,1973,QB,72,73,Starting-QB-critical (team): rated on a position prior only — the QB room had no recorded starts/stats to tell the starter from his backups.,"Confirm the season's starter (add games_started) or a manual override if a known starter/legend; rate the starter, leave backups lower.",low
5,sonny-jurgensen,Sonny Jurgensen,WAS,1973,QB,72,73,Starting-QB-critical (team): rated on a position prior only — the QB room had no recorded starts/stats to tell the starter from his backups.,"Confirm the season's starter (add games_started) or a manual override if a known starter/legend; rate the starter, leave backups lower.",low
5,gary-cuozzo,Gary Cuozzo,ARI,1972,QB,69,73,Starting-QB-critical (team): rated on a position prior only — the QB room had no recorded starts/stats to tell the starter from his backups.,"Confirm the season's starter (add games_started) or a manual override if a known starter/legend; rate the starter, leave backups lower.",low
5,jim-hart,Jim Hart,ARI,1972,QB,69,73,Starting-QB-critical (team): rated on a position prior only — the QB room had no recorded starts/stats to tell the starter from his backups.,"Confirm the season's starter (add games_started) or a manual override if a known starter/legend; rate the starter, leave backups lower.",low
5,tim-van-galder,Tim Van Galder,ARI,1972,QB,69,73,Starting-QB-critical (team): rated on a position prior only — the QB room had no recorded starts/stats to tell the starter from his backups.,"Confirm the season's starter (add games_started) or a manual override if a known starter/legend; rate the starter, leave backups lower.",low
5,bob-berry,Bob Berry,ATL,1972,QB,69,73,Starting-QB-critical (team): rated on a position prior only — the QB room had no recorded starts/stats to tell the starter from his backups.,"Confirm the season's starter (add games_started) or a manual override if a known starter/legend; rate the starter, leave backups lower.",low
5,dick-shiner,Dick Shiner,ATL,1972,QB,69,73,Starting-QB-critical (team): rated on a position prior only — the QB room had no recorded starts/stats to tell the starter from his backups.,"Confirm the season's starter (add games_started) or a manual override if a known starter/legend; rate the starter, leave backups lower.",low
5,pat-sullivan,Pat Sullivan,ATL,1972,QB,69,73,Starting-QB-critical (team): rated on a position prior only — the QB room had no recorded starts/stats to tell the starter from his backups.,"Confirm the season's starter (add games_started) or a manual override if a known starter/legend; rate the starter, leave backups lower.",low
5,dennis-shaw,Dennis Shaw,BUF,1972,QB,69,73,Starting-QB-critical (team): rated on a position prior only — the QB room had no recorded starts/stats to tell the starter from his backups.,"Confirm the season's starter (add games_started) or a manual override if a known starter/legend; rate the starter, leave backups lower.",low
5,james-harris,James Harris,BUF,1972,QB,69,73,Starting-QB-critical (team): rated on a position prior only — the QB room had no recorded starts/stats to tell the starter from his backups.,"Confirm the season's starter (add games_started) or a manual override if a known starter/legend; rate the starter, leave backups lower.",low
5,leo-hart,Leo Hart,BUF,1972,QB,69,73,Starting-QB-critical (team): rated on a position prior only — the QB room had no recorded starts/stats to tell the starter from his backups.,"Confirm the season's starter (add games_started) or a manual override if a known starter/legend; rate the starter, leave backups lower.",low
5,mike-taliaferro,Mike Taliaferro,BUF,1972,QB,69,73,Starting-QB-critical (team): rated on a position prior only — the QB room had no recorded starts/stats to tell the starter from his backups.,"Confirm the season's starter (add games_started) or a manual override if a known starter/legend; rate the starter, leave backups lower.",low
5,bobby-douglass,Bobby Douglass,CHI,1972,QB,69,73,Starting-QB-critical (team): rated on a position prior only — the QB room had no recorded starts/stats to tell the starter from his backups.,"Confirm the season's starter (add games_started) or a manual override if a known starter/legend; rate the starter, leave backups lower.",low
5,john-huarte,John Huarte,CHI,1972,QB,69,73,Starting-QB-critical (team): rated on a position prior only — the QB room had no recorded starts/stats to tell the starter from his backups.,"Confirm the season's starter (add games_started) or a manual override if a known starter/legend; rate the starter, leave backups lower.",low
5,ken-anderson,Ken Anderson,CIN,1972,QB,69,73,Starting-QB-critical (team): rated on a position prior only — the QB room had no recorded starts/stats to tell the starter from his backups.,"Confirm the season's starter (add games_started) or a manual override if a known starter/legend; rate the starter, leave backups lower.",low
5,virgil-carter,Virgil Carter,CIN,1972,QB,69,73,Starting-QB-critical (team): rated on a position prior only — the QB room had no recorded starts/stats to tell the starter from his backups.,"Confirm the season's starter (add games_started) or a manual override if a known starter/legend; rate the starter, leave backups lower.",low
5,bill-nelsen,Bill Nelsen,CLE,1972,QB,69,73,Starting-QB-critical (team): rated on a position prior only — the QB room had no recorded starts/stats to tell the starter from his backups.,"Confirm the season's starter (add games_started) or a manual override if a known starter/legend; rate the starter, leave backups lower.",low
5,mike-phipps,Mike Phipps,CLE,1972,QB,69,73,Starting-QB-critical (team): rated on a position prior only — the QB room had no recorded starts/stats to tell the starter from his backups.,"Confirm the season's starter (add games_started) or a manual override if a known starter/legend; rate the starter, leave backups lower.",low
5,craig-morton,Craig Morton,DAL,1972,QB,69,73,Starting-QB-critical (team): rated on a position prior only — the QB room had no recorded starts/stats to tell the starter from his backups.,"Confirm the season's starter (add games_started) or a manual override if a known starter/legend; rate the starter, leave backups lower.",low
5,roger-staubach,Roger Staubach,DAL,1972,QB,69,73,Starting-QB-critical (team): rated on a position prior only — the QB room had no recorded starts/stats to tell the starter from his backups.,"Confirm the season's starter (add games_started) or a manual override if a known starter/legend; rate the starter, leave backups lower.",low
5,charley-johnson,Charley Johnson,DEN,1972,QB,70,73,Starting-QB-critical (team): rated on a position prior only — the QB room had no recorded starts/stats to tell the starter from his backups.,"Confirm the season's starter (add games_started) or a manual override if a known starter/legend; rate the starter, leave backups lower.",low
5,don-horn,Don Horn,DEN,1972,QB,70,73,Starting-QB-critical (team): rated on a position prior only — the QB room had no recorded starts/stats to tell the starter from his backups.,"Confirm the season's starter (add games_started) or a manual override if a known starter/legend; rate the starter, leave backups lower.",low
5,mike-ernst,Mike Ernst,DEN,1972,QB,70,73,Starting-QB-critical (team): rated on a position prior only — the QB room had no recorded starts/stats to tell the starter from his backups.,"Confirm the season's starter (add games_started) or a manual override if a known starter/legend; rate the starter, leave backups lower.",low
5,steve-ramsey,Steve Ramsey,DEN,1972,QB,70,73,Starting-QB-critical (team): rated on a position prior only — the QB room had no recorded starts/stats to tell the starter from his backups.,"Confirm the season's starter (add games_started) or a manual override if a known starter/legend; rate the starter, leave backups lower.",low
5,bill-munson,Bill Munson,DET,1972,QB,70,73,Starting-QB-critical (team): rated on a position prior only — the QB room had no recorded starts/stats to tell the starter from his backups.,"Confirm the season's starter (add games_started) or a manual override if a known starter/legend; rate the starter, leave backups lower.",low
5,greg-landry,Greg Landry,DET,1972,QB,70,73,Starting-QB-critical (team): rated on a position prior only — the QB room had no recorded starts/stats to tell the starter from his backups.,"Confirm the season's starter (add games_started) or a manual override if a known starter/legend; rate the starter, leave backups lower.",low
5,frank-patrick,Frank Patrick,GB,1972,QB,70,73,Starting-QB-critical (team): rated on a position prior only — the QB room had no recorded starts/stats to tell the starter from his backups.,"Confirm the season's starter (add games_started) or a manual override if a known starter/legend; rate the starter, leave backups lower.",low
5,jerry-tagge,Jerry Tagge,GB,1972,QB,70,73,Starting-QB-critical (team): rated on a position prior only — the QB room had no recorded starts/stats to tell the starter from his backups.,"Confirm the season's starter (add games_started) or a manual override if a known starter/legend; rate the starter, leave backups lower.",low
5,scott-hunter,Scott Hunter,GB,1972,QB,70,73,Starting-QB-critical (team): rated on a position prior only — the QB room had no recorded starts/stats to tell the starter from his backups.,"Confirm the season's starter (add games_started) or a manual override if a known starter/legend; rate the starter, leave backups lower.",low
5,johnny-unitas,Johnny Unitas,IND,1972,QB,70,73,Starting-QB-critical (team): rated on a position prior only — the QB room had no recorded starts/stats to tell the starter from his backups.,"Confirm the season's starter (add games_started) or a manual override if a known starter/legend; rate the starter, leave backups lower.",low
5,marty-domres,Marty Domres,IND,1972,QB,70,73,Starting-QB-critical (team): rated on a position prior only — the QB room had no recorded starts/stats to tell the starter from his backups.,"Confirm the season's starter (add games_started) or a manual override if a known starter/legend; rate the starter, leave backups lower.",low
5,dean-carlson,Dean Carlson,KC,1972,QB,70,73,Starting-QB-critical (team): rated on a position prior only — the QB room had no recorded starts/stats to tell the starter from his backups.,"Confirm the season's starter (add games_started) or a manual override if a known starter/legend; rate the starter, leave backups lower.",low
5,len-dawson,Len Dawson,KC,1972,QB,70,73,Starting-QB-critical (team): rated on a position prior only — the QB room had no recorded starts/stats to tell the starter from his backups.,"Confirm the season's starter (add games_started) or a manual override if a known starter/legend; rate the starter, leave backups lower.",low
5,mike-livingston,Mike Livingston,KC,1972,QB,70,73,Starting-QB-critical (team): rated on a position prior only — the QB room had no recorded starts/stats to tell the starter from his backups.,"Confirm the season's starter (add games_started) or a manual override if a known starter/legend; rate the starter, leave backups lower.",low
5,john-hadl,John Hadl,LAC,1972,QB,70,73,Starting-QB-critical (team): rated on a position prior only — the QB room had no recorded starts/stats to tell the starter from his backups.,"Confirm the season's starter (add games_started) or a manual override if a known starter/legend; rate the starter, leave backups lower.",low
5,wayne-clark,Wayne Clark,LAC,1972,QB,70,73,Starting-QB-critical (team): rated on a position prior only — the QB room had no recorded starts/stats to tell the starter from his backups.,"Confirm the season's starter (add games_started) or a manual override if a known starter/legend; rate the starter, leave backups lower.",low
5,daryle-lamonica,Daryle Lamonica,LV,1972,QB,70,73,Starting-QB-critical (team): rated on a position prior only — the QB room had no recorded starts/stats to tell the starter from his backups.,"Confirm the season's starter (add games_started) or a manual override if a known starter/legend; rate the starter, leave backups lower.",low
5,george-blanda,George Blanda,LV,1972,QB,70,73,Starting-QB-critical (team): rated on a position prior only — the QB room had no recorded starts/stats to tell the starter from his backups.,"Confirm the season's starter (add games_started) or a manual override if a known starter/legend; rate the starter, leave backups lower.",low
5,ken-stabler,Ken Stabler,LV,1972,QB,71,73,Starting-QB-critical (team): rated on a position prior only — the QB room had no recorded starts/stats to tell the starter from his backups.,"Confirm the season's starter (add games_started) or a manual override if a known starter/legend; rate the starter, leave backups lower.",low
5,bob-lee,Bob Lee,MIN,1972,QB,71,73,Starting-QB-critical (team): rated on a position prior only — the QB room had no recorded starts/stats to tell the starter from his backups.,"Confirm the season's starter (add games_started) or a manual override if a known starter/legend; rate the starter, leave backups lower.",low
5,fran-tarkenton,Fran Tarkenton,MIN,1972,QB,71,73,Starting-QB-critical (team): rated on a position prior only — the QB room had no recorded starts/stats to tell the starter from his backups.,"Confirm the season's starter (add games_started) or a manual override if a known starter/legend; rate the starter, leave backups lower.",low
5,brian-dowling,Brian Dowling,NE,1972,QB,71,73,Starting-QB-critical (team): rated on a position prior only — the QB room had no recorded starts/stats to tell the starter from his backups.,"Confirm the season's starter (add games_started) or a manual override if a known starter/legend; rate the starter, leave backups lower.",low
5,jim-plunkett,Jim Plunkett,NE,1972,QB,71,73,Starting-QB-critical (team): rated on a position prior only — the QB room had no recorded starts/stats to tell the starter from his backups.,"Confirm the season's starter (add games_started) or a manual override if a known starter/legend; rate the starter, leave backups lower.",low
5,archie-manning,Archie Manning,NO,1972,QB,71,73,Starting-QB-critical (team): rated on a position prior only — the QB room had no recorded starts/stats to tell the starter from his backups.,"Confirm the season's starter (add games_started) or a manual override if a known starter/legend; rate the starter, leave backups lower.",low
5,bobby-scott,Bobby Scott,NO,1972,QB,71,73,Starting-QB-critical (team): rated on a position prior only — the QB room had no recorded starts/stats to tell the starter from his backups.,"Confirm the season's starter (add games_started) or a manual override if a known starter/legend; rate the starter, leave backups lower.",low
5,edd-hargett,Edd Hargett,NO,1972,QB,71,73,Starting-QB-critical (team): rated on a position prior only — the QB room had no recorded starts/stats to tell the starter from his backups.,"Confirm the season's starter (add games_started) or a manual override if a known starter/legend; rate the starter, leave backups lower.",low
5,norm-snead,Norm Snead,NYG,1972,QB,71,73,Starting-QB-critical (team): rated on a position prior only — the QB room had no recorded starts/stats to tell the starter from his backups.,"Confirm the season's starter (add games_started) or a manual override if a known starter/legend; rate the starter, leave backups lower.",low
5,randy-johnson,Randy Johnson,NYG,1972,QB,71,73,Starting-QB-critical (team): rated on a position prior only — the QB room had no recorded starts/stats to tell the starter from his backups.,"Confirm the season's starter (add games_started) or a manual override if a known starter/legend; rate the starter, leave backups lower.",low
5,al-woodall,Al Woodall,NYJ,1972,QB,71,73,Starting-QB-critical (team): rated on a position prior only — the QB room had no recorded starts/stats to tell the starter from his backups.,"Confirm the season's starter (add games_started) or a manual override if a known starter/legend; rate the starter, leave backups lower.",low
5,bob-davis,Bob Davis,NYJ,1972,QB,71,73,Starting-QB-critical (team): rated on a position prior only — the QB room had no recorded starts/stats to tell the starter from his backups.,"Confirm the season's starter (add games_started) or a manual override if a known starter/legend; rate the starter, leave backups lower.",low
5,joe-namath,Joe Namath,NYJ,1972,QB,71,73,Starting-QB-critical (team): rated on a position prior only — the QB room had no recorded starts/stats to tell the starter from his backups.,"Confirm the season's starter (add games_started) or a manual override if a known starter/legend; rate the starter, leave backups lower.",low
5,john-reaves,John Reaves,PHI,1972,QB,71,73,Starting-QB-critical (team): rated on a position prior only — the QB room had no recorded starts/stats to tell the starter from his backups.,"Confirm the season's starter (add games_started) or a manual override if a known starter/legend; rate the starter, leave backups lower.",low
5,pete-liske,Pete Liske,PHI,1972,QB,71,73,Starting-QB-critical (team): rated on a position prior only — the QB room had no recorded starts/stats to tell the starter from his backups.,"Confirm the season's starter (add games_started) or a manual override if a known starter/legend; rate the starter, leave backups lower.",low
5,rick-arrington,Rick Arrington,PHI,1972,QB,71,73,Starting-QB-critical (team): rated on a position prior only — the QB room had no recorded starts/stats to tell the starter from his backups.,"Confirm the season's starter (add games_started) or a manual override if a known starter/legend; rate the starter, leave backups lower.",low
5,joe-gilliam,Joe Gilliam,PIT,1972,QB,71,73,Starting-QB-critical (team): rated on a position prior only — the QB room had no recorded starts/stats to tell the starter from his backups.,"Confirm the season's starter (add games_started) or a manual override if a known starter/legend; rate the starter, leave backups lower.",low
5,terry-bradshaw,Terry Bradshaw,PIT,1972,QB,71,73,Starting-QB-critical (team): rated on a position prior only — the QB room had no recorded starts/stats to tell the starter from his backups.,"Confirm the season's starter (add games_started) or a manual override if a known starter/legend; rate the starter, leave backups lower.",low
5,terry-hanratty,Terry Hanratty,PIT,1972,QB,72,73,Starting-QB-critical (team): rated on a position prior only — the QB room had no recorded starts/stats to tell the starter from his backups.,"Confirm the season's starter (add games_started) or a manual override if a known starter/legend; rate the starter, leave backups lower.",low
5,joe-reed,Joe Reed,SF,1972,QB,72,73,Starting-QB-critical (team): rated on a position prior only — the QB room had no recorded starts/stats to tell the starter from his backups.,"Confirm the season's starter (add games_started) or a manual override if a known starter/legend; rate the starter, leave backups lower.",low
5,john-brodie,John Brodie,SF,1972,QB,72,73,Starting-QB-critical (team): rated on a position prior only — the QB room had no recorded starts/stats to tell the starter from his backups.,"Confirm the season's starter (add games_started) or a manual override if a known starter/legend; rate the starter, leave backups lower.",low
5,steve-spurrier,Steve Spurrier,SF,1972,QB,72,73,Starting-QB-critical (team): rated on a position prior only — the QB room had no recorded starts/stats to tell the starter from his backups.,"Confirm the season's starter (add games_started) or a manual override if a known starter/legend; rate the starter, leave backups lower.",low
5,pete-beathard,Pete Beathard,STL,1972,QB,72,73,Starting-QB-critical (team): rated on a position prior only — the QB room had no recorded starts/stats to tell the starter from his backups.,"Confirm the season's starter (add games_started) or a manual override if a known starter/legend; rate the starter, leave backups lower.",low
5,roman-gabriel,Roman Gabriel,STL,1972,QB,72,73,Starting-QB-critical (team): rated on a position prior only — the QB room had no recorded starts/stats to tell the starter from his backups.,"Confirm the season's starter (add games_started) or a manual override if a known starter/legend; rate the starter, leave backups lower.",low
5,dan-pastorini,Dan Pastorini,TEN,1972,QB,72,73,Starting-QB-critical (team): rated on a position prior only — the QB room had no recorded starts/stats to tell the starter from his backups.,"Confirm the season's starter (add games_started) or a manual override if a known starter/legend; rate the starter, leave backups lower.",low
5,ed-baker,Ed Baker,TEN,1972,QB,72,73,Starting-QB-critical (team): rated on a position prior only — the QB room had no recorded starts/stats to tell the starter from his backups.,"Confirm the season's starter (add games_started) or a manual override if a known starter/legend; rate the starter, leave backups lower.",low
5,jim-fassel,Jim Fassel,TEN,1972,QB,72,73,Starting-QB-critical (team): rated on a position prior only — the QB room had no recorded starts/stats to tell the starter from his backups.,"Confirm the season's starter (add games_started) or a manual override if a known starter/legend; rate the starter, leave backups lower.",low
5,kelly-cochrane,Kelly Cochrane,TEN,1972,QB,72,73,Starting-QB-critical (team): rated on a position prior only — the QB room had no recorded starts/stats to tell the starter from his backups.,"Confirm the season's starter (add games_started) or a manual override if a known starter/legend; rate the starter, leave backups lower.",low
5,kent-nix,Kent Nix,TEN,1972,QB,72,73,Starting-QB-critical (team): rated on a position prior only — the QB room had no recorded starts/stats to tell the starter from his backups.,"Confirm the season's starter (add games_started) or a manual override if a known starter/legend; rate the starter, leave backups lower.",low
5,billy-kilmer,Billy Kilmer,WAS,1972,QB,72,73,Starting-QB-critical (team): rated on a position prior only — the QB room had no recorded starts/stats to tell the starter from his backups.,"Confirm the season's starter (add games_started) or a manual override if a known starter/legend; rate the starter, leave backups lower.",low
5,sam-wyche,Sam Wyche,WAS,1972,QB,72,73,Starting-QB-critical (team): rated on a position prior only — the QB room had no recorded starts/stats to tell the starter from his backups.,"Confirm the season's starter (add games_started) or a manual override if a known starter/legend; rate the starter, leave backups lower.",low
5,sonny-jurgensen,Sonny Jurgensen,WAS,1972,QB,72,73,Starting-QB-critical (team): rated on a position prior only — the QB room had no recorded starts/stats to tell the starter from his backups.,"Confirm the season's starter (add games_started) or a manual override if a known starter/legend; rate the starter, leave backups lower.",low
5,jim-hart,Jim Hart,ARI,1971,QB,69,73,Starting-QB-critical (team): rated on a position prior only — the QB room had no recorded starts/stats to tell the starter from his backups.,"Confirm the season's starter (add games_started) or a manual override if a known starter/legend; rate the starter, leave backups lower.",low
5,pete-beathard,Pete Beathard,ARI,1971,QB,69,73,Starting-QB-critical (team): rated on a position prior only — the QB room had no recorded starts/stats to tell the starter from his backups.,"Confirm the season's starter (add games_started) or a manual override if a known starter/legend; rate the starter, leave backups lower.",low
5,tim-van-galder,Tim Van Galder,ARI,1971,QB,69,73,Starting-QB-critical (team): rated on a position prior only — the QB room had no recorded starts/stats to tell the starter from his backups.,"Confirm the season's starter (add games_started) or a manual override if a known starter/legend; rate the starter, leave backups lower.",low
5,billy-lothridge,Billy Lothridge,ATL,1971,QB,69,73,Starting-QB-critical (team): rated on a position prior only — the QB room had no recorded starts/stats to tell the starter from his backups.,"Confirm the season's starter (add games_started) or a manual override if a known starter/legend; rate the starter, leave backups lower.",low
5,bob-berry,Bob Berry,ATL,1971,QB,69,73,Starting-QB-critical (team): rated on a position prior only — the QB room had no recorded starts/stats to tell the starter from his backups.,"Confirm the season's starter (add games_started) or a manual override if a known starter/legend; rate the starter, leave backups lower.",low
5,dick-shiner,Dick Shiner,ATL,1971,QB,69,73,Starting-QB-critical (team): rated on a position prior only — the QB room had no recorded starts/stats to tell the starter from his backups.,"Confirm the season's starter (add games_started) or a manual override if a known starter/legend; rate the starter, leave backups lower.",low
5,leo-hart,Leo Hart,ATL,1971,QB,69,73,Starting-QB-critical (team): rated on a position prior only — the QB room had no recorded starts/stats to tell the starter from his backups.,"Confirm the season's starter (add games_started) or a manual override if a known starter/legend; rate the starter, leave backups lower.",low
5,dennis-shaw,Dennis Shaw,BUF,1971,QB,69,73,Starting-QB-critical (team): rated on a position prior only — the QB room had no recorded starts/stats to tell the starter from his backups.,"Confirm the season's starter (add games_started) or a manual override if a known starter/legend; rate the starter, leave backups lower.",low
5,james-harris,James Harris,BUF,1971,QB,69,73,Starting-QB-critical (team): rated on a position prior only — the QB room had no recorded starts/stats to tell the starter from his backups.,"Confirm the season's starter (add games_started) or a manual override if a known starter/legend; rate the starter, leave backups lower.",low
5,bobby-douglass,Bobby Douglass,CHI,1971,QB,69,73,Starting-QB-critical (team): rated on a position prior only — the QB room had no recorded starts/stats to tell the starter from his backups.,"Confirm the season's starter (add games_started) or a manual override if a known starter/legend; rate the starter, leave backups lower.",low
5,buddy-lee,Buddy Lee,CHI,1971,QB,69,73,Starting-QB-critical (team): rated on a position prior only — the QB room had no recorded starts/stats to tell the starter from his backups.,"Confirm the season's starter (add games_started) or a manual override if a known starter/legend; rate the starter, leave backups lower.",low
5,jack-concannon,Jack Concannon,CHI,1971,QB,69,73,Starting-QB-critical (team): rated on a position prior only — the QB room had no recorded starts/stats to tell the starter from his backups.,"Confirm the season's starter (add games_started) or a manual override if a known starter/legend; rate the starter, leave backups lower.",low
5,kent-nix,Kent Nix,CHI,1971,QB,69,73,Starting-QB-critical (team): rated on a position prior only — the QB room had no recorded starts/stats to tell the starter from his backups.,"Confirm the season's starter (add games_started) or a manual override if a known starter/legend; rate the starter, leave backups lower.",low
5,ken-anderson,Ken Anderson,CIN,1971,QB,69,73,Starting-QB-critical (team): rated on a position prior only — the QB room had no recorded starts/stats to tell the starter from his backups.,"Confirm the season's starter (add games_started) or a manual override if a known starter/legend; rate the starter, leave backups lower.",low
5,virgil-carter,Virgil Carter,CIN,1971,QB,69,73,Starting-QB-critical (team): rated on a position prior only — the QB room had no recorded starts/stats to tell the starter from his backups.,"Confirm the season's starter (add games_started) or a manual override if a known starter/legend; rate the starter, leave backups lower.",low
5,bill-nelsen,Bill Nelsen,CLE,1971,QB,69,73,Starting-QB-critical (team): rated on a position prior only — the QB room had no recorded starts/stats to tell the starter from his backups.,"Confirm the season's starter (add games_started) or a manual override if a known starter/legend; rate the starter, leave backups lower.",low
5,mike-phipps,Mike Phipps,CLE,1971,QB,69,73,Starting-QB-critical (team): rated on a position prior only — the QB room had no recorded starts/stats to tell the starter from his backups.,"Confirm the season's starter (add games_started) or a manual override if a known starter/legend; rate the starter, leave backups lower.",low
5,craig-morton,Craig Morton,DAL,1971,QB,69,73,Starting-QB-critical (team): rated on a position prior only — the QB room had no recorded starts/stats to tell the starter from his backups.,"Confirm the season's starter (add games_started) or a manual override if a known starter/legend; rate the starter, leave backups lower.",low
5,roger-staubach,Roger Staubach,DAL,1971,QB,70,73,Starting-QB-critical (team): rated on a position prior only — the QB room had no recorded starts/stats to tell the starter from his backups.,"Confirm the season's starter (add games_started) or a manual override if a known starter/legend; rate the starter, leave backups lower.",low
5,don-horn,Don Horn,DEN,1971,QB,70,73,Starting-QB-critical (team): rated on a position prior only — the QB room had no recorded starts/stats to tell the starter from his backups.,"Confirm the season's starter (add games_started) or a manual override if a known starter/legend; rate the starter, leave backups lower.",low
5,john-stofa,John Stofa,DEN,1971,QB,70,73,Starting-QB-critical (team): rated on a position prior only — the QB room had no recorded starts/stats to tell the starter from his backups.,"Confirm the season's starter (add games_started) or a manual override if a known starter/legend; rate the starter, leave backups lower.",low
5,robert-stewart,Robert Stewart,DEN,1971,QB,70,73,Starting-QB-critical (team): rated on a position prior only — the QB room had no recorded starts/stats to tell the starter from his backups.,"Confirm the season's starter (add games_started) or a manual override if a known starter/legend; rate the starter, leave backups lower.",low
5,steve-ramsey,Steve Ramsey,DEN,1971,QB,70,73,Starting-QB-critical (team): rated on a position prior only — the QB room had no recorded starts/stats to tell the starter from his backups.,"Confirm the season's starter (add games_started) or a manual override if a known starter/legend; rate the starter, leave backups lower.",low
5,bill-munson,Bill Munson,DET,1971,QB,70,73,Starting-QB-critical (team): rated on a position prior only — the QB room had no recorded starts/stats to tell the starter from his backups.,"Confirm the season's starter (add games_started) or a manual override if a known starter/legend; rate the starter, leave backups lower.",low
5,greg-landry,Greg Landry,DET,1971,QB,70,73,Starting-QB-critical (team): rated on a position prior only — the QB room had no recorded starts/stats to tell the starter from his backups.,"Confirm the season's starter (add games_started) or a manual override if a known starter/legend; rate the starter, leave backups lower.",low
5,bart-starr,Bart Starr,GB,1971,QB,70,73,Starting-QB-critical (team): rated on a position prior only — the QB room had no recorded starts/stats to tell the starter from his backups.,"Confirm the season's starter (add games_started) or a manual override if a known starter/legend; rate the starter, leave backups lower.",low
5,frank-patrick,Frank Patrick,GB,1971,QB,70,73,Starting-QB-critical (team): rated on a position prior only — the QB room had no recorded starts/stats to tell the starter from his backups.,"Confirm the season's starter (add games_started) or a manual override if a known starter/legend; rate the starter, leave backups lower.",low
5,scott-hunter,Scott Hunter,GB,1971,QB,70,73,Starting-QB-critical (team): rated on a position prior only — the QB room had no recorded starts/stats to tell the starter from his backups.,"Confirm the season's starter (add games_started) or a manual override if a known starter/legend; rate the starter, leave backups lower.",low
5,zeke-bratkowski,Zeke Bratkowski,GB,1971,QB,70,73,Starting-QB-critical (team): rated on a position prior only — the QB room had no recorded starts/stats to tell the starter from his backups.,"Confirm the season's starter (add games_started) or a manual override if a known starter/legend; rate the starter, leave backups lower.",low
5,earl-morrall,Earl Morrall,IND,1971,QB,70,73,Starting-QB-critical (team): rated on a position prior only — the QB room had no recorded starts/stats to tell the starter from his backups.,"Confirm the season's starter (add games_started) or a manual override if a known starter/legend; rate the starter, leave backups lower.",low
5,johnny-unitas,Johnny Unitas,IND,1971,QB,70,73,Starting-QB-critical (team): rated on a position prior only — the QB room had no recorded starts/stats to tell the starter from his backups.,"Confirm the season's starter (add games_started) or a manual override if a known starter/legend; rate the starter, leave backups lower.",low
5,john-huarte,John Huarte,KC,1971,QB,70,73,Starting-QB-critical (team): rated on a position prior only — the QB room had no recorded starts/stats to tell the starter from his backups.,"Confirm the season's starter (add games_started) or a manual override if a known starter/legend; rate the starter, leave backups lower.",low
5,len-dawson,Len Dawson,KC,1971,QB,70,73,Starting-QB-critical (team): rated on a position prior only — the QB room had no recorded starts/stats to tell the starter from his backups.,"Confirm the season's starter (add games_started) or a manual override if a known starter/legend; rate the starter, leave backups lower.",low
5,mike-livingston,Mike Livingston,KC,1971,QB,70,73,Starting-QB-critical (team): rated on a position prior only — the QB room had no recorded starts/stats to tell the starter from his backups.,"Confirm the season's starter (add games_started) or a manual override if a known starter/legend; rate the starter, leave backups lower.",low
5,john-hadl,John Hadl,LAC,1971,QB,70,73,Starting-QB-critical (team): rated on a position prior only — the QB room had no recorded starts/stats to tell the starter from his backups.,"Confirm the season's starter (add games_started) or a manual override if a known starter/legend; rate the starter, leave backups lower.",low
5,marty-domres,Marty Domres,LAC,1971,QB,70,73,Starting-QB-critical (team): rated on a position prior only — the QB room had no recorded starts/stats to tell the starter from his backups.,"Confirm the season's starter (add games_started) or a manual override if a known starter/legend; rate the starter, leave backups lower.",low
5,daryle-lamonica,Daryle Lamonica,LV,1971,QB,71,73,Starting-QB-critical (team): rated on a position prior only — the QB room had no recorded starts/stats to tell the starter from his backups.,"Confirm the season's starter (add games_started) or a manual override if a known starter/legend; rate the starter, leave backups lower.",low
5,george-blanda,George Blanda,LV,1971,QB,71,73,Starting-QB-critical (team): rated on a position prior only — the QB room had no recorded starts/stats to tell the starter from his backups.,"Confirm the season's starter (add games_started) or a manual override if a known starter/legend; rate the starter, leave backups lower.",low
5,ken-stabler,Ken Stabler,LV,1971,QB,71,73,Starting-QB-critical (team): rated on a position prior only — the QB room had no recorded starts/stats to tell the starter from his backups.,"Confirm the season's starter (add games_started) or a manual override if a known starter/legend; rate the starter, leave backups lower.",low
5,bob-griese,Bob Griese,MIA,1971,QB,71,73,Starting-QB-critical (team): rated on a position prior only — the QB room had no recorded starts/stats to tell the starter from his backups.,"Confirm the season's starter (add games_started) or a manual override if a known starter/legend; rate the starter, leave backups lower.",low
5,george-mira,George Mira,MIA,1971,QB,71,73,Starting-QB-critical (team): rated on a position prior only — the QB room had no recorded starts/stats to tell the starter from his backups.,"Confirm the season's starter (add games_started) or a manual override if a known starter/legend; rate the starter, leave backups lower.",low
5,bob-lee,Bob Lee,MIN,1971,QB,71,73,Starting-QB-critical (team): rated on a position prior only — the QB room had no recorded starts/stats to tell the starter from his backups.,"Confirm the season's starter (add games_started) or a manual override if a known starter/legend; rate the starter, leave backups lower.",low
5,gary-cuozzo,Gary Cuozzo,MIN,1971,QB,71,73,Starting-QB-critical (team): rated on a position prior only — the QB room had no recorded starts/stats to tell the starter from his backups.,"Confirm the season's starter (add games_started) or a manual override if a known starter/legend; rate the starter, leave backups lower.",low
5,norm-snead,Norm Snead,MIN,1971,QB,71,73,Starting-QB-critical (team): rated on a position prior only — the QB room had no recorded starts/stats to tell the starter from his backups.,"Confirm the season's starter (add games_started) or a manual override if a known starter/legend; rate the starter, leave backups lower.",low
5,jim-plunkett,Jim Plunkett,NE,1971,QB,71,73,Starting-QB-critical (team): rated on a position prior only — the QB room had no recorded starts/stats to tell the starter from his backups.,"Confirm the season's starter (add games_started) or a manual override if a known starter/legend; rate the starter, leave backups lower.",low
5,mike-taliaferro,Mike Taliaferro,NE,1971,QB,71,73,Starting-QB-critical (team): rated on a position prior only — the QB room had no recorded starts/stats to tell the starter from his backups.,"Confirm the season's starter (add games_started) or a manual override if a known starter/legend; rate the starter, leave backups lower.",low
5,archie-manning,Archie Manning,NO,1971,QB,71,73,Starting-QB-critical (team): rated on a position prior only — the QB room had no recorded starts/stats to tell the starter from his backups.,"Confirm the season's starter (add games_started) or a manual override if a known starter/legend; rate the starter, leave backups lower.",low
5,edd-hargett,Edd Hargett,NO,1971,QB,71,73,Starting-QB-critical (team): rated on a position prior only — the QB room had no recorded starts/stats to tell the starter from his backups.,"Confirm the season's starter (add games_started) or a manual override if a known starter/legend; rate the starter, leave backups lower.",low
5,ed-baker,Ed Baker,NYG,1971,QB,71,73,Starting-QB-critical (team): rated on a position prior only — the QB room had no recorded starts/stats to tell the starter from his backups.,"Confirm the season's starter (add games_started) or a manual override if a known starter/legend; rate the starter, leave backups lower.",low
5,fran-tarkenton,Fran Tarkenton,NYG,1971,QB,71,73,Starting-QB-critical (team): rated on a position prior only — the QB room had no recorded starts/stats to tell the starter from his backups.,"Confirm the season's starter (add games_started) or a manual override if a known starter/legend; rate the starter, leave backups lower.",low
5,randy-johnson,Randy Johnson,NYG,1971,QB,71,73,Starting-QB-critical (team): rated on a position prior only — the QB room had no recorded starts/stats to tell the starter from his backups.,"Confirm the season's starter (add games_started) or a manual override if a known starter/legend; rate the starter, leave backups lower.",low
5,al-woodall,Al Woodall,NYJ,1971,QB,71,73,Starting-QB-critical (team): rated on a position prior only — the QB room had no recorded starts/stats to tell the starter from his backups.,"Confirm the season's starter (add games_started) or a manual override if a known starter/legend; rate the starter, leave backups lower.",low
5,bob-davis,Bob Davis,NYJ,1971,QB,71,73,Starting-QB-critical (team): rated on a position prior only — the QB room had no recorded starts/stats to tell the starter from his backups.,"Confirm the season's starter (add games_started) or a manual override if a known starter/legend; rate the starter, leave backups lower.",low
5,joe-namath,Joe Namath,NYJ,1971,QB,71,73,Starting-QB-critical (team): rated on a position prior only — the QB room had no recorded starts/stats to tell the starter from his backups.,"Confirm the season's starter (add games_started) or a manual override if a known starter/legend; rate the starter, leave backups lower.",low
5,jim-ward,Jim Ward,PHI,1971,QB,72,73,Starting-QB-critical (team): rated on a position prior only — the QB room had no recorded starts/stats to tell the starter from his backups.,"Confirm the season's starter (add games_started) or a manual override if a known starter/legend; rate the starter, leave backups lower.",low
5,pete-liske,Pete Liske,PHI,1971,QB,72,73,Starting-QB-critical (team): rated on a position prior only — the QB room had no recorded starts/stats to tell the starter from his backups.,"Confirm the season's starter (add games_started) or a manual override if a known starter/legend; rate the starter, leave backups lower.",low
5,rick-arrington,Rick Arrington,PHI,1971,QB,72,73,Starting-QB-critical (team): rated on a position prior only — the QB room had no recorded starts/stats to tell the starter from his backups.,"Confirm the season's starter (add games_started) or a manual override if a known starter/legend; rate the starter, leave backups lower.",low
5,bob-leahy,Bob Leahy,PIT,1971,QB,72,73,Starting-QB-critical (team): rated on a position prior only — the QB room had no recorded starts/stats to tell the starter from his backups.,"Confirm the season's starter (add games_started) or a manual override if a known starter/legend; rate the starter, leave backups lower.",low
5,terry-bradshaw,Terry Bradshaw,PIT,1971,QB,72,73,Starting-QB-critical (team): rated on a position prior only — the QB room had no recorded starts/stats to tell the starter from his backups.,"Confirm the season's starter (add games_started) or a manual override if a known starter/legend; rate the starter, leave backups lower.",low
5,terry-hanratty,Terry Hanratty,PIT,1971,QB,72,73,Starting-QB-critical (team): rated on a position prior only — the QB room had no recorded starts/stats to tell the starter from his backups.,"Confirm the season's starter (add games_started) or a manual override if a known starter/legend; rate the starter, leave backups lower.",low
5,john-brodie,John Brodie,SF,1971,QB,72,73,Starting-QB-critical (team): rated on a position prior only — the QB room had no recorded starts/stats to tell the starter from his backups.,"Confirm the season's starter (add games_started) or a manual override if a known starter/legend; rate the starter, leave backups lower.",low
5,steve-spurrier,Steve Spurrier,SF,1971,QB,72,73,Starting-QB-critical (team): rated on a position prior only — the QB room had no recorded starts/stats to tell the starter from his backups.,"Confirm the season's starter (add games_started) or a manual override if a known starter/legend; rate the starter, leave backups lower.",low
5,jerry-rhome,Jerry Rhome,STL,1971,QB,72,73,Starting-QB-critical (team): rated on a position prior only — the QB room had no recorded starts/stats to tell the starter from his backups.,"Confirm the season's starter (add games_started) or a manual override if a known starter/legend; rate the starter, leave backups lower.",low
5,roman-gabriel,Roman Gabriel,STL,1971,QB,72,73,Starting-QB-critical (team): rated on a position prior only — the QB room had no recorded starts/stats to tell the starter from his backups.,"Confirm the season's starter (add games_started) or a manual override if a known starter/legend; rate the starter, leave backups lower.",low
5,charley-johnson,Charley Johnson,TEN,1971,QB,72,73,Starting-QB-critical (team): rated on a position prior only — the QB room had no recorded starts/stats to tell the starter from his backups.,"Confirm the season's starter (add games_started) or a manual override if a known starter/legend; rate the starter, leave backups lower.",low
5,dan-pastorini,Dan Pastorini,TEN,1971,QB,72,73,Starting-QB-critical (team): rated on a position prior only — the QB room had no recorded starts/stats to tell the starter from his backups.,"Confirm the season's starter (add games_started) or a manual override if a known starter/legend; rate the starter, leave backups lower.",low
5,lynn-dickey,Lynn Dickey,TEN,1971,QB,72,73,Starting-QB-critical (team): rated on a position prior only — the QB room had no recorded starts/stats to tell the starter from his backups.,"Confirm the season's starter (add games_started) or a manual override if a known starter/legend; rate the starter, leave backups lower.",low
5,billy-kilmer,Billy Kilmer,WAS,1971,QB,72,73,Starting-QB-critical (team): rated on a position prior only — the QB room had no recorded starts/stats to tell the starter from his backups.,"Confirm the season's starter (add games_started) or a manual override if a known starter/legend; rate the starter, leave backups lower.",low
5,sam-wyche,Sam Wyche,WAS,1971,QB,72,73,Starting-QB-critical (team): rated on a position prior only — the QB room had no recorded starts/stats to tell the starter from his backups.,"Confirm the season's starter (add games_started) or a manual override if a known starter/legend; rate the starter, leave backups lower.",low
5,sonny-jurgensen,Sonny Jurgensen,WAS,1971,QB,72,73,Starting-QB-critical (team): rated on a position prior only — the QB room had no recorded starts/stats to tell the starter from his backups.,"Confirm the season's starter (add games_started) or a manual override if a known starter/legend; rate the starter, leave backups lower.",low
5,jim-hart,Jim Hart,ARI,1970,QB,69,73,Starting-QB-critical (team): rated on a position prior only — the QB room had no recorded starts/stats to tell the starter from his backups.,"Confirm the season's starter (add games_started) or a manual override if a known starter/legend; rate the starter, leave backups lower.",low
5,pete-beathard,Pete Beathard,ARI,1970,QB,69,73,Starting-QB-critical (team): rated on a position prior only — the QB room had no recorded starts/stats to tell the starter from his backups.,"Confirm the season's starter (add games_started) or a manual override if a known starter/legend; rate the starter, leave backups lower.",low
5,billy-lothridge,Billy Lothridge,ATL,1970,QB,69,73,Starting-QB-critical (team): rated on a position prior only — the QB room had no recorded starts/stats to tell the starter from his backups.,"Confirm the season's starter (add games_started) or a manual override if a known starter/legend; rate the starter, leave backups lower.",low
5,bob-berry,Bob Berry,ATL,1970,QB,69,73,Starting-QB-critical (team): rated on a position prior only — the QB room had no recorded starts/stats to tell the starter from his backups.,"Confirm the season's starter (add games_started) or a manual override if a known starter/legend; rate the starter, leave backups lower.",low
5,randy-johnson,Randy Johnson,ATL,1970,QB,69,73,Starting-QB-critical (team): rated on a position prior only — the QB room had no recorded starts/stats to tell the starter from his backups.,"Confirm the season's starter (add games_started) or a manual override if a known starter/legend; rate the starter, leave backups lower.",low
5,dan-darragh,Dan Darragh,BUF,1970,QB,69,73,Starting-QB-critical (team): rated on a position prior only — the QB room had no recorded starts/stats to tell the starter from his backups.,"Confirm the season's starter (add games_started) or a manual override if a known starter/legend; rate the starter, leave backups lower.",low
5,dennis-shaw,Dennis Shaw,BUF,1970,QB,69,73,Starting-QB-critical (team): rated on a position prior only — the QB room had no recorded starts/stats to tell the starter from his backups.,"Confirm the season's starter (add games_started) or a manual override if a known starter/legend; rate the starter, leave backups lower.",low
5,james-harris,James Harris,BUF,1970,QB,69,73,Starting-QB-critical (team): rated on a position prior only — the QB room had no recorded starts/stats to tell the starter from his backups.,"Confirm the season's starter (add games_started) or a manual override if a known starter/legend; rate the starter, leave backups lower.",low
5,bobby-douglass,Bobby Douglass,CHI,1970,QB,69,73,Starting-QB-critical (team): rated on a position prior only — the QB room had no recorded starts/stats to tell the starter from his backups.,"Confirm the season's starter (add games_started) or a manual override if a known starter/legend; rate the starter, leave backups lower.",low
5,jack-concannon,Jack Concannon,CHI,1970,QB,69,73,Starting-QB-critical (team): rated on a position prior only — the QB room had no recorded starts/stats to tell the starter from his backups.,"Confirm the season's starter (add games_started) or a manual override if a known starter/legend; rate the starter, leave backups lower.",low
5,kent-nix,Kent Nix,CHI,1970,QB,69,73,Starting-QB-critical (team): rated on a position prior only — the QB room had no recorded starts/stats to tell the starter from his backups.,"Confirm the season's starter (add games_started) or a manual override if a known starter/legend; rate the starter, leave backups lower.",low
5,sam-wyche,Sam Wyche,CIN,1970,QB,69,73,Starting-QB-critical (team): rated on a position prior only — the QB room had no recorded starts/stats to tell the starter from his backups.,"Confirm the season's starter (add games_started) or a manual override if a known starter/legend; rate the starter, leave backups lower.",low
5,virgil-carter,Virgil Carter,CIN,1970,QB,69,73,Starting-QB-critical (team): rated on a position prior only — the QB room had no recorded starts/stats to tell the starter from his backups.,"Confirm the season's starter (add games_started) or a manual override if a known starter/legend; rate the starter, leave backups lower.",low
5,bill-nelsen,Bill Nelsen,CLE,1970,QB,69,73,Starting-QB-critical (team): rated on a position prior only — the QB room had no recorded starts/stats to tell the starter from his backups.,"Confirm the season's starter (add games_started) or a manual override if a known starter/legend; rate the starter, leave backups lower.",low
5,don-gault,Don Gault,CLE,1970,QB,69,73,Starting-QB-critical (team): rated on a position prior only — the QB room had no recorded starts/stats to tell the starter from his backups.,"Confirm the season's starter (add games_started) or a manual override if a known starter/legend; rate the starter, leave backups lower.",low
5,mike-phipps,Mike Phipps,CLE,1970,QB,69,73,Starting-QB-critical (team): rated on a position prior only — the QB room had no recorded starts/stats to tell the starter from his backups.,"Confirm the season's starter (add games_started) or a manual override if a known starter/legend; rate the starter, leave backups lower.",low
5,bob-belden,Bob Belden,DAL,1970,QB,69,73,Starting-QB-critical (team): rated on a position prior only — the QB room had no recorded starts/stats to tell the starter from his backups.,"Confirm the season's starter (add games_started) or a manual override if a known starter/legend; rate the starter, leave backups lower.",low
5,craig-morton,Craig Morton,DAL,1970,QB,69,73,Starting-QB-critical (team): rated on a position prior only — the QB room had no recorded starts/stats to tell the starter from his backups.,"Confirm the season's starter (add games_started) or a manual override if a known starter/legend; rate the starter, leave backups lower.",low
5,roger-staubach,Roger Staubach,DAL,1970,QB,70,73,Starting-QB-critical (team): rated on a position prior only — the QB room had no recorded starts/stats to tell the starter from his backups.,"Confirm the season's starter (add games_started) or a manual override if a known starter/legend; rate the starter, leave backups lower.",low
5,al-pastrana,Al Pastrana,DEN,1970,QB,70,73,Starting-QB-critical (team): rated on a position prior only — the QB room had no recorded starts/stats to tell the starter from his backups.,"Confirm the season's starter (add games_started) or a manual override if a known starter/legend; rate the starter, leave backups lower.",low
5,pete-liske,Pete Liske,DEN,1970,QB,70,73,Starting-QB-critical (team): rated on a position prior only — the QB room had no recorded starts/stats to tell the starter from his backups.,"Confirm the season's starter (add games_started) or a manual override if a known starter/legend; rate the starter, leave backups lower.",low
5,steve-tensi,Steve Tensi,DEN,1970,QB,70,73,Starting-QB-critical (team): rated on a position prior only — the QB room had no recorded starts/stats to tell the starter from his backups.,"Confirm the season's starter (add games_started) or a manual override if a known starter/legend; rate the starter, leave backups lower.",low
5,bill-munson,Bill Munson,DET,1970,QB,70,73,Starting-QB-critical (team): rated on a position prior only — the QB room had no recorded starts/stats to tell the starter from his backups.,"Confirm the season's starter (add games_started) or a manual override if a known starter/legend; rate the starter, leave backups lower.",low
5,greg-landry,Greg Landry,DET,1970,QB,70,73,Starting-QB-critical (team): rated on a position prior only — the QB room had no recorded starts/stats to tell the starter from his backups.,"Confirm the season's starter (add games_started) or a manual override if a known starter/legend; rate the starter, leave backups lower.",low
5,bart-starr,Bart Starr,GB,1970,QB,70,73,Starting-QB-critical (team): rated on a position prior only — the QB room had no recorded starts/stats to tell the starter from his backups.,"Confirm the season's starter (add games_started) or a manual override if a known starter/legend; rate the starter, leave backups lower.",low
5,don-horn,Don Horn,GB,1970,QB,70,73,Starting-QB-critical (team): rated on a position prior only — the QB room had no recorded starts/stats to tell the starter from his backups.,"Confirm the season's starter (add games_started) or a manual override if a known starter/legend; rate the starter, leave backups lower.",low
5,frank-patrick,Frank Patrick,GB,1970,QB,70,73,Starting-QB-critical (team): rated on a position prior only — the QB room had no recorded starts/stats to tell the starter from his backups.,"Confirm the season's starter (add games_started) or a manual override if a known starter/legend; rate the starter, leave backups lower.",low
5,rick-norton,Rick Norton,GB,1970,QB,70,73,Starting-QB-critical (team): rated on a position prior only — the QB room had no recorded starts/stats to tell the starter from his backups.,"Confirm the season's starter (add games_started) or a manual override if a known starter/legend; rate the starter, leave backups lower.",low
5,earl-morrall,Earl Morrall,IND,1970,QB,70,73,Starting-QB-critical (team): rated on a position prior only — the QB room had no recorded starts/stats to tell the starter from his backups.,"Confirm the season's starter (add games_started) or a manual override if a known starter/legend; rate the starter, leave backups lower.",low
5,johnny-unitas,Johnny Unitas,IND,1970,QB,70,73,Starting-QB-critical (team): rated on a position prior only — the QB room had no recorded starts/stats to tell the starter from his backups.,"Confirm the season's starter (add games_started) or a manual override if a known starter/legend; rate the starter, leave backups lower.",low
5,john-huarte,John Huarte,KC,1970,QB,70,73,Starting-QB-critical (team): rated on a position prior only — the QB room had no recorded starts/stats to tell the starter from his backups.,"Confirm the season's starter (add games_started) or a manual override if a known starter/legend; rate the starter, leave backups lower.",low
5,len-dawson,Len Dawson,KC,1970,QB,70,73,Starting-QB-critical (team): rated on a position prior only — the QB room had no recorded starts/stats to tell the starter from his backups.,"Confirm the season's starter (add games_started) or a manual override if a known starter/legend; rate the starter, leave backups lower.",low
5,mike-livingston,Mike Livingston,KC,1970,QB,70,73,Starting-QB-critical (team): rated on a position prior only — the QB room had no recorded starts/stats to tell the starter from his backups.,"Confirm the season's starter (add games_started) or a manual override if a known starter/legend; rate the starter, leave backups lower.",low
5,john-hadl,John Hadl,LAC,1970,QB,70,73,Starting-QB-critical (team): rated on a position prior only — the QB room had no recorded starts/stats to tell the starter from his backups.,"Confirm the season's starter (add games_started) or a manual override if a known starter/legend; rate the starter, leave backups lower.",low
5,marty-domres,Marty Domres,LAC,1970,QB,70,73,Starting-QB-critical (team): rated on a position prior only — the QB room had no recorded starts/stats to tell the starter from his backups.,"Confirm the season's starter (add games_started) or a manual override if a known starter/legend; rate the starter, leave backups lower.",low
5,wayne-clark,Wayne Clark,LAC,1970,QB,71,73,Starting-QB-critical (team): rated on a position prior only — the QB room had no recorded starts/stats to tell the starter from his backups.,"Confirm the season's starter (add games_started) or a manual override if a known starter/legend; rate the starter, leave backups lower.",low
5,daryle-lamonica,Daryle Lamonica,LV,1970,QB,71,73,Starting-QB-critical (team): rated on a position prior only — the QB room had no recorded starts/stats to tell the starter from his backups.,"Confirm the season's starter (add games_started) or a manual override if a known starter/legend; rate the starter, leave backups lower.",low
5,george-blanda,George Blanda,LV,1970,QB,71,73,Starting-QB-critical (team): rated on a position prior only — the QB room had no recorded starts/stats to tell the starter from his backups.,"Confirm the season's starter (add games_started) or a manual override if a known starter/legend; rate the starter, leave backups lower.",low
5,ken-stabler,Ken Stabler,LV,1970,QB,71,73,Starting-QB-critical (team): rated on a position prior only — the QB room had no recorded starts/stats to tell the starter from his backups.,"Confirm the season's starter (add games_started) or a manual override if a known starter/legend; rate the starter, leave backups lower.",low
5,bob-griese,Bob Griese,MIA,1970,QB,71,73,Starting-QB-critical (team): rated on a position prior only — the QB room had no recorded starts/stats to tell the starter from his backups.,"Confirm the season's starter (add games_started) or a manual override if a known starter/legend; rate the starter, leave backups lower.",low
5,john-stofa,John Stofa,MIA,1970,QB,71,73,Starting-QB-critical (team): rated on a position prior only — the QB room had no recorded starts/stats to tell the starter from his backups.,"Confirm the season's starter (add games_started) or a manual override if a known starter/legend; rate the starter, leave backups lower.",low
5,bill-cappleman,Bill Cappleman,MIN,1970,QB,71,73,Starting-QB-critical (team): rated on a position prior only — the QB room had no recorded starts/stats to tell the starter from his backups.,"Confirm the season's starter (add games_started) or a manual override if a known starter/legend; rate the starter, leave backups lower.",low
5,bob-lee,Bob Lee,MIN,1970,QB,71,73,Starting-QB-critical (team): rated on a position prior only — the QB room had no recorded starts/stats to tell the starter from his backups.,"Confirm the season's starter (add games_started) or a manual override if a known starter/legend; rate the starter, leave backups lower.",low
5,gary-cuozzo,Gary Cuozzo,MIN,1970,QB,71,73,Starting-QB-critical (team): rated on a position prior only — the QB room had no recorded starts/stats to tell the starter from his backups.,"Confirm the season's starter (add games_started) or a manual override if a known starter/legend; rate the starter, leave backups lower.",low
5,joe-kapp,Joe Kapp,NE,1970,QB,71,73,Starting-QB-critical (team): rated on a position prior only — the QB room had no recorded starts/stats to tell the starter from his backups.,"Confirm the season's starter (add games_started) or a manual override if a known starter/legend; rate the starter, leave backups lower.",low
5,kim-hammond,Kim Hammond,NE,1970,QB,71,73,Starting-QB-critical (team): rated on a position prior only — the QB room had no recorded starts/stats to tell the starter from his backups.,"Confirm the season's starter (add games_started) or a manual override if a known starter/legend; rate the starter, leave backups lower.",low
5,mike-taliaferro,Mike Taliaferro,NE,1970,QB,71,73,Starting-QB-critical (team): rated on a position prior only — the QB room had no recorded starts/stats to tell the starter from his backups.,"Confirm the season's starter (add games_started) or a manual override if a known starter/legend; rate the starter, leave backups lower.",low
5,billy-kilmer,Billy Kilmer,NO,1970,QB,71,73,Starting-QB-critical (team): rated on a position prior only — the QB room had no recorded starts/stats to tell the starter from his backups.,"Confirm the season's starter (add games_started) or a manual override if a known starter/legend; rate the starter, leave backups lower.",low
5,edd-hargett,Edd Hargett,NO,1970,QB,71,73,Starting-QB-critical (team): rated on a position prior only — the QB room had no recorded starts/stats to tell the starter from his backups.,"Confirm the season's starter (add games_started) or a manual override if a known starter/legend; rate the starter, leave backups lower.",low
5,steve-ramsey,Steve Ramsey,NO,1970,QB,71,73,Starting-QB-critical (team): rated on a position prior only — the QB room had no recorded starts/stats to tell the starter from his backups.,"Confirm the season's starter (add games_started) or a manual override if a known starter/legend; rate the starter, leave backups lower.",low
5,dick-shiner,Dick Shiner,NYG,1970,QB,71,73,Starting-QB-critical (team): rated on a position prior only — the QB room had no recorded starts/stats to tell the starter from his backups.,"Confirm the season's starter (add games_started) or a manual override if a known starter/legend; rate the starter, leave backups lower.",low
5,fran-tarkenton,Fran Tarkenton,NYG,1970,QB,71,73,Starting-QB-critical (team): rated on a position prior only — the QB room had no recorded starts/stats to tell the starter from his backups.,"Confirm the season's starter (add games_started) or a manual override if a known starter/legend; rate the starter, leave backups lower.",low
5,al-woodall,Al Woodall,NYJ,1970,QB,71,73,Starting-QB-critical (team): rated on a position prior only — the QB room had no recorded starts/stats to tell the starter from his backups.,"Confirm the season's starter (add games_started) or a manual override if a known starter/legend; rate the starter, leave backups lower.",low
5,bob-davis,Bob Davis,NYJ,1970,QB,72,73,Starting-QB-critical (team): rated on a position prior only — the QB room had no recorded starts/stats to tell the starter from his backups.,"Confirm the season's starter (add games_started) or a manual override if a known starter/legend; rate the starter, leave backups lower.",low
5,joe-namath,Joe Namath,NYJ,1970,QB,72,73,Starting-QB-critical (team): rated on a position prior only — the QB room had no recorded starts/stats to tell the starter from his backups.,"Confirm the season's starter (add games_started) or a manual override if a known starter/legend; rate the starter, leave backups lower.",low
5,norm-snead,Norm Snead,PHI,1970,QB,72,73,Starting-QB-critical (team): rated on a position prior only — the QB room had no recorded starts/stats to tell the starter from his backups.,"Confirm the season's starter (add games_started) or a manual override if a known starter/legend; rate the starter, leave backups lower.",low
5,rick-arrington,Rick Arrington,PHI,1970,QB,72,73,Starting-QB-critical (team): rated on a position prior only — the QB room had no recorded starts/stats to tell the starter from his backups.,"Confirm the season's starter (add games_started) or a manual override if a known starter/legend; rate the starter, leave backups lower.",low
5,terry-bradshaw,Terry Bradshaw,PIT,1970,QB,72,73,Starting-QB-critical (team): rated on a position prior only — the QB room had no recorded starts/stats to tell the starter from his backups.,"Confirm the season's starter (add games_started) or a manual override if a known starter/legend; rate the starter, leave backups lower.",low
5,terry-hanratty,Terry Hanratty,PIT,1970,QB,72,73,Starting-QB-critical (team): rated on a position prior only — the QB room had no recorded starts/stats to tell the starter from his backups.,"Confirm the season's starter (add games_started) or a manual override if a known starter/legend; rate the starter, leave backups lower.",low
5,john-brodie,John Brodie,SF,1970,QB,72,73,Starting-QB-critical (team): rated on a position prior only — the QB room had no recorded starts/stats to tell the starter from his backups.,"Confirm the season's starter (add games_started) or a manual override if a known starter/legend; rate the starter, leave backups lower.",low
5,steve-spurrier,Steve Spurrier,SF,1970,QB,72,73,Starting-QB-critical (team): rated on a position prior only — the QB room had no recorded starts/stats to tell the starter from his backups.,"Confirm the season's starter (add games_started) or a manual override if a known starter/legend; rate the starter, leave backups lower.",low
5,karl-sweetan,Karl Sweetan,STL,1970,QB,72,73,Starting-QB-critical (team): rated on a position prior only — the QB room had no recorded starts/stats to tell the starter from his backups.,"Confirm the season's starter (add games_started) or a manual override if a known starter/legend; rate the starter, leave backups lower.",low
5,roman-gabriel,Roman Gabriel,STL,1970,QB,72,73,Starting-QB-critical (team): rated on a position prior only — the QB room had no recorded starts/stats to tell the starter from his backups.,"Confirm the season's starter (add games_started) or a manual override if a known starter/legend; rate the starter, leave backups lower.",low
5,bob-naponic,Bob Naponic,TEN,1970,QB,72,73,Starting-QB-critical (team): rated on a position prior only — the QB room had no recorded starts/stats to tell the starter from his backups.,"Confirm the season's starter (add games_started) or a manual override if a known starter/legend; rate the starter, leave backups lower.",low
5,charley-johnson,Charley Johnson,TEN,1970,QB,72,73,Starting-QB-critical (team): rated on a position prior only — the QB room had no recorded starts/stats to tell the starter from his backups.,"Confirm the season's starter (add games_started) or a manual override if a known starter/legend; rate the starter, leave backups lower.",low
5,jerry-rhome,Jerry Rhome,TEN,1970,QB,72,73,Starting-QB-critical (team): rated on a position prior only — the QB room had no recorded starts/stats to tell the starter from his backups.,"Confirm the season's starter (add games_started) or a manual override if a known starter/legend; rate the starter, leave backups lower.",low
5,frank-ryan,Frank Ryan,WAS,1970,QB,72,73,Starting-QB-critical (team): rated on a position prior only — the QB room had no recorded starts/stats to tell the starter from his backups.,"Confirm the season's starter (add games_started) or a manual override if a known starter/legend; rate the starter, leave backups lower.",low
5,sonny-jurgensen,Sonny Jurgensen,WAS,1970,QB,72,73,Starting-QB-critical (team): rated on a position prior only — the QB room had no recorded starts/stats to tell the starter from his backups.,"Confirm the season's starter (add games_started) or a manual override if a known starter/legend; rate the starter, leave backups lower.",low
5,charley-johnson,Charley Johnson,ARI,1969,QB,69,73,Starting-QB-critical (team): rated on a position prior only — the QB room had no recorded starts/stats to tell the starter from his backups.,"Confirm the season's starter (add games_started) or a manual override if a known starter/legend; rate the starter, leave backups lower.",low
5,jim-hart,Jim Hart,ARI,1969,QB,69,73,Starting-QB-critical (team): rated on a position prior only — the QB room had no recorded starts/stats to tell the starter from his backups.,"Confirm the season's starter (add games_started) or a manual override if a known starter/legend; rate the starter, leave backups lower.",low
5,king-hill,King Hill,ARI,1969,QB,69,73,Starting-QB-critical (team): rated on a position prior only — the QB room had no recorded starts/stats to tell the starter from his backups.,"Confirm the season's starter (add games_started) or a manual override if a known starter/legend; rate the starter, leave backups lower.",low
5,billy-lothridge,Billy Lothridge,ATL,1969,QB,69,73,Starting-QB-critical (team): rated on a position prior only — the QB room had no recorded starts/stats to tell the starter from his backups.,"Confirm the season's starter (add games_started) or a manual override if a known starter/legend; rate the starter, leave backups lower.",low
5,bob-berry,Bob Berry,ATL,1969,QB,69,73,Starting-QB-critical (team): rated on a position prior only — the QB room had no recorded starts/stats to tell the starter from his backups.,"Confirm the season's starter (add games_started) or a manual override if a known starter/legend; rate the starter, leave backups lower.",low
5,bruce-lemmerman,Bruce Lemmerman,ATL,1969,QB,69,73,Starting-QB-critical (team): rated on a position prior only — the QB room had no recorded starts/stats to tell the starter from his backups.,"Confirm the season's starter (add games_started) or a manual override if a known starter/legend; rate the starter, leave backups lower.",low
5,randy-johnson,Randy Johnson,ATL,1969,QB,69,73,Starting-QB-critical (team): rated on a position prior only — the QB room had no recorded starts/stats to tell the starter from his backups.,"Confirm the season's starter (add games_started) or a manual override if a known starter/legend; rate the starter, leave backups lower.",low
5,dan-darragh,Dan Darragh,BUF,1969,QB,69,73,Starting-QB-critical (team): rated on a position prior only — the QB room had no recorded starts/stats to tell the starter from his backups.,"Confirm the season's starter (add games_started) or a manual override if a known starter/legend; rate the starter, leave backups lower.",low
5,jack-kemp,Jack Kemp,BUF,1969,QB,69,73,Starting-QB-critical (team): rated on a position prior only — the QB room had no recorded starts/stats to tell the starter from his backups.,"Confirm the season's starter (add games_started) or a manual override if a known starter/legend; rate the starter, leave backups lower.",low
5,james-harris,James Harris,BUF,1969,QB,69,73,Starting-QB-critical (team): rated on a position prior only — the QB room had no recorded starts/stats to tell the starter from his backups.,"Confirm the season's starter (add games_started) or a manual override if a known starter/legend; rate the starter, leave backups lower.",low
5,tom-sherman,Tom Sherman,BUF,1969,QB,69,73,Starting-QB-critical (team): rated on a position prior only — the QB room had no recorded starts/stats to tell the starter from his backups.,"Confirm the season's starter (add games_started) or a manual override if a known starter/legend; rate the starter, leave backups lower.",low
5,bobby-douglass,Bobby Douglass,CHI,1969,QB,69,73,Starting-QB-critical (team): rated on a position prior only — the QB room had no recorded starts/stats to tell the starter from his backups.,"Confirm the season's starter (add games_started) or a manual override if a known starter/legend; rate the starter, leave backups lower.",low
5,jack-concannon,Jack Concannon,CHI,1969,QB,69,73,Starting-QB-critical (team): rated on a position prior only — the QB room had no recorded starts/stats to tell the starter from his backups.,"Confirm the season's starter (add games_started) or a manual override if a known starter/legend; rate the starter, leave backups lower.",low
5,virgil-carter,Virgil Carter,CHI,1969,QB,69,73,Starting-QB-critical (team): rated on a position prior only — the QB room had no recorded starts/stats to tell the starter from his backups.,"Confirm the season's starter (add games_started) or a manual override if a known starter/legend; rate the starter, leave backups lower.",low
5,greg-cook,Greg Cook,CIN,1969,QB,69,73,Starting-QB-critical (team): rated on a position prior only — the QB room had no recorded starts/stats to tell the starter from his backups.,"Confirm the season's starter (add games_started) or a manual override if a known starter/legend; rate the starter, leave backups lower.",low
5,sam-wyche,Sam Wyche,CIN,1969,QB,69,73,Starting-QB-critical (team): rated on a position prior only — the QB room had no recorded starts/stats to tell the starter from his backups.,"Confirm the season's starter (add games_started) or a manual override if a known starter/legend; rate the starter, leave backups lower.",low
5,bill-nelsen,Bill Nelsen,CLE,1969,QB,69,73,Starting-QB-critical (team): rated on a position prior only — the QB room had no recorded starts/stats to tell the starter from his backups.,"Confirm the season's starter (add games_started) or a manual override if a known starter/legend; rate the starter, leave backups lower.",low
5,jerry-rhome,Jerry Rhome,CLE,1969,QB,69,73,Starting-QB-critical (team): rated on a position prior only — the QB room had no recorded starts/stats to tell the starter from his backups.,"Confirm the season's starter (add games_started) or a manual override if a known starter/legend; rate the starter, leave backups lower.",low
5,bob-belden,Bob Belden,DAL,1969,QB,69,73,Starting-QB-critical (team): rated on a position prior only — the QB room had no recorded starts/stats to tell the starter from his backups.,"Confirm the season's starter (add games_started) or a manual override if a known starter/legend; rate the starter, leave backups lower.",low
5,craig-morton,Craig Morton,DAL,1969,QB,70,73,Starting-QB-critical (team): rated on a position prior only — the QB room had no recorded starts/stats to tell the starter from his backups.,"Confirm the season's starter (add games_started) or a manual override if a known starter/legend; rate the starter, leave backups lower.",low
5,roger-staubach,Roger Staubach,DAL,1969,QB,70,73,Starting-QB-critical (team): rated on a position prior only — the QB room had no recorded starts/stats to tell the starter from his backups.,"Confirm the season's starter (add games_started) or a manual override if a known starter/legend; rate the starter, leave backups lower.",low
5,al-pastrana,Al Pastrana,DEN,1969,QB,70,73,Starting-QB-critical (team): rated on a position prior only — the QB room had no recorded starts/stats to tell the starter from his backups.,"Confirm the season's starter (add games_started) or a manual override if a known starter/legend; rate the starter, leave backups lower.",low
5,pete-liske,Pete Liske,DEN,1969,QB,70,73,Starting-QB-critical (team): rated on a position prior only — the QB room had no recorded starts/stats to tell the starter from his backups.,"Confirm the season's starter (add games_started) or a manual override if a known starter/legend; rate the starter, leave backups lower.",low
5,steve-tensi,Steve Tensi,DEN,1969,QB,70,73,Starting-QB-critical (team): rated on a position prior only — the QB room had no recorded starts/stats to tell the starter from his backups.,"Confirm the season's starter (add games_started) or a manual override if a known starter/legend; rate the starter, leave backups lower.",low
5,bill-munson,Bill Munson,DET,1969,QB,70,73,Starting-QB-critical (team): rated on a position prior only — the QB room had no recorded starts/stats to tell the starter from his backups.,"Confirm the season's starter (add games_started) or a manual override if a known starter/legend; rate the starter, leave backups lower.",low
5,greg-barton,Greg Barton,DET,1969,QB,70,73,Starting-QB-critical (team): rated on a position prior only — the QB room had no recorded starts/stats to tell the starter from his backups.,"Confirm the season's starter (add games_started) or a manual override if a known starter/legend; rate the starter, leave backups lower.",low
5,greg-landry,Greg Landry,DET,1969,QB,70,73,Starting-QB-critical (team): rated on a position prior only — the QB room had no recorded starts/stats to tell the starter from his backups.,"Confirm the season's starter (add games_started) or a manual override if a known starter/legend; rate the starter, leave backups lower.",low
5,bart-starr,Bart Starr,GB,1969,QB,70,73,Starting-QB-critical (team): rated on a position prior only — the QB room had no recorded starts/stats to tell the starter from his backups.,"Confirm the season's starter (add games_started) or a manual override if a known starter/legend; rate the starter, leave backups lower.",low
5,billy-stevens,Billy Stevens,GB,1969,QB,70,73,Starting-QB-critical (team): rated on a position prior only — the QB room had no recorded starts/stats to tell the starter from his backups.,"Confirm the season's starter (add games_started) or a manual override if a known starter/legend; rate the starter, leave backups lower.",low
5,don-horn,Don Horn,GB,1969,QB,70,73,Starting-QB-critical (team): rated on a position prior only — the QB room had no recorded starts/stats to tell the starter from his backups.,"Confirm the season's starter (add games_started) or a manual override if a known starter/legend; rate the starter, leave backups lower.",low
5,earl-morrall,Earl Morrall,IND,1969,QB,70,73,Starting-QB-critical (team): rated on a position prior only — the QB room had no recorded starts/stats to tell the starter from his backups.,"Confirm the season's starter (add games_started) or a manual override if a known starter/legend; rate the starter, leave backups lower.",low
5,johnny-unitas,Johnny Unitas,IND,1969,QB,70,73,Starting-QB-critical (team): rated on a position prior only — the QB room had no recorded starts/stats to tell the starter from his backups.,"Confirm the season's starter (add games_started) or a manual override if a known starter/legend; rate the starter, leave backups lower.",low
5,jacky-lee,Jacky Lee,KC,1969,QB,70,73,Starting-QB-critical (team): rated on a position prior only — the QB room had no recorded starts/stats to tell the starter from his backups.,"Confirm the season's starter (add games_started) or a manual override if a known starter/legend; rate the starter, leave backups lower.",low
5,john-huarte,John Huarte,KC,1969,QB,70,73,Starting-QB-critical (team): rated on a position prior only — the QB room had no recorded starts/stats to tell the starter from his backups.,"Confirm the season's starter (add games_started) or a manual override if a known starter/legend; rate the starter, leave backups lower.",low
5,len-dawson,Len Dawson,KC,1969,QB,70,73,Starting-QB-critical (team): rated on a position prior only — the QB room had no recorded starts/stats to tell the starter from his backups.,"Confirm the season's starter (add games_started) or a manual override if a known starter/legend; rate the starter, leave backups lower.",low
5,mike-livingston,Mike Livingston,KC,1969,QB,70,73,Starting-QB-critical (team): rated on a position prior only — the QB room had no recorded starts/stats to tell the starter from his backups.,"Confirm the season's starter (add games_started) or a manual override if a known starter/legend; rate the starter, leave backups lower.",low
5,tom-flores,Tom Flores,KC,1969,QB,70,73,Starting-QB-critical (team): rated on a position prior only — the QB room had no recorded starts/stats to tell the starter from his backups.,"Confirm the season's starter (add games_started) or a manual override if a known starter/legend; rate the starter, leave backups lower.",low
5,john-hadl,John Hadl,LAC,1969,QB,70,73,Starting-QB-critical (team): rated on a position prior only — the QB room had no recorded starts/stats to tell the starter from his backups.,"Confirm the season's starter (add games_started) or a manual override if a known starter/legend; rate the starter, leave backups lower.",low
5,marty-domres,Marty Domres,LAC,1969,QB,71,73,Starting-QB-critical (team): rated on a position prior only — the QB room had no recorded starts/stats to tell the starter from his backups.,"Confirm the season's starter (add games_started) or a manual override if a known starter/legend; rate the starter, leave backups lower.",low
5,pete-mikolajewski,Pete Mikolajewski,LAC,1969,QB,71,73,Starting-QB-critical (team): rated on a position prior only — the QB room had no recorded starts/stats to tell the starter from his backups.,"Confirm the season's starter (add games_started) or a manual override if a known starter/legend; rate the starter, leave backups lower.",low
5,daryle-lamonica,Daryle Lamonica,LV,1969,QB,71,73,Starting-QB-critical (team): rated on a position prior only — the QB room had no recorded starts/stats to tell the starter from his backups.,"Confirm the season's starter (add games_started) or a manual override if a known starter/legend; rate the starter, leave backups lower.",low
5,george-blanda,George Blanda,LV,1969,QB,71,73,Starting-QB-critical (team): rated on a position prior only — the QB room had no recorded starts/stats to tell the starter from his backups.,"Confirm the season's starter (add games_started) or a manual override if a known starter/legend; rate the starter, leave backups lower.",low
5,bob-griese,Bob Griese,MIA,1969,QB,71,73,Starting-QB-critical (team): rated on a position prior only — the QB room had no recorded starts/stats to tell the starter from his backups.,"Confirm the season's starter (add games_started) or a manual override if a known starter/legend; rate the starter, leave backups lower.",low
5,john-stofa,John Stofa,MIA,1969,QB,71,73,Starting-QB-critical (team): rated on a position prior only — the QB room had no recorded starts/stats to tell the starter from his backups.,"Confirm the season's starter (add games_started) or a manual override if a known starter/legend; rate the starter, leave backups lower.",low
5,rick-norton,Rick Norton,MIA,1969,QB,71,73,Starting-QB-critical (team): rated on a position prior only — the QB room had no recorded starts/stats to tell the starter from his backups.,"Confirm the season's starter (add games_started) or a manual override if a known starter/legend; rate the starter, leave backups lower.",low
5,bob-lee,Bob Lee,MIN,1969,QB,71,73,Starting-QB-critical (team): rated on a position prior only — the QB room had no recorded starts/stats to tell the starter from his backups.,"Confirm the season's starter (add games_started) or a manual override if a known starter/legend; rate the starter, leave backups lower.",low
5,gary-cuozzo,Gary Cuozzo,MIN,1969,QB,71,73,Starting-QB-critical (team): rated on a position prior only — the QB room had no recorded starts/stats to tell the starter from his backups.,"Confirm the season's starter (add games_started) or a manual override if a known starter/legend; rate the starter, leave backups lower.",low
5,joe-kapp,Joe Kapp,MIN,1969,QB,71,73,Starting-QB-critical (team): rated on a position prior only — the QB room had no recorded starts/stats to tell the starter from his backups.,"Confirm the season's starter (add games_started) or a manual override if a known starter/legend; rate the starter, leave backups lower.",low
5,kim-hammond,Kim Hammond,NE,1969,QB,71,73,Starting-QB-critical (team): rated on a position prior only — the QB room had no recorded starts/stats to tell the starter from his backups.,"Confirm the season's starter (add games_started) or a manual override if a known starter/legend; rate the starter, leave backups lower.",low
5,mike-taliaferro,Mike Taliaferro,NE,1969,QB,71,73,Starting-QB-critical (team): rated on a position prior only — the QB room had no recorded starts/stats to tell the starter from his backups.,"Confirm the season's starter (add games_started) or a manual override if a known starter/legend; rate the starter, leave backups lower.",low
5,billy-kilmer,Billy Kilmer,NO,1969,QB,71,73,Starting-QB-critical (team): rated on a position prior only — the QB room had no recorded starts/stats to tell the starter from his backups.,"Confirm the season's starter (add games_started) or a manual override if a known starter/legend; rate the starter, leave backups lower.",low
5,edd-hargett,Edd Hargett,NO,1969,QB,71,73,Starting-QB-critical (team): rated on a position prior only — the QB room had no recorded starts/stats to tell the starter from his backups.,"Confirm the season's starter (add games_started) or a manual override if a known starter/legend; rate the starter, leave backups lower.",low
5,jim-ninowski,Jim Ninowski,NO,1969,QB,71,73,Starting-QB-critical (team): rated on a position prior only — the QB room had no recorded starts/stats to tell the starter from his backups.,"Confirm the season's starter (add games_started) or a manual override if a known starter/legend; rate the starter, leave backups lower.",low
5,fran-tarkenton,Fran Tarkenton,NYG,1969,QB,71,73,Starting-QB-critical (team): rated on a position prior only — the QB room had no recorded starts/stats to tell the starter from his backups.,"Confirm the season's starter (add games_started) or a manual override if a known starter/legend; rate the starter, leave backups lower.",low
5,gary-wood,Gary Wood,NYG,1969,QB,71,73,Starting-QB-critical (team): rated on a position prior only — the QB room had no recorded starts/stats to tell the starter from his backups.,"Confirm the season's starter (add games_started) or a manual override if a known starter/legend; rate the starter, leave backups lower.",low
5,milt-plum,Milt Plum,NYG,1969,QB,71,73,Starting-QB-critical (team): rated on a position prior only — the QB room had no recorded starts/stats to tell the starter from his backups.,"Confirm the season's starter (add games_started) or a manual override if a known starter/legend; rate the starter, leave backups lower.",low
5,al-woodall,Al Woodall,NYJ,1969,QB,71,73,Starting-QB-critical (team): rated on a position prior only — the QB room had no recorded starts/stats to tell the starter from his backups.,"Confirm the season's starter (add games_started) or a manual override if a known starter/legend; rate the starter, leave backups lower.",low
5,babe-parilli,Babe Parilli,NYJ,1969,QB,71,73,Starting-QB-critical (team): rated on a position prior only — the QB room had no recorded starts/stats to tell the starter from his backups.,"Confirm the season's starter (add games_started) or a manual override if a known starter/legend; rate the starter, leave backups lower.",low
5,joe-namath,Joe Namath,NYJ,1969,QB,72,73,Starting-QB-critical (team): rated on a position prior only — the QB room had no recorded starts/stats to tell the starter from his backups.,"Confirm the season's starter (add games_started) or a manual override if a known starter/legend; rate the starter, leave backups lower.",low
5,george-mira,George Mira,PHI,1969,QB,72,73,Starting-QB-critical (team): rated on a position prior only — the QB room had no recorded starts/stats to tell the starter from his backups.,"Confirm the season's starter (add games_started) or a manual override if a known starter/legend; rate the starter, leave backups lower.",low
5,norm-snead,Norm Snead,PHI,1969,QB,72,73,Starting-QB-critical (team): rated on a position prior only — the QB room had no recorded starts/stats to tell the starter from his backups.,"Confirm the season's starter (add games_started) or a manual override if a known starter/legend; rate the starter, leave backups lower.",low
5,dick-shiner,Dick Shiner,PIT,1969,QB,72,73,Starting-QB-critical (team): rated on a position prior only — the QB room had no recorded starts/stats to tell the starter from his backups.,"Confirm the season's starter (add games_started) or a manual override if a known starter/legend; rate the starter, leave backups lower.",low
5,kent-nix,Kent Nix,PIT,1969,QB,72,73,Starting-QB-critical (team): rated on a position prior only — the QB room had no recorded starts/stats to tell the starter from his backups.,"Confirm the season's starter (add games_started) or a manual override if a known starter/legend; rate the starter, leave backups lower.",low
5,terry-hanratty,Terry Hanratty,PIT,1969,QB,72,73,Starting-QB-critical (team): rated on a position prior only — the QB room had no recorded starts/stats to tell the starter from his backups.,"Confirm the season's starter (add games_started) or a manual override if a known starter/legend; rate the starter, leave backups lower.",low
5,john-brodie,John Brodie,SF,1969,QB,72,73,Starting-QB-critical (team): rated on a position prior only — the QB room had no recorded starts/stats to tell the starter from his backups.,"Confirm the season's starter (add games_started) or a manual override if a known starter/legend; rate the starter, leave backups lower.",low
5,steve-spurrier,Steve Spurrier,SF,1969,QB,72,73,Starting-QB-critical (team): rated on a position prior only — the QB room had no recorded starts/stats to tell the starter from his backups.,"Confirm the season's starter (add games_started) or a manual override if a known starter/legend; rate the starter, leave backups lower.",low
5,karl-sweetan,Karl Sweetan,STL,1969,QB,72,73,Starting-QB-critical (team): rated on a position prior only — the QB room had no recorded starts/stats to tell the starter from his backups.,"Confirm the season's starter (add games_started) or a manual override if a known starter/legend; rate the starter, leave backups lower.",low
5,roman-gabriel,Roman Gabriel,STL,1969,QB,72,73,Starting-QB-critical (team): rated on a position prior only — the QB room had no recorded starts/stats to tell the starter from his backups.,"Confirm the season's starter (add games_started) or a manual override if a known starter/legend; rate the starter, leave backups lower.",low
5,bob-davis,Bob Davis,TEN,1969,QB,72,73,Starting-QB-critical (team): rated on a position prior only — the QB room had no recorded starts/stats to tell the starter from his backups.,"Confirm the season's starter (add games_started) or a manual override if a known starter/legend; rate the starter, leave backups lower.",low
5,don-trull,Don Trull,TEN,1969,QB,72,73,Starting-QB-critical (team): rated on a position prior only — the QB room had no recorded starts/stats to tell the starter from his backups.,"Confirm the season's starter (add games_started) or a manual override if a known starter/legend; rate the starter, leave backups lower.",low
5,pete-beathard,Pete Beathard,TEN,1969,QB,72,73,Starting-QB-critical (team): rated on a position prior only — the QB room had no recorded starts/stats to tell the starter from his backups.,"Confirm the season's starter (add games_started) or a manual override if a known starter/legend; rate the starter, leave backups lower.",low
5,frank-ryan,Frank Ryan,WAS,1969,QB,72,73,Starting-QB-critical (team): rated on a position prior only — the QB room had no recorded starts/stats to tell the starter from his backups.,"Confirm the season's starter (add games_started) or a manual override if a known starter/legend; rate the starter, leave backups lower.",low
5,gary-beban,Gary Beban,WAS,1969,QB,72,73,Starting-QB-critical (team): rated on a position prior only — the QB room had no recorded starts/stats to tell the starter from his backups.,"Confirm the season's starter (add games_started) or a manual override if a known starter/legend; rate the starter, leave backups lower.",low
5,sonny-jurgensen,Sonny Jurgensen,WAS,1969,QB,72,73,Starting-QB-critical (team): rated on a position prior only — the QB room had no recorded starts/stats to tell the starter from his backups.,"Confirm the season's starter (add games_started) or a manual override if a known starter/legend; rate the starter, leave backups lower.",low
5,charley-johnson,Charley Johnson,ARI,1968,QB,69,73,Starting-QB-critical (team): rated on a position prior only — the QB room had no recorded starts/stats to tell the starter from his backups.,"Confirm the season's starter (add games_started) or a manual override if a known starter/legend; rate the starter, leave backups lower.",low
5,jim-hart,Jim Hart,ARI,1968,QB,69,73,Starting-QB-critical (team): rated on a position prior only — the QB room had no recorded starts/stats to tell the starter from his backups.,"Confirm the season's starter (add games_started) or a manual override if a known starter/legend; rate the starter, leave backups lower.",low
5,bob-berry,Bob Berry,ATL,1968,QB,69,73,Starting-QB-critical (team): rated on a position prior only — the QB room had no recorded starts/stats to tell the starter from his backups.,"Confirm the season's starter (add games_started) or a manual override if a known starter/legend; rate the starter, leave backups lower.",low
5,bruce-lemmerman,Bruce Lemmerman,ATL,1968,QB,69,73,Starting-QB-critical (team): rated on a position prior only — the QB room had no recorded starts/stats to tell the starter from his backups.,"Confirm the season's starter (add games_started) or a manual override if a known starter/legend; rate the starter, leave backups lower.",low
5,randy-johnson,Randy Johnson,ATL,1968,QB,69,73,Starting-QB-critical (team): rated on a position prior only — the QB room had no recorded starts/stats to tell the starter from his backups.,"Confirm the season's starter (add games_started) or a manual override if a known starter/legend; rate the starter, leave backups lower.",low
5,benny-russell,Benny Russell,BUF,1968,QB,69,73,Starting-QB-critical (team): rated on a position prior only — the QB room had no recorded starts/stats to tell the starter from his backups.,"Confirm the season's starter (add games_started) or a manual override if a known starter/legend; rate the starter, leave backups lower.",low
5,dan-darragh,Dan Darragh,BUF,1968,QB,69,73,Starting-QB-critical (team): rated on a position prior only — the QB room had no recorded starts/stats to tell the starter from his backups.,"Confirm the season's starter (add games_started) or a manual override if a known starter/legend; rate the starter, leave backups lower.",low
5,ed-rutkowski,Ed Rutkowski,BUF,1968,QB,69,73,Starting-QB-critical (team): rated on a position prior only — the QB room had no recorded starts/stats to tell the starter from his backups.,"Confirm the season's starter (add games_started) or a manual override if a known starter/legend; rate the starter, leave backups lower.",low
5,kay-stephenson,Kay Stephenson,BUF,1968,QB,69,73,Starting-QB-critical (team): rated on a position prior only — the QB room had no recorded starts/stats to tell the starter from his backups.,"Confirm the season's starter (add games_started) or a manual override if a known starter/legend; rate the starter, leave backups lower.",low
5,tom-flores,Tom Flores,BUF,1968,QB,69,73,Starting-QB-critical (team): rated on a position prior only — the QB room had no recorded starts/stats to tell the starter from his backups.,"Confirm the season's starter (add games_started) or a manual override if a known starter/legend; rate the starter, leave backups lower.",low
5,jack-concannon,Jack Concannon,CHI,1968,QB,69,73,Starting-QB-critical (team): rated on a position prior only — the QB room had no recorded starts/stats to tell the starter from his backups.,"Confirm the season's starter (add games_started) or a manual override if a known starter/legend; rate the starter, leave backups lower.",low
5,larry-rakestraw,Larry Rakestraw,CHI,1968,QB,69,73,Starting-QB-critical (team): rated on a position prior only — the QB room had no recorded starts/stats to tell the starter from his backups.,"Confirm the season's starter (add games_started) or a manual override if a known starter/legend; rate the starter, leave backups lower.",low
5,rudy-bukich,Rudy Bukich,CHI,1968,QB,69,73,Starting-QB-critical (team): rated on a position prior only — the QB room had no recorded starts/stats to tell the starter from his backups.,"Confirm the season's starter (add games_started) or a manual override if a known starter/legend; rate the starter, leave backups lower.",low
5,virgil-carter,Virgil Carter,CHI,1968,QB,69,73,Starting-QB-critical (team): rated on a position prior only — the QB room had no recorded starts/stats to tell the starter from his backups.,"Confirm the season's starter (add games_started) or a manual override if a known starter/legend; rate the starter, leave backups lower.",low
5,dewey-warren,Dewey Warren,CIN,1968,QB,69,73,Starting-QB-critical (team): rated on a position prior only — the QB room had no recorded starts/stats to tell the starter from his backups.,"Confirm the season's starter (add games_started) or a manual override if a known starter/legend; rate the starter, leave backups lower.",low
5,john-stofa,John Stofa,CIN,1968,QB,69,73,Starting-QB-critical (team): rated on a position prior only — the QB room had no recorded starts/stats to tell the starter from his backups.,"Confirm the season's starter (add games_started) or a manual override if a known starter/legend; rate the starter, leave backups lower.",low
5,sam-wyche,Sam Wyche,CIN,1968,QB,69,73,Starting-QB-critical (team): rated on a position prior only — the QB room had no recorded starts/stats to tell the starter from his backups.,"Confirm the season's starter (add games_started) or a manual override if a known starter/legend; rate the starter, leave backups lower.",low
5,bill-nelsen,Bill Nelsen,CLE,1968,QB,69,73,Starting-QB-critical (team): rated on a position prior only — the QB room had no recorded starts/stats to tell the starter from his backups.,"Confirm the season's starter (add games_started) or a manual override if a known starter/legend; rate the starter, leave backups lower.",low
5,frank-ryan,Frank Ryan,CLE,1968,QB,69,73,Starting-QB-critical (team): rated on a position prior only — the QB room had no recorded starts/stats to tell the starter from his backups.,"Confirm the season's starter (add games_started) or a manual override if a known starter/legend; rate the starter, leave backups lower.",low
5,craig-morton,Craig Morton,DAL,1968,QB,69,73,Starting-QB-critical (team): rated on a position prior only — the QB room had no recorded starts/stats to tell the starter from his backups.,"Confirm the season's starter (add games_started) or a manual override if a known starter/legend; rate the starter, leave backups lower.",low
5,don-meredith,Don Meredith,DAL,1968,QB,70,73,Starting-QB-critical (team): rated on a position prior only — the QB room had no recorded starts/stats to tell the starter from his backups.,"Confirm the season's starter (add games_started) or a manual override if a known starter/legend; rate the starter, leave backups lower.",low
5,jerry-rhome,Jerry Rhome,DAL,1968,QB,70,73,Starting-QB-critical (team): rated on a position prior only — the QB room had no recorded starts/stats to tell the starter from his backups.,"Confirm the season's starter (add games_started) or a manual override if a known starter/legend; rate the starter, leave backups lower.",low
5,jim-leclair,Jim LeClair,DEN,1968,QB,70,73,Starting-QB-critical (team): rated on a position prior only — the QB room had no recorded starts/stats to tell the starter from his backups.,"Confirm the season's starter (add games_started) or a manual override if a known starter/legend; rate the starter, leave backups lower.",low
5,joe-divito,Joe DiVito,DEN,1968,QB,70,73,Starting-QB-critical (team): rated on a position prior only — the QB room had no recorded starts/stats to tell the starter from his backups.,"Confirm the season's starter (add games_started) or a manual override if a known starter/legend; rate the starter, leave backups lower.",low
5,john-mccormick,John McCormick,DEN,1968,QB,70,73,Starting-QB-critical (team): rated on a position prior only — the QB room had no recorded starts/stats to tell the starter from his backups.,"Confirm the season's starter (add games_started) or a manual override if a known starter/legend; rate the starter, leave backups lower.",low
5,marlin-briscoe,Marlin Briscoe,DEN,1968,QB,70,73,Starting-QB-critical (team): rated on a position prior only — the QB room had no recorded starts/stats to tell the starter from his backups.,"Confirm the season's starter (add games_started) or a manual override if a known starter/legend; rate the starter, leave backups lower.",low
5,steve-tensi,Steve Tensi,DEN,1968,QB,70,73,Starting-QB-critical (team): rated on a position prior only — the QB room had no recorded starts/stats to tell the starter from his backups.,"Confirm the season's starter (add games_started) or a manual override if a known starter/legend; rate the starter, leave backups lower.",low
5,bill-munson,Bill Munson,DET,1968,QB,70,73,Starting-QB-critical (team): rated on a position prior only — the QB room had no recorded starts/stats to tell the starter from his backups.,"Confirm the season's starter (add games_started) or a manual override if a known starter/legend; rate the starter, leave backups lower.",low
5,greg-barton,Greg Barton,DET,1968,QB,70,73,Starting-QB-critical (team): rated on a position prior only — the QB room had no recorded starts/stats to tell the starter from his backups.,"Confirm the season's starter (add games_started) or a manual override if a known starter/legend; rate the starter, leave backups lower.",low
5,greg-landry,Greg Landry,DET,1968,QB,70,73,Starting-QB-critical (team): rated on a position prior only — the QB room had no recorded starts/stats to tell the starter from his backups.,"Confirm the season's starter (add games_started) or a manual override if a known starter/legend; rate the starter, leave backups lower.",low
5,bart-starr,Bart Starr,GB,1968,QB,70,73,Starting-QB-critical (team): rated on a position prior only — the QB room had no recorded starts/stats to tell the starter from his backups.,"Confirm the season's starter (add games_started) or a manual override if a known starter/legend; rate the starter, leave backups lower.",low
5,billy-stevens,Billy Stevens,GB,1968,QB,70,73,Starting-QB-critical (team): rated on a position prior only — the QB room had no recorded starts/stats to tell the starter from his backups.,"Confirm the season's starter (add games_started) or a manual override if a known starter/legend; rate the starter, leave backups lower.",low
5,don-horn,Don Horn,GB,1968,QB,70,73,Starting-QB-critical (team): rated on a position prior only — the QB room had no recorded starts/stats to tell the starter from his backups.,"Confirm the season's starter (add games_started) or a manual override if a known starter/legend; rate the starter, leave backups lower.",low
5,zeke-bratkowski,Zeke Bratkowski,GB,1968,QB,70,73,Starting-QB-critical (team): rated on a position prior only — the QB room had no recorded starts/stats to tell the starter from his backups.,"Confirm the season's starter (add games_started) or a manual override if a known starter/legend; rate the starter, leave backups lower.",low
5,earl-morrall,Earl Morrall,IND,1968,QB,70,73,Starting-QB-critical (team): rated on a position prior only — the QB room had no recorded starts/stats to tell the starter from his backups.,"Confirm the season's starter (add games_started) or a manual override if a known starter/legend; rate the starter, leave backups lower.",low
5,jim-ward,Jim Ward,IND,1968,QB,70,73,Starting-QB-critical (team): rated on a position prior only — the QB room had no recorded starts/stats to tell the starter from his backups.,"Confirm the season's starter (add games_started) or a manual override if a known starter/legend; rate the starter, leave backups lower.",low
5,johnny-unitas,Johnny Unitas,IND,1968,QB,70,73,Starting-QB-critical (team): rated on a position prior only — the QB room had no recorded starts/stats to tell the starter from his backups.,"Confirm the season's starter (add games_started) or a manual override if a known starter/legend; rate the starter, leave backups lower.",low
5,jacky-lee,Jacky Lee,KC,1968,QB,70,73,Starting-QB-critical (team): rated on a position prior only — the QB room had no recorded starts/stats to tell the starter from his backups.,"Confirm the season's starter (add games_started) or a manual override if a known starter/legend; rate the starter, leave backups lower.",low
5,len-dawson,Len Dawson,KC,1968,QB,70,73,Starting-QB-critical (team): rated on a position prior only — the QB room had no recorded starts/stats to tell the starter from his backups.,"Confirm the season's starter (add games_started) or a manual override if a known starter/legend; rate the starter, leave backups lower.",low
5,mike-livingston,Mike Livingston,KC,1968,QB,71,73,Starting-QB-critical (team): rated on a position prior only — the QB room had no recorded starts/stats to tell the starter from his backups.,"Confirm the season's starter (add games_started) or a manual override if a known starter/legend; rate the starter, leave backups lower.",low
5,john-hadl,John Hadl,LAC,1968,QB,71,73,Starting-QB-critical (team): rated on a position prior only — the QB room had no recorded starts/stats to tell the starter from his backups.,"Confirm the season's starter (add games_started) or a manual override if a known starter/legend; rate the starter, leave backups lower.",low
5,jon-brittenum,Jon Brittenum,LAC,1968,QB,71,73,Starting-QB-critical (team): rated on a position prior only — the QB room had no recorded starts/stats to tell the starter from his backups.,"Confirm the season's starter (add games_started) or a manual override if a known starter/legend; rate the starter, leave backups lower.",low
5,cotton-davidson,Cotton Davidson,LV,1968,QB,71,73,Starting-QB-critical (team): rated on a position prior only — the QB room had no recorded starts/stats to tell the starter from his backups.,"Confirm the season's starter (add games_started) or a manual override if a known starter/legend; rate the starter, leave backups lower.",low
5,daryle-lamonica,Daryle Lamonica,LV,1968,QB,71,73,Starting-QB-critical (team): rated on a position prior only — the QB room had no recorded starts/stats to tell the starter from his backups.,"Confirm the season's starter (add games_started) or a manual override if a known starter/legend; rate the starter, leave backups lower.",low
5,george-blanda,George Blanda,LV,1968,QB,71,73,Starting-QB-critical (team): rated on a position prior only — the QB room had no recorded starts/stats to tell the starter from his backups.,"Confirm the season's starter (add games_started) or a manual override if a known starter/legend; rate the starter, leave backups lower.",low
5,bob-griese,Bob Griese,MIA,1968,QB,71,73,Starting-QB-critical (team): rated on a position prior only — the QB room had no recorded starts/stats to tell the starter from his backups.,"Confirm the season's starter (add games_started) or a manual override if a known starter/legend; rate the starter, leave backups lower.",low
5,kim-hammond,Kim Hammond,MIA,1968,QB,71,73,Starting-QB-critical (team): rated on a position prior only — the QB room had no recorded starts/stats to tell the starter from his backups.,"Confirm the season's starter (add games_started) or a manual override if a known starter/legend; rate the starter, leave backups lower.",low
5,rick-norton,Rick Norton,MIA,1968,QB,71,73,Starting-QB-critical (team): rated on a position prior only — the QB room had no recorded starts/stats to tell the starter from his backups.,"Confirm the season's starter (add games_started) or a manual override if a known starter/legend; rate the starter, leave backups lower.",low
5,gary-cuozzo,Gary Cuozzo,MIN,1968,QB,71,73,Starting-QB-critical (team): rated on a position prior only — the QB room had no recorded starts/stats to tell the starter from his backups.,"Confirm the season's starter (add games_started) or a manual override if a known starter/legend; rate the starter, leave backups lower.",low
5,joe-kapp,Joe Kapp,MIN,1968,QB,71,73,Starting-QB-critical (team): rated on a position prior only — the QB room had no recorded starts/stats to tell the starter from his backups.,"Confirm the season's starter (add games_started) or a manual override if a known starter/legend; rate the starter, leave backups lower.",low
5,king-corcoran,King Corcoran,NE,1968,QB,71,73,Starting-QB-critical (team): rated on a position prior only — the QB room had no recorded starts/stats to tell the starter from his backups.,"Confirm the season's starter (add games_started) or a manual override if a known starter/legend; rate the starter, leave backups lower.",low
5,mike-taliaferro,Mike Taliaferro,NE,1968,QB,71,73,Starting-QB-critical (team): rated on a position prior only — the QB room had no recorded starts/stats to tell the starter from his backups.,"Confirm the season's starter (add games_started) or a manual override if a known starter/legend; rate the starter, leave backups lower.",low
5,tom-sherman,Tom Sherman,NE,1968,QB,71,73,Starting-QB-critical (team): rated on a position prior only — the QB room had no recorded starts/stats to tell the starter from his backups.,"Confirm the season's starter (add games_started) or a manual override if a known starter/legend; rate the starter, leave backups lower.",low
5,billy-kilmer,Billy Kilmer,NO,1968,QB,71,73,Starting-QB-critical (team): rated on a position prior only — the QB room had no recorded starts/stats to tell the starter from his backups.,"Confirm the season's starter (add games_started) or a manual override if a known starter/legend; rate the starter, leave backups lower.",low
5,karl-sweetan,Karl Sweetan,NO,1968,QB,71,73,Starting-QB-critical (team): rated on a position prior only — the QB room had no recorded starts/stats to tell the starter from his backups.,"Confirm the season's starter (add games_started) or a manual override if a known starter/legend; rate the starter, leave backups lower.",low
5,ronnie-lee-south,Ronnie Lee South,NO,1968,QB,71,73,Starting-QB-critical (team): rated on a position prior only — the QB room had no recorded starts/stats to tell the starter from his backups.,"Confirm the season's starter (add games_started) or a manual override if a known starter/legend; rate the starter, leave backups lower.",low
5,fran-tarkenton,Fran Tarkenton,NYG,1968,QB,71,73,Starting-QB-critical (team): rated on a position prior only — the QB room had no recorded starts/stats to tell the starter from his backups.,"Confirm the season's starter (add games_started) or a manual override if a known starter/legend; rate the starter, leave backups lower.",low
5,gary-lane,Gary Lane,NYG,1968,QB,71,73,Starting-QB-critical (team): rated on a position prior only — the QB room had no recorded starts/stats to tell the starter from his backups.,"Confirm the season's starter (add games_started) or a manual override if a known starter/legend; rate the starter, leave backups lower.",low
5,gary-wood,Gary Wood,NYG,1968,QB,71,73,Starting-QB-critical (team): rated on a position prior only — the QB room had no recorded starts/stats to tell the starter from his backups.,"Confirm the season's starter (add games_started) or a manual override if a known starter/legend; rate the starter, leave backups lower.",low
5,babe-parilli,Babe Parilli,NYJ,1968,QB,72,73,Starting-QB-critical (team): rated on a position prior only — the QB room had no recorded starts/stats to tell the starter from his backups.,"Confirm the season's starter (add games_started) or a manual override if a known starter/legend; rate the starter, leave backups lower.",low
5,joe-namath,Joe Namath,NYJ,1968,QB,72,73,Starting-QB-critical (team): rated on a position prior only — the QB room had no recorded starts/stats to tell the starter from his backups.,"Confirm the season's starter (add games_started) or a manual override if a known starter/legend; rate the starter, leave backups lower.",low
5,john-huarte,John Huarte,PHI,1968,QB,72,73,Starting-QB-critical (team): rated on a position prior only — the QB room had no recorded starts/stats to tell the starter from his backups.,"Confirm the season's starter (add games_started) or a manual override if a known starter/legend; rate the starter, leave backups lower.",low
5,norm-snead,Norm Snead,PHI,1968,QB,72,73,Starting-QB-critical (team): rated on a position prior only — the QB room had no recorded starts/stats to tell the starter from his backups.,"Confirm the season's starter (add games_started) or a manual override if a known starter/legend; rate the starter, leave backups lower.",low
5,dick-shiner,Dick Shiner,PIT,1968,QB,72,73,Starting-QB-critical (team): rated on a position prior only — the QB room had no recorded starts/stats to tell the starter from his backups.,"Confirm the season's starter (add games_started) or a manual override if a known starter/legend; rate the starter, leave backups lower.",low
5,kent-nix,Kent Nix,PIT,1968,QB,72,73,Starting-QB-critical (team): rated on a position prior only — the QB room had no recorded starts/stats to tell the starter from his backups.,"Confirm the season's starter (add games_started) or a manual override if a known starter/legend; rate the starter, leave backups lower.",low
5,george-mira,George Mira,SF,1968,QB,72,73,Starting-QB-critical (team): rated on a position prior only — the QB room had no recorded starts/stats to tell the starter from his backups.,"Confirm the season's starter (add games_started) or a manual override if a known starter/legend; rate the starter, leave backups lower.",low
5,john-brodie,John Brodie,SF,1968,QB,72,73,Starting-QB-critical (team): rated on a position prior only — the QB room had no recorded starts/stats to tell the starter from his backups.,"Confirm the season's starter (add games_started) or a manual override if a known starter/legend; rate the starter, leave backups lower.",low
5,milt-plum,Milt Plum,STL,1968,QB,72,73,Starting-QB-critical (team): rated on a position prior only — the QB room had no recorded starts/stats to tell the starter from his backups.,"Confirm the season's starter (add games_started) or a manual override if a known starter/legend; rate the starter, leave backups lower.",low
5,roman-gabriel,Roman Gabriel,STL,1968,QB,72,73,Starting-QB-critical (team): rated on a position prior only — the QB room had no recorded starts/stats to tell the starter from his backups.,"Confirm the season's starter (add games_started) or a manual override if a known starter/legend; rate the starter, leave backups lower.",low
5,bob-davis,Bob Davis,TEN,1968,QB,72,73,Starting-QB-critical (team): rated on a position prior only — the QB room had no recorded starts/stats to tell the starter from his backups.,"Confirm the season's starter (add games_started) or a manual override if a known starter/legend; rate the starter, leave backups lower.",low
5,don-trull,Don Trull,TEN,1968,QB,72,73,Starting-QB-critical (team): rated on a position prior only — the QB room had no recorded starts/stats to tell the starter from his backups.,"Confirm the season's starter (add games_started) or a manual override if a known starter/legend; rate the starter, leave backups lower.",low
5,pete-beathard,Pete Beathard,TEN,1968,QB,72,73,Starting-QB-critical (team): rated on a position prior only — the QB room had no recorded starts/stats to tell the starter from his backups.,"Confirm the season's starter (add games_started) or a manual override if a known starter/legend; rate the starter, leave backups lower.",low
5,gary-beban,Gary Beban,WAS,1968,QB,72,73,Starting-QB-critical (team): rated on a position prior only — the QB room had no recorded starts/stats to tell the starter from his backups.,"Confirm the season's starter (add games_started) or a manual override if a known starter/legend; rate the starter, leave backups lower.",low
5,harry-theofiledes,Harry Theofiledes,WAS,1968,QB,72,73,Starting-QB-critical (team): rated on a position prior only — the QB room had no recorded starts/stats to tell the starter from his backups.,"Confirm the season's starter (add games_started) or a manual override if a known starter/legend; rate the starter, leave backups lower.",low
5,jim-ninowski,Jim Ninowski,WAS,1968,QB,72,73,Starting-QB-critical (team): rated on a position prior only — the QB room had no recorded starts/stats to tell the starter from his backups.,"Confirm the season's starter (add games_started) or a manual override if a known starter/legend; rate the starter, leave backups lower.",low
5,sonny-jurgensen,Sonny Jurgensen,WAS,1968,QB,72,73,Starting-QB-critical (team): rated on a position prior only — the QB room had no recorded starts/stats to tell the starter from his backups.,"Confirm the season's starter (add games_started) or a manual override if a known starter/legend; rate the starter, leave backups lower.",low
5,charley-johnson,Charley Johnson,ARI,1967,QB,69,73,Starting-QB-critical (team): rated on a position prior only — the QB room had no recorded starts/stats to tell the starter from his backups.,"Confirm the season's starter (add games_started) or a manual override if a known starter/legend; rate the starter, leave backups lower.",low
5,jim-hart,Jim Hart,ARI,1967,QB,69,73,Starting-QB-critical (team): rated on a position prior only — the QB room had no recorded starts/stats to tell the starter from his backups.,"Confirm the season's starter (add games_started) or a manual override if a known starter/legend; rate the starter, leave backups lower.",low
5,tim-van-galder,Tim Van Galder,ARI,1967,QB,69,73,Starting-QB-critical (team): rated on a position prior only — the QB room had no recorded starts/stats to tell the starter from his backups.,"Confirm the season's starter (add games_started) or a manual override if a known starter/legend; rate the starter, leave backups lower.",low
5,billy-lothridge,Billy Lothridge,ATL,1967,QB,69,73,Starting-QB-critical (team): rated on a position prior only — the QB room had no recorded starts/stats to tell the starter from his backups.,"Confirm the season's starter (add games_started) or a manual override if a known starter/legend; rate the starter, leave backups lower.",low
5,randy-johnson,Randy Johnson,ATL,1967,QB,69,73,Starting-QB-critical (team): rated on a position prior only — the QB room had no recorded starts/stats to tell the starter from his backups.,"Confirm the season's starter (add games_started) or a manual override if a known starter/legend; rate the starter, leave backups lower.",low
5,steve-sloan,Steve Sloan,ATL,1967,QB,69,73,Starting-QB-critical (team): rated on a position prior only — the QB room had no recorded starts/stats to tell the starter from his backups.,"Confirm the season's starter (add games_started) or a manual override if a known starter/legend; rate the starter, leave backups lower.",low
5,terry-nofsinger,Terry Nofsinger,ATL,1967,QB,69,73,Starting-QB-critical (team): rated on a position prior only — the QB room had no recorded starts/stats to tell the starter from his backups.,"Confirm the season's starter (add games_started) or a manual override if a known starter/legend; rate the starter, leave backups lower.",low
5,jack-kemp,Jack Kemp,BUF,1967,QB,69,73,Starting-QB-critical (team): rated on a position prior only — the QB room had no recorded starts/stats to tell the starter from his backups.,"Confirm the season's starter (add games_started) or a manual override if a known starter/legend; rate the starter, leave backups lower.",low
5,tom-flores,Tom Flores,BUF,1967,QB,69,73,Starting-QB-critical (team): rated on a position prior only — the QB room had no recorded starts/stats to tell the starter from his backups.,"Confirm the season's starter (add games_started) or a manual override if a known starter/legend; rate the starter, leave backups lower.",low
5,jack-concannon,Jack Concannon,CHI,1967,QB,69,73,Starting-QB-critical (team): rated on a position prior only — the QB room had no recorded starts/stats to tell the starter from his backups.,"Confirm the season's starter (add games_started) or a manual override if a known starter/legend; rate the starter, leave backups lower.",low
5,larry-rakestraw,Larry Rakestraw,CHI,1967,QB,69,73,Starting-QB-critical (team): rated on a position prior only — the QB room had no recorded starts/stats to tell the starter from his backups.,"Confirm the season's starter (add games_started) or a manual override if a known starter/legend; rate the starter, leave backups lower.",low
5,rudy-bukich,Rudy Bukich,CHI,1967,QB,69,73,Starting-QB-critical (team): rated on a position prior only — the QB room had no recorded starts/stats to tell the starter from his backups.,"Confirm the season's starter (add games_started) or a manual override if a known starter/legend; rate the starter, leave backups lower.",low
5,dick-shiner,Dick Shiner,CLE,1967,QB,69,73,Starting-QB-critical (team): rated on a position prior only — the QB room had no recorded starts/stats to tell the starter from his backups.,"Confirm the season's starter (add games_started) or a manual override if a known starter/legend; rate the starter, leave backups lower.",low
5,frank-ryan,Frank Ryan,CLE,1967,QB,69,73,Starting-QB-critical (team): rated on a position prior only — the QB room had no recorded starts/stats to tell the starter from his backups.,"Confirm the season's starter (add games_started) or a manual override if a known starter/legend; rate the starter, leave backups lower.",low
5,gary-lane,Gary Lane,CLE,1967,QB,69,73,Starting-QB-critical (team): rated on a position prior only — the QB room had no recorded starts/stats to tell the starter from his backups.,"Confirm the season's starter (add games_started) or a manual override if a known starter/legend; rate the starter, leave backups lower.",low
5,craig-morton,Craig Morton,DAL,1967,QB,69,73,Starting-QB-critical (team): rated on a position prior only — the QB room had no recorded starts/stats to tell the starter from his backups.,"Confirm the season's starter (add games_started) or a manual override if a known starter/legend; rate the starter, leave backups lower.",low
5,don-meredith,Don Meredith,DAL,1967,QB,69,73,Starting-QB-critical (team): rated on a position prior only — the QB room had no recorded starts/stats to tell the starter from his backups.,"Confirm the season's starter (add games_started) or a manual override if a known starter/legend; rate the starter, leave backups lower.",low
5,jerry-rhome,Jerry Rhome,DAL,1967,QB,69,73,Starting-QB-critical (team): rated on a position prior only — the QB room had no recorded starts/stats to tell the starter from his backups.,"Confirm the season's starter (add games_started) or a manual override if a known starter/legend; rate the starter, leave backups lower.",low
5,jim-leclair,Jim LeClair,DEN,1967,QB,70,73,Starting-QB-critical (team): rated on a position prior only — the QB room had no recorded starts/stats to tell the starter from his backups.,"Confirm the season's starter (add games_started) or a manual override if a known starter/legend; rate the starter, leave backups lower.",low
5,scotty-glacken,Scotty Glacken,DEN,1967,QB,70,73,Starting-QB-critical (team): rated on a position prior only — the QB room had no recorded starts/stats to tell the starter from his backups.,"Confirm the season's starter (add games_started) or a manual override if a known starter/legend; rate the starter, leave backups lower.",low
5,steve-tensi,Steve Tensi,DEN,1967,QB,70,73,Starting-QB-critical (team): rated on a position prior only — the QB room had no recorded starts/stats to tell the starter from his backups.,"Confirm the season's starter (add games_started) or a manual override if a known starter/legend; rate the starter, leave backups lower.",low
5,karl-sweetan,Karl Sweetan,DET,1967,QB,70,73,Starting-QB-critical (team): rated on a position prior only — the QB room had no recorded starts/stats to tell the starter from his backups.,"Confirm the season's starter (add games_started) or a manual override if a known starter/legend; rate the starter, leave backups lower.",low
5,milt-plum,Milt Plum,DET,1967,QB,70,73,Starting-QB-critical (team): rated on a position prior only — the QB room had no recorded starts/stats to tell the starter from his backups.,"Confirm the season's starter (add games_started) or a manual override if a known starter/legend; rate the starter, leave backups lower.",low
5,bart-starr,Bart Starr,GB,1967,QB,70,73,Starting-QB-critical (team): rated on a position prior only — the QB room had no recorded starts/stats to tell the starter from his backups.,"Confirm the season's starter (add games_started) or a manual override if a known starter/legend; rate the starter, leave backups lower.",low
5,don-horn,Don Horn,GB,1967,QB,70,73,Starting-QB-critical (team): rated on a position prior only — the QB room had no recorded starts/stats to tell the starter from his backups.,"Confirm the season's starter (add games_started) or a manual override if a known starter/legend; rate the starter, leave backups lower.",low
5,zeke-bratkowski,Zeke Bratkowski,GB,1967,QB,70,73,Starting-QB-critical (team): rated on a position prior only — the QB room had no recorded starts/stats to tell the starter from his backups.,"Confirm the season's starter (add games_started) or a manual override if a known starter/legend; rate the starter, leave backups lower.",low
5,jim-ward,Jim Ward,IND,1967,QB,70,73,Starting-QB-critical (team): rated on a position prior only — the QB room had no recorded starts/stats to tell the starter from his backups.,"Confirm the season's starter (add games_started) or a manual override if a known starter/legend; rate the starter, leave backups lower.",low
5,johnny-unitas,Johnny Unitas,IND,1967,QB,70,73,Starting-QB-critical (team): rated on a position prior only — the QB room had no recorded starts/stats to tell the starter from his backups.,"Confirm the season's starter (add games_started) or a manual override if a known starter/legend; rate the starter, leave backups lower.",low
5,jacky-lee,Jacky Lee,KC,1967,QB,70,73,Starting-QB-critical (team): rated on a position prior only — the QB room had no recorded starts/stats to tell the starter from his backups.,"Confirm the season's starter (add games_started) or a manual override if a known starter/legend; rate the starter, leave backups lower.",low
5,len-dawson,Len Dawson,KC,1967,QB,70,73,Starting-QB-critical (team): rated on a position prior only — the QB room had no recorded starts/stats to tell the starter from his backups.,"Confirm the season's starter (add games_started) or a manual override if a known starter/legend; rate the starter, leave backups lower.",low
5,john-hadl,John Hadl,LAC,1967,QB,70,73,Starting-QB-critical (team): rated on a position prior only — the QB room had no recorded starts/stats to tell the starter from his backups.,"Confirm the season's starter (add games_started) or a manual override if a known starter/legend; rate the starter, leave backups lower.",low
5,kay-stephenson,Kay Stephenson,LAC,1967,QB,70,73,Starting-QB-critical (team): rated on a position prior only — the QB room had no recorded starts/stats to tell the starter from his backups.,"Confirm the season's starter (add games_started) or a manual override if a known starter/legend; rate the starter, leave backups lower.",low
5,daryle-lamonica,Daryle Lamonica,LV,1967,QB,70,73,Starting-QB-critical (team): rated on a position prior only — the QB room had no recorded starts/stats to tell the starter from his backups.,"Confirm the season's starter (add games_started) or a manual override if a known starter/legend; rate the starter, leave backups lower.",low
5,george-blanda,George Blanda,LV,1967,QB,70,73,Starting-QB-critical (team): rated on a position prior only — the QB room had no recorded starts/stats to tell the starter from his backups.,"Confirm the season's starter (add games_started) or a manual override if a known starter/legend; rate the starter, leave backups lower.",low
5,archie-roberts,Archie Roberts,MIA,1967,QB,70,73,Starting-QB-critical (team): rated on a position prior only — the QB room had no recorded starts/stats to tell the starter from his backups.,"Confirm the season's starter (add games_started) or a manual override if a known starter/legend; rate the starter, leave backups lower.",low
5,bob-griese,Bob Griese,MIA,1967,QB,71,73,Starting-QB-critical (team): rated on a position prior only — the QB room had no recorded starts/stats to tell the starter from his backups.,"Confirm the season's starter (add games_started) or a manual override if a known starter/legend; rate the starter, leave backups lower.",low
5,john-stofa,John Stofa,MIA,1967,QB,71,73,Starting-QB-critical (team): rated on a position prior only — the QB room had no recorded starts/stats to tell the starter from his backups.,"Confirm the season's starter (add games_started) or a manual override if a known starter/legend; rate the starter, leave backups lower.",low
5,rick-norton,Rick Norton,MIA,1967,QB,71,73,Starting-QB-critical (team): rated on a position prior only — the QB room had no recorded starts/stats to tell the starter from his backups.,"Confirm the season's starter (add games_started) or a manual override if a known starter/legend; rate the starter, leave backups lower.",low
5,bob-berry,Bob Berry,MIN,1967,QB,71,73,Starting-QB-critical (team): rated on a position prior only — the QB room had no recorded starts/stats to tell the starter from his backups.,"Confirm the season's starter (add games_started) or a manual override if a known starter/legend; rate the starter, leave backups lower.",low
5,joe-kapp,Joe Kapp,MIN,1967,QB,71,73,Starting-QB-critical (team): rated on a position prior only — the QB room had no recorded starts/stats to tell the starter from his backups.,"Confirm the season's starter (add games_started) or a manual override if a known starter/legend; rate the starter, leave backups lower.",low
5,ron-vander-kelen,Ron Vander Kelen,MIN,1967,QB,71,73,Starting-QB-critical (team): rated on a position prior only — the QB room had no recorded starts/stats to tell the starter from his backups.,"Confirm the season's starter (add games_started) or a manual override if a known starter/legend; rate the starter, leave backups lower.",low
5,babe-parilli,Babe Parilli,NE,1967,QB,71,73,Starting-QB-critical (team): rated on a position prior only — the QB room had no recorded starts/stats to tell the starter from his backups.,"Confirm the season's starter (add games_started) or a manual override if a known starter/legend; rate the starter, leave backups lower.",low
5,don-trull,Don Trull,NE,1967,QB,71,73,Starting-QB-critical (team): rated on a position prior only — the QB room had no recorded starts/stats to tell the starter from his backups.,"Confirm the season's starter (add games_started) or a manual override if a known starter/legend; rate the starter, leave backups lower.",low
5,john-huarte,John Huarte,NE,1967,QB,71,73,Starting-QB-critical (team): rated on a position prior only — the QB room had no recorded starts/stats to tell the starter from his backups.,"Confirm the season's starter (add games_started) or a manual override if a known starter/legend; rate the starter, leave backups lower.",low
5,billy-kilmer,Billy Kilmer,NO,1967,QB,71,73,Starting-QB-critical (team): rated on a position prior only — the QB room had no recorded starts/stats to tell the starter from his backups.,"Confirm the season's starter (add games_started) or a manual override if a known starter/legend; rate the starter, leave backups lower.",low
5,gary-cuozzo,Gary Cuozzo,NO,1967,QB,71,73,Starting-QB-critical (team): rated on a position prior only — the QB room had no recorded starts/stats to tell the starter from his backups.,"Confirm the season's starter (add games_started) or a manual override if a known starter/legend; rate the starter, leave backups lower.",low
5,gary-wood,Gary Wood,NO,1967,QB,71,73,Starting-QB-critical (team): rated on a position prior only — the QB room had no recorded starts/stats to tell the starter from his backups.,"Confirm the season's starter (add games_started) or a manual override if a known starter/legend; rate the starter, leave backups lower.",low
5,earl-morrall,Earl Morrall,NYG,1967,QB,71,73,Starting-QB-critical (team): rated on a position prior only — the QB room had no recorded starts/stats to tell the starter from his backups.,"Confirm the season's starter (add games_started) or a manual override if a known starter/legend; rate the starter, leave backups lower.",low
5,fran-tarkenton,Fran Tarkenton,NYG,1967,QB,71,73,Starting-QB-critical (team): rated on a position prior only — the QB room had no recorded starts/stats to tell the starter from his backups.,"Confirm the season's starter (add games_started) or a manual override if a known starter/legend; rate the starter, leave backups lower.",low
5,bob-schweickert,Bob Schweickert,NYJ,1967,QB,71,73,Starting-QB-critical (team): rated on a position prior only — the QB room had no recorded starts/stats to tell the starter from his backups.,"Confirm the season's starter (add games_started) or a manual override if a known starter/legend; rate the starter, leave backups lower.",low
5,joe-namath,Joe Namath,NYJ,1967,QB,71,73,Starting-QB-critical (team): rated on a position prior only — the QB room had no recorded starts/stats to tell the starter from his backups.,"Confirm the season's starter (add games_started) or a manual override if a known starter/legend; rate the starter, leave backups lower.",low
5,mike-taliaferro,Mike Taliaferro,NYJ,1967,QB,71,73,Starting-QB-critical (team): rated on a position prior only — the QB room had no recorded starts/stats to tell the starter from his backups.,"Confirm the season's starter (add games_started) or a manual override if a known starter/legend; rate the starter, leave backups lower.",low
5,benjy-dial,Benjy Dial,PHI,1967,QB,71,73,Starting-QB-critical (team): rated on a position prior only — the QB room had no recorded starts/stats to tell the starter from his backups.,"Confirm the season's starter (add games_started) or a manual override if a known starter/legend; rate the starter, leave backups lower.",low
5,king-hill,King Hill,PHI,1967,QB,72,73,Starting-QB-critical (team): rated on a position prior only — the QB room had no recorded starts/stats to tell the starter from his backups.,"Confirm the season's starter (add games_started) or a manual override if a known starter/legend; rate the starter, leave backups lower.",low
5,norm-snead,Norm Snead,PHI,1967,QB,72,73,Starting-QB-critical (team): rated on a position prior only — the QB room had no recorded starts/stats to tell the starter from his backups.,"Confirm the season's starter (add games_started) or a manual override if a known starter/legend; rate the starter, leave backups lower.",low
5,bill-nelsen,Bill Nelsen,PIT,1967,QB,72,73,Starting-QB-critical (team): rated on a position prior only — the QB room had no recorded starts/stats to tell the starter from his backups.,"Confirm the season's starter (add games_started) or a manual override if a known starter/legend; rate the starter, leave backups lower.",low
5,kent-nix,Kent Nix,PIT,1967,QB,72,73,Starting-QB-critical (team): rated on a position prior only — the QB room had no recorded starts/stats to tell the starter from his backups.,"Confirm the season's starter (add games_started) or a manual override if a known starter/legend; rate the starter, leave backups lower.",low
5,rich-badar,Rich Badar,PIT,1967,QB,72,73,Starting-QB-critical (team): rated on a position prior only — the QB room had no recorded starts/stats to tell the starter from his backups.,"Confirm the season's starter (add games_started) or a manual override if a known starter/legend; rate the starter, leave backups lower.",low
5,george-mira,George Mira,SF,1967,QB,72,73,Starting-QB-critical (team): rated on a position prior only — the QB room had no recorded starts/stats to tell the starter from his backups.,"Confirm the season's starter (add games_started) or a manual override if a known starter/legend; rate the starter, leave backups lower.",low
5,john-brodie,John Brodie,SF,1967,QB,72,73,Starting-QB-critical (team): rated on a position prior only — the QB room had no recorded starts/stats to tell the starter from his backups.,"Confirm the season's starter (add games_started) or a manual override if a known starter/legend; rate the starter, leave backups lower.",low
5,steve-spurrier,Steve Spurrier,SF,1967,QB,72,73,Starting-QB-critical (team): rated on a position prior only — the QB room had no recorded starts/stats to tell the starter from his backups.,"Confirm the season's starter (add games_started) or a manual override if a known starter/legend; rate the starter, leave backups lower.",low
5,bill-munson,Bill Munson,STL,1967,QB,72,73,Starting-QB-critical (team): rated on a position prior only — the QB room had no recorded starts/stats to tell the starter from his backups.,"Confirm the season's starter (add games_started) or a manual override if a known starter/legend; rate the starter, leave backups lower.",low
5,roman-gabriel,Roman Gabriel,STL,1967,QB,72,73,Starting-QB-critical (team): rated on a position prior only — the QB room had no recorded starts/stats to tell the starter from his backups.,"Confirm the season's starter (add games_started) or a manual override if a known starter/legend; rate the starter, leave backups lower.",low
5,billy-anderson,Billy Anderson,TEN,1967,QB,72,73,Starting-QB-critical (team): rated on a position prior only — the QB room had no recorded starts/stats to tell the starter from his backups.,"Confirm the season's starter (add games_started) or a manual override if a known starter/legend; rate the starter, leave backups lower.",low
5,bob-davis,Bob Davis,TEN,1967,QB,72,73,Starting-QB-critical (team): rated on a position prior only — the QB room had no recorded starts/stats to tell the starter from his backups.,"Confirm the season's starter (add games_started) or a manual override if a known starter/legend; rate the starter, leave backups lower.",low
5,pete-beathard,Pete Beathard,TEN,1967,QB,72,73,Starting-QB-critical (team): rated on a position prior only — the QB room had no recorded starts/stats to tell the starter from his backups.,"Confirm the season's starter (add games_started) or a manual override if a known starter/legend; rate the starter, leave backups lower.",low
5,jim-ninowski,Jim Ninowski,WAS,1967,QB,72,73,Starting-QB-critical (team): rated on a position prior only — the QB room had no recorded starts/stats to tell the starter from his backups.,"Confirm the season's starter (add games_started) or a manual override if a known starter/legend; rate the starter, leave backups lower.",low
5,sonny-jurgensen,Sonny Jurgensen,WAS,1967,QB,72,73,Starting-QB-critical (team): rated on a position prior only — the QB room had no recorded starts/stats to tell the starter from his backups.,"Confirm the season's starter (add games_started) or a manual override if a known starter/legend; rate the starter, leave backups lower.",low
5,charley-johnson,Charley Johnson,ARI,1966,QB,69,73,Starting-QB-critical (team): rated on a position prior only — the QB room had no recorded starts/stats to tell the starter from his backups.,"Confirm the season's starter (add games_started) or a manual override if a known starter/legend; rate the starter, leave backups lower.",low
5,jim-hart,Jim Hart,ARI,1966,QB,69,73,Starting-QB-critical (team): rated on a position prior only — the QB room had no recorded starts/stats to tell the starter from his backups.,"Confirm the season's starter (add games_started) or a manual override if a known starter/legend; rate the starter, leave backups lower.",low
5,terry-nofsinger,Terry Nofsinger,ARI,1966,QB,69,73,Starting-QB-critical (team): rated on a position prior only — the QB room had no recorded starts/stats to tell the starter from his backups.,"Confirm the season's starter (add games_started) or a manual override if a known starter/legend; rate the starter, leave backups lower.",low
5,billy-lothridge,Billy Lothridge,ATL,1966,QB,69,73,Starting-QB-critical (team): rated on a position prior only — the QB room had no recorded starts/stats to tell the starter from his backups.,"Confirm the season's starter (add games_started) or a manual override if a known starter/legend; rate the starter, leave backups lower.",low
5,dennis-claridge,Dennis Claridge,ATL,1966,QB,69,73,Starting-QB-critical (team): rated on a position prior only — the QB room had no recorded starts/stats to tell the starter from his backups.,"Confirm the season's starter (add games_started) or a manual override if a known starter/legend; rate the starter, leave backups lower.",low
5,randy-johnson,Randy Johnson,ATL,1966,QB,69,73,Starting-QB-critical (team): rated on a position prior only — the QB room had no recorded starts/stats to tell the starter from his backups.,"Confirm the season's starter (add games_started) or a manual override if a known starter/legend; rate the starter, leave backups lower.",low
5,steve-sloan,Steve Sloan,ATL,1966,QB,69,73,Starting-QB-critical (team): rated on a position prior only — the QB room had no recorded starts/stats to tell the starter from his backups.,"Confirm the season's starter (add games_started) or a manual override if a known starter/legend; rate the starter, leave backups lower.",low
5,daryle-lamonica,Daryle Lamonica,BUF,1966,QB,69,73,Starting-QB-critical (team): rated on a position prior only — the QB room had no recorded starts/stats to tell the starter from his backups.,"Confirm the season's starter (add games_started) or a manual override if a known starter/legend; rate the starter, leave backups lower.",low
5,jack-kemp,Jack Kemp,BUF,1966,QB,69,73,Starting-QB-critical (team): rated on a position prior only — the QB room had no recorded starts/stats to tell the starter from his backups.,"Confirm the season's starter (add games_started) or a manual override if a known starter/legend; rate the starter, leave backups lower.",low
5,billy-wade,Billy Wade,CHI,1966,QB,69,73,Starting-QB-critical (team): rated on a position prior only — the QB room had no recorded starts/stats to tell the starter from his backups.,"Confirm the season's starter (add games_started) or a manual override if a known starter/legend; rate the starter, leave backups lower.",low
5,larry-rakestraw,Larry Rakestraw,CHI,1966,QB,69,73,Starting-QB-critical (team): rated on a position prior only — the QB room had no recorded starts/stats to tell the starter from his backups.,"Confirm the season's starter (add games_started) or a manual override if a known starter/legend; rate the starter, leave backups lower.",low
5,rudy-bukich,Rudy Bukich,CHI,1966,QB,69,73,Starting-QB-critical (team): rated on a position prior only — the QB room had no recorded starts/stats to tell the starter from his backups.,"Confirm the season's starter (add games_started) or a manual override if a known starter/legend; rate the starter, leave backups lower.",low
5,frank-ryan,Frank Ryan,CLE,1966,QB,69,73,Starting-QB-critical (team): rated on a position prior only — the QB room had no recorded starts/stats to tell the starter from his backups.,"Confirm the season's starter (add games_started) or a manual override if a known starter/legend; rate the starter, leave backups lower.",low
5,gary-lane,Gary Lane,CLE,1966,QB,69,73,Starting-QB-critical (team): rated on a position prior only — the QB room had no recorded starts/stats to tell the starter from his backups.,"Confirm the season's starter (add games_started) or a manual override if a known starter/legend; rate the starter, leave backups lower.",low
5,jim-ninowski,Jim Ninowski,CLE,1966,QB,69,73,Starting-QB-critical (team): rated on a position prior only — the QB room had no recorded starts/stats to tell the starter from his backups.,"Confirm the season's starter (add games_started) or a manual override if a known starter/legend; rate the starter, leave backups lower.",low
5,craig-morton,Craig Morton,DAL,1966,QB,69,73,Starting-QB-critical (team): rated on a position prior only — the QB room had no recorded starts/stats to tell the starter from his backups.,"Confirm the season's starter (add games_started) or a manual override if a known starter/legend; rate the starter, leave backups lower.",low
5,don-meredith,Don Meredith,DAL,1966,QB,69,73,Starting-QB-critical (team): rated on a position prior only — the QB room had no recorded starts/stats to tell the starter from his backups.,"Confirm the season's starter (add games_started) or a manual override if a known starter/legend; rate the starter, leave backups lower.",low
5,jerry-rhome,Jerry Rhome,DAL,1966,QB,69,73,Starting-QB-critical (team): rated on a position prior only — the QB room had no recorded starts/stats to tell the starter from his backups.,"Confirm the season's starter (add games_started) or a manual override if a known starter/legend; rate the starter, leave backups lower.",low
5,john-mccormick,John McCormick,DEN,1966,QB,70,73,Starting-QB-critical (team): rated on a position prior only — the QB room had no recorded starts/stats to tell the starter from his backups.,"Confirm the season's starter (add games_started) or a manual override if a known starter/legend; rate the starter, leave backups lower.",low
5,max-choboian,Max Choboian,DEN,1966,QB,70,73,Starting-QB-critical (team): rated on a position prior only — the QB room had no recorded starts/stats to tell the starter from his backups.,"Confirm the season's starter (add games_started) or a manual override if a known starter/legend; rate the starter, leave backups lower.",low
5,mickey-slaughter,Mickey Slaughter,DEN,1966,QB,70,73,Starting-QB-critical (team): rated on a position prior only — the QB room had no recorded starts/stats to tell the starter from his backups.,"Confirm the season's starter (add games_started) or a manual override if a known starter/legend; rate the starter, leave backups lower.",low
5,scotty-glacken,Scotty Glacken,DEN,1966,QB,70,73,Starting-QB-critical (team): rated on a position prior only — the QB room had no recorded starts/stats to tell the starter from his backups.,"Confirm the season's starter (add games_started) or a manual override if a known starter/legend; rate the starter, leave backups lower.",low
5,tobin-rote,Tobin Rote,DEN,1966,QB,70,73,Starting-QB-critical (team): rated on a position prior only — the QB room had no recorded starts/stats to tell the starter from his backups.,"Confirm the season's starter (add games_started) or a manual override if a known starter/legend; rate the starter, leave backups lower.",low
5,karl-sweetan,Karl Sweetan,DET,1966,QB,70,73,Starting-QB-critical (team): rated on a position prior only — the QB room had no recorded starts/stats to tell the starter from his backups.,"Confirm the season's starter (add games_started) or a manual override if a known starter/legend; rate the starter, leave backups lower.",low
5,milt-plum,Milt Plum,DET,1966,QB,70,73,Starting-QB-critical (team): rated on a position prior only — the QB room had no recorded starts/stats to tell the starter from his backups.,"Confirm the season's starter (add games_started) or a manual override if a known starter/legend; rate the starter, leave backups lower.",low
5,tom-myers,Tom Myers,DET,1966,QB,70,73,Starting-QB-critical (team): rated on a position prior only — the QB room had no recorded starts/stats to tell the starter from his backups.,"Confirm the season's starter (add games_started) or a manual override if a known starter/legend; rate the starter, leave backups lower.",low
5,bart-starr,Bart Starr,GB,1966,QB,70,73,Starting-QB-critical (team): rated on a position prior only — the QB room had no recorded starts/stats to tell the starter from his backups.,"Confirm the season's starter (add games_started) or a manual override if a known starter/legend; rate the starter, leave backups lower.",low
5,zeke-bratkowski,Zeke Bratkowski,GB,1966,QB,70,73,Starting-QB-critical (team): rated on a position prior only — the QB room had no recorded starts/stats to tell the starter from his backups.,"Confirm the season's starter (add games_started) or a manual override if a known starter/legend; rate the starter, leave backups lower.",low
5,gary-cuozzo,Gary Cuozzo,IND,1966,QB,70,73,Starting-QB-critical (team): rated on a position prior only — the QB room had no recorded starts/stats to tell the starter from his backups.,"Confirm the season's starter (add games_started) or a manual override if a known starter/legend; rate the starter, leave backups lower.",low
5,johnny-unitas,Johnny Unitas,IND,1966,QB,70,73,Starting-QB-critical (team): rated on a position prior only — the QB room had no recorded starts/stats to tell the starter from his backups.,"Confirm the season's starter (add games_started) or a manual override if a known starter/legend; rate the starter, leave backups lower.",low
5,len-dawson,Len Dawson,KC,1966,QB,70,73,Starting-QB-critical (team): rated on a position prior only — the QB room had no recorded starts/stats to tell the starter from his backups.,"Confirm the season's starter (add games_started) or a manual override if a known starter/legend; rate the starter, leave backups lower.",low
5,pete-beathard,Pete Beathard,KC,1966,QB,70,73,Starting-QB-critical (team): rated on a position prior only — the QB room had no recorded starts/stats to tell the starter from his backups.,"Confirm the season's starter (add games_started) or a manual override if a known starter/legend; rate the starter, leave backups lower.",low
5,dan-henning,Dan Henning,LAC,1966,QB,70,73,Starting-QB-critical (team): rated on a position prior only — the QB room had no recorded starts/stats to tell the starter from his backups.,"Confirm the season's starter (add games_started) or a manual override if a known starter/legend; rate the starter, leave backups lower.",low
5,john-hadl,John Hadl,LAC,1966,QB,70,73,Starting-QB-critical (team): rated on a position prior only — the QB room had no recorded starts/stats to tell the starter from his backups.,"Confirm the season's starter (add games_started) or a manual override if a known starter/legend; rate the starter, leave backups lower.",low
5,steve-tensi,Steve Tensi,LAC,1966,QB,70,73,Starting-QB-critical (team): rated on a position prior only — the QB room had no recorded starts/stats to tell the starter from his backups.,"Confirm the season's starter (add games_started) or a manual override if a known starter/legend; rate the starter, leave backups lower.",low
5,charlie-green,Charlie Green,LV,1966,QB,70,73,Starting-QB-critical (team): rated on a position prior only — the QB room had no recorded starts/stats to tell the starter from his backups.,"Confirm the season's starter (add games_started) or a manual override if a known starter/legend; rate the starter, leave backups lower.",low
5,cotton-davidson,Cotton Davidson,LV,1966,QB,70,73,Starting-QB-critical (team): rated on a position prior only — the QB room had no recorded starts/stats to tell the starter from his backups.,"Confirm the season's starter (add games_started) or a manual override if a known starter/legend; rate the starter, leave backups lower.",low
5,tom-flores,Tom Flores,LV,1966,QB,71,73,Starting-QB-critical (team): rated on a position prior only — the QB room had no recorded starts/stats to tell the starter from his backups.,"Confirm the season's starter (add games_started) or a manual override if a known starter/legend; rate the starter, leave backups lower.",low
5,dick-wood,Dick Wood,MIA,1966,QB,71,73,Starting-QB-critical (team): rated on a position prior only — the QB room had no recorded starts/stats to tell the starter from his backups.,"Confirm the season's starter (add games_started) or a manual override if a known starter/legend; rate the starter, leave backups lower.",low
5,george-wilson,George Wilson,MIA,1966,QB,71,73,Starting-QB-critical (team): rated on a position prior only — the QB room had no recorded starts/stats to tell the starter from his backups.,"Confirm the season's starter (add games_started) or a manual override if a known starter/legend; rate the starter, leave backups lower.",low
5,john-stofa,John Stofa,MIA,1966,QB,71,73,Starting-QB-critical (team): rated on a position prior only — the QB room had no recorded starts/stats to tell the starter from his backups.,"Confirm the season's starter (add games_started) or a manual override if a known starter/legend; rate the starter, leave backups lower.",low
5,rick-norton,Rick Norton,MIA,1966,QB,71,73,Starting-QB-critical (team): rated on a position prior only — the QB room had no recorded starts/stats to tell the starter from his backups.,"Confirm the season's starter (add games_started) or a manual override if a known starter/legend; rate the starter, leave backups lower.",low
5,bob-berry,Bob Berry,MIN,1966,QB,71,73,Starting-QB-critical (team): rated on a position prior only — the QB room had no recorded starts/stats to tell the starter from his backups.,"Confirm the season's starter (add games_started) or a manual override if a known starter/legend; rate the starter, leave backups lower.",low
5,fran-tarkenton,Fran Tarkenton,MIN,1966,QB,71,73,Starting-QB-critical (team): rated on a position prior only — the QB room had no recorded starts/stats to tell the starter from his backups.,"Confirm the season's starter (add games_started) or a manual override if a known starter/legend; rate the starter, leave backups lower.",low
5,ron-vander-kelen,Ron Vander Kelen,MIN,1966,QB,71,73,Starting-QB-critical (team): rated on a position prior only — the QB room had no recorded starts/stats to tell the starter from his backups.,"Confirm the season's starter (add games_started) or a manual override if a known starter/legend; rate the starter, leave backups lower.",low
5,babe-parilli,Babe Parilli,NE,1966,QB,71,73,Starting-QB-critical (team): rated on a position prior only — the QB room had no recorded starts/stats to tell the starter from his backups.,"Confirm the season's starter (add games_started) or a manual override if a known starter/legend; rate the starter, leave backups lower.",low
5,john-huarte,John Huarte,NE,1966,QB,71,73,Starting-QB-critical (team): rated on a position prior only — the QB room had no recorded starts/stats to tell the starter from his backups.,"Confirm the season's starter (add games_started) or a manual override if a known starter/legend; rate the starter, leave backups lower.",low
5,tom-yewcic,Tom Yewcic,NE,1966,QB,71,73,Starting-QB-critical (team): rated on a position prior only — the QB room had no recorded starts/stats to tell the starter from his backups.,"Confirm the season's starter (add games_started) or a manual override if a known starter/legend; rate the starter, leave backups lower.",low
5,earl-morrall,Earl Morrall,NYG,1966,QB,71,73,Starting-QB-critical (team): rated on a position prior only — the QB room had no recorded starts/stats to tell the starter from his backups.,"Confirm the season's starter (add games_started) or a manual override if a known starter/legend; rate the starter, leave backups lower.",low
5,gary-wood,Gary Wood,NYG,1966,QB,71,73,Starting-QB-critical (team): rated on a position prior only — the QB room had no recorded starts/stats to tell the starter from his backups.,"Confirm the season's starter (add games_started) or a manual override if a known starter/legend; rate the starter, leave backups lower.",low
5,tom-kennedy,Tom Kennedy,NYG,1966,QB,71,73,Starting-QB-critical (team): rated on a position prior only — the QB room had no recorded starts/stats to tell the starter from his backups.,"Confirm the season's starter (add games_started) or a manual override if a known starter/legend; rate the starter, leave backups lower.",low
5,joe-namath,Joe Namath,NYJ,1966,QB,71,73,Starting-QB-critical (team): rated on a position prior only — the QB room had no recorded starts/stats to tell the starter from his backups.,"Confirm the season's starter (add games_started) or a manual override if a known starter/legend; rate the starter, leave backups lower.",low
5,mike-taliaferro,Mike Taliaferro,NYJ,1966,QB,71,73,Starting-QB-critical (team): rated on a position prior only — the QB room had no recorded starts/stats to tell the starter from his backups.,"Confirm the season's starter (add games_started) or a manual override if a known starter/legend; rate the starter, leave backups lower.",low
5,jack-concannon,Jack Concannon,PHI,1966,QB,71,73,Starting-QB-critical (team): rated on a position prior only — the QB room had no recorded starts/stats to tell the starter from his backups.,"Confirm the season's starter (add games_started) or a manual override if a known starter/legend; rate the starter, leave backups lower.",low
5,king-hill,King Hill,PHI,1966,QB,71,73,Starting-QB-critical (team): rated on a position prior only — the QB room had no recorded starts/stats to tell the starter from his backups.,"Confirm the season's starter (add games_started) or a manual override if a known starter/legend; rate the starter, leave backups lower.",low
5,norm-snead,Norm Snead,PHI,1966,QB,72,73,Starting-QB-critical (team): rated on a position prior only — the QB room had no recorded starts/stats to tell the starter from his backups.,"Confirm the season's starter (add games_started) or a manual override if a known starter/legend; rate the starter, leave backups lower.",low
5,bill-nelsen,Bill Nelsen,PIT,1966,QB,72,73,Starting-QB-critical (team): rated on a position prior only — the QB room had no recorded starts/stats to tell the starter from his backups.,"Confirm the season's starter (add games_started) or a manual override if a known starter/legend; rate the starter, leave backups lower.",low
5,george-izo,George Izo,PIT,1966,QB,72,73,Starting-QB-critical (team): rated on a position prior only — the QB room had no recorded starts/stats to tell the starter from his backups.,"Confirm the season's starter (add games_started) or a manual override if a known starter/legend; rate the starter, leave backups lower.",low
5,ron-meyer,Ron Meyer,PIT,1966,QB,72,73,Starting-QB-critical (team): rated on a position prior only — the QB room had no recorded starts/stats to tell the starter from his backups.,"Confirm the season's starter (add games_started) or a manual override if a known starter/legend; rate the starter, leave backups lower.",low
5,ron-smith,Ron Smith,PIT,1966,QB,72,73,Starting-QB-critical (team): rated on a position prior only — the QB room had no recorded starts/stats to tell the starter from his backups.,"Confirm the season's starter (add games_started) or a manual override if a known starter/legend; rate the starter, leave backups lower.",low
5,billy-kilmer,Billy Kilmer,SF,1966,QB,72,73,Starting-QB-critical (team): rated on a position prior only — the QB room had no recorded starts/stats to tell the starter from his backups.,"Confirm the season's starter (add games_started) or a manual override if a known starter/legend; rate the starter, leave backups lower.",low
5,george-mira,George Mira,SF,1966,QB,72,73,Starting-QB-critical (team): rated on a position prior only — the QB room had no recorded starts/stats to tell the starter from his backups.,"Confirm the season's starter (add games_started) or a manual override if a known starter/legend; rate the starter, leave backups lower.",low
5,john-brodie,John Brodie,SF,1966,QB,72,73,Starting-QB-critical (team): rated on a position prior only — the QB room had no recorded starts/stats to tell the starter from his backups.,"Confirm the season's starter (add games_started) or a manual override if a known starter/legend; rate the starter, leave backups lower.",low
5,bill-munson,Bill Munson,STL,1966,QB,72,73,Starting-QB-critical (team): rated on a position prior only — the QB room had no recorded starts/stats to tell the starter from his backups.,"Confirm the season's starter (add games_started) or a manual override if a known starter/legend; rate the starter, leave backups lower.",low
5,roman-gabriel,Roman Gabriel,STL,1966,QB,72,73,Starting-QB-critical (team): rated on a position prior only — the QB room had no recorded starts/stats to tell the starter from his backups.,"Confirm the season's starter (add games_started) or a manual override if a known starter/legend; rate the starter, leave backups lower.",low
5,buddy-humphrey,Buddy Humphrey,TEN,1966,QB,72,73,Starting-QB-critical (team): rated on a position prior only — the QB room had no recorded starts/stats to tell the starter from his backups.,"Confirm the season's starter (add games_started) or a manual override if a known starter/legend; rate the starter, leave backups lower.",low
5,don-trull,Don Trull,TEN,1966,QB,72,73,Starting-QB-critical (team): rated on a position prior only — the QB room had no recorded starts/stats to tell the starter from his backups.,"Confirm the season's starter (add games_started) or a manual override if a known starter/legend; rate the starter, leave backups lower.",low
5,george-blanda,George Blanda,TEN,1966,QB,72,73,Starting-QB-critical (team): rated on a position prior only — the QB room had no recorded starts/stats to tell the starter from his backups.,"Confirm the season's starter (add games_started) or a manual override if a known starter/legend; rate the starter, leave backups lower.",low
5,jacky-lee,Jacky Lee,TEN,1966,QB,72,73,Starting-QB-critical (team): rated on a position prior only — the QB room had no recorded starts/stats to tell the starter from his backups.,"Confirm the season's starter (add games_started) or a manual override if a known starter/legend; rate the starter, leave backups lower.",low
5,dick-shiner,Dick Shiner,WAS,1966,QB,72,73,Starting-QB-critical (team): rated on a position prior only — the QB room had no recorded starts/stats to tell the starter from his backups.,"Confirm the season's starter (add games_started) or a manual override if a known starter/legend; rate the starter, leave backups lower.",low
5,sonny-jurgensen,Sonny Jurgensen,WAS,1966,QB,72,73,Starting-QB-critical (team): rated on a position prior only — the QB room had no recorded starts/stats to tell the starter from his backups.,"Confirm the season's starter (add games_started) or a manual override if a known starter/legend; rate the starter, leave backups lower.",low
5,buddy-humphrey,Buddy Humphrey,ARI,1965,QB,69,73,Starting-QB-critical (team): rated on a position prior only — the QB room had no recorded starts/stats to tell the starter from his backups.,"Confirm the season's starter (add games_started) or a manual override if a known starter/legend; rate the starter, leave backups lower.",low
5,charley-johnson,Charley Johnson,ARI,1965,QB,69,73,Starting-QB-critical (team): rated on a position prior only — the QB room had no recorded starts/stats to tell the starter from his backups.,"Confirm the season's starter (add games_started) or a manual override if a known starter/legend; rate the starter, leave backups lower.",low
5,terry-nofsinger,Terry Nofsinger,ARI,1965,QB,69,73,Starting-QB-critical (team): rated on a position prior only — the QB room had no recorded starts/stats to tell the starter from his backups.,"Confirm the season's starter (add games_started) or a manual override if a known starter/legend; rate the starter, leave backups lower.",low
5,daryle-lamonica,Daryle Lamonica,BUF,1965,QB,69,73,Starting-QB-critical (team): rated on a position prior only — the QB room had no recorded starts/stats to tell the starter from his backups.,"Confirm the season's starter (add games_started) or a manual override if a known starter/legend; rate the starter, leave backups lower.",low
5,jack-kemp,Jack Kemp,BUF,1965,QB,69,73,Starting-QB-critical (team): rated on a position prior only — the QB room had no recorded starts/stats to tell the starter from his backups.,"Confirm the season's starter (add games_started) or a manual override if a known starter/legend; rate the starter, leave backups lower.",low
5,billy-wade,Billy Wade,CHI,1965,QB,69,73,Starting-QB-critical (team): rated on a position prior only — the QB room had no recorded starts/stats to tell the starter from his backups.,"Confirm the season's starter (add games_started) or a manual override if a known starter/legend; rate the starter, leave backups lower.",low
5,rudy-bukich,Rudy Bukich,CHI,1965,QB,69,73,Starting-QB-critical (team): rated on a position prior only — the QB room had no recorded starts/stats to tell the starter from his backups.,"Confirm the season's starter (add games_started) or a manual override if a known starter/legend; rate the starter, leave backups lower.",low
5,frank-ryan,Frank Ryan,CLE,1965,QB,69,73,Starting-QB-critical (team): rated on a position prior only — the QB room had no recorded starts/stats to tell the starter from his backups.,"Confirm the season's starter (add games_started) or a manual override if a known starter/legend; rate the starter, leave backups lower.",low
5,jim-ninowski,Jim Ninowski,CLE,1965,QB,69,73,Starting-QB-critical (team): rated on a position prior only — the QB room had no recorded starts/stats to tell the starter from his backups.,"Confirm the season's starter (add games_started) or a manual override if a known starter/legend; rate the starter, leave backups lower.",low
5,craig-morton,Craig Morton,DAL,1965,QB,69,73,Starting-QB-critical (team): rated on a position prior only — the QB room had no recorded starts/stats to tell the starter from his backups.,"Confirm the season's starter (add games_started) or a manual override if a known starter/legend; rate the starter, leave backups lower.",low
5,don-meredith,Don Meredith,DAL,1965,QB,69,73,Starting-QB-critical (team): rated on a position prior only — the QB room had no recorded starts/stats to tell the starter from his backups.,"Confirm the season's starter (add games_started) or a manual override if a known starter/legend; rate the starter, leave backups lower.",low
5,jerry-rhome,Jerry Rhome,DAL,1965,QB,69,73,Starting-QB-critical (team): rated on a position prior only — the QB room had no recorded starts/stats to tell the starter from his backups.,"Confirm the season's starter (add games_started) or a manual override if a known starter/legend; rate the starter, leave backups lower.",low
5,jacky-lee,Jacky Lee,DEN,1965,QB,69,73,Starting-QB-critical (team): rated on a position prior only — the QB room had no recorded starts/stats to tell the starter from his backups.,"Confirm the season's starter (add games_started) or a manual override if a known starter/legend; rate the starter, leave backups lower.",low
5,john-mccormick,John McCormick,DEN,1965,QB,69,73,Starting-QB-critical (team): rated on a position prior only — the QB room had no recorded starts/stats to tell the starter from his backups.,"Confirm the season's starter (add games_started) or a manual override if a known starter/legend; rate the starter, leave backups lower.",low
5,mickey-slaughter,Mickey Slaughter,DEN,1965,QB,69,73,Starting-QB-critical (team): rated on a position prior only — the QB room had no recorded starts/stats to tell the starter from his backups.,"Confirm the season's starter (add games_started) or a manual override if a known starter/legend; rate the starter, leave backups lower.",low
5,george-izo,George Izo,DET,1965,QB,70,73,Starting-QB-critical (team): rated on a position prior only — the QB room had no recorded starts/stats to tell the starter from his backups.,"Confirm the season's starter (add games_started) or a manual override if a known starter/legend; rate the starter, leave backups lower.",low
5,milt-plum,Milt Plum,DET,1965,QB,70,73,Starting-QB-critical (team): rated on a position prior only — the QB room had no recorded starts/stats to tell the starter from his backups.,"Confirm the season's starter (add games_started) or a manual override if a known starter/legend; rate the starter, leave backups lower.",low
5,tom-myers,Tom Myers,DET,1965,QB,70,73,Starting-QB-critical (team): rated on a position prior only — the QB room had no recorded starts/stats to tell the starter from his backups.,"Confirm the season's starter (add games_started) or a manual override if a known starter/legend; rate the starter, leave backups lower.",low
5,bart-starr,Bart Starr,GB,1965,QB,70,73,Starting-QB-critical (team): rated on a position prior only — the QB room had no recorded starts/stats to tell the starter from his backups.,"Confirm the season's starter (add games_started) or a manual override if a known starter/legend; rate the starter, leave backups lower.",low
5,dennis-claridge,Dennis Claridge,GB,1965,QB,70,73,Starting-QB-critical (team): rated on a position prior only — the QB room had no recorded starts/stats to tell the starter from his backups.,"Confirm the season's starter (add games_started) or a manual override if a known starter/legend; rate the starter, leave backups lower.",low
5,zeke-bratkowski,Zeke Bratkowski,GB,1965,QB,70,73,Starting-QB-critical (team): rated on a position prior only — the QB room had no recorded starts/stats to tell the starter from his backups.,"Confirm the season's starter (add games_started) or a manual override if a known starter/legend; rate the starter, leave backups lower.",low
5,ed-brown,Ed Brown,IND,1965,QB,70,73,Starting-QB-critical (team): rated on a position prior only — the QB room had no recorded starts/stats to tell the starter from his backups.,"Confirm the season's starter (add games_started) or a manual override if a known starter/legend; rate the starter, leave backups lower.",low
5,gary-cuozzo,Gary Cuozzo,IND,1965,QB,70,73,Starting-QB-critical (team): rated on a position prior only — the QB room had no recorded starts/stats to tell the starter from his backups.,"Confirm the season's starter (add games_started) or a manual override if a known starter/legend; rate the starter, leave backups lower.",low
5,johnny-unitas,Johnny Unitas,IND,1965,QB,70,73,Starting-QB-critical (team): rated on a position prior only — the QB room had no recorded starts/stats to tell the starter from his backups.,"Confirm the season's starter (add games_started) or a manual override if a known starter/legend; rate the starter, leave backups lower.",low
5,len-dawson,Len Dawson,KC,1965,QB,70,73,Starting-QB-critical (team): rated on a position prior only — the QB room had no recorded starts/stats to tell the starter from his backups.,"Confirm the season's starter (add games_started) or a manual override if a known starter/legend; rate the starter, leave backups lower.",low
5,pete-beathard,Pete Beathard,KC,1965,QB,70,73,Starting-QB-critical (team): rated on a position prior only — the QB room had no recorded starts/stats to tell the starter from his backups.,"Confirm the season's starter (add games_started) or a manual override if a known starter/legend; rate the starter, leave backups lower.",low
5,don-breaux,Don Breaux,LAC,1965,QB,70,73,Starting-QB-critical (team): rated on a position prior only — the QB room had no recorded starts/stats to tell the starter from his backups.,"Confirm the season's starter (add games_started) or a manual override if a known starter/legend; rate the starter, leave backups lower.",low
5,john-hadl,John Hadl,LAC,1965,QB,70,73,Starting-QB-critical (team): rated on a position prior only — the QB room had no recorded starts/stats to tell the starter from his backups.,"Confirm the season's starter (add games_started) or a manual override if a known starter/legend; rate the starter, leave backups lower.",low
5,steve-tensi,Steve Tensi,LAC,1965,QB,70,73,Starting-QB-critical (team): rated on a position prior only — the QB room had no recorded starts/stats to tell the starter from his backups.,"Confirm the season's starter (add games_started) or a manual override if a known starter/legend; rate the starter, leave backups lower.",low
5,cotton-davidson,Cotton Davidson,LV,1965,QB,70,73,Starting-QB-critical (team): rated on a position prior only — the QB room had no recorded starts/stats to tell the starter from his backups.,"Confirm the season's starter (add games_started) or a manual override if a known starter/legend; rate the starter, leave backups lower.",low
5,dick-wood,Dick Wood,LV,1965,QB,70,73,Starting-QB-critical (team): rated on a position prior only — the QB room had no recorded starts/stats to tell the starter from his backups.,"Confirm the season's starter (add games_started) or a manual override if a known starter/legend; rate the starter, leave backups lower.",low
5,tom-flores,Tom Flores,LV,1965,QB,71,73,Starting-QB-critical (team): rated on a position prior only — the QB room had no recorded starts/stats to tell the starter from his backups.,"Confirm the season's starter (add games_started) or a manual override if a known starter/legend; rate the starter, leave backups lower.",low
5,bob-berry,Bob Berry,MIN,1965,QB,71,73,Starting-QB-critical (team): rated on a position prior only — the QB room had no recorded starts/stats to tell the starter from his backups.,"Confirm the season's starter (add games_started) or a manual override if a known starter/legend; rate the starter, leave backups lower.",low
5,fran-tarkenton,Fran Tarkenton,MIN,1965,QB,71,73,Starting-QB-critical (team): rated on a position prior only — the QB room had no recorded starts/stats to tell the starter from his backups.,"Confirm the season's starter (add games_started) or a manual override if a known starter/legend; rate the starter, leave backups lower.",low
5,ron-vander-kelen,Ron Vander Kelen,MIN,1965,QB,71,73,Starting-QB-critical (team): rated on a position prior only — the QB room had no recorded starts/stats to tell the starter from his backups.,"Confirm the season's starter (add games_started) or a manual override if a known starter/legend; rate the starter, leave backups lower.",low
5,babe-parilli,Babe Parilli,NE,1965,QB,71,73,Starting-QB-critical (team): rated on a position prior only — the QB room had no recorded starts/stats to tell the starter from his backups.,"Confirm the season's starter (add games_started) or a manual override if a known starter/legend; rate the starter, leave backups lower.",low
5,eddie-wilson,Eddie Wilson,NE,1965,QB,71,73,Starting-QB-critical (team): rated on a position prior only — the QB room had no recorded starts/stats to tell the starter from his backups.,"Confirm the season's starter (add games_started) or a manual override if a known starter/legend; rate the starter, leave backups lower.",low
5,tom-yewcic,Tom Yewcic,NE,1965,QB,71,73,Starting-QB-critical (team): rated on a position prior only — the QB room had no recorded starts/stats to tell the starter from his backups.,"Confirm the season's starter (add games_started) or a manual override if a known starter/legend; rate the starter, leave backups lower.",low
5,earl-morrall,Earl Morrall,NYG,1965,QB,71,73,Starting-QB-critical (team): rated on a position prior only — the QB room had no recorded starts/stats to tell the starter from his backups.,"Confirm the season's starter (add games_started) or a manual override if a known starter/legend; rate the starter, leave backups lower.",low
5,gary-wood,Gary Wood,NYG,1965,QB,71,73,Starting-QB-critical (team): rated on a position prior only — the QB room had no recorded starts/stats to tell the starter from his backups.,"Confirm the season's starter (add games_started) or a manual override if a known starter/legend; rate the starter, leave backups lower.",low
5,bob-schweickert,Bob Schweickert,NYJ,1965,QB,71,73,Starting-QB-critical (team): rated on a position prior only — the QB room had no recorded starts/stats to tell the starter from his backups.,"Confirm the season's starter (add games_started) or a manual override if a known starter/legend; rate the starter, leave backups lower.",low
5,joe-namath,Joe Namath,NYJ,1965,QB,71,73,Starting-QB-critical (team): rated on a position prior only — the QB room had no recorded starts/stats to tell the starter from his backups.,"Confirm the season's starter (add games_started) or a manual override if a known starter/legend; rate the starter, leave backups lower.",low
5,mike-taliaferro,Mike Taliaferro,NYJ,1965,QB,71,73,Starting-QB-critical (team): rated on a position prior only — the QB room had no recorded starts/stats to tell the starter from his backups.,"Confirm the season's starter (add games_started) or a manual override if a known starter/legend; rate the starter, leave backups lower.",low
5,jack-concannon,Jack Concannon,PHI,1965,QB,71,73,Starting-QB-critical (team): rated on a position prior only — the QB room had no recorded starts/stats to tell the starter from his backups.,"Confirm the season's starter (add games_started) or a manual override if a known starter/legend; rate the starter, leave backups lower.",low
5,king-hill,King Hill,PHI,1965,QB,71,73,Starting-QB-critical (team): rated on a position prior only — the QB room had no recorded starts/stats to tell the starter from his backups.,"Confirm the season's starter (add games_started) or a manual override if a known starter/legend; rate the starter, leave backups lower.",low
5,norm-snead,Norm Snead,PHI,1965,QB,71,73,Starting-QB-critical (team): rated on a position prior only — the QB room had no recorded starts/stats to tell the starter from his backups.,"Confirm the season's starter (add games_started) or a manual override if a known starter/legend; rate the starter, leave backups lower.",low
5,bill-nelsen,Bill Nelsen,PIT,1965,QB,72,73,Starting-QB-critical (team): rated on a position prior only — the QB room had no recorded starts/stats to tell the starter from his backups.,"Confirm the season's starter (add games_started) or a manual override if a known starter/legend; rate the starter, leave backups lower.",low
5,tommy-wade,Tommy Wade,PIT,1965,QB,72,73,Starting-QB-critical (team): rated on a position prior only — the QB room had no recorded starts/stats to tell the starter from his backups.,"Confirm the season's starter (add games_started) or a manual override if a known starter/legend; rate the starter, leave backups lower.",low
5,george-mira,George Mira,SF,1965,QB,72,73,Starting-QB-critical (team): rated on a position prior only — the QB room had no recorded starts/stats to tell the starter from his backups.,"Confirm the season's starter (add games_started) or a manual override if a known starter/legend; rate the starter, leave backups lower.",low
5,john-brodie,John Brodie,SF,1965,QB,72,73,Starting-QB-critical (team): rated on a position prior only — the QB room had no recorded starts/stats to tell the starter from his backups.,"Confirm the season's starter (add games_started) or a manual override if a known starter/legend; rate the starter, leave backups lower.",low
5,bill-munson,Bill Munson,STL,1965,QB,72,73,Starting-QB-critical (team): rated on a position prior only — the QB room had no recorded starts/stats to tell the starter from his backups.,"Confirm the season's starter (add games_started) or a manual override if a known starter/legend; rate the starter, leave backups lower.",low
5,billy-lothridge,Billy Lothridge,STL,1965,QB,72,73,Starting-QB-critical (team): rated on a position prior only — the QB room had no recorded starts/stats to tell the starter from his backups.,"Confirm the season's starter (add games_started) or a manual override if a known starter/legend; rate the starter, leave backups lower.",low
5,roman-gabriel,Roman Gabriel,STL,1965,QB,72,73,Starting-QB-critical (team): rated on a position prior only — the QB room had no recorded starts/stats to tell the starter from his backups.,"Confirm the season's starter (add games_started) or a manual override if a known starter/legend; rate the starter, leave backups lower.",low
5,ron-smith,Ron Smith,STL,1965,QB,72,73,Starting-QB-critical (team): rated on a position prior only — the QB room had no recorded starts/stats to tell the starter from his backups.,"Confirm the season's starter (add games_started) or a manual override if a known starter/legend; rate the starter, leave backups lower.",low
5,terry-baker,Terry Baker,STL,1965,QB,72,73,Starting-QB-critical (team): rated on a position prior only — the QB room had no recorded starts/stats to tell the starter from his backups.,"Confirm the season's starter (add games_started) or a manual override if a known starter/legend; rate the starter, leave backups lower.",low
5,don-trull,Don Trull,TEN,1965,QB,72,73,Starting-QB-critical (team): rated on a position prior only — the QB room had no recorded starts/stats to tell the starter from his backups.,"Confirm the season's starter (add games_started) or a manual override if a known starter/legend; rate the starter, leave backups lower.",low
5,george-blanda,George Blanda,TEN,1965,QB,72,73,Starting-QB-critical (team): rated on a position prior only — the QB room had no recorded starts/stats to tell the starter from his backups.,"Confirm the season's starter (add games_started) or a manual override if a known starter/legend; rate the starter, leave backups lower.",low
5,dick-shiner,Dick Shiner,WAS,1965,QB,72,73,Starting-QB-critical (team): rated on a position prior only — the QB room had no recorded starts/stats to tell the starter from his backups.,"Confirm the season's starter (add games_started) or a manual override if a known starter/legend; rate the starter, leave backups lower.",low
5,sonny-jurgensen,Sonny Jurgensen,WAS,1965,QB,72,73,Starting-QB-critical (team): rated on a position prior only — the QB room had no recorded starts/stats to tell the starter from his backups.,"Confirm the season's starter (add games_started) or a manual override if a known starter/legend; rate the starter, leave backups lower.",low
