team_code,team_name,season,number_of_players,average_overall,median_overall,min_overall,max_overall,percent_same_rating,percent_70_overall,likely_problem,recommended_action
NYJ,New York Jets,1966,49,70,70,70,70,100,100,generic_70_cluster|same_overall_cluster|no_clear_starters|no_stars|compressed_spread|no_recorded_starts,Full bio-only import (no starts/stats). Infer role from status+depth+exp; mark low_confidence/needs_review.
SF,San Francisco 49ers,1966,42,71,71,71,71,100,100,generic_70_cluster|same_overall_cluster|no_clear_starters|no_stars|compressed_spread|no_recorded_starts,Full bio-only import (no starts/stats). Infer role from status+depth+exp; mark low_confidence/needs_review.
STL,St. Louis Rams,1966,44,71,71,71,71,100,100,generic_70_cluster|same_overall_cluster|no_clear_starters|no_stars|compressed_spread|no_recorded_starts,Full bio-only import (no starts/stats). Infer role from status+depth+exp; mark low_confidence/needs_review.
MIN,Minnesota Vikings,1967,47,69,69,69,69,100,100,generic_70_cluster|same_overall_cluster|no_clear_starters|no_stars|compressed_spread|no_recorded_starts,Full bio-only import (no starts/stats). Infer role from status+depth+exp; mark low_confidence/needs_review.
NYG,New York Giants,1967,47,70,70,70,70,100,100,generic_70_cluster|same_overall_cluster|no_clear_starters|no_stars|compressed_spread|no_recorded_starts,Full bio-only import (no starts/stats). Infer role from status+depth+exp; mark low_confidence/needs_review.
NYJ,New York Jets,1967,47,70,70,70,70,100,100,generic_70_cluster|same_overall_cluster|no_clear_starters|no_stars|compressed_spread|no_recorded_starts,Full bio-only import (no starts/stats). Infer role from status+depth+exp; mark low_confidence/needs_review.
SF,San Francisco 49ers,1967,47,71,71,71,71,100,100,generic_70_cluster|same_overall_cluster|no_clear_starters|no_stars|compressed_spread|no_recorded_starts,Full bio-only import (no starts/stats). Infer role from status+depth+exp; mark low_confidence/needs_review.
SF,San Francisco 49ers,1968,43,71,71,71,71,100,100,generic_70_cluster|same_overall_cluster|no_clear_starters|no_stars|compressed_spread|no_recorded_starts,Full bio-only import (no starts/stats). Infer role from status+depth+exp; mark low_confidence/needs_review.
MIA,Miami Dolphins,1969,50,69,69,69,69,100,100,generic_70_cluster|same_overall_cluster|no_clear_starters|no_stars|compressed_spread|no_recorded_starts,Full bio-only import (no starts/stats). Infer role from status+depth+exp; mark low_confidence/needs_review.
MIN,Minnesota Vikings,1969,43,69,69,69,69,100,100,generic_70_cluster|same_overall_cluster|no_clear_starters|no_stars|compressed_spread|no_recorded_starts,Full bio-only import (no starts/stats). Infer role from status+depth+exp; mark low_confidence/needs_review.
NYG,New York Giants,1969,52,70,70,70,70,100,100,generic_70_cluster|same_overall_cluster|no_clear_starters|no_stars|compressed_spread|no_recorded_starts,Full bio-only import (no starts/stats). Infer role from status+depth+exp; mark low_confidence/needs_review.
NYJ,New York Jets,1969,47,70,70,70,70,100,100,generic_70_cluster|same_overall_cluster|no_clear_starters|no_stars|compressed_spread|no_recorded_starts,Full bio-only import (no starts/stats). Infer role from status+depth+exp; mark low_confidence/needs_review.
PIT,Pittsburgh Steelers,1969,45,71,71,71,71,100,100,generic_70_cluster|same_overall_cluster|no_clear_starters|no_stars|compressed_spread|no_recorded_starts,Full bio-only import (no starts/stats). Infer role from status+depth+exp; mark low_confidence/needs_review.
STL,St. Louis Rams,1969,47,71,71,71,71,100,100,generic_70_cluster|same_overall_cluster|no_clear_starters|no_stars|compressed_spread|no_recorded_starts,Full bio-only import (no starts/stats). Infer role from status+depth+exp; mark low_confidence/needs_review.
MIN,Minnesota Vikings,1970,44,69,69,69,69,100,100,generic_70_cluster|same_overall_cluster|no_clear_starters|no_stars|compressed_spread|no_recorded_starts,Full bio-only import (no starts/stats). Infer role from status+depth+exp; mark low_confidence/needs_review.
NYG,New York Giants,1970,45,70,70,70,70,100,100,generic_70_cluster|same_overall_cluster|no_clear_starters|no_stars|compressed_spread|no_recorded_starts,Full bio-only import (no starts/stats). Infer role from status+depth+exp; mark low_confidence/needs_review.
SF,San Francisco 49ers,1970,43,71,71,71,71,100,100,generic_70_cluster|same_overall_cluster|no_clear_starters|no_stars|compressed_spread|no_recorded_starts,Full bio-only import (no starts/stats). Infer role from status+depth+exp; mark low_confidence/needs_review.
MIA,Miami Dolphins,1971,44,69,69,69,69,100,100,generic_70_cluster|same_overall_cluster|no_clear_starters|no_stars|compressed_spread|no_recorded_starts,Full bio-only import (no starts/stats). Infer role from status+depth+exp; mark low_confidence/needs_review.
MIN,Minnesota Vikings,1971,46,69,69,69,69,100,100,generic_70_cluster|same_overall_cluster|no_clear_starters|no_stars|compressed_spread|no_recorded_starts,Full bio-only import (no starts/stats). Infer role from status+depth+exp; mark low_confidence/needs_review.
NYG,New York Giants,1971,48,70,70,70,70,100,100,generic_70_cluster|same_overall_cluster|no_clear_starters|no_stars|compressed_spread|no_recorded_starts,Full bio-only import (no starts/stats). Infer role from status+depth+exp; mark low_confidence/needs_review.
NYJ,New York Jets,1971,48,70,70,70,70,100,100,generic_70_cluster|same_overall_cluster|no_clear_starters|no_stars|compressed_spread|no_recorded_starts,Full bio-only import (no starts/stats). Infer role from status+depth+exp; mark low_confidence/needs_review.
PIT,Pittsburgh Steelers,1971,47,71,71,71,71,100,100,generic_70_cluster|same_overall_cluster|no_clear_starters|no_stars|compressed_spread|no_recorded_starts,Full bio-only import (no starts/stats). Infer role from status+depth+exp; mark low_confidence/needs_review.
SF,San Francisco 49ers,1971,42,71,71,71,71,100,100,generic_70_cluster|same_overall_cluster|no_clear_starters|no_stars|compressed_spread|no_recorded_starts,Full bio-only import (no starts/stats). Infer role from status+depth+exp; mark low_confidence/needs_review.
NYJ,New York Jets,1972,46,70,70,70,70,100,100,generic_70_cluster|same_overall_cluster|no_clear_starters|no_stars|compressed_spread|no_recorded_starts,Full bio-only import (no starts/stats). Infer role from status+depth+exp; mark low_confidence/needs_review.
SF,San Francisco 49ers,1972,44,71,71,71,71,100,100,generic_70_cluster|same_overall_cluster|no_clear_starters|no_stars|compressed_spread|no_recorded_starts,Full bio-only import (no starts/stats). Infer role from status+depth+exp; mark low_confidence/needs_review.
MIA,Miami Dolphins,1973,47,69,69,69,69,100,100,generic_70_cluster|same_overall_cluster|no_clear_starters|no_stars|compressed_spread|no_recorded_starts,Full bio-only import (no starts/stats). Infer role from status+depth+exp; mark low_confidence/needs_review.
NYJ,New York Jets,1973,49,70,70,70,70,100,100,generic_70_cluster|same_overall_cluster|no_clear_starters|no_stars|compressed_spread|no_recorded_starts,Full bio-only import (no starts/stats). Infer role from status+depth+exp; mark low_confidence/needs_review.
SF,San Francisco 49ers,1973,46,71,71,71,71,100,100,generic_70_cluster|same_overall_cluster|no_clear_starters|no_stars|compressed_spread|no_recorded_starts,Full bio-only import (no starts/stats). Infer role from status+depth+exp; mark low_confidence/needs_review.
STL,St. Louis Rams,1973,43,71,71,71,71,100,100,generic_70_cluster|same_overall_cluster|no_clear_starters|no_stars|compressed_spread|no_recorded_starts,Full bio-only import (no starts/stats). Infer role from status+depth+exp; mark low_confidence/needs_review.
MIA,Miami Dolphins,1974,49,69,69,69,69,100,100,generic_70_cluster|same_overall_cluster|no_clear_starters|no_stars|compressed_spread|no_recorded_starts,Full bio-only import (no starts/stats). Infer role from status+depth+exp; mark low_confidence/needs_review.
MIN,Minnesota Vikings,1974,49,69,69,69,69,100,100,generic_70_cluster|same_overall_cluster|no_clear_starters|no_stars|compressed_spread|no_recorded_starts,Full bio-only import (no starts/stats). Infer role from status+depth+exp; mark low_confidence/needs_review.
NYG,New York Giants,1974,51,70,70,70,70,100,100,generic_70_cluster|same_overall_cluster|no_clear_starters|no_stars|compressed_spread|no_recorded_starts,Full bio-only import (no starts/stats). Infer role from status+depth+exp; mark low_confidence/needs_review.
SF,San Francisco 49ers,1974,52,71,71,71,71,100,100,generic_70_cluster|same_overall_cluster|no_clear_starters|no_stars|compressed_spread|no_recorded_starts,Full bio-only import (no starts/stats). Infer role from status+depth+exp; mark low_confidence/needs_review.
STL,St. Louis Rams,1974,48,71,71,71,71,100,100,generic_70_cluster|same_overall_cluster|no_clear_starters|no_stars|compressed_spread|no_recorded_starts,Full bio-only import (no starts/stats). Infer role from status+depth+exp; mark low_confidence/needs_review.
NYJ,New York Jets,1975,48,70,70,70,70,100,100,generic_70_cluster|same_overall_cluster|no_clear_starters|no_stars|compressed_spread|no_recorded_starts,Full bio-only import (no starts/stats). Infer role from status+depth+exp; mark low_confidence/needs_review.
PIT,Pittsburgh Steelers,1975,43,71,71,71,71,100,100,generic_70_cluster|same_overall_cluster|no_clear_starters|no_stars|compressed_spread|no_recorded_starts,Full bio-only import (no starts/stats). Infer role from status+depth+exp; mark low_confidence/needs_review.
SF,San Francisco 49ers,1975,46,71,71,71,71,100,100,generic_70_cluster|same_overall_cluster|no_clear_starters|no_stars|compressed_spread|no_recorded_starts,Full bio-only import (no starts/stats). Infer role from status+depth+exp; mark low_confidence/needs_review.
PHI,Philadelphia Eagles,1976,45,70,70,70,70,100,100,generic_70_cluster|same_overall_cluster|no_clear_starters|no_stars|compressed_spread|no_recorded_starts,Full bio-only import (no starts/stats). Infer role from status+depth+exp; mark low_confidence/needs_review.
STL,St. Louis Rams,1976,45,71,71,71,71,100,100,generic_70_cluster|same_overall_cluster|no_clear_starters|no_stars|compressed_spread|no_recorded_starts,Full bio-only import (no starts/stats). Infer role from status+depth+exp; mark low_confidence/needs_review.
TB,Tampa Bay Buccaneers,1976,64,71,71,71,71,100,100,generic_70_cluster|same_overall_cluster|no_clear_starters|no_stars|compressed_spread|no_recorded_starts,Full bio-only import (no starts/stats). Infer role from status+depth+exp; mark low_confidence/needs_review.
NE,New England Patriots,1977,47,69,69,69,69,100,100,generic_70_cluster|same_overall_cluster|no_clear_starters|no_stars|compressed_spread|no_recorded_starts,Full bio-only import (no starts/stats). Infer role from status+depth+exp; mark low_confidence/needs_review.
PHI,Philadelphia Eagles,1977,49,70,70,70,70,100,100,generic_70_cluster|same_overall_cluster|no_clear_starters|no_stars|compressed_spread|no_recorded_starts,Full bio-only import (no starts/stats). Infer role from status+depth+exp; mark low_confidence/needs_review.
STL,St. Louis Rams,1977,48,71,71,71,71,100,100,generic_70_cluster|same_overall_cluster|no_clear_starters|no_stars|compressed_spread|no_recorded_starts,Full bio-only import (no starts/stats). Infer role from status+depth+exp; mark low_confidence/needs_review.
NE,New England Patriots,1978,54,69,69,69,69,100,100,generic_70_cluster|same_overall_cluster|no_clear_starters|no_stars|compressed_spread|no_recorded_starts,Full bio-only import (no starts/stats). Infer role from status+depth+exp; mark low_confidence/needs_review.
NYJ,New York Jets,1978,52,70,70,70,70,100,100,generic_70_cluster|same_overall_cluster|no_clear_starters|no_stars|compressed_spread|no_recorded_starts,Full bio-only import (no starts/stats). Infer role from status+depth+exp; mark low_confidence/needs_review.
PHI,Philadelphia Eagles,1978,53,70,70,70,70,100,100,generic_70_cluster|same_overall_cluster|no_clear_starters|no_stars|compressed_spread|no_recorded_starts,Full bio-only import (no starts/stats). Infer role from status+depth+exp; mark low_confidence/needs_review.
STL,St. Louis Rams,1978,50,71,71,71,71,100,100,generic_70_cluster|same_overall_cluster|no_clear_starters|no_stars|compressed_spread|no_recorded_starts,Full bio-only import (no starts/stats). Infer role from status+depth+exp; mark low_confidence/needs_review.
TB,Tampa Bay Buccaneers,1978,59,71,71,71,71,100,100,generic_70_cluster|same_overall_cluster|no_clear_starters|no_stars|compressed_spread|no_recorded_starts,Full bio-only import (no starts/stats). Infer role from status+depth+exp; mark low_confidence/needs_review.
MIN,Minnesota Vikings,1979,49,69,69,69,69,100,100,generic_70_cluster|same_overall_cluster|no_clear_starters|no_stars|compressed_spread|no_recorded_starts,Full bio-only import (no starts/stats). Infer role from status+depth+exp; mark low_confidence/needs_review.
NE,New England Patriots,1979,51,69,69,69,69,100,100,generic_70_cluster|same_overall_cluster|no_clear_starters|no_stars|compressed_spread|no_recorded_starts,Full bio-only import (no starts/stats). Infer role from status+depth+exp; mark low_confidence/needs_review.
NO,New Orleans Saints,1979,50,69,69,69,69,100,100,generic_70_cluster|same_overall_cluster|no_clear_starters|no_stars|compressed_spread|no_recorded_starts,Full bio-only import (no starts/stats). Infer role from status+depth+exp; mark low_confidence/needs_review.
NYJ,New York Jets,1979,51,70,70,70,70,100,100,generic_70_cluster|same_overall_cluster|no_clear_starters|no_stars|compressed_spread|no_recorded_starts,Full bio-only import (no starts/stats). Infer role from status+depth+exp; mark low_confidence/needs_review.
SF,San Francisco 49ers,1979,53,71,71,71,71,100,100,generic_70_cluster|same_overall_cluster|no_clear_starters|no_stars|compressed_spread|no_recorded_starts,Full bio-only import (no starts/stats). Infer role from status+depth+exp; mark low_confidence/needs_review.
STL,St. Louis Rams,1979,57,71,71,71,71,100,100,generic_70_cluster|same_overall_cluster|no_clear_starters|no_stars|compressed_spread|no_recorded_starts,Full bio-only import (no starts/stats). Infer role from status+depth+exp; mark low_confidence/needs_review.
NE,New England Patriots,1980,48,69,69,69,69,100,100,generic_70_cluster|same_overall_cluster|no_clear_starters|no_stars|compressed_spread|no_recorded_starts,Full bio-only import (no starts/stats). Infer role from status+depth+exp; mark low_confidence/needs_review.
NYJ,New York Jets,1980,50,70,70,70,70,100,100,generic_70_cluster|same_overall_cluster|no_clear_starters|no_stars|compressed_spread|no_recorded_starts,Full bio-only import (no starts/stats). Infer role from status+depth+exp; mark low_confidence/needs_review.
PHI,Philadelphia Eagles,1980,49,70,70,70,70,100,100,generic_70_cluster|same_overall_cluster|no_clear_starters|no_stars|compressed_spread|no_recorded_starts,Full bio-only import (no starts/stats). Infer role from status+depth+exp; mark low_confidence/needs_review.
STL,St. Louis Rams,1980,53,71,71,71,71,100,100,generic_70_cluster|same_overall_cluster|no_clear_starters|no_stars|compressed_spread|no_recorded_starts,Full bio-only import (no starts/stats). Infer role from status+depth+exp; mark low_confidence/needs_review.
TB,Tampa Bay Buccaneers,1980,50,71,71,71,71,100,100,generic_70_cluster|same_overall_cluster|no_clear_starters|no_stars|compressed_spread|no_recorded_starts,Full bio-only import (no starts/stats). Infer role from status+depth+exp; mark low_confidence/needs_review.
STL,St. Louis Rams,1981,54,71,71,71,71,100,100,generic_70_cluster|same_overall_cluster|no_clear_starters|no_stars|compressed_spread|no_recorded_starts,Full bio-only import (no starts/stats). Infer role from status+depth+exp; mark low_confidence/needs_review.
PHI,Philadelphia Eagles,1982,53,70,70,70,70,100,100,generic_70_cluster|same_overall_cluster|no_clear_starters|no_stars|compressed_spread|no_recorded_starts,Full bio-only import (no starts/stats). Infer role from status+depth+exp; mark low_confidence/needs_review.
SF,San Francisco 49ers,1982,55,71,71,71,71,100,100,generic_70_cluster|same_overall_cluster|no_clear_starters|no_stars|compressed_spread|no_recorded_starts,Full bio-only import (no starts/stats). Infer role from status+depth+exp; mark low_confidence/needs_review.
STL,St. Louis Rams,1982,54,71,71,71,71,100,100,generic_70_cluster|same_overall_cluster|no_clear_starters|no_stars|compressed_spread|no_recorded_starts,Full bio-only import (no starts/stats). Infer role from status+depth+exp; mark low_confidence/needs_review.
TB,Tampa Bay Buccaneers,1982,54,71,71,71,71,100,100,generic_70_cluster|same_overall_cluster|no_clear_starters|no_stars|compressed_spread|no_recorded_starts,Full bio-only import (no starts/stats). Infer role from status+depth+exp; mark low_confidence/needs_review.
MIN,Minnesota Vikings,1983,55,69,69,69,69,100,100,generic_70_cluster|same_overall_cluster|no_clear_starters|no_stars|compressed_spread|no_recorded_starts,Full bio-only import (no starts/stats). Infer role from status+depth+exp; mark low_confidence/needs_review.
NE,New England Patriots,1983,57,69,69,69,69,100,100,generic_70_cluster|same_overall_cluster|no_clear_starters|no_stars|compressed_spread|no_recorded_starts,Full bio-only import (no starts/stats). Infer role from status+depth+exp; mark low_confidence/needs_review.
NYJ,New York Jets,1983,54,70,70,70,70,100,100,generic_70_cluster|same_overall_cluster|no_clear_starters|no_stars|compressed_spread|no_recorded_starts,Full bio-only import (no starts/stats). Infer role from status+depth+exp; mark low_confidence/needs_review.
PHI,Philadelphia Eagles,1983,55,70,70,70,70,100,100,generic_70_cluster|same_overall_cluster|no_clear_starters|no_stars|compressed_spread|no_recorded_starts,Full bio-only import (no starts/stats). Infer role from status+depth+exp; mark low_confidence/needs_review.
STL,St. Louis Rams,1983,55,71,71,71,71,100,100,generic_70_cluster|same_overall_cluster|no_clear_starters|no_stars|compressed_spread|no_recorded_starts,Full bio-only import (no starts/stats). Infer role from status+depth+exp; mark low_confidence/needs_review.
TB,Tampa Bay Buccaneers,1983,60,71,71,71,71,100,100,generic_70_cluster|same_overall_cluster|no_clear_starters|no_stars|compressed_spread|no_recorded_starts,Full bio-only import (no starts/stats). Infer role from status+depth+exp; mark low_confidence/needs_review.
MIN,Minnesota Vikings,1984,60,69,69,69,69,100,100,generic_70_cluster|same_overall_cluster|no_clear_starters|no_stars|compressed_spread|no_recorded_starts,Full bio-only import (no starts/stats). Infer role from status+depth+exp; mark low_confidence/needs_review.
NYJ,New York Jets,1984,58,70,70,70,70,100,100,generic_70_cluster|same_overall_cluster|no_clear_starters|no_stars|compressed_spread|no_recorded_starts,Full bio-only import (no starts/stats). Infer role from status+depth+exp; mark low_confidence/needs_review.
PHI,Philadelphia Eagles,1984,54,70,70,70,70,100,100,generic_70_cluster|same_overall_cluster|no_clear_starters|no_stars|compressed_spread|no_recorded_starts,Full bio-only import (no starts/stats). Infer role from status+depth+exp; mark low_confidence/needs_review.
STL,St. Louis Rams,1984,58,71,71,71,71,100,100,generic_70_cluster|same_overall_cluster|no_clear_starters|no_stars|compressed_spread|no_recorded_starts,Full bio-only import (no starts/stats). Infer role from status+depth+exp; mark low_confidence/needs_review.
TB,Tampa Bay Buccaneers,1984,58,71,71,71,71,100,100,generic_70_cluster|same_overall_cluster|no_clear_starters|no_stars|compressed_spread|no_recorded_starts,Full bio-only import (no starts/stats). Infer role from status+depth+exp; mark low_confidence/needs_review.
NE,New England Patriots,1985,50,69,69,69,69,100,100,generic_70_cluster|same_overall_cluster|no_clear_starters|no_stars|compressed_spread|no_recorded_starts,Full bio-only import (no starts/stats). Infer role from status+depth+exp; mark low_confidence/needs_review.
NO,New Orleans Saints,1985,57,69,69,69,69,100,100,generic_70_cluster|same_overall_cluster|no_clear_starters|no_stars|compressed_spread|no_recorded_starts,Full bio-only import (no starts/stats). Infer role from status+depth+exp; mark low_confidence/needs_review.
PHI,Philadelphia Eagles,1985,53,70,70,70,70,100,100,generic_70_cluster|same_overall_cluster|no_clear_starters|no_stars|compressed_spread|no_recorded_starts,Full bio-only import (no starts/stats). Infer role from status+depth+exp; mark low_confidence/needs_review.
STL,St. Louis Rams,1985,51,71,71,71,71,100,100,generic_70_cluster|same_overall_cluster|no_clear_starters|no_stars|compressed_spread|no_recorded_starts,Full bio-only import (no starts/stats). Infer role from status+depth+exp; mark low_confidence/needs_review.
TB,Tampa Bay Buccaneers,1985,56,71,71,71,71,100,100,generic_70_cluster|same_overall_cluster|no_clear_starters|no_stars|compressed_spread|no_recorded_starts,Full bio-only import (no starts/stats). Infer role from status+depth+exp; mark low_confidence/needs_review.
PHI,Philadelphia Eagles,1986,57,70,70,70,70,100,100,generic_70_cluster|same_overall_cluster|no_clear_starters|no_stars|compressed_spread|no_recorded_starts,Full bio-only import (no starts/stats). Infer role from status+depth+exp; mark low_confidence/needs_review.
STL,St. Louis Rams,1986,51,71,71,71,71,100,100,generic_70_cluster|same_overall_cluster|no_clear_starters|no_stars|compressed_spread|no_recorded_starts,Full bio-only import (no starts/stats). Infer role from status+depth+exp; mark low_confidence/needs_review.
TB,Tampa Bay Buccaneers,1986,53,71,71,71,71,100,100,generic_70_cluster|same_overall_cluster|no_clear_starters|no_stars|compressed_spread|no_recorded_starts,Full bio-only import (no starts/stats). Infer role from status+depth+exp; mark low_confidence/needs_review.
MIN,Minnesota Vikings,1987,116,69,69,69,69,100,100,generic_70_cluster|same_overall_cluster|no_clear_starters|no_stars|compressed_spread|no_recorded_starts,Full bio-only import (no starts/stats). Infer role from status+depth+exp; mark low_confidence/needs_review.
NE,New England Patriots,1987,102,69,69,69,69,100,100,generic_70_cluster|same_overall_cluster|no_clear_starters|no_stars|compressed_spread|no_recorded_starts,Full bio-only import (no starts/stats). Infer role from status+depth+exp; mark low_confidence/needs_review.
NYJ,New York Jets,1987,100,70,70,70,70,100,100,generic_70_cluster|same_overall_cluster|no_clear_starters|no_stars|compressed_spread|no_recorded_starts,Full bio-only import (no starts/stats). Infer role from status+depth+exp; mark low_confidence/needs_review.
PHI,Philadelphia Eagles,1987,110,70,70,70,70,100,100,generic_70_cluster|same_overall_cluster|no_clear_starters|no_stars|compressed_spread|no_recorded_starts,Full bio-only import (no starts/stats). Infer role from status+depth+exp; mark low_confidence/needs_review.
STL,St. Louis Rams,1987,97,71,71,71,71,100,100,generic_70_cluster|same_overall_cluster|no_clear_starters|no_stars|compressed_spread|no_recorded_starts,Full bio-only import (no starts/stats). Infer role from status+depth+exp; mark low_confidence/needs_review.
TB,Tampa Bay Buccaneers,1987,107,71,71,71,71,100,100,generic_70_cluster|same_overall_cluster|no_clear_starters|no_stars|compressed_spread|no_recorded_starts,Full bio-only import (no starts/stats). Infer role from status+depth+exp; mark low_confidence/needs_review.
NYJ,New York Jets,1988,54,70,70,70,70,100,100,generic_70_cluster|same_overall_cluster|no_clear_starters|no_stars|compressed_spread|no_recorded_starts,Full bio-only import (no starts/stats). Infer role from status+depth+exp; mark low_confidence/needs_review.
PHI,Philadelphia Eagles,1988,52,70,70,70,70,100,100,generic_70_cluster|same_overall_cluster|no_clear_starters|no_stars|compressed_spread|no_recorded_starts,Full bio-only import (no starts/stats). Infer role from status+depth+exp; mark low_confidence/needs_review.
STL,St. Louis Rams,1988,55,71,71,71,71,100,100,generic_70_cluster|same_overall_cluster|no_clear_starters|no_stars|compressed_spread|no_recorded_starts,Full bio-only import (no starts/stats). Infer role from status+depth+exp; mark low_confidence/needs_review.
MIN,Minnesota Vikings,1989,56,69,69,69,69,100,100,generic_70_cluster|same_overall_cluster|no_clear_starters|no_stars|compressed_spread|no_recorded_starts,Full bio-only import (no starts/stats). Infer role from status+depth+exp; mark low_confidence/needs_review.
PHI,Philadelphia Eagles,1989,58,70,70,70,70,100,100,generic_70_cluster|same_overall_cluster|no_clear_starters|no_stars|compressed_spread|no_recorded_starts,Full bio-only import (no starts/stats). Infer role from status+depth+exp; mark low_confidence/needs_review.
STL,St. Louis Rams,1989,56,71,71,71,71,100,100,generic_70_cluster|same_overall_cluster|no_clear_starters|no_stars|compressed_spread|no_recorded_starts,Full bio-only import (no starts/stats). Infer role from status+depth+exp; mark low_confidence/needs_review.
TB,Tampa Bay Buccaneers,1989,57,71,71,71,71,100,100,generic_70_cluster|same_overall_cluster|no_clear_starters|no_stars|compressed_spread|no_recorded_starts,Full bio-only import (no starts/stats). Infer role from status+depth+exp; mark low_confidence/needs_review.
NE,New England Patriots,1990,63,69,69,69,69,100,100,generic_70_cluster|same_overall_cluster|no_clear_starters|no_stars|compressed_spread|no_recorded_starts,Full bio-only import (no starts/stats). Infer role from status+depth+exp; mark low_confidence/needs_review.
NYJ,New York Jets,1990,55,70,70,70,70,100,100,generic_70_cluster|same_overall_cluster|no_clear_starters|no_stars|compressed_spread|no_recorded_starts,Full bio-only import (no starts/stats). Infer role from status+depth+exp; mark low_confidence/needs_review.
PHI,Philadelphia Eagles,1990,55,70,70,70,70,100,100,generic_70_cluster|same_overall_cluster|no_clear_starters|no_stars|compressed_spread|no_recorded_starts,Full bio-only import (no starts/stats). Infer role from status+depth+exp; mark low_confidence/needs_review.
SF,San Francisco 49ers,1990,55,71,71,71,71,100,100,generic_70_cluster|same_overall_cluster|no_clear_starters|no_stars|compressed_spread|no_recorded_starts,Full bio-only import (no starts/stats). Infer role from status+depth+exp; mark low_confidence/needs_review.
STL,St. Louis Rams,1990,54,71,71,71,71,100,100,generic_70_cluster|same_overall_cluster|no_clear_starters|no_stars|compressed_spread|no_recorded_starts,Full bio-only import (no starts/stats). Infer role from status+depth+exp; mark low_confidence/needs_review.
NE,New England Patriots,1991,58,69,69,69,69,100,100,generic_70_cluster|same_overall_cluster|no_clear_starters|no_stars|compressed_spread|no_recorded_starts,Full bio-only import (no starts/stats). Infer role from status+depth+exp; mark low_confidence/needs_review.
PHI,Philadelphia Eagles,1991,59,70,70,70,70,100,100,generic_70_cluster|same_overall_cluster|no_clear_starters|no_stars|compressed_spread|no_recorded_starts,Full bio-only import (no starts/stats). Infer role from status+depth+exp; mark low_confidence/needs_review.
SF,San Francisco 49ers,1991,57,71,71,71,71,100,100,generic_70_cluster|same_overall_cluster|no_clear_starters|no_stars|compressed_spread|no_recorded_starts,Full bio-only import (no starts/stats). Infer role from status+depth+exp; mark low_confidence/needs_review.
STL,St. Louis Rams,1991,54,71,71,71,71,100,100,generic_70_cluster|same_overall_cluster|no_clear_starters|no_stars|compressed_spread|no_recorded_starts,Full bio-only import (no starts/stats). Infer role from status+depth+exp; mark low_confidence/needs_review.
NE,New England Patriots,1992,57,69,69,69,69,100,100,generic_70_cluster|same_overall_cluster|no_clear_starters|no_stars|compressed_spread|no_recorded_starts,Full bio-only import (no starts/stats). Infer role from status+depth+exp; mark low_confidence/needs_review.
PHI,Philadelphia Eagles,1992,59,70,70,70,70,100,100,generic_70_cluster|same_overall_cluster|no_clear_starters|no_stars|compressed_spread|no_recorded_starts,Full bio-only import (no starts/stats). Infer role from status+depth+exp; mark low_confidence/needs_review.
SF,San Francisco 49ers,1992,58,71,71,71,71,100,100,generic_70_cluster|same_overall_cluster|no_clear_starters|no_stars|compressed_spread|no_recorded_starts,Full bio-only import (no starts/stats). Infer role from status+depth+exp; mark low_confidence/needs_review.
STL,St. Louis Rams,1992,54,71,71,71,71,100,100,generic_70_cluster|same_overall_cluster|no_clear_starters|no_stars|compressed_spread|no_recorded_starts,Full bio-only import (no starts/stats). Infer role from status+depth+exp; mark low_confidence/needs_review.
MIN,Minnesota Vikings,1993,59,69,69,69,69,100,100,generic_70_cluster|same_overall_cluster|no_clear_starters|no_stars|compressed_spread|no_recorded_starts,Full bio-only import (no starts/stats). Infer role from status+depth+exp; mark low_confidence/needs_review.
NE,New England Patriots,1993,56,69,69,69,69,100,100,generic_70_cluster|same_overall_cluster|no_clear_starters|no_stars|compressed_spread|no_recorded_starts,Full bio-only import (no starts/stats). Infer role from status+depth+exp; mark low_confidence/needs_review.
NYJ,New York Jets,1993,58,70,70,70,70,100,100,generic_70_cluster|same_overall_cluster|no_clear_starters|no_stars|compressed_spread|no_recorded_starts,Full bio-only import (no starts/stats). Infer role from status+depth+exp; mark low_confidence/needs_review.
PHI,Philadelphia Eagles,1993,61,70,70,70,70,100,100,generic_70_cluster|same_overall_cluster|no_clear_starters|no_stars|compressed_spread|no_recorded_starts,Full bio-only import (no starts/stats). Infer role from status+depth+exp; mark low_confidence/needs_review.
STL,St. Louis Rams,1993,62,71,71,71,71,100,100,generic_70_cluster|same_overall_cluster|no_clear_starters|no_stars|compressed_spread|no_recorded_starts,Full bio-only import (no starts/stats). Infer role from status+depth+exp; mark low_confidence/needs_review.
MIN,Minnesota Vikings,1994,58,69,69,69,69,100,100,generic_70_cluster|same_overall_cluster|no_clear_starters|no_stars|compressed_spread|no_recorded_starts,Full bio-only import (no starts/stats). Infer role from status+depth+exp; mark low_confidence/needs_review.
NE,New England Patriots,1994,58,69,69,69,69,100,100,generic_70_cluster|same_overall_cluster|no_clear_starters|no_stars|compressed_spread|no_recorded_starts,Full bio-only import (no starts/stats). Infer role from status+depth+exp; mark low_confidence/needs_review.
NYJ,New York Jets,1994,54,70,70,70,70,100,100,generic_70_cluster|same_overall_cluster|no_clear_starters|no_stars|compressed_spread|no_recorded_starts,Full bio-only import (no starts/stats). Infer role from status+depth+exp; mark low_confidence/needs_review.
PHI,Philadelphia Eagles,1994,56,70,70,70,70,100,100,generic_70_cluster|same_overall_cluster|no_clear_starters|no_stars|compressed_spread|no_recorded_starts,Full bio-only import (no starts/stats). Infer role from status+depth+exp; mark low_confidence/needs_review.
SF,San Francisco 49ers,1994,54,71,71,71,71,100,100,generic_70_cluster|same_overall_cluster|no_clear_starters|no_stars|compressed_spread|no_recorded_starts,Full bio-only import (no starts/stats). Infer role from status+depth+exp; mark low_confidence/needs_review.
STL,St. Louis Rams,1994,60,71,71,71,71,100,100,generic_70_cluster|same_overall_cluster|no_clear_starters|no_stars|compressed_spread|no_recorded_starts,Full bio-only import (no starts/stats). Infer role from status+depth+exp; mark low_confidence/needs_review.
TB,Tampa Bay Buccaneers,1994,56,71,71,71,71,100,100,generic_70_cluster|same_overall_cluster|no_clear_starters|no_stars|compressed_spread|no_recorded_starts,Full bio-only import (no starts/stats). Infer role from status+depth+exp; mark low_confidence/needs_review.
MIA,Miami Dolphins,1995,59,69,69,69,69,100,100,generic_70_cluster|same_overall_cluster|no_clear_starters|no_stars|compressed_spread|no_recorded_starts,Full bio-only import (no starts/stats). Infer role from status+depth+exp; mark low_confidence/needs_review.
MIN,Minnesota Vikings,1995,55,69,69,69,69,100,100,generic_70_cluster|same_overall_cluster|no_clear_starters|no_stars|compressed_spread|no_recorded_starts,Full bio-only import (no starts/stats). Infer role from status+depth+exp; mark low_confidence/needs_review.
NE,New England Patriots,1995,56,69,69,69,69,100,100,generic_70_cluster|same_overall_cluster|no_clear_starters|no_stars|compressed_spread|no_recorded_starts,Full bio-only import (no starts/stats). Infer role from status+depth+exp; mark low_confidence/needs_review.
NYJ,New York Jets,1995,62,70,70,70,70,100,100,generic_70_cluster|same_overall_cluster|no_clear_starters|no_stars|compressed_spread|no_recorded_starts,Full bio-only import (no starts/stats). Infer role from status+depth+exp; mark low_confidence/needs_review.
PHI,Philadelphia Eagles,1995,63,70,70,70,70,100,100,generic_70_cluster|same_overall_cluster|no_clear_starters|no_stars|compressed_spread|no_recorded_starts,Full bio-only import (no starts/stats). Infer role from status+depth+exp; mark low_confidence/needs_review.
SF,San Francisco 49ers,1995,57,71,71,71,71,100,100,generic_70_cluster|same_overall_cluster|no_clear_starters|no_stars|compressed_spread|no_recorded_starts,Full bio-only import (no starts/stats). Infer role from status+depth+exp; mark low_confidence/needs_review.
STL,St. Louis Rams,1995,61,71,71,71,71,100,100,generic_70_cluster|same_overall_cluster|no_clear_starters|no_stars|compressed_spread|no_recorded_starts,Full bio-only import (no starts/stats). Infer role from status+depth+exp; mark low_confidence/needs_review.
MIN,Minnesota Vikings,1996,60,69,69,69,69,100,100,generic_70_cluster|same_overall_cluster|no_clear_starters|no_stars|compressed_spread|no_recorded_starts,Full bio-only import (no starts/stats). Infer role from status+depth+exp; mark low_confidence/needs_review.
NE,New England Patriots,1996,58,69,69,69,69,100,100,generic_70_cluster|same_overall_cluster|no_clear_starters|no_stars|compressed_spread|no_recorded_starts,Full bio-only import (no starts/stats). Infer role from status+depth+exp; mark low_confidence/needs_review.
NYJ,New York Jets,1996,58,70,70,70,70,100,100,generic_70_cluster|same_overall_cluster|no_clear_starters|no_stars|compressed_spread|no_recorded_starts,Full bio-only import (no starts/stats). Infer role from status+depth+exp; mark low_confidence/needs_review.
PHI,Philadelphia Eagles,1996,56,70,70,70,70,100,100,generic_70_cluster|same_overall_cluster|no_clear_starters|no_stars|compressed_spread|no_recorded_starts,Full bio-only import (no starts/stats). Infer role from status+depth+exp; mark low_confidence/needs_review.
SF,San Francisco 49ers,1996,57,71,71,71,71,100,100,generic_70_cluster|same_overall_cluster|no_clear_starters|no_stars|compressed_spread|no_recorded_starts,Full bio-only import (no starts/stats). Infer role from status+depth+exp; mark low_confidence/needs_review.
STL,St. Louis Rams,1996,59,71,71,71,71,100,100,generic_70_cluster|same_overall_cluster|no_clear_starters|no_stars|compressed_spread|no_recorded_starts,Full bio-only import (no starts/stats). Infer role from status+depth+exp; mark low_confidence/needs_review.
TB,Tampa Bay Buccaneers,1996,59,71,71,71,71,100,100,generic_70_cluster|same_overall_cluster|no_clear_starters|no_stars|compressed_spread|no_recorded_starts,Full bio-only import (no starts/stats). Infer role from status+depth+exp; mark low_confidence/needs_review.
MIA,Miami Dolphins,1997,60,69,69,69,69,100,100,generic_70_cluster|same_overall_cluster|no_clear_starters|no_stars|compressed_spread|no_recorded_starts,Full bio-only import (no starts/stats). Infer role from status+depth+exp; mark low_confidence/needs_review.
MIN,Minnesota Vikings,1997,60,69,69,69,69,100,100,generic_70_cluster|same_overall_cluster|no_clear_starters|no_stars|compressed_spread|no_recorded_starts,Full bio-only import (no starts/stats). Infer role from status+depth+exp; mark low_confidence/needs_review.
NYJ,New York Jets,1997,57,70,70,70,70,100,100,generic_70_cluster|same_overall_cluster|no_clear_starters|no_stars|compressed_spread|no_recorded_starts,Full bio-only import (no starts/stats). Infer role from status+depth+exp; mark low_confidence/needs_review.
SF,San Francisco 49ers,1997,59,71,71,71,71,100,100,generic_70_cluster|same_overall_cluster|no_clear_starters|no_stars|compressed_spread|no_recorded_starts,Full bio-only import (no starts/stats). Infer role from status+depth+exp; mark low_confidence/needs_review.
STL,St. Louis Rams,1997,59,71,71,71,71,100,100,generic_70_cluster|same_overall_cluster|no_clear_starters|no_stars|compressed_spread|no_recorded_starts,Full bio-only import (no starts/stats). Infer role from status+depth+exp; mark low_confidence/needs_review.
MIA,Miami Dolphins,1998,64,69,69,69,69,100,100,generic_70_cluster|same_overall_cluster|no_clear_starters|no_stars|compressed_spread|no_recorded_starts,Full bio-only import (no starts/stats). Infer role from status+depth+exp; mark low_confidence/needs_review.
MIN,Minnesota Vikings,1998,60,69,69,69,69,100,100,generic_70_cluster|same_overall_cluster|no_clear_starters|no_stars|compressed_spread|no_recorded_starts,Full bio-only import (no starts/stats). Infer role from status+depth+exp; mark low_confidence/needs_review.
NYG,New York Giants,1998,63,70,70,70,70,100,100,generic_70_cluster|same_overall_cluster|no_clear_starters|no_stars|compressed_spread|no_recorded_starts,Full bio-only import (no starts/stats). Infer role from status+depth+exp; mark low_confidence/needs_review.
NYJ,New York Jets,1998,58,70,70,70,70,100,100,generic_70_cluster|same_overall_cluster|no_clear_starters|no_stars|compressed_spread|no_recorded_starts,Full bio-only import (no starts/stats). Infer role from status+depth+exp; mark low_confidence/needs_review.
PHI,Philadelphia Eagles,1998,64,70,70,70,70,100,100,generic_70_cluster|same_overall_cluster|no_clear_starters|no_stars|compressed_spread|no_recorded_starts,Full bio-only import (no starts/stats). Infer role from status+depth+exp; mark low_confidence/needs_review.
SF,San Francisco 49ers,1998,56,71,71,71,71,100,100,generic_70_cluster|same_overall_cluster|no_clear_starters|no_stars|compressed_spread|no_recorded_starts,Full bio-only import (no starts/stats). Infer role from status+depth+exp; mark low_confidence/needs_review.
STL,St. Louis Rams,1998,63,71,71,71,71,100,100,generic_70_cluster|same_overall_cluster|no_clear_starters|no_stars|compressed_spread|no_recorded_starts,Full bio-only import (no starts/stats). Infer role from status+depth+exp; mark low_confidence/needs_review.
NYJ,New York Jets,1989,61,70,70,69,70,98.4,100,generic_70_cluster|same_overall_cluster|no_clear_starters|no_stars|compressed_spread|no_recorded_starts,Full bio-only import (no starts/stats). Infer role from status+depth+exp; mark low_confidence/needs_review.
SF,San Francisco 49ers,1993,61,71,71,70,71,98.4,100,generic_70_cluster|same_overall_cluster|no_clear_starters|no_stars|compressed_spread|no_recorded_starts,Full bio-only import (no starts/stats). Infer role from status+depth+exp; mark low_confidence/needs_review.
PIT,Pittsburgh Steelers,1996,59,70,70,70,71,98.3,100,generic_70_cluster|same_overall_cluster|no_clear_starters|no_stars|compressed_spread|no_recorded_starts,Full bio-only import (no starts/stats). Infer role from status+depth+exp; mark low_confidence/needs_review.
NE,New England Patriots,1998,60,69,69,69,70,98.3,100,generic_70_cluster|same_overall_cluster|no_clear_starters|no_stars|compressed_spread|no_recorded_starts,Full bio-only import (no starts/stats). Infer role from status+depth+exp; mark low_confidence/needs_review.
SF,San Francisco 49ers,1980,57,71,71,70,71,98.2,100,generic_70_cluster|same_overall_cluster|no_clear_starters|no_stars|compressed_spread|no_recorded_starts,Full bio-only import (no starts/stats). Infer role from status+depth+exp; mark low_confidence/needs_review.
SF,San Francisco 49ers,1983,56,71,71,70,71,98.2,100,generic_70_cluster|same_overall_cluster|no_clear_starters|no_stars|compressed_spread|no_recorded_starts,Full bio-only import (no starts/stats). Infer role from status+depth+exp; mark low_confidence/needs_review.
SF,San Francisco 49ers,1984,55,71,71,70,71,98.2,100,generic_70_cluster|same_overall_cluster|no_clear_starters|no_stars|compressed_spread|no_recorded_starts,Full bio-only import (no starts/stats). Infer role from status+depth+exp; mark low_confidence/needs_review.
SF,San Francisco 49ers,1988,57,71,71,70,71,98.2,100,generic_70_cluster|same_overall_cluster|no_clear_starters|no_stars|compressed_spread|no_recorded_starts,Full bio-only import (no starts/stats). Infer role from status+depth+exp; mark low_confidence/needs_review.
NE,New England Patriots,1981,52,69,69,69,70,98.1,100,generic_70_cluster|same_overall_cluster|no_clear_starters|no_stars|compressed_spread|no_recorded_starts,Full bio-only import (no starts/stats). Infer role from status+depth+exp; mark low_confidence/needs_review.
PHI,Philadelphia Eagles,1981,52,70,70,70,71,98.1,100,generic_70_cluster|same_overall_cluster|no_clear_starters|no_stars|compressed_spread|no_recorded_starts,Full bio-only import (no starts/stats). Infer role from status+depth+exp; mark low_confidence/needs_review.
NE,New England Patriots,1982,54,69,69,69,70,98.1,100,generic_70_cluster|same_overall_cluster|no_clear_starters|no_stars|compressed_spread|no_recorded_starts,Full bio-only import (no starts/stats). Infer role from status+depth+exp; mark low_confidence/needs_review.
NO,New Orleans Saints,1983,53,69,69,69,70,98.1,100,generic_70_cluster|same_overall_cluster|no_clear_starters|no_stars|compressed_spread|no_recorded_starts,Full bio-only import (no starts/stats). Infer role from status+depth+exp; mark low_confidence/needs_review.
NE,New England Patriots,1984,54,69,69,69,70,98.1,100,generic_70_cluster|same_overall_cluster|no_clear_starters|no_stars|compressed_spread|no_recorded_starts,Full bio-only import (no starts/stats). Infer role from status+depth+exp; mark low_confidence/needs_review.
NE,New England Patriots,1986,53,69,69,69,70,98.1,100,generic_70_cluster|same_overall_cluster|no_clear_starters|no_stars|compressed_spread|no_recorded_starts,Full bio-only import (no starts/stats). Infer role from status+depth+exp; mark low_confidence/needs_review.
NYG,New York Giants,1973,50,70,70,69,70,98,100,generic_70_cluster|same_overall_cluster|no_clear_starters|no_stars|compressed_spread|no_recorded_starts,Full bio-only import (no starts/stats). Infer role from status+depth+exp; mark low_confidence/needs_review.
NYJ,New York Jets,1974,50,70,70,70,71,98,100,generic_70_cluster|same_overall_cluster|no_clear_starters|no_stars|compressed_spread|no_recorded_starts,Full bio-only import (no starts/stats). Infer role from status+depth+exp; mark low_confidence/needs_review.
NO,New Orleans Saints,1976,49,69,69,69,70,98,100,generic_70_cluster|same_overall_cluster|no_clear_starters|no_stars|compressed_spread|no_recorded_starts,Full bio-only import (no starts/stats). Infer role from status+depth+exp; mark low_confidence/needs_review.
NYJ,New York Jets,1977,50,70,70,69,70,98,100,generic_70_cluster|same_overall_cluster|no_clear_starters|no_stars|compressed_spread|no_recorded_starts,Full bio-only import (no starts/stats). Infer role from status+depth+exp; mark low_confidence/needs_review.
PIT,Pittsburgh Steelers,1977,50,70,70,70,71,98,100,generic_70_cluster|same_overall_cluster|no_clear_starters|no_stars|compressed_spread|no_recorded_starts,Full bio-only import (no starts/stats). Infer role from status+depth+exp; mark low_confidence/needs_review.
SF,San Francisco 49ers,1977,49,71,71,70,71,98,100,generic_70_cluster|same_overall_cluster|no_clear_starters|no_stars|compressed_spread|no_recorded_starts,Full bio-only import (no starts/stats). Infer role from status+depth+exp; mark low_confidence/needs_review.
PHI,Philadelphia Eagles,1979,49,70,70,70,71,98,100,generic_70_cluster|same_overall_cluster|no_clear_starters|no_stars|compressed_spread|no_recorded_starts,Full bio-only import (no starts/stats). Infer role from status+depth+exp; mark low_confidence/needs_review.
NYJ,New York Jets,1981,51,70,70,69,70,98,100,generic_70_cluster|same_overall_cluster|no_clear_starters|no_stars|compressed_spread|no_recorded_starts,Full bio-only import (no starts/stats). Infer role from status+depth+exp; mark low_confidence/needs_review.
NYJ,New York Jets,1982,51,70,70,69,70,98,100,generic_70_cluster|same_overall_cluster|no_clear_starters|no_stars|compressed_spread|no_recorded_starts,Full bio-only import (no starts/stats). Infer role from status+depth+exp; mark low_confidence/needs_review.
PIT,Pittsburgh Steelers,1985,51,70,70,70,71,98,100,generic_70_cluster|same_overall_cluster|no_clear_starters|no_stars|compressed_spread|no_recorded_starts,Full bio-only import (no starts/stats). Infer role from status+depth+exp; mark low_confidence/needs_review.
SF,San Francisco 49ers,1969,47,71,71,70,71,97.9,100,generic_70_cluster|same_overall_cluster|no_clear_starters|no_stars|compressed_spread|no_recorded_starts,Full bio-only import (no starts/stats). Infer role from status+depth+exp; mark low_confidence/needs_review.
NYJ,New York Jets,1970,48,70,70,70,71,97.9,100,generic_70_cluster|same_overall_cluster|no_clear_starters|no_stars|compressed_spread|no_recorded_starts,Full bio-only import (no starts/stats). Infer role from status+depth+exp; mark low_confidence/needs_review.
MIN,Minnesota Vikings,1975,46,69,69,69,70,97.8,100,generic_70_cluster|same_overall_cluster|no_clear_starters|no_stars|compressed_spread|no_recorded_starts,Full bio-only import (no starts/stats). Infer role from status+depth+exp; mark low_confidence/needs_review.
PIT,Pittsburgh Steelers,1976,45,70,70,70,71,97.8,100,generic_70_cluster|same_overall_cluster|no_clear_starters|no_stars|compressed_spread|no_recorded_starts,Full bio-only import (no starts/stats). Infer role from status+depth+exp; mark low_confidence/needs_review.
PIT,Pittsburgh Steelers,1987,90,70,70,70,71,97.8,100,generic_70_cluster|same_overall_cluster|no_clear_starters|no_stars|compressed_spread|no_recorded_starts,Full bio-only import (no starts/stats). Infer role from status+depth+exp; mark low_confidence/needs_review.
SF,San Francisco 49ers,1965,43,71,71,70,71,97.7,100,generic_70_cluster|same_overall_cluster|no_clear_starters|no_stars|compressed_spread|no_recorded_starts,Full bio-only import (no starts/stats). Infer role from status+depth+exp; mark low_confidence/needs_review.
PIT,Pittsburgh Steelers,1967,44,71,71,70,71,97.7,100,generic_70_cluster|same_overall_cluster|no_clear_starters|no_stars|compressed_spread|no_recorded_starts,Full bio-only import (no starts/stats). Infer role from status+depth+exp; mark low_confidence/needs_review.
NYG,New York Giants,1972,44,70,70,69,70,97.7,100,generic_70_cluster|same_overall_cluster|no_clear_starters|no_stars|compressed_spread|no_recorded_starts,Full bio-only import (no starts/stats). Infer role from status+depth+exp; mark low_confidence/needs_review.
SF,San Francisco 49ers,1987,95,71,71,71,72,98.9,98.9,generic_70_cluster|same_overall_cluster|no_clear_starters|no_stars|compressed_spread|no_recorded_starts,Full bio-only import (no starts/stats). Infer role from status+depth+exp; mark low_confidence/needs_review.
NYJ,New York Jets,1992,59,70,70,69,70,96.6,100,generic_70_cluster|same_overall_cluster|no_clear_starters|no_stars|compressed_spread|no_recorded_starts,Full bio-only import (no starts/stats). Infer role from status+depth+exp; mark low_confidence/needs_review.
NYJ,New York Jets,1986,57,70,70,69,70,96.5,100,generic_70_cluster|same_overall_cluster|no_clear_starters|no_stars|compressed_spread|no_recorded_starts,Full bio-only import (no starts/stats). Infer role from status+depth+exp; mark low_confidence/needs_review.
PIT,Pittsburgh Steelers,1993,57,70,70,70,71,96.5,100,generic_70_cluster|same_overall_cluster|no_clear_starters|no_stars|compressed_spread|no_recorded_starts,Full bio-only import (no starts/stats). Infer role from status+depth+exp; mark low_confidence/needs_review.
NE,New England Patriots,1988,54,69,69,69,70,96.3,100,generic_70_cluster|same_overall_cluster|no_clear_starters|no_stars|compressed_spread|no_recorded_starts,Full bio-only import (no starts/stats). Infer role from status+depth+exp; mark low_confidence/needs_review.
NYJ,New York Jets,1991,54,70,70,69,70,96.3,100,generic_70_cluster|same_overall_cluster|no_clear_starters|no_stars|compressed_spread|no_recorded_starts,Full bio-only import (no starts/stats). Infer role from status+depth+exp; mark low_confidence/needs_review.
SF,San Francisco 49ers,1981,53,71,71,70,71,96.2,100,generic_70_cluster|same_overall_cluster|no_clear_starters|no_stars|compressed_spread|no_recorded_starts,Full bio-only import (no starts/stats). Infer role from status+depth+exp; mark low_confidence/needs_review.
PIT,Pittsburgh Steelers,1982,53,70,70,70,71,96.2,100,generic_70_cluster|same_overall_cluster|no_clear_starters|no_stars|compressed_spread|no_recorded_starts,Full bio-only import (no starts/stats). Infer role from status+depth+exp; mark low_confidence/needs_review.
MIN,Minnesota Vikings,1990,59,69,69,68,69,98.3,98.3,generic_70_cluster|same_overall_cluster|no_clear_starters|no_stars|compressed_spread|no_recorded_starts,Full bio-only import (no starts/stats). Infer role from status+depth+exp; mark low_confidence/needs_review.
TB,Tampa Bay Buccaneers,1995,59,71,71,71,72,98.3,98.3,generic_70_cluster|same_overall_cluster|no_clear_starters|no_stars|compressed_spread|no_recorded_starts,Full bio-only import (no starts/stats). Infer role from status+depth+exp; mark low_confidence/needs_review.
NYJ,New York Jets,1976,51,70,70,69,70,96.1,100,generic_70_cluster|same_overall_cluster|no_clear_starters|no_stars|compressed_spread|no_recorded_starts,Full bio-only import (no starts/stats). Infer role from status+depth+exp; mark low_confidence/needs_review.
PIT,Pittsburgh Steelers,1970,50,71,71,70,71,96,100,generic_70_cluster|same_overall_cluster|no_clear_starters|no_stars|compressed_spread|no_recorded_starts,Full bio-only import (no starts/stats). Infer role from status+depth+exp; mark low_confidence/needs_review.
NE,New England Patriots,1973,50,69,69,69,70,96,100,generic_70_cluster|same_overall_cluster|no_clear_starters|no_stars|compressed_spread|no_recorded_starts,Full bio-only import (no starts/stats). Infer role from status+depth+exp; mark low_confidence/needs_review.
TB,Tampa Bay Buccaneers,1991,55,71,71,71,72,98.2,98.2,generic_70_cluster|same_overall_cluster|no_clear_starters|no_stars|compressed_spread|no_recorded_starts,Full bio-only import (no starts/stats). Infer role from status+depth+exp; mark low_confidence/needs_review.
PIT,Pittsburgh Steelers,1973,48,71,71,70,71,95.8,100,generic_70_cluster|same_overall_cluster|no_clear_starters|no_stars|compressed_spread|no_recorded_starts,Full bio-only import (no starts/stats). Infer role from status+depth+exp; mark low_confidence/needs_review.
PIT,Pittsburgh Steelers,1974,48,71,71,70,71,95.8,100,generic_70_cluster|same_overall_cluster|no_clear_starters|no_stars|compressed_spread|no_recorded_starts,Full bio-only import (no starts/stats). Infer role from status+depth+exp; mark low_confidence/needs_review.
MIN,Minnesota Vikings,1982,53,69,69,68,69,98.1,98.1,generic_70_cluster|same_overall_cluster|no_clear_starters|no_stars|compressed_spread|no_recorded_starts,Full bio-only import (no starts/stats). Infer role from status+depth+exp; mark low_confidence/needs_review.
MIN,Minnesota Vikings,1986,54,69,69,68,69,98.1,98.1,generic_70_cluster|same_overall_cluster|no_clear_starters|no_stars|compressed_spread|no_recorded_starts,Full bio-only import (no starts/stats). Infer role from status+depth+exp; mark low_confidence/needs_review.
MIN,Minnesota Vikings,1988,52,69,69,68,69,98.1,98.1,generic_70_cluster|same_overall_cluster|no_clear_starters|no_stars|compressed_spread|no_recorded_starts,Full bio-only import (no starts/stats). Infer role from status+depth+exp; mark low_confidence/needs_review.
MIN,Minnesota Vikings,1966,47,69,69,69,70,95.7,100,generic_70_cluster|same_overall_cluster|no_clear_starters|no_stars|compressed_spread|no_recorded_starts,Full bio-only import (no starts/stats). Infer role from status+depth+exp; mark low_confidence/needs_review.
NE,New England Patriots,1972,47,69,69,69,70,95.7,100,generic_70_cluster|same_overall_cluster|no_clear_starters|no_stars|compressed_spread|no_recorded_starts,Full bio-only import (no starts/stats). Infer role from status+depth+exp; mark low_confidence/needs_review.
SF,San Francisco 49ers,1976,46,71,71,70,71,95.7,100,generic_70_cluster|same_overall_cluster|no_clear_starters|no_stars|compressed_spread|no_recorded_starts,Full bio-only import (no starts/stats). Infer role from status+depth+exp; mark low_confidence/needs_review.
PIT,Pittsburgh Steelers,1979,47,70,70,70,71,95.7,100,generic_70_cluster|same_overall_cluster|no_clear_starters|no_stars|compressed_spread|no_recorded_starts,Full bio-only import (no starts/stats). Infer role from status+depth+exp; mark low_confidence/needs_review.
PHI,Philadelphia Eagles,1965,44,70,70,69,70,95.5,100,generic_70_cluster|same_overall_cluster|no_clear_starters|no_stars|compressed_spread|no_recorded_starts,Full bio-only import (no starts/stats). Infer role from status+depth+exp; mark low_confidence/needs_review.
TB,Tampa Bay Buccaneers,1977,51,71,71,71,72,98,98,generic_70_cluster|same_overall_cluster|no_clear_starters|no_stars|compressed_spread|no_recorded_starts,Full bio-only import (no starts/stats). Infer role from status+depth+exp; mark low_confidence/needs_review.
MIN,Minnesota Vikings,1980,51,69,69,68,69,98,98,generic_70_cluster|same_overall_cluster|no_clear_starters|no_stars|compressed_spread|no_recorded_starts,Full bio-only import (no starts/stats). Infer role from status+depth+exp; mark low_confidence/needs_review.
TB,Tampa Bay Buccaneers,1981,49,71,71,71,72,98,98,generic_70_cluster|same_overall_cluster|no_clear_starters|no_stars|compressed_spread|no_recorded_starts,Full bio-only import (no starts/stats). Infer role from status+depth+exp; mark low_confidence/needs_review.
MIA,Miami Dolphins,1970,47,69,69,68,69,97.9,97.9,generic_70_cluster|same_overall_cluster|no_clear_starters|no_stars|compressed_spread|no_recorded_starts,Full bio-only import (no starts/stats). Infer role from status+depth+exp; mark low_confidence/needs_review.
MIA,Miami Dolphins,1975,47,69,69,68,69,97.9,97.9,generic_70_cluster|same_overall_cluster|no_clear_starters|no_stars|compressed_spread|no_recorded_starts,Full bio-only import (no starts/stats). Infer role from status+depth+exp; mark low_confidence/needs_review.
NE,New England Patriots,1976,48,69,69,68,69,97.9,97.9,generic_70_cluster|same_overall_cluster|no_clear_starters|no_stars|compressed_spread|no_recorded_starts,Full bio-only import (no starts/stats). Infer role from status+depth+exp; mark low_confidence/needs_review.
MIN,Minnesota Vikings,1977,47,69,69,68,69,97.9,97.9,generic_70_cluster|same_overall_cluster|no_clear_starters|no_stars|compressed_spread|no_recorded_starts,Full bio-only import (no starts/stats). Infer role from status+depth+exp; mark low_confidence/needs_review.
MIN,Minnesota Vikings,1981,48,69,69,68,69,97.9,97.9,generic_70_cluster|same_overall_cluster|no_clear_starters|no_stars|compressed_spread|no_recorded_starts,Full bio-only import (no starts/stats). Infer role from status+depth+exp; mark low_confidence/needs_review.
PHI,Philadelphia Eagles,1997,62,70,70,70,71,95.2,100,generic_70_cluster|same_overall_cluster|no_clear_starters|no_stars|compressed_spread|no_recorded_starts,Full bio-only import (no starts/stats). Infer role from status+depth+exp; mark low_confidence/needs_review.
STL,St. Louis Rams,1968,46,71,71,71,72,97.8,97.8,generic_70_cluster|same_overall_cluster|no_clear_starters|no_stars|compressed_spread|no_recorded_starts,Full bio-only import (no starts/stats). Infer role from status+depth+exp; mark low_confidence/needs_review.
STL,St. Louis Rams,1970,45,71,71,71,72,97.8,97.8,generic_70_cluster|same_overall_cluster|no_clear_starters|no_stars|compressed_spread|no_recorded_starts,Full bio-only import (no starts/stats). Infer role from status+depth+exp; mark low_confidence/needs_review.
STL,St. Louis Rams,1972,45,71,71,71,72,97.8,97.8,generic_70_cluster|same_overall_cluster|no_clear_starters|no_stars|compressed_spread|no_recorded_starts,Full bio-only import (no starts/stats). Infer role from status+depth+exp; mark low_confidence/needs_review.
MIN,Minnesota Vikings,1973,45,69,69,68,69,97.8,97.8,generic_70_cluster|same_overall_cluster|no_clear_starters|no_stars|compressed_spread|no_recorded_starts,Full bio-only import (no starts/stats). Infer role from status+depth+exp; mark low_confidence/needs_review.
STL,St. Louis Rams,1975,45,71,71,71,72,97.8,97.8,generic_70_cluster|same_overall_cluster|no_clear_starters|no_stars|compressed_spread|no_recorded_starts,Full bio-only import (no starts/stats). Infer role from status+depth+exp; mark low_confidence/needs_review.
MIN,Minnesota Vikings,1978,46,69,69,68,69,97.8,97.8,generic_70_cluster|same_overall_cluster|no_clear_starters|no_stars|compressed_spread|no_recorded_starts,Full bio-only import (no starts/stats). Infer role from status+depth+exp; mark low_confidence/needs_review.
NE,New England Patriots,1989,59,69.1,69,69,70,94.9,100,generic_70_cluster|same_overall_cluster|no_clear_starters|no_stars|compressed_spread|no_recorded_starts,Full bio-only import (no starts/stats). Infer role from status+depth+exp; mark low_confidence/needs_review.
STL,St. Louis Rams,1967,43,71,71,71,72,97.7,97.7,generic_70_cluster|same_overall_cluster|no_clear_starters|no_stars|compressed_spread|no_recorded_starts,Full bio-only import (no starts/stats). Infer role from status+depth+exp; mark low_confidence/needs_review.
MIN,Minnesota Vikings,1972,44,69,69,68,69,97.7,97.7,generic_70_cluster|same_overall_cluster|no_clear_starters|no_stars|compressed_spread|no_recorded_starts,Full bio-only import (no starts/stats). Infer role from status+depth+exp; mark low_confidence/needs_review.
SEA,Seattle Seahawks,1998,57,70.9,71,70,71,94.7,100,generic_70_cluster|same_overall_cluster|no_clear_starters|no_stars|compressed_spread|no_recorded_starts,Full bio-only import (no starts/stats). Infer role from status+depth+exp; mark low_confidence/needs_review.
NO,New Orleans Saints,1987,93,69.1,69,69,70,94.6,100,generic_70_cluster|same_overall_cluster|no_clear_starters|no_stars|compressed_spread|no_recorded_starts,Full bio-only import (no starts/stats). Infer role from status+depth+exp; mark low_confidence/needs_review.
PIT,Pittsburgh Steelers,1994,56,70.1,70,70,71,94.6,100,generic_70_cluster|same_overall_cluster|no_clear_starters|no_stars|compressed_spread|no_recorded_starts,Full bio-only import (no starts/stats). Infer role from status+depth+exp; mark low_confidence/needs_review.
SF,San Francisco 49ers,1986,55,70.9,71,70,71,94.5,100,generic_70_cluster|same_overall_cluster|no_clear_starters|no_stars|compressed_spread|no_recorded_starts,Full bio-only import (no starts/stats). Infer role from status+depth+exp; mark low_confidence/needs_review.
PIT,Pittsburgh Steelers,1983,53,70.1,70,70,71,94.3,100,generic_70_cluster|same_overall_cluster|no_clear_starters|no_stars|compressed_spread|no_recorded_starts,Full bio-only import (no starts/stats). Infer role from status+depth+exp; mark low_confidence/needs_review.
PIT,Pittsburgh Steelers,1992,50,70.1,70,70,71,94,100,generic_70_cluster|same_overall_cluster|no_clear_starters|no_stars|compressed_spread|no_recorded_starts,Full bio-only import (no starts/stats). Infer role from status+depth+exp; mark low_confidence/needs_review.
NYJ,New York Jets,1965,48,69.9,70,69,70,93.8,100,generic_70_cluster|same_overall_cluster|no_clear_starters|no_stars|compressed_spread|no_recorded_starts,Full bio-only import (no starts/stats). Infer role from status+depth+exp; mark low_confidence/needs_review.
PIT,Pittsburgh Steelers,1981,48,70.1,70,70,71,93.8,100,generic_70_cluster|same_overall_cluster|no_clear_starters|no_stars|compressed_spread|no_recorded_starts,Full bio-only import (no starts/stats). Infer role from status+depth+exp; mark low_confidence/needs_review.
NYG,New York Giants,1975,47,69.9,70,69,70,93.6,100,generic_70_cluster|same_overall_cluster|no_clear_starters|no_stars|compressed_spread|no_recorded_starts,Full bio-only import (no starts/stats). Infer role from status+depth+exp; mark low_confidence/needs_review.
NE,New England Patriots,1967,46,69.1,69,69,70,93.5,100,generic_70_cluster|same_overall_cluster|no_clear_starters|no_stars|compressed_spread|no_recorded_starts,Full bio-only import (no starts/stats). Infer role from status+depth+exp; mark low_confidence/needs_review.
NYJ,New York Jets,1968,46,70.1,70,70,71,93.5,100,generic_70_cluster|same_overall_cluster|no_clear_starters|no_stars|compressed_spread|no_recorded_starts,Full bio-only import (no starts/stats). Infer role from status+depth+exp; mark low_confidence/needs_review.
SEA,Seattle Seahawks,1997,62,70.9,71,70,71,93.5,100,generic_70_cluster|same_overall_cluster|no_clear_starters|no_stars|compressed_spread|no_recorded_starts,Full bio-only import (no starts/stats). Infer role from status+depth+exp; mark low_confidence/needs_review.
NO,New Orleans Saints,1993,61,69.1,69,69,70,93.4,100,generic_70_cluster|same_overall_cluster|no_clear_starters|no_stars|compressed_spread|no_recorded_starts,Full bio-only import (no starts/stats). Infer role from status+depth+exp; mark low_confidence/needs_review.
NYG,New York Giants,1968,43,69.9,70,69,70,93,100,generic_70_cluster|same_overall_cluster|no_clear_starters|no_stars|compressed_spread|no_recorded_starts,Full bio-only import (no starts/stats). Infer role from status+depth+exp; mark low_confidence/needs_review.
NO,New Orleans Saints,1992,55,69.1,69,69,70,92.7,100,generic_70_cluster|same_overall_cluster|no_clear_starters|no_stars|compressed_spread|no_recorded_starts,Full bio-only import (no starts/stats). Infer role from status+depth+exp; mark low_confidence/needs_review.
NYG,New York Giants,1995,55,69.9,70,69,70,92.7,100,generic_70_cluster|same_overall_cluster|no_clear_starters|no_stars|compressed_spread|no_recorded_starts,Full bio-only import (no starts/stats). Infer role from status+depth+exp; mark low_confidence/needs_review.
NO,New Orleans Saints,1982,52,69.1,69,69,70,92.3,100,generic_70_cluster|same_overall_cluster|no_clear_starters|no_stars|compressed_spread|no_recorded_starts,Full bio-only import (no starts/stats). Infer role from status+depth+exp; mark low_confidence/needs_review.
TB,Tampa Bay Buccaneers,1998,59,71,71,71,72,96.6,96.6,generic_70_cluster|same_overall_cluster|no_clear_starters|no_stars|compressed_spread|no_recorded_starts,Full bio-only import (no starts/stats). Infer role from status+depth+exp; mark low_confidence/needs_review.
NYG,New York Giants,1997,64,69.9,70,69,70,92.2,100,generic_70_cluster|same_overall_cluster|no_clear_starters|no_stars|compressed_spread|no_recorded_starts,Full bio-only import (no starts/stats). Infer role from status+depth+exp; mark low_confidence/needs_review.
NO,New Orleans Saints,1977,50,69.1,69,69,70,92,100,generic_70_cluster|same_overall_cluster|no_clear_starters|no_stars|compressed_spread|no_recorded_starts,Full bio-only import (no starts/stats). Infer role from status+depth+exp; mark low_confidence/needs_review.
MIA,Miami Dolphins,1996,55,69,69,68,69,96.4,96.4,generic_70_cluster|same_overall_cluster|no_clear_starters|no_stars|compressed_spread|no_recorded_starts,Full bio-only import (no starts/stats). Infer role from status+depth+exp; mark low_confidence/needs_review.
TB,Tampa Bay Buccaneers,1990,54,71,71,71,72,96.3,96.3,generic_70_cluster|same_overall_cluster|no_clear_starters|no_stars|compressed_spread|no_recorded_starts,Full bio-only import (no starts/stats). Infer role from status+depth+exp; mark low_confidence/needs_review.
MIN,Minnesota Vikings,1991,54,69,69,68,69,96.3,96.3,generic_70_cluster|same_overall_cluster|no_clear_starters|no_stars|compressed_spread|no_recorded_starts,Full bio-only import (no starts/stats). Infer role from status+depth+exp; mark low_confidence/needs_review.
NE,New England Patriots,1997,56,69.1,69,69,70,91.1,100,generic_70_cluster|same_overall_cluster|no_clear_starters|no_stars|compressed_spread|no_recorded_starts,Full bio-only import (no starts/stats). Infer role from status+depth+exp; mark low_confidence/needs_review.
MIN,Minnesota Vikings,1968,44,69.1,69,69,70,90.9,100,generic_70_cluster|same_overall_cluster|no_clear_starters|no_stars|compressed_spread|no_recorded_starts,Full bio-only import (no starts/stats). Infer role from status+depth+exp; mark low_confidence/needs_review.
STL,St. Louis Rams,1965,44,71,71,70,72,95.5,97.7,generic_70_cluster|same_overall_cluster|no_clear_starters|no_stars|compressed_spread|no_recorded_starts,Full bio-only import (no starts/stats). Infer role from status+depth+exp; mark low_confidence/needs_review.
PIT,Pittsburgh Steelers,1988,52,70.1,70,70,71,90.4,100,generic_70_cluster|same_overall_cluster|no_clear_starters|no_stars|compressed_spread|no_recorded_starts,Full bio-only import (no starts/stats). Infer role from status+depth+exp; mark low_confidence/needs_review.
STL,St. Louis Rams,1971,46,71,71,71,72,95.7,95.7,generic_70_cluster|same_overall_cluster|no_clear_starters|no_stars|compressed_spread|no_recorded_starts,Full bio-only import (no starts/stats). Infer role from status+depth+exp; mark low_confidence/needs_review.
MIN,Minnesota Vikings,1976,46,69,69,68,69,95.7,95.7,generic_70_cluster|same_overall_cluster|no_clear_starters|no_stars|compressed_spread|no_recorded_starts,Full bio-only import (no starts/stats). Infer role from status+depth+exp; mark low_confidence/needs_review.
TB,Tampa Bay Buccaneers,1979,46,71,71,71,72,95.7,95.7,generic_70_cluster|same_overall_cluster|no_clear_starters|no_stars|compressed_spread|no_recorded_starts,Full bio-only import (no starts/stats). Infer role from status+depth+exp; mark low_confidence/needs_review.
PIT,Pittsburgh Steelers,1968,50,70.9,71,70,71,90,100,generic_70_cluster|same_overall_cluster|no_clear_starters|no_stars|compressed_spread|no_recorded_starts,Full bio-only import (no starts/stats). Infer role from status+depth+exp; mark low_confidence/needs_review.
NO,New Orleans Saints,1981,49,69.1,69,69,70,89.8,100,generic_70_cluster|same_overall_cluster|no_clear_starters|no_stars|compressed_spread|no_recorded_starts,Full bio-only import (no starts/stats). Infer role from status+depth+exp; mark low_confidence/needs_review.
SF,San Francisco 49ers,1985,49,70.9,71,70,71,89.8,100,generic_70_cluster|same_overall_cluster|no_clear_starters|no_stars|compressed_spread|no_recorded_starts,Full bio-only import (no starts/stats). Infer role from status+depth+exp; mark low_confidence/needs_review.
SEA,Seattle Seahawks,1995,57,70.9,71,70,71,89.5,100,generic_70_cluster|same_overall_cluster|no_clear_starters|no_stars|compressed_spread|no_recorded_starts,Full bio-only import (no starts/stats). Infer role from status+depth+exp; mark low_confidence/needs_review.
NO,New Orleans Saints,1974,56,69.9,70,69,70,89.3,100,generic_70_cluster|same_overall_cluster|no_clear_starters|no_stars|compressed_spread|no_recorded_starts,Full bio-only import (no starts/stats). Infer role from status+depth+exp; mark low_confidence/needs_review.
PIT,Pittsburgh Steelers,1984,56,70.1,70,70,71,89.3,100,generic_70_cluster|same_overall_cluster|no_clear_starters|no_stars|compressed_spread|no_recorded_starts,Full bio-only import (no starts/stats). Infer role from status+depth+exp; mark low_confidence/needs_review.
TB,Tampa Bay Buccaneers,1993,63,71,71,71,72,95.2,95.2,generic_70_cluster|same_overall_cluster|no_clear_starters|no_stars|compressed_spread|no_recorded_starts,Full bio-only import (no starts/stats). Infer role from status+depth+exp; mark low_confidence/needs_review.
NE,New England Patriots,1965,41,69,69,68,69,95.1,95.1,generic_70_cluster|same_overall_cluster|no_clear_starters|no_stars|compressed_spread|no_recorded_starts,Full bio-only import (no starts/stats). Infer role from status+depth+exp; mark low_confidence/needs_review.
PHI,Philadelphia Eagles,1972,54,70.1,70,70,71,88.9,100,generic_70_cluster|same_overall_cluster|no_clear_starters|no_stars|compressed_spread|no_recorded_starts,Full bio-only import (no starts/stats). Infer role from status+depth+exp; mark low_confidence/needs_review.
NO,New Orleans Saints,1980,54,69.1,69,69,70,88.9,100,generic_70_cluster|same_overall_cluster|no_clear_starters|no_stars|compressed_spread|no_recorded_starts,Full bio-only import (no starts/stats). Infer role from status+depth+exp; mark low_confidence/needs_review.
TB,Tampa Bay Buccaneers,1988,59,71.1,71,71,72,94.9,94.9,generic_70_cluster|same_overall_cluster|no_clear_starters|no_stars|compressed_spread|no_recorded_starts,Full bio-only import (no starts/stats). Infer role from status+depth+exp; mark low_confidence/needs_review.
TB,Tampa Bay Buccaneers,1997,59,71.1,71,71,72,94.9,94.9,generic_70_cluster|same_overall_cluster|no_clear_starters|no_stars|compressed_spread|no_recorded_starts,Full bio-only import (no starts/stats). Infer role from status+depth+exp; mark low_confidence/needs_review.
NO,New Orleans Saints,1975,51,69.9,70,69,70,88.2,100,generic_70_cluster|same_overall_cluster|no_clear_starters|no_stars|compressed_spread|no_recorded_starts,Full bio-only import (no starts/stats). Infer role from status+depth+exp; mark low_confidence/needs_review.
PIT,Pittsburgh Steelers,1986,51,70.1,70,70,71,88.2,100,generic_70_cluster|same_overall_cluster|no_clear_starters|no_stars|compressed_spread|no_recorded_starts,Full bio-only import (no starts/stats). Infer role from status+depth+exp; mark low_confidence/needs_review.
TB,Tampa Bay Buccaneers,1992,57,71.1,71,71,72,94.7,94.7,generic_70_cluster|same_overall_cluster|no_clear_starters|no_stars|compressed_spread|no_recorded_starts,Full bio-only import (no starts/stats). Infer role from status+depth+exp; mark low_confidence/needs_review.
NO,New Orleans Saints,1969,50,69.9,70,69,70,88,100,generic_70_cluster|same_overall_cluster|no_clear_starters|no_stars|compressed_spread|no_recorded_starts,Full bio-only import (no starts/stats). Infer role from status+depth+exp; mark low_confidence/needs_review.
SEA,Seattle Seahawks,1989,58,70.9,71,70,71,87.9,100,generic_70_cluster|same_overall_cluster|no_clear_starters|no_stars|compressed_spread|no_recorded_starts,Full bio-only import (no starts/stats). Infer role from status+depth+exp; mark low_confidence/needs_review.
PIT,Pittsburgh Steelers,1966,49,70.9,71,70,71,87.8,100,generic_70_cluster|same_overall_cluster|no_clear_starters|no_stars|compressed_spread|no_recorded_starts,Full bio-only import (no starts/stats). Infer role from status+depth+exp; mark low_confidence/needs_review.
NO,New Orleans Saints,1984,57,69.1,69,69,70,87.7,100,generic_70_cluster|same_overall_cluster|no_clear_starters|no_stars|compressed_spread|no_recorded_starts,Full bio-only import (no starts/stats). Infer role from status+depth+exp; mark low_confidence/needs_review.
PIT,Pittsburgh Steelers,1980,48,70.1,70,70,71,87.5,100,generic_70_cluster|same_overall_cluster|no_clear_starters|no_stars|compressed_spread|no_recorded_starts,Full bio-only import (no starts/stats). Infer role from status+depth+exp; mark low_confidence/needs_review.
NYJ,New York Jets,1985,56,69.9,70,69,70,87.5,100,generic_70_cluster|same_overall_cluster|no_clear_starters|no_stars|compressed_spread|no_recorded_starts,Full bio-only import (no starts/stats). Infer role from status+depth+exp; mark low_confidence/needs_review.
PIT,Pittsburgh Steelers,1991,56,70.1,70,70,71,87.5,100,generic_70_cluster|same_overall_cluster|no_clear_starters|no_stars|compressed_spread|no_recorded_starts,Full bio-only import (no starts/stats). Infer role from status+depth+exp; mark low_confidence/needs_review.
MIA,Miami Dolphins,1966,53,68.9,69,68,69,94.3,94.3,generic_70_cluster|same_overall_cluster|no_clear_starters|no_stars|compressed_spread|no_recorded_starts,Full bio-only import (no starts/stats). Infer role from status+depth+exp; mark low_confidence/needs_review.
NO,New Orleans Saints,1971,47,69.9,70,69,70,87.2,100,generic_70_cluster|same_overall_cluster|no_clear_starters|no_stars|compressed_spread|no_recorded_starts,Full bio-only import (no starts/stats). Infer role from status+depth+exp; mark low_confidence/needs_review.
NO,New Orleans Saints,1994,61,69.1,69,69,70,86.9,100,generic_70_cluster|same_overall_cluster|no_clear_starters|no_stars|compressed_spread|no_recorded_starts,Full bio-only import (no starts/stats). Infer role from status+depth+exp; mark low_confidence/needs_review.
NO,New Orleans Saints,1986,53,69.1,69,69,70,86.8,100,generic_70_cluster|same_overall_cluster|no_clear_starters|no_stars|compressed_spread|no_recorded_starts,Full bio-only import (no starts/stats). Infer role from status+depth+exp; mark low_confidence/needs_review.
PIT,Pittsburgh Steelers,1990,52,70.1,70,70,71,86.5,100,generic_70_cluster|same_overall_cluster|no_clear_starters|no_stars|compressed_spread|no_recorded_starts,Full bio-only import (no starts/stats). Infer role from status+depth+exp; mark low_confidence/needs_review.
NE,New England Patriots,1970,49,69.1,69,69,70,85.7,100,generic_70_cluster|same_overall_cluster|no_clear_starters|no_stars|compressed_spread|no_recorded_starts,Full bio-only import (no starts/stats). Infer role from status+depth+exp; mark low_confidence/needs_review.
NO,New Orleans Saints,1996,62,69.1,69,69,70,85.5,100,generic_70_cluster|same_overall_cluster|no_clear_starters|no_stars|compressed_spread|no_recorded_starts,Full bio-only import (no starts/stats). Infer role from status+depth+exp; mark low_confidence/needs_review.
NYG,New York Giants,1966,47,69.9,70,69,70,85.1,100,generic_70_cluster|same_overall_cluster|no_clear_starters|no_stars|compressed_spread|no_recorded_starts,Full bio-only import (no starts/stats). Infer role from status+depth+exp; mark low_confidence/needs_review.
MIN,Minnesota Vikings,1992,58,68.9,69,68,69,93.1,93.1,generic_70_cluster|same_overall_cluster|no_clear_starters|no_stars|compressed_spread|no_recorded_starts,Full bio-only import (no starts/stats). Infer role from status+depth+exp; mark low_confidence/needs_review.
MIN,Minnesota Vikings,1965,43,68.9,69,68,69,93,93,generic_70_cluster|same_overall_cluster|no_clear_starters|no_stars|compressed_spread|no_recorded_starts,Full bio-only import (no starts/stats). Infer role from status+depth+exp; mark low_confidence/needs_review.
NO,New Orleans Saints,1988,56,69.2,69,69,70,83.9,100,generic_70_cluster|same_overall_cluster|no_clear_starters|no_stars|compressed_spread|no_recorded_starts,Full bio-only import (no starts/stats). Infer role from status+depth+exp; mark low_confidence/needs_review.
NE,New England Patriots,1969,46,69.2,69,69,70,82.6,100,generic_70_cluster|same_overall_cluster|no_clear_starters|no_stars|compressed_spread|no_recorded_starts,Full bio-only import (no starts/stats). Infer role from status+depth+exp; mark low_confidence/needs_review.
NO,New Orleans Saints,1968,51,69.8,70,69,70,82.4,100,generic_70_cluster|same_overall_cluster|no_clear_starters|no_stars|compressed_spread|no_recorded_starts,Full bio-only import (no starts/stats). Infer role from status+depth+exp; mark low_confidence/needs_review.
NO,New Orleans Saints,1970,56,69.8,70,69,70,82.1,100,generic_70_cluster|same_overall_cluster|no_clear_starters|no_stars|compressed_spread|no_recorded_starts,Full bio-only import (no starts/stats). Infer role from status+depth+exp; mark low_confidence/needs_review.
PHI,Philadelphia Eagles,1966,44,70.1,70,69,71,84.1,100,generic_70_cluster|same_overall_cluster|no_clear_starters|no_stars|compressed_spread|no_recorded_starts,Full bio-only import (no starts/stats). Infer role from status+depth+exp; mark low_confidence/needs_review.
MIA,Miami Dolphins,1967,48,68.9,69,68,69,91.7,91.7,generic_70_cluster|same_overall_cluster|no_clear_starters|no_stars|compressed_spread|no_recorded_starts,Full bio-only import (no starts/stats). Infer role from status+depth+exp; mark low_confidence/needs_review.
MIN,Minnesota Vikings,1985,48,68.9,69,68,69,91.7,91.7,generic_70_cluster|same_overall_cluster|no_clear_starters|no_stars|compressed_spread|no_recorded_starts,Full bio-only import (no starts/stats). Infer role from status+depth+exp; mark low_confidence/needs_review.
NE,New England Patriots,1974,58,69.2,69,69,70,81,100,generic_70_cluster|same_overall_cluster|no_clear_starters|no_stars|compressed_spread|no_recorded_starts,Full bio-only import (no starts/stats). Infer role from status+depth+exp; mark low_confidence/needs_review.
SEA,Seattle Seahawks,1991,56,70.8,71,70,71,80.4,100,generic_70_cluster|same_overall_cluster|no_clear_starters|no_stars|compressed_spread|no_recorded_starts,Full bio-only import (no starts/stats). Infer role from status+depth+exp; mark low_confidence/needs_review.
NYG,New York Giants,1994,56,69.8,70,69,70,80.4,100,generic_70_cluster|same_overall_cluster|no_clear_starters|no_stars|compressed_spread|no_recorded_starts,Full bio-only import (no starts/stats). Infer role from status+depth+exp; mark low_confidence/needs_review.
NO,New Orleans Saints,1991,61,69.2,69,69,70,80.3,100,generic_70_cluster|same_overall_cluster|no_clear_starters|no_stars|compressed_spread|no_recorded_starts,Full bio-only import (no starts/stats). Infer role from status+depth+exp; mark low_confidence/needs_review.
NO,New Orleans Saints,1973,55,69.8,70,69,70,80,100,generic_70_cluster|same_overall_cluster|no_clear_starters|no_stars|compressed_spread|no_recorded_starts,Full bio-only import (no starts/stats). Infer role from status+depth+exp; mark low_confidence/needs_review.
SF,San Francisco 49ers,1978,50,70.8,71,70,71,80,100,generic_70_cluster|same_overall_cluster|no_clear_starters|no_stars|compressed_spread|no_recorded_starts,Full bio-only import (no starts/stats). Infer role from status+depth+exp; mark low_confidence/needs_review.
NYG,New York Giants,1979,55,69.8,70,69,70,80,100,generic_70_cluster|same_overall_cluster|no_clear_starters|no_stars|compressed_spread|no_recorded_starts,Full bio-only import (no starts/stats). Infer role from status+depth+exp; mark low_confidence/needs_review.
NYG,New York Giants,1978,51,69.8,70,69,70,78.4,100,generic_70_cluster|same_overall_cluster|no_clear_starters|no_stars|compressed_spread|no_recorded_starts,Full bio-only import (no starts/stats). Infer role from status+depth+exp; mark low_confidence/needs_review.
NYG,New York Giants,1989,51,69.8,70,69,70,78.4,100,generic_70_cluster|same_overall_cluster|no_clear_starters|no_stars|compressed_spread|no_recorded_starts,Full bio-only import (no starts/stats). Infer role from status+depth+exp; mark low_confidence/needs_review.
NYG,New York Giants,1996,60,69.8,70,69,70,78.3,100,generic_70_cluster|same_overall_cluster|no_clear_starters|no_stars|compressed_spread|no_recorded_starts,Full bio-only import (no starts/stats). Infer role from status+depth+exp; mark low_confidence/needs_review.
NYG,New York Giants,1991,58,69.8,70,69,70,77.6,100,generic_70_cluster|same_overall_cluster|no_clear_starters|no_stars|compressed_spread|no_recorded_starts,Full bio-only import (no starts/stats). Infer role from status+depth+exp; mark low_confidence/needs_review.
PIT,Pittsburgh Steelers,1997,57,70.2,70,70,71,77.2,100,generic_70_cluster|same_overall_cluster|no_clear_starters|no_stars|compressed_spread|no_recorded_starts,Full bio-only import (no starts/stats). Infer role from status+depth+exp; mark low_confidence/needs_review.
NYG,New York Giants,1984,52,69.8,70,69,70,76.9,100,generic_70_cluster|same_overall_cluster|no_clear_starters|no_stars|compressed_spread|no_recorded_starts,Full bio-only import (no starts/stats). Infer role from status+depth+exp; mark low_confidence/needs_review.
NYG,New York Giants,1990,52,69.8,70,69,70,76.9,100,generic_70_cluster|same_overall_cluster|no_clear_starters|no_stars|compressed_spread|no_recorded_starts,Full bio-only import (no starts/stats). Infer role from status+depth+exp; mark low_confidence/needs_review.
NYG,New York Giants,1988,56,69.8,70,69,70,76.8,100,generic_70_cluster|same_overall_cluster|no_clear_starters|no_stars|compressed_spread|no_recorded_starts,Full bio-only import (no starts/stats). Infer role from status+depth+exp; mark low_confidence/needs_review.
MIA,Miami Dolphins,1968,48,68.9,69,68,69,89.6,89.6,generic_70_cluster|same_overall_cluster|no_clear_starters|no_stars|compressed_spread|no_recorded_starts,Full bio-only import (no starts/stats). Infer role from status+depth+exp; mark low_confidence/needs_review.
PIT,Pittsburgh Steelers,1972,47,70.8,71,70,71,76.6,100,generic_70_cluster|same_overall_cluster|no_clear_starters|no_stars|compressed_spread|no_recorded_starts,Full bio-only import (no starts/stats). Infer role from status+depth+exp; mark low_confidence/needs_review.
NE,New England Patriots,1971,50,69.2,69,69,70,76,100,generic_70_cluster|same_overall_cluster|no_clear_starters|no_stars|compressed_spread|no_recorded_starts,Full bio-only import (no starts/stats). Infer role from status+depth+exp; mark low_confidence/needs_review.
NYG,New York Giants,1983,60,69.8,70,69,70,75,100,generic_70_cluster|same_overall_cluster|no_clear_starters|no_stars|compressed_spread|no_recorded_starts,Full bio-only import (no starts/stats). Infer role from status+depth+exp; mark low_confidence/needs_review.
LV,Las Vegas Raiders,1972,44,68.9,69,68,69,88.6,88.6,generic_70_cluster|same_overall_cluster|no_clear_starters|no_stars|compressed_spread|no_recorded_starts,Full bio-only import (no starts/stats). Infer role from status+depth+exp; mark low_confidence/needs_review.
NO,New Orleans Saints,1990,52,69.3,69,69,70,73.1,100,generic_70_cluster|same_overall_cluster|no_clear_starters|no_stars|compressed_spread|no_recorded_starts,Full bio-only import (no starts/stats). Infer role from status+depth+exp; mark low_confidence/needs_review.
TEN,Tennessee Titans,1972,50,71.1,71,71,72,88,88,generic_70_cluster|same_overall_cluster|no_clear_starters|no_stars|compressed_spread|no_recorded_starts,Full bio-only import (no starts/stats). Infer role from status+depth+exp; mark low_confidence/needs_review.
NO,New Orleans Saints,1978,55,69.3,69,69,70,72.7,100,generic_70_cluster|same_overall_cluster|no_clear_starters|no_stars|compressed_spread|no_recorded_starts,Full bio-only import (no starts/stats). Infer role from status+depth+exp; mark low_confidence/needs_review.
NYG,New York Giants,1976,51,69.7,70,69,70,72.5,100,generic_70_cluster|same_overall_cluster|no_clear_starters|no_stars|compressed_spread|no_recorded_starts,Full bio-only import (no starts/stats). Infer role from status+depth+exp; mark low_confidence/needs_review.
NYG,New York Giants,1992,58,69.7,70,69,70,72.4,100,generic_70_cluster|same_overall_cluster|no_clear_starters|no_stars|compressed_spread|no_recorded_starts,Full bio-only import (no starts/stats). Infer role from status+depth+exp; mark low_confidence/needs_review.
PHI,Philadelphia Eagles,1967,50,70.3,70,70,71,72,100,generic_70_cluster|same_overall_cluster|no_clear_starters|no_stars|compressed_spread|no_recorded_starts,Full bio-only import (no starts/stats). Infer role from status+depth+exp; mark low_confidence/needs_review.
PIT,Pittsburgh Steelers,1995,57,70.3,70,70,71,71.9,100,generic_70_cluster|same_overall_cluster|no_clear_starters|no_stars|compressed_spread|no_recorded_starts,Full bio-only import (no starts/stats). Infer role from status+depth+exp; mark low_confidence/needs_review.
SEA,Seattle Seahawks,1978,49,70.3,70,70,71,71.4,100,generic_70_cluster|same_overall_cluster|no_clear_starters|no_stars|compressed_spread|no_recorded_starts,Full bio-only import (no starts/stats). Infer role from status+depth+exp; mark low_confidence/needs_review.
NYG,New York Giants,1982,56,69.7,70,69,70,71.4,100,generic_70_cluster|same_overall_cluster|no_clear_starters|no_stars|compressed_spread|no_recorded_starts,Full bio-only import (no starts/stats). Infer role from status+depth+exp; mark low_confidence/needs_review.
NYG,New York Giants,1980,69,69.7,70,69,70,71,100,generic_70_cluster|same_overall_cluster|no_clear_starters|no_stars|compressed_spread|no_recorded_starts,Full bio-only import (no starts/stats). Infer role from status+depth+exp; mark low_confidence/needs_review.
PHI,Philadelphia Eagles,1973,50,70.3,70,70,71,70,100,generic_70_cluster|same_overall_cluster|no_clear_starters|no_stars|compressed_spread|no_recorded_starts,Full bio-only import (no starts/stats). Infer role from status+depth+exp; mark low_confidence/needs_review.
SEA,Seattle Seahawks,1994,69,70.7,71,70,71,69.6,100,generic_70_cluster|same_overall_cluster|no_clear_starters|no_stars|compressed_spread|no_recorded_starts,Full bio-only import (no starts/stats). Infer role from status+depth+exp; mark low_confidence/needs_review.
SEA,Seattle Seahawks,1986,52,70.7,71,70,71,69.2,100,generic_70_cluster|same_overall_cluster|no_clear_starters|no_stars|compressed_spread|no_recorded_starts,Full bio-only import (no starts/stats). Infer role from status+depth+exp; mark low_confidence/needs_review.
NO,New Orleans Saints,1967,55,69.7,70,69,70,69.1,100,generic_70_cluster|same_overall_cluster|no_clear_starters|no_stars|compressed_spread|no_recorded_starts,Full bio-only import (no starts/stats). Infer role from status+depth+exp; mark low_confidence/needs_review.
NO,New Orleans Saints,1989,55,69.3,69,69,70,69.1,100,generic_70_cluster|same_overall_cluster|no_clear_starters|no_stars|compressed_spread|no_recorded_starts,Full bio-only import (no starts/stats). Infer role from status+depth+exp; mark low_confidence/needs_review.
NYG,New York Giants,1987,106,69.7,70,69,70,68.9,100,generic_70_cluster|same_overall_cluster|no_clear_starters|no_stars|compressed_spread|no_recorded_starts,Full bio-only import (no starts/stats). Infer role from status+depth+exp; mark low_confidence/needs_review.
NE,New England Patriots,1975,48,69.3,69,69,70,68.8,100,generic_70_cluster|same_overall_cluster|no_clear_starters|no_stars|compressed_spread|no_recorded_starts,Full bio-only import (no starts/stats). Infer role from status+depth+exp; mark low_confidence/needs_review.
NYG,New York Giants,1977,48,69.7,70,69,70,68.8,100,generic_70_cluster|same_overall_cluster|no_clear_starters|no_stars|compressed_spread|no_recorded_starts,Full bio-only import (no starts/stats). Infer role from status+depth+exp; mark low_confidence/needs_review.
NYG,New York Giants,1986,51,69.7,70,69,70,68.6,100,generic_70_cluster|same_overall_cluster|no_clear_starters|no_stars|compressed_spread|no_recorded_starts,Full bio-only import (no starts/stats). Infer role from status+depth+exp; mark low_confidence/needs_review.
SEA,Seattle Seahawks,1985,54,70.3,70,70,71,68.5,100,generic_70_cluster|same_overall_cluster|no_clear_starters|no_stars|compressed_spread|no_recorded_starts,Full bio-only import (no starts/stats). Infer role from status+depth+exp; mark low_confidence/needs_review.
MIA,Miami Dolphins,1988,57,68.9,69,68,69,86,86,generic_70_cluster|same_overall_cluster|no_clear_starters|no_stars|compressed_spread|no_recorded_starts,Full bio-only import (no starts/stats). Infer role from status+depth+exp; mark low_confidence/needs_review.
LV,Las Vegas Raiders,1998,57,68.9,69,68,69,86,86,generic_70_cluster|same_overall_cluster|no_clear_starters|no_stars|compressed_spread|no_recorded_starts,Full bio-only import (no starts/stats). Infer role from status+depth+exp; mark low_confidence/needs_review.
SEA,Seattle Seahawks,1977,50,70.7,71,70,71,68,100,generic_70_cluster|same_overall_cluster|no_clear_starters|no_stars|compressed_spread|no_recorded_starts,Full bio-only import (no starts/stats). Infer role from status+depth+exp; mark low_confidence/needs_review.
SEA,Seattle Seahawks,1988,53,70.7,71,70,71,67.9,100,generic_70_cluster|same_overall_cluster|no_clear_starters|no_stars|compressed_spread|no_recorded_starts,Full bio-only import (no starts/stats). Infer role from status+depth+exp; mark low_confidence/needs_review.
LV,Las Vegas Raiders,1968,49,68.9,69,68,69,85.7,85.7,generic_70_cluster|same_overall_cluster|no_clear_starters|no_stars|compressed_spread|no_recorded_starts,Full bio-only import (no starts/stats). Infer role from status+depth+exp; mark low_confidence/needs_review.
SEA,Seattle Seahawks,1980,49,70.7,71,70,71,67.3,100,generic_70_cluster|same_overall_cluster|no_clear_starters|no_stars|compressed_spread|no_recorded_starts,Full bio-only import (no starts/stats). Infer role from status+depth+exp; mark low_confidence/needs_review.
SEA,Seattle Seahawks,1982,52,70.7,71,70,71,67.3,100,generic_70_cluster|same_overall_cluster|no_clear_starters|no_stars|compressed_spread|no_recorded_starts,Full bio-only import (no starts/stats). Infer role from status+depth+exp; mark low_confidence/needs_review.
SEA,Seattle Seahawks,1983,52,70.7,71,70,71,67.3,100,generic_70_cluster|same_overall_cluster|no_clear_starters|no_stars|compressed_spread|no_recorded_starts,Full bio-only import (no starts/stats). Infer role from status+depth+exp; mark low_confidence/needs_review.
PIT,Pittsburgh Steelers,1989,52,70.3,70,70,71,67.3,100,generic_70_cluster|same_overall_cluster|no_clear_starters|no_stars|compressed_spread|no_recorded_starts,Full bio-only import (no starts/stats). Infer role from status+depth+exp; mark low_confidence/needs_review.
SEA,Seattle Seahawks,1990,57,70.7,71,70,71,66.7,100,generic_70_cluster|same_overall_cluster|no_clear_starters|no_stars|compressed_spread|no_recorded_starts,Full bio-only import (no starts/stats). Infer role from status+depth+exp; mark low_confidence/needs_review.
PIT,Pittsburgh Steelers,1998,57,70.3,70,70,71,66.7,100,generic_70_cluster|same_overall_cluster|no_clear_starters|no_stars|compressed_spread|no_recorded_starts,Full bio-only import (no starts/stats). Infer role from status+depth+exp; mark low_confidence/needs_review.
SEA,Seattle Seahawks,1984,56,70.7,71,70,71,66.1,100,generic_70_cluster|same_overall_cluster|no_clear_starters|no_stars|compressed_spread|no_recorded_starts,Full bio-only import (no starts/stats). Infer role from status+depth+exp; mark low_confidence/needs_review.
SEA,Seattle Seahawks,1987,112,70.7,71,70,71,66.1,100,generic_70_cluster|same_overall_cluster|no_clear_starters|no_stars|compressed_spread|no_recorded_starts,Full bio-only import (no starts/stats). Infer role from status+depth+exp; mark low_confidence/needs_review.
SEA,Seattle Seahawks,1979,52,70.7,71,70,71,65.4,100,generic_70_cluster|same_overall_cluster|no_clear_starters|no_stars|compressed_spread|no_recorded_starts,Full bio-only import (no starts/stats). Infer role from status+depth+exp; mark low_confidence/needs_review.
MIA,Miami Dolphins,1989,58,68.8,69,68,69,84.5,84.5,generic_70_cluster|same_overall_cluster|no_clear_starters|no_stars|compressed_spread|no_recorded_starts,Full bio-only import (no starts/stats). Infer role from status+depth+exp; mark low_confidence/needs_review.
NYG,New York Giants,1985,51,69.4,69,69,70,64.7,100,generic_70_cluster|same_overall_cluster|no_clear_starters|no_stars|compressed_spread|no_recorded_starts,Full bio-only import (no starts/stats). Infer role from status+depth+exp; mark low_confidence/needs_review.
MIA,Miami Dolphins,1991,62,68.8,69,68,69,83.9,83.9,generic_70_cluster|same_overall_cluster|no_clear_starters|no_stars|compressed_spread|no_recorded_starts,Full bio-only import (no starts/stats). Infer role from status+depth+exp; mark low_confidence/needs_review.
SEA,Seattle Seahawks,1992,63,70.6,71,70,71,63.5,100,generic_70_cluster|same_overall_cluster|no_clear_starters|no_stars|compressed_spread|no_recorded_starts,Full bio-only import (no starts/stats). Infer role from status+depth+exp; mark low_confidence/needs_review.
PHI,Philadelphia Eagles,1970,49,70.4,70,70,71,63.3,100,generic_70_cluster|same_overall_cluster|no_clear_starters|no_stars|compressed_spread|no_recorded_starts,Full bio-only import (no starts/stats). Infer role from status+depth+exp; mark low_confidence/needs_review.
NO,New Orleans Saints,1998,60,69.6,70,69,70,63.3,100,generic_70_cluster|same_overall_cluster|no_clear_starters|no_stars|compressed_spread|no_recorded_starts,Full bio-only import (no starts/stats). Infer role from status+depth+exp; mark low_confidence/needs_review.
MIA,Miami Dolphins,1994,59,68.8,69,68,69,83.1,83.1,generic_70_cluster|same_overall_cluster|no_clear_starters|no_stars|compressed_spread|no_recorded_starts,Full bio-only import (no starts/stats). Infer role from status+depth+exp; mark low_confidence/needs_review.
SEA,Seattle Seahawks,1996,63,70.6,71,70,71,61.9,100,generic_70_cluster|same_overall_cluster|no_clear_starters|no_stars|compressed_spread|no_recorded_starts,Full bio-only import (no starts/stats). Infer role from status+depth+exp; mark low_confidence/needs_review.
SEA,Seattle Seahawks,1976,47,70.6,71,70,71,61.7,100,generic_70_cluster|same_overall_cluster|no_clear_starters|no_stars|compressed_spread|no_recorded_starts,Full bio-only import (no starts/stats). Infer role from status+depth+exp; mark low_confidence/needs_review.
NYG,New York Giants,1993,59,69.6,70,69,70,61,100,generic_70_cluster|same_overall_cluster|no_clear_starters|no_stars|compressed_spread|no_recorded_starts,Full bio-only import (no starts/stats). Infer role from status+depth+exp; mark low_confidence/needs_review.
TEN,Tennessee Titans,1989,51,71.2,71,71,72,82.4,82.4,generic_70_cluster|same_overall_cluster|no_clear_starters|no_stars|compressed_spread|no_recorded_starts,Full bio-only import (no starts/stats). Infer role from status+depth+exp; mark low_confidence/needs_review.
MIA,Miami Dolphins,1979,49,68.8,69,68,69,81.6,81.6,generic_70_cluster|same_overall_cluster|no_clear_starters|no_stars|compressed_spread|no_recorded_starts,Full bio-only import (no starts/stats). Infer role from status+depth+exp; mark low_confidence/needs_review.
MIA,Miami Dolphins,1978,48,68.8,69,68,69,81.3,81.3,generic_70_cluster|same_overall_cluster|no_clear_starters|no_stars|compressed_spread|no_recorded_starts,Full bio-only import (no starts/stats). Infer role from status+depth+exp; mark low_confidence/needs_review.
NE,New England Patriots,1968,49,69.4,69,69,70,57.1,100,generic_70_cluster|same_overall_cluster|no_clear_starters|no_stars|compressed_spread|no_recorded_starts,Full bio-only import (no starts/stats). Infer role from status+depth+exp; mark low_confidence/needs_review.
SEA,Seattle Seahawks,1993,60,70.6,71,70,71,56.7,100,generic_70_cluster|same_overall_cluster|no_clear_starters|no_stars|compressed_spread|no_recorded_starts,Full bio-only import (no starts/stats). Infer role from status+depth+exp; mark low_confidence/needs_review.
LV,Las Vegas Raiders,1995,57,68.8,69,68,69,80.7,80.7,generic_70_cluster|same_overall_cluster|no_clear_starters|no_stars|compressed_spread|no_recorded_starts,Full bio-only import (no starts/stats). Infer role from status+depth+exp; mark low_confidence/needs_review.
NYG,New York Giants,1965,46,69.6,70,69,70,56.5,100,generic_70_cluster|same_overall_cluster|no_clear_starters|no_stars|compressed_spread|no_recorded_starts,Full bio-only import (no starts/stats). Infer role from status+depth+exp; mark low_confidence/needs_review.
NO,New Orleans Saints,1995,59,69.6,70,69,70,55.9,100,generic_70_cluster|same_overall_cluster|no_clear_starters|no_stars|compressed_spread|no_recorded_starts,Full bio-only import (no starts/stats). Infer role from status+depth+exp; mark low_confidence/needs_review.
PHI,Philadelphia Eagles,1969,46,70.5,70,70,71,54.3,100,generic_70_cluster|same_overall_cluster|no_clear_starters|no_stars|compressed_spread|no_recorded_starts,Full bio-only import (no starts/stats). Infer role from status+depth+exp; mark low_confidence/needs_review.
PHI,Philadelphia Eagles,1974,48,70.5,70,70,71,54.2,100,generic_70_cluster|same_overall_cluster|no_clear_starters|no_stars|compressed_spread|no_recorded_starts,Full bio-only import (no starts/stats). Infer role from status+depth+exp; mark low_confidence/needs_review.
LV,Las Vegas Raiders,1971,49,68.8,69,68,69,79.6,79.6,generic_70_cluster|same_overall_cluster|no_clear_starters|no_stars|compressed_spread|no_recorded_starts,Full bio-only import (no starts/stats). Infer role from status+depth+exp; mark low_confidence/needs_review.
PHI,Philadelphia Eagles,1971,52,70.5,70,70,71,53.8,100,generic_70_cluster|same_overall_cluster|no_clear_starters|no_stars|compressed_spread|no_recorded_starts,Full bio-only import (no starts/stats). Infer role from status+depth+exp; mark low_confidence/needs_review.
NE,New England Patriots,1966,43,69.5,70,69,70,53.5,100,generic_70_cluster|same_overall_cluster|no_clear_starters|no_stars|compressed_spread|no_recorded_starts,Full bio-only import (no starts/stats). Infer role from status+depth+exp; mark low_confidence/needs_review.
MIA,Miami Dolphins,1990,58,68.8,69,68,69,79.3,79.3,generic_70_cluster|same_overall_cluster|no_clear_starters|no_stars|compressed_spread|no_recorded_starts,Full bio-only import (no starts/stats). Infer role from status+depth+exp; mark low_confidence/needs_review.
NO,New Orleans Saints,1997,62,69.5,69,69,70,53.2,100,generic_70_cluster|same_overall_cluster|no_clear_starters|no_stars|compressed_spread|no_recorded_starts,Full bio-only import (no starts/stats). Infer role from status+depth+exp; mark low_confidence/needs_review.
NO,New Orleans Saints,1972,53,69.5,70,69,70,52.8,100,generic_70_cluster|same_overall_cluster|no_clear_starters|no_stars|compressed_spread|no_recorded_starts,Full bio-only import (no starts/stats). Infer role from status+depth+exp; mark low_confidence/needs_review.
PHI,Philadelphia Eagles,1975,50,70.5,71,70,71,52,100,generic_70_cluster|same_overall_cluster|no_clear_starters|no_stars|compressed_spread|no_recorded_starts,Full bio-only import (no starts/stats). Infer role from status+depth+exp; mark low_confidence/needs_review.
NYG,New York Giants,1981,50,69.5,70,69,70,52,100,generic_70_cluster|same_overall_cluster|no_clear_starters|no_stars|compressed_spread|no_recorded_starts,Full bio-only import (no starts/stats). Infer role from status+depth+exp; mark low_confidence/needs_review.
PIT,Pittsburgh Steelers,1965,49,70.4,70,69,71,53.1,100,generic_70_cluster|same_overall_cluster|no_clear_starters|no_stars|compressed_spread|no_recorded_starts,Full bio-only import (no starts/stats). Infer role from status+depth+exp; mark low_confidence/needs_review.
MIA,Miami Dolphins,1976,50,68.8,69,68,69,78,78,generic_70_cluster|same_overall_cluster|no_clear_starters|no_stars|compressed_spread|no_recorded_starts,Full bio-only import (no starts/stats). Infer role from status+depth+exp; mark low_confidence/needs_review.
MIA,Miami Dolphins,1984,54,68.8,69,68,69,77.8,77.8,generic_70_cluster|same_overall_cluster|no_clear_starters|no_stars|compressed_spread|no_recorded_starts,Full bio-only import (no starts/stats). Infer role from status+depth+exp; mark low_confidence/needs_review.
PHI,Philadelphia Eagles,1968,46,70.5,70.5,70,71,50,100,generic_70_cluster|same_overall_cluster|no_clear_starters|no_stars|compressed_spread|no_recorded_starts,Full bio-only import (no starts/stats). Infer role from status+depth+exp; mark low_confidence/needs_review.
SEA,Seattle Seahawks,1981,54,70.5,70.5,70,71,50,100,generic_70_cluster|same_overall_cluster|no_clear_starters|no_stars|compressed_spread|no_recorded_starts,Full bio-only import (no starts/stats). Infer role from status+depth+exp; mark low_confidence/needs_review.
LV,Las Vegas Raiders,1966,44,68.8,69,68,69,77.3,77.3,generic_70_cluster|same_overall_cluster|no_clear_starters|no_stars|compressed_spread|no_recorded_starts,Full bio-only import (no starts/stats). Infer role from status+depth+exp; mark low_confidence/needs_review.
MIA,Miami Dolphins,1992,56,68.8,69,68,69,76.8,76.8,generic_70_cluster|same_overall_cluster|no_clear_starters|no_stars|compressed_spread|no_recorded_starts,Full bio-only import (no starts/stats). Infer role from status+depth+exp; mark low_confidence/needs_review.
LV,Las Vegas Raiders,1969,43,68.8,69,68,69,76.7,76.7,generic_70_cluster|same_overall_cluster|no_clear_starters|no_stars|compressed_spread|no_recorded_starts,Full bio-only import (no starts/stats). Infer role from status+depth+exp; mark low_confidence/needs_review.
LV,Las Vegas Raiders,1975,47,68.8,69,68,69,76.6,76.6,generic_70_cluster|same_overall_cluster|no_clear_starters|no_stars|compressed_spread|no_recorded_starts,Full bio-only import (no starts/stats). Infer role from status+depth+exp; mark low_confidence/needs_review.
TEN,Tennessee Titans,1985,51,71.2,71,71,72,76.5,76.5,generic_70_cluster|same_overall_cluster|no_clear_starters|no_stars|compressed_spread|no_recorded_starts,Full bio-only import (no starts/stats). Infer role from status+depth+exp; mark low_confidence/needs_review.
TEN,Tennessee Titans,1978,53,71.2,71,71,72,75.5,75.5,generic_70_cluster|same_overall_cluster|no_clear_starters|no_stars|compressed_spread|no_recorded_starts,Full bio-only import (no starts/stats). Infer role from status+depth+exp; mark low_confidence/needs_review.
LV,Las Vegas Raiders,1965,42,68.7,69,68,69,73.8,73.8,generic_70_cluster|same_overall_cluster|no_clear_starters|no_stars|compressed_spread|no_recorded_starts,Full bio-only import (no starts/stats). Infer role from status+depth+exp; mark low_confidence/needs_review.
LV,Las Vegas Raiders,1974,49,68.7,69,68,69,73.5,73.5,generic_70_cluster|same_overall_cluster|no_clear_starters|no_stars|compressed_spread|no_recorded_starts,Full bio-only import (no starts/stats). Infer role from status+depth+exp; mark low_confidence/needs_review.
MIA,Miami Dolphins,1982,51,68.7,69,68,69,72.5,72.5,generic_70_cluster|same_overall_cluster|no_clear_starters|no_stars|compressed_spread|no_recorded_starts,Full bio-only import (no starts/stats). Infer role from status+depth+exp; mark low_confidence/needs_review.
MIA,Miami Dolphins,1986,57,68.7,69,68,69,71.9,71.9,generic_70_cluster|same_overall_cluster|no_clear_starters|no_stars|compressed_spread|no_recorded_starts,Full bio-only import (no starts/stats). Infer role from status+depth+exp; mark low_confidence/needs_review.
LV,Las Vegas Raiders,1997,57,68.7,69,68,69,71.9,71.9,generic_70_cluster|same_overall_cluster|no_clear_starters|no_stars|compressed_spread|no_recorded_starts,Full bio-only import (no starts/stats). Infer role from status+depth+exp; mark low_confidence/needs_review.
MIA,Miami Dolphins,1983,53,68.7,69,68,69,71.7,71.7,generic_70_cluster|same_overall_cluster|no_clear_starters|no_stars|compressed_spread|no_recorded_starts,Full bio-only import (no starts/stats). Infer role from status+depth+exp; mark low_confidence/needs_review.
MIA,Miami Dolphins,1993,61,68.7,69,68,69,70.5,70.5,generic_70_cluster|same_overall_cluster|no_clear_starters|no_stars|compressed_spread|no_recorded_starts,Full bio-only import (no starts/stats). Infer role from status+depth+exp; mark low_confidence/needs_review.
MIA,Miami Dolphins,1977,51,68.7,69,68,69,68.6,68.6,generic_70_cluster|same_overall_cluster|no_clear_starters|no_stars|compressed_spread|no_recorded_starts,Full bio-only import (no starts/stats). Infer role from status+depth+exp; mark low_confidence/needs_review.
MIA,Miami Dolphins,1980,53,68.7,69,68,69,67.9,67.9,generic_70_cluster|same_overall_cluster|no_clear_starters|no_stars|compressed_spread|no_recorded_starts,Full bio-only import (no starts/stats). Infer role from status+depth+exp; mark low_confidence/needs_review.
LV,Las Vegas Raiders,1973,43,68.7,69,68,69,67.4,67.4,generic_70_cluster|same_overall_cluster|no_clear_starters|no_stars|compressed_spread|no_recorded_starts,Full bio-only import (no starts/stats). Infer role from status+depth+exp; mark low_confidence/needs_review.
MIA,Miami Dolphins,1987,107,68.7,69,68,69,67.3,67.3,generic_70_cluster|same_overall_cluster|no_clear_starters|no_stars|compressed_spread|no_recorded_starts,Full bio-only import (no starts/stats). Infer role from status+depth+exp; mark low_confidence/needs_review.
LV,Las Vegas Raiders,1970,44,68.7,69,68,69,65.9,65.9,generic_70_cluster|same_overall_cluster|no_clear_starters|no_stars|compressed_spread|no_recorded_starts,Full bio-only import (no starts/stats). Infer role from status+depth+exp; mark low_confidence/needs_review.
MIA,Miami Dolphins,1981,50,68.6,69,68,69,64,64,generic_70_cluster|same_overall_cluster|no_clear_starters|no_stars|compressed_spread|no_recorded_starts,Full bio-only import (no starts/stats). Infer role from status+depth+exp; mark low_confidence/needs_review.
TEN,Tennessee Titans,1965,47,71.4,71,71,72,63.8,63.8,generic_70_cluster|same_overall_cluster|no_clear_starters|no_stars|compressed_spread|no_recorded_starts,Full bio-only import (no starts/stats). Infer role from status+depth+exp; mark low_confidence/needs_review.
TEN,Tennessee Titans,1996,55,71.4,71,71,72,63.6,63.6,generic_70_cluster|same_overall_cluster|no_clear_starters|no_stars|compressed_spread|no_recorded_starts,Full bio-only import (no starts/stats). Infer role from status+depth+exp; mark low_confidence/needs_review.
TEN,Tennessee Titans,1974,50,71.5,71.5,71,72,50,50,generic_70_cluster|same_overall_cluster|no_clear_starters|no_stars|compressed_spread|no_recorded_starts,Full bio-only import (no starts/stats). Infer role from status+depth+exp; mark low_confidence/needs_review.
TEN,Tennessee Titans,1992,48,71.5,71.5,71,72,50,50,generic_70_cluster|same_overall_cluster|no_clear_starters|no_stars|compressed_spread|no_recorded_starts,Full bio-only import (no starts/stats). Infer role from status+depth+exp; mark low_confidence/needs_review.
TEN,Tennessee Titans,1973,59,71.5,72,71,72,50.8,49.2,generic_70_cluster|same_overall_cluster|no_clear_starters|no_stars|compressed_spread|no_recorded_starts,Full bio-only import (no starts/stats). Infer role from status+depth+exp; mark low_confidence/needs_review.
TEN,Tennessee Titans,1981,49,71.5,72,71,72,51,49,generic_70_cluster|same_overall_cluster|no_clear_starters|no_stars|compressed_spread|no_recorded_starts,Full bio-only import (no starts/stats). Infer role from status+depth+exp; mark low_confidence/needs_review.
LAC,Los Angeles Chargers,1972,51,68.5,68,68,69,52.9,47.1,generic_70_cluster|same_overall_cluster|no_clear_starters|no_stars|compressed_spread|no_recorded_starts,Full bio-only import (no starts/stats). Infer role from status+depth+exp; mark low_confidence/needs_review.
TEN,Tennessee Titans,1966,47,71.5,72,71,72,53.2,46.8,generic_70_cluster|same_overall_cluster|no_clear_starters|no_stars|compressed_spread|no_recorded_starts,Full bio-only import (no starts/stats). Infer role from status+depth+exp; mark low_confidence/needs_review.
TEN,Tennessee Titans,1967,44,71.5,72,71,72,54.5,45.5,generic_70_cluster|same_overall_cluster|no_clear_starters|no_stars|compressed_spread|no_recorded_starts,Full bio-only import (no starts/stats). Infer role from status+depth+exp; mark low_confidence/needs_review.
TEN,Tennessee Titans,1971,47,71.6,72,71,72,55.3,44.7,generic_70_cluster|same_overall_cluster|no_clear_starters|no_stars|compressed_spread|no_recorded_starts,Full bio-only import (no starts/stats). Infer role from status+depth+exp; mark low_confidence/needs_review.
TEN,Tennessee Titans,1970,47,71.6,72,71,72,57.4,42.6,generic_70_cluster|same_overall_cluster|no_clear_starters|no_stars|compressed_spread|no_recorded_starts,Full bio-only import (no starts/stats). Infer role from status+depth+exp; mark low_confidence/needs_review.
TEN,Tennessee Titans,1987,101,71.6,72,71,72,57.4,42.6,generic_70_cluster|same_overall_cluster|no_clear_starters|no_stars|compressed_spread|no_recorded_starts,Full bio-only import (no starts/stats). Infer role from status+depth+exp; mark low_confidence/needs_review.
TEN,Tennessee Titans,1975,46,71.6,72,71,72,58.7,41.3,generic_70_cluster|same_overall_cluster|no_clear_starters|no_stars|compressed_spread|no_recorded_starts,Full bio-only import (no starts/stats). Infer role from status+depth+exp; mark low_confidence/needs_review.
TEN,Tennessee Titans,1986,56,71.6,72,71,72,58.9,41.1,generic_70_cluster|same_overall_cluster|no_clear_starters|no_stars|compressed_spread|no_recorded_starts,Full bio-only import (no starts/stats). Infer role from status+depth+exp; mark low_confidence/needs_review.
TEN,Tennessee Titans,1993,56,71.6,72,71,72,60.7,39.3,generic_70_cluster|same_overall_cluster|no_clear_starters|no_stars|compressed_spread|no_recorded_starts,Full bio-only import (no starts/stats). Infer role from status+depth+exp; mark low_confidence/needs_review.
TEN,Tennessee Titans,1968,50,71.6,72,71,72,62,38,generic_70_cluster|same_overall_cluster|no_clear_starters|no_stars|compressed_spread|no_recorded_starts,Full bio-only import (no starts/stats). Infer role from status+depth+exp; mark low_confidence/needs_review.
TEN,Tennessee Titans,1977,50,71.6,72,71,72,62,38,generic_70_cluster|same_overall_cluster|no_clear_starters|no_stars|compressed_spread|no_recorded_starts,Full bio-only import (no starts/stats). Infer role from status+depth+exp; mark low_confidence/needs_review.
TEN,Tennessee Titans,1990,50,71.6,72,71,72,62,38,generic_70_cluster|same_overall_cluster|no_clear_starters|no_stars|compressed_spread|no_recorded_starts,Full bio-only import (no starts/stats). Infer role from status+depth+exp; mark low_confidence/needs_review.
TEN,Tennessee Titans,1969,45,71.6,72,71,72,62.2,37.8,generic_70_cluster|same_overall_cluster|no_clear_starters|no_stars|compressed_spread|no_recorded_starts,Full bio-only import (no starts/stats). Infer role from status+depth+exp; mark low_confidence/needs_review.
LV,Las Vegas Raiders,1967,43,68.4,68,68,69,62.8,37.2,generic_70_cluster|same_overall_cluster|no_clear_starters|no_stars|compressed_spread|no_recorded_starts,Full bio-only import (no starts/stats). Infer role from status+depth+exp; mark low_confidence/needs_review.
MIA,Miami Dolphins,1985,53,68.4,68,68,69,64.2,35.8,generic_70_cluster|same_overall_cluster|no_clear_starters|no_stars|compressed_spread|no_recorded_starts,Full bio-only import (no starts/stats). Infer role from status+depth+exp; mark low_confidence/needs_review.
TEN,Tennessee Titans,1988,51,71.7,72,71,72,66.7,33.3,generic_70_cluster|same_overall_cluster|no_clear_starters|no_stars|compressed_spread|no_recorded_starts,Full bio-only import (no starts/stats). Infer role from status+depth+exp; mark low_confidence/needs_review.
TEN,Tennessee Titans,1982,52,71.7,72,71,72,69.2,30.8,generic_70_cluster|same_overall_cluster|no_clear_starters|no_stars|compressed_spread|no_recorded_starts,Full bio-only import (no starts/stats). Infer role from status+depth+exp; mark low_confidence/needs_review.
TEN,Tennessee Titans,1984,56,71.7,72,71,72,69.6,30.4,generic_70_cluster|same_overall_cluster|no_clear_starters|no_stars|compressed_spread|no_recorded_starts,Full bio-only import (no starts/stats). Infer role from status+depth+exp; mark low_confidence/needs_review.
TEN,Tennessee Titans,1994,56,71.7,72,71,72,69.6,30.4,generic_70_cluster|same_overall_cluster|no_clear_starters|no_stars|compressed_spread|no_recorded_starts,Full bio-only import (no starts/stats). Infer role from status+depth+exp; mark low_confidence/needs_review.
TEN,Tennessee Titans,1976,50,71.7,72,71,72,70,30,generic_70_cluster|same_overall_cluster|no_clear_starters|no_stars|compressed_spread|no_recorded_starts,Full bio-only import (no starts/stats). Infer role from status+depth+exp; mark low_confidence/needs_review.
TEN,Tennessee Titans,1979,53,71.7,72,71,72,71.7,28.3,generic_70_cluster|same_overall_cluster|no_clear_starters|no_stars|compressed_spread|no_recorded_starts,Full bio-only import (no starts/stats). Infer role from status+depth+exp; mark low_confidence/needs_review.
TEN,Tennessee Titans,1980,51,71.7,72,71,72,72.5,27.5,generic_70_cluster|same_overall_cluster|no_clear_starters|no_stars|compressed_spread|no_recorded_starts,Full bio-only import (no starts/stats). Infer role from status+depth+exp; mark low_confidence/needs_review.
TEN,Tennessee Titans,1991,51,71.7,72,71,72,72.5,27.5,generic_70_cluster|same_overall_cluster|no_clear_starters|no_stars|compressed_spread|no_recorded_starts,Full bio-only import (no starts/stats). Infer role from status+depth+exp; mark low_confidence/needs_review.
LV,Las Vegas Raiders,1996,58,68.3,68,68,69,74.1,25.9,generic_70_cluster|same_overall_cluster|no_clear_starters|no_stars|compressed_spread|no_recorded_starts,Full bio-only import (no starts/stats). Infer role from status+depth+exp; mark low_confidence/needs_review.
TEN,Tennessee Titans,1998,55,71.7,72,71,72,74.5,25.5,generic_70_cluster|same_overall_cluster|no_clear_starters|no_stars|compressed_spread|no_recorded_starts,Full bio-only import (no starts/stats). Infer role from status+depth+exp; mark low_confidence/needs_review.
TEN,Tennessee Titans,1983,57,71.8,72,71,72,75.4,24.6,same_overall_cluster|no_clear_starters|no_stars|compressed_spread|no_recorded_starts,Re-generate with role+production separation; verify starters vs depth.
LAC,Los Angeles Chargers,1968,54,68.2,68,68,69,77.8,22.2,same_overall_cluster|no_clear_starters|no_stars|compressed_spread|no_recorded_starts,Re-generate with role+production separation; verify starters vs depth.
TEN,Tennessee Titans,1995,59,71.8,72,71,72,78,22,same_overall_cluster|no_clear_starters|no_stars|compressed_spread|no_recorded_starts,Re-generate with role+production separation; verify starters vs depth.
LV,Las Vegas Raiders,1988,56,68.2,68,68,69,80.4,19.6,same_overall_cluster|no_clear_starters|no_stars|compressed_spread|no_recorded_starts,Re-generate with role+production separation; verify starters vs depth.
LV,Las Vegas Raiders,1978,52,68.2,68,68,69,80.8,19.2,same_overall_cluster|no_clear_starters|no_stars|compressed_spread|no_recorded_starts,Re-generate with role+production separation; verify starters vs depth.
LV,Las Vegas Raiders,1989,57,68.2,68,68,69,80.7,19.3,same_overall_cluster|no_clear_starters|no_stars|compressed_spread|no_recorded_starts,Re-generate with role+production separation; verify starters vs depth.
LAC,Los Angeles Chargers,1995,54,68.2,68,68,69,81.5,18.5,same_overall_cluster|no_clear_starters|no_stars|compressed_spread|no_recorded_starts,Re-generate with role+production separation; verify starters vs depth.
LV,Las Vegas Raiders,1980,49,68.2,68,68,69,81.6,18.4,same_overall_cluster|no_clear_starters|no_stars|compressed_spread|no_recorded_starts,Re-generate with role+production separation; verify starters vs depth.
LAC,Los Angeles Chargers,1998,60,68.2,68,68,69,81.7,18.3,same_overall_cluster|no_clear_starters|no_stars|compressed_spread|no_recorded_starts,Re-generate with role+production separation; verify starters vs depth.
LV,Las Vegas Raiders,1977,50,68.2,68,68,69,82,18,same_overall_cluster|no_clear_starters|no_stars|compressed_spread|no_recorded_starts,Re-generate with role+production separation; verify starters vs depth.
LV,Las Vegas Raiders,1981,50,68.2,68,68,69,82,18,same_overall_cluster|no_clear_starters|no_stars|compressed_spread|no_recorded_starts,Re-generate with role+production separation; verify starters vs depth.
TEN,Tennessee Titans,1997,57,71.8,72,71,72,82.5,17.5,same_overall_cluster|no_clear_starters|no_stars|compressed_spread|no_recorded_starts,Re-generate with role+production separation; verify starters vs depth.
LV,Las Vegas Raiders,1982,54,68.2,68,68,69,83.3,16.7,same_overall_cluster|no_clear_starters|no_stars|compressed_spread|no_recorded_starts,Re-generate with role+production separation; verify starters vs depth.
LV,Las Vegas Raiders,1992,54,68.2,68,68,69,83.3,16.7,same_overall_cluster|no_clear_starters|no_stars|compressed_spread|no_recorded_starts,Re-generate with role+production separation; verify starters vs depth.
LV,Las Vegas Raiders,1984,59,68.2,68,68,69,84.7,15.3,same_overall_cluster|no_clear_starters|no_stars|compressed_spread|no_recorded_starts,Re-generate with role+production separation; verify starters vs depth.
NYJ,New York Jets,2016,97,69.1,70,56,84,66,75.3,generic_70_cluster|same_overall_cluster|no_stars|missing_boxscore_post1999,Re-generate with role+production separation; verify starters vs depth.
LV,Las Vegas Raiders,1994,55,68.1,68,68,69,85.5,14.5,same_overall_cluster|no_clear_starters|no_stars|compressed_spread|no_recorded_starts,Re-generate with role+production separation; verify starters vs depth.
LAC,Los Angeles Chargers,1997,64,68.1,68,68,69,85.9,14.1,same_overall_cluster|no_clear_starters|no_stars|compressed_spread|no_recorded_starts,Re-generate with role+production separation; verify starters vs depth.
LV,Las Vegas Raiders,1979,51,68.1,68,68,69,86.3,13.7,same_overall_cluster|no_clear_starters|no_stars|compressed_spread|no_recorded_starts,Re-generate with role+production separation; verify starters vs depth.
NYJ,New York Jets,2020,73,69.5,70,57,80,68.5,79.5,generic_70_cluster|same_overall_cluster|no_stars,Re-generate with role+production separation; verify starters vs depth.
LAC,Los Angeles Chargers,1971,47,68.1,68,68,69,87.2,12.8,same_overall_cluster|no_clear_starters|no_stars|compressed_spread|no_recorded_starts,Re-generate with role+production separation; verify starters vs depth.
LAC,Los Angeles Chargers,1975,51,68.1,68,68,69,88.2,11.8,same_overall_cluster|no_clear_starters|no_stars|compressed_spread|no_recorded_starts,Re-generate with role+production separation; verify starters vs depth.
LV,Las Vegas Raiders,1986,51,68.1,68,68,69,88.2,11.8,same_overall_cluster|no_clear_starters|no_stars|compressed_spread|no_recorded_starts,Re-generate with role+production separation; verify starters vs depth.
LV,Las Vegas Raiders,1991,52,68.1,68,68,69,88.5,11.5,same_overall_cluster|no_clear_starters|no_stars|compressed_spread|no_recorded_starts,Re-generate with role+production separation; verify starters vs depth.
LV,Las Vegas Raiders,1983,55,68.1,68,68,69,89.1,10.9,same_overall_cluster|no_clear_starters|no_stars|compressed_spread|no_recorded_starts,Re-generate with role+production separation; verify starters vs depth.
LAC,Los Angeles Chargers,1970,47,68.1,68,68,69,89.4,10.6,same_overall_cluster|no_clear_starters|no_stars|compressed_spread|no_recorded_starts,Re-generate with role+production separation; verify starters vs depth.
LAC,Los Angeles Chargers,1969,48,68.1,68,68,69,89.6,10.4,same_overall_cluster|no_clear_starters|no_stars|compressed_spread|no_recorded_starts,Re-generate with role+production separation; verify starters vs depth.
LV,Las Vegas Raiders,1990,54,68.1,68,68,69,90.7,9.3,same_overall_cluster|no_clear_starters|no_stars|compressed_spread|no_recorded_starts,Re-generate with role+production separation; verify starters vs depth.
LAC,Los Angeles Chargers,1974,55,68.1,68,68,69,90.9,9.1,same_overall_cluster|no_clear_starters|no_stars|compressed_spread|no_recorded_starts,Re-generate with role+production separation; verify starters vs depth.
WAS,Washington Commanders,1972,47,71.9,72,71,72,91.5,8.5,same_overall_cluster|no_clear_starters|no_stars|compressed_spread|no_recorded_starts,Re-generate with role+production separation; verify starters vs depth.
ARI,Arizona Cardinals,1965,46,65,65,65,65,100,0,same_overall_cluster|no_clear_starters|no_stars|compressed_spread|no_recorded_starts,Re-generate with role+production separation; verify starters vs depth.
CLE,Cleveland Browns,1965,41,66,66,66,66,100,0,same_overall_cluster|no_clear_starters|no_stars|compressed_spread|no_recorded_starts,Re-generate with role+production separation; verify starters vs depth.
DET,Detroit Lions,1965,43,67,67,67,67,100,0,same_overall_cluster|no_clear_starters|no_stars|compressed_spread|no_recorded_starts,Re-generate with role+production separation; verify starters vs depth.
ARI,Arizona Cardinals,1966,46,65,65,65,65,100,0,same_overall_cluster|no_clear_starters|no_stars|compressed_spread|no_recorded_starts,Re-generate with role+production separation; verify starters vs depth.
CHI,Chicago Bears,1966,42,66,66,66,66,100,0,same_overall_cluster|no_clear_starters|no_stars|compressed_spread|no_recorded_starts,Re-generate with role+production separation; verify starters vs depth.
DET,Detroit Lions,1966,44,67,67,67,67,100,0,same_overall_cluster|no_clear_starters|no_stars|compressed_spread|no_recorded_starts,Re-generate with role+production separation; verify starters vs depth.
KC,Kansas City Chiefs,1966,45,68,68,68,68,100,0,same_overall_cluster|no_clear_starters|no_stars|compressed_spread|no_recorded_starts,Re-generate with role+production separation; verify starters vs depth.
ARI,Arizona Cardinals,1967,46,65,65,65,65,100,0,same_overall_cluster|no_clear_starters|no_stars|compressed_spread|no_recorded_starts,Re-generate with role+production separation; verify starters vs depth.
CLE,Cleveland Browns,1967,43,66,66,66,66,100,0,same_overall_cluster|no_clear_starters|no_stars|compressed_spread|no_recorded_starts,Re-generate with role+production separation; verify starters vs depth.
DEN,Denver Broncos,1967,54,67,67,67,67,100,0,same_overall_cluster|no_clear_starters|no_stars|compressed_spread|no_recorded_starts,Re-generate with role+production separation; verify starters vs depth.
LAC,Los Angeles Chargers,1967,47,68,68,68,68,100,0,same_overall_cluster|no_clear_starters|no_stars|compressed_spread|no_recorded_starts,Re-generate with role+production separation; verify starters vs depth.
WAS,Washington Commanders,1967,48,72,72,72,72,100,0,same_overall_cluster|no_clear_starters|no_stars|compressed_spread|no_recorded_starts,Re-generate with role+production separation; verify starters vs depth.
ARI,Arizona Cardinals,1968,45,65,65,65,65,100,0,same_overall_cluster|no_clear_starters|no_stars|compressed_spread|no_recorded_starts,Re-generate with role+production separation; verify starters vs depth.
DEN,Denver Broncos,1968,57,67,67,67,67,100,0,same_overall_cluster|no_clear_starters|no_stars|compressed_spread|no_recorded_starts,Re-generate with role+production separation; verify starters vs depth.
WAS,Washington Commanders,1968,46,72,72,72,72,100,0,same_overall_cluster|no_clear_starters|no_stars|compressed_spread|no_recorded_starts,Re-generate with role+production separation; verify starters vs depth.
ARI,Arizona Cardinals,1969,46,65,65,65,65,100,0,same_overall_cluster|no_clear_starters|no_stars|compressed_spread|no_recorded_starts,Re-generate with role+production separation; verify starters vs depth.
DEN,Denver Broncos,1969,53,67,67,67,67,100,0,same_overall_cluster|no_clear_starters|no_stars|compressed_spread|no_recorded_starts,Re-generate with role+production separation; verify starters vs depth.
IND,Indianapolis Colts,1969,45,68,68,68,68,100,0,same_overall_cluster|no_clear_starters|no_stars|compressed_spread|no_recorded_starts,Re-generate with role+production separation; verify starters vs depth.
KC,Kansas City Chiefs,1969,44,68,68,68,68,100,0,same_overall_cluster|no_clear_starters|no_stars|compressed_spread|no_recorded_starts,Re-generate with role+production separation; verify starters vs depth.
WAS,Washington Commanders,1969,46,72,72,72,72,100,0,same_overall_cluster|no_clear_starters|no_stars|compressed_spread|no_recorded_starts,Re-generate with role+production separation; verify starters vs depth.
ARI,Arizona Cardinals,1970,45,65,65,65,65,100,0,same_overall_cluster|no_clear_starters|no_stars|compressed_spread|no_recorded_starts,Re-generate with role+production separation; verify starters vs depth.
DEN,Denver Broncos,1970,49,67,67,67,67,100,0,same_overall_cluster|no_clear_starters|no_stars|compressed_spread|no_recorded_starts,Re-generate with role+production separation; verify starters vs depth.
WAS,Washington Commanders,1970,47,72,72,72,72,100,0,same_overall_cluster|no_clear_starters|no_stars|compressed_spread|no_recorded_starts,Re-generate with role+production separation; verify starters vs depth.
ARI,Arizona Cardinals,1971,51,65,65,65,65,100,0,same_overall_cluster|no_clear_starters|no_stars|compressed_spread|no_recorded_starts,Re-generate with role+production separation; verify starters vs depth.
CHI,Chicago Bears,1971,47,66,66,66,66,100,0,same_overall_cluster|no_clear_starters|no_stars|compressed_spread|no_recorded_starts,Re-generate with role+production separation; verify starters vs depth.
DAL,Dallas Cowboys,1971,47,67,67,67,67,100,0,same_overall_cluster|no_clear_starters|no_stars|compressed_spread|no_recorded_starts,Re-generate with role+production separation; verify starters vs depth.
DEN,Denver Broncos,1971,48,67,67,67,67,100,0,same_overall_cluster|no_clear_starters|no_stars|compressed_spread|no_recorded_starts,Re-generate with role+production separation; verify starters vs depth.
KC,Kansas City Chiefs,1971,43,68,68,68,68,100,0,same_overall_cluster|no_clear_starters|no_stars|compressed_spread|no_recorded_starts,Re-generate with role+production separation; verify starters vs depth.
WAS,Washington Commanders,1971,46,72,72,72,72,100,0,same_overall_cluster|no_clear_starters|no_stars|compressed_spread|no_recorded_starts,Re-generate with role+production separation; verify starters vs depth.
ARI,Arizona Cardinals,1972,54,65,65,65,65,100,0,same_overall_cluster|no_clear_starters|no_stars|compressed_spread|no_recorded_starts,Re-generate with role+production separation; verify starters vs depth.
BUF,Buffalo Bills,1972,54,66,66,66,66,100,0,same_overall_cluster|no_clear_starters|no_stars|compressed_spread|no_recorded_starts,Re-generate with role+production separation; verify starters vs depth.
CHI,Chicago Bears,1972,47,66,66,66,66,100,0,same_overall_cluster|no_clear_starters|no_stars|compressed_spread|no_recorded_starts,Re-generate with role+production separation; verify starters vs depth.
DEN,Denver Broncos,1972,51,67,67,67,67,100,0,same_overall_cluster|no_clear_starters|no_stars|compressed_spread|no_recorded_starts,Re-generate with role+production separation; verify starters vs depth.
KC,Kansas City Chiefs,1972,46,68,68,68,68,100,0,same_overall_cluster|no_clear_starters|no_stars|compressed_spread|no_recorded_starts,Re-generate with role+production separation; verify starters vs depth.
ARI,Arizona Cardinals,1973,53,65,65,65,65,100,0,same_overall_cluster|no_clear_starters|no_stars|compressed_spread|no_recorded_starts,Re-generate with role+production separation; verify starters vs depth.
CHI,Chicago Bears,1973,50,66,66,66,66,100,0,same_overall_cluster|no_clear_starters|no_stars|compressed_spread|no_recorded_starts,Re-generate with role+production separation; verify starters vs depth.
CIN,Cincinnati Bengals,1973,46,66,66,66,66,100,0,same_overall_cluster|no_clear_starters|no_stars|compressed_spread|no_recorded_starts,Re-generate with role+production separation; verify starters vs depth.
DEN,Denver Broncos,1973,46,67,67,67,67,100,0,same_overall_cluster|no_clear_starters|no_stars|compressed_spread|no_recorded_starts,Re-generate with role+production separation; verify starters vs depth.
KC,Kansas City Chiefs,1973,49,68,68,68,68,100,0,same_overall_cluster|no_clear_starters|no_stars|compressed_spread|no_recorded_starts,Re-generate with role+production separation; verify starters vs depth.
WAS,Washington Commanders,1973,48,72,72,72,72,100,0,same_overall_cluster|no_clear_starters|no_stars|compressed_spread|no_recorded_starts,Re-generate with role+production separation; verify starters vs depth.
ARI,Arizona Cardinals,1974,52,65,65,65,65,100,0,same_overall_cluster|no_clear_starters|no_stars|compressed_spread|no_recorded_starts,Re-generate with role+production separation; verify starters vs depth.
CHI,Chicago Bears,1974,49,66,66,66,66,100,0,same_overall_cluster|no_clear_starters|no_stars|compressed_spread|no_recorded_starts,Re-generate with role+production separation; verify starters vs depth.
CIN,Cincinnati Bengals,1974,48,66,66,66,66,100,0,same_overall_cluster|no_clear_starters|no_stars|compressed_spread|no_recorded_starts,Re-generate with role+production separation; verify starters vs depth.
DEN,Denver Broncos,1974,51,67,67,67,67,100,0,same_overall_cluster|no_clear_starters|no_stars|compressed_spread|no_recorded_starts,Re-generate with role+production separation; verify starters vs depth.
KC,Kansas City Chiefs,1974,54,68,68,68,68,100,0,same_overall_cluster|no_clear_starters|no_stars|compressed_spread|no_recorded_starts,Re-generate with role+production separation; verify starters vs depth.
WAS,Washington Commanders,1974,54,72,72,72,72,100,0,same_overall_cluster|no_clear_starters|no_stars|compressed_spread|no_recorded_starts,Re-generate with role+production separation; verify starters vs depth.
ARI,Arizona Cardinals,1975,44,65,65,65,65,100,0,same_overall_cluster|no_clear_starters|no_stars|compressed_spread|no_recorded_starts,Re-generate with role+production separation; verify starters vs depth.
CHI,Chicago Bears,1975,49,66,66,66,66,100,0,same_overall_cluster|no_clear_starters|no_stars|compressed_spread|no_recorded_starts,Re-generate with role+production separation; verify starters vs depth.
WAS,Washington Commanders,1975,47,72,72,72,72,100,0,same_overall_cluster|no_clear_starters|no_stars|compressed_spread|no_recorded_starts,Re-generate with role+production separation; verify starters vs depth.
ARI,Arizona Cardinals,1976,52,65,65,65,65,100,0,same_overall_cluster|no_clear_starters|no_stars|compressed_spread|no_recorded_starts,Re-generate with role+production separation; verify starters vs depth.
CHI,Chicago Bears,1976,48,66,66,66,66,100,0,same_overall_cluster|no_clear_starters|no_stars|compressed_spread|no_recorded_starts,Re-generate with role+production separation; verify starters vs depth.
CIN,Cincinnati Bengals,1976,43,66,66,66,66,100,0,same_overall_cluster|no_clear_starters|no_stars|compressed_spread|no_recorded_starts,Re-generate with role+production separation; verify starters vs depth.
LAC,Los Angeles Chargers,1976,48,68,68,68,68,100,0,same_overall_cluster|no_clear_starters|no_stars|compressed_spread|no_recorded_starts,Re-generate with role+production separation; verify starters vs depth.
WAS,Washington Commanders,1976,46,72,72,72,72,100,0,same_overall_cluster|no_clear_starters|no_stars|compressed_spread|no_recorded_starts,Re-generate with role+production separation; verify starters vs depth.
ARI,Arizona Cardinals,1977,49,65,65,65,65,100,0,same_overall_cluster|no_clear_starters|no_stars|compressed_spread|no_recorded_starts,Re-generate with role+production separation; verify starters vs depth.
CIN,Cincinnati Bengals,1977,46,66,66,66,66,100,0,same_overall_cluster|no_clear_starters|no_stars|compressed_spread|no_recorded_starts,Re-generate with role+production separation; verify starters vs depth.
DET,Detroit Lions,1977,52,67,67,67,67,100,0,same_overall_cluster|no_clear_starters|no_stars|compressed_spread|no_recorded_starts,Re-generate with role+production separation; verify starters vs depth.
KC,Kansas City Chiefs,1977,50,68,68,68,68,100,0,same_overall_cluster|no_clear_starters|no_stars|compressed_spread|no_recorded_starts,Re-generate with role+production separation; verify starters vs depth.
WAS,Washington Commanders,1977,50,72,72,72,72,100,0,same_overall_cluster|no_clear_starters|no_stars|compressed_spread|no_recorded_starts,Re-generate with role+production separation; verify starters vs depth.
BUF,Buffalo Bills,1978,50,66,66,66,66,100,0,same_overall_cluster|no_clear_starters|no_stars|compressed_spread|no_recorded_starts,Re-generate with role+production separation; verify starters vs depth.
CHI,Chicago Bears,1978,47,66,66,66,66,100,0,same_overall_cluster|no_clear_starters|no_stars|compressed_spread|no_recorded_starts,Re-generate with role+production separation; verify starters vs depth.
CIN,Cincinnati Bengals,1978,46,66,66,66,66,100,0,same_overall_cluster|no_clear_starters|no_stars|compressed_spread|no_recorded_starts,Re-generate with role+production separation; verify starters vs depth.
DEN,Denver Broncos,1978,48,67,67,67,67,100,0,same_overall_cluster|no_clear_starters|no_stars|compressed_spread|no_recorded_starts,Re-generate with role+production separation; verify starters vs depth.
DET,Detroit Lions,1978,56,67,67,67,67,100,0,same_overall_cluster|no_clear_starters|no_stars|compressed_spread|no_recorded_starts,Re-generate with role+production separation; verify starters vs depth.
WAS,Washington Commanders,1978,47,72,72,72,72,100,0,same_overall_cluster|no_clear_starters|no_stars|compressed_spread|no_recorded_starts,Re-generate with role+production separation; verify starters vs depth.
ARI,Arizona Cardinals,1979,54,65,65,65,65,100,0,same_overall_cluster|no_clear_starters|no_stars|compressed_spread|no_recorded_starts,Re-generate with role+production separation; verify starters vs depth.
CHI,Chicago Bears,1979,51,66,66,66,66,100,0,same_overall_cluster|no_clear_starters|no_stars|compressed_spread|no_recorded_starts,Re-generate with role+production separation; verify starters vs depth.
CIN,Cincinnati Bengals,1979,48,66,66,66,66,100,0,same_overall_cluster|no_clear_starters|no_stars|compressed_spread|no_recorded_starts,Re-generate with role+production separation; verify starters vs depth.
DET,Detroit Lions,1979,57,67,67,67,67,100,0,same_overall_cluster|no_clear_starters|no_stars|compressed_spread|no_recorded_starts,Re-generate with role+production separation; verify starters vs depth.
LAC,Los Angeles Chargers,1979,50,68,68,68,68,100,0,same_overall_cluster|no_clear_starters|no_stars|compressed_spread|no_recorded_starts,Re-generate with role+production separation; verify starters vs depth.
WAS,Washington Commanders,1979,49,72,72,72,72,100,0,same_overall_cluster|no_clear_starters|no_stars|compressed_spread|no_recorded_starts,Re-generate with role+production separation; verify starters vs depth.
ARI,Arizona Cardinals,1980,57,65,65,65,65,100,0,same_overall_cluster|no_clear_starters|no_stars|compressed_spread|no_recorded_starts,Re-generate with role+production separation; verify starters vs depth.
CHI,Chicago Bears,1980,50,66,66,66,66,100,0,same_overall_cluster|no_clear_starters|no_stars|compressed_spread|no_recorded_starts,Re-generate with role+production separation; verify starters vs depth.
DEN,Denver Broncos,1980,50,67,67,67,67,100,0,same_overall_cluster|no_clear_starters|no_stars|compressed_spread|no_recorded_starts,Re-generate with role+production separation; verify starters vs depth.
DET,Detroit Lions,1980,56,67,67,67,67,100,0,same_overall_cluster|no_clear_starters|no_stars|compressed_spread|no_recorded_starts,Re-generate with role+production separation; verify starters vs depth.
KC,Kansas City Chiefs,1980,55,68,68,68,68,100,0,same_overall_cluster|no_clear_starters|no_stars|compressed_spread|no_recorded_starts,Re-generate with role+production separation; verify starters vs depth.
WAS,Washington Commanders,1980,52,72,72,72,72,100,0,same_overall_cluster|no_clear_starters|no_stars|compressed_spread|no_recorded_starts,Re-generate with role+production separation; verify starters vs depth.
ARI,Arizona Cardinals,1981,58,65,65,65,65,100,0,same_overall_cluster|no_clear_starters|no_stars|compressed_spread|no_recorded_starts,Re-generate with role+production separation; verify starters vs depth.
CHI,Chicago Bears,1981,53,66,66,66,66,100,0,same_overall_cluster|no_clear_starters|no_stars|compressed_spread|no_recorded_starts,Re-generate with role+production separation; verify starters vs depth.
CIN,Cincinnati Bengals,1981,50,66,66,66,66,100,0,same_overall_cluster|no_clear_starters|no_stars|compressed_spread|no_recorded_starts,Re-generate with role+production separation; verify starters vs depth.
DET,Detroit Lions,1981,49,67,67,67,67,100,0,same_overall_cluster|no_clear_starters|no_stars|compressed_spread|no_recorded_starts,Re-generate with role+production separation; verify starters vs depth.
WAS,Washington Commanders,1981,62,72,72,72,72,100,0,same_overall_cluster|no_clear_starters|no_stars|compressed_spread|no_recorded_starts,Re-generate with role+production separation; verify starters vs depth.
ARI,Arizona Cardinals,1982,55,65,65,65,65,100,0,same_overall_cluster|no_clear_starters|no_stars|compressed_spread|no_recorded_starts,Re-generate with role+production separation; verify starters vs depth.
CHI,Chicago Bears,1982,54,66,66,66,66,100,0,same_overall_cluster|no_clear_starters|no_stars|compressed_spread|no_recorded_starts,Re-generate with role+production separation; verify starters vs depth.
CIN,Cincinnati Bengals,1982,52,66,66,66,66,100,0,same_overall_cluster|no_clear_starters|no_stars|compressed_spread|no_recorded_starts,Re-generate with role+production separation; verify starters vs depth.
DEN,Denver Broncos,1982,51,67,67,67,67,100,0,same_overall_cluster|no_clear_starters|no_stars|compressed_spread|no_recorded_starts,Re-generate with role+production separation; verify starters vs depth.
DET,Detroit Lions,1982,55,67,67,67,67,100,0,same_overall_cluster|no_clear_starters|no_stars|compressed_spread|no_recorded_starts,Re-generate with role+production separation; verify starters vs depth.
KC,Kansas City Chiefs,1982,56,68,68,68,68,100,0,same_overall_cluster|no_clear_starters|no_stars|compressed_spread|no_recorded_starts,Re-generate with role+production separation; verify starters vs depth.
LAC,Los Angeles Chargers,1982,51,68,68,68,68,100,0,same_overall_cluster|no_clear_starters|no_stars|compressed_spread|no_recorded_starts,Re-generate with role+production separation; verify starters vs depth.
WAS,Washington Commanders,1982,54,72,72,72,72,100,0,same_overall_cluster|no_clear_starters|no_stars|compressed_spread|no_recorded_starts,Re-generate with role+production separation; verify starters vs depth.
ARI,Arizona Cardinals,1983,56,65,65,65,65,100,0,same_overall_cluster|no_clear_starters|no_stars|compressed_spread|no_recorded_starts,Re-generate with role+production separation; verify starters vs depth.
CHI,Chicago Bears,1983,57,66,66,66,66,100,0,same_overall_cluster|no_clear_starters|no_stars|compressed_spread|no_recorded_starts,Re-generate with role+production separation; verify starters vs depth.
CIN,Cincinnati Bengals,1983,52,66,66,66,66,100,0,same_overall_cluster|no_clear_starters|no_stars|compressed_spread|no_recorded_starts,Re-generate with role+production separation; verify starters vs depth.
KC,Kansas City Chiefs,1983,56,68,68,68,68,100,0,same_overall_cluster|no_clear_starters|no_stars|compressed_spread|no_recorded_starts,Re-generate with role+production separation; verify starters vs depth.
WAS,Washington Commanders,1983,51,72,72,72,72,100,0,same_overall_cluster|no_clear_starters|no_stars|compressed_spread|no_recorded_starts,Re-generate with role+production separation; verify starters vs depth.
ARI,Arizona Cardinals,1984,55,65,65,65,65,100,0,same_overall_cluster|no_clear_starters|no_stars|compressed_spread|no_recorded_starts,Re-generate with role+production separation; verify starters vs depth.
CHI,Chicago Bears,1984,53,66,66,66,66,100,0,same_overall_cluster|no_clear_starters|no_stars|compressed_spread|no_recorded_starts,Re-generate with role+production separation; verify starters vs depth.
CIN,Cincinnati Bengals,1984,54,66,66,66,66,100,0,same_overall_cluster|no_clear_starters|no_stars|compressed_spread|no_recorded_starts,Re-generate with role+production separation; verify starters vs depth.
DEN,Denver Broncos,1984,54,67,67,67,67,100,0,same_overall_cluster|no_clear_starters|no_stars|compressed_spread|no_recorded_starts,Re-generate with role+production separation; verify starters vs depth.
DET,Detroit Lions,1984,55,67,67,67,67,100,0,same_overall_cluster|no_clear_starters|no_stars|compressed_spread|no_recorded_starts,Re-generate with role+production separation; verify starters vs depth.
KC,Kansas City Chiefs,1984,56,68,68,68,68,100,0,same_overall_cluster|no_clear_starters|no_stars|compressed_spread|no_recorded_starts,Re-generate with role+production separation; verify starters vs depth.
LAC,Los Angeles Chargers,1984,61,68,68,68,68,100,0,same_overall_cluster|no_clear_starters|no_stars|compressed_spread|no_recorded_starts,Re-generate with role+production separation; verify starters vs depth.
WAS,Washington Commanders,1984,57,72,72,72,72,100,0,same_overall_cluster|no_clear_starters|no_stars|compressed_spread|no_recorded_starts,Re-generate with role+production separation; verify starters vs depth.
ARI,Arizona Cardinals,1985,54,65,65,65,65,100,0,same_overall_cluster|no_clear_starters|no_stars|compressed_spread|no_recorded_starts,Re-generate with role+production separation; verify starters vs depth.
CIN,Cincinnati Bengals,1985,48,66,66,66,66,100,0,same_overall_cluster|no_clear_starters|no_stars|compressed_spread|no_recorded_starts,Re-generate with role+production separation; verify starters vs depth.
CLE,Cleveland Browns,1985,53,66,66,66,66,100,0,same_overall_cluster|no_clear_starters|no_stars|compressed_spread|no_recorded_starts,Re-generate with role+production separation; verify starters vs depth.
DET,Detroit Lions,1985,58,67,67,67,67,100,0,same_overall_cluster|no_clear_starters|no_stars|compressed_spread|no_recorded_starts,Re-generate with role+production separation; verify starters vs depth.
GB,Green Bay Packers,1985,57,67,67,67,67,100,0,same_overall_cluster|no_clear_starters|no_stars|compressed_spread|no_recorded_starts,Re-generate with role+production separation; verify starters vs depth.
LAC,Los Angeles Chargers,1985,59,68,68,68,68,100,0,same_overall_cluster|no_clear_starters|no_stars|compressed_spread|no_recorded_starts,Re-generate with role+production separation; verify starters vs depth.
ARI,Arizona Cardinals,1986,55,65,65,65,65,100,0,same_overall_cluster|no_clear_starters|no_stars|compressed_spread|no_recorded_starts,Re-generate with role+production separation; verify starters vs depth.
CHI,Chicago Bears,1986,49,66,66,66,66,100,0,same_overall_cluster|no_clear_starters|no_stars|compressed_spread|no_recorded_starts,Re-generate with role+production separation; verify starters vs depth.
CIN,Cincinnati Bengals,1986,46,66,66,66,66,100,0,same_overall_cluster|no_clear_starters|no_stars|compressed_spread|no_recorded_starts,Re-generate with role+production separation; verify starters vs depth.
KC,Kansas City Chiefs,1986,54,68,68,68,68,100,0,same_overall_cluster|no_clear_starters|no_stars|compressed_spread|no_recorded_starts,Re-generate with role+production separation; verify starters vs depth.
WAS,Washington Commanders,1986,56,72,72,72,72,100,0,same_overall_cluster|no_clear_starters|no_stars|compressed_spread|no_recorded_starts,Re-generate with role+production separation; verify starters vs depth.
ARI,Arizona Cardinals,1987,86,65,65,65,65,100,0,same_overall_cluster|no_clear_starters|no_stars|compressed_spread|no_recorded_starts,Re-generate with role+production separation; verify starters vs depth.
CHI,Chicago Bears,1987,98,66,66,66,66,100,0,same_overall_cluster|no_clear_starters|no_stars|compressed_spread|no_recorded_starts,Re-generate with role+production separation; verify starters vs depth.
CIN,Cincinnati Bengals,1987,94,66,66,66,66,100,0,same_overall_cluster|no_clear_starters|no_stars|compressed_spread|no_recorded_starts,Re-generate with role+production separation; verify starters vs depth.
DEN,Denver Broncos,1987,92,67,67,67,67,100,0,same_overall_cluster|no_clear_starters|no_stars|compressed_spread|no_recorded_starts,Re-generate with role+production separation; verify starters vs depth.
DET,Detroit Lions,1987,110,67,67,67,67,100,0,same_overall_cluster|no_clear_starters|no_stars|compressed_spread|no_recorded_starts,Re-generate with role+production separation; verify starters vs depth.
LAC,Los Angeles Chargers,1987,98,68,68,68,68,100,0,same_overall_cluster|no_clear_starters|no_stars|compressed_spread|no_recorded_starts,Re-generate with role+production separation; verify starters vs depth.
WAS,Washington Commanders,1987,110,72,72,72,72,100,0,same_overall_cluster|no_clear_starters|no_stars|compressed_spread|no_recorded_starts,Re-generate with role+production separation; verify starters vs depth.
ARI,Arizona Cardinals,1988,55,65,65,65,65,100,0,same_overall_cluster|no_clear_starters|no_stars|compressed_spread|no_recorded_starts,Re-generate with role+production separation; verify starters vs depth.
CHI,Chicago Bears,1988,52,66,66,66,66,100,0,same_overall_cluster|no_clear_starters|no_stars|compressed_spread|no_recorded_starts,Re-generate with role+production separation; verify starters vs depth.
CIN,Cincinnati Bengals,1988,55,66,66,66,66,100,0,same_overall_cluster|no_clear_starters|no_stars|compressed_spread|no_recorded_starts,Re-generate with role+production separation; verify starters vs depth.
KC,Kansas City Chiefs,1988,62,68,68,68,68,100,0,same_overall_cluster|no_clear_starters|no_stars|compressed_spread|no_recorded_starts,Re-generate with role+production separation; verify starters vs depth.
ARI,Arizona Cardinals,1989,59,65,65,65,65,100,0,same_overall_cluster|no_clear_starters|no_stars|compressed_spread|no_recorded_starts,Re-generate with role+production separation; verify starters vs depth.
CHI,Chicago Bears,1989,54,66,66,66,66,100,0,same_overall_cluster|no_clear_starters|no_stars|compressed_spread|no_recorded_starts,Re-generate with role+production separation; verify starters vs depth.
ARI,Arizona Cardinals,1990,56,65,65,65,65,100,0,same_overall_cluster|no_clear_starters|no_stars|compressed_spread|no_recorded_starts,Re-generate with role+production separation; verify starters vs depth.
CHI,Chicago Bears,1990,53,66,66,66,66,100,0,same_overall_cluster|no_clear_starters|no_stars|compressed_spread|no_recorded_starts,Re-generate with role+production separation; verify starters vs depth.
CIN,Cincinnati Bengals,1990,52,66,66,66,66,100,0,same_overall_cluster|no_clear_starters|no_stars|compressed_spread|no_recorded_starts,Re-generate with role+production separation; verify starters vs depth.
DEN,Denver Broncos,1990,56,67,67,67,67,100,0,same_overall_cluster|no_clear_starters|no_stars|compressed_spread|no_recorded_starts,Re-generate with role+production separation; verify starters vs depth.
DET,Detroit Lions,1990,55,67,67,67,67,100,0,same_overall_cluster|no_clear_starters|no_stars|compressed_spread|no_recorded_starts,Re-generate with role+production separation; verify starters vs depth.
KC,Kansas City Chiefs,1990,52,68,68,68,68,100,0,same_overall_cluster|no_clear_starters|no_stars|compressed_spread|no_recorded_starts,Re-generate with role+production separation; verify starters vs depth.
LAC,Los Angeles Chargers,1990,58,68,68,68,68,100,0,same_overall_cluster|no_clear_starters|no_stars|compressed_spread|no_recorded_starts,Re-generate with role+production separation; verify starters vs depth.
WAS,Washington Commanders,1990,59,72,72,72,72,100,0,same_overall_cluster|no_clear_starters|no_stars|compressed_spread|no_recorded_starts,Re-generate with role+production separation; verify starters vs depth.
ARI,Arizona Cardinals,1991,52,65,65,65,65,100,0,same_overall_cluster|no_clear_starters|no_stars|compressed_spread|no_recorded_starts,Re-generate with role+production separation; verify starters vs depth.
CIN,Cincinnati Bengals,1991,57,66,66,66,66,100,0,same_overall_cluster|no_clear_starters|no_stars|compressed_spread|no_recorded_starts,Re-generate with role+production separation; verify starters vs depth.
DET,Detroit Lions,1991,57,67,67,67,67,100,0,same_overall_cluster|no_clear_starters|no_stars|compressed_spread|no_recorded_starts,Re-generate with role+production separation; verify starters vs depth.
LAC,Los Angeles Chargers,1991,61,68,68,68,68,100,0,same_overall_cluster|no_clear_starters|no_stars|compressed_spread|no_recorded_starts,Re-generate with role+production separation; verify starters vs depth.
ARI,Arizona Cardinals,1992,55,65,65,65,65,100,0,same_overall_cluster|no_clear_starters|no_stars|compressed_spread|no_recorded_starts,Re-generate with role+production separation; verify starters vs depth.
CHI,Chicago Bears,1992,56,66,66,66,66,100,0,same_overall_cluster|no_clear_starters|no_stars|compressed_spread|no_recorded_starts,Re-generate with role+production separation; verify starters vs depth.
CIN,Cincinnati Bengals,1992,61,66,66,66,66,100,0,same_overall_cluster|no_clear_starters|no_stars|compressed_spread|no_recorded_starts,Re-generate with role+production separation; verify starters vs depth.
DEN,Denver Broncos,1992,57,67,67,67,67,100,0,same_overall_cluster|no_clear_starters|no_stars|compressed_spread|no_recorded_starts,Re-generate with role+production separation; verify starters vs depth.
DET,Detroit Lions,1992,60,67,67,67,67,100,0,same_overall_cluster|no_clear_starters|no_stars|compressed_spread|no_recorded_starts,Re-generate with role+production separation; verify starters vs depth.
WAS,Washington Commanders,1992,69,72,72,72,72,100,0,same_overall_cluster|no_clear_starters|no_stars|compressed_spread|no_recorded_starts,Re-generate with role+production separation; verify starters vs depth.
ARI,Arizona Cardinals,1993,57,65,65,65,65,100,0,same_overall_cluster|no_clear_starters|no_stars|compressed_spread|no_recorded_starts,Re-generate with role+production separation; verify starters vs depth.
CHI,Chicago Bears,1993,55,66,66,66,66,100,0,same_overall_cluster|no_clear_starters|no_stars|compressed_spread|no_recorded_starts,Re-generate with role+production separation; verify starters vs depth.
CIN,Cincinnati Bengals,1993,63,66,66,66,66,100,0,same_overall_cluster|no_clear_starters|no_stars|compressed_spread|no_recorded_starts,Re-generate with role+production separation; verify starters vs depth.
DEN,Denver Broncos,1993,55,67,67,67,67,100,0,same_overall_cluster|no_clear_starters|no_stars|compressed_spread|no_recorded_starts,Re-generate with role+production separation; verify starters vs depth.
DET,Detroit Lions,1993,56,67,67,67,67,100,0,same_overall_cluster|no_clear_starters|no_stars|compressed_spread|no_recorded_starts,Re-generate with role+production separation; verify starters vs depth.
KC,Kansas City Chiefs,1993,58,68,68,68,68,100,0,same_overall_cluster|no_clear_starters|no_stars|compressed_spread|no_recorded_starts,Re-generate with role+production separation; verify starters vs depth.
LAC,Los Angeles Chargers,1993,61,68,68,68,68,100,0,same_overall_cluster|no_clear_starters|no_stars|compressed_spread|no_recorded_starts,Re-generate with role+production separation; verify starters vs depth.
ARI,Arizona Cardinals,1994,58,65,65,65,65,100,0,same_overall_cluster|no_clear_starters|no_stars|compressed_spread|no_recorded_starts,Re-generate with role+production separation; verify starters vs depth.
CHI,Chicago Bears,1994,59,66,66,66,66,100,0,same_overall_cluster|no_clear_starters|no_stars|compressed_spread|no_recorded_starts,Re-generate with role+production separation; verify starters vs depth.
CIN,Cincinnati Bengals,1994,61,66,66,66,66,100,0,same_overall_cluster|no_clear_starters|no_stars|compressed_spread|no_recorded_starts,Re-generate with role+production separation; verify starters vs depth.
DEN,Denver Broncos,1994,61,67,67,67,67,100,0,same_overall_cluster|no_clear_starters|no_stars|compressed_spread|no_recorded_starts,Re-generate with role+production separation; verify starters vs depth.
DET,Detroit Lions,1994,57,67,67,67,67,100,0,same_overall_cluster|no_clear_starters|no_stars|compressed_spread|no_recorded_starts,Re-generate with role+production separation; verify starters vs depth.
KC,Kansas City Chiefs,1994,62,68,68,68,68,100,0,same_overall_cluster|no_clear_starters|no_stars|compressed_spread|no_recorded_starts,Re-generate with role+production separation; verify starters vs depth.
LAC,Los Angeles Chargers,1994,57,68,68,68,68,100,0,same_overall_cluster|no_clear_starters|no_stars|compressed_spread|no_recorded_starts,Re-generate with role+production separation; verify starters vs depth.
WAS,Washington Commanders,1994,60,72,72,72,72,100,0,same_overall_cluster|no_clear_starters|no_stars|compressed_spread|no_recorded_starts,Re-generate with role+production separation; verify starters vs depth.
ARI,Arizona Cardinals,1995,63,65,65,65,65,100,0,same_overall_cluster|no_clear_starters|no_stars|compressed_spread|no_recorded_starts,Re-generate with role+production separation; verify starters vs depth.
CAR,Carolina Panthers,1995,64,66,66,66,66,100,0,same_overall_cluster|no_clear_starters|no_stars|compressed_spread|no_recorded_starts,Re-generate with role+production separation; verify starters vs depth.
CHI,Chicago Bears,1995,60,66,66,66,66,100,0,same_overall_cluster|no_clear_starters|no_stars|compressed_spread|no_recorded_starts,Re-generate with role+production separation; verify starters vs depth.
DAL,Dallas Cowboys,1995,57,67,67,67,67,100,0,same_overall_cluster|no_clear_starters|no_stars|compressed_spread|no_recorded_starts,Re-generate with role+production separation; verify starters vs depth.
DEN,Denver Broncos,1995,59,67,67,67,67,100,0,same_overall_cluster|no_clear_starters|no_stars|compressed_spread|no_recorded_starts,Re-generate with role+production separation; verify starters vs depth.
JAX,Jacksonville Jaguars,1995,64,68,68,68,68,100,0,same_overall_cluster|no_clear_starters|no_stars|compressed_spread|no_recorded_starts,Re-generate with role+production separation; verify starters vs depth.
KC,Kansas City Chiefs,1995,58,68,68,68,68,100,0,same_overall_cluster|no_clear_starters|no_stars|compressed_spread|no_recorded_starts,Re-generate with role+production separation; verify starters vs depth.
WAS,Washington Commanders,1995,59,72,72,72,72,100,0,same_overall_cluster|no_clear_starters|no_stars|compressed_spread|no_recorded_starts,Re-generate with role+production separation; verify starters vs depth.
ARI,Arizona Cardinals,1996,58,65,65,65,65,100,0,same_overall_cluster|no_clear_starters|no_stars|compressed_spread|no_recorded_starts,Re-generate with role+production separation; verify starters vs depth.
BUF,Buffalo Bills,1996,57,66,66,66,66,100,0,same_overall_cluster|no_clear_starters|no_stars|compressed_spread|no_recorded_starts,Re-generate with role+production separation; verify starters vs depth.
CAR,Carolina Panthers,1996,57,66,66,66,66,100,0,same_overall_cluster|no_clear_starters|no_stars|compressed_spread|no_recorded_starts,Re-generate with role+production separation; verify starters vs depth.
DAL,Dallas Cowboys,1996,60,67,67,67,67,100,0,same_overall_cluster|no_clear_starters|no_stars|compressed_spread|no_recorded_starts,Re-generate with role+production separation; verify starters vs depth.
DEN,Denver Broncos,1996,55,67,67,67,67,100,0,same_overall_cluster|no_clear_starters|no_stars|compressed_spread|no_recorded_starts,Re-generate with role+production separation; verify starters vs depth.
DET,Detroit Lions,1996,56,67,67,67,67,100,0,same_overall_cluster|no_clear_starters|no_stars|compressed_spread|no_recorded_starts,Re-generate with role+production separation; verify starters vs depth.
JAX,Jacksonville Jaguars,1996,59,68,68,68,68,100,0,same_overall_cluster|no_clear_starters|no_stars|compressed_spread|no_recorded_starts,Re-generate with role+production separation; verify starters vs depth.
KC,Kansas City Chiefs,1996,60,68,68,68,68,100,0,same_overall_cluster|no_clear_starters|no_stars|compressed_spread|no_recorded_starts,Re-generate with role+production separation; verify starters vs depth.
LAC,Los Angeles Chargers,1996,58,68,68,68,68,100,0,same_overall_cluster|no_clear_starters|no_stars|compressed_spread|no_recorded_starts,Re-generate with role+production separation; verify starters vs depth.
WAS,Washington Commanders,1996,62,72,72,72,72,100,0,same_overall_cluster|no_clear_starters|no_stars|compressed_spread|no_recorded_starts,Re-generate with role+production separation; verify starters vs depth.
ARI,Arizona Cardinals,1997,58,65,65,65,65,100,0,same_overall_cluster|no_clear_starters|no_stars|compressed_spread|no_recorded_starts,Re-generate with role+production separation; verify starters vs depth.
BUF,Buffalo Bills,1997,60,66,66,66,66,100,0,same_overall_cluster|no_clear_starters|no_stars|compressed_spread|no_recorded_starts,Re-generate with role+production separation; verify starters vs depth.
CAR,Carolina Panthers,1997,58,66,66,66,66,100,0,same_overall_cluster|no_clear_starters|no_stars|compressed_spread|no_recorded_starts,Re-generate with role+production separation; verify starters vs depth.
DEN,Denver Broncos,1997,58,67,67,67,67,100,0,same_overall_cluster|no_clear_starters|no_stars|compressed_spread|no_recorded_starts,Re-generate with role+production separation; verify starters vs depth.
DET,Detroit Lions,1997,60,67,67,67,67,100,0,same_overall_cluster|no_clear_starters|no_stars|compressed_spread|no_recorded_starts,Re-generate with role+production separation; verify starters vs depth.
JAX,Jacksonville Jaguars,1997,59,68,68,68,68,100,0,same_overall_cluster|no_clear_starters|no_stars|compressed_spread|no_recorded_starts,Re-generate with role+production separation; verify starters vs depth.
KC,Kansas City Chiefs,1997,55,68,68,68,68,100,0,same_overall_cluster|no_clear_starters|no_stars|compressed_spread|no_recorded_starts,Re-generate with role+production separation; verify starters vs depth.
WAS,Washington Commanders,1997,58,72,72,72,72,100,0,same_overall_cluster|no_clear_starters|no_stars|compressed_spread|no_recorded_starts,Re-generate with role+production separation; verify starters vs depth.
ARI,Arizona Cardinals,1998,62,65,65,65,65,100,0,same_overall_cluster|no_clear_starters|no_stars|compressed_spread|no_recorded_starts,Re-generate with role+production separation; verify starters vs depth.
BUF,Buffalo Bills,1998,56,66,66,66,66,100,0,same_overall_cluster|no_clear_starters|no_stars|compressed_spread|no_recorded_starts,Re-generate with role+production separation; verify starters vs depth.
CAR,Carolina Panthers,1998,65,66,66,66,66,100,0,same_overall_cluster|no_clear_starters|no_stars|compressed_spread|no_recorded_starts,Re-generate with role+production separation; verify starters vs depth.
DEN,Denver Broncos,1998,55,67,67,67,67,100,0,same_overall_cluster|no_clear_starters|no_stars|compressed_spread|no_recorded_starts,Re-generate with role+production separation; verify starters vs depth.
JAX,Jacksonville Jaguars,1998,68,68,68,68,68,100,0,same_overall_cluster|no_clear_starters|no_stars|compressed_spread|no_recorded_starts,Re-generate with role+production separation; verify starters vs depth.
KC,Kansas City Chiefs,1998,60,68,68,68,68,100,0,same_overall_cluster|no_clear_starters|no_stars|compressed_spread|no_recorded_starts,Re-generate with role+production separation; verify starters vs depth.
WAS,Washington Commanders,1998,67,72,72,72,72,100,0,same_overall_cluster|no_clear_starters|no_stars|compressed_spread|no_recorded_starts,Re-generate with role+production separation; verify starters vs depth.
LAC,Los Angeles Chargers,1981,51,68.1,68,68,69,92.2,7.8,same_overall_cluster|no_clear_starters|no_stars|compressed_spread|no_recorded_starts,Re-generate with role+production separation; verify starters vs depth.
WAS,Washington Commanders,1965,43,71.9,72,71,72,93,7,same_overall_cluster|no_clear_starters|no_stars|compressed_spread|no_recorded_starts,Re-generate with role+production separation; verify starters vs depth.
WAS,Washington Commanders,1985,56,71.9,72,71,72,92.9,7.1,same_overall_cluster|no_clear_starters|no_stars|compressed_spread|no_recorded_starts,Re-generate with role+production separation; verify starters vs depth.
LV,Las Vegas Raiders,1993,58,68.1,68,68,69,93.1,6.9,same_overall_cluster|no_clear_starters|no_stars|compressed_spread|no_recorded_starts,Re-generate with role+production separation; verify starters vs depth.
LAC,Los Angeles Chargers,1965,44,68.1,68,68,69,93.2,6.8,same_overall_cluster|no_clear_starters|no_stars|compressed_spread|no_recorded_starts,Re-generate with role+production separation; verify starters vs depth.
LV,Las Vegas Raiders,1976,46,68.1,68,68,69,93.5,6.5,same_overall_cluster|no_clear_starters|no_stars|compressed_spread|no_recorded_starts,Re-generate with role+production separation; verify starters vs depth.
LAC,Los Angeles Chargers,1973,47,68.1,68,68,69,93.6,6.4,same_overall_cluster|no_clear_starters|no_stars|compressed_spread|no_recorded_starts,Re-generate with role+production separation; verify starters vs depth.
LAC,Los Angeles Chargers,1966,52,68.1,68,68,69,94.2,5.8,same_overall_cluster|no_clear_starters|no_stars|compressed_spread|no_recorded_starts,Re-generate with role+production separation; verify starters vs depth.
WAS,Washington Commanders,1966,45,72,72,71,72,95.6,4.4,same_overall_cluster|no_clear_starters|no_stars|compressed_spread|no_recorded_starts,Re-generate with role+production separation; verify starters vs depth.
KC,Kansas City Chiefs,1968,45,68,68,68,69,95.6,4.4,same_overall_cluster|no_clear_starters|no_stars|compressed_spread|no_recorded_starts,Re-generate with role+production separation; verify starters vs depth.
LAC,Los Angeles Chargers,1978,49,68,68,68,69,95.9,4.1,same_overall_cluster|no_clear_starters|no_stars|compressed_spread|no_recorded_starts,Re-generate with role+production separation; verify starters vs depth.
KC,Kansas City Chiefs,1975,53,68,68,68,69,96.2,3.8,same_overall_cluster|no_clear_starters|no_stars|compressed_spread|no_recorded_starts,Re-generate with role+production separation; verify starters vs depth.
LAC,Los Angeles Chargers,1988,59,68,68,68,69,96.6,3.4,same_overall_cluster|no_clear_starters|no_stars|compressed_spread|no_recorded_starts,Re-generate with role+production separation; verify starters vs depth.
LAC,Los Angeles Chargers,1977,47,68,68,68,69,97.9,2.1,same_overall_cluster|no_clear_starters|no_stars|compressed_spread|no_recorded_starts,Re-generate with role+production separation; verify starters vs depth.
LAC,Los Angeles Chargers,1980,52,68,68,68,69,98.1,1.9,same_overall_cluster|no_clear_starters|no_stars|compressed_spread|no_recorded_starts,Re-generate with role+production separation; verify starters vs depth.
LV,Las Vegas Raiders,1987,102,68,68,68,69,98,2,same_overall_cluster|no_clear_starters|no_stars|compressed_spread|no_recorded_starts,Re-generate with role+production separation; verify starters vs depth.
MIA,Miami Dolphins,2020,63,69.7,69,57,84,69.8,76.2,generic_70_cluster|same_overall_cluster|no_stars,Re-generate with role+production separation; verify starters vs depth.
LAC,Los Angeles Chargers,1983,56,68,68,68,69,98.2,1.8,same_overall_cluster|no_clear_starters|no_stars|compressed_spread|no_recorded_starts,Re-generate with role+production separation; verify starters vs depth.
LV,Las Vegas Raiders,1985,56,68,68,68,69,98.2,1.8,same_overall_cluster|no_clear_starters|no_stars|compressed_spread|no_recorded_starts,Re-generate with role+production separation; verify starters vs depth.
LAC,Los Angeles Chargers,1986,58,68,68,68,69,98.3,1.7,same_overall_cluster|no_clear_starters|no_stars|compressed_spread|no_recorded_starts,Re-generate with role+production separation; verify starters vs depth.
WAS,Washington Commanders,1988,60,72,72,71,72,98.3,1.7,same_overall_cluster|no_clear_starters|no_stars|compressed_spread|no_recorded_starts,Re-generate with role+production separation; verify starters vs depth.
WAS,Washington Commanders,1989,57,72,72,71,72,98.2,1.8,same_overall_cluster|no_clear_starters|no_stars|compressed_spread|no_recorded_starts,Re-generate with role+production separation; verify starters vs depth.
WAS,Washington Commanders,1991,58,72,72,71,72,98.3,1.7,same_overall_cluster|no_clear_starters|no_stars|compressed_spread|no_recorded_starts,Re-generate with role+production separation; verify starters vs depth.
LAC,Los Angeles Chargers,1992,62,68,68,68,69,98.4,1.6,same_overall_cluster|no_clear_starters|no_stars|compressed_spread|no_recorded_starts,Re-generate with role+production separation; verify starters vs depth.
WAS,Washington Commanders,1993,64,72,72,71,72,98.4,1.6,same_overall_cluster|no_clear_starters|no_stars|compressed_spread|no_recorded_starts,Re-generate with role+production separation; verify starters vs depth.
PHI,Philadelphia Eagles,2022,71,70.9,70,56,88,70.4,74.6,generic_70_cluster|same_overall_cluster|missing_boxscore_post1999,Re-generate with role+production separation; verify starters vs depth.
NYG,New York Giants,2016,77,70.1,70,56,88,66.2,77.9,generic_70_cluster|same_overall_cluster|missing_boxscore_post1999,Re-generate with role+production separation; verify starters vs depth.
SEA,Seattle Seahawks,2023,65,72,71,58,85,75.4,76.9,generic_70_cluster|same_overall_cluster,Re-generate with role+production separation; verify starters vs depth.
CHI,Chicago Bears,1998,63,66,66,66,67,98.4,0,same_overall_cluster|no_clear_starters|no_stars|compressed_spread|no_recorded_starts,Re-generate with role+production separation; verify starters vs depth.
DET,Detroit Lions,1998,64,67,67,67,68,98.4,0,same_overall_cluster|no_clear_starters|no_stars|compressed_spread|no_recorded_starts,Re-generate with role+production separation; verify starters vs depth.
BUF,Buffalo Bills,1984,58,66,66,65,66,98.3,0,same_overall_cluster|no_clear_starters|no_stars|compressed_spread|no_recorded_starts,Re-generate with role+production separation; verify starters vs depth.
DAL,Dallas Cowboys,1998,59,67,67,66,67,98.3,0,same_overall_cluster|no_clear_starters|no_stars|compressed_spread|no_recorded_starts,Re-generate with role+production separation; verify starters vs depth.
KC,Kansas City Chiefs,1979,55,68,68,67,68,98.2,0,same_overall_cluster|no_clear_starters|no_stars|compressed_spread|no_recorded_starts,Re-generate with role+production separation; verify starters vs depth.
DET,Detroit Lions,1986,56,67,67,67,68,98.2,0,same_overall_cluster|no_clear_starters|no_stars|compressed_spread|no_recorded_starts,Re-generate with role+production separation; verify starters vs depth.
DEN,Denver Broncos,1988,55,67,67,66,67,98.2,0,same_overall_cluster|no_clear_starters|no_stars|compressed_spread|no_recorded_starts,Re-generate with role+production separation; verify starters vs depth.
DET,Detroit Lions,1988,57,67,67,66,67,98.2,0,same_overall_cluster|no_clear_starters|no_stars|compressed_spread|no_recorded_starts,Re-generate with role+production separation; verify starters vs depth.
KC,Kansas City Chiefs,1991,56,68,68,67,68,98.2,0,same_overall_cluster|no_clear_starters|no_stars|compressed_spread|no_recorded_starts,Re-generate with role+production separation; verify starters vs depth.
DET,Detroit Lions,1995,56,67,67,67,68,98.2,0,same_overall_cluster|no_clear_starters|no_stars|compressed_spread|no_recorded_starts,Re-generate with role+production separation; verify starters vs depth.
ATL,Atlanta Falcons,1997,57,65,65,65,66,98.2,0,same_overall_cluster|no_clear_starters|no_stars|compressed_spread|no_recorded_starts,Re-generate with role+production separation; verify starters vs depth.
DAL,Dallas Cowboys,1997,56,67,67,66,67,98.2,0,same_overall_cluster|no_clear_starters|no_stars|compressed_spread|no_recorded_starts,Re-generate with role+production separation; verify starters vs depth.
CIN,Cincinnati Bengals,1968,54,66,66,66,67,98.1,0,same_overall_cluster|no_clear_starters|no_stars|compressed_spread|no_recorded_starts,Re-generate with role+production separation; verify starters vs depth.
ARI,Arizona Cardinals,1978,52,65,65,65,66,98.1,0,same_overall_cluster|no_clear_starters|no_stars|compressed_spread|no_recorded_starts,Re-generate with role+production separation; verify starters vs depth.
CIN,Cincinnati Bengals,1980,54,66,66,66,67,98.1,0,same_overall_cluster|no_clear_starters|no_stars|compressed_spread|no_recorded_starts,Re-generate with role+production separation; verify starters vs depth.
DET,Detroit Lions,1983,53,67,67,67,68,98.1,0,same_overall_cluster|no_clear_starters|no_stars|compressed_spread|no_recorded_starts,Re-generate with role+production separation; verify starters vs depth.
BUF,Buffalo Bills,1970,49,66,66,65,66,98,0,same_overall_cluster|no_clear_starters|no_stars|compressed_spread|no_recorded_starts,Re-generate with role+production separation; verify starters vs depth.
DEN,Denver Broncos,1976,49,67,67,66,67,98,0,same_overall_cluster|no_clear_starters|no_stars|compressed_spread|no_recorded_starts,Re-generate with role+production separation; verify starters vs depth.
DET,Detroit Lions,1976,50,67,67,66,67,98,0,same_overall_cluster|no_clear_starters|no_stars|compressed_spread|no_recorded_starts,Re-generate with role+production separation; verify starters vs depth.
DEN,Denver Broncos,1991,51,67,67,66,67,98,0,same_overall_cluster|no_clear_starters|no_stars|compressed_spread|no_recorded_starts,Re-generate with role+production separation; verify starters vs depth.
NO,New Orleans Saints,2016,101,70.5,70,56,89,67.3,76.2,generic_70_cluster|same_overall_cluster|missing_boxscore_post1999,Re-generate with role+production separation; verify starters vs depth.
BUF,Buffalo Bills,1967,48,66,66,65,66,97.9,0,same_overall_cluster|no_clear_starters|no_stars|compressed_spread|no_recorded_starts,Re-generate with role+production separation; verify starters vs depth.
CHI,Chicago Bears,1968,47,66,66,65,66,97.9,0,same_overall_cluster|no_clear_starters|no_stars|compressed_spread|no_recorded_starts,Re-generate with role+production separation; verify starters vs depth.
BUF,Buffalo Bills,1969,48,66,66,65,66,97.9,0,same_overall_cluster|no_clear_starters|no_stars|compressed_spread|no_recorded_starts,Re-generate with role+production separation; verify starters vs depth.
CHI,Chicago Bears,1969,48,66,66,65,66,97.9,0,same_overall_cluster|no_clear_starters|no_stars|compressed_spread|no_recorded_starts,Re-generate with role+production separation; verify starters vs depth.
CHI,Chicago Bears,1970,48,66,66,65,66,97.9,0,same_overall_cluster|no_clear_starters|no_stars|compressed_spread|no_recorded_starts,Re-generate with role+production separation; verify starters vs depth.
IND,Indianapolis Colts,1972,47,68,68,67,68,97.9,0,same_overall_cluster|no_clear_starters|no_stars|compressed_spread|no_recorded_starts,Re-generate with role+production separation; verify starters vs depth.
DET,Detroit Lions,1974,48,67,67,67,68,97.9,0,same_overall_cluster|no_clear_starters|no_stars|compressed_spread|no_recorded_starts,Re-generate with role+production separation; verify starters vs depth.
DEN,Denver Broncos,1975,48,67,67,67,68,97.9,0,same_overall_cluster|no_clear_starters|no_stars|compressed_spread|no_recorded_starts,Re-generate with role+production separation; verify starters vs depth.
DEN,Denver Broncos,1979,47,67,67,66,67,97.9,0,same_overall_cluster|no_clear_starters|no_stars|compressed_spread|no_recorded_starts,Re-generate with role+production separation; verify starters vs depth.
DEN,Denver Broncos,1981,47,67,67,66,67,97.9,0,same_overall_cluster|no_clear_starters|no_stars|compressed_spread|no_recorded_starts,Re-generate with role+production separation; verify starters vs depth.
CHI,Chicago Bears,1967,46,66,66,65,66,97.8,0,same_overall_cluster|no_clear_starters|no_stars|compressed_spread|no_recorded_starts,Re-generate with role+production separation; verify starters vs depth.
DET,Detroit Lions,1967,46,67,67,67,68,97.8,0,same_overall_cluster|no_clear_starters|no_stars|compressed_spread|no_recorded_starts,Re-generate with role+production separation; verify starters vs depth.
CIN,Cincinnati Bengals,1969,46,66,66,66,67,97.8,0,same_overall_cluster|no_clear_starters|no_stars|compressed_spread|no_recorded_starts,Re-generate with role+production separation; verify starters vs depth.
IND,Indianapolis Colts,1970,45,68,68,67,68,97.8,0,same_overall_cluster|no_clear_starters|no_stars|compressed_spread|no_recorded_starts,Re-generate with role+production separation; verify starters vs depth.
KC,Kansas City Chiefs,1970,45,68,68,67,68,97.8,0,same_overall_cluster|no_clear_starters|no_stars|compressed_spread|no_recorded_starts,Re-generate with role+production separation; verify starters vs depth.
IND,Indianapolis Colts,1971,46,68,68,67,68,97.8,0,same_overall_cluster|no_clear_starters|no_stars|compressed_spread|no_recorded_starts,Re-generate with role+production separation; verify starters vs depth.
CHI,Chicago Bears,1965,44,66,66,65,66,97.7,0,same_overall_cluster|no_clear_starters|no_stars|compressed_spread|no_recorded_starts,Re-generate with role+production separation; verify starters vs depth.
DEN,Denver Broncos,1965,43,67,67,66,67,97.7,0,same_overall_cluster|no_clear_starters|no_stars|compressed_spread|no_recorded_starts,Re-generate with role+production separation; verify starters vs depth.
CIN,Cincinnati Bengals,1970,43,66,66,66,67,97.7,0,same_overall_cluster|no_clear_starters|no_stars|compressed_spread|no_recorded_starts,Re-generate with role+production separation; verify starters vs depth.
DAL,Dallas Cowboys,1970,44,67,67,66,67,97.7,0,same_overall_cluster|no_clear_starters|no_stars|compressed_spread|no_recorded_starts,Re-generate with role+production separation; verify starters vs depth.
GB,Green Bay Packers,1987,104,67,67,67,68,97.1,0,same_overall_cluster|no_clear_starters|no_stars|compressed_spread|no_recorded_starts,Re-generate with role+production separation; verify starters vs depth.
LV,Las Vegas Raiders,2022,69,69.7,69,56,89,73.9,76.8,generic_70_cluster|same_overall_cluster,Re-generate with role+production separation; verify starters vs depth.
CIN,Cincinnati Bengals,1995,60,66,66,66,67,96.7,0,same_overall_cluster|no_clear_starters|no_stars|compressed_spread|no_recorded_starts,Re-generate with role+production separation; verify starters vs depth.
DET,Detroit Lions,1989,58,67,67,67,68,96.6,0,same_overall_cluster|no_clear_starters|no_stars|compressed_spread|no_recorded_starts,Re-generate with role+production separation; verify starters vs depth.
DEN,Denver Broncos,1983,57,67,67,66,67,96.5,0,same_overall_cluster|no_clear_starters|no_stars|compressed_spread|no_recorded_starts,Re-generate with role+production separation; verify starters vs depth.
KC,Kansas City Chiefs,1992,57,68,68,67,68,96.5,0,same_overall_cluster|no_clear_starters|no_stars|compressed_spread|no_recorded_starts,Re-generate with role+production separation; verify starters vs depth.
CHI,Chicago Bears,1991,55,66,66,65,66,96.4,0,same_overall_cluster|no_clear_starters|no_stars|compressed_spread|no_recorded_starts,Re-generate with role+production separation; verify starters vs depth.
ATL,Atlanta Falcons,1998,56,65,65,65,66,96.4,0,same_overall_cluster|no_clear_starters|no_stars|compressed_spread|no_recorded_starts,Re-generate with role+production separation; verify starters vs depth.
SF,San Francisco 49ers,2016,74,70.6,71,56,83,66.2,75.7,generic_70_cluster|same_overall_cluster|no_stars,Re-generate with role+production separation; verify starters vs depth.
NYJ,New York Jets,2024,71,70.2,70,56,86,67.6,74.6,generic_70_cluster|same_overall_cluster|missing_boxscore_post1999,Re-generate with role+production separation; verify starters vs depth.
BUF,Buffalo Bills,1982,53,66,66,65,66,96.2,0,same_overall_cluster|no_clear_starters|no_stars|compressed_spread|no_recorded_starts,Re-generate with role+production separation; verify starters vs depth.
DEN,Denver Broncos,1986,52,67,67,66,67,96.2,0,same_overall_cluster|no_clear_starters|no_stars|compressed_spread|no_recorded_starts,Re-generate with role+production separation; verify starters vs depth.
KC,Kansas City Chiefs,1978,50,68,68,67,68,96,0,same_overall_cluster|no_clear_starters|no_stars|compressed_spread|no_recorded_starts,Re-generate with role+production separation; verify starters vs depth.
DET,Detroit Lions,1973,49,67,67,67,68,95.9,0,same_overall_cluster|no_clear_starters|no_stars|compressed_spread|no_recorded_starts,Re-generate with role+production separation; verify starters vs depth.
DEN,Denver Broncos,1977,48,67,67,66,67,95.8,0,same_overall_cluster|no_clear_starters|no_stars|compressed_spread|no_recorded_starts,Re-generate with role+production separation; verify starters vs depth.
DET,Detroit Lions,1969,47,67,67,67,68,95.7,0,same_overall_cluster|no_clear_starters|no_stars|compressed_spread|no_recorded_starts,Re-generate with role+production separation; verify starters vs depth.
BUF,Buffalo Bills,1973,47,66,66,65,66,95.7,0,same_overall_cluster|no_clear_starters|no_stars|compressed_spread|no_recorded_starts,Re-generate with role+production separation; verify starters vs depth.
DAL,Dallas Cowboys,1973,46,67,67,66,67,95.7,0,same_overall_cluster|no_clear_starters|no_stars|compressed_spread|no_recorded_starts,Re-generate with role+production separation; verify starters vs depth.
DAL,Dallas Cowboys,1974,47,67,67,66,67,95.7,0,same_overall_cluster|no_clear_starters|no_stars|compressed_spread|no_recorded_starts,Re-generate with role+production separation; verify starters vs depth.
IND,Indianapolis Colts,1974,47,68,68,67,68,95.7,0,same_overall_cluster|no_clear_starters|no_stars|compressed_spread|no_recorded_starts,Re-generate with role+production separation; verify starters vs depth.
DET,Detroit Lions,1970,45,67,67,67,68,95.6,0,same_overall_cluster|no_clear_starters|no_stars|compressed_spread|no_recorded_starts,Re-generate with role+production separation; verify starters vs depth.
BUF,Buffalo Bills,1975,45,66,66,65,66,95.6,0,same_overall_cluster|no_clear_starters|no_stars|compressed_spread|no_recorded_starts,Re-generate with role+production separation; verify starters vs depth.
DAL,Dallas Cowboys,1968,44,67,67,66,67,95.5,0,same_overall_cluster|no_clear_starters|no_stars|compressed_spread|no_recorded_starts,Re-generate with role+production separation; verify starters vs depth.
IND,Indianapolis Colts,1973,44,68,68,67,68,95.5,0,same_overall_cluster|no_clear_starters|no_stars|compressed_spread|no_recorded_starts,Re-generate with role+production separation; verify starters vs depth.
KC,Kansas City Chiefs,1987,111,68,68,67,68,95.5,0,same_overall_cluster|no_clear_starters|no_stars|compressed_spread|no_recorded_starts,Re-generate with role+production separation; verify starters vs depth.
CIN,Cincinnati Bengals,1975,43,66,66,66,67,95.3,0,same_overall_cluster|no_clear_starters|no_stars|compressed_spread|no_recorded_starts,Re-generate with role+production separation; verify starters vs depth.
CHI,Chicago Bears,1996,64,66,66,66,67,95.3,0,same_overall_cluster|no_clear_starters|no_stars|compressed_spread|no_recorded_starts,Re-generate with role+production separation; verify starters vs depth.
LAC,Los Angeles Chargers,1989,58,68,68,67,69,93.1,3.4,same_overall_cluster|no_clear_starters|no_stars|compressed_spread|no_recorded_starts,Re-generate with role+production separation; verify starters vs depth.
KC,Kansas City Chiefs,1965,42,68,68,67,68,95.2,0,same_overall_cluster|no_clear_starters|no_stars|compressed_spread|no_recorded_starts,Re-generate with role+production separation; verify starters vs depth.
BUF,Buffalo Bills,1966,42,66,66,65,66,95.2,0,same_overall_cluster|no_clear_starters|no_stars|compressed_spread|no_recorded_starts,Re-generate with role+production separation; verify starters vs depth.
CHI,Chicago Bears,1997,61,66,66,66,67,95.1,0,same_overall_cluster|no_clear_starters|no_stars|compressed_spread|no_recorded_starts,Re-generate with role+production separation; verify starters vs depth.
KC,Kansas City Chiefs,1981,58,67.9,68,67,68,94.8,0,same_overall_cluster|no_clear_starters|no_stars|compressed_spread|no_recorded_starts,Re-generate with role+production separation; verify starters vs depth.
BUF,Buffalo Bills,1990,55,65.9,66,65,66,94.5,0,same_overall_cluster|no_clear_starters|no_stars|compressed_spread|no_recorded_starts,Re-generate with role+production separation; verify starters vs depth.
CLE,Cleveland Browns,1988,54,66.1,66,66,67,94.4,0,same_overall_cluster|no_clear_starters|no_stars|compressed_spread|no_recorded_starts,Re-generate with role+production separation; verify starters vs depth.
BUF,Buffalo Bills,1974,53,65.9,66,65,66,94.3,0,same_overall_cluster|no_clear_starters|no_stars|compressed_spread|no_recorded_starts,Re-generate with role+production separation; verify starters vs depth.
BUF,Buffalo Bills,1985,53,65.9,66,65,66,94.3,0,same_overall_cluster|no_clear_starters|no_stars|compressed_spread|no_recorded_starts,Re-generate with role+production separation; verify starters vs depth.
DEN,Denver Broncos,1989,52,66.9,67,66,67,94.2,0,same_overall_cluster|no_clear_starters|no_stars|compressed_spread|no_recorded_starts,Re-generate with role+production separation; verify starters vs depth.
BUF,Buffalo Bills,1979,51,65.9,66,65,66,94.1,0,same_overall_cluster|no_clear_starters|no_stars|compressed_spread|no_recorded_starts,Re-generate with role+production separation; verify starters vs depth.
CLE,Cleveland Browns,1987,102,66.1,66,66,67,94.1,0,same_overall_cluster|no_clear_starters|no_stars|compressed_spread|no_recorded_starts,Re-generate with role+production separation; verify starters vs depth.
BUF,Buffalo Bills,1971,50,65.9,66,65,66,94,0,same_overall_cluster|no_clear_starters|no_stars|compressed_spread|no_recorded_starts,Re-generate with role+production separation; verify starters vs depth.
BUF,Buffalo Bills,1968,48,65.9,66,65,66,93.8,0,same_overall_cluster|no_clear_starters|no_stars|compressed_spread|no_recorded_starts,Re-generate with role+production separation; verify starters vs depth.
GB,Green Bay Packers,1993,64,67.1,67,67,68,93.8,0,same_overall_cluster|no_clear_starters|no_stars|compressed_spread|no_recorded_starts,Re-generate with role+production separation; verify starters vs depth.
IND,Indianapolis Colts,1998,64,67.9,68,67,68,93.8,0,same_overall_cluster|no_clear_starters|no_stars|compressed_spread|no_recorded_starts,Re-generate with role+production separation; verify starters vs depth.
NYJ,New York Jets,2021,74,69.3,70,56,80,68.9,71.6,generic_70_cluster|same_overall_cluster|no_stars,Re-generate with role+production separation; verify starters vs depth.
MIN,Minnesota Vikings,2016,82,69.2,69,56,87,68.3,72,generic_70_cluster|same_overall_cluster|missing_boxscore_post1999,Re-generate with role+production separation; verify starters vs depth.
KC,Kansas City Chiefs,1967,47,67.9,68,67,68,93.6,0,same_overall_cluster|no_clear_starters|no_stars|compressed_spread|no_recorded_starts,Re-generate with role+production separation; verify starters vs depth.
KC,Kansas City Chiefs,1976,47,67.9,68,67,68,93.6,0,same_overall_cluster|no_clear_starters|no_stars|compressed_spread|no_recorded_starts,Re-generate with role+production separation; verify starters vs depth.
CIN,Cincinnati Bengals,1971,46,66.1,66,66,67,93.5,0,same_overall_cluster|no_clear_starters|no_stars|compressed_spread|no_recorded_starts,Re-generate with role+production separation; verify starters vs depth.
DAL,Dallas Cowboys,1972,45,66.9,67,66,67,93.3,0,same_overall_cluster|no_clear_starters|no_stars|compressed_spread|no_recorded_starts,Re-generate with role+production separation; verify starters vs depth.
DAL,Dallas Cowboys,1969,44,66.9,67,66,67,93.2,0,same_overall_cluster|no_clear_starters|no_stars|compressed_spread|no_recorded_starts,Re-generate with role+production separation; verify starters vs depth.
IND,Indianapolis Colts,1968,42,67.9,68,67,68,92.9,0,same_overall_cluster|no_clear_starters|no_stars|compressed_spread|no_recorded_starts,Re-generate with role+production separation; verify starters vs depth.
KC,Kansas City Chiefs,1989,56,67.9,68,67,68,92.9,0,same_overall_cluster|no_clear_starters|no_stars|compressed_spread|no_recorded_starts,Re-generate with role+production separation; verify starters vs depth.
STL,St. Louis Rams,2020,61,71.9,71,58,85,67.2,72.1,generic_70_cluster|same_overall_cluster|missing_boxscore_post1999,Re-generate with role+production separation; verify starters vs depth.
CIN,Cincinnati Bengals,1989,56,66,66,65,67,94.6,0,same_overall_cluster|no_clear_starters|no_stars|compressed_spread|no_recorded_starts,Re-generate with role+production separation; verify starters vs depth.
MIA,Miami Dolphins,2017,66,69.3,69,57,87,72.7,74.2,generic_70_cluster|same_overall_cluster,Re-generate with role+production separation; verify starters vs depth.
BUF,Buffalo Bills,1976,52,65.9,66,65,66,92.3,0,same_overall_cluster|no_clear_starters|no_stars|compressed_spread|no_recorded_starts,Re-generate with role+production separation; verify starters vs depth.
DEN,Denver Broncos,1966,50,66.9,67,66,67,92,0,same_overall_cluster|no_clear_starters|no_stars|compressed_spread|no_recorded_starts,Re-generate with role+production separation; verify starters vs depth.
GB,Green Bay Packers,1984,59,67.1,67,67,68,91.5,0,same_overall_cluster|no_clear_starters|no_stars|compressed_spread|no_recorded_starts,Re-generate with role+production separation; verify starters vs depth.
IND,Indianapolis Colts,1995,58,67.9,68,67,68,91.4,0,same_overall_cluster|no_clear_starters|no_stars|compressed_spread|no_recorded_starts,Re-generate with role+production separation; verify starters vs depth.
SEA,Seattle Seahawks,2017,68,70.8,71,56,89,70.6,75,generic_70_cluster|same_overall_cluster,Re-generate with role+production separation; verify starters vs depth.
STL,St. Louis Rams,2016,67,70.4,71,56,84,62.7,74.6,generic_70_cluster|same_overall_cluster|no_stars,Re-generate with role+production separation; verify starters vs depth.
SF,San Francisco 49ers,2017,74,70.8,71,56,85,73,73,generic_70_cluster|same_overall_cluster,Re-generate with role+production separation; verify starters vs depth.
DET,Detroit Lions,1971,45,67.1,67,67,68,91.1,0,same_overall_cluster|no_clear_starters|no_stars|compressed_spread|no_recorded_starts,Re-generate with role+production separation; verify starters vs depth.
CIN,Cincinnati Bengals,1972,45,66.1,66,66,67,91.1,0,same_overall_cluster|no_clear_starters|no_stars|compressed_spread|no_recorded_starts,Re-generate with role+production separation; verify starters vs depth.
BUF,Buffalo Bills,1993,56,65.9,66,65,66,91.1,0,same_overall_cluster|no_clear_starters|no_stars|compressed_spread|no_recorded_starts,Re-generate with role+production separation; verify starters vs depth.
MIN,Minnesota Vikings,2024,58,70.7,69,60,88,69,75.9,generic_70_cluster|same_overall_cluster,Re-generate with role+production separation; verify starters vs depth.
IND,Indianapolis Colts,1975,44,67.9,68,67,68,90.9,0,same_overall_cluster|no_clear_starters|no_stars|compressed_spread|no_recorded_starts,Re-generate with role+production separation; verify starters vs depth.
DAL,Dallas Cowboys,1992,55,66.9,67,66,67,90.9,0,same_overall_cluster|no_clear_starters|no_stars|compressed_spread|no_recorded_starts,Re-generate with role+production separation; verify starters vs depth.
BAL,Baltimore Ravens,1996,55,65.9,66,65,66,90.9,0,same_overall_cluster|no_clear_starters|no_stars|compressed_spread|no_recorded_starts,Re-generate with role+production separation; verify starters vs depth.
BUF,Buffalo Bills,1988,53,65.9,66,65,66,90.6,0,same_overall_cluster|no_clear_starters|no_stars|compressed_spread|no_recorded_starts,Re-generate with role+production separation; verify starters vs depth.
NYJ,New York Jets,2018,68,69.3,70,56,81,64.7,72.1,generic_70_cluster|same_overall_cluster|no_stars,Re-generate with role+production separation; verify starters vs depth.
BUF,Buffalo Bills,1977,51,65.9,66,65,66,90.2,0,same_overall_cluster|no_clear_starters|no_stars|compressed_spread|no_recorded_starts,Re-generate with role+production separation; verify starters vs depth.
BUF,Buffalo Bills,1989,50,65.9,66,65,66,90,0,same_overall_cluster|no_clear_starters|no_stars|compressed_spread|no_recorded_starts,Re-generate with role+production separation; verify starters vs depth.
NYG,New York Giants,2023,70,69.9,70,56,83,67.1,70,generic_70_cluster|same_overall_cluster|no_stars,Re-generate with role+production separation; verify starters vs depth.
BUF,Buffalo Bills,1981,49,65.9,66,65,66,89.8,0,same_overall_cluster|no_clear_starters|no_stars|compressed_spread|no_recorded_starts,Re-generate with role+production separation; verify starters vs depth.
STL,St. Louis Rams,2024,63,70.9,71,56,87,71.4,73,generic_70_cluster|same_overall_cluster,Re-generate with role+production separation; verify starters vs depth.
GB,Green Bay Packers,1986,58,67.1,67,67,68,89.7,0,same_overall_cluster|no_clear_starters|no_stars|compressed_spread|no_recorded_starts,Re-generate with role+production separation; verify starters vs depth.
SEA,Seattle Seahawks,2019,73,70.3,71,56,88,68.5,75.3,generic_70_cluster|same_overall_cluster,Re-generate with role+production separation; verify starters vs depth.
NYG,New York Giants,2020,65,69.5,70,56,84,67.7,69.2,generic_70_cluster|same_overall_cluster|no_stars,Re-generate with role+production separation; verify starters vs depth.
LV,Las Vegas Raiders,2021,68,69.8,69,56,87,70.6,73.5,generic_70_cluster|same_overall_cluster,Re-generate with role+production separation; verify starters vs depth.
CLE,Cleveland Browns,1984,56,66.1,66,66,67,89.3,0,same_overall_cluster|no_clear_starters|no_stars|compressed_spread|no_recorded_starts,Re-generate with role+production separation; verify starters vs depth.
ATL,Atlanta Falcons,1987,112,65.1,65,65,66,89.3,0,same_overall_cluster|no_clear_starters|no_stars|compressed_spread|no_recorded_starts,Re-generate with role+production separation; verify starters vs depth.
BUF,Buffalo Bills,1992,56,65.9,66,65,66,89.3,0,same_overall_cluster|no_clear_starters|no_stars|compressed_spread|no_recorded_starts,Re-generate with role+production separation; verify starters vs depth.
PIT,Pittsburgh Steelers,2016,70,70.5,71,56,87,65.7,77.1,generic_70_cluster|same_overall_cluster,Re-generate with role+production separation; verify starters vs depth.
GB,Green Bay Packers,1990,55,67.1,67,67,68,89.1,0,same_overall_cluster|no_clear_starters|no_stars|compressed_spread|no_recorded_starts,Re-generate with role+production separation; verify starters vs depth.
DAL,Dallas Cowboys,1988,54,66.9,67,66,67,88.9,0,same_overall_cluster|no_clear_starters|no_stars|compressed_spread|no_recorded_starts,Re-generate with role+production separation; verify starters vs depth.
GB,Green Bay Packers,1988,63,67.1,67,67,68,88.9,0,same_overall_cluster|no_clear_starters|no_stars|compressed_spread|no_recorded_starts,Re-generate with role+production separation; verify starters vs depth.
BAL,Baltimore Ravens,1998,63,65.9,66,65,66,88.9,0,same_overall_cluster|no_clear_starters|no_stars|compressed_spread|no_recorded_starts,Re-generate with role+production separation; verify starters vs depth.
TB,Tampa Bay Buccaneers,1999,58,70.2,71,56,84,67.2,69,generic_70_cluster|same_overall_cluster|no_stars,Re-generate with role+production separation; verify starters vs depth.
IND,Indianapolis Colts,1997,62,67.9,68,67,68,88.7,0,same_overall_cluster|no_clear_starters|no_stars|compressed_spread|no_recorded_starts,Re-generate with role+production separation; verify starters vs depth.
SF,San Francisco 49ers,2020,78,70.2,71,56,80,66.7,69.2,generic_70_cluster|same_overall_cluster|no_stars,Re-generate with role+production separation; verify starters vs depth.
MIA,Miami Dolphins,2000,65,68.5,69,56,83,64.6,70.8,generic_70_cluster|same_overall_cluster|no_stars,Re-generate with role+production separation; verify starters vs depth.
SF,San Francisco 49ers,2001,61,71.5,71,57,89,67.2,75.4,generic_70_cluster|same_overall_cluster,Re-generate with role+production separation; verify starters vs depth.
IND,Indianapolis Colts,1965,43,67.9,68,67,68,88.4,0,same_overall_cluster|no_clear_starters|no_stars|compressed_spread|no_recorded_starts,Re-generate with role+production separation; verify starters vs depth.
DAL,Dallas Cowboys,1976,43,66.9,67,66,67,88.4,0,same_overall_cluster|no_clear_starters|no_stars|compressed_spread|no_recorded_starts,Re-generate with role+production separation; verify starters vs depth.
BUF,Buffalo Bills,1994,60,65.9,66,65,66,88.3,0,same_overall_cluster|no_clear_starters|no_stars|compressed_spread|no_recorded_starts,Re-generate with role+production separation; verify starters vs depth.
MIN,Minnesota Vikings,2022,61,70,69,56,89,68.9,73.8,generic_70_cluster|same_overall_cluster,Re-generate with role+production separation; verify starters vs depth.
NYG,New York Giants,2022,67,69.7,70,59,86,71.6,71.6,generic_70_cluster|same_overall_cluster,Re-generate with role+production separation; verify starters vs depth.
BUF,Buffalo Bills,1991,59,65.9,66,65,66,88.1,0,same_overall_cluster|no_clear_starters|no_stars|compressed_spread|no_recorded_starts,Re-generate with role+production separation; verify starters vs depth.
CLE,Cleveland Browns,1993,59,66.1,66,66,67,88.1,0,same_overall_cluster|no_clear_starters|no_stars|compressed_spread|no_recorded_starts,Re-generate with role+production separation; verify starters vs depth.
IND,Indianapolis Colts,1978,50,67.9,68,67,68,88,0,same_overall_cluster|no_clear_starters|no_stars|compressed_spread|no_recorded_starts,Re-generate with role+production separation; verify starters vs depth.
ATL,Atlanta Falcons,1984,58,65.1,65,65,66,87.9,0,same_overall_cluster|no_clear_starters|no_stars|compressed_spread|no_recorded_starts,Re-generate with role+production separation; verify starters vs depth.
ATL,Atlanta Falcons,1993,58,65.1,65,65,66,87.9,0,same_overall_cluster|no_clear_starters|no_stars|compressed_spread|no_recorded_starts,Re-generate with role+production separation; verify starters vs depth.
CLE,Cleveland Browns,1979,49,66.1,66,66,67,87.8,0,same_overall_cluster|no_clear_starters|no_stars|compressed_spread|no_recorded_starts,Re-generate with role+production separation; verify starters vs depth.
BUF,Buffalo Bills,1980,49,65.9,66,65,66,87.8,0,same_overall_cluster|no_clear_starters|no_stars|compressed_spread|no_recorded_starts,Re-generate with role+production separation; verify starters vs depth.
MIN,Minnesota Vikings,2020,65,70.3,69,60,88,64.6,76.9,generic_70_cluster|same_overall_cluster,Re-generate with role+production separation; verify starters vs depth.
DET,Detroit Lions,1975,49,67.1,67,66,68,89.8,0,same_overall_cluster|no_clear_starters|no_stars|compressed_spread|no_recorded_starts,Re-generate with role+production separation; verify starters vs depth.
NYJ,New York Jets,1999,61,69.8,70,56,86,70.5,72.1,generic_70_cluster|same_overall_cluster,Re-generate with role+production separation; verify starters vs depth.
NO,New Orleans Saints,2022,68,69.9,70,57,84,60.3,73.5,generic_70_cluster|same_overall_cluster|no_stars,Re-generate with role+production separation; verify starters vs depth.
BUF,Buffalo Bills,1983,56,65.9,66,65,66,87.5,0,same_overall_cluster|no_clear_starters|no_stars|compressed_spread|no_recorded_starts,Re-generate with role+production separation; verify starters vs depth.
DAL,Dallas Cowboys,1991,56,66.9,67,66,67,87.5,0,same_overall_cluster|no_clear_starters|no_stars|compressed_spread|no_recorded_starts,Re-generate with role+production separation; verify starters vs depth.
GB,Green Bay Packers,1991,56,67.1,67,67,68,87.5,0,same_overall_cluster|no_clear_starters|no_stars|compressed_spread|no_recorded_starts,Re-generate with role+production separation; verify starters vs depth.
PHI,Philadelphia Eagles,2016,88,70.3,70,57,85,51.1,80.7,generic_70_cluster|same_overall_cluster|missing_boxscore_post1999,Re-generate with role+production separation; verify starters vs depth.
ATL,Atlanta Falcons,1990,55,65.1,65,65,66,87.3,0,same_overall_cluster|no_clear_starters|no_stars|compressed_spread|no_recorded_starts,Re-generate with role+production separation; verify starters vs depth.
ATL,Atlanta Falcons,1991,55,65.1,65,65,66,87.3,0,same_overall_cluster|no_clear_starters|no_stars|compressed_spread|no_recorded_starts,Re-generate with role+production separation; verify starters vs depth.
DAL,Dallas Cowboys,1994,55,66.9,67,66,67,87.3,0,same_overall_cluster|no_clear_starters|no_stars|compressed_spread|no_recorded_starts,Re-generate with role+production separation; verify starters vs depth.
SEA,Seattle Seahawks,2020,69,70.9,71,56,89,69.6,72.5,generic_70_cluster|same_overall_cluster,Re-generate with role+production separation; verify starters vs depth.
MIA,Miami Dolphins,2015,50,70.2,69,56,86,70,72,generic_70_cluster|same_overall_cluster,Re-generate with role+production separation; verify starters vs depth.
NYG,New York Giants,2021,76,68.9,70,56,82,64.5,69.7,generic_70_cluster|same_overall_cluster|no_stars,Re-generate with role+production separation; verify starters vs depth.
KC,Kansas City Chiefs,1985,54,67.9,68,67,68,87,0,same_overall_cluster|no_clear_starters|no_stars|compressed_spread|no_recorded_starts,Re-generate with role+production separation; verify starters vs depth.
CLE,Cleveland Browns,1990,54,66.1,66,66,67,87,0,same_overall_cluster|no_clear_starters|no_stars|compressed_spread|no_recorded_starts,Re-generate with role+production separation; verify starters vs depth.
STL,St. Louis Rams,2023,58,70.5,71,56,87,67.2,74.1,generic_70_cluster|same_overall_cluster,Re-generate with role+production separation; verify starters vs depth.
SF,San Francisco 49ers,2024,74,70.2,71,56,87,70.3,71.6,generic_70_cluster|same_overall_cluster,Re-generate with role+production separation; verify starters vs depth.
ATL,Atlanta Falcons,1982,53,65.1,65,65,66,86.8,0,same_overall_cluster|no_clear_starters|no_stars|compressed_spread|no_recorded_starts,Re-generate with role+production separation; verify starters vs depth.
STL,St. Louis Rams,2018,60,70.5,71,56,88,70,71.7,generic_70_cluster|same_overall_cluster,Re-generate with role+production separation; verify starters vs depth.
MIA,Miami Dolphins,2023,65,69.5,69,57,90,69.2,72.3,generic_70_cluster|same_overall_cluster,Re-generate with role+production separation; verify starters vs depth.
LV,Las Vegas Raiders,2017,61,69.7,69,56,84,67.2,67.2,generic_70_cluster|same_overall_cluster|no_stars,Re-generate with role+production separation; verify starters vs depth.
DAL,Dallas Cowboys,1975,44,66.9,67,66,67,86.4,0,same_overall_cluster|no_clear_starters|no_stars|compressed_spread|no_recorded_starts,Re-generate with role+production separation; verify starters vs depth.
NYG,New York Giants,2017,74,69.3,70,56,84,64.9,68.9,generic_70_cluster|same_overall_cluster|no_stars,Re-generate with role+production separation; verify starters vs depth.
NYG,New York Giants,2019,66,69.3,70,56,82,63.6,69.7,generic_70_cluster|same_overall_cluster|no_stars,Re-generate with role+production separation; verify starters vs depth.
GB,Green Bay Packers,1977,50,67.1,67,67,68,86,0,same_overall_cluster|no_clear_starters|no_stars|compressed_spread|no_recorded_starts,Re-generate with role+production separation; verify starters vs depth.
DAL,Dallas Cowboys,1984,57,66.9,67,66,67,86,0,same_overall_cluster|no_clear_starters|no_stars|compressed_spread|no_recorded_starts,Re-generate with role+production separation; verify starters vs depth.
PHI,Philadelphia Eagles,2021,64,69.8,70,56,85,67.2,73.4,generic_70_cluster|same_overall_cluster,Re-generate with role+production separation; verify starters vs depth.
GB,Green Bay Packers,1983,55,67.1,67,67,68,85.5,0,same_overall_cluster|no_clear_starters|no_stars|compressed_spread|no_recorded_starts,Re-generate with role+production separation; verify starters vs depth.
ATL,Atlanta Falcons,1995,55,65.1,65,65,66,85.5,0,same_overall_cluster|no_clear_starters|no_stars|compressed_spread|no_recorded_starts,Re-generate with role+production separation; verify starters vs depth.
SF,San Francisco 49ers,2000,60,71,71,56,88,66.7,73.3,generic_70_cluster|same_overall_cluster,Re-generate with role+production separation; verify starters vs depth.
BUF,Buffalo Bills,1986,57,66,66,65,68,89.5,0,same_overall_cluster|no_clear_starters|no_stars|compressed_spread|no_recorded_starts,Re-generate with role+production separation; verify starters vs depth.
TB,Tampa Bay Buccaneers,2016,85,70.7,71,59,88,61.2,77.6,generic_70_cluster|same_overall_cluster,Re-generate with role+production separation; verify starters vs depth.
LV,Las Vegas Raiders,2019,67,69.5,69,56,87,68.7,71.6,generic_70_cluster|same_overall_cluster,Re-generate with role+production separation; verify starters vs depth.
NO,New Orleans Saints,2020,65,70,70,56,87,67.7,72.3,generic_70_cluster|same_overall_cluster,Re-generate with role+production separation; verify starters vs depth.
ATL,Atlanta Falcons,1977,47,65.1,65,65,66,85.1,0,same_overall_cluster|no_clear_starters|no_stars|compressed_spread|no_recorded_starts,Re-generate with role+production separation; verify starters vs depth.
DAL,Dallas Cowboys,1979,47,66.9,67,66,67,85.1,0,same_overall_cluster|no_clear_starters|no_stars|compressed_spread|no_recorded_starts,Re-generate with role+production separation; verify starters vs depth.
GB,Green Bay Packers,1965,40,67.2,67,67,68,85,0,same_overall_cluster|no_clear_starters|no_stars|compressed_spread|no_recorded_starts,Re-generate with role+production separation; verify starters vs depth.
BAL,Baltimore Ravens,1997,60,65.9,66,65,66,85,0,same_overall_cluster|no_clear_starters|no_stars|compressed_spread|no_recorded_starts,Re-generate with role+production separation; verify starters vs depth.
SF,San Francisco 49ers,1999,63,70.4,71,56,85,66.7,73,generic_70_cluster|same_overall_cluster,Re-generate with role+production separation; verify starters vs depth.
ATL,Atlanta Falcons,1975,46,65.2,65,65,66,84.8,0,same_overall_cluster|no_clear_starters|no_stars|compressed_spread|no_recorded_starts,Re-generate with role+production separation; verify starters vs depth.
DAL,Dallas Cowboys,1989,59,66.8,67,66,67,84.7,0,same_overall_cluster|no_clear_starters|no_stars|compressed_spread|no_recorded_starts,Re-generate with role+production separation; verify starters vs depth.
MIA,Miami Dolphins,2018,65,69,69,56,83,64.6,67.7,generic_70_cluster|same_overall_cluster|no_stars,Re-generate with role+production separation; verify starters vs depth.
CLE,Cleveland Browns,1986,52,66.2,66,66,67,84.6,0,same_overall_cluster|no_clear_starters|no_stars|compressed_spread|no_recorded_starts,Re-generate with role+production separation; verify starters vs depth.
IND,Indianapolis Colts,1991,58,67.8,68,67,68,84.5,0,same_overall_cluster|no_clear_starters|no_stars|compressed_spread|no_recorded_starts,Re-generate with role+production separation; verify starters vs depth.
ATL,Atlanta Falcons,1992,58,65.2,65,65,66,84.5,0,same_overall_cluster|no_clear_starters|no_stars|compressed_spread|no_recorded_starts,Re-generate with role+production separation; verify starters vs depth.
NYG,New York Giants,2024,72,69.5,70,56,86,65.3,73.6,generic_70_cluster|same_overall_cluster,Re-generate with role+production separation; verify starters vs depth.
CLE,Cleveland Browns,1983,51,66.2,66,66,67,84.3,0,same_overall_cluster|no_clear_starters|no_stars|compressed_spread|no_recorded_starts,Re-generate with role+production separation; verify starters vs depth.
NO,New Orleans Saints,2024,70,69.3,70,57,82,54.3,75.7,generic_70_cluster|same_overall_cluster|no_stars,Re-generate with role+production separation; verify starters vs depth.
SF,San Francisco 49ers,2021,66,70.3,71,56,86,68.2,71.2,generic_70_cluster|same_overall_cluster,Re-generate with role+production separation; verify starters vs depth.
PIT,Pittsburgh Steelers,2023,63,71.1,71,56,84,55.6,74.6,generic_70_cluster|same_overall_cluster|no_stars,Re-generate with role+production separation; verify starters vs depth.
TB,Tampa Bay Buccaneers,2001,57,70.3,71,56,84,63.2,68.4,generic_70_cluster|same_overall_cluster|no_stars,Re-generate with role+production separation; verify starters vs depth.
MIA,Miami Dolphins,2016,61,69.5,69,56,86,68.9,70.5,generic_70_cluster|same_overall_cluster,Re-generate with role+production separation; verify starters vs depth.
GB,Green Bay Packers,1976,50,67.2,67,67,68,84,0,same_overall_cluster|no_clear_starters|no_stars|compressed_spread|no_recorded_starts,Re-generate with role+production separation; verify starters vs depth.
IND,Indianapolis Colts,1992,50,67.8,68,67,68,84,0,same_overall_cluster|no_clear_starters|no_stars|compressed_spread|no_recorded_starts,Re-generate with role+production separation; verify starters vs depth.
BUF,Buffalo Bills,1987,109,66.1,66,65,70,89.9,1.8,same_overall_cluster|no_clear_starters|no_stars|compressed_spread|no_recorded_starts,Re-generate with role+production separation; verify starters vs depth.
IND,Indianapolis Colts,1979,49,67.8,68,67,68,83.7,0,same_overall_cluster|no_clear_starters|no_stars|compressed_spread|no_recorded_starts,Re-generate with role+production separation; verify starters vs depth.
DEN,Denver Broncos,1985,49,66.8,67,66,67,83.7,0,same_overall_cluster|no_clear_starters|no_stars|compressed_spread|no_recorded_starts,Re-generate with role+production separation; verify starters vs depth.
MIA,Miami Dolphins,2007,48,68.6,69,56,80,64.6,66.7,generic_70_cluster|same_overall_cluster|no_stars,Re-generate with role+production separation; verify starters vs depth.
SEA,Seattle Seahawks,2008,52,70.3,71,57,83,61.5,69.2,generic_70_cluster|same_overall_cluster|no_stars,Re-generate with role+production separation; verify starters vs depth.
TB,Tampa Bay Buccaneers,2021,60,71.4,71,58,89,66.7,71.7,generic_70_cluster|same_overall_cluster,Re-generate with role+production separation; verify starters vs depth.
PHI,Philadelphia Eagles,2017,65,70.8,70,56,85,67.7,70.8,generic_70_cluster|same_overall_cluster,Re-generate with role+production separation; verify starters vs depth.
DAL,Dallas Cowboys,1978,47,66.8,67,66,67,83,0,same_overall_cluster|no_clear_starters|no_stars|compressed_spread|no_recorded_starts,Re-generate with role+production separation; verify starters vs depth.
DAL,Dallas Cowboys,1981,47,66.8,67,66,67,83,0,same_overall_cluster|no_clear_starters|no_stars|compressed_spread|no_recorded_starts,Re-generate with role+production separation; verify starters vs depth.
IND,Indianapolis Colts,1994,53,67.8,68,67,68,83,0,same_overall_cluster|no_clear_starters|no_stars|compressed_spread|no_recorded_starts,Re-generate with role+production separation; verify starters vs depth.
LV,Las Vegas Raiders,2016,65,69.8,69,56,86,69.2,69.2,generic_70_cluster|same_overall_cluster,Re-generate with role+production separation; verify starters vs depth.
GB,Green Bay Packers,1982,52,67.2,67,67,68,82.7,0,same_overall_cluster|no_clear_starters|no_stars|compressed_spread|no_recorded_starts,Re-generate with role+production separation; verify starters vs depth.
DAL,Dallas Cowboys,1983,52,66.8,67,66,67,82.7,0,same_overall_cluster|no_clear_starters|no_stars|compressed_spread|no_recorded_starts,Re-generate with role+production separation; verify starters vs depth.
LV,Las Vegas Raiders,1999,58,69.7,69,56,87,67.2,70.7,generic_70_cluster|same_overall_cluster,Re-generate with role+production separation; verify starters vs depth.
ATL,Atlanta Falcons,1970,46,65.2,65,65,66,82.6,0,same_overall_cluster|no_clear_starters|no_stars|compressed_spread|no_recorded_starts,Re-generate with role+production separation; verify starters vs depth.
GB,Green Bay Packers,1979,57,67.2,67,67,68,82.5,0,same_overall_cluster|no_clear_starters|no_stars|compressed_spread|no_recorded_starts,Re-generate with role+production separation; verify starters vs depth.
IND,Indianapolis Colts,1988,57,67.8,68,67,68,82.5,0,same_overall_cluster|no_clear_starters|no_stars|compressed_spread|no_recorded_starts,Re-generate with role+production separation; verify starters vs depth.
ATL,Atlanta Falcons,1979,51,65.2,65,65,66,82.4,0,same_overall_cluster|no_clear_starters|no_stars|compressed_spread|no_recorded_starts,Re-generate with role+production separation; verify starters vs depth.
STL,St. Louis Rams,2001,56,71.3,71,56,89,66.1,71.4,generic_70_cluster|same_overall_cluster,Re-generate with role+production separation; verify starters vs depth.
MIN,Minnesota Vikings,2018,61,69.8,69,57,88,67.2,70.5,generic_70_cluster|same_overall_cluster,Re-generate with role+production separation; verify starters vs depth.
PHI,Philadelphia Eagles,2020,75,70.1,70,57,83,52,76,generic_70_cluster|same_overall_cluster|no_stars,Re-generate with role+production separation; verify starters vs depth.
NO,New Orleans Saints,2023,65,70.2,70,56,86,63.1,73.8,generic_70_cluster|same_overall_cluster,Re-generate with role+production separation; verify starters vs depth.
MIN,Minnesota Vikings,2000,58,69.3,69,56,88,69,69,generic_70_cluster|same_overall_cluster,Re-generate with role+production separation; verify starters vs depth.
DET,Detroit Lions,1968,45,67.2,67,67,68,82.2,0,same_overall_cluster|no_clear_starters|no_stars|compressed_spread|no_recorded_starts,Re-generate with role+production separation; verify starters vs depth.
NYG,New York Giants,2001,59,70.2,70,57,85,66.1,71.2,generic_70_cluster|same_overall_cluster,Re-generate with role+production separation; verify starters vs depth.
CLE,Cleveland Browns,1992,61,66.2,66,66,67,82,0,same_overall_cluster|no_clear_starters|no_stars|compressed_spread|no_recorded_starts,Re-generate with role+production separation; verify starters vs depth.
SEA,Seattle Seahawks,2021,67,71,71,56,86,67.2,70.1,generic_70_cluster|same_overall_cluster,Re-generate with role+production separation; verify starters vs depth.
NE,New England Patriots,2018,63,69.8,69,56,87,63.5,73,generic_70_cluster|same_overall_cluster,Re-generate with role+production separation; verify starters vs depth.
TB,Tampa Bay Buccaneers,2018,65,71,71,57,87,66.2,70.8,generic_70_cluster|same_overall_cluster,Re-generate with role+production separation; verify starters vs depth.
TB,Tampa Bay Buccaneers,2023,59,71.2,71,58,87,67.8,69.5,generic_70_cluster|same_overall_cluster,Re-generate with role+production separation; verify starters vs depth.
CLE,Cleveland Browns,1980,49,66.2,66,66,67,81.6,0,same_overall_cluster|no_clear_starters|no_stars|compressed_spread|no_recorded_starts,Re-generate with role+production separation; verify starters vs depth.
DAL,Dallas Cowboys,1982,49,66.8,67,66,67,81.6,0,same_overall_cluster|no_clear_starters|no_stars|compressed_spread|no_recorded_starts,Re-generate with role+production separation; verify starters vs depth.
DAL,Dallas Cowboys,1985,49,66.2,66,66,67,81.6,0,same_overall_cluster|no_clear_starters|no_stars|compressed_spread|no_recorded_starts,Re-generate with role+production separation; verify starters vs depth.
MIN,Minnesota Vikings,2017,57,69.4,69,56,86,66.7,70.2,generic_70_cluster|same_overall_cluster,Re-generate with role+production separation; verify starters vs depth.
CLE,Cleveland Browns,1976,43,66.2,66,66,67,81.4,0,same_overall_cluster|no_clear_starters|no_stars|compressed_spread|no_recorded_starts,Re-generate with role+production separation; verify starters vs depth.
ATL,Atlanta Falcons,1988,59,65.2,65,65,66,81.4,0,same_overall_cluster|no_clear_starters|no_stars|compressed_spread|no_recorded_starts,Re-generate with role+production separation; verify starters vs depth.
PHI,Philadelphia Eagles,2018,65,70.1,70,56,89,67.7,69.2,generic_70_cluster|same_overall_cluster,Re-generate with role+production separation; verify starters vs depth.
GB,Green Bay Packers,1981,53,67.2,67,67,68,81.1,0,same_overall_cluster|no_clear_starters|no_stars|compressed_spread|no_recorded_starts,Re-generate with role+production separation; verify starters vs depth.
ATL,Atlanta Falcons,1983,53,65.2,65,65,66,81.1,0,same_overall_cluster|no_clear_starters|no_stars|compressed_spread|no_recorded_starts,Re-generate with role+production separation; verify starters vs depth.
CLE,Cleveland Browns,1966,42,66.2,66,66,67,81,0,same_overall_cluster|no_clear_starters|no_stars|compressed_spread|no_recorded_starts,Re-generate with role+production separation; verify starters vs depth.
CLE,Cleveland Browns,1977,47,66.2,66,66,67,80.9,0,same_overall_cluster|no_clear_starters|no_stars|compressed_spread|no_recorded_starts,Re-generate with role+production separation; verify starters vs depth.
ATL,Atlanta Falcons,1981,47,65.2,65,65,66,80.9,0,same_overall_cluster|no_clear_starters|no_stars|compressed_spread|no_recorded_starts,Re-generate with role+production separation; verify starters vs depth.
MIA,Miami Dolphins,1999,62,69.2,69,56,83,62.9,66.1,generic_70_cluster|same_overall_cluster|no_stars,Re-generate with role+production separation; verify starters vs depth.
CLE,Cleveland Browns,1982,52,66.2,66,66,67,80.8,0,same_overall_cluster|no_clear_starters|no_stars|compressed_spread|no_recorded_starts,Re-generate with role+production separation; verify starters vs depth.
DAL,Dallas Cowboys,1990,57,66.8,67,66,67,80.7,0,same_overall_cluster|no_clear_starters|no_stars|compressed_spread|no_recorded_starts,Re-generate with role+production separation; verify starters vs depth.
BUF,Buffalo Bills,1995,57,65.8,66,65,66,80.7,0,same_overall_cluster|no_clear_starters|no_stars|compressed_spread|no_recorded_starts,Re-generate with role+production separation; verify starters vs depth.
DAL,Dallas Cowboys,1987,93,66.8,67,66,67,80.6,0,same_overall_cluster|no_clear_starters|no_stars|compressed_spread|no_recorded_starts,Re-generate with role+production separation; verify starters vs depth.
SEA,Seattle Seahawks,1999,59,70.5,71,56,85,64.4,71.2,generic_70_cluster|same_overall_cluster,Re-generate with role+production separation; verify starters vs depth.
MIA,Miami Dolphins,2019,72,68.3,69,56,86,66.7,69.4,generic_70_cluster|same_overall_cluster,Re-generate with role+production separation; verify starters vs depth.
NO,New Orleans Saints,2021,72,69.3,70,57,83,58.3,69.4,generic_70_cluster|same_overall_cluster|no_stars,Re-generate with role+production separation; verify starters vs depth.
ATL,Atlanta Falcons,1985,56,65.2,65,65,66,80.4,0,same_overall_cluster|no_clear_starters|no_stars|compressed_spread|no_recorded_starts,Re-generate with role+production separation; verify starters vs depth.
ATL,Atlanta Falcons,1986,56,65.2,65,65,66,80.4,0,same_overall_cluster|no_clear_starters|no_stars|compressed_spread|no_recorded_starts,Re-generate with role+production separation; verify starters vs depth.
SF,San Francisco 49ers,2019,68,71,71,56,87,63.2,72.1,generic_70_cluster|same_overall_cluster,Re-generate with role+production separation; verify starters vs depth.
MIA,Miami Dolphins,2022,67,69.4,69,56,88,67.2,68.7,generic_70_cluster|same_overall_cluster,Re-generate with role+production separation; verify starters vs depth.
SF,San Francisco 49ers,2022,67,70.5,71,57,86,67.2,68.7,generic_70_cluster|same_overall_cluster,Re-generate with role+production separation; verify starters vs depth.
MIN,Minnesota Vikings,1999,59,68.8,69,56,87,66.1,69.5,generic_70_cluster|same_overall_cluster,Re-generate with role+production separation; verify starters vs depth.
IND,Indianapolis Colts,1976,45,67.8,68,67,68,80,0,same_overall_cluster|no_clear_starters|no_stars|compressed_spread|no_recorded_starts,Re-generate with role+production separation; verify starters vs depth.
CLE,Cleveland Browns,1994,60,66.2,66,66,67,80,0,same_overall_cluster|no_clear_starters|no_stars|compressed_spread|no_recorded_starts,Re-generate with role+production separation; verify starters vs depth.
SF,San Francisco 49ers,2009,43,71,71,56,89,62.8,72.1,generic_70_cluster|same_overall_cluster,Re-generate with role+production separation; verify starters vs depth.
LV,Las Vegas Raiders,2003,54,68.6,69,56,83,61.1,66.7,generic_70_cluster|same_overall_cluster|no_stars,Re-generate with role+production separation; verify starters vs depth.
STL,St. Louis Rams,2015,50,70.8,71,56,83,62,66,generic_70_cluster|same_overall_cluster|no_stars,Re-generate with role+production separation; verify starters vs depth.
LAC,Los Angeles Chargers,2016,109,68.6,69,57,87,64.2,64.2,generic_70_cluster|same_overall_cluster|missing_boxscore_post1999,Re-generate with role+production separation; verify starters vs depth.
TB,Tampa Bay Buccaneers,2022,59,71.1,71,57,87,67.8,67.8,generic_70_cluster|same_overall_cluster,Re-generate with role+production separation; verify starters vs depth.
ATL,Atlanta Falcons,1980,49,65.2,65,65,66,79.6,0,same_overall_cluster|no_clear_starters|no_stars|compressed_spread|no_recorded_starts,Re-generate with role+production separation; verify starters vs depth.
NYG,New York Giants,1999,60,70.1,70,56,85,65,70,generic_70_cluster|same_overall_cluster,Re-generate with role+production separation; verify starters vs depth.
IND,Indianapolis Colts,1984,58,67.8,68,67,68,79.3,0,same_overall_cluster|no_clear_starters|no_stars|compressed_spread|no_recorded_starts,Re-generate with role+production separation; verify starters vs depth.
GB,Green Bay Packers,1972,48,67.8,68,67,68,79.2,0,same_overall_cluster|no_clear_starters|no_stars|compressed_spread|no_recorded_starts,Re-generate with role+production separation; verify starters vs depth.
CLE,Cleveland Browns,1978,48,66.2,66,66,67,79.2,0,same_overall_cluster|no_clear_starters|no_stars|compressed_spread|no_recorded_starts,Re-generate with role+production separation; verify starters vs depth.
NYG,New York Giants,2000,60,70.4,70,56,86,66.7,68.3,generic_70_cluster|same_overall_cluster,Re-generate with role+production separation; verify starters vs depth.
LV,Las Vegas Raiders,2001,60,70,69,56,87,66.7,68.3,generic_70_cluster|same_overall_cluster,Re-generate with role+production separation; verify starters vs depth.
LV,Las Vegas Raiders,2018,71,68.7,69,56,86,67.6,67.6,generic_70_cluster|same_overall_cluster,Re-generate with role+production separation; verify starters vs depth.
NYJ,New York Jets,2023,72,69,70,56,85,65.3,69.4,generic_70_cluster|same_overall_cluster,Re-generate with role+production separation; verify starters vs depth.
CLE,Cleveland Browns,1991,67,66.2,66,66,67,79.1,0,same_overall_cluster|no_clear_starters|no_stars|compressed_spread|no_recorded_starts,Re-generate with role+production separation; verify starters vs depth.
STL,St. Louis Rams,2008,51,69.2,71,56,83,62.7,64.7,generic_70_cluster|same_overall_cluster|no_stars,Re-generate with role+production separation; verify starters vs depth.
SF,San Francisco 49ers,2018,66,70.5,71,56,88,66.7,68.2,generic_70_cluster|same_overall_cluster,Re-generate with role+production separation; verify starters vs depth.
LV,Las Vegas Raiders,2020,66,69.6,69,56,89,66.7,68.2,generic_70_cluster|same_overall_cluster,Re-generate with role+production separation; verify starters vs depth.
ATL,Atlanta Falcons,1994,57,65.2,65,65,66,78.9,0,same_overall_cluster|no_clear_starters|no_stars|compressed_spread|no_recorded_starts,Re-generate with role+production separation; verify starters vs depth.
ATL,Atlanta Falcons,1996,57,65.2,65,65,66,78.9,0,same_overall_cluster|no_clear_starters|no_stars|compressed_spread|no_recorded_starts,Re-generate with role+production separation; verify starters vs depth.
PHI,Philadelphia Eagles,2024,67,69.9,70,56,88,64.2,70.1,generic_70_cluster|same_overall_cluster,Re-generate with role+production separation; verify starters vs depth.
ATL,Atlanta Falcons,1974,47,65.2,65,65,66,78.7,0,same_overall_cluster|no_clear_starters|no_stars|compressed_spread|no_recorded_starts,Re-generate with role+production separation; verify starters vs depth.
SEA,Seattle Seahawks,2005,47,71.5,71,60,89,63.8,70.2,generic_70_cluster|same_overall_cluster,Re-generate with role+production separation; verify starters vs depth.
NYG,New York Giants,2013,52,68.9,70,56,83,63.5,63.5,generic_70_cluster|same_overall_cluster|no_stars,Re-generate with role+production separation; verify starters vs depth.
PHI,Philadelphia Eagles,2007,45,70.3,70,56,85,62.2,71.1,generic_70_cluster|same_overall_cluster,Re-generate with role+production separation; verify starters vs depth.
IND,Indianapolis Colts,1990,59,67.8,68,67,68,78,0,same_overall_cluster|no_clear_starters|no_stars|compressed_spread|no_recorded_starts,Re-generate with role+production separation; verify starters vs depth.
GB,Green Bay Packers,1992,59,67.2,67,67,68,78,0,same_overall_cluster|no_clear_starters|no_stars|compressed_spread|no_recorded_starts,Re-generate with role+production separation; verify starters vs depth.
IND,Indianapolis Colts,1967,45,67.8,68,66,68,80,0,same_overall_cluster|no_clear_starters|no_stars|compressed_spread|no_recorded_starts,Re-generate with role+production separation; verify starters vs depth.
DAL,Dallas Cowboys,1977,45,66.8,67,66,67,77.8,0,same_overall_cluster|no_clear_starters|no_stars|compressed_spread|no_recorded_starts,Re-generate with role+production separation; verify starters vs depth.
SF,San Francisco 49ers,2007,46,70.1,71,56,83,60.9,65.2,generic_70_cluster|same_overall_cluster|no_stars,Re-generate with role+production separation; verify starters vs depth.
DAL,Dallas Cowboys,1993,58,66.8,67,66,67,77.6,0,same_overall_cluster|no_clear_starters|no_stars|compressed_spread|no_recorded_starts,Re-generate with role+production separation; verify starters vs depth.
CIN,Cincinnati Bengals,1996,58,66.8,67,66,67,77.6,0,same_overall_cluster|no_clear_starters|no_stars|compressed_spread|no_recorded_starts,Re-generate with role+production separation; verify starters vs depth.
MIN,Minnesota Vikings,2015,45,70.2,69,56,86,64.4,68.9,generic_70_cluster|same_overall_cluster,Re-generate with role+production separation; verify starters vs depth.
STL,St. Louis Rams,2021,66,70.1,71,56,91,65.2,68.2,generic_70_cluster|same_overall_cluster,Re-generate with role+production separation; verify starters vs depth.
GB,Green Bay Packers,1980,62,67.2,67,67,68,77.4,0,same_overall_cluster|no_clear_starters|no_stars|compressed_spread|no_recorded_starts,Re-generate with role+production separation; verify starters vs depth.
NYJ,New York Jets,2004,43,70.8,70,59,87,62.8,69.8,generic_70_cluster|same_overall_cluster,Re-generate with role+production separation; verify starters vs depth.
LV,Las Vegas Raiders,2007,46,68.6,69,56,83,63,63,generic_70_cluster|same_overall_cluster|no_stars,Re-generate with role+production separation; verify starters vs depth.
STL,St. Louis Rams,2017,61,70.8,71,56,86,63.9,68.9,generic_70_cluster|same_overall_cluster,Re-generate with role+production separation; verify starters vs depth.
NE,New England Patriots,2024,66,69.4,69,56,84,54.5,69.7,generic_70_cluster|same_overall_cluster|no_stars,Re-generate with role+production separation; verify starters vs depth.
CLE,Cleveland Browns,1981,52,66.2,66,66,67,76.9,0,same_overall_cluster|no_clear_starters|no_stars|compressed_spread|no_recorded_starts,Re-generate with role+production separation; verify starters vs depth.
SEA,Seattle Seahawks,2006,47,70.8,71,56,82,61.7,63.8,generic_70_cluster|same_overall_cluster|no_stars,Re-generate with role+production separation; verify starters vs depth.
PIT,Pittsburgh Steelers,2020,60,71.5,71,56,86,60,71.7,generic_70_cluster|same_overall_cluster,Re-generate with role+production separation; verify starters vs depth.
GB,Green Bay Packers,1967,43,67.2,67,67,68,76.7,0,same_overall_cluster|no_clear_starters|no_stars|compressed_spread|no_recorded_starts,Re-generate with role+production separation; verify starters vs depth.
ATL,Atlanta Falcons,1969,47,65.2,65,65,66,76.6,0,same_overall_cluster|no_clear_starters|no_stars|compressed_spread|no_recorded_starts,Re-generate with role+production separation; verify starters vs depth.
STL,St. Louis Rams,2000,58,70.4,71,56,87,65.5,67.2,generic_70_cluster|same_overall_cluster,Re-generate with role+production separation; verify starters vs depth.
SEA,Seattle Seahawks,2018,64,70.6,71,56,88,59.4,71.9,generic_70_cluster|same_overall_cluster,Re-generate with role+production separation; verify starters vs depth.
NO,New Orleans Saints,2001,60,70,70,56,87,61.7,70,generic_70_cluster|same_overall_cluster,Re-generate with role+production separation; verify starters vs depth.
SEA,Seattle Seahawks,2016,76,69.8,71,56,87,55.3,75,generic_70_cluster|same_overall_cluster,Re-generate with role+production separation; verify starters vs depth.
STL,St. Louis Rams,2022,71,69.9,71,56,85,66.2,66.2,generic_70_cluster|same_overall_cluster,Re-generate with role+production separation; verify starters vs depth.
SF,San Francisco 49ers,2006,44,70.9,71,57,87,63.6,68.2,generic_70_cluster|same_overall_cluster,Re-generate with role+production separation; verify starters vs depth.
IND,Indianapolis Colts,1966,45,67.8,68,67,68,75.6,0,same_overall_cluster|no_clear_starters|no_stars|compressed_spread|no_recorded_starts,Re-generate with role+production separation; verify starters vs depth.
GB,Green Bay Packers,1978,53,67.2,67,67,68,75.5,0,same_overall_cluster|no_clear_starters|no_stars|compressed_spread|no_recorded_starts,Re-generate with role+production separation; verify starters vs depth.
NO,New Orleans Saints,1999,66,69,70,56,83,60.6,63.6,generic_70_cluster|same_overall_cluster|no_stars,Re-generate with role+production separation; verify starters vs depth.
GB,Green Bay Packers,1994,65,67.2,67,67,68,75.4,0,same_overall_cluster|no_clear_starters|no_stars|compressed_spread|no_recorded_starts,Re-generate with role+production separation; verify starters vs depth.
MIN,Minnesota Vikings,2019,59,69.7,69,56,85,59.3,71.2,generic_70_cluster|same_overall_cluster,Re-generate with role+production separation; verify starters vs depth.
NYG,New York Giants,2007,48,69.7,70,57,86,64.6,66.7,generic_70_cluster|same_overall_cluster,Re-generate with role+production separation; verify starters vs depth.
IND,Indianapolis Colts,1985,52,67.3,67,67,68,75,0,same_overall_cluster|no_clear_starters|no_stars|compressed_spread|no_recorded_starts,Re-generate with role+production separation; verify starters vs depth.
MIN,Minnesota Vikings,2021,74,69.2,69,56,88,64.9,66.2,generic_70_cluster|same_overall_cluster,Re-generate with role+production separation; verify starters vs depth.
PHI,Philadelphia Eagles,2005,49,69.4,70,56,84,55.1,67.3,generic_70_cluster|same_overall_cluster|no_stars,Re-generate with role+production separation; verify starters vs depth.
STL,St. Louis Rams,2005,50,70.4,71,56,85,60,70,generic_70_cluster|same_overall_cluster,Re-generate with role+production separation; verify starters vs depth.
MIA,Miami Dolphins,2006,48,69.8,69,57,84,58.3,64.6,generic_70_cluster|same_overall_cluster|no_stars,Re-generate with role+production separation; verify starters vs depth.
MIA,Miami Dolphins,2001,65,69.2,69,56,86,64.6,66.2,generic_70_cluster|same_overall_cluster,Re-generate with role+production separation; verify starters vs depth.
SF,San Francisco 49ers,2008,45,69.7,71,56,83,55.6,66.7,generic_70_cluster|same_overall_cluster|no_stars,Re-generate with role+production separation; verify starters vs depth.
MIN,Minnesota Vikings,2023,67,69.6,69,56,86,59.7,70.1,generic_70_cluster|same_overall_cluster,Re-generate with role+production separation; verify starters vs depth.
PHI,Philadelphia Eagles,2009,44,71,70,59,87,59.1,70.5,generic_70_cluster|same_overall_cluster,Re-generate with role+production separation; verify starters vs depth.
PHI,Philadelphia Eagles,2023,63,70,70,56,87,54,74.6,generic_70_cluster|same_overall_cluster,Re-generate with role+production separation; verify starters vs depth.
DAL,Dallas Cowboys,1986,50,66.7,67,66,67,74,0,same_overall_cluster|no_clear_starters|no_stars|compressed_spread|no_recorded_starts,Re-generate with role+production separation; verify starters vs depth.
GB,Green Bay Packers,1968,46,67.7,68,67,68,73.9,0,same_overall_cluster|no_clear_starters|no_stars|compressed_spread|no_recorded_starts,Re-generate with role+production separation; verify starters vs depth.
TB,Tampa Bay Buccaneers,2006,48,70.4,71,56,82,60.4,62.5,generic_70_cluster|same_overall_cluster|no_stars,Re-generate with role+production separation; verify starters vs depth.
STL,St. Louis Rams,2009,49,70,71,56,84,59.2,63.3,generic_70_cluster|same_overall_cluster|no_stars,Re-generate with role+production separation; verify starters vs depth.
STL,St. Louis Rams,2014,45,71.3,71,59,84,57.8,64.4,generic_70_cluster|same_overall_cluster|no_stars,Re-generate with role+production separation; verify starters vs depth.
IND,Indianapolis Colts,1987,99,67.7,68,67,68,73.7,0,same_overall_cluster|no_clear_starters|no_stars|compressed_spread|no_recorded_starts,Re-generate with role+production separation; verify starters vs depth.
ATL,Atlanta Falcons,1976,53,65.3,65,65,66,73.6,0,same_overall_cluster|no_clear_starters|no_stars|compressed_spread|no_recorded_starts,Re-generate with role+production separation; verify starters vs depth.
ATL,Atlanta Falcons,1978,53,65.3,65,65,66,73.6,0,same_overall_cluster|no_clear_starters|no_stars|compressed_spread|no_recorded_starts,Re-generate with role+production separation; verify starters vs depth.
IND,Indianapolis Colts,1989,53,67.7,68,67,68,73.6,0,same_overall_cluster|no_clear_starters|no_stars|compressed_spread|no_recorded_starts,Re-generate with role+production separation; verify starters vs depth.
SEA,Seattle Seahawks,2022,74,70,71,56,88,63.5,66.2,generic_70_cluster|same_overall_cluster,Re-generate with role+production separation; verify starters vs depth.
SEA,Seattle Seahawks,2024,72,70.5,71,56,87,61.1,68.1,generic_70_cluster|same_overall_cluster,Re-generate with role+production separation; verify starters vs depth.
SF,San Francisco 49ers,2005,51,69.1,71,56,82,56.9,64.7,generic_70_cluster|same_overall_cluster|no_stars,Re-generate with role+production separation; verify starters vs depth.
NYJ,New York Jets,2001,55,69.9,70,56,87,61.8,67.3,generic_70_cluster|same_overall_cluster,Re-generate with role+production separation; verify starters vs depth.
MIN,Minnesota Vikings,2004,48,69.6,69,56,90,62.5,66.7,generic_70_cluster|same_overall_cluster,Re-generate with role+production separation; verify starters vs depth.
NYJ,New York Jets,2017,68,69.7,70,56,85,63.2,66.2,generic_70_cluster|same_overall_cluster,Re-generate with role+production separation; verify starters vs depth.
NYJ,New York Jets,2022,68,69.7,70,56,85,63.2,66.2,generic_70_cluster|same_overall_cluster,Re-generate with role+production separation; verify starters vs depth.
NYG,New York Giants,2004,53,69.2,70,56,87,58.5,69.8,generic_70_cluster|same_overall_cluster,Re-generate with role+production separation; verify starters vs depth.
ATL,Atlanta Falcons,1973,44,65.3,65,65,66,72.7,0,same_overall_cluster|no_clear_starters|no_stars|compressed_spread|no_recorded_starts,Re-generate with role+production separation; verify starters vs depth.
TB,Tampa Bay Buccaneers,2000,56,69.9,71,56,85,60.7,67.9,generic_70_cluster|same_overall_cluster,Re-generate with role+production separation; verify starters vs depth.
CLE,Cleveland Browns,1995,62,66.7,67,66,67,72.6,0,same_overall_cluster|no_clear_starters|no_stars|compressed_spread|no_recorded_starts,Re-generate with role+production separation; verify starters vs depth.
LV,Las Vegas Raiders,2000,55,70.1,69,57,87,63.6,65.5,generic_70_cluster|same_overall_cluster,Re-generate with role+production separation; verify starters vs depth.
MIN,Minnesota Vikings,2005,48,69.9,69,56,82,56.3,64.6,generic_70_cluster|same_overall_cluster|no_stars,Re-generate with role+production separation; verify starters vs depth.
SEA,Seattle Seahawks,2001,59,69.8,71,56,87,62.7,66.1,generic_70_cluster|same_overall_cluster,Re-generate with role+production separation; verify starters vs depth.
LAC,Los Angeles Chargers,2002,46,69.8,69,58,89,60.9,67.4,generic_70_cluster|same_overall_cluster,Re-generate with role+production separation; verify starters vs depth.
SF,San Francisco 49ers,2002,46,71.6,71,56,86,60.9,67.4,generic_70_cluster|same_overall_cluster,Re-generate with role+production separation; verify starters vs depth.
LV,Las Vegas Raiders,2023,66,69.6,69,56,87,63.6,65.2,generic_70_cluster|same_overall_cluster,Re-generate with role+production separation; verify starters vs depth.
DET,Detroit Lions,1972,50,67.3,67,67,68,72,0,same_overall_cluster|no_clear_starters|no_stars|compressed_spread|no_recorded_starts,Re-generate with role+production separation; verify starters vs depth.
IND,Indianapolis Colts,1980,50,67.7,68,67,68,72,0,same_overall_cluster|no_clear_starters|no_stars|compressed_spread|no_recorded_starts,Re-generate with role+production separation; verify starters vs depth.
IND,Indianapolis Colts,1982,57,67.7,68,67,68,71.9,0,same_overall_cluster|no_clear_starters|no_stars|compressed_spread|no_recorded_starts,Re-generate with role+production separation; verify starters vs depth.
SEA,Seattle Seahawks,2000,58,70.9,71,57,86,58.6,69,generic_70_cluster|same_overall_cluster,Re-generate with role+production separation; verify starters vs depth.
NO,New Orleans Saints,2015,54,70.4,70,56,86,61.1,66.7,generic_70_cluster|same_overall_cluster,Re-generate with role+production separation; verify starters vs depth.
NYJ,New York Jets,2019,71,68.8,70,56,85,63.4,64.8,generic_70_cluster|same_overall_cluster,Re-generate with role+production separation; verify starters vs depth.
DAL,Dallas Cowboys,1965,42,66.3,66,66,67,71.4,0,same_overall_cluster|no_clear_starters|no_stars|compressed_spread|no_recorded_starts,Re-generate with role+production separation; verify starters vs depth.
IND,Indianapolis Colts,1977,49,67.7,68,67,68,71.4,0,same_overall_cluster|no_clear_starters|no_stars|compressed_spread|no_recorded_starts,Re-generate with role+production separation; verify starters vs depth.
SEA,Seattle Seahawks,2010,57,70.9,71,56,82,52.6,66.7,generic_70_cluster|same_overall_cluster|no_stars,Re-generate with role+production separation; verify starters vs depth.
SEA,Seattle Seahawks,2002,47,71,71,56,88,61.7,66,generic_70_cluster|same_overall_cluster,Re-generate with role+production separation; verify starters vs depth.
PHI,Philadelphia Eagles,2004,47,69.8,70,57,86,61.7,66,generic_70_cluster|same_overall_cluster,Re-generate with role+production separation; verify starters vs depth.
MIN,Minnesota Vikings,2007,44,68.7,69,57,83,59.1,61.4,generic_70_cluster|same_overall_cluster|no_stars,Re-generate with role+production separation; verify starters vs depth.
MIN,Minnesota Vikings,2001,63,69.7,69,57,87,58.7,68.3,generic_70_cluster|same_overall_cluster,Re-generate with role+production separation; verify starters vs depth.
NYJ,New York Jets,2000,58,69.5,70,56,86,62.1,65.5,generic_70_cluster|same_overall_cluster,Re-generate with role+production separation; verify starters vs depth.
PHI,Philadelphia Eagles,2001,58,69.4,70,56,85,62.1,65.5,generic_70_cluster|same_overall_cluster,Re-generate with role+production separation; verify starters vs depth.
MIA,Miami Dolphins,2024,74,68.9,69,56,88,59.5,67.6,generic_70_cluster|same_overall_cluster,Re-generate with role+production separation; verify starters vs depth.
PHI,Philadelphia Eagles,2019,65,69.7,70,56,87,55.4,70.8,generic_70_cluster|same_overall_cluster,Re-generate with role+production separation; verify starters vs depth.
NYG,New York Giants,2003,51,69.2,70,56,84,56.9,62.7,generic_70_cluster|same_overall_cluster|no_stars,Re-generate with role+production separation; verify starters vs depth.
NO,New Orleans Saints,2005,44,70.1,70,58,83,50,68.2,generic_70_cluster|same_overall_cluster|no_stars,Re-generate with role+production separation; verify starters vs depth.
LV,Las Vegas Raiders,2006,46,69.2,69,56,81,56.5,63,generic_70_cluster|same_overall_cluster|no_stars,Re-generate with role+production separation; verify starters vs depth.
NYG,New York Giants,2018,62,69.5,70,56,87,54.8,71,generic_70_cluster|same_overall_cluster,Re-generate with role+production separation; verify starters vs depth.
ATL,Atlanta Falcons,1968,51,65.3,65,65,66,70.6,0,same_overall_cluster|no_clear_starters|no_stars|compressed_spread|no_recorded_starts,Re-generate with role+production separation; verify starters vs depth.
NYJ,New York Jets,2007,47,69.8,70,56,83,55.3,63.8,generic_70_cluster|same_overall_cluster|no_stars,Re-generate with role+production separation; verify starters vs depth.
CLE,Cleveland Browns,1989,54,66.3,66,66,67,70.4,0,same_overall_cluster|no_clear_starters|no_stars|compressed_spread|no_recorded_starts,Re-generate with role+production separation; verify starters vs depth.
GB,Green Bay Packers,1971,47,67.7,68,67,68,70.2,0,same_overall_cluster|no_clear_starters|no_stars|compressed_spread|no_recorded_starts,Re-generate with role+production separation; verify starters vs depth.
IND,Indianapolis Colts,1986,57,67.7,68,67,68,70.2,0,same_overall_cluster|no_clear_starters|no_stars|compressed_spread|no_recorded_starts,Re-generate with role+production separation; verify starters vs depth.
IND,Indianapolis Colts,1993,63,67.7,68,67,68,69.8,0,same_overall_cluster|no_clear_starters|no_stars|compressed_spread|no_recorded_starts,Re-generate with role+production separation; verify starters vs depth.
GB,Green Bay Packers,1998,63,67.3,67,67,68,69.8,0,same_overall_cluster|no_clear_starters|no_stars|compressed_spread|no_recorded_starts,Re-generate with role+production separation; verify starters vs depth.
STL,St. Louis Rams,2007,53,69.5,71,56,86,62.3,64.2,generic_70_cluster|same_overall_cluster,Re-generate with role+production separation; verify starters vs depth.
IND,Indianapolis Colts,1983,56,67.7,68,67,68,69.6,0,same_overall_cluster|no_clear_starters|no_stars|compressed_spread|no_recorded_starts,Re-generate with role+production separation; verify starters vs depth.
STL,St. Louis Rams,2019,61,70.6,71,56,87,62.3,63.9,generic_70_cluster|same_overall_cluster,Re-generate with role+production separation; verify starters vs depth.
PIT,Pittsburgh Steelers,2018,63,70.3,70,56,88,50.8,73,generic_70_cluster|same_overall_cluster,Re-generate with role+production separation; verify starters vs depth.
SF,San Francisco 49ers,2015,49,69.6,71,56,82,57.1,61.2,generic_70_cluster|same_overall_cluster|no_stars,Re-generate with role+production separation; verify starters vs depth.
GB,Green Bay Packers,1969,45,67.7,68,67,68,68.9,0,same_overall_cluster|no_clear_starters|no_stars|compressed_spread|no_recorded_starts,Re-generate with role+production separation; verify starters vs depth.
CLE,Cleveland Browns,1972,48,66.7,67,66,67,68.8,0,same_overall_cluster|no_clear_starters|no_stars|compressed_spread|no_recorded_starts,Re-generate with role+production separation; verify starters vs depth.
NE,New England Patriots,2019,63,69.1,70,56,86,52.4,71.4,generic_70_cluster|same_overall_cluster,Re-generate with role+production separation; verify starters vs depth.
NE,New England Patriots,2023,76,69.6,69,56,82,39.5,75,generic_70_cluster|weak_separation|no_stars,Verify top players; ensure stars are not capped down to starter range.
SEA,Seattle Seahawks,2011,56,71.1,71,57,85,58.9,66.1,generic_70_cluster|same_overall_cluster,Re-generate with role+production separation; verify starters vs depth.
NO,New Orleans Saints,2012,47,71,70,56,89,61.7,63.8,generic_70_cluster|same_overall_cluster,Re-generate with role+production separation; verify starters vs depth.
SEA,Seattle Seahawks,2014,52,70.3,71,57,87,59.6,65.4,generic_70_cluster|same_overall_cluster,Re-generate with role+production separation; verify starters vs depth.
GB,Green Bay Packers,1997,60,67.3,67,67,68,68.3,0,same_overall_cluster|no_clear_starters|no_stars|compressed_spread|no_recorded_starts,Re-generate with role+production separation; verify starters vs depth.
PHI,Philadelphia Eagles,2000,57,70.3,70,56,87,57.9,66.7,generic_70_cluster|same_overall_cluster,Re-generate with role+production separation; verify starters vs depth.
PHI,Philadelphia Eagles,1999,61,69.5,70,56,84,50.8,65.6,generic_70_cluster|same_overall_cluster|no_stars,Re-generate with role+production separation; verify starters vs depth.
LV,Las Vegas Raiders,2004,48,69.7,69,56,85,60.4,64.6,generic_70_cluster|same_overall_cluster,Re-generate with role+production separation; verify starters vs depth.
LAC,Los Angeles Chargers,2021,59,69.9,69,56,89,62.7,62.7,generic_70_cluster|same_overall_cluster,Re-generate with role+production separation; verify starters vs depth.
DAL,Dallas Cowboys,1980,47,66.7,67,66,67,68.1,0,same_overall_cluster|no_clear_starters|no_stars|compressed_spread|no_recorded_starts,Re-generate with role+production separation; verify starters vs depth.
MIA,Miami Dolphins,2013,44,69.8,69,56,86,61.4,63.6,generic_70_cluster|same_overall_cluster,Re-generate with role+production separation; verify starters vs depth.
PHI,Philadelphia Eagles,2014,41,71.2,70,57,87,58.5,65.9,generic_70_cluster|same_overall_cluster,Re-generate with role+production separation; verify starters vs depth.
ATL,Atlanta Falcons,1989,56,65.3,65,65,66,67.9,0,same_overall_cluster|no_clear_starters|no_stars|compressed_spread|no_recorded_starts,Re-generate with role+production separation; verify starters vs depth.
PIT,Pittsburgh Steelers,2000,62,69.5,70,56,84,45.2,69.4,generic_70_cluster|same_overall_cluster|no_stars,Re-generate with role+production separation; verify starters vs depth.
NYG,New York Giants,2006,47,70.1,70,56,86,57.4,66,generic_70_cluster|same_overall_cluster,Re-generate with role+production separation; verify starters vs depth.
IND,Indianapolis Colts,1981,51,67.7,68,67,68,66.7,0,same_overall_cluster|no_clear_starters|no_stars|compressed_spread|no_recorded_starts,Re-generate with role+production separation; verify starters vs depth.
PIT,Pittsburgh Steelers,1999,60,69.7,71,56,84,50,65,generic_70_cluster|same_overall_cluster|no_stars,Re-generate with role+production separation; verify starters vs depth.
MIA,Miami Dolphins,2014,47,70.6,69,56,87,59.6,63.8,generic_70_cluster|same_overall_cluster,Re-generate with role+production separation; verify starters vs depth.
NO,New Orleans Saints,2002,44,70.4,70,56,87,56.8,65.9,generic_70_cluster|same_overall_cluster,Re-generate with role+production separation; verify starters vs depth.
SEA,Seattle Seahawks,2004,48,70.7,71,56,88,58.3,64.6,generic_70_cluster|same_overall_cluster,Re-generate with role+production separation; verify starters vs depth.
SF,San Francisco 49ers,2004,48,70.4,71,57,85,58.3,64.6,generic_70_cluster|same_overall_cluster,Re-generate with role+production separation; verify starters vs depth.
NO,New Orleans Saints,2018,64,69.8,70,56,88,53.1,68.8,generic_70_cluster|same_overall_cluster,Re-generate with role+production separation; verify starters vs depth.
NYJ,New York Jets,2002,43,70.3,70,56,86,60.5,62.8,generic_70_cluster|same_overall_cluster,Re-generate with role+production separation; verify starters vs depth.
MIA,Miami Dolphins,2012,44,69.7,69,56,84,56.8,59.1,generic_70_cluster|same_overall_cluster|no_stars,Re-generate with role+production separation; verify starters vs depth.
ATL,Atlanta Falcons,1967,50,65.3,65,65,66,66,0,same_overall_cluster|no_clear_starters|no_stars|compressed_spread|no_recorded_starts,Re-generate with role+production separation; verify starters vs depth.
PHI,Philadelphia Eagles,2010,53,69.6,70,56,86,58.5,64.2,generic_70_cluster|same_overall_cluster,Re-generate with role+production separation; verify starters vs depth.
STL,St. Louis Rams,2013,46,71.1,71,56,84,54.3,60.9,generic_70_cluster|same_overall_cluster|no_stars,Re-generate with role+production separation; verify starters vs depth.
MIA,Miami Dolphins,2010,47,69.9,69,56,84,53.2,61.7,generic_70_cluster|same_overall_cluster|no_stars,Re-generate with role+production separation; verify starters vs depth.
LV,Las Vegas Raiders,2015,44,70.8,69,56,87,59.1,63.6,generic_70_cluster|same_overall_cluster,Re-generate with role+production separation; verify starters vs depth.
PIT,Pittsburgh Steelers,2019,62,70.1,71,56,83,43.5,69.4,generic_70_cluster|same_overall_cluster|no_stars,Re-generate with role+production separation; verify starters vs depth.
PHI,Philadelphia Eagles,2008,41,70.5,70,56,86,56.1,65.9,generic_70_cluster|same_overall_cluster,Re-generate with role+production separation; verify starters vs depth.
NYG,New York Giants,2014,52,69.7,70,57,87,61.5,61.5,generic_70_cluster|same_overall_cluster,Re-generate with role+production separation; verify starters vs depth.
NYG,New York Giants,2015,52,70,70,56,88,61.5,61.5,generic_70_cluster|same_overall_cluster,Re-generate with role+production separation; verify starters vs depth.
ATL,Atlanta Falcons,1971,49,65.3,65,65,66,65.3,0,same_overall_cluster|no_clear_starters|no_stars|compressed_spread|no_recorded_starts,Re-generate with role+production separation; verify starters vs depth.
NYJ,New York Jets,2010,46,69.2,70,56,84,56.5,58.7,generic_70_cluster|same_overall_cluster|no_stars,Re-generate with role+production separation; verify starters vs depth.
TB,Tampa Bay Buccaneers,2024,66,70.8,71,56,89,60.6,62.1,generic_70_cluster|same_overall_cluster,Re-generate with role+production separation; verify starters vs depth.
MIN,Minnesota Vikings,2009,42,70.6,69,56,88,54.8,66.7,generic_70_cluster|same_overall_cluster,Re-generate with role+production separation; verify starters vs depth.
NYJ,New York Jets,2015,45,69.5,70,56,89,60,62.2,generic_70_cluster|same_overall_cluster,Re-generate with role+production separation; verify starters vs depth.
MIA,Miami Dolphins,2021,64,68.6,69,56,86,59.4,62.5,generic_70_cluster|same_overall_cluster,Re-generate with role+production separation; verify starters vs depth.
NYJ,New York Jets,2003,46,70.1,70,56,86,58.7,63,generic_70_cluster|same_overall_cluster,Re-generate with role+production separation; verify starters vs depth.
SEA,Seattle Seahawks,2003,46,71.5,71,56,87,58.7,63,generic_70_cluster|same_overall_cluster,Re-generate with role+production separation; verify starters vs depth.
STL,St. Louis Rams,2004,46,70.6,71,56,87,58.7,63,generic_70_cluster|same_overall_cluster,Re-generate with role+production separation; verify starters vs depth.
LV,Las Vegas Raiders,2005,46,69.5,69,56,85,58.7,63,generic_70_cluster|same_overall_cluster,Re-generate with role+production separation; verify starters vs depth.
NYG,New York Giants,2011,46,70,70,56,88,58.7,63,generic_70_cluster|same_overall_cluster,Re-generate with role+production separation; verify starters vs depth.
PHI,Philadelphia Eagles,2011,46,70.5,70,57,87,58.7,63,generic_70_cluster|same_overall_cluster,Re-generate with role+production separation; verify starters vs depth.
LV,Las Vegas Raiders,2009,50,68.8,69,56,83,54,60,generic_70_cluster|same_overall_cluster|no_stars,Re-generate with role+production separation; verify starters vs depth.
NE,New England Patriots,2022,69,69.7,69,56,85,52.2,68.1,generic_70_cluster|same_overall_cluster,Re-generate with role+production separation; verify starters vs depth.
NYG,New York Giants,2005,47,69.5,70,56,87,57.4,63.8,generic_70_cluster|same_overall_cluster,Re-generate with role+production separation; verify starters vs depth.
NE,New England Patriots,2017,66,70.3,69,56,88,50,69.7,generic_70_cluster|same_overall_cluster,Re-generate with role+production separation; verify starters vs depth.
NO,New Orleans Saints,2008,54,70.2,70,56,88,53.7,66.7,generic_70_cluster|same_overall_cluster,Re-generate with role+production separation; verify starters vs depth.
LAC,Los Angeles Chargers,2013,42,70.8,69,57,88,59.5,61.9,generic_70_cluster|same_overall_cluster,Re-generate with role+production separation; verify starters vs depth.
LAC,Los Angeles Chargers,2008,43,70.2,69,58,88,58.1,62.8,generic_70_cluster|same_overall_cluster,Re-generate with role+production separation; verify starters vs depth.
STL,St. Louis Rams,2012,43,71.5,71,57,85,58.1,62.8,generic_70_cluster|same_overall_cluster,Re-generate with role+production separation; verify starters vs depth.
NO,New Orleans Saints,2017,72,69.4,70,56,87,51.4,68.1,generic_70_cluster|same_overall_cluster,Re-generate with role+production separation; verify starters vs depth.
GB,Green Bay Packers,1966,41,67.4,67,67,68,63.4,0,same_overall_cluster|no_clear_starters|no_stars|compressed_spread|no_recorded_starts,Re-generate with role+production separation; verify starters vs depth.
NE,New England Patriots,2021,71,70.1,69,57,86,46.5,71.8,generic_70_cluster|same_overall_cluster,Re-generate with role+production separation; verify starters vs depth.
TB,Tampa Bay Buccaneers,2017,67,70.9,71,56,85,59.7,61.2,generic_70_cluster|same_overall_cluster,Re-generate with role+production separation; verify starters vs depth.
NO,New Orleans Saints,2019,67,69.9,70,56,89,52.2,67.2,generic_70_cluster|same_overall_cluster,Re-generate with role+production separation; verify starters vs depth.
PHI,Philadelphia Eagles,2003,48,71.2,70,56,85,50,68.8,generic_70_cluster|same_overall_cluster,Re-generate with role+production separation; verify starters vs depth.
LV,Las Vegas Raiders,2008,46,68.5,69,56,83,54.3,58.7,generic_70_cluster|same_overall_cluster|no_stars,Re-generate with role+production separation; verify starters vs depth.
NYJ,New York Jets,2012,46,69.7,70,56,84,54.3,58.7,generic_70_cluster|same_overall_cluster|no_stars,Re-generate with role+production separation; verify starters vs depth.
SEA,Seattle Seahawks,2012,48,71.1,71,56,87,60.4,60.4,generic_70_cluster|same_overall_cluster,Re-generate with role+production separation; verify starters vs depth.
NYG,New York Giants,2008,44,69.8,70,56,85,59.1,61.4,generic_70_cluster|same_overall_cluster,Re-generate with role+production separation; verify starters vs depth.
GB,Green Bay Packers,1989,51,67.4,67,67,68,62.7,0,same_overall_cluster|no_clear_starters|no_stars|compressed_spread|no_recorded_starts,Re-generate with role+production separation; verify starters vs depth.
MIA,Miami Dolphins,2009,45,70.5,69,56,85,57.8,62.2,generic_70_cluster|same_overall_cluster,Re-generate with role+production separation; verify starters vs depth.
DAL,Dallas Cowboys,1966,42,66.7,67,66,68,64.3,0,same_overall_cluster|no_clear_starters|no_stars|compressed_spread|no_recorded_starts,Re-generate with role+production separation; verify starters vs depth.
LAC,Los Angeles Chargers,2007,42,69.5,69,56,88,54.8,64.3,generic_70_cluster|same_overall_cluster,Re-generate with role+production separation; verify starters vs depth.
NYJ,New York Jets,2008,42,70.9,70,56,87,54.8,64.3,generic_70_cluster|same_overall_cluster,Re-generate with role+production separation; verify starters vs depth.
SF,San Francisco 49ers,2003,47,71.3,71,57,85,55.3,63.8,generic_70_cluster|same_overall_cluster,Re-generate with role+production separation; verify starters vs depth.
MIA,Miami Dolphins,2005,45,69,69,56,87,60,60,generic_70_cluster|same_overall_cluster,Re-generate with role+production separation; verify starters vs depth.
SF,San Francisco 49ers,2010,45,70.9,71,56,86,60,60,generic_70_cluster|same_overall_cluster,Re-generate with role+production separation; verify starters vs depth.
LAC,Los Angeles Chargers,2020,65,69.2,69,57,86,60,60,generic_70_cluster|same_overall_cluster,Re-generate with role+production separation; verify starters vs depth.
PIT,Pittsburgh Steelers,2021,63,70.4,71,56,87,47.6,69.8,generic_70_cluster|same_overall_cluster,Re-generate with role+production separation; verify starters vs depth.
STL,St. Louis Rams,2011,50,69,71,56,83,56,56,generic_70_cluster|same_overall_cluster|no_stars,Re-generate with role+production separation; verify starters vs depth.
PHI,Philadelphia Eagles,2012,48,70.5,70,56,83,47.9,62.5,generic_70_cluster|same_overall_cluster|no_stars,Re-generate with role+production separation; verify starters vs depth.
NE,New England Patriots,2000,65,69,69,56,85,47.7,69.2,generic_70_cluster|same_overall_cluster,Re-generate with role+production separation; verify starters vs depth.
LV,Las Vegas Raiders,2012,47,69.6,69,57,86,59.6,59.6,generic_70_cluster|same_overall_cluster,Re-generate with role+production separation; verify starters vs depth.
SF,San Francisco 49ers,2013,44,70.1,71,56,86,54.5,63.6,generic_70_cluster|same_overall_cluster,Re-generate with role+production separation; verify starters vs depth.
PHI,Philadelphia Eagles,2015,47,71,70,57,86,48.9,68.1,generic_70_cluster|same_overall_cluster,Re-generate with role+production separation; verify starters vs depth.
PIT,Pittsburgh Steelers,2022,67,70.9,70,56,86,38.8,76.1,generic_70_cluster|weak_separation,Minor: spot-check separation; likely acceptable.
CLE,Cleveland Browns,1970,46,66.4,66,66,67,60.9,0,same_overall_cluster|no_clear_starters|no_stars|compressed_spread|no_recorded_starts,Re-generate with role+production separation; verify starters vs depth.
CLE,Cleveland Browns,1975,46,66.4,66,66,67,60.9,0,same_overall_cluster|no_clear_starters|no_stars|compressed_spread|no_recorded_starts,Re-generate with role+production separation; verify starters vs depth.
TB,Tampa Bay Buccaneers,2007,44,70,71,56,84,54.5,56.8,generic_70_cluster|same_overall_cluster|no_stars,Re-generate with role+production separation; verify starters vs depth.
NYJ,New York Jets,2009,40,69.3,70,56,86,52.5,65,generic_70_cluster|same_overall_cluster,Re-generate with role+production separation; verify starters vs depth.
CIN,Cincinnati Bengals,1998,61,66.6,67,66,67,60.7,0,same_overall_cluster|no_clear_starters|no_stars|compressed_spread|no_recorded_starts,Re-generate with role+production separation; verify starters vs depth.
PHI,Philadelphia Eagles,2006,45,70.4,70,56,85,55.6,62.2,generic_70_cluster|same_overall_cluster,Re-generate with role+production separation; verify starters vs depth.
MIN,Minnesota Vikings,2011,45,69.6,69,56,85,55.6,62.2,generic_70_cluster|same_overall_cluster,Re-generate with role+production separation; verify starters vs depth.
NYJ,New York Jets,2005,47,68.4,70,56,84,53.2,57.4,generic_70_cluster|same_overall_cluster|no_stars,Re-generate with role+production separation; verify starters vs depth.
NYJ,New York Jets,2014,46,70.5,70,56,83,54.3,56.5,generic_70_cluster|same_overall_cluster|no_stars,Re-generate with role+production separation; verify starters vs depth.
MIA,Miami Dolphins,2003,49,68.9,69,56,86,59.2,59.2,generic_70_cluster|same_overall_cluster,Re-generate with role+production separation; verify starters vs depth.
MIA,Miami Dolphins,2004,49,68.8,69,56,86,59.2,59.2,generic_70_cluster|same_overall_cluster,Re-generate with role+production separation; verify starters vs depth.
MIA,Miami Dolphins,2008,44,69.3,69,56,86,59.1,59.1,generic_70_cluster|same_overall_cluster,Re-generate with role+production separation; verify starters vs depth.
GB,Green Bay Packers,1995,60,67.4,67,67,68,60,0,same_overall_cluster|no_clear_starters|no_stars|compressed_spread|no_recorded_starts,Re-generate with role+production separation; verify starters vs depth.
NO,New Orleans Saints,2004,43,70,70,56,88,51.2,65.1,generic_70_cluster|same_overall_cluster,Re-generate with role+production separation; verify starters vs depth.
STL,St. Louis Rams,2010,46,70.5,71,56,85,56.5,60.9,generic_70_cluster|same_overall_cluster,Re-generate with role+production separation; verify starters vs depth.
MIA,Miami Dolphins,2011,47,69.8,69,56,86,55.3,61.7,generic_70_cluster|same_overall_cluster,Re-generate with role+production separation; verify starters vs depth.
NO,New Orleans Saints,2014,47,70.7,70,56,88,55.3,61.7,generic_70_cluster|same_overall_cluster,Re-generate with role+production separation; verify starters vs depth.
MIN,Minnesota Vikings,2010,47,69.3,69,58,85,57.4,59.6,generic_70_cluster|same_overall_cluster,Re-generate with role+production separation; verify starters vs depth.
ATL,Atlanta Falcons,1972,46,65.4,65,65,66,58.7,0,same_overall_cluster|no_clear_starters|no_stars|compressed_spread|no_recorded_starts,Re-generate with role+production separation; verify starters vs depth.
LAC,Los Angeles Chargers,2005,42,70,69,56,88,57.1,59.5,generic_70_cluster|same_overall_cluster,Re-generate with role+production separation; verify starters vs depth.
DAL,Dallas Cowboys,1967,41,66.6,67,66,67,58.5,0,same_overall_cluster|no_clear_starters|no_stars|compressed_spread|no_recorded_starts,Re-generate with role+production separation; verify starters vs depth.
NO,New Orleans Saints,2007,49,70.7,70,56,87,46.9,67.3,generic_70_cluster|same_overall_cluster,Re-generate with role+production separation; verify starters vs depth.
SEA,Seattle Seahawks,2009,46,71.1,71,56,85,52.2,63,generic_70_cluster|same_overall_cluster,Re-generate with role+production separation; verify starters vs depth.
CLE,Cleveland Browns,1974,52,66.4,66,66,67,57.7,0,same_overall_cluster|no_clear_starters|no_stars|compressed_spread|no_recorded_starts,Re-generate with role+production separation; verify starters vs depth.
MIN,Minnesota Vikings,2002,46,69.5,69,56,87,54.3,60.9,generic_70_cluster|same_overall_cluster,Re-generate with role+production separation; verify starters vs depth.
NYG,New York Giants,2002,46,70.2,70,57,87,54.3,60.9,generic_70_cluster|same_overall_cluster,Re-generate with role+production separation; verify starters vs depth.
TB,Tampa Bay Buccaneers,2004,51,69.2,71,56,86,56.9,58.8,generic_70_cluster|same_overall_cluster,Re-generate with role+production separation; verify starters vs depth.
GB,Green Bay Packers,1970,47,67.6,68,67,68,57.4,0,same_overall_cluster|no_clear_starters|no_stars|compressed_spread|no_recorded_starts,Re-generate with role+production separation; verify starters vs depth.
NO,New Orleans Saints,2011,47,71,70,56,90,53.2,61.7,generic_70_cluster|same_overall_cluster,Re-generate with role+production separation; verify starters vs depth.
MIN,Minnesota Vikings,2014,49,69,69,56,84,53.1,55.1,generic_70_cluster|same_overall_cluster|no_stars,Re-generate with role+production separation; verify starters vs depth.
LV,Las Vegas Raiders,2010,40,69.2,69,56,84,50,57.5,generic_70_cluster|same_overall_cluster|no_stars,Re-generate with role+production separation; verify starters vs depth.
PIT,Pittsburgh Steelers,2003,45,70.7,71,57,87,46.7,66.7,generic_70_cluster|same_overall_cluster,Re-generate with role+production separation; verify starters vs depth.
LAC,Los Angeles Chargers,1999,62,69,69,56,84,53.2,54.8,generic_70_cluster|same_overall_cluster|no_stars,Re-generate with role+production separation; verify starters vs depth.
STL,St. Louis Rams,2002,46,69.9,71,56,86,56.5,58.7,generic_70_cluster|same_overall_cluster,Re-generate with role+production separation; verify starters vs depth.
GB,Green Bay Packers,1973,51,67.6,68,67,68,56.9,0,same_overall_cluster|no_clear_starters|no_stars|compressed_spread|no_recorded_starts,Re-generate with role+production separation; verify starters vs depth.
MIA,Miami Dolphins,2002,47,69.2,69,56,89,55.3,59.6,generic_70_cluster|same_overall_cluster,Re-generate with role+production separation; verify starters vs depth.
LV,Las Vegas Raiders,2024,67,68.5,69,56,88,55.2,59.7,generic_70_cluster|same_overall_cluster,Re-generate with role+production separation; verify starters vs depth.
PHI,Philadelphia Eagles,2002,43,70.3,70,56,84,48.8,58.1,generic_70_cluster|same_overall_cluster|no_stars,Re-generate with role+production separation; verify starters vs depth.
MIN,Minnesota Vikings,2003,43,69.7,69,56,90,51.2,62.8,generic_70_cluster|same_overall_cluster,Re-generate with role+production separation; verify starters vs depth.
MIN,Minnesota Vikings,2012,43,69.3,69,56,88,51.2,62.8,generic_70_cluster|same_overall_cluster,Re-generate with role+production separation; verify starters vs depth.
SEA,Seattle Seahawks,2015,48,70.1,71,56,89,54.2,60.4,generic_70_cluster|same_overall_cluster,Re-generate with role+production separation; verify starters vs depth.
MIN,Minnesota Vikings,2008,42,69.5,69,56,86,54.8,59.5,generic_70_cluster|same_overall_cluster,Re-generate with role+production separation; verify starters vs depth.
NE,New England Patriots,2020,77,68.9,69,56,83,36.4,67.5,generic_70_cluster|weak_separation|no_stars,Verify top players; ensure stars are not capped down to starter range.
CLE,Cleveland Browns,1968,43,66.6,67,66,67,55.8,0,same_overall_cluster|no_clear_starters|no_stars|compressed_spread|no_recorded_starts,Re-generate with role+production separation; verify starters vs depth.
NE,New England Patriots,2010,48,69.6,69,56,88,47.9,64.6,generic_70_cluster|same_overall_cluster,Re-generate with role+production separation; verify starters vs depth.
IND,Indianapolis Colts,1996,61,67.4,67,67,68,55.7,0,same_overall_cluster|no_clear_starters|no_stars|compressed_spread|no_recorded_starts,Re-generate with role+production separation; verify starters vs depth.
BUF,Buffalo Bills,1965,45,65.6,66,65,66,55.6,0,same_overall_cluster|no_clear_starters|no_stars|compressed_spread|no_recorded_starts,Re-generate with role+production separation; verify starters vs depth.
PIT,Pittsburgh Steelers,2017,59,70,70,56,86,39,71.2,generic_70_cluster|weak_separation,Minor: spot-check separation; likely acceptable.
LV,Las Vegas Raiders,2013,51,68.9,69,56,83,51,54.9,generic_70_cluster|same_overall_cluster|no_stars,Re-generate with role+production separation; verify starters vs depth.
NYG,New York Giants,2012,45,70,70,56,86,55.6,57.8,generic_70_cluster|same_overall_cluster,Re-generate with role+production separation; verify starters vs depth.
ATL,Atlanta Falcons,1966,53,65.5,65,65,66,54.7,0,same_overall_cluster|no_clear_starters|no_stars|compressed_spread|no_recorded_starts,Re-generate with role+production separation; verify starters vs depth.
CLE,Cleveland Browns,1973,46,66.5,66,66,67,54.3,0,same_overall_cluster|no_clear_starters|no_stars|compressed_spread|no_recorded_starts,Re-generate with role+production separation; verify starters vs depth.
STL,St. Louis Rams,2003,45,70,71,56,89,46.7,64.4,generic_70_cluster|same_overall_cluster,Re-generate with role+production separation; verify starters vs depth.
NE,New England Patriots,2011,51,70.7,69,57,90,41.2,68.6,generic_70_cluster|same_overall_cluster,Re-generate with role+production separation; verify starters vs depth.
GB,Green Bay Packers,1974,52,67.5,68,67,68,53.8,0,same_overall_cluster|no_clear_starters|no_stars|compressed_spread|no_recorded_starts,Re-generate with role+production separation; verify starters vs depth.
NYG,New York Giants,2010,49,69.5,70,56,86,55.1,57.1,generic_70_cluster|same_overall_cluster,Re-generate with role+production separation; verify starters vs depth.
STL,St. Louis Rams,2006,42,70.1,71,56,88,54.8,57.1,generic_70_cluster|same_overall_cluster,Re-generate with role+production separation; verify starters vs depth.
PIT,Pittsburgh Steelers,2001,56,70.4,71,56,86,41.1,67.9,generic_70_cluster|same_overall_cluster,Re-generate with role+production separation; verify starters vs depth.
PIT,Pittsburgh Steelers,2004,44,69.5,71,56,84,40.9,61.4,generic_70_cluster|same_overall_cluster|no_stars,Re-generate with role+production separation; verify starters vs depth.
SF,San Francisco 49ers,2012,45,71.3,71,56,86,53.3,57.8,generic_70_cluster|same_overall_cluster,Re-generate with role+production separation; verify starters vs depth.
CIN,Cincinnati Bengals,1997,59,66.5,67,66,67,52.5,0,same_overall_cluster|no_clear_starters|no_stars|compressed_spread|no_recorded_starts,Re-generate with role+production separation; verify starters vs depth.
NO,New Orleans Saints,2000,61,69.1,70,56,87,47.5,62.3,generic_70_cluster|same_overall_cluster,Re-generate with role+production separation; verify starters vs depth.
CLE,Cleveland Browns,1969,44,66.5,66,66,67,52.3,0,same_overall_cluster|no_clear_starters|no_stars|compressed_spread|no_recorded_starts,Re-generate with role+production separation; verify starters vs depth.
NE,New England Patriots,2001,65,69.4,69,56,86,38.5,69.2,generic_70_cluster|weak_separation,Minor: spot-check separation; likely acceptable.
NO,New Orleans Saints,2006,48,68.9,70,56,87,52.1,58.3,generic_70_cluster|same_overall_cluster,Re-generate with role+production separation; verify starters vs depth.
PIT,Pittsburgh Steelers,2011,46,71.1,71,56,86,43.5,65.2,generic_70_cluster|same_overall_cluster,Re-generate with role+production separation; verify starters vs depth.
GB,Green Bay Packers,1975,50,67.5,68,67,68,52,0,same_overall_cluster|no_clear_starters|no_stars|compressed_spread|no_recorded_starts,Re-generate with role+production separation; verify starters vs depth.
NYJ,New York Jets,2013,44,68.9,70,56,84,45.5,56.8,generic_70_cluster|same_overall_cluster|no_stars,Re-generate with role+production separation; verify starters vs depth.
MIN,Minnesota Vikings,2006,46,69,69,56,83,45.7,56.5,generic_70_cluster|same_overall_cluster|no_stars,Re-generate with role+production separation; verify starters vs depth.
NO,New Orleans Saints,2013,41,71.6,70,56,90,51.2,58.5,generic_70_cluster|same_overall_cluster,Re-generate with role+production separation; verify starters vs depth.
CLE,Cleveland Browns,1971,43,66.5,66,66,67,51.2,0,same_overall_cluster|no_clear_starters|no_stars|compressed_spread|no_recorded_starts,Re-generate with role+production separation; verify starters vs depth.
NYJ,New York Jets,2011,44,69.7,70,56,86,50,59.1,generic_70_cluster|same_overall_cluster,Re-generate with role+production separation; verify starters vs depth.
PIT,Pittsburgh Steelers,2013,47,69.9,71,56,88,46.8,61.7,generic_70_cluster|same_overall_cluster,Re-generate with role+production separation; verify starters vs depth.
LV,Las Vegas Raiders,2011,44,68.2,69,56,84,50,52.3,generic_70_cluster|same_overall_cluster|no_stars,Re-generate with role+production separation; verify starters vs depth.
LAC,Los Angeles Chargers,2019,61,68.5,69,56,87,54.1,55.7,generic_70_cluster|same_overall_cluster,Re-generate with role+production separation; verify starters vs depth.
TB,Tampa Bay Buccaneers,2013,55,68.9,71,56,86,50.9,58.2,generic_70_cluster|same_overall_cluster,Re-generate with role+production separation; verify starters vs depth.
LV,Las Vegas Raiders,2002,53,69.6,69,56,88,52.8,56.6,generic_70_cluster|same_overall_cluster,Re-generate with role+production separation; verify starters vs depth.
TB,Tampa Bay Buccaneers,2014,53,69.8,71,56,85,52.8,56.6,generic_70_cluster|same_overall_cluster,Re-generate with role+production separation; verify starters vs depth.
NYJ,New York Jets,2006,43,69.8,70,57,86,53.5,55.8,generic_70_cluster|same_overall_cluster,Re-generate with role+production separation; verify starters vs depth.
LAC,Los Angeles Chargers,2017,65,69.6,69,57,87,53.8,55.4,generic_70_cluster|same_overall_cluster,Re-generate with role+production separation; verify starters vs depth.
NO,New Orleans Saints,2003,48,68.4,70,56,87,50,58.3,generic_70_cluster|same_overall_cluster,Re-generate with role+production separation; verify starters vs depth.
NE,New England Patriots,2005,46,69.5,70,56,87,41.3,65.2,generic_70_cluster|same_overall_cluster,Re-generate with role+production separation; verify starters vs depth.
PIT,Pittsburgh Steelers,2024,65,70.7,71,56,85,35.4,69.2,generic_70_cluster|weak_separation,Minor: spot-check separation; likely acceptable.
PIT,Pittsburgh Steelers,2007,46,69.5,70,56,86,45.7,60.9,generic_70_cluster|same_overall_cluster,Re-generate with role+production separation; verify starters vs depth.
NE,New England Patriots,2013,47,69.9,70,56,86,44.7,61.7,generic_70_cluster|same_overall_cluster,Re-generate with role+production separation; verify starters vs depth.
NE,New England Patriots,1999,62,69.7,69,56,86,37.1,67.7,generic_70_cluster|weak_separation,Minor: spot-check separation; likely acceptable.
TB,Tampa Bay Buccaneers,2005,42,71.3,71,59,84,47.6,52.4,generic_70_cluster|same_overall_cluster|no_stars,Re-generate with role+production separation; verify starters vs depth.
PIT,Pittsburgh Steelers,2002,46,70.4,71,56,88,37,67.4,generic_70_cluster|weak_separation,Minor: spot-check separation; likely acceptable.
LV,Las Vegas Raiders,2014,53,69.1,69,56,85,52.8,54.7,generic_70_cluster|same_overall_cluster,Re-generate with role+production separation; verify starters vs depth.
LAC,Los Angeles Chargers,2011,44,70.3,69,57,87,50,56.8,generic_70_cluster|same_overall_cluster,Re-generate with role+production separation; verify starters vs depth.
SEA,Seattle Seahawks,2007,48,70.1,71,56,87,47.9,58.3,generic_70_cluster|same_overall_cluster,Re-generate with role+production separation; verify starters vs depth.
LAC,Los Angeles Chargers,2014,45,69.5,69,56,88,51.1,55.6,generic_70_cluster|same_overall_cluster,Re-generate with role+production separation; verify starters vs depth.
TB,Tampa Bay Buccaneers,2015,50,70.8,71,58,86,50,56,generic_70_cluster|same_overall_cluster,Re-generate with role+production separation; verify starters vs depth.
TB,Tampa Bay Buccaneers,2011,49,71.5,71,59,85,51,55.1,generic_70_cluster|same_overall_cluster,Re-generate with role+production separation; verify starters vs depth.
LAC,Los Angeles Chargers,2015,47,69.6,69,58,87,53.2,53.2,generic_70_cluster|same_overall_cluster,Re-generate with role+production separation; verify starters vs depth.
TB,Tampa Bay Buccaneers,2002,51,70.6,71,56,85,51,54.9,generic_70_cluster|same_overall_cluster,Re-generate with role+production separation; verify starters vs depth.
TB,Tampa Bay Buccaneers,2010,51,70.5,71,56,87,51,54.9,generic_70_cluster|same_overall_cluster,Re-generate with role+production separation; verify starters vs depth.
LAC,Los Angeles Chargers,2023,67,69.1,69,56,83,49.3,49.3,generic_70_cluster|same_overall_cluster|no_stars,Re-generate with role+production separation; verify starters vs depth.
NE,New England Patriots,2015,52,69,69,56,88,42.3,61.5,generic_70_cluster|same_overall_cluster,Re-generate with role+production separation; verify starters vs depth.
PIT,Pittsburgh Steelers,2008,43,70.4,71,57,86,37.2,65.1,generic_70_cluster|weak_separation,Minor: spot-check separation; likely acceptable.
LAC,Los Angeles Chargers,2006,42,70,69,57,90,50,54.8,generic_70_cluster|same_overall_cluster,Re-generate with role+production separation; verify starters vs depth.
NO,New Orleans Saints,2009,48,69.9,70,56,87,47.9,56.3,generic_70_cluster|same_overall_cluster,Re-generate with role+production separation; verify starters vs depth.
TB,Tampa Bay Buccaneers,2019,65,70.6,71,56,86,50.8,53.8,generic_70_cluster|same_overall_cluster,Re-generate with role+production separation; verify starters vs depth.
NYG,New York Giants,2009,47,69.2,70,56,87,48.9,55.3,generic_70_cluster|same_overall_cluster,Re-generate with role+production separation; verify starters vs depth.
LAC,Los Angeles Chargers,2022,68,69.1,69,57,87,51.5,52.9,generic_70_cluster|same_overall_cluster,Re-generate with role+production separation; verify starters vs depth.
TB,Tampa Bay Buccaneers,2012,51,71,71,56,87,51,52.9,generic_70_cluster|same_overall_cluster,Re-generate with role+production separation; verify starters vs depth.
NE,New England Patriots,2012,50,70.2,69.5,56,88,34,66,generic_70_cluster|weak_separation,Minor: spot-check separation; likely acceptable.
NE,New England Patriots,2016,66,69.9,69,57,87,34.8,65.2,generic_70_cluster|weak_separation,Minor: spot-check separation; likely acceptable.
SF,San Francisco 49ers,2014,49,69.6,71,56,86,49,53.1,generic_70_cluster|same_overall_cluster,Re-generate with role+production separation; verify starters vs depth.
TB,Tampa Bay Buccaneers,2003,51,69.5,71,56,86,49,52.9,generic_70_cluster|same_overall_cluster,Re-generate with role+production separation; verify starters vs depth.
TB,Tampa Bay Buccaneers,2009,51,69.7,71,56,86,49,52.9,generic_70_cluster|same_overall_cluster,Re-generate with role+production separation; verify starters vs depth.
LAC,Los Angeles Chargers,2001,58,69,69,56,86,48.3,53.4,generic_70_cluster|same_overall_cluster,Re-generate with role+production separation; verify starters vs depth.
CHI,Chicago Bears,1977,49,66.7,66,66,99,98,0,same_overall_cluster|no_recorded_starts,Re-generate with role+production separation; verify starters vs depth.
NE,New England Patriots,2008,47,69.1,69,56,86,34,63.8,generic_70_cluster|weak_separation,Minor: spot-check separation; likely acceptable.
NE,New England Patriots,2002,43,70.6,70,56,87,34.9,62.8,generic_70_cluster|weak_separation,Minor: spot-check separation; likely acceptable.
TB,Tampa Bay Buccaneers,2008,44,70.1,71,56,85,47.7,52.3,generic_70_cluster|same_overall_cluster,Re-generate with role+production separation; verify starters vs depth.
LAC,Los Angeles Chargers,2004,49,67.7,69,56,88,49,51,generic_70_cluster|same_overall_cluster,Re-generate with role+production separation; verify starters vs depth.
NO,New Orleans Saints,2010,41,70.6,70,56,88,39,58.5,generic_70_cluster|weak_separation,Minor: spot-check separation; likely acceptable.
PIT,Pittsburgh Steelers,2012,44,70.8,71,56,85,40.9,56.8,generic_70_cluster|same_overall_cluster,Re-generate with role+production separation; verify starters vs depth.
LAC,Los Angeles Chargers,2012,49,69.2,69,56,86,44.9,53.1,generic_70_cluster|same_overall_cluster,Re-generate with role+production separation; verify starters vs depth.
LAC,Los Angeles Chargers,2009,44,70.3,69,56,88,47.7,50,generic_70_cluster|same_overall_cluster,Re-generate with role+production separation; verify starters vs depth.
SF,San Francisco 49ers,2011,40,69.6,71,56,86,47.5,50,generic_70_cluster|same_overall_cluster,Re-generate with role+production separation; verify starters vs depth.
PHI,Philadelphia Eagles,2013,40,71.2,70,58,87,35,60,generic_70_cluster|weak_separation,Minor: spot-check separation; likely acceptable.
PIT,Pittsburgh Steelers,2014,40,70.3,71,56,90,35,60,generic_70_cluster|weak_separation,Minor: spot-check separation; likely acceptable.
LAC,Los Angeles Chargers,2000,59,68.7,69,56,84,44.1,45.8,generic_70_cluster|same_overall_cluster|no_stars,Re-generate with role+production separation; verify starters vs depth.
PIT,Pittsburgh Steelers,2005,44,70.3,71,57,85,38.6,56.8,generic_70_cluster|weak_separation,Minor: spot-check separation; likely acceptable.
NE,New England Patriots,2009,42,70.1,70,56,88,31,61.9,generic_70_cluster|weak_separation,Minor: spot-check separation; likely acceptable.
PIT,Pittsburgh Steelers,2009,42,70.7,70.5,56,86,31,61.9,generic_70_cluster|weak_separation,Minor: spot-check separation; likely acceptable.
PIT,Pittsburgh Steelers,2010,43,70.7,71,56,86,32.6,60.5,generic_70_cluster|weak_separation,Minor: spot-check separation; likely acceptable.
MIN,Minnesota Vikings,2013,43,69.1,69,56,83,30.2,55.8,generic_70_cluster|weak_separation|no_stars,Verify top players; ensure stars are not capped down to starter range.
TEN,Tennessee Titans,2018,64,70.6,71,56,85,45.3,50,generic_70_cluster|same_overall_cluster,Re-generate with role+production separation; verify starters vs depth.
LAC,Los Angeles Chargers,2010,43,69.2,69,57,88,44.2,48.8,generic_70_cluster|same_overall_cluster,Re-generate with role+production separation; verify starters vs depth.
NE,New England Patriots,2006,47,70,70,56,86,29.8,59.6,generic_70_cluster,Minor: spot-check separation; likely acceptable.
TEN,Tennessee Titans,1999,58,71.6,71,58,86,41.4,50,generic_70_cluster|same_overall_cluster,Re-generate with role+production separation; verify starters vs depth.
NE,New England Patriots,2004,46,69.7,69,56,87,30.4,58.7,generic_70_cluster|weak_separation,Minor: spot-check separation; likely acceptable.
NE,New England Patriots,2014,46,69.4,69,56,88,30.4,58.7,generic_70_cluster|weak_separation,Minor: spot-check separation; likely acceptable.
PIT,Pittsburgh Steelers,2015,40,69.6,71,56,90,35,55,generic_70_cluster|weak_separation,Minor: spot-check separation; likely acceptable.
KC,Kansas City Chiefs,2013,42,70.1,69,56,86,42.9,47.6,generic_70_cluster|same_overall_cluster,Re-generate with role+production separation; verify starters vs depth.
LAC,Los Angeles Chargers,2003,50,68,69,56,89,44,46,generic_70_cluster|same_overall_cluster,Re-generate with role+production separation; verify starters vs depth.
NE,New England Patriots,2003,46,68.9,69,56,86,30.4,56.5,generic_70_cluster|weak_separation,Minor: spot-check separation; likely acceptable.
LAC,Los Angeles Chargers,2024,65,69.1,69,58,87,44.6,44.6,generic_70_cluster|same_overall_cluster,Re-generate with role+production separation; verify starters vs depth.
PIT,Pittsburgh Steelers,2006,43,70.7,71,56,87,30.2,55.8,generic_70_cluster|weak_separation,Minor: spot-check separation; likely acceptable.
IND,Indianapolis Colts,2016,103,68.7,68,57,87,83.5,1,same_overall_cluster|missing_boxscore_post1999,Re-generate with role+production separation; verify starters vs depth.
TEN,Tennessee Titans,2023,74,70.1,71,56,86,40.5,41.9,generic_70_cluster|same_overall_cluster,Re-generate with role+production separation; verify starters vs depth.
TEN,Tennessee Titans,2000,63,70.7,71,56,87,36.5,42.9,generic_70_cluster|weak_separation,Minor: spot-check separation; likely acceptable.
ARI,Arizona Cardinals,2022,74,65.5,65,56,79,63.5,4.1,same_overall_cluster|no_clear_starters|no_stars,Re-generate with role+production separation; verify starters vs depth.
IND,Indianapolis Colts,2024,61,69.5,68,56,83,72.1,6.6,same_overall_cluster|no_stars,Re-generate with role+production separation; verify starters vs depth.
IND,Indianapolis Colts,2000,59,69.3,68,57,89,78,1.7,same_overall_cluster|missing_boxscore_post1999,Re-generate with role+production separation; verify starters vs depth.
JAX,Jacksonville Jaguars,2024,63,69.3,68,58,87,63.5,19,same_overall_cluster,Re-generate with role+production separation; verify starters vs depth.
JAX,Jacksonville Jaguars,2018,68,68.4,68,56,84,75,2.9,same_overall_cluster|no_stars,Re-generate with role+production separation; verify starters vs depth.
TEN,Tennessee Titans,2016,89,70.8,72,56,86,58.4,22.5,same_overall_cluster,Re-generate with role+production separation; verify starters vs depth.
KC,Kansas City Chiefs,2019,65,69.3,69,57,88,40,36.9,generic_70_cluster|same_overall_cluster,Re-generate with role+production separation; verify starters vs depth.
WAS,Washington Commanders,2019,75,71,72,56,82,69.3,6.7,same_overall_cluster|no_stars,Re-generate with role+production separation; verify starters vs depth.
IND,Indianapolis Colts,2019,66,68.3,68,56,83,69.7,6.1,same_overall_cluster|no_stars,Re-generate with role+production separation; verify starters vs depth.
TEN,Tennessee Titans,2024,71,71,72,56,84,60.6,12.7,same_overall_cluster|no_stars,Re-generate with role+production separation; verify starters vs depth.
CLE,Cleveland Browns,2016,104,67.4,67,57,85,72.1,2.9,same_overall_cluster|missing_boxscore_post1999,Re-generate with role+production separation; verify starters vs depth.
DAL,Dallas Cowboys,2019,70,68.4,67,57,89,72.9,1.4,same_overall_cluster|missing_boxscore_post1999,Re-generate with role+production separation; verify starters vs depth.
JAX,Jacksonville Jaguars,2019,72,67.8,68,56,84,62.5,9.7,same_overall_cluster|no_stars,Re-generate with role+production separation; verify starters vs depth.
JAX,Jacksonville Jaguars,2020,78,68.1,68,56,83,61.5,10.3,same_overall_cluster|no_stars,Re-generate with role+production separation; verify starters vs depth.
KC,Kansas City Chiefs,2003,43,69.8,68,56,89,41.9,32.6,generic_70_cluster|same_overall_cluster,Re-generate with role+production separation; verify starters vs depth.
DEN,Denver Broncos,2022,76,67.4,67,56,84,71.1,2.6,same_overall_cluster|no_stars,Re-generate with role+production separation; verify starters vs depth.
KC,Kansas City Chiefs,2016,73,68.9,68,57,87,54.8,21.9,same_overall_cluster,Re-generate with role+production separation; verify starters vs depth.
JAX,Jacksonville Jaguars,2001,62,68.7,68,56,88,67.7,4.8,same_overall_cluster|missing_boxscore_post1999,Re-generate with role+production separation; verify starters vs depth.
TEN,Tennessee Titans,2021,73,70.5,72,56,86,50.7,24.7,same_overall_cluster,Re-generate with role+production separation; verify starters vs depth.
IND,Indianapolis Colts,2017,69,68.6,68,56,85,72.5,7.2,same_overall_cluster,Re-generate with role+production separation; verify starters vs depth.
WAS,Washington Commanders,2021,76,71.6,72,58,86,68.4,10.5,same_overall_cluster,Re-generate with role+production separation; verify starters vs depth.
LAC,Los Angeles Chargers,2018,62,68.9,68,56,87,45.2,29,generic_70_cluster|same_overall_cluster,Re-generate with role+production separation; verify starters vs depth.
TEN,Tennessee Titans,2022,75,70.8,72,56,87,52,22.7,same_overall_cluster,Re-generate with role+production separation; verify starters vs depth.
HOU,Houston Texans,2016,72,68.7,68,58,85,75,4.2,same_overall_cluster,Re-generate with role+production separation; verify starters vs depth.
TEN,Tennessee Titans,2012,49,70.9,72,56,84,51,16.3,same_overall_cluster|no_stars,Re-generate with role+production separation; verify starters vs depth.
WAS,Washington Commanders,2018,76,70,72,56,84,63.2,6.6,same_overall_cluster|no_stars,Re-generate with role+production separation; verify starters vs depth.
WAS,Washington Commanders,2000,63,71,72,56,84,63.5,6.3,same_overall_cluster|no_stars,Re-generate with role+production separation; verify starters vs depth.
TEN,Tennessee Titans,2005,47,70.1,72,56,82,44.7,21.3,same_overall_cluster|no_stars,Re-generate with role+production separation; verify starters vs depth.
KC,Kansas City Chiefs,2020,72,68.5,68,56,89,43.1,29.2,generic_70_cluster|same_overall_cluster,Re-generate with role+production separation; verify starters vs depth.
KC,Kansas City Chiefs,2021,67,69.2,68,56,89,62.7,13.4,same_overall_cluster,Re-generate with role+production separation; verify starters vs depth.
HOU,Houston Texans,2006,52,68.7,68,56,86,69.2,7.7,same_overall_cluster,Re-generate with role+production separation; verify starters vs depth.
KC,Kansas City Chiefs,2000,60,68.5,68,57,87,60,15,same_overall_cluster,Re-generate with role+production separation; verify starters vs depth.
IND,Indianapolis Colts,2018,67,69,68,56,89,73.1,4.5,same_overall_cluster,Re-generate with role+production separation; verify starters vs depth.
BUF,Buffalo Bills,2001,58,67.2,66,56,84,63.8,5.2,same_overall_cluster|no_stars,Re-generate with role+production separation; verify starters vs depth.
ARI,Arizona Cardinals,2016,97,65.9,65,56,88,69.1,1,same_overall_cluster|missing_boxscore_post1999,Re-generate with role+production separation; verify starters vs depth.
WAS,Washington Commanders,2016,71,71.5,72,56,88,66.2,9.9,same_overall_cluster,Re-generate with role+production separation; verify starters vs depth.
KC,Kansas City Chiefs,2017,66,68.5,68,56,87,59.1,15.2,same_overall_cluster,Re-generate with role+production separation; verify starters vs depth.
TEN,Tennessee Titans,2007,47,70.1,71,56,84,29.8,31.9,generic_70_cluster|no_stars,Verify top players; ensure stars are not capped down to starter range.
KC,Kansas City Chiefs,2008,50,68.7,68,56,89,38,32,generic_70_cluster|weak_separation,Minor: spot-check separation; likely acceptable.
WAS,Washington Commanders,2017,72,71.2,72,57,87,69.4,6.9,same_overall_cluster,Re-generate with role+production separation; verify starters vs depth.
KC,Kansas City Chiefs,2001,61,68.7,68,56,87,57.4,16.4,same_overall_cluster,Re-generate with role+production separation; verify starters vs depth.
CAR,Carolina Panthers,2023,70,67.1,66,56,85,74.3,2.9,same_overall_cluster,Re-generate with role+production separation; verify starters vs depth.
HOU,Houston Texans,2024,69,68.8,68,56,86,72.5,4.3,same_overall_cluster,Re-generate with role+production separation; verify starters vs depth.
CLE,Cleveland Browns,2021,68,68.4,67,57,82,67.6,1.5,same_overall_cluster|no_stars,Re-generate with role+production separation; verify starters vs depth.
WAS,Washington Commanders,2011,48,70.6,72,57,84,56.3,10.4,same_overall_cluster|no_stars,Re-generate with role+production separation; verify starters vs depth.
WAS,Washington Commanders,1999,59,72.1,72,56,87,71.2,5.1,same_overall_cluster,Re-generate with role+production separation; verify starters vs depth.
HOU,Houston Texans,2008,48,69.2,68,57,88,64.6,10.4,same_overall_cluster,Re-generate with role+production separation; verify starters vs depth.
TEN,Tennessee Titans,2020,64,70.5,71,56,89,34.4,34.4,generic_70_cluster|weak_separation,Minor: spot-check separation; likely acceptable.
JAX,Jacksonville Jaguars,2023,61,68.8,68,56,87,67.2,8.2,same_overall_cluster,Re-generate with role+production separation; verify starters vs depth.
HOU,Houston Texans,2002,46,68.9,68,56,84,60.9,6.5,same_overall_cluster|no_stars,Re-generate with role+production separation; verify starters vs depth.
WAS,Washington Commanders,2004,54,70.6,72,56,84,57.4,9.3,same_overall_cluster|no_stars,Re-generate with role+production separation; verify starters vs depth.
DAL,Dallas Cowboys,2000,66,67.3,67,56,84,65.2,3,same_overall_cluster|no_stars,Re-generate with role+production separation; verify starters vs depth.
ARI,Arizona Cardinals,1999,60,66.3,65,56,83,66.7,1.7,same_overall_cluster|no_stars,Re-generate with role+production separation; verify starters vs depth.
JAX,Jacksonville Jaguars,2016,82,67.8,68,56,86,69.5,6.1,same_overall_cluster,Re-generate with role+production separation; verify starters vs depth.
CLE,Cleveland Browns,2014,43,68.9,67,56,81,62.8,4.7,same_overall_cluster|no_stars,Re-generate with role+production separation; verify starters vs depth.
HOU,Houston Texans,2021,68,68.6,68,57,85,67.6,7.4,same_overall_cluster,Re-generate with role+production separation; verify starters vs depth.
ARI,Arizona Cardinals,2023,67,66.5,65,56,85,73.1,3,same_overall_cluster,Re-generate with role+production separation; verify starters vs depth.
BAL,Baltimore Ravens,2017,68,67.6,66,58,84,64.7,2.9,same_overall_cluster|no_stars,Re-generate with role+production separation; verify starters vs depth.
TEN,Tennessee Titans,2017,59,71.3,72,56,85,49.2,22,same_overall_cluster,Re-generate with role+production separation; verify starters vs depth.
JAX,Jacksonville Jaguars,2000,65,68.3,68,56,86,70.8,4.6,same_overall_cluster,Re-generate with role+production separation; verify starters vs depth.
KC,Kansas City Chiefs,2009,47,67,68,56,83,36.2,25.5,generic_70_cluster|weak_separation|no_stars,Verify top players; ensure stars are not capped down to starter range.
JAX,Jacksonville Jaguars,2021,73,68.3,68,56,85,64.4,9.6,same_overall_cluster,Re-generate with role+production separation; verify starters vs depth.
HOU,Houston Texans,2022,63,68.9,68,56,83,61.9,4.8,same_overall_cluster|no_stars,Re-generate with role+production separation; verify starters vs depth.
JAX,Jacksonville Jaguars,1999,64,68.4,68,56,88,70.3,4.7,same_overall_cluster,Re-generate with role+production separation; verify starters vs depth.
WAS,Washington Commanders,2014,49,71.3,72,56,84,55.1,10.2,same_overall_cluster|no_stars,Re-generate with role+production separation; verify starters vs depth.
JAX,Jacksonville Jaguars,2014,47,68.3,68,56,83,59.6,6.4,same_overall_cluster|no_stars,Re-generate with role+production separation; verify starters vs depth.
KC,Kansas City Chiefs,2022,60,69.8,68,56,90,55,16.7,same_overall_cluster,Re-generate with role+production separation; verify starters vs depth.
BAL,Baltimore Ravens,2018,63,67.8,66,56,83,63.5,3.2,same_overall_cluster|no_stars,Re-generate with role+production separation; verify starters vs depth.
HOU,Houston Texans,2019,65,68.6,68,56,86,73.8,1.5,same_overall_cluster,Re-generate with role+production separation; verify starters vs depth.
KC,Kansas City Chiefs,2004,46,69.8,68,56,89,45.7,23.9,same_overall_cluster,Re-generate with role+production separation; verify starters vs depth.
TEN,Tennessee Titans,2013,48,70.2,71,56,85,31.3,35.4,generic_70_cluster|weak_separation,Minor: spot-check separation; likely acceptable.
TEN,Tennessee Titans,2004,49,71.6,72,56,86,55.1,16.3,same_overall_cluster,Re-generate with role+production separation; verify starters vs depth.
JAX,Jacksonville Jaguars,2022,62,69.3,68,59,87,69.4,4.8,same_overall_cluster,Re-generate with role+production separation; verify starters vs depth.
IND,Indianapolis Colts,1999,59,68.8,68,56,89,72.9,1.7,same_overall_cluster,Re-generate with role+production separation; verify starters vs depth.
CLE,Cleveland Browns,2023,70,68.2,67,57,87,71.4,2.9,same_overall_cluster,Re-generate with role+production separation; verify starters vs depth.
CAR,Carolina Panthers,2024,69,66.4,66,56,84,66.7,0,same_overall_cluster|no_stars,Re-generate with role+production separation; verify starters vs depth.
DEN,Denver Broncos,2006,46,67.5,67,56,85,58.7,13,same_overall_cluster,Re-generate with role+production separation; verify starters vs depth.
CHI,Chicago Bears,2016,100,66.3,66,56,83,64,2,same_overall_cluster|no_stars,Re-generate with role+production separation; verify starters vs depth.
JAX,Jacksonville Jaguars,2007,47,69.2,68,56,83,63.8,2.1,same_overall_cluster|no_stars,Re-generate with role+production separation; verify starters vs depth.
CIN,Cincinnati Bengals,2016,81,67.6,67,56,86,61.7,3.7,same_overall_cluster|missing_boxscore_post1999,Re-generate with role+production separation; verify starters vs depth.
HOU,Houston Texans,2018,61,69,68,56,89,70.5,3.3,same_overall_cluster,Re-generate with role+production separation; verify starters vs depth.
DAL,Dallas Cowboys,2022,65,68,67,56,88,70.8,3.1,same_overall_cluster,Re-generate with role+production separation; verify starters vs depth.
IND,Indianapolis Colts,2022,65,68.9,68,56,85,70.8,3.1,same_overall_cluster,Re-generate with role+production separation; verify starters vs depth.
DAL,Dallas Cowboys,2001,65,67.4,67,56,82,66.2,0,same_overall_cluster|no_stars,Re-generate with role+production separation; verify starters vs depth.
HOU,Houston Texans,2013,50,68.6,68,56,87,62,10,same_overall_cluster,Re-generate with role+production separation; verify starters vs depth.
DEN,Denver Broncos,2020,71,67.5,67,56,83,66.2,0,same_overall_cluster|no_stars,Re-generate with role+production separation; verify starters vs depth.
CAR,Carolina Panthers,2016,72,67.5,66,56,86,70.8,2.8,same_overall_cluster,Re-generate with role+production separation; verify starters vs depth.
IND,Indianapolis Colts,2023,67,68.8,68,56,86,68.7,4.5,same_overall_cluster,Re-generate with role+production separation; verify starters vs depth.
BAL,Baltimore Ravens,1999,60,66.8,66,56,83,61.7,3.3,same_overall_cluster|no_stars,Re-generate with role+production separation; verify starters vs depth.
CLE,Cleveland Browns,2000,68,67.3,67,56,84,60.3,4.4,same_overall_cluster|no_stars,Re-generate with role+production separation; verify starters vs depth.
CLE,Cleveland Browns,2011,46,68.2,67,56,82,52.2,10.9,same_overall_cluster|no_stars,Re-generate with role+production separation; verify starters vs depth.
DEN,Denver Broncos,2023,64,68.5,67,57,85,71.9,1.6,same_overall_cluster,Re-generate with role+production separation; verify starters vs depth.
BUF,Buffalo Bills,2000,55,67.1,66,56,84,65.5,0,same_overall_cluster|no_stars,Re-generate with role+production separation; verify starters vs depth.
DEN,Denver Broncos,2017,63,67.9,67,56,85,69.8,3.2,same_overall_cluster,Re-generate with role+production separation; verify starters vs depth.
CLE,Cleveland Browns,2018,63,68.1,67,56,85,69.8,3.2,same_overall_cluster,Re-generate with role+production separation; verify starters vs depth.
CLE,Cleveland Browns,2012,49,68,67,56,84,55.1,8.2,same_overall_cluster|no_stars,Re-generate with role+production separation; verify starters vs depth.
KC,Kansas City Chiefs,2007,48,68.2,69,56,88,29.2,35.4,generic_70_cluster,Minor: spot-check separation; likely acceptable.
DEN,Denver Broncos,2018,66,68.3,67,56,85,69.7,3,same_overall_cluster,Re-generate with role+production separation; verify starters vs depth.
TEN,Tennessee Titans,2002,45,71.4,72,56,86,51.1,17.8,same_overall_cluster,Re-generate with role+production separation; verify starters vs depth.
TEN,Tennessee Titans,2006,45,70.4,72,56,83,51.1,11.1,same_overall_cluster|no_stars,Re-generate with role+production separation; verify starters vs depth.
KC,Kansas City Chiefs,1999,56,69.2,68,56,87,55.4,14.3,same_overall_cluster,Re-generate with role+production separation; verify starters vs depth.
CAR,Carolina Panthers,2001,62,67,66,56,82,62.9,1.6,same_overall_cluster|no_stars,Re-generate with role+production separation; verify starters vs depth.
KC,Kansas City Chiefs,2005,44,69,68,56,89,36.4,29.5,generic_70_cluster|weak_separation,Minor: spot-check separation; likely acceptable.
DEN,Denver Broncos,2019,69,67.4,67,56,85,69.6,2.9,same_overall_cluster,Re-generate with role+production separation; verify starters vs depth.
BUF,Buffalo Bills,2014,44,67.6,66,56,84,59.1,4.5,same_overall_cluster|no_stars,Re-generate with role+production separation; verify starters vs depth.
IND,Indianapolis Colts,2021,66,68.8,68,56,89,71.2,1.5,same_overall_cluster,Re-generate with role+production separation; verify starters vs depth.
CAR,Carolina Panthers,2022,62,67.5,66,56,85,71,1.6,same_overall_cluster,Re-generate with role+production separation; verify starters vs depth.
WAS,Washington Commanders,2008,45,71.5,72,56,86,64.4,6.7,same_overall_cluster,Re-generate with role+production separation; verify starters vs depth.
ARI,Arizona Cardinals,2009,42,68.2,65,56,88,54.8,14.3,same_overall_cluster,Re-generate with role+production separation; verify starters vs depth.
CLE,Cleveland Browns,2024,78,67.1,67,56,86,67.9,3.8,same_overall_cluster,Re-generate with role+production separation; verify starters vs depth.
WAS,Washington Commanders,2020,71,70.9,72,56,86,69,2.8,same_overall_cluster,Re-generate with role+production separation; verify starters vs depth.
WAS,Washington Commanders,2022,71,71.1,72,56,85,69,2.8,same_overall_cluster,Re-generate with role+production separation; verify starters vs depth.
KC,Kansas City Chiefs,2023,69,69.1,68,56,88,43.5,23.2,same_overall_cluster,Re-generate with role+production separation; verify starters vs depth.
IND,Indianapolis Colts,2011,51,68.7,68,56,85,62.7,7.8,same_overall_cluster,Re-generate with role+production separation; verify starters vs depth.
BUF,Buffalo Bills,2003,45,66.8,66,56,84,55.6,6.7,same_overall_cluster|no_stars,Re-generate with role+production separation; verify starters vs depth.
JAX,Jacksonville Jaguars,2015,49,68.9,68,56,88,57.1,12.2,same_overall_cluster,Re-generate with role+production separation; verify starters vs depth.
CHI,Chicago Bears,2017,66,66.8,66,56,85,66.7,4.5,same_overall_cluster,Re-generate with role+production separation; verify starters vs depth.
TEN,Tennessee Titans,2003,45,71.7,72,57,87,44.4,22.2,same_overall_cluster,Re-generate with role+production separation; verify starters vs depth.
WAS,Washington Commanders,2009,53,71.8,72,59,86,60.4,9.4,same_overall_cluster,Re-generate with role+production separation; verify starters vs depth.
KC,Kansas City Chiefs,2002,50,68.9,68,56,87,42,24,same_overall_cluster,Re-generate with role+production separation; verify starters vs depth.
JAX,Jacksonville Jaguars,2010,49,68.5,68,56,87,59.2,10.2,same_overall_cluster,Re-generate with role+production separation; verify starters vs depth.
JAX,Jacksonville Jaguars,2017,66,68.2,68,56,86,68.2,3,same_overall_cluster,Re-generate with role+production separation; verify starters vs depth.
WAS,Washington Commanders,2024,65,71.9,72,56,88,66.2,4.6,same_overall_cluster,Re-generate with role+production separation; verify starters vs depth.
WAS,Washington Commanders,2005,47,70.8,72,56,89,63.8,6.4,same_overall_cluster,Re-generate with role+production separation; verify starters vs depth.
CAR,Carolina Panthers,2021,70,66.4,66,56,85,70,1.4,same_overall_cluster,Re-generate with role+production separation; verify starters vs depth.
GB,Green Bay Packers,2001,62,68.6,68,56,87,67.7,3.2,same_overall_cluster,Re-generate with role+production separation; verify starters vs depth.
TEN,Tennessee Titans,2001,59,70.9,72,57,85,61,8.5,same_overall_cluster,Re-generate with role+production separation; verify starters vs depth.
CAR,Carolina Panthers,2006,47,67,66,57,84,55.3,6.4,same_overall_cluster|no_stars,Re-generate with role+production separation; verify starters vs depth.
BUF,Buffalo Bills,2022,62,67.6,66,56,89,69.4,1.6,same_overall_cluster,Re-generate with role+production separation; verify starters vs depth.
JAX,Jacksonville Jaguars,2004,48,69,68,58,85,58.3,10.4,same_overall_cluster,Re-generate with role+production separation; verify starters vs depth.
CLE,Cleveland Browns,2017,64,67.3,67,56,83,60.9,1.6,same_overall_cluster|no_stars,Re-generate with role+production separation; verify starters vs depth.
JAX,Jacksonville Jaguars,2002,46,68.9,68,56,85,63,6.5,same_overall_cluster,Re-generate with role+production separation; verify starters vs depth.
TEN,Tennessee Titans,2010,44,71.8,72,58,86,45.5,20.5,same_overall_cluster,Re-generate with role+production separation; verify starters vs depth.
CLE,Cleveland Browns,2001,70,67.3,67,56,86,65.7,4.3,same_overall_cluster,Re-generate with role+production separation; verify starters vs depth.
DAL,Dallas Cowboys,1999,66,67.9,67,56,85,65.2,4.5,same_overall_cluster,Re-generate with role+production separation; verify starters vs depth.
ARI,Arizona Cardinals,2004,46,66.9,65,56,84,54.3,6.5,same_overall_cluster|no_stars,Re-generate with role+production separation; verify starters vs depth.
DEN,Denver Broncos,2021,70,67.9,67,56,85,67.1,2.9,same_overall_cluster,Re-generate with role+production separation; verify starters vs depth.
CLE,Cleveland Browns,2022,71,67.8,67,56,86,69,1.4,same_overall_cluster,Re-generate with role+production separation; verify starters vs depth.
HOU,Houston Texans,2023,71,68.6,68,56,85,69,1.4,same_overall_cluster,Re-generate with role+production separation; verify starters vs depth.
DEN,Denver Broncos,1999,63,66.8,67,56,83,60.3,1.6,same_overall_cluster|no_stars,Re-generate with role+production separation; verify starters vs depth.
IND,Indianapolis Colts,2001,63,68.3,68,56,89,66.7,3.2,same_overall_cluster,Re-generate with role+production separation; verify starters vs depth.
BUF,Buffalo Bills,2016,93,66.8,66,56,86,66.7,3.2,same_overall_cluster,Re-generate with role+production separation; verify starters vs depth.
WAS,Washington Commanders,2023,76,71.8,72,57,86,65.8,3.9,same_overall_cluster,Re-generate with role+production separation; verify starters vs depth.
HOU,Houston Texans,2004,45,68.8,68,56,86,62.2,6.7,same_overall_cluster,Re-generate with role+production separation; verify starters vs depth.
KC,Kansas City Chiefs,2024,67,68.2,68,56,87,46.3,19.4,same_overall_cluster,Re-generate with role+production separation; verify starters vs depth.
IND,Indianapolis Colts,2012,48,69,68,56,86,62.5,6.3,same_overall_cluster,Re-generate with role+production separation; verify starters vs depth.
KC,Kansas City Chiefs,2012,48,68.2,68.5,56,85,31.3,31.3,generic_70_cluster|weak_separation,Minor: spot-check separation; likely acceptable.
WAS,Washington Commanders,2015,48,72.3,72,57,87,62.5,6.3,same_overall_cluster,Re-generate with role+production separation; verify starters vs depth.
DAL,Dallas Cowboys,2016,71,68.1,67,56,87,70.4,0,same_overall_cluster,Re-generate with role+production separation; verify starters vs depth.
CAR,Carolina Panthers,1999,62,67.5,66,56,88,66.1,3.2,same_overall_cluster,Re-generate with role+production separation; verify starters vs depth.
DAL,Dallas Cowboys,2018,62,67.7,67,56,86,66.1,3.2,same_overall_cluster,Re-generate with role+production separation; verify starters vs depth.
CLE,Cleveland Browns,1999,61,67.9,67,56,85,63.9,4.9,same_overall_cluster,Re-generate with role+production separation; verify starters vs depth.
JAX,Jacksonville Jaguars,2008,51,68.2,68,56,86,52.9,13.7,same_overall_cluster,Re-generate with role+production separation; verify starters vs depth.
JAX,Jacksonville Jaguars,2003,48,69,68,58,86,54.2,12.5,same_overall_cluster,Re-generate with role+production separation; verify starters vs depth.
ARI,Arizona Cardinals,2019,68,66.8,65,56,87,66.2,2.9,same_overall_cluster,Re-generate with role+production separation; verify starters vs depth.
IND,Indianapolis Colts,2002,43,68.9,68,56,90,58.1,9.3,same_overall_cluster,Re-generate with role+production separation; verify starters vs depth.
CAR,Carolina Panthers,2007,46,67.6,66,58,84,58.7,2.2,same_overall_cluster|no_stars,Re-generate with role+production separation; verify starters vs depth.
KC,Kansas City Chiefs,2006,46,68.4,68,56,89,37,26.1,generic_70_cluster|weak_separation,Minor: spot-check separation; likely acceptable.
HOU,Houston Texans,2020,70,68,68,56,89,64.3,4.3,same_overall_cluster,Re-generate with role+production separation; verify starters vs depth.
BUF,Buffalo Bills,2023,65,67.8,66,56,88,67.7,1.5,same_overall_cluster,Re-generate with role+production separation; verify starters vs depth.
CAR,Carolina Panthers,2000,67,66.8,66,56,86,65.7,3,same_overall_cluster,Re-generate with role+production separation; verify starters vs depth.
KC,Kansas City Chiefs,2015,41,68.4,68,56,86,51.2,14.6,same_overall_cluster,Re-generate with role+production separation; verify starters vs depth.
DAL,Dallas Cowboys,2002,48,68.7,67,56,84,58.3,2.1,same_overall_cluster|no_stars,Re-generate with role+production separation; verify starters vs depth.
IND,Indianapolis Colts,2006,43,69.4,68,56,88,60.5,7,same_overall_cluster,Re-generate with role+production separation; verify starters vs depth.
JAX,Jacksonville Jaguars,2009,51,68.8,68,56,88,56.9,9.8,same_overall_cluster,Re-generate with role+production separation; verify starters vs depth.
DET,Detroit Lions,2002,51,67.8,67,56,81,51,7.8,same_overall_cluster|no_stars,Re-generate with role+production separation; verify starters vs depth.
CLE,Cleveland Browns,2005,45,67.6,67,56,84,57.8,2.2,same_overall_cluster|no_stars,Re-generate with role+production separation; verify starters vs depth.
HOU,Houston Texans,2005,45,67.3,68,56,84,57.8,2.2,same_overall_cluster|no_stars,Re-generate with role+production separation; verify starters vs depth.
HOU,Houston Texans,2010,52,69.3,68,56,89,61.5,5.8,same_overall_cluster,Re-generate with role+production separation; verify starters vs depth.
ARI,Arizona Cardinals,2002,54,65.5,65,56,85,59.3,7.4,same_overall_cluster,Re-generate with role+production separation; verify starters vs depth.
WAS,Washington Commanders,2002,51,71.4,72,56,85,58.8,7.8,same_overall_cluster,Re-generate with role+production separation; verify starters vs depth.
HOU,Houston Texans,2003,51,68.2,68,57,84,52.9,5.9,same_overall_cluster|no_stars,Re-generate with role+production separation; verify starters vs depth.
CLE,Cleveland Browns,2019,62,67.4,67,56,86,64.5,3.2,same_overall_cluster,Re-generate with role+production separation; verify starters vs depth.
DAL,Dallas Cowboys,2021,65,68,67,56,88,64.6,3.1,same_overall_cluster,Re-generate with role+production separation; verify starters vs depth.
IND,Indianapolis Colts,2003,46,68.7,68,56,88,63,4.3,same_overall_cluster,Re-generate with role+production separation; verify starters vs depth.
DAL,Dallas Cowboys,2005,42,68.2,67,56,86,59.5,7.1,same_overall_cluster,Re-generate with role+production separation; verify starters vs depth.
DAL,Dallas Cowboys,2020,71,67.8,67,56,86,64.8,2.8,same_overall_cluster,Re-generate with role+production separation; verify starters vs depth.
WAS,Washington Commanders,2001,59,71.4,72,56,85,66.1,1.7,same_overall_cluster,Re-generate with role+production separation; verify starters vs depth.
WAS,Washington Commanders,2006,48,70.9,72,56,85,60.4,6.3,same_overall_cluster,Re-generate with role+production separation; verify starters vs depth.
DEN,Denver Broncos,2000,62,67.2,67,56,88,66.1,1.6,same_overall_cluster,Re-generate with role+production separation; verify starters vs depth.
CHI,Chicago Bears,2015,51,67.4,66,58,84,54.9,3.9,same_overall_cluster|no_stars,Re-generate with role+production separation; verify starters vs depth.
BUF,Buffalo Bills,2018,59,66.1,66,56,84,57.6,1.7,same_overall_cluster|no_stars,Re-generate with role+production separation; verify starters vs depth.
CAR,Carolina Panthers,2019,65,66.5,66,56,89,66.2,1.5,same_overall_cluster,Re-generate with role+production separation; verify starters vs depth.
IND,Indianapolis Colts,2005,43,68.9,68,56,87,65.1,2.3,same_overall_cluster,Re-generate with role+production separation; verify starters vs depth.
HOU,Houston Texans,2017,74,67.6,68,56,87,59.5,6.8,same_overall_cluster,Re-generate with role+production separation; verify starters vs depth.
CLE,Cleveland Browns,2004,52,66.8,67,56,82,59.6,0,same_overall_cluster|no_stars,Re-generate with role+production separation; verify starters vs depth.
IND,Indianapolis Colts,2007,46,68.8,68,56,88,65.2,2.2,same_overall_cluster,Re-generate with role+production separation; verify starters vs depth.
CAR,Carolina Panthers,2002,48,67.9,66,56,81,54.2,4.2,same_overall_cluster|no_stars,Re-generate with role+production separation; verify starters vs depth.
IND,Indianapolis Colts,2009,48,69,68,56,89,62.5,4.2,same_overall_cluster,Re-generate with role+production separation; verify starters vs depth.
IND,Indianapolis Colts,2004,45,69.3,68,56,90,62.2,4.4,same_overall_cluster,Re-generate with role+production separation; verify starters vs depth.
DAL,Dallas Cowboys,2014,45,69.4,67,56,88,62.2,4.4,same_overall_cluster,Re-generate with role+production separation; verify starters vs depth.
BAL,Baltimore Ravens,2019,62,67.7,66,56,88,67.7,0,same_overall_cluster,Re-generate with role+production separation; verify starters vs depth.
CHI,Chicago Bears,2000,68,66.3,66,56,83,57.4,1.5,same_overall_cluster|no_stars,Re-generate with role+production separation; verify starters vs depth.
IND,Indianapolis Colts,2008,47,68.3,68,56,87,59.6,6.4,same_overall_cluster,Re-generate with role+production separation; verify starters vs depth.
HOU,Houston Texans,2014,41,68.5,68,56,85,58.5,7.3,same_overall_cluster,Re-generate with role+production separation; verify starters vs depth.
HOU,Houston Texans,2015,47,68.7,68,56,88,59.6,6.4,same_overall_cluster,Re-generate with role+production separation; verify starters vs depth.
DEN,Denver Broncos,2016,67,67.3,67,56,86,65.7,1.5,same_overall_cluster,Re-generate with role+production separation; verify starters vs depth.
DEN,Denver Broncos,2013,43,69.8,67,58,90,55.8,9.3,same_overall_cluster,Re-generate with role+production separation; verify starters vs depth.
TEN,Tennessee Titans,2019,61,70.1,72,56,86,42.6,19.7,same_overall_cluster,Re-generate with role+production separation; verify starters vs depth.
DAL,Dallas Cowboys,2017,61,68.1,67,56,86,67.2,0,same_overall_cluster,Re-generate with role+production separation; verify starters vs depth.
BUF,Buffalo Bills,2021,58,68,66,56,89,67.2,0,same_overall_cluster,Re-generate with role+production separation; verify starters vs depth.
DAL,Dallas Cowboys,2023,64,68.2,67,56,90,67.2,0,same_overall_cluster,Re-generate with role+production separation; verify starters vs depth.
DEN,Denver Broncos,2024,58,68.9,67,56,87,67.2,0,same_overall_cluster,Re-generate with role+production separation; verify starters vs depth.
DET,Detroit Lions,2017,66,67.9,67,56,88,65.2,1.5,same_overall_cluster,Re-generate with role+production separation; verify starters vs depth.
CAR,Carolina Panthers,2009,50,67.4,66,57,85,62,4,same_overall_cluster,Re-generate with role+production separation; verify starters vs depth.
WAS,Washington Commanders,2010,50,71.1,72,56,86,62,4,same_overall_cluster,Re-generate with role+production separation; verify starters vs depth.
BAL,Baltimore Ravens,2021,75,66.9,66,56,89,65.3,1.3,same_overall_cluster,Re-generate with role+production separation; verify starters vs depth.
DEN,Denver Broncos,2001,61,67.8,67,56,87,60.7,4.9,same_overall_cluster,Re-generate with role+production separation; verify starters vs depth.
CLE,Cleveland Browns,2009,50,67.9,67,56,82,46,10,same_overall_cluster|no_stars,Re-generate with role+production separation; verify starters vs depth.
WAS,Washington Commanders,2012,45,71.2,72,58,86,55.6,8.9,same_overall_cluster,Re-generate with role+production separation; verify starters vs depth.
BUF,Buffalo Bills,2007,54,67,66,56,84,53.7,3.7,same_overall_cluster|no_stars,Re-generate with role+production separation; verify starters vs depth.
DAL,Dallas Cowboys,2024,69,68,67,56,85,66.7,0,same_overall_cluster,Re-generate with role+production separation; verify starters vs depth.
ARI,Arizona Cardinals,2017,68,66,65,56,87,64.7,1.5,same_overall_cluster,Re-generate with role+production separation; verify starters vs depth.
HOU,Houston Texans,2007,50,68.3,68,56,85,64,2,same_overall_cluster,Re-generate with role+production separation; verify starters vs depth.
IND,Indianapolis Colts,2010,50,68.3,68,56,88,54,10,same_overall_cluster,Re-generate with role+production separation; verify starters vs depth.
IND,Indianapolis Colts,2020,65,68.6,68,56,86,64.6,1.5,same_overall_cluster,Re-generate with role+production separation; verify starters vs depth.
GB,Green Bay Packers,1999,61,68.6,68,56,86,62.3,3.3,same_overall_cluster,Re-generate with role+production separation; verify starters vs depth.
CHI,Chicago Bears,1999,62,67.9,66,56,87,58.1,6.5,same_overall_cluster,Re-generate with role+production separation; verify starters vs depth.
JAX,Jacksonville Jaguars,2006,46,68.6,68,56,86,50,13,same_overall_cluster,Re-generate with role+production separation; verify starters vs depth.
JAX,Jacksonville Jaguars,2012,51,67.1,68,56,84,43.1,11.8,same_overall_cluster|no_stars,Re-generate with role+production separation; verify starters vs depth.
CAR,Carolina Panthers,2017,68,66.9,66,56,87,66.2,0,same_overall_cluster,Re-generate with role+production separation; verify starters vs depth.
ARI,Arizona Cardinals,2024,71,66.8,65,57,87,66.2,0,same_overall_cluster,Re-generate with role+production separation; verify starters vs depth.
BUF,Buffalo Bills,2009,52,66,66,56,83,57.7,0,same_overall_cluster|no_stars,Re-generate with role+production separation; verify starters vs depth.
JAX,Jacksonville Jaguars,2013,49,67.8,68,56,83,44.9,10.2,same_overall_cluster|no_stars,Re-generate with role+production separation; verify starters vs depth.
CHI,Chicago Bears,2004,49,66.6,66,56,82,55.1,2,same_overall_cluster|no_stars,Re-generate with role+production separation; verify starters vs depth.
TEN,Tennessee Titans,2009,47,71.2,72,56,89,44.7,17,same_overall_cluster,Re-generate with role+production separation; verify starters vs depth.
ARI,Arizona Cardinals,2018,69,65.9,65,56,85,62.3,2.9,same_overall_cluster,Re-generate with role+production separation; verify starters vs depth.
BUF,Buffalo Bills,2019,58,66.7,66,56,86,63.8,1.7,same_overall_cluster,Re-generate with role+production separation; verify starters vs depth.
BAL,Baltimore Ravens,2022,68,67.2,66,56,85,60.3,4.4,same_overall_cluster,Re-generate with role+production separation; verify starters vs depth.
CLE,Cleveland Browns,2002,44,68.6,67,56,84,54.5,2.3,same_overall_cluster|no_stars,Re-generate with role+production separation; verify starters vs depth.
DEN,Denver Broncos,2011,47,68.4,67,56,83,57.4,0,same_overall_cluster|no_stars,Re-generate with role+production separation; verify starters vs depth.
TEN,Tennessee Titans,2014,51,69.5,72,56,84,45.1,9.8,same_overall_cluster|no_stars,Re-generate with role+production separation; verify starters vs depth.
TEN,Tennessee Titans,2015,48,70.7,72,56,86,50,12.5,same_overall_cluster,Re-generate with role+production separation; verify starters vs depth.
BUF,Buffalo Bills,2024,61,68.4,66,57,88,65.6,0,same_overall_cluster,Re-generate with role+production separation; verify starters vs depth.
WAS,Washington Commanders,2007,47,70.5,72,56,86,57.4,6.4,same_overall_cluster,Re-generate with role+production separation; verify starters vs depth.
CAR,Carolina Panthers,2014,48,67.6,66,56,87,62.5,2.1,same_overall_cluster,Re-generate with role+production separation; verify starters vs depth.
IND,Indianapolis Colts,2015,46,68.6,68,56,85,65.2,0,same_overall_cluster,Re-generate with role+production separation; verify starters vs depth.
CHI,Chicago Bears,2022,71,66.9,66,56,85,63.4,1.4,same_overall_cluster,Re-generate with role+production separation; verify starters vs depth.
DAL,Dallas Cowboys,2013,47,68.7,67,57,88,59.6,4.3,same_overall_cluster,Re-generate with role+production separation; verify starters vs depth.
WAS,Washington Commanders,2003,52,69.8,72,56,86,57.7,5.8,same_overall_cluster,Re-generate with role+production separation; verify starters vs depth.
DAL,Dallas Cowboys,2015,52,67,67,56,85,57.7,5.8,same_overall_cluster,Re-generate with role+production separation; verify starters vs depth.
JAX,Jacksonville Jaguars,2011,54,67.4,68,56,86,55.6,7.4,same_overall_cluster,Re-generate with role+production separation; verify starters vs depth.
BUF,Buffalo Bills,1999,56,67.3,66,56,85,62.5,1.8,same_overall_cluster,Re-generate with role+production separation; verify starters vs depth.
CLE,Cleveland Browns,2003,51,67.1,67,56,82,49,5.9,same_overall_cluster|no_stars,Re-generate with role+production separation; verify starters vs depth.
DEN,Denver Broncos,2015,39,69.6,67,56,87,61.5,2.6,same_overall_cluster,Re-generate with role+production separation; verify starters vs depth.
KC,Kansas City Chiefs,2014,47,68.4,68,56,86,40.4,19.1,same_overall_cluster,Re-generate with role+production separation; verify starters vs depth.
BAL,Baltimore Ravens,2016,88,67,66,56,86,61.4,2.3,same_overall_cluster,Re-generate with role+production separation; verify starters vs depth.
CHI,Chicago Bears,2005,47,66.1,66,56,84,53.2,2.1,same_overall_cluster|no_stars,Re-generate with role+production separation; verify starters vs depth.
BUF,Buffalo Bills,2008,47,66.9,66,56,83,53.2,2.1,same_overall_cluster|no_stars,Re-generate with role+production separation; verify starters vs depth.
DEN,Denver Broncos,2010,48,67.6,67,56,87,56.3,6.3,same_overall_cluster,Re-generate with role+production separation; verify starters vs depth.
CAR,Carolina Panthers,2020,67,66.1,66,56,85,64.2,0,same_overall_cluster,Re-generate with role+production separation; verify starters vs depth.
CAR,Carolina Panthers,2018,69,66.9,66,56,86,62.3,1.4,same_overall_cluster,Re-generate with role+production separation; verify starters vs depth.
ARI,Arizona Cardinals,2021,63,66.4,65,56,86,61.9,1.6,same_overall_cluster,Re-generate with role+production separation; verify starters vs depth.
BAL,Baltimore Ravens,2024,61,67.4,66,56,90,63.9,0,same_overall_cluster,Re-generate with role+production separation; verify starters vs depth.
BUF,Buffalo Bills,2005,46,67.2,66,56,84,50,4.3,same_overall_cluster|no_stars,Re-generate with role+production separation; verify starters vs depth.
CAR,Carolina Panthers,2010,47,67.2,66,56,82,55.3,0,same_overall_cluster|no_stars,Re-generate with role+production separation; verify starters vs depth.
DEN,Denver Broncos,2009,43,69.1,67,56,86,60.5,2.3,same_overall_cluster,Re-generate with role+production separation; verify starters vs depth.
DAL,Dallas Cowboys,2010,45,68.7,67,56,88,57.8,4.4,same_overall_cluster,Re-generate with role+production separation; verify starters vs depth.
DAL,Dallas Cowboys,2011,49,68,67,56,87,53.1,8.2,same_overall_cluster,Re-generate with role+production separation; verify starters vs depth.
DET,Detroit Lions,2023,64,67.7,67,56,88,59.4,3.1,same_overall_cluster,Re-generate with role+production separation; verify starters vs depth.
CHI,Chicago Bears,2019,61,67.2,66,56,86,59,3.3,same_overall_cluster,Re-generate with role+production separation; verify starters vs depth.
DEN,Denver Broncos,2014,42,69,67,58,89,57.1,4.8,same_overall_cluster,Re-generate with role+production separation; verify starters vs depth.
CHI,Chicago Bears,2011,50,67.6,66,56,80,52,2,same_overall_cluster|no_stars,Re-generate with role+production separation; verify starters vs depth.
WAS,Washington Commanders,2013,43,71.8,72,57,87,51.2,9.3,same_overall_cluster,Re-generate with role+production separation; verify starters vs depth.
BUF,Buffalo Bills,2015,55,66.3,66,56,83,54.5,0,same_overall_cluster|no_stars,Re-generate with role+production separation; verify starters vs depth.
JAX,Jacksonville Jaguars,2005,45,68.7,68,56,85,60,2.2,same_overall_cluster,Re-generate with role+production separation; verify starters vs depth.
DAL,Dallas Cowboys,2012,45,69.1,67,61,88,60,2.2,same_overall_cluster,Re-generate with role+production separation; verify starters vs depth.
DAL,Dallas Cowboys,2004,50,67.3,67,56,87,60,2,same_overall_cluster,Re-generate with role+production separation; verify starters vs depth.
CLE,Cleveland Browns,2020,72,67.3,67,56,86,62.5,0,same_overall_cluster,Re-generate with role+production separation; verify starters vs depth.
BAL,Baltimore Ravens,2023,64,67.6,66,56,88,62.5,0,same_overall_cluster,Re-generate with role+production separation; verify starters vs depth.
ARI,Arizona Cardinals,2006,46,67.1,65,56,85,54.3,6.5,same_overall_cluster,Re-generate with role+production separation; verify starters vs depth.
DET,Detroit Lions,2009,49,68.4,67,56,82,49,4.1,same_overall_cluster|no_stars,Re-generate with role+production separation; verify starters vs depth.
KC,Kansas City Chiefs,2010,42,69,68,56,88,35.7,21.4,weak_separation,Minor: spot-check separation; likely acceptable.
CHI,Chicago Bears,2023,60,67.1,66,56,87,58.3,3.3,same_overall_cluster,Re-generate with role+production separation; verify starters vs depth.
ARI,Arizona Cardinals,2014,45,67.6,65,58,83,51.1,2.2,same_overall_cluster|no_stars,Re-generate with role+production separation; verify starters vs depth.
BUF,Buffalo Bills,2012,50,67.2,66,56,85,62,0,same_overall_cluster,Re-generate with role+production separation; verify starters vs depth.
IND,Indianapolis Colts,2013,51,67.6,68,56,87,56.9,3.9,same_overall_cluster,Re-generate with role+production separation; verify starters vs depth.
CAR,Carolina Panthers,2013,47,67.7,66,56,87,61.7,0,same_overall_cluster,Re-generate with role+production separation; verify starters vs depth.
BAL,Baltimore Ravens,2014,43,68.7,66,56,86,55.8,4.7,same_overall_cluster,Re-generate with role+production separation; verify starters vs depth.
ARI,Arizona Cardinals,2007,48,66.8,65,56,86,56.3,4.2,same_overall_cluster,Re-generate with role+production separation; verify starters vs depth.
DAL,Dallas Cowboys,2007,41,68.8,67,56,88,58.5,2.4,same_overall_cluster,Re-generate with role+production separation; verify starters vs depth.
CHI,Chicago Bears,2001,59,67.1,66,56,86,59.3,1.7,same_overall_cluster,Re-generate with role+production separation; verify starters vs depth.
BAL,Baltimore Ravens,2015,58,66.6,66,56,84,46.6,5.2,same_overall_cluster|no_stars,Re-generate with role+production separation; verify starters vs depth.
CHI,Chicago Bears,2021,64,67.3,66,56,85,59.4,1.6,same_overall_cluster,Re-generate with role+production separation; verify starters vs depth.
GB,Green Bay Packers,2021,60,68.7,68,56,89,55,5,same_overall_cluster,Re-generate with role+production separation; verify starters vs depth.
ARI,Arizona Cardinals,2020,67,66.3,65,56,88,61.2,0,same_overall_cluster,Re-generate with role+production separation; verify starters vs depth.
ARI,Arizona Cardinals,2015,45,67.4,65,56,88,55.6,4.4,same_overall_cluster,Re-generate with role+production separation; verify starters vs depth.
TEN,Tennessee Titans,2011,43,70.3,72,56,85,46.5,11.6,same_overall_cluster,Re-generate with role+production separation; verify starters vs depth.
CHI,Chicago Bears,2020,66,67.1,66,56,86,59.1,1.5,same_overall_cluster,Re-generate with role+production separation; verify starters vs depth.
ARI,Arizona Cardinals,2001,63,66.9,65,56,88,58.7,1.6,same_overall_cluster,Re-generate with role+production separation; verify starters vs depth.
CLE,Cleveland Browns,2007,40,69.3,67,56,88,57.5,2.5,same_overall_cluster,Re-generate with role+production separation; verify starters vs depth.
CLE,Cleveland Browns,2015,47,67.7,67,56,88,55.3,4.3,same_overall_cluster,Re-generate with role+production separation; verify starters vs depth.
BUF,Buffalo Bills,2020,61,67.2,66,56,89,60.7,0,same_overall_cluster,Re-generate with role+production separation; verify starters vs depth.
CAR,Carolina Panthers,2012,45,67.6,66,56,87,57.8,2.2,same_overall_cluster,Re-generate with role+production separation; verify starters vs depth.
DAL,Dallas Cowboys,2006,43,68.2,67,56,88,60.5,0,same_overall_cluster,Re-generate with role+production separation; verify starters vs depth.
GB,Green Bay Packers,2018,67,67.7,68,56,87,56.7,3,same_overall_cluster,Re-generate with role+production separation; verify starters vs depth.
CHI,Chicago Bears,2003,49,66.9,66,56,82,46.9,4.1,same_overall_cluster|no_stars,Re-generate with role+production separation; verify starters vs depth.
GB,Green Bay Packers,2016,61,68.9,68,56,89,54.1,4.9,same_overall_cluster,Re-generate with role+production separation; verify starters vs depth.
TEN,Tennessee Titans,2008,44,70.6,72,56,85,54.5,4.5,same_overall_cluster,Re-generate with role+production separation; verify starters vs depth.
BAL,Baltimore Ravens,2020,69,67,66,56,86,56.5,2.9,same_overall_cluster,Re-generate with role+production separation; verify starters vs depth.
CHI,Chicago Bears,2010,42,67.5,66,56,85,57.1,2.4,same_overall_cluster,Re-generate with role+production separation; verify starters vs depth.
HOU,Houston Texans,2012,42,69.8,68,56,87,57.1,2.4,same_overall_cluster,Re-generate with role+production separation; verify starters vs depth.
BAL,Baltimore Ravens,2004,45,67.6,66,56,84,48.9,2.2,same_overall_cluster|no_stars,Re-generate with role+production separation; verify starters vs depth.
CAR,Carolina Panthers,2015,45,68,66,56,89,60,0,same_overall_cluster,Re-generate with role+production separation; verify starters vs depth.
DEN,Denver Broncos,2005,44,68.7,67,56,86,56.8,2.3,same_overall_cluster,Re-generate with role+production separation; verify starters vs depth.
GB,Green Bay Packers,2019,60,69,68,56,87,53.3,5,same_overall_cluster,Re-generate with role+production separation; verify starters vs depth.
GB,Green Bay Packers,2017,65,67.8,68,56,83,41.5,7.7,same_overall_cluster|no_stars,Re-generate with role+production separation; verify starters vs depth.
BAL,Baltimore Ravens,2002,48,67.1,66,56,86,54.2,4.2,same_overall_cluster,Re-generate with role+production separation; verify starters vs depth.
ARI,Arizona Cardinals,2003,48,67,65,57,87,54.2,4.2,same_overall_cluster,Re-generate with role+production separation; verify starters vs depth.
BAL,Baltimore Ravens,2007,48,67,66,56,86,54.2,4.2,same_overall_cluster,Re-generate with role+production separation; verify starters vs depth.
DET,Detroit Lions,2016,68,67.9,67,56,87,57.4,1.5,same_overall_cluster,Re-generate with role+production separation; verify starters vs depth.
BAL,Baltimore Ravens,2005,50,66.4,66,56,87,54,4,same_overall_cluster,Re-generate with role+production separation; verify starters vs depth.
DEN,Denver Broncos,2007,50,67.6,67,57,87,54,4,same_overall_cluster,Re-generate with role+production separation; verify starters vs depth.
DET,Detroit Lions,2005,45,68,67,56,82,42.2,6.7,same_overall_cluster|no_stars,Re-generate with role+production separation; verify starters vs depth.
ARI,Arizona Cardinals,2012,46,66.2,65,56,84,47.8,2.2,same_overall_cluster|no_stars,Re-generate with role+production separation; verify starters vs depth.
CAR,Carolina Panthers,2011,51,67.6,66,56,87,58.8,0,same_overall_cluster,Re-generate with role+production separation; verify starters vs depth.
HOU,Houston Texans,2011,50,68.2,68,56,83,48,2,same_overall_cluster|no_stars,Re-generate with role+production separation; verify starters vs depth.
BAL,Baltimore Ravens,2008,43,67.8,66,56,85,55.8,2.3,same_overall_cluster,Re-generate with role+production separation; verify starters vs depth.
ARI,Arizona Cardinals,2000,64,66.5,65,56,85,54.7,3.1,same_overall_cluster,Re-generate with role+production separation; verify starters vs depth.
BUF,Buffalo Bills,2011,52,66.7,66,56,86,53.8,3.8,same_overall_cluster,Re-generate with role+production separation; verify starters vs depth.
GB,Green Bay Packers,2013,50,68.3,68,56,86,56,2,same_overall_cluster,Re-generate with role+production separation; verify starters vs depth.
BUF,Buffalo Bills,2017,62,67.1,66,56,85,56.5,1.6,same_overall_cluster,Re-generate with role+production separation; verify starters vs depth.
GB,Green Bay Packers,2020,73,68.4,68,56,90,53.4,4.1,same_overall_cluster,Re-generate with role+production separation; verify starters vs depth.
DAL,Dallas Cowboys,2003,45,68,67,56,85,55.6,2.2,same_overall_cluster,Re-generate with role+production separation; verify starters vs depth.
CHI,Chicago Bears,2024,64,66.9,66,56,86,56.3,1.6,same_overall_cluster,Re-generate with role+production separation; verify starters vs depth.
CIN,Cincinnati Bengals,1999,63,67.6,67,56,84,47.6,1.6,same_overall_cluster|no_stars,Re-generate with role+production separation; verify starters vs depth.
DEN,Denver Broncos,2002,47,68.3,67,56,87,55.3,2.1,same_overall_cluster,Re-generate with role+production separation; verify starters vs depth.
DAL,Dallas Cowboys,2009,38,70,67,58,87,57.9,0,same_overall_cluster,Re-generate with role+production separation; verify starters vs depth.
ARI,Arizona Cardinals,2010,44,66.7,65,56,86,52.3,4.5,same_overall_cluster,Re-generate with role+production separation; verify starters vs depth.
ARI,Arizona Cardinals,2011,42,67.2,65,57,87,54.8,2.4,same_overall_cluster,Re-generate with role+production separation; verify starters vs depth.
DET,Detroit Lions,2021,75,66.8,67,56,85,56,1.3,same_overall_cluster,Re-generate with role+production separation; verify starters vs depth.
CHI,Chicago Bears,2014,49,67.5,66,56,87,55.1,2,same_overall_cluster,Re-generate with role+production separation; verify starters vs depth.
BAL,Baltimore Ravens,2001,60,67.6,66,56,85,55,1.7,same_overall_cluster,Re-generate with role+production separation; verify starters vs depth.
CLE,Cleveland Browns,2006,49,68.2,67,57,86,46.9,8.2,same_overall_cluster,Re-generate with role+production separation; verify starters vs depth.
BAL,Baltimore Ravens,2003,43,67.9,66,56,88,51.2,4.7,same_overall_cluster,Re-generate with role+production separation; verify starters vs depth.
CAR,Carolina Panthers,2008,44,67.5,66,56,88,56.8,0,same_overall_cluster,Re-generate with role+production separation; verify starters vs depth.
GB,Green Bay Packers,2023,63,68.7,68,56,88,50.8,4.8,same_overall_cluster,Re-generate with role+production separation; verify starters vs depth.
GB,Green Bay Packers,2022,61,68.4,68,56,86,52.5,3.3,same_overall_cluster,Re-generate with role+production separation; verify starters vs depth.
GB,Green Bay Packers,2024,60,69.1,68,56,87,56.7,0,same_overall_cluster,Re-generate with role+production separation; verify starters vs depth.
GB,Green Bay Packers,2002,49,68.4,68,56,86,49,6.1,same_overall_cluster,Re-generate with role+production separation; verify starters vs depth.
CIN,Cincinnati Bengals,2005,45,68.6,67,56,88,51.1,4.4,same_overall_cluster,Re-generate with role+production separation; verify starters vs depth.
DET,Detroit Lions,2007,49,68,67,56,85,49,6.1,same_overall_cluster,Re-generate with role+production separation; verify starters vs depth.
KC,Kansas City Chiefs,2011,42,68.5,68,57,85,35.7,16.7,weak_separation,Minor: spot-check separation; likely acceptable.
BUF,Buffalo Bills,2002,46,67.5,66,56,87,56.5,0,same_overall_cluster,Re-generate with role+production separation; verify starters vs depth.
DET,Detroit Lions,2006,54,66.9,67,56,86,51.9,3.7,same_overall_cluster,Re-generate with role+production separation; verify starters vs depth.
HOU,Houston Texans,2009,47,69.3,68,56,88,51.1,4.3,same_overall_cluster,Re-generate with role+production separation; verify starters vs depth.
ARI,Arizona Cardinals,2005,55,67.3,65,56,88,56.4,0,same_overall_cluster,Re-generate with role+production separation; verify starters vs depth.
DEN,Denver Broncos,2008,51,68.2,67,56,87,49,5.9,same_overall_cluster,Re-generate with role+production separation; verify starters vs depth.
BAL,Baltimore Ravens,2012,48,68,66,56,86,56.3,0,same_overall_cluster,Re-generate with role+production separation; verify starters vs depth.
CLE,Cleveland Browns,2008,46,68.2,67,57,83,47.8,0,same_overall_cluster|no_stars,Re-generate with role+production separation; verify starters vs depth.
BUF,Buffalo Bills,2006,45,67.3,66,56,86,53.3,2.2,same_overall_cluster,Re-generate with role+production separation; verify starters vs depth.
BUF,Buffalo Bills,2013,45,67.2,66,56,85,53.3,2.2,same_overall_cluster,Re-generate with role+production separation; verify starters vs depth.
IND,Indianapolis Colts,2014,41,69.2,68,56,89,56.1,0,same_overall_cluster,Re-generate with role+production separation; verify starters vs depth.
GB,Green Bay Packers,2003,46,70.2,68,57,89,47.8,6.5,same_overall_cluster,Re-generate with role+production separation; verify starters vs depth.
DEN,Denver Broncos,2004,47,68.2,67,56,87,53.2,2.1,same_overall_cluster,Re-generate with role+production separation; verify starters vs depth.
CHI,Chicago Bears,2008,47,67.5,66,56,86,53.2,2.1,same_overall_cluster,Re-generate with role+production separation; verify starters vs depth.
GB,Green Bay Packers,2006,49,68.2,68,56,87,42.9,10.2,same_overall_cluster,Re-generate with role+production separation; verify starters vs depth.
DEN,Denver Broncos,2012,44,68.5,67,56,88,50,4.5,same_overall_cluster,Re-generate with role+production separation; verify starters vs depth.
CAR,Carolina Panthers,2005,49,67.7,66,56,89,53.1,2,same_overall_cluster,Re-generate with role+production separation; verify starters vs depth.
DET,Detroit Lions,2010,51,68.4,67,56,85,52.9,2,same_overall_cluster,Re-generate with role+production separation; verify starters vs depth.
GB,Green Bay Packers,2005,52,68.2,68,56,86,48.1,5.8,same_overall_cluster,Re-generate with role+production separation; verify starters vs depth.
CHI,Chicago Bears,2002,53,67,66,56,86,52.8,1.9,same_overall_cluster,Re-generate with role+production separation; verify starters vs depth.
CAR,Carolina Panthers,2003,44,67.5,66,56,86,52.3,2.3,same_overall_cluster,Re-generate with role+production separation; verify starters vs depth.
CHI,Chicago Bears,2018,58,66.8,66,56,85,55.2,0,same_overall_cluster,Re-generate with role+production separation; verify starters vs depth.
CLE,Cleveland Browns,2013,46,68.6,67,56,86,52.2,2.2,same_overall_cluster,Re-generate with role+production separation; verify starters vs depth.
DET,Detroit Lions,2004,48,68,67,56,85,52.1,2.1,same_overall_cluster,Re-generate with role+production separation; verify starters vs depth.
CHI,Chicago Bears,2007,49,67.5,66,56,84,38.8,6.1,weak_separation|no_stars,Verify top players; ensure stars are not capped down to starter range.
DET,Detroit Lions,2008,52,67.3,67,56,87,50,3.8,same_overall_cluster,Re-generate with role+production separation; verify starters vs depth.
DET,Detroit Lions,2020,64,68.4,67,56,87,54.7,0,same_overall_cluster,Re-generate with role+production separation; verify starters vs depth.
DAL,Dallas Cowboys,2008,44,68.5,67,56,86,54.5,0,same_overall_cluster,Re-generate with role+production separation; verify starters vs depth.
BUF,Buffalo Bills,2010,45,66.9,66,56,86,48.9,4.4,same_overall_cluster,Re-generate with role+production separation; verify starters vs depth.
CIN,Cincinnati Bengals,2014,47,68.1,67,59,85,48.9,4.3,same_overall_cluster,Re-generate with role+production separation; verify starters vs depth.
DEN,Denver Broncos,2003,49,66.6,67,56,85,49,4.1,same_overall_cluster,Re-generate with role+production separation; verify starters vs depth.
GB,Green Bay Packers,2012,42,68.6,68,56,89,45.2,7.1,same_overall_cluster,Re-generate with role+production separation; verify starters vs depth.
GB,Green Bay Packers,2015,43,68.5,68,56,87,51.2,2.3,same_overall_cluster,Re-generate with role+production separation; verify starters vs depth.
GB,Green Bay Packers,2008,50,68.8,68,56,87,44,8,same_overall_cluster,Re-generate with role+production separation; verify starters vs depth.
DET,Detroit Lions,2000,59,68.1,67,56,85,47.5,5.1,same_overall_cluster,Re-generate with role+production separation; verify starters vs depth.
CIN,Cincinnati Bengals,2015,45,68.7,67,56,87,51.1,2.2,same_overall_cluster,Re-generate with role+production separation; verify starters vs depth.
DET,Detroit Lions,2022,71,67.9,67,56,87,52.1,1.4,same_overall_cluster,Re-generate with role+production separation; verify starters vs depth.
ATL,Atlanta Falcons,2022,65,66.8,65,56,84,41.5,3.1,same_overall_cluster|no_stars,Re-generate with role+production separation; verify starters vs depth.
ATL,Atlanta Falcons,2016,65,67.3,65,56,89,47.7,4.6,same_overall_cluster,Re-generate with role+production separation; verify starters vs depth.
GB,Green Bay Packers,2000,61,68.5,68,56,86,49.2,3.3,same_overall_cluster,Re-generate with role+production separation; verify starters vs depth.
CIN,Cincinnati Bengals,2018,70,67.2,67,56,83,41.4,2.9,same_overall_cluster|no_stars,Re-generate with role+production separation; verify starters vs depth.
GB,Green Bay Packers,2014,39,69.7,68,56,89,43.6,7.7,same_overall_cluster,Re-generate with role+production separation; verify starters vs depth.
CLE,Cleveland Browns,2010,44,67.5,67,56,86,50,2.3,same_overall_cluster,Re-generate with role+production separation; verify starters vs depth.
ATL,Atlanta Falcons,2000,63,67.1,66,57,84,44.4,0,same_overall_cluster|no_stars,Re-generate with role+production separation; verify starters vs depth.
BAL,Baltimore Ravens,2006,46,68.4,66,57,86,50,2.2,same_overall_cluster,Re-generate with role+production separation; verify starters vs depth.
DET,Detroit Lions,2018,65,67,67,56,85,50.8,1.5,same_overall_cluster,Re-generate with role+production separation; verify starters vs depth.
CAR,Carolina Panthers,2004,50,67,66,57,89,50,2,same_overall_cluster,Re-generate with role+production separation; verify starters vs depth.
BAL,Baltimore Ravens,2013,40,68.2,66,56,85,52.5,0,same_overall_cluster,Re-generate with role+production separation; verify starters vs depth.
ATL,Atlanta Falcons,2020,57,67.4,65,56,87,45.6,5.3,same_overall_cluster,Re-generate with role+production separation; verify starters vs depth.
CIN,Cincinnati Bengals,2000,61,67.4,67,56,84,37.7,4.9,weak_separation|no_stars,Verify top players; ensure stars are not capped down to starter range.
GB,Green Bay Packers,2007,47,68.1,68,56,87,46.8,4.3,same_overall_cluster,Re-generate with role+production separation; verify starters vs depth.
DET,Detroit Lions,2015,46,68.8,67,57,88,52.2,0,same_overall_cluster,Re-generate with role+production separation; verify starters vs depth.
GB,Green Bay Packers,2010,48,68.8,68,56,87,43.8,6.3,same_overall_cluster,Re-generate with role+production separation; verify starters vs depth.
BAL,Baltimore Ravens,2011,43,67.8,66,56,88,48.8,2.3,same_overall_cluster,Re-generate with role+production separation; verify starters vs depth.
CIN,Cincinnati Bengals,2011,45,68.1,67,56,85,48.9,2.2,same_overall_cluster,Re-generate with role+production separation; verify starters vs depth.
ATL,Atlanta Falcons,2023,67,67.2,66,56,84,37.3,4.5,weak_separation|no_stars,Verify top players; ensure stars are not capped down to starter range.
ARI,Arizona Cardinals,2013,45,68.2,65,56,86,51.1,0,same_overall_cluster,Re-generate with role+production separation; verify starters vs depth.
DET,Detroit Lions,2024,71,67.9,67,56,89,49.3,1.4,same_overall_cluster,Re-generate with role+production separation; verify starters vs depth.
GB,Green Bay Packers,2004,50,69.4,68,56,88,48,2,same_overall_cluster,Re-generate with role+production separation; verify starters vs depth.
CIN,Cincinnati Bengals,2021,64,67.7,67,56,88,48.4,1.6,same_overall_cluster,Re-generate with role+production separation; verify starters vs depth.
CIN,Cincinnati Bengals,2023,60,68.4,67,56,86,40,8.3,same_overall_cluster,Re-generate with role+production separation; verify starters vs depth.
CHI,Chicago Bears,2009,44,67.5,66,56,85,50,0,same_overall_cluster,Re-generate with role+production separation; verify starters vs depth.
BUF,Buffalo Bills,2004,45,65.5,66,56,85,44.4,4.4,same_overall_cluster,Re-generate with role+production separation; verify starters vs depth.
DET,Detroit Lions,2001,62,67.5,67,56,85,45.2,3.2,same_overall_cluster,Re-generate with role+production separation; verify starters vs depth.
CIN,Cincinnati Bengals,2008,53,66.5,67,56,82,35.8,3.8,weak_separation|no_stars,Verify top players; ensure stars are not capped down to starter range.
CHI,Chicago Bears,2013,45,67.9,66,56,88,48.9,0,same_overall_cluster,Re-generate with role+production separation; verify starters vs depth.
CIN,Cincinnati Bengals,2020,68,67,66,56,83,36.8,2.9,weak_separation|no_stars,Verify top players; ensure stars are not capped down to starter range.
BAL,Baltimore Ravens,2010,39,68.6,66,56,86,48.7,0,same_overall_cluster,Re-generate with role+production separation; verify starters vs depth.
CIN,Cincinnati Bengals,2013,48,68.4,67,56,88,47.9,0,same_overall_cluster,Re-generate with role+production separation; verify starters vs depth.
DET,Detroit Lions,2013,43,68.9,68,56,87,41.9,4.7,same_overall_cluster,Re-generate with role+production separation; verify starters vs depth.
BAL,Baltimore Ravens,2009,44,67.2,66,56,86,47.7,0,same_overall_cluster,Re-generate with role+production separation; verify starters vs depth.
CIN,Cincinnati Bengals,2004,51,67.7,66,56,87,45.1,2,same_overall_cluster,Re-generate with role+production separation; verify starters vs depth.
ARI,Arizona Cardinals,2008,42,67.1,65,56,88,47.6,0,same_overall_cluster,Re-generate with role+production separation; verify starters vs depth.
CIN,Cincinnati Bengals,2019,66,67.9,67,56,85,45.5,1.5,same_overall_cluster,Re-generate with role+production separation; verify starters vs depth.
CIN,Cincinnati Bengals,2024,69,67.6,67,56,91,42,4.3,same_overall_cluster,Re-generate with role+production separation; verify starters vs depth.
DET,Detroit Lions,2011,46,69.6,67.5,58,90,39.1,6.5,weak_separation,Minor: spot-check separation; likely acceptable.
TB,Tampa Bay Buccaneers,2020,25,84.6,85,79,88,20,0,compressed_spread|missing_boxscore_post1999,Re-generate with role+production separation; verify starters vs depth.
CIN,Cincinnati Bengals,2007,45,68.5,67,56,88,35.6,8.9,weak_separation,Minor: spot-check separation; likely acceptable.
ATL,Atlanta Falcons,2015,49,67.7,66,57,89,38.8,6.1,weak_separation,Minor: spot-check separation; likely acceptable.
DET,Detroit Lions,2003,51,67.6,67,56,84,35.3,2,weak_separation|no_stars,Verify top players; ensure stars are not capped down to starter range.
ATL,Atlanta Falcons,2018,59,67.3,66,56,89,45.8,0,same_overall_cluster,Re-generate with role+production separation; verify starters vs depth.
ATL,Atlanta Falcons,2008,47,67.6,65,56,88,42.6,2.1,same_overall_cluster,Re-generate with role+production separation; verify starters vs depth.
GB,Green Bay Packers,2011,42,69.3,68,56,89,45.2,0,same_overall_cluster,Re-generate with role+production separation; verify starters vs depth.
CIN,Cincinnati Bengals,2009,45,68.7,67,56,86,42.2,2.2,same_overall_cluster,Re-generate with role+production separation; verify starters vs depth.
GB,Green Bay Packers,2009,45,69,68,56,88,42.2,2.2,same_overall_cluster,Re-generate with role+production separation; verify starters vs depth.
DET,Detroit Lions,2014,49,68.6,67,56,86,38.8,4.1,weak_separation,Minor: spot-check separation; likely acceptable.
CIN,Cincinnati Bengals,2003,47,69.1,67,57,87,38.3,4.3,weak_separation,Minor: spot-check separation; likely acceptable.
CIN,Cincinnati Bengals,2001,61,67.8,67,56,86,39.3,3.3,weak_separation,Minor: spot-check separation; likely acceptable.
CIN,Cincinnati Bengals,2017,64,67.5,67,56,86,37.5,4.7,weak_separation,Minor: spot-check separation; likely acceptable.
CHI,Chicago Bears,2006,44,67.9,66,56,85,43.2,0,same_overall_cluster,Re-generate with role+production separation; verify starters vs depth.
CIN,Cincinnati Bengals,2022,63,67.6,67,56,89,36.5,4.8,weak_separation,Minor: spot-check separation; likely acceptable.
ATL,Atlanta Falcons,2014,49,68.3,66,57,87,36.7,4.1,weak_separation,Minor: spot-check separation; likely acceptable.
DET,Detroit Lions,2019,68,68,68,57,86,38.2,2.9,weak_separation,Minor: spot-check separation; likely acceptable.
ATL,Atlanta Falcons,2024,67,67.1,66,56,88,41.8,0,same_overall_cluster,Re-generate with role+production separation; verify starters vs depth.
SEA,Seattle Seahawks,2013,24,84.2,84,79,91,20.8,0,missing_boxscore_post1999,Minor: spot-check separation; likely acceptable.
CIN,Cincinnati Bengals,2002,49,68.4,67,56,85,38.8,2,weak_separation,Minor: spot-check separation; likely acceptable.
CIN,Cincinnati Bengals,2012,49,67.2,67,56,88,38.8,2,weak_separation,Minor: spot-check separation; likely acceptable.
ATL,Atlanta Falcons,2017,59,67,65,56,86,39,1.7,weak_separation,Minor: spot-check separation; likely acceptable.
DET,Detroit Lions,2012,50,68.7,68,57,88,36,4,weak_separation,Minor: spot-check separation; likely acceptable.
ATL,Atlanta Falcons,2004,49,66.3,65,56,85,40.8,0,same_overall_cluster,Re-generate with role+production separation; verify starters vs depth.
ATL,Atlanta Falcons,2005,47,67.6,66,56,86,40.4,0,same_overall_cluster,Re-generate with role+production separation; verify starters vs depth.
CHI,Chicago Bears,2012,46,67.3,66,56,89,37,2.2,weak_separation,Minor: spot-check separation; likely acceptable.
ATL,Atlanta Falcons,2019,68,66.9,66,56,85,39.7,0,weak_separation,Minor: spot-check separation; likely acceptable.
ATL,Atlanta Falcons,2006,43,67.4,65,56,86,39.5,0,weak_separation,Minor: spot-check separation; likely acceptable.
DET,Detroit Lions,1999,64,67.9,68,56,86,39.1,0,weak_separation,Minor: spot-check separation; likely acceptable.
ATL,Atlanta Falcons,2021,62,66.9,65.5,57,86,37.1,1.6,weak_separation,Minor: spot-check separation; likely acceptable.
SF,San Francisco 49ers,2023,24,84.4,85,78,91,16.7,0,missing_boxscore_post1999,Minor: spot-check separation; likely acceptable.
ATL,Atlanta Falcons,2009,48,67.1,65.5,56,87,35.4,0,weak_separation,Minor: spot-check separation; likely acceptable.
